view,edition_id,file,tcp,ep_commit,ep_sha256,n_nodes,aligned_exact,aligned_fuzzy,aligned_gapfill,aligned_merged,span_fallback,unaligned_fallback,tokens,reg_available,reg_applied,reg_rejected_garbage,reg_rejected_name_lowercased,tcp_letter_gaps_in_aligned_nodes,tcp_word_gaps_in_aligned_nodes,ep_gaps_in_aligned_blocks,node_cov_pct,char_cov_pct,n_chars_v3_file,n_chars_reg_file,sha256_v3,sha256_reg,hash_mismatch
texts_analysis_en,114,114__A00456.txt,A00456,34b24d1ee3c3d586131b3a9234ee92efda75a16a,3364a444977d889e3c29ed4176ef7368098ea856c0325871dd00044d9e790591,854,775,74,0,0,3,2,7487,1685,1675,1,9,31,0,0,99.41,99.55,39758,39188,cf2b71c9b26ed42aa146dea959c433244662012fdafab09b71aa7fca1fc9d35c,e91da17afa746c7065ff6ce1c4bd73ef63fdbb618475a13f67516e5f22166315,0
texts_no_prologue_epilogue,114,114__A00456.txt,A00456,34b24d1ee3c3d586131b3a9234ee92efda75a16a,3364a444977d889e3c29ed4176ef7368098ea856c0325871dd00044d9e790591,816,750,62,0,0,2,2,7110,1611,1602,1,8,20,0,0,99.51,99.61,37699,37141,70e75fa1ffae5ae6becc5fffbc1d0e6a40e2e8937bc75c9ed588e0ea272f7651,08e485fbffb941aee36cb29974c6922090336d4802bd3d05918704c1d8ac3e9a,0
texts_analysis_en,9,9__A00471.txt,A00471,34b24d1ee3c3d586131b3a9234ee92efda75a16a,76ed1fbcc5fe2a50287c38f0269aad9cbb51f4a18fbff98f86321bb100d39e41,921,873,47,0,0,1,0,6811,2318,2305,0,13,4,1,0,99.89,99.92,34636,33678,ccdef9aa4c79d18a49a07d4874d33e23038b79a9a30c836f1590d40b36fb2282,40ab49bf228d742b216f0dd24ae41e4be2ecbbdc99b59899b49f66ba686b340f,0
texts_no_prologue_epilogue,9,9__A00471.txt,A00471,34b24d1ee3c3d586131b3a9234ee92efda75a16a,76ed1fbcc5fe2a50287c38f0269aad9cbb51f4a18fbff98f86321bb100d39e41,921,873,47,0,0,1,0,6811,2318,2305,0,13,4,1,0,99.89,99.92,34636,33678,ccdef9aa4c79d18a49a07d4874d33e23038b79a9a30c836f1590d40b36fb2282,40ab49bf228d742b216f0dd24ae41e4be2ecbbdc99b59899b49f66ba686b340f,0
texts_analysis_en,798,798__A00723.txt,A00723,34b24d1ee3c3d586131b3a9234ee92efda75a16a,3cceb0ac28a999eea065f0252c73f2cdfcb8066294a60e407e0e7b86f8885e18,1681,1532,140,2,0,7,0,17770,3567,3561,0,6,146,11,0,99.58,99.69,91893,90583,95e88fda498e33c7a71405ab972a202fd8f82d8315e536b1d602cc6c5a03b367,1f5e7a017769ae5fae0fa2d564bb9e56a2f17bbdee5164b0dd9d4bb7fa7d34a4,0
texts_no_prologue_epilogue,798,798__A00723.txt,A00723,34b24d1ee3c3d586131b3a9234ee92efda75a16a,3cceb0ac28a999eea065f0252c73f2cdfcb8066294a60e407e0e7b86f8885e18,1681,1532,140,2,0,7,0,17770,3567,3561,0,6,146,11,0,99.58,99.69,91893,90583,95e88fda498e33c7a71405ab972a202fd8f82d8315e536b1d602cc6c5a03b367,1f5e7a017769ae5fae0fa2d564bb9e56a2f17bbdee5164b0dd9d4bb7fa7d34a4,0
texts_analysis_en,697,697__A00725.txt,A00725,34b24d1ee3c3d586131b3a9234ee92efda75a16a,9e0d716f62f2d8fd2a70af69aee2263a5a8e2a8751e495405c83b3efa7262dbb,1718,1672,45,0,0,0,1,16256,3175,3150,0,25,16,1,0,99.94,99.93,84550,83299,47eb4656440a592e9f513f64081ade72560ddfdcd544cfcc164451e9f6c7d42a,d26a17c0c8d9c37d49ee18d81f1202fd28dd674ba0e820e30a9fc7a5dcec415a,0
texts_no_prologue_epilogue,697,697__A00725.txt,A00725,34b24d1ee3c3d586131b3a9234ee92efda75a16a,9e0d716f62f2d8fd2a70af69aee2263a5a8e2a8751e495405c83b3efa7262dbb,1718,1672,45,0,0,0,1,16256,3175,3150,0,25,16,1,0,99.94,99.93,84550,83299,47eb4656440a592e9f513f64081ade72560ddfdcd544cfcc164451e9f6c7d42a,d26a17c0c8d9c37d49ee18d81f1202fd28dd674ba0e820e30a9fc7a5dcec415a,0
texts_analysis_en,1005,1005__A00760.txt,A00760,34b24d1ee3c3d586131b3a9234ee92efda75a16a,f3185673c6a937e8d301705e7f0735f474d69088a21996b9da223307f9ffeacf,2309,2301,8,0,0,0,0,16663,3811,3774,0,37,0,0,0,100.0,100.0,96160,94083,1ba3f61fded44e08a2b703602825d35ed17e4e3e14b022b7d2400cdf9e9481ef,0dc89123af432e51e28c6e9a931152f92276b7ad7513df2a8074a2123d873456,0
texts_no_prologue_epilogue,1005,1005__A00760.txt,A00760,34b24d1ee3c3d586131b3a9234ee92efda75a16a,f3185673c6a937e8d301705e7f0735f474d69088a21996b9da223307f9ffeacf,2309,2301,8,0,0,0,0,16663,3811,3774,0,37,0,0,0,100.0,100.0,96160,94083,1ba3f61fded44e08a2b703602825d35ed17e4e3e14b022b7d2400cdf9e9481ef,0dc89123af432e51e28c6e9a931152f92276b7ad7513df2a8074a2123d873456,0
texts_analysis_en,1114,1114__A00958.txt,A00958,34b24d1ee3c3d586131b3a9234ee92efda75a16a,4008a59aa74ea084aa7c9bc6abf78475c9940c9f16d51ff39a36cdbfae8179d0,2532,2416,107,0,0,9,0,19323,2278,2275,0,3,179,5,0,99.64,99.63,102326,101345,15b9d632d87df0566c2d0b741a4eb21da88eebd68b30a0e3877e971c631fedb5,3f0d79a7155c5246bb50a2b33f596fed5f9754915a36a9e9d4b6279a74648873,0
texts_no_prologue_epilogue,1114,1114__A00958.txt,A00958,34b24d1ee3c3d586131b3a9234ee92efda75a16a,4008a59aa74ea084aa7c9bc6abf78475c9940c9f16d51ff39a36cdbfae8179d0,2532,2416,107,0,0,9,0,19323,2278,2275,0,3,179,5,0,99.64,99.63,102326,101345,15b9d632d87df0566c2d0b741a4eb21da88eebd68b30a0e3877e971c631fedb5,3f0d79a7155c5246bb50a2b33f596fed5f9754915a36a9e9d4b6279a74648873,0
texts_analysis_en,1115,1115__A00959.txt,A00959,34b24d1ee3c3d586131b3a9234ee92efda75a16a,8f5ca31d72e5f7764da0e6240e5bb0a55b17058d8a889d2f5e163b4edfeafc35,2633,2548,81,0,0,4,0,19416,2437,2433,1,3,121,1,0,99.85,99.83,101987,100916,53226ddc2d622fb0bbf78458726ffd4faf095b2fdf61f4eebdfd4b9b217e5938,0e53c4e06ebef7c1101012d7becb8f6ae538961a15995f8f8742bbf7c2e469fe,0
texts_no_prologue_epilogue,1115,1115__A00959.txt,A00959,34b24d1ee3c3d586131b3a9234ee92efda75a16a,8f5ca31d72e5f7764da0e6240e5bb0a55b17058d8a889d2f5e163b4edfeafc35,2633,2548,81,0,0,4,0,19416,2437,2433,1,3,121,1,0,99.85,99.83,101987,100916,53226ddc2d622fb0bbf78458726ffd4faf095b2fdf61f4eebdfd4b9b217e5938,0e53c4e06ebef7c1101012d7becb8f6ae538961a15995f8f8742bbf7c2e469fe,0
texts_analysis_en,1046,1046__A00960.txt,A00960,34b24d1ee3c3d586131b3a9234ee92efda75a16a,72157a69c1a96f693445bdb184c8ae12d2f0133d39185e0c05f54a1f382e426b,2647,2632,15,0,0,0,0,19633,2600,2597,0,3,6,0,0,100.0,100.0,103037,101355,f9796df793d7e9216bbc96d0bc0df05423e1b6c2722907674bb7f08314718037,db55ea1dbe82e6ece5c112d0a3b05b80f0ae555a3e89303c07a9a59ef3e0a869,0
texts_no_prologue_epilogue,1046,1046__A00960.txt,A00960,34b24d1ee3c3d586131b3a9234ee92efda75a16a,72157a69c1a96f693445bdb184c8ae12d2f0133d39185e0c05f54a1f382e426b,2623,2608,15,0,0,0,0,19440,2581,2578,0,3,6,0,0,100.0,100.0,102011,100344,e2bd4ec0eb81c35259cd2b52430b77a725743fc47e624b29c893d1d79a404012,3c3a4cb4e94481ecba6ba452e25355990ee4ac55f9bf49f0fe1a4efba669b3c0,0
texts_analysis_en,675,675__A00962.txt,A00962,34b24d1ee3c3d586131b3a9234ee92efda75a16a,157cc5dd808e062759d3744dd9ed375ffd543c243aefd1a3d50219e82aad123c,2762,2519,234,0,0,9,0,19948,4743,4740,0,3,253,1,0,99.67,99.62,106675,104495,d4c78594a3de781e641d6d3346ac7d84ac3f901798f036ddf2828b361db135cb,35bff77156fe47e34b2889f2db0a8848b54e3313eb8e2343434a314fde1a8819,0
texts_no_prologue_epilogue,675,675__A00962.txt,A00962,34b24d1ee3c3d586131b3a9234ee92efda75a16a,157cc5dd808e062759d3744dd9ed375ffd543c243aefd1a3d50219e82aad123c,2762,2519,234,0,0,9,0,19948,4743,4740,0,3,253,1,0,99.67,99.62,106675,104495,d4c78594a3de781e641d6d3346ac7d84ac3f901798f036ddf2828b361db135cb,35bff77156fe47e34b2889f2db0a8848b54e3313eb8e2343434a314fde1a8819,0
texts_analysis_en,1127,1127__A00966.txt,A00966,34b24d1ee3c3d586131b3a9234ee92efda75a16a,fad2251165f1024a46cc8f42b8a2f680d8a3ae277951d3db568a662074992e22,2668,2622,45,0,0,1,0,20052,3055,3046,0,9,4,0,0,99.96,99.96,103425,101911,f1a3a7e492b07c3af4548b01b196516d13deb95086276bc5a75a74d6a5a7d086,591fa8a88fb6312420d46502394b9c5fc08eb92ecb2774fea1591812cca70e8c,0
texts_no_prologue_epilogue,1127,1127__A00966.txt,A00966,34b24d1ee3c3d586131b3a9234ee92efda75a16a,fad2251165f1024a46cc8f42b8a2f680d8a3ae277951d3db568a662074992e22,2668,2622,45,0,0,1,0,20052,3055,3046,0,9,4,0,0,99.96,99.96,103425,101911,f1a3a7e492b07c3af4548b01b196516d13deb95086276bc5a75a74d6a5a7d086,591fa8a88fb6312420d46502394b9c5fc08eb92ecb2774fea1591812cca70e8c,0
texts_analysis_en,1152,1152__A00967.txt,A00967,34b24d1ee3c3d586131b3a9234ee92efda75a16a,e341bcf116617aa05489bc9bfa2f5c8a6327484cc50ed0f08c2584f0a186361a,2450,2358,86,0,0,6,0,18911,2339,2331,0,8,134,0,0,99.76,99.75,94917,94214,c4e7be23ce79037ce3ee5b3330893e1d1debaee685afe4dd1c84814b16828e65,12e321a46178c163f22e972643bfe16d228f7876b5e9f95e1d0fe209f388bc53,0
texts_no_prologue_epilogue,1152,1152__A00967.txt,A00967,34b24d1ee3c3d586131b3a9234ee92efda75a16a,e341bcf116617aa05489bc9bfa2f5c8a6327484cc50ed0f08c2584f0a186361a,2416,2325,85,0,0,6,0,18638,2294,2286,0,8,133,0,0,99.75,99.74,93481,92804,6c2d1a7e87ca5ea8e3a8d6ae0fd0c2b8ee111f6cdb7ebfb2b2d138ff3a2d8b75,08172441b8b9f2c14f06f33c35f772b95a7ee8ceee0c98b7ec30bbaacfefc685,0
texts_analysis_en,826,826__A00968.txt,A00968,34b24d1ee3c3d586131b3a9234ee92efda75a16a,2f0a479bad684bc788f2680aa636ec4f4855d9b8e50ee048c8c54afdfb6ec771,2474,2425,44,0,0,5,0,19279,3555,3553,0,2,2,1,0,99.8,99.82,101815,100428,30a7c9a130c237c5c171f1b0caf65fd7fd337647263c16b1a6549738f22ffd0d,9c2459045ce51e2fa2bb535f2ab9f7706e32ba827c78e2692a69206612763ce2,0
texts_no_prologue_epilogue,826,826__A00968.txt,A00968,34b24d1ee3c3d586131b3a9234ee92efda75a16a,2f0a479bad684bc788f2680aa636ec4f4855d9b8e50ee048c8c54afdfb6ec771,2474,2425,44,0,0,5,0,19279,3555,3553,0,2,2,1,0,99.8,99.82,101815,100428,30a7c9a130c237c5c171f1b0caf65fd7fd337647263c16b1a6549738f22ffd0d,9c2459045ce51e2fa2bb535f2ab9f7706e32ba827c78e2692a69206612763ce2,0
texts_analysis_en,1018,1018__A00969.txt,A00969,34b24d1ee3c3d586131b3a9234ee92efda75a16a,15bf6c13a7740fc6fdc2eb6318a1c9a89fb3980162ef9d5348d97af7a191fd1d,3187,2822,336,13,0,13,3,23725,3349,3343,0,6,210,86,0,99.5,99.51,122878,122282,64fb33dae77a6f8605074750570e143131e7c05ce2ce2d4c07f7f4905dd31578,d0cb4d24021c33bc61c3c69e50b44c1dcaf4fa00cadec17aeba7ab0d1126d35c,0
texts_no_prologue_epilogue,1018,1018__A00969.txt,A00969,34b24d1ee3c3d586131b3a9234ee92efda75a16a,15bf6c13a7740fc6fdc2eb6318a1c9a89fb3980162ef9d5348d97af7a191fd1d,3137,2780,328,13,0,13,3,23284,3291,3285,0,6,204,82,0,99.49,99.51,120723,120115,13229b9c519b4a83858c305ac83a4772f57cf955f0dfb9ba40421aeb86e670ef,557887916819e8842736e6fed86cdc8b83f8ca6083f05f57e7648165ed706f5d,0
texts_analysis_en,957,957__A00979.txt,A00979,34b24d1ee3c3d586131b3a9234ee92efda75a16a,9909cfdf129044b334a69b62ef14610b6105b046d57bdf9e5642c3819e37fb1f,2299,1989,303,0,0,7,0,20926,4371,4356,0,15,423,3,0,99.7,99.72,111572,110154,409f513ee115c5e892cb8458f98f054f787d2bca30e1245e55db0c36e3df234d,eab972b2d046de2ecd20ab1fa13c9e79984076b7fa2241d1e94ce3ed184808d3,0
texts_no_prologue_epilogue,957,957__A00979.txt,A00979,34b24d1ee3c3d586131b3a9234ee92efda75a16a,9909cfdf129044b334a69b62ef14610b6105b046d57bdf9e5642c3819e37fb1f,2269,1965,298,0,0,6,0,20679,4330,4315,0,15,416,3,0,99.74,99.75,110210,108802,dcd587b4fbbb5c61b673f806e2eb2a2c69a3ac8768013ede98ad9e6387b36233,4ac69167a6250d98412f846981b74a5e8cc56ac0f65a5ee0669f8348b4905d8a,0
texts_analysis_en,1003,1003__A01046.txt,A01046,f233f14a1d0ab594ecfede61f51aa937f1e9e846,712b4cf3483775c98ca1a78cfea3044f630c9cab4a4cca0a8f59a7f6cf8b00a5,2896,2584,271,19,0,13,9,18880,3278,3271,0,7,385,35,0,99.24,99.49,105221,104367,b2a248e07dca4823e146fe08ed0758cf30617578501ff8b0c16b6d77c4e302d4,23376ed6261c022de9e278f96c66d885049c1402edf955c0ce491b046df36824,0
texts_no_prologue_epilogue,1003,1003__A01046.txt,A01046,f233f14a1d0ab594ecfede61f51aa937f1e9e846,712b4cf3483775c98ca1a78cfea3044f630c9cab4a4cca0a8f59a7f6cf8b00a5,2878,2570,267,19,0,13,9,18740,3249,3242,0,7,380,35,0,99.24,99.49,104419,103571,25949743754717e6b80c99d3bdc262ac2aad5f6db5aa2a2b5f446b534fb25cd3,95d991015765d92e82544a3cf38f47f30f0c3c0e63efd0f38e18021a7d984bb2,0
texts_analysis_en,1067,1067__A01049.txt,A01049,f233f14a1d0ab594ecfede61f51aa937f1e9e846,a9551fd1d86316e79cd573ce9c0e834ed0eb12ef87e14e55169a7260d3fa7f48,2399,2363,33,0,0,2,1,18218,2508,2499,0,9,0,4,0,99.87,99.92,100234,98977,d8cca2543e64e4e779346867f597b44e7ef6b9ef5c3c5eb6457f0bb053dab699,2f1319a1beaf8a8fa7041cbdfebb886e5eb3f0b112af1a532a3ed87dde5ecb16,0
texts_no_prologue_epilogue,1067,1067__A01049.txt,A01049,f233f14a1d0ab594ecfede61f51aa937f1e9e846,a9551fd1d86316e79cd573ce9c0e834ed0eb12ef87e14e55169a7260d3fa7f48,2391,2355,33,0,0,2,1,18157,2499,2490,0,9,0,4,0,99.87,99.92,99876,98625,8716002f8a1b82abb6147fafbcf4a042b23304ee94ae255812730fafa999ec10,9ec14e0dd87be72580394b3b1839f5487b94776bc21a66b86e43fc5bdd9af560,0
texts_analysis_en,1101,1101__A01052.txt,A01052,f233f14a1d0ab594ecfede61f51aa937f1e9e846,fb9fa1686cff3787aae0aa18666d1568effd70bd581f2184eed45fde780d8ae2,2505,2406,95,0,0,4,0,17074,2623,2622,0,1,47,8,0,99.84,99.87,94733,93691,3cbfd20ca941383e7dc703adc57f8277ab1bcfc6a8454c1f3a17403ebeaff650,194e717f5ab7775c9324d3e999aa9674effd86bfd46dbbda42077f8d4fc64ea0,0
texts_no_prologue_epilogue,1101,1101__A01052.txt,A01052,f233f14a1d0ab594ecfede61f51aa937f1e9e846,fb9fa1686cff3787aae0aa18666d1568effd70bd581f2184eed45fde780d8ae2,2475,2376,95,0,0,4,0,16843,2598,2597,0,1,47,8,0,99.84,99.87,93553,92519,24bec61eb4e57d93632055a20bda736d7ac1a1dd238ccf82e8b120ed518eaab2,62e12ca78e38c05ef0572ce6799ebd53629bd119e2dae13937bbfdb54731d86b,0
texts_analysis_en,914,914__A01055.txt,A01055,f233f14a1d0ab594ecfede61f51aa937f1e9e846,04527f9603cb90907d04675c7ef67271bb2239a69868d4aadd902adf18f0e571,2333,2307,26,0,0,0,0,18383,3402,3402,0,0,11,0,0,100.0,100.0,100126,98843,86af5a050de0dacc8c40481cdfcdbc7b663257e0476b46a7d1d5a46d7e83d9de,7f4958e1dbdfec04cd5894bcc500b3b05bace0a882991a20e9ccae5e805d60d6,0
texts_no_prologue_epilogue,914,914__A01055.txt,A01055,f233f14a1d0ab594ecfede61f51aa937f1e9e846,04527f9603cb90907d04675c7ef67271bb2239a69868d4aadd902adf18f0e571,2307,2282,25,0,0,0,0,18171,3359,3359,0,0,11,0,0,100.0,100.0,98996,97724,a35432f0dc5f61654f7e13ac038d0a455ffca224cf85d9744a04a9255ba235a5,f7f659d820b3c9a3e62dfb29671f3dfab90c0be2960aa9a97f18517932b51cdc,0
texts_analysis_en,1001,1001__A01056.txt,A01056,f233f14a1d0ab594ecfede61f51aa937f1e9e846,cb4651c7775bfd1de88d1e1d2393fee9621a417767768fce7d8dfd68784a07b2,2317,2171,138,0,0,7,1,20581,3538,3530,0,8,107,15,0,99.65,99.7,109383,107997,cbeec307ccbf4c80a600637de4c6258e3602f0dabc65a5bcd0e0b1edce7c273a,5c844b3ab0e018b568c02ec78ea6f4e254d87f4ee898a9f33eac4bfac906b509,0
texts_no_prologue_epilogue,1001,1001__A01056.txt,A01056,f233f14a1d0ab594ecfede61f51aa937f1e9e846,cb4651c7775bfd1de88d1e1d2393fee9621a417767768fce7d8dfd68784a07b2,2317,2171,138,0,0,7,1,20581,3538,3530,0,8,107,15,0,99.65,99.7,109383,107997,cbeec307ccbf4c80a600637de4c6258e3602f0dabc65a5bcd0e0b1edce7c273a,5c844b3ab0e018b568c02ec78ea6f4e254d87f4ee898a9f33eac4bfac906b509,0
texts_analysis_en,165,165__A01227.1.txt,A01227,f233f14a1d0ab594ecfede61f51aa937f1e9e846,5958a66bcd74417a001c39dc56f95fec5b1bd7004fc8e94799890aaaf4588033,1469,1466,3,0,0,0,0,15328,3705,3697,0,8,0,0,0,100.0,100.0,84723,83534,5d772a3eeef71b1daa3abd4f1c61a60e8b20e780698595f91fa6d147f0e1c2d9,9e53b976dbb8e7c66a5aff528e8ebb6a3315dc9846838dcb00150e7e92ce4a3b,0
texts_no_prologue_epilogue,165,165__A01227.1.txt,A01227,f233f14a1d0ab594ecfede61f51aa937f1e9e846,5958a66bcd74417a001c39dc56f95fec5b1bd7004fc8e94799890aaaf4588033,1376,1373,3,0,0,0,0,14353,3435,3429,0,6,0,0,0,100.0,100.0,79369,78286,abfc5d49a1e3db422c242ce6d9af857b93eeaa6a7917d58d3203270e0eae67b9,1da90d0feb36e17181de496b6be7d5d011d51272147b9f6d9e058b82f10f6f83,0
texts_analysis_en,1106,1106__A01253.txt,A01253,f233f14a1d0ab594ecfede61f51aa937f1e9e846,c619b9766200e93e262e037c126bc78df9b0cd2dd5ab73024d8440e15356b3cf,1959,1932,24,0,0,3,0,14291,1978,1963,0,15,14,5,0,99.85,99.83,78679,77746,0edf57c4fbfc28453e330b5bc984621e8a690fa8f0f237f57a58913e59cd7bd9,781bc2ba69a5bbbea52e472a69dbe8968672cedba4ffbe1bcff1e673a5ba45e1,0
texts_no_prologue_epilogue,1106,1106__A01253.txt,A01253,f233f14a1d0ab594ecfede61f51aa937f1e9e846,c619b9766200e93e262e037c126bc78df9b0cd2dd5ab73024d8440e15356b3cf,1959,1932,24,0,0,3,0,14291,1978,1963,0,15,14,5,0,99.85,99.83,78679,77746,0edf57c4fbfc28453e330b5bc984621e8a690fa8f0f237f57a58913e59cd7bd9,781bc2ba69a5bbbea52e472a69dbe8968672cedba4ffbe1bcff1e673a5ba45e1,0
texts_analysis_en,89,89__A01353.txt,A01353,f233f14a1d0ab594ecfede61f51aa937f1e9e846,3f3c00b636960db742f4d1bc80f9137755d0ecc48475f2baccb61a00f0098162,1277,1191,77,7,0,2,0,11513,2245,2210,0,35,43,8,0,99.84,99.83,58090,57437,8c87cb9dab12e4528de7c4a9a388379e5fb63811fb15cc4a10dbfeade86a5153,5e8c83555dc989f15b9dcd1a97c8671082624e25575a5574d890384e1d20a7ab,0
texts_no_prologue_epilogue,89,89__A01353.txt,A01353,f233f14a1d0ab594ecfede61f51aa937f1e9e846,3f3c00b636960db742f4d1bc80f9137755d0ecc48475f2baccb61a00f0098162,1241,1156,76,7,0,2,0,11180,2178,2144,0,34,43,8,0,99.84,99.83,56325,55675,f9311ecc12682ecdbf420302de7d0bf4fa4e05bc8d10ba429b1df6076bdeb303,5bee1a09255a20da5b09b11c7eae8a3c1f9d3769902a1f76bf38f04c2c9a8aaa,0
texts_analysis_en,923,923__A01424.txt,A01424,f233f14a1d0ab594ecfede61f51aa937f1e9e846,be1f662ada56d27383427bd0ffc26123436222fee73e3904cc87d78fe8507f76,228,225,3,0,0,0,0,4863,843,841,0,2,1,0,0,100.0,100.0,25408,25002,de6ec74ef9cddc43db623b2364d3b0d136f1cb0bfcdccb079ae090564b2bd269,5b4bac578778c36c5987feec945ad3e2bb7a25f63446cab1d5ec28624d714f02,0
texts_no_prologue_epilogue,923,923__A01424.txt,A01424,f233f14a1d0ab594ecfede61f51aa937f1e9e846,be1f662ada56d27383427bd0ffc26123436222fee73e3904cc87d78fe8507f76,228,225,3,0,0,0,0,4863,843,841,0,2,1,0,0,100.0,100.0,25408,25002,de6ec74ef9cddc43db623b2364d3b0d136f1cb0bfcdccb079ae090564b2bd269,5b4bac578778c36c5987feec945ad3e2bb7a25f63446cab1d5ec28624d714f02,0
texts_analysis_en,924,924__A01425.txt,A01425,f233f14a1d0ab594ecfede61f51aa937f1e9e846,d1f21054d64b751ac7c5ace331b82af92527aca879559b78c9b74956e8c2031b,290,283,6,0,0,0,1,6098,1072,1071,0,1,0,0,0,99.66,98.59,32625,32165,595d5f9f2304da629d795aaf55dae9882ee9a75756a69d91e401fcb23cb525f9,9ce583868d59e1d0b4379032215031c68f4590639ab2f76c137c8a7c8a6185ad,0
texts_no_prologue_epilogue,924,924__A01425.txt,A01425,f233f14a1d0ab594ecfede61f51aa937f1e9e846,d1f21054d64b751ac7c5ace331b82af92527aca879559b78c9b74956e8c2031b,290,283,6,0,0,0,1,6098,1072,1071,0,1,0,0,0,99.66,98.59,32625,32165,595d5f9f2304da629d795aaf55dae9882ee9a75756a69d91e401fcb23cb525f9,9ce583868d59e1d0b4379032215031c68f4590639ab2f76c137c8a7c8a6185ad,0
texts_analysis_en,210,210__A01500.txt,A01500,f233f14a1d0ab594ecfede61f51aa937f1e9e846,cedf292da415b0c405dc9fbedae0259457df427e29889b5f3654fd8e10bf67eb,2058,2042,14,0,0,2,0,14985,3791,3775,0,16,4,1,0,99.9,99.91,86351,84990,a545b36f439e8f7828fac5340f41522cf93c6a27fa52d5d8514d66f5c6609e27,f704f18b475f7581491c01bbe1d487bc6a3d04b3b10a296497d703176175e8b7,0
texts_no_prologue_epilogue,210,210__A01500.txt,A01500,f233f14a1d0ab594ecfede61f51aa937f1e9e846,cedf292da415b0c405dc9fbedae0259457df427e29889b5f3654fd8e10bf67eb,2058,2042,14,0,0,2,0,14985,3791,3775,0,16,4,1,0,99.9,99.91,86351,84990,a545b36f439e8f7828fac5340f41522cf93c6a27fa52d5d8514d66f5c6609e27,f704f18b475f7581491c01bbe1d487bc6a3d04b3b10a296497d703176175e8b7,0
texts_analysis_en,187,187__A01502.txt,A01502,f233f14a1d0ab594ecfede61f51aa937f1e9e846,cb4a3e57d4e99f7b432510c20eb6f2b1a34d0a9a5cfc2fdc944cb4be021e024e,2031,2000,30,0,0,1,0,14344,3522,3499,0,23,6,0,0,99.95,99.95,80480,79027,f69faa7e4a167ba786ad85f26d0117262a203ce5653b1c3746529784268e1c28,da19ec9be717a8521921a6c4789e68ef5031f4c24427f1d498fba9f88657d231,0
texts_no_prologue_epilogue,187,187__A01502.txt,A01502,f233f14a1d0ab594ecfede61f51aa937f1e9e846,cb4a3e57d4e99f7b432510c20eb6f2b1a34d0a9a5cfc2fdc944cb4be021e024e,2031,2000,30,0,0,1,0,14344,3522,3499,0,23,6,0,0,99.95,99.95,80480,79027,f69faa7e4a167ba786ad85f26d0117262a203ce5653b1c3746529784268e1c28,da19ec9be717a8521921a6c4789e68ef5031f4c24427f1d498fba9f88657d231,0
texts_analysis_en,126,126__A01506.txt,A01506,f233f14a1d0ab594ecfede61f51aa937f1e9e846,5323acf16dcf21c7aa09ed4d2c3f4e481c82412d6ce23969279638dbfb8e0ff8,379,373,6,0,0,0,0,7417,1959,1947,0,12,3,0,0,100.0,100.0,42061,41013,fc62ae9bf6e9d66b80bbff271a976214c436de0dda8fcf7ec651c5b0cf5fced9,3dc8bb0d8e727bd1e5cbebf7a77928489f760183a53f324a4a0ff087de2ce9b8,0
texts_no_prologue_epilogue,126,126__A01506.txt,A01506,f233f14a1d0ab594ecfede61f51aa937f1e9e846,5323acf16dcf21c7aa09ed4d2c3f4e481c82412d6ce23969279638dbfb8e0ff8,379,373,6,0,0,0,0,7417,1959,1947,0,12,3,0,0,100.0,100.0,42061,41013,fc62ae9bf6e9d66b80bbff271a976214c436de0dda8fcf7ec651c5b0cf5fced9,3dc8bb0d8e727bd1e5cbebf7a77928489f760183a53f324a4a0ff087de2ce9b8,0
texts_analysis_en,129,129__A01509.txt,A01509,f233f14a1d0ab594ecfede61f51aa937f1e9e846,6486cc7386579e5b28f0e4f8bbb2f7f9a19fa4d187b639ddd4c3ea127ccec47c,1468,1396,70,0,0,2,0,14569,3341,3330,0,11,78,11,0,99.86,99.88,74565,72796,8e7db4af49bde143486404e2a778cd1569d19d8e0974288f020dc6622dd900b0,6ba48954d4b8050127208276eefac4877997516562431208b66dd0da3e7529b1,0
texts_no_prologue_epilogue,129,129__A01509.txt,A01509,f233f14a1d0ab594ecfede61f51aa937f1e9e846,6486cc7386579e5b28f0e4f8bbb2f7f9a19fa4d187b639ddd4c3ea127ccec47c,1444,1372,70,0,0,2,0,14298,3283,3272,0,11,78,11,0,99.86,99.88,73121,71382,75bd65595c9a5d50ce8b2b623d8f667ff74c3f892038b3e3ba93df065b168de1,b3ba201a45f57e0789b47a61201b0e7c0b4d0efecd61adca174d4106720bcc6d,0
texts_analysis_en,103,103__A01513.1.txt,A01513,f233f14a1d0ab594ecfede61f51aa937f1e9e846,e154f24a42ebde8a1a0bf1f99f1f210c7ef11d68d179ef3bb2e1527b8c06a51b,711,613,98,0,0,0,0,17941,3934,3924,0,10,56,1,0,100.0,100.0,93056,90980,80e437a809b8986b8e0034edd097ea09877cf88693d2e52043cee3f9d0f56e9a,f963c165af580f7d4de7d782580cc34ebd48f26cded94094e2fc0ff0627dec05,0
texts_no_prologue_epilogue,103,103__A01513.1.txt,A01513,f233f14a1d0ab594ecfede61f51aa937f1e9e846,e154f24a42ebde8a1a0bf1f99f1f210c7ef11d68d179ef3bb2e1527b8c06a51b,710,612,98,0,0,0,0,17717,3882,3872,0,10,56,1,0,100.0,100.0,91741,89713,b97ef2408fb07dd289593490c5984741f03eed907e09339f11265c39a09ce674,0e3d4dd66d94c6516f6928a0b40fa8a067a71b59d7e2c1dec7cd187b2189ef24,0
texts_analysis_en,106,106__A01513.2.txt,A01513,f233f14a1d0ab594ecfede61f51aa937f1e9e846,e154f24a42ebde8a1a0bf1f99f1f210c7ef11d68d179ef3bb2e1527b8c06a51b,2795,2626,165,1,0,3,0,21828,6231,6195,0,36,130,16,0,99.89,99.89,120624,117221,f70e8e0eb7765e96bbcb7838fbbcb766864f2e068964e4a354dbc0eafa1a1dc6,ce3d4d1534febbbc665e5de462f8674167ff5cf537f6a7253bd80a6079bce576,0
texts_no_prologue_epilogue,106,106__A01513.2.txt,A01513,f233f14a1d0ab594ecfede61f51aa937f1e9e846,e154f24a42ebde8a1a0bf1f99f1f210c7ef11d68d179ef3bb2e1527b8c06a51b,2755,2586,165,1,0,3,0,21514,6119,6083,0,36,130,16,0,99.89,99.89,118797,115460,5d650999425bb23a23d61e595f0bff2c188257fe5d1974610a031372a3118ff8,af69f2c7171cfcda56a5f9b9b92aafada00bf0f3b41ae26cf13210e2552cd74e,0
texts_analysis_en,104,104__A01514.2.txt,A01514,f233f14a1d0ab594ecfede61f51aa937f1e9e846,baa0dceaf4817f07960b6228db53b21e6124d1ce57fea73fa5d2c64127ac517e,709,641,68,0,0,0,0,17969,3871,3866,0,5,5,1,2,100.0,100.0,92952,91018,531c671de77103bfae23cd0330f950ccf4b13dd7adb4776e325e69cb165199bf,7a160e651be77c2b65948a49d528dd8b3850684192e296b3773765a409fa0a6f,0
texts_no_prologue_epilogue,104,104__A01514.2.txt,A01514,f233f14a1d0ab594ecfede61f51aa937f1e9e846,baa0dceaf4817f07960b6228db53b21e6124d1ce57fea73fa5d2c64127ac517e,708,640,68,0,0,0,0,17744,3819,3814,0,5,5,1,2,100.0,100.0,91636,89749,817beea2b5f3564af1e5b854315a2f65e005a4f0d2c73ee49dc54ba91c104cc0,b92f0166e9f6f363a031653499b6e3a5c1ad01c0c3cffd97f611be58d1c8c85a,0
texts_analysis_en,107,107__A01514.3.txt,A01514,f233f14a1d0ab594ecfede61f51aa937f1e9e846,baa0dceaf4817f07960b6228db53b21e6124d1ce57fea73fa5d2c64127ac517e,4158,4097,61,0,0,0,0,33895,9371,9321,0,50,8,0,0,100.0,100.0,185118,179874,bb63c9ca98bf61193a9a493870540fca453a51b2d3faf22c8b3c047c05780d3c,5874cf8a4c06da5a2efceb811bf252a6f389e8602ca935a751e52f149569dab6,0
texts_no_prologue_epilogue,107,107__A01514.3.txt,A01514,f233f14a1d0ab594ecfede61f51aa937f1e9e846,baa0dceaf4817f07960b6228db53b21e6124d1ce57fea73fa5d2c64127ac517e,4118,4057,61,0,0,0,0,33581,9261,9211,0,50,8,0,0,100.0,100.0,183289,178110,24e6901e3985116c72cfcb76343822af10ecaa01c804f1fbb60fd1d4277378b9,acfb733a7f369604c485d7e10f71cfce991d712dce4630c24ce4e061938ee4ce,0
texts_analysis_en,110,110__A01514.1.txt,A01514,f233f14a1d0ab594ecfede61f51aa937f1e9e846,baa0dceaf4817f07960b6228db53b21e6124d1ce57fea73fa5d2c64127ac517e,376,366,10,0,0,0,0,3977,1003,999,0,4,2,0,0,100.0,100.0,21445,20954,709bb0ead2ed6ec3bced13a1e72fee7dffbe3169f3a96a1d0ec48e3134f8af4b,2f5c72fd7f50e113d6b741d00f272fc0e4ebaaea510ba5395b4dcd88d43d69b3,0
texts_no_prologue_epilogue,110,110__A01514.1.txt,A01514,f233f14a1d0ab594ecfede61f51aa937f1e9e846,baa0dceaf4817f07960b6228db53b21e6124d1ce57fea73fa5d2c64127ac517e,376,366,10,0,0,0,0,3977,1003,999,0,4,2,0,0,100.0,100.0,21445,20954,709bb0ead2ed6ec3bced13a1e72fee7dffbe3169f3a96a1d0ec48e3134f8af4b,2f5c72fd7f50e113d6b741d00f272fc0e4ebaaea510ba5395b4dcd88d43d69b3,0
texts_analysis_en,1148,1148__A01773.txt,A01773,f233f14a1d0ab594ecfede61f51aa937f1e9e846,f73cace13615e150dccfc84c6392767f42ed9e5b51ebbc15a2ab33341aaa941c,1690,1529,156,3,0,2,0,20024,2725,2715,0,10,127,33,0,99.88,99.68,108343,107456,de8e3d87b15e3c1b6dd91b807138ecf20ea91a5ed9dcf57470be1fe4db71ec62,c277c224ac3a0a109f6fd4d5ab9dc4fb8b2c8a827d6099d1243ff450327c9238,0
texts_no_prologue_epilogue,1148,1148__A01773.txt,A01773,f233f14a1d0ab594ecfede61f51aa937f1e9e846,f73cace13615e150dccfc84c6392767f42ed9e5b51ebbc15a2ab33341aaa941c,1690,1529,156,3,0,2,0,20024,2725,2715,0,10,127,33,0,99.88,99.68,108343,107456,de8e3d87b15e3c1b6dd91b807138ecf20ea91a5ed9dcf57470be1fe4db71ec62,c277c224ac3a0a109f6fd4d5ab9dc4fb8b2c8a827d6099d1243ff450327c9238,0
texts_analysis_en,1144,1144__A01775.txt,A01775,f233f14a1d0ab594ecfede61f51aa937f1e9e846,d54cce12e25c4c6a6ec3938efee34e9d6fcca5c5c02badb44225161be4eb31d1,2164,2152,12,0,0,0,0,15630,2179,2177,0,2,0,1,0,100.0,100.0,86211,85044,18991dea1f43f967daa0526152a76ea72c4aef7d45c915e85478c21875864fd2,b8d27e26d50043e53ccdd31cc08a8c3693eff479bd1fd0d93545b9e44f544696,0
texts_no_prologue_epilogue,1144,1144__A01775.txt,A01775,f233f14a1d0ab594ecfede61f51aa937f1e9e846,d54cce12e25c4c6a6ec3938efee34e9d6fcca5c5c02badb44225161be4eb31d1,2125,2114,11,0,0,0,0,15305,2130,2128,0,2,0,1,0,100.0,100.0,84494,83350,26aa3fc5a8931719cea41e4324edaf7897dceeefc2c8207948dd58e545fb5231,a6ebe6d459d55a71d8a3dd36c6a0bfadc66eeab5374aab0f44468655dc4cc643,0
texts_analysis_en,1113,1113__A01777.txt,A01777,f233f14a1d0ab594ecfede61f51aa937f1e9e846,6ea8e234c5adfc72e2bd6f9b98d2297fbc23662dca21aef99d67efe8ebaa0ac0,1500,1497,2,1,0,0,0,10862,1469,1466,0,3,0,0,0,100.0,100.0,60212,59357,f9e7d307bec3ff923e09e7ad7ad9c02a7c994266c6fa7eb93ed4f8c709dd5b25,c713323079a51eeffd2d7c2cefba31a22a95a1e6291994d4d2cd9147207e5724,0
texts_no_prologue_epilogue,1113,1113__A01777.txt,A01777,f233f14a1d0ab594ecfede61f51aa937f1e9e846,6ea8e234c5adfc72e2bd6f9b98d2297fbc23662dca21aef99d67efe8ebaa0ac0,1500,1497,2,1,0,0,0,10862,1469,1466,0,3,0,0,0,100.0,100.0,60212,59357,f9e7d307bec3ff923e09e7ad7ad9c02a7c994266c6fa7eb93ed4f8c709dd5b25,c713323079a51eeffd2d7c2cefba31a22a95a1e6291994d4d2cd9147207e5724,0
texts_analysis_en,1145,1145__A01779.txt,A01779,f233f14a1d0ab594ecfede61f51aa937f1e9e846,7a42f9e4e02ed2a67465fe188ae802ccc01bcc32ef78dd8b6823b54075ba1fed,2178,2068,100,6,0,3,1,16091,2283,2272,0,11,88,14,0,99.82,99.83,84960,84331,de348c3bae7d17d75709c29bab715bb669f511b21fdb735db032e8af06967c92,3b13b1ec9ede0375fc4113ded638b9688c3399137020bbbf268b2ac2e17a9418,0
texts_no_prologue_epilogue,1145,1145__A01779.txt,A01779,f233f14a1d0ab594ecfede61f51aa937f1e9e846,7a42f9e4e02ed2a67465fe188ae802ccc01bcc32ef78dd8b6823b54075ba1fed,2136,2030,96,6,0,3,1,15733,2237,2226,0,11,84,14,0,99.81,99.83,83150,82537,9f9f25367e6a84f9157d0b4ffdf8c7301e72f010a47835ee157b0fe8cbcdfcea,2c4041131a7948744474db7880aa75347227b1cbd9815bb2a64edb5bfc854720,0
texts_analysis_en,975,975__A01836.txt,A01836,f233f14a1d0ab594ecfede61f51aa937f1e9e846,96f4886cee765edbb44356104085cfc13462b96fa86258b8fd1627e03ba3b0cb,1896,1429,432,16,0,18,1,14527,2059,2051,0,8,497,60,0,99.0,99.1,80973,80865,4a6d9624b6c0bb33dbabdb84e5e15c7709c14274bd2aa7922e7d70b2a3fc5613,f26102397e81302e9543f4c83262ca7dbf04542ee0804cbb5b0c1e220e25ffcc,0
texts_no_prologue_epilogue,975,975__A01836.txt,A01836,f233f14a1d0ab594ecfede61f51aa937f1e9e846,96f4886cee765edbb44356104085cfc13462b96fa86258b8fd1627e03ba3b0cb,1848,1409,404,16,0,18,1,14155,2015,2007,0,8,459,57,0,98.97,99.08,78963,78833,08d265c97569b0a28c2accdae59764991584ae020f595859f01fa6e15ca00d9c,299642c29c0b657f57444f020484e557b2800cf0324123305ec31bf6a336537f,0
texts_analysis_en,961,961__A01839.txt,A01839,f233f14a1d0ab594ecfede61f51aa937f1e9e846,23a7a7ad79f6a7b41ad2a0c983afdb1b5e9ac745ae1ef6b3a5bed374995361c4,3555,3253,295,0,0,5,2,25909,5215,5189,1,25,326,22,2,99.8,99.84,142770,140512,9ced9bceef2ffdcec40238ebd0b4319b04f08030f9f01e4136fbda47cd8ccaa3,3cca83947a8dd6b841229c70f675b27a201214ae3013d4632a1c131ebc8e0427,0
texts_no_prologue_epilogue,961,961__A01839.txt,A01839,f233f14a1d0ab594ecfede61f51aa937f1e9e846,23a7a7ad79f6a7b41ad2a0c983afdb1b5e9ac745ae1ef6b3a5bed374995361c4,3555,3253,295,0,0,5,2,25909,5215,5189,1,25,326,22,2,99.8,99.84,142770,140512,9ced9bceef2ffdcec40238ebd0b4319b04f08030f9f01e4136fbda47cd8ccaa3,3cca83947a8dd6b841229c70f675b27a201214ae3013d4632a1c131ebc8e0427,0
texts_analysis_en,1008,1008__A01840.txt,A01840,f233f14a1d0ab594ecfede61f51aa937f1e9e846,e2674302c4b523772403fb9780c17d87660301b7f7a68686c246538d74229d78,2363,2334,25,2,0,2,0,18897,3620,3606,0,14,10,1,0,99.92,99.9,101207,99663,d794d088d19a89437bc373d420d75f73d21b944df781c2efd4cec21d04e42052,c92fffb33bfa4e5ddefa49e5d36b755b7052038dadf94aeabe9dce4e5bf51b43,0
texts_no_prologue_epilogue,1008,1008__A01840.txt,A01840,f233f14a1d0ab594ecfede61f51aa937f1e9e846,e2674302c4b523772403fb9780c17d87660301b7f7a68686c246538d74229d78,2339,2311,24,2,0,2,0,18709,3583,3569,0,14,9,1,0,99.91,99.9,100156,98634,1d1974035afe6a289aa7e4f1928dd8391a82e365ceeb76351833126ab1402c6c,2c3c5aa6ed0c7e77bb1300fc80f2e92646142edb95c5fb0dd6f5ec87bf5fe396,0
texts_analysis_en,130,130__A01848.txt,A01848,f233f14a1d0ab594ecfede61f51aa937f1e9e846,32e038bb65584945b2e69453034fcfc3c13cd6a964206d90ec6b08e9e351b2e3,37,27,9,0,0,1,0,4388,1024,1023,0,1,77,12,0,97.3,84.27,29770,29041,6f2260d09aaad23082034afc93888c394d029320c9e67482650c3f8142e44352,a1d7ebbac7921558255623740c6078ebdb47c89d7886a8e071fa5c1adf770b7f,0
texts_no_prologue_epilogue,130,130__A01848.txt,A01848,f233f14a1d0ab594ecfede61f51aa937f1e9e846,32e038bb65584945b2e69453034fcfc3c13cd6a964206d90ec6b08e9e351b2e3,37,27,9,0,0,1,0,4388,1024,1023,0,1,77,12,0,97.3,84.27,29770,29041,6f2260d09aaad23082034afc93888c394d029320c9e67482650c3f8142e44352,a1d7ebbac7921558255623740c6078ebdb47c89d7886a8e071fa5c1adf770b7f,0
texts_analysis_en,912,912__A01851.1.txt,A01851,f233f14a1d0ab594ecfede61f51aa937f1e9e846,f05eecbac6148a4cda1c75a7e5b96d842b7f6bf031df0b50f3570aa85f728fca,2191,2163,28,0,0,0,0,16369,2257,2244,0,13,2,0,0,100.0,100.0,87320,86034,8b866604cb42ff15202b481f9327641f32541a5bfd1e602370235c3915ef5986,65bc60c35e74ff984cb11121da4f7d6f892c5c5ecd141184391fe2fca1d69a66,0
texts_no_prologue_epilogue,912,912__A01851.1.txt,A01851,f233f14a1d0ab594ecfede61f51aa937f1e9e846,f05eecbac6148a4cda1c75a7e5b96d842b7f6bf031df0b50f3570aa85f728fca,2163,2135,28,0,0,0,0,16153,2228,2215,0,13,2,0,0,100.0,100.0,86135,84864,941b514f7dbcea60ba0811b11fa4a7c52b4466f639c690ed068d9d9f297db45e,464c7ec992c1ad2406da59cf7fc6e68a752ed54cdc0276cf4372c8715d1585ec,0
texts_analysis_en,911,911__A01853.txt,A01853,f233f14a1d0ab594ecfede61f51aa937f1e9e846,4e4cb209b0720d4985036aa4f5cb6781ee906b98de000fdb364ed078dde709d5,2125,2008,99,3,0,13,2,15814,2904,2892,0,12,87,2,0,99.29,99.36,84959,83892,b6d8993bbb73a789f3ed57b29e145acc73ad8e3009ba6a90204612db8bdcf436,75cf6225400b33d954ea99a2cb390a0674f391312a91d20bb49bc71be8ca5709,0
texts_no_prologue_epilogue,911,911__A01853.txt,A01853,f233f14a1d0ab594ecfede61f51aa937f1e9e846,4e4cb209b0720d4985036aa4f5cb6781ee906b98de000fdb364ed078dde709d5,2097,1983,97,3,0,12,2,15607,2864,2852,0,12,85,2,0,99.33,99.39,83779,82723,a3559700c45c09afd399e9249b8988d86a77101a2633c47ab57cc8efa88f15f6,0871a7be3758b77479bf626aedc3ca82b3ebbc8ef1648ccb7fa561de5ef15c40,0
texts_analysis_en,538,538__A01911.txt,A01911,f233f14a1d0ab594ecfede61f51aa937f1e9e846,62ca3b7ca520f2ff1d1c28d70abdd2d6b29bf2dbd1b5febb23e4bcd3ffdc2f20,1487,1159,314,2,0,10,2,20509,4520,4482,2,36,340,37,0,99.19,99.52,107625,106248,0b79b624283a6248ea06b0a2b41a02016797a863b4190a9958753b9de46e3499,30f7b25a26e9d9e8b89be64e8a9a926a1b3f62497fd29cccc80e8b2fb3c75675,0
texts_no_prologue_epilogue,538,538__A01911.txt,A01911,f233f14a1d0ab594ecfede61f51aa937f1e9e846,62ca3b7ca520f2ff1d1c28d70abdd2d6b29bf2dbd1b5febb23e4bcd3ffdc2f20,1487,1159,314,2,0,10,2,20509,4520,4482,2,36,340,37,0,99.19,99.52,107625,106248,0b79b624283a6248ea06b0a2b41a02016797a863b4190a9958753b9de46e3499,30f7b25a26e9d9e8b89be64e8a9a926a1b3f62497fd29cccc80e8b2fb3c75675,0
texts_analysis_en,1137,1137__A01989.txt,A01989,f233f14a1d0ab594ecfede61f51aa937f1e9e846,f9edc7e54c42333a9bdd23af8b50049dd5e4f02f2c40df8d17b1ad9a6acca84d,2739,2636,99,0,0,4,0,22131,2742,2733,0,9,96,0,0,99.85,99.86,118687,117076,a9be342c0fde0f13828d00bc04b128f66b71f36719699d1d20c7ff929f9e294f,bcfa6c95c130ae6560b32eea64808f85a9cdf4fdce4ae41ff0462918e82b06b8,0
texts_no_prologue_epilogue,1137,1137__A01989.txt,A01989,f233f14a1d0ab594ecfede61f51aa937f1e9e846,f9edc7e54c42333a9bdd23af8b50049dd5e4f02f2c40df8d17b1ad9a6acca84d,2718,2620,94,0,0,4,0,21973,2722,2713,0,9,90,0,0,99.85,99.85,117807,116197,af85db70ebf7540c145c373b3d54f08fbd91858ce7addb5379a5dd317c142afd,fc11f3b6ec5fe74d7b13a40c60c08b4c56f9caf95811e59e77cc5e353a18ab2d,0
texts_analysis_en,359,359__A02070.txt,A02070,2a93392ab414850bc301c55dacfc2428eb1fd6c8,f7bd772a5f1faf8561e1e734309384afea64342e082246381c4c65d2c876c1a4,1043,1034,8,0,0,1,0,7985,1543,1500,0,43,1,1,0,99.9,99.91,41619,40916,bd9dfb701d37b3233c95474b6acdece2d92417b2f7fe717296c1e912acaf0d6f,320dd125e5c89d4f56a61bc91e77b6e280d4af5e2c6aa426c16382b833e165af,0
texts_no_prologue_epilogue,359,359__A02070.txt,A02070,2a93392ab414850bc301c55dacfc2428eb1fd6c8,f7bd772a5f1faf8561e1e734309384afea64342e082246381c4c65d2c876c1a4,1043,1034,8,0,0,1,0,7985,1543,1500,0,43,1,1,0,99.9,99.91,41619,40916,bd9dfb701d37b3233c95474b6acdece2d92417b2f7fe717296c1e912acaf0d6f,320dd125e5c89d4f56a61bc91e77b6e280d4af5e2c6aa426c16382b833e165af,0
texts_analysis_en,357,357__A02091.txt,A02091,2a93392ab414850bc301c55dacfc2428eb1fd6c8,becec24a7a7734c73396fc0beec81e27d65a84ce00e4257dea36c1d9f07e00ac,1419,1320,94,1,0,4,0,10921,2022,2001,0,21,100,6,0,99.72,99.72,59481,58745,dfc9dccf6c63cfa29d5272b21ba44c2e865a2a7a17cc0f7c1ce81d03aa32db72,f4d32f047ff57d1ac8993df80db829b88b758f281395e1125e55952d5e69dde4,0
texts_no_prologue_epilogue,357,357__A02091.txt,A02091,2a93392ab414850bc301c55dacfc2428eb1fd6c8,becec24a7a7734c73396fc0beec81e27d65a84ce00e4257dea36c1d9f07e00ac,1419,1320,94,1,0,4,0,10921,2022,2001,0,21,100,6,0,99.72,99.72,59481,58745,dfc9dccf6c63cfa29d5272b21ba44c2e865a2a7a17cc0f7c1ce81d03aa32db72,f4d32f047ff57d1ac8993df80db829b88b758f281395e1125e55952d5e69dde4,0
texts_analysis_en,236,236__A02125.txt,A02125,2a93392ab414850bc301c55dacfc2428eb1fd6c8,81bca7353f96837529f9ac5432f443bd2dd64ceada55c9ecfee91b1022fb4ad7,1352,1329,16,5,0,1,1,10782,2196,2181,0,15,1,6,0,99.85,99.9,58949,58392,e879a0059dc743f6a3a988e505473cd76d9b7150c1f635ce230b11654cbb068b,363fbf7032a323ece49a71b907413781e7c24e64f6742e9a109f689ca37584dd,0
texts_no_prologue_epilogue,236,236__A02125.txt,A02125,2a93392ab414850bc301c55dacfc2428eb1fd6c8,81bca7353f96837529f9ac5432f443bd2dd64ceada55c9ecfee91b1022fb4ad7,1352,1329,16,5,0,1,1,10782,2196,2181,0,15,1,6,0,99.85,99.9,58949,58392,e879a0059dc743f6a3a988e505473cd76d9b7150c1f635ce230b11654cbb068b,363fbf7032a323ece49a71b907413781e7c24e64f6742e9a109f689ca37584dd,0
texts_analysis_en,232,232__A02127.txt,A02127,2a93392ab414850bc301c55dacfc2428eb1fd6c8,352de23c809d536f3d6a889713016fb926e09090ce358c32b48009889774efd4,1790,1560,227,0,0,3,0,15892,3411,3388,3,20,306,6,0,99.83,99.84,85657,84739,67c0ccd14ae6816e4fb584e7a525b0a4c436b1d14aa08b0d1fa494b1041b275f,f6eea437e645eea35a80c638634a52584eda29f6cee30ff45c43d8f81e031f5a,0
texts_no_prologue_epilogue,232,232__A02127.txt,A02127,2a93392ab414850bc301c55dacfc2428eb1fd6c8,352de23c809d536f3d6a889713016fb926e09090ce358c32b48009889774efd4,1790,1560,227,0,0,3,0,15892,3411,3388,3,20,306,6,0,99.83,99.84,85657,84739,67c0ccd14ae6816e4fb584e7a525b0a4c436b1d14aa08b0d1fa494b1041b275f,f6eea437e645eea35a80c638634a52584eda29f6cee30ff45c43d8f81e031f5a,0
texts_analysis_en,233,233__A02128.txt,A02128,2a93392ab414850bc301c55dacfc2428eb1fd6c8,a26ea6a43aff601bb5f5fadca662472e236c0f05e169950aec94304b4d45c35d,1848,1789,59,0,0,0,0,16392,3315,3246,0,69,9,1,0,100.0,100.0,88968,87892,944487146c2d21937226053ecf30545872d3dc2c1d7d7a2f2f33a214f8de3848,40cd2a225740717dd8f576872750995e4cbffe6513b84845ba7c583727cff8a4,0
texts_no_prologue_epilogue,233,233__A02128.txt,A02128,2a93392ab414850bc301c55dacfc2428eb1fd6c8,a26ea6a43aff601bb5f5fadca662472e236c0f05e169950aec94304b4d45c35d,1848,1789,59,0,0,0,0,16392,3315,3246,0,69,9,1,0,100.0,100.0,88968,87892,944487146c2d21937226053ecf30545872d3dc2c1d7d7a2f2f33a214f8de3848,40cd2a225740717dd8f576872750995e4cbffe6513b84845ba7c583727cff8a4,0
texts_analysis_en,314,314__A02168.txt,A02168,2a93392ab414850bc301c55dacfc2428eb1fd6c8,1001b0356a0840d27931ce675df1bf8ad3c47155a92cab960b0b55ca1f33347f,2211,2129,81,0,0,1,0,19943,3981,3956,0,25,34,3,0,99.95,99.95,105726,103883,53ef2c16b24f4a751c8ccee1fabc59cb244b7b33554672357e8466d7e1aa282f,b4914b3586725910c6ac138f3db00cedea94f3ae25b3c26fe11e3953a60ddde4,0
texts_no_prologue_epilogue,314,314__A02168.txt,A02168,2a93392ab414850bc301c55dacfc2428eb1fd6c8,1001b0356a0840d27931ce675df1bf8ad3c47155a92cab960b0b55ca1f33347f,2211,2129,81,0,0,1,0,19943,3981,3956,0,25,34,3,0,99.95,99.95,105726,103883,53ef2c16b24f4a751c8ccee1fabc59cb244b7b33554672357e8466d7e1aa282f,b4914b3586725910c6ac138f3db00cedea94f3ae25b3c26fe11e3953a60ddde4,0
texts_analysis_en,1015,1015__A02226.1.txt,A02226,2a93392ab414850bc301c55dacfc2428eb1fd6c8,64da4488e3fcdf79229ca53c6c966634d18b7699a3557e7d433c7bd7d2ee442c,2710,2710,0,0,0,0,0,21498,0,0,0,0,3,0,0,100.0,100.0,120399,120354,9ffd9a4f0222a44691ee8dae52119aeec1958b6a6c3bfa3f43d03064a39083c8,35f744b49443ae95fba9c3c62bb40a60708b0076fdb49dd9b714dd0e94624bf3,0
texts_no_prologue_epilogue,1015,1015__A02226.1.txt,A02226,2a93392ab414850bc301c55dacfc2428eb1fd6c8,64da4488e3fcdf79229ca53c6c966634d18b7699a3557e7d433c7bd7d2ee442c,2555,2555,0,0,0,0,0,20379,0,0,0,0,3,0,0,100.0,100.0,113675,113630,7a4855c39a49f820ad3c89c2d6fa092c052cea4b366ef2f0d577d4198ea1d11b,9330298884c7ce4da790914b04916fde4731c2defbf16466838b4dfeef3240dd,0
texts_analysis_en,656,656__A02226.2.txt,A02226,2a93392ab414850bc301c55dacfc2428eb1fd6c8,64da4488e3fcdf79229ca53c6c966634d18b7699a3557e7d433c7bd7d2ee442c,2652,2652,0,0,0,0,0,20654,0,0,0,0,14,0,0,100.0,100.0,119464,119396,0b9c36cfe7f4e050c71dd61f5e58ddb95ed38546c8761dc9f3ed6bba59458a68,dc8ab5fea9694cb1fa5a3b9f49f134a20d8997733f00385289d51caa84dd6623,0
texts_no_prologue_epilogue,656,656__A02226.2.txt,A02226,2a93392ab414850bc301c55dacfc2428eb1fd6c8,64da4488e3fcdf79229ca53c6c966634d18b7699a3557e7d433c7bd7d2ee442c,2652,2652,0,0,0,0,0,20654,0,0,0,0,14,0,0,100.0,100.0,119464,119396,0b9c36cfe7f4e050c71dd61f5e58ddb95ed38546c8761dc9f3ed6bba59458a68,dc8ab5fea9694cb1fa5a3b9f49f134a20d8997733f00385289d51caa84dd6623,0
texts_analysis_en,416,416__A02284.txt,A02284,2a93392ab414850bc301c55dacfc2428eb1fd6c8,f43be08f64d9ef52a3c097e35c219ff9f01ae315b6715696d40f23c6f2aa0549,4604,4469,129,0,0,6,0,35875,7411,7394,0,17,157,48,0,99.87,99.87,191310,188280,f23dbce348851b0597f0a64f2bad94de037d47aa8c889c8c6c2aacc4418bccd8,601610b7f55f190eafc608adf71782b875b401a1fac74ef103a02063e8c985d2,0
texts_no_prologue_epilogue,416,416__A02284.txt,A02284,2a93392ab414850bc301c55dacfc2428eb1fd6c8,f43be08f64d9ef52a3c097e35c219ff9f01ae315b6715696d40f23c6f2aa0549,4604,4469,129,0,0,6,0,35875,7411,7394,0,17,157,48,0,99.87,99.87,191310,188280,f23dbce348851b0597f0a64f2bad94de037d47aa8c889c8c6c2aacc4418bccd8,601610b7f55f190eafc608adf71782b875b401a1fac74ef103a02063e8c985d2,0
texts_analysis_en,1153,1153__A02629.txt,A02629,2a93392ab414850bc301c55dacfc2428eb1fd6c8,11a7ad1ce4889a5e82a965b204350c13832bf65ad86d7a70e277b288edee0f2a,2458,2410,45,0,0,2,1,19504,3045,3038,0,7,0,0,0,99.88,99.87,105062,103071,c116ca180dad0610bee0b3cb18dd6a659d983cf1a05d4eb51aa1e518757456e1,e7d4555fdaf0772b88bd9f354261dce62b3936e395c65f7764ab43288dd4a51c,0
texts_no_prologue_epilogue,1153,1153__A02629.txt,A02629,2a93392ab414850bc301c55dacfc2428eb1fd6c8,11a7ad1ce4889a5e82a965b204350c13832bf65ad86d7a70e277b288edee0f2a,2444,2397,44,0,0,2,1,19394,3024,3017,0,7,0,0,0,99.88,99.87,104453,102478,90002a296e28cd6a62d969087a039fc3624254173593879851f5b121c121f597,3d17a054989a88ce8fa8c704ecf2e220e9cea584a70d2f6aa7f9901ab0ed6de2,0
texts_analysis_en,39,39__A02658.txt,A02658,2a93392ab414850bc301c55dacfc2428eb1fd6c8,74bf278345e29fef03f15e139955c249274e24eda895d993f425b7738bfe83a7,433,420,13,0,0,0,0,4026,1433,1427,0,6,6,0,0,100.0,100.0,21561,21093,ad7885e4f6840c92ba102f0243790251c36dba1dda24a31c799f5b0d007bd613,b44ad1b191cf3e183eeb5f42ca74dd0e5358e4baae2e1810484c0f092b7dc77c,0
texts_no_prologue_epilogue,39,39__A02658.txt,A02658,2a93392ab414850bc301c55dacfc2428eb1fd6c8,74bf278345e29fef03f15e139955c249274e24eda895d993f425b7738bfe83a7,398,385,13,0,0,0,0,3716,1318,1312,0,6,6,0,0,100.0,100.0,19882,19447,6a85becd8872c478a41367d864620a29ccd05e6937bbdcc6e0afbab48c982712,0e7b4214b33bf07b84bdd9b8f829668206ba6b211c6abee578a9bae679d62c91,0
texts_analysis_en,489,489__A02732.txt,A02732,2a93392ab414850bc301c55dacfc2428eb1fd6c8,c81c1b83f5f1a7dc3f219a9882f7234411859d4418a3cf92a7ece7cda3641953,299,249,47,0,0,3,0,3327,666,662,0,4,62,5,0,99.0,99.31,18700,18464,c77c86b92c17aa1d7a39283aec526d0cd385a4d8806f43c86f68438cf3eca1fd,7d7d066213b8a1ea117fa4bda789df865decadcc49366f3e6662efb568c64e04,0
texts_no_prologue_epilogue,489,489__A02732.txt,A02732,2a93392ab414850bc301c55dacfc2428eb1fd6c8,c81c1b83f5f1a7dc3f219a9882f7234411859d4418a3cf92a7ece7cda3641953,299,249,47,0,0,3,0,3327,666,662,0,4,62,5,0,99.0,99.31,18700,18464,c77c86b92c17aa1d7a39283aec526d0cd385a4d8806f43c86f68438cf3eca1fd,7d7d066213b8a1ea117fa4bda789df865decadcc49366f3e6662efb568c64e04,0
texts_analysis_en,40,40__A02738.txt,A02738,2a93392ab414850bc301c55dacfc2428eb1fd6c8,fccdb447f1f87e64ec0320f8f8b0f611db919a32bc04480e714576dd82ac0517,1918,1702,214,0,0,2,0,15003,5262,5206,0,56,21,2,5,99.9,99.91,82161,80225,55c942e33dc1eda15fba1c16a5183c96de1c68173f51e3356edd521a8b007d70,37f4b095345c04baba482c8948fcd65a8cc78bad5624fd52e36e525d66ff5828,0
texts_no_prologue_epilogue,40,40__A02738.txt,A02738,2a93392ab414850bc301c55dacfc2428eb1fd6c8,fccdb447f1f87e64ec0320f8f8b0f611db919a32bc04480e714576dd82ac0517,1883,1667,214,0,0,2,0,14720,5159,5103,0,56,21,2,5,99.89,99.91,80517,78615,579a04141152c9353f04e447a065effa4b0856ce5de073020605556db8b521a5,770eb665a52e32801f018be19eb064baa003faf0cc8654969f458602122e510d,0
texts_analysis_en,41,41__A02749.txt,A02749,2a93392ab414850bc301c55dacfc2428eb1fd6c8,05e78bab45222bda556c1a746f9b13e98685fd67d49443508b92c117cc2e134f,1948,1684,258,0,0,6,0,14689,5081,5023,0,58,273,1,3,99.69,99.73,80177,78148,fa0531f9a39558e11909a623e9fddcb811c219dc70fd923558a51c6b33ae9a66,ad1e69cabd25494918fc2960cc71ce9856d099967a5ba57c7de9f7f1b490c956,0
texts_no_prologue_epilogue,41,41__A02749.txt,A02749,2a93392ab414850bc301c55dacfc2428eb1fd6c8,05e78bab45222bda556c1a746f9b13e98685fd67d49443508b92c117cc2e134f,1948,1684,258,0,0,6,0,14689,5081,5023,0,58,273,1,3,99.69,99.73,80177,78148,fa0531f9a39558e11909a623e9fddcb811c219dc70fd923558a51c6b33ae9a66,ad1e69cabd25494918fc2960cc71ce9856d099967a5ba57c7de9f7f1b490c956,0
texts_analysis_en,762,762__A02800.txt,A02800,2a93392ab414850bc301c55dacfc2428eb1fd6c8,1bf3964527323b7b332b582cff3aecf2b2dbc5507df7588395eba5149e5571ff,2098,2044,54,0,0,0,0,21790,4592,4554,1,37,5,0,0,100.0,100.0,113878,111697,212452ed49963f5a431bac54526c824ca36b5b409c3079d1523c88c4988edd55,2396b31a09a27135df0a86364a8e1c9c6c6993271cf745913685ee1c30a43e2c,0
texts_no_prologue_epilogue,762,762__A02800.txt,A02800,2a93392ab414850bc301c55dacfc2428eb1fd6c8,1bf3964527323b7b332b582cff3aecf2b2dbc5507df7588395eba5149e5571ff,2098,2044,54,0,0,0,0,21790,4592,4554,1,37,5,0,0,100.0,100.0,113878,111697,212452ed49963f5a431bac54526c824ca36b5b409c3079d1523c88c4988edd55,2396b31a09a27135df0a86364a8e1c9c6c6993271cf745913685ee1c30a43e2c,0
texts_analysis_en,907,907__A02827.txt,A02827,2a93392ab414850bc301c55dacfc2428eb1fd6c8,708c6d9aee19488c51dd1e9af624d118c5278170e688463ba167d75fcc8f4a8b,1229,726,475,12,0,12,4,22795,4142,4137,0,5,834,151,3,98.7,98.94,122246,121871,bb94b7bb8d53902177ea748a4f87b3ea0dd267cac33f2139e7872d93c18258ad,286631e07dd12640815ddf268f1a755265572c4ad8ce1e036c38c0520fc658c4,0
texts_no_prologue_epilogue,907,907__A02827.txt,A02827,2a93392ab414850bc301c55dacfc2428eb1fd6c8,708c6d9aee19488c51dd1e9af624d118c5278170e688463ba167d75fcc8f4a8b,1149,693,435,10,0,10,1,21760,3955,3950,0,5,785,135,3,99.04,99.02,116828,116425,d7b647dfe8948bb6853892f7c1e3385973ec5605a695a8f63a42470d52e9a2ee,0c5eaac7371d5fcec551fcef5d1bcc1ac79510ec45ab674d9a124e434d2402ca,0
texts_analysis_en,37,37__A02906.txt,A02906,2a93392ab414850bc301c55dacfc2428eb1fd6c8,5341de63d19d7ab730576e7a22136b6e3d6e7181f28445c20920875f02d6fff0,959,910,48,0,0,1,0,8481,3260,3215,0,45,15,4,0,99.9,99.9,48140,46992,825fe3b486b5c62032c8fd8126804da0af7c940b427915d366297b8518aa3491,3f53f8e2094ba7f6b52313f19cbc74a6e754852eb2033a4db44a58adc5f2ad69,0
texts_no_prologue_epilogue,37,37__A02906.txt,A02906,2a93392ab414850bc301c55dacfc2428eb1fd6c8,5341de63d19d7ab730576e7a22136b6e3d6e7181f28445c20920875f02d6fff0,889,843,45,0,0,1,0,7872,3047,3004,0,43,11,4,0,99.89,99.9,44735,43607,5fa80435e7f27c7e58f23ab09f643381360bc0beca7b2d05b0a296844a2372ca,edbfd0d457c58e7b70369a138fe54f0843bf89f3247657951db09eab0a348495,0
texts_analysis_en,680,680__A03019.txt,A03019,6417bdc07bd2c7241740579ffa1f45f177fef6e3,24e886e6658e3720c10c94b358860d723632202356493a6700ee2a3abae406c0,6,4,2,0,0,0,0,434,124,123,0,1,0,0,0,100.0,100.0,2594,2512,05dede1a6450c00c285142aafc363d0125edf98a79ab79a00979fe65e859e208,9c8881ae090f257e8161449a12d7968c2be9fb660c60b644b8135bb378c1cc83,0
texts_no_prologue_epilogue,680,680__A03019.txt,A03019,6417bdc07bd2c7241740579ffa1f45f177fef6e3,24e886e6658e3720c10c94b358860d723632202356493a6700ee2a3abae406c0,6,4,2,0,0,0,0,434,124,123,0,1,0,0,0,100.0,100.0,2594,2512,05dede1a6450c00c285142aafc363d0125edf98a79ab79a00979fe65e859e208,9c8881ae090f257e8161449a12d7968c2be9fb660c60b644b8135bb378c1cc83,0
texts_analysis_en,682,682__A03022.1.txt,A03022,6417bdc07bd2c7241740579ffa1f45f177fef6e3,137beba0f4d1fe480cb6bffca02d02263b44254fcc6597ab1f755599d147a123,160,159,1,0,0,0,0,1071,216,214,0,2,4,0,0,100.0,100.0,6066,5968,53d8df03b09657b7722a2f80f9fc871f38bbafad74acea97aace316a70e5e99f,85921bf20e86492c781cedb927627b72ab744fdb05462e12f0d00efa012fb2ce,0
texts_no_prologue_epilogue,682,682__A03022.1.txt,A03022,6417bdc07bd2c7241740579ffa1f45f177fef6e3,137beba0f4d1fe480cb6bffca02d02263b44254fcc6597ab1f755599d147a123,160,159,1,0,0,0,0,1071,216,214,0,2,4,0,0,100.0,100.0,6066,5968,53d8df03b09657b7722a2f80f9fc871f38bbafad74acea97aace316a70e5e99f,85921bf20e86492c781cedb927627b72ab744fdb05462e12f0d00efa012fb2ce,0
texts_analysis_en,19,19__A03175.txt,A03175,6417bdc07bd2c7241740579ffa1f45f177fef6e3,e1a9dbf46bb96efe2ac8fd33b6ddcb67e820f370f75c5d29aea498207d1972f8,645,599,43,0,0,2,1,5226,1656,1652,0,4,30,4,0,99.53,99.74,27254,26378,8b6d11c82458017f221d2fc0ce3df568939693ea49a9fdf40b66b1c926455a35,9c12ac28b68cdea14307cc19a38991feb945450a2a98b28892317f54b1dfda25,0
texts_no_prologue_epilogue,19,19__A03175.txt,A03175,6417bdc07bd2c7241740579ffa1f45f177fef6e3,e1a9dbf46bb96efe2ac8fd33b6ddcb67e820f370f75c5d29aea498207d1972f8,645,599,43,0,0,2,1,5226,1656,1652,0,4,30,4,0,99.53,99.74,27254,26378,8b6d11c82458017f221d2fc0ce3df568939693ea49a9fdf40b66b1c926455a35,9c12ac28b68cdea14307cc19a38991feb945450a2a98b28892317f54b1dfda25,0
texts_analysis_en,33,33__A03177.txt,A03177,6417bdc07bd2c7241740579ffa1f45f177fef6e3,9d2db28f2ba0cb425f1a9a963b7e97049f661b6e22ad4c286d4b9e4476a0cbc2,1236,1172,57,0,0,7,0,8954,3073,3054,0,19,61,9,0,99.43,99.41,44716,43934,3b8805991aff9df49ff9aad085b83c4c0e64e11a75972849ff0f586137611581,f50fcf2b2f6a2ef406e1cf41cf19f5a57d78a5f0601ba48049d56aa78d24ec47,0
texts_no_prologue_epilogue,33,33__A03177.txt,A03177,6417bdc07bd2c7241740579ffa1f45f177fef6e3,9d2db28f2ba0cb425f1a9a963b7e97049f661b6e22ad4c286d4b9e4476a0cbc2,1236,1172,57,0,0,7,0,8954,3073,3054,0,19,61,9,0,99.43,99.41,44716,43934,3b8805991aff9df49ff9aad085b83c4c0e64e11a75972849ff0f586137611581,f50fcf2b2f6a2ef406e1cf41cf19f5a57d78a5f0601ba48049d56aa78d24ec47,0
texts_analysis_en,25,25__A03179.txt,A03179,6417bdc07bd2c7241740579ffa1f45f177fef6e3,3b87613ccdaf56768fdaefb27f8e69006a4e1b72520fa28039d0b7cb3b6a806e,1595,1521,65,1,0,7,1,12939,4174,4172,0,2,75,0,0,99.5,99.61,65097,64590,ee1702b0ce21363a0633465525f060b213f2422f8dfe777b1db1fbf0e953e556,05bb2dd4d073f16cd7fd96bd941d19e8150b6e802070758c425f4618a3fb9f01,0
texts_no_prologue_epilogue,25,25__A03179.txt,A03179,6417bdc07bd2c7241740579ffa1f45f177fef6e3,3b87613ccdaf56768fdaefb27f8e69006a4e1b72520fa28039d0b7cb3b6a806e,1595,1521,65,1,0,7,1,12939,4174,4172,0,2,75,0,0,99.5,99.61,65097,64590,ee1702b0ce21363a0633465525f060b213f2422f8dfe777b1db1fbf0e953e556,05bb2dd4d073f16cd7fd96bd941d19e8150b6e802070758c425f4618a3fb9f01,0
texts_analysis_en,22,22__A03181.txt,A03181,6417bdc07bd2c7241740579ffa1f45f177fef6e3,371fbd00b9ebe04a69c6684bd76904ab3c110204a5b902d08b98c756d6675921,1242,1215,26,0,0,1,0,10515,3700,3682,0,18,2,0,0,99.92,99.92,53454,51873,0b678cfb4caeb136d07ba6063333bfd97395aca304531489c5a6c86e6f2d3c57,6c6f6301486f713c673bf7addc1aae387287b8a8ff096b15e5aa47ef746ede13,0
texts_no_prologue_epilogue,22,22__A03181.txt,A03181,6417bdc07bd2c7241740579ffa1f45f177fef6e3,371fbd00b9ebe04a69c6684bd76904ab3c110204a5b902d08b98c756d6675921,1242,1215,26,0,0,1,0,10515,3700,3682,0,18,2,0,0,99.92,99.92,53454,51873,0b678cfb4caeb136d07ba6063333bfd97395aca304531489c5a6c86e6f2d3c57,6c6f6301486f713c673bf7addc1aae387287b8a8ff096b15e5aa47ef746ede13,0
texts_analysis_en,719,719__A03189.txt,A03189,6417bdc07bd2c7241740579ffa1f45f177fef6e3,cb0468a007357ac9f2d611f5679740bc4074e66aa5f19f1dc85f00b6011c794b,2677,2523,148,2,0,3,1,20211,4022,3932,0,90,112,6,0,99.85,99.87,112215,110753,f59fc3f593de29e02c31458180e7339f912d51176dda4ea0465f396230702c45,c3719eefe7ea1eb827e4f53096d4c0e0eb1531c489daa2ef5cb7083f24faa169,0
texts_no_prologue_epilogue,719,719__A03189.txt,A03189,6417bdc07bd2c7241740579ffa1f45f177fef6e3,cb0468a007357ac9f2d611f5679740bc4074e66aa5f19f1dc85f00b6011c794b,2677,2523,148,2,0,3,1,20211,4022,3932,0,90,112,6,0,99.85,99.87,112215,110753,f59fc3f593de29e02c31458180e7339f912d51176dda4ea0465f396230702c45,c3719eefe7ea1eb827e4f53096d4c0e0eb1531c489daa2ef5cb7083f24faa169,0
texts_analysis_en,1040,1040__A03190.txt,A03190,6417bdc07bd2c7241740579ffa1f45f177fef6e3,71402ca87ffb34b9a38b8e464f6a642654c0be202b376239e9fe3ce5ec2a01e4,2084,1882,186,6,0,10,0,17899,2694,2686,0,8,155,16,0,99.52,99.56,95900,94612,68f534c94b18045bade0edc46e836c8e82e50269f901c4e85b0a8e4832b19230,372a0efeab206c4b7c1cb44ab91bc8842cb986ac18c76afc1843924c8b7159b0,0
texts_no_prologue_epilogue,1040,1040__A03190.txt,A03190,6417bdc07bd2c7241740579ffa1f45f177fef6e3,71402ca87ffb34b9a38b8e464f6a642654c0be202b376239e9fe3ce5ec2a01e4,2050,1851,183,6,0,10,0,17628,2654,2646,0,8,154,15,0,99.51,99.55,94363,93098,ca5b43761dd89a62f4b245b24fc3afd634eb136a4541e9bc1aa657d6d3ca923d,6de2a77748999c10cf5cff7b3d7bbf2dc2b0adf6bdfcddc838cd115cb1832ac9,0
texts_analysis_en,1007,1007__A03195.txt,A03195,6417bdc07bd2c7241740579ffa1f45f177fef6e3,3c1eefb40270b7f142ff6ffa7948def3e61e44044d5c748f8f7e22b2a45ee91e,2736,2609,108,9,0,6,4,21022,3904,3890,0,14,55,26,0,99.63,99.74,113007,111318,dd2b40a2508a52bf9e50de56817196ff9130f4d2617103ab10466c2dea8f21a8,f37314a2cfddf083f29f8389c6cfec865d24306eee8e764ec2f34f7d4453d7ed,0
texts_no_prologue_epilogue,1007,1007__A03195.txt,A03195,6417bdc07bd2c7241740579ffa1f45f177fef6e3,3c1eefb40270b7f142ff6ffa7948def3e61e44044d5c748f8f7e22b2a45ee91e,2720,2593,108,9,0,6,4,20878,3881,3867,0,14,55,26,0,99.63,99.74,112268,110596,3adedfb14e2115cbf70ebdf8e162dd75c33d7014fa679148755e384b78471ac6,69d195d6bb64db3462e46e80c6b03bca8f228d20b9d0df1519c714bb4ab6951b,0
texts_analysis_en,570,570__A03197.txt,A03197,6417bdc07bd2c7241740579ffa1f45f177fef6e3,a64e2d5afdcc800ce056e57ccb6435c39735d4e6c982b78384db7cfa267be261,2357,2339,16,0,0,1,1,20749,4085,4070,0,15,0,0,0,99.92,99.17,109622,107908,8263f8d8c788b0dec5821ba31f4e928f5ae31e64d1525dd088b078035215bd88,88a2073bd3df4b391969dcbc69775eb0f276ae998285e23afbdc403bf3b410d8,0
texts_no_prologue_epilogue,570,570__A03197.txt,A03197,6417bdc07bd2c7241740579ffa1f45f177fef6e3,a64e2d5afdcc800ce056e57ccb6435c39735d4e6c982b78384db7cfa267be261,2343,2325,16,0,0,1,1,20643,4056,4041,0,15,0,0,0,99.91,99.16,108985,107293,c68392794d6ab8c26a50333132dbd896696834bff3b4f35441db93035eee3bed,a1d2faa5e5be156fe146c130376fa2f7e06067dcccc8d52d4e9f7fd123c918b3,0
texts_analysis_en,751,751__A03202.txt,A03202,6417bdc07bd2c7241740579ffa1f45f177fef6e3,754ed2df6762d0fc2107b8d26625ecaaa88413fb4e99f7ec53a7c3a8ddbb3039,2653,2415,229,1,0,8,0,21642,4284,4265,0,19,221,9,0,99.7,99.74,117193,115330,c49a6849799422579bb0da6e7637e5b8eed1a42616d8aa3fdafdb898e578bd20,53d5090ba32ceac29e1898a3401239700239e76bc4d3f1f5ccb02e0c8beae317,0
texts_no_prologue_epilogue,751,751__A03202.txt,A03202,6417bdc07bd2c7241740579ffa1f45f177fef6e3,754ed2df6762d0fc2107b8d26625ecaaa88413fb4e99f7ec53a7c3a8ddbb3039,2635,2399,227,1,0,8,0,21073,4191,4173,0,18,219,9,0,99.7,99.73,114177,112362,e9edbe50701b76a61a3a9be4c5bbbfc5b7e02da12c331e59b045f65492938c9d,46a6f4715aded2798374e07c3f2637db6a8da04d2fe04cf213a4b4d3ec5a7523,0
texts_analysis_en,687,687__A03205.txt,A03205,6417bdc07bd2c7241740579ffa1f45f177fef6e3,692e5c6302082a9b4723f4f1d50767cc4897f6f2c779ba65fa16add6c0447083,2209,2180,28,0,0,1,0,18005,3832,3741,0,91,3,1,0,99.95,99.99,97991,96419,8887816982b69889787dd8c448859999f4ea40aa2334fc5215ea2b9ea75abf18,9cbc57128d9ea5ace472bf992283596ec7da0d6c5ecab81c904968ec5749d166,0
texts_no_prologue_epilogue,687,687__A03205.txt,A03205,6417bdc07bd2c7241740579ffa1f45f177fef6e3,692e5c6302082a9b4723f4f1d50767cc4897f6f2c779ba65fa16add6c0447083,2209,2180,28,0,0,1,0,18005,3832,3741,0,91,3,1,0,99.95,99.99,97991,96419,8887816982b69889787dd8c448859999f4ea40aa2334fc5215ea2b9ea75abf18,9cbc57128d9ea5ace472bf992283596ec7da0d6c5ecab81c904968ec5749d166,0
texts_analysis_en,503,503__A03208.txt,A03208,6417bdc07bd2c7241740579ffa1f45f177fef6e3,7415af361577c1356a79e46036fc6794a657ff2eee2f1ea771508fe85f9daead,1435,1424,10,0,0,1,0,11382,2439,2434,0,5,0,3,0,99.93,99.93,60373,59594,68cea4ca572ef5d338b816591090836b4ff0ddf9ca9b9630e0e7bb617f9a9eeb,eaff645d800844a58b8ea55e0c5efbca1f3b7cedd8819d6d7b9245d661e15072,0
texts_no_prologue_epilogue,503,503__A03208.txt,A03208,6417bdc07bd2c7241740579ffa1f45f177fef6e3,7415af361577c1356a79e46036fc6794a657ff2eee2f1ea771508fe85f9daead,1435,1424,10,0,0,1,0,11382,2439,2434,0,5,0,3,0,99.93,99.93,60373,59594,68cea4ca572ef5d338b816591090836b4ff0ddf9ca9b9630e0e7bb617f9a9eeb,eaff645d800844a58b8ea55e0c5efbca1f3b7cedd8819d6d7b9245d661e15072,0
texts_analysis_en,527,527__A03217.txt,A03217,6417bdc07bd2c7241740579ffa1f45f177fef6e3,67cbdb2efb35c9de17c073d20b40375f82e3e4751293367ecea440243453bdb5,2240,2190,47,1,0,2,0,21909,4367,4259,1,107,3,1,0,99.91,99.91,114655,112761,2a483321ffc252813caf4c60508a511367797a37e62dd2758db692b54bdc1184,3a9102c79afb3ead4b79e51d0652cde0241595af2c53c0fdbee431b20f8bde8a,0
texts_no_prologue_epilogue,527,527__A03217.txt,A03217,6417bdc07bd2c7241740579ffa1f45f177fef6e3,67cbdb2efb35c9de17c073d20b40375f82e3e4751293367ecea440243453bdb5,2240,2190,47,1,0,2,0,21909,4367,4259,1,107,3,1,0,99.91,99.91,114655,112761,2a483321ffc252813caf4c60508a511367797a37e62dd2758db692b54bdc1184,3a9102c79afb3ead4b79e51d0652cde0241595af2c53c0fdbee431b20f8bde8a,0
texts_analysis_en,345,345__A03224.1.txt,A03224,6417bdc07bd2c7241740579ffa1f45f177fef6e3,c392f0f50378008c972951d4831795ebdce7261adebe87051c0f185e553dc886,2345,1980,339,1,0,24,1,22296,4524,4461,0,63,288,24,0,98.93,98.29,117946,116706,15db0efef80bdc1e365f8c31cc7a99033c335b2ab34c417f90f83ab9cfe1b32c,ba6e56abbe765e693038b3071b57984f8b83dbd07edbefb08a2f331216483d3d,0
texts_no_prologue_epilogue,345,345__A03224.1.txt,A03224,6417bdc07bd2c7241740579ffa1f45f177fef6e3,c392f0f50378008c972951d4831795ebdce7261adebe87051c0f185e553dc886,2345,1980,339,1,0,24,1,22296,4524,4461,0,63,288,24,0,98.93,98.29,117946,116706,15db0efef80bdc1e365f8c31cc7a99033c335b2ab34c417f90f83ab9cfe1b32c,ba6e56abbe765e693038b3071b57984f8b83dbd07edbefb08a2f331216483d3d,0
texts_analysis_en,351,351__A03224.2.txt,A03224,6417bdc07bd2c7241740579ffa1f45f177fef6e3,c392f0f50378008c972951d4831795ebdce7261adebe87051c0f185e553dc886,3010,2732,262,2,0,12,2,24083,4759,4664,0,95,137,25,0,99.53,99.58,128238,126687,c9cb82c93b22ae8204c64391392dd271948cae103db40fec4f44ada2bd6141eb,7ce888ee57567fdf85b6d7d37674fc09ca0ba4fe7d2c832fb504e426518e99fe,0
texts_no_prologue_epilogue,351,351__A03224.2.txt,A03224,6417bdc07bd2c7241740579ffa1f45f177fef6e3,c392f0f50378008c972951d4831795ebdce7261adebe87051c0f185e553dc886,3010,2732,262,2,0,12,2,24083,4759,4664,0,95,137,25,0,99.53,99.58,128238,126687,c9cb82c93b22ae8204c64391392dd271948cae103db40fec4f44ada2bd6141eb,7ce888ee57567fdf85b6d7d37674fc09ca0ba4fe7d2c832fb504e426518e99fe,0
texts_analysis_en,984,984__A03228.txt,A03228,6417bdc07bd2c7241740579ffa1f45f177fef6e3,5621c7f2fe2008360ac9ff4d68427b3ca7b6892ee859766e66449f33dac9003c,226,219,7,0,0,0,0,1697,323,317,0,6,5,0,0,100.0,100.0,9770,9661,5373c50daf591b13c7be6da952a9a101f261bdf1ed94a61a8446af356991d11b,38f27a7ebbae40693f97ac7708e3cfb226552fe8efc29d3b13eca8ca92655f6d,0
texts_no_prologue_epilogue,984,984__A03228.txt,A03228,6417bdc07bd2c7241740579ffa1f45f177fef6e3,5621c7f2fe2008360ac9ff4d68427b3ca7b6892ee859766e66449f33dac9003c,226,219,7,0,0,0,0,1697,323,317,0,6,5,0,0,100.0,100.0,9770,9661,5373c50daf591b13c7be6da952a9a101f261bdf1ed94a61a8446af356991d11b,38f27a7ebbae40693f97ac7708e3cfb226552fe8efc29d3b13eca8ca92655f6d,0
texts_analysis_en,1006,1006__A03229.txt,A03229,6417bdc07bd2c7241740579ffa1f45f177fef6e3,864e329bf798aeeeacda0280ff3622d3d1f5eb742765c5a6170b7e695415b098,204,179,21,2,0,2,0,1634,325,325,0,0,27,3,2,99.02,99.11,9062,8984,9f482fbbc038e44a2f3caabcbec8163a09eb5d1dd07341fdd59949b66478672e,a44a4f9f5a6878e8f55c520d36437a1faf7db3e2e11b8e439d7e2ba1c0e96616,0
texts_no_prologue_epilogue,1006,1006__A03229.txt,A03229,6417bdc07bd2c7241740579ffa1f45f177fef6e3,864e329bf798aeeeacda0280ff3622d3d1f5eb742765c5a6170b7e695415b098,204,179,21,2,0,2,0,1634,325,325,0,0,27,3,2,99.02,99.11,9062,8984,9f482fbbc038e44a2f3caabcbec8163a09eb5d1dd07341fdd59949b66478672e,a44a4f9f5a6878e8f55c520d36437a1faf7db3e2e11b8e439d7e2ba1c0e96616,0
texts_analysis_en,1055,1055__A03230.txt,A03230,6417bdc07bd2c7241740579ffa1f45f177fef6e3,8037df70db87a3ac87d2584359bebc6c77a7a8ef66ef1aa609ec5f8246863b0c,186,183,2,0,0,1,0,1394,235,234,0,1,3,0,0,99.46,99.56,8159,8008,e336acf7893d2234170632e6cd08bede05e35bb3bca5c7879699297479038442,6e21bcfcd5d333e6272b93ad25de5e5c12495a3d9c6d2a4061b5cbff7881e23c,0
texts_no_prologue_epilogue,1055,1055__A03230.txt,A03230,6417bdc07bd2c7241740579ffa1f45f177fef6e3,8037df70db87a3ac87d2584359bebc6c77a7a8ef66ef1aa609ec5f8246863b0c,186,183,2,0,0,1,0,1394,235,234,0,1,3,0,0,99.46,99.56,8159,8008,e336acf7893d2234170632e6cd08bede05e35bb3bca5c7879699297479038442,6e21bcfcd5d333e6272b93ad25de5e5c12495a3d9c6d2a4061b5cbff7881e23c,0
texts_analysis_en,1116,1116__A03233.txt,A03233,6417bdc07bd2c7241740579ffa1f45f177fef6e3,310c29fb8f30b9942d45235c6e6c1c1123d6c81473bd6bb7eb312456b5f8e0be,252,251,1,0,0,0,0,1928,305,305,0,0,1,4,0,100.0,100.0,11229,11081,48eb21c3fff0e9d1f379e1b271b8718e0b5aef9b2f4bd69ed09489556a4b3df1,11c428c76e27ab081eb08adac43d27253cf5b5a72d77d2020f187673e1618db9,0
texts_no_prologue_epilogue,1116,1116__A03233.txt,A03233,6417bdc07bd2c7241740579ffa1f45f177fef6e3,310c29fb8f30b9942d45235c6e6c1c1123d6c81473bd6bb7eb312456b5f8e0be,252,251,1,0,0,0,0,1928,305,305,0,0,1,4,0,100.0,100.0,11229,11081,48eb21c3fff0e9d1f379e1b271b8718e0b5aef9b2f4bd69ed09489556a4b3df1,11c428c76e27ab081eb08adac43d27253cf5b5a72d77d2020f187673e1618db9,0
texts_analysis_en,963,963__A03234.txt,A03234,6417bdc07bd2c7241740579ffa1f45f177fef6e3,e06ddad9aa8568db8c6e49761577ad26b891cdf0070cc7d4d0c7812371b713fe,207,201,6,0,0,0,0,1563,263,263,0,0,3,1,0,100.0,100.0,9025,8939,205d7702913f8b96f88217ac13e18ee2910a30b643637bf27e6b91b8a29c8482,276fab2baec8033ba2c37627c694cac0f065147d93c0110167344775d6ba4096,0
texts_no_prologue_epilogue,963,963__A03234.txt,A03234,6417bdc07bd2c7241740579ffa1f45f177fef6e3,e06ddad9aa8568db8c6e49761577ad26b891cdf0070cc7d4d0c7812371b713fe,207,201,6,0,0,0,0,1563,263,263,0,0,3,1,0,100.0,100.0,9025,8939,205d7702913f8b96f88217ac13e18ee2910a30b643637bf27e6b91b8a29c8482,276fab2baec8033ba2c37627c694cac0f065147d93c0110167344775d6ba4096,0
texts_analysis_en,1019,1019__A03240.txt,A03240,6417bdc07bd2c7241740579ffa1f45f177fef6e3,63c42e0e73b19ecb874c9ac3aa50ab1ec8ea59557f7168875b04950134cdae77,1816,1795,18,0,0,1,2,13511,2656,2630,1,25,12,3,0,99.83,99.95,71665,70372,5cf38a5da8d73faad8b3ef5aa34a9162e91e5dd8b6054443f858c2dd12396f30,f1df9ef98258439ee56ce0c13d62cd748b656fdd09ecf67f16d294f90b9c35a4,0
texts_no_prologue_epilogue,1019,1019__A03240.txt,A03240,6417bdc07bd2c7241740579ffa1f45f177fef6e3,63c42e0e73b19ecb874c9ac3aa50ab1ec8ea59557f7168875b04950134cdae77,1790,1769,18,0,0,1,2,13291,2610,2584,1,25,12,3,0,99.83,99.95,70485,69216,c64d524064d2059f054016a325d2d442d85501cfc8b6b9e03589e7794d3e6feb,4cc18958cb53aff2f3c516ec5034c7c2e897164d9e0a0bc75cb42e8de8a306ff,0
texts_analysis_en,1063,1063__A03241.1.txt,A03241,6417bdc07bd2c7241740579ffa1f45f177fef6e3,07fb9189d83de18e096e2f11fe0c607e800c51cafcf1cc5d3136bcf9291d0321,729,719,9,0,0,1,0,5227,799,775,0,24,50,0,0,99.86,99.85,28167,27949,f43c494e34eede49b47e3fa4ad598bb9432c4e2c831542fa51f427ac9642a0d9,fa50ede73e71424c4aee723b9914755e630a58461a5223a54a0bace75e9487ca,0
texts_no_prologue_epilogue,1063,1063__A03241.1.txt,A03241,6417bdc07bd2c7241740579ffa1f45f177fef6e3,07fb9189d83de18e096e2f11fe0c607e800c51cafcf1cc5d3136bcf9291d0321,729,719,9,0,0,1,0,5227,799,775,0,24,50,0,0,99.86,99.85,28167,27949,f43c494e34eede49b47e3fa4ad598bb9432c4e2c831542fa51f427ac9642a0d9,fa50ede73e71424c4aee723b9914755e630a58461a5223a54a0bace75e9487ca,0
texts_analysis_en,1064,1064__A03241.2.txt,A03241,6417bdc07bd2c7241740579ffa1f45f177fef6e3,07fb9189d83de18e096e2f11fe0c607e800c51cafcf1cc5d3136bcf9291d0321,458,449,8,0,0,1,0,3418,497,493,0,4,20,0,0,99.78,99.76,18291,18118,1e10e1b160583989c54e5e8f067f8012ec52369dff046b92ef61f531fb100aaf,6a9558e72b1786cf3f878f73f1e7601ff6c5c1f074f2bb03eb0e2fa65a52c196,0
texts_no_prologue_epilogue,1064,1064__A03241.2.txt,A03241,6417bdc07bd2c7241740579ffa1f45f177fef6e3,07fb9189d83de18e096e2f11fe0c607e800c51cafcf1cc5d3136bcf9291d0321,458,449,8,0,0,1,0,3418,497,493,0,4,20,0,0,99.78,99.76,18291,18118,1e10e1b160583989c54e5e8f067f8012ec52369dff046b92ef61f531fb100aaf,6a9558e72b1786cf3f878f73f1e7601ff6c5c1f074f2bb03eb0e2fa65a52c196,0
texts_analysis_en,1065,1065__A03241.3.txt,A03241,6417bdc07bd2c7241740579ffa1f45f177fef6e3,07fb9189d83de18e096e2f11fe0c607e800c51cafcf1cc5d3136bcf9291d0321,345,339,6,0,0,0,0,2349,385,384,0,1,22,0,0,100.0,100.0,12753,12601,86cbf8bfdce3ddd1141ace90478ac30e8233ebb5d9f73ac56d9b38c5ea83084f,2efd0e98906ed1e50474cea758065b17be7aba4592f949795ed3b69960a748ff,0
texts_no_prologue_epilogue,1065,1065__A03241.3.txt,A03241,6417bdc07bd2c7241740579ffa1f45f177fef6e3,07fb9189d83de18e096e2f11fe0c607e800c51cafcf1cc5d3136bcf9291d0321,345,339,6,0,0,0,0,2349,385,384,0,1,22,0,0,100.0,100.0,12753,12601,86cbf8bfdce3ddd1141ace90478ac30e8233ebb5d9f73ac56d9b38c5ea83084f,2efd0e98906ed1e50474cea758065b17be7aba4592f949795ed3b69960a748ff,0
texts_analysis_en,1086,1086__A03242.txt,A03242,6417bdc07bd2c7241740579ffa1f45f177fef6e3,a10b57a7359555129a9f60a8ac90894154bde246c829922035aab828c2b7c5d7,196,196,0,0,0,0,0,1576,201,201,0,0,0,0,0,100.0,100.0,8817,8682,2ac3c95b613875cc6de7cb01814a301a391f08a45957e903a5e5d741ad1fdd34,a3a325ba66d8fdae38ec69ccc3a96d3070c95679d949164888210a1f6e8f46ea,0
texts_no_prologue_epilogue,1086,1086__A03242.txt,A03242,6417bdc07bd2c7241740579ffa1f45f177fef6e3,a10b57a7359555129a9f60a8ac90894154bde246c829922035aab828c2b7c5d7,196,196,0,0,0,0,0,1576,201,201,0,0,0,0,0,100.0,100.0,8817,8682,2ac3c95b613875cc6de7cb01814a301a391f08a45957e903a5e5d741ad1fdd34,a3a325ba66d8fdae38ec69ccc3a96d3070c95679d949164888210a1f6e8f46ea,0
texts_analysis_en,642,642__A03244.txt,A03244,6417bdc07bd2c7241740579ffa1f45f177fef6e3,2579cd7858befc3760f1ab24693b6586ec9e83679b49334ed28577e0449a971c,2159,1891,253,10,0,2,3,19899,3898,3865,0,33,168,70,1,99.77,99.84,105903,105570,0f56a5e0cee9d1096a1280e4866fc2026dd298b550ad59cd89d17d679ded49d2,433ceceda8a901df5c7f042f53768a56fe10eb0443ce0bc598f62075805b4541,0
texts_no_prologue_epilogue,642,642__A03244.txt,A03244,6417bdc07bd2c7241740579ffa1f45f177fef6e3,2579cd7858befc3760f1ab24693b6586ec9e83679b49334ed28577e0449a971c,2159,1891,253,10,0,2,3,19899,3898,3865,0,33,168,70,1,99.77,99.84,105903,105570,0f56a5e0cee9d1096a1280e4866fc2026dd298b550ad59cd89d17d679ded49d2,433ceceda8a901df5c7f042f53768a56fe10eb0443ce0bc598f62075805b4541,0
texts_analysis_en,1049,1049__A03248.txt,A03248,6417bdc07bd2c7241740579ffa1f45f177fef6e3,8bbdd47a486a44b11075af22f5292506333e7aab7cf3ab469d76f0ddaa16dbdf,2160,2022,135,1,0,2,0,19692,2467,2463,0,4,129,8,0,99.91,99.91,103279,101824,fe99ab28b0e59463bb1b183821d7ae8747664a0c07577215b45cb41a9a5bf9a7,be86332b1d8338231c902b69bd6eb63c0adde2f8dccc03a11b6571d2a33cc571,0
texts_no_prologue_epilogue,1049,1049__A03248.txt,A03248,6417bdc07bd2c7241740579ffa1f45f177fef6e3,8bbdd47a486a44b11075af22f5292506333e7aab7cf3ab469d76f0ddaa16dbdf,2124,1986,135,1,0,2,0,19395,2434,2430,0,4,129,8,0,99.91,99.9,101659,100207,391b97653a245c0bfaea3fa3e54f4787300d6ee16905753b934b81ae9eb76107,2bc0028131411a5d3f6a9202dad7be23ace81d41226d0b7492fd79291cdb42e3,0
texts_analysis_en,1071,1071__A03255.txt,A03255,6417bdc07bd2c7241740579ffa1f45f177fef6e3,875f643457dc5f4489d29aa10946dafaedaa95291c1a3520f6a69c3b54bd402a,1437,1123,266,30,0,8,10,17720,2857,2843,0,14,217,220,0,98.75,99.57,90508,90464,0a7f0cef5f9047d69507c57eb9d16ba4776fc4e4361e46f3b14e5cbe9a573441,916e45cd6e22b14d6eea52a411f2e746f7c3539adfdf9bc88f5280c941b6b597,0
texts_no_prologue_epilogue,1071,1071__A03255.txt,A03255,6417bdc07bd2c7241740579ffa1f45f177fef6e3,875f643457dc5f4489d29aa10946dafaedaa95291c1a3520f6a69c3b54bd402a,1437,1123,266,30,0,8,10,17720,2857,2843,0,14,217,220,0,98.75,99.57,90508,90464,0a7f0cef5f9047d69507c57eb9d16ba4776fc4e4361e46f3b14e5cbe9a573441,916e45cd6e22b14d6eea52a411f2e746f7c3539adfdf9bc88f5280c941b6b597,0
texts_analysis_en,603,603__A03256.txt,A03256,6417bdc07bd2c7241740579ffa1f45f177fef6e3,d52c93aa75fc99e4cf82f1517c8caa3d75d26b8d72143d3594d4c94509545498,1956,1795,153,0,0,8,0,16295,3169,3148,0,21,178,3,0,99.59,99.59,83777,83704,767621a13de939d97586d76ecc6020386d78e33c1e9acd6db1b95c7e5772acd6,4f5064c0a31b1fe31d124d7367c7dd812ffbb38ba8d67c82b1746c507b043bff,0
texts_no_prologue_epilogue,603,603__A03256.txt,A03256,6417bdc07bd2c7241740579ffa1f45f177fef6e3,d52c93aa75fc99e4cf82f1517c8caa3d75d26b8d72143d3594d4c94509545498,1942,1781,153,0,0,8,0,16183,3144,3123,0,21,178,3,0,99.59,99.59,83136,83071,6b639945a53fb23f7ec1389fea4dcb1b57c0b7d7920c2f8d161edd1a0c050ccb,28a21e7880e1ff54f027878eafc719d58324071666656925796ddae93abd3eee,0
texts_analysis_en,1020,1020__A03258.txt,A03258,6417bdc07bd2c7241740579ffa1f45f177fef6e3,04cfd98e8bc9e4becc6863ac59d72c834f42c7665443fc8e1999e5b4885ef593,1807,1578,213,8,0,4,4,21735,2774,2765,1,8,213,92,0,99.56,99.4,110082,109505,02666196d47a460954282cb6a02d33630fe1159f1ed6b076615f15b89d4f15d5,c9bab95459759da8e9f9340ce0cf4dc2b512493ad20229fc189eff46adda8ee0,0
texts_no_prologue_epilogue,1020,1020__A03258.txt,A03258,6417bdc07bd2c7241740579ffa1f45f177fef6e3,04cfd98e8bc9e4becc6863ac59d72c834f42c7665443fc8e1999e5b4885ef593,1778,1556,206,8,0,4,4,21511,2747,2738,1,8,205,92,0,99.55,99.4,108846,108278,e9b7480c9b80e9747ec105d8af469ccdc69f1719113fbb61285efa844e1194e7,3f7d33e7ce7066dec3dc922552ea58acb6a215da0f2ffcc8cc34ad45c5cd0137,0
texts_analysis_en,681,681__A03405.txt,A03405,6417bdc07bd2c7241740579ffa1f45f177fef6e3,228076debe0c43adcb9dadf8236760e8ce19e34d51a0ace68286dbddb85d4dc2,1681,1645,35,0,0,1,0,12662,2934,2923,0,11,13,0,0,99.94,99.94,71632,70207,8cd0a6a0ad4c289c3ac30fd9cf8e8b2f52453a6abee88b865cea8ddb542a465b,9b8fb4149c3da59e7ac0497e1eaae27db90009972ca045e8471f8d2ce58c2077,0
texts_no_prologue_epilogue,681,681__A03405.txt,A03405,6417bdc07bd2c7241740579ffa1f45f177fef6e3,228076debe0c43adcb9dadf8236760e8ce19e34d51a0ace68286dbddb85d4dc2,1681,1645,35,0,0,1,0,12662,2934,2923,0,11,13,0,0,99.94,99.94,71632,70207,8cd0a6a0ad4c289c3ac30fd9cf8e8b2f52453a6abee88b865cea8ddb542a465b,9b8fb4149c3da59e7ac0497e1eaae27db90009972ca045e8471f8d2ce58c2077,0
texts_analysis_en,738,738__A03424.txt,A03424,6417bdc07bd2c7241740579ffa1f45f177fef6e3,2146767f51c971d1605240a621c242554dbd9d18dba8c3b8a8c773b28a85131e,79,74,5,0,0,0,0,1619,281,281,0,0,0,0,0,100.0,100.0,8225,8046,8b783dab945fe91426942f38c3d9b72917d7a9c8d6f5b9a1b11936b4d266f6e8,e130d2d654c1a92302d1e41a2d8cc2d9a2de119c47cd7ee36ecb8b83bbc213e6,0
texts_no_prologue_epilogue,738,738__A03424.txt,A03424,6417bdc07bd2c7241740579ffa1f45f177fef6e3,2146767f51c971d1605240a621c242554dbd9d18dba8c3b8a8c773b28a85131e,79,74,5,0,0,0,0,1619,281,281,0,0,0,0,0,100.0,100.0,8225,8046,8b783dab945fe91426942f38c3d9b72917d7a9c8d6f5b9a1b11936b4d266f6e8,e130d2d654c1a92302d1e41a2d8cc2d9a2de119c47cd7ee36ecb8b83bbc213e6,0
texts_analysis_en,739,739__A03438.txt,A03438,6417bdc07bd2c7241740579ffa1f45f177fef6e3,c33ac7fe5946f5b6c27649885a47c0e1ae52ca66d8726cf1669c5184f160215f,82,81,1,0,0,0,0,1624,285,285,0,0,0,0,0,100.0,100.0,8283,8105,495e2cf7a8d6303fd7e397aa15b62095cdb26bc6ca2082bfeb3bd1b9687a6f1d,75f91557301829d962723eb126862eb5a9dd522c633238522378c5b250d83119,0
texts_no_prologue_epilogue,739,739__A03438.txt,A03438,6417bdc07bd2c7241740579ffa1f45f177fef6e3,c33ac7fe5946f5b6c27649885a47c0e1ae52ca66d8726cf1669c5184f160215f,82,81,1,0,0,0,0,1624,285,285,0,0,0,0,0,100.0,100.0,8283,8105,495e2cf7a8d6303fd7e397aa15b62095cdb26bc6ca2082bfeb3bd1b9687a6f1d,75f91557301829d962723eb126862eb5a9dd522c633238522378c5b250d83119,0
texts_analysis_en,794,794__A03496.txt,A03496,6417bdc07bd2c7241740579ffa1f45f177fef6e3,38fe30ca83ead1da5f29d0af29c41f44a187ccc2607e52d5c4967194d9d7479f,1612,1568,40,1,0,3,0,31572,5555,5526,0,29,17,5,0,99.81,99.37,172752,170014,a419154e74ac51180f6b662048f3357259a588e56fc5e38808979cf99376bfb4,6f1c6ac48b099b87914a5ef3a2903cf352338e4199cb9a271c1bd9b73da7ca46,0
texts_no_prologue_epilogue,794,794__A03496.txt,A03496,6417bdc07bd2c7241740579ffa1f45f177fef6e3,38fe30ca83ead1da5f29d0af29c41f44a187ccc2607e52d5c4967194d9d7479f,1550,1508,38,1,0,3,0,31091,5464,5435,0,29,17,5,0,99.81,99.36,170096,167419,c5517b8ef1eb5605f0d86b502769aaa535125ec09a7fc0c5ccda5c4a3dee5f80,96b761ac11f3ac970e97ff7a8fb3e0c2978ac1a9f5a5d7c3b034d6a1b5b02a93,0
texts_analysis_en,57,57__A03571.1.txt,A03571,6417bdc07bd2c7241740579ffa1f45f177fef6e3,9707d6dc0f814c3303530c0d935422229d8ee8e8c70745f64bba9b8ac69ed09a,203,195,8,0,0,0,0,1461,254,251,0,3,1,0,0,100.0,100.0,6995,6931,255e50b08bdb2453efc0854460cc31bf29e9726a46224eb88287e5b30baeb448,33974622ad09b25d2e03193cdeec9648c27a064aa98bd511c8256135bdd12c45,0
texts_no_prologue_epilogue,57,57__A03571.1.txt,A03571,6417bdc07bd2c7241740579ffa1f45f177fef6e3,9707d6dc0f814c3303530c0d935422229d8ee8e8c70745f64bba9b8ac69ed09a,203,195,8,0,0,0,0,1461,254,251,0,3,1,0,0,100.0,100.0,6995,6931,255e50b08bdb2453efc0854460cc31bf29e9726a46224eb88287e5b30baeb448,33974622ad09b25d2e03193cdeec9648c27a064aa98bd511c8256135bdd12c45,0
texts_analysis_en,150,150__A03804.txt,A03804,6417bdc07bd2c7241740579ffa1f45f177fef6e3,3237b308289c005f83ed32e57f539ca8e321c60d0170046886ff8a1fe4e3b93d,2160,2072,80,4,0,4,0,17458,4478,4473,0,5,55,4,0,99.81,99.88,98667,96020,c7263a468832f0e15585170c9ccca9606dd2ced511285333f03f3d034de67126,029d6dbfb0afafc1a4fba2484aed1ca204f4dbd81eca481b91536b1312b8187e,0
texts_no_prologue_epilogue,150,150__A03804.txt,A03804,6417bdc07bd2c7241740579ffa1f45f177fef6e3,3237b308289c005f83ed32e57f539ca8e321c60d0170046886ff8a1fe4e3b93d,2108,2020,80,4,0,4,0,17030,4376,4371,0,5,55,4,0,99.81,99.88,96221,93635,63253601f8b350a19562120e641afe21b0560982e6815144420afa05e2828771,c67c545c9431d2978774585af04feae68915c393e3e52dbb54aebf1f5d2879b6,0
texts_analysis_en,94,94__A04027.txt,A04027,f2beb8debf330a17a5dfa4483a61a7af3e0003eb,cb48bfe37976c6c63460db6ec785467b17992588a1571cc6f15575a5e45dd210,1538,1443,89,0,0,4,2,12000,3865,3858,0,7,84,4,0,99.61,99.62,63782,61574,3e9194217e73a33d11b966a230386e59cf7117a9f84baf48ce24e116e0106a1d,1b89d9b9604daaf53b97108f9325eafeb7ab284030fbe0ee3ca0bafc7559b30c,0
texts_no_prologue_epilogue,94,94__A04027.txt,A04027,f2beb8debf330a17a5dfa4483a61a7af3e0003eb,cb48bfe37976c6c63460db6ec785467b17992588a1571cc6f15575a5e45dd210,1458,1371,82,0,0,4,1,11425,3670,3664,0,6,73,1,0,99.66,99.66,60468,58366,12e7dc27818417c719f7a3992bcb6bbacb9ec586396978c9d6acfc2a08d01ea9,0d59cf3ab01209ae1e141dd316e6ee9e076b3055f55666fe7b500032ee98c84b,0
texts_analysis_en,45,45__A04052.txt,A04052,f2beb8debf330a17a5dfa4483a61a7af3e0003eb,164fb5d2793cd09eb032fb207772616ef2435f5436106a9b6ec1385a83cf555b,951,663,276,0,0,12,0,7548,1826,1817,0,9,627,19,0,98.74,98.81,36808,37560,53b0a1ec9b60b81e9fecf96a1a8aab79e62c9d9a2bbcda5424d52392d56a8cfb,f8caa817024889b3f9e0d03899cd8e023862e164f2ce483aa99d7c71daef43a5,0
texts_no_prologue_epilogue,45,45__A04052.txt,A04052,f2beb8debf330a17a5dfa4483a61a7af3e0003eb,164fb5d2793cd09eb032fb207772616ef2435f5436106a9b6ec1385a83cf555b,951,663,276,0,0,12,0,7548,1826,1817,0,9,627,19,0,98.74,98.81,36808,37560,53b0a1ec9b60b81e9fecf96a1a8aab79e62c9d9a2bbcda5424d52392d56a8cfb,f8caa817024889b3f9e0d03899cd8e023862e164f2ce483aa99d7c71daef43a5,0
texts_analysis_en,32,32__A04054.txt,A04054,f2beb8debf330a17a5dfa4483a61a7af3e0003eb,ce5964da58667e13931236a05a8cde3ed4350910d21a26b482723620e6dca5a1,787,766,19,0,0,2,0,5003,1383,1380,0,3,17,2,0,99.75,99.71,23657,23168,c6f10590376ed5a777b9fe27ad88924b7214d8c4028b199c75a219d1bc342f53,a4b84946d8d502365e6922cf9667618a13e09f4675991cf2d64a95389d1cb684,0
texts_no_prologue_epilogue,32,32__A04054.txt,A04054,f2beb8debf330a17a5dfa4483a61a7af3e0003eb,ce5964da58667e13931236a05a8cde3ed4350910d21a26b482723620e6dca5a1,787,766,19,0,0,2,0,5003,1383,1380,0,3,17,2,0,99.75,99.71,23657,23168,c6f10590376ed5a777b9fe27ad88924b7214d8c4028b199c75a219d1bc342f53,a4b84946d8d502365e6922cf9667618a13e09f4675991cf2d64a95389d1cb684,0
texts_analysis_en,53,53__A04055.txt,A04055,f2beb8debf330a17a5dfa4483a61a7af3e0003eb,905ae12dc612af70337545d177b7240e09f202f6d415334110ff54b56e45eed8,983,931,52,0,0,0,0,7150,2194,2183,0,11,10,2,0,100.0,100.0,35739,34947,58f38408b765a5b67c1fad620919a5abe5cc8d3711dae5bfa7a7b8f4d2018f99,e94bd0da700d1fe6376bf993da6360af62c55559b0b96260c77e4a356f6e9672,0
texts_no_prologue_epilogue,53,53__A04055.txt,A04055,f2beb8debf330a17a5dfa4483a61a7af3e0003eb,905ae12dc612af70337545d177b7240e09f202f6d415334110ff54b56e45eed8,983,931,52,0,0,0,0,7150,2194,2183,0,11,10,2,0,100.0,100.0,35739,34947,58f38408b765a5b67c1fad620919a5abe5cc8d3711dae5bfa7a7b8f4d2018f99,e94bd0da700d1fe6376bf993da6360af62c55559b0b96260c77e4a356f6e9672,0
texts_analysis_en,91,91__A04206.txt,A04206,f2beb8debf330a17a5dfa4483a61a7af3e0003eb,fc7346bfb163e732456ef0b111e9717f5d64c1c7849230b7592831101046f5cc,1780,1754,25,0,0,1,0,16865,4009,3863,0,146,12,1,0,99.94,99.95,84947,83029,8a865ab94b927454e2fed52a1d9de0deede435433cfae59855a26045d36c4b73,dc196b4f44f13c6d25213f8bbf048b4b541af2bd1e505f9b35abb16546d05f97,0
texts_no_prologue_epilogue,91,91__A04206.txt,A04206,f2beb8debf330a17a5dfa4483a61a7af3e0003eb,fc7346bfb163e732456ef0b111e9717f5d64c1c7849230b7592831101046f5cc,1759,1736,22,0,0,1,0,16683,3965,3823,0,142,12,1,0,99.94,99.95,83994,82084,d37f1221f0a5ef6eb133b69adf182e143cdcbd3eff0f1bab2eef43ab64f85cd3,19c0c3848582b76c456f1c9038f105a300173eac5558e01f9fb098870ee95213,0
texts_analysis_en,171,171__A04520.1.txt,A04520,f2beb8debf330a17a5dfa4483a61a7af3e0003eb,71a685c874dfaee9cb5bc0c16578ce3b80e113a5b2a5ae00c65314e827fdc535,1630,1620,10,0,0,0,0,14105,2758,2714,0,44,4,0,0,100.0,100.0,77006,75705,55e01cb0b8e539b72773b855b156dec1eb43e3e03d4af9414c6e1133a92a3875,2a8583b4f082a39bac424ab6b45dbd639dc0a60e03ae54dc6038645b68213130,0
texts_no_prologue_epilogue,171,171__A04520.1.txt,A04520,f2beb8debf330a17a5dfa4483a61a7af3e0003eb,71a685c874dfaee9cb5bc0c16578ce3b80e113a5b2a5ae00c65314e827fdc535,1630,1620,10,0,0,0,0,14105,2758,2714,0,44,4,0,0,100.0,100.0,77006,75705,55e01cb0b8e539b72773b855b156dec1eb43e3e03d4af9414c6e1133a92a3875,2a8583b4f082a39bac424ab6b45dbd639dc0a60e03ae54dc6038645b68213130,0
texts_analysis_en,174,174__A04520.2.txt,A04520,f2beb8debf330a17a5dfa4483a61a7af3e0003eb,71a685c874dfaee9cb5bc0c16578ce3b80e113a5b2a5ae00c65314e827fdc535,1161,1156,5,0,0,0,0,9596,1802,1728,0,74,2,0,0,100.0,100.0,51828,51028,cc63e63c90cfd4d43d93dd97665c2aed334aae7e53b5546718736caab60655cb,f65a2ef33ea9feca11f3b78a0a8c6b148eca690232209ded6273f24d1609bbef,0
texts_no_prologue_epilogue,174,174__A04520.2.txt,A04520,f2beb8debf330a17a5dfa4483a61a7af3e0003eb,71a685c874dfaee9cb5bc0c16578ce3b80e113a5b2a5ae00c65314e827fdc535,1161,1156,5,0,0,0,0,9596,1802,1728,0,74,2,0,0,100.0,100.0,51828,51028,cc63e63c90cfd4d43d93dd97665c2aed334aae7e53b5546718736caab60655cb,f65a2ef33ea9feca11f3b78a0a8c6b148eca690232209ded6273f24d1609bbef,0
texts_analysis_en,595,595__A04539.txt,A04539,f2beb8debf330a17a5dfa4483a61a7af3e0003eb,cdf7c4f030ab85288fa91a93d5de56662574c96d9b2d10ce4a62bb32f583a987,2860,2479,326,24,0,21,10,22010,4643,4608,1,34,465,33,0,98.92,99.22,125734,124329,b6c37b289e475d31fc9010c309a5d5f4e55b96dad6e159863bf0e1ab317e4958,b2613b20acc87a024eb2b54d54e1b57ad7c29bf556220e5a44f5d4f568c76af3,0
texts_no_prologue_epilogue,595,595__A04539.txt,A04539,f2beb8debf330a17a5dfa4483a61a7af3e0003eb,cdf7c4f030ab85288fa91a93d5de56662574c96d9b2d10ce4a62bb32f583a987,2816,2436,325,24,0,21,10,21717,4577,4542,1,34,464,33,0,98.9,99.2,123895,122524,c3eb8f71770e807f09bc738370f21c45bbddbc9655dc88bf0ca5873e9e83e112,02afcff69b3bc2226fcf0c4d93005e91f08ad1c15c953f963c049c8abdd76bfb,0
texts_analysis_en,1061,1061__A04599.txt,A04599,f2beb8debf330a17a5dfa4483a61a7af3e0003eb,9d74f345db7424320d2c2af2206e39e643d656de9266bebd565169083ea7dd93,440,436,4,0,0,0,0,3373,495,495,0,0,3,0,0,100.0,100.0,18622,18340,a0cf499b9294b6e30be6ef9d97ca6a258165b95e4af1abccc5ae35ceac2b801a,79b8661741360016e3fb302428ba611f5b2b3752a5cde56cbbd0d6e63121ca89,0
texts_no_prologue_epilogue,1061,1061__A04599.txt,A04599,f2beb8debf330a17a5dfa4483a61a7af3e0003eb,9d74f345db7424320d2c2af2206e39e643d656de9266bebd565169083ea7dd93,440,436,4,0,0,0,0,3373,495,495,0,0,3,0,0,100.0,100.0,18622,18340,a0cf499b9294b6e30be6ef9d97ca6a258165b95e4af1abccc5ae35ceac2b801a,79b8661741360016e3fb302428ba611f5b2b3752a5cde56cbbd0d6e63121ca89,0
texts_analysis_en,1030,1030__A04604.txt,A04604,f2beb8debf330a17a5dfa4483a61a7af3e0003eb,3e8595b6662f6a9871a4f2de3b64c58ccf872e8c2239c60c21b7040a41ca7563,2177,2156,19,0,0,2,0,23308,3387,3368,0,19,1,0,0,99.91,99.93,127688,125685,f1c265b4da1ca3da6101e27ae985c14bef5f24ab9ce2b27b6e6c860b4461296c,d0bb5ed0adfcc621476d4da751ddbaea641f33cbc2d1c0f57a3ad24d1914f00c,0
texts_no_prologue_epilogue,1030,1030__A04604.txt,A04604,f2beb8debf330a17a5dfa4483a61a7af3e0003eb,3e8595b6662f6a9871a4f2de3b64c58ccf872e8c2239c60c21b7040a41ca7563,2137,2116,19,0,0,2,0,22598,3284,3266,0,18,1,0,0,99.91,99.93,123797,121851,103d102f01d990f682816535a4586929fb5e17ad6d1b05c635d79d292a5b7381,959eb2327c2774936d58e29e892c068da0518cdf12c620bbcb516909ab0d5f57,0
texts_analysis_en,368,368__A04632.2.txt,A04632,f2beb8debf330a17a5dfa4483a61a7af3e0003eb,2aa59b805c37bd61d06210ccc5ca9c052c29e671e7e5032b173aeef59fc0fa2b,2188,2111,76,0,0,1,0,36739,6601,6564,1,36,78,1,2,99.95,99.86,197013,193551,8da94a04c60150f8774ffc3e23e42a84399d399fd6e21c5d5a3a1e78f42a334a,c358af938916c09be1d6ee4a70d1610782f852cd30b84b34fd82fb06715bd2af,0
texts_no_prologue_epilogue,368,368__A04632.2.txt,A04632,f2beb8debf330a17a5dfa4483a61a7af3e0003eb,2aa59b805c37bd61d06210ccc5ca9c052c29e671e7e5032b173aeef59fc0fa2b,2188,2111,76,0,0,1,0,36739,6601,6564,1,36,78,1,2,99.95,99.86,197013,193551,8da94a04c60150f8774ffc3e23e42a84399d399fd6e21c5d5a3a1e78f42a334a,c358af938916c09be1d6ee4a70d1610782f852cd30b84b34fd82fb06715bd2af,0
texts_analysis_en,405,405__A04632.1.txt,A04632,f2beb8debf330a17a5dfa4483a61a7af3e0003eb,2aa59b805c37bd61d06210ccc5ca9c052c29e671e7e5032b173aeef59fc0fa2b,1734,1691,43,0,0,0,0,26506,4817,4796,0,21,38,0,0,100.0,100.0,139863,137513,71a0fd03b47521025966bc56f5e791776b6e9b5448eff9fbe0cf3bcfb5d16fcb,c1ce5981881d8104128ced7db80cbda66dd03a338829223ee425b6820c463806,0
texts_no_prologue_epilogue,405,405__A04632.1.txt,A04632,f2beb8debf330a17a5dfa4483a61a7af3e0003eb,2aa59b805c37bd61d06210ccc5ca9c052c29e671e7e5032b173aeef59fc0fa2b,1704,1661,43,0,0,0,0,26256,4764,4744,0,20,38,0,0,100.0,100.0,138484,136166,bdc9bc09c54ad096f6a128ac7bd19ada78a93480069d0a7ccf4498380a8c74ee,e8cce6c8124417653d820f675d49b31c9a0cf195d1054f50b6352674f6c43bd2,0
texts_analysis_en,413,413__A04632.3.txt,A04632,f2beb8debf330a17a5dfa4483a61a7af3e0003eb,2aa59b805c37bd61d06210ccc5ca9c052c29e671e7e5032b173aeef59fc0fa2b,2174,2111,62,0,0,1,0,33856,6768,6742,0,26,55,1,0,99.95,99.98,188593,185127,b8ffb7399cb6c08c823c910527530d6f43afe3fece51c373b6100738e10a2b56,8368dac1e67f1ebeb862231fa67e554aa4bb181de3afdf13c3eeb13cf9a1029a,0
texts_no_prologue_epilogue,413,413__A04632.3.txt,A04632,f2beb8debf330a17a5dfa4483a61a7af3e0003eb,2aa59b805c37bd61d06210ccc5ca9c052c29e671e7e5032b173aeef59fc0fa2b,2132,2070,61,0,0,1,0,33539,6708,6682,0,26,54,1,0,99.95,99.98,186747,183311,2021aad6be096cc40e50216309d1be339d5f3ee2f92e451e8704b01e987f7f4f,3a20cbd585e7a54f7b5de940c77169d02d4a5ecef76c0fc434e838746c25bec7,0
texts_analysis_en,423,423__A04632.4.txt,A04632,f2beb8debf330a17a5dfa4483a61a7af3e0003eb,2aa59b805c37bd61d06210ccc5ca9c052c29e671e7e5032b173aeef59fc0fa2b,2540,2500,39,0,0,1,0,28498,5780,5774,0,6,30,0,0,99.96,99.99,157113,154133,99c034ee8f756ed0e6db95d8fb5c3d51a11f127f673306e5f86dd74cd0d05e6b,8f074ad6c4498ac9729b99ef3cdd81a33d90e20bdcb9bf8dd604151fb7db5f41,0
texts_no_prologue_epilogue,423,423__A04632.4.txt,A04632,f2beb8debf330a17a5dfa4483a61a7af3e0003eb,2aa59b805c37bd61d06210ccc5ca9c052c29e671e7e5032b173aeef59fc0fa2b,2265,2229,35,0,0,1,0,26385,5397,5391,0,6,26,0,0,99.96,99.99,145562,142785,809afd58b0d8fb8cf5c3ca0fe579dc20bf9c2d82ad006882f50d70e7d4721ece,f404298128dff51941a37cae138dcd17ed82c597ea85a93945e6f3afdcb69733,0
texts_analysis_en,460,460__A04632.10.txt,A04632,f2beb8debf330a17a5dfa4483a61a7af3e0003eb,2aa59b805c37bd61d06210ccc5ca9c052c29e671e7e5032b173aeef59fc0fa2b,132,0,0,0,0,0,132,0,0,0,0,0,0,0,0,0.0,0.0,6014,6014,e58896d82e72b03176d166b5cb15d7920fc6d9e95e909a1c70bedb413888bf60,e58896d82e72b03176d166b5cb15d7920fc6d9e95e909a1c70bedb413888bf60,0
texts_no_prologue_epilogue,460,460__A04632.10.txt,A04632,f2beb8debf330a17a5dfa4483a61a7af3e0003eb,2aa59b805c37bd61d06210ccc5ca9c052c29e671e7e5032b173aeef59fc0fa2b,132,0,0,0,0,0,132,0,0,0,0,0,0,0,0,0.0,0.0,6014,6014,e58896d82e72b03176d166b5cb15d7920fc6d9e95e909a1c70bedb413888bf60,e58896d82e72b03176d166b5cb15d7920fc6d9e95e909a1c70bedb413888bf60,0
texts_analysis_en,463,463__A04632.11.txt,A04632,f2beb8debf330a17a5dfa4483a61a7af3e0003eb,2aa59b805c37bd61d06210ccc5ca9c052c29e671e7e5032b173aeef59fc0fa2b,263,262,1,0,0,0,0,1599,300,299,0,1,0,0,0,100.0,100.0,8688,8519,437f225ebd0358fcf7b396fce988a9c0725183d459ba8daf1b14926982918578,cae4a5f0ebc5b4f426a4e24a3e2f8af0dba45aff61a6b56477dbfeff3fa8c644,0
texts_no_prologue_epilogue,463,463__A04632.11.txt,A04632,f2beb8debf330a17a5dfa4483a61a7af3e0003eb,2aa59b805c37bd61d06210ccc5ca9c052c29e671e7e5032b173aeef59fc0fa2b,263,262,1,0,0,0,0,1599,300,299,0,1,0,0,0,100.0,100.0,8688,8519,437f225ebd0358fcf7b396fce988a9c0725183d459ba8daf1b14926982918578,cae4a5f0ebc5b4f426a4e24a3e2f8af0dba45aff61a6b56477dbfeff3fa8c644,0
texts_analysis_en,512,512__A04632.5.txt,A04632,f2beb8debf330a17a5dfa4483a61a7af3e0003eb,2aa59b805c37bd61d06210ccc5ca9c052c29e671e7e5032b173aeef59fc0fa2b,3686,3634,14,0,0,2,36,25045,4863,4856,0,7,4,1,0,98.97,95.9,145787,143557,4208e6f0f555ff178840ba34e8b8a35da37b3d2c131c7236b7080f016e0b9f5d,46e6bc2ddca44d04ad4045d9bee41fc60da58a354231f36a853c6c50c5f42f33,0
texts_no_prologue_epilogue,512,512__A04632.5.txt,A04632,f2beb8debf330a17a5dfa4483a61a7af3e0003eb,2aa59b805c37bd61d06210ccc5ca9c052c29e671e7e5032b173aeef59fc0fa2b,3686,3634,14,0,0,2,36,25045,4863,4856,0,7,4,1,0,98.97,95.9,145787,143557,4208e6f0f555ff178840ba34e8b8a35da37b3d2c131c7236b7080f016e0b9f5d,46e6bc2ddca44d04ad4045d9bee41fc60da58a354231f36a853c6c50c5f42f33,0
texts_analysis_en,559,559__A04632.17.txt,A04632,f2beb8debf330a17a5dfa4483a61a7af3e0003eb,2aa59b805c37bd61d06210ccc5ca9c052c29e671e7e5032b173aeef59fc0fa2b,292,0,0,0,0,0,292,0,0,0,0,0,0,0,0,0.0,0.0,11561,11561,582a7b914504266b9027d8aaf6febcaf97096a985f0ccdf6c356954c6b6e5566,582a7b914504266b9027d8aaf6febcaf97096a985f0ccdf6c356954c6b6e5566,0
texts_no_prologue_epilogue,559,559__A04632.17.txt,A04632,f2beb8debf330a17a5dfa4483a61a7af3e0003eb,2aa59b805c37bd61d06210ccc5ca9c052c29e671e7e5032b173aeef59fc0fa2b,292,0,0,0,0,0,292,0,0,0,0,0,0,0,0,0.0,0.0,11561,11561,582a7b914504266b9027d8aaf6febcaf97096a985f0ccdf6c356954c6b6e5566,582a7b914504266b9027d8aaf6febcaf97096a985f0ccdf6c356954c6b6e5566,0
texts_analysis_en,606,606__A04632.6.txt,A04632,f2beb8debf330a17a5dfa4483a61a7af3e0003eb,2aa59b805c37bd61d06210ccc5ca9c052c29e671e7e5032b173aeef59fc0fa2b,3743,3730,13,0,0,0,0,26577,4681,4677,0,4,12,0,0,100.0,100.0,143928,141496,e9b1c160b8018d0fa49e651e7ed127782d74fab9d058de085223e4b98f957c76,5f171250cbe1422d068541b169fe3096b20516c79a6363cb4af3b2e8c80bf957,0
texts_no_prologue_epilogue,606,606__A04632.6.txt,A04632,f2beb8debf330a17a5dfa4483a61a7af3e0003eb,2aa59b805c37bd61d06210ccc5ca9c052c29e671e7e5032b173aeef59fc0fa2b,3707,3695,12,0,0,0,0,26297,4634,4630,0,4,12,0,0,100.0,100.0,142387,139977,89e6e14d5ee949be0a3df3af21b45a3d22ffd078057305c53052ed0f2f3caaaf,758546717ecfeb852a8ef87ebf99ddcc06995b14ea2ac621a22d618199488b5c,0
texts_analysis_en,632,632__A04632.15.txt,A04632,f2beb8debf330a17a5dfa4483a61a7af3e0003eb,2aa59b805c37bd61d06210ccc5ca9c052c29e671e7e5032b173aeef59fc0fa2b,123,0,0,0,0,0,123,0,0,0,0,0,0,0,0,0.0,0.0,5388,5388,bf5613f47d2d12728567b844b88cb0045b31ed28948fad616636b8b3540a9b8f,bf5613f47d2d12728567b844b88cb0045b31ed28948fad616636b8b3540a9b8f,0
texts_no_prologue_epilogue,632,632__A04632.15.txt,A04632,f2beb8debf330a17a5dfa4483a61a7af3e0003eb,2aa59b805c37bd61d06210ccc5ca9c052c29e671e7e5032b173aeef59fc0fa2b,123,0,0,0,0,0,123,0,0,0,0,0,0,0,0,0.0,0.0,5388,5388,bf5613f47d2d12728567b844b88cb0045b31ed28948fad616636b8b3540a9b8f,bf5613f47d2d12728567b844b88cb0045b31ed28948fad616636b8b3540a9b8f,0
texts_analysis_en,635,635__A04632.16.txt,A04632,f2beb8debf330a17a5dfa4483a61a7af3e0003eb,2aa59b805c37bd61d06210ccc5ca9c052c29e671e7e5032b173aeef59fc0fa2b,197,0,0,0,0,0,197,0,0,0,0,0,0,0,0,0.0,0.0,8398,8397,1ba952e9d634b067ac08faa7882a041060bda54cce834a350049d216fa12b381,8222482014bc04a8772a691831b3d0d9176df8060b1fee6efdaf9788635b366c,0
texts_no_prologue_epilogue,635,635__A04632.16.txt,A04632,f2beb8debf330a17a5dfa4483a61a7af3e0003eb,2aa59b805c37bd61d06210ccc5ca9c052c29e671e7e5032b173aeef59fc0fa2b,197,0,0,0,0,0,197,0,0,0,0,0,0,0,0,0.0,0.0,8398,8397,1ba952e9d634b067ac08faa7882a041060bda54cce834a350049d216fa12b381,8222482014bc04a8772a691831b3d0d9176df8060b1fee6efdaf9788635b366c,0
texts_analysis_en,638,638__A04632.18.txt,A04632,f2beb8debf330a17a5dfa4483a61a7af3e0003eb,2aa59b805c37bd61d06210ccc5ca9c052c29e671e7e5032b173aeef59fc0fa2b,231,0,0,0,0,0,231,0,0,0,0,0,0,0,0,0.0,0.0,9866,9864,ad26fbafd30f9b3541c13237e9981bc4336c368b9bb1eef850d75960a66fa128,6d3673331224d45bac3c699931e18aff9874a77f7f383791e9f78d3c4bd72fbb,0
texts_no_prologue_epilogue,638,638__A04632.18.txt,A04632,f2beb8debf330a17a5dfa4483a61a7af3e0003eb,2aa59b805c37bd61d06210ccc5ca9c052c29e671e7e5032b173aeef59fc0fa2b,231,0,0,0,0,0,231,0,0,0,0,0,0,0,0,0.0,0.0,9866,9864,ad26fbafd30f9b3541c13237e9981bc4336c368b9bb1eef850d75960a66fa128,6d3673331224d45bac3c699931e18aff9874a77f7f383791e9f78d3c4bd72fbb,0
texts_analysis_en,661,661__A04632.19.txt,A04632,f2beb8debf330a17a5dfa4483a61a7af3e0003eb,2aa59b805c37bd61d06210ccc5ca9c052c29e671e7e5032b173aeef59fc0fa2b,270,0,0,0,0,0,270,0,0,0,0,0,0,0,0,0.0,0.0,10402,10402,848a347de68e49418a5a6f454c34eb72992c5d73253d7cf5f965a07ce75d295d,848a347de68e49418a5a6f454c34eb72992c5d73253d7cf5f965a07ce75d295d,0
texts_no_prologue_epilogue,661,661__A04632.19.txt,A04632,f2beb8debf330a17a5dfa4483a61a7af3e0003eb,2aa59b805c37bd61d06210ccc5ca9c052c29e671e7e5032b173aeef59fc0fa2b,270,0,0,0,0,0,270,0,0,0,0,0,0,0,0,0.0,0.0,10402,10402,848a347de68e49418a5a6f454c34eb72992c5d73253d7cf5f965a07ce75d295d,848a347de68e49418a5a6f454c34eb72992c5d73253d7cf5f965a07ce75d295d,0
texts_analysis_en,691,691__A04632.9.txt,A04632,f2beb8debf330a17a5dfa4483a61a7af3e0003eb,2aa59b805c37bd61d06210ccc5ca9c052c29e671e7e5032b173aeef59fc0fa2b,2598,2588,10,0,0,0,0,18936,3517,3510,0,7,10,0,0,100.0,100.0,103407,101582,57daed934347e821b2cca9cfa53048cd9d877eb77001999ad91e8abb475d35c1,ec0ea8045f493eea826268a233de698d9b84e2e2586815c8a69babbd523db75c,0
texts_no_prologue_epilogue,691,691__A04632.9.txt,A04632,f2beb8debf330a17a5dfa4483a61a7af3e0003eb,2aa59b805c37bd61d06210ccc5ca9c052c29e671e7e5032b173aeef59fc0fa2b,2598,2588,10,0,0,0,0,18936,3517,3510,0,7,10,0,0,100.0,100.0,103407,101582,57daed934347e821b2cca9cfa53048cd9d877eb77001999ad91e8abb475d35c1,ec0ea8045f493eea826268a233de698d9b84e2e2586815c8a69babbd523db75c,0
texts_analysis_en,702,702__A04632.8.txt,A04632,f2beb8debf330a17a5dfa4483a61a7af3e0003eb,2aa59b805c37bd61d06210ccc5ca9c052c29e671e7e5032b173aeef59fc0fa2b,3061,3044,13,0,1,1,2,20230,3551,3538,0,13,5,1,0,99.9,99.92,108913,106912,7ca3dd21428087d779a1f2a2fd37f8e4f96f16cdd293ec771b46b3a7985f44b1,031ba18b1e43b410d42eb785f1cb59c0f4acffe6913256a0423736a6465c70dd,0
texts_no_prologue_epilogue,702,702__A04632.8.txt,A04632,f2beb8debf330a17a5dfa4483a61a7af3e0003eb,2aa59b805c37bd61d06210ccc5ca9c052c29e671e7e5032b173aeef59fc0fa2b,3037,3020,13,0,1,1,2,20032,3510,3497,0,13,5,1,0,99.9,99.92,107804,105822,68c5f0045598fd4b0afb64a003908c4b3faa8762a6d69ccbfeba189e2cc28604,ab91c7abfb86ec10e6637e39ce92b78774a20991d128a57e8d2a9012bbdb1c4c,0
texts_analysis_en,704,704__A04632.7.txt,A04632,f2beb8debf330a17a5dfa4483a61a7af3e0003eb,2aa59b805c37bd61d06210ccc5ca9c052c29e671e7e5032b173aeef59fc0fa2b,1494,1483,11,0,0,0,0,28611,5105,5102,0,3,9,0,1,100.0,100.0,153205,150540,bde8a0dad5c64b83f25de23a9ed714135564cc575853fba8a693fa7d7ba9a359,363923498a329629ce42686ab0677f3c56fbfa08ac2c45262ef87087e935baab,0
texts_no_prologue_epilogue,704,704__A04632.7.txt,A04632,f2beb8debf330a17a5dfa4483a61a7af3e0003eb,2aa59b805c37bd61d06210ccc5ca9c052c29e671e7e5032b173aeef59fc0fa2b,1451,1440,11,0,0,0,0,28249,5060,5057,0,3,9,0,1,100.0,100.0,151253,148615,540b1fa3d57cb5d7af130d63a173732bf322efc9fdb84f357a5b1166b91c60ea,2dc8c2bafacc5c72e5c0b8a83fbdcba8adfd64fffaf89064197c531b3f917d47,0
texts_analysis_en,767,767__A04632.12.txt,A04632,f2beb8debf330a17a5dfa4483a61a7af3e0003eb,2aa59b805c37bd61d06210ccc5ca9c052c29e671e7e5032b173aeef59fc0fa2b,168,168,0,0,0,0,0,2083,383,383,0,0,0,0,0,100.0,100.0,11498,11305,38d6a1683845fc7aae4ea283f703c7864901b091606c0e0435cdaf320f3a8181,e96243932d1e0f88c550fa38b6cd5cd942b968612e3dd35cbc0cc10a14a61a1f,0
texts_no_prologue_epilogue,767,767__A04632.12.txt,A04632,f2beb8debf330a17a5dfa4483a61a7af3e0003eb,2aa59b805c37bd61d06210ccc5ca9c052c29e671e7e5032b173aeef59fc0fa2b,168,168,0,0,0,0,0,2083,383,383,0,0,0,0,0,100.0,100.0,11498,11305,38d6a1683845fc7aae4ea283f703c7864901b091606c0e0435cdaf320f3a8181,e96243932d1e0f88c550fa38b6cd5cd942b968612e3dd35cbc0cc10a14a61a1f,0
texts_analysis_en,769,769__A04632.13.txt,A04632,f2beb8debf330a17a5dfa4483a61a7af3e0003eb,2aa59b805c37bd61d06210ccc5ca9c052c29e671e7e5032b173aeef59fc0fa2b,8,8,0,0,0,0,0,63,19,19,0,0,0,0,0,100.0,100.0,379,373,fa6924a4266da61bb64c62a147e055a9ca53645010055c42b1653ba2677d4d5a,22ba9e4e960dd59461ad240e2bdac16dcd991d7cc76df4fb6ccb6381103f6fe7,0
texts_no_prologue_epilogue,769,769__A04632.13.txt,A04632,f2beb8debf330a17a5dfa4483a61a7af3e0003eb,2aa59b805c37bd61d06210ccc5ca9c052c29e671e7e5032b173aeef59fc0fa2b,8,8,0,0,0,0,0,63,19,19,0,0,0,0,0,100.0,100.0,379,373,fa6924a4266da61bb64c62a147e055a9ca53645010055c42b1653ba2677d4d5a,22ba9e4e960dd59461ad240e2bdac16dcd991d7cc76df4fb6ccb6381103f6fe7,0
texts_analysis_en,771,771__A04632.14.txt,A04632,f2beb8debf330a17a5dfa4483a61a7af3e0003eb,2aa59b805c37bd61d06210ccc5ca9c052c29e671e7e5032b173aeef59fc0fa2b,66,66,0,0,0,0,0,475,83,83,0,0,0,0,0,100.0,100.0,2644,2599,86bf8935c5a2627ad7d5f225073c8e3dc80fba0abee12287791289ce2dfc460d,ca33f3105556ca5d1e50cd967f7e3b77aa4041fd4885d49a47f58be0b1fac87e,0
texts_no_prologue_epilogue,771,771__A04632.14.txt,A04632,f2beb8debf330a17a5dfa4483a61a7af3e0003eb,2aa59b805c37bd61d06210ccc5ca9c052c29e671e7e5032b173aeef59fc0fa2b,66,66,0,0,0,0,0,475,83,83,0,0,0,0,0,100.0,100.0,2644,2599,86bf8935c5a2627ad7d5f225073c8e3dc80fba0abee12287791289ce2dfc460d,ca33f3105556ca5d1e50cd967f7e3b77aa4041fd4885d49a47f58be0b1fac87e,0
texts_analysis_en,773,773__A04632.20.txt,A04632,f2beb8debf330a17a5dfa4483a61a7af3e0003eb,2aa59b805c37bd61d06210ccc5ca9c052c29e671e7e5032b173aeef59fc0fa2b,34,0,0,0,0,0,34,0,0,0,0,0,0,0,0,0.0,0.0,1472,1472,18fbeb1d0ee2a074e4ce4783f27e9480b76eac96480e92b90d2ceb5bccd10429,18fbeb1d0ee2a074e4ce4783f27e9480b76eac96480e92b90d2ceb5bccd10429,0
texts_no_prologue_epilogue,773,773__A04632.20.txt,A04632,f2beb8debf330a17a5dfa4483a61a7af3e0003eb,2aa59b805c37bd61d06210ccc5ca9c052c29e671e7e5032b173aeef59fc0fa2b,34,0,0,0,0,0,34,0,0,0,0,0,0,0,0,0.0,0.0,1472,1472,18fbeb1d0ee2a074e4ce4783f27e9480b76eac96480e92b90d2ceb5bccd10429,18fbeb1d0ee2a074e4ce4783f27e9480b76eac96480e92b90d2ceb5bccd10429,0
texts_analysis_en,785,785__A04632.26.txt,A04632,f2beb8debf330a17a5dfa4483a61a7af3e0003eb,2aa59b805c37bd61d06210ccc5ca9c052c29e671e7e5032b173aeef59fc0fa2b,157,0,0,0,0,0,157,0,0,0,0,0,0,0,0,0.0,0.0,15594,15594,d3538762d77c420dda30a0623b4b7d743f1184067dbdb2f166ffabd6dc011f9a,d3538762d77c420dda30a0623b4b7d743f1184067dbdb2f166ffabd6dc011f9a,0
texts_no_prologue_epilogue,785,785__A04632.26.txt,A04632,f2beb8debf330a17a5dfa4483a61a7af3e0003eb,2aa59b805c37bd61d06210ccc5ca9c052c29e671e7e5032b173aeef59fc0fa2b,157,0,0,0,0,0,157,0,0,0,0,0,0,0,0,0.0,0.0,15594,15594,d3538762d77c420dda30a0623b4b7d743f1184067dbdb2f166ffabd6dc011f9a,d3538762d77c420dda30a0623b4b7d743f1184067dbdb2f166ffabd6dc011f9a,0
texts_analysis_en,787,787__A04632.27.txt,A04632,f2beb8debf330a17a5dfa4483a61a7af3e0003eb,2aa59b805c37bd61d06210ccc5ca9c052c29e671e7e5032b173aeef59fc0fa2b,215,0,0,0,0,0,215,0,0,0,0,0,0,0,0,0.0,0.0,7321,7321,0fa4c192510edc2967c7f508f35fc44d2a7efdff517d03afcacd8afae1d34bd4,0fa4c192510edc2967c7f508f35fc44d2a7efdff517d03afcacd8afae1d34bd4,0
texts_no_prologue_epilogue,787,787__A04632.27.txt,A04632,f2beb8debf330a17a5dfa4483a61a7af3e0003eb,2aa59b805c37bd61d06210ccc5ca9c052c29e671e7e5032b173aeef59fc0fa2b,215,0,0,0,0,0,215,0,0,0,0,0,0,0,0,0.0,0.0,7321,7321,0fa4c192510edc2967c7f508f35fc44d2a7efdff517d03afcacd8afae1d34bd4,0fa4c192510edc2967c7f508f35fc44d2a7efdff517d03afcacd8afae1d34bd4,0
texts_analysis_en,701,701__A04636.txt,A04636,f2beb8debf330a17a5dfa4483a61a7af3e0003eb,a1deca565334c6c1e03645e1a3c840fe688e0f521686632ed1472f8fc5410a06,4043,3943,98,0,0,2,0,26847,4412,4388,0,24,130,37,0,99.95,99.98,142486,140318,846bdc327438643310afc542f388cd8d58c3bb6402049b500752a6363831f710,8af603cef4beb6966e2421b6ab2866a0978a992f6b1dad1465a277ff1beca85c,0
texts_no_prologue_epilogue,701,701__A04636.txt,A04636,f2beb8debf330a17a5dfa4483a61a7af3e0003eb,a1deca565334c6c1e03645e1a3c840fe688e0f521686632ed1472f8fc5410a06,4019,3919,98,0,0,2,0,26647,4366,4342,0,24,130,37,0,99.95,99.98,141370,139226,3cf6254e8d9566104985ef814f191204ee283e6755d133f3afbc3fb8aa1ff493,71b8cef087d563d68aa4f2a5a63cb2d9e598065b4069ddddf0a2678c96cb123a,0
texts_analysis_en,459,459__A04637.1.txt,A04637,f2beb8debf330a17a5dfa4483a61a7af3e0003eb,df5a8bd4dd8911af1563dd3375a241d932b8d7270bcf5e8e663e6883bd5cdf30,257,212,45,0,0,0,0,2090,441,439,0,2,4,0,0,100.0,100.0,11356,11223,663e1b12ab0002494345d70fed623567c369bab0b67ec5af0f359b15ab5765e5,a03556ef57e6cbd9f0a18f14da64607ff10399f4159b679c0792dcab1f23043f,0
texts_no_prologue_epilogue,459,459__A04637.1.txt,A04637,f2beb8debf330a17a5dfa4483a61a7af3e0003eb,df5a8bd4dd8911af1563dd3375a241d932b8d7270bcf5e8e663e6883bd5cdf30,257,212,45,0,0,0,0,2090,441,439,0,2,4,0,0,100.0,100.0,11356,11223,663e1b12ab0002494345d70fed623567c369bab0b67ec5af0f359b15ab5765e5,a03556ef57e6cbd9f0a18f14da64607ff10399f4159b679c0792dcab1f23043f,0
texts_analysis_en,462,462__A04637.2.txt,A04637,f2beb8debf330a17a5dfa4483a61a7af3e0003eb,df5a8bd4dd8911af1563dd3375a241d932b8d7270bcf5e8e663e6883bd5cdf30,267,0,0,0,0,0,267,0,0,0,0,0,0,0,0,0.0,0.0,10751,10751,293043d6d65296fc4ba3a6cb5227243d9e7f4ed4a403bc91e78d764c5cb1f6b8,293043d6d65296fc4ba3a6cb5227243d9e7f4ed4a403bc91e78d764c5cb1f6b8,0
texts_no_prologue_epilogue,462,462__A04637.2.txt,A04637,f2beb8debf330a17a5dfa4483a61a7af3e0003eb,df5a8bd4dd8911af1563dd3375a241d932b8d7270bcf5e8e663e6883bd5cdf30,267,0,0,0,0,0,267,0,0,0,0,0,0,0,0,0.0,0.0,10751,10751,293043d6d65296fc4ba3a6cb5227243d9e7f4ed4a403bc91e78d764c5cb1f6b8,293043d6d65296fc4ba3a6cb5227243d9e7f4ed4a403bc91e78d764c5cb1f6b8,0
texts_analysis_en,663,663__A04638.txt,A04638,f2beb8debf330a17a5dfa4483a61a7af3e0003eb,0948960c3693cf11e6ddef28b256f38df3b2e021fa265077d920ca8f91647b60,1879,1839,39,0,0,1,0,17899,3238,3207,0,31,15,4,0,99.95,99.74,94229,93305,2a83626928df579a500ab9772ca55790078755b645b0e6036dbc3f20d24fd502,889a113c90c50d01dd6b244bc1df7156808ae7fa47106d11302c11b614e5ad1d,0
texts_no_prologue_epilogue,663,663__A04638.txt,A04638,f2beb8debf330a17a5dfa4483a61a7af3e0003eb,0948960c3693cf11e6ddef28b256f38df3b2e021fa265077d920ca8f91647b60,1879,1839,39,0,0,1,0,17899,3238,3207,0,31,15,4,0,99.95,99.74,94229,93305,2a83626928df579a500ab9772ca55790078755b645b0e6036dbc3f20d24fd502,889a113c90c50d01dd6b244bc1df7156808ae7fa47106d11302c11b614e5ad1d,0
texts_analysis_en,690,690__A04640.txt,A04640,f2beb8debf330a17a5dfa4483a61a7af3e0003eb,cb318689559d7fb28e9a3b7f15a96438e16c058bba9bdb9ba92dacedec5c524c,3976,3833,139,0,0,4,0,28779,5014,4996,0,18,157,3,0,99.9,99.9,156803,154139,0ad96064118069452571053e5437360fc866f6786933ae5a828e6353c74ffa73,8bf7db5474d7cdcf2454bb292fe93810862c0bad6966f5e0ec50380b9cfaae06,0
texts_no_prologue_epilogue,690,690__A04640.txt,A04640,f2beb8debf330a17a5dfa4483a61a7af3e0003eb,cb318689559d7fb28e9a3b7f15a96438e16c058bba9bdb9ba92dacedec5c524c,3976,3833,139,0,0,4,0,28779,5014,4996,0,18,157,3,0,99.9,99.9,156803,154139,0ad96064118069452571053e5437360fc866f6786933ae5a828e6353c74ffa73,8bf7db5474d7cdcf2454bb292fe93810862c0bad6966f5e0ec50380b9cfaae06,0
texts_analysis_en,631,631__A04643.1.txt,A04643,f2beb8debf330a17a5dfa4483a61a7af3e0003eb,9116dcafa17b81268484031665a794c9b50011c3f8fe2e927888e645894d3a33,212,200,12,0,0,0,0,1497,306,304,0,2,0,1,0,100.0,100.0,8611,8508,2c90bbfc143be80d43f4f066ca75c7f0d18a34c62b107c9aed53b432e8237ab7,ce18b89895519a8f22668c93d6794e20c15f6d0fbb26c35b1761d85446334f3f,0
texts_no_prologue_epilogue,631,631__A04643.1.txt,A04643,f2beb8debf330a17a5dfa4483a61a7af3e0003eb,9116dcafa17b81268484031665a794c9b50011c3f8fe2e927888e645894d3a33,212,200,12,0,0,0,0,1497,306,304,0,2,0,1,0,100.0,100.0,8611,8508,2c90bbfc143be80d43f4f066ca75c7f0d18a34c62b107c9aed53b432e8237ab7,ce18b89895519a8f22668c93d6794e20c15f6d0fbb26c35b1761d85446334f3f,0
texts_analysis_en,634,634__A04643.2.txt,A04643,f2beb8debf330a17a5dfa4483a61a7af3e0003eb,9116dcafa17b81268484031665a794c9b50011c3f8fe2e927888e645894d3a33,200,180,20,0,0,0,0,1520,292,290,0,2,1,0,0,100.0,100.0,8412,8352,2a259ed717876af32371307ccb3a8c6c06019aed9639adfe326fb47308d87571,63f458d30f5e463ab0bbc93d42752bdce34eab40df0d91b6bb1d2c6eb73850f5,0
texts_no_prologue_epilogue,634,634__A04643.2.txt,A04643,f2beb8debf330a17a5dfa4483a61a7af3e0003eb,9116dcafa17b81268484031665a794c9b50011c3f8fe2e927888e645894d3a33,200,180,20,0,0,0,0,1520,292,290,0,2,1,0,0,100.0,100.0,8412,8352,2a259ed717876af32371307ccb3a8c6c06019aed9639adfe326fb47308d87571,63f458d30f5e463ab0bbc93d42752bdce34eab40df0d91b6bb1d2c6eb73850f5,0
texts_analysis_en,967,967__A04644.txt,A04644,f2beb8debf330a17a5dfa4483a61a7af3e0003eb,83c6aab33c0ed4deb1b317d227d81e72bac65fe4a9fb2fc8e05de3fb8511ba6d,123,121,2,0,0,0,0,1189,233,228,0,5,0,0,0,100.0,100.0,6561,6452,8a957854f5a891b87eed89267ff554b61f5367fac9ae46932eb8578a4745e5ef,04a2049763506d4651d8c7f70815e2207079157975c17910368ddafcdd06fff0,0
texts_no_prologue_epilogue,967,967__A04644.txt,A04644,f2beb8debf330a17a5dfa4483a61a7af3e0003eb,83c6aab33c0ed4deb1b317d227d81e72bac65fe4a9fb2fc8e05de3fb8511ba6d,123,121,2,0,0,0,0,1189,233,228,0,5,0,0,0,100.0,100.0,6561,6452,8a957854f5a891b87eed89267ff554b61f5367fac9ae46932eb8578a4745e5ef,04a2049763506d4651d8c7f70815e2207079157975c17910368ddafcdd06fff0,0
texts_analysis_en,705,705__A04645.txt,A04645,f2beb8debf330a17a5dfa4483a61a7af3e0003eb,bb74edd56eee487365950978a1fc298bf1fb85c30600351e9959eab9604c2cc1,1350,1300,47,0,0,3,0,25783,4753,4689,0,64,18,0,0,99.78,99.91,138896,136230,c255be4879062139eee7c7f0af1a9d53165466d7c228afba3dba50b0350c76f1,f0ef422c7eb90881135aa6ff76c7223f7ec69d76a602d85eb707f5d2c8090ded,0
texts_no_prologue_epilogue,705,705__A04645.txt,A04645,f2beb8debf330a17a5dfa4483a61a7af3e0003eb,bb74edd56eee487365950978a1fc298bf1fb85c30600351e9959eab9604c2cc1,1307,1258,46,0,0,3,0,25421,4706,4642,0,64,17,0,0,99.77,99.91,136939,134304,a573e897b93ee401f9e39296f890c5697818743462e7e65a29a5997b29381880,4d1b7cefda12c702d37df9730ed62645d9978757469344b2108d469458fe5ec5,0
texts_analysis_en,404,404__A04647.txt,A04647,f2beb8debf330a17a5dfa4483a61a7af3e0003eb,90bb1946600abf954cdad6457a812b7aa7c63f13cf239e0959424d6429e5d57f,1668,1339,317,6,0,6,0,25727,4770,4753,1,16,592,53,0,99.64,99.71,132310,131116,a031d069377aa018f1c5bbe67be418dd540c5040cdd1a7b96a26f57b6c86edb8,050b75ec5b9d7f388daac8488681393b932b6d93e0b943a10dc26d3ac4cbf455,0
texts_no_prologue_epilogue,404,404__A04647.txt,A04647,f2beb8debf330a17a5dfa4483a61a7af3e0003eb,90bb1946600abf954cdad6457a812b7aa7c63f13cf239e0959424d6429e5d57f,1668,1339,317,6,0,6,0,25727,4770,4753,1,16,592,53,0,99.64,99.71,132310,131116,a031d069377aa018f1c5bbe67be418dd540c5040cdd1a7b96a26f57b6c86edb8,050b75ec5b9d7f388daac8488681393b932b6d93e0b943a10dc26d3ac4cbf455,0
texts_analysis_en,365,365__A04648.txt,A04648,f2beb8debf330a17a5dfa4483a61a7af3e0003eb,41e6e17050204c28b313582789778ac735e9f01be9a3837c23785571a3ae1433,2266,2080,166,1,1,3,15,36948,6588,6527,1,60,164,8,0,99.21,99.04,197897,194440,67e46c40c11425b710dd55e4fcd4cf949d177fa18c12de39fea7209815bb4ef1,962afad72d3b5f50e28273ff6eb33887a7151ba7c9a76848678c36b717df58e8,0
texts_no_prologue_epilogue,365,365__A04648.txt,A04648,f2beb8debf330a17a5dfa4483a61a7af3e0003eb,41e6e17050204c28b313582789778ac735e9f01be9a3837c23785571a3ae1433,2266,2080,166,1,1,3,15,36948,6588,6527,1,60,164,8,0,99.21,99.04,197897,194440,67e46c40c11425b710dd55e4fcd4cf949d177fa18c12de39fea7209815bb4ef1,962afad72d3b5f50e28273ff6eb33887a7151ba7c9a76848678c36b717df58e8,0
texts_analysis_en,901,901__A04652.txt,A04652,f2beb8debf330a17a5dfa4483a61a7af3e0003eb,ec3a0b6e9c51251395ba825d091c26258c1e3013966208beeba9f81220b35763,469,462,6,1,0,0,0,3029,517,509,0,8,0,0,0,100.0,100.0,16205,16034,998a12d6aa0e235d806e60b60df97f42b0fed0e3eb45a8d956cd08e885af54fc,477c631ccc49a5bbc793c2e0ba1c088e51413da20f1db3827babe6290bd1d3b6,0
texts_no_prologue_epilogue,901,901__A04652.txt,A04652,f2beb8debf330a17a5dfa4483a61a7af3e0003eb,ec3a0b6e9c51251395ba825d091c26258c1e3013966208beeba9f81220b35763,469,462,6,1,0,0,0,3029,517,509,0,8,0,0,0,100.0,100.0,16205,16034,998a12d6aa0e235d806e60b60df97f42b0fed0e3eb45a8d956cd08e885af54fc,477c631ccc49a5bbc793c2e0ba1c088e51413da20f1db3827babe6290bd1d3b6,0
texts_analysis_en,558,558__A04654.txt,A04654,f2beb8debf330a17a5dfa4483a61a7af3e0003eb,94ac8e9ae3d545fb89358769c2067f152a8a1b8e6579cb7758eec043f788af33,598,537,60,0,0,1,0,4038,786,775,10,1,11,0,0,99.83,99.88,22895,22533,7ffcc94d8c4280fea907bee00e3caae5347619be8f247b1ddb3d44a4c47e5a30,ebac72604d3a3864ca1412b668b4c38143b232123c767208a752972df637384d,0
texts_no_prologue_epilogue,558,558__A04654.txt,A04654,f2beb8debf330a17a5dfa4483a61a7af3e0003eb,94ac8e9ae3d545fb89358769c2067f152a8a1b8e6579cb7758eec043f788af33,598,537,60,0,0,1,0,4038,786,775,10,1,11,0,0,99.83,99.88,22895,22533,7ffcc94d8c4280fea907bee00e3caae5347619be8f247b1ddb3d44a4c47e5a30,ebac72604d3a3864ca1412b668b4c38143b232123c767208a752972df637384d,0
texts_analysis_en,949,949__A04655.txt,A04655,f2beb8debf330a17a5dfa4483a61a7af3e0003eb,d1aee301f3dfed3ad18a69bc1a0b6e7d97ebd4f2ee725250dc0296ec984c68cc,121,116,3,0,0,2,0,825,162,160,0,2,1,0,0,98.35,97.93,4714,4645,241fbefb3c35261cd380eb6589e827ca2965a659e631f1e3f6e4fe744ad4f46c,55da2cbd20e4c769d5136517d18198cbe4b76605a1f54838788484457baa9ea5,0
texts_no_prologue_epilogue,949,949__A04655.txt,A04655,f2beb8debf330a17a5dfa4483a61a7af3e0003eb,d1aee301f3dfed3ad18a69bc1a0b6e7d97ebd4f2ee725250dc0296ec984c68cc,121,116,3,0,0,2,0,825,162,160,0,2,1,0,0,98.35,97.93,4714,4645,241fbefb3c35261cd380eb6589e827ca2965a659e631f1e3f6e4fe744ad4f46c,55da2cbd20e4c769d5136517d18198cbe4b76605a1f54838788484457baa9ea5,0
texts_analysis_en,894,894__A04656.txt,A04656,f2beb8debf330a17a5dfa4483a61a7af3e0003eb,b717d390eb039e556a70c8438ebfd25af4c2acbfd034727a29ddc3b13550ffa4,307,297,9,1,0,0,0,2156,359,356,0,3,4,0,0,100.0,100.0,11638,11501,da9b6808a78a54ee12b37141cba5a6d7fcbf3753f2e4216a8083fe0e1cb0bc19,62c36e84e2997de01bd1c7d53031f7aab2cdfa6aae80b8f8df34f678281fccef,0
texts_no_prologue_epilogue,894,894__A04656.txt,A04656,f2beb8debf330a17a5dfa4483a61a7af3e0003eb,b717d390eb039e556a70c8438ebfd25af4c2acbfd034727a29ddc3b13550ffa4,307,297,9,1,0,0,0,2156,359,356,0,3,4,0,0,100.0,100.0,11638,11501,da9b6808a78a54ee12b37141cba5a6d7fcbf3753f2e4216a8083fe0e1cb0bc19,62c36e84e2997de01bd1c7d53031f7aab2cdfa6aae80b8f8df34f678281fccef,0
texts_analysis_en,956,956__A04658.txt,A04658,f2beb8debf330a17a5dfa4483a61a7af3e0003eb,c952050e5995d2c587afa972f048d90eff2bc1b4bf61224f00cb244f96789293,3126,2889,201,4,0,28,4,21760,3640,3625,0,15,192,11,0,98.98,99.09,116772,115460,035f3ebac8fbbcacea9d3cb0f091b37cd1dd6081fea8311337d3d8cb3b94bf55,d64d037280e87f080b14f3e31e0f41db5e36080cb6f063da41ce5fe3a791a31a,0
texts_no_prologue_epilogue,956,956__A04658.txt,A04658,f2beb8debf330a17a5dfa4483a61a7af3e0003eb,c952050e5995d2c587afa972f048d90eff2bc1b4bf61224f00cb244f96789293,3060,2828,196,4,0,28,4,21182,3531,3517,0,14,187,11,0,98.95,99.07,113786,112512,669ae857ec1a032a3dc1c43979da7d2290088211fad43ac716051573dda44b30,f92c7f30e24981c26986500260782e68c7dd9b921cc3e9d01f5c194de20b1386,0
texts_analysis_en,1073,1073__A04824.txt,A04824,f2beb8debf330a17a5dfa4483a61a7af3e0003eb,fa766937fe0f54a608508f0a3af8d9587df15f6402d1e7c7496e64a5991e5f8b,1709,1680,26,0,0,2,1,31538,4285,4284,0,1,6,1,0,99.82,99.5,166225,163919,a5979cbe0f284f6088e1f306b78608ee3f9105ac365d5e710c33f01209d115a0,adb6c910c5da20584064ef8bffc4ce106d36395a0ef2490462f5f48d0db3bcf3,0
texts_no_prologue_epilogue,1073,1073__A04824.txt,A04824,f2beb8debf330a17a5dfa4483a61a7af3e0003eb,fa766937fe0f54a608508f0a3af8d9587df15f6402d1e7c7496e64a5991e5f8b,1661,1633,25,0,0,2,1,31172,4232,4231,0,1,5,1,0,99.82,99.49,164095,161811,3d4076bf0e87057658ab0bf002ddd1ca5a007b7e0e1aae3e9c6dffcd1745aaa6,cbc5c3bddcecebd0f03ae1f08fd4f88a01fdf37d53c8c57f39342b719cc89cd2,0
texts_analysis_en,1085,1085__A04874.txt,A04874,f2beb8debf330a17a5dfa4483a61a7af3e0003eb,1276b7519de9b52026ed834ece4afedcad6af8bb240afcc5b0b5793d8f7b337d,2448,2399,45,2,0,2,0,21471,3039,3029,0,10,23,1,0,99.92,99.91,115819,114238,b78cdca90c2ce72f7d1ea28c9efbc4bbe7587f4b69a95165abd86627626597c3,98c28de6a22780c5e5c2d562ab946dc11ef8eaad70c9dea26b8db031bd1fb96c,0
texts_no_prologue_epilogue,1085,1085__A04874.txt,A04874,f2beb8debf330a17a5dfa4483a61a7af3e0003eb,1276b7519de9b52026ed834ece4afedcad6af8bb240afcc5b0b5793d8f7b337d,2448,2399,45,2,0,2,0,21471,3039,3029,0,10,23,1,0,99.92,99.91,115819,114238,b78cdca90c2ce72f7d1ea28c9efbc4bbe7587f4b69a95165abd86627626597c3,98c28de6a22780c5e5c2d562ab946dc11ef8eaad70c9dea26b8db031bd1fb96c,0
texts_analysis_en,683,683__A04881.txt,A04881,f2beb8debf330a17a5dfa4483a61a7af3e0003eb,7c792da7d29ca40595d0ab29b9a1bbd84446ed90d74d669b374a77d3561f732f,2928,2897,31,0,0,0,0,21084,4521,4502,0,19,14,1,0,100.0,100.0,109805,108128,0ead98115f1ad683ced923228f3db46d65d3871e951acf43712a60cee339e3aa,a9d1f26da69cc01843b097a07f2a3516905308de4fa6f92fcf1d00625aa676a9,0
texts_no_prologue_epilogue,683,683__A04881.txt,A04881,f2beb8debf330a17a5dfa4483a61a7af3e0003eb,7c792da7d29ca40595d0ab29b9a1bbd84446ed90d74d669b374a77d3561f732f,2876,2845,31,0,0,0,0,20742,4452,4433,0,19,14,1,0,100.0,100.0,107915,106277,b0a26190030d13fd3a2e87d66ceb40932e1e333d4ac3fb187dfa06e631b75b78,906c7029e3f922a9f17ead68cb0dbfd9f10320f828f929e798931d1cb140fbcb,0
texts_analysis_en,209,209__A04888.txt,A04888,f2beb8debf330a17a5dfa4483a61a7af3e0003eb,66e2531b80bea8b71fee62bf2713a84f76c6f83ae054fa22a49813f93fc6afd7,1723,1572,142,5,0,4,0,16440,3170,3156,0,14,107,20,0,99.77,99.78,84962,84422,a00b98b6f3e349e9f3068fafd6e9156af70b36fe4f8ec61a6f3683f0ce9e0ee6,c7a2e8948b5bc6b495d83faeb0073a4ab549e9d14226a426106e65ff05b9d046,0
texts_no_prologue_epilogue,209,209__A04888.txt,A04888,f2beb8debf330a17a5dfa4483a61a7af3e0003eb,66e2531b80bea8b71fee62bf2713a84f76c6f83ae054fa22a49813f93fc6afd7,1723,1572,142,5,0,4,0,16440,3170,3156,0,14,107,20,0,99.77,99.78,84962,84422,a00b98b6f3e349e9f3068fafd6e9156af70b36fe4f8ec61a6f3683f0ce9e0ee6,c7a2e8948b5bc6b495d83faeb0073a4ab549e9d14226a426106e65ff05b9d046,0
texts_analysis_en,270,270__A04889.txt,A04889,f2beb8debf330a17a5dfa4483a61a7af3e0003eb,393afe87fc7b2955a6f2406ffee9e86e069faffb445b62f197b4cc7d6c88f921,1614,1608,6,0,0,0,0,12904,2637,2628,0,9,1,0,0,100.0,100.0,70169,69090,83bf6c0407ab6df00462dd66fefad5992956362214c8340233d0aa00d5f8b815,d44cfb0c5eb98ec66d8c824b1a833ee8ab58d1b95ae78701a9da593ef47b1068,0
texts_no_prologue_epilogue,270,270__A04889.txt,A04889,f2beb8debf330a17a5dfa4483a61a7af3e0003eb,393afe87fc7b2955a6f2406ffee9e86e069faffb445b62f197b4cc7d6c88f921,1614,1608,6,0,0,0,0,12904,2637,2628,0,9,1,0,0,100.0,100.0,70169,69090,83bf6c0407ab6df00462dd66fefad5992956362214c8340233d0aa00d5f8b815,d44cfb0c5eb98ec66d8c824b1a833ee8ab58d1b95ae78701a9da593ef47b1068,0
texts_analysis_en,964,964__A04896.txt,A04896,f2beb8debf330a17a5dfa4483a61a7af3e0003eb,81447bd5ac2530888638fbdf62b94b5eb26d0f436bf2aa0a2a22bcf1997b7c4f,1793,1776,17,0,0,0,0,13345,2015,1991,0,24,4,0,0,100.0,100.0,75547,74443,caafdb91aa9d677513d349d219d37b4997f34ed360ee7e4e68581b7e36048027,005b2e1692d09f1a1fdedda7a8c7c9c6090b137c0faa93e5f908f579ec580781,0
texts_no_prologue_epilogue,964,964__A04896.txt,A04896,f2beb8debf330a17a5dfa4483a61a7af3e0003eb,81447bd5ac2530888638fbdf62b94b5eb26d0f436bf2aa0a2a22bcf1997b7c4f,1757,1740,17,0,0,0,0,13074,1981,1957,0,24,4,0,0,100.0,100.0,73980,72900,ec0618cb4d1a9b7fdd19f27f8930047e321edb98b1809f981f50346beb6c4b92,4a496fbe1b2a005996a90f8b8aec585531031d3a138aa9dd72f84bfacba684c8,0
texts_analysis_en,520,520__A04941.txt,A04941,f2beb8debf330a17a5dfa4483a61a7af3e0003eb,757d1e818a524ddaf8a9ca392c43ccd3306256907c8bdf426209c4680e8258a6,1265,1204,57,0,0,3,1,9037,2134,2118,0,16,33,1,0,99.68,99.7,48392,48138,802702d232275f93a9f21fc8bc1e9b6088167f05d8cb82a6309bbc44da9227d4,b0779128f2f90dc0544cba6043c88a2a702318a7d52e755eb917080009d76a33,0
texts_no_prologue_epilogue,520,520__A04941.txt,A04941,f2beb8debf330a17a5dfa4483a61a7af3e0003eb,757d1e818a524ddaf8a9ca392c43ccd3306256907c8bdf426209c4680e8258a6,1265,1204,57,0,0,3,1,9037,2134,2118,0,16,33,1,0,99.68,99.7,48392,48138,802702d232275f93a9f21fc8bc1e9b6088167f05d8cb82a6309bbc44da9227d4,b0779128f2f90dc0544cba6043c88a2a702318a7d52e755eb917080009d76a33,0
texts_analysis_en,190,190__A04942.txt,A04942,f2beb8debf330a17a5dfa4483a61a7af3e0003eb,d27dc10d676784234b634bc9accf8165f3b8a957cd3dd75fe8f4c52c2eef46b6,2743,2561,165,8,0,8,1,20760,4184,4179,0,5,159,12,0,99.67,99.68,113914,112670,9fa411bd72aed07f6c89644deaa4c7900a97b2d2cb077538ebf8d1d54ac70b9f,5719e3c220c3689515eee8fee124edd3d92205f0663699dd934509c15a39ff96,0
texts_no_prologue_epilogue,190,190__A04942.txt,A04942,f2beb8debf330a17a5dfa4483a61a7af3e0003eb,d27dc10d676784234b634bc9accf8165f3b8a957cd3dd75fe8f4c52c2eef46b6,2743,2561,165,8,0,8,1,20760,4184,4179,0,5,159,12,0,99.67,99.68,113914,112670,9fa411bd72aed07f6c89644deaa4c7900a97b2d2cb077538ebf8d1d54ac70b9f,5719e3c220c3689515eee8fee124edd3d92205f0663699dd934509c15a39ff96,0
texts_analysis_en,500,500__A05206.txt,A05206,34b63cca6a6be0de84ff5d79a306d9b4852dd8dc,1eedb97c7ee9169cd0f6d258d3aef5f22509dd1b31f1a852279b5afb320d4b1e,2502,2452,49,0,0,1,0,21211,3693,3688,0,5,6,0,0,99.96,99.96,110471,109432,2249b503826e3f315d66a9809e3e45754aa0a72d48eb2790cd02c46f1e48ee58,7d324113c53f3918a04cb6b961cb251775d7b495376b44839271043974b08ed0,0
texts_no_prologue_epilogue,500,500__A05206.txt,A05206,34b63cca6a6be0de84ff5d79a306d9b4852dd8dc,1eedb97c7ee9169cd0f6d258d3aef5f22509dd1b31f1a852279b5afb320d4b1e,2502,2452,49,0,0,1,0,21211,3693,3688,0,5,6,0,0,99.96,99.96,110471,109432,2249b503826e3f315d66a9809e3e45754aa0a72d48eb2790cd02c46f1e48ee58,7d324113c53f3918a04cb6b961cb251775d7b495376b44839271043974b08ed0,0
texts_analysis_en,740,740__A05801.txt,A05801,34b63cca6a6be0de84ff5d79a306d9b4852dd8dc,fb23735e6cf833ae762e52816632e9cde830b8a7a73d5917085ef194c0ed917b,1852,1846,6,0,0,0,0,15909,3242,3221,0,21,11,0,0,100.0,100.0,89119,87631,ef4b2d0ecea7e2e62f19dd54b2db4b10f514ae9688ecb4d8e775c36c59cabf91,d69c0664504975813afd34c63e42d9c580294c3551ced69fc20d8483344644c5,0
texts_no_prologue_epilogue,740,740__A05801.txt,A05801,34b63cca6a6be0de84ff5d79a306d9b4852dd8dc,fb23735e6cf833ae762e52816632e9cde830b8a7a73d5917085ef194c0ed917b,1848,1842,6,0,0,0,0,15871,3237,3216,0,21,11,0,0,100.0,100.0,88933,87447,5ff273cdf8a397a5a6b38911824604833a86188e5a723e6f9423c99c98291083,9ccab5eac316d1e55b0024ca8f460d9607ee0456dd0d64fbf757ed9777872ab7,0
texts_analysis_en,712,712__A06150.txt,A06150,330dd7b91dbaffd9148af3f0434febfa0032a321,2e57e2c8dcf9356a554c2ae0a562aec13b6899651df8313cd8708555c2d2e468,175,174,1,0,0,0,0,1285,277,264,0,13,0,0,0,100.0,100.0,7045,6933,ea661e696eee5d5ce471dfc3bdbe2b0fb194536b443de7ee50c2056881f517c4,c39cb8525acec3c6b478a5a77c497189fc6d79289d5c4f6a7a054c35fa236a86,0
texts_no_prologue_epilogue,712,712__A06150.txt,A06150,330dd7b91dbaffd9148af3f0434febfa0032a321,2e57e2c8dcf9356a554c2ae0a562aec13b6899651df8313cd8708555c2d2e468,175,174,1,0,0,0,0,1285,277,264,0,13,0,0,0,100.0,100.0,7045,6933,ea661e696eee5d5ce471dfc3bdbe2b0fb194536b443de7ee50c2056881f517c4,c39cb8525acec3c6b478a5a77c497189fc6d79289d5c4f6a7a054c35fa236a86,0
texts_analysis_en,741,741__A06177.txt,A06177,330dd7b91dbaffd9148af3f0434febfa0032a321,155208722225f2a9cee03af3ffa11816950a2cdcf4a934904f2afda56d3051f3,2211,2165,42,0,0,3,1,20612,4251,4250,0,1,3,0,0,99.82,99.18,104782,103068,ab24b77350dda3b66b2b785a7465dd417676f2ff646ca431075f67b4bf963864,f901867a07c3555d0fbd10666be3ff0172a94be676db39fdfad7a785e611af66,0
texts_no_prologue_epilogue,741,741__A06177.txt,A06177,330dd7b91dbaffd9148af3f0434febfa0032a321,155208722225f2a9cee03af3ffa11816950a2cdcf4a934904f2afda56d3051f3,2211,2165,42,0,0,3,1,20612,4251,4250,0,1,3,0,0,99.82,99.18,104782,103068,ab24b77350dda3b66b2b785a7465dd417676f2ff646ca431075f67b4bf963864,f901867a07c3555d0fbd10666be3ff0172a94be676db39fdfad7a785e611af66,0
texts_analysis_en,235,235__A06184.txt,A06184,330dd7b91dbaffd9148af3f0434febfa0032a321,c11510d1fa6c58f207a8ac903debe9c59568128dfae4d7f71dc915db42970185,2414,2277,125,3,0,9,0,19260,4272,4247,0,25,121,12,0,99.63,99.63,109232,107540,92ff8869a43fe62b3f1ada153c2f246a34b1bfb32b844c4d8eb30d0a1e246970,6ae345e62fc6d5fa35c936da11dc6b564333abce80535e47b9dd414c7eee2be7,0
texts_no_prologue_epilogue,235,235__A06184.txt,A06184,330dd7b91dbaffd9148af3f0434febfa0032a321,c11510d1fa6c58f207a8ac903debe9c59568128dfae4d7f71dc915db42970185,2414,2277,125,3,0,9,0,19260,4272,4247,0,25,121,12,0,99.63,99.63,109232,107540,92ff8869a43fe62b3f1ada153c2f246a34b1bfb32b844c4d8eb30d0a1e246970,6ae345e62fc6d5fa35c936da11dc6b564333abce80535e47b9dd414c7eee2be7,0
texts_analysis_en,216,216__A06185.txt,A06185,330dd7b91dbaffd9148af3f0434febfa0032a321,b45e3713e1694239fc9e70b969cea4f29b69c6ecd3ac11a25740edb782e891bb,1802,1697,97,1,0,6,1,19197,3973,3917,0,56,3,10,0,99.61,99.7,101809,100458,396bf8f3f1a1d07940fdb69d318da9c5cf89eb2ef848a4e813d107dfd1289086,133f6b13258ab34352dec912996dcbcfbd5bbf1e67bef914b2d258f05b250314,0
texts_no_prologue_epilogue,216,216__A06185.txt,A06185,330dd7b91dbaffd9148af3f0434febfa0032a321,b45e3713e1694239fc9e70b969cea4f29b69c6ecd3ac11a25740edb782e891bb,1802,1697,97,1,0,6,1,19197,3973,3917,0,56,3,10,0,99.61,99.7,101809,100458,396bf8f3f1a1d07940fdb69d318da9c5cf89eb2ef848a4e813d107dfd1289086,133f6b13258ab34352dec912996dcbcfbd5bbf1e67bef914b2d258f05b250314,0
texts_analysis_en,808,808__A06207.txt,A06207,330dd7b91dbaffd9148af3f0434febfa0032a321,c24f4663d2f62db8934e8e0cecfb6a6116c5701c3316d8c0774528ec357d7c88,2704,2564,137,0,0,2,1,24282,4447,4446,0,1,138,8,2,99.89,99.94,123241,121245,1a8807f3844bae4bda1f6928661648aa9d89e7039917ddead842cfada83b7766,42da96efce33947255d1bf5f19bc49ab1fa9c8ac09a21b187d55b2f91ac4a170,0
texts_no_prologue_epilogue,808,808__A06207.txt,A06207,330dd7b91dbaffd9148af3f0434febfa0032a321,c24f4663d2f62db8934e8e0cecfb6a6116c5701c3316d8c0774528ec357d7c88,2704,2564,137,0,0,2,1,24282,4447,4446,0,1,138,8,2,99.89,99.94,123241,121245,1a8807f3844bae4bda1f6928661648aa9d89e7039917ddead842cfada83b7766,42da96efce33947255d1bf5f19bc49ab1fa9c8ac09a21b187d55b2f91ac4a170,0
texts_analysis_en,724,724__A06252.txt,A06252,330dd7b91dbaffd9148af3f0434febfa0032a321,f1a3cdeae59f0312db8e1b1b5a96f8154d9e74275887e779bf5d2e2261247958,1791,1763,28,0,0,0,0,21127,3891,3848,0,43,1,0,0,100.0,100.0,110124,108322,5d109d26c3a0185c2ffeb1d170f7a4609e7236ae39be25f04559afdc9533d763,e6f6c85200c22ffaf84c2c967feb614fbdc9065cc2bd7038895bfead726be889,0
texts_no_prologue_epilogue,724,724__A06252.txt,A06252,330dd7b91dbaffd9148af3f0434febfa0032a321,f1a3cdeae59f0312db8e1b1b5a96f8154d9e74275887e779bf5d2e2261247958,1718,1695,23,0,0,0,0,19950,3672,3632,0,40,1,0,0,100.0,100.0,104175,102472,46b6ec945389431e5fd156bccf86c3ca63d629886c8eae077ca2e0d3d02e22b4,1b45179c3b957555ec6adbbae77f34babb253fcf3dd6c170646a0853088d72af,0
texts_analysis_en,441,441__A06270.txt,A06270,330dd7b91dbaffd9148af3f0434febfa0032a321,369387d7f51276a697147a1eafbe544a63b0b9ed5e90716bc387e44c402f6dcb,1571,1453,99,12,0,4,3,12305,2793,2782,0,11,84,22,0,99.55,99.7,67214,66154,d02ce76757d366bacbbd37ab70014fcc449eae5a8e6eaf25d134094e858ef7f9,8374b3ebbcb06c7dd9c49c362d0c0a38203fee53547104843386b8f0e748ac49,0
texts_no_prologue_epilogue,441,441__A06270.txt,A06270,330dd7b91dbaffd9148af3f0434febfa0032a321,369387d7f51276a697147a1eafbe544a63b0b9ed5e90716bc387e44c402f6dcb,1535,1424,92,12,0,4,3,12036,2730,2719,0,11,78,20,0,99.54,99.69,65627,64594,bc1eed2b1bbcab0313a5b39eb224d1476ff17b84a5181aa40d3f1953f1409139,02f411adb9cbd48f345ef01c352708a4e21924f98a8db47006e45f5e381aecdf,0
texts_analysis_en,800,800__A06289.txt,A06289,330dd7b91dbaffd9148af3f0434febfa0032a321,d8e45cc9f6760a697a4e013bb069d5d74ee35e1e95885adcd761117a77734839,2747,2590,154,0,0,2,1,21246,3799,3797,0,2,178,0,0,99.89,99.96,107193,105931,78d738f2014ba72dc6d320d51f4030f02adf458b83fd01e519ad47292837ff20,74ea8d8f5ac9506f320ce3afb13ba94596d29cd5ae23bfb67a607af41cc70d2d,0
texts_no_prologue_epilogue,800,800__A06289.txt,A06289,330dd7b91dbaffd9148af3f0434febfa0032a321,d8e45cc9f6760a697a4e013bb069d5d74ee35e1e95885adcd761117a77734839,2747,2590,154,0,0,2,1,21246,3799,3797,0,2,178,0,0,99.89,99.96,107193,105931,78d738f2014ba72dc6d320d51f4030f02adf458b83fd01e519ad47292837ff20,74ea8d8f5ac9506f320ce3afb13ba94596d29cd5ae23bfb67a607af41cc70d2d,0
texts_analysis_en,397,397__A06333.txt,A06333,330dd7b91dbaffd9148af3f0434febfa0032a321,7b7e452d8daa95353cccdd1d284d7c3cbc962b1c6d590e9065609f288950c7fd,2860,2835,23,0,0,1,1,25265,5272,5179,0,93,8,1,0,99.93,99.89,129974,128436,64476281a123f1ad53eeda3702d711bb4f44a931fb025b5af925198fe90d76bf,97432b9e6c61614a844d3bf99273520ec3d8728853da8f8b2faf37fe95c95bd8,0
texts_no_prologue_epilogue,397,397__A06333.txt,A06333,330dd7b91dbaffd9148af3f0434febfa0032a321,7b7e452d8daa95353cccdd1d284d7c3cbc962b1c6d590e9065609f288950c7fd,2860,2835,23,0,0,1,1,25265,5272,5179,0,93,8,1,0,99.93,99.89,129974,128436,64476281a123f1ad53eeda3702d711bb4f44a931fb025b5af925198fe90d76bf,97432b9e6c61614a844d3bf99273520ec3d8728853da8f8b2faf37fe95c95bd8,0
texts_analysis_en,815,815__A06343.txt,A06343,330dd7b91dbaffd9148af3f0434febfa0032a321,d8cc10cda1754e000a82154171d688cfb2ca04646f4fe149ac92d9f4e9c8cea1,1776,1738,35,0,0,3,0,19566,3732,3728,0,4,0,3,0,99.83,98.57,102482,101092,5b4fad53df497f519409205033a06f8cd7ff55ea464ba9e7db7490502247472d,9db9c3639f37931c2bcd8befcac67467869bbbc24dfe57611b101e3d685bb9ae,0
texts_no_prologue_epilogue,815,815__A06343.txt,A06343,330dd7b91dbaffd9148af3f0434febfa0032a321,d8cc10cda1754e000a82154171d688cfb2ca04646f4fe149ac92d9f4e9c8cea1,1776,1738,35,0,0,3,0,19566,3732,3728,0,4,0,3,0,99.83,98.57,102482,101092,5b4fad53df497f519409205033a06f8cd7ff55ea464ba9e7db7490502247472d,9db9c3639f37931c2bcd8befcac67467869bbbc24dfe57611b101e3d685bb9ae,0
texts_analysis_en,753,753__A06389.txt,A06389,330dd7b91dbaffd9148af3f0434febfa0032a321,122cbb55cee199df53a174b7bbf68b6e9b3594eb004a9c4a2d6b95c93b0a2e64,1368,1119,231,7,0,9,2,23003,4463,4455,0,8,286,75,0,99.2,99.12,117938,116904,90cccf503a4fe1570f46039707a61f63817d22dc2142d5fe6e6e592a816b4c8d,fcd7787335b21d0f4b0c030d9ab1f0dcce82992a968b1f549e76434911328956,0
texts_no_prologue_epilogue,753,753__A06389.txt,A06389,330dd7b91dbaffd9148af3f0434febfa0032a321,122cbb55cee199df53a174b7bbf68b6e9b3594eb004a9c4a2d6b95c93b0a2e64,1368,1119,231,7,0,9,2,23003,4463,4455,0,8,286,75,0,99.2,99.12,117938,116904,90cccf503a4fe1570f46039707a61f63817d22dc2142d5fe6e6e592a816b4c8d,fcd7787335b21d0f4b0c030d9ab1f0dcce82992a968b1f549e76434911328956,0
texts_analysis_en,1120,1120__A06402.txt,A06402,330dd7b91dbaffd9148af3f0434febfa0032a321,76d7aca28c0816b8b207befc0adf811861253dc6ee4134b3550ef11610b755b5,2834,2532,278,9,0,9,6,22988,2997,2991,0,6,288,26,0,99.47,99.64,123933,122602,d75e476f31cbda78f47b1038cd6f77d2180b293d636f38e39c5322e8020ce83b,3e4ba51cf882c0339636282def28d1cd686d224eb7db8f8c93207332251cbc8f,0
texts_no_prologue_epilogue,1120,1120__A06402.txt,A06402,330dd7b91dbaffd9148af3f0434febfa0032a321,76d7aca28c0816b8b207befc0adf811861253dc6ee4134b3550ef11610b755b5,2802,2501,277,9,0,9,6,22737,2954,2948,0,6,287,26,0,99.46,99.64,122539,121232,f1b28bd1b21ca19c7e9bf64701543a6878e7631cc16b90d1b03571d667510faf,5073ffca7851b37d66be9d51e4fa4d7df8094134b7cf40cb24a2cf59b8943b29,0
texts_analysis_en,1062,1062__A06453.txt,A06453,330dd7b91dbaffd9148af3f0434febfa0032a321,b598856fb3d2c455725104ad1cfccbf8e77fe58eb648792f70cffc9a9734d65e,191,191,0,0,0,0,0,1328,192,192,0,0,0,0,0,100.0,100.0,7498,7383,d1e75271b40680533bd56fc3eef4f6889b11ddf08eb8542c6e2a1e63a8afadc8,cbe2c150855bfdaa2dcdffe4f5e30b5ad7cb130ff1aab281b6558c6939bb6764,0
texts_no_prologue_epilogue,1062,1062__A06453.txt,A06453,330dd7b91dbaffd9148af3f0434febfa0032a321,b598856fb3d2c455725104ad1cfccbf8e77fe58eb648792f70cffc9a9734d65e,191,191,0,0,0,0,0,1328,192,192,0,0,0,0,0,100.0,100.0,7498,7383,d1e75271b40680533bd56fc3eef4f6889b11ddf08eb8542c6e2a1e63a8afadc8,cbe2c150855bfdaa2dcdffe4f5e30b5ad7cb130ff1aab281b6558c6939bb6764,0
texts_analysis_en,577,577__A06458.txt,A06458,330dd7b91dbaffd9148af3f0434febfa0032a321,49135ebd5ca38fc167e8171d6b44bade03af58780ad810a2bcb1ca6d88c7a1d0,1470,1397,72,0,0,1,0,22679,4420,4415,0,5,24,1,0,99.93,99.86,119320,117271,c07436d3fcef60437a9f6ddd4aedcf12ae6e31fce62718378acfd25f64b3731a,fad74fb4751d253cf0109c9754b974f3b09f7336bbc6c3cd2f43350c6d303974,0
texts_no_prologue_epilogue,577,577__A06458.txt,A06458,330dd7b91dbaffd9148af3f0434febfa0032a321,49135ebd5ca38fc167e8171d6b44bade03af58780ad810a2bcb1ca6d88c7a1d0,1469,1396,72,0,0,1,0,22386,4366,4361,0,5,24,1,0,99.93,99.86,117777,115770,5a2d516e5c59099c58815a0f6824db2af8fae7b30816e88b8e801e4f5f58de80,36883cad5817146dd253df8482678a2fb0b69dde77c8fce0aad329d78fc73af4,0
texts_analysis_en,123,123__A06480.txt,A06480,330dd7b91dbaffd9148af3f0434febfa0032a321,583d2e61a9521773f00b4f6badfbee6a52d38237705390777133913f888bd831,1571,1531,37,0,0,3,0,15730,3525,3505,0,20,18,2,0,99.81,99.81,82184,79603,37494b9b7d4a543361205aec80a50d27d787e0dee03fcdfa912f61acf00604f8,9130fc089c27e2df231131c74e55139db51e5744c749722f75eb629c10410007,0
texts_no_prologue_epilogue,123,123__A06480.txt,A06480,330dd7b91dbaffd9148af3f0434febfa0032a321,583d2e61a9521773f00b4f6badfbee6a52d38237705390777133913f888bd831,1473,1435,35,0,0,3,0,14812,3301,3282,0,19,17,2,0,99.8,99.8,77090,74651,191d86f3f65463fcfda979953423e9a0e789da78ff2f688a8191eb8084a77172,c3f206599d20e149f9d91cc1d66425720b9ccbf422d6a858d203f58969e696f3,0
texts_analysis_en,140,140__A06583.txt,A06583,330dd7b91dbaffd9148af3f0434febfa0032a321,d32d88cefdf2beb83cecc7dd70f1975a2db21535c2cbb1bc214136d456fce14d,580,513,65,1,0,0,1,13174,2696,2684,0,12,15,1,0,99.83,99.95,71349,69914,d215df0b7b4899503502ee969337ab94ccf732f5d0ed6e96967e2af3d40b6c53,1e9b6a35079bd82d9bbe442ecded9c6de827c513af980c9e52fcd28f2df9598b,0
texts_no_prologue_epilogue,140,140__A06583.txt,A06583,330dd7b91dbaffd9148af3f0434febfa0032a321,d32d88cefdf2beb83cecc7dd70f1975a2db21535c2cbb1bc214136d456fce14d,576,513,61,1,0,0,1,12194,2468,2458,0,10,14,1,0,99.83,99.94,65820,64533,b3846d3eee09dd993b156f1bf43c809728f10cfe82712c70c28e9d5d4a3ec764,6f3e25cbb8f63f7aee14bc400baf70e29799831cc2bfa56103b484afbf48389b,0
texts_analysis_en,167,167__A06589.txt,A06589,330dd7b91dbaffd9148af3f0434febfa0032a321,33f4fb89f37918dacb87e271352cf64442bc106820e21fdde52ae10858eb102b,717,695,22,0,0,0,0,18723,4313,4306,0,7,1,2,0,100.0,100.0,102898,100349,7b6bed68ea3d224099da3f30cd14fdcd60140a6e6870f4c032e852d16f28e4b4,37f429d790e76abeaaa8b63b3611593c68d9aa0ac1d4ff464ac3ce26e9f1b3eb,0
texts_no_prologue_epilogue,167,167__A06589.txt,A06589,330dd7b91dbaffd9148af3f0434febfa0032a321,33f4fb89f37918dacb87e271352cf64442bc106820e21fdde52ae10858eb102b,713,693,20,0,0,0,0,18449,4256,4250,0,6,1,1,0,100.0,100.0,101423,98913,35b20bbda669128e9137d64fea2672ea2f14c9b7491ed3906ba8a33807eb770f,90bf50fe585a110b4ac04caec827d9a4be9f914dd90438043e586552fe39a0b1,0
texts_analysis_en,179,179__A06619.txt,A06619,330dd7b91dbaffd9148af3f0434febfa0032a321,2bd87a1f11e79d474e9daa324eca75c3923c7d27acda88e458757d26431c03d5,493,482,11,0,0,0,0,13333,3018,3014,0,4,3,0,0,100.0,100.0,71882,70131,d09030d78d5543c5c675adf94aecde02a8018f574a49183d573c3e4ca541e8e0,deba7355ccb882e4e9473cf150d325308e75dcbeed6f3dfc3ea94ccd21a9a750,0
texts_no_prologue_epilogue,179,179__A06619.txt,A06619,330dd7b91dbaffd9148af3f0434febfa0032a321,2bd87a1f11e79d474e9daa324eca75c3923c7d27acda88e458757d26431c03d5,490,480,10,0,0,0,0,13041,2944,2940,0,4,3,0,0,100.0,100.0,70134,68421,e82783377be64c6218625270045723e55cf89c1f52fee3db28f24fd57c7f6d8a,51b7088674d348906564872ac67e3ba3e3c7e8c14f761a9733bde402f38f7cde,0
texts_analysis_en,409,409__A06620.txt,A06620,330dd7b91dbaffd9148af3f0434febfa0032a321,cd3fb29cd988600eb8217154d25f78ad5202e5e8eee995a4c4604ae95aecadda,438,368,66,0,0,3,1,10120,2061,2055,0,6,82,18,0,99.09,99.64,55925,55060,dd3664b11bcd4303d63e3d6f4b599dbaa2033f6b3693201be0a627f72827f199,e1c111953e7f215b254a59831685ed080613f305e092d54d46f06120ad21e04c,0
texts_no_prologue_epilogue,409,409__A06620.txt,A06620,330dd7b91dbaffd9148af3f0434febfa0032a321,cd3fb29cd988600eb8217154d25f78ad5202e5e8eee995a4c4604ae95aecadda,438,368,66,0,0,3,1,10120,2061,2055,0,6,82,18,0,99.09,99.64,55925,55060,dd3664b11bcd4303d63e3d6f4b599dbaa2033f6b3693201be0a627f72827f199,e1c111953e7f215b254a59831685ed080613f305e092d54d46f06120ad21e04c,0
texts_analysis_en,181,181__A06621.txt,A06621,330dd7b91dbaffd9148af3f0434febfa0032a321,44e73b6b38b4473a5a1d961ce5b56f3f58d3795c6d18b35aba393d45a26f88b3,549,523,26,0,0,0,0,15406,3028,3017,0,11,5,0,0,100.0,100.0,81971,80823,afd756895149f0ac5533114a616f2324bed026df60da30e5f0e337f05c18930c,e75455b81d4eb0605231c10c42a151faea67e1085841c604ca4f534bf045104e,0
texts_no_prologue_epilogue,181,181__A06621.txt,A06621,330dd7b91dbaffd9148af3f0434febfa0032a321,44e73b6b38b4473a5a1d961ce5b56f3f58d3795c6d18b35aba393d45a26f88b3,544,518,26,0,0,0,0,15143,2965,2954,0,11,5,0,0,100.0,100.0,80378,79270,8fca3c517811e71e3621d741d69b8a5982de77364a59ed3a62dd9a8d60964e82,185325c2e4bd308bf7a2572e4127806b5c5d70299d1daac9c945988cbb33adc9,0
texts_analysis_en,239,239__A06622.txt,A06622,330dd7b91dbaffd9148af3f0434febfa0032a321,e0403ff08aa53b72a9849587c01eb8b1e23f2c3194ebbe3a8d7f2b8897e0132b,910,865,45,0,0,0,0,16719,3537,3535,0,2,12,1,0,100.0,100.0,86635,85179,94c0dd8cc6ae76f6985e8f0a331565eecfb9342768aa2f1d33224682849df527,5fd8c5c6061c69cd29daea45381c5983bf2bb0381458fb2e47e07d6b38abe473,0
texts_no_prologue_epilogue,239,239__A06622.txt,A06622,330dd7b91dbaffd9148af3f0434febfa0032a321,e0403ff08aa53b72a9849587c01eb8b1e23f2c3194ebbe3a8d7f2b8897e0132b,910,865,45,0,0,0,0,16719,3537,3535,0,2,12,1,0,100.0,100.0,86635,85179,94c0dd8cc6ae76f6985e8f0a331565eecfb9342768aa2f1d33224682849df527,5fd8c5c6061c69cd29daea45381c5983bf2bb0381458fb2e47e07d6b38abe473,0
texts_analysis_en,135,135__A06625.txt,A06625,330dd7b91dbaffd9148af3f0434febfa0032a321,e937af26e3f8b967f7434cda8df797eaf41139fdeabe8ba161a493c3fcef7dae,525,478,47,0,0,0,0,13491,2907,2897,0,10,1,0,0,100.0,100.0,72163,70519,e3261d22608a6916d33b967b92787d7affbd0b67e25858e9573a5ee57e296eab,d5d27a5fede90cb638324ec69c803f1367d11a7ca6971fc2a4ab2ecd939c8dbf,0
texts_no_prologue_epilogue,135,135__A06625.txt,A06625,330dd7b91dbaffd9148af3f0434febfa0032a321,e937af26e3f8b967f7434cda8df797eaf41139fdeabe8ba161a493c3fcef7dae,522,478,44,0,0,0,0,12899,2763,2753,0,10,1,0,0,100.0,100.0,68785,67242,9f6b2e693a5839574554f2c6932584ac2e4bbf2c6f001fae6345e50414069b21,92bf9639ad3704f6b3f7a4bbdfc314935a524724e63cc85953c360af31f7d970,0
texts_analysis_en,298,298__A06629.txt,A06629,330dd7b91dbaffd9148af3f0434febfa0032a321,1c8246d3f117cf03e827e8aa662249bd955ea89ea26c3c66b1a17a0d38a798ab,1550,1533,17,0,0,0,0,12427,2697,2654,0,43,3,0,0,100.0,100.0,66245,65124,a00b91e198206b6a1e1006630f4964f35f71ddef336adaa1487d55948f312dd6,924f359deeadb9de8780238a6db92788d521f4acfdeda24f73366b025213f30d,0
texts_no_prologue_epilogue,298,298__A06629.txt,A06629,330dd7b91dbaffd9148af3f0434febfa0032a321,1c8246d3f117cf03e827e8aa662249bd955ea89ea26c3c66b1a17a0d38a798ab,1531,1514,17,0,0,0,0,12288,2663,2620,0,43,3,0,0,100.0,100.0,65454,64346,787f4ac22c46ac981bc84868589edc0d2577e04e93d3d2e06cb8e85c7367a84d,92216aba532e45a3e09bec913efba5510cfd02201111857e9d4d7f0bab93c4b0,0
texts_analysis_en,370,370__A06742.txt,A06742,330dd7b91dbaffd9148af3f0434febfa0032a321,5e41b4697083021656fb4b5b46605997fdc3d4574633982d8a2b355e3d4586b5,1771,1753,17,0,0,1,0,13918,2815,2783,0,32,7,0,0,99.94,99.96,73269,71931,2c22bcd310867946af608c5d40b44f3e78ba8d1f0ebdde0de0d6e4a057dc2e12,1801428a4fe501ae7c93df6340a62bde9f41bc0bb2022da661ce255a8de861ff,0
texts_no_prologue_epilogue,370,370__A06742.txt,A06742,330dd7b91dbaffd9148af3f0434febfa0032a321,5e41b4697083021656fb4b5b46605997fdc3d4574633982d8a2b355e3d4586b5,1757,1739,17,0,0,1,0,13811,2793,2761,0,32,7,0,0,99.94,99.96,72667,71338,739cbaffc4ae1357913dd16744127b104db93955c07e4783f54647a257435b15,a29d4070c51941208575af65c94a195e692d7bbd23470a8270f5060b65401174,0
texts_analysis_en,653,653__A06975.txt,A06975,330dd7b91dbaffd9148af3f0434febfa0032a321,5a64cb1e39414041b7e7d2949998da1f56b82d91be864e979589bc03dc3dced7,1991,1971,20,0,0,0,0,18365,3605,3605,0,0,7,0,0,100.0,100.0,98899,97614,c4547c621e8f50e316c55a76d27cfdb22027c1724809959c4fbedfd4f09ad50f,faf121ef865e50d0590edb3417f81ae7611ae46d3213f00ce9a1fcf36b2522f2,0
texts_no_prologue_epilogue,653,653__A06975.txt,A06975,330dd7b91dbaffd9148af3f0434febfa0032a321,5a64cb1e39414041b7e7d2949998da1f56b82d91be864e979589bc03dc3dced7,1991,1971,20,0,0,0,0,18365,3605,3605,0,0,7,0,0,100.0,100.0,98899,97614,c4547c621e8f50e316c55a76d27cfdb22027c1724809959c4fbedfd4f09ad50f,faf121ef865e50d0590edb3417f81ae7611ae46d3213f00ce9a1fcf36b2522f2,0
texts_analysis_en,848,848__A06982.txt,A06982,330dd7b91dbaffd9148af3f0434febfa0032a321,a42fa07f548bced10f88cde4ea7191388dba0c98b4ad88405d1f623558a0e2f0,3054,2936,112,2,0,4,0,22204,4317,4247,0,70,99,4,0,99.87,99.85,120317,118756,8d2a8be7e248b86e3b8fff120d2f720cd596206f3cd13c01847594fcf7353f09,77721e312c761e6a45a225771fa92eea1520254632adb5b2c6e3254ab058edab,0
texts_no_prologue_epilogue,848,848__A06982.txt,A06982,330dd7b91dbaffd9148af3f0434febfa0032a321,a42fa07f548bced10f88cde4ea7191388dba0c98b4ad88405d1f623558a0e2f0,3022,2906,110,2,0,4,0,21930,4251,4181,0,70,98,4,0,99.87,99.84,118867,117339,14f4a182f4d99456369f3d3b942a10edf012859f3f7f592679b9b3a3ca37ca93,45a672a2e7370a19e7480a3ba5435e31eaeb159e469e370b4bd32b9ba33aede2,0
texts_analysis_en,998,998__A06991.txt,A06991,330dd7b91dbaffd9148af3f0434febfa0032a321,7d46800a67ef418d0bce91298aec1ba256ea661e8e05e1f520b7c9f56aa541e0,2407,2287,116,0,0,3,1,18533,3197,3119,0,78,130,3,0,99.83,99.85,97562,96425,2e8e5f10a503ab49ca4edd5796e47e9022e555358990b677798214f66f21ed2a,b5bd30d7d83fcfc60fa196685ff57f2886d61a1af971016f581de2c046594ebe,0
texts_no_prologue_epilogue,998,998__A06991.txt,A06991,330dd7b91dbaffd9148af3f0434febfa0032a321,7d46800a67ef418d0bce91298aec1ba256ea661e8e05e1f520b7c9f56aa541e0,2363,2255,105,0,0,2,1,18178,3151,3073,0,78,119,3,0,99.87,99.87,95716,94586,ef07b172906d30bff185519757d5fb039d6784c201aa56f7eb8dcf6e8d0ab101,ea40817e02e0a2a1b4095cbfe534cf1e997957e62e68c35e9045a32141acbab4,0
texts_analysis_en,260,260__A07003.txt,A07003,12fb26cd5a1c9726dcc769183bba71f3e767eb51,cf758e7ff5d0c3fb80b44aa68d83172046a910f96d184d1143f0ed8632881090,1174,1151,22,0,0,1,0,9688,1868,1856,0,12,2,1,0,99.91,99.94,51345,50690,f62bed96b2ba693f67876602f49d58dcb16fee8117c4bb5684e1790cbd57de3a,2364aa9b9084c3fc7bcc01afd9da686d77710b937b1d1c4de028787575d91bc1,0
texts_no_prologue_epilogue,260,260__A07003.txt,A07003,12fb26cd5a1c9726dcc769183bba71f3e767eb51,cf758e7ff5d0c3fb80b44aa68d83172046a910f96d184d1143f0ed8632881090,1174,1151,22,0,0,1,0,9688,1868,1856,0,12,2,1,0,99.91,99.94,51345,50690,f62bed96b2ba693f67876602f49d58dcb16fee8117c4bb5684e1790cbd57de3a,2364aa9b9084c3fc7bcc01afd9da686d77710b937b1d1c4de028787575d91bc1,0
texts_analysis_en,156,156__A07004.1.txt,A07004,12fb26cd5a1c9726dcc769183bba71f3e767eb51,6e268821d38e611b788cda50ef7d908c32a3438ab23871a7f8612fe66f7c7f7b,2274,2216,53,0,0,5,0,17205,3631,3602,0,29,10,0,0,99.78,99.77,97029,95698,c772787587c8cad79cdfd1336b4c441e21cef2cf062e32113ea9c7c0da95c8f8,78e4a9224dfa57670c7889c31e4e72944fec283043a3b90061d380623cce577d,0
texts_no_prologue_epilogue,156,156__A07004.1.txt,A07004,12fb26cd5a1c9726dcc769183bba71f3e767eb51,6e268821d38e611b788cda50ef7d908c32a3438ab23871a7f8612fe66f7c7f7b,2266,2209,52,0,0,5,0,17143,3620,3591,0,29,10,0,0,99.78,99.77,96661,95335,87a5ac71ec0123bc973a292048e2f887665866502a9c3df14aa9536d220f0cfe,c4452288a69b8269a4c3227b92ad4b6b9ffb6d4b2bc4e921230f6f0a923388a2,0
texts_analysis_en,160,160__A07004.2.txt,A07004,12fb26cd5a1c9726dcc769183bba71f3e767eb51,6e268821d38e611b788cda50ef7d908c32a3438ab23871a7f8612fe66f7c7f7b,2295,2242,51,0,0,2,0,17567,3464,3417,0,47,8,0,0,99.91,99.91,98010,96884,243987f6e5ae76425f80a22a57d5f41cdd392589579c595d42106409f489909f,d68a4648e4fe40977a1bfdf205544a28ac7b1525bc2ab87ed69c688c3982357c,0
texts_no_prologue_epilogue,160,160__A07004.2.txt,A07004,12fb26cd5a1c9726dcc769183bba71f3e767eb51,6e268821d38e611b788cda50ef7d908c32a3438ab23871a7f8612fe66f7c7f7b,2286,2233,51,0,0,2,0,17506,3448,3401,0,47,8,0,0,99.91,99.91,97649,96522,ee4bcb4a5540d3b69a479662b4bf744a51096fb903f4611c02e8380a702f6b76,efb0066dbe947bd27065cfd20cf55ffe7ef36654211510da5679bb81e5c7b3c1,0
texts_analysis_en,476,476__A07009.txt,A07009,12fb26cd5a1c9726dcc769183bba71f3e767eb51,cc46bd8c258e4ad2f557c1778603c8e3cb1b5e2d44b143bea72e8ac4ef7d406b,1065,906,151,4,0,3,1,11346,2588,2572,0,16,187,32,0,99.62,99.82,61126,60748,da5ed0f51f02f407d92b2bf87a7f39178fde9ce4e35d7263dd5e4690acc7ff26,63800f6b024dfd54c5b3552283c540166da29ea28c844f709609c85da909aa52,0
texts_no_prologue_epilogue,476,476__A07009.txt,A07009,12fb26cd5a1c9726dcc769183bba71f3e767eb51,cc46bd8c258e4ad2f557c1778603c8e3cb1b5e2d44b143bea72e8ac4ef7d406b,1065,906,151,4,0,3,1,11346,2588,2572,0,16,187,32,0,99.62,99.82,61126,60748,da5ed0f51f02f407d92b2bf87a7f39178fde9ce4e35d7263dd5e4690acc7ff26,63800f6b024dfd54c5b3552283c540166da29ea28c844f709609c85da909aa52,0
texts_analysis_en,245,245__A07018.txt,A07018,12fb26cd5a1c9726dcc769183bba71f3e767eb51,eb41cf487027fe7f635cb7e8655ff6ba2ae4723ffb9dfe91ddc824f0651d73a5,2651,2627,23,0,0,1,0,20624,4284,4258,0,26,0,1,0,99.96,99.96,110492,108675,0f32480fdf308a8ce453426b52cb27c2ef409fb5f0dd5bbb52fe0abb4cf3a276,262f60c4e896936b9426ebc17ad03361654e1e9074224347fd44ff6f7a7cefb6,0
texts_no_prologue_epilogue,245,245__A07018.txt,A07018,12fb26cd5a1c9726dcc769183bba71f3e767eb51,eb41cf487027fe7f635cb7e8655ff6ba2ae4723ffb9dfe91ddc824f0651d73a5,2651,2627,23,0,0,1,0,20624,4284,4258,0,26,0,1,0,99.96,99.96,110492,108675,0f32480fdf308a8ce453426b52cb27c2ef409fb5f0dd5bbb52fe0abb4cf3a276,262f60c4e896936b9426ebc17ad03361654e1e9074224347fd44ff6f7a7cefb6,0
texts_analysis_en,244,244__A07023.txt,A07023,12fb26cd5a1c9726dcc769183bba71f3e767eb51,0bee42fc4d61824f32b26357d77e6505d3718a0185a0ae518f5deb6bac270256,1734,1701,32,0,0,1,0,13598,3074,3039,0,35,17,0,0,99.94,99.96,73333,72151,c4e3268103b38e8255b23bb94b53106dc9e01b4bd14909ce00048d800e443233,b02bf985b05f29b1f081a535b104915ef7ee220d9586fe6b5415b2628a3a90e2,0
texts_no_prologue_epilogue,244,244__A07023.txt,A07023,12fb26cd5a1c9726dcc769183bba71f3e767eb51,0bee42fc4d61824f32b26357d77e6505d3718a0185a0ae518f5deb6bac270256,1734,1701,32,0,0,1,0,13598,3074,3039,0,35,17,0,0,99.94,99.96,73333,72151,c4e3268103b38e8255b23bb94b53106dc9e01b4bd14909ce00048d800e443233,b02bf985b05f29b1f081a535b104915ef7ee220d9586fe6b5415b2628a3a90e2,0
texts_analysis_en,1004,1004__A07024.txt,A07024,12fb26cd5a1c9726dcc769183bba71f3e767eb51,71cf21bff0fe44ffbdcf5da637312ab575d30ba930a1d1602bc8526f0a67e445,1768,1744,24,0,0,0,0,22925,3438,3410,0,28,6,1,0,100.0,100.0,119232,117543,4529782604e81188fb9ae923972c27ec5a758450653db19fde2b98f9e729617f,52be6eeafd1ee009dd8179f813c70b04c0b90d7790cd3e3a15f32748f4e2b5db,0
texts_no_prologue_epilogue,1004,1004__A07024.txt,A07024,12fb26cd5a1c9726dcc769183bba71f3e767eb51,71cf21bff0fe44ffbdcf5da637312ab575d30ba930a1d1602bc8526f0a67e445,1693,1670,23,0,0,0,0,22358,3335,3307,0,28,6,1,0,100.0,100.0,116145,114508,ff46fc2ee0b8ae5fb8fe559ac8f6ec8c2f2a645e1383841e1d8eb6c46956b02a,90e7cbd7d96c3d11f65a779994add07766758e14b16e94886c2be7162a14398a,0
texts_analysis_en,979,979__A07025.txt,A07025,12fb26cd5a1c9726dcc769183bba71f3e767eb51,4db1418bce57c0df4e3ab0675928f9764e6e6783f3ddd8cc31fb789b18d1c074,2857,2757,95,0,0,5,0,20489,3216,3193,0,23,92,7,0,99.82,99.86,106838,105480,1b2971db2c63872837e1292ba550c14c28ce6e18c725f87f0fb148debe718b8d,0fa323f3f44c903970a94abacb74b20fc4f7fd77be1054fb719246bf328d3e55,0
texts_no_prologue_epilogue,979,979__A07025.txt,A07025,12fb26cd5a1c9726dcc769183bba71f3e767eb51,4db1418bce57c0df4e3ab0675928f9764e6e6783f3ddd8cc31fb789b18d1c074,2841,2741,95,0,0,5,0,20364,3199,3176,0,23,92,7,0,99.82,99.86,106135,104790,6df0ad95c3bfd1d9afd0c72a6d42ecc0af6fbdf34dce5290399c49805aed301b,c6beb6a532eb6252b4406362847d62ebb0a7b3b6165fb87ff4ee248faa5e287a,0
texts_analysis_en,95,95__A07052.txt,A07052,12fb26cd5a1c9726dcc769183bba71f3e767eb51,ed309bd18a3ebe1c8c7498c04948157265b4ee6f61867887810b74b3dd6e793c,1154,1057,96,0,0,1,0,11034,3030,3022,0,8,84,1,0,99.91,99.89,55975,54738,fa3a853041b4d4b72ab8054b5fb9c330933f8b7af17c3e701fa33f07ff18fcf9,4a3a283edc36a9f43898af95a90fe6840c870295b7eeb51dfc7e3a4c3c7061e3,0
texts_no_prologue_epilogue,95,95__A07052.txt,A07052,12fb26cd5a1c9726dcc769183bba71f3e767eb51,ed309bd18a3ebe1c8c7498c04948157265b4ee6f61867887810b74b3dd6e793c,1154,1057,96,0,0,1,0,11034,3030,3022,0,8,84,1,0,99.91,99.89,55975,54738,fa3a853041b4d4b72ab8054b5fb9c330933f8b7af17c3e701fa33f07ff18fcf9,4a3a283edc36a9f43898af95a90fe6840c870295b7eeb51dfc7e3a4c3c7061e3,0
texts_analysis_en,418,418__A07063.txt,A07063,12fb26cd5a1c9726dcc769183bba71f3e767eb51,4a84399b35b1f3322530e23cca36e452457383d1759441e943e9b4498c5fe389,1422,1363,57,0,0,2,0,14426,3186,3176,0,10,8,0,0,99.86,99.9,79415,78050,825720e66b619b9617004cc8e4cbe087a0ff234be0764ccb0a4487d36c5d7f8f,8f3c5c0d0dcd006944421352586bdcc6c67660e1c218148dd131eeffff34c715,0
texts_no_prologue_epilogue,418,418__A07063.txt,A07063,12fb26cd5a1c9726dcc769183bba71f3e767eb51,4a84399b35b1f3322530e23cca36e452457383d1759441e943e9b4498c5fe389,1398,1340,56,0,0,2,0,14159,3126,3116,0,10,8,0,0,99.86,99.9,77884,76546,af95a75e8166a4fcb354ae2ff4c67d5c4e9e27b462f31336296748f88d9e8090,908f720066f56d40f6040104586164957c9e60a24c3bf8fc854060c315f02806,0
texts_analysis_en,420,420__A07064.txt,A07064,12fb26cd5a1c9726dcc769183bba71f3e767eb51,3e321f3b6b297685a0ef5bea68e267b9894bc3cb19081f124690bb0b4572efd4,1834,1810,23,0,0,1,0,14825,3554,3535,0,19,0,2,0,99.95,99.95,81898,80551,bf8866a594afe19a4fa1a69654d3c08c536cfab174151ffa35abf8ade7acc04d,29d99ba7c7f1bea81a8c2fed1486c92a4d89308c4ac95a18adca90544cadb43f,0
texts_no_prologue_epilogue,420,420__A07064.txt,A07064,12fb26cd5a1c9726dcc769183bba71f3e767eb51,3e321f3b6b297685a0ef5bea68e267b9894bc3cb19081f124690bb0b4572efd4,1801,1777,23,0,0,1,0,14568,3492,3473,0,19,0,2,0,99.94,99.94,80428,79097,009d100d2f1fd27ed37974a4b4b98803f56c8b212b3aa5e1511454c089670d72,2988a9b5ea1bab7986b59f51570c0c53730cfa06d011758a2268024f4be36c2c,0
texts_analysis_en,501,501__A07065.txt,A07065,12fb26cd5a1c9726dcc769183bba71f3e767eb51,40934055fc47d57e87f6fb914620f39ee1dd5e0485c9d514464a9d4d4ed29b09,1254,1036,174,17,0,11,16,17752,3828,3810,0,18,203,57,0,97.85,98.55,94049,93953,232b56612acad68c2661b6d427327d389881bfde1fcbe74a63d9e43e5336c57b,d44735e20014f8627cef63e2d330ef39c19019c02cdb5d40181b286e6cfb5f27,0
texts_no_prologue_epilogue,501,501__A07065.txt,A07065,12fb26cd5a1c9726dcc769183bba71f3e767eb51,40934055fc47d57e87f6fb914620f39ee1dd5e0485c9d514464a9d4d4ed29b09,1236,1018,174,17,0,11,16,17599,3797,3779,0,18,203,57,0,97.82,98.53,93237,93162,5087b7adb7553de99bca9e1cda67334eb748818f182fd28f4db81379c0e553ad,7e8424c8d54263bfaaba22d37de7f04708e746394d35ed6f91c6f6d0e589ab34,0
texts_analysis_en,721,721__A07067.txt,A07067,12fb26cd5a1c9726dcc769183bba71f3e767eb51,b048282a05b6502f3567fc3b83206e2b6ff5a759b1f15da3ffc3bd11dcda8163,2253,2225,27,1,0,0,0,20229,4156,4129,0,27,0,0,0,100.0,100.0,109247,107259,7c6b0a6a2d288be723e18ec2bbd3a9ba3bc84f4d82f5a7bc8c2745df236a12f7,5392efccc5dfd35d136ffafaf9f0c142e583c5e50baa261fd106015d9bf0336e,0
texts_no_prologue_epilogue,721,721__A07067.txt,A07067,12fb26cd5a1c9726dcc769183bba71f3e767eb51,b048282a05b6502f3567fc3b83206e2b6ff5a759b1f15da3ffc3bd11dcda8163,2253,2225,27,1,0,0,0,20229,4156,4129,0,27,0,0,0,100.0,100.0,109247,107259,7c6b0a6a2d288be723e18ec2bbd3a9ba3bc84f4d82f5a7bc8c2745df236a12f7,5392efccc5dfd35d136ffafaf9f0c142e583c5e50baa261fd106015d9bf0336e,0
texts_analysis_en,468,468__A07071.txt,A07071,12fb26cd5a1c9726dcc769183bba71f3e767eb51,ec556b9651356947ddae7d2e964fdc9fdf7e4c657468b41fff050d8a8f36834c,1217,1040,160,3,0,12,2,14295,3346,3336,0,10,185,47,0,98.85,98.9,79028,78422,a3cfe4f3301001bffe04a79044e5224c74b7f53f42d157004f9cb82a46c5e774,f92bca8da85076f11230cd45f93c56aa7df98cac03b94d6b8fc5c1685703acea,0
texts_no_prologue_epilogue,468,468__A07071.txt,A07071,12fb26cd5a1c9726dcc769183bba71f3e767eb51,ec556b9651356947ddae7d2e964fdc9fdf7e4c657468b41fff050d8a8f36834c,1217,1040,160,3,0,12,2,14295,3346,3336,0,10,185,47,0,98.85,98.9,79028,78422,a3cfe4f3301001bffe04a79044e5224c74b7f53f42d157004f9cb82a46c5e774,f92bca8da85076f11230cd45f93c56aa7df98cac03b94d6b8fc5c1685703acea,0
texts_analysis_en,470,470__A07074.txt,A07074,12fb26cd5a1c9726dcc769183bba71f3e767eb51,595da0715681ae6561aa2f3b9ce9351bc57fce55ff6e4bb14d7ff4591c0ab47f,1559,1401,155,0,0,3,0,19424,4280,4271,0,9,212,13,0,99.81,99.83,106405,104725,b1483e94d6124be7c966f050b87a81d48782a8f366ac21bd61c30252dc0e7a63,85fb99ea352ce37e1ff7d0920f9230b586ac90c58ae52a1fbc10ffb995f0a022,0
texts_no_prologue_epilogue,470,470__A07074.txt,A07074,12fb26cd5a1c9726dcc769183bba71f3e767eb51,595da0715681ae6561aa2f3b9ce9351bc57fce55ff6e4bb14d7ff4591c0ab47f,1545,1388,154,0,0,3,0,19353,4261,4252,0,9,211,13,0,99.81,99.83,106002,104333,bdac1c468085f12510fef5d235b1230e6eec2c0cf68514468080375fce34a389,94cf96a245b113cdfef33af40e2a705aa26be472e2532105f2884a11258b121d,0
texts_analysis_en,542,542__A07077.txt,A07077,12fb26cd5a1c9726dcc769183bba71f3e767eb51,52025939ed426a7a02e042fa40c0b0f104f3f0bccf1f931549dd3827bc84c1b5,1432,1373,59,0,0,0,0,22574,5012,4989,0,23,0,1,0,100.0,100.0,122637,120524,d44296b9adce4d51ec63969296772dfb0b0829fe88a8ac2f41a2acd8ee4f3878,925f82db5983934bbd727d2cc6f8a2cce3e242566bce665aa2c0a5fe3c5baa28,0
texts_no_prologue_epilogue,542,542__A07077.txt,A07077,12fb26cd5a1c9726dcc769183bba71f3e767eb51,52025939ed426a7a02e042fa40c0b0f104f3f0bccf1f931549dd3827bc84c1b5,1377,1318,59,0,0,0,0,22131,4915,4892,0,23,0,1,0,100.0,100.0,120184,118114,090dcaa92143849623444984d7d29831f5dd3dcba2f6d5d10f3e08f9e8e2e2fc,6f0f5dced944b65a29ea07ec25a1f762f0b7062f956c0d309f3234d7a2c982da,0
texts_analysis_en,592,592__A07081.txt,A07081,12fb26cd5a1c9726dcc769183bba71f3e767eb51,d882ee8fe4393cd34f76bdfb108d40bf591f46c0329606a6faf9f2ce07719c89,1554,1514,38,1,0,1,0,17190,4027,4001,0,26,0,2,0,99.94,99.96,92758,91329,71e28bfe97ef01f3287c3a520fd4f6204be30d31327f0468292d4e44b00e21ac,d4a627ad593c306bad94238e23c1ca5043d62a2e8113e29e1167ba61726e08e5,0
texts_no_prologue_epilogue,592,592__A07081.txt,A07081,12fb26cd5a1c9726dcc769183bba71f3e767eb51,d882ee8fe4393cd34f76bdfb108d40bf591f46c0329606a6faf9f2ce07719c89,1528,1488,38,1,0,1,0,16977,3971,3945,0,26,0,2,0,99.93,99.96,91612,90202,57ba9879dbface3ff9a02c2619854be3ad58dc3a491bbf5604a1e6663ac15051,ef3fc3882d8d1ce64c2a216358f2bd644bfe4829ba8d2512274ec1ef7feb31a5,0
texts_analysis_en,544,544__A07083.txt,A07083,12fb26cd5a1c9726dcc769183bba71f3e767eb51,fe43f763c2c0e17cc9d942d0a9d090b5e1a3282bb0b2ee37f8bb7c0b30583dde,1785,1724,56,0,2,2,1,12738,2997,2953,0,44,10,0,0,99.83,99.85,70186,69162,443f5bbe5fc31a958bb0a3310e1303d75cb2dd222a52de9ac0d1d1a248fbfbaf,40cbd9177522db005890ef70477c766e5e0d56bfc77e1370c44547904e1bc564,0
texts_no_prologue_epilogue,544,544__A07083.txt,A07083,12fb26cd5a1c9726dcc769183bba71f3e767eb51,fe43f763c2c0e17cc9d942d0a9d090b5e1a3282bb0b2ee37f8bb7c0b30583dde,1741,1680,56,0,2,2,1,12406,2918,2875,0,43,10,0,0,99.83,99.85,68291,67290,641effb3a813358f10e425efc3da46ddecfd851c0059efa3192cd200b3c7b334,d1ed764cef6cc09f375a948704f59f601ebe4da874dcbb4df9105a8e8d7dbbb7,0
texts_analysis_en,673,673__A07217.txt,A07217,12fb26cd5a1c9726dcc769183bba71f3e767eb51,b5f75a685cad9f54a3932d7accd56a3143a6f594d2a4d0bddce29ca1e78d581e,2042,1842,196,0,0,4,0,17174,3614,3527,0,87,255,0,0,99.8,99.82,93492,92371,718367dbd3014452ee65aa433eedc693acf13dfc47a017c71ba203cebbb1173d,f9084576909e4b9ee1ec59c0526e98d0c45392fa646f5d2e90144b99cb5ef711,0
texts_no_prologue_epilogue,673,673__A07217.txt,A07217,12fb26cd5a1c9726dcc769183bba71f3e767eb51,b5f75a685cad9f54a3932d7accd56a3143a6f594d2a4d0bddce29ca1e78d581e,2001,1804,193,0,0,4,0,16857,3551,3464,0,87,254,0,0,99.8,99.82,91632,90543,cb0a354f2c5571866b2d5b86638f5625d1fb561567834a2ca462e769cc87a92c,849ca1e13d2da80d698f8840165d89cdbf36ef49abef273f84121ec92c069d04,0
texts_analysis_en,896,896__A07234.txt,A07234,12fb26cd5a1c9726dcc769183bba71f3e767eb51,6f9f9195ff5934b0df4d4ff02a87277d65c3d0ba0ee2507624e362f22e59423b,2934,2922,12,0,0,0,0,19995,3914,3908,0,6,3,0,0,100.0,100.0,108435,106458,7579c10d7b034cb1aa6705bc49505a6257b7d441284240cc47b8b2acd4da8f57,e7dedf88aa355f35d6b13b5bedbd8f201e58c4538591fdc4f579ab167a71acb3,0
texts_no_prologue_epilogue,896,896__A07234.txt,A07234,12fb26cd5a1c9726dcc769183bba71f3e767eb51,6f9f9195ff5934b0df4d4ff02a87277d65c3d0ba0ee2507624e362f22e59423b,2934,2922,12,0,0,0,0,19995,3914,3908,0,6,3,0,0,100.0,100.0,108435,106458,7579c10d7b034cb1aa6705bc49505a6257b7d441284240cc47b8b2acd4da8f57,e7dedf88aa355f35d6b13b5bedbd8f201e58c4538591fdc4f579ab167a71acb3,0
texts_analysis_en,854,854__A07237.txt,A07237,12fb26cd5a1c9726dcc769183bba71f3e767eb51,5af18428281995b1f0d7ff4f422311c4fdd9a74d019c2a9cff14466a5a03e7b9,2989,2914,71,0,0,2,2,20975,3828,3822,0,6,11,2,0,99.87,99.91,111192,109578,b567d1078122494284c84c36d81f8e48086d526507c23649e7bb425755bd37fb,5fd93e193ddc69a778d36f52781898c9869957a56e18e7c828d159380138f3bf,0
texts_no_prologue_epilogue,854,854__A07237.txt,A07237,12fb26cd5a1c9726dcc769183bba71f3e767eb51,5af18428281995b1f0d7ff4f422311c4fdd9a74d019c2a9cff14466a5a03e7b9,2989,2914,71,0,0,2,2,20975,3828,3822,0,6,11,2,0,99.87,99.91,111192,109578,b567d1078122494284c84c36d81f8e48086d526507c23649e7bb425755bd37fb,5fd93e193ddc69a778d36f52781898c9869957a56e18e7c828d159380138f3bf,0
texts_analysis_en,977,977__A07238.txt,A07238,12fb26cd5a1c9726dcc769183bba71f3e767eb51,48d78234abb86061b0a0d90fcfa6e7596ef76b92cd354506ea473723bcf3eafd,2883,2655,216,0,0,12,0,19706,3937,3936,0,1,284,1,0,99.58,99.59,107204,105465,ba84b1232ea078c7d94bb26959df56cd50adbd5407d6e3380b7a38c053418db2,e8b37abdfc90f7d45472fd2a1a374305af35ced2c7b64c7187ab29aabcdf615d,0
texts_no_prologue_epilogue,977,977__A07238.txt,A07238,12fb26cd5a1c9726dcc769183bba71f3e767eb51,48d78234abb86061b0a0d90fcfa6e7596ef76b92cd354506ea473723bcf3eafd,2825,2600,213,0,0,12,0,19242,3833,3832,0,1,281,1,0,99.58,99.58,104681,103002,e83cb727f1f1938e94dd28c3f5425ea86baa2d772da331445e153e8491984b2b,091b9c37815f5e124790beda9a276ade44da9b2f49fe91ebebc91ca2ddc23464,0
texts_analysis_en,1036,1036__A07239.txt,A07239,12fb26cd5a1c9726dcc769183bba71f3e767eb51,3ce5a637c4b38540a9b9b69f3a051cd6470071542a4715027c9c2400ca56f08b,2725,2712,13,0,0,0,0,18526,2166,2163,0,3,0,0,0,100.0,100.0,98494,97111,0bbabdf9046a0b7587e3c1c50d2010dff06f9dcc097d69295a95a0cf737eeddc,6e74525b277373d39c3fad22570b92bd76a8c5fd814b6cbb7444c04679b7cf75,0
texts_no_prologue_epilogue,1036,1036__A07239.txt,A07239,12fb26cd5a1c9726dcc769183bba71f3e767eb51,3ce5a637c4b38540a9b9b69f3a051cd6470071542a4715027c9c2400ca56f08b,2725,2712,13,0,0,0,0,18526,2166,2163,0,3,0,0,0,100.0,100.0,98494,97111,0bbabdf9046a0b7587e3c1c50d2010dff06f9dcc097d69295a95a0cf737eeddc,6e74525b277373d39c3fad22570b92bd76a8c5fd814b6cbb7444c04679b7cf75,0
texts_analysis_en,992,992__A07240.txt,A07240,12fb26cd5a1c9726dcc769183bba71f3e767eb51,0611798fa2d052d9d85ca5e7626f68ef475e58999608f82e30ea0a944f945994,2791,2406,363,0,0,19,3,18547,2552,2536,0,16,444,2,0,99.21,99.15,99575,98360,44257c5f58beb1714021874ecfeeb41a932de3a631dca0425ff879ec5771e885,fa36a0d3b29597742b3dce2ebce95699c809ac4f63280a8fd90df0d6cf94b607,0
texts_no_prologue_epilogue,992,992__A07240.txt,A07240,12fb26cd5a1c9726dcc769183bba71f3e767eb51,0611798fa2d052d9d85ca5e7626f68ef475e58999608f82e30ea0a944f945994,2791,2406,363,0,0,19,3,18547,2552,2536,0,16,444,2,0,99.21,99.15,99575,98360,44257c5f58beb1714021874ecfeeb41a932de3a631dca0425ff879ec5771e885,fa36a0d3b29597742b3dce2ebce95699c809ac4f63280a8fd90df0d6cf94b607,0
texts_analysis_en,997,997__A07241.txt,A07241,12fb26cd5a1c9726dcc769183bba71f3e767eb51,9cd879df85ef07480a8dd69772496590728300163fd9cbfdaab673979f0f4df9,2826,2799,25,0,0,2,0,20033,3485,3479,0,6,1,0,0,99.93,99.93,105610,103839,696fe0a1ee902038927c492832358feb3ac18578ef2d790991e7c594a44c0b0c,021f78564bf0c0274df7eb3f0345d54ff4de039d14d763cd70541fbedf2f6cd5,0
texts_no_prologue_epilogue,997,997__A07241.txt,A07241,12fb26cd5a1c9726dcc769183bba71f3e767eb51,9cd879df85ef07480a8dd69772496590728300163fd9cbfdaab673979f0f4df9,2817,2790,25,0,0,2,0,19962,3474,3468,0,6,1,0,0,99.93,99.93,105228,103464,b341a7e54d4a77531335106aeb6215be3ac977e0b5e635b39950050c524616e6,b223a82fe308b4e0bd1bae6e72b3f9ce17a7d4e0f25eb04e3b3a6214368d2d8d,0
texts_analysis_en,930,930__A07246.txt,A07246,12fb26cd5a1c9726dcc769183bba71f3e767eb51,0d4df64e6c32ba6a19e8b5bcc7380fd1f627ccfbe9ab9ab7bf3deba37a76baf1,2828,2714,108,3,0,3,0,19621,3905,3902,1,2,113,6,0,99.89,99.9,106328,104376,412994d2a3589d531d738867fd7dbf70b26dcbaa4f93f9a857e07cad5aa90d84,af9b05e7c4c353536c964872b2c3ae597de948c10b93049c88e77a964408cd5d,0
texts_no_prologue_epilogue,930,930__A07246.txt,A07246,12fb26cd5a1c9726dcc769183bba71f3e767eb51,0d4df64e6c32ba6a19e8b5bcc7380fd1f627ccfbe9ab9ab7bf3deba37a76baf1,2828,2714,108,3,0,3,0,19621,3905,3902,1,2,113,6,0,99.89,99.9,106328,104376,412994d2a3589d531d738867fd7dbf70b26dcbaa4f93f9a857e07cad5aa90d84,af9b05e7c4c353536c964872b2c3ae597de948c10b93049c88e77a964408cd5d,0
texts_analysis_en,1105,1105__A07248.txt,A07248,12fb26cd5a1c9726dcc769183bba71f3e767eb51,ef557db5247d63bdc7cc6a2423506caa322753b18055b7db9c4a02d3764bd73a,2626,2344,256,7,0,17,2,18517,2471,2469,0,2,246,40,0,99.28,99.37,98654,97831,2141cd7907e83aea5e43efe8d589cca00f7c5e114d43f20872a3a7e715f2a7cd,27d45ea2bb8f10b70abb2edc108ec342946dfb706669bf78a10b0f0910d17cfb,0
texts_no_prologue_epilogue,1105,1105__A07248.txt,A07248,12fb26cd5a1c9726dcc769183bba71f3e767eb51,ef557db5247d63bdc7cc6a2423506caa322753b18055b7db9c4a02d3764bd73a,2626,2344,256,7,0,17,2,18517,2471,2469,0,2,246,40,0,99.28,99.37,98654,97831,2141cd7907e83aea5e43efe8d589cca00f7c5e114d43f20872a3a7e715f2a7cd,27d45ea2bb8f10b70abb2edc108ec342946dfb706669bf78a10b0f0910d17cfb,0
texts_analysis_en,843,843__A07249.txt,A07249,12fb26cd5a1c9726dcc769183bba71f3e767eb51,9123cf7441181de62dd33287610bbb3c54494f9bdc2e70fd4d19b37bdd46e866,2731,2656,68,1,0,4,2,21252,3995,3977,0,18,3,4,0,99.78,99.84,113469,112112,756ff44fc39016cf0acda979a6e3442e07a95ec0a4673d93013ba7fb58cb260b,160697adeb1cbccb2781ce6ac7e62e4cb79784d22a52f9af93bb6ecbca94aae8,0
texts_no_prologue_epilogue,843,843__A07249.txt,A07249,12fb26cd5a1c9726dcc769183bba71f3e767eb51,9123cf7441181de62dd33287610bbb3c54494f9bdc2e70fd4d19b37bdd46e866,2731,2656,68,1,0,4,2,21252,3995,3977,0,18,3,4,0,99.78,99.84,113469,112112,756ff44fc39016cf0acda979a6e3442e07a95ec0a4673d93013ba7fb58cb260b,160697adeb1cbccb2781ce6ac7e62e4cb79784d22a52f9af93bb6ecbca94aae8,0
texts_analysis_en,982,982__A07251.txt,A07251,12fb26cd5a1c9726dcc769183bba71f3e767eb51,40607dc37038a8ef5854d77737ee78b5d7b72e4a4b50118a864a20aceabda05e,2784,2370,390,1,0,20,3,20683,3788,3783,0,5,531,6,0,99.17,99.3,110374,109334,56bf6b72b98944ad535cd111e0998c801d1e60767d363ee25687a5a30d07385a,45d7abc9869fa41739947f7cc1a2fb1a2001e206020865d592f45a834f6f645e,0
texts_no_prologue_epilogue,982,982__A07251.txt,A07251,12fb26cd5a1c9726dcc769183bba71f3e767eb51,40607dc37038a8ef5854d77737ee78b5d7b72e4a4b50118a864a20aceabda05e,2784,2370,390,1,0,20,3,20683,3788,3783,0,5,531,6,0,99.17,99.3,110374,109334,56bf6b72b98944ad535cd111e0998c801d1e60767d363ee25687a5a30d07385a,45d7abc9869fa41739947f7cc1a2fb1a2001e206020865d592f45a834f6f645e,0
texts_analysis_en,850,850__A07326.txt,A07326,12fb26cd5a1c9726dcc769183bba71f3e767eb51,6fac1ffc1affba94c1465a7283676d679fff96e21e8120308a64e96f4cc46953,2066,1916,106,25,0,12,7,16471,2945,2936,6,3,68,27,0,99.08,99.33,84828,84502,fbdf9d6739482e56a0ba6ed74bb503fcbf6f348060cb7e53a6eb94a2884f6a39,1443a6232a70a627c667f4860021c375de688048224679ad26d27933937eaf6e,0
texts_no_prologue_epilogue,850,850__A07326.txt,A07326,12fb26cd5a1c9726dcc769183bba71f3e767eb51,6fac1ffc1affba94c1465a7283676d679fff96e21e8120308a64e96f4cc46953,2060,1910,106,25,0,12,7,16417,2937,2928,6,3,68,27,0,99.08,99.33,84583,84259,0ac17426fcd669460212eec68be90d9f254696002a6805124bd01a3a76b8cefc,613b44b6b84d6c51bd93dfabd47702f95c8941ba030ffc6fc52f5415e3b23fa0,0
texts_analysis_en,965,965__A07329.txt,A07329,12fb26cd5a1c9726dcc769183bba71f3e767eb51,f5356c3675f9c0621eb985ac780b3e052604dcf85395c8df11c04f990b1985b9,1628,1591,32,0,4,1,0,11586,2434,2422,0,12,10,1,0,99.94,99.94,64831,63710,82a2a549e6f4c589bcdc5ba280719ae0d809e5a14f9b36f685c248db0943a518,76795c2fe22d0aa0ed968f0cdaefd7fb53d23c7bb2a05c0a2e3478bf97d781ec,0
texts_no_prologue_epilogue,965,965__A07329.txt,A07329,12fb26cd5a1c9726dcc769183bba71f3e767eb51,f5356c3675f9c0621eb985ac780b3e052604dcf85395c8df11c04f990b1985b9,1628,1591,32,0,4,1,0,11586,2434,2422,0,12,10,1,0,99.94,99.94,64831,63710,82a2a549e6f4c589bcdc5ba280719ae0d809e5a14f9b36f685c248db0943a518,76795c2fe22d0aa0ed968f0cdaefd7fb53d23c7bb2a05c0a2e3478bf97d781ec,0
texts_analysis_en,1099,1099__A07330.txt,A07330,12fb26cd5a1c9726dcc769183bba71f3e767eb51,bb64873c4765b8ecd22a9ed8daddf6455acdccaf0c1194606b2b1572c6be276b,2070,1836,201,1,0,30,2,14344,1223,1223,0,0,160,41,0,98.45,98.62,79466,79321,0a1aaf870ac95792363c91f7944e65e1c939d9921c3bafeb19fb6ea121acb3e4,3f09ca11c7468429dbf14f73c9b7e9b75691807612eb73506b376a320fb15e3f,0
texts_no_prologue_epilogue,1099,1099__A07330.txt,A07330,12fb26cd5a1c9726dcc769183bba71f3e767eb51,bb64873c4765b8ecd22a9ed8daddf6455acdccaf0c1194606b2b1572c6be276b,2070,1836,201,1,0,30,2,14344,1223,1223,0,0,160,41,0,98.45,98.62,79466,79321,0a1aaf870ac95792363c91f7944e65e1c939d9921c3bafeb19fb6ea121acb3e4,3f09ca11c7468429dbf14f73c9b7e9b75691807612eb73506b376a320fb15e3f,0
texts_analysis_en,1118,1118__A07367.txt,A07367,12fb26cd5a1c9726dcc769183bba71f3e767eb51,27c5903e71cd4c93a292334e3f83c02d9a0426c36bd4b8a508983b078a2717d2,3231,3201,22,0,0,8,0,20516,2564,2552,0,12,0,0,0,99.75,99.8,106632,105590,fcc6c257ffd14bc7fe8ce88cfd11161d7eef8ca65e14384232deaadf1a272e9c,58f06a26a5822cf223917e3badb36957038b65261f04a4974938e5691f1904ff,0
texts_no_prologue_epilogue,1118,1118__A07367.txt,A07367,12fb26cd5a1c9726dcc769183bba71f3e767eb51,27c5903e71cd4c93a292334e3f83c02d9a0426c36bd4b8a508983b078a2717d2,3141,3111,22,0,0,8,0,19713,2467,2455,0,12,0,0,0,99.75,99.79,102453,101453,1fbf7fc36d186714e6060cd992fcce542a9c7d9ebfdc324bdee5f6eff880bab7,77194731568dff08c884cc5154d0c48ddf2a24cd383abdc835c5430fe024e64a,0
texts_analysis_en,27,27__A07395.1.txt,A07395,12fb26cd5a1c9726dcc769183bba71f3e767eb51,ed4b852196bbd911fd91a00d2de032ed21bd8b8c654658dcc5da2bf1789bd2c3,1459,1412,46,0,0,1,0,10273,3397,3394,0,3,78,93,0,99.93,99.96,52078,51265,2f3e1576bd41497b5f7251e6d5a0a8e43e5a2787321b7074faf364ac2bf1ab7d,8bd8c8acf0ed1936a74edf91f924e373bee65ff113416f20f2919bbb64ec53fc,0
texts_no_prologue_epilogue,27,27__A07395.1.txt,A07395,12fb26cd5a1c9726dcc769183bba71f3e767eb51,ed4b852196bbd911fd91a00d2de032ed21bd8b8c654658dcc5da2bf1789bd2c3,1459,1412,46,0,0,1,0,10273,3397,3394,0,3,78,93,0,99.93,99.96,52078,51265,2f3e1576bd41497b5f7251e6d5a0a8e43e5a2787321b7074faf364ac2bf1ab7d,8bd8c8acf0ed1936a74edf91f924e373bee65ff113416f20f2919bbb64ec53fc,0
texts_analysis_en,28,28__A07395.2.txt,A07395,12fb26cd5a1c9726dcc769183bba71f3e767eb51,ed4b852196bbd911fd91a00d2de032ed21bd8b8c654658dcc5da2bf1789bd2c3,1268,1221,41,0,0,5,1,8258,2548,2540,0,8,138,88,0,99.53,99.49,39162,39080,074c56c44aa3c94e6f2c2e5a8df365042974eab8ac2a84841dfdbcbd70750f61,e285306673e623890068f1e9750dc26c07164d198228b01d962454a9fdea37a5,0
texts_no_prologue_epilogue,28,28__A07395.2.txt,A07395,12fb26cd5a1c9726dcc769183bba71f3e767eb51,ed4b852196bbd911fd91a00d2de032ed21bd8b8c654658dcc5da2bf1789bd2c3,1268,1221,41,0,0,5,1,8258,2548,2540,0,8,138,88,0,99.53,99.49,39162,39080,074c56c44aa3c94e6f2c2e5a8df365042974eab8ac2a84841dfdbcbd70750f61,e285306673e623890068f1e9750dc26c07164d198228b01d962454a9fdea37a5,0
texts_analysis_en,430,430__A07492.txt,A07492,12fb26cd5a1c9726dcc769183bba71f3e767eb51,ccb3ee7c0d42ab32899dcc540325a8f0bf1d444bdea97916b09398592da1d6c8,1183,1162,20,0,0,1,0,16965,3843,3828,0,15,10,2,0,99.92,99.95,89237,87531,cce4d189a0b61c091806386ae2b2fe27dd90640535b9615e2de1ef1500db4363,6d83c026d37e543e525a2cf6e9f08cdacef96a262fac5039eb7367150b39cb08,0
texts_no_prologue_epilogue,430,430__A07492.txt,A07492,12fb26cd5a1c9726dcc769183bba71f3e767eb51,ccb3ee7c0d42ab32899dcc540325a8f0bf1d444bdea97916b09398592da1d6c8,1183,1162,20,0,0,1,0,16965,3843,3828,0,15,10,2,0,99.92,99.95,89237,87531,cce4d189a0b61c091806386ae2b2fe27dd90640535b9615e2de1ef1500db4363,6d83c026d37e543e525a2cf6e9f08cdacef96a262fac5039eb7367150b39cb08,0
texts_analysis_en,945,945__A07493.txt,A07493,12fb26cd5a1c9726dcc769183bba71f3e767eb51,72454df0118dd4aceca3626b56670633f93dcd2d41701f175074de152802bf24,2047,2033,12,0,0,2,0,17193,3097,3089,0,8,4,2,0,99.9,99.95,89287,87927,70ea14f919f9cc82e2b62e5e32c7a2c6f1f0ebfbe2114ec7118d2768973615af,291e68da9b4f94d128c6701817ad779f4be41045eb1120e37985327aced51445,0
texts_no_prologue_epilogue,945,945__A07493.txt,A07493,12fb26cd5a1c9726dcc769183bba71f3e767eb51,72454df0118dd4aceca3626b56670633f93dcd2d41701f175074de152802bf24,2047,2033,12,0,0,2,0,17193,3097,3089,0,8,4,2,0,99.9,99.95,89287,87927,70ea14f919f9cc82e2b62e5e32c7a2c6f1f0ebfbe2114ec7118d2768973615af,291e68da9b4f94d128c6701817ad779f4be41045eb1120e37985327aced51445,0
texts_analysis_en,766,766__A07494.txt,A07494,12fb26cd5a1c9726dcc769183bba71f3e767eb51,fa66e00b704606da3dd89c1c98abe1eeb152efe40e3e0c3260e96bcc500ece7e,83,83,0,0,0,0,0,628,165,165,0,0,0,0,0,100.0,100.0,3480,3410,afaf9b5b67ab5463095cfe81e8fca8458f932a351cc2512ede0f60025aaed590,49677fa76e5430de1105d7645188891ede11f8586cf49b54ad252247c00d1648,0
texts_no_prologue_epilogue,766,766__A07494.txt,A07494,12fb26cd5a1c9726dcc769183bba71f3e767eb51,fa66e00b704606da3dd89c1c98abe1eeb152efe40e3e0c3260e96bcc500ece7e,83,83,0,0,0,0,0,628,165,165,0,0,0,0,0,100.0,100.0,3480,3410,afaf9b5b67ab5463095cfe81e8fca8458f932a351cc2512ede0f60025aaed590,49677fa76e5430de1105d7645188891ede11f8586cf49b54ad252247c00d1648,0
texts_analysis_en,616,616__A07495.txt,A07495,12fb26cd5a1c9726dcc769183bba71f3e767eb51,4bdeb21197c516eac48a3bfd18a32c7441f5d08904d8b31609cd044cb6c682c1,1120,1084,34,0,0,2,0,19968,4010,3994,0,16,5,1,1,99.82,99.81,107001,105921,92d031140e0a2af103eb0eca6abdd4163c0391b4598e1c11fe5ad882f6661c1d,e80e21ec444ac2720e592503cffc1eda79c8de1acaff132459af270fa5c21443,0
texts_no_prologue_epilogue,616,616__A07495.txt,A07495,12fb26cd5a1c9726dcc769183bba71f3e767eb51,4bdeb21197c516eac48a3bfd18a32c7441f5d08904d8b31609cd044cb6c682c1,1091,1055,34,0,0,2,0,19743,3952,3936,0,16,5,1,1,99.82,99.81,105695,104616,b246a4ccd370babcc28948d906a22bbec3f95a1607d4d6fad6cb759c0aa9628a,5220ab760974a6c7c307f8bbe14ab1b949695507149c57a000aa6ff5e30e23a8,0
texts_analysis_en,904,904__A07498.txt,A07498,12fb26cd5a1c9726dcc769183bba71f3e767eb51,79254d1c09f6a9a5f3a1074a4964a87d2ac3e1519168e8f21c8c7e039ab40600,2394,2350,41,0,0,3,0,17727,3512,3502,1,9,10,0,0,99.87,99.9,96399,95051,bdc2083404ef2fe48fcb6c1363408c742a8ab4d56a1de41b363ec176af185e5c,74828b77b377c65af14e31b16109054158859f6c49ab5f9b3ba0e93268c3c7d7,0
texts_no_prologue_epilogue,904,904__A07498.txt,A07498,12fb26cd5a1c9726dcc769183bba71f3e767eb51,79254d1c09f6a9a5f3a1074a4964a87d2ac3e1519168e8f21c8c7e039ab40600,2374,2330,41,0,0,3,0,17552,3478,3468,1,9,10,0,0,99.87,99.9,95454,94121,73221540798c5110bb611ada1d9f16ae5c3e173870f1bfd6547297722b66b789,a8f647b190465f1ffd52a1cfa1616f0a4a6ba631b43b83ad1ab0d3cb995c20e9,0
texts_analysis_en,828,828__A07502.1.txt,A07502,12fb26cd5a1c9726dcc769183bba71f3e767eb51,22e7760a6a7fbe80b6d7cc1784afa81031df054ac96a80e6c7019e4bcfcbd791,90,88,2,0,0,0,0,650,97,97,0,0,1,0,0,100.0,100.0,3547,3507,5a0235f61d5948f297990f0d7f7ede9c807423a504eb4bcb18e7775f65b6a2db,d7aba1f91ec1bf2a7107525bb6d99e3ee1df403027def647e826832e6d21736d,0
texts_no_prologue_epilogue,828,828__A07502.1.txt,A07502,12fb26cd5a1c9726dcc769183bba71f3e767eb51,22e7760a6a7fbe80b6d7cc1784afa81031df054ac96a80e6c7019e4bcfcbd791,90,88,2,0,0,0,0,650,97,97,0,0,1,0,0,100.0,100.0,3547,3507,5a0235f61d5948f297990f0d7f7ede9c807423a504eb4bcb18e7775f65b6a2db,d7aba1f91ec1bf2a7107525bb6d99e3ee1df403027def647e826832e6d21736d,0
texts_analysis_en,829,829__A07502.2.txt,A07502,12fb26cd5a1c9726dcc769183bba71f3e767eb51,22e7760a6a7fbe80b6d7cc1784afa81031df054ac96a80e6c7019e4bcfcbd791,58,55,3,0,0,0,0,474,82,82,0,0,0,0,0,100.0,100.0,2593,2566,70097e008713bfd2f2d5bae5211bd6cfc26d0362e07086507a47e46706e4b7c6,076e1af74cf7f7ea01e92e00b29d49289f855bcb963d37cc8bcf2b04c139b5c4,0
texts_no_prologue_epilogue,829,829__A07502.2.txt,A07502,12fb26cd5a1c9726dcc769183bba71f3e767eb51,22e7760a6a7fbe80b6d7cc1784afa81031df054ac96a80e6c7019e4bcfcbd791,58,55,3,0,0,0,0,474,82,82,0,0,0,0,0,100.0,100.0,2593,2566,70097e008713bfd2f2d5bae5211bd6cfc26d0362e07086507a47e46706e4b7c6,076e1af74cf7f7ea01e92e00b29d49289f855bcb963d37cc8bcf2b04c139b5c4,0
texts_analysis_en,830,830__A07502.3.txt,A07502,12fb26cd5a1c9726dcc769183bba71f3e767eb51,22e7760a6a7fbe80b6d7cc1784afa81031df054ac96a80e6c7019e4bcfcbd791,52,50,2,0,0,0,0,418,98,98,0,0,0,0,0,100.0,100.0,2313,2274,8e1074f08af4e3a7382df19dc54c32eb427d1de2eb4a265ff21323e1589e1beb,3f06a8744fa5af3bde60c1f48d50b46f8b00d07472f7509933b3372ab3929405,0
texts_no_prologue_epilogue,830,830__A07502.3.txt,A07502,12fb26cd5a1c9726dcc769183bba71f3e767eb51,22e7760a6a7fbe80b6d7cc1784afa81031df054ac96a80e6c7019e4bcfcbd791,52,50,2,0,0,0,0,418,98,98,0,0,0,0,0,100.0,100.0,2313,2274,8e1074f08af4e3a7382df19dc54c32eb427d1de2eb4a265ff21323e1589e1beb,3f06a8744fa5af3bde60c1f48d50b46f8b00d07472f7509933b3372ab3929405,0
texts_analysis_en,831,831__A07502.4.txt,A07502,12fb26cd5a1c9726dcc769183bba71f3e767eb51,22e7760a6a7fbe80b6d7cc1784afa81031df054ac96a80e6c7019e4bcfcbd791,96,95,1,0,0,0,0,758,148,148,0,0,0,0,0,100.0,100.0,4225,4169,87274a64382e7aae439b98eb367990b846bb076a6816288ef0d6882bf70d303e,18eccf52fb42a7629026352cd95647be05c7c8ae9e33da25d1322e29c5e91ae2,0
texts_no_prologue_epilogue,831,831__A07502.4.txt,A07502,12fb26cd5a1c9726dcc769183bba71f3e767eb51,22e7760a6a7fbe80b6d7cc1784afa81031df054ac96a80e6c7019e4bcfcbd791,96,95,1,0,0,0,0,758,148,148,0,0,0,0,0,100.0,100.0,4225,4169,87274a64382e7aae439b98eb367990b846bb076a6816288ef0d6882bf70d303e,18eccf52fb42a7629026352cd95647be05c7c8ae9e33da25d1322e29c5e91ae2,0
texts_analysis_en,833,833__A07502.6.txt,A07502,12fb26cd5a1c9726dcc769183bba71f3e767eb51,22e7760a6a7fbe80b6d7cc1784afa81031df054ac96a80e6c7019e4bcfcbd791,135,133,1,0,0,0,1,957,194,194,0,0,0,0,0,99.26,75.88,7004,6919,0f952456124a9734c60eecafcfef0eff404a455ec4bc7d52896936756a862196,dd3ddc5886cda1d9e9c812f22f79088e0a0b463bd35a4229c2ad2fb8d74e9ccb,0
texts_no_prologue_epilogue,833,833__A07502.6.txt,A07502,12fb26cd5a1c9726dcc769183bba71f3e767eb51,22e7760a6a7fbe80b6d7cc1784afa81031df054ac96a80e6c7019e4bcfcbd791,135,133,1,0,0,0,1,957,194,194,0,0,0,0,0,99.26,75.88,7004,6919,0f952456124a9734c60eecafcfef0eff404a455ec4bc7d52896936756a862196,dd3ddc5886cda1d9e9c812f22f79088e0a0b463bd35a4229c2ad2fb8d74e9ccb,0
texts_analysis_en,835,835__A07502.8.txt,A07502,12fb26cd5a1c9726dcc769183bba71f3e767eb51,22e7760a6a7fbe80b6d7cc1784afa81031df054ac96a80e6c7019e4bcfcbd791,14,12,0,0,0,0,2,98,20,20,0,0,0,0,0,85.71,8.5,6273,6268,49303a411fb40c4dc612a4fbb74f917ff0476f160527aa3b3fdce07b610bb131,884d1dca2d04811752b3d7d7df89981237d1ee14cc2cfaeb382a64c5cbaab6c4,0
texts_no_prologue_epilogue,835,835__A07502.8.txt,A07502,12fb26cd5a1c9726dcc769183bba71f3e767eb51,22e7760a6a7fbe80b6d7cc1784afa81031df054ac96a80e6c7019e4bcfcbd791,14,12,0,0,0,0,2,98,20,20,0,0,0,0,0,85.71,8.5,6273,6268,49303a411fb40c4dc612a4fbb74f917ff0476f160527aa3b3fdce07b610bb131,884d1dca2d04811752b3d7d7df89981237d1ee14cc2cfaeb382a64c5cbaab6c4,0
texts_analysis_en,836,836__A07502.9.txt,A07502,12fb26cd5a1c9726dcc769183bba71f3e767eb51,22e7760a6a7fbe80b6d7cc1784afa81031df054ac96a80e6c7019e4bcfcbd791,56,56,0,0,0,0,0,436,106,106,0,0,0,0,0,100.0,100.0,2404,2376,3ba86683fb8290dbf0e708d171387478c829113544ad2af4b5fe98190159825b,5d406958c56077b84ef2cd7d2f5cbae4a4da6f5dd8dd144aefd100fbcab9409a,0
texts_no_prologue_epilogue,836,836__A07502.9.txt,A07502,12fb26cd5a1c9726dcc769183bba71f3e767eb51,22e7760a6a7fbe80b6d7cc1784afa81031df054ac96a80e6c7019e4bcfcbd791,56,56,0,0,0,0,0,436,106,106,0,0,0,0,0,100.0,100.0,2404,2376,3ba86683fb8290dbf0e708d171387478c829113544ad2af4b5fe98190159825b,5d406958c56077b84ef2cd7d2f5cbae4a4da6f5dd8dd144aefd100fbcab9409a,0
texts_analysis_en,837,837__A07502.10.txt,A07502,12fb26cd5a1c9726dcc769183bba71f3e767eb51,22e7760a6a7fbe80b6d7cc1784afa81031df054ac96a80e6c7019e4bcfcbd791,70,69,1,0,0,0,0,542,106,106,0,0,0,0,0,100.0,100.0,2965,2924,6efa91b20f4ad73085c27860c4cacb7584691ea925cb707c88123c3f07f3fe0e,5df709dac94d8974f307698d8362e0f613bca905eab79a5ad195f13ee894e7f4,0
texts_no_prologue_epilogue,837,837__A07502.10.txt,A07502,12fb26cd5a1c9726dcc769183bba71f3e767eb51,22e7760a6a7fbe80b6d7cc1784afa81031df054ac96a80e6c7019e4bcfcbd791,70,69,1,0,0,0,0,542,106,106,0,0,0,0,0,100.0,100.0,2965,2924,6efa91b20f4ad73085c27860c4cacb7584691ea925cb707c88123c3f07f3fe0e,5df709dac94d8974f307698d8362e0f613bca905eab79a5ad195f13ee894e7f4,0
texts_analysis_en,806,806__A07503.txt,A07503,12fb26cd5a1c9726dcc769183bba71f3e767eb51,d01f1d066332cdd7e49c69c859f57739bd18a503ba1743c84d138fcba6a36c0b,228,222,3,0,0,0,3,2042,447,438,0,9,0,0,0,98.68,86.26,12888,12722,6730d0f55d448f01a3d755af91ee7c113c74a59126f882b1f5ab55526c1d0e4b,31c85ca1ed0ed17bfe0ac87c24af518fc796551df2954d6d0787996c1aaa1f27,0
texts_no_prologue_epilogue,806,806__A07503.txt,A07503,12fb26cd5a1c9726dcc769183bba71f3e767eb51,d01f1d066332cdd7e49c69c859f57739bd18a503ba1743c84d138fcba6a36c0b,228,222,3,0,0,0,3,2042,447,438,0,9,0,0,0,98.68,86.26,12888,12722,6730d0f55d448f01a3d755af91ee7c113c74a59126f882b1f5ab55526c1d0e4b,31c85ca1ed0ed17bfe0ac87c24af518fc796551df2954d6d0787996c1aaa1f27,0
texts_analysis_en,651,651__A07504.txt,A07504,12fb26cd5a1c9726dcc769183bba71f3e767eb51,7d48ecd230c5cea7d7b1ff92a40fc3be87f54b8c032439230fd9e6bddc770924,1374,1327,45,0,0,2,0,18379,3745,3739,0,6,3,0,0,99.85,99.92,95373,94564,7b23360641cc3d8cef218b2717135e0e671974682da7feaa7d00cd5dc3626041,18628a05f24a02a10a60a5fe401acd94929637ce750237fa23086276f3961a48,0
texts_no_prologue_epilogue,651,651__A07504.txt,A07504,12fb26cd5a1c9726dcc769183bba71f3e767eb51,7d48ecd230c5cea7d7b1ff92a40fc3be87f54b8c032439230fd9e6bddc770924,1374,1327,45,0,0,2,0,18379,3745,3739,0,6,3,0,0,99.85,99.92,95373,94564,7b23360641cc3d8cef218b2717135e0e671974682da7feaa7d00cd5dc3626041,18628a05f24a02a10a60a5fe401acd94929637ce750237fa23086276f3961a48,0
texts_analysis_en,575,575__A07505.txt,A07505,12fb26cd5a1c9726dcc769183bba71f3e767eb51,a9eb03a8c33a91eab642d17ff17a6edcd364d0122b9a7bf74676624721ad74bb,1420,1323,94,1,0,1,1,19846,4514,4505,2,7,91,8,0,99.86,99.9,103224,101631,0c3ccd59249824c9168e773945fb0a86798f58009e458899df89ef7ab2d0b8d2,c83a02956fac9ad80dd0fdc045801270f978b568ca58ed1b58bf82c8b6712bf9,0
texts_no_prologue_epilogue,575,575__A07505.txt,A07505,12fb26cd5a1c9726dcc769183bba71f3e767eb51,a9eb03a8c33a91eab642d17ff17a6edcd364d0122b9a7bf74676624721ad74bb,1420,1323,94,1,0,1,1,19846,4514,4505,2,7,91,8,0,99.86,99.9,103224,101631,0c3ccd59249824c9168e773945fb0a86798f58009e458899df89ef7ab2d0b8d2,c83a02956fac9ad80dd0fdc045801270f978b568ca58ed1b58bf82c8b6712bf9,0
texts_analysis_en,573,573__A07507.txt,A07507,12fb26cd5a1c9726dcc769183bba71f3e767eb51,53bf9d7c3bdfd246563cbd2d9a19f4540a7171dab8eacffccf4e0be6cdaa16f0,1671,1629,39,0,0,2,1,20077,4511,4504,0,7,10,1,0,99.82,99.92,104669,102936,9e47109bae0b95786352819f400e7e41383862c77d02fc8c23cfcaadb5030f8d,4a75d55ade8e1b788620f6d5e6e29d7f8dac6e46fca64e2a45d9d88deaff58a2,0
texts_no_prologue_epilogue,573,573__A07507.txt,A07507,12fb26cd5a1c9726dcc769183bba71f3e767eb51,53bf9d7c3bdfd246563cbd2d9a19f4540a7171dab8eacffccf4e0be6cdaa16f0,1630,1588,39,0,0,2,1,19760,4449,4442,0,7,10,1,0,99.82,99.92,102808,101106,33cf429b9a6b6f00ce8558bfa2e90f69ec6a3d4de31797b420de117f8f934c5c,6703e61878af0668b8689cf5540def35e74e669fb96bd0e555df73d584d9ed86,0
texts_analysis_en,825,825__A07510.txt,A07510,12fb26cd5a1c9726dcc769183bba71f3e767eb51,b92306a77f3e656ae3213e93d3d786eeda80d21e640c51d1e891209595e55dc8,190,187,3,0,0,0,0,1471,305,302,0,3,3,0,0,100.0,100.0,8407,8248,d6f1466d7e4bb5f6f4a79d97800b2f13a16a62cebe9c384816fb2e05a6d90261,01666c31bcac71b3634a2058b3515bf191fcbb1b71814c656d4b2f9cabac014d,0
texts_no_prologue_epilogue,825,825__A07510.txt,A07510,12fb26cd5a1c9726dcc769183bba71f3e767eb51,b92306a77f3e656ae3213e93d3d786eeda80d21e640c51d1e891209595e55dc8,190,187,3,0,0,0,0,1471,305,302,0,3,3,0,0,100.0,100.0,8407,8248,d6f1466d7e4bb5f6f4a79d97800b2f13a16a62cebe9c384816fb2e05a6d90261,01666c31bcac71b3634a2058b3515bf191fcbb1b71814c656d4b2f9cabac014d,0
texts_analysis_en,614,614__A07511.txt,A07511,12fb26cd5a1c9726dcc769183bba71f3e767eb51,259c9a597affccbe60356dc2f240a4ebc99f77813d83976298fdae93f84ea106,1269,1224,44,0,0,1,0,18478,4116,4110,0,6,17,0,0,99.92,99.95,95959,94583,4ab8799910672118b98eddba9320d27d0238e678280d88acc313bdbc4f4b0055,5d895ac8faaf443acc4683345f7ec8e699621679a1b9ff85e323e9e1d90cc3b8,0
texts_no_prologue_epilogue,614,614__A07511.txt,A07511,12fb26cd5a1c9726dcc769183bba71f3e767eb51,259c9a597affccbe60356dc2f240a4ebc99f77813d83976298fdae93f84ea106,1269,1224,44,0,0,1,0,18478,4116,4110,0,6,17,0,0,99.92,99.95,95959,94583,4ab8799910672118b98eddba9320d27d0238e678280d88acc313bdbc4f4b0055,5d895ac8faaf443acc4683345f7ec8e699621679a1b9ff85e323e9e1d90cc3b8,0
texts_analysis_en,906,906__A07512.txt,A07512,12fb26cd5a1c9726dcc769183bba71f3e767eb51,f3d08b75a10f17feb49b4e532581accbdaa938e872e19aa26399a0653797ea3d,100,98,1,0,0,1,0,773,156,154,0,2,1,1,0,99.0,99.16,4362,4319,191b4adb9353941f237f8a8caa754cfd8e01244af78f2d34412fe374d7fd3af4,6d5fd4a5e7a1baa530694e31cdd10dd942760fe52bb2503f870f91ac84dffbd7,0
texts_no_prologue_epilogue,906,906__A07512.txt,A07512,12fb26cd5a1c9726dcc769183bba71f3e767eb51,f3d08b75a10f17feb49b4e532581accbdaa938e872e19aa26399a0653797ea3d,100,98,1,0,0,1,0,773,156,154,0,2,1,1,0,99.0,99.16,4362,4319,191b4adb9353941f237f8a8caa754cfd8e01244af78f2d34412fe374d7fd3af4,6d5fd4a5e7a1baa530694e31cdd10dd942760fe52bb2503f870f91ac84dffbd7,0
texts_analysis_en,791,791__A07513.txt,A07513,12fb26cd5a1c9726dcc769183bba71f3e767eb51,63c517b2188c94216c4735b336c46e8b2a5eb9751fc8d516fd2b67fb53a49696,77,75,2,0,0,0,0,703,114,114,0,0,0,0,0,100.0,100.0,3802,3782,11fef60223ee4d821ba5c216833186a7094ff264b3e3d96f10f597f3d2f61427,968a359828b4ee2328eddb45dd8bea49228161a9a314dd6cea32b624ae49e415,0
texts_no_prologue_epilogue,791,791__A07513.txt,A07513,12fb26cd5a1c9726dcc769183bba71f3e767eb51,63c517b2188c94216c4735b336c46e8b2a5eb9751fc8d516fd2b67fb53a49696,77,75,2,0,0,0,0,703,114,114,0,0,0,0,0,100.0,100.0,3802,3782,11fef60223ee4d821ba5c216833186a7094ff264b3e3d96f10f597f3d2f61427,968a359828b4ee2328eddb45dd8bea49228161a9a314dd6cea32b624ae49e415,0
texts_analysis_en,849,849__A07515.txt,A07515,12fb26cd5a1c9726dcc769183bba71f3e767eb51,dde6dc8b4bd6ed9b81ee60f1ff3f8b1987f4fd509c5379d296983c1d9c0a9731,158,157,1,0,0,0,0,1234,254,253,0,1,0,0,0,100.0,100.0,6933,6856,6a0457498f6091a5359cfd712f533460888d8148177150cc347d5a930c203469,51473a1719baead21fabd7d6c522d118ac5097de805055e337ed33f34f412374,0
texts_no_prologue_epilogue,849,849__A07515.txt,A07515,12fb26cd5a1c9726dcc769183bba71f3e767eb51,dde6dc8b4bd6ed9b81ee60f1ff3f8b1987f4fd509c5379d296983c1d9c0a9731,158,157,1,0,0,0,0,1234,254,253,0,1,0,0,0,100.0,100.0,6933,6856,6a0457498f6091a5359cfd712f533460888d8148177150cc347d5a930c203469,51473a1719baead21fabd7d6c522d118ac5097de805055e337ed33f34f412374,0
texts_analysis_en,856,856__A07516.txt,A07516,12fb26cd5a1c9726dcc769183bba71f3e767eb51,5668bdbad07788c25f0bb9ed77dc7eec2b1a0f5f931a3920f452809db79bec20,155,155,0,0,0,0,0,1213,298,297,0,1,0,0,0,100.0,100.0,6879,6769,639e9eec15bc057a9aa7ff3034a7a395091721f8e76a47a4b460d47db4f7f008,86863ccb397298a8796a26b69574b898df6b39d044eb4ba3aa1cd5dee63ca468,0
texts_no_prologue_epilogue,856,856__A07516.txt,A07516,12fb26cd5a1c9726dcc769183bba71f3e767eb51,5668bdbad07788c25f0bb9ed77dc7eec2b1a0f5f931a3920f452809db79bec20,155,155,0,0,0,0,0,1213,298,297,0,1,0,0,0,100.0,100.0,6879,6769,639e9eec15bc057a9aa7ff3034a7a395091721f8e76a47a4b460d47db4f7f008,86863ccb397298a8796a26b69574b898df6b39d044eb4ba3aa1cd5dee63ca468,0
texts_analysis_en,807,807__A07517.txt,A07517,12fb26cd5a1c9726dcc769183bba71f3e767eb51,729209157984f1174dbfd8cd97aecd8368e59c6ceb0f188495c4a0f61f8361ce,226,221,4,0,0,1,0,1799,351,351,0,0,6,0,0,99.56,99.58,10081,9955,15ab1461748130ef04d558094c8048bf6407934167f9ce735b6f1cd21666179a,c4de70d609dfdceb092e1a94147666d1b200cd7d6bf24b80aead7191964bb937,0
texts_no_prologue_epilogue,807,807__A07517.txt,A07517,12fb26cd5a1c9726dcc769183bba71f3e767eb51,729209157984f1174dbfd8cd97aecd8368e59c6ceb0f188495c4a0f61f8361ce,226,221,4,0,0,1,0,1799,351,351,0,0,6,0,0,99.56,99.58,10081,9955,15ab1461748130ef04d558094c8048bf6407934167f9ce735b6f1cd21666179a,c4de70d609dfdceb092e1a94147666d1b200cd7d6bf24b80aead7191964bb937,0
texts_analysis_en,717,717__A07518.txt,A07518,12fb26cd5a1c9726dcc769183bba71f3e767eb51,f340d1cbe6cb0737ee6cae2790fd1364cc0303f89fe92c5e1b4da5764f715557,477,472,5,0,0,0,0,3891,817,816,0,1,1,0,8,100.0,100.0,21383,21022,0cea54af259469c697fff86719401d3d5604c17a509e42798e3663431e5f3b28,856d08c4b66d7090d58390ea9a79f7a113ac63329f95a6c262d757ad1835514c,0
texts_no_prologue_epilogue,717,717__A07518.txt,A07518,12fb26cd5a1c9726dcc769183bba71f3e767eb51,f340d1cbe6cb0737ee6cae2790fd1364cc0303f89fe92c5e1b4da5764f715557,477,472,5,0,0,0,0,3891,817,816,0,1,1,0,8,100.0,100.0,21383,21022,0cea54af259469c697fff86719401d3d5604c17a509e42798e3663431e5f3b28,856d08c4b66d7090d58390ea9a79f7a113ac63329f95a6c262d757ad1835514c,0
texts_analysis_en,696,696__A07524.txt,A07524,12fb26cd5a1c9726dcc769183bba71f3e767eb51,59789c1d4e47bf5112379e62f7fa66b96d250e97060a88055543192e0adf8df8,2401,2347,48,0,0,5,1,24053,4960,4950,0,10,9,0,0,99.75,99.81,124592,122800,cd8be727fc52a266b3a0fb1e1ea75b3329f2983dd573fca429fb2b4f527884c7,009aa1d4f0e26d1666e3d593a070de2361ea723eede1097130f40113e9f6cb03,0
texts_no_prologue_epilogue,696,696__A07524.txt,A07524,12fb26cd5a1c9726dcc769183bba71f3e767eb51,59789c1d4e47bf5112379e62f7fa66b96d250e97060a88055543192e0adf8df8,2334,2282,46,0,0,5,1,23476,4827,4817,0,10,8,0,0,99.74,99.81,121402,119685,6df31103b498f1de830082d19f738bdcbec2fa875cefce4c0b97f46e72375a48,6e91961574a6a6fff890d551b08a3b2c2654579a1df176106b32af7f252df6fd,0
texts_analysis_en,823,823__A07525.txt,A07525,12fb26cd5a1c9726dcc769183bba71f3e767eb51,3909ba3aebfbaa720170b1b58d0103b7ce6628bf5a5b1bd4c1eda4c7b9b8ed48,953,941,12,0,0,0,0,8149,1731,1710,0,21,3,1,0,100.0,100.0,44816,44104,b6e341a908a1bcce9b820dd45cb32c0a4c4dbd9bcfedf59e82255485f9026382,acb1c5a831c1835b019a6b5ce309f8b7c237df1df873d4ed86feaa128b2d1d58,0
texts_no_prologue_epilogue,823,823__A07525.txt,A07525,12fb26cd5a1c9726dcc769183bba71f3e767eb51,3909ba3aebfbaa720170b1b58d0103b7ce6628bf5a5b1bd4c1eda4c7b9b8ed48,927,916,11,0,0,0,0,7934,1684,1663,0,21,3,1,0,100.0,100.0,43646,42964,e47f9915fa2b5f396813918129757f7182202d5527241826bfd5a6af0242e040,780895faed6fb668d64a282f5ab2c0084bd5c1fd93297150602537a78738d616,0
texts_analysis_en,1057,1057__A07555.txt,A07555,12fb26cd5a1c9726dcc769183bba71f3e767eb51,d9c5532378ae80b69e1a30a01c82a237096032e7ca1731556d12fd88efbafb26,1040,909,126,3,0,2,0,7492,1319,1313,0,6,106,16,0,99.81,99.83,41934,41527,a58a371b92cc47bf45cc9e81bfd2f9889321af6f5bb702acafe4e9ee8afe8892,46ee683d1e49aa7f6f4e0e731d7b5e4f47c50bceabf4d91d0463a13162b61a45,0
texts_no_prologue_epilogue,1057,1057__A07555.txt,A07555,12fb26cd5a1c9726dcc769183bba71f3e767eb51,d9c5532378ae80b69e1a30a01c82a237096032e7ca1731556d12fd88efbafb26,1040,909,126,3,0,2,0,7492,1319,1313,0,6,106,16,0,99.81,99.83,41934,41527,a58a371b92cc47bf45cc9e81bfd2f9889321af6f5bb702acafe4e9ee8afe8892,46ee683d1e49aa7f6f4e0e731d7b5e4f47c50bceabf4d91d0463a13162b61a45,0
texts_analysis_en,796,796__A07637.txt,A07637,12fb26cd5a1c9726dcc769183bba71f3e767eb51,88e729714485cdd54bb1df2c584e4527ae250079d5f101cc34f4655c976aaf9b,1670,1654,16,0,0,0,0,13194,2798,2781,0,17,6,3,0,100.0,100.0,69693,68521,86ef390369549bbb1b51fafac8c6d816bfe2d461260d61f88c572901eb30f01c,9ce6ca6fe9ec335aede5fbd3b65f170c587fe3c6cccfa47bfa03f310d8bceda7,0
texts_no_prologue_epilogue,796,796__A07637.txt,A07637,12fb26cd5a1c9726dcc769183bba71f3e767eb51,88e729714485cdd54bb1df2c584e4527ae250079d5f101cc34f4655c976aaf9b,1644,1628,16,0,0,0,0,12976,2752,2735,0,17,6,3,0,100.0,100.0,68539,67394,1b98d153ad3da8a3f0846e24c63dbe2836c41e5cd9c8b010d802bf9ae72fb8d4,482f1b48543db3f84144769906c56bcee04ff6254cb9f39bf18123dc80518f4f,0
texts_analysis_en,319,319__A07859.txt,A07859,12fb26cd5a1c9726dcc769183bba71f3e767eb51,876fc2e7632b7392745cb1ff2b18ec2fb5696d3ca378e2352f0f7b7cf166f0f1,1179,977,199,0,0,3,0,10888,2303,2301,0,2,320,1,0,99.75,99.82,56180,55460,12d22aab53ebeb6024059be07fd1e0efa827a6d8a86add5ffff95526e5bfd537,3681a8846332907e5049ef399b171ae1f1a96479ed150190150a14aa9478e6bb,0
texts_no_prologue_epilogue,319,319__A07859.txt,A07859,12fb26cd5a1c9726dcc769183bba71f3e767eb51,876fc2e7632b7392745cb1ff2b18ec2fb5696d3ca378e2352f0f7b7cf166f0f1,1179,977,199,0,0,3,0,10888,2303,2301,0,2,320,1,0,99.75,99.82,56180,55460,12d22aab53ebeb6024059be07fd1e0efa827a6d8a86add5ffff95526e5bfd537,3681a8846332907e5049ef399b171ae1f1a96479ed150190150a14aa9478e6bb,0
texts_analysis_en,688,688__A07895.txt,A07895,12fb26cd5a1c9726dcc769183bba71f3e767eb51,ec68e7209917ddc4fdc767f309f19581ee9fb17c00f4720c47e12dbd5dcfe8d3,264,261,3,0,0,0,0,2801,519,512,0,7,3,0,0,100.0,100.0,16236,16014,565a3d7c652ce0ba0ba7b50e6b6c2059ab2c911490482b122d3ce924687afc9b,195077fd5fae699188e01e97ae0bd6c13c7c011d7e6e74188bf8b8abb203cec3,0
texts_no_prologue_epilogue,688,688__A07895.txt,A07895,12fb26cd5a1c9726dcc769183bba71f3e767eb51,ec68e7209917ddc4fdc767f309f19581ee9fb17c00f4720c47e12dbd5dcfe8d3,264,261,3,0,0,0,0,2801,519,512,0,7,3,0,0,100.0,100.0,16236,16014,565a3d7c652ce0ba0ba7b50e6b6c2059ab2c911490482b122d3ce924687afc9b,195077fd5fae699188e01e97ae0bd6c13c7c011d7e6e74188bf8b8abb203cec3,0
texts_analysis_en,411,411__A07897.txt,A07897,12fb26cd5a1c9726dcc769183bba71f3e767eb51,7d5a7d13850b5f6299538ce347a3fb8877023e419a11663a83cc952c2be6fee0,2789,2673,111,0,0,5,0,21853,4679,4613,1,65,81,0,0,99.82,99.83,116931,114787,62a50ac111949f60156798d9a70916ff0d6665be91d0aa025d308e65b5e33772,450156d4f16320be012eb1c297382149eec9c6397fa97a5e605c811066919b37,0
texts_no_prologue_epilogue,411,411__A07897.txt,A07897,12fb26cd5a1c9726dcc769183bba71f3e767eb51,7d5a7d13850b5f6299538ce347a3fb8877023e419a11663a83cc952c2be6fee0,2785,2669,111,0,0,5,0,21822,4671,4605,1,65,81,0,0,99.82,99.83,116754,114615,68e99aa5e8a57e12d5fb5aeca111d4b15542813c32c8bb92209a5b5b94da5522,3b3db4307be9cf7e48c8f589eeb674c73ebb0b0242c5831a6db0780b5bc4fac0,0
texts_analysis_en,731,731__A07903.txt,A07903,12fb26cd5a1c9726dcc769183bba71f3e767eb51,309db9529871290706daa797b64524e27cfcec7b8227e788d840571ce8d795c8,118,117,1,0,0,0,0,1363,282,279,0,3,0,0,0,100.0,100.0,7722,7571,a03a180eb37b8415537413befc7640ef0b60763986cb247927904b723a669e40,17ec6c48587dfb6c8db632ce0ca36261dd68562c10dc81f7d921785f0cf7b3b5,0
texts_no_prologue_epilogue,731,731__A07903.txt,A07903,12fb26cd5a1c9726dcc769183bba71f3e767eb51,309db9529871290706daa797b64524e27cfcec7b8227e788d840571ce8d795c8,118,117,1,0,0,0,0,1363,282,279,0,3,0,0,0,100.0,100.0,7722,7571,a03a180eb37b8415537413befc7640ef0b60763986cb247927904b723a669e40,17ec6c48587dfb6c8db632ce0ca36261dd68562c10dc81f7d921785f0cf7b3b5,0
texts_analysis_en,750,750__A07904.txt,A07904,12fb26cd5a1c9726dcc769183bba71f3e767eb51,5342736cb91d63bd336ee4ba1ebe1f674031225c2e3dcb6149711b9a99ef907d,220,219,1,0,0,0,0,1759,330,324,0,6,0,0,0,100.0,100.0,9887,9716,d335ce9d6b02161fa67a3eee6aef7fc287e14005477f403ecaaad8bc46df0109,020aaa430ec478e155a923d7470b6ee80228653455f1d047276ec74061c18426,0
texts_no_prologue_epilogue,750,750__A07904.txt,A07904,12fb26cd5a1c9726dcc769183bba71f3e767eb51,5342736cb91d63bd336ee4ba1ebe1f674031225c2e3dcb6149711b9a99ef907d,220,219,1,0,0,0,0,1759,330,324,0,6,0,0,0,100.0,100.0,9887,9716,d335ce9d6b02161fa67a3eee6aef7fc287e14005477f403ecaaad8bc46df0109,020aaa430ec478e155a923d7470b6ee80228653455f1d047276ec74061c18426,0
texts_analysis_en,797,797__A07906.txt,A07906,12fb26cd5a1c9726dcc769183bba71f3e767eb51,678f9d84bf85c1d92f750341f90c0fb05f13f8547eaa62663200d01cc52eee6d,108,108,0,0,0,0,0,711,187,187,0,0,1,0,0,100.0,100.0,3922,3863,9995c3679bf30af62057e1f5306076c48c19cae6e54349e89340e1ccac311626,765904e686dece70477222ae40989e4db58e7f94852c95089e5439070eac4d5d,0
texts_no_prologue_epilogue,797,797__A07906.txt,A07906,12fb26cd5a1c9726dcc769183bba71f3e767eb51,678f9d84bf85c1d92f750341f90c0fb05f13f8547eaa62663200d01cc52eee6d,108,108,0,0,0,0,0,711,187,187,0,0,1,0,0,100.0,100.0,3922,3863,9995c3679bf30af62057e1f5306076c48c19cae6e54349e89340e1ccac311626,765904e686dece70477222ae40989e4db58e7f94852c95089e5439070eac4d5d,0
texts_analysis_en,517,517__A07907.txt,A07907,12fb26cd5a1c9726dcc769183bba71f3e767eb51,e436ed2b3a10008d885e5df0fd707cd903a47d00a55e3a73979a33449efa7a37,314,301,13,0,0,0,0,2381,542,531,0,11,7,0,0,100.0,100.0,13649,13482,a7c18385af32d3176afddc12e82b0a28c5d1d0006bc6c94c95ffd31185d1e6bb,f4ee753f5b99887c16560674883bb94902caaf25a6d43f502054db08db42abe6,0
texts_no_prologue_epilogue,517,517__A07907.txt,A07907,12fb26cd5a1c9726dcc769183bba71f3e767eb51,e436ed2b3a10008d885e5df0fd707cd903a47d00a55e3a73979a33449efa7a37,314,301,13,0,0,0,0,2381,542,531,0,11,7,0,0,100.0,100.0,13649,13482,a7c18385af32d3176afddc12e82b0a28c5d1d0006bc6c94c95ffd31185d1e6bb,f4ee753f5b99887c16560674883bb94902caaf25a6d43f502054db08db42abe6,0
texts_analysis_en,1129,1129__A07970.txt,A07970,12fb26cd5a1c9726dcc769183bba71f3e767eb51,8f9655fe44c517a49dde7807cad71862535133c81c971f4ce0d14caf4a476440,1837,1724,108,1,0,4,0,15534,1639,1635,0,4,99,7,0,99.78,99.83,83384,82847,46258562f1b04b7c08855f1b96f8d57b5e4c170fea820e04c9657238f17a1a31,77411603af506e55998de4586f5523ecc8f210caaa4193ff9d4a4107c9637ee8,0
texts_no_prologue_epilogue,1129,1129__A07970.txt,A07970,12fb26cd5a1c9726dcc769183bba71f3e767eb51,8f9655fe44c517a49dde7807cad71862535133c81c971f4ce0d14caf4a476440,1807,1696,106,1,0,4,0,15283,1611,1607,0,4,98,7,0,99.78,99.82,82114,81588,ee43316249d16d68d1ef553933d1ae7a9dbde1bcfbb3ed114d81476fc6752286,8120f588dbd53ff7378cf0d12597e8f532ee545f1dcfa7bae653887c2f9137e6,0
texts_analysis_en,1082,1082__A07971.txt,A07971,12fb26cd5a1c9726dcc769183bba71f3e767eb51,3882594d8fa80f89eaf6a2ba6b376281e6c91528630b06579a3216f35907a107,1561,1428,124,4,0,4,1,17509,2417,2403,0,14,151,9,0,99.68,99.83,95887,94773,5414187ed914f53db56a6a2139c304431078dc61f5862572a1e46c3142419a0b,00b649e4236d980074609d3792a33025e2e7bd52720393b786df537ca600b055,0
texts_no_prologue_epilogue,1082,1082__A07971.txt,A07971,12fb26cd5a1c9726dcc769183bba71f3e767eb51,3882594d8fa80f89eaf6a2ba6b376281e6c91528630b06579a3216f35907a107,1523,1391,123,4,0,4,1,17219,2368,2354,0,14,150,9,0,99.67,99.83,94286,93198,4649108f73cc81e5fad73ebe84edd77ab484c5e7d8e88159ae908787a06878da,975f543388e53afa45c3a7491fc4e81da4eda349e0ddc2814577aeb2da6dbe6d,0
texts_analysis_en,1044,1044__A07974.txt,A07974,12fb26cd5a1c9726dcc769183bba71f3e767eb51,edd97680f4ed1def2f1cb561a4243c5d118a1626c7fbe97dea8ac43c032238a4,2332,2259,68,1,0,4,0,15651,2285,2275,0,10,15,4,0,99.83,99.83,88554,87278,a9b9c5e4a8116c47dded5ff73cd682c623e053106f86952347121d368183f191,0272437183da78178f4975a5eb90356502e6cca881d050bfc7bb3e70603d2dbe,0
texts_no_prologue_epilogue,1044,1044__A07974.txt,A07974,12fb26cd5a1c9726dcc769183bba71f3e767eb51,edd97680f4ed1def2f1cb561a4243c5d118a1626c7fbe97dea8ac43c032238a4,2294,2221,68,1,0,4,0,15353,2239,2229,0,10,15,4,0,99.83,99.83,86914,85675,0ecf18704610aeff014ac8b934e9cae2b40ceb64b6de0ce5f05260ace8c1a71e,8dae7bd5e46c028b14bb3b478ef2e99ccd7528b0c5659ab8bd0c564a6eca5994,0
texts_analysis_en,1045,1045__A07975.txt,A07975,12fb26cd5a1c9726dcc769183bba71f3e767eb51,0086f66fb624d861c262dc32d80ba30d7d899c93a296005c72f9f4128bee7a92,1219,1102,110,1,0,5,1,10418,1457,1455,0,2,140,6,0,99.51,99.66,58858,58193,95dc0d961d9717b736588e5836ecb31c2d08098307d96b4823787329603a01b9,8bfe9dbf92c60aa73aeab478e7745c6feaecb7fd10354194b5ae62278d8833f5,0
texts_no_prologue_epilogue,1045,1045__A07975.txt,A07975,12fb26cd5a1c9726dcc769183bba71f3e767eb51,0086f66fb624d861c262dc32d80ba30d7d899c93a296005c72f9f4128bee7a92,1219,1102,110,1,0,5,1,10418,1457,1455,0,2,140,6,0,99.51,99.66,58858,58193,95dc0d961d9717b736588e5836ecb31c2d08098307d96b4823787329603a01b9,8bfe9dbf92c60aa73aeab478e7745c6feaecb7fd10354194b5ae62278d8833f5,0
texts_analysis_en,1077,1077__A07978.txt,A07978,12fb26cd5a1c9726dcc769183bba71f3e767eb51,30593f1653813112d4583270a51d000e8800062e5ebe2ac02cc95717ae547461,1859,1681,173,0,0,4,1,16799,2320,2307,0,13,204,3,0,99.73,99.8,92038,90999,29bc4f9474fc6fa7e270f2729d381ba8677c8cb7a47631e110ae2a800c039b41,b69b0cc94a81cea43ffc292ac28054ca2fef0dfcc4d38981dfe9eda150d05fc7,0
texts_no_prologue_epilogue,1077,1077__A07978.txt,A07978,12fb26cd5a1c9726dcc769183bba71f3e767eb51,30593f1653813112d4583270a51d000e8800062e5ebe2ac02cc95717ae547461,1821,1644,173,0,0,3,1,16495,2272,2259,0,13,204,3,0,99.78,99.85,90329,89319,4ba2df1fde2815c88efe296ecce482d9f3afc90c6198e0a584ae28fa92b2a190,0150aa75a571ad7d4bd2d143b2b64d46a2b5e2e3a5e1f8d4970fe824ba637ef5,0
texts_analysis_en,1134,1134__A07979.txt,A07979,12fb26cd5a1c9726dcc769183bba71f3e767eb51,0f8c0f7938c7ca9f73aca94c1be0a7c4232265be7273ea3724cd3ce8087530ed,2073,2054,16,0,0,2,1,13059,1747,1743,0,4,6,0,0,99.86,99.93,72111,70980,d1b8041d06f2138b607c2f1c84c7ff905f4c77681bcd9f460517345fc2419716,521fe7b82b9ed463fcdd452df91ae2b74fe21e89f51d66e0bad3750f2f169e98,0
texts_no_prologue_epilogue,1134,1134__A07979.txt,A07979,12fb26cd5a1c9726dcc769183bba71f3e767eb51,0f8c0f7938c7ca9f73aca94c1be0a7c4232265be7273ea3724cd3ce8087530ed,2073,2054,16,0,0,2,1,13059,1747,1743,0,4,6,0,0,99.86,99.93,72111,70980,d1b8041d06f2138b607c2f1c84c7ff905f4c77681bcd9f460517345fc2419716,521fe7b82b9ed463fcdd452df91ae2b74fe21e89f51d66e0bad3750f2f169e98,0
texts_analysis_en,396,396__A08009.txt,A08009,7e704442dfddf63a2b8e0ca0c6a5724d8b40a4e0,d45244d5c368ea75344d755fa38e21b6896c9242ced69296cb2dd7a80a8232fa,1224,1192,31,0,0,1,0,16554,3388,3379,0,9,0,0,0,99.92,99.95,90513,88883,2ccbc23dc060bab1ab3a09e9bfba6b3e3a33d1817a7f9468cee308836f0bd6a2,7136e147908c3a3a171a35f40d90994fedaa3ea82ef97c7c777617478bc57c59,0
texts_no_prologue_epilogue,396,396__A08009.txt,A08009,7e704442dfddf63a2b8e0ca0c6a5724d8b40a4e0,d45244d5c368ea75344d755fa38e21b6896c9242ced69296cb2dd7a80a8232fa,1220,1190,29,0,0,1,0,15620,3205,3197,0,8,0,0,0,99.92,99.94,85168,83628,e42ad1b42795997fb639c4502184a5018e7c532929095596af7df3bd0c662de0,6c31dc503fd3df79a152a8f939bf7355755850a6d6171a165aef32b7014f239f,0
texts_analysis_en,164,164__A08058.txt,A08058,7e704442dfddf63a2b8e0ca0c6a5724d8b40a4e0,a0c3660e0f514e19bf8b0e65d926a4715efd473879aaf27f5c6c8880f8a39aa9,127,122,5,0,0,0,0,1083,239,237,0,2,1,0,0,100.0,100.0,5990,5885,71679832d9f3940d8ff809404cfef962e9363c6c86b2e738d07d6e25f6e293ce,76a33c3cc0d68c0e6ef2364cb34f339916b709a480f7461630f596a631a6d4a5,0
texts_no_prologue_epilogue,164,164__A08058.txt,A08058,7e704442dfddf63a2b8e0ca0c6a5724d8b40a4e0,a0c3660e0f514e19bf8b0e65d926a4715efd473879aaf27f5c6c8880f8a39aa9,124,119,5,0,0,0,0,1066,237,235,0,2,1,0,0,100.0,100.0,5896,5792,ef44146e54b34b6c27f8e261f5829c4fa8efac3d120bb94ffa4d5f253100d781,305a71b56dfdd99cdce668752c27e9e4cd052420f4f325b058a5567b10f5b178,0
texts_analysis_en,899,899__A08065.txt,A08065,7e704442dfddf63a2b8e0ca0c6a5724d8b40a4e0,ec3f7e40114f17f84f3cddb683a8f92d9290dc4c9c47c39a5e50bea7a05d957c,2295,2204,89,0,0,2,0,17592,3613,3592,0,21,79,0,0,99.91,99.91,96313,94872,b27a644503432d98bcadabc0ae55b930ec72283f2126a71701e61c425683c0fe,f3300fd53a6f3bf0379d8a95fca91a58f593ef71ed15fe2502fb01f1b0746335,0
texts_no_prologue_epilogue,899,899__A08065.txt,A08065,7e704442dfddf63a2b8e0ca0c6a5724d8b40a4e0,ec3f7e40114f17f84f3cddb683a8f92d9290dc4c9c47c39a5e50bea7a05d957c,2295,2204,89,0,0,2,0,17592,3613,3592,0,21,79,0,0,99.91,99.91,96313,94872,b27a644503432d98bcadabc0ae55b930ec72283f2126a71701e61c425683c0fe,f3300fd53a6f3bf0379d8a95fca91a58f593ef71ed15fe2502fb01f1b0746335,0
texts_analysis_en,540,540__A08262.txt,A08262,7e704442dfddf63a2b8e0ca0c6a5724d8b40a4e0,73bc11c948644adb05265d61495da76bb531b18021f54ccee50b085654158b72,1980,1955,24,0,0,1,0,15759,3379,3374,0,5,15,0,0,99.95,99.96,84806,83864,bd3ac4bac85ac37970e6132ddaef463f8d1e43ea74bb95dfd37df8092276542a,bde054cd5cb2a64165c0677099f734a413d051ad5385ca290fe826f4afe4b703,0
texts_no_prologue_epilogue,540,540__A08262.txt,A08262,7e704442dfddf63a2b8e0ca0c6a5724d8b40a4e0,73bc11c948644adb05265d61495da76bb531b18021f54ccee50b085654158b72,1968,1944,24,0,0,0,0,15523,3321,3316,0,5,15,0,0,100.0,100.0,83448,82533,4c86afb6e5b88fcdc6468e631ddddc7be7e98ba4989a6f727a5c92927c4e4671,2944c1d6c0d19c3434c0e95a70c4413605cc20848dd0df91fab2b0781caf0af5,0
texts_analysis_en,68,68__A08360.txt,A08360,7e704442dfddf63a2b8e0ca0c6a5724d8b40a4e0,026d66dda7e67e68b6e1801bd2fb828ef3bfa29de62edacf20eee7be16d9e9a5,1805,1707,92,0,0,6,0,14399,4635,4622,0,13,8,2,0,99.67,99.66,79703,76958,f0069154c3e3354c2f46ee7b398ea77f0f496b8cb33ec22b389f1851bfeba2cf,f4323702f3518406867e8259c247785934f6679ec894f4da7ca850feb25eff7a,0
texts_no_prologue_epilogue,68,68__A08360.txt,A08360,7e704442dfddf63a2b8e0ca0c6a5724d8b40a4e0,026d66dda7e67e68b6e1801bd2fb828ef3bfa29de62edacf20eee7be16d9e9a5,1805,1707,92,0,0,6,0,14399,4635,4622,0,13,8,2,0,99.67,99.66,79703,76958,f0069154c3e3354c2f46ee7b398ea77f0f496b8cb33ec22b389f1851bfeba2cf,f4323702f3518406867e8259c247785934f6679ec894f4da7ca850feb25eff7a,0
texts_analysis_en,69,69__A08361.txt,A08361,7e704442dfddf63a2b8e0ca0c6a5724d8b40a4e0,571fb8b14371e3501a5b00323965e55f41902466cc207861a3045aaf9e7e811a,1794,1753,41,0,0,0,0,14388,3753,3743,0,10,21,1,0,100.0,100.0,79261,77244,c04f746cb0df5c6c33b3b065866f3f5ec2080361c30b1c09329ba87f7023f5df,0f98105ead96c3dc459259c116396feaa3b92d53902581f88d2facde6808f778,0
texts_no_prologue_epilogue,69,69__A08361.txt,A08361,7e704442dfddf63a2b8e0ca0c6a5724d8b40a4e0,571fb8b14371e3501a5b00323965e55f41902466cc207861a3045aaf9e7e811a,1794,1753,41,0,0,0,0,14388,3753,3743,0,10,21,1,0,100.0,100.0,79261,77244,c04f746cb0df5c6c33b3b065866f3f5ec2080361c30b1c09329ba87f7023f5df,0f98105ead96c3dc459259c116396feaa3b92d53902581f88d2facde6808f778,0
texts_analysis_en,376,376__A08469.txt,A08469,7e704442dfddf63a2b8e0ca0c6a5724d8b40a4e0,e5bf76680bd43ab1ece2790da58817e454115efdb1142896bfc4f29332c9f507,2154,2070,83,0,0,1,0,21206,3920,3866,0,54,69,6,0,99.95,99.97,111628,110251,8bc06d98512cfa4656b57ebf38ce3bf0143008ccc4a4117514af17b97584025d,5576a53d1e0364e22af27122182f6195bb587e6e4c671b6cdc75872209dfafe5,0
texts_no_prologue_epilogue,376,376__A08469.txt,A08469,7e704442dfddf63a2b8e0ca0c6a5724d8b40a4e0,e5bf76680bd43ab1ece2790da58817e454115efdb1142896bfc4f29332c9f507,2140,2056,83,0,0,1,0,21108,3887,3833,0,54,69,6,0,99.95,99.97,111031,109665,79659a08d4a651c6e5bfc5539f14e5c8ebafc1e9fcf6bf8df2c7b5ba644036da,1a1562be35ad2aedd89e0289dd6b651e40158dc067076a62c84d6f29f9aab101,0
texts_analysis_en,1070,1070__A08731.txt,A08731,7e704442dfddf63a2b8e0ca0c6a5724d8b40a4e0,98ed18c070244106b68fcd1609f429fd09843143f08c8ae54561ca84bef59bc3,2654,2622,28,0,0,4,0,21212,2532,2526,0,6,0,0,0,99.85,99.85,112709,111221,888b81efe1fe239b825b10946c2d4294b9ee2033afe1f08f3ec1224ada41877f,319f297efb57e758d56c989a71040887ce17dd9dbcc24323fef7cac105793e9c,0
texts_no_prologue_epilogue,1070,1070__A08731.txt,A08731,7e704442dfddf63a2b8e0ca0c6a5724d8b40a4e0,98ed18c070244106b68fcd1609f429fd09843143f08c8ae54561ca84bef59bc3,2654,2622,28,0,0,4,0,21212,2532,2526,0,6,0,0,0,99.85,99.85,112709,111221,888b81efe1fe239b825b10946c2d4294b9ee2033afe1f08f3ec1224ada41877f,319f297efb57e758d56c989a71040887ce17dd9dbcc24323fef7cac105793e9c,0
texts_analysis_en,147,147__A09134.txt,A09134,6301fc4384b5c943bfb72a9558ef71f9a6c08648,3964592ac245a6cb827f562b98b50b0cd55ee26da24e0d991087ac36fa0eb2af,1536,1504,32,0,0,0,0,15032,3374,3372,0,2,0,0,0,100.0,100.0,78718,76650,95b5c8ebbe50e1cc58b8c416f3a7a22ab8da52591c4ed27b0726d5554c87a0e9,c6b02696be5b77281c69cf2e957a114636ddbe4b75340651eba89f3abdeffaeb,0
texts_no_prologue_epilogue,147,147__A09134.txt,A09134,6301fc4384b5c943bfb72a9558ef71f9a6c08648,3964592ac245a6cb827f562b98b50b0cd55ee26da24e0d991087ac36fa0eb2af,1536,1504,32,0,0,0,0,15032,3374,3372,0,2,0,0,0,100.0,100.0,78718,76650,95b5c8ebbe50e1cc58b8c416f3a7a22ab8da52591c4ed27b0726d5554c87a0e9,c6b02696be5b77281c69cf2e957a114636ddbe4b75340651eba89f3abdeffaeb,0
texts_analysis_en,139,139__A09220.txt,A09220,6301fc4384b5c943bfb72a9558ef71f9a6c08648,cf41384d455563c8bda64c516854d5401735e198cf0ef871febd110d8a649221,1261,958,259,17,3,10,14,10275,2983,2917,0,66,265,43,0,98.1,98.37,56350,55375,bc48bc507bf53cc59856f011016150d258e03c34a449d39a2ccfdf088122819c,2d670420e1420e2aa7401b40b9f2102022e2dff09bbd1dc60edfdf82ae7f566b,0
texts_no_prologue_epilogue,139,139__A09220.txt,A09220,6301fc4384b5c943bfb72a9558ef71f9a6c08648,cf41384d455563c8bda64c516854d5401735e198cf0ef871febd110d8a649221,1230,935,252,17,3,9,14,10059,2916,2852,0,64,255,42,0,98.13,98.42,55023,54072,bca100fc85af7e0a88a749df26458b4de2c752e8e0034f970d2f13e8daaf3859,dbac009d32aa391b7162a53b48f6cf125db4a7ad80128a2a4384548ba30ba2a1,0
texts_analysis_en,243,243__A09221.txt,A09221,6301fc4384b5c943bfb72a9558ef71f9a6c08648,9aef0c847dedb3455ff054a92ef7c8f68969d47db0bb9c9de8d0b752f631fc22,1454,1430,23,0,0,1,0,10858,2556,2483,0,73,4,0,0,99.93,99.93,61273,60159,2536e2cdba2603a9f15c375ac22fae4620dc00320e69e9b8dcd3a404f37db517,ac5fc36d1f94ffb7aff1363cc150f39dbe8fea4ad6633febd7da28cfd726b71d,0
texts_no_prologue_epilogue,243,243__A09221.txt,A09221,6301fc4384b5c943bfb72a9558ef71f9a6c08648,9aef0c847dedb3455ff054a92ef7c8f68969d47db0bb9c9de8d0b752f631fc22,1454,1430,23,0,0,1,0,10858,2556,2483,0,73,4,0,0,99.93,99.93,61273,60159,2536e2cdba2603a9f15c375ac22fae4620dc00320e69e9b8dcd3a404f37db517,ac5fc36d1f94ffb7aff1363cc150f39dbe8fea4ad6633febd7da28cfd726b71d,0
texts_analysis_en,169,169__A09222.txt,A09222,6301fc4384b5c943bfb72a9558ef71f9a6c08648,78741aa383bc1b4e921d176013879b070be04f7ecf76eebc59e7dd6e571e626d,146,143,3,0,0,0,0,1069,304,300,0,4,1,0,0,100.0,100.0,6385,6256,db1b82e5a5d4a9dfb3b96c7e66c34546444ee8a995578ddfdf403a21fc0a1e4a,df30adefafa9ee9c3b0ca4e3b72ef99a194b4253bfe321da1c892093cff3e170,0
texts_no_prologue_epilogue,169,169__A09222.txt,A09222,6301fc4384b5c943bfb72a9558ef71f9a6c08648,78741aa383bc1b4e921d176013879b070be04f7ecf76eebc59e7dd6e571e626d,146,143,3,0,0,0,0,1069,304,300,0,4,1,0,0,100.0,100.0,6385,6256,db1b82e5a5d4a9dfb3b96c7e66c34546444ee8a995578ddfdf403a21fc0a1e4a,df30adefafa9ee9c3b0ca4e3b72ef99a194b4253bfe321da1c892093cff3e170,0
texts_analysis_en,148,148__A09223.txt,A09223,6301fc4384b5c943bfb72a9558ef71f9a6c08648,67862d344f02f0c144ff9ac697a8d5f378fd9a61381c594f1dc38267f4987b39,126,123,3,0,0,0,0,924,258,258,0,0,2,1,0,100.0,100.0,5352,5258,1be7d03e54dd0bf4e2d04c2927ac67f29fce18ca6efba5f0b4b2a55992570fff,c56783fbc5e473eb25627f3393dd140d607936ce8d889233bea1f4766f24d75b,0
texts_no_prologue_epilogue,148,148__A09223.txt,A09223,6301fc4384b5c943bfb72a9558ef71f9a6c08648,67862d344f02f0c144ff9ac697a8d5f378fd9a61381c594f1dc38267f4987b39,126,123,3,0,0,0,0,924,258,258,0,0,2,1,0,100.0,100.0,5352,5258,1be7d03e54dd0bf4e2d04c2927ac67f29fce18ca6efba5f0b4b2a55992570fff,c56783fbc5e473eb25627f3393dd140d607936ce8d889233bea1f4766f24d75b,0
texts_analysis_en,203,203__A09224.txt,A09224,6301fc4384b5c943bfb72a9558ef71f9a6c08648,df8526909ba973361398322672ca2c876becf61c4779ffe5b92edceab5d3ec95,2232,1846,360,8,0,17,1,21229,4989,4947,1,41,436,78,0,99.19,99.19,114568,113465,606e860006de9328ba6d47181081e0ff8649f34cdec94ffb873a9725c7772426,34ab5eac5892a95fe399cf1a7bca26e917d116927c403db3013a83f1e6cbc4a7,0
texts_no_prologue_epilogue,203,203__A09224.txt,A09224,6301fc4384b5c943bfb72a9558ef71f9a6c08648,df8526909ba973361398322672ca2c876becf61c4779ffe5b92edceab5d3ec95,2232,1846,360,8,0,17,1,21229,4989,4947,1,41,436,78,0,99.19,99.19,114568,113465,606e860006de9328ba6d47181081e0ff8649f34cdec94ffb873a9725c7772426,34ab5eac5892a95fe399cf1a7bca26e917d116927c403db3013a83f1e6cbc4a7,0
texts_analysis_en,361,361__A09228.txt,A09228,6301fc4384b5c943bfb72a9558ef71f9a6c08648,aa3d03e2b4cc20f16dc12221a6a7d146d1c041cb6bd418657190a28c17c645d9,1919,1887,31,1,0,0,0,14817,3027,2926,0,101,2,5,0,100.0,100.0,81661,80560,40fa4bbff04993f3ffa66904bb487b9b117cf45040fcab8091c510363859a184,dbf98db594a865c17512294dc05e41b43573dd2a87b6c25e6e654b0453373fa7,0
texts_no_prologue_epilogue,361,361__A09228.txt,A09228,6301fc4384b5c943bfb72a9558ef71f9a6c08648,aa3d03e2b4cc20f16dc12221a6a7d146d1c041cb6bd418657190a28c17c645d9,1896,1864,31,1,0,0,0,14644,2991,2892,0,99,2,5,0,100.0,100.0,80677,79583,49c7aec31617f612ed86183b7b920c5f9ebcfbb51adee1077e3a30c9d165a0e5,f6cc5242cc97c0d1664428212a0deddfd0d0a24ebcddc9d64c2b4587fe77ef29,0
texts_analysis_en,264,264__A09232.txt,A09232,6301fc4384b5c943bfb72a9558ef71f9a6c08648,b0ca07ab6e52ba1fc6db1dcd9ef791ab777ddf630068dba3aec8a616935d18a2,542,530,12,0,0,0,0,7634,1619,1582,0,37,0,0,0,100.0,100.0,39714,38860,99e5cb97bb7fa13b5f185d38de73cba7f80a04b1d84b6183c3b7fced388d4c16,a1a1a24ad4e71ae464464bafb69499ff42cf229759ada6219a658eebd87a4469,0
texts_no_prologue_epilogue,264,264__A09232.txt,A09232,6301fc4384b5c943bfb72a9558ef71f9a6c08648,b0ca07ab6e52ba1fc6db1dcd9ef791ab777ddf630068dba3aec8a616935d18a2,542,530,12,0,0,0,0,7634,1619,1582,0,37,0,0,0,100.0,100.0,39714,38860,99e5cb97bb7fa13b5f185d38de73cba7f80a04b1d84b6183c3b7fced388d4c16,a1a1a24ad4e71ae464464bafb69499ff42cf229759ada6219a658eebd87a4469,0
texts_analysis_en,85,85__A09651.txt,A09651,6301fc4384b5c943bfb72a9558ef71f9a6c08648,1b29cfab14e6676b3fa23d3adef25932ca562867afb03718fb6e57cc05276b23,1205,1042,158,0,0,5,0,11985,3519,3507,0,12,4,2,0,99.59,99.55,61564,60682,d191b8baa8838db2bb4e716ce02bb84d95b53131512f2d2b7b201f467072c181,f4e28807b4fc4991259950c0bb20180a9a5a32b756a3bdf7e4fcb386e0578afd,0
texts_no_prologue_epilogue,85,85__A09651.txt,A09651,6301fc4384b5c943bfb72a9558ef71f9a6c08648,1b29cfab14e6676b3fa23d3adef25932ca562867afb03718fb6e57cc05276b23,1205,1042,158,0,0,5,0,11985,3519,3507,0,12,4,2,0,99.59,99.55,61564,60682,d191b8baa8838db2bb4e716ce02bb84d95b53131512f2d2b7b201f467072c181,f4e28807b4fc4991259950c0bb20180a9a5a32b756a3bdf7e4fcb386e0578afd,0
texts_analysis_en,363,363__A09857.txt,A09857,6301fc4384b5c943bfb72a9558ef71f9a6c08648,39df81f9eae923eabec0fc882d52370dc2abadc73b0863c0835d1a8412cc1b39,2678,2419,247,3,0,9,0,25835,4752,4742,0,10,237,29,0,99.66,99.61,127571,126433,690c2bb9276713c6b9224c7cedff3108895e78a5cae0d4f7ec0ccbb18d847842,f20720ce2e924ab5d15c569e8d30f0e87e862e7f50c91f7922a027c37b99e3bb,0
texts_no_prologue_epilogue,363,363__A09857.txt,A09857,6301fc4384b5c943bfb72a9558ef71f9a6c08648,39df81f9eae923eabec0fc882d52370dc2abadc73b0863c0835d1a8412cc1b39,2677,2419,246,3,0,9,0,25558,4707,4697,0,10,233,29,0,99.66,99.61,126162,125044,2c93c29c7312a41bdc3636504da868835d5c91d90a3d3ceb70e5154a31b86548,84ec0ae78bd3c221757390080dd38658b9f83679d81433123b2c4214232b7271,0
texts_analysis_en,96,96__A10041.txt,A10041,d28350ba5a9a613d93806a07a0bda4cce6243b07,e853eae76d185d881f516e35f0cf87161a882a338feadc987e9c9e907de29ff2,1250,1139,110,0,0,1,0,13054,2875,2863,0,12,10,5,0,99.92,99.92,65705,65650,2d87e387fa3a44164a7592ea09915a440defdbe0814b99679e8e489c1f230a09,bef9b3a40628b225b80036a0c219c602de7b8be779e37c3977c576828e16c86f,0
texts_no_prologue_epilogue,96,96__A10041.txt,A10041,d28350ba5a9a613d93806a07a0bda4cce6243b07,e853eae76d185d881f516e35f0cf87161a882a338feadc987e9c9e907de29ff2,1193,1089,104,0,0,0,0,12479,2764,2754,0,10,7,2,0,100.0,100.0,62599,62542,6cb4416e9d1ba8cd8b66d278310b0aab3f99154bb4cbfbd2ed1602af4e1d6e36,93ebe4fd6bfa3aeb15f2c4201088bfe2d258b421a29bc0b66d9998a52374b741,0
texts_analysis_en,122,122__A10192.txt,A10192,d28350ba5a9a613d93806a07a0bda4cce6243b07,224a7048a93aeaa1b9778f632e28ece71d70c29e9fa3e26d70ebec64bf819e77,1070,1039,30,0,0,1,0,7998,1705,1705,0,0,0,2,0,99.91,99.88,41017,40520,0767d5a75afc078abd628ba8ad5cb406b432bebcb0bd0979784f8467ad4489c2,200995dfb475956fe69a54c8ed2fc848323fd5c908506405936cf93f74564ac9,0
texts_no_prologue_epilogue,122,122__A10192.txt,A10192,d28350ba5a9a613d93806a07a0bda4cce6243b07,224a7048a93aeaa1b9778f632e28ece71d70c29e9fa3e26d70ebec64bf819e77,968,944,24,0,0,0,0,7198,1523,1523,0,0,0,1,0,100.0,100.0,36675,36236,3d58270cfbad8b059fd1fc4c3fdecc6a62a37cbe533c06ef325076b7007ec5be,e4ebc9de4633dc8df9ac77d75dd617bf2ca9a27854cf3218816e7254402d3ef8,0
texts_analysis_en,934,934__A10402.1.txt,A10402,d28350ba5a9a613d93806a07a0bda4cce6243b07,ffaaaeeaa0c0dc4f06f2df43cca7655d722a5ecb0b2c1c80035be7dad62f8797,409,350,55,3,0,1,0,8668,1418,1408,0,10,87,1,0,99.76,99.95,47139,46718,141b40104223fe0ad60db98d0d0240b2ba3a2950a6f8045ec21f515b75f69745,05188b6962d3c453edd4e56574daf9a41a46d8d4de039c0c9a80a499f1fdf350,0
texts_no_prologue_epilogue,934,934__A10402.1.txt,A10402,d28350ba5a9a613d93806a07a0bda4cce6243b07,ffaaaeeaa0c0dc4f06f2df43cca7655d722a5ecb0b2c1c80035be7dad62f8797,409,350,55,3,0,1,0,8668,1418,1408,0,10,87,1,0,99.76,99.95,47139,46718,141b40104223fe0ad60db98d0d0240b2ba3a2950a6f8045ec21f515b75f69745,05188b6962d3c453edd4e56574daf9a41a46d8d4de039c0c9a80a499f1fdf350,0
texts_analysis_en,941,941__A10402.2.txt,A10402,d28350ba5a9a613d93806a07a0bda4cce6243b07,ffaaaeeaa0c0dc4f06f2df43cca7655d722a5ecb0b2c1c80035be7dad62f8797,194,157,36,0,0,1,0,3749,671,669,0,2,43,0,0,99.48,99.85,20310,20023,5105827825066bd3c899059b2857ffdf5cfdb73bfa47bbf92384a4aa19b83a36,b0cf3fa37694ab27ebff78027f1d64cabf61d127a22183af4a194388beffd5a9,0
texts_no_prologue_epilogue,941,941__A10402.2.txt,A10402,d28350ba5a9a613d93806a07a0bda4cce6243b07,ffaaaeeaa0c0dc4f06f2df43cca7655d722a5ecb0b2c1c80035be7dad62f8797,194,157,36,0,0,1,0,3749,671,669,0,2,43,0,0,99.48,99.85,20310,20023,5105827825066bd3c899059b2857ffdf5cfdb73bfa47bbf92384a4aa19b83a36,b0cf3fa37694ab27ebff78027f1d64cabf61d127a22183af4a194388beffd5a9,0
texts_analysis_en,987,987__A10407.txt,A10407,d28350ba5a9a613d93806a07a0bda4cce6243b07,cc1a67b4c1686230d0b74f5c821f86da742137a71bd3148e0af7a0315f133aa8,3058,3048,7,0,0,2,1,23432,2077,2075,0,2,0,0,0,99.9,99.93,125631,124706,ad25734f561389998715f9bc844b25a930cb50da5e2998e4e3793486c691ecd8,f1527c3485913d31530912ec5b800ff196fe9cd06c6d0f3cd77fc9b1106e25df,0
texts_no_prologue_epilogue,987,987__A10407.txt,A10407,d28350ba5a9a613d93806a07a0bda4cce6243b07,cc1a67b4c1686230d0b74f5c821f86da742137a71bd3148e0af7a0315f133aa8,3049,3039,7,0,0,2,1,23331,2069,2067,0,2,0,0,0,99.9,99.93,125053,124131,a8442a7890ce5948ef87ea41263b7ef58c2dfe44e44214d08695f292b0a3a4dd,aa1e414acde4b6373512edafc7ae074725234ae30dc2c0fe3d4c26158cc58557,0
texts_analysis_en,1087,1087__A10411.1.txt,A10411,d28350ba5a9a613d93806a07a0bda4cce6243b07,9ad3caa3dcb8c6804a6d69e2881c28a1530dd4c2602292e98d65988318007e5b,2516,2506,8,0,0,2,0,19138,2301,2292,0,9,59,13,4,99.92,99.94,103569,102469,16f7da48c271940a0297434e14b6eb9e9a4f61329f792dcc76e3b84938b2de38,829f7bbdc75bc168d544e5bf1e2b01dcd93f652173a8000e97dc6c1b66901144,0
texts_no_prologue_epilogue,1087,1087__A10411.1.txt,A10411,d28350ba5a9a613d93806a07a0bda4cce6243b07,9ad3caa3dcb8c6804a6d69e2881c28a1530dd4c2602292e98d65988318007e5b,2502,2492,8,0,0,2,0,19024,2279,2270,0,9,59,13,4,99.92,99.94,102920,101833,3b890c70acd6036cd1fc271a15031c68042d08060469d4ac527bdbcf0c023ef4,4efee9f8aaa009986b9680426f5ad6176b97032ffb4be9a72e75cd7c02c1664a,0
texts_analysis_en,1091,1091__A10411.2.txt,A10411,d28350ba5a9a613d93806a07a0bda4cce6243b07,9ad3caa3dcb8c6804a6d69e2881c28a1530dd4c2602292e98d65988318007e5b,3189,3185,3,0,0,0,1,20950,2786,2763,0,23,22,0,2,99.97,99.97,111614,110024,ff7c25f9536344d36eb487d2c4a379c88ebe621023479a7a8f299cc348cad1b6,4b187e6f00a4a74144ddbff90e3e156242256b5bf23cd98ba98b4b1374930726,0
texts_no_prologue_epilogue,1091,1091__A10411.2.txt,A10411,d28350ba5a9a613d93806a07a0bda4cce6243b07,9ad3caa3dcb8c6804a6d69e2881c28a1530dd4c2602292e98d65988318007e5b,3153,3149,3,0,0,0,1,20698,2747,2724,0,23,22,0,2,99.97,99.97,110306,108738,4b2e7dd1abba843441da3048263be79cba23ef0665d69da431ea6b8a0f0ae7cc,3a02fb475b9bef3ba64b45b0b20225b5824ead9023d3b15d0299a887dffa1103,0
texts_analysis_en,15,15__A10438.txt,A10438,d28350ba5a9a613d93806a07a0bda4cce6243b07,52162993f4faf4f08c10d466aa30e197875b1ce03bedae20949e87dcbf1e154a,1116,999,111,0,0,6,0,8926,2534,2525,0,9,103,30,0,99.46,99.45,44436,44683,bca5b36c7fa337fbff7f43bb757ae9724a377bf2277bc8539cd1c110c0afd098,52314a9c66db92d1dd000c2392e1675fd54f6ee5caf008fe9f42e71efcc4f0cb,0
texts_no_prologue_epilogue,15,15__A10438.txt,A10438,d28350ba5a9a613d93806a07a0bda4cce6243b07,52162993f4faf4f08c10d466aa30e197875b1ce03bedae20949e87dcbf1e154a,1116,999,111,0,0,6,0,8926,2534,2525,0,9,103,30,0,99.46,99.45,44436,44683,bca5b36c7fa337fbff7f43bb757ae9724a377bf2277bc8539cd1c110c0afd098,52314a9c66db92d1dd000c2392e1675fd54f6ee5caf008fe9f42e71efcc4f0cb,0
texts_analysis_en,11,11__A10439.txt,A10439,d28350ba5a9a613d93806a07a0bda4cce6243b07,bbe6bab3efdde2b88735b63811cbabaf2df3b8f8579ac5704e33f2ec63325eea,1391,1214,173,0,0,4,0,9540,2915,2894,0,21,200,10,0,99.71,99.71,48376,48017,407784eb8a2ad4dff8fe09c95450db2105d48e02ecacc21ced6bbe1a0aba3036,187d37556a4890baa0b088bb695f4bb74b0890baf0869c4ba27e1946e8fc9a84,0
texts_no_prologue_epilogue,11,11__A10439.txt,A10439,d28350ba5a9a613d93806a07a0bda4cce6243b07,bbe6bab3efdde2b88735b63811cbabaf2df3b8f8579ac5704e33f2ec63325eea,1391,1214,173,0,0,4,0,9540,2915,2894,0,21,200,10,0,99.71,99.71,48376,48017,407784eb8a2ad4dff8fe09c95450db2105d48e02ecacc21ced6bbe1a0aba3036,187d37556a4890baa0b088bb695f4bb74b0890baf0869c4ba27e1946e8fc9a84,0
texts_analysis_en,13,13__A10440.1.txt,A10440,d28350ba5a9a613d93806a07a0bda4cce6243b07,f67073bf60a0d8fa045c5c7ded762cd7d0a2cb5b99df818208c32422dac2311d,470,412,56,0,0,2,0,3650,1122,1119,0,3,0,3,0,99.57,99.54,18268,18284,97ecdab11d1933839a83610078e660fa23152333d4e8e83675340863cfd31250,77db127ea1247e7f95fb7094dc61defe38629e5ba578682dd066dc11d5f14c1f,0
texts_no_prologue_epilogue,13,13__A10440.1.txt,A10440,d28350ba5a9a613d93806a07a0bda4cce6243b07,f67073bf60a0d8fa045c5c7ded762cd7d0a2cb5b99df818208c32422dac2311d,470,412,56,0,0,2,0,3650,1122,1119,0,3,0,3,0,99.57,99.54,18268,18284,97ecdab11d1933839a83610078e660fa23152333d4e8e83675340863cfd31250,77db127ea1247e7f95fb7094dc61defe38629e5ba578682dd066dc11d5f14c1f,0
texts_analysis_en,14,14__A10440.2.txt,A10440,d28350ba5a9a613d93806a07a0bda4cce6243b07,f67073bf60a0d8fa045c5c7ded762cd7d0a2cb5b99df818208c32422dac2311d,704,587,107,0,0,10,0,5320,1724,1721,0,3,1,0,0,98.58,98.62,27885,28005,8772dbaaedf3d3c9a0efcbc3c952364d4a465a12d2d85299cc5c47f6e40de851,e50792a5ced205ca0122595813b3ef8dd8ed9ad2d1543368744a8266b2a00a44,0
texts_no_prologue_epilogue,14,14__A10440.2.txt,A10440,d28350ba5a9a613d93806a07a0bda4cce6243b07,f67073bf60a0d8fa045c5c7ded762cd7d0a2cb5b99df818208c32422dac2311d,627,519,98,0,0,10,0,4764,1533,1530,0,3,1,0,0,98.41,98.45,24890,25005,f0345deb702a3f93090d34cc53ccada759109b31abdd9314a2fe2bda83b71dc0,ea9f6117ac86aaf725c293f9986dde2c04c4ef899c5cf81235fd461848ed24eb,0
texts_analysis_en,1135,1135__A10495.txt,A10495,d28350ba5a9a613d93806a07a0bda4cce6243b07,0bfa228bfc75007ffac47ed57cded51d409b913e9d009243aa9371db5d47f4c3,2108,2073,34,0,0,0,1,16147,2524,2499,0,25,13,3,0,99.95,99.98,85888,84620,7213c50e411d62e08027fcaa7cf7a1827959059250326b27f01c9f228ff0201a,d153429b63fa83131196d69bc947dbe67ca94160455e744e8287f85fb0b404d4,0
texts_no_prologue_epilogue,1135,1135__A10495.txt,A10495,d28350ba5a9a613d93806a07a0bda4cce6243b07,0bfa228bfc75007ffac47ed57cded51d409b913e9d009243aa9371db5d47f4c3,2108,2073,34,0,0,0,1,16147,2524,2499,0,25,13,3,0,99.95,99.98,85888,84620,7213c50e411d62e08027fcaa7cf7a1827959059250326b27f01c9f228ff0201a,d153429b63fa83131196d69bc947dbe67ca94160455e744e8287f85fb0b404d4,0
texts_analysis_en,265,265__A10726.txt,A10726,d28350ba5a9a613d93806a07a0bda4cce6243b07,e797de55c410aa699faaaad7dfd6a48ad148ddcde1c47b9895fed4e8bb5e091d,2063,1836,223,0,0,4,0,16722,3675,3652,8,15,310,22,0,99.81,99.86,89154,87983,acf014d78045c346e9870d2806d067a60e6a1167fceae8df0ba0f0f01d740335,22729cf8e5c3009aba17f93bd40df4ceeb547343321c0cdf9b406c630ec31c59,0
texts_no_prologue_epilogue,265,265__A10726.txt,A10726,d28350ba5a9a613d93806a07a0bda4cce6243b07,e797de55c410aa699faaaad7dfd6a48ad148ddcde1c47b9895fed4e8bb5e091d,2063,1836,223,0,0,4,0,16722,3675,3652,8,15,310,22,0,99.81,99.86,89154,87983,acf014d78045c346e9870d2806d067a60e6a1167fceae8df0ba0f0f01d740335,22729cf8e5c3009aba17f93bd40df4ceeb547343321c0cdf9b406c630ec31c59,0
texts_analysis_en,242,242__A10730.txt,A10730,d28350ba5a9a613d93806a07a0bda4cce6243b07,798265a0a3277c22229179ff3c83410a2c34b886f0071ce1726c7791ce510361,1208,1093,50,0,0,2,63,19081,3503,3461,0,42,12,2,1,94.62,97.46,103693,102199,9af9dfc9d55b8412ae236409ca37a9144b52b51ce78499a8a44a91a351f3aae0,3f13c2c34b162e58d6df3e02f87183209f8a5541d3a07022b9726978ac4a0f80,0
texts_no_prologue_epilogue,242,242__A10730.txt,A10730,d28350ba5a9a613d93806a07a0bda4cce6243b07,798265a0a3277c22229179ff3c83410a2c34b886f0071ce1726c7791ce510361,1208,1093,50,0,0,2,63,19081,3503,3461,0,42,12,2,1,94.62,97.46,103693,102199,9af9dfc9d55b8412ae236409ca37a9144b52b51ce78499a8a44a91a351f3aae0,3f13c2c34b162e58d6df3e02f87183209f8a5541d3a07022b9726978ac4a0f80,0
texts_analysis_en,1016,1016__A11145.txt,A11145,21e80c79add3446d37dba3784cf3b360d0607e8a,dc5be6bf87d1ae3ab881d1c8ee24d4e5921e885ac27d4d139ce2f714a466b8ca,1717,1571,141,0,0,5,0,13777,2062,2047,0,15,125,6,0,99.71,99.68,73601,72636,1dec4d2ddcde87d259396a1498aa48105b7ac2288f62c247f3c55360065534ed,8739d5bf24902123f3589deeb7ffd8e1f0bb84d7ded27bfb169f8b3bdfb14977,0
texts_no_prologue_epilogue,1016,1016__A11145.txt,A11145,21e80c79add3446d37dba3784cf3b360d0607e8a,dc5be6bf87d1ae3ab881d1c8ee24d4e5921e885ac27d4d139ce2f714a466b8ca,1717,1571,141,0,0,5,0,13777,2062,2047,0,15,125,6,0,99.71,99.68,73601,72636,1dec4d2ddcde87d259396a1498aa48105b7ac2288f62c247f3c55360065534ed,8739d5bf24902123f3589deeb7ffd8e1f0bb84d7ded27bfb169f8b3bdfb14977,0
texts_analysis_en,496,496__A11146.txt,A11146,21e80c79add3446d37dba3784cf3b360d0607e8a,bf6d16ca9e561638a181a9a989db176db077c26a18f441996d759e2cddcf7b1c,2412,1968,400,20,0,13,11,24036,5181,5138,0,43,393,49,0,99.0,99.43,127478,126549,80e92820909aa876c124d977c86845616af508d21ab342affaaa7b5879dce81b,6c87ec4c2d90ff3af4a35f96aaf5ba435915a685ac0e0724b49212473afe8c7f,0
texts_no_prologue_epilogue,496,496__A11146.txt,A11146,21e80c79add3446d37dba3784cf3b360d0607e8a,bf6d16ca9e561638a181a9a989db176db077c26a18f441996d759e2cddcf7b1c,2412,1968,400,20,0,13,11,24036,5181,5138,0,43,393,49,0,99.0,99.43,127478,126549,80e92820909aa876c124d977c86845616af508d21ab342affaaa7b5879dce81b,6c87ec4c2d90ff3af4a35f96aaf5ba435915a685ac0e0724b49212473afe8c7f,0
texts_analysis_en,999,999__A11151.txt,A11151,21e80c79add3446d37dba3784cf3b360d0607e8a,f373afc20361897f2e5291f64010ce6cbdbe741459e13c830af6b02cea6b3482,1218,1029,171,0,0,18,0,18692,3415,3370,0,45,189,9,0,98.52,99.22,98444,96656,a3e7b8c74a3efd3a78ec118d6a341866e8eaae780d4d23dc84702ba1eba4c7be,b55a15de009d8db2b871617423c32a0e00650002d49228c7b7ec8d1543e7f518,0
texts_no_prologue_epilogue,999,999__A11151.txt,A11151,21e80c79add3446d37dba3784cf3b360d0607e8a,f373afc20361897f2e5291f64010ce6cbdbe741459e13c830af6b02cea6b3482,1218,1029,171,0,0,18,0,18692,3415,3370,0,45,189,9,0,98.52,99.22,98444,96656,a3e7b8c74a3efd3a78ec118d6a341866e8eaae780d4d23dc84702ba1eba4c7be,b55a15de009d8db2b871617423c32a0e00650002d49228c7b7ec8d1543e7f518,0
texts_analysis_en,1066,1066__A11152.txt,A11152,21e80c79add3446d37dba3784cf3b360d0607e8a,cc3c53b3af090daf986c17da71743f51d69a9631a5996e75b5640b6340126a6f,2245,2152,87,0,0,6,0,20407,3133,3128,0,5,81,7,0,99.73,99.73,108256,106566,ad40cdc6d4a52501880f2bdfe9597c3704fdb001a17f7d3fa44ce8e74ea5a457,db867fe6e9154273290ca2c591c7a63a15f1d1e24e1f30afabc36bdf7a80a079,0
texts_no_prologue_epilogue,1066,1066__A11152.txt,A11152,21e80c79add3446d37dba3784cf3b360d0607e8a,cc3c53b3af090daf986c17da71743f51d69a9631a5996e75b5640b6340126a6f,2245,2152,87,0,0,6,0,20407,3133,3128,0,5,81,7,0,99.73,99.73,108256,106566,ad40cdc6d4a52501880f2bdfe9597c3704fdb001a17f7d3fa44ce8e74ea5a457,db867fe6e9154273290ca2c591c7a63a15f1d1e24e1f30afabc36bdf7a80a079,0
texts_analysis_en,978,978__A11153.txt,A11153,21e80c79add3446d37dba3784cf3b360d0607e8a,650a7bc86761c4ed4bf13c52ea096fe9b05d4b78ed03bde00b40cb6c27d8faf2,2782,2615,135,5,0,21,6,22391,3144,3133,0,11,62,55,0,99.03,99.21,115900,114929,61836b37bfab8765e93294a53b09b89f4482566b5a9c93a54a6e7e72d9b1990b,1038a255ab552366e8d7b61ffabbc74bd9c34474bd47ab07c7b2e78bf084cc35,0
texts_no_prologue_epilogue,978,978__A11153.txt,A11153,21e80c79add3446d37dba3784cf3b360d0607e8a,650a7bc86761c4ed4bf13c52ea096fe9b05d4b78ed03bde00b40cb6c27d8faf2,2782,2615,135,5,0,21,6,22391,3144,3133,0,11,62,55,0,99.03,99.21,115900,114929,61836b37bfab8765e93294a53b09b89f4482566b5a9c93a54a6e7e72d9b1990b,1038a255ab552366e8d7b61ffabbc74bd9c34474bd47ab07c7b2e78bf084cc35,0
texts_analysis_en,993,993__A11155.txt,A11155,21e80c79add3446d37dba3784cf3b360d0607e8a,ec119bfd4bb16a672b2d201c0e46a618cec3d766ae6f64f9d6aeb270bc0ca368,2066,1690,253,54,0,38,31,15976,2369,2331,0,38,207,134,0,96.66,97.88,84348,84828,310aa3d08129d334c22a58df435a5fd8eefa83e228082e582dd8140922c282c0,53350543eba50dea5c1412db4eae448544c8e7b5633e22855912dcace90e54ed,0
texts_no_prologue_epilogue,993,993__A11155.txt,A11155,21e80c79add3446d37dba3784cf3b360d0607e8a,ec119bfd4bb16a672b2d201c0e46a618cec3d766ae6f64f9d6aeb270bc0ca368,2045,1670,252,54,0,38,31,15795,2337,2299,0,38,206,134,0,96.63,97.86,83378,83880,ed6bf09dd1f161f5336e0096b2e74fce4380b225b7120dcd6af3271a493a9b29,219916deb5083836a6c728efbb88adea61a6d17f13b30c3f7e5e5b4658b23097,0
texts_analysis_en,1028,1028__A11205.txt,A11205,21e80c79add3446d37dba3784cf3b360d0607e8a,8d00b573cfc77f6cb0dda8f96aadf4d11c2ddf951a78e625da344079ae2f2893,2531,2482,37,0,0,12,0,19126,2227,2226,0,1,29,5,0,99.53,99.55,98563,97277,eea3ff0d408ff97bbfb9f1b18614707cf8f61e1f3e1113c302f93c8651cc29ae,2d9c3d8ddf99bf9fd78bf9519926228b8afddd738fe24e292a4937d64d5a79d8,0
texts_no_prologue_epilogue,1028,1028__A11205.txt,A11205,21e80c79add3446d37dba3784cf3b360d0607e8a,8d00b573cfc77f6cb0dda8f96aadf4d11c2ddf951a78e625da344079ae2f2893,2491,2442,37,0,0,12,0,18785,2178,2177,0,1,29,5,0,99.52,99.54,96773,95508,65c6d2ef597a16f1fcff56c326c30f99e6aa13be5e972c3e4f0473c0bec910dc,f4534215e1d8ffef8f5dfcb0469544c5467f4db90c9f5d4620490e50e95c1122,0
texts_analysis_en,263,263__A11262.txt,A11262,21e80c79add3446d37dba3784cf3b360d0607e8a,7cadb55858724727423df14cab279dbb736924d98f0761c2c3ef7d66e1fda44c,1880,1689,187,1,0,2,1,15352,3341,3286,0,55,209,3,0,99.84,99.9,86831,85755,9e0ea9ff31daf979eb0ef9b7f38b77f096861f5c623bf8cfae99f7d7411d92ad,ff0403a864de7514ac8185f9c1d171175227ca1cbf125e405a4eb52ef7b29e14,0
texts_no_prologue_epilogue,263,263__A11262.txt,A11262,21e80c79add3446d37dba3784cf3b360d0607e8a,7cadb55858724727423df14cab279dbb736924d98f0761c2c3ef7d66e1fda44c,1880,1689,187,1,0,2,1,15352,3341,3286,0,55,209,3,0,99.84,99.9,86831,85755,9e0ea9ff31daf979eb0ef9b7f38b77f096861f5c623bf8cfae99f7d7411d92ad,ff0403a864de7514ac8185f9c1d171175227ca1cbf125e405a4eb52ef7b29e14,0
texts_analysis_en,591,591__A11264.txt,A11264,21e80c79add3446d37dba3784cf3b360d0607e8a,f34ce28d5b63357de32a8db194a482974232c9a9e1867c83ba38746f2b9a3dc0,1039,822,203,1,0,10,3,18582,4246,4217,1,28,192,22,0,98.75,99.22,96793,95767,4d762fe92e68df00d0a5f909dd3291dac7be211300c9b7b44fa41c4accb3692b,ddff0c7798faef6dc3b1b01ff77f08267588169357d294a4d8592c69f64ad2c2,0
texts_no_prologue_epilogue,591,591__A11264.txt,A11264,21e80c79add3446d37dba3784cf3b360d0607e8a,f34ce28d5b63357de32a8db194a482974232c9a9e1867c83ba38746f2b9a3dc0,1039,822,203,1,0,10,3,18582,4246,4217,1,28,192,22,0,98.75,99.22,96793,95767,4d762fe92e68df00d0a5f909dd3291dac7be211300c9b7b44fa41c4accb3692b,ddff0c7798faef6dc3b1b01ff77f08267588169357d294a4d8592c69f64ad2c2,0
texts_analysis_en,431,431__A11265.txt,A11265,21e80c79add3446d37dba3784cf3b360d0607e8a,07242c0edc6699af37c73b07b6da90f5f382cd8a62847b26eb13c76a421312c9,1487,1463,17,4,0,1,2,13228,2662,2650,0,12,0,7,0,99.8,99.82,68428,67210,3cf8703299319849e64848469c05423502ac21a36e84f92da6f162a84f2bae9b,a51c6040b900ad1b96b4cc164f0df49ddfccf2c926fb3a685054d2b33f9b3ca1,0
texts_no_prologue_epilogue,431,431__A11265.txt,A11265,21e80c79add3446d37dba3784cf3b360d0607e8a,07242c0edc6699af37c73b07b6da90f5f382cd8a62847b26eb13c76a421312c9,1487,1463,17,4,0,1,2,13228,2662,2650,0,12,0,7,0,99.8,99.82,68428,67210,3cf8703299319849e64848469c05423502ac21a36e84f92da6f162a84f2bae9b,a51c6040b900ad1b96b4cc164f0df49ddfccf2c926fb3a685054d2b33f9b3ca1,0
texts_analysis_en,432,432__A11267.txt,A11267,21e80c79add3446d37dba3784cf3b360d0607e8a,3e852fa61b6a0e5f37aea4c9f5a2a3b386d030cf2f2b71010a706e155d010e44,1581,1548,32,0,0,1,0,13982,2598,2594,0,4,35,7,0,99.94,99.95,72020,70878,33c90e4f715bde83b00be64ca35f3e594ac59a703cbcb76af006bf11b7d3b2c1,4dc9dd9c20e3bc33b3342a8245260b73cc135a48be92b3546bad04f99d06a637,0
texts_no_prologue_epilogue,432,432__A11267.txt,A11267,21e80c79add3446d37dba3784cf3b360d0607e8a,3e852fa61b6a0e5f37aea4c9f5a2a3b386d030cf2f2b71010a706e155d010e44,1581,1548,32,0,0,1,0,13982,2598,2594,0,4,35,7,0,99.94,99.95,72020,70878,33c90e4f715bde83b00be64ca35f3e594ac59a703cbcb76af006bf11b7d3b2c1,4dc9dd9c20e3bc33b3342a8245260b73cc135a48be92b3546bad04f99d06a637,0
texts_analysis_en,1041,1041__A11435.txt,A11435,21e80c79add3446d37dba3784cf3b360d0607e8a,b68aad37bc86c91829912b7c374d915cab0e481161f5921a3a3244a8bd354614,1890,1876,13,0,1,0,0,17941,3077,3056,0,21,2,0,0,100.0,100.0,97475,95884,95e3728971c37beab669a81fac96ceec79605c2a5549b4413e1db0d333496adf,47cfdc711b2ca4c25486b31ff4d9613ff813cdfb4cf02c8bc4ca12acb838768a,0
texts_no_prologue_epilogue,1041,1041__A11435.txt,A11435,21e80c79add3446d37dba3784cf3b360d0607e8a,b68aad37bc86c91829912b7c374d915cab0e481161f5921a3a3244a8bd354614,1864,1850,13,0,1,0,0,17728,3037,3016,0,21,2,0,0,100.0,100.0,96337,94764,a74745e3300451d4dab4dced278f4c7d6842e83b29e4a92edd893b67d0ce8219,444375977106457437cae679c397ca7b5edd0fd318166c7335d671eb7ef24bd9,0
texts_analysis_en,132,132__A11909.3.txt,A11909,21e80c79add3446d37dba3784cf3b360d0607e8a,7fb294fae3af3806415b5038609b6bf0b7189d3f1297a6411781ede72d7f0b19,1055,947,103,0,0,4,1,11536,2924,2919,0,5,71,4,0,99.53,99.54,63130,61940,68ee1c6de8f025760a60d2082027ca789719ee1d7e461fc63b9b013e5e02c0ef,9a6d85c40d9fd5fd2e257086c4a8fcde1ab635c36515b790940a5339a73ff1b3,0
texts_no_prologue_epilogue,132,132__A11909.3.txt,A11909,21e80c79add3446d37dba3784cf3b360d0607e8a,7fb294fae3af3806415b5038609b6bf0b7189d3f1297a6411781ede72d7f0b19,1055,947,103,0,0,4,1,11536,2924,2919,0,5,71,4,0,99.53,99.54,63130,61940,68ee1c6de8f025760a60d2082027ca789719ee1d7e461fc63b9b013e5e02c0ef,9a6d85c40d9fd5fd2e257086c4a8fcde1ab635c36515b790940a5339a73ff1b3,0
texts_analysis_en,133,133__A11909.4.txt,A11909,21e80c79add3446d37dba3784cf3b360d0607e8a,7fb294fae3af3806415b5038609b6bf0b7189d3f1297a6411781ede72d7f0b19,1524,1334,184,1,0,3,2,15067,4198,4176,0,22,146,15,0,99.67,99.71,85650,84327,5b2c3ae217a61052e38306c464e62c6a9b3b38d48b7d12ebc9e35989557cc266,65b866213330c6652a0e9e8e877ff0464aa134cd78dff9b1adc28cf9a8d21b4b,0
texts_no_prologue_epilogue,133,133__A11909.4.txt,A11909,21e80c79add3446d37dba3784cf3b360d0607e8a,7fb294fae3af3806415b5038609b6bf0b7189d3f1297a6411781ede72d7f0b19,1524,1334,184,1,0,3,2,15067,4198,4176,0,22,146,15,0,99.67,99.71,85650,84327,5b2c3ae217a61052e38306c464e62c6a9b3b38d48b7d12ebc9e35989557cc266,65b866213330c6652a0e9e8e877ff0464aa134cd78dff9b1adc28cf9a8d21b4b,0
texts_analysis_en,134,134__A11909.10.txt,A11909,21e80c79add3446d37dba3784cf3b360d0607e8a,7fb294fae3af3806415b5038609b6bf0b7189d3f1297a6411781ede72d7f0b19,2171,1939,218,3,0,7,4,21915,6315,6232,1,82,142,27,0,99.49,99.62,119930,117396,ec0245cd892a5a86f807634057bd405957bfec4f81f86e1512b7936ff7717739,f0a4a2ea3c151f453a4c70bd158b1350d12c591b76a75b10e949edf4e811a63f,0
texts_no_prologue_epilogue,134,134__A11909.10.txt,A11909,21e80c79add3446d37dba3784cf3b360d0607e8a,7fb294fae3af3806415b5038609b6bf0b7189d3f1297a6411781ede72d7f0b19,2171,1939,218,3,0,7,4,21915,6315,6232,1,82,142,27,0,99.49,99.62,119930,117396,ec0245cd892a5a86f807634057bd405957bfec4f81f86e1512b7936ff7717739,f0a4a2ea3c151f453a4c70bd158b1350d12c591b76a75b10e949edf4e811a63f,0
texts_analysis_en,49,49__A11909.6.txt,A11909,21e80c79add3446d37dba3784cf3b360d0607e8a,7fb294fae3af3806415b5038609b6bf0b7189d3f1297a6411781ede72d7f0b19,1385,1287,95,0,0,3,0,13832,3694,3683,0,11,55,2,0,99.78,99.82,75162,73858,172886860cecb6171a0e1c48d6b890be2320346fec9c3d774eaef92247ae2a55,b155ab603a7df9aa715fe2df91a0b63ae36731aeb14732926870f1b3c1711b2d,0
texts_no_prologue_epilogue,49,49__A11909.6.txt,A11909,21e80c79add3446d37dba3784cf3b360d0607e8a,7fb294fae3af3806415b5038609b6bf0b7189d3f1297a6411781ede72d7f0b19,1385,1287,95,0,0,3,0,13832,3694,3683,0,11,55,2,0,99.78,99.82,75162,73858,172886860cecb6171a0e1c48d6b890be2320346fec9c3d774eaef92247ae2a55,b155ab603a7df9aa715fe2df91a0b63ae36731aeb14732926870f1b3c1711b2d,0
texts_analysis_en,51,51__A11909.2.txt,A11909,21e80c79add3446d37dba3784cf3b360d0607e8a,7fb294fae3af3806415b5038609b6bf0b7189d3f1297a6411781ede72d7f0b19,1253,1107,143,0,0,2,1,12270,3358,3353,0,5,43,2,0,99.76,99.77,66675,65129,b2e9f5ba8edd54c43a3e1477329f60092229a1d855f77e27b2a930abcf678198,a3e0319aec0d803e98f67175d1ac9df62a71c1ec38cf5b76bc593fff65312cb1,0
texts_no_prologue_epilogue,51,51__A11909.2.txt,A11909,21e80c79add3446d37dba3784cf3b360d0607e8a,7fb294fae3af3806415b5038609b6bf0b7189d3f1297a6411781ede72d7f0b19,1253,1107,143,0,0,2,1,12270,3358,3353,0,5,43,2,0,99.76,99.77,66675,65129,b2e9f5ba8edd54c43a3e1477329f60092229a1d855f77e27b2a930abcf678198,a3e0319aec0d803e98f67175d1ac9df62a71c1ec38cf5b76bc593fff65312cb1,0
texts_analysis_en,60,60__A11909.1.txt,A11909,21e80c79add3446d37dba3784cf3b360d0607e8a,7fb294fae3af3806415b5038609b6bf0b7189d3f1297a6411781ede72d7f0b19,1378,1285,92,0,0,1,0,14071,4204,4181,0,23,52,3,0,99.93,99.92,76986,75148,c63dd2d005d68e9778c28720ae1a12e4b47c85bb87a6c592ee0721a82d0ace28,ab6b000bb088c878336f4615d702c1fb304e669aa33d523c08ff768a5c88a679,0
texts_no_prologue_epilogue,60,60__A11909.1.txt,A11909,21e80c79add3446d37dba3784cf3b360d0607e8a,7fb294fae3af3806415b5038609b6bf0b7189d3f1297a6411781ede72d7f0b19,1378,1285,92,0,0,1,0,14071,4204,4181,0,23,52,3,0,99.93,99.92,76986,75148,c63dd2d005d68e9778c28720ae1a12e4b47c85bb87a6c592ee0721a82d0ace28,ab6b000bb088c878336f4615d702c1fb304e669aa33d523c08ff768a5c88a679,0
texts_analysis_en,65,65__A11909.5.txt,A11909,21e80c79add3446d37dba3784cf3b360d0607e8a,7fb294fae3af3806415b5038609b6bf0b7189d3f1297a6411781ede72d7f0b19,1202,951,233,3,0,6,9,12785,2995,2988,0,7,127,23,0,98.75,99.25,69751,69206,2e8cd3d4bcec0519ba88779950df847988399d74caf689e9016e2ed21fbd7473,d53622c7c0e1340418fcc40aa9b0ca2bdd88b5df1d6459036674502efb63ed84,0
texts_no_prologue_epilogue,65,65__A11909.5.txt,A11909,21e80c79add3446d37dba3784cf3b360d0607e8a,7fb294fae3af3806415b5038609b6bf0b7189d3f1297a6411781ede72d7f0b19,1202,951,233,3,0,6,9,12785,2995,2988,0,7,127,23,0,98.75,99.25,69751,69206,2e8cd3d4bcec0519ba88779950df847988399d74caf689e9016e2ed21fbd7473,d53622c7c0e1340418fcc40aa9b0ca2bdd88b5df1d6459036674502efb63ed84,0
texts_analysis_en,77,77__A11909.8.txt,A11909,21e80c79add3446d37dba3784cf3b360d0607e8a,7fb294fae3af3806415b5038609b6bf0b7189d3f1297a6411781ede72d7f0b19,1368,1234,132,0,0,2,0,13715,3955,3938,0,17,86,3,0,99.85,99.85,76988,75624,735428d66114b8bd4c33792bb7cbbb599c98d93ecb829f6825c407719c7fae6a,890a2f7a2124db29747aba1f59ad58618e3e2e13ad9c9bcd342d6ed7d8e169b9,0
texts_no_prologue_epilogue,77,77__A11909.8.txt,A11909,21e80c79add3446d37dba3784cf3b360d0607e8a,7fb294fae3af3806415b5038609b6bf0b7189d3f1297a6411781ede72d7f0b19,1368,1234,132,0,0,2,0,13715,3955,3938,0,17,86,3,0,99.85,99.85,76988,75624,735428d66114b8bd4c33792bb7cbbb599c98d93ecb829f6825c407719c7fae6a,890a2f7a2124db29747aba1f59ad58618e3e2e13ad9c9bcd342d6ed7d8e169b9,0
texts_analysis_en,80,80__A11909.7.txt,A11909,21e80c79add3446d37dba3784cf3b360d0607e8a,7fb294fae3af3806415b5038609b6bf0b7189d3f1297a6411781ede72d7f0b19,1504,1364,139,0,0,0,1,15249,4519,4466,1,52,70,2,0,99.93,99.94,85504,83731,77bba25d30529d3e87d26963fc2338038ff9cd5ada5a5105f9869c278640dc18,1a650b1b009a0bd1d67b2b3863112ca3f29897f87f572dc78d2612da59164068,0
texts_no_prologue_epilogue,80,80__A11909.7.txt,A11909,21e80c79add3446d37dba3784cf3b360d0607e8a,7fb294fae3af3806415b5038609b6bf0b7189d3f1297a6411781ede72d7f0b19,1504,1364,139,0,0,0,1,15249,4519,4466,1,52,70,2,0,99.93,99.94,85504,83731,77bba25d30529d3e87d26963fc2338038ff9cd5ada5a5105f9869c278640dc18,1a650b1b009a0bd1d67b2b3863112ca3f29897f87f572dc78d2612da59164068,0
texts_analysis_en,82,82__A11909.9.txt,A11909,21e80c79add3446d37dba3784cf3b360d0607e8a,7fb294fae3af3806415b5038609b6bf0b7189d3f1297a6411781ede72d7f0b19,1589,1512,75,0,0,2,0,11488,3419,3399,0,20,50,1,0,99.87,99.89,66317,65167,746cb2f77c3ff357f7fcaed0c1637d79c4754caab1b7b16fd92c25e150fbde62,3d317e4ede0e0bf8b6e816f37a54aa11ebed732ff9cd36c34d70503846112dc1,0
texts_no_prologue_epilogue,82,82__A11909.9.txt,A11909,21e80c79add3446d37dba3784cf3b360d0607e8a,7fb294fae3af3806415b5038609b6bf0b7189d3f1297a6411781ede72d7f0b19,1589,1512,75,0,0,2,0,11488,3419,3399,0,20,50,1,0,99.87,99.89,66317,65167,746cb2f77c3ff357f7fcaed0c1637d79c4754caab1b7b16fd92c25e150fbde62,3d317e4ede0e0bf8b6e816f37a54aa11ebed732ff9cd36c34d70503846112dc1,0
texts_analysis_en,76,76__A11910.txt,A11910,21e80c79add3446d37dba3784cf3b360d0607e8a,2ecb4a6dacd9e098102d73dd137f02e851e4bb63375943350d5ead989234226c,2602,2348,247,0,0,5,2,13719,4511,4495,0,16,317,1,0,99.73,99.76,76412,75696,6cb08f24a0c5708f66897427c2597ae06f5934a33aea54632df741e2cfb5ff31,9243b1cd72c6b697515133b4e668ecce7f4cd795f3e3b3f14ff072454eecb811,0
texts_no_prologue_epilogue,76,76__A11910.txt,A11910,21e80c79add3446d37dba3784cf3b360d0607e8a,2ecb4a6dacd9e098102d73dd137f02e851e4bb63375943350d5ead989234226c,2602,2348,247,0,0,5,2,13719,4511,4495,0,16,317,1,0,99.73,99.76,76412,75696,6cb08f24a0c5708f66897427c2597ae06f5934a33aea54632df741e2cfb5ff31,9243b1cd72c6b697515133b4e668ecce7f4cd795f3e3b3f14ff072454eecb811,0
texts_analysis_en,59,59__A11911.txt,A11911,21e80c79add3446d37dba3784cf3b360d0607e8a,81e857e5516d7dd1b24904c5177a6a15dc44a4bc8f91182a2df65b814d35867a,1232,1124,105,0,0,3,0,14062,5281,5252,0,29,195,31,0,99.76,99.77,77660,75482,892489b8d8699bb021382fe2ceb373f402d9006a6e961640cd0ffeffab5ecaac,aac705080e23766087d84c96cc2a6e5864d2b0d931429f66cdf7cddab8707aa4,0
texts_no_prologue_epilogue,59,59__A11911.txt,A11911,21e80c79add3446d37dba3784cf3b360d0607e8a,81e857e5516d7dd1b24904c5177a6a15dc44a4bc8f91182a2df65b814d35867a,1232,1124,105,0,0,3,0,14062,5281,5252,0,29,195,31,0,99.76,99.77,77660,75482,892489b8d8699bb021382fe2ceb373f402d9006a6e961640cd0ffeffab5ecaac,aac705080e23766087d84c96cc2a6e5864d2b0d931429f66cdf7cddab8707aa4,0
texts_analysis_en,79,79__A11912.txt,A11912,21e80c79add3446d37dba3784cf3b360d0607e8a,12ada38a2435a71efed85e99d81219f86b98e0cc239d89501924ed9567a8aaa4,2724,2376,343,0,0,4,1,15245,5735,5694,0,41,585,3,0,99.82,99.81,84925,83657,9706db4402fa37fb985e5053726d482f2846f8bd9185ad213ab5e0c0ae912e4f,729f33efdd5b942c12d56423d56226b16c2b80ad7907775fef26f1cd753fe0d5,0
texts_no_prologue_epilogue,79,79__A11912.txt,A11912,21e80c79add3446d37dba3784cf3b360d0607e8a,12ada38a2435a71efed85e99d81219f86b98e0cc239d89501924ed9567a8aaa4,2724,2376,343,0,0,4,1,15245,5735,5694,0,41,585,3,0,99.82,99.81,84925,83657,9706db4402fa37fb985e5053726d482f2846f8bd9185ad213ab5e0c0ae912e4f,729f33efdd5b942c12d56423d56226b16c2b80ad7907775fef26f1cd753fe0d5,0
texts_analysis_en,50,50__A11914.txt,A11914,21e80c79add3446d37dba3784cf3b360d0607e8a,c695ce6e52388585f035d60493818417b7cae1ba00d8db32c8c17bd8fafdaf17,1054,1012,40,0,0,2,0,12292,3947,3945,0,2,326,79,0,99.81,99.89,66730,65510,e25688e79700f5305528c3d223ade7013939f9dcbf66450fad9e996c85511a64,3f8cd117ac5265d680882e182848770f73a43c6dade5786d7a708d737214a813,0
texts_no_prologue_epilogue,50,50__A11914.txt,A11914,21e80c79add3446d37dba3784cf3b360d0607e8a,c695ce6e52388585f035d60493818417b7cae1ba00d8db32c8c17bd8fafdaf17,1054,1012,40,0,0,2,0,12292,3947,3945,0,2,326,79,0,99.81,99.89,66730,65510,e25688e79700f5305528c3d223ade7013939f9dcbf66450fad9e996c85511a64,3f8cd117ac5265d680882e182848770f73a43c6dade5786d7a708d737214a813,0
texts_analysis_en,81,81__A11917.txt,A11917,21e80c79add3446d37dba3784cf3b360d0607e8a,2e55fb9639184cd0cdd12e50d0bcd8f836d057cc869e2faf57154c75ff3cd918,1588,1543,40,1,0,3,1,11499,3479,3465,0,14,10,5,0,99.75,99.74,66821,65533,68903046d7b33ea254340d1c3c8ac51122baaa210d0715fc486a14d049d343c0,d8171a786eb9fda5b8f73eef0c22612e968c9bf2ef6cd08c49e924439b68e028,0
texts_no_prologue_epilogue,81,81__A11917.txt,A11917,21e80c79add3446d37dba3784cf3b360d0607e8a,2e55fb9639184cd0cdd12e50d0bcd8f836d057cc869e2faf57154c75ff3cd918,1588,1543,40,1,0,3,1,11499,3479,3465,0,14,10,5,0,99.75,99.74,66821,65533,68903046d7b33ea254340d1c3c8ac51122baaa210d0715fc486a14d049d343c0,d8171a786eb9fda5b8f73eef0c22612e968c9bf2ef6cd08c49e924439b68e028,0
texts_analysis_en,214,214__A11954.27.txt,A11954,21e80c79add3446d37dba3784cf3b360d0607e8a,6ff533bdde64ec4b4d28677584b23f0bbfb281653166fe80a3789b329a8652f9,2569,2555,14,0,0,0,0,19933,3924,3914,0,10,8,0,0,100.0,100.0,107650,105701,94cac574bed17df7c03cb796fd7c22c6c30785d842a4b6244356a74571d86592,0a9a22cd225f5e2e7d492c68f650ea00c8a7eced64713bcfd65dba027c8f12dd,0
texts_no_prologue_epilogue,214,214__A11954.27.txt,A11954,21e80c79add3446d37dba3784cf3b360d0607e8a,6ff533bdde64ec4b4d28677584b23f0bbfb281653166fe80a3789b329a8652f9,2569,2555,14,0,0,0,0,19933,3924,3914,0,10,8,0,0,100.0,100.0,107650,105701,94cac574bed17df7c03cb796fd7c22c6c30785d842a4b6244356a74571d86592,0a9a22cd225f5e2e7d492c68f650ea00c8a7eced64713bcfd65dba027c8f12dd,0
texts_analysis_en,224,224__A11954.21.txt,A11954,21e80c79add3446d37dba3784cf3b360d0607e8a,6ff533bdde64ec4b4d28677584b23f0bbfb281653166fe80a3789b329a8652f9,2868,2853,15,0,0,0,0,24660,4761,4719,2,40,9,2,0,100.0,100.0,133496,131044,fb31b4b35b4899df79dbc4df4c7e4e691c2cf64fc1a62013efcd4ebdf1363fce,a642184bf4bd767cfa25b0d60c18a1431bbef710c0f3bae08223abb9dbd51342,0
texts_no_prologue_epilogue,224,224__A11954.21.txt,A11954,21e80c79add3446d37dba3784cf3b360d0607e8a,6ff533bdde64ec4b4d28677584b23f0bbfb281653166fe80a3789b329a8652f9,2868,2853,15,0,0,0,0,24660,4761,4719,2,40,9,2,0,100.0,100.0,133496,131044,fb31b4b35b4899df79dbc4df4c7e4e691c2cf64fc1a62013efcd4ebdf1363fce,a642184bf4bd767cfa25b0d60c18a1431bbef710c0f3bae08223abb9dbd51342,0
texts_analysis_en,229,229__A11954.11.txt,A11954,21e80c79add3446d37dba3784cf3b360d0607e8a,6ff533bdde64ec4b4d28677584b23f0bbfb281653166fe80a3789b329a8652f9,2333,2312,21,0,0,0,0,20700,3677,3664,0,13,9,0,0,100.0,100.0,107831,106230,07d43a2e00122500d1cfcbf7f3719c9d00d6690ffd036bd7786280bb8c44a825,3fa311fdf42fc80993019e2fca29aa2fa202a32b0d15501d038608e6e62b74bb,0
texts_no_prologue_epilogue,229,229__A11954.11.txt,A11954,21e80c79add3446d37dba3784cf3b360d0607e8a,6ff533bdde64ec4b4d28677584b23f0bbfb281653166fe80a3789b329a8652f9,2333,2312,21,0,0,0,0,20700,3677,3664,0,13,9,0,0,100.0,100.0,107831,106230,07d43a2e00122500d1cfcbf7f3719c9d00d6690ffd036bd7786280bb8c44a825,3fa311fdf42fc80993019e2fca29aa2fa202a32b0d15501d038608e6e62b74bb,0
texts_analysis_en,268,268__A11954.22.txt,A11954,21e80c79add3446d37dba3784cf3b360d0607e8a,6ff533bdde64ec4b4d28677584b23f0bbfb281653166fe80a3789b329a8652f9,2963,2951,12,0,0,0,0,23520,4689,4676,0,13,4,0,0,100.0,100.0,128194,125616,afee980069b596f5f0ee9c746623b23c92f38fcfa1bfb3773a76039ed1c40031,659ffdd7ae8da336b2ad68b52bca3d7e2e8ca3a95e9f2570a13dec6813932d7f,0
texts_no_prologue_epilogue,268,268__A11954.22.txt,A11954,21e80c79add3446d37dba3784cf3b360d0607e8a,6ff533bdde64ec4b4d28677584b23f0bbfb281653166fe80a3789b329a8652f9,2963,2951,12,0,0,0,0,23520,4689,4676,0,13,4,0,0,100.0,100.0,128194,125616,afee980069b596f5f0ee9c746623b23c92f38fcfa1bfb3773a76039ed1c40031,659ffdd7ae8da336b2ad68b52bca3d7e2e8ca3a95e9f2570a13dec6813932d7f,0
texts_analysis_en,278,278__A11954.16.txt,A11954,21e80c79add3446d37dba3784cf3b360d0607e8a,6ff533bdde64ec4b4d28677584b23f0bbfb281653166fe80a3789b329a8652f9,2735,2668,60,0,0,4,3,21444,4075,4061,0,14,47,3,0,99.74,99.77,117541,115586,34b0489891f6efe5886fdcc3f2d459b6cf94ee2dd3363239d37f3e9ba0954dc6,93d76be604018b4b1b4608d40715405c137166d600ee0ef231d39156bc2b7b13,0
texts_no_prologue_epilogue,278,278__A11954.16.txt,A11954,21e80c79add3446d37dba3784cf3b360d0607e8a,6ff533bdde64ec4b4d28677584b23f0bbfb281653166fe80a3789b329a8652f9,2735,2668,60,0,0,4,3,21444,4075,4061,0,14,47,3,0,99.74,99.77,117541,115586,34b0489891f6efe5886fdcc3f2d459b6cf94ee2dd3363239d37f3e9ba0954dc6,93d76be604018b4b1b4608d40715405c137166d600ee0ef231d39156bc2b7b13,0
texts_analysis_en,287,287__A11954.23.txt,A11954,21e80c79add3446d37dba3784cf3b360d0607e8a,6ff533bdde64ec4b4d28677584b23f0bbfb281653166fe80a3789b329a8652f9,3656,3627,29,0,0,0,0,28282,5211,5199,0,12,10,0,0,100.0,100.0,153359,150708,5e0a3915181588db2360a040c1cac3e43fd77d16201ffc81724a8fb09997d364,059b640a6297f0ca5a422eb65201004e48320cfd18a49fd9a0fc1fc389595352,0
texts_no_prologue_epilogue,287,287__A11954.23.txt,A11954,21e80c79add3446d37dba3784cf3b360d0607e8a,6ff533bdde64ec4b4d28677584b23f0bbfb281653166fe80a3789b329a8652f9,3656,3627,29,0,0,0,0,28282,5211,5199,0,12,10,0,0,100.0,100.0,153359,150708,5e0a3915181588db2360a040c1cac3e43fd77d16201ffc81724a8fb09997d364,059b640a6297f0ca5a422eb65201004e48320cfd18a49fd9a0fc1fc389595352,0
texts_analysis_en,294,294__A11954.28.txt,A11954,21e80c79add3446d37dba3784cf3b360d0607e8a,6ff533bdde64ec4b4d28677584b23f0bbfb281653166fe80a3789b329a8652f9,2828,2794,34,0,0,0,0,24057,4263,4210,0,53,24,0,0,100.0,100.0,126052,124279,e775ed862ba4e65c27ed00a196fd3b9f5bfa9c70437af8b491d20d93e42d250b,fa4e20c6c417bbb4758f8c28c41d6e57e7c8604f10ba1c08b3db16355002fdca,0
texts_no_prologue_epilogue,294,294__A11954.28.txt,A11954,21e80c79add3446d37dba3784cf3b360d0607e8a,6ff533bdde64ec4b4d28677584b23f0bbfb281653166fe80a3789b329a8652f9,2828,2794,34,0,0,0,0,24057,4263,4210,0,53,24,0,0,100.0,100.0,126052,124279,e775ed862ba4e65c27ed00a196fd3b9f5bfa9c70437af8b491d20d93e42d250b,fa4e20c6c417bbb4758f8c28c41d6e57e7c8604f10ba1c08b3db16355002fdca,0
texts_analysis_en,306,306__A11954.17.txt,A11954,21e80c79add3446d37dba3784cf3b360d0607e8a,6ff533bdde64ec4b4d28677584b23f0bbfb281653166fe80a3789b329a8652f9,2205,2189,15,0,0,0,1,24047,4419,4346,0,73,9,0,0,99.95,99.96,127873,125659,7939bfe293ca3168c3c23c06a7b69d132cb6b90c7a6e86be02f2493f6603d9d4,aa1dac585c46427b52792330d91aed634badb06b68868debec77d234be8cbb24,0
texts_no_prologue_epilogue,306,306__A11954.17.txt,A11954,21e80c79add3446d37dba3784cf3b360d0607e8a,6ff533bdde64ec4b4d28677584b23f0bbfb281653166fe80a3789b329a8652f9,2205,2189,15,0,0,0,1,24047,4419,4346,0,73,9,0,0,99.95,99.96,127873,125659,7939bfe293ca3168c3c23c06a7b69d132cb6b90c7a6e86be02f2493f6603d9d4,aa1dac585c46427b52792330d91aed634badb06b68868debec77d234be8cbb24,0
texts_analysis_en,316,316__A11954.7.txt,A11954,21e80c79add3446d37dba3784cf3b360d0607e8a,6ff533bdde64ec4b4d28677584b23f0bbfb281653166fe80a3789b329a8652f9,2269,2252,17,0,0,0,0,21114,3885,3844,0,41,15,0,0,100.0,100.0,113040,111133,c45910443661c4ed5a6adfddbda71fab3c0f0518f664569f8b1ccb08980aec1c,548451159b1700fdeadab9cdda1b090a7320d2bbfa284e5247cbbd133aff6d5a,0
texts_no_prologue_epilogue,316,316__A11954.7.txt,A11954,21e80c79add3446d37dba3784cf3b360d0607e8a,6ff533bdde64ec4b4d28677584b23f0bbfb281653166fe80a3789b329a8652f9,2269,2252,17,0,0,0,0,21114,3885,3844,0,41,15,0,0,100.0,100.0,113040,111133,c45910443661c4ed5a6adfddbda71fab3c0f0518f664569f8b1ccb08980aec1c,548451159b1700fdeadab9cdda1b090a7320d2bbfa284e5247cbbd133aff6d5a,0
texts_analysis_en,374,374__A11954.19.txt,A11954,21e80c79add3446d37dba3784cf3b360d0607e8a,6ff533bdde64ec4b4d28677584b23f0bbfb281653166fe80a3789b329a8652f9,2325,2285,36,0,0,4,0,25680,4727,4707,0,20,27,0,0,99.83,99.89,139545,137064,3a2d6f129778cd0519f9744d295581e1a12982bc079b0a0b94ba3cb18fe47d6d,dd9f4d5b1bb444ad0550a60a8c2baa06f8253454cba2fd5e6dbf6f6e51097412,0
texts_no_prologue_epilogue,374,374__A11954.19.txt,A11954,21e80c79add3446d37dba3784cf3b360d0607e8a,6ff533bdde64ec4b4d28677584b23f0bbfb281653166fe80a3789b329a8652f9,2291,2251,36,0,0,4,0,25435,4687,4667,0,20,27,0,0,99.83,99.89,138094,135635,e1275b81c4ecfa7ee0fbbca3edbc8f9d5d23774a40438e067618e4a4edce6135,133de75cd50bcba2df2a8939060c629d342a2bddd6a2f96875bcb17fe4397a18,0
texts_analysis_en,379,379__A11954.18.txt,A11954,21e80c79add3446d37dba3784cf3b360d0607e8a,6ff533bdde64ec4b4d28677584b23f0bbfb281653166fe80a3789b329a8652f9,2228,2200,27,0,0,1,0,25385,4789,4690,1,98,14,1,0,99.96,99.98,137445,134862,efcae47c27bc46a648524495fbbfc80de969bec64e54efee07f2579a8958ae2d,4a749357bd968e1a7eb9271fe7a03ff994589769d4fe36cf7974c063cf03d581,0
texts_no_prologue_epilogue,379,379__A11954.18.txt,A11954,21e80c79add3446d37dba3784cf3b360d0607e8a,6ff533bdde64ec4b4d28677584b23f0bbfb281653166fe80a3789b329a8652f9,2225,2198,26,0,0,1,0,25054,4745,4647,1,97,14,1,0,99.96,99.98,135725,133174,6192992010ba47042cd7b83936cbedcfc3a47134f8e6614ed460ffdacd74f6e9,fd6d6ad7d9bd1d60ed0434d2bd22ace7b6f6a5afce71ca7a7e8e1e27824076a4,0
texts_analysis_en,382,382__A11954.6.txt,A11954,21e80c79add3446d37dba3784cf3b360d0607e8a,6ff533bdde64ec4b4d28677584b23f0bbfb281653166fe80a3789b329a8652f9,1503,1477,25,0,0,1,0,20889,3610,3586,0,24,11,0,0,99.93,99.99,108132,106376,c1fef5e802c96877edb84aa0f4529739c6966b41a92e887096d2df1c7a639d2e,5a8294760c015ccc356e0828b178b5ae6d191572b36f80f966d2881ee9d28d3e,0
texts_no_prologue_epilogue,382,382__A11954.6.txt,A11954,21e80c79add3446d37dba3784cf3b360d0607e8a,6ff533bdde64ec4b4d28677584b23f0bbfb281653166fe80a3789b329a8652f9,1503,1477,25,0,0,1,0,20889,3610,3586,0,24,11,0,0,99.93,99.99,108132,106376,c1fef5e802c96877edb84aa0f4529739c6966b41a92e887096d2df1c7a639d2e,5a8294760c015ccc356e0828b178b5ae6d191572b36f80f966d2881ee9d28d3e,0
texts_analysis_en,387,387__A11954.8.txt,A11954,21e80c79add3446d37dba3784cf3b360d0607e8a,6ff533bdde64ec4b4d28677584b23f0bbfb281653166fe80a3789b329a8652f9,1871,1851,18,0,0,2,0,16122,2979,2973,0,6,10,0,0,99.89,99.9,86480,84968,8ba9c2c909c9b580502e58bffa7cd0564ea4d27011c422ba381dbdbc8f77d752,1f53bbb0267d71dff97cd0ec24fa1a5011c391400d2ec36502f5230133fcdaa0,0
texts_no_prologue_epilogue,387,387__A11954.8.txt,A11954,21e80c79add3446d37dba3784cf3b360d0607e8a,6ff533bdde64ec4b4d28677584b23f0bbfb281653166fe80a3789b329a8652f9,1871,1851,18,0,0,2,0,16122,2979,2973,0,6,10,0,0,99.89,99.9,86480,84968,8ba9c2c909c9b580502e58bffa7cd0564ea4d27011c422ba381dbdbc8f77d752,1f53bbb0267d71dff97cd0ec24fa1a5011c391400d2ec36502f5230133fcdaa0,0
texts_analysis_en,393,393__A11954.9.txt,A11954,21e80c79add3446d37dba3784cf3b360d0607e8a,6ff533bdde64ec4b4d28677584b23f0bbfb281653166fe80a3789b329a8652f9,2270,2258,11,0,0,1,0,20873,3756,3664,0,92,7,0,0,99.96,99.97,108944,107189,e80fee3a0fc2153ba991671206fb9b79cde12135fc61b6057c8ae3ce1ea38b54,0768ba16adc5a173b4e89a6feca287e773e31fd5a63bee1b18ff9e2bf9fd867a,0
texts_no_prologue_epilogue,393,393__A11954.9.txt,A11954,21e80c79add3446d37dba3784cf3b360d0607e8a,6ff533bdde64ec4b4d28677584b23f0bbfb281653166fe80a3789b329a8652f9,2270,2258,11,0,0,1,0,20873,3756,3664,0,92,7,0,0,99.96,99.97,108944,107189,e80fee3a0fc2153ba991671206fb9b79cde12135fc61b6057c8ae3ce1ea38b54,0768ba16adc5a173b4e89a6feca287e773e31fd5a63bee1b18ff9e2bf9fd867a,0
texts_analysis_en,427,427__A11954.3.txt,A11954,21e80c79add3446d37dba3784cf3b360d0607e8a,6ff533bdde64ec4b4d28677584b23f0bbfb281653166fe80a3789b329a8652f9,1328,1302,24,0,0,2,0,21069,3553,3480,0,73,13,0,0,99.85,99.24,111178,109732,18408f22c5bcda1aa570d6ed7feb0a0beb9b0592b9e7779559fc64b501ac55b9,f50fddbb14281a21ba3bb8d296f0d24641003da8a35a0881f2c5cefcbc43867e,0
texts_no_prologue_epilogue,427,427__A11954.3.txt,A11954,21e80c79add3446d37dba3784cf3b360d0607e8a,6ff533bdde64ec4b4d28677584b23f0bbfb281653166fe80a3789b329a8652f9,1328,1302,24,0,0,2,0,21069,3553,3480,0,73,13,0,0,99.85,99.24,111178,109732,18408f22c5bcda1aa570d6ed7feb0a0beb9b0592b9e7779559fc64b501ac55b9,f50fddbb14281a21ba3bb8d296f0d24641003da8a35a0881f2c5cefcbc43867e,0
texts_analysis_en,453,453__A11954.32.txt,A11954,21e80c79add3446d37dba3784cf3b360d0607e8a,6ff533bdde64ec4b4d28677584b23f0bbfb281653166fe80a3789b329a8652f9,3210,3193,13,0,0,3,1,28041,4855,4846,0,9,10,1,0,99.88,99.55,149419,146994,5a7024b2b06c027a3f40447ca382e4b5904a9e9b63f0a31cefe7d21fbccdf7fe,f4a852b529989539767574183124b6b9a9b5a1a69f6fd7e610d8985f7512caf1,0
texts_no_prologue_epilogue,453,453__A11954.32.txt,A11954,21e80c79add3446d37dba3784cf3b360d0607e8a,6ff533bdde64ec4b4d28677584b23f0bbfb281653166fe80a3789b329a8652f9,3210,3193,13,0,0,3,1,28041,4855,4846,0,9,10,1,0,99.88,99.55,149419,146994,5a7024b2b06c027a3f40447ca382e4b5904a9e9b63f0a31cefe7d21fbccdf7fe,f4a852b529989539767574183124b6b9a9b5a1a69f6fd7e610d8985f7512caf1,0
texts_analysis_en,625,625__A11954.33.txt,A11954,21e80c79add3446d37dba3784cf3b360d0607e8a,6ff533bdde64ec4b4d28677584b23f0bbfb281653166fe80a3789b329a8652f9,2720,2693,25,0,0,2,0,23312,4114,4102,1,11,14,0,0,99.93,99.3,125337,123408,b89e7cfba5e26c39d50be09ff490afb419ea55f3f9a3a7eb4c3e4b104266718e,66c764249ca11897e77e185b30af51e9cae6858d44a69141c9677c80203fba6e,0
texts_no_prologue_epilogue,625,625__A11954.33.txt,A11954,21e80c79add3446d37dba3784cf3b360d0607e8a,6ff533bdde64ec4b4d28677584b23f0bbfb281653166fe80a3789b329a8652f9,2720,2693,25,0,0,2,0,23312,4114,4102,1,11,14,0,0,99.93,99.3,125337,123408,b89e7cfba5e26c39d50be09ff490afb419ea55f3f9a3a7eb4c3e4b104266718e,66c764249ca11897e77e185b30af51e9cae6858d44a69141c9677c80203fba6e,0
texts_analysis_en,658,658__A11954.25.txt,A11954,21e80c79add3446d37dba3784cf3b360d0607e8a,6ff533bdde64ec4b4d28677584b23f0bbfb281653166fe80a3789b329a8652f9,2964,2937,27,0,0,0,0,25899,4945,4928,0,17,15,0,0,100.0,100.0,138903,136815,90fbe0865e0c09d93d6c348e6f7b625fa548f7c38b2b73bc89130e5d3d43dcfa,ef5545f97b4a5838ef0f6650b65f0d70d0482097247250b372e3902228c6d84b,0
texts_no_prologue_epilogue,658,658__A11954.25.txt,A11954,21e80c79add3446d37dba3784cf3b360d0607e8a,6ff533bdde64ec4b4d28677584b23f0bbfb281653166fe80a3789b329a8652f9,2933,2906,27,0,0,0,0,25673,4903,4886,0,17,15,0,0,100.0,100.0,137569,135501,ccd0bd630e41d83f343e1b0b73307dfbd929452a8c2afd5bf7fbc4ebeed3a49d,841d6fc5e73f05ba9f096da73e11693c266174cafbf92c1cc8464d623ea6a54b,0
texts_analysis_en,839,839__A11954.34.txt,A11954,21e80c79add3446d37dba3784cf3b360d0607e8a,6ff533bdde64ec4b4d28677584b23f0bbfb281653166fe80a3789b329a8652f9,3204,3166,36,0,0,2,0,26178,4559,4501,0,58,30,0,0,99.94,99.95,138126,135879,e3504bbdae3d3cf243a742022e89bf8690aeb5678bf5ff7c5bf0982f26b7cc5f,9475c71387c8b7a1f698bdf8bfc3b560c5993fb668a1dcccf8a333e1203263aa,0
texts_no_prologue_epilogue,839,839__A11954.34.txt,A11954,21e80c79add3446d37dba3784cf3b360d0607e8a,6ff533bdde64ec4b4d28677584b23f0bbfb281653166fe80a3789b329a8652f9,3204,3166,36,0,0,2,0,26178,4559,4501,0,58,30,0,0,99.94,99.95,138126,135879,e3504bbdae3d3cf243a742022e89bf8690aeb5678bf5ff7c5bf0982f26b7cc5f,9475c71387c8b7a1f698bdf8bfc3b560c5993fb668a1dcccf8a333e1203263aa,0
texts_analysis_en,860,860__A11954.1.txt,A11954,21e80c79add3446d37dba3784cf3b360d0607e8a,6ff533bdde64ec4b4d28677584b23f0bbfb281653166fe80a3789b329a8652f9,2061,2043,18,0,0,0,0,16288,2941,2936,0,5,4,0,0,100.0,100.0,86943,85547,9c64fbed0996c3e40788b9d8d11e487120a2a2d99748ad8e8f5224b8f90761ac,8bf1918425aa7e77afc9f7d5afc3f632d1ae40a31b6c431734a666bf523f8708,0
texts_no_prologue_epilogue,860,860__A11954.1.txt,A11954,21e80c79add3446d37dba3784cf3b360d0607e8a,6ff533bdde64ec4b4d28677584b23f0bbfb281653166fe80a3789b329a8652f9,2041,2023,18,0,0,0,0,16160,2921,2916,0,5,4,0,0,100.0,100.0,86265,84881,b9dabeed78fcf48e8dc928c7b07da504f538efce987eb61b64dbb8066b3d3cbb,4d874cbc0b23e5ec1333b29c1facea4d15728869487eb74df06befa8c1e7ed93,0
texts_analysis_en,862,862__A11954.2.txt,A11954,21e80c79add3446d37dba3784cf3b360d0607e8a,6ff533bdde64ec4b4d28677584b23f0bbfb281653166fe80a3789b329a8652f9,2039,2002,37,0,0,0,0,17075,3002,2974,0,28,7,0,0,100.0,100.0,89925,88637,a7e9288912f2f43bd01ff59953bd1ae35773e0465c9bc393d267c9ba1a280fc2,14d9d41245d72800fb0dac4d5f8c857d9aaf662cae235ef65fe9f298a3c4878c,0
texts_no_prologue_epilogue,862,862__A11954.2.txt,A11954,21e80c79add3446d37dba3784cf3b360d0607e8a,6ff533bdde64ec4b4d28677584b23f0bbfb281653166fe80a3789b329a8652f9,2039,2002,37,0,0,0,0,17075,3002,2974,0,28,7,0,0,100.0,100.0,89925,88637,a7e9288912f2f43bd01ff59953bd1ae35773e0465c9bc393d267c9ba1a280fc2,14d9d41245d72800fb0dac4d5f8c857d9aaf662cae235ef65fe9f298a3c4878c,0
texts_analysis_en,864,864__A11954.4.txt,A11954,21e80c79add3446d37dba3784cf3b360d0607e8a,6ff533bdde64ec4b4d28677584b23f0bbfb281653166fe80a3789b329a8652f9,2248,2229,18,0,0,1,0,21559,3662,3652,0,10,6,0,0,99.96,99.95,113908,112291,baa57de478f36a262129073bcec5ec6be0676ca021e2464ccc7fd0a865e5fd11,fddb1d3bf0abcfa7f2ae83ff181be476ca85b0f3dc1783e23506248a15bd8d41,0
texts_no_prologue_epilogue,864,864__A11954.4.txt,A11954,21e80c79add3446d37dba3784cf3b360d0607e8a,6ff533bdde64ec4b4d28677584b23f0bbfb281653166fe80a3789b329a8652f9,2248,2229,18,0,0,1,0,21559,3662,3652,0,10,6,0,0,99.96,99.95,113908,112291,baa57de478f36a262129073bcec5ec6be0676ca021e2464ccc7fd0a865e5fd11,fddb1d3bf0abcfa7f2ae83ff181be476ca85b0f3dc1783e23506248a15bd8d41,0
texts_analysis_en,866,866__A11954.5.txt,A11954,21e80c79add3446d37dba3784cf3b360d0607e8a,6ff533bdde64ec4b4d28677584b23f0bbfb281653166fe80a3789b329a8652f9,1641,1619,22,0,0,0,0,14527,2532,2530,0,2,13,0,0,100.0,100.0,75117,73799,8116636aae7c801b396fdba6c5365f7c140a21448d561cbe4dfe8af3be62f435,9aeddbf751c8e39f0d32cdea02cc2b4da66ac8939d3f8881ca4a37a71ad6fce4,0
texts_no_prologue_epilogue,866,866__A11954.5.txt,A11954,21e80c79add3446d37dba3784cf3b360d0607e8a,6ff533bdde64ec4b4d28677584b23f0bbfb281653166fe80a3789b329a8652f9,1641,1619,22,0,0,0,0,14527,2532,2530,0,2,13,0,0,100.0,100.0,75117,73799,8116636aae7c801b396fdba6c5365f7c140a21448d561cbe4dfe8af3be62f435,9aeddbf751c8e39f0d32cdea02cc2b4da66ac8939d3f8881ca4a37a71ad6fce4,0
texts_analysis_en,868,868__A11954.10.txt,A11954,21e80c79add3446d37dba3784cf3b360d0607e8a,6ff533bdde64ec4b4d28677584b23f0bbfb281653166fe80a3789b329a8652f9,1812,1792,20,0,0,0,0,21498,3923,3904,0,19,8,0,0,100.0,100.0,111853,110170,4ec201d10ed1fc94e04c4f8879cfbb0cc17715f45091e750167f940903b5fb0a,d2b6d8b9d107f302df6ef421e89373862df3988d3cad427ffcf9c666c6786987,0
texts_no_prologue_epilogue,868,868__A11954.10.txt,A11954,21e80c79add3446d37dba3784cf3b360d0607e8a,6ff533bdde64ec4b4d28677584b23f0bbfb281653166fe80a3789b329a8652f9,1812,1792,20,0,0,0,0,21498,3923,3904,0,19,8,0,0,100.0,100.0,111853,110170,4ec201d10ed1fc94e04c4f8879cfbb0cc17715f45091e750167f940903b5fb0a,d2b6d8b9d107f302df6ef421e89373862df3988d3cad427ffcf9c666c6786987,0
texts_analysis_en,870,870__A11954.12.txt,A11954,21e80c79add3446d37dba3784cf3b360d0607e8a,6ff533bdde64ec4b4d28677584b23f0bbfb281653166fe80a3789b329a8652f9,2149,2128,19,0,0,2,0,22734,4249,4239,0,10,15,0,0,99.91,99.37,119538,117418,21e4de84929687d06c6881326e1667b640f95f78ab9170a1c3e5ae410acbaffc,b938158c21303e3d3fa0e0082c9756473be77462a6a5f9482da2245a1e0ac003,0
texts_no_prologue_epilogue,870,870__A11954.12.txt,A11954,21e80c79add3446d37dba3784cf3b360d0607e8a,6ff533bdde64ec4b4d28677584b23f0bbfb281653166fe80a3789b329a8652f9,2149,2128,19,0,0,2,0,22734,4249,4239,0,10,15,0,0,99.91,99.37,119538,117418,21e4de84929687d06c6881326e1667b640f95f78ab9170a1c3e5ae410acbaffc,b938158c21303e3d3fa0e0082c9756473be77462a6a5f9482da2245a1e0ac003,0
texts_analysis_en,872,872__A11954.13.txt,A11954,21e80c79add3446d37dba3784cf3b360d0607e8a,6ff533bdde64ec4b4d28677584b23f0bbfb281653166fe80a3789b329a8652f9,1661,1634,26,0,0,1,0,19623,3332,3320,0,12,22,0,0,99.94,99.53,101476,100006,273eaed0047c4753f218d81a1a0d6552cd1d36d9ee28f5469edb081ab7fcde28,53d24ac3d38bf2391e716c44e53939f50f2dd9112cc2a91c31003be0a7eca9e3,0
texts_no_prologue_epilogue,872,872__A11954.13.txt,A11954,21e80c79add3446d37dba3784cf3b360d0607e8a,6ff533bdde64ec4b4d28677584b23f0bbfb281653166fe80a3789b329a8652f9,1661,1634,26,0,0,1,0,19623,3332,3320,0,12,22,0,0,99.94,99.53,101476,100006,273eaed0047c4753f218d81a1a0d6552cd1d36d9ee28f5469edb081ab7fcde28,53d24ac3d38bf2391e716c44e53939f50f2dd9112cc2a91c31003be0a7eca9e3,0
texts_analysis_en,874,874__A11954.14.txt,A11954,21e80c79add3446d37dba3784cf3b360d0607e8a,6ff533bdde64ec4b4d28677584b23f0bbfb281653166fe80a3789b329a8652f9,2751,2723,26,0,0,2,0,24893,4333,4325,0,8,59,5,0,99.93,99.94,132601,130577,9b8492d18256e2b3c87774982058503dd63c0c0f7fd9ddde31a371dd8f8a24e0,7c9815fb0ed84711a5ce08b0a3dc23abac0d663616ff1767ca1305dce42e4b65,0
texts_no_prologue_epilogue,874,874__A11954.14.txt,A11954,21e80c79add3446d37dba3784cf3b360d0607e8a,6ff533bdde64ec4b4d28677584b23f0bbfb281653166fe80a3789b329a8652f9,2751,2723,26,0,0,2,0,24893,4333,4325,0,8,59,5,0,99.93,99.94,132601,130577,9b8492d18256e2b3c87774982058503dd63c0c0f7fd9ddde31a371dd8f8a24e0,7c9815fb0ed84711a5ce08b0a3dc23abac0d663616ff1767ca1305dce42e4b65,0
texts_analysis_en,876,876__A11954.15.txt,A11954,21e80c79add3446d37dba3784cf3b360d0607e8a,6ff533bdde64ec4b4d28677584b23f0bbfb281653166fe80a3789b329a8652f9,2633,2581,50,1,0,1,0,20497,3842,3811,0,31,30,4,0,99.96,99.96,111013,109088,3153caa5bdff35ec9f0a5517962256535a2d478c0b84e5820fcf2335d716f838,f56c96c0dbfed1cb1afb77df458b184f1720ee03c448e551851efea83955ff31,0
texts_no_prologue_epilogue,876,876__A11954.15.txt,A11954,21e80c79add3446d37dba3784cf3b360d0607e8a,6ff533bdde64ec4b4d28677584b23f0bbfb281653166fe80a3789b329a8652f9,2633,2581,50,1,0,1,0,20497,3842,3811,0,31,30,4,0,99.96,99.96,111013,109088,3153caa5bdff35ec9f0a5517962256535a2d478c0b84e5820fcf2335d716f838,f56c96c0dbfed1cb1afb77df458b184f1720ee03c448e551851efea83955ff31,0
texts_analysis_en,878,878__A11954.20.txt,A11954,21e80c79add3446d37dba3784cf3b360d0607e8a,6ff533bdde64ec4b4d28677584b23f0bbfb281653166fe80a3789b329a8652f9,2697,2676,21,0,0,0,0,20635,3799,3770,0,29,7,1,0,100.0,100.0,114292,112498,b06b7a18665d6c8476abe8ce840e4baf943cd255d3957b5495f7e43bdbe00ece,e5c4eafa15ee83f1777d21da74e719b88b27ae7b6857e2f03cb2709ca48f8cdb,0
texts_no_prologue_epilogue,878,878__A11954.20.txt,A11954,21e80c79add3446d37dba3784cf3b360d0607e8a,6ff533bdde64ec4b4d28677584b23f0bbfb281653166fe80a3789b329a8652f9,2697,2676,21,0,0,0,0,20635,3799,3770,0,29,7,1,0,100.0,100.0,114292,112498,b06b7a18665d6c8476abe8ce840e4baf943cd255d3957b5495f7e43bdbe00ece,e5c4eafa15ee83f1777d21da74e719b88b27ae7b6857e2f03cb2709ca48f8cdb,0
texts_analysis_en,880,880__A11954.24.txt,A11954,21e80c79add3446d37dba3784cf3b360d0607e8a,6ff533bdde64ec4b4d28677584b23f0bbfb281653166fe80a3789b329a8652f9,3219,3187,27,1,0,4,0,23806,4163,4158,0,5,24,2,0,99.88,99.89,126895,125069,d884c4b770baf8273fc8d4eff8eb4b2211da523cb81880565f431582d1c578ef,fcf4db7eb2a85c85a5cad6a6220819c629d49e205d9dc7f4398c9a4574069467,0
texts_no_prologue_epilogue,880,880__A11954.24.txt,A11954,21e80c79add3446d37dba3784cf3b360d0607e8a,6ff533bdde64ec4b4d28677584b23f0bbfb281653166fe80a3789b329a8652f9,3173,3143,25,1,0,4,0,23406,4096,4091,0,5,22,2,0,99.87,99.89,124876,123076,e244a2ded670486f2ca0200962f0c319b85c1e0358f8e48b363d7e81ac2332cb,3547124ca537afd3bce19082587937891c2d5d72b86a4efebe096e1361899620,0
texts_analysis_en,882,882__A11954.26.txt,A11954,21e80c79add3446d37dba3784cf3b360d0607e8a,6ff533bdde64ec4b4d28677584b23f0bbfb281653166fe80a3789b329a8652f9,3202,3174,28,0,0,0,0,26989,4821,4810,0,11,13,0,0,100.0,100.0,143651,141466,4c4ef71381521376658209d5a5444669b3d501ed04e050433a0b78eb06491d1c,10bc7850ae7f957fd22ce1386090cbcbb8718ddfcc7c9f1a70248e8223e8fb88,0
texts_no_prologue_epilogue,882,882__A11954.26.txt,A11954,21e80c79add3446d37dba3784cf3b360d0607e8a,6ff533bdde64ec4b4d28677584b23f0bbfb281653166fe80a3789b329a8652f9,3202,3174,28,0,0,0,0,26989,4821,4810,0,11,13,0,0,100.0,100.0,143651,141466,4c4ef71381521376658209d5a5444669b3d501ed04e050433a0b78eb06491d1c,10bc7850ae7f957fd22ce1386090cbcbb8718ddfcc7c9f1a70248e8223e8fb88,0
texts_analysis_en,884,884__A11954.29.txt,A11954,21e80c79add3446d37dba3784cf3b360d0607e8a,6ff533bdde64ec4b4d28677584b23f0bbfb281653166fe80a3789b329a8652f9,2223,2207,15,0,0,1,0,17886,3270,3268,0,2,8,0,0,99.96,99.98,96064,94552,f641de18f0a225e61f26e6a87a2afaa0ab806ea5a827d88dac69788b59239719,eddcaae52beb1f0c6941d0940d35effd04b2c58e8ea964a6c661b641c30b8141,0
texts_no_prologue_epilogue,884,884__A11954.29.txt,A11954,21e80c79add3446d37dba3784cf3b360d0607e8a,6ff533bdde64ec4b4d28677584b23f0bbfb281653166fe80a3789b329a8652f9,2223,2207,15,0,0,1,0,17886,3270,3268,0,2,8,0,0,99.96,99.98,96064,94552,f641de18f0a225e61f26e6a87a2afaa0ab806ea5a827d88dac69788b59239719,eddcaae52beb1f0c6941d0940d35effd04b2c58e8ea964a6c661b641c30b8141,0
texts_analysis_en,886,886__A11954.30.txt,A11954,21e80c79add3446d37dba3784cf3b360d0607e8a,6ff533bdde64ec4b4d28677584b23f0bbfb281653166fe80a3789b329a8652f9,2510,2490,17,0,0,3,0,19176,3226,3211,0,15,10,1,0,99.88,99.52,102459,100863,a9cb87f7dc27b4f2f9bc9986e25f81ae0620e4893a294c386567a396afbbf06b,435c0ef1f5a4d99d5431afeaa4942940b3c66164fc741883c9a114587e3c5384,0
texts_no_prologue_epilogue,886,886__A11954.30.txt,A11954,21e80c79add3446d37dba3784cf3b360d0607e8a,6ff533bdde64ec4b4d28677584b23f0bbfb281653166fe80a3789b329a8652f9,2510,2490,17,0,0,3,0,19176,3226,3211,0,15,10,1,0,99.88,99.52,102459,100863,a9cb87f7dc27b4f2f9bc9986e25f81ae0620e4893a294c386567a396afbbf06b,435c0ef1f5a4d99d5431afeaa4942940b3c66164fc741883c9a114587e3c5384,0
texts_analysis_en,888,888__A11954.31.txt,A11954,21e80c79add3446d37dba3784cf3b360d0607e8a,6ff533bdde64ec4b4d28677584b23f0bbfb281653166fe80a3789b329a8652f9,2309,2297,12,0,0,0,0,16690,3097,3081,0,16,6,0,0,100.0,100.0,90478,88911,03bd2e8b4c8a86f744f39d57b9311c73a31b16485692a5e19791867b5da61ddd,4f504ed4d5acdfb1fc7c6b6887dae2b32620b446c7c1b360169d657fb4c64e77,0
texts_no_prologue_epilogue,888,888__A11954.31.txt,A11954,21e80c79add3446d37dba3784cf3b360d0607e8a,6ff533bdde64ec4b4d28677584b23f0bbfb281653166fe80a3789b329a8652f9,2309,2297,12,0,0,0,0,16690,3097,3081,0,16,6,0,0,100.0,100.0,90478,88911,03bd2e8b4c8a86f744f39d57b9311c73a31b16485692a5e19791867b5da61ddd,4f504ed4d5acdfb1fc7c6b6887dae2b32620b446c7c1b360169d657fb4c64e77,0
texts_analysis_en,890,890__A11954.35.txt,A11954,21e80c79add3446d37dba3784cf3b360d0607e8a,6ff533bdde64ec4b4d28677584b23f0bbfb281653166fe80a3789b329a8652f9,3290,3245,43,0,0,2,0,24124,4211,4192,0,19,38,1,0,99.94,99.94,129027,127069,33eb873f9ed135a563890f26f7ea11e0c9a80af3c5dd138ac32a6cadd1671a38,2fa39cfb54aa2bc412a4f9a68284b84a7604e8cbbea56c129aa9c167f30ff72c,0
texts_no_prologue_epilogue,890,890__A11954.35.txt,A11954,21e80c79add3446d37dba3784cf3b360d0607e8a,6ff533bdde64ec4b4d28677584b23f0bbfb281653166fe80a3789b329a8652f9,3290,3245,43,0,0,2,0,24124,4211,4192,0,19,38,1,0,99.94,99.94,129027,127069,33eb873f9ed135a563890f26f7ea11e0c9a80af3c5dd138ac32a6cadd1671a38,2fa39cfb54aa2bc412a4f9a68284b84a7604e8cbbea56c129aa9c167f30ff72c,0
texts_analysis_en,892,892__A11954.36.txt,A11954,21e80c79add3446d37dba3784cf3b360d0607e8a,6ff533bdde64ec4b4d28677584b23f0bbfb281653166fe80a3789b329a8652f9,3358,3323,31,0,0,4,0,27087,4813,4783,0,30,29,2,0,99.88,99.56,144909,142653,1da931d04c196a04342e0abafc33c1f5036be7895a08ab3d2a82dcb1c5c8656e,fc26758ecd2a964a66730ffdc5c75c5fbccfdc14c175e8318dd288e321240065,0
texts_no_prologue_epilogue,892,892__A11954.36.txt,A11954,21e80c79add3446d37dba3784cf3b360d0607e8a,6ff533bdde64ec4b4d28677584b23f0bbfb281653166fe80a3789b329a8652f9,3358,3323,31,0,0,4,0,27087,4813,4783,0,30,29,2,0,99.88,99.56,144909,142653,1da931d04c196a04342e0abafc33c1f5036be7895a08ab3d2a82dcb1c5c8656e,fc26758ecd2a964a66730ffdc5c75c5fbccfdc14c175e8318dd288e321240065,0
texts_analysis_en,449,449__A11959.txt,A11959,21e80c79add3446d37dba3784cf3b360d0607e8a,dca4945825cd07893492d1126f82974001e0dffd7dc4057e03eeec1f15238fef,2103,2089,13,0,0,1,0,16301,3100,3094,0,6,9,0,0,99.95,99.98,85262,83707,051a5ddf753f9f07cf5e3fc351a0a8942689dcff380d62dedb57d20ccd8198ac,d375312b91265937ea7524ae33fb3ed8fdd93a7424d00f5f326aed45c8a8a35e,0
texts_no_prologue_epilogue,449,449__A11959.txt,A11959,21e80c79add3446d37dba3784cf3b360d0607e8a,dca4945825cd07893492d1126f82974001e0dffd7dc4057e03eeec1f15238fef,2103,2089,13,0,0,1,0,16301,3100,3094,0,6,9,0,0,99.95,99.98,85262,83707,051a5ddf753f9f07cf5e3fc351a0a8942689dcff380d62dedb57d20ccd8198ac,d375312b91265937ea7524ae33fb3ed8fdd93a7424d00f5f326aed45c8a8a35e,0
texts_analysis_en,300,300__A11966.txt,A11966,21e80c79add3446d37dba3784cf3b360d0607e8a,c15ce7906777efecd5145d834bfb522645d8c59ec94cf0de6100fa2ee69221f9,2145,2025,115,1,0,3,1,24274,4541,4465,5,71,133,4,0,99.81,99.87,126410,125088,ae2f41c09ea285706a191abdbb02c950218dfe17290b3cac5e31253b64138e22,aff1e41839b262669cafc3ab29b511bd92b1384dd4707937d07ce1c0e2902353,0
texts_no_prologue_epilogue,300,300__A11966.txt,A11966,21e80c79add3446d37dba3784cf3b360d0607e8a,c15ce7906777efecd5145d834bfb522645d8c59ec94cf0de6100fa2ee69221f9,2145,2025,115,1,0,3,1,24274,4541,4465,5,71,133,4,0,99.81,99.87,126410,125088,ae2f41c09ea285706a191abdbb02c950218dfe17290b3cac5e31253b64138e22,aff1e41839b262669cafc3ab29b511bd92b1384dd4707937d07ce1c0e2902353,0
texts_analysis_en,378,378__A11974.txt,A11974,21e80c79add3446d37dba3784cf3b360d0607e8a,e471d7015ae67efab5b8c5ca6cc80fd30555576cd7f2dfd10e6184860cc4043d,1874,1804,69,0,0,1,0,23734,4385,4279,0,106,110,8,0,99.95,99.96,124892,123586,5755bba574a4a50169b9d16ad27efa26b8f981a18f59fa52020251e5de64b50d,1fd073cb16392350ebd0b0a7986043f164cafb17b44ba851f54c2fbf73cbe11b,0
texts_no_prologue_epilogue,378,378__A11974.txt,A11974,21e80c79add3446d37dba3784cf3b360d0607e8a,e471d7015ae67efab5b8c5ca6cc80fd30555576cd7f2dfd10e6184860cc4043d,1871,1801,69,0,0,1,0,23404,4334,4229,0,105,110,8,0,99.95,99.96,123201,121924,925351be1f2a164bdaa99773d843e7ec17bca848f8759015c8da9e21eaf67556,566cfd87058e9e13a9907f0dfc0f585d2b4dbc22d5cc79ca349ba59002f9f04e,0
texts_analysis_en,371,371__A11975.txt,A11975,21e80c79add3446d37dba3784cf3b360d0607e8a,409891d8f3e88f62810ee2bbf2c5fc2136324ffcb535cb5b027293973196bd7e,1623,1594,29,0,0,0,0,12356,2160,2133,1,26,6,1,0,100.0,100.0,64638,63940,d7a37fae5af8c7ef3bcc2be3e5283536a8665d8dc5ebe94b0fff88f02c6f5027,8833293da0be165e2b8033936745b1218ee4cbc12b039b4673a018fd0a6aad8c,0
texts_no_prologue_epilogue,371,371__A11975.txt,A11975,21e80c79add3446d37dba3784cf3b360d0607e8a,409891d8f3e88f62810ee2bbf2c5fc2136324ffcb535cb5b027293973196bd7e,1623,1594,29,0,0,0,0,12356,2160,2133,1,26,6,1,0,100.0,100.0,64638,63940,d7a37fae5af8c7ef3bcc2be3e5283536a8665d8dc5ebe94b0fff88f02c6f5027,8833293da0be165e2b8033936745b1218ee4cbc12b039b4673a018fd0a6aad8c,0
texts_analysis_en,623,623__A11978.txt,A11978,21e80c79add3446d37dba3784cf3b360d0607e8a,e26449930f723745c35fa47412650119bbbb570821c351912625c736c92c663e,2345,2289,55,0,0,0,1,24732,4866,4858,3,5,3,0,0,99.96,99.97,130625,128921,21f7993139ad01b73e9e53510c8a21280efe46ec3594c279766953c58c81ca7c,117fe53107e4bf6d9c98dc982b542bc00b61cdf9e2baa8cd4d5f37480f25d86a,0
texts_no_prologue_epilogue,623,623__A11978.txt,A11978,21e80c79add3446d37dba3784cf3b360d0607e8a,e26449930f723745c35fa47412650119bbbb570821c351912625c736c92c663e,2345,2289,55,0,0,0,1,24732,4866,4858,3,5,3,0,0,99.96,99.97,130625,128921,21f7993139ad01b73e9e53510c8a21280efe46ec3594c279766953c58c81ca7c,117fe53107e4bf6d9c98dc982b542bc00b61cdf9e2baa8cd4d5f37480f25d86a,0
texts_analysis_en,392,392__A11981.txt,A11981,21e80c79add3446d37dba3784cf3b360d0607e8a,d183b3e570c700c1df42bcf2aa1e9fe2d282d19046098d565082bf5135bb3912,2277,2259,16,0,0,2,0,21050,3619,3606,0,13,1,0,0,99.91,99.87,109819,108286,248d8f98bfe207f41ff749c26cece157052a4302e04fe552c662e191830d9266,cff5058529c6723a392a711c9bcefea5a7388d4aea072e2412289377e05743dc,0
texts_no_prologue_epilogue,392,392__A11981.txt,A11981,21e80c79add3446d37dba3784cf3b360d0607e8a,d183b3e570c700c1df42bcf2aa1e9fe2d282d19046098d565082bf5135bb3912,2277,2259,16,0,0,2,0,21050,3619,3606,0,13,1,0,0,99.91,99.87,109819,108286,248d8f98bfe207f41ff749c26cece157052a4302e04fe552c662e191830d9266,cff5058529c6723a392a711c9bcefea5a7388d4aea072e2412289377e05743dc,0
texts_analysis_en,425,425__A11983.txt,A11983,21e80c79add3446d37dba3784cf3b360d0607e8a,9b8649459220d15093a6a6d3246997c2c550d9bf0ba5f81d19c1d3fea21e9cbd,1290,1259,30,0,0,0,1,11445,2029,1954,1,74,1,0,0,99.92,99.93,56938,56565,fb275e8b5bf992bc2030909f1b1991eb7bf5f1119374b62ed92bd21972e65a58,e1c25bb1c51eff83f2751b1cce46cb03a6d28dd4dd2aa27490657238317b4da0,0
texts_no_prologue_epilogue,425,425__A11983.txt,A11983,21e80c79add3446d37dba3784cf3b360d0607e8a,9b8649459220d15093a6a6d3246997c2c550d9bf0ba5f81d19c1d3fea21e9cbd,1290,1259,30,0,0,0,1,11445,2029,1954,1,74,1,0,0,99.92,99.93,56938,56565,fb275e8b5bf992bc2030909f1b1991eb7bf5f1119374b62ed92bd21972e65a58,e1c25bb1c51eff83f2751b1cce46cb03a6d28dd4dd2aa27490657238317b4da0,0
texts_analysis_en,428,428__A11988.txt,A11988,21e80c79add3446d37dba3784cf3b360d0607e8a,89beba99b2a6113785e9c66710e232f7604e1de0cfc8b9ea04e72742ba3edcef,1324,1293,29,0,0,2,0,21147,3677,3654,0,23,18,3,0,99.85,99.62,111395,109804,1ba29c915969e603100e63e65293b92f7c696fe397064369c829500d594e5d2c,407ef90a46a61649b09e32762daf0e7a2e5218563a88b3970e82b2149ee10f4b,0
texts_no_prologue_epilogue,428,428__A11988.txt,A11988,21e80c79add3446d37dba3784cf3b360d0607e8a,89beba99b2a6113785e9c66710e232f7604e1de0cfc8b9ea04e72742ba3edcef,1324,1293,29,0,0,2,0,21147,3677,3654,0,23,18,3,0,99.85,99.62,111395,109804,1ba29c915969e603100e63e65293b92f7c696fe397064369c829500d594e5d2c,407ef90a46a61649b09e32762daf0e7a2e5218563a88b3970e82b2149ee10f4b,0
texts_analysis_en,385,385__A11989.txt,A11989,21e80c79add3446d37dba3784cf3b360d0607e8a,7ee18f98ca60f14274ceed3264aa19e434ac539a1b65ad950558be53afb9fbfb,1862,1849,12,0,0,1,0,16229,3447,3441,0,6,2,0,0,99.95,99.94,87696,85740,c497cb39ced63107691ea6b5ebe29c5ce6f87bc50fee57b842b874c7b5a44811,c31164ca4c3141ab0b086929de3df7e4f098cc306e25a742992220606605cac8,0
texts_no_prologue_epilogue,385,385__A11989.txt,A11989,21e80c79add3446d37dba3784cf3b360d0607e8a,7ee18f98ca60f14274ceed3264aa19e434ac539a1b65ad950558be53afb9fbfb,1862,1849,12,0,0,1,0,16229,3447,3441,0,6,2,0,0,99.95,99.94,87696,85740,c497cb39ced63107691ea6b5ebe29c5ce6f87bc50fee57b842b874c7b5a44811,c31164ca4c3141ab0b086929de3df7e4f098cc306e25a742992220606605cac8,0
texts_analysis_en,381,381__A11991.txt,A11991,21e80c79add3446d37dba3784cf3b360d0607e8a,f7f9febde58f70279b0ab565eb61600f3b764bb2e15100a50fdf5830b75619ce,1507,1474,28,2,0,2,1,20973,3829,3805,0,24,26,12,0,99.8,99.89,108008,106668,25926dafda9c8ccd13fc1c88ed123117995e153e91f615a4d5db25fb04a7a84d,47728608bf3bb2b20c24e41aba897fc1c4e976e7bbe7ff98dfc85f90c0bdba15,0
texts_no_prologue_epilogue,381,381__A11991.txt,A11991,21e80c79add3446d37dba3784cf3b360d0607e8a,f7f9febde58f70279b0ab565eb61600f3b764bb2e15100a50fdf5830b75619ce,1507,1474,28,2,0,2,1,20973,3829,3805,0,24,26,12,0,99.8,99.89,108008,106668,25926dafda9c8ccd13fc1c88ed123117995e153e91f615a4d5db25fb04a7a84d,47728608bf3bb2b20c24e41aba897fc1c4e976e7bbe7ff98dfc85f90c0bdba15,0
texts_analysis_en,838,838__A11992.txt,A11992,21e80c79add3446d37dba3784cf3b360d0607e8a,5b442f691072dbca8f5b255442b514f222576c93b4e5962a1d726602436c0d94,2997,2558,412,7,0,15,5,24800,4469,4415,0,54,477,28,0,99.33,99.59,129505,128328,1964092962afd745a81a1c89872ae3821038f9b0414e3a5db4c30ea1001bdb6c,0616de8669fd6aa3415e674a7bc91431ed90a0e9b884a91906e6787450cb029c,0
texts_no_prologue_epilogue,838,838__A11992.txt,A11992,21e80c79add3446d37dba3784cf3b360d0607e8a,5b442f691072dbca8f5b255442b514f222576c93b4e5962a1d726602436c0d94,2997,2558,412,7,0,15,5,24800,4469,4415,0,54,477,28,0,99.33,99.59,129505,128328,1964092962afd745a81a1c89872ae3821038f9b0414e3a5db4c30ea1001bdb6c,0616de8669fd6aa3415e674a7bc91431ed90a0e9b884a91906e6787450cb029c,0
texts_analysis_en,273,273__A11994.txt,A11994,21e80c79add3446d37dba3784cf3b360d0607e8a,34af0c5004b56b9d8b3d66eeef08b1007dae42a410abd6f6bca161319abd67ea,2605,2250,338,9,0,7,1,20577,4166,4140,4,22,321,41,0,99.69,99.71,111042,109946,1fdf5dfeb20a57b971d908d2e9c13981c234011031386d3c29e9622bb10a79bf,f9329460d609e63adfffaf1b77606fa5f32ad6f7d0846aa87a748c548407ed6c,0
texts_no_prologue_epilogue,273,273__A11994.txt,A11994,21e80c79add3446d37dba3784cf3b360d0607e8a,34af0c5004b56b9d8b3d66eeef08b1007dae42a410abd6f6bca161319abd67ea,2605,2250,338,9,0,7,1,20577,4166,4140,4,22,321,41,0,99.69,99.71,111042,109946,1fdf5dfeb20a57b971d908d2e9c13981c234011031386d3c29e9622bb10a79bf,f9329460d609e63adfffaf1b77606fa5f32ad6f7d0846aa87a748c548407ed6c,0
texts_analysis_en,281,281__A12001.txt,A12001,58ce2f7d561288a8392742041c801f2c5e11d0c2,96128790dc30e55e34aaf5f44c5d8924b4d35b0d22e63010420478f0ed449132,3422,3181,238,0,0,3,0,26869,5370,5345,13,12,302,16,0,99.91,99.91,143595,141724,518bcfa675365d936d334ea1b5eacc88156a22644eba4732fded2995b8613244,692c4bae0ed6e293a3e59bfd96c293b66f24db2e0a1d7be3d7ba65830a9f4210,0
texts_no_prologue_epilogue,281,281__A12001.txt,A12001,58ce2f7d561288a8392742041c801f2c5e11d0c2,96128790dc30e55e34aaf5f44c5d8924b4d35b0d22e63010420478f0ed449132,3422,3181,238,0,0,3,0,26869,5370,5345,13,12,302,16,0,99.91,99.91,143595,141724,518bcfa675365d936d334ea1b5eacc88156a22644eba4732fded2995b8613244,692c4bae0ed6e293a3e59bfd96c293b66f24db2e0a1d7be3d7ba65830a9f4210,0
texts_analysis_en,291,291__A12010.txt,A12010,58ce2f7d561288a8392742041c801f2c5e11d0c2,2f268ae634033deb2fcebeda01f0100b0313cff4950be9395386d9e41338954a,1970,1625,325,11,0,9,0,17509,3683,3628,2,53,366,27,0,99.54,99.64,90847,90099,10bc5a1bcf6e705863d6f31fbd683a66eeb91cbf2679daef481a08bb08f9b643,48e054753fecc2677c8e8c0d25e3a05210638c9b90a49174339804021ec71788,0
texts_no_prologue_epilogue,291,291__A12010.txt,A12010,58ce2f7d561288a8392742041c801f2c5e11d0c2,2f268ae634033deb2fcebeda01f0100b0313cff4950be9395386d9e41338954a,1958,1613,325,11,0,9,0,17421,3655,3600,2,53,366,27,0,99.54,99.64,90308,89578,5661649e2c2601a7da3dfb5be37a98f072b458b376b983faf172e222a11b3864,e8a80fada953aa9ee1034ca11f53830e1a224ae8625e38b557844d8f23dcfa66,0
texts_analysis_en,230,230__A12016.txt,A12016,58ce2f7d561288a8392742041c801f2c5e11d0c2,0b94eb938b8e67cd4f9d056e69260db3909fdeb156b001d3162126084cb4cdd8,2335,2296,38,0,0,1,0,20685,3667,3652,0,15,27,0,0,99.96,99.93,107719,106047,107531f479f940db7b9d00f3fd5f8e5dda1f5c6209df74e95b019e1be36d1020,2879c36e9cbad31e6d1f94654a0f7de369e7a42d682665ae6b2b40d65852d8c1,0
texts_no_prologue_epilogue,230,230__A12016.txt,A12016,58ce2f7d561288a8392742041c801f2c5e11d0c2,0b94eb938b8e67cd4f9d056e69260db3909fdeb156b001d3162126084cb4cdd8,2335,2296,38,0,0,1,0,20685,3667,3652,0,15,27,0,0,99.96,99.93,107719,106047,107531f479f940db7b9d00f3fd5f8e5dda1f5c6209df74e95b019e1be36d1020,2879c36e9cbad31e6d1f94654a0f7de369e7a42d682665ae6b2b40d65852d8c1,0
texts_analysis_en,211,211__A12017.txt,A12017,58ce2f7d561288a8392742041c801f2c5e11d0c2,7e7cfaa00bfa875c01e77d557192ea66fe6a339563cb8eb11ac9d43e655da69b,2431,2277,150,0,0,4,0,19291,4173,4151,5,17,194,0,0,99.84,99.83,103961,101962,bae804377ae1d90e6b0fac3f8cc06fe44f73610309cc4088a5ca4d56272d527f,68a146dbf489ff55da292c7c5a775e3e96930e245f82092ebd5ab71cf53e5628,0
texts_no_prologue_epilogue,211,211__A12017.txt,A12017,58ce2f7d561288a8392742041c801f2c5e11d0c2,7e7cfaa00bfa875c01e77d557192ea66fe6a339563cb8eb11ac9d43e655da69b,2431,2277,150,0,0,4,0,19291,4173,4151,5,17,194,0,0,99.84,99.83,103961,101962,bae804377ae1d90e6b0fac3f8cc06fe44f73610309cc4088a5ca4d56272d527f,68a146dbf489ff55da292c7c5a775e3e96930e245f82092ebd5ab71cf53e5628,0
texts_analysis_en,657,657__A12021.txt,A12021,58ce2f7d561288a8392742041c801f2c5e11d0c2,26958d6a543cb06e68b018dbbde74f964146cd52bf632f48944f8dd473d50554,2848,2089,717,11,0,19,12,25136,4961,4918,0,43,811,53,0,98.91,99.18,133623,133053,70246058f7599384e91dafe3c10f7e9f8e6b036a1f7c5e021e5ba699233bf0d5,a2c3a66e290953a4b24a8438dd15574139c507ea18689f14d9d69c465bd50e27,0
texts_no_prologue_epilogue,657,657__A12021.txt,A12021,58ce2f7d561288a8392742041c801f2c5e11d0c2,26958d6a543cb06e68b018dbbde74f964146cd52bf632f48944f8dd473d50554,2848,2089,717,11,0,19,12,25136,4961,4918,0,43,811,53,0,98.91,99.18,133623,133053,70246058f7599384e91dafe3c10f7e9f8e6b036a1f7c5e021e5ba699233bf0d5,a2c3a66e290953a4b24a8438dd15574139c507ea18689f14d9d69c465bd50e27,0
texts_analysis_en,521,521__A12023.txt,A12023,58ce2f7d561288a8392742041c801f2c5e11d0c2,4c7cc268dce6980d475a3e5ae46f4efd76c192a458ad8ae456d3a2ca17a43848,1589,1306,237,34,0,9,3,15983,3249,3238,2,9,139,179,0,99.24,99.26,80655,80669,1014526b65e3d0f1a94db325eaf97570e6a33c099806e615ee93508ee079e987,06e927b16b5d3990ae072876b27c1fa5bc7f91924061231f890211d8e04f947e,0
texts_no_prologue_epilogue,521,521__A12023.txt,A12023,58ce2f7d561288a8392742041c801f2c5e11d0c2,4c7cc268dce6980d475a3e5ae46f4efd76c192a458ad8ae456d3a2ca17a43848,1589,1306,237,34,0,9,3,15983,3249,3238,2,9,139,179,0,99.24,99.26,80655,80669,1014526b65e3d0f1a94db325eaf97570e6a33c099806e615ee93508ee079e987,06e927b16b5d3990ae072876b27c1fa5bc7f91924061231f890211d8e04f947e,0
texts_analysis_en,666,666__A12024.txt,A12024,58ce2f7d561288a8392742041c801f2c5e11d0c2,4e904ba614104c0b6e3bede30aeb9d81174b4ee5dd25dac1e58861cbebb5aa8c,1806,1495,292,11,0,5,3,17922,3742,3708,1,33,367,45,0,99.56,99.68,94954,93932,405b022d0944c2c857e7c4ccd9063354eb7d2ffaf3cdb2352e47df4a8086c8e6,047a80d32e1eacff22866f83a3527e9d3aec380b6cea432e54a39d2343f606e4,0
texts_no_prologue_epilogue,666,666__A12024.txt,A12024,58ce2f7d561288a8392742041c801f2c5e11d0c2,4e904ba614104c0b6e3bede30aeb9d81174b4ee5dd25dac1e58861cbebb5aa8c,1788,1478,291,11,0,5,3,17787,3713,3679,1,33,366,45,0,99.55,99.68,94178,93168,9512899c3328a9305044204a6172c92c6745a53cbf6bcb43d3ee13fe00d2d972,9f1965e2cb3b55f172a94978766e9a0f3130eef107bda288b335a2518becc9aa,0
texts_analysis_en,640,640__A12030.txt,A12030,58ce2f7d561288a8392742041c801f2c5e11d0c2,c2dd0567f44172d9fad20281239b0c0fc219c783a457cb6bd32b24554e74cc45,580,545,32,0,0,2,1,5754,1271,1270,0,1,7,4,0,99.48,99.62,30000,29821,eba6d83972e40f4f70982492c99036888bcc0cb9ead890acdd7e642e5b378016,82c9a05e88e81206df2521b343290da1d1d35cff70402175e28cf7af093a9396,0
texts_no_prologue_epilogue,640,640__A12030.txt,A12030,58ce2f7d561288a8392742041c801f2c5e11d0c2,c2dd0567f44172d9fad20281239b0c0fc219c783a457cb6bd32b24554e74cc45,580,545,32,0,0,2,1,5754,1271,1270,0,1,7,4,0,99.48,99.62,30000,29821,eba6d83972e40f4f70982492c99036888bcc0cb9ead890acdd7e642e5b378016,82c9a05e88e81206df2521b343290da1d1d35cff70402175e28cf7af093a9396,0
texts_analysis_en,581,581__A12074.txt,A12074,58ce2f7d561288a8392742041c801f2c5e11d0c2,090f883e57091f52d41b6b32411de1676a0439cca03f2be13a11b2daee5380d0,1112,939,165,3,0,3,2,22911,5029,5004,0,25,191,23,1,99.55,99.48,118562,116472,ba414967268a67c0d7c03539e3bf3a504832b9b1c46c0997d804df54564c32cf,311b94f5e2a82f4a9060d4bd6f0b9916c539d386df14fdc1263e8586c187bc03,0
texts_no_prologue_epilogue,581,581__A12074.txt,A12074,58ce2f7d561288a8392742041c801f2c5e11d0c2,090f883e57091f52d41b6b32411de1676a0439cca03f2be13a11b2daee5380d0,1086,913,165,3,0,3,2,22700,4975,4951,0,24,191,23,1,99.54,99.48,117399,115339,0652433d59f580dfa99c29bb232a53c50ac2d8d89b6936f9614fc190aa7716f6,5514ea4c4ab526c1ff0d8d5e0b493c642f68075fe91b1177ddaedeba3d52af8e,0
texts_analysis_en,596,596__A12078.txt,A12078,58ce2f7d561288a8392742041c801f2c5e11d0c2,09f5b49b464370e36395b8bebf3755786fabbc5cc03053f7f105de9936a42bac,952,915,34,0,0,3,0,15933,3501,3484,0,17,2,0,0,99.68,98.45,83410,81903,ec753d57f8998fe5c3106d307969b832257a0faa2e722673b0b1c4f9a25337ff,ab632bf0e532c449ce0a741158bf48775a430ae07aeb561f02672f40bc02e674,0
texts_no_prologue_epilogue,596,596__A12078.txt,A12078,58ce2f7d561288a8392742041c801f2c5e11d0c2,09f5b49b464370e36395b8bebf3755786fabbc5cc03053f7f105de9936a42bac,952,915,34,0,0,3,0,15933,3501,3484,0,17,2,0,0,99.68,98.45,83410,81903,ec753d57f8998fe5c3106d307969b832257a0faa2e722673b0b1c4f9a25337ff,ab632bf0e532c449ce0a741158bf48775a430ae07aeb561f02672f40bc02e674,0
texts_analysis_en,1002,1002__A12128.txt,A12128,58ce2f7d561288a8392742041c801f2c5e11d0c2,72feccf22f34d81831209a66446c61ae5c57d0bf883ed3e9ee46db18eb716a38,1847,1759,85,1,0,1,1,18854,2929,2920,2,7,71,12,1,99.89,99.96,98288,97211,93d5440043923ed297ed4d634e9aeef6edadfe575cb01a904f4aaebe71f6e972,05c952c4a6b0202b4937c20791eee0844b600399a61be63c62f42bb3940167f8,0
texts_no_prologue_epilogue,1002,1002__A12128.txt,A12128,58ce2f7d561288a8392742041c801f2c5e11d0c2,72feccf22f34d81831209a66446c61ae5c57d0bf883ed3e9ee46db18eb716a38,1847,1759,85,1,0,1,1,18854,2929,2920,2,7,71,12,1,99.89,99.96,98288,97211,93d5440043923ed297ed4d634e9aeef6edadfe575cb01a904f4aaebe71f6e972,05c952c4a6b0202b4937c20791eee0844b600399a61be63c62f42bb3940167f8,0
texts_analysis_en,980,980__A12129.txt,A12129,58ce2f7d561288a8392742041c801f2c5e11d0c2,f4662fdd285b0b7e280e3bbcd2ccefd7ad556cc38228e50ec90c71f781efe36d,2565,2549,15,1,0,0,0,19646,2513,2506,0,7,6,2,0,100.0,100.0,101429,100080,b3bdb79e273522171a59ab8e3aecb466d2b78f5065e157634603a7b761720cd1,835557997e218ddb22e01fa42f84b5892f3d2dcd01c95662be70d209162baccb,0
texts_no_prologue_epilogue,980,980__A12129.txt,A12129,58ce2f7d561288a8392742041c801f2c5e11d0c2,f4662fdd285b0b7e280e3bbcd2ccefd7ad556cc38228e50ec90c71f781efe36d,2527,2511,15,1,0,0,0,19352,2466,2459,0,7,6,2,0,100.0,100.0,99824,98511,c7f6fb4e6b5d44afe8488ebb2bd87ee93d0f4524c47512d6aff90b5befe52994,07c8f944aaaddbdca77e62e606838ae163fa9041e68442363d2c9edfbf2ddab8,0
texts_analysis_en,1146,1146__A12130.txt,A12130,58ce2f7d561288a8392742041c801f2c5e11d0c2,9d138ce731759abe291a66b0a6308d1e24cbb9029d323c73fa3e0dee8e75e7a1,2281,2203,70,4,0,4,0,16071,1544,1537,0,7,63,13,0,99.82,99.85,83592,82934,296bd4f5bcdfe4cfa16abbc3fb05f693e9fa46c5b4729d91255ec1cd7fda1533,55ffc18f4707c5698c4dca0452c0a751b86888ae10be6e972096c4e2f5eb3493,0
texts_no_prologue_epilogue,1146,1146__A12130.txt,A12130,58ce2f7d561288a8392742041c801f2c5e11d0c2,9d138ce731759abe291a66b0a6308d1e24cbb9029d323c73fa3e0dee8e75e7a1,2281,2203,70,4,0,4,0,16071,1544,1537,0,7,63,13,0,99.82,99.85,83592,82934,296bd4f5bcdfe4cfa16abbc3fb05f693e9fa46c5b4729d91255ec1cd7fda1533,55ffc18f4707c5698c4dca0452c0a751b86888ae10be6e972096c4e2f5eb3493,0
texts_analysis_en,995,995__A12131.txt,A12131,58ce2f7d561288a8392742041c801f2c5e11d0c2,25e753967c0e9d4c61c869fb2dbbea78ff93c05ecce6884c081be1e087a835d9,628,574,46,6,0,0,2,5635,716,714,0,2,32,14,0,99.68,99.9,30095,29934,9e5ef99c38d0db1ef44fbb0ced0809efde8e91a91f6d79dc73b6c91ba0406c2e,56a096b651da2f311b58ebb1b45a8e1ec9b404cc7095a3e6e4fcd38e0a60dfae,0
texts_no_prologue_epilogue,995,995__A12131.txt,A12131,58ce2f7d561288a8392742041c801f2c5e11d0c2,25e753967c0e9d4c61c869fb2dbbea78ff93c05ecce6884c081be1e087a835d9,628,574,46,6,0,0,2,5635,716,714,0,2,32,14,0,99.68,99.9,30095,29934,9e5ef99c38d0db1ef44fbb0ced0809efde8e91a91f6d79dc73b6c91ba0406c2e,56a096b651da2f311b58ebb1b45a8e1ec9b404cc7095a3e6e4fcd38e0a60dfae,0
texts_analysis_en,1125,1125__A12133.txt,A12133,58ce2f7d561288a8392742041c801f2c5e11d0c2,9a163ed60d136b212b2472cbddfa319360f406ee1fb321ca7dd9d4e346613cb9,2513,2404,101,3,0,4,1,16539,2152,2152,0,0,90,14,0,99.8,99.79,88282,87353,344f2c15333bd95686ea4ecc2800751cef3c7feb555f07989d4cda9034710bd0,1d462634cfe38442b9d29e5e1d0c4982dc74bba7011bb9348de7f9dbbb7e6be7,0
texts_no_prologue_epilogue,1125,1125__A12133.txt,A12133,58ce2f7d561288a8392742041c801f2c5e11d0c2,9a163ed60d136b212b2472cbddfa319360f406ee1fb321ca7dd9d4e346613cb9,2455,2359,89,3,0,3,1,16088,2089,2089,0,0,80,12,0,99.84,99.84,85832,84917,c6e25fadf657006b903252659451af5f06dd22d3f101623e20a52f4261753eda,140e46c5bab92c2487937a334ad31db0eb7b0759aa90bdd59e9606b297af40da,0
texts_analysis_en,1054,1054__A12136.txt,A12136,58ce2f7d561288a8392742041c801f2c5e11d0c2,866920bf583034a8f933f5a7913e89c34dc21b0d105a2b4be1411978a4f80147,2487,2405,39,0,0,0,43,17676,2920,2918,1,1,24,1,0,98.27,97.62,95547,93861,e46e3750b556a246daf7b56eb0c5e2ed543321f3a4d63fdc68578e77c9a4b9af,5737810eb04369f90cc20d4194fa38f79bbf015a28a9e652bb54debd26c0a3f4,0
texts_no_prologue_epilogue,1054,1054__A12136.txt,A12136,58ce2f7d561288a8392742041c801f2c5e11d0c2,866920bf583034a8f933f5a7913e89c34dc21b0d105a2b4be1411978a4f80147,2435,2395,39,0,0,0,1,17592,2904,2902,1,1,23,1,0,99.96,99.54,93253,91577,e4297e381c2bebc88bf761c38d627e384f5a1283e39ef49e16e5a4e5ef56fd64,c8466954812fca80853d2c3ba00766e9896d7abde56c0a062fe5969b5679ff72,0
texts_analysis_en,1056,1056__A12137.txt,A12137,58ce2f7d561288a8392742041c801f2c5e11d0c2,a713fedcd086a6bdde413a07857099d631b8a974470ebb133b556daafab8ffb1,2701,2680,21,0,0,0,0,20006,3031,3025,0,6,7,3,0,100.0,100.0,103599,102107,1ba85d6f3e05e25ba4a2974d1abba56b2f4152138e5693e487729d45ebf14f51,63efb82474f0bbadd5834db16d17ae5f539593c8c86fbe2145d360ff63d98839,0
texts_no_prologue_epilogue,1056,1056__A12137.txt,A12137,58ce2f7d561288a8392742041c801f2c5e11d0c2,a713fedcd086a6bdde413a07857099d631b8a974470ebb133b556daafab8ffb1,2701,2680,21,0,0,0,0,20006,3031,3025,0,6,7,3,0,100.0,100.0,103599,102107,1ba85d6f3e05e25ba4a2974d1abba56b2f4152138e5693e487729d45ebf14f51,63efb82474f0bbadd5834db16d17ae5f539593c8c86fbe2145d360ff63d98839,0
texts_analysis_en,928,928__A12138.txt,A12138,58ce2f7d561288a8392742041c801f2c5e11d0c2,68a5f397776212e7c6c96989abeea424f87b566f710e92774f7959bbb4cc8f74,2350,2054,275,0,0,20,1,18953,3464,3464,0,0,347,43,0,99.11,98.98,100520,99483,1afd5131e5a4622a7709df990e9dc4fd85fdc1f76c3dc459128f66de4dd9a7a7,7a5c1d8057b32f18a82e779b72058c2171f5a768a4143e6f930130140a0e5088,0
texts_no_prologue_epilogue,928,928__A12138.txt,A12138,58ce2f7d561288a8392742041c801f2c5e11d0c2,68a5f397776212e7c6c96989abeea424f87b566f710e92774f7959bbb4cc8f74,2350,2054,275,0,0,20,1,18953,3464,3464,0,0,347,43,0,99.11,98.98,100520,99483,1afd5131e5a4622a7709df990e9dc4fd85fdc1f76c3dc459128f66de4dd9a7a7,7a5c1d8057b32f18a82e779b72058c2171f5a768a4143e6f930130140a0e5088,0
texts_analysis_en,1050,1050__A12140.txt,A12140,58ce2f7d561288a8392742041c801f2c5e11d0c2,5a797246ec14b94c9fe46c007a118cf0284cbecbe69f0afd004d8a0e35dda9b7,2374,2111,248,3,0,11,1,16276,2296,2283,1,12,290,4,0,99.49,99.41,83742,83115,581b01220a872acf49672cce81418433953b91e4cfdc8ec87d8577b385abb6e5,9620131cb169ce9abf56c01e245868f4647d43b7a7e2c6ba4c8a7c2454e2a290,0
texts_no_prologue_epilogue,1050,1050__A12140.txt,A12140,58ce2f7d561288a8392742041c801f2c5e11d0c2,5a797246ec14b94c9fe46c007a118cf0284cbecbe69f0afd004d8a0e35dda9b7,2374,2111,248,3,0,11,1,16276,2296,2283,1,12,290,4,0,99.49,99.41,83742,83115,581b01220a872acf49672cce81418433953b91e4cfdc8ec87d8577b385abb6e5,9620131cb169ce9abf56c01e245868f4647d43b7a7e2c6ba4c8a7c2454e2a290,0
texts_analysis_en,1130,1130__A12141.txt,A12141,58ce2f7d561288a8392742041c801f2c5e11d0c2,657cc212d3033b5c042c7b546e288fe6492dce1770475c84e3419e00aff411e2,2387,2323,57,0,0,7,0,16171,2463,2459,0,4,5,0,0,99.71,99.64,86570,85280,4b0b02c235f16ba7f68190592d38fc4109f0bbe302ef5e78150aabfd4bb25c00,51ac61bcf8f80ad57c66abd0701928da91899e2bef32000749834f9a7f4e10a3,0
texts_no_prologue_epilogue,1130,1130__A12141.txt,A12141,58ce2f7d561288a8392742041c801f2c5e11d0c2,657cc212d3033b5c042c7b546e288fe6492dce1770475c84e3419e00aff411e2,2387,2323,57,0,0,7,0,16171,2463,2459,0,4,5,0,0,99.71,99.64,86570,85280,4b0b02c235f16ba7f68190592d38fc4109f0bbe302ef5e78150aabfd4bb25c00,51ac61bcf8f80ad57c66abd0701928da91899e2bef32000749834f9a7f4e10a3,0
texts_analysis_en,1051,1051__A12142.txt,A12142,58ce2f7d561288a8392742041c801f2c5e11d0c2,fa7a4d3ba070f86ffa1f98a3aa9f98f36492013331eed8bb9c9d4af95a413b41,3020,2959,54,3,0,3,1,20579,2833,2829,0,4,31,9,0,99.87,99.87,108602,107368,2b0bb89dcb20a34fe15c754e44758b0a281d55c607a79edaf59b98d458b6d697,2ff9dbbe67ee14bd7fdc11e75990542a33d2121661ef3d8603981c2393e0451d,0
texts_no_prologue_epilogue,1051,1051__A12142.txt,A12142,58ce2f7d561288a8392742041c801f2c5e11d0c2,fa7a4d3ba070f86ffa1f98a3aa9f98f36492013331eed8bb9c9d4af95a413b41,3020,2959,54,3,0,3,1,20579,2833,2829,0,4,31,9,0,99.87,99.87,108602,107368,2b0bb89dcb20a34fe15c754e44758b0a281d55c607a79edaf59b98d458b6d697,2ff9dbbe67ee14bd7fdc11e75990542a33d2121661ef3d8603981c2393e0451d,0
texts_analysis_en,1126,1126__A12143.txt,A12143,58ce2f7d561288a8392742041c801f2c5e11d0c2,5cfea5bdbd4202da783980046f348665fd703e0b124c3335bb18a5fb32f86a99,1971,1941,29,0,0,1,0,16713,2196,2195,0,1,15,6,0,99.95,99.95,85585,84847,89a0037b9743e3f5c4ec80c93c2251dc4c6c66490f886cf0fd862dd3aa289da1,e2bdf193fd7c46d11fe356e24ca8ac7d8fc191f8ece203ba66079fd672396ec0,0
texts_no_prologue_epilogue,1126,1126__A12143.txt,A12143,58ce2f7d561288a8392742041c801f2c5e11d0c2,5cfea5bdbd4202da783980046f348665fd703e0b124c3335bb18a5fb32f86a99,1971,1941,29,0,0,1,0,16713,2196,2195,0,1,15,6,0,99.95,99.95,85585,84847,89a0037b9743e3f5c4ec80c93c2251dc4c6c66490f886cf0fd862dd3aa289da1,e2bdf193fd7c46d11fe356e24ca8ac7d8fc191f8ece203ba66079fd672396ec0,0
texts_analysis_en,1111,1111__A12145.txt,A12145,58ce2f7d561288a8392742041c801f2c5e11d0c2,c7cec6349ff7b095d37884d51dd42c95dc8d3166426287bb013323f53ed44d31,2125,1858,224,15,0,24,4,17505,2336,2331,0,5,217,34,0,98.68,98.88,91888,91265,3ee9ffb387565a2645ed67cb82ef1d73dc25ff86a02d6bbf39768302d1658bed,25a7c45b63a93fe0d76a880be209c2acb2a6de18637f0b8955aecb9ccd356c36,0
texts_no_prologue_epilogue,1111,1111__A12145.txt,A12145,58ce2f7d561288a8392742041c801f2c5e11d0c2,c7cec6349ff7b095d37884d51dd42c95dc8d3166426287bb013323f53ed44d31,2125,1858,224,15,0,24,4,17505,2336,2331,0,5,217,34,0,98.68,98.88,91888,91265,3ee9ffb387565a2645ed67cb82ef1d73dc25ff86a02d6bbf39768302d1658bed,25a7c45b63a93fe0d76a880be209c2acb2a6de18637f0b8955aecb9ccd356c36,0
texts_analysis_en,1128,1128__A12148.txt,A12148,58ce2f7d561288a8392742041c801f2c5e11d0c2,e436952ea8958a88576ee05771391912cb23fee75e3329338a67c4ad351a3803,2522,2482,38,0,0,2,0,18408,2671,2668,0,3,20,2,0,99.92,99.93,95459,94173,be8cc7e11a635a4af15087bff39daf8039b88cf9085c1278b92914a34585443d,f8bfcb4104f8a6ce28820f615c4606c6c2289828c39c94934b6f30509190efd7,0
texts_no_prologue_epilogue,1128,1128__A12148.txt,A12148,58ce2f7d561288a8392742041c801f2c5e11d0c2,e436952ea8958a88576ee05771391912cb23fee75e3329338a67c4ad351a3803,2522,2482,38,0,0,2,0,18408,2671,2668,0,3,20,2,0,99.92,99.93,95459,94173,be8cc7e11a635a4af15087bff39daf8039b88cf9085c1278b92914a34585443d,f8bfcb4104f8a6ce28820f615c4606c6c2289828c39c94934b6f30509190efd7,0
texts_analysis_en,1136,1136__A12149.txt,A12149,58ce2f7d561288a8392742041c801f2c5e11d0c2,56e712e0727668cac2f384ce9f2da81198007fd29b97c89e348e4babc77acaaa,2063,2009,51,0,0,3,0,17779,2587,2584,0,3,34,6,0,99.85,99.86,91901,90811,c7ad2592b29d2edcb1746e851d46865a4e266e348f4460e00148b8de29628908,a86bf0f304061063192cf952c6bac4e533cdf452dd02d979a8e41ed6a664072b,0
texts_no_prologue_epilogue,1136,1136__A12149.txt,A12149,58ce2f7d561288a8392742041c801f2c5e11d0c2,56e712e0727668cac2f384ce9f2da81198007fd29b97c89e348e4babc77acaaa,2063,2009,51,0,0,3,0,17779,2587,2584,0,3,34,6,0,99.85,99.86,91901,90811,c7ad2592b29d2edcb1746e851d46865a4e266e348f4460e00148b8de29628908,a86bf0f304061063192cf952c6bac4e533cdf452dd02d979a8e41ed6a664072b,0
texts_analysis_en,1075,1075__A12150.txt,A12150,58ce2f7d561288a8392742041c801f2c5e11d0c2,279dd178ca5ec47c6c5668fff43770386518cb5ba6634823363868ffca6f5f4c,2651,2431,197,7,0,13,3,17843,2191,2188,0,3,171,17,0,99.4,99.4,94167,93369,b0f3aff071dee19af1d0c2acb474c55bc90cec2a2be3eeb3c64e58a8e4382a09,5c942863ed76d14c29ba9f7245257cb25eada73459616904ad4d7c3f463f4ea5,0
texts_no_prologue_epilogue,1075,1075__A12150.txt,A12150,58ce2f7d561288a8392742041c801f2c5e11d0c2,279dd178ca5ec47c6c5668fff43770386518cb5ba6634823363868ffca6f5f4c,2615,2395,197,7,0,13,3,17580,2156,2153,0,3,171,17,0,99.39,99.4,92778,91996,872237d5e17dcecbd0ee6ad0dcd42fd8c9da66d4e9b8f10c5e692492cd3757c2,c84974730356c7113a5db61b9975b1c7332ec7ce2dfbfddca36551139a39cd87,0
texts_analysis_en,1147,1147__A12151.txt,A12151,58ce2f7d561288a8392742041c801f2c5e11d0c2,998b8b4301d9af7f5ca67761b86189105bf38d6ebf225f4d20dce58e891c8ba5,2156,2044,105,1,0,6,0,16915,1862,1862,0,0,94,18,0,99.72,99.7,89044,88179,99ff4675e0d67729b330fd1db40e7563aac20a5ab65b9f1e234d6f4e2ad80bb0,97ae8d3aac05c154264d52108a118a676b45560323235a2566d65ba03c1f41da,0
texts_no_prologue_epilogue,1147,1147__A12151.txt,A12151,58ce2f7d561288a8392742041c801f2c5e11d0c2,998b8b4301d9af7f5ca67761b86189105bf38d6ebf225f4d20dce58e891c8ba5,2116,2004,105,1,0,6,0,16576,1826,1826,0,0,94,18,0,99.72,99.69,87310,86460,73a4b740b263c94a1166074c9b265fb023fe0ed094ecb0a8c19684812cad7c36,98183d7e75fa21980ba228f54b3289bf12b6cb8f82abfef76daee0d33e34b1fe,0
texts_analysis_en,954,954__A12152.txt,A12152,58ce2f7d561288a8392742041c801f2c5e11d0c2,6c3f28d775bf40c227fe86be37b3a2f7a95e900cbdab6d81af70c4f7b4ac2b11,1580,1531,44,2,0,3,0,21823,3801,3754,0,47,25,9,0,99.81,99.91,114645,113069,2fc764c4223362b87856e54577cbdac674edde4500b1ab36f87a2d288ea633d3,658b2a6523958de37aa6e8bb79d1cd0d981efb31785c783b83359400a275f671,0
texts_no_prologue_epilogue,954,954__A12152.txt,A12152,58ce2f7d561288a8392742041c801f2c5e11d0c2,6c3f28d775bf40c227fe86be37b3a2f7a95e900cbdab6d81af70c4f7b4ac2b11,1554,1505,44,2,0,3,0,21616,3770,3723,0,47,25,9,0,99.81,99.91,113538,111975,33ccc9e33ea24743c4a66da92664c0712244ac5bde67913fb5b5366a52102848,682d3bf6d5d55af4fdd9fa12c50d6ebc429afbd106dc4c553746e1384a1883a2,0
texts_analysis_en,1027,1027__A12154.txt,A12154,58ce2f7d561288a8392742041c801f2c5e11d0c2,884c9063a2fd58ac548fe66a8e33f3fe49f9f6d2a9734bd9bf753414f3958448,2593,2489,95,2,0,6,1,19159,2885,2884,0,1,73,19,0,99.73,99.76,101790,100516,68235ab79eeb6c57f5f819a126661745c8783eac3ed11257dbb6264dc98af53b,0c3969e674b562baada58eb96d3b82354adc7ac6e7b46c2b108f2e54cbbcb51b,0
texts_no_prologue_epilogue,1027,1027__A12154.txt,A12154,58ce2f7d561288a8392742041c801f2c5e11d0c2,884c9063a2fd58ac548fe66a8e33f3fe49f9f6d2a9734bd9bf753414f3958448,2593,2489,95,2,0,6,1,19159,2885,2884,0,1,73,19,0,99.73,99.76,101790,100516,68235ab79eeb6c57f5f819a126661745c8783eac3ed11257dbb6264dc98af53b,0c3969e674b562baada58eb96d3b82354adc7ac6e7b46c2b108f2e54cbbcb51b,0
texts_analysis_en,920,920__A12155.txt,A12155,58ce2f7d561288a8392742041c801f2c5e11d0c2,229d7f8022efad0e0600a9624799aa7bff71ba063a12c613ac74dba7f43af12a,2321,2060,251,4,0,4,2,18209,3589,3542,0,47,296,14,0,99.74,99.82,95693,94907,e89df8f7a3f37ccfdc003806788c7b6c110351bf58c1badfbc1ef02e6a5e353b,6b5716e720df0385ce664221d8890d008c9fc41318c7eecf9c261b6a070d76ad,0
texts_no_prologue_epilogue,920,920__A12155.txt,A12155,58ce2f7d561288a8392742041c801f2c5e11d0c2,229d7f8022efad0e0600a9624799aa7bff71ba063a12c613ac74dba7f43af12a,2318,2058,250,4,0,4,2,18123,3569,3522,0,47,289,14,0,99.74,99.82,95255,94475,5001d4daceff37841170f3b3d3cdc6e4a94e5492a2c1cc02ac1822619881158b,260535b3fe142ae6f3e1809c62f8c66433746c8b134abb38ca6aace660647752,0
texts_analysis_en,1000,1000__A12157.txt,A12157,58ce2f7d561288a8392742041c801f2c5e11d0c2,3d9e900735f11f92d068eedd4a96ff60aefcf7ecad93e5bbcbcbabff3cca6e2e,1531,1496,32,1,0,2,0,17078,2995,2991,0,4,21,1,0,99.87,99.93,88829,87431,70bf6d40be95c41a2ef128ba295610e1e4b44968668df81c0c6566c207ddaf63,4d075279767bdfd015a5c250d5cae3f1a166db2f6275dd9a53d56d8bfc74c3ac,0
texts_no_prologue_epilogue,1000,1000__A12157.txt,A12157,58ce2f7d561288a8392742041c801f2c5e11d0c2,3d9e900735f11f92d068eedd4a96ff60aefcf7ecad93e5bbcbcbabff3cca6e2e,1531,1496,32,1,0,2,0,17078,2995,2991,0,4,21,1,0,99.87,99.93,88829,87431,70bf6d40be95c41a2ef128ba295610e1e4b44968668df81c0c6566c207ddaf63,4d075279767bdfd015a5c250d5cae3f1a166db2f6275dd9a53d56d8bfc74c3ac,0
texts_analysis_en,1052,1052__A12158.txt,A12158,58ce2f7d561288a8392742041c801f2c5e11d0c2,f78ded981e69d29b2d47ad7f39090dcc1044f12ddab7614174bf9271e448a295,2398,2323,70,2,0,3,0,17826,2311,2290,0,21,60,10,0,99.87,99.91,94473,93354,1309268418cda2566132b9e9a42ed35b56ef1f020a2cc389e8ece7cd078a5a1f,7139ff8624da3b9ea49e8d5de2daee29dc51768384fcd83e40b5f3ac58d30a4d,0
texts_no_prologue_epilogue,1052,1052__A12158.txt,A12158,58ce2f7d561288a8392742041c801f2c5e11d0c2,f78ded981e69d29b2d47ad7f39090dcc1044f12ddab7614174bf9271e448a295,2398,2323,70,2,0,3,0,17826,2311,2290,0,21,60,10,0,99.87,99.91,94473,93354,1309268418cda2566132b9e9a42ed35b56ef1f020a2cc389e8ece7cd078a5a1f,7139ff8624da3b9ea49e8d5de2daee29dc51768384fcd83e40b5f3ac58d30a4d,0
texts_analysis_en,744,744__A12548.txt,A12548,58ce2f7d561288a8392742041c801f2c5e11d0c2,5f9185afd09c6ad3dfcf2f2fb1b647376ec650ae15b6c2a54cb9a9b93e10593a,1975,1874,96,0,0,3,2,15492,3304,3287,1,16,82,8,0,99.75,99.82,81941,80727,a75eed6fc1a16cc7851b1b81490d11a320192bbbcd4bf19f9e74fbc4bce585cf,945b345e5344dadbc3d44a9fccc575f902011b9c1561ea4c215d3a65222c5359,0
texts_no_prologue_epilogue,744,744__A12548.txt,A12548,58ce2f7d561288a8392742041c801f2c5e11d0c2,5f9185afd09c6ad3dfcf2f2fb1b647376ec650ae15b6c2a54cb9a9b93e10593a,1939,1838,96,0,0,3,2,15210,3247,3230,1,16,82,8,0,99.74,99.81,80399,79203,91df2577acc2ac893f13b19d64469e5bddb2090df09035d522ffb1f2d450e4f7,ee04ef1746c19a795f341021d2a336a26842b13152a04e97bee1604fa4cce70e,0
texts_analysis_en,188,188__A12578.txt,A12578,58ce2f7d561288a8392742041c801f2c5e11d0c2,201aa13ef030dd55b749e0346f334f52fa9b87c5ca4fcf80de8545912415f6c0,2264,2234,26,0,0,4,0,17617,3700,3688,0,12,1,0,0,99.82,99.79,95355,93996,2372439928de76761bbd2b9f3001182c54247b5554ac534edc535a4bcceaf730,df27a32e87cb4d105b8d5e4cc5de0a2ccfac5eb84301c42452792388c4bdb7e0,0
texts_no_prologue_epilogue,188,188__A12578.txt,A12578,58ce2f7d561288a8392742041c801f2c5e11d0c2,201aa13ef030dd55b749e0346f334f52fa9b87c5ca4fcf80de8545912415f6c0,2264,2234,26,0,0,4,0,17617,3700,3688,0,12,1,0,0,99.82,99.79,95355,93996,2372439928de76761bbd2b9f3001182c54247b5554ac534edc535a4bcceaf730,df27a32e87cb4d105b8d5e4cc5de0a2ccfac5eb84301c42452792388c4bdb7e0,0
texts_analysis_en,824,824__A12813.txt,A12813,58ce2f7d561288a8392742041c801f2c5e11d0c2,fadb8b7890ab28eea53c55c79bbca480713282ac39ccb6a84a3edc34d2e59580,146,142,4,0,0,0,0,1189,204,204,0,0,3,0,4,100.0,100.0,6528,6468,59288bbea2e1162107e5f9ed7758b5f35f5dd9249baeffe0838ec2ea5465805b,c999f735c8aafa704bb79e4931c7d747ce63f4a5fc46822a4528a6473fb51af2,0
texts_no_prologue_epilogue,824,824__A12813.txt,A12813,58ce2f7d561288a8392742041c801f2c5e11d0c2,fadb8b7890ab28eea53c55c79bbca480713282ac39ccb6a84a3edc34d2e59580,146,142,4,0,0,0,0,1189,204,204,0,0,3,0,4,100.0,100.0,6528,6468,59288bbea2e1162107e5f9ed7758b5f35f5dd9249baeffe0838ec2ea5465805b,c999f735c8aafa704bb79e4931c7d747ce63f4a5fc46822a4528a6473fb51af2,0
texts_analysis_en,720,720__A12954.txt,A12954,58ce2f7d561288a8392742041c801f2c5e11d0c2,364d7e785eb6ba6590a9f13607ddafd3a229f57db47b16511326a7cb09c9a17f,5003,4529,295,13,0,5,161,32419,7546,7521,0,25,225,28,0,96.68,96.95,199453,195539,3291314413b859856ecc4b24371a3a16a92f7f4f07b4292df6591ba2b862fbd1,541a9bae41ccc9d72bc4acc1b310548979df124b487e25e3f12275b411f64851,0
texts_no_prologue_epilogue,720,720__A12954.txt,A12954,58ce2f7d561288a8392742041c801f2c5e11d0c2,364d7e785eb6ba6590a9f13607ddafd3a229f57db47b16511326a7cb09c9a17f,5003,4529,295,13,0,5,161,32419,7546,7521,0,25,225,28,0,96.68,96.95,199453,195539,3291314413b859856ecc4b24371a3a16a92f7f4f07b4292df6591ba2b862fbd1,541a9bae41ccc9d72bc4acc1b310548979df124b487e25e3f12275b411f64851,0
texts_analysis_en,117,117__A12969.txt,A12969,58ce2f7d561288a8392742041c801f2c5e11d0c2,518481609fd9862c3d127f02b8e78db190967e636976a38d607cbd0cdf73cad1,1371,952,384,6,0,22,7,14280,3312,3274,0,38,352,41,0,97.88,98.05,70988,70506,92fe146d5d59223b8d2c1a75a93fb819de10c611bc813934a9d6655f26026e63,2afc517640c6956252b3a5af06504a541390a23007f0f38f9340663100fddc51,0
texts_no_prologue_epilogue,117,117__A12969.txt,A12969,58ce2f7d561288a8392742041c801f2c5e11d0c2,518481609fd9862c3d127f02b8e78db190967e636976a38d607cbd0cdf73cad1,1351,937,380,6,0,21,7,14110,3264,3226,0,38,350,41,0,97.93,98.09,70012,69536,42c0cf6bfc27cb5986f109888a4d40422623774ac499fd49d2fc5b8988787858,a165f726588cbcc8d6cd07c9487686d776d2778e848efa1e79d377fb7e2d2695,0
texts_analysis_en,207,207__A13062.txt,A13062,6a09a2fcf52c051b53cdad18bea822affe4a4d49,3e2f0e4a71aa9ed2fb461bf6105c989b62499bf502066cffb6d67c36a27bc4db,843,803,32,5,0,3,0,7909,1586,1570,0,16,29,11,0,99.64,99.72,41807,41194,de4249c5dd099c11474a638a3c7aa804a6eca9f2bf7ab382ff7900e6b7436615,56cd57a33cab7282343f017b824b130866151be0ac7dd13d7ebb14f79d5fea6d,0
texts_no_prologue_epilogue,207,207__A13062.txt,A13062,6a09a2fcf52c051b53cdad18bea822affe4a4d49,3e2f0e4a71aa9ed2fb461bf6105c989b62499bf502066cffb6d67c36a27bc4db,843,803,32,5,0,3,0,7909,1586,1570,0,16,29,11,0,99.64,99.72,41807,41194,de4249c5dd099c11474a638a3c7aa804a6eca9f2bf7ab382ff7900e6b7436615,56cd57a33cab7282343f017b824b130866151be0ac7dd13d7ebb14f79d5fea6d,0
texts_analysis_en,1078,1078__A13125.txt,A13125,6a09a2fcf52c051b53cdad18bea822affe4a4d49,eaa3dc9c5e22d7fd7ca27945101a8bf07f49a18a4069f4d85198bc736f62684f,1977,1900,66,1,0,10,0,15061,2075,2070,0,5,68,14,0,99.49,99.54,79576,78266,9d5ef241f4d67514dee1354aa3a7fcb9fe984d71670970afae5882320625306e,39b21282a4c72c68a604945513494fa2ae5268f374ad15e8b818db1d28f89c64,0
texts_no_prologue_epilogue,1078,1078__A13125.txt,A13125,6a09a2fcf52c051b53cdad18bea822affe4a4d49,eaa3dc9c5e22d7fd7ca27945101a8bf07f49a18a4069f4d85198bc736f62684f,1901,1828,62,1,0,10,0,14428,1984,1979,0,5,62,14,0,99.47,99.52,76349,75106,4920c727e3ed1aad671665db0a9113bea59b795c20082993cb9c9fa13625a4dd,fe521d1f6a8fb1a8578919b732ac2211ecdf986e82455b200982f0cbe87353b4,0
texts_analysis_en,730,730__A13345.txt,A13345,6a09a2fcf52c051b53cdad18bea822affe4a4d49,485e2c2afcd4fca2d3ff82e58436394740ac2aea3f252d94df206c44d5e2abd9,1509,1462,47,0,0,0,0,16788,3122,3114,0,8,10,0,0,100.0,100.0,88358,87403,3db28cbf3a3db3056bd35a21d4cae016f74697e53bd76b049bb0669f7dd56441,81595259dddac045d41e6ef7cfdab009a990a877b96d5db324910fe059abec02,0
texts_no_prologue_epilogue,730,730__A13345.txt,A13345,6a09a2fcf52c051b53cdad18bea822affe4a4d49,485e2c2afcd4fca2d3ff82e58436394740ac2aea3f252d94df206c44d5e2abd9,1459,1413,46,0,0,0,0,16385,3030,3022,0,8,9,0,0,100.0,100.0,86149,85224,bf2ad6835969bac532c857184f61f075834d7db9be435060e9f41b121f4c8108,9a3410ee88f9159a14db0bace962b13232f0071ba36f04146d0d297ca62a06e5,0
texts_analysis_en,226,226__A13358.txt,A13358,6a09a2fcf52c051b53cdad18bea822affe4a4d49,16cf915a4d91dc137f8a6104313c773b47b8b7b5d25d2dab02faea631ce9acb8,1504,1492,10,0,0,2,0,12405,2583,2565,0,18,1,0,0,99.87,99.83,62812,61973,0120cb73f4817ee798acfa4ed10611e3f8ab13aaaa452f70dd9345f6939d4dfd,bb16ae3520efa0f594b10ade26cb7ee2efa84e14afeda5972e3affe757434cec,0
texts_no_prologue_epilogue,226,226__A13358.txt,A13358,6a09a2fcf52c051b53cdad18bea822affe4a4d49,16cf915a4d91dc137f8a6104313c773b47b8b7b5d25d2dab02faea631ce9acb8,1504,1492,10,0,0,2,0,12405,2583,2565,0,18,1,0,0,99.87,99.83,62812,61973,0120cb73f4817ee798acfa4ed10611e3f8ab13aaaa452f70dd9345f6939d4dfd,bb16ae3520efa0f594b10ade26cb7ee2efa84e14afeda5972e3affe757434cec,0
texts_analysis_en,228,228__A13360.txt,A13360,6a09a2fcf52c051b53cdad18bea822affe4a4d49,ae6b99588d321cc790b9b7fde095b2fdd6a627f5ef8451a7334bad0a31919119,1493,1474,19,0,0,0,0,12462,2398,2387,0,11,27,7,0,100.0,100.0,62744,62277,99afb024ad0e9fcaacfd357d8383a7bb9c5364fafae41bef6c2bb19d64a1769d,a8275fc1593e442fd0cc0992c975a0905af74f4e073b2bb2ac1a883833c96a7f,0
texts_no_prologue_epilogue,228,228__A13360.txt,A13360,6a09a2fcf52c051b53cdad18bea822affe4a4d49,ae6b99588d321cc790b9b7fde095b2fdd6a627f5ef8451a7334bad0a31919119,1493,1474,19,0,0,0,0,12462,2398,2387,0,11,27,7,0,100.0,100.0,62744,62277,99afb024ad0e9fcaacfd357d8383a7bb9c5364fafae41bef6c2bb19d64a1769d,a8275fc1593e442fd0cc0992c975a0905af74f4e073b2bb2ac1a883833c96a7f,0
texts_analysis_en,910,910__A13384.txt,A13384,6a09a2fcf52c051b53cdad18bea822affe4a4d49,045fbbed63011fc3cf5acadd4ebb05d1e6d68d412bdaf0bc3d778c4ac2d33c83,2104,2085,18,0,0,1,0,16497,3551,3549,0,2,37,1,0,99.95,99.95,86918,85105,4dcf66c2f6455ff1b92e2aa3084f7ca990faaa69329f9bead8d32e615c68b40e,67561e347fea154a309fe0448df00c6e37f5c6e6b901451e5253a69d9cfdd8f9,0
texts_no_prologue_epilogue,910,910__A13384.txt,A13384,6a09a2fcf52c051b53cdad18bea822affe4a4d49,045fbbed63011fc3cf5acadd4ebb05d1e6d68d412bdaf0bc3d778c4ac2d33c83,1881,1863,17,0,0,1,0,14896,3177,3176,0,1,37,1,0,99.95,99.95,78333,76716,1a2bc9da569cde08b65852db672cf91dc50a664fa09990e86a67789592395d0a,95edea4ad3947721c52860d5576ae86452c618b0584701f51edbe33145c772e7,0
texts_analysis_en,1154,1154__A13393.1.txt,A13393,6a09a2fcf52c051b53cdad18bea822affe4a4d49,58b1ee7ac077284ff9913954c3eda1a9b97ae01a74dc89f5569f38c9483e406e,596,589,6,0,0,1,0,4627,840,840,0,0,14,1,0,99.83,99.89,24406,23961,b4327ad3bf3d9ac1defe080ac53f0e0d71ba5be33b16467354592a811cf8ed4e,a62699c6925e3ef2a8617499fd215e04eae6210cb43053a89525a04a4bb7ba6b,0
texts_no_prologue_epilogue,1154,1154__A13393.1.txt,A13393,6a09a2fcf52c051b53cdad18bea822affe4a4d49,58b1ee7ac077284ff9913954c3eda1a9b97ae01a74dc89f5569f38c9483e406e,582,575,6,0,0,1,0,4512,818,818,0,0,13,1,0,99.83,99.88,23797,23365,6c3311438a1b0a09e0f65b9aebd0d00296e047a5899a33b9e5def7b9076445d8,d8278e8e7e792a281f9950f4945ef84c70d45cbd6ce1e5cb013512dd91a10e59,0
texts_analysis_en,153,153__A13611.txt,A13611,6a09a2fcf52c051b53cdad18bea822affe4a4d49,64cc662b015bf346fbb056924e3197e42be273273c167211b35fa9678e5e3f84,774,753,21,0,0,0,0,15427,2854,2851,0,3,7,1,0,100.0,100.0,78329,77203,c74bdf031880a93b2660ed6eba8880b0ad655d15dba512e7efee60121f2cefa6,54e3d96e5e5ef7f3dce7cc20b1ac71087b3dfe069ee353e7ced4872d8b0321d3,0
texts_no_prologue_epilogue,153,153__A13611.txt,A13611,6a09a2fcf52c051b53cdad18bea822affe4a4d49,64cc662b015bf346fbb056924e3197e42be273273c167211b35fa9678e5e3f84,774,753,21,0,0,0,0,15427,2854,2851,0,3,7,1,0,100.0,100.0,78329,77203,c74bdf031880a93b2660ed6eba8880b0ad655d15dba512e7efee60121f2cefa6,54e3d96e5e5ef7f3dce7cc20b1ac71087b3dfe069ee353e7ced4872d8b0321d3,0
texts_analysis_en,66,66__A13664.txt,A13664,6a09a2fcf52c051b53cdad18bea822affe4a4d49,99a67d5c258aa4b7dbbde08d776b6b19fbab5fcd81b435984fc952a96ef1e3de,918,891,26,0,0,1,0,7160,2476,2446,0,30,0,0,0,99.89,99.84,36450,34875,f440fea2fe45874c6c089682f27028962e6bb491c860ff58463f48b1099e025b,649348d38742509c38f46964f4df0e78c1a668680330c5f56e5d549ebdb1109c,0
texts_no_prologue_epilogue,66,66__A13664.txt,A13664,6a09a2fcf52c051b53cdad18bea822affe4a4d49,99a67d5c258aa4b7dbbde08d776b6b19fbab5fcd81b435984fc952a96ef1e3de,918,891,26,0,0,1,0,7160,2476,2446,0,30,0,0,0,99.89,99.84,36450,34875,f440fea2fe45874c6c089682f27028962e6bb491c860ff58463f48b1099e025b,649348d38742509c38f46964f4df0e78c1a668680330c5f56e5d549ebdb1109c,0
texts_analysis_en,745,745__A13802.txt,A13802,6a09a2fcf52c051b53cdad18bea822affe4a4d49,f7f8154c7ae9d8fa0bcaa194c0ff60e0d8a8851506edbeef28b8ead257ae4054,2904,2887,15,0,1,0,1,22046,4559,4533,0,26,1,2,0,99.97,99.99,121382,118980,917c0d5ee090e9fa1965987f97c1fa3c8f95420796f7129429ac3d941a168ee9,074d000c0f88979a50d3bc470bae4b8bc4758b039efc2f3bbc01b93f124dae80,0
texts_no_prologue_epilogue,745,745__A13802.txt,A13802,6a09a2fcf52c051b53cdad18bea822affe4a4d49,f7f8154c7ae9d8fa0bcaa194c0ff60e0d8a8851506edbeef28b8ead257ae4054,2878,2861,15,0,1,0,1,21830,4509,4483,0,26,1,2,0,99.97,99.99,120188,117816,5aacd0cc83d01666fa3736c8998a3060d6ded3e54317cc492128e07b6a31d55e,42aafdd7aafe58a9b9923cc228bc334c8dc79cf6b0e5e064cb47c1362d6088e5,0
texts_analysis_en,562,562__A13804.txt,A13804,6a09a2fcf52c051b53cdad18bea822affe4a4d49,eb1e18ccb36599312a61192bc0926c824fd75216e30b0be5692f4be56af275ff,1995,1712,279,0,0,4,0,25836,5049,5029,3,17,471,30,4,99.8,99.88,141216,139489,0b11558dc10d83c68f2ae60fcd4c4ad021e7aff0f3f83950f7950aa19606e1f4,108ae0d78dd972d2b5eb8e0153a699ad9cc60a7dcb71816ed0e042cf0bed4d31,0
texts_no_prologue_epilogue,562,562__A13804.txt,A13804,6a09a2fcf52c051b53cdad18bea822affe4a4d49,eb1e18ccb36599312a61192bc0926c824fd75216e30b0be5692f4be56af275ff,1973,1691,278,0,0,4,0,25676,5011,4991,3,17,470,30,4,99.8,99.88,140253,138545,4969f385283fea46ce0ba24e5e1f928e2ed6a1ba3f9fc57dfa1373cc63a00a5b,066daeeace9827bc31d78e28f3ec950779d301b4a9d7655c51f1d9dcb3821d54,0
texts_analysis_en,686,686__A13840.txt,A13840,6a09a2fcf52c051b53cdad18bea822affe4a4d49,fe3ac1265d31d6b1c278ff5f53ec169165de4dbdf6b2b0796da8b6b87d592745,1794,1720,72,0,0,2,0,20602,4235,4232,0,3,78,8,0,99.89,99.93,113081,110894,345d40e9e793a831851b5b7ef671a855ca15bc84ecb8936236df4380ad8a65c9,2139449a950c4d3e9767bffaef35f589fe5684470ab0c8eb2cdbf4c19b7b69d0,0
texts_no_prologue_epilogue,686,686__A13840.txt,A13840,6a09a2fcf52c051b53cdad18bea822affe4a4d49,fe3ac1265d31d6b1c278ff5f53ec169165de4dbdf6b2b0796da8b6b87d592745,1794,1720,72,0,0,2,0,20602,4235,4232,0,3,78,8,0,99.89,99.93,113081,110894,345d40e9e793a831851b5b7ef671a855ca15bc84ecb8936236df4380ad8a65c9,2139449a950c4d3e9767bffaef35f589fe5684470ab0c8eb2cdbf4c19b7b69d0,0
texts_analysis_en,594,594__A13843.txt,A13843,6a09a2fcf52c051b53cdad18bea822affe4a4d49,ab0b6a733fb6c7b5c7fba4d4d0ecba944700ea7845f95c23b1f525149fb589d6,2634,2587,45,1,0,1,0,20145,4333,4330,0,3,11,5,0,99.96,99.96,105626,104572,310cda3f58f42525ae4f8a77d19154db4b7be555409dfb0cc56f704f354af731,cafad7dc76e85f849019f26636c71bd9c3438801820f657733ecb1a8feaeb837,0
texts_no_prologue_epilogue,594,594__A13843.txt,A13843,6a09a2fcf52c051b53cdad18bea822affe4a4d49,ab0b6a733fb6c7b5c7fba4d4d0ecba944700ea7845f95c23b1f525149fb589d6,2634,2587,45,1,0,1,0,20145,4333,4330,0,3,11,5,0,99.96,99.96,105626,104572,310cda3f58f42525ae4f8a77d19154db4b7be555409dfb0cc56f704f354af731,cafad7dc76e85f849019f26636c71bd9c3438801820f657733ecb1a8feaeb837,0
texts_analysis_en,969,969__A13846.txt,A13846,6a09a2fcf52c051b53cdad18bea822affe4a4d49,cb443b4b57768a19ce6044c91600b95b2a7182d5991372b331432c6d5a8f97da,213,199,13,0,0,0,1,1867,333,332,0,1,8,0,0,99.53,94.16,10650,10499,58409ab4ce10c8fcbad37d390a39178a754f267fe32c80d3fa42c5a66c8d67d2,fd7ed551a1e1d33a4e6aa5ba8186058457a500318d1e862a8d9df8d8ddb2317a,0
texts_no_prologue_epilogue,969,969__A13846.txt,A13846,6a09a2fcf52c051b53cdad18bea822affe4a4d49,cb443b4b57768a19ce6044c91600b95b2a7182d5991372b331432c6d5a8f97da,213,199,13,0,0,0,1,1867,333,332,0,1,8,0,0,99.53,94.16,10650,10499,58409ab4ce10c8fcbad37d390a39178a754f267fe32c80d3fa42c5a66c8d67d2,fd7ed551a1e1d33a4e6aa5ba8186058457a500318d1e862a8d9df8d8ddb2317a,0
texts_analysis_en,970,970__A13848.txt,A13848,6a09a2fcf52c051b53cdad18bea822affe4a4d49,ccf754dac39fda59c6589e9829447e1de0f6ded3b76c1d9a1a6bd64766b88805,141,138,3,0,0,0,0,970,212,209,0,3,2,0,0,100.0,100.0,5291,5190,3ef84e17cb3706e022e97c32da8259600c3f97c5e27901e5d46fb15594e47dae,0efb0190fe45192cc5938452b50c2178f6720c4a6c7d81e03cb4a0f8a862c3cd,0
texts_no_prologue_epilogue,970,970__A13848.txt,A13848,6a09a2fcf52c051b53cdad18bea822affe4a4d49,ccf754dac39fda59c6589e9829447e1de0f6ded3b76c1d9a1a6bd64766b88805,141,138,3,0,0,0,0,970,212,209,0,3,2,0,0,100.0,100.0,5291,5190,3ef84e17cb3706e022e97c32da8259600c3f97c5e27901e5d46fb15594e47dae,0efb0190fe45192cc5938452b50c2178f6720c4a6c7d81e03cb4a0f8a862c3cd,0
texts_analysis_en,86,86__A13962.txt,A13962,6a09a2fcf52c051b53cdad18bea822affe4a4d49,f60906fdf261cd879d8738066508b85231915a6b6519f88bd315ba1ab72c23fd,1133,1083,50,0,0,0,0,9406,2295,2284,0,11,1,0,0,100.0,100.0,50699,49496,12d17c7762fd548e4bbe3725ca8304e1706f0a75714b5658314369cc4d469259,56706087d23312ff586ab538c12d4a0e13619848239e4f37e6fab2c5b2f2caf9,0
texts_no_prologue_epilogue,86,86__A13962.txt,A13962,6a09a2fcf52c051b53cdad18bea822affe4a4d49,f60906fdf261cd879d8738066508b85231915a6b6519f88bd315ba1ab72c23fd,1077,1036,41,0,0,0,0,8942,2200,2190,0,10,1,0,0,100.0,100.0,48028,46865,f3c9e49e349620e935920a8da2bc1170cad6533c93ea3fa9b68e54acf6be160a,08311f0d12d2bfb4f334cb1656b5ac63995a8e1873a14101aacea3329c875cd5,0
texts_analysis_en,83,83__A14193.txt,A14193,85c322c657e60944c0f3582e1fb3cf03f7a1e29f,9f78a9d90bcb44aeb93c4d4310cc8cc69a79beb563b8ae8538f64255e905f21c,2285,2063,211,0,0,9,2,19280,4582,4562,0,20,189,50,0,99.52,99.59,97788,95875,30f52d38698f89ccebec52a920be38027193853ca5c8237314271da740a91c48,101c3f4afd98a776f8cc9cb61763d712723e5cabcf3ea17ac16e3cd6896fdb7a,0
texts_no_prologue_epilogue,83,83__A14193.txt,A14193,85c322c657e60944c0f3582e1fb3cf03f7a1e29f,9f78a9d90bcb44aeb93c4d4310cc8cc69a79beb563b8ae8538f64255e905f21c,2257,2041,205,0,0,9,2,19060,4522,4502,0,20,184,50,0,99.51,99.58,96492,94584,67735ee4f7026d0030689e1d6f1cf62400c055dfffd55822935c993c25eaa5f0,5cae6283e77aa41de93efdbf835b991644dae605525605045df962814a123bdd,0
texts_analysis_en,1053,1053__A14599.txt,A14599,85c322c657e60944c0f3582e1fb3cf03f7a1e29f,03c1aee1e1c62f552525af30e42b99fe78bd4215d3567c3fe0d7169b5aaeb6ef,2086,2067,19,0,0,0,0,16140,2121,2094,0,27,4,0,0,100.0,100.0,85319,84548,f273e15288a98efe9acd6399a5d64c617abe5c5f4566bd99674e9f4fb1e8b049,4341eb884ead14dc4f2b0e89a80c8f19ede659737679685df21c1364fb81e1a8,0
texts_no_prologue_epilogue,1053,1053__A14599.txt,A14599,85c322c657e60944c0f3582e1fb3cf03f7a1e29f,03c1aee1e1c62f552525af30e42b99fe78bd4215d3567c3fe0d7169b5aaeb6ef,2086,2067,19,0,0,0,0,16140,2121,2094,0,27,4,0,0,100.0,100.0,85319,84548,f273e15288a98efe9acd6399a5d64c617abe5c5f4566bd99674e9f4fb1e8b049,4341eb884ead14dc4f2b0e89a80c8f19ede659737679685df21c1364fb81e1a8,0
texts_analysis_en,84,84__A14625.txt,A14625,85c322c657e60944c0f3582e1fb3cf03f7a1e29f,bf338ab75a79390b062f8a93b1cbc264226f70f5979a4a4d0074be35f5537f93,2134,2059,74,0,0,1,0,18703,4247,4214,0,33,11,0,0,99.95,99.94,98039,96730,269ebab10ba615fd9b802afae6a350d1e1a78c3ec615b037d9d34371a970e526,909f797d4be7d4fe999ca3e04e053acbd8190582c57038885c8f04cbee698196,0
texts_no_prologue_epilogue,84,84__A14625.txt,A14625,85c322c657e60944c0f3582e1fb3cf03f7a1e29f,bf338ab75a79390b062f8a93b1cbc264226f70f5979a4a4d0074be35f5537f93,2048,1975,72,0,0,1,0,17988,4082,4049,0,33,10,0,0,99.95,99.94,94004,92742,13db41d44565e229f11e81021d1ffc8f545187e1866da7d70f61e73fc3c219f5,b2baf9737e129350edabca2a57a2e9dc8fcf03857543ec72ac4aec0485b5c0a9,0
texts_analysis_en,99,99__A14627.txt,A14627,85c322c657e60944c0f3582e1fb3cf03f7a1e29f,7b08f36f9c1c875c617725392f4b6a08939523c207e42362272da03f43c2f856,1550,1467,83,0,0,0,0,14430,3040,3034,0,6,10,0,0,100.0,100.0,73033,72744,e6976ec8568a068664c57fa871081594f74ad68b7448ed075eed724d654d9f70,8cec2161ab1f734d0e3025c79068b78e15e9430a2e2b05514b781f00566f1bcd,0
texts_no_prologue_epilogue,99,99__A14627.txt,A14627,85c322c657e60944c0f3582e1fb3cf03f7a1e29f,7b08f36f9c1c875c617725392f4b6a08939523c207e42362272da03f43c2f856,1458,1375,83,0,0,0,0,13711,2890,2884,0,6,10,0,0,100.0,100.0,69107,68855,639ae868c6a2f05d2adaca2c4d9eb1e0182125d9f8d3153804eb9c0738aa04da,e9164629fb6a694b064e0b1ba3aada9bcc85861545bb3c1753e21b0989c88c2c,0
texts_analysis_en,54,54__A14713.txt,A14713,85c322c657e60944c0f3582e1fb3cf03f7a1e29f,0b9f72e5c7257babf03f4a37f5834d75d30b79af210e043f053d4c2f420bf751,578,536,40,0,0,2,0,4701,1157,1152,0,5,29,0,0,99.65,99.61,23676,23544,6aa5d25c6e6790821e7039590ca06886dfbf31dc25deb887c86b57f68ecc2b35,938417899099cd197d119215e6e8f15254bb02c68d9b47ef0627485c694ab69b,0
texts_no_prologue_epilogue,54,54__A14713.txt,A14713,85c322c657e60944c0f3582e1fb3cf03f7a1e29f,0b9f72e5c7257babf03f4a37f5834d75d30b79af210e043f053d4c2f420bf751,554,514,38,0,0,2,0,4503,1109,1104,0,5,25,0,0,99.64,99.6,22564,22436,a4e08acb113470253473ef3aedf2a05680e7a543d86964a828395463b172f432,0561e62546f75235abefd95bc801c5f8505a9715244b7ad3595c8673f95d52ad,0
texts_analysis_en,121,121__A14715.txt,A14715,85c322c657e60944c0f3582e1fb3cf03f7a1e29f,34c8ceb7109cec9ce56c52481905d3abda2af90e866aeefb498d120d3c7a7391,1871,1760,39,0,0,0,72,14424,3015,3010,0,5,32,5,0,96.15,97.07,77488,75887,e97c316a2c4d5500c0eaabcfb7f4cf78c534ed262f486f32ec8e7259832884b9,9f6937bb325b21449e90418cda01d96a20c20d76f9f76a29c09b08b0399e4446,0
texts_no_prologue_epilogue,121,121__A14715.txt,A14715,85c322c657e60944c0f3582e1fb3cf03f7a1e29f,34c8ceb7109cec9ce56c52481905d3abda2af90e866aeefb498d120d3c7a7391,1815,1704,39,0,0,0,72,13954,2923,2918,0,5,32,5,0,96.03,96.97,74919,73350,a9ae4051cbd3f2a2608b5b86b9d1635b4963481f6aa0b57ad2450965c7c08677,552e1d2f5348692210f6914112737c32611ef585337ef48d57ee9d84c8d11335,0
texts_analysis_en,74,74__A14846.txt,A14846,85c322c657e60944c0f3582e1fb3cf03f7a1e29f,f595fe32bc4fabf61408760ab56887744e232710103bb21e80b206571ca0c3ef,1167,1082,84,0,0,0,1,9226,2705,2696,0,9,3,2,0,99.91,99.94,48143,47761,c4164ec9c9ffd7ae25c40c885eeda304a975bd013f682578ca38bcf4030be92a,f6cbc5273de366750fe2aacdc625830ec9e8bdd4e8508c546ba5878b37f0ebd5,0
texts_no_prologue_epilogue,74,74__A14846.txt,A14846,85c322c657e60944c0f3582e1fb3cf03f7a1e29f,f595fe32bc4fabf61408760ab56887744e232710103bb21e80b206571ca0c3ef,1167,1082,84,0,0,0,1,9226,2705,2696,0,9,3,2,0,99.91,99.94,48143,47761,c4164ec9c9ffd7ae25c40c885eeda304a975bd013f682578ca38bcf4030be92a,f6cbc5273de366750fe2aacdc625830ec9e8bdd4e8508c546ba5878b37f0ebd5,0
texts_analysis_en,857,857__A14869.txt,A14869,85c322c657e60944c0f3582e1fb3cf03f7a1e29f,cec26f17dfeacc538444bf2406254a86a0b11be40844f12f9a60a0eaa0234ac2,3065,3008,56,0,0,1,0,22894,4137,4111,2,24,24,0,0,99.97,99.96,120356,118989,af7f2a98db06d6935bf875d16b6654886a29ce8dbc20dc9e149ee066fe15418b,2201b7b4ba25c4b8575c4de2f97b54e4c6926ebae16b566011311edcf958cae0,0
texts_no_prologue_epilogue,857,857__A14869.txt,A14869,85c322c657e60944c0f3582e1fb3cf03f7a1e29f,cec26f17dfeacc538444bf2406254a86a0b11be40844f12f9a60a0eaa0234ac2,3065,3008,56,0,0,1,0,22894,4137,4111,2,24,24,0,0,99.97,99.96,120356,118989,af7f2a98db06d6935bf875d16b6654886a29ce8dbc20dc9e149ee066fe15418b,2201b7b4ba25c4b8575c4de2f97b54e4c6926ebae16b566011311edcf958cae0,0
texts_analysis_en,898,898__A14871.txt,A14871,85c322c657e60944c0f3582e1fb3cf03f7a1e29f,f28feb9e847d5b4fa5a046176080ef9f70eb63cc0a7af5ba4c857d046542fc1e,139,133,5,0,0,1,0,1063,227,224,0,3,5,0,0,99.28,99.36,6074,6025,9bbdcb9e3523850e54ecaa9f32ae091578224b908cfa46dbd23425e4c6993492,07dcbdea81bf9a3338ac7a5c586e497b878805ca7889d7be5dc7ae4c25850a9e,0
texts_no_prologue_epilogue,898,898__A14871.txt,A14871,85c322c657e60944c0f3582e1fb3cf03f7a1e29f,f28feb9e847d5b4fa5a046176080ef9f70eb63cc0a7af5ba4c857d046542fc1e,139,133,5,0,0,1,0,1063,227,224,0,3,5,0,0,99.28,99.36,6074,6025,9bbdcb9e3523850e54ecaa9f32ae091578224b908cfa46dbd23425e4c6993492,07dcbdea81bf9a3338ac7a5c586e497b878805ca7889d7be5dc7ae4c25850a9e,0
texts_analysis_en,858,858__A14872.txt,A14872,85c322c657e60944c0f3582e1fb3cf03f7a1e29f,9ff7924fb643619205b3b4e50595f00c571468cbe439ec89865938a31206d4df,3354,3220,124,1,0,7,2,23672,4401,4393,0,8,78,2,0,99.73,99.76,127400,125115,5e015ca6079d77ad242889bc84dd3b8609c43b73f207cbecc82f68fd98c84795,600ec072216a4d7927188c13fc9e8e01a2d787d35391a4c94da9f1e038f77681,0
texts_no_prologue_epilogue,858,858__A14872.txt,A14872,85c322c657e60944c0f3582e1fb3cf03f7a1e29f,9ff7924fb643619205b3b4e50595f00c571468cbe439ec89865938a31206d4df,3354,3220,124,1,0,7,2,23672,4401,4393,0,8,78,2,0,99.73,99.76,127400,125115,5e015ca6079d77ad242889bc84dd3b8609c43b73f207cbecc82f68fd98c84795,600ec072216a4d7927188c13fc9e8e01a2d787d35391a4c94da9f1e038f77681,0
texts_analysis_en,708,708__A14875.txt,A14875,85c322c657e60944c0f3582e1fb3cf03f7a1e29f,1dbc5a83e36971977a07a1906e6f661bba02cf24e7a1fe47856370390d174927,3125,3082,36,0,0,6,1,24616,5207,5186,0,21,9,1,0,99.78,99.81,132307,129925,45b3b37412a19794c6dd6978a06b121fce6618e0b7d98d208e02a99d5ef8c784,f81fb82486c16d9f7e9c597d93af82dafb08d596a3b049119ebda2d9242f94e4,0
texts_no_prologue_epilogue,708,708__A14875.txt,A14875,85c322c657e60944c0f3582e1fb3cf03f7a1e29f,1dbc5a83e36971977a07a1906e6f661bba02cf24e7a1fe47856370390d174927,3125,3082,36,0,0,6,1,24616,5207,5186,0,21,9,1,0,99.78,99.81,132307,129925,45b3b37412a19794c6dd6978a06b121fce6618e0b7d98d208e02a99d5ef8c784,f81fb82486c16d9f7e9c597d93af82dafb08d596a3b049119ebda2d9242f94e4,0
texts_analysis_en,124,124__A15045.1.txt,A15045,157009b4a673adf5a5a880324608ac5d29f87de9,675538a035a7d3c71c4ceb99bec4acbfac0fe2116307392270924df18a649cbf,1172,1128,43,0,0,1,0,10488,3041,3033,0,8,1,0,0,99.91,99.93,55907,54565,a9562ba3a3804d7d4a57b1046ccdecc4ce21fb1bc30e23bc488724d138bffe93,db5ce81b5a9d90c35d154fcb6e5d6f9382ba4b5f045e941b4cb0a0b7d0fd7440,0
texts_no_prologue_epilogue,124,124__A15045.1.txt,A15045,157009b4a673adf5a5a880324608ac5d29f87de9,675538a035a7d3c71c4ceb99bec4acbfac0fe2116307392270924df18a649cbf,1172,1128,43,0,0,1,0,10488,3041,3033,0,8,1,0,0,99.91,99.93,55907,54565,a9562ba3a3804d7d4a57b1046ccdecc4ce21fb1bc30e23bc488724d138bffe93,db5ce81b5a9d90c35d154fcb6e5d6f9382ba4b5f045e941b4cb0a0b7d0fd7440,0
texts_analysis_en,125,125__A15045.2.txt,A15045,157009b4a673adf5a5a880324608ac5d29f87de9,675538a035a7d3c71c4ceb99bec4acbfac0fe2116307392270924df18a649cbf,1177,1150,27,0,0,0,0,9677,2871,2859,0,12,5,2,0,100.0,100.0,52551,51305,f49cb80488f17ad1a0268313d022858e4c8fec503ac1d31c76c6ba4ea6e4538c,c9b9da2a05428863f50073a4d7c7cf588cc9b9a356aac3cbf8deb5e49e1e2ebe,0
texts_no_prologue_epilogue,125,125__A15045.2.txt,A15045,157009b4a673adf5a5a880324608ac5d29f87de9,675538a035a7d3c71c4ceb99bec4acbfac0fe2116307392270924df18a649cbf,1177,1150,27,0,0,0,0,9677,2871,2859,0,12,5,2,0,100.0,100.0,52551,51305,f49cb80488f17ad1a0268313d022858e4c8fec503ac1d31c76c6ba4ea6e4538c,c9b9da2a05428863f50073a4d7c7cf588cc9b9a356aac3cbf8deb5e49e1e2ebe,0
texts_analysis_en,586,586__A15352.txt,A15352,157009b4a673adf5a5a880324608ac5d29f87de9,08f1a0529913a6582775aad89b5ee7b37e3bc2cb2c12fb85c486a9d4f38b1d8f,2130,2056,72,0,0,2,0,23775,4744,4723,0,21,22,1,0,99.91,99.65,122867,122293,ca24b0e2c679e342a6b55333f9104cc6245992c38eef4103dfae48ecb41e99e0,5af5e6f5d03059b9385d3d9e53bb887e75a995d80e0b948aaa7774675ac07f25,0
texts_no_prologue_epilogue,586,586__A15352.txt,A15352,157009b4a673adf5a5a880324608ac5d29f87de9,08f1a0529913a6582775aad89b5ee7b37e3bc2cb2c12fb85c486a9d4f38b1d8f,2130,2056,72,0,0,2,0,23775,4744,4723,0,21,22,1,0,99.91,99.65,122867,122293,ca24b0e2c679e342a6b55333f9104cc6245992c38eef4103dfae48ecb41e99e0,5af5e6f5d03059b9385d3d9e53bb887e75a995d80e0b948aaa7774675ac07f25,0
texts_analysis_en,178,178__A15498.txt,A15498,157009b4a673adf5a5a880324608ac5d29f87de9,40fece4e9a32c577fa210759a81e42b673ea6a640f9532cd3ab875a36dd0934e,1828,1745,77,2,0,2,2,14310,2896,2881,0,15,46,15,0,99.78,99.83,77718,76957,783693bdd81bd8015a9d5a1069245b9245527ae86a27a33df9867ef04ba80a60,47513c37802180c38ebc2cb954a6cc2e661f13ec641579b2028425ed267fb17d,0
texts_no_prologue_epilogue,178,178__A15498.txt,A15498,157009b4a673adf5a5a880324608ac5d29f87de9,40fece4e9a32c577fa210759a81e42b673ea6a640f9532cd3ab875a36dd0934e,1796,1713,77,2,0,2,2,14057,2849,2834,0,15,46,15,0,99.78,99.83,76363,75609,c12d17ab6141cf40b2cd3b25c5fc4e9b739012a0ad03e5cc35bdf84181633db0,202823ccac30b9644dbeceb63a70396f2bc1c4618b8ec186b6090dc5328c748f,0
texts_analysis_en,238,238__A15515.txt,A15515,157009b4a673adf5a5a880324608ac5d29f87de9,6fee36b1584e48987b07a0383954adafc66efaf30e22de3431f43c34e99da1b3,1355,1290,60,0,0,4,1,11992,2462,2442,0,20,47,1,1,99.63,99.76,63252,62336,43e7c0b1b58b69e922f76a12ab2902020d93d4cd65c614b9aa4fd53f02c830fd,865c26e7500fef052e0b706d523560dd35f5f839331f9246d9369ebf4c704845,0
texts_no_prologue_epilogue,238,238__A15515.txt,A15515,157009b4a673adf5a5a880324608ac5d29f87de9,6fee36b1584e48987b07a0383954adafc66efaf30e22de3431f43c34e99da1b3,1355,1290,60,0,0,4,1,11992,2462,2442,0,20,47,1,1,99.63,99.76,63252,62336,43e7c0b1b58b69e922f76a12ab2902020d93d4cd65c614b9aa4fd53f02c830fd,865c26e7500fef052e0b706d523560dd35f5f839331f9246d9369ebf4c704845,0
texts_analysis_en,261,261__A15516.txt,A15516,157009b4a673adf5a5a880324608ac5d29f87de9,fe748d066ec1d75dc4e884d881397c86c64c83a3834420589250c1b16001e77a,1568,1539,24,3,0,2,0,13567,2265,2239,0,26,4,0,0,99.87,99.93,71945,71145,42b62de726365faf2b75f9f6e4f7879fdf73a643457df2d2c5554a7b8940a216,7dbc86e444483aea2dc821011de143ee59bb8e102840e9d2a3070cda6606b931,0
texts_no_prologue_epilogue,261,261__A15516.txt,A15516,157009b4a673adf5a5a880324608ac5d29f87de9,fe748d066ec1d75dc4e884d881397c86c64c83a3834420589250c1b16001e77a,1475,1448,22,3,0,2,0,12834,2132,2106,0,26,3,0,0,99.86,99.93,67693,66944,458a52abe5e4757bd8b28b465b4f534679caacfccc41b8122f60f470e8f3d6b3,e4aad68c326e36282eb5fca57d97ba21a4f18958ae8f9c6db9b35fdc8073f795,0
texts_analysis_en,155,155__A15517.txt,A15517,157009b4a673adf5a5a880324608ac5d29f87de9,795153302cc466d39d70d3199dcad25168867e536aa0832d48a05c006bb63c3c,1756,1615,136,0,0,5,0,20178,3946,3939,1,6,143,2,0,99.72,99.3,106610,105446,5857dacc9af5f166175a703ca2d30c438058ee0e221a348342f2df4652bd3804,e00cd444b0917dd0b8aa6e24d15860802dca640622d44cd9ca36957c1765cc01,0
texts_no_prologue_epilogue,155,155__A15517.txt,A15517,157009b4a673adf5a5a880324608ac5d29f87de9,795153302cc466d39d70d3199dcad25168867e536aa0832d48a05c006bb63c3c,1756,1615,136,0,0,5,0,20178,3946,3939,1,6,143,2,0,99.72,99.3,106610,105446,5857dacc9af5f166175a703ca2d30c438058ee0e221a348342f2df4652bd3804,e00cd444b0917dd0b8aa6e24d15860802dca640622d44cd9ca36957c1765cc01,0
texts_analysis_en,146,146__A15519.txt,A15519,157009b4a673adf5a5a880324608ac5d29f87de9,5a1daab24ce039fc0a3861fff39699838bb9727d937e5e15fd1d95b9bee688b6,1660,1464,188,0,0,8,0,18469,3211,3199,0,12,152,26,0,99.52,99.54,96004,95043,de625ad353f67b5c4365ce7f13b1c78f923f848b923e792d0420b21db36d506e,26fc399d7f29c1dde74daac526cd84976feeb26cffebea5954a1703b9fa7154b,0
texts_no_prologue_epilogue,146,146__A15519.txt,A15519,157009b4a673adf5a5a880324608ac5d29f87de9,5a1daab24ce039fc0a3861fff39699838bb9727d937e5e15fd1d95b9bee688b6,1660,1464,188,0,0,8,0,18469,3211,3199,0,12,152,26,0,99.52,99.54,96004,95043,de625ad353f67b5c4365ce7f13b1c78f923f848b923e792d0420b21db36d506e,26fc399d7f29c1dde74daac526cd84976feeb26cffebea5954a1703b9fa7154b,0
texts_analysis_en,548,548__A15549.txt,A15549,157009b4a673adf5a5a880324608ac5d29f87de9,f9d9bb0ace7e089f2026f3c0bfb94469998dd980ba716f7c14fadaccedd9b4da,1949,1831,99,6,0,13,0,20057,4311,4291,1,19,88,0,0,99.33,99.37,102671,101969,beadc79e5c6a5f614d745b2310c9900a914c007f45de08e45714d9f9ce2d9953,1c235f0d134f9bba1947bb687148569491c4460d06d84d3ce0959b53a3fcaf7f,0
texts_no_prologue_epilogue,548,548__A15549.txt,A15549,157009b4a673adf5a5a880324608ac5d29f87de9,f9d9bb0ace7e089f2026f3c0bfb94469998dd980ba716f7c14fadaccedd9b4da,1894,1781,94,6,0,13,0,19427,4180,4161,1,18,82,0,0,99.31,99.35,99334,98661,465e658ef4039c7f970d6e3f4ef67252bed582cd1e265c417839c197e6ea62e0,b1c422b29f7085c1460572174a9315f11629d738c928173ceeb4f73a5a0d883d,0
texts_analysis_en,665,665__A15676.txt,A15676,157009b4a673adf5a5a880324608ac5d29f87de9,6cbc2a4b335a3036a5dada1b76ce01a72c264a17fcd20e444f43dcf576ff852d,1219,1196,23,0,0,0,0,17545,3856,3844,0,12,2,1,0,100.0,100.0,91656,90019,67ef82d4ae6fdaae646c97775f8114eceafa496bd23a57a6e374e2705e701e29,2adc26c9b8ac80718764692cc0b61d3112864ad559652f94252f3537c836e05f,0
texts_no_prologue_epilogue,665,665__A15676.txt,A15676,157009b4a673adf5a5a880324608ac5d29f87de9,6cbc2a4b335a3036a5dada1b76ce01a72c264a17fcd20e444f43dcf576ff852d,1217,1194,23,0,0,0,0,17350,3819,3807,0,12,2,1,0,100.0,100.0,90630,89019,9c1d1ad31d4f066315a2e5dc8920d4df5b0252cecb00820997c8334837d441f6,2116819115077c667ccd6c88681d77c50f45b3c83314c39277261c7a2e43cb85,0
texts_analysis_en,749,749__A15707.txt,A15707,157009b4a673adf5a5a880324608ac5d29f87de9,47a04c937054e4bc947cfee7f42c2d79ae31255091791ba83552534a04596423,100,97,3,0,0,0,0,1903,463,463,0,0,0,0,0,100.0,100.0,9692,9458,a2d10581b393187d5aa3fede59c7e6ccc9fbbf9b9ee145b48ceedb0ae279a7e0,387a704feaf63809eb8b76a7cba2bef26347daf93ec395a9ac07a31414a16eda,0
texts_no_prologue_epilogue,749,749__A15707.txt,A15707,157009b4a673adf5a5a880324608ac5d29f87de9,47a04c937054e4bc947cfee7f42c2d79ae31255091791ba83552534a04596423,100,97,3,0,0,0,0,1903,463,463,0,0,0,0,0,100.0,100.0,9692,9458,a2d10581b393187d5aa3fede59c7e6ccc9fbbf9b9ee145b48ceedb0ae279a7e0,387a704feaf63809eb8b76a7cba2bef26347daf93ec395a9ac07a31414a16eda,0
texts_analysis_en,415,415__A15814.txt,A15814,157009b4a673adf5a5a880324608ac5d29f87de9,8c6fa43cb6bcdf31e938d10aaefc4e137c319fc1c20323aa60ade533f6aec229,2351,2202,141,0,0,7,1,18197,3955,3948,1,6,174,3,0,99.66,99.67,99559,97573,5200175e6cba46bc8cdc07934cf0531a54e281432843e084dbcc0b035f99500f,dea980d356ec928652428ae1320d23bc93b5b72f9b4e27ddc3b1808ad759cd53,0
texts_no_prologue_epilogue,415,415__A15814.txt,A15814,157009b4a673adf5a5a880324608ac5d29f87de9,8c6fa43cb6bcdf31e938d10aaefc4e137c319fc1c20323aa60ade533f6aec229,2351,2202,141,0,0,7,1,18197,3955,3948,1,6,174,3,0,99.66,99.67,99559,97573,5200175e6cba46bc8cdc07934cf0531a54e281432843e084dbcc0b035f99500f,dea980d356ec928652428ae1320d23bc93b5b72f9b4e27ddc3b1808ad759cd53,0
texts_analysis_en,1102,1102__A15873.txt,A15873,157009b4a673adf5a5a880324608ac5d29f87de9,35334bcdc756529d776988244424812dce7c40ba70bbb2a77aca085af6730aee,1440,1397,41,0,0,2,0,15721,1944,1940,0,4,16,5,0,99.86,99.9,87821,86563,4d1b23189764530ebdfca77da99d65a4cb270cd49ea32596159a775cb4f12c92,544ed663a8ba8161016b1f83032e11592f9f0867be233555728cb3d3ea9e9763,0
texts_no_prologue_epilogue,1102,1102__A15873.txt,A15873,157009b4a673adf5a5a880324608ac5d29f87de9,35334bcdc756529d776988244424812dce7c40ba70bbb2a77aca085af6730aee,1402,1359,41,0,0,2,0,15429,1914,1910,0,4,16,5,0,99.86,99.89,86193,84952,768fdecd70508211a65dec6ff618b77cafcf21db6bd4c254e180c365924efac8,f087316e7bd27157588850d2182a5aecdb2ec6c2d62dda3fb116d40acb9dec69,0
texts_analysis_en,67,67__A15979.txt,A15979,157009b4a673adf5a5a880324608ac5d29f87de9,9a6a236a125d42d18f3f4d15ae2a198f0d0bd6c0a1a0f7b270197cf6171a7025,403,389,14,0,0,0,0,2994,858,853,0,5,5,3,0,100.0,100.0,15211,14923,21a3f5d7d470fcc5e23fcde309deaf74d374c6b3322ffca55ae787e8e0e0aa39,0eb94959cd71eb90f83e914833e656a30828a1b76294ea380e40c9df1e4e25a2,0
texts_no_prologue_epilogue,67,67__A15979.txt,A15979,157009b4a673adf5a5a880324608ac5d29f87de9,9a6a236a125d42d18f3f4d15ae2a198f0d0bd6c0a1a0f7b270197cf6171a7025,403,389,14,0,0,0,0,2994,858,853,0,5,5,3,0,100.0,100.0,15211,14923,21a3f5d7d470fcc5e23fcde309deaf74d374c6b3322ffca55ae787e8e0e0aa39,0eb94959cd71eb90f83e914833e656a30828a1b76294ea380e40c9df1e4e25a2,0
texts_analysis_en,446,446__A16527.6.txt,A16527,fb73d396772e55c1ee791f1264f1b6974065127a,1bbcfaf392d89b5e0650f1f0a68a8e4df3cbdfae32dfd5ceaef9078bbc84aaee,2226,2181,45,0,0,0,0,17294,3836,3831,0,5,4,0,0,100.0,100.0,96093,94066,1ab19092124b0332a6f32407d6297961326de29629b07d0df52e78a942bbf143,d81869da97317fc7297a094c684993f2453a890f59bb386db11ba0e8b7fe20c3,0
texts_no_prologue_epilogue,446,446__A16527.6.txt,A16527,fb73d396772e55c1ee791f1264f1b6974065127a,1bbcfaf392d89b5e0650f1f0a68a8e4df3cbdfae32dfd5ceaef9078bbc84aaee,2226,2181,45,0,0,0,0,17294,3836,3831,0,5,4,0,0,100.0,100.0,96093,94066,1ab19092124b0332a6f32407d6297961326de29629b07d0df52e78a942bbf143,d81869da97317fc7297a094c684993f2453a890f59bb386db11ba0e8b7fe20c3,0
texts_analysis_en,491,491__A16527.5.txt,A16527,fb73d396772e55c1ee791f1264f1b6974065127a,1bbcfaf392d89b5e0650f1f0a68a8e4df3cbdfae32dfd5ceaef9078bbc84aaee,2948,2935,13,0,0,0,0,22936,4712,4699,0,13,1,1,0,100.0,100.0,127095,125155,c79d30d08eb7726256b67aadca53d6f07f1b31b4e9d27221dbec58e6c0ecb25c,3d9c638e6c8f517ada0c7575874684056beba4b0ae9185e7ec23b59fcef5914d,0
texts_no_prologue_epilogue,491,491__A16527.5.txt,A16527,fb73d396772e55c1ee791f1264f1b6974065127a,1bbcfaf392d89b5e0650f1f0a68a8e4df3cbdfae32dfd5ceaef9078bbc84aaee,2948,2935,13,0,0,0,0,22936,4712,4699,0,13,1,1,0,100.0,100.0,127095,125155,c79d30d08eb7726256b67aadca53d6f07f1b31b4e9d27221dbec58e6c0ecb25c,3d9c638e6c8f517ada0c7575874684056beba4b0ae9185e7ec23b59fcef5914d,0
texts_analysis_en,608,608__A16527.1.txt,A16527,fb73d396772e55c1ee791f1264f1b6974065127a,1bbcfaf392d89b5e0650f1f0a68a8e4df3cbdfae32dfd5ceaef9078bbc84aaee,3484,3432,51,1,0,0,0,27125,5679,5661,0,18,18,2,0,100.0,100.0,152258,150004,3fcb8da73a40108283254a13348c091093aa2d6cd04ee5a068df72406cc2cab2,b6342bf9580b58cc3247cafa000a7ba5313ba3c4ae3673c8571c77a6278f3210,0
texts_no_prologue_epilogue,608,608__A16527.1.txt,A16527,fb73d396772e55c1ee791f1264f1b6974065127a,1bbcfaf392d89b5e0650f1f0a68a8e4df3cbdfae32dfd5ceaef9078bbc84aaee,3484,3432,51,1,0,0,0,27125,5679,5661,0,18,18,2,0,100.0,100.0,152258,150004,3fcb8da73a40108283254a13348c091093aa2d6cd04ee5a068df72406cc2cab2,b6342bf9580b58cc3247cafa000a7ba5313ba3c4ae3673c8571c77a6278f3210,0
texts_analysis_en,611,611__A16527.3.txt,A16527,fb73d396772e55c1ee791f1264f1b6974065127a,1bbcfaf392d89b5e0650f1f0a68a8e4df3cbdfae32dfd5ceaef9078bbc84aaee,3214,3180,33,0,0,1,0,24918,5221,5199,0,22,5,1,0,99.97,99.97,140804,138692,4bb9c4fad66d7fd128f62fde22af120fb7b3ec8ee5553aa9b4ac6ae542fd2321,eabf1c277f25d0822bb4cad167595cde06abd4eaa1c10202d270f6d1f0c34704,0
texts_no_prologue_epilogue,611,611__A16527.3.txt,A16527,fb73d396772e55c1ee791f1264f1b6974065127a,1bbcfaf392d89b5e0650f1f0a68a8e4df3cbdfae32dfd5ceaef9078bbc84aaee,3214,3180,33,0,0,1,0,24918,5221,5199,0,22,5,1,0,99.97,99.97,140804,138692,4bb9c4fad66d7fd128f62fde22af120fb7b3ec8ee5553aa9b4ac6ae542fd2321,eabf1c277f25d0822bb4cad167595cde06abd4eaa1c10202d270f6d1f0c34704,0
texts_analysis_en,448,448__A16564.2.txt,A16564,fb73d396772e55c1ee791f1264f1b6974065127a,7e637094e86f4efd39706b520dc5c3b984518d4244f964054148fce2bc4ef306,2227,2213,14,0,0,0,0,17521,2763,2758,0,5,22,2,0,100.0,100.0,97666,95734,0cfa85aa936be910728405a04f8451bd8b546b0a767f090a45328fa391873d4b,692d1143db4c93988f2b133332efa9f74d7abfeb3e9d9622ceeeae428a0a3222,0
texts_no_prologue_epilogue,448,448__A16564.2.txt,A16564,fb73d396772e55c1ee791f1264f1b6974065127a,7e637094e86f4efd39706b520dc5c3b984518d4244f964054148fce2bc4ef306,2227,2213,14,0,0,0,0,17521,2763,2758,0,5,22,2,0,100.0,100.0,97666,95734,0cfa85aa936be910728405a04f8451bd8b546b0a767f090a45328fa391873d4b,692d1143db4c93988f2b133332efa9f74d7abfeb3e9d9622ceeeae428a0a3222,0
texts_analysis_en,493,493__A16564.1.txt,A16564,fb73d396772e55c1ee791f1264f1b6974065127a,7e637094e86f4efd39706b520dc5c3b984518d4244f964054148fce2bc4ef306,2971,2955,16,0,0,0,0,23057,3770,3756,0,14,27,0,0,100.0,100.0,130298,127653,7c8e48b7a166ac872a07dab0390cdd00e4c9f85d82cb68116cc57c8dd981b512,e267763fe0948cc543923b9271a7d77b2e7a370da2e915cba8332c760f697d48,0
texts_no_prologue_epilogue,493,493__A16564.1.txt,A16564,fb73d396772e55c1ee791f1264f1b6974065127a,7e637094e86f4efd39706b520dc5c3b984518d4244f964054148fce2bc4ef306,2971,2955,16,0,0,0,0,23057,3770,3756,0,14,27,0,0,100.0,100.0,130298,127653,7c8e48b7a166ac872a07dab0390cdd00e4c9f85d82cb68116cc57c8dd981b512,e267763fe0948cc543923b9271a7d77b2e7a370da2e915cba8332c760f697d48,0
texts_analysis_en,610,610__A16564.3.txt,A16564,fb73d396772e55c1ee791f1264f1b6974065127a,7e637094e86f4efd39706b520dc5c3b984518d4244f964054148fce2bc4ef306,3482,3423,58,0,0,1,0,27000,4262,4251,0,11,85,2,0,99.97,99.97,153265,150306,b63d0dd2902aec0e38513d88ffcba436c974e29b0e4e4aa9d9c2b1ce3d80d0c1,94ca4f143c35f4fc905cfb8aa8884ac204bf8f3b581b8f67f7c062813ef97526,0
texts_no_prologue_epilogue,610,610__A16564.3.txt,A16564,fb73d396772e55c1ee791f1264f1b6974065127a,7e637094e86f4efd39706b520dc5c3b984518d4244f964054148fce2bc4ef306,3482,3423,58,0,0,1,0,27000,4262,4251,0,11,85,2,0,99.97,99.97,153265,150306,b63d0dd2902aec0e38513d88ffcba436c974e29b0e4e4aa9d9c2b1ce3d80d0c1,94ca4f143c35f4fc905cfb8aa8884ac204bf8f3b581b8f67f7c062813ef97526,0
texts_analysis_en,613,613__A16564.4.txt,A16564,fb73d396772e55c1ee791f1264f1b6974065127a,7e637094e86f4efd39706b520dc5c3b984518d4244f964054148fce2bc4ef306,3211,3195,16,0,0,0,0,24805,3843,3824,0,19,38,2,0,100.0,100.0,141033,138623,ee852fc8f3c23538888f200cf78be79ff7e9031f72d15f772bb092060f1a2a4c,445c44ef664de4d9ea36f6ebfb372693ae87e41d8fd4ba511594cb857ad99cd4,0
texts_no_prologue_epilogue,613,613__A16564.4.txt,A16564,fb73d396772e55c1ee791f1264f1b6974065127a,7e637094e86f4efd39706b520dc5c3b984518d4244f964054148fce2bc4ef306,3211,3195,16,0,0,0,0,24805,3843,3824,0,19,38,2,0,100.0,100.0,141033,138623,ee852fc8f3c23538888f200cf78be79ff7e9031f72d15f772bb092060f1a2a4c,445c44ef664de4d9ea36f6ebfb372693ae87e41d8fd4ba511594cb857ad99cd4,0
texts_analysis_en,495,495__A16900.txt,A16900,fb73d396772e55c1ee791f1264f1b6974065127a,043c3699c567e8f330454a259b15503e5dcd45964311f56b131c5a5a8107867f,1166,1020,142,0,0,4,0,9129,1710,1705,0,5,172,4,0,99.66,99.66,47257,47284,eafc17a4ad9873ef51e30d2566c42baa3427bb3dbe7d8e6382f974fd6815981a,e2bddbff8fa8a18cf77d5e6212949b8d32bf0a6b055f3e0006cf4c2784e074e0,0
texts_no_prologue_epilogue,495,495__A16900.txt,A16900,fb73d396772e55c1ee791f1264f1b6974065127a,043c3699c567e8f330454a259b15503e5dcd45964311f56b131c5a5a8107867f,1166,1020,142,0,0,4,0,9129,1710,1705,0,5,172,4,0,99.66,99.66,47257,47284,eafc17a4ad9873ef51e30d2566c42baa3427bb3dbe7d8e6382f974fd6815981a,e2bddbff8fa8a18cf77d5e6212949b8d32bf0a6b055f3e0006cf4c2784e074e0,0
texts_analysis_en,1140,1140__A16923.txt,A16923,fb73d396772e55c1ee791f1264f1b6974065127a,a0c11e8dac07e2e5f393d403ed79664eb268bd9e69ede03f8d6aa383db06d1d1,3081,3057,23,0,0,1,0,22519,2839,2829,0,10,14,1,0,99.97,99.97,118186,116557,08d44921f811fcaae4021223293b0be4d3ff6b25e4ab47e27ce330d6712bc091,bd78ab315ceacb79bec42104464abf86710c4d515fa6f68cd7052828d90908bd,0
texts_no_prologue_epilogue,1140,1140__A16923.txt,A16923,fb73d396772e55c1ee791f1264f1b6974065127a,a0c11e8dac07e2e5f393d403ed79664eb268bd9e69ede03f8d6aa383db06d1d1,3041,3019,21,0,0,1,0,22194,2798,2788,0,10,12,1,0,99.97,99.97,116430,114831,a9a34d7daa4bdc6a7a2db936a8b4a837fe61caaacb41bbd25dafa2f81cd99685,c6572f048a6681c44c1da2d277cade35f9c2bc54ae1fd93e8a42d4213221462e,0
texts_analysis_en,981,981__A16924.txt,A16924,fb73d396772e55c1ee791f1264f1b6974065127a,b8963ecedc31d0a53acc7117d717be512f1e864447b9bf821f33f654c9eaf741,1354,936,408,2,0,8,0,27204,4845,4837,0,8,794,59,0,99.41,99.68,140873,139952,08e1e6a162d92dd92395d6d29ac4cba9a2e78c01692ce336e43ef179efc7cfc0,af8bebf5a3e5f7b722fce698ccfa6901ff59366daf49647a7743dfaba76fe9b8,0
texts_no_prologue_epilogue,981,981__A16924.txt,A16924,fb73d396772e55c1ee791f1264f1b6974065127a,b8963ecedc31d0a53acc7117d717be512f1e864447b9bf821f33f654c9eaf741,1334,917,407,2,0,8,0,27049,4816,4808,0,8,793,59,0,99.4,99.68,140007,139103,5bef5fe51e96fd0d3f74497b751c84734e7afa958ba6a79b97b4448397eaa0ed,9951ce9f858d4b1ff492ccf91795d339c4c4eb20f938e43594ef4f22b77381b9,0
texts_analysis_en,177,177__A17029.txt,A17029,29f7f331fcdb17f1f4558c64fb9a25d0b3c3b733,c1be7f423a7d4d2e2439965897dea625fe6a4d8ba5c9ecaef04269fcc3fe48b9,52,44,7,0,0,1,0,2091,459,458,0,1,1,0,0,98.08,99.5,11575,11266,4a9800d13c9054add2bc83160e2f838d957ed4fc257b058ec0cfd9ff0b2eef86,519b24edb1085dade89e4b26cb84ed4f8628a55fedf04488f4217903b0aa4d88,0
texts_no_prologue_epilogue,177,177__A17029.txt,A17029,29f7f331fcdb17f1f4558c64fb9a25d0b3c3b733,c1be7f423a7d4d2e2439965897dea625fe6a4d8ba5c9ecaef04269fcc3fe48b9,52,44,7,0,0,1,0,2091,459,458,0,1,1,0,0,98.08,99.5,11575,11266,4a9800d13c9054add2bc83160e2f838d957ed4fc257b058ec0cfd9ff0b2eef86,519b24edb1085dade89e4b26cb84ed4f8628a55fedf04488f4217903b0aa4d88,0
texts_analysis_en,1042,1042__A17342.txt,A17342,29f7f331fcdb17f1f4558c64fb9a25d0b3c3b733,2b9987a26d9d568682bfd9598aa2dd0b88121c5ed249b2786e5a61a549ce28c4,166,165,1,0,0,0,0,1169,238,238,0,0,0,0,0,100.0,100.0,6303,6178,2a8df2ec6f643e4912b98484f458866a93d9654a8994b7e527ffed9c1bed6202,c9e1b6ce19b1ae7a140f6fa28317a3fd5bfda65206f5e6ffa3f3a29dabd4d11b,0
texts_no_prologue_epilogue,1042,1042__A17342.txt,A17342,29f7f331fcdb17f1f4558c64fb9a25d0b3c3b733,2b9987a26d9d568682bfd9598aa2dd0b88121c5ed249b2786e5a61a549ce28c4,166,165,1,0,0,0,0,1169,238,238,0,0,0,0,0,100.0,100.0,6303,6178,2a8df2ec6f643e4912b98484f458866a93d9654a8994b7e527ffed9c1bed6202,c9e1b6ce19b1ae7a140f6fa28317a3fd5bfda65206f5e6ffa3f3a29dabd4d11b,0
texts_analysis_en,822,822__A17460.txt,A17460,29f7f331fcdb17f1f4558c64fb9a25d0b3c3b733,06a4a5409b1408b5442085f1e745834d4e8ca38e00e777475b793f5504a74fa4,2698,2616,72,0,0,9,1,26853,4895,4863,0,32,35,1,0,99.63,99.68,138244,136645,6069a04bb9ea1bafcd0fd907a69d838442ad7978e7e79d7a71cfce37ae7cfeca,1a32da644c81c14459abfb157326b96363be01dc41dbfe5ae7af1c31de40b38c,0
texts_no_prologue_epilogue,822,822__A17460.txt,A17460,29f7f331fcdb17f1f4558c64fb9a25d0b3c3b733,06a4a5409b1408b5442085f1e745834d4e8ca38e00e777475b793f5504a74fa4,2676,2594,72,0,0,9,1,26667,4857,4825,0,32,35,1,0,99.63,99.68,137254,135675,7ae24f4b5ae01fbee418556689c910254242e771acbaef6f31c2d830b845d717,3ac85350fd62129f1c6529656c5d5df63496105123be3af593058b576f50c765,0
texts_analysis_en,561,561__A17871.txt,A17871,29f7f331fcdb17f1f4558c64fb9a25d0b3c3b733,21acf0b870f5ca99df52181623c41855c2a3355200b926f71b784aebde9ce718,326,314,11,0,0,1,0,2486,558,557,0,1,3,0,0,99.69,99.65,14153,13940,d0b3f78357d6954261cfba28759fa7138ad582b247a21c1e40f8a273eca9eaf9,ed28b2de5012c8b0b1a505771878bfe3a0f46940b1865a142b38a33021f47293,0
texts_no_prologue_epilogue,561,561__A17871.txt,A17871,29f7f331fcdb17f1f4558c64fb9a25d0b3c3b733,21acf0b870f5ca99df52181623c41855c2a3355200b926f71b784aebde9ce718,326,314,11,0,0,1,0,2486,558,557,0,1,3,0,0,99.69,99.65,14153,13940,d0b3f78357d6954261cfba28759fa7138ad582b247a21c1e40f8a273eca9eaf9,ed28b2de5012c8b0b1a505771878bfe3a0f46940b1865a142b38a33021f47293,0
texts_analysis_en,727,727__A17879.1.txt,A17879,29f7f331fcdb17f1f4558c64fb9a25d0b3c3b733,9d11276648c4eda5673660efc74546e0bc641e3f99a37d35ec24abc4d07a3fb6,154,151,3,0,0,0,0,1974,397,397,0,0,1,0,0,100.0,100.0,11098,10864,adab20f78ed8ffe28d8a4e16029f9a8e3af137df2d3391b40faa252a6593e2d2,e6f9baad040c6b9efe0b4418f498399411e7034ce50362062c7be5835acabe8d,0
texts_no_prologue_epilogue,727,727__A17879.1.txt,A17879,29f7f331fcdb17f1f4558c64fb9a25d0b3c3b733,9d11276648c4eda5673660efc74546e0bc641e3f99a37d35ec24abc4d07a3fb6,154,151,3,0,0,0,0,1974,397,397,0,0,1,0,0,100.0,100.0,11098,10864,adab20f78ed8ffe28d8a4e16029f9a8e3af137df2d3391b40faa252a6593e2d2,e6f9baad040c6b9efe0b4418f498399411e7034ce50362062c7be5835acabe8d,0
texts_analysis_en,728,728__A17879.2.txt,A17879,29f7f331fcdb17f1f4558c64fb9a25d0b3c3b733,9d11276648c4eda5673660efc74546e0bc641e3f99a37d35ec24abc4d07a3fb6,315,310,5,0,0,0,0,2159,446,423,0,23,1,0,0,100.0,100.0,12540,12308,e12cecc7540e7c061a804cf08ae94b9234d6795ab7bd4404828ad4bd9654f9ee,ae47001fdf5fd7ec7090f5734982ed0dc370545fed227ec43e7d9ef15318e81d,0
texts_no_prologue_epilogue,728,728__A17879.2.txt,A17879,29f7f331fcdb17f1f4558c64fb9a25d0b3c3b733,9d11276648c4eda5673660efc74546e0bc641e3f99a37d35ec24abc4d07a3fb6,315,310,5,0,0,0,0,2159,446,423,0,23,1,0,0,100.0,100.0,12540,12308,e12cecc7540e7c061a804cf08ae94b9234d6795ab7bd4404828ad4bd9654f9ee,ae47001fdf5fd7ec7090f5734982ed0dc370545fed227ec43e7d9ef15318e81d,0
texts_analysis_en,1023,1023__A17961.1.txt,A17961,29f7f331fcdb17f1f4558c64fb9a25d0b3c3b733,74b27c03ccde342bf7dc86f74f23127dc7949c80a839fd834a306685c63ddf05,632,564,62,4,0,1,1,7635,1030,1009,1,20,60,21,0,99.68,99.89,44984,44510,383c8c7646746e8cfb90672a982a4e4c7d69752ae42bca41b39f6deb07dba2ae,8954548f546c8e645fd460df02c611fdc3d064be9355079faa2c5a0b01c0823c,0
texts_no_prologue_epilogue,1023,1023__A17961.1.txt,A17961,29f7f331fcdb17f1f4558c64fb9a25d0b3c3b733,74b27c03ccde342bf7dc86f74f23127dc7949c80a839fd834a306685c63ddf05,632,564,62,4,0,1,1,7635,1030,1009,1,20,60,21,0,99.68,99.89,44984,44510,383c8c7646746e8cfb90672a982a4e4c7d69752ae42bca41b39f6deb07dba2ae,8954548f546c8e645fd460df02c611fdc3d064be9355079faa2c5a0b01c0823c,0
texts_analysis_en,917,917__A17968.txt,A17968,29f7f331fcdb17f1f4558c64fb9a25d0b3c3b733,4c7ffbfa0dd9c7778d074dcadd657970a66a0b15cc3650a290b12c264154774e,3141,3102,38,1,0,0,0,25949,4425,4393,0,32,2,1,0,100.0,100.0,134155,132548,1d1ca9668e30ab2eda50f9d8565fd82d8fcd21de97460cdbbb421e5871f8bf61,01c4f03ca965684826d63479bff87f109210b3a5d055c88298bcafee29d36e13,0
texts_no_prologue_epilogue,917,917__A17968.txt,A17968,29f7f331fcdb17f1f4558c64fb9a25d0b3c3b733,4c7ffbfa0dd9c7778d074dcadd657970a66a0b15cc3650a290b12c264154774e,3113,3075,37,1,0,0,0,25716,4376,4344,0,32,2,1,0,100.0,100.0,132865,131280,afc2f003fec065c495cba0f4360267254c2912265fa207096c7abee69c071597,46ec8df291a7833f8b08121c235fa8fa1f16c1b8dd4053cddd417f8e01c8259e,0
texts_analysis_en,1121,1121__A18083.txt,A18083,4670b9c9996cf07e0de73d2e9195582a99e106e9,507a6bdb81d1bdf11537d1427adf7ed0a77a5339de18ad0f2f8cdec7d726e676,1725,1699,23,1,0,2,0,14085,1831,1829,0,2,15,2,0,99.88,99.9,75821,74613,60711f9050d6835c68e4759b2f92c8ba6fcbdedf6b4a5e7f29922badf01908b6,e5a3cfce72139811a54443c758cdd760ef863a25f22ae7a27fdba2c8c3b4798c,0
texts_no_prologue_epilogue,1121,1121__A18083.txt,A18083,4670b9c9996cf07e0de73d2e9195582a99e106e9,507a6bdb81d1bdf11537d1427adf7ed0a77a5339de18ad0f2f8cdec7d726e676,1582,1559,21,1,0,1,0,12880,1665,1663,0,2,12,2,0,99.94,99.95,69353,68255,2158218570e96f6cad5acd1a20cafca0c86a8dd5823b7e306bf9e2a259e7c905,b05160d01650bdce7d94381323dbd6372c536fc430dc10ec09919dde94380032,0
texts_analysis_en,952,952__A18331.txt,A18331,4670b9c9996cf07e0de73d2e9195582a99e106e9,bc6608f995ceb897debba01b4d25c63089796730a8e1b9f740f814f16fdf397a,1320,1178,141,0,0,1,0,97758,16908,16886,0,22,220,78,0,99.92,99.95,521558,512304,939a2f8d8a392ec9ee5f8fb22169bf9ff8c97cfd03ae9376bef0b121733a2b59,9a81097a2df231cd717f8884bee1daef991c631d390b2d47752819abf11bb513,0
texts_no_prologue_epilogue,952,952__A18331.txt,A18331,4670b9c9996cf07e0de73d2e9195582a99e106e9,bc6608f995ceb897debba01b4d25c63089796730a8e1b9f740f814f16fdf397a,1314,1173,140,0,0,1,0,95937,16642,16621,0,21,219,78,0,99.92,99.95,511077,501976,afe836bd9ab2b7e66c7e74e96a2f5540e0b1ee13692dacb76a535fde889dc65a,80a8a2555d7be7295ac97ae7af230e3b070e97efe511bc66c128f06954cf7552,0
texts_analysis_en,518,518__A18400.txt,A18400,4670b9c9996cf07e0de73d2e9195582a99e106e9,781deaf4cd78c266b872f56f258234d0bef7277669852fa155fdfae05f42d5a7,2044,1718,288,7,0,27,4,18919,3779,3774,0,5,280,64,0,98.48,98.75,101322,100490,e2fa50521014b8d70592505082cadc13501f516e2720a9c21ad1eb06a7568cf5,9988b2b3a1163d2712f76e01b455790e7ab90eb330a19b61e03c60fc90c050dc,0
texts_no_prologue_epilogue,518,518__A18400.txt,A18400,4670b9c9996cf07e0de73d2e9195582a99e106e9,781deaf4cd78c266b872f56f258234d0bef7277669852fa155fdfae05f42d5a7,1996,1675,283,7,0,27,4,18540,3693,3689,0,4,277,64,0,98.45,98.73,99155,98368,b4c248fb94ef911563174e7d2e6c868a59e661dc6dc137d21228f3efaae8db58,992430e19ba1e3c94a01215d76ba50b1a67c4ab1050dbadcb59301758fca5d49,0
texts_analysis_en,310,310__A18402.txt,A18402,4670b9c9996cf07e0de73d2e9195582a99e106e9,c96673d9015da04356aec770199c9c23b4130f049da7817c67aa78e09ff06047,1377,1147,211,6,0,13,0,13042,2862,2849,9,4,213,31,0,99.06,99.22,67303,66507,e0e64b2ac63bda7f8b58b1580644647e05bb6c06554aca4c564c13ff351e7102,d0d57e454ef75333c3e60f707c40788cdc4a1ef84998c138684dd75616ae7ff9,0
texts_no_prologue_epilogue,310,310__A18402.txt,A18402,4670b9c9996cf07e0de73d2e9195582a99e106e9,c96673d9015da04356aec770199c9c23b4130f049da7817c67aa78e09ff06047,1377,1147,211,6,0,13,0,13042,2862,2849,9,4,213,31,0,99.06,99.22,67303,66507,e0e64b2ac63bda7f8b58b1580644647e05bb6c06554aca4c564c13ff351e7102,d0d57e454ef75333c3e60f707c40788cdc4a1ef84998c138684dd75616ae7ff9,0
texts_analysis_en,579,579__A18403.txt,A18403,4670b9c9996cf07e0de73d2e9195582a99e106e9,3297ee0175b5291af7c3d1aeef28ca097a8a7dd0d899265915e9e0a92b376a8c,2416,2408,7,0,0,1,0,19838,3794,3787,0,7,0,0,0,99.96,99.96,106807,105212,cc9747d580cac0daf6bca43f2004c6007280d735929e58f87b62a12f0c0a2ea7,d86a19cfa27ce63cd35980134febdf9d9759faf2367f668320f54f3b6b01597a,0
texts_no_prologue_epilogue,579,579__A18403.txt,A18403,4670b9c9996cf07e0de73d2e9195582a99e106e9,3297ee0175b5291af7c3d1aeef28ca097a8a7dd0d899265915e9e0a92b376a8c,2416,2408,7,0,0,1,0,19838,3794,3787,0,7,0,0,0,99.96,99.96,106807,105212,cc9747d580cac0daf6bca43f2004c6007280d735929e58f87b62a12f0c0a2ea7,d86a19cfa27ce63cd35980134febdf9d9759faf2367f668320f54f3b6b01597a,0
texts_analysis_en,647,647__A18404.1.txt,A18404,4670b9c9996cf07e0de73d2e9195582a99e106e9,947701199ff4508c69d529d66c5397b3ab392d6ac10d1621067f92ab95bc09e1,2090,1997,67,0,0,2,24,16261,3251,3245,0,6,64,1,0,98.76,98.71,90289,88927,817903b478cce5c0b7dcbc99425f6d1e71cf56529f7ae3297e17b7060ab897a0,196815e40f34badd864fae454c3f347836da9708c301bf4fb635696b5ea38ea7,0
texts_no_prologue_epilogue,647,647__A18404.1.txt,A18404,4670b9c9996cf07e0de73d2e9195582a99e106e9,947701199ff4508c69d529d66c5397b3ab392d6ac10d1621067f92ab95bc09e1,2066,1997,67,0,0,2,0,16261,3251,3245,0,6,64,1,0,99.9,99.91,89213,87851,a788fe1f91abe977943fb34ab79f48e051afbbc7367716ce478b92ca4c5fc5f0,a95bf613010f0a8d91040b2c4cf28db925f45bce394e9103fc634d63eb1e5070,0
texts_analysis_en,649,649__A18404.2.txt,A18404,4670b9c9996cf07e0de73d2e9195582a99e106e9,947701199ff4508c69d529d66c5397b3ab392d6ac10d1621067f92ab95bc09e1,2381,2307,73,0,0,1,0,18491,3664,3657,0,7,66,1,0,99.96,99.96,101247,99930,101030bb3c8165905036a87793554c5c430e53f1c8e983a083d129cb90e31b58,8331c7e09e5bd1933efecd1d68d4cd0970c943fc6ab246088aa1562d1ee9b526,0
texts_no_prologue_epilogue,649,649__A18404.2.txt,A18404,4670b9c9996cf07e0de73d2e9195582a99e106e9,947701199ff4508c69d529d66c5397b3ab392d6ac10d1621067f92ab95bc09e1,2381,2307,73,0,0,1,0,18491,3664,3657,0,7,66,1,0,99.96,99.96,101247,99930,101030bb3c8165905036a87793554c5c430e53f1c8e983a083d129cb90e31b58,8331c7e09e5bd1933efecd1d68d4cd0970c943fc6ab246088aa1562d1ee9b526,0
texts_analysis_en,514,514__A18407.txt,A18407,4670b9c9996cf07e0de73d2e9195582a99e106e9,fcc34b8d2fb5523d04065d018af14359e95b0a8b9fbdfcdcf3c70bc6f2d95931,1010,942,66,0,1,1,0,24028,4887,4871,0,16,7,0,0,99.9,99.97,127323,124824,afec4cb6f951a20be1db2287d0b12405c3b579eb8bc1a4e14f755067ce3a49f4,880eacb36f6be7986a7bc79d3befa1a7829ac992461f2319be7eadb6bd79ea8f,0
texts_no_prologue_epilogue,514,514__A18407.txt,A18407,4670b9c9996cf07e0de73d2e9195582a99e106e9,fcc34b8d2fb5523d04065d018af14359e95b0a8b9fbdfcdcf3c70bc6f2d95931,1010,942,66,0,1,1,0,24028,4887,4871,0,16,7,0,0,99.9,99.97,127323,124824,afec4cb6f951a20be1db2287d0b12405c3b579eb8bc1a4e14f755067ce3a49f4,880eacb36f6be7986a7bc79d3befa1a7829ac992461f2319be7eadb6bd79ea8f,0
texts_analysis_en,533,533__A18413.txt,A18413,4670b9c9996cf07e0de73d2e9195582a99e106e9,ebf19e3136f292cd67b110b55f9749054152bd4332d9d52f80e1ab35694dbea9,2576,2110,420,12,0,31,3,20645,3945,3935,0,10,474,74,0,98.68,98.92,107888,107359,37793ab48095ce3e38f2a2f731b129523c728e56fc1e274d524c52def6466c1b,c55de3905c25d32da0e8836cfccccda750bfabad57b60946a21daa47bb6a7ebe,0
texts_no_prologue_epilogue,533,533__A18413.txt,A18413,4670b9c9996cf07e0de73d2e9195582a99e106e9,ebf19e3136f292cd67b110b55f9749054152bd4332d9d52f80e1ab35694dbea9,2576,2110,420,12,0,31,3,20645,3945,3935,0,10,474,74,0,98.68,98.92,107888,107359,37793ab48095ce3e38f2a2f731b129523c728e56fc1e274d524c52def6466c1b,c55de3905c25d32da0e8836cfccccda750bfabad57b60946a21daa47bb6a7ebe,0
texts_analysis_en,695,695__A18415.txt,A18415,4670b9c9996cf07e0de73d2e9195582a99e106e9,501085c97dd8d59beaa0af5c99d3506c5b9ab5c3ff536a9cec5d49875f9dd12e,1123,1031,91,0,0,1,0,23089,4189,4179,1,9,91,2,0,99.91,99.86,120179,118525,03ba48ca8312c78c806cbe3ceeed3a691309edf4473fbfd71badd8ed8bd07ce8,01cf661e40ca839f8363714509f67fdf115fd5cbb3f1be5620f24e2c5a7a9015,0
texts_no_prologue_epilogue,695,695__A18415.txt,A18415,4670b9c9996cf07e0de73d2e9195582a99e106e9,501085c97dd8d59beaa0af5c99d3506c5b9ab5c3ff536a9cec5d49875f9dd12e,1123,1031,91,0,0,1,0,23089,4189,4179,1,9,91,2,0,99.91,99.86,120179,118525,03ba48ca8312c78c806cbe3ceeed3a691309edf4473fbfd71badd8ed8bd07ce8,01cf661e40ca839f8363714509f67fdf115fd5cbb3f1be5620f24e2c5a7a9015,0
texts_analysis_en,710,710__A18421.txt,A18421,4670b9c9996cf07e0de73d2e9195582a99e106e9,612172a98008c3e8d63556c82387b12319dc4be85c9cc7da1f1b405d7fa5b311,2612,2519,91,0,0,2,0,19666,4025,4018,0,7,98,1,0,99.92,99.92,107455,105542,7be708caad0cdf0a68e524b377afa1ad2d72cf75d160c95902b889c523f43748,20e1a14a1cd4e8c3e602a35d138a0469677bd2c3ef63b941022a06caccb56ced,0
texts_no_prologue_epilogue,710,710__A18421.txt,A18421,4670b9c9996cf07e0de73d2e9195582a99e106e9,612172a98008c3e8d63556c82387b12319dc4be85c9cc7da1f1b405d7fa5b311,2612,2519,91,0,0,2,0,19666,4025,4018,0,7,98,1,0,99.92,99.92,107455,105542,7be708caad0cdf0a68e524b377afa1ad2d72cf75d160c95902b889c523f43748,20e1a14a1cd4e8c3e602a35d138a0469677bd2c3ef63b941022a06caccb56ced,0
texts_analysis_en,813,813__A18423.txt,A18423,4670b9c9996cf07e0de73d2e9195582a99e106e9,a539d4e71e8b4d15172b6105b7d2f8c163d76e4095de27c097830cba6f93b4c7,871,561,309,1,0,0,0,34471,5924,5915,3,6,538,29,0,100.0,100.0,176657,174429,42862eb25f2121c2082f51ce7ae744657eb89ce88e0cddfb0a4ba4bf6aa025f5,2f471a96874dcd9f26566a4d0e2e7e4c9823c19e94416b7569c8a2c2a5cd331c,0
texts_no_prologue_epilogue,813,813__A18423.txt,A18423,4670b9c9996cf07e0de73d2e9195582a99e106e9,a539d4e71e8b4d15172b6105b7d2f8c163d76e4095de27c097830cba6f93b4c7,869,561,307,1,0,0,0,34154,5878,5869,3,6,523,24,0,100.0,100.0,174914,172652,492eb45059fee6543e24ca9231eb86eafe7efde2b58449afa26f667e2b5a5b83,a54e04686a29daf1f8a3cb37cb57e47bc108ac3b6ed23d4911e44bbae0a7c69c,0
texts_analysis_en,958,958__A18425.txt,A18425,4670b9c9996cf07e0de73d2e9195582a99e106e9,ddbc7e7a593e1603a6d9e33a108c538ed187f963238995e71b621fdd8d2f4d33,2239,2199,37,0,0,3,0,16730,2986,2977,0,9,32,1,0,99.87,99.86,91664,90659,34807cfb31200ce2cf90a0047a1271e6485cbde92ea95ebf94c53e7c9c2e4874,cd91239c8c844cb578f650f248f109f905f37e3eccabdc40b066efb1f3d2a121,0
texts_no_prologue_epilogue,958,958__A18425.txt,A18425,4670b9c9996cf07e0de73d2e9195582a99e106e9,ddbc7e7a593e1603a6d9e33a108c538ed187f963238995e71b621fdd8d2f4d33,2239,2199,37,0,0,3,0,16730,2986,2977,0,9,32,1,0,99.87,99.86,91664,90659,34807cfb31200ce2cf90a0047a1271e6485cbde92ea95ebf94c53e7c9c2e4874,cd91239c8c844cb578f650f248f109f905f37e3eccabdc40b066efb1f3d2a121,0
texts_analysis_en,699,699__A18426.txt,A18426,4670b9c9996cf07e0de73d2e9195582a99e106e9,210f305bb2d2101a7fd0de64d31fd78f8cdd31425012ba4310f39d3a39f83cca,1382,1370,11,0,1,0,0,21461,4522,4509,0,13,1,2,0,100.0,100.0,116022,114045,a44c543a6a0229fe58d3f94e256c31a1d5f169230eaabc43e7435d044a0ad6a8,0679cfc4eb545bb862d7bd0726217c8b96a8eaeb3c8b75acefc4330216168d5c,0
texts_no_prologue_epilogue,699,699__A18426.txt,A18426,4670b9c9996cf07e0de73d2e9195582a99e106e9,210f305bb2d2101a7fd0de64d31fd78f8cdd31425012ba4310f39d3a39f83cca,1382,1370,11,0,1,0,0,21461,4522,4509,0,13,1,2,0,100.0,100.0,116022,114045,a44c543a6a0229fe58d3f94e256c31a1d5f169230eaabc43e7435d044a0ad6a8,0679cfc4eb545bb862d7bd0726217c8b96a8eaeb3c8b75acefc4330216168d5c,0
texts_analysis_en,1095,1095__A18427.txt,A18427,4670b9c9996cf07e0de73d2e9195582a99e106e9,fecfa614128f2c5ab0d3e2f118c43ce90a72be376a1656aa702f428cf1f5c2d7,2601,2586,14,0,0,1,0,17752,2479,2471,2,6,1,0,0,99.96,99.97,92185,91094,99e95c7a78a4bffc4a61f6f57a9578ca5eded82c9fe50d777fc7885149ee6934,9f26505f402d18aad83beb67903d5c98eff8ce37f12d83352b266ba6b8caac7e,0
texts_no_prologue_epilogue,1095,1095__A18427.txt,A18427,4670b9c9996cf07e0de73d2e9195582a99e106e9,fecfa614128f2c5ab0d3e2f118c43ce90a72be376a1656aa702f428cf1f5c2d7,2601,2586,14,0,0,1,0,17752,2479,2471,2,6,1,0,0,99.96,99.97,92185,91094,99e95c7a78a4bffc4a61f6f57a9578ca5eded82c9fe50d777fc7885149ee6934,9f26505f402d18aad83beb67903d5c98eff8ce37f12d83352b266ba6b8caac7e,0
texts_analysis_en,1011,1011__A18463.txt,A18463,4670b9c9996cf07e0de73d2e9195582a99e106e9,57594953fdf5b5035f62b29c25c7ad7e53b478fa0d0c8c7ddac6fbc4d3eeb87b,336,334,2,0,0,0,0,3000,526,523,0,3,1,0,0,100.0,100.0,17543,17176,5fd3e5de607a8079b49632e0c5aaf8d088f437770b1c1efcbec6b82f6c8b1c36,99585c23a5a9a1b0385a9ba80a6957586050fbbc1af7d7996022324ce5fe14aa,0
texts_no_prologue_epilogue,1011,1011__A18463.txt,A18463,4670b9c9996cf07e0de73d2e9195582a99e106e9,57594953fdf5b5035f62b29c25c7ad7e53b478fa0d0c8c7ddac6fbc4d3eeb87b,336,334,2,0,0,0,0,3000,526,523,0,3,1,0,0,100.0,100.0,17543,17176,5fd3e5de607a8079b49632e0c5aaf8d088f437770b1c1efcbec6b82f6c8b1c36,99585c23a5a9a1b0385a9ba80a6957586050fbbc1af7d7996022324ce5fe14aa,0
texts_analysis_en,679,679__A18589.txt,A18589,4670b9c9996cf07e0de73d2e9195582a99e106e9,67adcce32546db83b09e69dfb536053cf3deca38fb8fdce5d63424206b53b5fc,444,441,3,0,0,0,0,3367,785,776,0,9,0,0,0,100.0,100.0,19465,19062,711d5f3b5480cdcb0e7708f853411ad84d6b9ed9bb83b9ee1aad401540403fe8,364ab5d217b85c91e0a0aa9485f80e342913c1131f4e20bbd3c835637a17f0d1,0
texts_no_prologue_epilogue,679,679__A18589.txt,A18589,4670b9c9996cf07e0de73d2e9195582a99e106e9,67adcce32546db83b09e69dfb536053cf3deca38fb8fdce5d63424206b53b5fc,444,441,3,0,0,0,0,3367,785,776,0,9,0,0,0,100.0,100.0,19465,19062,711d5f3b5480cdcb0e7708f853411ad84d6b9ed9bb83b9ee1aad401540403fe8,364ab5d217b85c91e0a0aa9485f80e342913c1131f4e20bbd3c835637a17f0d1,0
texts_analysis_en,951,951__A18596.txt,A18596,4670b9c9996cf07e0de73d2e9195582a99e106e9,12af2d8979dcedb3c05c38624132e904d2b6d4b97bc6105fb9df44171d8ef326,2251,2060,187,0,0,4,0,19677,4027,4009,0,18,159,7,0,99.82,99.85,105570,104294,2a291028ceacb5219834d250c4eaddf4ea40b7b3b0d56debf9bb428f9984761a,fa88cd73b09f2e8f410728179a619a8a1846bbe7ab7adeb5c712fd5c5510cd12,0
texts_no_prologue_epilogue,951,951__A18596.txt,A18596,4670b9c9996cf07e0de73d2e9195582a99e106e9,12af2d8979dcedb3c05c38624132e904d2b6d4b97bc6105fb9df44171d8ef326,2251,2060,187,0,0,4,0,19677,4027,4009,0,18,159,7,0,99.82,99.85,105570,104294,2a291028ceacb5219834d250c4eaddf4ea40b7b3b0d56debf9bb428f9984761a,fa88cd73b09f2e8f410728179a619a8a1846bbe7ab7adeb5c712fd5c5510cd12,0
texts_analysis_en,128,128__A18729.txt,A18729,4670b9c9996cf07e0de73d2e9195582a99e106e9,c29ae702d8fbe3d590e126b94a22518892d81ae9107797ba13bee0dce255846e,718,532,152,22,0,4,8,6414,1536,1529,0,7,147,31,0,98.33,99.07,34217,33916,0baa7f2c5f426a4950bd8f0e850a68b02caf5ccc312e01b1ff33cb6c260db6fc,b4048bfbf508e1283155365bbf871b187ea3326c091b4a9335f80548e608ea94,0
texts_no_prologue_epilogue,128,128__A18729.txt,A18729,4670b9c9996cf07e0de73d2e9195582a99e106e9,c29ae702d8fbe3d590e126b94a22518892d81ae9107797ba13bee0dce255846e,718,532,152,22,0,4,8,6414,1536,1529,0,7,147,31,0,98.33,99.07,34217,33916,0baa7f2c5f426a4950bd8f0e850a68b02caf5ccc312e01b1ff33cb6c260db6fc,b4048bfbf508e1283155365bbf871b187ea3326c091b4a9335f80548e608ea94,0
texts_analysis_en,433,433__A19182.txt,A19182,587630652c17b4b61fcb59cce619037b696dd3ba,47bef0f8d53ad42ccde1b4e867fd96ec736c199e7c0a47f22e773abaac46a738,1240,1153,73,9,0,1,4,9861,1776,1770,1,5,1,77,0,99.6,99.76,53121,52754,6f13ac4af2e261ab610a9adcd58e7df87a8b50430263166fcec4d39b142defd7,a27d76feca86a79c9f29da56a8f031a0cf8bb8b0fc9183d273fa662b01ef7184,0
texts_no_prologue_epilogue,433,433__A19182.txt,A19182,587630652c17b4b61fcb59cce619037b696dd3ba,47bef0f8d53ad42ccde1b4e867fd96ec736c199e7c0a47f22e773abaac46a738,1205,1118,73,9,0,1,4,9604,1716,1710,1,5,1,77,0,99.59,99.76,51626,51307,001efed3d41ec1ef329cd78dd5555465308dcd805aa1f97298205d98908fb592,18051a4225edcab826bc2b467e0cb551548fa9af3e8f217bc23159adc1cbde55,0
texts_analysis_en,434,434__A19183.txt,A19183,587630652c17b4b61fcb59cce619037b696dd3ba,ddc3b7700214a60b68eac99835ebbc23aa07abbf928e01e81ecb2c019682096c,2501,2423,73,1,0,4,0,21409,3830,3818,0,12,18,6,0,99.84,99.86,109867,108900,de08ef9dd5c417fd5c9d5c92e3e10acc98342e3c1ea7b4b4330b3b6b85fb2411,578e828fdd83b41a0c024b9202ec370ac7ef8f03d6b84a740ebb9f67cf85a09d,0
texts_no_prologue_epilogue,434,434__A19183.txt,A19183,587630652c17b4b61fcb59cce619037b696dd3ba,ddc3b7700214a60b68eac99835ebbc23aa07abbf928e01e81ecb2c019682096c,2501,2423,73,1,0,4,0,21409,3830,3818,0,12,18,6,0,99.84,99.86,109867,108900,de08ef9dd5c417fd5c9d5c92e3e10acc98342e3c1ea7b4b4330b3b6b85fb2411,578e828fdd83b41a0c024b9202ec370ac7ef8f03d6b84a740ebb9f67cf85a09d,0
texts_analysis_en,732,732__A19260.txt,A19260,587630652c17b4b61fcb59cce619037b696dd3ba,8e3caa521531cf5844b71f3550825528798833cd681d075e0758e9b2d9406ba0,2157,2053,101,0,0,3,0,23333,4775,4755,0,20,98,0,0,99.86,99.48,120819,118575,29d8bf9f8ba1e2ef1b7779fae1189239b075e059d0603760b2ae9e92f5aff6b9,6dcfa526af726a09af571a98091bc4f685051ff3c164e6456d40fbca6a1feec5,0
texts_no_prologue_epilogue,732,732__A19260.txt,A19260,587630652c17b4b61fcb59cce619037b696dd3ba,8e3caa521531cf5844b71f3550825528798833cd681d075e0758e9b2d9406ba0,2157,2053,101,0,0,3,0,23333,4775,4755,0,20,98,0,0,99.86,99.48,120819,118575,29d8bf9f8ba1e2ef1b7779fae1189239b075e059d0603760b2ae9e92f5aff6b9,6dcfa526af726a09af571a98091bc4f685051ff3c164e6456d40fbca6a1feec5,0
texts_analysis_en,1059,1059__A19346.txt,A19346,587630652c17b4b61fcb59cce619037b696dd3ba,0d055b05c00dd5403d8821ba06de14db47766babaf1ca602aac7921c0c8a7fba,1713,1702,10,0,0,1,0,13623,1638,1622,0,16,1,0,0,99.94,99.94,70827,69808,088be5dbfa7bbad3a749fae8934eb9bbfff61fda26cd81c062eb26fc51d52552,3c622a5d5281c1ec3a3463d4095ce8953aa09519f9bbcdbcb598b6323475d0b2,0
texts_no_prologue_epilogue,1059,1059__A19346.txt,A19346,587630652c17b4b61fcb59cce619037b696dd3ba,0d055b05c00dd5403d8821ba06de14db47766babaf1ca602aac7921c0c8a7fba,1713,1702,10,0,0,1,0,13623,1638,1622,0,16,1,0,0,99.94,99.94,70827,69808,088be5dbfa7bbad3a749fae8934eb9bbfff61fda26cd81c062eb26fc51d52552,3c622a5d5281c1ec3a3463d4095ce8953aa09519f9bbcdbcb598b6323475d0b2,0
texts_analysis_en,1150,1150__A19347.txt,A19347,587630652c17b4b61fcb59cce619037b696dd3ba,1a3c8b7f0e85d467ce2a32bf6fd824230e407f6211d1d63cf6e5ed864500bfb2,1513,1502,10,0,0,1,0,11763,945,942,0,3,2,0,0,99.93,99.94,60859,60529,e55c5c4b1a6308ffad2ce2c2ee39ada9c3a3ada85f68ddaa9ced2eb2a8fca289,9b52d3b024181eabf038684c6a497a4ee32b636214f043dad2e05429a71656c6,0
texts_no_prologue_epilogue,1150,1150__A19347.txt,A19347,587630652c17b4b61fcb59cce619037b696dd3ba,1a3c8b7f0e85d467ce2a32bf6fd824230e407f6211d1d63cf6e5ed864500bfb2,1513,1502,10,0,0,1,0,11763,945,942,0,3,2,0,0,99.93,99.94,60859,60529,e55c5c4b1a6308ffad2ce2c2ee39ada9c3a3ada85f68ddaa9ced2eb2a8fca289,9b52d3b024181eabf038684c6a497a4ee32b636214f043dad2e05429a71656c6,0
texts_analysis_en,1076,1076__A19479.txt,A19479,587630652c17b4b61fcb59cce619037b696dd3ba,4b0b1b86dc1b63e001185a37fcb196fb611b2196b1539ba5774894b6aea37ab9,2746,2733,12,0,0,1,0,21024,2739,2735,0,4,0,0,0,99.96,99.96,108418,106614,e727456aa9aa7f42adb936ae328a2c016e1f6e941071992765fcb7434d9d264d,8256811e30aecac4f77a07c3636faeb710d2477a75107b786ce752ab4fa4951d,0
texts_no_prologue_epilogue,1076,1076__A19479.txt,A19479,587630652c17b4b61fcb59cce619037b696dd3ba,4b0b1b86dc1b63e001185a37fcb196fb611b2196b1539ba5774894b6aea37ab9,2730,2717,12,0,0,1,0,20892,2727,2723,0,4,0,0,0,99.96,99.96,107814,106017,34f08705de6993a601eb11f167c2445328fb899bed9c19bcdae3cd62dae9388f,afa2662e1bc650ae78d37fa908269d945dbd16a294e024804b6028492566c37b,0
texts_analysis_en,250,250__A19738.txt,A19738,587630652c17b4b61fcb59cce619037b696dd3ba,c2b76146e6bf8c136b884ccf8aea4e935aafc6f631a0bdd65f24c3adead798c7,1707,1670,36,0,0,1,0,12927,2667,2655,0,12,4,0,0,99.94,99.95,71843,70564,21f2f16f6857ba59532a9c0c1538f718567b2270969048d5b22cc8e859d6bdca,3b7d801b4c17bfa4b940c4119a31123c0a5817649c60c5fd01c768cee2870ad5,0
texts_no_prologue_epilogue,250,250__A19738.txt,A19738,587630652c17b4b61fcb59cce619037b696dd3ba,c2b76146e6bf8c136b884ccf8aea4e935aafc6f631a0bdd65f24c3adead798c7,1707,1670,36,0,0,1,0,12927,2667,2655,0,12,4,0,0,99.94,99.95,71843,70564,21f2f16f6857ba59532a9c0c1538f718567b2270969048d5b22cc8e859d6bdca,3b7d801b4c17bfa4b940c4119a31123c0a5817649c60c5fd01c768cee2870ad5,0
texts_analysis_en,1133,1133__A19750.txt,A19750,587630652c17b4b61fcb59cce619037b696dd3ba,f51c2107859c2f5f4ca129cfd0facc94c870d942301267f67429dc89a0b2ff6e,1895,1862,32,0,0,1,0,23060,2518,2494,0,24,11,0,0,99.95,99.96,121880,120688,dd8d077a9d7defdb00182c1ceed44106b59cd3915d70ad66c6a239be5095cedd,fcd1231ec6c80a454c298defa94b762c3daa7d433ec10db691221b7b52097dff,0
texts_no_prologue_epilogue,1133,1133__A19750.txt,A19750,587630652c17b4b61fcb59cce619037b696dd3ba,f51c2107859c2f5f4ca129cfd0facc94c870d942301267f67429dc89a0b2ff6e,1895,1862,32,0,0,1,0,23060,2518,2494,0,24,11,0,0,99.95,99.96,121880,120688,dd8d077a9d7defdb00182c1ceed44106b59cd3915d70ad66c6a239be5095cedd,fcd1231ec6c80a454c298defa94b762c3daa7d433ec10db691221b7b52097dff,0
texts_analysis_en,1117,1117__A19755.txt,A19755,587630652c17b4b61fcb59cce619037b696dd3ba,ea4ae47066065098c7ae2b2e5dcfc80a3b51105dab250f166eb21f8275cd7418,1775,1728,45,0,0,2,0,14399,2129,2128,0,1,0,3,0,99.89,99.86,76405,75173,01a5acf9a5c9431971bae18ac557a5cf33fca70da74d6d9a2569e04eb3149fd9,b30bab5db3c2bd8fbdaf8df12a4598b71ceb12d45de970833798f15d21491123,0
texts_no_prologue_epilogue,1117,1117__A19755.txt,A19755,587630652c17b4b61fcb59cce619037b696dd3ba,ea4ae47066065098c7ae2b2e5dcfc80a3b51105dab250f166eb21f8275cd7418,1775,1728,45,0,0,2,0,14399,2129,2128,0,1,0,3,0,99.89,99.86,76405,75173,01a5acf9a5c9431971bae18ac557a5cf33fca70da74d6d9a2569e04eb3149fd9,b30bab5db3c2bd8fbdaf8df12a4598b71ceb12d45de970833798f15d21491123,0
texts_analysis_en,698,698__A19757.txt,A19757,587630652c17b4b61fcb59cce619037b696dd3ba,b955162cb321ac345699271bb65ca05a733a40080024d52b36652c73944412bf,1942,1814,128,0,0,0,0,18942,3788,3751,0,37,116,5,0,100.0,100.0,100415,98923,cebf4aae8a187ae56d7b0fd4147c8696cff988cc25736e17b86577b2834feaf8,ccb205c06cf00dd44ee437b1a8114ae332975e4bda745c347a31ffb908e2863b,0
texts_no_prologue_epilogue,698,698__A19757.txt,A19757,587630652c17b4b61fcb59cce619037b696dd3ba,b955162cb321ac345699271bb65ca05a733a40080024d52b36652c73944412bf,1904,1779,125,0,0,0,0,18614,3715,3678,0,37,113,5,0,100.0,100.0,98623,97166,d7e9f6270eebb13a38b13d1c7b4ecc28c1d374d94ccfab93e29e4871e756cb5f,0967b28507524c82c70bc939eda170a054feb74387a3e24b730c4f67fcf863e3,0
texts_analysis_en,251,251__A19816.1.txt,A19816,587630652c17b4b61fcb59cce619037b696dd3ba,fe10d54427fa8c91bdfb2b7cbac63b7b00984f398001839590653503ffd354b1,1708,1663,45,0,0,0,0,13104,3053,3050,0,3,0,0,0,100.0,100.0,72154,70801,ee4e0a5c1402b5566d5f00427be46698112a71ddf8850f72c2df51a566955de9,0460708833cb3937ee58dc0a19bc409369da7c8990286a2eefd204eb90240981,0
texts_no_prologue_epilogue,251,251__A19816.1.txt,A19816,587630652c17b4b61fcb59cce619037b696dd3ba,fe10d54427fa8c91bdfb2b7cbac63b7b00984f398001839590653503ffd354b1,1708,1663,45,0,0,0,0,13104,3053,3050,0,3,0,0,0,100.0,100.0,72154,70801,ee4e0a5c1402b5566d5f00427be46698112a71ddf8850f72c2df51a566955de9,0460708833cb3937ee58dc0a19bc409369da7c8990286a2eefd204eb90240981,0
texts_analysis_en,736,736__A19829.txt,A19829,587630652c17b4b61fcb59cce619037b696dd3ba,de1d3a415cd17e7262988178fcd1d696311a108cd9c765c0723e78dc2709c6c6,1950,1912,32,0,0,6,0,15301,2906,2905,0,1,3,0,0,99.69,99.7,81209,79806,008b002a1dae0e8e9bb801acc58d2b0912d65108910d42eba41ce33c69dea846,760b6331a34d2c5c5fe069cebce8d4ce0dad081321ba6165d2c238ae964c72a3,0
texts_no_prologue_epilogue,736,736__A19829.txt,A19829,587630652c17b4b61fcb59cce619037b696dd3ba,de1d3a415cd17e7262988178fcd1d696311a108cd9c765c0723e78dc2709c6c6,1891,1853,32,0,0,6,0,14870,2819,2818,0,1,3,0,0,99.68,99.69,78729,77377,9f9dc17a8068074e4f16d63541ee285105a52eb2fbec36ad00acbf8f697ff161,af80990f0936f2fc130a8e57a00977b442b4c8d2f3dd547086c15c737c9e5124,0
texts_analysis_en,254,254__A19834.1.txt,A19834,587630652c17b4b61fcb59cce619037b696dd3ba,a7fb5325fd09726ea9902db2c8d1d3ebdd1830401214e1437b997367bf97122f,1753,1724,29,0,0,0,0,13220,2592,2591,0,1,0,0,0,100.0,100.0,72330,71373,b8c0d22f9ba73e1e6a3fb83a27cf27b2e5f9d3edfbde1840fbcd5d1bcbb9b71f,9c1a6d564a84a2ace1ea0d6c64a7a7ee067600d670cd69e997d8f6a6cc0b52d3,0
texts_no_prologue_epilogue,254,254__A19834.1.txt,A19834,587630652c17b4b61fcb59cce619037b696dd3ba,a7fb5325fd09726ea9902db2c8d1d3ebdd1830401214e1437b997367bf97122f,1753,1724,29,0,0,0,0,13220,2592,2591,0,1,0,0,0,100.0,100.0,72330,71373,b8c0d22f9ba73e1e6a3fb83a27cf27b2e5f9d3edfbde1840fbcd5d1bcbb9b71f,9c1a6d564a84a2ace1ea0d6c64a7a7ee067600d670cd69e997d8f6a6cc0b52d3,0
texts_analysis_en,534,534__A19835.txt,A19835,587630652c17b4b61fcb59cce619037b696dd3ba,a324ae0fec4a15d710b82e4ba8de7cb2eb8e8f128bede6248e033e8ee0dfc6cd,2536,2415,118,1,0,2,0,20364,3984,3982,0,2,113,13,0,99.92,99.91,107586,106019,7a03f0074de745126e5e80238f2088a1c8abaf52acdeeba873cf8dd814bf5f32,1440f425f6ae36cdf35cbf2cbe7df30248bc8fe9069c57c2801e7b9866577e2f,0
texts_no_prologue_epilogue,534,534__A19835.txt,A19835,587630652c17b4b61fcb59cce619037b696dd3ba,a324ae0fec4a15d710b82e4ba8de7cb2eb8e8f128bede6248e033e8ee0dfc6cd,2536,2415,118,1,0,2,0,20364,3984,3982,0,2,113,13,0,99.92,99.91,107586,106019,7a03f0074de745126e5e80238f2088a1c8abaf52acdeeba873cf8dd814bf5f32,1440f425f6ae36cdf35cbf2cbe7df30248bc8fe9069c57c2801e7b9866577e2f,0
texts_analysis_en,486,486__A19837.txt,A19837,587630652c17b4b61fcb59cce619037b696dd3ba,9f7311f1532fce96268b61f9451c8981ec9bedf31f5e55a0b0c96943beef424d,127,125,2,0,0,0,0,1469,325,324,0,1,0,0,0,100.0,100.0,8719,8522,7a7700be248b1b22f6b3dfcfd02a16a0cd5fbc7d9fc363d87f716616be55e6a7,0c70d3f896bd00c43dfc7a16d6324b8763cfcaca94b80691e5cb3db72ba40ecc,0
texts_no_prologue_epilogue,486,486__A19837.txt,A19837,587630652c17b4b61fcb59cce619037b696dd3ba,9f7311f1532fce96268b61f9451c8981ec9bedf31f5e55a0b0c96943beef424d,127,125,2,0,0,0,0,1469,325,324,0,1,0,0,0,100.0,100.0,8719,8522,7a7700be248b1b22f6b3dfcfd02a16a0cd5fbc7d9fc363d87f716616be55e6a7,0c70d3f896bd00c43dfc7a16d6324b8763cfcaca94b80691e5cb3db72ba40ecc,0
texts_analysis_en,487,487__A19838.txt,A19838,587630652c17b4b61fcb59cce619037b696dd3ba,9023925bce1befc68daccd1d22c20e00e50c84917bde45d45874b126e122c05d,130,122,8,0,0,0,0,1496,286,284,0,2,0,0,0,100.0,100.0,8753,8608,87ef07aefe4b8eaeb63f812757add1e3def8f8659641bbaf08b93786b6e300ff,eaf0488e15e3316a9d7443967d219c46142cb52e919f0bcd663a91182e0fa2d4,0
texts_no_prologue_epilogue,487,487__A19838.txt,A19838,587630652c17b4b61fcb59cce619037b696dd3ba,9023925bce1befc68daccd1d22c20e00e50c84917bde45d45874b126e122c05d,130,122,8,0,0,0,0,1496,286,284,0,2,0,0,0,100.0,100.0,8753,8608,87ef07aefe4b8eaeb63f812757add1e3def8f8659641bbaf08b93786b6e300ff,eaf0488e15e3316a9d7443967d219c46142cb52e919f0bcd663a91182e0fa2d4,0
texts_analysis_en,926,926__A19876.txt,A19876,587630652c17b4b61fcb59cce619037b696dd3ba,0a2a255e655db24229552ac630e97b14e30214f205a1e81c77a89a63df0017e0,2456,2316,131,5,0,3,1,17552,3503,3500,0,3,135,8,0,99.84,99.84,95925,94459,5eab5b8ccbe69422f7b2552b74151d8b45ffbbedb01c11a9a0536681c5b13aac,4562b8fbedeb572f3a221be0cbb13a458a0eabb4dad5ab585c83a6e71418c8bb,0
texts_no_prologue_epilogue,926,926__A19876.txt,A19876,587630652c17b4b61fcb59cce619037b696dd3ba,0a2a255e655db24229552ac630e97b14e30214f205a1e81c77a89a63df0017e0,2456,2316,131,5,0,3,1,17552,3503,3500,0,3,135,8,0,99.84,99.84,95925,94459,5eab5b8ccbe69422f7b2552b74151d8b45ffbbedb01c11a9a0536681c5b13aac,4562b8fbedeb572f3a221be0cbb13a458a0eabb4dad5ab585c83a6e71418c8bb,0
texts_analysis_en,927,927__A19877.txt,A19877,587630652c17b4b61fcb59cce619037b696dd3ba,0a163f7a40d10531c4a5239239e347f425605cee5f869a24fe2ad6ac86a6cfb8,2204,2116,84,0,0,4,0,15691,3281,3278,0,3,71,8,0,99.82,99.83,85547,84128,82bf01e3cbfc0e15a44845767c22612c1f2305fb2026c74b2345ce3807f76004,010dc383a81d13aaf2cc1166d313996ede008b57a8f11177607e52eb5e3950a3,0
texts_no_prologue_epilogue,927,927__A19877.txt,A19877,587630652c17b4b61fcb59cce619037b696dd3ba,0a163f7a40d10531c4a5239239e347f425605cee5f869a24fe2ad6ac86a6cfb8,2204,2116,84,0,0,4,0,15691,3281,3278,0,3,71,8,0,99.82,99.83,85547,84128,82bf01e3cbfc0e15a44845767c22612c1f2305fb2026c74b2345ce3807f76004,010dc383a81d13aaf2cc1166d313996ede008b57a8f11177607e52eb5e3950a3,0
texts_analysis_en,1124,1124__A19880.txt,A19880,587630652c17b4b61fcb59cce619037b696dd3ba,499f3feefaa1628fb60b988def76396234680613fdcbf04bbf185e6b7756ecde,157,156,0,0,0,0,1,1124,155,155,0,0,0,0,0,99.36,88.22,7102,7021,ea6cb99ceae5913b461bd646859d418b04ee3f85660a26ff459a281ebbf8041b,e18adda1f82eefef67af6009eec059459faa2af216aee29bffc4aff541db95a4,0
texts_no_prologue_epilogue,1124,1124__A19880.txt,A19880,587630652c17b4b61fcb59cce619037b696dd3ba,499f3feefaa1628fb60b988def76396234680613fdcbf04bbf185e6b7756ecde,157,156,0,0,0,0,1,1124,155,155,0,0,0,0,0,99.36,88.22,7102,7021,ea6cb99ceae5913b461bd646859d418b04ee3f85660a26ff459a281ebbf8041b,e18adda1f82eefef67af6009eec059459faa2af216aee29bffc4aff541db95a4,0
texts_analysis_en,916,916__A19881.txt,A19881,587630652c17b4b61fcb59cce619037b696dd3ba,d93b677bfeff6cf7779db8e81eb65ef9232a86b75bcac104b2dd820348cea3d0,2705,2693,12,0,0,0,0,19452,3799,3796,0,3,3,2,0,100.0,100.0,106544,104683,678efa757d880d88c67b3e1f1defb7746e0a99e5580cd2d294f7018bfa510e38,e9145645fb4b3de7edb4aee766f9454d95863b04d6b11e4ba93f15f836838057,0
texts_no_prologue_epilogue,916,916__A19881.txt,A19881,587630652c17b4b61fcb59cce619037b696dd3ba,d93b677bfeff6cf7779db8e81eb65ef9232a86b75bcac104b2dd820348cea3d0,2705,2693,12,0,0,0,0,19452,3799,3796,0,3,3,2,0,100.0,100.0,106544,104683,678efa757d880d88c67b3e1f1defb7746e0a99e5580cd2d294f7018bfa510e38,e9145645fb4b3de7edb4aee766f9454d95863b04d6b11e4ba93f15f836838057,0
texts_analysis_en,1031,1031__A19882.txt,A19882,587630652c17b4b61fcb59cce619037b696dd3ba,1326698675899ac22a1338d1b06c9a18e375ba82de20f52d816b445a21beccd2,150,150,0,0,0,0,0,1082,161,161,0,0,0,0,0,100.0,100.0,5962,5872,f8c0f2dfa3c47bcdb8b561fdfca2b4ef141323a42a66c5ef58836483edbeb02e,a9809e8cb7496f15e4ffd0a89833f2deed42b0921decf78d50009be09fea0f35,0
texts_no_prologue_epilogue,1031,1031__A19882.txt,A19882,587630652c17b4b61fcb59cce619037b696dd3ba,1326698675899ac22a1338d1b06c9a18e375ba82de20f52d816b445a21beccd2,150,150,0,0,0,0,0,1082,161,161,0,0,0,0,0,100.0,100.0,5962,5872,f8c0f2dfa3c47bcdb8b561fdfca2b4ef141323a42a66c5ef58836483edbeb02e,a9809e8cb7496f15e4ffd0a89833f2deed42b0921decf78d50009be09fea0f35,0
texts_analysis_en,1110,1110__A19888.txt,A19888,587630652c17b4b61fcb59cce619037b696dd3ba,e09df231ad2a7a253a1ffbb3ff9c3b4b77bafcae60ef1cb2214ee5f245b56438,2794,2784,10,0,0,0,0,20454,2646,2623,0,23,5,0,0,100.0,100.0,107479,105960,96a2c89e74d0a2418d680d182571f83e963a3ec363e684d7ded21da98a013fca,bbf169686ab8b3289c42a85786fee8e7b6fd5c563a51ae922d12deedb0391eba,0
texts_no_prologue_epilogue,1110,1110__A19888.txt,A19888,587630652c17b4b61fcb59cce619037b696dd3ba,e09df231ad2a7a253a1ffbb3ff9c3b4b77bafcae60ef1cb2214ee5f245b56438,2794,2784,10,0,0,0,0,20454,2646,2623,0,23,5,0,0,100.0,100.0,107479,105960,96a2c89e74d0a2418d680d182571f83e963a3ec363e684d7ded21da98a013fca,bbf169686ab8b3289c42a85786fee8e7b6fd5c563a51ae922d12deedb0391eba,0
texts_analysis_en,630,630__A19975.txt,A19975,587630652c17b4b61fcb59cce619037b696dd3ba,b3461b925cb568b78485a24d76382f722991b5e32dc969180544da4fd8a4dd8b,1319,1212,93,3,0,7,4,13979,2827,2817,0,10,63,16,0,99.17,99.58,72660,72027,17bcfd2f782e980bde83ec31717537aabd1e311ec08343b55da509903b252e07,3e6bf4c014e870fdd341aaa0c3148c8ae9cabbaf32796d7c7ef2a2e1eca043d7,0
texts_no_prologue_epilogue,630,630__A19975.txt,A19975,587630652c17b4b61fcb59cce619037b696dd3ba,b3461b925cb568b78485a24d76382f722991b5e32dc969180544da4fd8a4dd8b,1319,1212,93,3,0,7,4,13979,2827,2817,0,10,63,16,0,99.17,99.58,72660,72027,17bcfd2f782e980bde83ec31717537aabd1e311ec08343b55da509903b252e07,3e6bf4c014e870fdd341aaa0c3148c8ae9cabbaf32796d7c7ef2a2e1eca043d7,0
texts_analysis_en,555,555__A19976.txt,A19976,587630652c17b4b61fcb59cce619037b696dd3ba,a511cf326e457e3204b43d744c6b822abeccd0b5b603f2410580a83bf8502c4e,1347,1254,91,0,0,2,0,21345,4534,4517,1,16,39,8,0,99.85,99.92,112322,111274,af5933ce835bf8f20167dd8d574be1f9ad40bb43f498c0ea49c18f0e16c4204c,85c9e60b982f6a82e5f97c613ce500bfec9f8cc8ef828567582466401b0f7136,0
texts_no_prologue_epilogue,555,555__A19976.txt,A19976,587630652c17b4b61fcb59cce619037b696dd3ba,a511cf326e457e3204b43d744c6b822abeccd0b5b603f2410580a83bf8502c4e,1283,1193,88,0,0,2,0,20050,4258,4243,1,14,36,6,0,99.84,99.91,105498,104510,f7eac8f7cfe87c719f8729f80aa55f7a91a363eaf5cc9a143edb87d3acdf00c4,cc9466743f27c3773066502649e6e2a8345077ebdbe9619036af00372a0cd5df,0
texts_analysis_en,629,629__A19977.txt,A19977,587630652c17b4b61fcb59cce619037b696dd3ba,733ac22af4a0d35d14fc8d8a0e98b21f24ec40720c7019f7afb64af23e2423f7,1749,1642,102,0,0,4,1,15541,3474,3448,0,26,40,1,0,99.71,99.79,83330,82083,91e12b9589fc1a87cefb2e364cbedcf87f42bbd5608e96bc295747d4fbc00f89,6a4fa9a1849c83e71daaaa927e1d0eb30f27ce9b410aefe2d5a3beff435cd5b0,0
texts_no_prologue_epilogue,629,629__A19977.txt,A19977,587630652c17b4b61fcb59cce619037b696dd3ba,733ac22af4a0d35d14fc8d8a0e98b21f24ec40720c7019f7afb64af23e2423f7,1739,1632,102,0,0,4,1,15453,3454,3428,0,26,40,1,0,99.71,99.79,82842,81599,a76ccc17fb8cd4de1a13a903ce455cc822bd01c127e6d3fb59348011d39bb454,299858ef98b4dd2a46cce182a34eee54e31596694989075f0c54ef98cce444a5,0
texts_analysis_en,913,913__A20053.txt,A20053,f58682fdc7bd3a31ff33abf266bd602f55342cd9,99c7158bca88151453745131ef7b3e3bd654a7df57492e34fd033483c3e9bc68,183,173,10,0,0,0,0,1569,359,358,0,1,8,0,0,100.0,100.0,8912,8707,ad1a673f7af5e8ee21756ae27080e0f60e87047eee77e196c1d6d888c6a2480c,a3e23c9370bf699d995b955aac59c351d6870a7fb385a9fb231bdcc13dd10b32,0
texts_no_prologue_epilogue,913,913__A20053.txt,A20053,f58682fdc7bd3a31ff33abf266bd602f55342cd9,99c7158bca88151453745131ef7b3e3bd654a7df57492e34fd033483c3e9bc68,183,173,10,0,0,0,0,1569,359,358,0,1,8,0,0,100.0,100.0,8912,8707,ad1a673f7af5e8ee21756ae27080e0f60e87047eee77e196c1d6d888c6a2480c,a3e23c9370bf699d995b955aac59c351d6870a7fb385a9fb231bdcc13dd10b32,0
texts_analysis_en,471,471__A20062.txt,A20062,f58682fdc7bd3a31ff33abf266bd602f55342cd9,9acd0a333a69e60ee2b477b73e75d2fabe5a8d424983eb638503bf4491e64ec4,2258,2131,117,5,0,3,2,23953,5008,5001,0,7,88,9,0,99.78,99.85,123208,122436,a09f61da2eab94fc1dd34505b37bf3555e8f5c73ca8469cfdfb9493981a9660d,3d017c3a50aad8898c9fb5345cb1078bfb70ee2b7a1d5a57d751c5ef5b0c220e,0
texts_no_prologue_epilogue,471,471__A20062.txt,A20062,f58682fdc7bd3a31ff33abf266bd602f55342cd9,9acd0a333a69e60ee2b477b73e75d2fabe5a8d424983eb638503bf4491e64ec4,2258,2131,117,5,0,3,2,23953,5008,5001,0,7,88,9,0,99.78,99.85,123208,122436,a09f61da2eab94fc1dd34505b37bf3555e8f5c73ca8469cfdfb9493981a9660d,3d017c3a50aad8898c9fb5345cb1078bfb70ee2b7a1d5a57d751c5ef5b0c220e,0
texts_analysis_en,947,947__A20065.txt,A20065,f58682fdc7bd3a31ff33abf266bd602f55342cd9,ab6a18be9dde3c03235ffa9adc646c90258decf7bd510cbd3f34418ebe38b50d,2012,1984,28,0,0,0,0,23687,4087,4077,0,10,8,0,0,100.0,100.0,121409,120000,de5707f256334343a79d880564ef5efe17a69775e697baee2f014089cf5b064a,4ad34a5f096fa362ac8a9e61ab16c359219e0c1b4245901bf87e2b7cdea7a5fd,0
texts_no_prologue_epilogue,947,947__A20065.txt,A20065,f58682fdc7bd3a31ff33abf266bd602f55342cd9,ab6a18be9dde3c03235ffa9adc646c90258decf7bd510cbd3f34418ebe38b50d,2012,1984,28,0,0,0,0,23687,4087,4077,0,10,8,0,0,100.0,100.0,121409,120000,de5707f256334343a79d880564ef5efe17a69775e697baee2f014089cf5b064a,4ad34a5f096fa362ac8a9e61ab16c359219e0c1b4245901bf87e2b7cdea7a5fd,0
texts_analysis_en,707,707__A20066.txt,A20066,f58682fdc7bd3a31ff33abf266bd602f55342cd9,71e82a944a6332985b6a6c912b6b3343263ccb76c41398595e3cd650d23e6eda,2692,2277,391,5,0,16,3,21914,5268,5253,1,14,427,49,0,99.29,99.37,117617,116709,9b34ad458f672c98f28d2029086876cf0e437e6066e4a51534b222ab57323319,1ec79d399a51743787c9ac1dc8b87031d6d421c837373111c19dd86f65d3ba32,0
texts_no_prologue_epilogue,707,707__A20066.txt,A20066,f58682fdc7bd3a31ff33abf266bd602f55342cd9,71e82a944a6332985b6a6c912b6b3343263ccb76c41398595e3cd650d23e6eda,2628,2232,372,5,0,16,3,21356,5144,5131,1,12,411,49,0,99.28,99.35,114532,113650,2dc7d40b1af481a6604e1f6f72c53dc8fb43559254dc0c6f00a52eaef2321f0b,890ee4a46e4e0d6291c824224704b8882c0db462075a1b1ee6d9818f03541513,0
texts_analysis_en,465,465__A20069.txt,A20069,f58682fdc7bd3a31ff33abf266bd602f55342cd9,e5a20a5aceb6754bcf86cb7c69bac074ae7f109ba18ee6e4792f0ea421340b61,301,298,3,0,0,0,0,2737,576,571,0,5,2,0,0,100.0,100.0,15706,15401,b1d5baf044ad9a51882278b385ffbf324d69d744ae6f75ce3f1bbeb215e57761,bbeb91c96752cbdaef532d30b46e2f936e091a171e08d3373400e8f276ffe940,0
texts_no_prologue_epilogue,465,465__A20069.txt,A20069,f58682fdc7bd3a31ff33abf266bd602f55342cd9,e5a20a5aceb6754bcf86cb7c69bac074ae7f109ba18ee6e4792f0ea421340b61,301,298,3,0,0,0,0,2737,576,571,0,5,2,0,0,100.0,100.0,15706,15401,b1d5baf044ad9a51882278b385ffbf324d69d744ae6f75ce3f1bbeb215e57761,bbeb91c96752cbdaef532d30b46e2f936e091a171e08d3373400e8f276ffe940,0
texts_analysis_en,364,364__A20076.txt,A20076,f58682fdc7bd3a31ff33abf266bd602f55342cd9,20f6e5f9d94f601adb3687d80093d4d6a619bd56d378a964d5929510e2535000,2298,2235,59,2,0,2,0,24076,5652,5635,0,17,14,3,0,99.91,99.95,129631,127367,2506489fa6e9e1f1cb4d3f8458bdb4e25aa54c637e93b414a8c9327d5756a48c,c5068f67cdd8e9b16c1bd109f1354e4cd0cd18b75d7ffc4fee5a166ae9efea85,0
texts_no_prologue_epilogue,364,364__A20076.txt,A20076,f58682fdc7bd3a31ff33abf266bd602f55342cd9,20f6e5f9d94f601adb3687d80093d4d6a619bd56d378a964d5929510e2535000,2204,2143,57,2,0,2,0,23133,5442,5425,0,17,14,3,0,99.91,99.95,124516,122354,d6c7b82703f22ef587186dbf2829a06d9dde5be2b56cbbf3495a4af339d64cde,a24ca57e14698dff3ec99d671ed32fc0b0dc9566a81994a1b7b497910bea1980,0
texts_analysis_en,456,456__A20077.txt,A20077,f58682fdc7bd3a31ff33abf266bd602f55342cd9,692b6f9bfcb42a18d29b2314319dc8ab66855abdcaefa1dbe8da8f7d34fbfcd6,1778,1730,45,1,1,1,0,19945,4463,4425,0,38,3,0,0,99.94,99.9,104508,102606,a7f64ce03f0b1b5d0cf3cb81ebda4ff05ff1f5a5146bfe62ba47c8ef6281c5c7,5ddd9426458b00d2a1662da80c5f28e80fd979b0593bc458f709b1b76923051c,0
texts_no_prologue_epilogue,456,456__A20077.txt,A20077,f58682fdc7bd3a31ff33abf266bd602f55342cd9,692b6f9bfcb42a18d29b2314319dc8ab66855abdcaefa1dbe8da8f7d34fbfcd6,1778,1730,45,1,1,1,0,19945,4463,4425,0,38,3,0,0,99.94,99.9,104508,102606,a7f64ce03f0b1b5d0cf3cb81ebda4ff05ff1f5a5146bfe62ba47c8ef6281c5c7,5ddd9426458b00d2a1662da80c5f28e80fd979b0593bc458f709b1b76923051c,0
texts_analysis_en,444,444__A20081.txt,A20081,f58682fdc7bd3a31ff33abf266bd602f55342cd9,ab147e3d37b3bb52bc70dc02b259a7bf3515c9458b07af8a9efd24732e371980,1556,1287,263,2,0,2,2,22125,4969,4950,0,19,379,24,0,99.74,99.74,117090,115732,4bb1bd9126d8d66196489a5d59b58ffd8a06397d1fc714305864e25236a19095,72436de30e1c77825f2d55d08ef192720800bcc6c1b9eea61ecdf300fe2d1402,0
texts_no_prologue_epilogue,444,444__A20081.txt,A20081,f58682fdc7bd3a31ff33abf266bd602f55342cd9,ab147e3d37b3bb52bc70dc02b259a7bf3515c9458b07af8a9efd24732e371980,1555,1287,262,2,0,2,2,21783,4893,4874,0,19,377,24,0,99.74,99.73,115303,113956,ac2973557eb236248c25725c57816196652a2927a4b3bc211c60d835d2181adf,4d392bf4043a40101d6553ce6563b03c36ec4b1b2371717e1131c8fc3118df53,0
texts_analysis_en,398,398__A20083.txt,A20083,f58682fdc7bd3a31ff33abf266bd602f55342cd9,55caac5b63fab87f78285299d3dd44d352b60df287ddd31232075fd4f237dad3,1522,1479,40,0,0,3,0,18994,4272,4188,0,84,4,5,0,99.8,99.81,98677,97491,68ab0fc8f5530505afbb630d2b9ae4dbe546952efbac8aa06372916590ce1ec3,55abdfee8a98c200b16d7ba0f83e60eb490fc337ff0b793b0d536e6204c78074,0
texts_no_prologue_epilogue,398,398__A20083.txt,A20083,f58682fdc7bd3a31ff33abf266bd602f55342cd9,55caac5b63fab87f78285299d3dd44d352b60df287ddd31232075fd4f237dad3,1504,1463,38,0,0,3,0,18858,4248,4164,0,84,4,5,0,99.8,99.81,97859,96689,492643844e9122a63071dcc91ef6a70799f024fecf4ee38ad1f11534d1aca980,65a95431ec7191312f2271a64a793343499c52c3c050b683369ad1a2bce37f24,0
texts_analysis_en,953,953__A20088.txt,A20088,f58682fdc7bd3a31ff33abf266bd602f55342cd9,5c7a48c1add82df4c4cde4b297709dad0fc6b02b9a2683f74711f4ff3f31e2d4,2216,2207,8,0,0,1,0,18077,3291,3265,0,26,1,1,0,99.95,99.96,92648,91342,f9448511bc7a43320da433eb5fa4f634ddfbddf7ee1f3b561e257a9345462f9d,f25a1f17d73b0d4fc6ba1bc4268b34674c55affa6467a9ae7325245dcc85a181,0
texts_no_prologue_epilogue,953,953__A20088.txt,A20088,f58682fdc7bd3a31ff33abf266bd602f55342cd9,5c7a48c1add82df4c4cde4b297709dad0fc6b02b9a2683f74711f4ff3f31e2d4,2216,2207,8,0,0,1,0,18077,3291,3265,0,26,1,1,0,99.95,99.96,92648,91342,f9448511bc7a43320da433eb5fa4f634ddfbddf7ee1f3b561e257a9345462f9d,f25a1f17d73b0d4fc6ba1bc4268b34674c55affa6467a9ae7325245dcc85a181,0
texts_analysis_en,700,700__A20090.txt,A20090,f58682fdc7bd3a31ff33abf266bd602f55342cd9,7f82e69f07b1590d95a7e32ebbedbb0eb39bcc75468371af18d3d0f97430b5fd,305,296,9,0,0,0,0,2306,457,457,0,0,8,0,0,100.0,100.0,12858,12665,2fb1868e610bceffef39bad396579984e6586b28ba6bec5a3e3b50506e22d6dc,daa719fe3315f839995b9b2b9e725625d7c928d24447f8f0ab1b29a177e44932,0
texts_no_prologue_epilogue,700,700__A20090.txt,A20090,f58682fdc7bd3a31ff33abf266bd602f55342cd9,7f82e69f07b1590d95a7e32ebbedbb0eb39bcc75468371af18d3d0f97430b5fd,305,296,9,0,0,0,0,2306,457,457,0,0,8,0,0,100.0,100.0,12858,12665,2fb1868e610bceffef39bad396579984e6586b28ba6bec5a3e3b50506e22d6dc,daa719fe3315f839995b9b2b9e725625d7c928d24447f8f0ab1b29a177e44932,0
texts_analysis_en,569,569__A20092.txt,A20092,f58682fdc7bd3a31ff33abf266bd602f55342cd9,a41ab2772063f02d0664f2e22fcf2a4b724b68914813f640a221ce82d1703713,2690,2485,163,12,0,18,12,21079,4713,4705,2,6,168,63,0,98.88,99.06,116197,114733,614efcd24bc9ac2c36fc8b233a2a5fe521b6579984fe486984aedad40be39601,36fbc24d5bbbaed01bc2a25e0afae9728734181beb9453aef47cc445ec0d2dac,0
texts_no_prologue_epilogue,569,569__A20092.txt,A20092,f58682fdc7bd3a31ff33abf266bd602f55342cd9,a41ab2772063f02d0664f2e22fcf2a4b724b68914813f640a221ce82d1703713,2664,2459,163,12,0,18,12,20865,4661,4653,2,6,168,63,0,98.87,99.05,115001,113561,34712205f1fff214589576241550a2f48f8e990b47431ffa1e67d175062156e3,ac52ada367c895c35e8a1a99a1fda8dbfd1d73fa3b002810a2b1aeac576efe02,0
texts_analysis_en,1039,1039__A20093.txt,A20093,f58682fdc7bd3a31ff33abf266bd602f55342cd9,5305c47f6f7af48255f9b9d8d6551d1ae6b3de1a916cd046ebf348d933d36248,1865,1843,22,0,0,0,0,15308,2502,2485,0,17,8,1,0,100.0,100.0,79965,78507,eb40df8e777f5cb895f8a306fcf9f66652cda2f9a7b83f2ef616c100b183089e,5f91b83fbda2c04866f71518a2de15604fc8d564773e66a255275320030f0923,0
texts_no_prologue_epilogue,1039,1039__A20093.txt,A20093,f58682fdc7bd3a31ff33abf266bd602f55342cd9,5305c47f6f7af48255f9b9d8d6551d1ae6b3de1a916cd046ebf348d933d36248,1844,1823,21,0,0,0,0,15129,2474,2457,0,17,7,1,0,100.0,100.0,78998,77551,ce198de034113148999f865c5ca7ad29260d3fa4774eb071a925aa86ee1911dd,5b96909426629ffee289709e232509da4be60687102bcd35c5db4878b877322a,0
texts_analysis_en,600,600__A20096.txt,A20096,f58682fdc7bd3a31ff33abf266bd602f55342cd9,1abc5019cc71e34f2fdb6f66d4bbe6d1a74515f873bccf69c0477b5ff89e5137,1378,1090,193,62,0,10,23,10613,2467,2427,0,40,158,182,0,97.61,97.67,57192,57598,8fe3b34c670f0779b4e5676faa26c22dd032de78786a7c605a2db7c3af979f7f,531b6e109b2f5150fc2e0b06d54db9caf0efec15736c3f1719cfcbdd539ac3cb,0
texts_no_prologue_epilogue,600,600__A20096.txt,A20096,f58682fdc7bd3a31ff33abf266bd602f55342cd9,1abc5019cc71e34f2fdb6f66d4bbe6d1a74515f873bccf69c0477b5ff89e5137,1378,1090,193,62,0,10,23,10613,2467,2427,0,40,158,182,0,97.61,97.67,57192,57598,8fe3b34c670f0779b4e5676faa26c22dd032de78786a7c605a2db7c3af979f7f,531b6e109b2f5150fc2e0b06d54db9caf0efec15736c3f1719cfcbdd539ac3cb,0
texts_analysis_en,590,590__A20098.txt,A20098,f58682fdc7bd3a31ff33abf266bd602f55342cd9,a58fa2bfced229c036e3dd164e88ed9ef6eb70e85500fcc27f13ae5f76fef565,1066,899,164,1,0,2,0,21110,4483,4461,0,22,190,2,0,99.81,99.65,109235,108089,c31aece41321df1cace71da78d1e2d7bc46ce7c226c89ec3d4cb4212d2f6a7a5,99824cfc5b5fc3b2e11017269a4754883d3d430c4377f20799b8d3cf0f449d4a,0
texts_no_prologue_epilogue,590,590__A20098.txt,A20098,f58682fdc7bd3a31ff33abf266bd602f55342cd9,a58fa2bfced229c036e3dd164e88ed9ef6eb70e85500fcc27f13ae5f76fef565,1066,899,164,1,0,2,0,21110,4483,4461,0,22,190,2,0,99.81,99.65,109235,108089,c31aece41321df1cace71da78d1e2d7bc46ce7c226c89ec3d4cb4212d2f6a7a5,99824cfc5b5fc3b2e11017269a4754883d3d430c4377f20799b8d3cf0f449d4a,0
texts_analysis_en,602,602__A20100.txt,A20100,f58682fdc7bd3a31ff33abf266bd602f55342cd9,f2b7f8d79fd553b61cb0a65d974102e42729f55777cf6176c7b50ec1ed6f1a10,1167,962,200,1,0,4,0,22538,4790,4763,0,27,206,20,0,99.66,99.44,117809,117198,7d40cf4596d8e716b26648fe18a6f08240a63871daabcd7144057f953f05492f,3b65fbc758ff9880bd85b576401b85251af86ad11213f4926159431e9ec96040,0
texts_no_prologue_epilogue,602,602__A20100.txt,A20100,f58682fdc7bd3a31ff33abf266bd602f55342cd9,f2b7f8d79fd553b61cb0a65d974102e42729f55777cf6176c7b50ec1ed6f1a10,1167,962,200,1,0,4,0,22538,4790,4763,0,27,206,20,0,99.66,99.44,117809,117198,7d40cf4596d8e716b26648fe18a6f08240a63871daabcd7144057f953f05492f,3b65fbc758ff9880bd85b576401b85251af86ad11213f4926159431e9ec96040,0
texts_analysis_en,966,966__A20866.txt,A20866,f58682fdc7bd3a31ff33abf266bd602f55342cd9,5427fa87a978ea4301d41d729420065335b499e1d4fe3e6a2358b06420f0b149,2142,1996,121,0,0,25,0,16220,2916,2890,0,26,107,18,0,98.83,98.68,88754,87945,35ce66b5084c75133847229c723678401a90f2a3dec2df8ee38b8269142be54b,0682ecc1421d1d0e5ef7f7e03e3b978959dbe93a847b0422a051184c6e1879f7,0
texts_no_prologue_epilogue,966,966__A20866.txt,A20866,f58682fdc7bd3a31ff33abf266bd602f55342cd9,5427fa87a978ea4301d41d729420065335b499e1d4fe3e6a2358b06420f0b149,2142,1996,121,0,0,25,0,16220,2916,2890,0,26,107,18,0,98.83,98.68,88754,87945,35ce66b5084c75133847229c723678401a90f2a3dec2df8ee38b8269142be54b,0682ecc1421d1d0e5ef7f7e03e3b978959dbe93a847b0422a051184c6e1879f7,0
texts_analysis_en,407,407__A20867.txt,A20867,f58682fdc7bd3a31ff33abf266bd602f55342cd9,978c14c9868fbfd0ddbd0bdd3baa9a29596b99f68490fd29c3373cd4d83e1d74,1563,1524,37,0,0,2,0,16210,3775,3738,0,37,9,0,0,99.87,99.9,86289,85045,7ad0d0ef3dc82119f2c90178838fabe97488cd89b8de9405fa340596137e8b90,1ee3fec6c9b91c554328101abddd88ed9006ae12896f0fd19a643a043e8c50c3,0
texts_no_prologue_epilogue,407,407__A20867.txt,A20867,f58682fdc7bd3a31ff33abf266bd602f55342cd9,978c14c9868fbfd0ddbd0bdd3baa9a29596b99f68490fd29c3373cd4d83e1d74,1563,1524,37,0,0,2,0,16210,3775,3738,0,37,9,0,0,99.87,99.9,86289,85045,7ad0d0ef3dc82119f2c90178838fabe97488cd89b8de9405fa340596137e8b90,1ee3fec6c9b91c554328101abddd88ed9006ae12896f0fd19a643a043e8c50c3,0
texts_analysis_en,183,183__A20951.txt,A20951,f58682fdc7bd3a31ff33abf266bd602f55342cd9,96e3189fa4bfb71e02ebc32ee32da0348d3bbc092f2c74212dbcdc39136475b1,2417,2264,124,0,0,29,0,19632,4224,4139,0,85,15,0,0,98.8,98.78,101669,100820,8a16ef48209182926239d8e1570bb4f3605f85faaf790ddad0af30251b06e382,aaa0c37df6c7f4626c26cbef712219d17d8ee4a342f8f9b029d000e656962689,0
texts_no_prologue_epilogue,183,183__A20951.txt,A20951,f58682fdc7bd3a31ff33abf266bd602f55342cd9,96e3189fa4bfb71e02ebc32ee32da0348d3bbc092f2c74212dbcdc39136475b1,2417,2264,124,0,0,29,0,19632,4224,4139,0,85,15,0,0,98.8,98.78,101669,100820,8a16ef48209182926239d8e1570bb4f3605f85faaf790ddad0af30251b06e382,aaa0c37df6c7f4626c26cbef712219d17d8ee4a342f8f9b029d000e656962689,0
texts_analysis_en,617,617__A21136.txt,A21136,be26bf3d6b917efb0cdc398ee595c5c219e7582b,9f494be0b7fd5c15caf2d2ea26115d8b80762a127e0d10a2611900cf2564d27a,1203,1164,34,0,0,5,0,11843,2437,2411,0,26,8,0,0,99.58,99.67,62299,61551,73221be5b1ccc135d759587166b0ea8bd1092df451444930d4f022017708d98b,ec5ff955ef1874af42a02b88a0b84cae84d96459a6713b3622e41edb234e23f6,0
texts_no_prologue_epilogue,617,617__A21136.txt,A21136,be26bf3d6b917efb0cdc398ee595c5c219e7582b,9f494be0b7fd5c15caf2d2ea26115d8b80762a127e0d10a2611900cf2564d27a,1162,1123,34,0,0,5,0,11531,2380,2354,0,26,8,0,0,99.57,99.66,60550,59838,4fa545f4326b2085dca9e12ba01a579d0e55ba78bd12895a1d501c830006932c,52154fa49a980b15fcb9c5f0dc3d820d0a237e874ffd01b0c75d1d533d5e76b3,0
texts_analysis_en,271,271__A21144.txt,A21144,be26bf3d6b917efb0cdc398ee595c5c219e7582b,5c71bfaa99c35a13e98c50bdf74f178214f17a152687cac3a4b47ba13365508e,2503,2416,84,1,0,2,0,19504,4328,4295,1,32,41,2,0,99.92,99.92,106330,104749,a343f5a39a9f5b1efb109e9501fcc5b3a0fa2bccb4627e68b5678da0ca42e1d0,6f1f9c7909a31775a98db830af1104ad968a477a2e848848170abb6ee2cfa35e,0
texts_no_prologue_epilogue,271,271__A21144.txt,A21144,be26bf3d6b917efb0cdc398ee595c5c219e7582b,5c71bfaa99c35a13e98c50bdf74f178214f17a152687cac3a4b47ba13365508e,2503,2416,84,1,0,2,0,19504,4328,4295,1,32,41,2,0,99.92,99.92,106330,104749,a343f5a39a9f5b1efb109e9501fcc5b3a0fa2bccb4627e68b5678da0ca42e1d0,6f1f9c7909a31775a98db830af1104ad968a477a2e848848170abb6ee2cfa35e,0
texts_analysis_en,100,100__A21159.txt,A21159,be26bf3d6b917efb0cdc398ee595c5c219e7582b,ba70584253c333ad1b47613a5e66d05cda8e9bec61e35a087c9c10ae7da6f6cb,1824,1515,259,0,0,50,0,17710,4649,4634,0,15,276,57,0,97.26,97.02,96198,94282,0ddaa72cbf3fc94da481025a0c3a4d74351a37ab137b2e80fd0d36d22c5b919b,d57cda5855ebd7e638fae198cf798926b736da603ef2ef510bd5f31b5a89bed4,0
texts_no_prologue_epilogue,100,100__A21159.txt,A21159,be26bf3d6b917efb0cdc398ee595c5c219e7582b,ba70584253c333ad1b47613a5e66d05cda8e9bec61e35a087c9c10ae7da6f6cb,1778,1478,250,0,0,50,0,17200,4489,4475,0,14,265,57,0,97.19,96.92,93385,91559,065f161afad825677fb406f0d5b4022f85ca54b2adfd0a628e2c0b8fcf23659c,2a4a6cc0db56851d63438314551db80c6b6c90dd9c08caf65c859d1be2cb3515,0
texts_analysis_en,149,149__A21238.txt,A21238,be26bf3d6b917efb0cdc398ee595c5c219e7582b,94bfa85432cb68f3bff53ce6546e04aaba286cc47503a776d9fea50e8c730120,991,988,2,0,0,1,0,8346,1680,1678,0,2,0,0,0,99.9,99.91,43484,43069,03babdece94f90403fac96c84c05c435b549a219a0a2865e76449f17867232b2,8d2e5eab83501eec115a3203138cc9186939d60bcfd3c9ef982351abcbcafe65,0
texts_no_prologue_epilogue,149,149__A21238.txt,A21238,be26bf3d6b917efb0cdc398ee595c5c219e7582b,94bfa85432cb68f3bff53ce6546e04aaba286cc47503a776d9fea50e8c730120,991,988,2,0,0,1,0,8346,1680,1678,0,2,0,0,0,99.9,99.91,43484,43069,03babdece94f90403fac96c84c05c435b549a219a0a2865e76449f17867232b2,8d2e5eab83501eec115a3203138cc9186939d60bcfd3c9ef982351abcbcafe65,0
texts_analysis_en,200,200__A21246.1.txt,A21246,be26bf3d6b917efb0cdc398ee595c5c219e7582b,29d59b93dbe3293a372a53753c053be1a87e55feff21fe82b0285664e38a9daf,88,82,6,0,0,0,0,2709,469,458,0,11,0,0,0,100.0,100.0,15182,14893,6c4c315d861d1a9f2c8c6f2084f41aedace11fe9da6d349d96b11c2cfa5cafb7,08d8f451af3d394fa65d189c008d321440f966322ae1b8131a546276b9bb2e31,0
texts_no_prologue_epilogue,200,200__A21246.1.txt,A21246,be26bf3d6b917efb0cdc398ee595c5c219e7582b,29d59b93dbe3293a372a53753c053be1a87e55feff21fe82b0285664e38a9daf,88,82,6,0,0,0,0,2709,469,458,0,11,0,0,0,100.0,100.0,15182,14893,6c4c315d861d1a9f2c8c6f2084f41aedace11fe9da6d349d96b11c2cfa5cafb7,08d8f451af3d394fa65d189c008d321440f966322ae1b8131a546276b9bb2e31,0
texts_analysis_en,201,201__A21246.2.txt,A21246,be26bf3d6b917efb0cdc398ee595c5c219e7582b,29d59b93dbe3293a372a53753c053be1a87e55feff21fe82b0285664e38a9daf,48,43,5,0,0,0,0,1199,231,231,0,0,0,0,0,100.0,100.0,6724,6553,eeb491384074acf88da9dcc61791cb0d822472eead3089cf924fa6ca3a0c51b5,613ff013879e3bfe8cb41c6238c38fd3b8901c2d30e00f2420ec4fb5f49b6ef7,0
texts_no_prologue_epilogue,201,201__A21246.2.txt,A21246,be26bf3d6b917efb0cdc398ee595c5c219e7582b,29d59b93dbe3293a372a53753c053be1a87e55feff21fe82b0285664e38a9daf,48,43,5,0,0,0,0,1199,231,231,0,0,0,0,0,100.0,100.0,6724,6553,eeb491384074acf88da9dcc61791cb0d822472eead3089cf924fa6ca3a0c51b5,613ff013879e3bfe8cb41c6238c38fd3b8901c2d30e00f2420ec4fb5f49b6ef7,0
texts_analysis_en,202,202__A21246.3.txt,A21246,be26bf3d6b917efb0cdc398ee595c5c219e7582b,29d59b93dbe3293a372a53753c053be1a87e55feff21fe82b0285664e38a9daf,9,3,6,0,0,0,0,1579,296,292,0,4,0,0,0,100.0,100.0,8649,8482,71e6984d0b00e00c5bf59a67ae324dc86c342eef2c7f83e7fafc475b79df9edb,69cbbe96663a0c0cbb4fc122ad8898f14d910777ce7ad2c16971600b4f2cd9bb,0
texts_no_prologue_epilogue,202,202__A21246.3.txt,A21246,be26bf3d6b917efb0cdc398ee595c5c219e7582b,29d59b93dbe3293a372a53753c053be1a87e55feff21fe82b0285664e38a9daf,9,3,6,0,0,0,0,1579,296,292,0,4,0,0,0,100.0,100.0,8649,8482,71e6984d0b00e00c5bf59a67ae324dc86c342eef2c7f83e7fafc475b79df9edb,69cbbe96663a0c0cbb4fc122ad8898f14d910777ce7ad2c16971600b4f2cd9bb,0
texts_analysis_en,205,205__A21328.txt,A21328,be26bf3d6b917efb0cdc398ee595c5c219e7582b,d7213aca2535f6309d4c62fa18cdae6c2b73a0547d8581ddedf9d4f115352dc6,1473,1439,33,0,0,1,0,11587,2371,2350,0,21,7,1,0,99.93,99.93,61954,61113,28b9084c3129e8ec8b65b2307cc4f3c21a101a6c8d9e4ba9b819fd2cab976ecc,021e18d6e90d1e293d459aa46bf67a3ba1826f76c709e463c6007d651e22e6fd,0
texts_no_prologue_epilogue,205,205__A21328.txt,A21328,be26bf3d6b917efb0cdc398ee595c5c219e7582b,d7213aca2535f6309d4c62fa18cdae6c2b73a0547d8581ddedf9d4f115352dc6,1473,1439,33,0,0,1,0,11587,2371,2350,0,21,7,1,0,99.93,99.93,61954,61113,28b9084c3129e8ec8b65b2307cc4f3c21a101a6c8d9e4ba9b819fd2cab976ecc,021e18d6e90d1e293d459aa46bf67a3ba1826f76c709e463c6007d651e22e6fd,0
texts_analysis_en,672,672__A21411.txt,A21411,be26bf3d6b917efb0cdc398ee595c5c219e7582b,d2bd9bdfe5b9effc3437d08916740644f0765b0b46d428a3ba9026de689b545e,1803,1749,51,0,0,3,0,16436,3295,3252,0,43,17,1,0,99.83,99.88,86890,85718,765c1091da49da9ebbb2ff1fc222709a1eacb574fda25e46c9fd87c02010f32c,d84dfc311ed8da93a9b74e4b952cf0f301227aead3c5df4bad54276e23441443,0
texts_no_prologue_epilogue,672,672__A21411.txt,A21411,be26bf3d6b917efb0cdc398ee595c5c219e7582b,d2bd9bdfe5b9effc3437d08916740644f0765b0b46d428a3ba9026de689b545e,1803,1749,51,0,0,3,0,16436,3295,3252,0,43,17,1,0,99.83,99.88,86890,85718,765c1091da49da9ebbb2ff1fc222709a1eacb574fda25e46c9fd87c02010f32c,d84dfc311ed8da93a9b74e4b952cf0f301227aead3c5df4bad54276e23441443,0
texts_analysis_en,494,494__A68191.txt,A68191,86caab34b258d49b58006c42a59d6df0b3751bd6,b419fd6b18f16eef9b5c87bc56c80498c3b2168d053c0859f4d04e6b644784b7,2219,2180,38,0,0,0,1,19183,3914,3894,0,20,3,4,0,99.95,99.99,104562,103550,3fc93622779a0a960a70101434e9c2fdf2594d01ce8bd39db7c4927c10a0e4f3,97833f0fb630cb9e1144b4cc38d1b947129d9adcfa7841cee232841b17f623e1,0
texts_no_prologue_epilogue,494,494__A68191.txt,A68191,86caab34b258d49b58006c42a59d6df0b3751bd6,b419fd6b18f16eef9b5c87bc56c80498c3b2168d053c0859f4d04e6b644784b7,2219,2180,38,0,0,0,1,19183,3914,3894,0,20,3,4,0,99.95,99.99,104562,103550,3fc93622779a0a960a70101434e9c2fdf2594d01ce8bd39db7c4927c10a0e4f3,97833f0fb630cb9e1144b4cc38d1b947129d9adcfa7841cee232841b17f623e1,0
texts_analysis_en,170,170__A68278.1.txt,A68278,86caab34b258d49b58006c42a59d6df0b3751bd6,cae80e44fafdd8e3e2e690c12349f0d73f0aa097c49b77133c16c1dab25a6b1f,1551,1512,39,0,0,0,0,13449,2791,2757,0,34,56,7,0,100.0,100.0,73426,72252,1ebf83b7a2ae8314d79fc68399fd80ab80568cc0ee254604cb728aa5bf7b0678,26528166ae69cba3c55441790c26ef99f7a3ac87a45290b581c3914e0396090a,0
texts_no_prologue_epilogue,170,170__A68278.1.txt,A68278,86caab34b258d49b58006c42a59d6df0b3751bd6,cae80e44fafdd8e3e2e690c12349f0d73f0aa097c49b77133c16c1dab25a6b1f,1551,1512,39,0,0,0,0,13449,2791,2757,0,34,56,7,0,100.0,100.0,73426,72252,1ebf83b7a2ae8314d79fc68399fd80ab80568cc0ee254604cb728aa5bf7b0678,26528166ae69cba3c55441790c26ef99f7a3ac87a45290b581c3914e0396090a,0
texts_analysis_en,628,628__A68468.txt,A68468,86caab34b258d49b58006c42a59d6df0b3751bd6,32b671a747ba6d66fe7a435dd3dacd3c8f63f42eb29869b8a4a0c7e29ae433e8,1744,1573,158,0,1,10,2,20273,4317,4311,1,5,180,1,0,99.31,99.59,106134,105289,427b1dfbc4eee0e6f8a2a24fdb4edb956fc6316cf574d232898ed44dabd8774f,cb5d224df85af5228c4928c77ceb4d9e0a17d1a7aec0e2bf74130ca0d50a2071,0
texts_no_prologue_epilogue,628,628__A68468.txt,A68468,86caab34b258d49b58006c42a59d6df0b3751bd6,32b671a747ba6d66fe7a435dd3dacd3c8f63f42eb29869b8a4a0c7e29ae433e8,1744,1573,158,0,1,10,2,20273,4317,4311,1,5,180,1,0,99.31,99.59,106134,105289,427b1dfbc4eee0e6f8a2a24fdb4edb956fc6316cf574d232898ed44dabd8774f,cb5d224df85af5228c4928c77ceb4d9e0a17d1a7aec0e2bf74130ca0d50a2071,0
texts_analysis_en,761,761__A68488.txt,A68488,86caab34b258d49b58006c42a59d6df0b3751bd6,d1279cb99ba489323a41e3189ccc62a5c2ddd4bd46fe79c27147691ce233d632,217,214,3,0,0,0,0,1413,263,260,0,3,2,0,0,100.0,100.0,8215,8085,300cc6178390f8e62314ff9cd8920c39441bc1cf131e9abc12a313698532e4f3,4fb0ace789c187b9bc471eeb2e7789bfa464995898c2cb6e167b38b8c9a651f2,0
texts_no_prologue_epilogue,761,761__A68488.txt,A68488,86caab34b258d49b58006c42a59d6df0b3751bd6,d1279cb99ba489323a41e3189ccc62a5c2ddd4bd46fe79c27147691ce233d632,217,214,3,0,0,0,0,1413,263,260,0,3,2,0,0,100.0,100.0,8215,8085,300cc6178390f8e62314ff9cd8920c39441bc1cf131e9abc12a313698532e4f3,4fb0ace789c187b9bc471eeb2e7789bfa464995898c2cb6e167b38b8c9a651f2,0
texts_analysis_en,1131,1131__A68655.txt,A68655,86caab34b258d49b58006c42a59d6df0b3751bd6,e47d3f8b00d6af6a2d94a8ef96dba92c0b3243828808eabd14d6c9e7990d18fc,2233,2106,121,0,0,6,0,15916,2667,2651,0,16,112,5,0,99.73,99.8,88536,87260,4a13eb32d5df4976701b8c5e1188e97cf7a82fb9694371263e4508f436d97576,78c2dd763230ca59e9c2630091bdc5a9cf1f2e5d50c13c55c6e250a9e9cf4904,0
texts_no_prologue_epilogue,1131,1131__A68655.txt,A68655,86caab34b258d49b58006c42a59d6df0b3751bd6,e47d3f8b00d6af6a2d94a8ef96dba92c0b3243828808eabd14d6c9e7990d18fc,2199,2080,114,0,0,5,0,15645,2621,2605,0,16,105,5,0,99.77,99.84,87036,85771,734d445dde0b57515d6147f7cbf02ce3446469b6b99de690f2592ea07d35aa9d,f0b8359f0b0e30e47d6521247146a980af182dd5cb76c6fa5bf97a8c8cece15e,0
texts_analysis_en,765,765__A68683.txt,A68683,86caab34b258d49b58006c42a59d6df0b3751bd6,3557310fdf628a8d875bed4be01fbd3d693c85628710c6bd85b7301c6703bf96,2078,2030,46,0,0,2,0,21073,4152,4143,0,9,3,0,0,99.9,99.88,112157,110445,ebb3a046eb94e82d4f3b5024dd34804f63d7d879af393ddd7c2809f9f800f346,138dc1247c3ea9f9054721091a91245de425e99d35b2f0913eaa9aceee855878,0
texts_no_prologue_epilogue,765,765__A68683.txt,A68683,86caab34b258d49b58006c42a59d6df0b3751bd6,3557310fdf628a8d875bed4be01fbd3d693c85628710c6bd85b7301c6703bf96,2068,2020,46,0,0,2,0,20984,4134,4125,0,9,3,0,0,99.9,99.88,111697,109996,1a250264f78025be389250837a8f17013f481a7280bb4a5260196cbd4c6f6f51,11a5b8219ce4a4b095c32596119444e6811f7f3b38ca2c111332fa7a60960f93,0
texts_analysis_en,315,315__A68726.txt,A68726,86caab34b258d49b58006c42a59d6df0b3751bd6,f3f00ad1ad83f58ae2ec8dc15421d21969c28623827b4444e104d1f64a1a124f,1931,1851,76,0,0,3,1,18323,3964,3926,4,34,112,3,0,99.79,99.79,97972,96260,ecf0f32733bdfc3538973fdb7a6e2fad26ab280a040afada02b5662324abe3b0,47e0c620865e64c72699fe6ba20e9afcecfc58e5f480611c99997cd2736693e1,0
texts_no_prologue_epilogue,315,315__A68726.txt,A68726,86caab34b258d49b58006c42a59d6df0b3751bd6,f3f00ad1ad83f58ae2ec8dc15421d21969c28623827b4444e104d1f64a1a124f,1931,1851,76,0,0,3,1,18323,3964,3926,4,34,112,3,0,99.79,99.79,97972,96260,ecf0f32733bdfc3538973fdb7a6e2fad26ab280a040afada02b5662324abe3b0,47e0c620865e64c72699fe6ba20e9afcecfc58e5f480611c99997cd2736693e1,0
texts_analysis_en,391,391__A68727.txt,A68727,86caab34b258d49b58006c42a59d6df0b3751bd6,4b7c4fe5298eada9482294d09c427977844efeb83f6a76e6ea52da1dcd1aec9c,1912,1905,7,0,0,0,0,19402,3729,3642,0,87,10,0,0,100.0,100.0,101028,99327,0eb19f1785b44fdf8089887517b36ef4b83783a8e90bcd16fd5661c756f06c49,6f9a53225e6d5cafade7c1ccc5160a198a9a8eec41d9c41cd0500163e283f86d,0
texts_no_prologue_epilogue,391,391__A68727.txt,A68727,86caab34b258d49b58006c42a59d6df0b3751bd6,4b7c4fe5298eada9482294d09c427977844efeb83f6a76e6ea52da1dcd1aec9c,1912,1905,7,0,0,0,0,19402,3729,3642,0,87,10,0,0,100.0,100.0,101028,99327,0eb19f1785b44fdf8089887517b36ef4b83783a8e90bcd16fd5661c756f06c49,6f9a53225e6d5cafade7c1ccc5160a198a9a8eec41d9c41cd0500163e283f86d,0
texts_analysis_en,131,131__A68918.txt,A68918,86caab34b258d49b58006c42a59d6df0b3751bd6,83d7a94beb6379e6d102e0e70320c96a2b9b4f452e3b76395f3af37f50cd25ec,2135,1960,165,2,0,8,0,20491,4733,4699,0,34,115,19,0,99.63,99.67,111113,109233,017d887e6af9ca2b24dfc9ae1c3d44c6f8a723cbe09c0ab7bd27744b26239287,6d6f5e910d1d5e604b953f63bffe140b3f46d18e0824dec356bfabd25b571db1,0
texts_no_prologue_epilogue,131,131__A68918.txt,A68918,86caab34b258d49b58006c42a59d6df0b3751bd6,83d7a94beb6379e6d102e0e70320c96a2b9b4f452e3b76395f3af37f50cd25ec,2065,1895,160,2,0,8,0,19733,4553,4519,0,34,109,19,0,99.61,99.66,106943,105188,1e914420c9b628a702b4f2dd34a8a2ca0a55cb317ee1362ed4b24fdd72b760f3,0ea65c49807f6467285ca0d8c6b2f6d5a2a4d145d06611d1e23c8a3a7c838def,0
texts_analysis_en,222,222__A68931.txt,A68931,86caab34b258d49b58006c42a59d6df0b3751bd6,9979205d6fcc4a4eb0a3bb60179905537ca4944bfc52263873323285d866a5fe,1760,1723,36,0,0,1,0,16235,2950,2909,0,41,16,3,0,99.94,99.94,85460,84459,f6ab160d7e41478f2ae4e38d0163652fd342e36ee22ef8fc4460ed16affad3a0,e50d9052aaa355c0c9c9b4a109bb0432d93fccc146c46ee73421909ad66ca2d5,0
texts_no_prologue_epilogue,222,222__A68931.txt,A68931,86caab34b258d49b58006c42a59d6df0b3751bd6,9979205d6fcc4a4eb0a3bb60179905537ca4944bfc52263873323285d866a5fe,1760,1723,36,0,0,1,0,16235,2950,2909,0,41,16,3,0,99.94,99.94,85460,84459,f6ab160d7e41478f2ae4e38d0163652fd342e36ee22ef8fc4460ed16affad3a0,e50d9052aaa355c0c9c9b4a109bb0432d93fccc146c46ee73421909ad66ca2d5,0
texts_analysis_en,556,556__A69188.txt,A69188,276ee73cd356f9343abf74db81a64d38f1fdaf0e,f100b9330080862761331e687b86419a51c500e01edb144e19aa7e64234fb012,1386,1336,50,0,0,0,0,22008,3279,3266,0,13,74,0,0,100.0,100.0,116468,115018,48256b77b2de02ea81f1185ca70db4013c14c4fc956f337738f932aeefc503af,1aaa07506da62edd2c2fb3263991a27013291dc4b89cff193acd06091b4fa7fe,0
texts_no_prologue_epilogue,556,556__A69188.txt,A69188,276ee73cd356f9343abf74db81a64d38f1fdaf0e,f100b9330080862761331e687b86419a51c500e01edb144e19aa7e64234fb012,1362,1313,49,0,0,0,0,21824,3244,3231,0,13,73,0,0,100.0,100.0,115441,114013,c8ce598e4ed9886710192a595a818a23ffa632619dffec219c57a71168b2328d,4b6b31e6499046032c97b35342e7974a9b83e319b5bb2b8e42ad87f843e39d25,0
texts_analysis_en,983,983__A72254.txt,A72254,5b289c88a46eb127d25b776db1b3f2cb86096208,875094a5dfe5a38bd00d45a372b3b414c3f7600170a120f0f7e6c43d96082f64,3711,3654,51,0,0,5,1,31535,5463,5390,0,73,32,2,0,99.84,99.89,163358,160506,8dae1743b145a35cb32bd670cf576b7db513f3550ea773632600101a8820dd60,ec6f73d7f27380e5e56c8feb69b0dab09dcd4fe7b8f984ddd396e49760d8a6c8,0
texts_no_prologue_epilogue,983,983__A72254.txt,A72254,5b289c88a46eb127d25b776db1b3f2cb86096208,875094a5dfe5a38bd00d45a372b3b414c3f7600170a120f0f7e6c43d96082f64,3677,3623,48,0,0,5,1,31269,5408,5335,0,73,29,2,0,99.84,99.89,161905,159083,ceff91494674b90ab296c8893326d83ed3e4e5cf6812042aa616136fcce75924,0349ce57d665a2091ef29b54092eb132c1ade7aa7606682614ef7ba0ea147f22,0
texts_analysis_en,1139,1139__A72473.11.txt,A72473,5b289c88a46eb127d25b776db1b3f2cb86096208,d5a1b789a655a696639a8a646dd7d521525de66e1130c8bfa62f2f3fe70da52c,1218,1217,1,0,0,0,0,8959,1311,1310,0,1,1,0,0,100.0,100.0,46598,45842,7e602622aba1a56aea90a96bff8604537746f5384e50610975cdb07b4227e883,558ede7974de41d7b48428d2f2893f55f14aeb1443570180e370f140f28c3e5e,0
texts_no_prologue_epilogue,1139,1139__A72473.11.txt,A72473,5b289c88a46eb127d25b776db1b3f2cb86096208,d5a1b789a655a696639a8a646dd7d521525de66e1130c8bfa62f2f3fe70da52c,1179,1178,1,0,0,0,0,8684,1282,1282,0,0,1,0,0,100.0,100.0,45138,44399,3031ebf0f9ef2209a65e8d4cb78f1a473e4ace0a1552448fa4d33b9eed6eed4d,476e5318af8f213995bc61be2f9850f9044ba25f438b3eb174e85551b8774f4c,0
texts_analysis_en,1162,1162__A72473.5.txt,A72473,5b289c88a46eb127d25b776db1b3f2cb86096208,d5a1b789a655a696639a8a646dd7d521525de66e1130c8bfa62f2f3fe70da52c,159,159,0,0,0,0,0,1930,222,222,0,0,0,0,0,100.0,100.0,9994,9860,efba80aa18f706288ef4a7aa28a2c67ce942f9c662847d5d453c0c480afe2586,6c797da03ba242062520838560491ee02eb779fb02c3b7b7260853e03cae4a38,0
texts_no_prologue_epilogue,1162,1162__A72473.5.txt,A72473,5b289c88a46eb127d25b776db1b3f2cb86096208,d5a1b789a655a696639a8a646dd7d521525de66e1130c8bfa62f2f3fe70da52c,135,135,0,0,0,0,0,1751,205,205,0,0,0,0,0,100.0,100.0,9034,8916,c94455d4da697d4520a0fc4b3038b4ce8086e2a97dae268895e203ce1e37c4c1,7856b1c2584560c7ed8543c9edf9a81db72ed9605bbd61977e0c37e5505b92b5,0
texts_analysis_en,1163,1163__A72473.7.txt,A72473,5b289c88a46eb127d25b776db1b3f2cb86096208,d5a1b789a655a696639a8a646dd7d521525de66e1130c8bfa62f2f3fe70da52c,210,209,0,0,0,1,0,1687,226,226,0,0,0,0,0,99.52,99.5,8977,8837,387486e27a0a9ef8e5a318d3169fd7bad9123b813827a59d5192e435b0d2cc27,cbd93977e3c0de8a5c7739f46863e0c4a81e4ca18b9a2eb3ea3d11cb3dc6268a,0
texts_no_prologue_epilogue,1163,1163__A72473.7.txt,A72473,5b289c88a46eb127d25b776db1b3f2cb86096208,d5a1b789a655a696639a8a646dd7d521525de66e1130c8bfa62f2f3fe70da52c,210,209,0,0,0,1,0,1687,226,226,0,0,0,0,0,99.52,99.5,8977,8837,387486e27a0a9ef8e5a318d3169fd7bad9123b813827a59d5192e435b0d2cc27,cbd93977e3c0de8a5c7739f46863e0c4a81e4ca18b9a2eb3ea3d11cb3dc6268a,0
texts_analysis_en,1164,1164__A72473.8.txt,A72473,5b289c88a46eb127d25b776db1b3f2cb86096208,d5a1b789a655a696639a8a646dd7d521525de66e1130c8bfa62f2f3fe70da52c,247,247,0,0,0,0,0,2204,282,282,0,0,0,0,0,100.0,100.0,11725,11542,fbc9368e3bfb8e26ad896f6db1cf9a7c98d8844b54e6308de27a33d00c2cf646,9125a46d8a156ed536d75c11c0440dd3da535109a036b9a76d2450d3b0f9a029,0
texts_no_prologue_epilogue,1164,1164__A72473.8.txt,A72473,5b289c88a46eb127d25b776db1b3f2cb86096208,d5a1b789a655a696639a8a646dd7d521525de66e1130c8bfa62f2f3fe70da52c,247,247,0,0,0,0,0,2204,282,282,0,0,0,0,0,100.0,100.0,11725,11542,fbc9368e3bfb8e26ad896f6db1cf9a7c98d8844b54e6308de27a33d00c2cf646,9125a46d8a156ed536d75c11c0440dd3da535109a036b9a76d2450d3b0f9a029,0
texts_analysis_en,1165,1165__A72473.9.txt,A72473,5b289c88a46eb127d25b776db1b3f2cb86096208,d5a1b789a655a696639a8a646dd7d521525de66e1130c8bfa62f2f3fe70da52c,185,182,2,0,0,1,0,3243,442,442,0,0,0,0,0,99.46,98.35,17350,17135,55daac19069c80b87cb97d577da5a348440ff5d30585d2b38921388899c4da80,5562db0e5bf2972c118462397a8570d38d5b799f8a9f473f8bacb08c8b6b6068,0
texts_no_prologue_epilogue,1165,1165__A72473.9.txt,A72473,5b289c88a46eb127d25b776db1b3f2cb86096208,d5a1b789a655a696639a8a646dd7d521525de66e1130c8bfa62f2f3fe70da52c,185,182,2,0,0,1,0,3243,442,442,0,0,0,0,0,99.46,98.35,17350,17135,55daac19069c80b87cb97d577da5a348440ff5d30585d2b38921388899c4da80,5562db0e5bf2972c118462397a8570d38d5b799f8a9f473f8bacb08c8b6b6068,0
texts_analysis_en,1166,1166__A72473.10.txt,A72473,5b289c88a46eb127d25b776db1b3f2cb86096208,d5a1b789a655a696639a8a646dd7d521525de66e1130c8bfa62f2f3fe70da52c,188,188,0,0,0,0,0,2867,395,395,0,0,0,0,0,100.0,100.0,15259,14981,2fc70e979bd8cc091c4ac123dfe6bbf0d216cc712c0455bbe0726a455754f12b,62a26f8ad0adc821e2ca2aff74fecdfb146c37900451b2a46838f02bfbbdd769,0
texts_no_prologue_epilogue,1166,1166__A72473.10.txt,A72473,5b289c88a46eb127d25b776db1b3f2cb86096208,d5a1b789a655a696639a8a646dd7d521525de66e1130c8bfa62f2f3fe70da52c,188,188,0,0,0,0,0,2867,395,395,0,0,0,0,0,100.0,100.0,15259,14981,2fc70e979bd8cc091c4ac123dfe6bbf0d216cc712c0455bbe0726a455754f12b,62a26f8ad0adc821e2ca2aff74fecdfb146c37900451b2a46838f02bfbbdd769,0
texts_analysis_en,1167,1167__A72473.15.txt,A72473,5b289c88a46eb127d25b776db1b3f2cb86096208,d5a1b789a655a696639a8a646dd7d521525de66e1130c8bfa62f2f3fe70da52c,142,141,1,0,0,0,0,2027,291,291,0,0,1,0,0,100.0,100.0,11118,10909,c14f00915bca40d1ba2e2168b5323069a0cbe6424779d3e5e6e230cecd21fd95,dc47252692d3018741bb0d734c4dae256c4230bbf711cc682d177643ab6fab32,0
texts_no_prologue_epilogue,1167,1167__A72473.15.txt,A72473,5b289c88a46eb127d25b776db1b3f2cb86096208,d5a1b789a655a696639a8a646dd7d521525de66e1130c8bfa62f2f3fe70da52c,142,141,1,0,0,0,0,2027,291,291,0,0,1,0,0,100.0,100.0,11118,10909,c14f00915bca40d1ba2e2168b5323069a0cbe6424779d3e5e6e230cecd21fd95,dc47252692d3018741bb0d734c4dae256c4230bbf711cc682d177643ab6fab32,0
texts_analysis_en,1168,1168__A72473.16.txt,A72473,5b289c88a46eb127d25b776db1b3f2cb86096208,d5a1b789a655a696639a8a646dd7d521525de66e1130c8bfa62f2f3fe70da52c,177,177,0,0,0,0,0,1001,107,107,0,0,0,0,0,100.0,100.0,5126,5074,baf4ca3ae77f69a20d9211130506b1f5cfdb8e9324871f7d501240a6eb7cd514,8afedb68914585006b9256b22fc9efe5dda396c2b5669dbeba96c4f75243c6d4,0
texts_no_prologue_epilogue,1168,1168__A72473.16.txt,A72473,5b289c88a46eb127d25b776db1b3f2cb86096208,d5a1b789a655a696639a8a646dd7d521525de66e1130c8bfa62f2f3fe70da52c,177,177,0,0,0,0,0,1001,107,107,0,0,0,0,0,100.0,100.0,5126,5074,baf4ca3ae77f69a20d9211130506b1f5cfdb8e9324871f7d501240a6eb7cd514,8afedb68914585006b9256b22fc9efe5dda396c2b5669dbeba96c4f75243c6d4,0
texts_analysis_en,1171,1171__A72473.22.txt,A72473,5b289c88a46eb127d25b776db1b3f2cb86096208,d5a1b789a655a696639a8a646dd7d521525de66e1130c8bfa62f2f3fe70da52c,71,71,0,0,0,0,0,556,74,74,0,0,0,0,0,100.0,100.0,2975,2923,4e4566e40b5cf38f5ed688ea16017e570b130b4b0080b4d80e2ba67b0b7b384f,c220796980c1723293caacacbc94b48e25b30a270bcdc5aa22a17a0a976cf43b,0
texts_no_prologue_epilogue,1171,1171__A72473.22.txt,A72473,5b289c88a46eb127d25b776db1b3f2cb86096208,d5a1b789a655a696639a8a646dd7d521525de66e1130c8bfa62f2f3fe70da52c,71,71,0,0,0,0,0,556,74,74,0,0,0,0,0,100.0,100.0,2975,2923,4e4566e40b5cf38f5ed688ea16017e570b130b4b0080b4d80e2ba67b0b7b384f,c220796980c1723293caacacbc94b48e25b30a270bcdc5aa22a17a0a976cf43b,0
texts_analysis_en,1172,1172__A72473.23.txt,A72473,5b289c88a46eb127d25b776db1b3f2cb86096208,d5a1b789a655a696639a8a646dd7d521525de66e1130c8bfa62f2f3fe70da52c,2834,2830,4,0,0,0,0,22667,3096,3089,0,7,6,1,0,100.0,100.0,121171,119568,0640f4e45bbc79df416d425afcb101aa6e7b3fc03ec54360ab61680ce520b8c0,538685323b7a6b506458603f2511c3c10370ed94725e15d725c9a09ec992cd94,0
texts_no_prologue_epilogue,1172,1172__A72473.23.txt,A72473,5b289c88a46eb127d25b776db1b3f2cb86096208,d5a1b789a655a696639a8a646dd7d521525de66e1130c8bfa62f2f3fe70da52c,2826,2822,4,0,0,0,0,22597,3083,3076,0,7,6,1,0,100.0,100.0,120791,119194,9b20c37e51ca6f69f4f7cb0a109b8615e1202ef3f925291e69aad87d0d1e3d3d,09afa6650085c6c02102fb564bc4113e5645f94dbd91a015c0b4d90478aa2ae5,0
texts_analysis_en,1173,1173__A72473.24.txt,A72473,5b289c88a46eb127d25b776db1b3f2cb86096208,d5a1b789a655a696639a8a646dd7d521525de66e1130c8bfa62f2f3fe70da52c,2768,2757,9,0,0,1,1,21856,3132,3071,0,61,15,0,0,99.93,99.92,113369,111811,9fe3eac49b3ad8a51b113e2f2b49a1223238ab55dd25c16e44dc235a03cb327f,e180c8d1e5214461c3b68fdadc203e72680da62dbe7527eebfe447dc52cd87f3,0
texts_no_prologue_epilogue,1173,1173__A72473.24.txt,A72473,5b289c88a46eb127d25b776db1b3f2cb86096208,d5a1b789a655a696639a8a646dd7d521525de66e1130c8bfa62f2f3fe70da52c,2740,2729,9,0,0,1,1,21636,3094,3034,0,60,15,0,0,99.93,99.91,112134,110596,4638092c41311f8b5e467bb4e67731370de115773a4f6d347d19fdfd4ef0ed22,861d9d1bb5663fa2403f9a034c840ce9ab78115ab0c81786ca28d9730987a0a3,0
texts_analysis_en,1174,1174__A72473.25.txt,A72473,5b289c88a46eb127d25b776db1b3f2cb86096208,d5a1b789a655a696639a8a646dd7d521525de66e1130c8bfa62f2f3fe70da52c,1226,1225,1,0,0,0,0,9299,1507,1505,0,2,2,0,0,100.0,100.0,49433,48440,199bbb36736677576eaf045f93f95946c7728d9a21ff500c122d09fc9b0649c3,118a27cc4e78fe615a4926b66b8ad07d4c6ddc505c9ba3ae60df4175785cfa55,0
texts_no_prologue_epilogue,1174,1174__A72473.25.txt,A72473,5b289c88a46eb127d25b776db1b3f2cb86096208,d5a1b789a655a696639a8a646dd7d521525de66e1130c8bfa62f2f3fe70da52c,1160,1159,1,0,0,0,0,8747,1438,1436,0,2,2,0,0,100.0,100.0,46495,45553,9b44600dcf2d97c9bf9132c3be7592b1705cda4bc2714e6e5a9ad5e7736bf749,e80f230c2b7c72f3531c95a64f10d1aba1a95a06db84f12956f4e92fc782fda4,0
texts_analysis_en,790,790__A72473.6.txt,A72473,5b289c88a46eb127d25b776db1b3f2cb86096208,d5a1b789a655a696639a8a646dd7d521525de66e1130c8bfa62f2f3fe70da52c,134,134,0,0,0,0,0,854,130,130,0,0,0,0,0,100.0,100.0,4538,4465,293f9539f1af2e3e529eff1045ba513b6e0e0778367212b416486d28af7d9522,e3d6e2b419a1c5cac3ec6759ee939d327c122f13d0078ffcbf0cb7dcf87a2726,0
texts_no_prologue_epilogue,790,790__A72473.6.txt,A72473,5b289c88a46eb127d25b776db1b3f2cb86096208,d5a1b789a655a696639a8a646dd7d521525de66e1130c8bfa62f2f3fe70da52c,134,134,0,0,0,0,0,854,130,130,0,0,0,0,0,100.0,100.0,4538,4465,293f9539f1af2e3e529eff1045ba513b6e0e0778367212b416486d28af7d9522,e3d6e2b419a1c5cac3ec6759ee939d327c122f13d0078ffcbf0cb7dcf87a2726,0
texts_analysis_en,847,847__A72473.12.txt,A72473,5b289c88a46eb127d25b776db1b3f2cb86096208,d5a1b789a655a696639a8a646dd7d521525de66e1130c8bfa62f2f3fe70da52c,252,230,22,0,0,0,0,3131,418,417,0,1,2,0,0,100.0,100.0,16384,16188,a3b5bdb04d602983743e1039af2c2925c07635b2820f7184a22600410988204b,69db3e05bc23eded8a03baf47b24fdd490b9e5b2e701c5294d55cb8e038d0a56,0
texts_no_prologue_epilogue,847,847__A72473.12.txt,A72473,5b289c88a46eb127d25b776db1b3f2cb86096208,d5a1b789a655a696639a8a646dd7d521525de66e1130c8bfa62f2f3fe70da52c,252,230,22,0,0,0,0,3131,418,417,0,1,2,0,0,100.0,100.0,16384,16188,a3b5bdb04d602983743e1039af2c2925c07635b2820f7184a22600410988204b,69db3e05bc23eded8a03baf47b24fdd490b9e5b2e701c5294d55cb8e038d0a56,0
texts_analysis_en,853,853__A72473.13.txt,A72473,5b289c88a46eb127d25b776db1b3f2cb86096208,d5a1b789a655a696639a8a646dd7d521525de66e1130c8bfa62f2f3fe70da52c,454,451,3,0,0,0,0,3142,409,409,0,0,5,0,0,100.0,100.0,16758,16561,7873b6415959151369fec353bbf2f7f92e4d47c354df27d0c4edcef65e678d24,3303ec9c0c40572e6b3f17309a384d3acc98e9c9c03bd84ac232f69d09edb38c,0
texts_no_prologue_epilogue,853,853__A72473.13.txt,A72473,5b289c88a46eb127d25b776db1b3f2cb86096208,d5a1b789a655a696639a8a646dd7d521525de66e1130c8bfa62f2f3fe70da52c,454,451,3,0,0,0,0,3142,409,409,0,0,5,0,0,100.0,100.0,16758,16561,7873b6415959151369fec353bbf2f7f92e4d47c354df27d0c4edcef65e678d24,3303ec9c0c40572e6b3f17309a384d3acc98e9c9c03bd84ac232f69d09edb38c,0
texts_analysis_en,895,895__A72473.14.txt,A72473,5b289c88a46eb127d25b776db1b3f2cb86096208,d5a1b789a655a696639a8a646dd7d521525de66e1130c8bfa62f2f3fe70da52c,354,353,1,0,0,0,0,2802,387,386,1,0,1,0,0,100.0,100.0,15296,15063,2b1589604bd5882683c7a3c81932f5e58d0e7b88e5c24ce83032a6e4b5b97bb6,09bb8574fcd296a15f4dbc27e82715481cfdf174af45ac97132acb93a897b8fa,0
texts_no_prologue_epilogue,895,895__A72473.14.txt,A72473,5b289c88a46eb127d25b776db1b3f2cb86096208,d5a1b789a655a696639a8a646dd7d521525de66e1130c8bfa62f2f3fe70da52c,354,353,1,0,0,0,0,2802,387,386,1,0,1,0,0,100.0,100.0,15296,15063,2b1589604bd5882683c7a3c81932f5e58d0e7b88e5c24ce83032a6e4b5b97bb6,09bb8574fcd296a15f4dbc27e82715481cfdf174af45ac97132acb93a897b8fa,0
texts_analysis_en,902,902__A72473.17.txt,A72473,5b289c88a46eb127d25b776db1b3f2cb86096208,d5a1b789a655a696639a8a646dd7d521525de66e1130c8bfa62f2f3fe70da52c,472,472,0,0,0,0,0,3051,422,421,0,1,0,0,0,100.0,100.0,16360,16126,8ba5d17034fa34cab82f6eb02fb6dbb78ac9cfeabba43f011e75000195be3ec9,32367f33de209c1004cef241715a29647b0929fdbe92a4f245ad159830a93595,0
texts_no_prologue_epilogue,902,902__A72473.17.txt,A72473,5b289c88a46eb127d25b776db1b3f2cb86096208,d5a1b789a655a696639a8a646dd7d521525de66e1130c8bfa62f2f3fe70da52c,472,472,0,0,0,0,0,3051,422,421,0,1,0,0,0,100.0,100.0,16360,16126,8ba5d17034fa34cab82f6eb02fb6dbb78ac9cfeabba43f011e75000195be3ec9,32367f33de209c1004cef241715a29647b0929fdbe92a4f245ad159830a93595,0
texts_analysis_en,950,950__A72473.18.txt,A72473,5b289c88a46eb127d25b776db1b3f2cb86096208,d5a1b789a655a696639a8a646dd7d521525de66e1130c8bfa62f2f3fe70da52c,122,122,0,0,0,0,0,834,107,107,0,0,0,0,0,100.0,100.0,4657,4588,c8140c57b5e15382c5f53d9766e31f5116b03d88af5997acf5509d50d72c3061,62fc7af33bc60730d10f9eb4ae7537fd6b18d0ba89b5cd2227320c02d9dbf0dd,0
texts_no_prologue_epilogue,950,950__A72473.18.txt,A72473,5b289c88a46eb127d25b776db1b3f2cb86096208,d5a1b789a655a696639a8a646dd7d521525de66e1130c8bfa62f2f3fe70da52c,122,122,0,0,0,0,0,834,107,107,0,0,0,0,0,100.0,100.0,4657,4588,c8140c57b5e15382c5f53d9766e31f5116b03d88af5997acf5509d50d72c3061,62fc7af33bc60730d10f9eb4ae7537fd6b18d0ba89b5cd2227320c02d9dbf0dd,0
texts_analysis_en,968,968__A72473.19.txt,A72473,5b289c88a46eb127d25b776db1b3f2cb86096208,d5a1b789a655a696639a8a646dd7d521525de66e1130c8bfa62f2f3fe70da52c,125,125,0,0,0,0,0,1192,168,168,0,0,0,0,0,100.0,100.0,6606,6483,51cf9a8253238b87e8a2c21d6d61f02b5ad4ab87de8c0a2b718a74b740bf8721,7cdf2acb267df863f618fb1baa0f6ff313cdeea52acec80cbbf6819dcc026b70,0
texts_no_prologue_epilogue,968,968__A72473.19.txt,A72473,5b289c88a46eb127d25b776db1b3f2cb86096208,d5a1b789a655a696639a8a646dd7d521525de66e1130c8bfa62f2f3fe70da52c,125,125,0,0,0,0,0,1192,168,168,0,0,0,0,0,100.0,100.0,6606,6483,51cf9a8253238b87e8a2c21d6d61f02b5ad4ab87de8c0a2b718a74b740bf8721,7cdf2acb267df863f618fb1baa0f6ff313cdeea52acec80cbbf6819dcc026b70,0
texts_analysis_en,971,971__A72473.1.txt,A72473,5b289c88a46eb127d25b776db1b3f2cb86096208,d5a1b789a655a696639a8a646dd7d521525de66e1130c8bfa62f2f3fe70da52c,1651,1636,15,0,0,0,0,36121,6336,6270,1,65,12,0,4,100.0,100.0,188899,185565,e3731b0888e634b37d8d9c26b96d2f64fec2a3ac4901563411f3d0340edac550,f239bded684819a7103424b6665a5d3ab56e66ca57c4b9f2633b27743d5a61cb,0
texts_no_prologue_epilogue,971,971__A72473.1.txt,A72473,5b289c88a46eb127d25b776db1b3f2cb86096208,d5a1b789a655a696639a8a646dd7d521525de66e1130c8bfa62f2f3fe70da52c,1639,1624,15,0,0,0,0,36013,6312,6246,1,65,12,0,4,100.0,100.0,188364,185041,94b74c055952e72c8c8ab3ff509390d7c56d01fd38b922749087d4290554294e,a73bf9175e778f6f632b66ea00d2f901f459819d25fc5edc726efc6be63a1de1,0
texts_analysis_en,972,972__A72473.4.txt,A72473,5b289c88a46eb127d25b776db1b3f2cb86096208,d5a1b789a655a696639a8a646dd7d521525de66e1130c8bfa62f2f3fe70da52c,3381,3370,11,0,0,0,0,25168,4552,4534,0,18,16,1,0,100.0,100.0,134639,132391,de0c352a5506c23d7ed747f8dc0df995051cfabaa463cf013a969a25d9ca6245,944fe0859e6c8a3c00e9060ae8a55e2d99bc1154eca82b8c3b256c21a6bac088,0
texts_no_prologue_epilogue,972,972__A72473.4.txt,A72473,5b289c88a46eb127d25b776db1b3f2cb86096208,d5a1b789a655a696639a8a646dd7d521525de66e1130c8bfa62f2f3fe70da52c,3367,3356,11,0,0,0,0,25046,4529,4511,0,18,16,1,0,100.0,100.0,134029,131793,2e11ede8f588ee9f7244567f65bb534c23a371ff295db07fbe93ead045336d79,a2ea65a94d8a003f759407edd167f98dda144b01ffd610b9c999ca347d8ade9f,0
texts_analysis_en,973,973__A72473.3.txt,A72473,5b289c88a46eb127d25b776db1b3f2cb86096208,d5a1b789a655a696639a8a646dd7d521525de66e1130c8bfa62f2f3fe70da52c,3721,3710,8,0,0,0,3,27042,4949,4945,0,4,9,0,0,99.92,100.0,141570,139009,1b5ae551ca6735cc724417700c8cfb3845a0d9c2ff67ec0cc07f6db110a83faf,c7721a54895b4dc3840a95762fc91581181264bf585f6142b7b8e31c27022428,0
texts_no_prologue_epilogue,973,973__A72473.3.txt,A72473,5b289c88a46eb127d25b776db1b3f2cb86096208,d5a1b789a655a696639a8a646dd7d521525de66e1130c8bfa62f2f3fe70da52c,3689,3678,8,0,0,0,3,26756,4894,4890,0,4,9,0,0,99.92,100.0,140109,137589,69d120aa05d97aa97f7b7216988710282aa2beeed6bf40be3567ea73786cb93b,e120a8b754e3d845fcaa937bacac5bb26357e15083b8c17eefe7be6564af7cab,0
texts_analysis_en,1021,1021__A73300.txt,A73300,8b24490cc31eef5ba6c979ebb01678f7e7bc6f3d,d52f4913445c4f2e1548b06d69e4156d473d627ffa758d0c326ac6348769aead,246,245,1,0,0,0,0,1879,266,261,0,5,2,0,0,100.0,100.0,10677,10545,072aacad02c837f36157d428979e1293052442a484b105f1a8dee8c9d4529333,206565abfb90f21e435cb14fca0d52646bffa607480b265fdf1da4a66a65450b,0
texts_no_prologue_epilogue,1021,1021__A73300.txt,A73300,8b24490cc31eef5ba6c979ebb01678f7e7bc6f3d,d52f4913445c4f2e1548b06d69e4156d473d627ffa758d0c326ac6348769aead,246,245,1,0,0,0,0,1879,266,261,0,5,2,0,0,100.0,100.0,10677,10545,072aacad02c837f36157d428979e1293052442a484b105f1a8dee8c9d4529333,206565abfb90f21e435cb14fca0d52646bffa607480b265fdf1da4a66a65450b,0
texts_analysis_en,1022,1022__A73704.txt,A73704,8b24490cc31eef5ba6c979ebb01678f7e7bc6f3d,bb36d1037ea36be3e0415be5df40605ffc161c2dfcabb0b7f2df254db03dca28,635,617,18,0,0,0,0,7572,1061,1042,0,19,3,0,0,100.0,100.0,44907,44201,9a4038159a8a9d762471c0b4110a15ecb16206301acec19ae3f7e0e3a976e2ed,7e778b99c61222dc7abbffae40f5def9fefd0df5979829739a87006756e12c5b,0
texts_no_prologue_epilogue,1022,1022__A73704.txt,A73704,8b24490cc31eef5ba6c979ebb01678f7e7bc6f3d,bb36d1037ea36be3e0415be5df40605ffc161c2dfcabb0b7f2df254db03dca28,635,617,18,0,0,0,0,7572,1061,1042,0,19,3,0,0,100.0,100.0,44907,44201,9a4038159a8a9d762471c0b4110a15ecb16206301acec19ae3f7e0e3a976e2ed,7e778b99c61222dc7abbffae40f5def9fefd0df5979829739a87006756e12c5b,0
texts_analysis_en,852,852__B00230.txt,B00230,9d0b1892ff2bccaefb8197417ee3b63243b6a044,8bf2ce8a9a693de4cd3a7be1dcf3f48b350b32936c1b07678f6f01c7500d3fa8,455,453,2,0,0,0,0,3163,538,538,0,0,0,0,0,100.0,100.0,16755,16598,0f262a6e3de871ff5bd1347267696d71feef78eca3ab2d9be315524a358fc6a6,4969be7052e6cf86447c8623dfe14a6a21c135f6c734ddc2a854da2ae9eb80b1,0
texts_no_prologue_epilogue,852,852__B00230.txt,B00230,9d0b1892ff2bccaefb8197417ee3b63243b6a044,8bf2ce8a9a693de4cd3a7be1dcf3f48b350b32936c1b07678f6f01c7500d3fa8,455,453,2,0,0,0,0,3163,538,538,0,0,0,0,0,100.0,100.0,16755,16598,0f262a6e3de871ff5bd1347267696d71feef78eca3ab2d9be315524a358fc6a6,4969be7052e6cf86447c8623dfe14a6a21c135f6c734ddc2a854da2ae9eb80b1,0
texts_analysis_en,915,915__B01146.txt,B01146,7f46beaa51577e06244802cb6707c7d3bf0d5b11,2648e09e77699d236792810bbb20b22ff4c0dc902f8975e2d92206ecac576905,183,183,0,0,0,0,0,1507,317,313,0,4,5,3,0,100.0,100.0,8586,8459,5b46f717ff0d691ec23f8e2204fddcd204f8443fe272d34cbfee0f59b4f22ff1,75bd13f1b1198ee0ae27700dfc49b389d6227480b276c845884dbf3b0f642e4d,0
texts_no_prologue_epilogue,915,915__B01146.txt,B01146,7f46beaa51577e06244802cb6707c7d3bf0d5b11,2648e09e77699d236792810bbb20b22ff4c0dc902f8975e2d92206ecac576905,183,183,0,0,0,0,0,1507,317,313,0,4,5,3,0,100.0,100.0,8586,8459,5b46f717ff0d691ec23f8e2204fddcd204f8443fe272d34cbfee0f59b4f22ff1,75bd13f1b1198ee0ae27700dfc49b389d6227480b276c845884dbf3b0f642e4d,0
texts_analysis_en,1012,1012__B07101.txt,B07101,097d1ef704c057147eca13cb2e3d1d31a49dc886,4e326abf0887e107f3a1404466e7437115213de66e85e7bdeb90b4124d6d23fc,413,410,3,0,0,0,0,2742,473,468,0,5,0,0,0,100.0,100.0,14829,14586,8d3fb2f4be6e04ee1c8777434500edf6cfa6b9c7ee139480b465707eec115dbe,55bf177102d442a90409dda6dce48a988d7cfd33eac6ff74da76d8f60c3dfaa6,0
texts_no_prologue_epilogue,1012,1012__B07101.txt,B07101,097d1ef704c057147eca13cb2e3d1d31a49dc886,4e326abf0887e107f3a1404466e7437115213de66e85e7bdeb90b4124d6d23fc,413,410,3,0,0,0,0,2742,473,468,0,5,0,0,0,100.0,100.0,14829,14586,8d3fb2f4be6e04ee1c8777434500edf6cfa6b9c7ee139480b465707eec115dbe,55bf177102d442a90409dda6dce48a988d7cfd33eac6ff74da76d8f60c3dfaa6,0
texts_analysis_en,1096,1096__B12027.txt,B12027,024de8d1f318a39f648a8ba785c7c9795f4de2d0,28b4b78215e03b76a6196039383892d0966ad0c54fb2633945c993baa2a1d1c4,2225,2150,75,0,0,0,0,18821,2547,2544,0,3,90,3,0,100.0,100.0,102582,101239,7182de9ffe32c0514bbacc7c4b65bb43d26827f0f7883d3f743ed05f39600b4d,a5c6aa187d5333501335b97617b88b3dd94e96a5bc9a8e7f5b8113bd07733264,0
texts_no_prologue_epilogue,1096,1096__B12027.txt,B12027,024de8d1f318a39f648a8ba785c7c9795f4de2d0,28b4b78215e03b76a6196039383892d0966ad0c54fb2633945c993baa2a1d1c4,2225,2150,75,0,0,0,0,18821,2547,2544,0,3,90,3,0,100.0,100.0,102582,101239,7182de9ffe32c0514bbacc7c4b65bb43d26827f0f7883d3f743ed05f39600b4d,a5c6aa187d5333501335b97617b88b3dd94e96a5bc9a8e7f5b8113bd07733264,0
texts_analysis_en,1104,1104__B13574.txt,B13574,d293f4a42aa634ef7370fe45fbeaff2369811faa,697000e8644c2db96279961d5038dae3a473f8b8097a48f0a36c990e952729e8,2999,2961,37,0,0,1,0,21034,2738,2735,0,3,28,0,0,99.97,99.99,108433,107102,52b9e0c64d364707d73151fcc81ac008a939dde09a801ef8e0e6c75a629b6d59,6b65d38e9c519b24661d7e00a26e64db52647469e040acdb0b6d80e0078c76b0,0
texts_no_prologue_epilogue,1104,1104__B13574.txt,B13574,d293f4a42aa634ef7370fe45fbeaff2369811faa,697000e8644c2db96279961d5038dae3a473f8b8097a48f0a36c990e952729e8,2999,2961,37,0,0,1,0,21034,2738,2735,0,3,28,0,0,99.97,99.99,108433,107102,52b9e0c64d364707d73151fcc81ac008a939dde09a801ef8e0e6c75a629b6d59,6b65d38e9c519b24661d7e00a26e64db52647469e040acdb0b6d80e0078c76b0,0
texts_analysis_en,789,789__B14287.txt,B14287,dfc8d14256d486042c4a12d432d370fd49b76291,c54668c0da72648e1ddb03f5dace1822cef1b0e3506752011f417d11264d5778,134,134,0,0,0,0,0,858,171,171,0,0,0,0,0,100.0,100.0,4565,4481,f1824a6febc4266876eb4cf3e3d1add5342c03428ac7aa42347e6845d85cdc42,5f64033ab66b6962f61f8017fc3f68412f291a06141ecaea377b2333cbfe8f52,0
texts_no_prologue_epilogue,789,789__B14287.txt,B14287,dfc8d14256d486042c4a12d432d370fd49b76291,c54668c0da72648e1ddb03f5dace1822cef1b0e3506752011f417d11264d5778,134,134,0,0,0,0,0,858,171,171,0,0,0,0,0,100.0,100.0,4565,4481,f1824a6febc4266876eb4cf3e3d1add5342c03428ac7aa42347e6845d85cdc42,5f64033ab66b6962f61f8017fc3f68412f291a06141ecaea377b2333cbfe8f52,0
texts_analysis_en,422,422__B14290.txt,B14290,dfc8d14256d486042c4a12d432d370fd49b76291,2582093f97775a3be24c554aaf04b7cda7698a51d17183a13325ba7579c8c4ae,2117,2094,22,0,0,1,0,25095,5070,4980,0,90,5,3,4,99.95,99.99,137756,134965,9b5c784bffccde57ade7a114006c68f244efb7cabf63c8ed63703327a5a1ba8d,c8bc60cb3f6dba174434fe77da27d0b7f5b5af41b4e71a51080341b1aa55560b,0
texts_no_prologue_epilogue,422,422__B14290.txt,B14290,dfc8d14256d486042c4a12d432d370fd49b76291,2582093f97775a3be24c554aaf04b7cda7698a51d17183a13325ba7579c8c4ae,2089,2066,22,0,0,1,0,24874,5032,4942,0,90,5,3,4,99.95,99.99,136515,133749,8a9abda96177e10e4c85bb5937a11ef220bb149166293232b1349cb40f628651,717394c6008c51608c4fd7e4e0df289b36393489bd4d90dc65d66f1a1db0ec9d,0
