work_id,title,author_field,genre_main,play_type_raw,date_brit_raw,date_annals_raw,source_used,fallback_reason,adopted_year,lower_limit,upper_limit,date_kind,flags,sources_differ,decade_main,crosses_decade_boundary,decade_by_lower_limit,decade_by_upper_limit,in_period_analysis,reason,date_publication_raw_not_used,included_share
73,1 Promos and Cassandra,"Whetstone, George",comedy,Unacted (?),1577 [1575-1578],1578 [1576-1579],British Drama,,1577,1575,1578,kind unclear,,differ by 1 (same decade),1570–1579,,,,Y,,1578,0.3805
204,1 The Honest Whore (1 The Converted Courtesan) (The Patient Man and the Honest Whore),"Dekker, Thomas / Middleton, Thomas",comedy,Adult Professional,1604,1604,British Drama,,1604,,,first performance,,same year,1600–1609,,,,Y,,1604,0.3511
161,1 The Two Angry Women of Abingdon,"Porter, Henry",comedy,Adult Professional,1598 [1598-1599],1598(?),British Drama,,1598,1598,1599,first performance,,same year,1590–1599,,,,Y,,1599,0.1957
74,2 Promos and Cassandra,"Whetstone, George",comedy,Unacted (?),1577 [1575-1578],1578 [1576-1579],British Drama,,1577,1575,1578,kind unclear,,differ by 1 (same decade),1570–1579,,,,Y,,1578,0.3257
435,2 The Honest Whore (2 The Converted Courtesan),"Dekker, Thomas",comedy,Adult Professional,1605 [1604-1608],1605 [1604-c.1605],British Drama,,1605,1604,1608,first performance,,same year,1600–1609,,,,Y,,1630,0.2973
433,A Chaste Maid in Cheapside,"Middleton, Thomas",comedy,Adult Professional,1613,1613,British Drama,,1613,,,first performance,,same year,1610–1619,,,,Y,,1630,0.2054
481,A Fine Companion,"Marmion, Shackerley",comedy,Adult Professional,1632 [1632-1633],1633 [1632-1633],British Drama,,1632,1632,1633,first performance,,differ by 1 (same decade),1630–1639,,,,Y,,1633,0.4676
412,A Game at Chess,"Middleton, Thomas",comedy,Adult Professional,1624 [Aug],"1624 [licensed for stage, Jun 12]",British Drama,,1624,,,first performance,,same year,1620–1629,,,,Y,,1625,0.1112
276,"A Mad World, My Masters","Middleton, Thomas",comedy,Boys Professional; Adult Professional,1605 [1605-1606],1606 [1604-1607],British Drama,,1605,1605,1606,first performance,,differ by 1 (same decade),1600–1609,,,,Y,,1608,0.443
493,A Maidenhead Well Lost,"Heywood, Thomas",comedy,Adult Professional,1629 [1625-1634],1633 [c.1625-1634],British Drama,,1629,1625,1634,first performance,,differ by 4 (different decade),1620–1629,Y,1620–1629,1630–1639,Y,,1634,0.4828
476,A Match at Midnight,"R., W.",comedy,Adult Professional; Boys Professional,1622 [1621-1623],1622 [1621-1623],British Drama,,1622,1621,1623,first performance,,same year,1620–1629,,,,Y,,1633,0.4612
170,A Midsummer Night's Dream,"Shakespeare, William",comedy,Adult Professional,1595 [1594-1598],1596 [1594-1596],British Drama,,1595,1594,1598,first performance,,differ by 1 (same decade),1590–1599,,,,Y,,1600,0.3674
561,A New Trick to Cheat the Devil,"Davenport, Robert",comedy,Adult Professional,1626 [1624-1634],1625 [c.1624-1639],British Drama,,1626,1624,1634,first performance,,differ by 1 (same decade),1620–1629,Y,1620–1629,1630–1639,Y,,1639,0.6499
474,A New Way to Pay Old Debts,"Massinger, Philip",comedy,Adult Professional,1626 [1626-1632],1625,British Drama,,1626,1626,1632,first performance,,differ by 1 (same decade),1620–1629,Y,1620–1629,1630–1639,Y,,1633,0.1484
460,"A New Wonder, A Woman Never Vexed","Heywood, Thomas / Rowley, William",comedy,Adult Professional,1624 [1611-1626],1611 [1611-1614],British Drama,,1624,1611,1626,first performance,,differ by 13 (different decade),1620–1629,Y,1610–1619,1620–1629,Y,,1632,0.469
617,A Tale of a Tub,"Jonson, Ben",comedy,Adult Professional,1633 [May],"1633 [licensed for stage, May 7]",British Drama,,1633,,,first performance,,same year,1630–1639,,,,Y,,1641,0.6987
262,A Trick to Catch the Old One,"Middleton, Thomas",comedy,Boys Professional,1605 [1604-1606],1605,British Drama,,1605,1604,1606,first performance,,same year,1600–1609,,,,Y,,1608,0.56
299,A Woman Is a Weathercock,"Field, Nathan",comedy,Boys Professional,1609 [Dec] [1609-1610],1609 [1609-1610],British Drama,,1609,1609,1610,first performance,,same year,1600–1609,Y,1600–1609,1610–1619,Y,,1612,0.3196
330,Albumazar,"Tomkis, Thomas",comedy,University,1615 [Mar],1615 [Mar 9],British Drama,,1615,,,first performance,,same year,1610–1619,,,,Y,,1615,0.2331
219,All Fools,"Chapman, George",comedy,Boys Professional,1604 [late],1601,British Drama,,1604,,,first performance,,differ by 3 (same decade),1600–1609,,,,Y,,1605,0.4201
356,Amends for Ladies,"Field, Nathan",comedy,Boys Professional; Adult Professional,1610 [1610-1611],1611 [c.1610-1611],British Drama,,1610,1610,1611,first performance,,differ by 1 (same decade),1610–1619,,,,Y,,1618,0.2789
91,Andria (The Woman from Andros),"Terence (Publius Terentius Afer) / Kyffin, Maurice",comedy,Closet Translation,1587 [Dec],1588,British Drama,,1587,,,composition,,differ by 1 (same decade),1580–1589,,,,Y,,1588,0.5186
184,Antonio and Mellida,"Marston, John",comedy,Boys Professional,1599 [autumn] [1599-1601],1599 [1599-1600],British Drama,,1599,1599,1601,first performance,,same year,1590–1599,Y,1590–1599,1600–1609,Y,,1602,0.3509
414,Apollo Shroving,"Hawkins, William",comedy,Boys Nonprofessional/School,1627 [Feb],1627 [Feb 6],British Drama,,1627,,,first performance,,same year,1620–1629,,,,Y,,1627,0.7609
431,"Aristippus, or The Jovial Philosopher","Randolph, Thomas",comedy,University,1626 [Nov(?)],1626 [1625-1626],British Drama,,1626,,,first performance,queried detail,same year,1620–1629,,,,Y,,1630,0.4405
394,As You Like It,"Shakespeare, William",comedy,Adult Professional,1600 [1598-1600],1599 [1598-1599],British Drama,,1600,1598,1600,first performance,,differ by 1 (different decade),1600–1609,Y,1590–1599,1600–1609,Y,,1623,0.5463
455,Bartholomew Fair,"Jonson, Ben",comedy,Adult Professional,1614 [Oct],1614 [Oct 31],British Drama,,1614,,,first performance,,same year,1610–1619,,,,Y,,1631,0.277
84,"Campaspe (Alexander, Campaspe, and Diogenes)","Lyly, John",comedy,Boys Professional,1583,c.1583,British Drama,,1583,,,first performance,,same year,1580–1589,,,,Y,,1584,0.275
462,"Changes, or Love in a Maze","Shirley, James",comedy,Boys Professional,1632 [Jan 10],"1632 [licensed for stage, Jan 10]",British Drama,,1632,,,first performance,,same year,1630–1639,,,,Y,,1632,0.2547
542,Covent Garden,"Nabbes, Thomas",comedy,Adult Professional,1634 [Feb] [1633-1634],1633,British Drama,,1634,1633,1634,first performance,,differ by 1 (same decade),1630–1639,,,,Y,,1638,0.2831
247,Cupid's Whirligig,"Sharpham, Edward",comedy,Boys Professional,1607,1607,British Drama,,1607,,,first performance,,same year,1600–1609,,,,Y,,1607,0.3484
181,"Cynthia's Revels, or The Fountain of Self-Love","Jonson, Ben",comedy,Boys Professional,1600 [1600-1601],1600 [1600-1601],British Drama,,1600,1600,1601,first performance,,same year,1600–1609,,,,Y,,1601,0.3535
58,Damon and Pithias,"Edwards, Richard",comedy,Boys Nonprofessional/School,1564 [Christmas 1564-1565],1564 [1564-1568],British Drama,,1564,1564,1565,first performance,,same year,1560–1569,,,,Y,,1571,0.2156
217,Eastward Ho,"Chapman, George / Jonson, Ben / Marston, John",comedy,Boys Professional,1605 [1604-1605],1605,British Drama,,1605,1604,1605,first performance,,same year,1600–1609,,,,Y,,1605,0.1865
99,"Endymion, the Man in the Moon","Lyly, John",comedy,Boys Professional,1588 [1585-1588],1588 [Feb 2(?)],British Drama,,1588,1585,1588,first performance,,same year,1580–1589,,,,Y,,1591,0.0561
336,"Englishmen for My Money, or A Woman Will Have Her Will","Haughton, William",comedy,Adult Professional,1598 [spring],"1598 [Feb 18-May 9, payment]",British Drama,,1598,,,first performance,,same year,1590–1599,,,,Y,,1616,0.0229
304,"Epicene, or The Silent Woman","Jonson, Ben",comedy,Boys Professional,1610 [Jan] [1609-1610],1609,British Drama,,1610,1609,1610,first performance,,differ by 1 (different decade),1610–1619,Y,1600–1609,1610–1619,Y,,1616,0.2247
163,Every Man Out of His Humor,"Jonson, Ben",comedy,Adult Professional,1599 [late],1599,British Drama,,1599,,,first performance,,same year,1590–1599,,,,Y,,1600,0.2946
176,Every Man in His Humor,"Jonson, Ben",comedy,Adult Professional,1598 [Sep],1598,British Drama,,1598,,,first performance,,same year,1590–1599,,,,Y,,1601,0.3282
283,Every Woman in Her Humor,Anonymous,comedy,Boys Professional,1607 [1606-1608],1607 [1599-1608],British Drama,,1607,1606,1608,first performance,,same year,1600–1609,,,,Y,,1609,0.2577
113,"Fair Em, the Miller's Daughter of Manchester",Anonymous,comedy,Adult Professional,1590 [1589-1591],1590 [c.1589-1591],British Drama,,1590,1589,1591,first performance,,same year,1590–1599,Y,1580–1589,1590–1599,Y,,1591,0.1763
86,Fedele and Fortunia (Two Italian Gentlemen),"Pasqualigo, Luigi / Munday, Anthony",comedy,Boys Professional; Translation,1583 [1579-1584],1584 [1579-1584],British Drama,,1583,1579,1584,first performance,,differ by 1 (same decade),1580–1589,Y,1570–1579,1580–1589,Y,,1585,0.2039
121,Friar Bacon and Friar Bongay,"Greene, Robert",comedy,Adult Professional,1589 [1588-1592],1589 [1586-1590],British Drama,,1589,1588,1592,first performance,,same year,1580–1589,Y,1580–1589,1590–1599,Y,,1594,0.5294
105,Gallathea,"Lyly, John",comedy,Boys Professional,1584 [1584-1585],1585 [1583-1585],British Drama,,1584,1584,1585,first performance,,differ by 1 (same decade),1580–1589,,,,Y,,1592,0.4828
67,Gammer Gurton's Needle,"Stevenson, William",comedy,University,1553 [1551-1554],1553 [c.1552-1563],British Drama,,1553,1551,1554,first performance,,same year,1550–1559,,,,Y,,1575,0.1373
323,"Greene's Tu Quoque, or The City Gallant","Cooke, John",comedy,Adult Professional,1611,1611,British Drama,,1611,,,first performance,,same year,1610–1619,,,,Y,,1614,0.446
354,Hans Beer-Pot (See Me and See Me Not),"Belchier, Dabridgcourt",comedy,Closet/Unacted (?),1617 [Nov],1618,British Drama,,1617,,,composition,,differ by 1 (same decade),1610–1619,,,,Y,,1618,0.2226
461,Holland's Leaguer,"Marmion, Shackerley",comedy,Adult Professional,1631 [Dec],1631 [Dec],British Drama,,1631,,,first performance,,same year,1630–1639,,,,Y,,1632,0.344
191,How a Man May Choose a Good Wife from a Bad,Anonymous,comedy,Adult Professional,1601 [1595-1602],1602 [c.1601-1602],British Drama,,1601,1595,1602,first performance,,differ by 1 (same decade),1600–1609,Y,1590–1599,1600–1609,Y,,1602,0.2779
268,Humor Out of Breath,"Day, John",comedy,Boys Professional,1607 [1606-1608],1608 [1607-1608],British Drama,,1607,1606,1608,first performance,,differ by 1 (same decade),1600–1609,,,,Y,,1608,0.3546
517,Hyde Park,"Shirley, James",comedy,Adult Professional,1632 [Apr],"1632 [licensed for stage, Apr 20]",British Drama,,1632,,,first performance,,same year,1630–1639,,,,Y,,1637,0.2499
305,"If It Be Not Good, the Devil Is in It (If This Be Not a Good Play, the Devil Is in It)","Dekker, Thomas",comedy,Adult Professional,1611 [1611-1612],1611 [1611-1612],British Drama,,1611,1611,1612,first performance,,same year,1610–1619,,,,Y,,1612,0.5669
177,Jack Drum's Entertainment (Katherine and Pasquil),"Marston, John",comedy,Boys Professional,1600,1600,British Drama,,1600,,,first performance,,same year,1600–1609,,,,Y,,1601,0.3716
267,Law Tricks,"Day, John",comedy,Boys Professional,1604 [1604-1605],1604 [1604-1607],British Drama,,1604,1604,1605,first performance,,same year,1600–1609,,,,Y,,1608,0.3562
174,Look About You,Anonymous,comedy,Adult Professional,1599 [1598-1600],1599 [c.1597-1599],British Drama,,1599,1598,1600,first performance,,same year,1590–1599,Y,1590–1599,1600–1609,Y,,1600,0.0595
150,Love's Labor's Lost,"Shakespeare, William",comedy,Adult Professional,1596 [1594-1597],c.1595,British Drama,,1596,1594,1597,first performance,,differ by 1 (same decade),1590–1599,,,,Y,,1598,0.2999
297,May Day,"Chapman, George",comedy,Boys Professional,1604 [1601-1608],1602 [1601-1602],British Drama,,1604,1601,1608,first performance,,differ by 2 (same decade),1600–1609,,,,Y,,1611,0.3778
244,Michaelmas Term,"Middleton, Thomas",comedy,Boys Professional,1604 [1604-1607],1606 [1604-1606],British Drama,,1604,1604,1607,first performance,,differ by 2 (same decade),1600–1609,,,,Y,,1607,0.1328
106,Midas,"Lyly, John",comedy,Boys Professional,1589 [1589-1590],1589,British Drama,,1589,1589,1590,first performance,,same year,1580–1589,Y,1580–1589,1590–1599,Y,,1592,0.4607
558,Monsieur Thomas (Father's Own Son),"Fletcher, John",comedy,Adult Professional,1615 [1613-1619],1615 [1610-c.1616],British Drama,,1615,1613,1619,first performance,,same year,1610–1619,,,,Y,,1639,0.2832
125,Mother Bombie,"Lyly, John",comedy,Boys Professional,1589 [1587-1590],1591 [1587-1591],British Drama,,1589,1587,1590,first performance,,differ by 2 (different decade),1580–1589,Y,1580–1589,1590–1599,Y,,1594,0.4177
168,Much Ado About Nothing,"Shakespeare, William",comedy,Adult Professional,1598,1598,British Drama,,1598,,,first performance,,same year,1590–1599,,,,Y,,1600,0.5003
250,Northward Ho,"Dekker, Thomas / Webster, John",comedy,Boys Professional,1605,1605,British Drama,,1605,,,first performance,,same year,1600–1609,,,,Y,,1607,0.2839
230,"Parasitaster, or The Fawn","Marston, John",comedy,Boys Professional,1605 [1603-1606],1604,British Drama,,1605,1603,1606,first performance,,differ by 1 (same decade),1600–1609,,,,Y,,1606,0.2708
198,Patient Grissel,"Dekker, Thomas / Chettle, Henry / Haughton, William",comedy,Adult Professional,1600 [Feb],"1600 [Oct 16-Dec 29, payment]",British Drama,,1600,,,first performance,,same year,1600–1609,,,,Y,,1603,0.1247
186,"Poetaster, or The Arraignment","Jonson, Ben",comedy,Boys Professional,1601 [autumn],1601,British Drama,,1601,,,first performance,,same year,1600–1609,,,,Y,,1602,0.6975
46,Ralph Roister Doister,"Udall, Nicholas",comedy,Interlude,1552 [1550-1553],1552 [1552-1554(?)],British Drama,,1552,1550,1553,first performance,,same year,1550–1559,,,,Y,,1566,0.1283
292,"Ram Alley, or Merry Tricks","Barry, Lording",comedy,Boys Professional,1608 [1607-1608],1608 [1608-1610(?)],British Drama,,1608,1607,1608,first performance,,same year,1600–1609,,,,Y,,1611,0.5004
598,Rule a Wife and Have a Wife,"Fletcher, John",comedy,Adult Professional,1624 [Oct],"1624 [licensed for stage, Oct 19]",British Drama,,1624,,,first performance,,same year,1620–1629,,,,Y,,1640,0.3498
82,Sappho and Phao,"Lyly, John",comedy,Boys Professional,1584 [early],c.1583,British Drama,,1584,,,first performance,,differ by 1 (same decade),1580–1589,,,,Y,,1584,0.4398
195,"Satiromastix, or The Untrussing of the Humorous Poet","Dekker, Thomas",comedy,Adult Professional; Boys Professional,1601 [autumn],1601,British Drama,,1601,,,first performance,,same year,1600–1609,,,,Y,,1602,0.339
228,Sir Giles Goosecap,"Chapman, George",comedy,Boys Professional,1602 [1601-1603],1602 [Sep 18],British Drama,,1602,1601,1603,first performance,,same year,1600–1609,,,,Y,,1606,0.1746
173,Summer's Last Will and Testament,"Nashe, Thomas",comedy,Adult (?) or Boys (?) Professional,1592,1592,British Drama,,1592,,,first performance,,same year,1590–1599,,,,Y,,1600,0.2828
60,Supposes,"Gascoigne, George / Ariosto, Ludovico",comedy,Inns of Court; Translation,1566,1566,British Drama,,1566,,,first performance,,same year,1560–1569,,,,Y,,1573,0.2253
353,"Technogamia, or The Marriages of the Arts","Holyday, Barten",comedy,University,1618 [Feb],1618 [Feb 13],British Drama,,1618,,,first performance,,same year,1610–1619,,,,Y,,1618,0.3462
303,The Alchemist,"Jonson, Ben",comedy,Adult Professional,1610,1610,British Drama,,1610,,,first performance,,same year,1610–1619,,,,Y,,1612,0.3789
586,The Antipodes,"Brome, Richard",comedy,Adult Professional,not in BritDrama,1638 [1636-1638],Annals,not in British Drama,1638,1636,1638,first performance,,,1630–1639,,,,Y,,1640,0.4786
549,The Ball,"Shirley, James",comedy,Adult Professional,1632 [Nov],"1632 [licensed for stage, Nov 16]",British Drama,,1632,,,first performance,,same year,1630–1639,,,,Y,,1639,0.2571
479,The Bird in a Cage (The Beauties),"Shirley, James",comedy,Adult Professional,1633 [Jan],"1633 [licensed for stage, Jun 21] [incorrect]",British Drama,,1633,,,first performance,,same year,1630–1639,,,,Y,,1633,0.4033
146,The Blind Beggar of Alexandria (Irus),"Chapman, George",comedy,Adult Professional,1596 [Feb],1596 [Feb 12],British Drama,,1596,,,first performance,,same year,1590–1599,,,,Y,,1598,0.3069
281,The Case Is Altered,"Jonson, Ben",comedy,Boys Professional,1597 [revised c.1600],1597 [1597-1598; interpolations later],British Drama,,1597,,,first performance,revised (accompanying event),same year,1590–1599,,,,Y,,1609,0.3036
568,The City Match,"Mayne, Jasper",comedy,University; Private (Nonprofessional); Adult Professional,1636 [Sep],1637 [1637-1638(?)],British Drama,,1636,,,first performance,,differ by 1 (same decade),1630–1639,,,,Y,,1639,0.5602
393,The Comedy of Errors,"Shakespeare, William",comedy,Adult Professional,1592 [1589-1593],1592 [c.1590-1593],British Drama,,1592,1589,1593,first performance,,same year,1590–1599,Y,1580–1589,1590–1599,Y,,1623,0.3745
592,The Constant Maid (Love Will Find Out the Way),"Shirley, James",comedy,Adult Professional,not in BritDrama,1638 [1630(?)-1640],Annals,not in British Drama,1638,1630,1640,first performance,queried limit,,1630–1639,Y,1630–1639,1640–1649,Y,,1640,0.2205
457,The Devil Is an Ass,"Jonson, Ben",comedy,Adult Professional,1616,1616 [Oct-Nov (?)],British Drama,,1616,,,first performance,,same year,1610–1619,,,,Y,,1631,0.5208
214,The Dutch Courtesan (Cockle de Moye),"Marston, John",comedy,Boys Professional,1604 [summer] [1603-1605],1605 [1603-1605],British Drama,,1604,1603,1605,first performance,,differ by 1 (same decade),1600–1609,,,,Y,,1605,0.2533
515,The Elder Brother,"Fletcher, John / Massinger, Philip",comedy,Adult Professional,1618 [1615-1625],1625(?),British Drama,,1618,1615,1625,first performance,,differ by 7 (different decade),1610–1619,Y,1610–1619,1620–1629,Y,,1637,0.2799
521,The Example,"Shirley, James",comedy,Adult Professional,1634 [Jun],"1634 [licensed for stage, Jun 24]",British Drama,,1634,,,first performance,,same year,1630–1639,,,,Y,,1637,0.1941
242,The Fair Maid of the Exchange,Anonymous,comedy,Adult Professional,1602 [1601-1607],1602 [1601-1602],British Drama,,1602,1601,1607,first performance,,same year,1600–1609,,,,Y,,1607,0.4125
263,The Family of Love,"Barry, Lording",comedy,Boys Professional,1607 [1606-1607],1603 [c.1603-1607],British Drama,,1607,1606,1607,first performance,,differ by 4 (same decade),1600–1609,,,,Y,,1608,0.7253
532,The Fancies Chaste and Noble,"Ford, John",comedy,Adult Professional,1636 [1635-1636],1635 [1635-1636],British Drama,,1636,1635,1636,first performance,,differ by 1 (same decade),1630–1639,,,,Y,,1638,0.1927
255,The Fleer,"Sharpham, Edward",comedy,Boys Professional,1606 [spring],1606,British Drama,,1606,,,first performance,,same year,1600–1609,,,,Y,,1607,0.3092
523,The Gamester,"Shirley, James",comedy,Adult Professional,1633 [Nov],"1633 [licensed for stage, Nov 11]",British Drama,,1633,,,first performance,,same year,1630–1639,,,,Y,,1637,0.3326
226,The Gentleman Usher (Vincentio and Margaret),"Chapman, George",comedy,Boys Professional,1602 [1602-1605],1602 [c.1602-1603],British Drama,,1602,1602,1605,first performance,,same year,1600–1609,,,,Y,,1606,0.5007
429,The Grateful Servant (The Faithful Servant),"Shirley, James",comedy,Adult Professional,1629 [Nov],"1629 [licensed for stage, Nov 3]",British Drama,,1629,,,first performance,,same year,1620–1629,,,,Y,,1630,0.5535
505,The Great Duke of Florence,"Massinger, Philip",comedy,Adult Professional,1627 [Jul],"1627 [licensed for stage, Jul 5]",British Drama,,1627,,,first performance,,same year,1620–1629,,,,Y,,1636,0.5951
384,The Heir,"May, Thomas",comedy,Adult Professional,1620,1620,British Drama,,1620,,,first performance,,same year,1620–1629,,,,Y,,1622,0.1836
321,The Hog Hath Lost His Pearl,"Tailor, Robert",comedy,Private,1613 [Feb],1613 [Feb 21],British Drama,,1613,,,first performance,,same year,1610–1619,,,,Y,,1614,0.2347
594,The Hollander (Love's Trial),"Glapthorne, Henry",comedy,Boys Professional,1636 [Mar],"1636 [licensed for stage, Mar 12]",British Drama,,1636,,,first performance,,same year,1630–1639,,,,Y,,1640,0.5469
337,The Honest Lawyer,"S., S.",comedy,Adult Professional,1614 [1612-1615],1615 [c.1614-1615],British Drama,,1614,1612,1615,first performance,,differ by 1 (same decade),1610–1619,,,,Y,,1616,0.3313
577,The Humorous Courtier (The Duke),"Shirley, James",comedy,Adult Professional,1631 [May],"1631 [licensed for stage, May 17]",British Drama,,1631,,,first performance,,same year,1630–1639,,,,Y,,1640,0.7484
235,The Isle of Gulls,"Day, John",comedy,Boys Professional,1606 [Feb],1606,British Drama,,1606,,,first performance,,same year,1600–1609,,,,Y,,1606,0.381
469,The Jealous Lovers,"Randolph, Thomas",comedy,University,1632 [Mar],1632 [Mar 20],British Drama,,1632,,,first performance,,same year,1630–1639,,,,Y,,1632,0.3207
580,"The Knave in Grain, New Vamped","D., J.",comedy,Adult Professional,1626 [1625-1639],c.1625 [revised c.1632],British Drama,,1626,1625,1639,first performance,,differ by 1 (same decade),1620–1629,Y,1620–1629,1630–1639,Y,,1640,0.3919
316,The Knight of the Burning Pestle,"Beaumont, Francis",comedy,Boys Professional; Adult Professional,1607,1607,British Drama,,1607,,,first performance,,same year,1600–1609,,,,Y,,1613,0.1863
518,The Lady of Pleasure,"Shirley, James",comedy,Adult Professional,1635 [Oct],"1635 [licensed for stage, Oct 15]",British Drama,,1635,,,first performance,,same year,1630–1639,,,,Y,,1637,0.441
555,The Lady's Trial,"Ford, John",comedy,Boys Professional,not in BritDrama,"1638 [licensed for stage, May 3]",Annals,not in British Drama,1638,,,first performance,licensed (accompanying event),,1630–1639,,,,Y,,1639,0.2032
494,The Late Lancashire Witches,"Heywood, Thomas / Brome, Richard",comedy,Adult Professional,1634 [Aug],1634,British Drama,,1634,,,first performance,,same year,1630–1639,,,,Y,,1634,0.2107
222,The London Prodigal,Anonymous,comedy,Adult Professional,1604 [1603-1605],1604 [1603-1605],British Drama,,1604,1603,1605,first performance,,same year,1600–1609,,,,Y,,1605,0.2507
616,"The Magnetic Lady, or Humors Reconciled","Jonson, Ben",comedy,Adult Professional,1632 [Oct],"1632 [licensed for stage, Oct 12]",British Drama,,1632,,,first performance,,same year,1630–1639,,,,Y,,1641,0.5518
164,The Maid's Metamorphosis,Anonymous,comedy,Boys Professional,1600,1600 [1599-1600],British Drama,,1600,,,first performance,,same year,1600–1609,,,,Y,,1600,0.6051
172,The Merchant of Venice (The Jew of Venice),"Shakespeare, William",comedy,Adult Professional,1596 [1596-1598],1596 [1596-1598],British Drama,,1596,1596,1598,first performance,,same year,1590–1599,,,,Y,,1600,0.3839
264,The Merry Devil of Edmonton,Anonymous,comedy,Adult Professional,1603 [1602-1604],1602 [1599-1604],British Drama,,1603,1602,1604,first performance,,differ by 1 (same decade),1600–1609,,,,Y,,1608,0.1743
187,The Merry Wives of Windsor,"Shakespeare, William",comedy,Adult Professional,1597 [1597-1602] [revised after 1606],1597 [Apr 23],British Drama,,1597,1597,1602,first performance,revised (accompanying event),same year,1590–1599,Y,1590–1599,1600–1609,Y,,1602,0.1873
442,"The New Inn, or The Light Heart","Jonson, Ben",comedy,Adult Professional,1629 [Jan],"1629 [licensed for stage, Jan 19]",British Drama,,1629,,,first performance,,same year,1620–1629,,,,Y,,1631,0.1349
574,"The Night Walker, or The Little Thief","Fletcher, John / Shirley, James",comedy,Adult Professional,1615 [1613-1616] [revised 1633],"c.1611(?) [revised by Shirley and re-licensed for stage, May 11, 1633]",British Drama,,1615,1613,1616,first performance,revised (accompanying event),differ by 4 (same decade),1610–1619,,,,Y,,1640,0.3067
463,The Northern Lass,"Brome, Richard",comedy,Adult Professional,1629 [Jul],"1629 [licensed for stage, Jul 29]",British Drama,,1629,,,first performance,,same year,1620–1629,,,,Y,,1632,0.2613
575,The Opportunity,"Shirley, James",comedy,Adult Professional,1634 [Nov],"1634 [licensed for stage, Nov 29]",British Drama,,1634,,,first performance,,same year,1630–1639,,,,Y,,1640,0.9157
243,The Phoenix,"Middleton, Thomas",comedy,Boys Professional,1604 [Feb] [1603-1604],1604 [1603-1604],British Drama,,1604,1603,1604,first performance,,same year,1600–1609,,,,Y,,1607,0.5518
15,The Play of the Weather,"Heywood, John",comedy,Interlude,1528 [1519-1528],1528 [1519-1528],British Drama,,1528,1519,1528,first performance,,same year,1520–1529,Y,1510–1519,1520–1529,Y,,1533,0.2383
251,"The Puritan, or The Widow of Watling Street (The Puritan Widow)","Middleton, Thomas",comedy,Boys Professional,1606 [1606-1607],1606,British Drama,,1606,1606,1607,first performance,,same year,1600–1609,,,,Y,,1607,0.515
465,The Rival Friends,"Hausted, Peter",comedy,University,1632 [Mar],1632 [Mar 19],British Drama,,1632,,,first performance,,same year,1630–1639,,,,Y,,1632,0.234
298,"The Roaring Girl, or Moll Cutpurse","Dekker, Thomas / Middleton, Thomas",comedy,Adult Professional,1611 [probably in spring],1611,British Drama,,1611,,,first performance,,same year,1610–1619,,,,Y,,1611,0.1681
538,The Royal Master,"Shirley, James",comedy,Adult Professional,not in BritDrama,"1637 [licensed for stage, Apr 23, 1638]",Annals,not in British Drama,1637,,,first performance,licensed (accompanying event),,1630–1639,,,,Y,,1638,0.7489
441,The School of Compliment (Love Tricks),"Shirley, James",comedy,Adult Professional,1625 [Feb],"1625 [licensed for stage, Feb 11]",British Drama,,1625,,,first performance,,same year,1620–1629,,,,Y,,1631,0.319
334,The Scornful Lady,"Beaumont, Francis / Fletcher, John",comedy,Boys Professional; Adult Professional,1610 [1609-1612],1613 [1613-1616],British Drama,,1610,1609,1612,first performance,,differ by 3 (same decade),1610–1619,Y,1600–1609,1610–1619,Y,,1616,0.391
175,"The Shoemaker's Holiday, or The Gentle Craft","Dekker, Thomas",comedy,Adult Professional,1599 [summer],"1599 [Jul 15, payment]",British Drama,,1599,,,first performance,,same year,1590–1599,,,,Y,,1600,0.0779
556,"The Sophister (Fallacy, or The Troubles of Great Hermenia)","Zouche, Richard",comedy,University,1620 [1610-1631],1614 [c.1614-1620],British Drama,,1620,1610,1631,first performance,,differ by 6 (different decade),1620–1629,Y,1610–1619,1630–1639,Y,,1639,0.1575
456,The Staple of News,"Jonson, Ben",comedy,Adult Professional,1626 [Feb],1626 [Feb],British Drama,,1626,,,first performance,,same year,1620–1629,,,,Y,,1631,0.257
120,The Taming of a Shrew,Anonymous,comedy,Adult Professional,1594 [April] [1592-1594],1592 [c.1592-1594],British Drama,,1594,1592,1594,first performance,,differ by 2 (same decade),1590–1599,,,,Y,,1594,0.1557
120.5,The Taming of the Shrew,"Shakespeare, William",comedy,Adult Professional,1592 [1589-1592],1592 [c.1590-1604],British Drama,,1592,1589,1592,first performance,,same year,1590–1599,Y,1580–1589,1590–1599,Y,,1623,0.149
390,The Tempest,"Shakespeare, William",comedy,Adult Professional,1611 [1610-1611],1611,British Drama,,1611,1610,1611,first performance,,same year,1610–1619,,,,Y,,1623,0.2411
391,The Two Gentlemen of Verona,"Shakespeare, William",comedy,Adult Professional,1594 [1587-1598],1593 [c.1593-1594],British Drama,,1594,1587,1598,first performance,,differ by 1 (same decade),1590–1599,Y,1580–1589,1590–1599,Y,,1623,0.1723
285,The Two Maids of More-Clacke,"Armin, Robert",comedy,Boys Professional,1608 [1607-1608],1606 [c.1606-1608],British Drama,,1608,1607,1608,first performance,,differ by 2 (same decade),1600–1609,,,,Y,,1609,0.2448
364,"The Two Merry Milkmaids, or The Best Words Wear the Garland","Cumber, John",comedy,Adult Professional,1619,1619 [1619-1620],British Drama,,1619,,,first performance,,same year,1610–1619,,,,Y,,1620,0.5211
425,The Wedding,"Shirley, James",comedy,Adult Professional,1626 [1626-1629],1626,British Drama,,1626,1626,1629,first performance,,same year,1620–1629,,,,Y,,1629,0.39
301,The Widow's Tears,"Chapman, George",comedy,Boys Professional,1605 [1603-1605],1604 [1604-1605],British Drama,,1605,1603,1605,first performance,,differ by 1 (same decade),1600–1609,,,,Y,,1612,0.21
535,The Wise Woman of Hogsdon,"Heywood, Thomas",comedy,Adult Professional,1623 [1613-1638],c.1604(?),British Drama,,1623,1613,1638,first performance,,differ by 19 (different decade),1620–1629,Y,1610–1619,1630–1639,Y,,1638,0.3346
477,The Witty Fair One,"Shirley, James",comedy,Adult Professional,1628 [Oct],"1628 [licensed for stage, Oct 3]",British Drama,,1628,,,first performance,,same year,1620–1629,,,,Y,,1633,0.361
245,The Woman Hater (The Hungry Courtier),"Beaumont, Francis / Fletcher, John",comedy,Boys Professional; Adult Professional,1606 [1604-1607],1606,British Drama,,1606,1604,1607,first performance,,same year,1600–1609,,,,Y,,1607,0.456
144,The Woman in the Moon,"Lyly, John",comedy,Boys Professional,1588 [1587-1590],1593 [1590-1595],British Drama,,1588,1587,1590,first performance,,differ by 5 (different decade),1580–1589,Y,1580–1589,1590–1599,Y,,1597,0.3957
508,The Wonder of A Kingdom,"Dekker, Thomas",comedy,Adult Professional,1622 [1619-1631],1631 [1619-1631],British Drama,,1622,1619,1631,first performance,,differ by 9 (different decade),1620–1629,Y,1610–1619,1630–1639,Y,,1636,0.5671
37,Thersites,"Udall, Nicholas",comedy,Interlude,1537 [Oct] [1530-1537],1537 [Oct 12-24],British Drama,,1537,1530,1537,first performance,,same year,1530–1539,,,,Y,,1562,0.3618
540,Tottenham Court,"Nabbes, Thomas",comedy,Adult Professional,1633 [May] [1633-1634],1634 [1633-1634],British Drama,,1633,1633,1634,first performance,,differ by 1 (same decade),1630–1639,,,,Y,,1638,0.3341
396,"Twelfth Night, or What You Will","Shakespeare, William",comedy,Adult Professional,1601 [1600-1602],1601 [1601-1602],British Drama,,1601,1600,1602,first performance,,same year,1600–1609,,,,Y,,1623,0.0775
259,"Volpone, or The Fox","Jonson, Ben",comedy,Adult Professional,1606 [1605-1606],1606 [1605-1606],British Drama,,1606,1605,1606,first performance,,same year,1600–1609,,,,Y,,1607,0.3183
257,Westward Ho,"Dekker, Thomas / Webster, John",comedy,Boys Professional,1604,1604,British Drama,,1604,,,first performance,,same year,1600–1609,,,,Y,,1607,0.2222
252,What You Will,"Marston, John",comedy,Boys Professional,1601,1601,British Drama,,1601,,,first performance,,same year,1600–1609,,,,Y,,1607,0.2324
234,Wily Beguiled,Anonymous,comedy,Boys Professional,1602 [1601-1606],1602 [1601-1602],British Drama,,1602,1601,1606,first performance,,same year,1600–1609,,,,Y,,1606,0.2248
591,Wit in a Constable,"Glapthorne, Henry",comedy,Boys Professional,not in BritDrama,1638 [1636-1638; revised 1639],Annals,not in British Drama,1638,1636,1638,first performance,revised (accompanying event),,1630–1639,,,,Y,,1640,0.4184
266,Your Five Gallants (The Five Witty Gallants),"Middleton, Thomas",comedy,Boys Professional,1607 [1605-1608],1607,British Drama,,1607,1605,1608,first performance,,same year,1600–1609,,,,Y,,1608,0.2983
153,1 Edward the Fourth,"Heywood, Thomas",history,Adult Professional,1599 [Aug],1599 [1592-1599],British Drama,,1599,,,first performance,,same year,1590–1599,,,,Y,,1599,0.3984
145,1 Henry the Fourth,"Shakespeare, William",history,Adult Professional,1597 [1596-1597],1597 [c.1596-1597],British Drama,,1597,1596,1597,first performance,,same year,1590–1599,,,,Y,,1598,0.2075
399,1 Henry the Sixth,"Anonymous / Marlowe, Christopher / Shakespeare, William / Nashe, Thomas",history,Adult Professional,1592 [Mar],1590,British Drama,,1592,,,first performance,,differ by 2 (same decade),1590–1599,,,,Y,,1623,0.5517
215,"1 If You Know Not Me You Know Nobody, or The Troubles of Queen Elizabeth","Heywood, Thomas",history,Adult Professional,1604 [1603-1605],1604 [1604-1605; revised c.1632],British Drama,,1604,1603,1605,first performance,,same year,1600–1609,,,,Y,,1605,0.3502
166,1 Sir John Oldcastle,"Wilson, Robert / Drayton, Michael / Munday, Anthony / Hathaway, Richard",history,Adult Professional,1599 [Nov],"1599 [Oct 16, payment]",British Drama,,1599,,,first performance,,same year,1590–1599,,,,Y,,1600,0.19
101,1 The Troublesome Reign of King John,Anonymous,history,Adult Professional,1589 [1587-1591],1591,British Drama,,1589,1587,1591,first performance,,differ by 2 (different decade),1580–1589,Y,1580–1589,1590–1599,Y,,1591,0.6199
154,2 Edward the Fourth,"Heywood, Thomas",history,Adult Professional,1599 [Aug],1599 [1592-1599],British Drama,,1599,,,first performance,,same year,1590–1599,,,,Y,,1599,0.4068
167,2 Henry the Fourth,"Shakespeare, William",history,Adult Professional,1597 [1596-1600],1597 [c.1597-1598],British Drama,,1597,1596,1600,first performance,,same year,1590–1599,Y,1590–1599,1600–1609,Y,,1600,0.2137
119,2 Henry the Sixth (The First Part of the Contention betwixt the Two Famous Houses of York and Lancaster),"Anonymous / Marlowe, Christopher / Shakespeare, William",history,Adult Professional,1591 [1587-1592],c.1590,British Drama,,1591,1587,1592,first performance,,differ by 1 (same decade),1590–1599,Y,1580–1589,1590–1599,Y,,1594,0.3427
224,2 If You Know Not Me You Know Nobody (The Second Part of Queen Elizabeth's Troubles),"Heywood, Thomas",history,Adult Professional,1604 [1603-1605],1605 [1604-1605; revised c.1632],British Drama,,1604,1603,1605,first performance,,differ by 1 (same decade),1600–1609,,,,Y,,1606,0.2533
102,2 The Troublesome Reign of King John,Anonymous,history,Adult Professional,1589 [1587-1591],1591,British Drama,,1589,1587,1591,first performance,,differ by 2 (different decade),1580–1589,Y,1580–1589,1590–1599,Y,,1591,0.6862
138,3 Henry the Sixth (The True Tragedy of Richard Duke of York and the Good King Henry the Sixth),"Anonymous / Marlowe, Christopher / Shakespeare, William",history,Adult Professional,1591 [1587-1592],c.1591,British Drama,,1591,1587,1592,first performance,,same year,1590–1599,Y,1580–1589,1590–1599,Y,,1595,0.3826
192,"A Larum for London, or The Siege of Antwerp",Anonymous,history,Adult Professional,1599 [summer] [1594-1600],1599 [c.1594-1600],British Drama,,1599,1594,1600,first performance,,same year,1590–1599,Y,1590–1599,1600–1609,Y,,1602,0.1236
112,Edward the First,"Peele, George",history,Adult Professional,1591 [1590-1593],1591 [1590-1593],British Drama,,1591,1590,1593,first performance,,same year,1590–1599,,,,Y,,1593,0.489
129,Edward the Second,"Marlowe, Christopher",history,Adult Professional,1592 [1591-1593],1592 [1591-1593],British Drama,,1592,1591,1593,first performance,,same year,1590–1599,,,,Y,,1594,0.4133
482,Fuimus Troes (The True Trojans),"Fisher, Jasper",history,University,1619 [1607-1624],1625 [c.1611-1633],British Drama,,1619,1607,1624,first performance,,differ by 6 (different decade),1610–1619,Y,1600–1609,1620–1629,Y,,1633,0.3565
400,Henry the Eighth (All Is True),"Shakespeare, William / Fletcher, John",history,Adult Professional,1612 [1611-1613],1613 [Jun],British Drama,,1612,1611,1613,first performance,,differ by 1 (same decade),1610–1619,,,,Y,,1623,0.3107
165,Henry the Fifth,"Shakespeare, William",history,Adult Professional,1599,1599,British Drama,,1599,,,first performance,,same year,1590–1599,,,,Y,,1600,0.4792
114,Jack Straw,Anonymous,history,Adult Professional,1590 [1580-1593],1591 [1590-1593],British Drama,,1590,1580,1593,first performance,,differ by 1 (same decade),1590–1599,Y,1580–1589,1590–1599,Y,,1593,0.5062
398,King John,"Shakespeare, William",history,Adult Professional,1596 [1594-1598],1591 [1590-1591],British Drama,,1596,1594,1598,first performance,,differ by 5 (same decade),1590–1599,,,,Y,,1623,0.5556
615,Mortimer His Fall,"Jonson, Ben",history,Unacted (?); Professional (?),not in BritDrama,1637 [1595-1637],Annals,not in British Drama,1637,1595,1637,kind unclear,,,1630–1639,Y,1590–1599,1630–1639,Y,,1641,0.0
141,Richard the Second,"Shakespeare, William",history,Adult Professional,1595 [1595-1597],1595,British Drama,,1595,1595,1597,first performance,,same year,1590–1599,,,,Y,,1597,0.1678
142,Richard the Third,"Shakespeare, William",history,Adult Professional,1593 [autumn] [1591-1597],1592 [1591-1592],British Drama,,1593,1591,1597,first performance,,differ by 1 (same decade),1590–1599,,,,Y,,1597,0.3385
274,The Conspiracy of Charles Duke of Byron,"Chapman, George",history,Boys Professional,1608 [1607-1608],1608 [1607-1608],British Drama,,1608,1607,1608,first performance,,same year,1600–1609,,,,Y,,1608,0.2092
451,The Duchess of Suffolk,"Drue, Thomas",history,Adult Professional,1624 [Jan],"1624 [licensed for stage, Jan 2]",British Drama,,1624,,,first performance,,same year,1620–1629,,,,Y,,1631,0.5146
256,The Famous History of Sir Thomas Wyatt,"Heywood, Thomas / Dekker, Thomas / Chettle, Henry / Webster, John",history,Adult Professional,1601 [autumn],1602,British Drama,,1601,,,first performance,,differ by 1 (same decade),1600–1609,,,,Y,,1607,0.2734
160,The Love of King David and Fair Bathsheba,"Peele, George",history,Adult Professional,1590 [1584-1594],1594 [1593-1594],British Drama,,1590,1584,1594,first performance,,differ by 4 (same decade),1590–1599,Y,1580–1589,1590–1599,Y,,1599,0.7362
140,The Reign of King Edward the Third,"Anonymous / Shakespeare, William",history,Adult Professional,1593 [1590-1594],1590 [c.1590-1595],British Drama,,1593,1590,1594,first performance,,differ by 3 (same decade),1590–1599,,,,Y,,1596,0.493
213,The True Chronicle of King Leir (King Lear and his Three Daughters),Anonymous,history,Adult Professional,1589 [1586-1594],1590 [c.1588-1594],British Drama,,1589,1586,1594,first performance,,differ by 1 (different decade),1580–1589,Y,1580–1589,1590–1599,Y,,1605,0.1167
126,The True Tragedy of Richard the Third,Anonymous,history,Adult Professional,1589 [1588-1591],1591 [1588-1594],British Drama,,1589,1588,1591,first performance,,differ by 2 (different decade),1580–1589,Y,1580–1589,1590–1599,Y,,1594,0.2527
520,The Valiant Scot,"W., J.",history,Adult Professional,1626 [1607-1637],1626 [1625-1626],British Drama,,1626,1607,1637,first performance,,same year,1620–1629,Y,1600–1609,1630–1639,Y,,1637,0.6862
327,The Valiant Welshman (Caradoc the Great),"A., R.",history,Adult Professional,1611 [1610-1612],1612 [1610-1615],British Drama,,1611,1610,1612,first performance,,differ by 1 (same decade),1610–1619,,,,Y,,1615,0.3727
189,Thomas Lord Cromwell,"S., W.",history,Adult Professional,1601 [1599-1602],1600 [c.1599-1602],British Drama,,1601,1599,1602,first performance,,differ by 1 (same decade),1600–1609,Y,1590–1599,1600–1609,Y,,1602,0.2327
212,When You See Me You Know Me (Henry the Eighth),"Rowley, Samuel",history,Adult Professional,1604 [1604-1605],1604,British Drama,,1604,1604,1605,first performance,,same year,1600–1609,,,,Y,,1605,0.5215
32,Robin Hood (Robin Hood and the Friar) (Robin Hood and the Potter),Anonymous,interlude,Interlude,1560 ([May? Nov?] [1553-1569],1560,British Drama,,1560,1553,1569,first performance,queried detail,same year,1560–1569,Y,1550–1559,1560–1569,Y,,1560,0.653
453,Albion's Triumph,"Townshend, Aurelian",masque,Occasional,1632 [Jan 8],1632 [Jan 8],British Drama,,1632,,,first performance,,same year,1630–1639,,,,Y,,1631,0.2459
526,Britannia Triumphans (Britain Triumphing),"Davenant, William",masque,Occasional,not in BritDrama,"1638 [licensed for performance, Jan 8]",Annals,not in British Drama,1638,,,first performance,licensed (accompanying event),,1630–1639,,,,Y,,1637,0.5608
452,Chloridia: Rites to Chloris and Her Nymphs,"Jonson, Ben",masque,Occasional,1631 [Feb 22],1631 [Feb 22],British Drama,,1631,,,first performance,,same year,1630–1639,,,,Y,,1631,1.0
606,Christmas His Masque (Christmas His Show),"Jonson, Ben",masque,Occasional,1616 [Christmas 1616-1617],1616 [Christmas; January 1617],British Drama,,1616,1616,1617,first performance,,same year,1610–1619,,,,Y,,1641,0.4984
496,Coelum Britannicum (The British Heaven),"Carew, Thomas",masque,Occasional,1634 [Feb 18],1634 [Feb 18],British Drama,,1634,,,first performance,,same year,1630–1639,,,,Y,,1634,0.2048
609,For the Honor of Wales,"Jonson, Ben",masque,Occasional,1618 [Feb 17],1618 [Feb 17],British Drama,,1618,,,first performance,,same year,1610–1619,,,,Y,,1641,0.0
237,"Hymenaei, or the Solemnities of Masque and Barriers at a Marriage (Truth versus Opinion)","Jonson, Ben",masque,Occasional,1606 [Jan 6],1606 [Jan 5],British Drama,,1606,,,first performance,,same year,1600–1609,,,,Y,,1606,0.0
437,Love's Triumph Through Callipolis,"Jonson, Ben",masque,Occasional,1631 [Jan 9],1631 [Jan 9],British Drama,,1631,,,first performance,,same year,1630–1639,,,,Y,,1630,0.4994
350,Lovers Made Men (The Masque at Lord Hay's),"Jonson, Ben",masque,Occasional,1617 [Feb 22],1617 [Feb 22],British Drama,,1617,,,first performance,,same year,1610–1619,,,,Y,,1617,0.5012
527,"Luminalia, or The Festival of Light","Davenant, William",masque,Occasional,not in BritDrama,1638 [Feb 6],Annals,not in British Drama,1638,,,first performance,,,1630–1639,,,,Y,,1637,0.0
348,Mercury Vindicated from the Alchemists at Court,"Jonson, Ben",masque,Occasional,1615 [Jan 6],1616 [Jan 1],British Drama,,1615,,,first performance,,differ by 1 (same decade),1610–1619,,,,Y,,1616,0.0
514,Microcosmus,"Nabbes, Thomas",masque,Occasional; Adult Professional,1636 [spring] [1629-1637],1637,British Drama,,1636,1629,1637,first performance,,differ by 1 (same decade),1630–1639,Y,1620–1629,1630–1639,Y,,1637,0.3322
407,Neptune's Triumph for the Return of Albion,"Jonson, Ben",masque,Occasional,1624 [Jan 6 (projected)],1624 [Jan 6 (projected)],British Drama,,1624,,,first performance,,same year,1620–1629,,,,Y,,1624,0.7573
610,News from the New World Discovered in the Moon,"Jonson, Ben",masque,Occasional,1620 [Jan 6],1620 [Jan 7],British Drama,,1620,,,first performance,,same year,1620–1629,,,,Y,,1641,0.0
611,"Pan's Anniversary, or The Shepherds' Holiday","Jonson, Ben",masque,Occasional,1621 [Jan 6],1620 [Jun 19(?)] [incorrect],British Drama,,1621,,,first performance,,differ by 1 (same decade),1620–1629,,,,Y,,1641,1.0
608,Pleasure Reconciled to Virtue,"Jonson, Ben",masque,Occasional,1618 [Jan 6],1618 [Jan 6],British Drama,,1618,,,first performance,,same year,1610–1619,,,,Y,,1641,0.4284
571,Salmacida Spolia,"Davenant, William",masque,Occasional,not in BritDrama,1640 [Jan 21],Annals,not in British Drama,1640,,,first performance,,,1640–1649,,,,Y,,1639,0.0
454,Tempe Restored  (Tempe Restauratum),"Townshend, Aurelian",masque,Occasional,1632 [Feb 14],1632 [Feb 14],British Drama,,1632,,,first performance,,same year,1630–1639,,,,Y,,1631,0.4782
291,"Tethys' Festival, or The Queen's Wake (Tethyos Epinicia)","Daniel, Samuel",masque,Occasional,1610 [Jun 5],1610 [Jun 5],British Drama,,1610,,,first performance,,same year,1610–1619,,,,Y,,1610,1.0
411,The Fortunate Isles and Their Union,"Jonson, Ben",masque,Occasional,1625 [Jan 9],1625 [Jan 9],British Drama,,1625,,,first performance,,same year,1620–1629,,,,Y,,1625,0.5052
349,The Golden Age Restored,"Jonson, Ben",masque,Occasional,1616 [Jan 1],1615 [Jan 6] [incorrect],British Drama,,1616,,,first performance,,differ by 1 (same decade),1610–1619,,,,Y,,1616,1.0
585,The Gypsies Metamorphosed,"Jonson, Ben",masque,Occasional,1621 [Aug 3],1621 [Aug 3; Aug 5; Sep],British Drama,,1621,,,first performance,,same year,1620–1629,,,,Y,,1640,0.2257
358,"The Inner-Temple Masque, or The Masque of Heroes","Middleton, Thomas",masque,Inns of Court; Occasional,1619 [Jan],1619 [Jan 6-Feb 2],British Drama,,1619,,,first performance,,same year,1610–1619,,,,Y,,1619,0.4035
319,The Lord's Masque (Wedding Masque of Stars and Statues Made Human),"Campion, Thomas",masque,Occasional,1613 [Feb 14],1613 [Feb 14],British Drama,,1613,,,first performance,,same year,1610–1619,,,,Y,,1613,0.49
271,The Masque at Lord Haddington's Marriage (The Hue and Cry after the Fugitive Cupid),"Jonson, Ben",masque,Occasional,1608 [Feb 9],1608 [Feb 9],British Drama,,1608,,,first performance,,same year,1600–1609,,,,Y,,1608,0.24
238,The Masque at Lord Hay's Marriage (Apollo's Knights),"Campion, Thomas",masque,Occasional,1607 [Jan 6],1607 [Jan 6],British Drama,,1607,,,first performance,,same year,1600–1609,,,,Y,,1607,0.2062
62,The Masque for Lord Montacute (The Montague Masque) (Wedding Masque of Venetians),"Gascoigne, George",masque,Occasional,1572 [Sep or Oct],1572,British Drama,,1572,,,first performance,,same year,1570–1579,,,,Y,,1573,0.0
381,The Masque of Augurs,"Jonson, Ben",masque,Occasional,1622 [Jan 6],1622 [Jan 6],British Drama,,1622,,,first performance,,same year,1620–1629,,,,Y,,1622,0.4876
270,The Masque of Beauty,"Jonson, Ben",masque,Occasional,1608 [Jan 10],1608 [Jan 10],British Drama,,1608,,,first performance,,same year,1600–1609,,,,Y,,1608,1.0
269,The Masque of Blackness (The Twelfth Night's Revels),"Jonson, Ben",masque,Occasional,1605 [Jan 6],1605 [Jan 6],British Drama,,1605,,,first performance,,same year,1600–1609,,,,Y,,1608,0.3331
280,The Masque of Queens,"Jonson, Ben",masque,Occasional,1609 [Feb 2],1609 [Feb 2],British Drama,,1609,,,first performance,,same year,1600–1609,,,,Y,,1609,0.5062
309,The Masque of the Inner Temple and Gray's Inn (Wedding Masque of Olympian Knights),"Beaumont, Francis",masque,Inns of Court; Occasional,1613 [Feb 20],1613 [Feb 20],British Drama,,1613,,,first performance,,same year,1610–1619,,,,Y,,1613,1.0
488,The Triumph of Peace,"Shirley, James",masque,Inns of Court; Occasional,1634 [Feb 3],1634 [Feb 3],British Drama,,1634,,,first performance,,same year,1630–1639,,,,Y,,1633,0.1957
502,The Triumphs of the Prince d'Amour,"Davenant, William",masque,Inns of Court; Occasional,1636 [Feb 24],1636 [Feb 23 or 24],British Drama,,1636,,,first performance,,same year,1630–1639,,,,Y,,1635,0.0
607,The Vision of Delight,"Jonson, Ben",masque,Occasional,1617 [Jan 6],1617 [Jan 6],British Drama,,1617,,,first performance,,same year,1610–1619,,,,Y,,1641,0.0
207,The Vision of the Twelve Goddesses (The Masque at Hampton Court),"Daniel, Samuel",masque,Occasional,1604 [Jan 8],1604 [Jan 8],British Drama,,1604,,,first performance,,same year,1600–1609,,,,Y,,1604,0.3244
365,The World Tossed at Tennis,"Middleton, Thomas / Rowley, William",masque,Occasional; Adult Professional,1620,1620,British Drama,,1620,,,first performance,,same year,1620–1629,,,,Y,,1620,0.3684
385,Time Vindicated to Himself and to His Honors,"Jonson, Ben",masque,Occasional,1623 [Jan 19],1623 [Jan 19],British Drama,,1623,,,first performance,,same year,1620–1629,,,,Y,,1623,0.5043
115,A Knack to Know a Knave,Anonymous,moral,Adult Professional,1592 [Jun],1592 [Jun 10],British Drama,,1592,,,first performance,,same year,1590–1599,,,,Y,,1594,0.2741
118,A Looking Glass for London and England,"Lodge, Thomas / Greene, Robert",moral,Adult Professional,1589 [1589-1591],1588 [1587-1588],British Drama,,1589,1589,1591,first performance,,differ by 1 (same decade),1580–1589,Y,1580–1589,1590–1599,Y,,1594,0.5369
38,Albion Knight,Anonymous,moral,Interlude,1565 [1537-1538 or 1559-1565],1537 [c.1537-1566],British Drama,,1565,1537,1565,first performance,alternative limits,differ by 28 (different decade),1560–1569,Y,1530–1539,1560–1569,Y,,1566,0.0
72,All for Money,"Lupton, Thomas",moral,Interlude,1577 [1559-1577],1577 [1559-1577],British Drama,,1577,1559,1577,first performance,,same year,1570–1579,Y,1550–1559,1570–1579,Y,,1578,0.5616
57,Enough Is as Good as a Feast,"Wager, William",moral,Interlude,1568 [1563-1570],1560 [c.1559-c.1570],British Drama,,1568,1563,1570,first performance,,differ by 8 (same decade),1560–1569,Y,1560–1569,1570–1579,Y,,1570,0.5197
290,"Histriomastix, or The Player Whipped","Marston, John",moral,Boys Professional,1601 [Christmas 1601-1602] [1600-1603],1599 [1598-1599],British Drama,,1601,1600,1603,first performance,,differ by 2 (different decade),1600–1609,,,,Y,,1610,0.5209
30,Impatient Poverty,Anonymous,moral,Interlude,1556 [1554-1558],1547 [c.1547-1558],British Drama,,1556,1554,1558,first performance,,differ by 9 (different decade),1550–1559,,,,Y,,1560,0.4971
50,Like Will to Like (Quoth the Devil to the Collier),"Fulwell, Ulpian",moral,Interlude,1568 [Sep] [1562-1568],1568 [1562-1568],British Drama,,1568,1562,1568,first performance,,same year,1560–1569,,,,Y,,1568,0.3941
239,"Lingua, or The Combat of the Tongue and the Five Senses for Superiority","Tomkis, Thomas",moral,University,1606 [1602-1607],1607 [1602-1607],British Drama,,1606,1602,1607,first performance,,differ by 1 (same decade),1600–1609,,,,Y,,1607,0.1773
41,Lusty Juventus,"Wever, R.",moral,Interlude,1551 [1550-1553],1550 [1547-1553],British Drama,,1551,1550,1553,first performance,,differ by 1 (same decade),1550–1559,,,,Y,,1551,0.546
31,Nice Wanton,Anonymous,moral,Interlude,1550 [1547-1553],1550 [1547-1553],British Drama,,1550,1547,1553,first performance,,same year,1550–1559,Y,1540–1549,1550–1559,Y,,1560,0.5072
124,The Cobbler's Prophecy,"Wilson, Robert",moral,Adult Professional,1592 [1589-1593],1590 [c.1589-1593],British Drama,,1592,1589,1593,first performance,,differ by 2 (same decade),1590–1599,Y,1580–1589,1590–1599,Y,,1594,0.666
78,The Conflict of Conscience,"Woodes, Nathaniel",moral,Interlude,1572 [1570-1581],1572 [1570-1581],British Drama,,1572,1570,1581,first performance,,same year,1570–1579,Y,1570–1579,1580–1589,Y,,1581,0.8149
190,The Contention between Liberality and Prodigality,Anonymous,moral,Boys Professional,1601 [Feb],1601 [Feb 22],British Drama,,1601,,,first performance,,same year,1600–1609,,,,Y,,1602,0.2025
473,The Contention for Honor and Riches,"Shirley, James",moral,Private,1629 [1628-1632],1631 [c.1625-1632; adapted 1658],British Drama,,1629,1628,1632,first performance,,differ by 2 (different decade),1620–1629,Y,1620–1629,1630–1639,Y,,1633,0.0963
54,The Disobedient Child,"Ingelend, Thomas",moral,Interlude,1550 [1533-1553],1560 [c.1559-1570],British Drama,,1550,1533,1553,first performance,,differ by 10 (different decade),1550–1559,Y,1530–1539,1550–1559,Y,,1570,0.2799
47,The Life and Repentance of Mary Magdalene,"Wager, Lewis",moral,Interlude,1550 [1547-1553 or 1558-1562],1558 [c.1550-1566],British Drama,,1550,1547,1562,first performance,alternative limits,differ by 8 (same decade),1550–1559,Y,1540–1549,1560–1569,Y,,1566,0.502
55,The Marriage of Wit and Science,Anonymous,moral,Interlude(?); Boys Nonprofessional/School(?),1568 [1567-1569],1568 [before 1569],British Drama,,1568,1567,1569,first performance,,same year,1560–1569,,,,Y,,1570,0.1317
76.5,The Most Virtuous and Godly Susanna,"Garter, Thomas",moral,Interlude,1578 [Aug 18],1569 [1563-1569],British Drama,,1578,,,first performance,,differ by 9 (different decade),1570–1579,,,,Y,,1578,0.2759
547,The Muses' Looking Glass,"Randolph, Thomas",moral,Boys Professional,1630 [summer] [perhaps revised after 1632],"1630 [licensed for stage, Nov 25]",British Drama,,1630,,,first performance,revised (accompanying event),same year,1630–1639,,,,Y,,1638,0.163
134,The Pedlar's Prophecy,Anonymous,moral,Interlude,1561 [1560-1563],1561 [1561-c.1563],British Drama,,1561,1560,1563,first performance,,same year,1560–1569,,,,Y,,1595,0.3747
4,The Summoning of Everyman,Anonymous,moral,Interlude,not in BritDrama,c.1519,Annals,not in British Drama,1519,,,first performance,circa,,1510–1519,,,,Y,,1518,0.789
85,The Three Ladies of London,"Wilson, Robert",moral,Adult Professional,1581,c.1581,British Drama,,1581,,,first performance,,same year,1580–1589,,,,Y,,1584,0.6555
24,"The Three Laws of Nature, Moses, and Christ, Corrupted by the Sodomites, Pharisees, and Papists","Bale, John",moral,Interlude,1538 [perhaps at New Year],1538 [revised c.1547 and 1562],British Drama,,1538,,,first performance,,same year,1530–1539,,,,Y,,1548,0.9342
93,The Three Lords and Three Ladies of London,"Wilson, Robert",moral,Adult Professional,1588 [1588-1590],1588 [1588-1590],British Drama,,1588,1588,1590,first performance,,same year,1580–1589,Y,1580–1589,1590–1599,Y,,1590,0.5359
70,The Tide Tarrieth No Man,"Wapull, George",moral,Interlude,1576 [1560-1576],1576,British Drama,,1576,1560,1576,first performance,,same year,1570–1579,Y,1560–1569,1570–1579,Y,,1576,0.3651
49,The Trial of Treasure,"Wager, William",moral,Interlude,1567 [1563-1567],1567,British Drama,,1567,1563,1567,first performance,,same year,1560–1569,,,,Y,,1567,0.0529
27,Wealth and Health,Anonymous,moral,Interlude,1554 [1554-1557],1554 [1553-c.1555],British Drama,,1554,1554,1557,first performance,,same year,1550–1559,,,,Y,,1565,0.8008
8,1 Gentleness and Nobility,"Rastell, John",other/multi,Interlude,not in BritDrama,1527 [c.1527-1530],Annals,not in British Drama,1527,1527,1530,first performance,circa limit,,1520–1529,Y,1520–1529,1530–1539,Y,,1525,0.0
17,1 Nature,"Medwall, Henry",other/multi,Interlude,1496 [1490s],c.1496,British Drama,,1496,,,first performance,,same year,1490–1499,,,,Y,,1530,0.0476
593,1 Saint Patrick for Ireland,"Shirley, James",other/multi,Adult Professional,not in BritDrama,1639 [c.1637-1640],Annals,not in British Drama,1639,1637,1640,first performance,circa limit,,1630–1639,Y,1630–1639,1640–1649,Y,,1640,0.1766
9,2 Gentleness and Nobility,"Rastell, John",other/multi,Interlude,not in BritDrama,1527 [c.1527-1530],Annals,not in British Drama,1527,1527,1530,first performance,circa limit,,1520–1529,Y,1520–1529,1530–1539,Y,,1525,0.0
18,2 Nature,"Medwall, Henry",other/multi,Interlude,1496 [1490s],c.1496,British Drama,,1496,,,first performance,,same year,1490–1499,,,,Y,,1530,0.2361
326,"A Merry Dialogue between Band, Cuff, and Ruff",Anonymous,other/multi,University,1614 [1613-1615],1615,British Drama,,1614,1613,1615,first performance,,differ by 1 (same decade),1610–1619,,,,Y,,1615,0.0
16,A Play of Love,"Heywood, John",other/multi,Inns of Court (?),1529,1534 [1533-1534],British Drama,,1529,,,first performance,,differ by 5 (different decade),1520–1529,,,,Y,,1534,0.3124
541,Aglaura,"Suckling, John",other/multi,Adult Professional,not in BritDrama,1637,Annals,not in British Drama,1637,,,first performance,,,1630–1639,,,,Y,,1638,0.3964
564,Albertus Wallenstein,"Glapthorne, Henry",other/multi,Adult Professional,not in BritDrama,1634 [1634-1639] [incorrect],Annals,not in British Drama,1634,1634,1639,,marked incorrect,,,,,,,only source is marked incorrect in DEEP — pending,1639,0.2875
529,Apollo and Daphne,"Heywood, Thomas",other/multi,Closet/Unacted (?),1635 [1630-1637],1635,British Drama,,1635,1630,1637,composition,,same year,1630–1639,,,,Y,,1637,0.4139
208,Arches of Triumph (The Royal Entry of King James I into London),"Dekker, Thomas / Jonson, Ben / Middleton, Thomas / Harrison, Stephen / Ruytinck, Simon / Cool, Jacob / Thorius, Raphael",other/multi,Occasional,1604 [Mar 15],1604 [Mar 15],British Drama,,1604,,,first performance,,same year,1600–1609,,,,Y,,1604,0.1771
419,Britannia's Honor,"Dekker, Thomas",other/multi,Occasional,1628 [Oct 29],1628 [Oct 29],British Drama,,1628,,,first performance,,same year,1620–1629,,,,Y,,1628,0.0
288,Chester's Triumph (St George's Day Entertainment),"Amory, Robert / Davies, Richard",other/multi,Occasional,1610 [Apr 23],1610 [Apr 23],British Drama,,1610,,,first performance,,same year,1610–1619,,,,Y,,1610,0.2852
295,Chruso-Thriambos: The Triumphs of Gold,"Munday, Anthony",other/multi,Occasional,1611 [Oct 29],1611 [Oct 29],British Drama,,1611,,,first performance,,same year,1610–1619,,,,Y,,1611,0.0
335,"Chrysanaleia: The Golden Fishing, or Honor of Fishmongers","Munday, Anthony",other/multi,Occasional,1616 [Oct 29],1616 [Oct 29],British Drama,,1616,,,first performance,,same year,1610–1619,,,,Y,,1616,0.0
338,"Civitatis Amor (Water Pageant for Prince Charles: London and Neptune, Hope and Peace)","Middleton, Thomas",other/multi,Occasional,1616 [Oct 31],1616 [Nov 4],British Drama,,1616,,,first performance,,same year,1610–1619,,,,Y,,1616,0.0
524,Comus (The Masque at Ludlow Castle),"Milton, John",other/multi,Occasional,1634 [Sep 29],1634 [Sep 29],British Drama,,1634,,,first performance,,same year,1630–1639,,,,Y,,1637,0.6018
100,Descensus Astraeae (The Descent of Astraea),"Peele, George",other/multi,Occasional,1591 [Oct 29],1591 [Oct 29],British Drama,,1591,,,first performance,,same year,1590–1599,,,,Y,,1591,0.0
322,Himatia-Poleos: The Triumphs of Old Drapery,"Munday, Anthony",other/multi,Occasional,1614 [Oct 29],1614 [Oct 29],British Drama,,1614,,,first performance,,same year,1610–1619,,,,Y,,1614,0.0
51,Jacob and Esau,"Udall, Nicholas",other/multi,Interlude,1553 [1553-1557],1554 [c.1550-1557],British Drama,,1553,1553,1557,first performance,,differ by 1 (same decade),1550–1559,,,,Y,,1558,0.4065
528,Jupiter and Io,"Heywood, Thomas",other/multi,Closet/Unacted (?),1635 [1630-1637],1635,British Drama,,1635,1630,1637,composition,,same year,1630–1639,,,,Y,,1637,0.6314
466,"Londini Artium et Scientiarum Scaturigo, or London's Fountain of Arts and Sciences","Heywood, Thomas",other/multi,Occasional,1632 [Oct 29],1632 [Oct 29],British Drama,,1632,,,first performance,,same year,1630–1639,,,,Y,,1632,0.0
483,Londini Emporia (London's Markets),"Heywood, Thomas",other/multi,Occasional,1633 [Oct 29],1633 [Oct 29],British Drama,,1633,,,first performance,,same year,1630–1639,,,,Y,,1633,0.0
522,"Londini Speculum, or London's Mirror","Heywood, Thomas",other/multi,Occasional,not in BritDrama,1637 [Oct 30],Annals,not in British Drama,1637,,,first performance,,,1630–1639,,,,Y,,1637,0.3264
566,"Londini Status Pacatus, or London's Peaceable Estate","Heywood, Thomas",other/multi,Occasional,not in BritDrama,1639 [Oct 29],Annals,not in British Drama,1639,,,first performance,,,1630–1639,,,,Y,,1639,0.0
448,London's Ius Honorarium (London's Law of Honor),"Heywood, Thomas",other/multi,Occasional,1631 [Oct 29],1631 [Oct 29],British Drama,,1631,,,first performance,,same year,1630–1639,,,,Y,,1631,0.3368
289,London's Love to Prince Henry (Water Pageant of Corinea and Amphion),"Munday, Anthony",other/multi,Occasional,1610 [May 31],1610 [May 31],British Drama,,1610,,,first performance,,same year,1610–1619,,,,Y,,1610,0.0
421,"London's Tempe, or The Field of Happiness","Dekker, Thomas",other/multi,Occasional,1629 [Oct 29],1629 [Oct 29],British Drama,,1629,,,first performance,,same year,1620–1629,,,,Y,,1629,0.3195
332,Metropolis Coronata: The Triumphs of Ancient Drapery,"Munday, Anthony",other/multi,Occasional,1615 [Oct 30],1615 [Oct 30],British Drama,,1615,,,first performance,,same year,1610–1619,,,,Y,,1615,0.4656
409,Monuments of Honor,"Webster, John",other/multi,Occasional,1624 [Oct 29],1624 [Oct 29],British Drama,,1624,,,first performance,,same year,1620–1629,,,,Y,,1624,0.0
229,Nobody and Somebody,Anonymous,other/multi,Adult Professional,1605 [1603-1606],1605 [1603-1606],British Drama,,1605,1603,1606,first performance,,same year,1600–1609,,,,Y,,1606,0.0331
546,"Porta Pietatis, or The Port or Harbor of Piety","Heywood, Thomas",other/multi,Occasional,not in BritDrama,1638 [Oct 29],Annals,not in British Drama,1638,,,first performance,,,1630–1639,,,,Y,,1638,0.3604
342,Prince Henry's Barriers  (The Lady of the Lake) (Merlin and Meliadus),"Jonson, Ben",other/multi,Occasional,1610 [Jan 6],1610 [Jan 6],British Drama,,1610,,,first performance,,same year,1610–1619,,,,Y,,1616,0.0
355,"Siderothriambos, or Steel and Iron Triumphing","Munday, Anthony",other/multi,Occasional,1618 [Oct 29],1618 [Oct 29],British Drama,,1618,,,first performance,,same year,1610–1619,,,,Y,,1618,0.0
366,"Tes Irenes Trophaea, or The Triumphs of Peace","Squire, John",other/multi,Occasional,1620 [Oct 30],1620 [Oct 30],British Drama,,1620,,,first performance,,same year,1620–1629,,,,Y,,1620,0.4983
10,The Beauty and Good Properties of Women (Calisto and Melebea) (Celestina),"Rastell, John",other/multi,Interlude,not in BritDrama,1527 [c.1527-1530],Annals,not in British Drama,1527,1527,1530,first performance,circa limit,,1520–1529,Y,1520–1529,1530–1539,Y,,1525,0.1068
313,The Brazen Age (The Age of Brass),"Heywood, Thomas",other/multi,Adult Professional,1611,1611 [1610-1611],British Drama,,1611,,,first performance,,same year,1610–1619,,,,Y,,1613,0.6001
576,The Bride,"Nabbes, Thomas",other/multi,Boys Professional,not in BritDrama,1638 [Summer],Annals,not in British Drama,1638,,,first performance,,,1630–1639,,,,Y,,1640,0.3858
22,The Chief Promises of God unto Man (God's Promises),"Bale, John",other/multi,Interlude,1538,1538,British Drama,,1538,,,first performance,,same year,1530–1539,,,,Y,,1547,0.8772
432,The Conceited Pedlar (The University Pedlar),"Randolph, Thomas",other/multi,University,1627 [Nov 1],1627 [Nov 1],British Drama,,1627,,,first performance,,same year,1620–1629,,,,Y,,1630,0.0
200,The Coronation Triumph (The Royal Entry of King James I into London),"Jonson, Ben",other/multi,Occasional,1604 [Mar 15],1604 [Mar 15],British Drama,,1604,,,first performance,,same year,1600–1609,,,,Y,,1604,0.2662
370,The Entertainment at Bunhill on the Shooting Day (The Archer),"Middleton, Thomas",other/multi,Occasional,1620 [Sep(?)],1621 [1620-1621],British Drama,,1620,,,first performance,queried detail,differ by 1 (same decade),1620–1629,,,,Y,,1621,0.0
75,The Entertainment at Norwich (Royal Entry of Queen Elizabeth),"Garter, Bernard / Goldingham, William",other/multi,Occasional,1578 [Aug 16],1578 [Aug],British Drama,,1578,,,first performance,,same year,1570–1579,,,,Y,,1578,0.1338
374,The Entertainment at Sir Francis Jones's Welcome (Comus the Great Sir of Feasts) (The Servant of Comus),"Middleton, Thomas",other/multi,Occasional,1620 [late Oct or early Nov],1621 [1620-1621],British Drama,,1620,,,first performance,,differ by 1 (same decade),1620–1629,,,,Y,,1621,0.0
376,The Entertainment at Sir Francis Jones's at Easter (The Four Seasons),"Middleton, Thomas",other/multi,Occasional,1621 [Apr 5],1621 [1620-1621],British Drama,,1621,,,first performance,,same year,1620–1629,,,,Y,,1621,0.0
369,The Entertainment at Sir William Cokayne's in Easter Week (The Cock),"Middleton, Thomas",other/multi,Occasional,1620 [Apr 17 or 18],1621 [1620-1621],British Drama,,1620,,,first performance,,differ by 1 (same decade),1620–1629,,,,Y,,1621,0.0
371,The Entertainment at the Conduit Head (The Water Nymph),"Middleton, Thomas",other/multi,Occasional,1620 [Sep 18(?)],1621 [1620-1621],British Drama,,1620,,,first performance,queried detail,differ by 1 (same decade),1620–1629,,,,Y,,1621,0.0
372,The Entertainment for the General Training (Pallas),"Middleton, Thomas",other/multi,Occasional,1620 [late Sep(?)],1621 [1620-1621],British Drama,,1620,,,first performance,queried detail,differ by 1 (same decade),1620–1629,,,,Y,,1621,0.0
76,The Entertainment in Suffolk and Norfolk (Royal Entry of Queen Elizabeth into Norwich),"Churchyard, Thomas",other/multi,Occasional,1578 [Aug 18],1578 [Aug],British Drama,,1578,,,first performance,,same year,1570–1579,,,,Y,,1578,0.3802
77,The Entertainment of the French Ambassadors (The Fortress of Perfect Beauty) (Tilt of the Foster-Children of Desire),"Goldwell, Henry",other/multi,Occasional,1581 [Apr 16 and May 15-16],1581 [May 15-16],British Drama,,1581,,,first performance,,same year,1580–1589,,,,Y,,1581,0.0
377,The Entertainment of the Lords of the Council by Sheriff Allen (Flora's Welcome),"Middleton, Thomas",other/multi,Occasional,1621 [Apr 16],1621 [1620-1621],British Drama,,1621,,,first performance,,same year,1620–1629,,,,Y,,1621,0.0
378,The Entertainment of the Lords of the Council by Sheriff Ducie (Flora's Servants),"Middleton, Thomas",other/multi,Occasional,1621 [Apr 21],1621 [1620-1621],British Drama,,1621,,,first performance,,same year,1620–1629,,,,Y,,1621,0.0
21,The Four P's,"Heywood, John",other/multi,Interlude,1528 [late 1520s],1520 [c.1520-1522],British Drama,,1528,,,first performance,,differ by 8 (same decade),1520–1529,,,,Y,,1544,0.3914
294,"The Golden Age, or The Lives of Jupiter and Saturn","Heywood, Thomas",other/multi,Adult Professional,1611,1610 [1609-1611],British Drama,,1611,,,first performance,,differ by 1 (same decade),1610–1619,,,,Y,,1611,0.7781
329,"The Hector of Germany, or The Palsgrave, Prime Elector","Smith, William",other/multi,Private,1613 [1613-1615],1614 [c.1614-1615],British Drama,,1613,1613,1615,first performance,,differ by 1 (same decade),1610–1619,,,,Y,,1615,0.2318
20,The Interlude of Youth,Anonymous,other/multi,Interlude,1513 [c.1513-1514],1514 [1513-1514],British Drama,,1513,1513,1514,first performance,circa limit,differ by 1 (same decade),1510–1519,,,,Y,,1530,0.301
202,The Magnificent Entertainment Given to King James (The Royal Entry of King James I into London),"Dekker, Thomas / Jonson, Ben / Middleton, Thomas / Ruytinck, Simon / Cool, Jacob / Thorius, Raphael",other/multi,Occasional,1603 [planned for May],1604 [Mar 15],British Drama,,1603,,,first performance,,differ by 1 (same decade),1600–1609,,,,Y,,1604,0.0
612,The Masque of Owls,"Jonson, Ben",other/multi,Occasional,1624 [Aug 19],1624 [Aug 19],British Drama,,1624,,,first performance,,same year,1620–1629,,,,Y,,1641,0.0
6,The Nature of the Four Elements (Natura Naturata),"Rastell, John",other/multi,Interlude,not in BritDrama,1517 [c.1517-c.1518],Annals,not in British Drama,1517,1517,1518,first performance,circa limit,,1510–1519,,,,Y,,1520,0.1691
87,The Pageant before Woolstone Dixie,"Peele, George",other/multi,Occasional,1585 [Oct 29],1585 [Oct 29],British Drama,,1585,,,first performance,,same year,1580–1589,,,,Y,,1585,0.0
96,The Pageant for John Allot,"Nelson, Thomas",other/multi,Occasional,1590 [Oct 29],1590 [Oct 29],British Drama,,1590,,,first performance,,same year,1590–1599,,,,Y,,1590,0.0
14,"The Pardoner and the Friar, the Curate, and Neighbor Pratte","Heywood, John",other/multi,Interlude,1528 [late 1520s],1519 [1513-1521],British Drama,,1528,,,first performance,,differ by 9 (different decade),1520–1529,,,,Y,,1533,0.6036
511,The Presentment of Bushell's Rock (Royal Entertainment at Enstone),"Jordan, Thomas / Bushell, Thomas (mining entrepreneur)",other/multi,Occasional,1636 [Aug 23],1636 [Aug 23],British Drama,,1636,,,first performance,,same year,1630–1639,,,,Y,,1636,0.5043
88,The Queen's Entertainment at Woodstock,Anonymous,other/multi,Occasional,1575 [Sep],1575 [Sep],British Drama,,1575,,,first performance,,same year,1570–1579,,,,Y,,1585,0.1802
111.1,The Royal Entertainment at Bisham Abbey,Anonymous,other/multi,Occasional,1592 [Aug 11 or 21 ],1592 [Aug 21],British Drama,,1592,,,first performance,,same year,1590–1599,,,,Y,,1592,1.0
318,The Royal Entertainment at Caversham,"Campion, Thomas",other/multi,Occasional,1613 [Apr 27-28],1613 [Apr 27-28],British Drama,,1613,,,first performance,,same year,1610–1619,,,,Y,,1613,0.0
103,The Royal Entertainment at Cowdray,Anonymous,other/multi,Occasional,1591 [Aug 14-20],1591 [Aug 14],British Drama,,1591,,,first performance,,same year,1590–1599,,,,Y,,1591,0.2118
339,The Royal Entertainment at Highgate (The Penates),"Jonson, Ben",other/multi,Occasional,1604 [May 1],1604 [May 1],British Drama,,1604,,,first performance,,same year,1600–1609,,,,Y,,1616,0.4742
111.3,The Royal Entertainment at Rycote,Anonymous,other/multi,Occasional,1592 [Sep 28 to Oct 2],1592 [Sep 28; Oct 1; Oct 2],British Drama,,1592,,,first performance,,same year,1590–1599,,,,Y,,1592,0.0
111.2,The Royal Entertainment at Sudeley Castle,Anonymous,other/multi,Occasional,1592 [Sep],1592 [Sep 10; Sep 11],British Drama,,1592,,,first performance,,same year,1590–1599,,,,Y,,1592,1.0
341,"The Royal Entertainment at Theobalds, 1607 (The Genius)","Jonson, Ben",other/multi,Occasional,1607 [May 22],1607 [May 22],British Drama,,1607,,,first performance,,same year,1600–1609,,,,Y,,1616,0.0
201,The Royal Entertainment of the Queen and Prince at Althorp (The Satyr),"Jonson, Ben",other/multi,Occasional,1603 [June 25 and 27],1603 [Jun 25],British Drama,,1603,,,first performance,,same year,1600–1609,,,,Y,,1604,0.252
340,"The Royal Entertainment of the Two Kings of Great Britain and Denmark (The Entertainment at Theobalds, 1606) (The Hours)","Jonson, Ben",other/multi,Occasional,1606 [Jul 24],1606 [Jul 24],British Drama,,1606,,,first performance,,same year,1600–1609,,,,Y,,1616,0.0
487,The Royal Entry of King Charles I into Edinburgh (The Entertainment at Edinburgh),"Drummond, William / Adamson, John / Crawford, Thomas",other/multi,Occasional,1633 [Jun 15],1633 [Jun 15],British Drama,,1633,,,first performance,,same year,1630–1639,,,,Y,,1633,0.1887
618,"The Sad Shepherd, or A Tale of Robin Hood","Jonson, Ben",other/multi,Unacted; Professional (?),not in BritDrama,1637 [c.1612-1637],Annals,not in British Drama,1637,1612,1637,kind unclear,circa limit,,1630–1639,Y,1610–1619,1630–1639,Y,,1641,0.365
367,The Sun in Aries,"Middleton, Thomas",other/multi,Occasional,1621 [Oct 29],1621 [Oct 29],British Drama,,1621,,,first performance,,same year,1620–1629,,,,Y,,1621,0.0
23,"The Temptation of Our Lord and Saviour, Jesus Christ, by Satan in the Desert","Bale, John",other/multi,Interlude,1538,1538,British Drama,,1538,,,first performance,,same year,1530–1539,,,,Y,,1547,0.8701
495,The Triumphs of Fame and Honor,"Taylor, John",other/multi,Occasional,1634 [Oct 29],1634 [Oct 29],British Drama,,1634,,,first performance,,same year,1630–1639,,,,Y,,1634,0.0
413,The Triumphs of Health and Prosperity,"Middleton, Thomas",other/multi,Occasional,1626 [Oct 30],1626 [Oct 30],British Drama,,1626,,,first performance,,same year,1620–1629,,,,Y,,1626,0.0
351,The Triumphs of Honor and Industry,"Middleton, Thomas",other/multi,Occasional,1617 [Oct 29],1617 [Oct 29],British Drama,,1617,,,first performance,,same year,1610–1619,,,,Y,,1617,0.0
383,The Triumphs of Honor and Virtue,"Middleton, Thomas",other/multi,Occasional,1622 [Oct 29],1622 [Oct 29],British Drama,,1622,,,first performance,,same year,1620–1629,,,,Y,,1622,0.0
387,The Triumphs of Integrity,"Middleton, Thomas",other/multi,Occasional,1623 [Oct 29],1623 [Oct 20],British Drama,,1623,,,first performance,,same year,1620–1629,,,,Y,,1623,0.0
359,The Triumphs of Love and Antiquity,"Middleton, Thomas",other/multi,Occasional,1619 [Oct 29],1619 [Oct 29],British Drama,,1619,,,first performance,,same year,1610–1619,,,,Y,,1619,0.0
218,The Triumphs of Reunited Britannia,"Munday, Anthony",other/multi,Occasional,1605 [Nov 1],1605 [Oct 29],British Drama,,1605,,,first performance,,same year,1600–1609,,,,Y,,1605,0.0
311,The Triumphs of Truth,"Munday, Anthony / Middleton, Thomas",other/multi,Occasional,1613 [Oct 29],1613 [Oct 29],British Drama,,1613,,,first performance,,same year,1610–1619,,,,Y,,1613,0.0
581,The Unfortunate Mother,"Nabbes, Thomas",other/multi,Unacted; Professional (?),not in BritDrama,1639(?),Annals,not in British Drama,1639,,,kind unclear,queried,,1630–1639,,,,Y,,1640,0.6927
241,The Whore of Babylon,"Dekker, Thomas",other/multi,Adult Professional,1606 [1606-1607],1606 [c.1606-1607],British Drama,,1606,1606,1607,first performance,,same year,1600–1609,,,,Y,,1607,0.5172
302,Troia Nova Triumphans (London Triumphing),"Dekker, Thomas",other/multi,Occasional,1612 [Oct 29],1612 [Oct 29],British Drama,,1612,,,first performance,,same year,1610–1619,,,,Y,,1612,0.2036
361,Two Wise Men and All the Rest Fools,Anonymous,other/multi,Private (?); University (?),1619 [1613-1619],1619 [1613-1619],British Drama,,1619,1613,1619,first performance,,same year,1610–1619,,,,Y,,1619,0.356
426,"Wine, Beer, and Ale Together by the Ears (Wine, Beer, Ale, and Tobacco Contending for Superiority)",Anonymous,other/multi,University (?),1625 [1624-1629],1625 [1624-1626(?)],British Drama,,1625,1624,1629,first performance,,same year,1620–1629,,,,Y,,1629,0.0
331,"Work for Cutlers (Sword, Rapier, and Dagger)",Anonymous,other/multi,University,1614 [1614-1615],1615 [1614-1615],British Drama,,1614,1614,1615,first performance,,differ by 1 (same decade),1610–1619,,,,Y,,1615,1.0
417,Aminta,"Tasso, Torquato / Reynolds, Henry",pastoral,Closet Translation,1627 [Nov],1628,British Drama,,1627,,,composition,,differ by 1 (same decade),1620–1629,,,,Y,,1628,0.39
530,"Amphrisa, or The Forsaken Shepherdess (Polopaea and Alope)","Heywood, Thomas",pastoral,Closet/Unacted (?),1635 [1630-1637],1635,British Drama,,1635,1630,1637,composition,,same year,1630–1639,,,,Y,,1637,0.4081
548,"Amyntas, or The Impossible Dowry","Randolph, Thomas",pastoral,Boys Professional,1630 [Nov],"1630 [licensed for stage, Nov 26]",British Drama,,1630,,,first performance,,same year,1630–1639,,,,Y,,1638,0.688
325,Hymen's Triumph,"Daniel, Samuel",pastoral,Occasional,1614 [Feb],1614 [Feb 2],British Drama,,1614,,,first performance,,same year,1610–1619,,,,Y,,1615,0.1244
183,"Il Pastor Fido, or The Faithful Shepherd","Dymoke, Tailboys / Guarini, Giovanni Battista",pastoral,Closet (?) Translation,1601 [1590-1601],1601,British Drama,,1601,1590,1601,kind unclear,,same year,1600–1609,Y,1590–1599,1600–1609,Y,,1602,0.3105
600,Love Crowns the End,"Tatham, John",pastoral,Boys Nonprofessional/School,1632,1632,British Drama,,1632,,,first performance,,same year,1630–1639,,,,Y,,1640,0.3435
178,Love's Metamorphosis,"Lyly, John",pastoral,Boys Professional,1590 [1585-1590],1590 [c.1588-1590],British Drama,,1590,1585,1590,first performance,,same year,1590–1599,Y,1580–1589,1590–1599,Y,,1601,0.7657
539,Love's Riddle,"Cowley, Abraham",pastoral,Boys Nonprofessional/School; Unacted,1634 [1630-1636],1633 [c.1633-1636],British Drama,,1634,1630,1636,kind unclear,,differ by 1 (same decade),1630–1639,,,,Y,,1638,0.4441
97,Phillis and Amyntas (Ivychurch) (Amyntas' Pastoral),"Fraunce, Abraham / Tasso, Torquato",pastoral,Closet Translation,1591 [Feb],1591,British Drama,,1591,,,composition,,same year,1590–1599,,,,Y,,1591,0.5716
449,Rhodon and Iris,"Knevet, Ralph",pastoral,Occasional,1631 [May],1631 [May 3],British Drama,,1631,,,first performance,,same year,1630–1639,,,,Y,,1631,0.5623
443,Sicelides (The Sicilians),"Fletcher, Phineas",pastoral,University,1615 [Mar],1615 [Mar 13],British Drama,,1615,,,first performance,,same year,1610–1619,,,,Y,,1631,0.3604
83,The Arraignment of Paris,"Peele, George",pastoral,Boys Professional,1584 [early] [1581-1584],1581 [c.1581-1584],British Drama,,1584,1581,1584,first performance,,differ by 3 (same decade),1580–1589,,,,Y,,1584,0.7663
287,The Faithful Shepherdess,"Fletcher, John",pastoral,Boys Professional; Adult Professional,1608 [1607-1608],1608 [1608-1609],British Drama,,1608,1607,1608,first performance,,same year,1600–1609,,,,Y,,1610,0.7551
227,The Queen's Arcadia (Arcadia Reformed),"Daniel, Samuel",pastoral,University,1605 [Aug],1605 [Aug 30],British Drama,,1605,,,first performance,,same year,1600–1609,,,,Y,,1606,0.2672
499,The Shepherds' Holiday,"Rutter, Joseph",pastoral,Adult Professional,1633 [1629-1635],1634 [1633-1635],British Drama,,1633,1629,1635,first performance,,differ by 1 (same decade),1630–1639,Y,1620–1629,1630–1639,Y,,1635,0.3075
531,A Shoemaker a Gentleman,"Rowley, William",romance,Adult Professional,1618 [1617-1619],1608 [1607-1609],British Drama,,1618,1617,1619,first performance,,differ by 10 (different decade),1610–1619,,,,Y,,1638,0.1753
156,"Alphonsus, King of Aragon","Greene, Robert",romance,Adult Professional,1587 [1587-1589],1587 [1587-1588],British Drama,,1587,1587,1589,first performance,,same year,1580–1589,,,,Y,,1599,0.2276
188,"Blurt, Master Constable, or The Spaniard's Night Walk",Anonymous,romance,Boys Professional,1601 [winter] [1601-1602],1601 [1601-1602],British Drama,,1601,1601,1602,first performance,,same year,1600–1609,,,,Y,,1602,0.5289
406,"Cymbeline, King of Britain","Shakespeare, William",romance,Adult Professional,1610 [1609-1611],1609 [c.1608-1611],British Drama,,1610,1609,1611,first performance,,differ by 1 (different decade),1610–1619,Y,1600–1609,1610–1619,Y,,1623,0.3523
158,"George a Green, the Pinner of Wakefield","Greene, Robert",romance,Adult Professional,1591 [Oct] [1587-1592],1590 [1587-1591],British Drama,,1591,1587,1592,first performance,,differ by 1 (same decade),1590–1599,Y,1580–1589,1590–1599,Y,,1599,0.1239
151,Mucedorus (and Amadine),Anonymous,romance,Adult Professional,1591 [1590-1598],1590 [1588-1598; revised 1610],British Drama,,1591,1590,1598,first performance,,differ by 1 (same decade),1590–1599,,,,Y,,1598,0.4603
162,Old Fortunatus,"Dekker, Thomas",romance,Adult Professional,1599 [Dec],"1599 [Nov 9-30, payment]",British Drama,,1599,,,first performance,,same year,1590–1599,,,,Y,,1600,0.1862
123,Orlando Furioso,"Greene, Robert",romance,Adult Professional,1591 [perhaps Feb] [1588-1592],1591,British Drama,,1591,1588,1592,first performance,,same year,1590–1599,Y,1580–1589,1590–1599,Y,,1594,0.4551
284,"Pericles, Prince of Tyre","Shakespeare, William / Wilkins, George",romance,Adult Professional,1607 [1606-1608],1608 [1606-1608],British Drama,,1607,1606,1608,first performance,,differ by 1 (same decade),1600–1609,,,,Y,,1609,0.0848
333,The Four Prentices of London,"Heywood, Thomas",romance,Adult Professional,1602 [autumn] [1601-1607],1594,British Drama,,1602,1601,1607,first performance,,differ by 8 (different decade),1600–1609,,,,Y,,1615,0.2964
137,The Old Wives Tale,"Peele, George",romance,Adult Professional,1592 [1588-1595],1590 [c.1588-1594],British Drama,,1592,1588,1595,first performance,,differ by 2 (same decade),1590–1599,Y,1580–1589,1590–1599,Y,,1595,0.2029
516,The Royal King and the Loyal Subject,"Heywood, Thomas",romance,Adult Professional,1606 [1605-1618],1602 [1602-1618],British Drama,,1606,1605,1618,first performance,,differ by 4 (same decade),1600–1609,Y,1600–1609,1610–1619,Y,,1637,0.1788
149,The Scottish History of James the Fourth,"Greene, Robert",romance,Adult Professional,1590 [1588-1592],c.1590,British Drama,,1590,1588,1592,first performance,,same year,1590–1599,Y,1580–1589,1590–1599,Y,,1598,0.2039
545,The Seven Champions of Christendom,"Kirke, John",romance,Adult Professional,1634 [spring] [1625-1634],1635 [1634-1638],British Drama,,1634,1625,1634,first performance,,differ by 1 (same decade),1630–1639,Y,1620–1629,1630–1639,Y,,1638,0.0466
439,The Spanish Bawd (Calisto and Meliboea) (Celestina),"Mabbe, James / Rojas, Fernando de",romance,Closet Translation,1598 [Oct] [1595-1611],1631,British Drama,,1598,1595,1611,composition,,differ by 33 (different decade),1590–1599,Y,1590–1599,1610–1619,Y,,1631,0.2831
584,The Strange Discovery,"Gough, J.",romance,Closet (?),1635 [1606-1640],1640 [1624-1640],British Drama,,1635,1606,1640,kind unclear,,differ by 5 (different decade),1630–1639,Y,1600–1609,1640–1649,Y,,1640,0.2308
210,The Trial of Chivalry (This Gallant Cavaliero Dick Bowyer),Anonymous,romance,Adult Professional,1599 [1599-1600],1601 [1599-1604],British Drama,,1599,1599,1600,first performance,,differ by 2 (different decade),1590–1599,Y,1590–1599,1600–1609,Y,,1605,0.1809
397,The Winter's Tale,"Shakespeare, William",romance,Adult Professional,1611,1610 [c.1610-1611],British Drama,,1611,,,first performance,,differ by 1 (same decade),1610–1619,,,,Y,,1623,0.1958
221,"1 Jeronimo, with the Wars of Portugal",Anonymous,tragedy,Adult Professional,1600 [1587-1605],1604 [1600-1605],British Drama,,1600,1587,1605,first performance,,differ by 4 (same decade),1600–1609,Y,1580–1589,1600–1609,Y,,1605,0.7808
94,1 Tamburlaine the Great,"Marlowe, Christopher",tragedy,Adult Professional,1587,1587 [1587-1588],British Drama,,1587,,,first performance,,same year,1580–1589,,,,Y,,1590,0.7613
95,2 Tamburlaine the Great,"Marlowe, Christopher",tragedy,Adult Professional,1587 [autumn],1588 [1587-1588],British Drama,,1587,,,first performance,,differ by 1 (same decade),1580–1589,,,,Y,,1590,0.4726
300,A Christian Turned Turk (The Two Famous Pirates),"Daborne, Robert",tragedy,Boys Professional,1611 [1610-1612],1610 [1609-1612],British Drama,,1611,1610,1612,first performance,,differ by 1 (same decade),1610–1619,,,,Y,,1612,0.2365
258,A Woman Killed with Kindness,"Heywood, Thomas",tragedy,Adult Professional,1603 [Feb-Mar],"1603 [Feb 12-Mar 6, payment]",British Drama,,1603,,,first performance,,same year,1600–1609,,,,Y,,1607,0.2423
272,A Yorkshire Tragedy,"Middleton, Thomas",tragedy,Adult Professional,1605 [1605-1608],1606 [1605-1608],British Drama,,1605,1605,1608,first performance,,differ by 1 (same decade),1600–1609,,,,Y,,1608,0.6375
71,Abraham's Sacrifice,"Golding, Arthur / Beza, Theodore",tragedy,Closet Translation,1575 [Aug],1575,British Drama,,1575,,,composition,,same year,1570–1579,,,,Y,,1577,0.1168
42,Agamemnon (Seneca's Eighth Tragedy),"Seneca, Lucius Annaeus / Studley, John",tragedy,Closet Translation,1566 [Feb],1566,British Drama,,1566,,,composition,,same year,1560–1569,,,,Y,,1566,0.5349
489,Alaham,"Greville, Fulke",tragedy,Closet,1600 [1598-1600],1600 [c.1598-c.1600],British Drama,,1600,1598,1600,composition,,same year,1600–1609,Y,1590–1599,1600–1609,Y,,1633,0.2841
422,"Albovine, King of the Lombards","Davenant, William",tragedy,Unacted (?); Professional (?),1626 [1626-1629],1628 [1626-1629],British Drama,,1626,1626,1629,kind unclear,,differ by 2 (same decade),1620–1629,,,,Y,,1629,0.1524
471,All's Lost by Lust,"Rowley, William",tragedy,Adult Professional,1619 [1619-1620(?)],1619 [c.1619-1620(?)],British Drama,,1619,1619,1620,first performance,queried limit,same year,1610–1619,Y,1610–1619,1620–1629,Y,,1633,0.3903
450,"Antigone, the Theban Princess","May, Thomas",tragedy,Closet/Unacted,1627 [1627-1631],1627 [1627-1631],British Drama,,1627,1627,1631,composition,,same year,1620–1629,Y,1620–1629,1630–1639,Y,,1631,0.6037
185,Antonio's Revenge (2 Antonio and Mellida),"Marston, John",tragedy,Boys Professional,1600 [early winter] [1600-1601],1600 [1600-1601],British Drama,,1600,1600,1601,first performance,,same year,1600–1609,,,,Y,,1602,0.5157
108,Antonius (Antony),"Herbert, Mary Sidney / Garnier, Robert / Sidney Herbert, Mary",tragedy,Closet Translation,1590 [Nov],1590,British Drama,,1590,,,composition,,same year,1590–1599,,,,Y,,1592,0.6178
405,Antony and Cleopatra,"Shakespeare, William",tragedy,Adult Professional,1606 [1606-1607],1607 [c.1606-1608],British Drama,,1606,1606,1607,first performance,,differ by 1 (same decade),1600–1609,,,,Y,,1623,0.2102
65,Appius and Virginia,"B., R.",tragedy,Interlude,1566 [1559-1567],1564 [1559-1567],British Drama,,1566,1559,1567,first performance,,differ by 2 (same decade),1560–1569,Y,1550–1559,1560–1569,Y,,1575,0.1985
246,Bussy D'Ambois,"Chapman, George",tragedy,Boys Professional,1604,1604 [1604-1605],British Drama,,1604,,,first performance,,same year,1600–1609,,,,Y,,1607,0.2204
444,Caesar and Pompey (The Wars of Caesar and Pompey),"Chapman, George",tragedy,Adult Professional (?); Unacted (?),1606 [1599-1631],"1605 [1602-1605; Act 2, sc. 1 written 1610-1611(?)]",British Drama,,1606,1599,1631,kind unclear,,differ by 1 (same decade),1600–1609,Y,1590–1599,1630–1639,Y,,1631,0.4113
56,"Cambises, King of Persia","Preston, Thomas",tragedy,Interlude,1569 [autumn] [1559-1569],1561 [c.1558-1569],British Drama,,1569,1559,1569,first performance,,differ by 8 (same decade),1560–1569,Y,1550–1559,1560–1569,Y,,1570,0.2667
296,Catiline His Conspiracy,"Jonson, Ben",tragedy,Adult Professional,1611,1611,British Drama,,1611,,,first performance,,same year,1610–1619,,,,Y,,1611,0.8792
550,"Chabot, Admiral of France","Chapman, George / Shirley, James",tragedy,Adult Professional,1612 [1611-1634] [revised 1635],"1612 [1611-1613; revised by Shirley and licensed for stage, Apr 29, 1635]",British Drama,,1612,1611,1634,first performance,revised (accompanying event),same year,1610–1619,Y,1610–1619,1630–1639,Y,,1639,0.0782
132,Cleopatra,"Daniel, Samuel",tragedy,Closet,1593 [1590-1593],1593 [revised 1607],British Drama,,1593,1590,1593,composition,,same year,1590–1599,,,,Y,,1594,0.5755
553,"Cleopatra, Queen of Egypt","May, Thomas",tragedy,Unknown; Professional (?); Nonprofessional (?),1626,1626,British Drama,,1626,,,first performance,,same year,1620–1629,,,,Y,,1639,0.4906
401,Coriolanus,"Shakespeare, William",tragedy,Adult Professional,1608 [1607-1609],1608,British Drama,,1608,1607,1609,first performance,,same year,1600–1609,,,,Y,,1623,0.6851
116,Cornelia (Pompey the Great His Fair Cornelia's Tragedy),"Garnier, Robert / Kyd, Thomas",tragedy,Closet (?) Translation,1594,1594,British Drama,,1594,,,kind unclear,,same year,1590–1599,,,,Y,,1594,0.6485
209,Croesus,"Alexander, William",tragedy,Closet,1604 [Apr],1604,British Drama,,1604,,,composition,,same year,1600–1609,,,,Y,,1604,0.2381
328,Cupid's Revenge,"Beaumont, Francis / Fletcher, John",tragedy,Boys Professional,1607 [1606-1611],1608 [c.1607-1608],British Drama,,1607,1606,1611,first performance,,differ by 1 (same decade),1600–1609,Y,1600–1609,1610–1619,Y,,1615,0.3641
314,"Cynthia's Revenge, or Maenander's Ecstasy","Stephens, John",tragedy,Closet,1613,1613,British Drama,,1613,,,composition,,same year,1610–1619,,,,Y,,1613,0.3016
196,Darius,"Alexander, William",tragedy,Closet,1603 [1602-1603],1603,British Drama,,1603,1602,1603,composition,,same year,1600–1609,,,,Y,,1603,0.2042
128,"Dido, Queen of Carthage","Marlowe, Christopher / Nashe, Thomas",tragedy,Boys Professional,1588 [1587-1590],1586 [c.1585-1586; possibly 1591],British Drama,,1588,1587,1590,first performance,,differ by 2 (same decade),1580–1589,Y,1580–1589,1590–1599,Y,,1594,0.5916
205,Doctor Faustus,"Anonymous / Marlowe, Christopher",tragedy,Adult Professional,1588 [1587-1589] [revised 1602],1592 [1592-1593],British Drama,,1588,1587,1589,first performance,revised (accompanying event),differ by 4 (different decade),1580–1589,,,,Y,,1604,0.4322
39,Ferrex and Porrex (Gorboduc),"Norton, Thomas / Sackville, Thomas",tragedy,Inns of Court,1562 [Jan],1562 [Jan 18],British Drama,,1562,,,first performance,,same year,1560–1569,,,,Y,,1565,0.2395
197,"Hamlet, Prince of Denmark","Shakespeare, William",tragedy,Adult Professional,1600 [1600-1602],1601 [1600-1601],British Drama,,1600,1600,1602,first performance,,differ by 1 (same decade),1600–1609,,,,Y,,1603,0.2542
513,Hannibal and Scipio,"Nabbes, Thomas",tragedy,Adult Professional,1635,1635,British Drama,,1635,,,first performance,,same year,1630–1639,,,,Y,,1637,0.2249
34,Hercules Furens (Mad Hercules) (Seneca's First Tragedy),"Heywood, Jasper / Seneca, Lucius Annaeus",tragedy,Closet Translation,1561,1561,British Drama,,1561,,,composition,,same year,1560–1569,,,,Y,,1561,0.7506
81,Hercules Oetaeus (Hercules on Mount Oeta) (Seneca's Tenth Tragedy),"Seneca, Lucius Annaeus / Studley, John",tragedy,Closet Translation,1566 [summer],1566,British Drama,,1566,,,composition,,same year,1560–1569,,,,Y,,1581,0.8406
382,Herod and Antipater,"Markham, Gervase / Sampson, William",tragedy,Adult Professional,1619 [1619-1620],1622 [c.1619-1622],British Drama,,1619,1619,1620,first performance,,differ by 3 (different decade),1610–1619,Y,1610–1619,1620–1629,Y,,1622,0.4533
80,Hippolytus (Seneca's Fourth Tragedy),"Seneca, Lucius Annaeus / Studley, John",tragedy,Closet Translation,1567 [Jan],1567,British Drama,,1567,,,composition,,same year,1560–1569,,,,Y,,1581,0.2753
438,"Hoffman, or A Revenge for a Father","Chettle, Henry",tragedy,Adult Professional,1603 [early],"1602 [Dec 29, payment]",British Drama,,1603,,,first performance,,differ by 1 (same decade),1600–1609,,,,Y,,1631,0.4595
560,Imperiale,"Freeman, Ralph",tragedy,Closet (?),not in BritDrama,1639,Annals,not in British Drama,1639,,,kind unclear,,,1630–1639,,,,Y,,1639,0.2858
61,Jocasta,"Gascoigne, George / Kinwelmershe, Francis / Yelverton, Christopher / Euripides / Dolce, Lodovico",tragedy,Inns of Court; Translation,1566 [1566-1567],1566,British Drama,,1566,1566,1567,first performance,,same year,1560–1569,,,,Y,,1573,0.3419
261,Julius Caesar,"Alexander, William",tragedy,Closet,1607,1607,British Drama,,1607,,,composition,,same year,1600–1609,,,,Y,,1607,0.6554
403,Julius Caesar,"Shakespeare, William",tragedy,Adult Professional,1599 [Aug-Sep],1599 [1598-1599],British Drama,,1599,,,first performance,,same year,1590–1599,,,,Y,,1623,0.5855
265,King Lear,"Shakespeare, William",tragedy,Adult Professional,1605 [1605-1606] [revised early 1610],1605 [1605-1606],British Drama,,1605,1605,1606,first performance,revised (accompanying event),same year,1600–1609,,,,Y,,1608,0.226
136,"Locrine, the Eldest Son of King Brutus","S., W.",tragedy,Adult Professional,1591 [1590-1594],c.1594,British Drama,,1591,1590,1594,first performance,,differ by 3 (same decade),1590–1599,,,,Y,,1595,0.3791
418,"Lodovic Sforza, Duke of Milan","Gomersall, Robert",tragedy,Closet/Unacted (?),1628 [Feb] [1622-1628],1628 [1622-1628],British Drama,,1628,1622,1628,composition,,same year,1620–1629,,,,Y,,1628,0.5942
573,Love's Cruelty,"Shirley, James",tragedy,Adult Professional,1631 [Nov],"1631 [licensed for stage, Nov 14]",British Drama,,1631,,,first performance,,same year,1630–1639,,,,Y,,1640,0.6948
478,Love's Sacrifice,"Ford, John",tragedy,Adult Professional,1632 [1626-1633],1632 [1632-1633],British Drama,,1632,1626,1633,first performance,,same year,1630–1639,Y,1620–1629,1630–1639,Y,,1633,0.7087
404,Macbeth,"Shakespeare, William / Middleton, Thomas",tragedy,Adult Professional,1606 [1606-1611],1606,British Drama,,1606,1606,1611,first performance,,same year,1600–1609,Y,1600–1609,1610–1619,Y,,1623,0.2118
107,Master Arden of Faversham in Kent,"Anonymous / Kyd, Thomas / Shakespeare, William / Watson, Thomas",tragedy,Adult Professional,1590 [1587-1592],1591 [1588-1592],British Drama,,1590,1587,1592,first performance,,differ by 1 (same decade),1590–1599,Y,1580–1589,1590–1599,Y,,1592,0.1757
44,Medea (Seneca's Seventh Tragedy),"Seneca, Lucius Annaeus / Studley, John",tragedy,Closet Translation,1566 [Jun],1566,British Drama,,1566,,,composition,,same year,1560–1569,,,,Y,,1566,0.3766
578,"Messalina, the Roman Empress","Richards, Nathaniel",tragedy,Adult Professional,1635 [1634-1636],1635 [1634-1636],British Drama,,1635,1634,1636,first performance,,same year,1630–1639,,,,Y,,1640,0.4559
278,Mustapha,"Greville, Fulke",tragedy,Closet,1596 [1594-1600] [revised c. 1607-1610],1596 [c.1594-c.1596],British Drama,,1596,1594,1600,composition,later revision dates ignored; revised (accompanying event),same year,1590–1599,Y,1590–1599,1600–1609,Y,,1609,0.6949
410,Nero (Piso's Conspiracy),Anonymous,tragedy,Unknown; Professional (?); Nonprofessional (?),1619 [1605-1623],1619,British Drama,,1619,1605,1623,first performance,,same year,1610–1619,Y,1600–1609,1620–1629,Y,,1624,0.6042
45,Octavia (Seneca's Ninth Tragedy),"Seneca, Lucius Annaeus / Nuce, Thomas / Pseudo-Seneca",tragedy,Closet Translation,1566 [summer],1566,British Drama,,1566,,,composition,,same year,1560–1569,,,,Y,,1566,0.2643
36,Oedipus (Seneca's Fifth Tragedy),"Seneca, Lucius Annaeus / Neville, Alexander",tragedy,Closet Translation,1560 [1560-1563],1563,British Drama,,1560,1560,1563,composition,,differ by 3 (same decade),1560–1569,,,,Y,,1563,0.4636
485,Orestes,"Goffe, Thomas",tragedy,University,1620 [1609-1623],1617 [c.1613-c.1618],British Drama,,1620,1609,1623,first performance,,differ by 3 (different decade),1620–1629,Y,1600–1609,1620–1629,Y,,1633,0.4683
379,"Othello, the Moor of Venice","Shakespeare, William",tragedy,Adult Professional,1604 [1601-1604],1604 [c.1603-1604],British Drama,,1604,1601,1604,first performance,,same year,1600–1609,,,,Y,,1622,0.251
143,Romeo and Juliet,"Shakespeare, William",tragedy,Adult Professional,1595 [1593-1596],1596 [1594-1596],British Drama,,1595,1593,1596,first performance,,differ by 1 (same decade),1590–1599,,,,Y,,1597,0.3491
216,Sejanus His Fall,"Jonson, Ben",tragedy,Adult Professional,1603,1603,British Drama,,1603,,,first performance,,same year,1600–1609,,,,Y,,1605,0.7492
599,"Sicily and Naples, or The Fatal Union","Harding, Samuel",tragedy,University; Unacted,not in BritDrama,1640,Annals,not in British Drama,1640,,,kind unclear,,,1640–1649,,,,Y,,1640,0.3423
109,Soliman and Perseda (Zulziman),Anonymous,tragedy,Adult Professional,1588 [1588-1589],1592 [c.1589-1592],British Drama,,1588,1588,1589,first performance,,differ by 4 (different decade),1580–1589,,,,Y,,1592,0.2288
104,Tancred and Gismund (Gismond of Salerne),"Wilmot, Robert / Hatton, Christopher / Noel, Henry / Al., G. / Stafford, Roderick",tragedy,Inns of Court,1568 [Apr] [1566 or 1568-1569],1567 [1567-1568; revised 1591],British Drama,,1568,1568,1569,first performance,alternative limits,differ by 1 (same decade),1560–1569,,,,Y,,1591,0.2434
260,The Alexandraean Tragedy,"Alexander, William",tragedy,Closet,1607,1607 [1605-1607],British Drama,,1607,,,composition,,same year,1600–1609,,,,Y,,1607,0.1657
293,"The Atheist's Tragedy, or The Honest Man's Revenge","Tourneur, Cyril",tragedy,Adult Professional,1610 [1610-1611],1611 [1607-1611],British Drama,,1610,1610,1611,first performance,,differ by 1 (same decade),1610–1619,,,,Y,,1611,0.2915
127,The Battle of Alcazar,"Peele, George",tragedy,Adult Professional,1588 [1588-1589],1589 [1588-1589],British Drama,,1588,1588,1589,first performance,,differ by 1 (same decade),1580–1589,,,,Y,,1594,0.1388
567,The Bloody Banquet,"Dekker, Thomas / Middleton, Thomas",tragedy,Boys Professional,1610 [1605-1613(?)],1639 [c.1617-1639],British Drama,,1610,1605,1613,first performance,queried limit,differ by 29 (different decade),1610–1619,Y,1600–1609,1610–1619,Y,,1639,0.254
565,"The Bloody Brother (Rollo, Duke of Normandy)","Fletcher, John / Field, Nathan / Massinger, Philip",tragedy,Adult Professional,1617 [1617-1620],1617 [revised 1627-1630],British Drama,,1617,1617,1620,first performance,,same year,1610–1619,Y,1610–1619,1620–1629,Y,,1639,0.434
480,The Broken Heart,"Ford, John",tragedy,Adult Professional,1629 [1625-1633],1630 [c.1630-1633],British Drama,,1629,1625,1633,first performance,,differ by 1 (different decade),1620–1629,Y,1620–1629,1630–1639,Y,,1633,0.2113
537,The Conspiracy (Pallantus and Eudora),"Killigrew, Henry",tragedy,Private; Adult Professional,1635 [Jan],1635 [Jan 8(?)],British Drama,,1635,,,first performance,,same year,1630–1639,,,,Y,,1638,0.2236
458,"The Courageous Turk, or Amurath the First","Goffe, Thomas",tragedy,University,1619 [Feb],1619 [Feb 24],British Drama,,1619,,,first performance,,same year,1610–1619,,,,Y,,1632,0.4787
427,The Cruel Brother,"Davenant, William",tragedy,Adult Professional,1627 [Jan],"1627 [licensed for stage, Jan 12]",British Drama,,1627,,,first performance,,same year,1620–1629,,,,Y,,1630,0.5399
180,"The Death of Robert, Earl of Huntingdon (2 Robin Hood)","Munday, Anthony / Chettle, Henry",tragedy,Adult Professional,1598 [Mar],"1598 [Feb 20-Mar 8, payment]",British Drama,,1598,,,first performance,,same year,1590–1599,,,,Y,,1601,0.1109
254,"The Devil's Charter, or Pope Alexander the Sixth","Barnes, Barnabe",tragedy,Adult Professional,1606 [1599-1607],1606,British Drama,,1606,1599,1607,first performance,,same year,1600–1609,Y,1590–1599,1600–1609,Y,,1607,0.4005
389,The Duchess of Malfi,"Webster, John",tragedy,Adult Professional,1613 [1612-1614],1614 [1612-1614; revised 1617-23(?)],British Drama,,1613,1612,1614,first performance,,differ by 1 (same decade),1610–1619,,,,Y,,1623,0.6368
386,The Duke of Milan,"Massinger, Philip",tragedy,Adult Professional,1621 [1621-1622],1621 [1621-1623],British Drama,,1621,1621,1622,first performance,,same year,1620–1629,,,,Y,,1623,0.611
464,The Fatal Dowry,"Field, Nathan / Massinger, Philip",tragedy,Adult Professional,1619 [1616-1620],1619 [1617-1619],British Drama,,1619,1616,1620,first performance,,same year,1610–1619,Y,1610–1619,1620–1629,Y,,1632,0.2825
315,The Insatiate Countess,"Marston, John / Machin, Lewis / Barkstead, William",tragedy,Boys Professional,1610 [1608-1613],1607 [c.1607-1608; revised 1609-1613],British Drama,,1610,1608,1613,first performance,,differ by 3 (different decade),1610–1619,Y,1600–1609,1610–1619,Y,,1613,0.2966
48,The Interlude of Vice (Orestes),"Pickering, John",tragedy,Interlude,1567 [1559-1567],1567,British Drama,,1567,1559,1567,first performance,,same year,1560–1569,Y,1550–1559,1560–1569,Y,,1567,0.2936
475,The Jew of Malta,"Marlowe, Christopher",tragedy,Adult Professional,1589 [1589-1590],1589 [c.1589-1590],British Drama,,1589,1589,1590,first performance,,same year,1580–1589,Y,1580–1589,1590–1599,Y,,1633,0.326
562,The Maid's Revenge,"Shirley, James",tragedy,Adult Professional,1626 [Feb],"1626 [licensed for stage, Feb 9]",British Drama,,1626,,,first performance,,same year,1620–1629,,,,Y,,1639,0.4604
357,The Maid's Tragedy,"Beaumont, Francis / Fletcher, John",tragedy,Adult Professional,1611 [1610-1611],1610 [c.1610-1611],British Drama,,1611,1610,1611,first performance,,differ by 1 (same decade),1610–1619,,,,Y,,1619,0.3614
133,The Massacre at Paris,"Marlowe, Christopher",tragedy,Adult Professional,1593 [Jan] [1589-1593],1593 [Jan 26; Jan 30],British Drama,,1593,1589,1593,first performance,,same year,1590–1599,Y,1580–1589,1590–1599,Y,,1596,0.2064
249,The Miseries of Enforced Marriage,"Wilkins, George",tragedy,Adult Professional,1606 [1605-1607],1606 [1605-1606],British Drama,,1606,1605,1607,first performance,,same year,1600–1609,,,,Y,,1607,0.3805
89,The Misfortunes of Arthur (Certain Devices and Shows Presented to Her Majesty),"Hughes, Thomas / Fulbecke, William",tragedy,Inns of Court,1588 [Feb],1588 [Feb 28],British Drama,,1588,,,first performance,,same year,1580–1589,,,,Y,,1587,0.2554
490,"The Noble Spanish Soldier (The Noble Soldier, or A Contract Broken Justly Revenged)","Dekker, Thomas",tragedy,Adult Professional,1622 [1621-1631],1622,British Drama,,1622,1621,1631,first performance,,same year,1620–1629,Y,1620–1629,1630–1639,Y,,1634,0.4437
569,The Phoenix in Her Flames,"Lower, William",tragedy,Unacted (?); Professional (?),not in BritDrama,1639 [c.1622-1639],Annals,not in British Drama,1639,1622,1639,kind unclear,circa limit,,1630–1639,Y,1620–1629,1630–1639,Y,,1639,0.6041
447,"The Raging Turk, or Bajazet the Second","Goffe, Thomas",tragedy,University,1617 [1613-1618(?)],1618 [c.1613-c.1618],British Drama,,1617,1613,1618,first performance,queried limit,differ by 1 (same decade),1610–1619,,,,Y,,1631,0.2013
273,The Rape of Lucrece,"Heywood, Thomas",tragedy,Adult Professional,1607 [1607-1608],1607 [1606-1608],British Drama,,1607,1607,1608,first performance,,same year,1600–1609,,,,Y,,1608,0.446
582,The Rebellion,"Rawlins, Thomas",tragedy,Adult Professional,1633 [1629-1636],1638 [1637-1639],British Drama,,1633,1629,1636,first performance,,differ by 5 (same decade),1630–1639,Y,1620–1629,1630–1639,Y,,1640,0.16
307,The Revenge of Bussy D'Ambois,"Chapman, George",tragedy,Boys Professional,1610 [1609-1612],1610 [c.1610-1611],British Drama,,1610,1609,1612,first performance,,same year,1610–1619,Y,1600–1609,1610–1619,Y,,1613,0.3871
253,The Revenger's Tragedy,"Middleton, Thomas",tragedy,Adult Professional,1606 [1604-1607],1606 [1605-1606],British Drama,,1606,1604,1607,first performance,,same year,1600–1609,,,,Y,,1607,0.722
110,The Spanish Tragedy (Hieronimo is Mad Again),"Kyd, Thomas",tragedy,Adult Professional,1587 [1585-1591],1587 [1585-1589; revised c.1597(?) and 1601-2],British Drama,,1587,1585,1591,first performance,,same year,1580–1589,Y,1580–1589,1590–1599,Y,,1592,0.242
275,The Tragedy of Charles Duke of Byron,"Chapman, George",tragedy,Boys Professional,1608 [1607-1608],1608 [1607-1608],British Drama,,1608,1607,1608,first performance,,same year,1600–1609,,,,Y,,1608,0.4496
498,The Traitor,"Shirley, James",tragedy,Adult Professional,1631 [May],"1631 [licensed for stage, May 4]",British Drama,,1631,,,first performance,,same year,1630–1639,,,,Y,,1635,0.6599
286,The Turk (Muleasses the Turk),"Mason, John",tragedy,Boys Professional,1607 [1607-1608],1607 [1607-1608],British Drama,,1607,1607,1608,first performance,,same year,1600–1609,,,,Y,,1610,0.3255
559,The Unnatural Combat,"Massinger, Philip",tragedy,Adult Professional,1626 [summer] [1623-1639],1624 [1624-1625],British Drama,,1626,1623,1639,first performance,,differ by 2 (same decade),1620–1629,Y,1620–1629,1630–1639,Y,,1639,0.2218
380,The Virgin Martyr,"Dekker, Thomas / Massinger, Philip",tragedy,Adult Professional,1620 [Oct],"1620 [licensed for stage, Oct 6; revised and re-licensed for stage, Jul 7, 1624]",British Drama,,1620,,,first performance,,same year,1620–1629,,,,Y,,1622,0.3948
510,"The Vow Breaker, or The Fair Maid of Clifton","Sampson, William",tragedy,Nonprofessional (?),1628 [c.1628-1636],1625 [1625(?)-1636],British Drama,,1628,1628,1636,first performance,circa limit,differ by 3 (same decade),1620–1629,Y,1620–1629,1630–1639,Y,,1636,0.4717
131,"The Wars of Cyrus, King of Persia",Anonymous,tragedy,Boys Professional,1588 [1587-1590],1588 [1587-1594],British Drama,,1588,1587,1590,first performance,,same year,1580–1589,Y,1580–1589,1590–1599,Y,,1594,0.809
306,The White Devil (Vittoria Corombona),"Webster, John",tragedy,Adult Professional,1612 [1611-1612],1612 [Winter 1612-1613],British Drama,,1612,1611,1612,first performance,,same year,1610–1619,,,,Y,,1612,0.6723
231,"The Wonder of Women, or Sophonisba","Marston, John",tragedy,Boys Professional,1605 [1605-1606],1605 [1605-1606],British Drama,,1605,1605,1606,first performance,,same year,1600–1609,,,,Y,,1606,0.1952
122,"The Wounds of Civil War, or Marius and Scilla","Lodge, Thomas",tragedy,Adult Professional,1588 [1587-1588],1588 [1586-1591],British Drama,,1588,1587,1588,first performance,,same year,1580–1589,,,,Y,,1594,0.8367
79,Thebais (Seneca's Third Tragedy),"Seneca, Lucius Annaeus / Newton, Thomas",tragedy,Closet Translation,1581,1581,British Drama,,1581,,,composition,,same year,1580–1589,,,,Y,,1581,0.4435
368,Thierry and Theodoret,"Anonymous / Fletcher, John / Massinger, Philip",tragedy,Adult Professional,1617 [1613-1621],1617 [1613-1621],British Drama,,1617,1613,1621,first performance,,same year,1610–1619,Y,1610–1619,1620–1629,Y,,1621,0.2677
29,Thyestes (Seneca's Second Tragedy),"Heywood, Jasper / Seneca, Lucius Annaeus",tragedy,Closet Translation,1560 [Mar],1560,British Drama,,1560,,,composition,,same year,1560–1569,,,,Y,,1560,0.4605
402,Timon of Athens,"Shakespeare, William / Middleton, Thomas",tragedy,Adult Professional,1607 [1605-1608],1607 [c.1606-c.1608],British Drama,,1607,1605,1608,first performance,,same year,1600–1609,,,,Y,,1623,0.2294
117,Titus Andronicus,"Peele, George / Shakespeare, William",tragedy,Adult Professional,1592 [1584-1594],1594 [Jan 23 (24); poss. written 1590-1592],British Drama,,1592,1584,1594,first performance,,differ by 2 (same decade),1590–1599,Y,1580–1589,1590–1599,Y,,1594,0.3919
28,Troas (Seneca's Sixth Tragedy),"Heywood, Jasper / Seneca, Lucius Annaeus",tragedy,Closet Translation,1558,1559,British Drama,,1558,,,composition,,differ by 1 (same decade),1550–1559,,,,Y,,1559,0.9627
279,Troilus and Cressida,"Shakespeare, William",tragedy,Adult Professional,1602 [1601-1603],1602 [1602-1603],British Drama,,1602,1601,1603,first performance,,same year,1600–1609,,,,Y,,1609,0.7143
182,Two Lamentable Tragedies,"Yarington, Robert",tragedy,Adult Professional,1595 [1594-1598],1594 [1594-c.1598],British Drama,,1595,1594,1598,first performance,,differ by 1 (same decade),1590–1599,,,,Y,,1601,0.3777
525,1 The Cid (The Valiant Cid),"Rutter, Joseph / Corneille, Pierre",tragicomedy,Boys Professional; Translation,not in BritDrama,1637 [1637-1638],Annals,not in British Drama,1637,1637,1638,first performance,,,1630–1639,,,,Y,,1637,0.4826
596,2 The Cid,"Rutter, Joseph / Desfontaines, Nicolas-Marc",tragicomedy,Closet/Unacted (?); Professional (?); Nonprofessional (?),not in BritDrama,1638 [1637-1639],Annals,not in British Drama,1638,1637,1639,kind unclear,,,1630–1639,,,,Y,,1640,0.0879
509,A Challenge for Beauty,"Heywood, Thomas",tragicomedy,Adult Professional,1634 [1634-1636],1635 [1634-1636],British Drama,,1634,1634,1636,first performance,,differ by 1 (same decade),1630–1639,,,,Y,,1636,0.3017
360,A King and No King,"Beaumont, Francis / Fletcher, John",tragicomedy,Adult Professional,1611,1611,British Drama,,1611,,,first performance,,same year,1610–1619,,,,Y,,1619,0.3063
139,A Knack to Know an Honest Man,Anonymous,tragicomedy,Adult Professional,1594 [Oct],1594 [Oct 23],British Drama,,1594,,,first performance,,same year,1590–1599,,,,Y,,1596,0.4603
501,"Adrasta, or The Woman's Spleen and Love's Conquest","Jones, John",tragicomedy,Closet/Unacted,1635,1635,British Drama,,1635,,,composition,,same year,1630–1639,,,,Y,,1635,0.5739
395,All's Well That Ends Well,"Shakespeare, William / Middleton, Thomas",tragicomedy,Adult Professional,1605 [c.1601-1608],1603 [1603-1604],British Drama,,1605,1601,1608,first performance,circa limit,differ by 2 (same decade),1600–1609,,,,Y,,1623,0.4807
440,Match Me in London,"Dekker, Thomas",tragicomedy,Adult Professional,1621 [1621-1622],"1611 [c.1611-c.1613; re-licensed for stage, Aug 21, 1623]",British Drama,,1621,1621,1622,first performance,,differ by 10 (different decade),1620–1629,,,,Y,,1631,0.3065
392,Measure for Measure,"Shakespeare, William / Middleton, Thomas",tragicomedy,Adult Professional,1603 [1603-1604],1604,British Drama,,1603,1603,1604,first performance,,differ by 1 (same decade),1600–1609,,,,Y,,1623,0.7439
363,"Philaster, or Love Lies a-Bleeding","Beaumont, Francis / Fletcher, John",tragicomedy,Adult Professional,1609 [1608-1610],1609 [May(?)],British Drama,,1609,1608,1610,first performance,,same year,1600–1609,Y,1600–1609,1610–1619,Y,,1620,0.329
583,The Arcadia,"Shirley, James",tragicomedy,Adult Professional,1635 [summer] [1630-1636],1640,British Drama,,1635,1630,1636,first performance,,differ by 5 (different decade),1630–1639,,,,Y,,1640,0.25
408,The Bondman (The Noble Bondman),"Massinger, Philip",tragicomedy,Adult Professional,1623 [Dec],"1623 [licensed for stage, Dec 3]",British Drama,,1623,,,first performance,,same year,1620–1629,,,,Y,,1624,0.1015
572,The Coronation,"Shirley, James",tragicomedy,Adult Professional,1635 [Feb],"1635 [licensed for stage, Feb 6]",British Drama,,1635,,,first performance,,same year,1630–1639,,,,Y,,1640,0.1222
423,The Deserving Favorite,"Carlell, Lodowick",tragicomedy,Adult Professional,1629 [1625-1629],1629 [c.1622-1629],British Drama,,1629,1625,1629,first performance,,same year,1620–1629,,,,Y,,1629,0.5545
388,The Devil's Law Case (When Women Go to Law the Devil Is Full of Business),"Webster, John",tragicomedy,Adult Professional,1618 [1617-1619],1619 [1617-1621],British Drama,,1618,1617,1619,first performance,,differ by 1 (same decade),1610–1619,,,,Y,,1623,0.4229
277,The Dumb Knight,"Markham, Gervase / Machin, Lewis",tragicomedy,Boys Professional,1607 [1607-1608],1608 [1607-1608],British Drama,,1607,1607,1608,first performance,,differ by 1 (same decade),1600–1609,,,,Y,,1608,0.1904
459,The Emperor of the East,"Massinger, Philip",tragicomedy,Adult Professional,1631 [Mar],"1631 [licensed for stage, Mar 11]",British Drama,,1631,,,first performance,,same year,1630–1639,,,,Y,,1632,0.2284
484,The English Traveller,"Heywood, Thomas",tragicomedy,Adult Professional,1624 [1623-1624],c.1627,British Drama,,1624,1623,1624,first performance,,differ by 3 (same decade),1620–1629,,,,Y,,1633,0.1888
211,The Fair Maid of Bristol,Anonymous,tragicomedy,Adult Professional,1604 [1604-1605],1604 [1603-1604],British Drama,,1604,1604,1605,first performance,,same year,1600–1609,,,,Y,,1605,0.334
428,The Just Italian,"Davenant, William",tragicomedy,Adult Professional,1629 [Oct],"1629 [licensed for stage, Oct 2]",British Drama,,1629,,,first performance,,same year,1620–1629,,,,Y,,1630,0.2928
590,The Ladies' Privilege (The Lady's Privilege),"Glapthorne, Henry",tragicomedy,Boys Professional,not in BritDrama,1637 [1637-1640],Annals,not in British Drama,1637,1637,1640,first performance,,,1630–1639,Y,1630–1639,1640–1649,Y,,1640,0.4457
534,The Lost Lady,"Berkeley, William",tragicomedy,Adult Professional,not in BritDrama,1637 [1637-1638],Annals,not in British Drama,1637,1637,1638,first performance,,,1630–1639,,,,Y,,1638,0.2863
420,The Lover's Melancholy,"Ford, John",tragicomedy,Adult Professional,1628 [Nov],"1628 [licensed for stage, Nov 24]",British Drama,,1628,,,first performance,,same year,1620–1629,,,,Y,,1629,0.4703
470,The Maid of Honor,"Massinger, Philip",tragicomedy,Adult Professional,1630 [early],"1621 [1621-1622; prologue, 1629/30(?)]",British Drama,,1630,,,first performance,,differ by 9 (different decade),1630–1639,,,,Y,,1632,0.2984
203,The Malcontent,"Marston, John",tragicomedy,Adult Professional; Boys Professional,1603 [1602-1604],1604 [1602-1604],British Drama,,1603,1602,1604,first performance,,differ by 1 (same decade),1600–1609,,,,Y,,1604,0.785
430,"The Renegado, or The Gentleman of Venice","Massinger, Philip",tragicomedy,Adult Professional,1624 [Apr],"1624 [licensed for stage, Sep 17] [incorrect]",British Drama,,1624,,,first performance,,same year,1620–1629,,,,Y,,1630,0.1279
570,The Royal Slave,"Cartwright, William",tragicomedy,University (Nonprofessional); Adult Professional,1636 [Aug],1636 [Aug 30],British Drama,,1636,,,first performance,,same year,1630–1639,,,,Y,,1639,0.2472
492,The Two Noble Kinsmen,"Shakespeare, William / Fletcher, John",tragicomedy,Adult Professional,1613 [autumn] [1613-1614],1613 [1613-1614],British Drama,,1613,1613,1614,first performance,,same year,1610–1619,,,,Y,,1634,0.4124
519,The Young Admiral,"Shirley, James",tragicomedy,Adult Professional,1633 [Jul],"1633 [licensed for stage, Jul 3]",British Drama,,1633,,,first performance,,same year,1630–1639,,,,Y,,1637,0.3605
