genre,grouping,decade,n_works,display_status,topic,label,mean_share_pct
comedy,main,1520–1529,1,insufficient (< 5),0,"Court life: dukes, favour and honour",0.0
comedy,main,1520–1529,1,insufficient (< 5),1,"Death, grief and revenge",0.0
comedy,main,1520–1529,1,insufficient (< 5),2,"Roman politics: senate, consuls and civil war",0.0
comedy,main,1520–1529,1,insufficient (< 5),3,"Sickness, physic and doctors",0.0
comedy,main,1520–1529,1,insufficient (< 5),4,Love-longing and the lover's complaint,4.875
comedy,main,1520–1529,1,insufficient (< 5),5,"Christian faith, sin and salvation",0.0
comedy,main,1520–1529,1,insufficient (< 5),6,"Money, debt and credit",0.0
comedy,main,1520–1529,1,insufficient (< 5),7,The Trojan war: conflict and its aftermath,0.0
comedy,main,1520–1529,1,insufficient (< 5),8,"Captains, gallants and cheats",0.0
comedy,main,1520–1529,1,insufficient (< 5),9,"Theatre talk: prologues, poets and players",0.0
comedy,main,1520–1529,1,insufficient (< 5),10,"England and France: war, embassy and peace",0.0
comedy,main,1520–1529,1,insufficient (< 5),11,"Siblings, kin and confidants",0.0
comedy,main,1520–1529,1,insufficient (< 5),12,"Olympian gods: Jupiter, Juno, Venus and Mars",0.0
comedy,main,1520–1529,1,insufficient (< 5),14,"Royal love, favour and dynastic relationships",0.0
comedy,main,1520–1529,1,insufficient (< 5),15,Friars and holy orders in plot,0.0
comedy,main,1520–1529,1,insufficient (< 5),16,"Gallantry: ladies, lordships and compliment",0.0
comedy,main,1520–1529,1,insufficient (< 5),17,"Eastern conquest: Persians, Turks and soldans",0.0
comedy,main,1520–1529,1,insufficient (< 5),18,"Rebels, barons and the king's wars at home",0.0
comedy,main,1520–1529,1,insufficient (< 5),20,"Hercules: labours, suffering and virtue",0.0
comedy,main,1520–1529,1,insufficient (< 5),21,"Cupid, Venus and the nymphs",0.0
comedy,main,1520–1529,1,insufficient (< 5),22,"Shepherds, flocks and Pan",0.0
comedy,main,1520–1529,1,insufficient (< 5),23,"Husbands, wives and jealousy",0.0
comedy,main,1520–1529,1,insufficient (< 5),24,"Apollo, Phoebus and the Muses",4.685
comedy,main,1520–1529,1,insufficient (< 5),25,"Kings, power and law: political sententiae",0.0
comedy,main,1520–1529,1,insufficient (< 5),26,"Devils, hell and fiends",4.771
comedy,main,1520–1529,1,insufficient (< 5),27,"Uncles, nephews and cousins: kinship and patronage",0.0
comedy,main,1520–1529,1,insufficient (< 5),28,"Marriage-making: weddings, brides and matches",0.0
comedy,main,1520–1529,1,insufficient (< 5),30,"Constables, justices and the watch",0.0
comedy,main,1520–1529,1,insufficient (< 5),31,"Popes, cardinals and the crown",0.0
comedy,main,1520–1529,1,insufficient (< 5),32,Rings and jewels as tokens,0.0
comedy,main,1520–1529,1,insufficient (< 5),33,"Fathers, daughters and marriage negotiations",0.0
comedy,main,1520–1529,1,insufficient (< 5),34,"Thebes and royal catastrophe: siege, slaughter and funeral rites",0.0
comedy,main,1520–1529,1,insufficient (< 5),35,"Fools, wit and railing",0.0
comedy,main,1520–1529,1,insufficient (< 5),36,"Hell, Furies and the language of punishment",0.0
comedy,main,1520–1529,1,insufficient (< 5),37,"Riches, poverty and covetousness",0.0
comedy,main,1520–1529,1,insufficient (< 5),38,"Death, parting and grief at court",0.0
comedy,main,1520–1529,1,insufficient (< 5),39,"Profit, conscience and dishonest dealing",0.0
comedy,main,1520–1529,1,insufficient (< 5),40,"Sin, guilt and violent loss within families",0.0
comedy,main,1520–1529,1,insufficient (< 5),43,York and Lancaster: dynastic claims and conflict,0.0
comedy,main,1520–1529,1,insufficient (< 5),44,"Drinking: wine, ale and taverns",0.0
comedy,main,1520–1529,1,insufficient (< 5),45,"Widows, wooing and remarriage",0.0
comedy,main,1520–1529,1,insufficient (< 5),46,"Swords, quarrels and valour",0.0
comedy,main,1520–1529,1,insufficient (< 5),47,"Knaves, thieves and bawds",0.0
comedy,main,1520–1529,1,insufficient (< 5),49,"Wooing a mistress: suitors, go-betweens and letters",0.0
comedy,main,1520–1529,1,insufficient (< 5),50,"Fleets, armies and generals: war by sea and land",0.0
comedy,main,1520–1529,1,insufficient (< 5),51,"Parents and children: blessing, birthright and inheritance",4.619
comedy,main,1520–1529,1,insufficient (< 5),52,"Prodigals, portions and poor kin",0.0
comedy,main,1520–1529,1,insufficient (< 5),54,"Antony and Cleopatra: love, death and mourning",4.875
comedy,main,1520–1529,1,insufficient (< 5),55,"Fairies, fairy queens and enchanted desire",0.0
comedy,main,1520–1529,1,insufficient (< 5),56,"Magic, spells and conjuring",0.0
comedy,main,1520–1529,1,insufficient (< 5),59,"Spanish courts: war, honour and courtship",0.0
comedy,main,1520–1529,1,insufficient (< 5),60,"Imperial Rome: rulers, favour and political exemplars",0.0
comedy,main,1520–1529,1,insufficient (< 5),62,"The courtier as a type: fashion, affectation and foreign manners",0.0
comedy,main,1530–1539,1,insufficient (< 5),0,"Court life: dukes, favour and honour",0.0
comedy,main,1530–1539,1,insufficient (< 5),1,"Death, grief and revenge",0.0
comedy,main,1530–1539,1,insufficient (< 5),2,"Roman politics: senate, consuls and civil war",0.0
comedy,main,1530–1539,1,insufficient (< 5),3,"Sickness, physic and doctors",0.0
comedy,main,1530–1539,1,insufficient (< 5),4,Love-longing and the lover's complaint,0.0
comedy,main,1530–1539,1,insufficient (< 5),5,"Christian faith, sin and salvation",0.0
comedy,main,1530–1539,1,insufficient (< 5),6,"Money, debt and credit",0.0
comedy,main,1530–1539,1,insufficient (< 5),7,The Trojan war: conflict and its aftermath,22.193
comedy,main,1530–1539,1,insufficient (< 5),8,"Captains, gallants and cheats",0.0
comedy,main,1530–1539,1,insufficient (< 5),9,"Theatre talk: prologues, poets and players",0.0
comedy,main,1530–1539,1,insufficient (< 5),10,"England and France: war, embassy and peace",0.0
comedy,main,1530–1539,1,insufficient (< 5),11,"Siblings, kin and confidants",0.0
comedy,main,1530–1539,1,insufficient (< 5),12,"Olympian gods: Jupiter, Juno, Venus and Mars",0.0
comedy,main,1530–1539,1,insufficient (< 5),14,"Royal love, favour and dynastic relationships",0.0
comedy,main,1530–1539,1,insufficient (< 5),15,Friars and holy orders in plot,0.0
comedy,main,1530–1539,1,insufficient (< 5),16,"Gallantry: ladies, lordships and compliment",0.0
comedy,main,1530–1539,1,insufficient (< 5),17,"Eastern conquest: Persians, Turks and soldans",0.0
comedy,main,1530–1539,1,insufficient (< 5),18,"Rebels, barons and the king's wars at home",0.0
comedy,main,1530–1539,1,insufficient (< 5),20,"Hercules: labours, suffering and virtue",13.991
comedy,main,1530–1539,1,insufficient (< 5),21,"Cupid, Venus and the nymphs",0.0
comedy,main,1530–1539,1,insufficient (< 5),22,"Shepherds, flocks and Pan",0.0
comedy,main,1530–1539,1,insufficient (< 5),23,"Husbands, wives and jealousy",0.0
comedy,main,1530–1539,1,insufficient (< 5),24,"Apollo, Phoebus and the Muses",0.0
comedy,main,1530–1539,1,insufficient (< 5),25,"Kings, power and law: political sententiae",0.0
comedy,main,1530–1539,1,insufficient (< 5),26,"Devils, hell and fiends",0.0
comedy,main,1530–1539,1,insufficient (< 5),27,"Uncles, nephews and cousins: kinship and patronage",0.0
comedy,main,1530–1539,1,insufficient (< 5),28,"Marriage-making: weddings, brides and matches",0.0
comedy,main,1530–1539,1,insufficient (< 5),30,"Constables, justices and the watch",0.0
comedy,main,1530–1539,1,insufficient (< 5),31,"Popes, cardinals and the crown",0.0
comedy,main,1530–1539,1,insufficient (< 5),32,Rings and jewels as tokens,0.0
comedy,main,1530–1539,1,insufficient (< 5),33,"Fathers, daughters and marriage negotiations",0.0
comedy,main,1530–1539,1,insufficient (< 5),34,"Thebes and royal catastrophe: siege, slaughter and funeral rites",0.0
comedy,main,1530–1539,1,insufficient (< 5),35,"Fools, wit and railing",0.0
comedy,main,1530–1539,1,insufficient (< 5),36,"Hell, Furies and the language of punishment",0.0
comedy,main,1530–1539,1,insufficient (< 5),37,"Riches, poverty and covetousness",0.0
comedy,main,1530–1539,1,insufficient (< 5),38,"Death, parting and grief at court",0.0
comedy,main,1530–1539,1,insufficient (< 5),39,"Profit, conscience and dishonest dealing",0.0
comedy,main,1530–1539,1,insufficient (< 5),40,"Sin, guilt and violent loss within families",0.0
comedy,main,1530–1539,1,insufficient (< 5),43,York and Lancaster: dynastic claims and conflict,0.0
comedy,main,1530–1539,1,insufficient (< 5),44,"Drinking: wine, ale and taverns",0.0
comedy,main,1530–1539,1,insufficient (< 5),45,"Widows, wooing and remarriage",0.0
comedy,main,1530–1539,1,insufficient (< 5),46,"Swords, quarrels and valour",0.0
comedy,main,1530–1539,1,insufficient (< 5),47,"Knaves, thieves and bawds",0.0
comedy,main,1530–1539,1,insufficient (< 5),49,"Wooing a mistress: suitors, go-betweens and letters",0.0
comedy,main,1530–1539,1,insufficient (< 5),50,"Fleets, armies and generals: war by sea and land",0.0
comedy,main,1530–1539,1,insufficient (< 5),51,"Parents and children: blessing, birthright and inheritance",0.0
comedy,main,1530–1539,1,insufficient (< 5),52,"Prodigals, portions and poor kin",0.0
comedy,main,1530–1539,1,insufficient (< 5),54,"Antony and Cleopatra: love, death and mourning",0.0
comedy,main,1530–1539,1,insufficient (< 5),55,"Fairies, fairy queens and enchanted desire",0.0
comedy,main,1530–1539,1,insufficient (< 5),56,"Magic, spells and conjuring",0.0
comedy,main,1530–1539,1,insufficient (< 5),59,"Spanish courts: war, honour and courtship",0.0
comedy,main,1530–1539,1,insufficient (< 5),60,"Imperial Rome: rulers, favour and political exemplars",0.0
comedy,main,1530–1539,1,insufficient (< 5),62,"The courtier as a type: fashion, affectation and foreign manners",0.0
comedy,main,1550–1559,2,insufficient (< 5),0,"Court life: dukes, favour and honour",0.0
comedy,main,1550–1559,2,insufficient (< 5),1,"Death, grief and revenge",1.27
comedy,main,1550–1559,2,insufficient (< 5),2,"Roman politics: senate, consuls and civil war",0.0
comedy,main,1550–1559,2,insufficient (< 5),3,"Sickness, physic and doctors",3.422
comedy,main,1550–1559,2,insufficient (< 5),4,Love-longing and the lover's complaint,0.0
comedy,main,1550–1559,2,insufficient (< 5),5,"Christian faith, sin and salvation",0.0
comedy,main,1550–1559,2,insufficient (< 5),6,"Money, debt and credit",0.0
comedy,main,1550–1559,2,insufficient (< 5),7,The Trojan war: conflict and its aftermath,0.0
comedy,main,1550–1559,2,insufficient (< 5),8,"Captains, gallants and cheats",0.0
comedy,main,1550–1559,2,insufficient (< 5),9,"Theatre talk: prologues, poets and players",1.26
comedy,main,1550–1559,2,insufficient (< 5),10,"England and France: war, embassy and peace",0.0
comedy,main,1550–1559,2,insufficient (< 5),11,"Siblings, kin and confidants",0.0
comedy,main,1550–1559,2,insufficient (< 5),12,"Olympian gods: Jupiter, Juno, Venus and Mars",0.0
comedy,main,1550–1559,2,insufficient (< 5),14,"Royal love, favour and dynastic relationships",0.0
comedy,main,1550–1559,2,insufficient (< 5),15,Friars and holy orders in plot,0.0
comedy,main,1550–1559,2,insufficient (< 5),16,"Gallantry: ladies, lordships and compliment",0.0
comedy,main,1550–1559,2,insufficient (< 5),17,"Eastern conquest: Persians, Turks and soldans",0.0
comedy,main,1550–1559,2,insufficient (< 5),18,"Rebels, barons and the king's wars at home",0.0
comedy,main,1550–1559,2,insufficient (< 5),20,"Hercules: labours, suffering and virtue",0.0
comedy,main,1550–1559,2,insufficient (< 5),21,"Cupid, Venus and the nymphs",0.0
comedy,main,1550–1559,2,insufficient (< 5),22,"Shepherds, flocks and Pan",0.0
comedy,main,1550–1559,2,insufficient (< 5),23,"Husbands, wives and jealousy",0.0
comedy,main,1550–1559,2,insufficient (< 5),24,"Apollo, Phoebus and the Muses",0.0
comedy,main,1550–1559,2,insufficient (< 5),25,"Kings, power and law: political sententiae",0.0
comedy,main,1550–1559,2,insufficient (< 5),26,"Devils, hell and fiends",0.0
comedy,main,1550–1559,2,insufficient (< 5),27,"Uncles, nephews and cousins: kinship and patronage",0.0
comedy,main,1550–1559,2,insufficient (< 5),28,"Marriage-making: weddings, brides and matches",2.62
comedy,main,1550–1559,2,insufficient (< 5),30,"Constables, justices and the watch",0.0
comedy,main,1550–1559,2,insufficient (< 5),31,"Popes, cardinals and the crown",0.0
comedy,main,1550–1559,2,insufficient (< 5),32,Rings and jewels as tokens,0.0
comedy,main,1550–1559,2,insufficient (< 5),33,"Fathers, daughters and marriage negotiations",0.0
comedy,main,1550–1559,2,insufficient (< 5),34,"Thebes and royal catastrophe: siege, slaughter and funeral rites",0.0
comedy,main,1550–1559,2,insufficient (< 5),35,"Fools, wit and railing",0.0
comedy,main,1550–1559,2,insufficient (< 5),36,"Hell, Furies and the language of punishment",0.0
comedy,main,1550–1559,2,insufficient (< 5),37,"Riches, poverty and covetousness",0.0
comedy,main,1550–1559,2,insufficient (< 5),38,"Death, parting and grief at court",0.0
comedy,main,1550–1559,2,insufficient (< 5),39,"Profit, conscience and dishonest dealing",0.0
comedy,main,1550–1559,2,insufficient (< 5),40,"Sin, guilt and violent loss within families",0.0
comedy,main,1550–1559,2,insufficient (< 5),43,York and Lancaster: dynastic claims and conflict,0.0
comedy,main,1550–1559,2,insufficient (< 5),44,"Drinking: wine, ale and taverns",0.0
comedy,main,1550–1559,2,insufficient (< 5),45,"Widows, wooing and remarriage",0.0
comedy,main,1550–1559,2,insufficient (< 5),46,"Swords, quarrels and valour",1.263
comedy,main,1550–1559,2,insufficient (< 5),47,"Knaves, thieves and bawds",3.443
comedy,main,1550–1559,2,insufficient (< 5),49,"Wooing a mistress: suitors, go-betweens and letters",0.0
comedy,main,1550–1559,2,insufficient (< 5),50,"Fleets, armies and generals: war by sea and land",0.0
comedy,main,1550–1559,2,insufficient (< 5),51,"Parents and children: blessing, birthright and inheritance",0.0
comedy,main,1550–1559,2,insufficient (< 5),52,"Prodigals, portions and poor kin",0.0
comedy,main,1550–1559,2,insufficient (< 5),54,"Antony and Cleopatra: love, death and mourning",0.0
comedy,main,1550–1559,2,insufficient (< 5),55,"Fairies, fairy queens and enchanted desire",0.0
comedy,main,1550–1559,2,insufficient (< 5),56,"Magic, spells and conjuring",0.0
comedy,main,1550–1559,2,insufficient (< 5),59,"Spanish courts: war, honour and courtship",0.0
comedy,main,1550–1559,2,insufficient (< 5),60,"Imperial Rome: rulers, favour and political exemplars",0.0
comedy,main,1550–1559,2,insufficient (< 5),62,"The courtier as a type: fashion, affectation and foreign manners",0.0
comedy,main,1560–1569,2,insufficient (< 5),0,"Court life: dukes, favour and honour",1.382
comedy,main,1560–1569,2,insufficient (< 5),1,"Death, grief and revenge",6.996
comedy,main,1560–1569,2,insufficient (< 5),2,"Roman politics: senate, consuls and civil war",1.385
comedy,main,1560–1569,2,insufficient (< 5),3,"Sickness, physic and doctors",4.27
comedy,main,1560–1569,2,insufficient (< 5),4,Love-longing and the lover's complaint,0.0
comedy,main,1560–1569,2,insufficient (< 5),5,"Christian faith, sin and salvation",0.0
comedy,main,1560–1569,2,insufficient (< 5),6,"Money, debt and credit",1.344
comedy,main,1560–1569,2,insufficient (< 5),7,The Trojan war: conflict and its aftermath,0.0
comedy,main,1560–1569,2,insufficient (< 5),8,"Captains, gallants and cheats",0.0
comedy,main,1560–1569,2,insufficient (< 5),9,"Theatre talk: prologues, poets and players",1.39
comedy,main,1560–1569,2,insufficient (< 5),10,"England and France: war, embassy and peace",0.0
comedy,main,1560–1569,2,insufficient (< 5),11,"Siblings, kin and confidants",2.626
comedy,main,1560–1569,2,insufficient (< 5),12,"Olympian gods: Jupiter, Juno, Venus and Mars",0.0
comedy,main,1560–1569,2,insufficient (< 5),14,"Royal love, favour and dynastic relationships",0.0
comedy,main,1560–1569,2,insufficient (< 5),15,Friars and holy orders in plot,0.0
comedy,main,1560–1569,2,insufficient (< 5),16,"Gallantry: ladies, lordships and compliment",0.0
comedy,main,1560–1569,2,insufficient (< 5),17,"Eastern conquest: Persians, Turks and soldans",0.0
comedy,main,1560–1569,2,insufficient (< 5),18,"Rebels, barons and the king's wars at home",0.0
comedy,main,1560–1569,2,insufficient (< 5),20,"Hercules: labours, suffering and virtue",0.0
comedy,main,1560–1569,2,insufficient (< 5),21,"Cupid, Venus and the nymphs",0.0
comedy,main,1560–1569,2,insufficient (< 5),22,"Shepherds, flocks and Pan",0.0
comedy,main,1560–1569,2,insufficient (< 5),23,"Husbands, wives and jealousy",0.0
comedy,main,1560–1569,2,insufficient (< 5),24,"Apollo, Phoebus and the Muses",0.0
comedy,main,1560–1569,2,insufficient (< 5),25,"Kings, power and law: political sententiae",0.0
comedy,main,1560–1569,2,insufficient (< 5),26,"Devils, hell and fiends",0.0
comedy,main,1560–1569,2,insufficient (< 5),27,"Uncles, nephews and cousins: kinship and patronage",0.0
comedy,main,1560–1569,2,insufficient (< 5),28,"Marriage-making: weddings, brides and matches",0.0
comedy,main,1560–1569,2,insufficient (< 5),30,"Constables, justices and the watch",0.0
comedy,main,1560–1569,2,insufficient (< 5),31,"Popes, cardinals and the crown",0.0
comedy,main,1560–1569,2,insufficient (< 5),32,Rings and jewels as tokens,0.0
comedy,main,1560–1569,2,insufficient (< 5),33,"Fathers, daughters and marriage negotiations",0.0
comedy,main,1560–1569,2,insufficient (< 5),34,"Thebes and royal catastrophe: siege, slaughter and funeral rites",0.0
comedy,main,1560–1569,2,insufficient (< 5),35,"Fools, wit and railing",0.0
comedy,main,1560–1569,2,insufficient (< 5),36,"Hell, Furies and the language of punishment",0.0
comedy,main,1560–1569,2,insufficient (< 5),37,"Riches, poverty and covetousness",0.0
comedy,main,1560–1569,2,insufficient (< 5),38,"Death, parting and grief at court",0.0
comedy,main,1560–1569,2,insufficient (< 5),39,"Profit, conscience and dishonest dealing",0.0
comedy,main,1560–1569,2,insufficient (< 5),40,"Sin, guilt and violent loss within families",0.0
comedy,main,1560–1569,2,insufficient (< 5),43,York and Lancaster: dynastic claims and conflict,0.0
comedy,main,1560–1569,2,insufficient (< 5),44,"Drinking: wine, ale and taverns",0.0
comedy,main,1560–1569,2,insufficient (< 5),45,"Widows, wooing and remarriage",0.0
comedy,main,1560–1569,2,insufficient (< 5),46,"Swords, quarrels and valour",0.0
comedy,main,1560–1569,2,insufficient (< 5),47,"Knaves, thieves and bawds",0.0
comedy,main,1560–1569,2,insufficient (< 5),49,"Wooing a mistress: suitors, go-betweens and letters",0.0
comedy,main,1560–1569,2,insufficient (< 5),50,"Fleets, armies and generals: war by sea and land",0.0
comedy,main,1560–1569,2,insufficient (< 5),51,"Parents and children: blessing, birthright and inheritance",0.0
comedy,main,1560–1569,2,insufficient (< 5),52,"Prodigals, portions and poor kin",0.0
comedy,main,1560–1569,2,insufficient (< 5),54,"Antony and Cleopatra: love, death and mourning",0.0
comedy,main,1560–1569,2,insufficient (< 5),55,"Fairies, fairy queens and enchanted desire",0.0
comedy,main,1560–1569,2,insufficient (< 5),56,"Magic, spells and conjuring",0.0
comedy,main,1560–1569,2,insufficient (< 5),59,"Spanish courts: war, honour and courtship",0.0
comedy,main,1560–1569,2,insufficient (< 5),60,"Imperial Rome: rulers, favour and political exemplars",0.0
comedy,main,1560–1569,2,insufficient (< 5),62,"The courtier as a type: fashion, affectation and foreign manners",2.652
comedy,main,1570–1579,2,insufficient (< 5),0,"Court life: dukes, favour and honour",2.84
comedy,main,1570–1579,2,insufficient (< 5),1,"Death, grief and revenge",15.526
comedy,main,1570–1579,2,insufficient (< 5),2,"Roman politics: senate, consuls and civil war",0.0
comedy,main,1570–1579,2,insufficient (< 5),3,"Sickness, physic and doctors",0.0
comedy,main,1570–1579,2,insufficient (< 5),4,Love-longing and the lover's complaint,7.087
comedy,main,1570–1579,2,insufficient (< 5),5,"Christian faith, sin and salvation",0.0
comedy,main,1570–1579,2,insufficient (< 5),6,"Money, debt and credit",0.0
comedy,main,1570–1579,2,insufficient (< 5),7,The Trojan war: conflict and its aftermath,0.0
comedy,main,1570–1579,2,insufficient (< 5),8,"Captains, gallants and cheats",0.0
comedy,main,1570–1579,2,insufficient (< 5),9,"Theatre talk: prologues, poets and players",0.0
comedy,main,1570–1579,2,insufficient (< 5),10,"England and France: war, embassy and peace",0.0
comedy,main,1570–1579,2,insufficient (< 5),11,"Siblings, kin and confidants",0.0
comedy,main,1570–1579,2,insufficient (< 5),12,"Olympian gods: Jupiter, Juno, Venus and Mars",0.0
comedy,main,1570–1579,2,insufficient (< 5),14,"Royal love, favour and dynastic relationships",0.0
comedy,main,1570–1579,2,insufficient (< 5),15,Friars and holy orders in plot,0.0
comedy,main,1570–1579,2,insufficient (< 5),16,"Gallantry: ladies, lordships and compliment",0.0
comedy,main,1570–1579,2,insufficient (< 5),17,"Eastern conquest: Persians, Turks and soldans",0.0
comedy,main,1570–1579,2,insufficient (< 5),18,"Rebels, barons and the king's wars at home",0.0
comedy,main,1570–1579,2,insufficient (< 5),20,"Hercules: labours, suffering and virtue",0.0
comedy,main,1570–1579,2,insufficient (< 5),21,"Cupid, Venus and the nymphs",0.0
comedy,main,1570–1579,2,insufficient (< 5),22,"Shepherds, flocks and Pan",0.0
comedy,main,1570–1579,2,insufficient (< 5),23,"Husbands, wives and jealousy",0.0
comedy,main,1570–1579,2,insufficient (< 5),24,"Apollo, Phoebus and the Muses",0.0
comedy,main,1570–1579,2,insufficient (< 5),25,"Kings, power and law: political sententiae",0.0
comedy,main,1570–1579,2,insufficient (< 5),26,"Devils, hell and fiends",0.0
comedy,main,1570–1579,2,insufficient (< 5),27,"Uncles, nephews and cousins: kinship and patronage",0.0
comedy,main,1570–1579,2,insufficient (< 5),28,"Marriage-making: weddings, brides and matches",0.0
comedy,main,1570–1579,2,insufficient (< 5),30,"Constables, justices and the watch",0.0
comedy,main,1570–1579,2,insufficient (< 5),31,"Popes, cardinals and the crown",0.0
comedy,main,1570–1579,2,insufficient (< 5),32,Rings and jewels as tokens,0.0
comedy,main,1570–1579,2,insufficient (< 5),33,"Fathers, daughters and marriage negotiations",0.0
comedy,main,1570–1579,2,insufficient (< 5),34,"Thebes and royal catastrophe: siege, slaughter and funeral rites",0.0
comedy,main,1570–1579,2,insufficient (< 5),35,"Fools, wit and railing",0.0
comedy,main,1570–1579,2,insufficient (< 5),36,"Hell, Furies and the language of punishment",0.0
comedy,main,1570–1579,2,insufficient (< 5),37,"Riches, poverty and covetousness",0.0
comedy,main,1570–1579,2,insufficient (< 5),38,"Death, parting and grief at court",0.0
comedy,main,1570–1579,2,insufficient (< 5),39,"Profit, conscience and dishonest dealing",0.0
comedy,main,1570–1579,2,insufficient (< 5),40,"Sin, guilt and violent loss within families",7.46
comedy,main,1570–1579,2,insufficient (< 5),43,York and Lancaster: dynastic claims and conflict,0.0
comedy,main,1570–1579,2,insufficient (< 5),44,"Drinking: wine, ale and taverns",0.0
comedy,main,1570–1579,2,insufficient (< 5),45,"Widows, wooing and remarriage",0.0
comedy,main,1570–1579,2,insufficient (< 5),46,"Swords, quarrels and valour",0.0
comedy,main,1570–1579,2,insufficient (< 5),47,"Knaves, thieves and bawds",0.0
comedy,main,1570–1579,2,insufficient (< 5),49,"Wooing a mistress: suitors, go-betweens and letters",2.399
comedy,main,1570–1579,2,insufficient (< 5),50,"Fleets, armies and generals: war by sea and land",0.0
comedy,main,1570–1579,2,insufficient (< 5),51,"Parents and children: blessing, birthright and inheritance",0.0
comedy,main,1570–1579,2,insufficient (< 5),52,"Prodigals, portions and poor kin",0.0
comedy,main,1570–1579,2,insufficient (< 5),54,"Antony and Cleopatra: love, death and mourning",0.0
comedy,main,1570–1579,2,insufficient (< 5),55,"Fairies, fairy queens and enchanted desire",0.0
comedy,main,1570–1579,2,insufficient (< 5),56,"Magic, spells and conjuring",0.0
comedy,main,1570–1579,2,insufficient (< 5),59,"Spanish courts: war, honour and courtship",0.0
comedy,main,1570–1579,2,insufficient (< 5),60,"Imperial Rome: rulers, favour and political exemplars",0.0
comedy,main,1570–1579,2,insufficient (< 5),62,"The courtier as a type: fashion, affectation and foreign manners",0.0
comedy,main,1580–1589,10,shown (≥ 10),0,"Court life: dukes, favour and honour",0.642
comedy,main,1580–1589,10,shown (≥ 10),1,"Death, grief and revenge",0.301
comedy,main,1580–1589,10,shown (≥ 10),2,"Roman politics: senate, consuls and civil war",0.0
comedy,main,1580–1589,10,shown (≥ 10),3,"Sickness, physic and doctors",1.759
comedy,main,1580–1589,10,shown (≥ 10),4,Love-longing and the lover's complaint,2.895
comedy,main,1580–1589,10,shown (≥ 10),5,"Christian faith, sin and salvation",0.0
comedy,main,1580–1589,10,shown (≥ 10),6,"Money, debt and credit",0.3
comedy,main,1580–1589,10,shown (≥ 10),7,The Trojan war: conflict and its aftermath,0.39
comedy,main,1580–1589,10,shown (≥ 10),8,"Captains, gallants and cheats",0.338
comedy,main,1580–1589,10,shown (≥ 10),9,"Theatre talk: prologues, poets and players",0.318
comedy,main,1580–1589,10,shown (≥ 10),10,"England and France: war, embassy and peace",0.0
comedy,main,1580–1589,10,shown (≥ 10),11,"Siblings, kin and confidants",0.621
comedy,main,1580–1589,10,shown (≥ 10),12,"Olympian gods: Jupiter, Juno, Venus and Mars",1.549
comedy,main,1580–1589,10,shown (≥ 10),14,"Royal love, favour and dynastic relationships",0.0
comedy,main,1580–1589,10,shown (≥ 10),15,Friars and holy orders in plot,3.149
comedy,main,1580–1589,10,shown (≥ 10),16,"Gallantry: ladies, lordships and compliment",0.0
comedy,main,1580–1589,10,shown (≥ 10),17,"Eastern conquest: Persians, Turks and soldans",0.374
comedy,main,1580–1589,10,shown (≥ 10),18,"Rebels, barons and the king's wars at home",0.0
comedy,main,1580–1589,10,shown (≥ 10),20,"Hercules: labours, suffering and virtue",0.609
comedy,main,1580–1589,10,shown (≥ 10),21,"Cupid, Venus and the nymphs",6.699
comedy,main,1580–1589,10,shown (≥ 10),22,"Shepherds, flocks and Pan",1.466
comedy,main,1580–1589,10,shown (≥ 10),23,"Husbands, wives and jealousy",0.0
comedy,main,1580–1589,10,shown (≥ 10),24,"Apollo, Phoebus and the Muses",3.765
comedy,main,1580–1589,10,shown (≥ 10),25,"Kings, power and law: political sententiae",0.335
comedy,main,1580–1589,10,shown (≥ 10),26,"Devils, hell and fiends",0.644
comedy,main,1580–1589,10,shown (≥ 10),27,"Uncles, nephews and cousins: kinship and patronage",0.0
comedy,main,1580–1589,10,shown (≥ 10),28,"Marriage-making: weddings, brides and matches",2.424
comedy,main,1580–1589,10,shown (≥ 10),30,"Constables, justices and the watch",0.0
comedy,main,1580–1589,10,shown (≥ 10),31,"Popes, cardinals and the crown",0.0
comedy,main,1580–1589,10,shown (≥ 10),32,Rings and jewels as tokens,0.0
comedy,main,1580–1589,10,shown (≥ 10),33,"Fathers, daughters and marriage negotiations",4.526
comedy,main,1580–1589,10,shown (≥ 10),34,"Thebes and royal catastrophe: siege, slaughter and funeral rites",0.808
comedy,main,1580–1589,10,shown (≥ 10),35,"Fools, wit and railing",1.04
comedy,main,1580–1589,10,shown (≥ 10),36,"Hell, Furies and the language of punishment",0.0
comedy,main,1580–1589,10,shown (≥ 10),37,"Riches, poverty and covetousness",0.0
comedy,main,1580–1589,10,shown (≥ 10),38,"Death, parting and grief at court",0.0
comedy,main,1580–1589,10,shown (≥ 10),39,"Profit, conscience and dishonest dealing",0.0
comedy,main,1580–1589,10,shown (≥ 10),40,"Sin, guilt and violent loss within families",0.0
comedy,main,1580–1589,10,shown (≥ 10),43,York and Lancaster: dynastic claims and conflict,0.0
comedy,main,1580–1589,10,shown (≥ 10),44,"Drinking: wine, ale and taverns",0.6
comedy,main,1580–1589,10,shown (≥ 10),45,"Widows, wooing and remarriage",0.0
comedy,main,1580–1589,10,shown (≥ 10),46,"Swords, quarrels and valour",0.0
comedy,main,1580–1589,10,shown (≥ 10),47,"Knaves, thieves and bawds",0.0
comedy,main,1580–1589,10,shown (≥ 10),49,"Wooing a mistress: suitors, go-betweens and letters",0.332
comedy,main,1580–1589,10,shown (≥ 10),50,"Fleets, armies and generals: war by sea and land",0.0
comedy,main,1580–1589,10,shown (≥ 10),51,"Parents and children: blessing, birthright and inheritance",0.593
comedy,main,1580–1589,10,shown (≥ 10),52,"Prodigals, portions and poor kin",0.0
comedy,main,1580–1589,10,shown (≥ 10),54,"Antony and Cleopatra: love, death and mourning",0.0
comedy,main,1580–1589,10,shown (≥ 10),55,"Fairies, fairy queens and enchanted desire",0.0
comedy,main,1580–1589,10,shown (≥ 10),56,"Magic, spells and conjuring",1.317
comedy,main,1580–1589,10,shown (≥ 10),59,"Spanish courts: war, honour and courtship",0.0
comedy,main,1580–1589,10,shown (≥ 10),60,"Imperial Rome: rulers, favour and political exemplars",0.0
comedy,main,1580–1589,10,shown (≥ 10),62,"The courtier as a type: fashion, affectation and foreign manners",0.0
comedy,main,1590–1599,20,shown (≥ 10),0,"Court life: dukes, favour and honour",3.574
comedy,main,1590–1599,20,shown (≥ 10),1,"Death, grief and revenge",1.173
comedy,main,1590–1599,20,shown (≥ 10),2,"Roman politics: senate, consuls and civil war",0.136
comedy,main,1590–1599,20,shown (≥ 10),3,"Sickness, physic and doctors",1.063
comedy,main,1590–1599,20,shown (≥ 10),4,Love-longing and the lover's complaint,2.675
comedy,main,1590–1599,20,shown (≥ 10),5,"Christian faith, sin and salvation",0.205
comedy,main,1590–1599,20,shown (≥ 10),6,"Money, debt and credit",2.171
comedy,main,1590–1599,20,shown (≥ 10),7,The Trojan war: conflict and its aftermath,0.257
comedy,main,1590–1599,20,shown (≥ 10),8,"Captains, gallants and cheats",0.0
comedy,main,1590–1599,20,shown (≥ 10),9,"Theatre talk: prologues, poets and players",1.152
comedy,main,1590–1599,20,shown (≥ 10),10,"England and France: war, embassy and peace",0.131
comedy,main,1590–1599,20,shown (≥ 10),11,"Siblings, kin and confidants",0.635
comedy,main,1590–1599,20,shown (≥ 10),12,"Olympian gods: Jupiter, Juno, Venus and Mars",0.0
comedy,main,1590–1599,20,shown (≥ 10),14,"Royal love, favour and dynastic relationships",0.55
comedy,main,1590–1599,20,shown (≥ 10),15,Friars and holy orders in plot,0.636
comedy,main,1590–1599,20,shown (≥ 10),16,"Gallantry: ladies, lordships and compliment",0.748
comedy,main,1590–1599,20,shown (≥ 10),17,"Eastern conquest: Persians, Turks and soldans",0.0
comedy,main,1590–1599,20,shown (≥ 10),18,"Rebels, barons and the king's wars at home",0.2
comedy,main,1590–1599,20,shown (≥ 10),20,"Hercules: labours, suffering and virtue",0.0
comedy,main,1590–1599,20,shown (≥ 10),21,"Cupid, Venus and the nymphs",0.418
comedy,main,1590–1599,20,shown (≥ 10),22,"Shepherds, flocks and Pan",0.142
comedy,main,1590–1599,20,shown (≥ 10),23,"Husbands, wives and jealousy",0.504
comedy,main,1590–1599,20,shown (≥ 10),24,"Apollo, Phoebus and the Muses",0.0
comedy,main,1590–1599,20,shown (≥ 10),25,"Kings, power and law: political sententiae",0.0
comedy,main,1590–1599,20,shown (≥ 10),26,"Devils, hell and fiends",0.168
comedy,main,1590–1599,20,shown (≥ 10),27,"Uncles, nephews and cousins: kinship and patronage",0.251
comedy,main,1590–1599,20,shown (≥ 10),28,"Marriage-making: weddings, brides and matches",0.702
comedy,main,1590–1599,20,shown (≥ 10),30,"Constables, justices and the watch",0.327
comedy,main,1590–1599,20,shown (≥ 10),31,"Popes, cardinals and the crown",0.0
comedy,main,1590–1599,20,shown (≥ 10),32,Rings and jewels as tokens,0.958
comedy,main,1590–1599,20,shown (≥ 10),33,"Fathers, daughters and marriage negotiations",0.656
comedy,main,1590–1599,20,shown (≥ 10),34,"Thebes and royal catastrophe: siege, slaughter and funeral rites",0.0
comedy,main,1590–1599,20,shown (≥ 10),35,"Fools, wit and railing",0.79
comedy,main,1590–1599,20,shown (≥ 10),36,"Hell, Furies and the language of punishment",0.0
comedy,main,1590–1599,20,shown (≥ 10),37,"Riches, poverty and covetousness",0.503
comedy,main,1590–1599,20,shown (≥ 10),38,"Death, parting and grief at court",0.146
comedy,main,1590–1599,20,shown (≥ 10),39,"Profit, conscience and dishonest dealing",0.0
comedy,main,1590–1599,20,shown (≥ 10),40,"Sin, guilt and violent loss within families",0.198
comedy,main,1590–1599,20,shown (≥ 10),43,York and Lancaster: dynastic claims and conflict,0.0
comedy,main,1590–1599,20,shown (≥ 10),44,"Drinking: wine, ale and taverns",0.986
comedy,main,1590–1599,20,shown (≥ 10),45,"Widows, wooing and remarriage",0.0
comedy,main,1590–1599,20,shown (≥ 10),46,"Swords, quarrels and valour",0.706
comedy,main,1590–1599,20,shown (≥ 10),47,"Knaves, thieves and bawds",0.129
comedy,main,1590–1599,20,shown (≥ 10),49,"Wooing a mistress: suitors, go-betweens and letters",0.516
comedy,main,1590–1599,20,shown (≥ 10),50,"Fleets, armies and generals: war by sea and land",0.181
comedy,main,1590–1599,20,shown (≥ 10),51,"Parents and children: blessing, birthright and inheritance",0.397
comedy,main,1590–1599,20,shown (≥ 10),52,"Prodigals, portions and poor kin",0.0
comedy,main,1590–1599,20,shown (≥ 10),54,"Antony and Cleopatra: love, death and mourning",0.118
comedy,main,1590–1599,20,shown (≥ 10),55,"Fairies, fairy queens and enchanted desire",0.846
comedy,main,1590–1599,20,shown (≥ 10),56,"Magic, spells and conjuring",0.0
comedy,main,1590–1599,20,shown (≥ 10),59,"Spanish courts: war, honour and courtship",0.0
comedy,main,1590–1599,20,shown (≥ 10),60,"Imperial Rome: rulers, favour and political exemplars",0.0
comedy,main,1590–1599,20,shown (≥ 10),62,"The courtier as a type: fashion, affectation and foreign manners",0.0
comedy,main,1600–1609,45,shown (≥ 10),0,"Court life: dukes, favour and honour",3.612
comedy,main,1600–1609,45,shown (≥ 10),1,"Death, grief and revenge",1.761
comedy,main,1600–1609,45,shown (≥ 10),2,"Roman politics: senate, consuls and civil war",0.399
comedy,main,1600–1609,45,shown (≥ 10),3,"Sickness, physic and doctors",2.323
comedy,main,1600–1609,45,shown (≥ 10),4,Love-longing and the lover's complaint,2.715
comedy,main,1600–1609,45,shown (≥ 10),5,"Christian faith, sin and salvation",0.0
comedy,main,1600–1609,45,shown (≥ 10),6,"Money, debt and credit",2.18
comedy,main,1600–1609,45,shown (≥ 10),7,The Trojan war: conflict and its aftermath,0.047
comedy,main,1600–1609,45,shown (≥ 10),8,"Captains, gallants and cheats",3.412
comedy,main,1600–1609,45,shown (≥ 10),9,"Theatre talk: prologues, poets and players",1.738
comedy,main,1600–1609,45,shown (≥ 10),10,"England and France: war, embassy and peace",0.0
comedy,main,1600–1609,45,shown (≥ 10),11,"Siblings, kin and confidants",0.855
comedy,main,1600–1609,45,shown (≥ 10),12,"Olympian gods: Jupiter, Juno, Venus and Mars",0.222
comedy,main,1600–1609,45,shown (≥ 10),14,"Royal love, favour and dynastic relationships",0.3
comedy,main,1600–1609,45,shown (≥ 10),15,Friars and holy orders in plot,0.472
comedy,main,1600–1609,45,shown (≥ 10),16,"Gallantry: ladies, lordships and compliment",1.368
comedy,main,1600–1609,45,shown (≥ 10),17,"Eastern conquest: Persians, Turks and soldans",0.0
comedy,main,1600–1609,45,shown (≥ 10),18,"Rebels, barons and the king's wars at home",0.0
comedy,main,1600–1609,45,shown (≥ 10),20,"Hercules: labours, suffering and virtue",0.0
comedy,main,1600–1609,45,shown (≥ 10),21,"Cupid, Venus and the nymphs",0.451
comedy,main,1600–1609,45,shown (≥ 10),22,"Shepherds, flocks and Pan",0.806
comedy,main,1600–1609,45,shown (≥ 10),23,"Husbands, wives and jealousy",1.489
comedy,main,1600–1609,45,shown (≥ 10),24,"Apollo, Phoebus and the Muses",0.73
comedy,main,1600–1609,45,shown (≥ 10),25,"Kings, power and law: political sententiae",0.0
comedy,main,1600–1609,45,shown (≥ 10),26,"Devils, hell and fiends",0.545
comedy,main,1600–1609,45,shown (≥ 10),27,"Uncles, nephews and cousins: kinship and patronage",1.595
comedy,main,1600–1609,45,shown (≥ 10),28,"Marriage-making: weddings, brides and matches",0.812
comedy,main,1600–1609,45,shown (≥ 10),30,"Constables, justices and the watch",0.237
comedy,main,1600–1609,45,shown (≥ 10),31,"Popes, cardinals and the crown",0.0
comedy,main,1600–1609,45,shown (≥ 10),32,Rings and jewels as tokens,0.36
comedy,main,1600–1609,45,shown (≥ 10),33,"Fathers, daughters and marriage negotiations",0.869
comedy,main,1600–1609,45,shown (≥ 10),34,"Thebes and royal catastrophe: siege, slaughter and funeral rites",0.0
comedy,main,1600–1609,45,shown (≥ 10),35,"Fools, wit and railing",0.597
comedy,main,1600–1609,45,shown (≥ 10),36,"Hell, Furies and the language of punishment",0.0
comedy,main,1600–1609,45,shown (≥ 10),37,"Riches, poverty and covetousness",0.044
comedy,main,1600–1609,45,shown (≥ 10),38,"Death, parting and grief at court",0.0
comedy,main,1600–1609,45,shown (≥ 10),39,"Profit, conscience and dishonest dealing",0.249
comedy,main,1600–1609,45,shown (≥ 10),40,"Sin, guilt and violent loss within families",0.218
comedy,main,1600–1609,45,shown (≥ 10),43,York and Lancaster: dynastic claims and conflict,0.0
comedy,main,1600–1609,45,shown (≥ 10),44,"Drinking: wine, ale and taverns",0.411
comedy,main,1600–1609,45,shown (≥ 10),45,"Widows, wooing and remarriage",1.416
comedy,main,1600–1609,45,shown (≥ 10),46,"Swords, quarrels and valour",0.113
comedy,main,1600–1609,45,shown (≥ 10),47,"Knaves, thieves and bawds",0.509
comedy,main,1600–1609,45,shown (≥ 10),49,"Wooing a mistress: suitors, go-betweens and letters",0.44
comedy,main,1600–1609,45,shown (≥ 10),50,"Fleets, armies and generals: war by sea and land",0.0
comedy,main,1600–1609,45,shown (≥ 10),51,"Parents and children: blessing, birthright and inheritance",0.189
comedy,main,1600–1609,45,shown (≥ 10),52,"Prodigals, portions and poor kin",0.626
comedy,main,1600–1609,45,shown (≥ 10),54,"Antony and Cleopatra: love, death and mourning",0.0
comedy,main,1600–1609,45,shown (≥ 10),55,"Fairies, fairy queens and enchanted desire",0.0
comedy,main,1600–1609,45,shown (≥ 10),56,"Magic, spells and conjuring",0.054
comedy,main,1600–1609,45,shown (≥ 10),59,"Spanish courts: war, honour and courtship",0.0
comedy,main,1600–1609,45,shown (≥ 10),60,"Imperial Rome: rulers, favour and political exemplars",0.0
comedy,main,1600–1609,45,shown (≥ 10),62,"The courtier as a type: fashion, affectation and foreign manners",0.27
comedy,main,1610–1619,20,shown (≥ 10),0,"Court life: dukes, favour and honour",2.427
comedy,main,1610–1619,20,shown (≥ 10),1,"Death, grief and revenge",0.952
comedy,main,1610–1619,20,shown (≥ 10),2,"Roman politics: senate, consuls and civil war",0.079
comedy,main,1610–1619,20,shown (≥ 10),3,"Sickness, physic and doctors",2.846
comedy,main,1610–1619,20,shown (≥ 10),4,Love-longing and the lover's complaint,0.496
comedy,main,1610–1619,20,shown (≥ 10),5,"Christian faith, sin and salvation",0.643
comedy,main,1610–1619,20,shown (≥ 10),6,"Money, debt and credit",3.171
comedy,main,1610–1619,20,shown (≥ 10),7,The Trojan war: conflict and its aftermath,0.108
comedy,main,1610–1619,20,shown (≥ 10),8,"Captains, gallants and cheats",1.337
comedy,main,1610–1619,20,shown (≥ 10),9,"Theatre talk: prologues, poets and players",0.988
comedy,main,1610–1619,20,shown (≥ 10),10,"England and France: war, embassy and peace",0.0
comedy,main,1610–1619,20,shown (≥ 10),11,"Siblings, kin and confidants",2.275
comedy,main,1610–1619,20,shown (≥ 10),12,"Olympian gods: Jupiter, Juno, Venus and Mars",0.145
comedy,main,1610–1619,20,shown (≥ 10),14,"Royal love, favour and dynastic relationships",0.0
comedy,main,1610–1619,20,shown (≥ 10),15,Friars and holy orders in plot,0.806
comedy,main,1610–1619,20,shown (≥ 10),16,"Gallantry: ladies, lordships and compliment",1.313
comedy,main,1610–1619,20,shown (≥ 10),17,"Eastern conquest: Persians, Turks and soldans",0.191
comedy,main,1610–1619,20,shown (≥ 10),18,"Rebels, barons and the king's wars at home",0.0
comedy,main,1610–1619,20,shown (≥ 10),20,"Hercules: labours, suffering and virtue",0.0
comedy,main,1610–1619,20,shown (≥ 10),21,"Cupid, Venus and the nymphs",0.369
comedy,main,1610–1619,20,shown (≥ 10),22,"Shepherds, flocks and Pan",0.0
comedy,main,1610–1619,20,shown (≥ 10),23,"Husbands, wives and jealousy",0.525
comedy,main,1610–1619,20,shown (≥ 10),24,"Apollo, Phoebus and the Muses",0.272
comedy,main,1610–1619,20,shown (≥ 10),25,"Kings, power and law: political sententiae",0.115
comedy,main,1610–1619,20,shown (≥ 10),26,"Devils, hell and fiends",2.612
comedy,main,1610–1619,20,shown (≥ 10),27,"Uncles, nephews and cousins: kinship and patronage",0.414
comedy,main,1610–1619,20,shown (≥ 10),28,"Marriage-making: weddings, brides and matches",0.848
comedy,main,1610–1619,20,shown (≥ 10),30,"Constables, justices and the watch",0.387
comedy,main,1610–1619,20,shown (≥ 10),31,"Popes, cardinals and the crown",0.0
comedy,main,1610–1619,20,shown (≥ 10),32,Rings and jewels as tokens,1.428
comedy,main,1610–1619,20,shown (≥ 10),33,"Fathers, daughters and marriage negotiations",0.494
comedy,main,1610–1619,20,shown (≥ 10),34,"Thebes and royal catastrophe: siege, slaughter and funeral rites",0.0
comedy,main,1610–1619,20,shown (≥ 10),35,"Fools, wit and railing",0.692
comedy,main,1610–1619,20,shown (≥ 10),36,"Hell, Furies and the language of punishment",0.0
comedy,main,1610–1619,20,shown (≥ 10),37,"Riches, poverty and covetousness",0.0
comedy,main,1610–1619,20,shown (≥ 10),38,"Death, parting and grief at court",0.0
comedy,main,1610–1619,20,shown (≥ 10),39,"Profit, conscience and dishonest dealing",0.0
comedy,main,1610–1619,20,shown (≥ 10),40,"Sin, guilt and violent loss within families",0.124
comedy,main,1610–1619,20,shown (≥ 10),43,York and Lancaster: dynastic claims and conflict,0.0
comedy,main,1610–1619,20,shown (≥ 10),44,"Drinking: wine, ale and taverns",1.08
comedy,main,1610–1619,20,shown (≥ 10),45,"Widows, wooing and remarriage",1.011
comedy,main,1610–1619,20,shown (≥ 10),46,"Swords, quarrels and valour",0.563
comedy,main,1610–1619,20,shown (≥ 10),47,"Knaves, thieves and bawds",0.891
comedy,main,1610–1619,20,shown (≥ 10),49,"Wooing a mistress: suitors, go-betweens and letters",0.753
comedy,main,1610–1619,20,shown (≥ 10),50,"Fleets, armies and generals: war by sea and land",0.492
comedy,main,1610–1619,20,shown (≥ 10),51,"Parents and children: blessing, birthright and inheritance",0.0
comedy,main,1610–1619,20,shown (≥ 10),52,"Prodigals, portions and poor kin",0.592
comedy,main,1610–1619,20,shown (≥ 10),54,"Antony and Cleopatra: love, death and mourning",0.0
comedy,main,1610–1619,20,shown (≥ 10),55,"Fairies, fairy queens and enchanted desire",0.0
comedy,main,1610–1619,20,shown (≥ 10),56,"Magic, spells and conjuring",0.405
comedy,main,1610–1619,20,shown (≥ 10),59,"Spanish courts: war, honour and courtship",0.0
comedy,main,1610–1619,20,shown (≥ 10),60,"Imperial Rome: rulers, favour and political exemplars",0.0
comedy,main,1610–1619,20,shown (≥ 10),62,"The courtier as a type: fashion, affectation and foreign manners",0.446
comedy,main,1620–1629,22,shown (≥ 10),0,"Court life: dukes, favour and honour",7.181
comedy,main,1620–1629,22,shown (≥ 10),1,"Death, grief and revenge",2.676
comedy,main,1620–1629,22,shown (≥ 10),2,"Roman politics: senate, consuls and civil war",0.134
comedy,main,1620–1629,22,shown (≥ 10),3,"Sickness, physic and doctors",3.593
comedy,main,1620–1629,22,shown (≥ 10),4,Love-longing and the lover's complaint,0.803
comedy,main,1620–1629,22,shown (≥ 10),5,"Christian faith, sin and salvation",0.24
comedy,main,1620–1629,22,shown (≥ 10),6,"Money, debt and credit",2.441
comedy,main,1620–1629,22,shown (≥ 10),7,The Trojan war: conflict and its aftermath,0.0
comedy,main,1620–1629,22,shown (≥ 10),8,"Captains, gallants and cheats",0.993
comedy,main,1620–1629,22,shown (≥ 10),9,"Theatre talk: prologues, poets and players",0.635
comedy,main,1620–1629,22,shown (≥ 10),10,"England and France: war, embassy and peace",0.0
comedy,main,1620–1629,22,shown (≥ 10),11,"Siblings, kin and confidants",0.634
comedy,main,1620–1629,22,shown (≥ 10),12,"Olympian gods: Jupiter, Juno, Venus and Mars",0.0
comedy,main,1620–1629,22,shown (≥ 10),14,"Royal love, favour and dynastic relationships",0.257
comedy,main,1620–1629,22,shown (≥ 10),15,Friars and holy orders in plot,1.063
comedy,main,1620–1629,22,shown (≥ 10),16,"Gallantry: ladies, lordships and compliment",0.894
comedy,main,1620–1629,22,shown (≥ 10),17,"Eastern conquest: Persians, Turks and soldans",0.165
comedy,main,1620–1629,22,shown (≥ 10),18,"Rebels, barons and the king's wars at home",0.0
comedy,main,1620–1629,22,shown (≥ 10),20,"Hercules: labours, suffering and virtue",0.148
comedy,main,1620–1629,22,shown (≥ 10),21,"Cupid, Venus and the nymphs",0.545
comedy,main,1620–1629,22,shown (≥ 10),22,"Shepherds, flocks and Pan",0.615
comedy,main,1620–1629,22,shown (≥ 10),23,"Husbands, wives and jealousy",0.614
comedy,main,1620–1629,22,shown (≥ 10),24,"Apollo, Phoebus and the Muses",2.874
comedy,main,1620–1629,22,shown (≥ 10),25,"Kings, power and law: political sententiae",0.0
comedy,main,1620–1629,22,shown (≥ 10),26,"Devils, hell and fiends",1.476
comedy,main,1620–1629,22,shown (≥ 10),27,"Uncles, nephews and cousins: kinship and patronage",1.151
comedy,main,1620–1629,22,shown (≥ 10),28,"Marriage-making: weddings, brides and matches",1.731
comedy,main,1620–1629,22,shown (≥ 10),30,"Constables, justices and the watch",0.342
comedy,main,1620–1629,22,shown (≥ 10),31,"Popes, cardinals and the crown",0.091
comedy,main,1620–1629,22,shown (≥ 10),32,Rings and jewels as tokens,0.548
comedy,main,1620–1629,22,shown (≥ 10),33,"Fathers, daughters and marriage negotiations",0.684
comedy,main,1620–1629,22,shown (≥ 10),34,"Thebes and royal catastrophe: siege, slaughter and funeral rites",0.0
comedy,main,1620–1629,22,shown (≥ 10),35,"Fools, wit and railing",1.127
comedy,main,1620–1629,22,shown (≥ 10),36,"Hell, Furies and the language of punishment",0.1
comedy,main,1620–1629,22,shown (≥ 10),37,"Riches, poverty and covetousness",0.0
comedy,main,1620–1629,22,shown (≥ 10),38,"Death, parting and grief at court",0.0
comedy,main,1620–1629,22,shown (≥ 10),39,"Profit, conscience and dishonest dealing",0.0
comedy,main,1620–1629,22,shown (≥ 10),40,"Sin, guilt and violent loss within families",0.0
comedy,main,1620–1629,22,shown (≥ 10),43,York and Lancaster: dynastic claims and conflict,0.0
comedy,main,1620–1629,22,shown (≥ 10),44,"Drinking: wine, ale and taverns",0.633
comedy,main,1620–1629,22,shown (≥ 10),45,"Widows, wooing and remarriage",1.384
comedy,main,1620–1629,22,shown (≥ 10),46,"Swords, quarrels and valour",0.105
comedy,main,1620–1629,22,shown (≥ 10),47,"Knaves, thieves and bawds",0.331
comedy,main,1620–1629,22,shown (≥ 10),49,"Wooing a mistress: suitors, go-betweens and letters",0.49
comedy,main,1620–1629,22,shown (≥ 10),50,"Fleets, armies and generals: war by sea and land",0.0
comedy,main,1620–1629,22,shown (≥ 10),51,"Parents and children: blessing, birthright and inheritance",0.141
comedy,main,1620–1629,22,shown (≥ 10),52,"Prodigals, portions and poor kin",0.811
comedy,main,1620–1629,22,shown (≥ 10),54,"Antony and Cleopatra: love, death and mourning",0.0
comedy,main,1620–1629,22,shown (≥ 10),55,"Fairies, fairy queens and enchanted desire",0.0
comedy,main,1620–1629,22,shown (≥ 10),56,"Magic, spells and conjuring",0.0
comedy,main,1620–1629,22,shown (≥ 10),59,"Spanish courts: war, honour and courtship",0.249
comedy,main,1620–1629,22,shown (≥ 10),60,"Imperial Rome: rulers, favour and political exemplars",0.0
comedy,main,1620–1629,22,shown (≥ 10),62,"The courtier as a type: fashion, affectation and foreign manners",0.192
comedy,main,1630–1639,26,shown (≥ 10),0,"Court life: dukes, favour and honour",9.753
comedy,main,1630–1639,26,shown (≥ 10),1,"Death, grief and revenge",1.284
comedy,main,1630–1639,26,shown (≥ 10),2,"Roman politics: senate, consuls and civil war",0.0
comedy,main,1630–1639,26,shown (≥ 10),3,"Sickness, physic and doctors",2.917
comedy,main,1630–1639,26,shown (≥ 10),4,Love-longing and the lover's complaint,0.921
comedy,main,1630–1639,26,shown (≥ 10),5,"Christian faith, sin and salvation",0.122
comedy,main,1630–1639,26,shown (≥ 10),6,"Money, debt and credit",0.348
comedy,main,1630–1639,26,shown (≥ 10),7,The Trojan war: conflict and its aftermath,0.0
comedy,main,1630–1639,26,shown (≥ 10),8,"Captains, gallants and cheats",2.105
comedy,main,1630–1639,26,shown (≥ 10),9,"Theatre talk: prologues, poets and players",1.976
comedy,main,1630–1639,26,shown (≥ 10),10,"England and France: war, embassy and peace",0.0
comedy,main,1630–1639,26,shown (≥ 10),11,"Siblings, kin and confidants",2.336
comedy,main,1630–1639,26,shown (≥ 10),12,"Olympian gods: Jupiter, Juno, Venus and Mars",0.0
comedy,main,1630–1639,26,shown (≥ 10),14,"Royal love, favour and dynastic relationships",0.459
comedy,main,1630–1639,26,shown (≥ 10),15,Friars and holy orders in plot,0.0
comedy,main,1630–1639,26,shown (≥ 10),16,"Gallantry: ladies, lordships and compliment",3.276
comedy,main,1630–1639,26,shown (≥ 10),17,"Eastern conquest: Persians, Turks and soldans",0.0
comedy,main,1630–1639,26,shown (≥ 10),18,"Rebels, barons and the king's wars at home",0.0
comedy,main,1630–1639,26,shown (≥ 10),20,"Hercules: labours, suffering and virtue",0.177
comedy,main,1630–1639,26,shown (≥ 10),21,"Cupid, Venus and the nymphs",0.278
comedy,main,1630–1639,26,shown (≥ 10),22,"Shepherds, flocks and Pan",0.06
comedy,main,1630–1639,26,shown (≥ 10),23,"Husbands, wives and jealousy",1.648
comedy,main,1630–1639,26,shown (≥ 10),24,"Apollo, Phoebus and the Muses",0.052
comedy,main,1630–1639,26,shown (≥ 10),25,"Kings, power and law: political sententiae",0.0
comedy,main,1630–1639,26,shown (≥ 10),26,"Devils, hell and fiends",0.365
comedy,main,1630–1639,26,shown (≥ 10),27,"Uncles, nephews and cousins: kinship and patronage",2.874
comedy,main,1630–1639,26,shown (≥ 10),28,"Marriage-making: weddings, brides and matches",0.971
comedy,main,1630–1639,26,shown (≥ 10),30,"Constables, justices and the watch",3.734
comedy,main,1630–1639,26,shown (≥ 10),31,"Popes, cardinals and the crown",0.0
comedy,main,1630–1639,26,shown (≥ 10),32,Rings and jewels as tokens,0.374
comedy,main,1630–1639,26,shown (≥ 10),33,"Fathers, daughters and marriage negotiations",0.652
comedy,main,1630–1639,26,shown (≥ 10),34,"Thebes and royal catastrophe: siege, slaughter and funeral rites",0.0
comedy,main,1630–1639,26,shown (≥ 10),35,"Fools, wit and railing",0.54
comedy,main,1630–1639,26,shown (≥ 10),36,"Hell, Furies and the language of punishment",0.0
comedy,main,1630–1639,26,shown (≥ 10),37,"Riches, poverty and covetousness",0.166
comedy,main,1630–1639,26,shown (≥ 10),38,"Death, parting and grief at court",0.0
comedy,main,1630–1639,26,shown (≥ 10),39,"Profit, conscience and dishonest dealing",0.0
comedy,main,1630–1639,26,shown (≥ 10),40,"Sin, guilt and violent loss within families",0.201
comedy,main,1630–1639,26,shown (≥ 10),43,York and Lancaster: dynastic claims and conflict,0.0
comedy,main,1630–1639,26,shown (≥ 10),44,"Drinking: wine, ale and taverns",0.458
comedy,main,1630–1639,26,shown (≥ 10),45,"Widows, wooing and remarriage",0.246
comedy,main,1630–1639,26,shown (≥ 10),46,"Swords, quarrels and valour",0.773
comedy,main,1630–1639,26,shown (≥ 10),47,"Knaves, thieves and bawds",0.06
comedy,main,1630–1639,26,shown (≥ 10),49,"Wooing a mistress: suitors, go-betweens and letters",0.796
comedy,main,1630–1639,26,shown (≥ 10),50,"Fleets, armies and generals: war by sea and land",0.0
comedy,main,1630–1639,26,shown (≥ 10),51,"Parents and children: blessing, birthright and inheritance",0.28
comedy,main,1630–1639,26,shown (≥ 10),52,"Prodigals, portions and poor kin",0.2
comedy,main,1630–1639,26,shown (≥ 10),54,"Antony and Cleopatra: love, death and mourning",0.119
comedy,main,1630–1639,26,shown (≥ 10),55,"Fairies, fairy queens and enchanted desire",0.081
comedy,main,1630–1639,26,shown (≥ 10),56,"Magic, spells and conjuring",0.0
comedy,main,1630–1639,26,shown (≥ 10),59,"Spanish courts: war, honour and courtship",0.0
comedy,main,1630–1639,26,shown (≥ 10),60,"Imperial Rome: rulers, favour and political exemplars",0.0
comedy,main,1630–1639,26,shown (≥ 10),62,"The courtier as a type: fashion, affectation and foreign manners",0.208
comedy,lower limit,1510–1519,1,insufficient (< 5),0,"Court life: dukes, favour and honour",0.0
comedy,lower limit,1510–1519,1,insufficient (< 5),1,"Death, grief and revenge",0.0
comedy,lower limit,1510–1519,1,insufficient (< 5),2,"Roman politics: senate, consuls and civil war",0.0
comedy,lower limit,1510–1519,1,insufficient (< 5),3,"Sickness, physic and doctors",0.0
comedy,lower limit,1510–1519,1,insufficient (< 5),4,Love-longing and the lover's complaint,4.875
comedy,lower limit,1510–1519,1,insufficient (< 5),5,"Christian faith, sin and salvation",0.0
comedy,lower limit,1510–1519,1,insufficient (< 5),6,"Money, debt and credit",0.0
comedy,lower limit,1510–1519,1,insufficient (< 5),7,The Trojan war: conflict and its aftermath,0.0
comedy,lower limit,1510–1519,1,insufficient (< 5),8,"Captains, gallants and cheats",0.0
comedy,lower limit,1510–1519,1,insufficient (< 5),9,"Theatre talk: prologues, poets and players",0.0
comedy,lower limit,1510–1519,1,insufficient (< 5),10,"England and France: war, embassy and peace",0.0
comedy,lower limit,1510–1519,1,insufficient (< 5),11,"Siblings, kin and confidants",0.0
comedy,lower limit,1510–1519,1,insufficient (< 5),12,"Olympian gods: Jupiter, Juno, Venus and Mars",0.0
comedy,lower limit,1510–1519,1,insufficient (< 5),14,"Royal love, favour and dynastic relationships",0.0
comedy,lower limit,1510–1519,1,insufficient (< 5),15,Friars and holy orders in plot,0.0
comedy,lower limit,1510–1519,1,insufficient (< 5),16,"Gallantry: ladies, lordships and compliment",0.0
comedy,lower limit,1510–1519,1,insufficient (< 5),17,"Eastern conquest: Persians, Turks and soldans",0.0
comedy,lower limit,1510–1519,1,insufficient (< 5),18,"Rebels, barons and the king's wars at home",0.0
comedy,lower limit,1510–1519,1,insufficient (< 5),20,"Hercules: labours, suffering and virtue",0.0
comedy,lower limit,1510–1519,1,insufficient (< 5),21,"Cupid, Venus and the nymphs",0.0
comedy,lower limit,1510–1519,1,insufficient (< 5),22,"Shepherds, flocks and Pan",0.0
comedy,lower limit,1510–1519,1,insufficient (< 5),23,"Husbands, wives and jealousy",0.0
comedy,lower limit,1510–1519,1,insufficient (< 5),24,"Apollo, Phoebus and the Muses",4.685
comedy,lower limit,1510–1519,1,insufficient (< 5),25,"Kings, power and law: political sententiae",0.0
comedy,lower limit,1510–1519,1,insufficient (< 5),26,"Devils, hell and fiends",4.771
comedy,lower limit,1510–1519,1,insufficient (< 5),27,"Uncles, nephews and cousins: kinship and patronage",0.0
comedy,lower limit,1510–1519,1,insufficient (< 5),28,"Marriage-making: weddings, brides and matches",0.0
comedy,lower limit,1510–1519,1,insufficient (< 5),30,"Constables, justices and the watch",0.0
comedy,lower limit,1510–1519,1,insufficient (< 5),31,"Popes, cardinals and the crown",0.0
comedy,lower limit,1510–1519,1,insufficient (< 5),32,Rings and jewels as tokens,0.0
comedy,lower limit,1510–1519,1,insufficient (< 5),33,"Fathers, daughters and marriage negotiations",0.0
comedy,lower limit,1510–1519,1,insufficient (< 5),34,"Thebes and royal catastrophe: siege, slaughter and funeral rites",0.0
comedy,lower limit,1510–1519,1,insufficient (< 5),35,"Fools, wit and railing",0.0
comedy,lower limit,1510–1519,1,insufficient (< 5),36,"Hell, Furies and the language of punishment",0.0
comedy,lower limit,1510–1519,1,insufficient (< 5),37,"Riches, poverty and covetousness",0.0
comedy,lower limit,1510–1519,1,insufficient (< 5),38,"Death, parting and grief at court",0.0
comedy,lower limit,1510–1519,1,insufficient (< 5),39,"Profit, conscience and dishonest dealing",0.0
comedy,lower limit,1510–1519,1,insufficient (< 5),40,"Sin, guilt and violent loss within families",0.0
comedy,lower limit,1510–1519,1,insufficient (< 5),43,York and Lancaster: dynastic claims and conflict,0.0
comedy,lower limit,1510–1519,1,insufficient (< 5),44,"Drinking: wine, ale and taverns",0.0
comedy,lower limit,1510–1519,1,insufficient (< 5),45,"Widows, wooing and remarriage",0.0
comedy,lower limit,1510–1519,1,insufficient (< 5),46,"Swords, quarrels and valour",0.0
comedy,lower limit,1510–1519,1,insufficient (< 5),47,"Knaves, thieves and bawds",0.0
comedy,lower limit,1510–1519,1,insufficient (< 5),49,"Wooing a mistress: suitors, go-betweens and letters",0.0
comedy,lower limit,1510–1519,1,insufficient (< 5),50,"Fleets, armies and generals: war by sea and land",0.0
comedy,lower limit,1510–1519,1,insufficient (< 5),51,"Parents and children: blessing, birthright and inheritance",4.619
comedy,lower limit,1510–1519,1,insufficient (< 5),52,"Prodigals, portions and poor kin",0.0
comedy,lower limit,1510–1519,1,insufficient (< 5),54,"Antony and Cleopatra: love, death and mourning",4.875
comedy,lower limit,1510–1519,1,insufficient (< 5),55,"Fairies, fairy queens and enchanted desire",0.0
comedy,lower limit,1510–1519,1,insufficient (< 5),56,"Magic, spells and conjuring",0.0
comedy,lower limit,1510–1519,1,insufficient (< 5),59,"Spanish courts: war, honour and courtship",0.0
comedy,lower limit,1510–1519,1,insufficient (< 5),60,"Imperial Rome: rulers, favour and political exemplars",0.0
comedy,lower limit,1510–1519,1,insufficient (< 5),62,"The courtier as a type: fashion, affectation and foreign manners",0.0
comedy,lower limit,1530–1539,1,insufficient (< 5),0,"Court life: dukes, favour and honour",0.0
comedy,lower limit,1530–1539,1,insufficient (< 5),1,"Death, grief and revenge",0.0
comedy,lower limit,1530–1539,1,insufficient (< 5),2,"Roman politics: senate, consuls and civil war",0.0
comedy,lower limit,1530–1539,1,insufficient (< 5),3,"Sickness, physic and doctors",0.0
comedy,lower limit,1530–1539,1,insufficient (< 5),4,Love-longing and the lover's complaint,0.0
comedy,lower limit,1530–1539,1,insufficient (< 5),5,"Christian faith, sin and salvation",0.0
comedy,lower limit,1530–1539,1,insufficient (< 5),6,"Money, debt and credit",0.0
comedy,lower limit,1530–1539,1,insufficient (< 5),7,The Trojan war: conflict and its aftermath,22.193
comedy,lower limit,1530–1539,1,insufficient (< 5),8,"Captains, gallants and cheats",0.0
comedy,lower limit,1530–1539,1,insufficient (< 5),9,"Theatre talk: prologues, poets and players",0.0
comedy,lower limit,1530–1539,1,insufficient (< 5),10,"England and France: war, embassy and peace",0.0
comedy,lower limit,1530–1539,1,insufficient (< 5),11,"Siblings, kin and confidants",0.0
comedy,lower limit,1530–1539,1,insufficient (< 5),12,"Olympian gods: Jupiter, Juno, Venus and Mars",0.0
comedy,lower limit,1530–1539,1,insufficient (< 5),14,"Royal love, favour and dynastic relationships",0.0
comedy,lower limit,1530–1539,1,insufficient (< 5),15,Friars and holy orders in plot,0.0
comedy,lower limit,1530–1539,1,insufficient (< 5),16,"Gallantry: ladies, lordships and compliment",0.0
comedy,lower limit,1530–1539,1,insufficient (< 5),17,"Eastern conquest: Persians, Turks and soldans",0.0
comedy,lower limit,1530–1539,1,insufficient (< 5),18,"Rebels, barons and the king's wars at home",0.0
comedy,lower limit,1530–1539,1,insufficient (< 5),20,"Hercules: labours, suffering and virtue",13.991
comedy,lower limit,1530–1539,1,insufficient (< 5),21,"Cupid, Venus and the nymphs",0.0
comedy,lower limit,1530–1539,1,insufficient (< 5),22,"Shepherds, flocks and Pan",0.0
comedy,lower limit,1530–1539,1,insufficient (< 5),23,"Husbands, wives and jealousy",0.0
comedy,lower limit,1530–1539,1,insufficient (< 5),24,"Apollo, Phoebus and the Muses",0.0
comedy,lower limit,1530–1539,1,insufficient (< 5),25,"Kings, power and law: political sententiae",0.0
comedy,lower limit,1530–1539,1,insufficient (< 5),26,"Devils, hell and fiends",0.0
comedy,lower limit,1530–1539,1,insufficient (< 5),27,"Uncles, nephews and cousins: kinship and patronage",0.0
comedy,lower limit,1530–1539,1,insufficient (< 5),28,"Marriage-making: weddings, brides and matches",0.0
comedy,lower limit,1530–1539,1,insufficient (< 5),30,"Constables, justices and the watch",0.0
comedy,lower limit,1530–1539,1,insufficient (< 5),31,"Popes, cardinals and the crown",0.0
comedy,lower limit,1530–1539,1,insufficient (< 5),32,Rings and jewels as tokens,0.0
comedy,lower limit,1530–1539,1,insufficient (< 5),33,"Fathers, daughters and marriage negotiations",0.0
comedy,lower limit,1530–1539,1,insufficient (< 5),34,"Thebes and royal catastrophe: siege, slaughter and funeral rites",0.0
comedy,lower limit,1530–1539,1,insufficient (< 5),35,"Fools, wit and railing",0.0
comedy,lower limit,1530–1539,1,insufficient (< 5),36,"Hell, Furies and the language of punishment",0.0
comedy,lower limit,1530–1539,1,insufficient (< 5),37,"Riches, poverty and covetousness",0.0
comedy,lower limit,1530–1539,1,insufficient (< 5),38,"Death, parting and grief at court",0.0
comedy,lower limit,1530–1539,1,insufficient (< 5),39,"Profit, conscience and dishonest dealing",0.0
comedy,lower limit,1530–1539,1,insufficient (< 5),40,"Sin, guilt and violent loss within families",0.0
comedy,lower limit,1530–1539,1,insufficient (< 5),43,York and Lancaster: dynastic claims and conflict,0.0
comedy,lower limit,1530–1539,1,insufficient (< 5),44,"Drinking: wine, ale and taverns",0.0
comedy,lower limit,1530–1539,1,insufficient (< 5),45,"Widows, wooing and remarriage",0.0
comedy,lower limit,1530–1539,1,insufficient (< 5),46,"Swords, quarrels and valour",0.0
comedy,lower limit,1530–1539,1,insufficient (< 5),47,"Knaves, thieves and bawds",0.0
comedy,lower limit,1530–1539,1,insufficient (< 5),49,"Wooing a mistress: suitors, go-betweens and letters",0.0
comedy,lower limit,1530–1539,1,insufficient (< 5),50,"Fleets, armies and generals: war by sea and land",0.0
comedy,lower limit,1530–1539,1,insufficient (< 5),51,"Parents and children: blessing, birthright and inheritance",0.0
comedy,lower limit,1530–1539,1,insufficient (< 5),52,"Prodigals, portions and poor kin",0.0
comedy,lower limit,1530–1539,1,insufficient (< 5),54,"Antony and Cleopatra: love, death and mourning",0.0
comedy,lower limit,1530–1539,1,insufficient (< 5),55,"Fairies, fairy queens and enchanted desire",0.0
comedy,lower limit,1530–1539,1,insufficient (< 5),56,"Magic, spells and conjuring",0.0
comedy,lower limit,1530–1539,1,insufficient (< 5),59,"Spanish courts: war, honour and courtship",0.0
comedy,lower limit,1530–1539,1,insufficient (< 5),60,"Imperial Rome: rulers, favour and political exemplars",0.0
comedy,lower limit,1530–1539,1,insufficient (< 5),62,"The courtier as a type: fashion, affectation and foreign manners",0.0
comedy,lower limit,1550–1559,2,insufficient (< 5),0,"Court life: dukes, favour and honour",0.0
comedy,lower limit,1550–1559,2,insufficient (< 5),1,"Death, grief and revenge",1.27
comedy,lower limit,1550–1559,2,insufficient (< 5),2,"Roman politics: senate, consuls and civil war",0.0
comedy,lower limit,1550–1559,2,insufficient (< 5),3,"Sickness, physic and doctors",3.422
comedy,lower limit,1550–1559,2,insufficient (< 5),4,Love-longing and the lover's complaint,0.0
comedy,lower limit,1550–1559,2,insufficient (< 5),5,"Christian faith, sin and salvation",0.0
comedy,lower limit,1550–1559,2,insufficient (< 5),6,"Money, debt and credit",0.0
comedy,lower limit,1550–1559,2,insufficient (< 5),7,The Trojan war: conflict and its aftermath,0.0
comedy,lower limit,1550–1559,2,insufficient (< 5),8,"Captains, gallants and cheats",0.0
comedy,lower limit,1550–1559,2,insufficient (< 5),9,"Theatre talk: prologues, poets and players",1.26
comedy,lower limit,1550–1559,2,insufficient (< 5),10,"England and France: war, embassy and peace",0.0
comedy,lower limit,1550–1559,2,insufficient (< 5),11,"Siblings, kin and confidants",0.0
comedy,lower limit,1550–1559,2,insufficient (< 5),12,"Olympian gods: Jupiter, Juno, Venus and Mars",0.0
comedy,lower limit,1550–1559,2,insufficient (< 5),14,"Royal love, favour and dynastic relationships",0.0
comedy,lower limit,1550–1559,2,insufficient (< 5),15,Friars and holy orders in plot,0.0
comedy,lower limit,1550–1559,2,insufficient (< 5),16,"Gallantry: ladies, lordships and compliment",0.0
comedy,lower limit,1550–1559,2,insufficient (< 5),17,"Eastern conquest: Persians, Turks and soldans",0.0
comedy,lower limit,1550–1559,2,insufficient (< 5),18,"Rebels, barons and the king's wars at home",0.0
comedy,lower limit,1550–1559,2,insufficient (< 5),20,"Hercules: labours, suffering and virtue",0.0
comedy,lower limit,1550–1559,2,insufficient (< 5),21,"Cupid, Venus and the nymphs",0.0
comedy,lower limit,1550–1559,2,insufficient (< 5),22,"Shepherds, flocks and Pan",0.0
comedy,lower limit,1550–1559,2,insufficient (< 5),23,"Husbands, wives and jealousy",0.0
comedy,lower limit,1550–1559,2,insufficient (< 5),24,"Apollo, Phoebus and the Muses",0.0
comedy,lower limit,1550–1559,2,insufficient (< 5),25,"Kings, power and law: political sententiae",0.0
comedy,lower limit,1550–1559,2,insufficient (< 5),26,"Devils, hell and fiends",0.0
comedy,lower limit,1550–1559,2,insufficient (< 5),27,"Uncles, nephews and cousins: kinship and patronage",0.0
comedy,lower limit,1550–1559,2,insufficient (< 5),28,"Marriage-making: weddings, brides and matches",2.62
comedy,lower limit,1550–1559,2,insufficient (< 5),30,"Constables, justices and the watch",0.0
comedy,lower limit,1550–1559,2,insufficient (< 5),31,"Popes, cardinals and the crown",0.0
comedy,lower limit,1550–1559,2,insufficient (< 5),32,Rings and jewels as tokens,0.0
comedy,lower limit,1550–1559,2,insufficient (< 5),33,"Fathers, daughters and marriage negotiations",0.0
comedy,lower limit,1550–1559,2,insufficient (< 5),34,"Thebes and royal catastrophe: siege, slaughter and funeral rites",0.0
comedy,lower limit,1550–1559,2,insufficient (< 5),35,"Fools, wit and railing",0.0
comedy,lower limit,1550–1559,2,insufficient (< 5),36,"Hell, Furies and the language of punishment",0.0
comedy,lower limit,1550–1559,2,insufficient (< 5),37,"Riches, poverty and covetousness",0.0
comedy,lower limit,1550–1559,2,insufficient (< 5),38,"Death, parting and grief at court",0.0
comedy,lower limit,1550–1559,2,insufficient (< 5),39,"Profit, conscience and dishonest dealing",0.0
comedy,lower limit,1550–1559,2,insufficient (< 5),40,"Sin, guilt and violent loss within families",0.0
comedy,lower limit,1550–1559,2,insufficient (< 5),43,York and Lancaster: dynastic claims and conflict,0.0
comedy,lower limit,1550–1559,2,insufficient (< 5),44,"Drinking: wine, ale and taverns",0.0
comedy,lower limit,1550–1559,2,insufficient (< 5),45,"Widows, wooing and remarriage",0.0
comedy,lower limit,1550–1559,2,insufficient (< 5),46,"Swords, quarrels and valour",1.263
comedy,lower limit,1550–1559,2,insufficient (< 5),47,"Knaves, thieves and bawds",3.443
comedy,lower limit,1550–1559,2,insufficient (< 5),49,"Wooing a mistress: suitors, go-betweens and letters",0.0
comedy,lower limit,1550–1559,2,insufficient (< 5),50,"Fleets, armies and generals: war by sea and land",0.0
comedy,lower limit,1550–1559,2,insufficient (< 5),51,"Parents and children: blessing, birthright and inheritance",0.0
comedy,lower limit,1550–1559,2,insufficient (< 5),52,"Prodigals, portions and poor kin",0.0
comedy,lower limit,1550–1559,2,insufficient (< 5),54,"Antony and Cleopatra: love, death and mourning",0.0
comedy,lower limit,1550–1559,2,insufficient (< 5),55,"Fairies, fairy queens and enchanted desire",0.0
comedy,lower limit,1550–1559,2,insufficient (< 5),56,"Magic, spells and conjuring",0.0
comedy,lower limit,1550–1559,2,insufficient (< 5),59,"Spanish courts: war, honour and courtship",0.0
comedy,lower limit,1550–1559,2,insufficient (< 5),60,"Imperial Rome: rulers, favour and political exemplars",0.0
comedy,lower limit,1550–1559,2,insufficient (< 5),62,"The courtier as a type: fashion, affectation and foreign manners",0.0
comedy,lower limit,1560–1569,2,insufficient (< 5),0,"Court life: dukes, favour and honour",1.382
comedy,lower limit,1560–1569,2,insufficient (< 5),1,"Death, grief and revenge",6.996
comedy,lower limit,1560–1569,2,insufficient (< 5),2,"Roman politics: senate, consuls and civil war",1.385
comedy,lower limit,1560–1569,2,insufficient (< 5),3,"Sickness, physic and doctors",4.27
comedy,lower limit,1560–1569,2,insufficient (< 5),4,Love-longing and the lover's complaint,0.0
comedy,lower limit,1560–1569,2,insufficient (< 5),5,"Christian faith, sin and salvation",0.0
comedy,lower limit,1560–1569,2,insufficient (< 5),6,"Money, debt and credit",1.344
comedy,lower limit,1560–1569,2,insufficient (< 5),7,The Trojan war: conflict and its aftermath,0.0
comedy,lower limit,1560–1569,2,insufficient (< 5),8,"Captains, gallants and cheats",0.0
comedy,lower limit,1560–1569,2,insufficient (< 5),9,"Theatre talk: prologues, poets and players",1.39
comedy,lower limit,1560–1569,2,insufficient (< 5),10,"England and France: war, embassy and peace",0.0
comedy,lower limit,1560–1569,2,insufficient (< 5),11,"Siblings, kin and confidants",2.626
comedy,lower limit,1560–1569,2,insufficient (< 5),12,"Olympian gods: Jupiter, Juno, Venus and Mars",0.0
comedy,lower limit,1560–1569,2,insufficient (< 5),14,"Royal love, favour and dynastic relationships",0.0
comedy,lower limit,1560–1569,2,insufficient (< 5),15,Friars and holy orders in plot,0.0
comedy,lower limit,1560–1569,2,insufficient (< 5),16,"Gallantry: ladies, lordships and compliment",0.0
comedy,lower limit,1560–1569,2,insufficient (< 5),17,"Eastern conquest: Persians, Turks and soldans",0.0
comedy,lower limit,1560–1569,2,insufficient (< 5),18,"Rebels, barons and the king's wars at home",0.0
comedy,lower limit,1560–1569,2,insufficient (< 5),20,"Hercules: labours, suffering and virtue",0.0
comedy,lower limit,1560–1569,2,insufficient (< 5),21,"Cupid, Venus and the nymphs",0.0
comedy,lower limit,1560–1569,2,insufficient (< 5),22,"Shepherds, flocks and Pan",0.0
comedy,lower limit,1560–1569,2,insufficient (< 5),23,"Husbands, wives and jealousy",0.0
comedy,lower limit,1560–1569,2,insufficient (< 5),24,"Apollo, Phoebus and the Muses",0.0
comedy,lower limit,1560–1569,2,insufficient (< 5),25,"Kings, power and law: political sententiae",0.0
comedy,lower limit,1560–1569,2,insufficient (< 5),26,"Devils, hell and fiends",0.0
comedy,lower limit,1560–1569,2,insufficient (< 5),27,"Uncles, nephews and cousins: kinship and patronage",0.0
comedy,lower limit,1560–1569,2,insufficient (< 5),28,"Marriage-making: weddings, brides and matches",0.0
comedy,lower limit,1560–1569,2,insufficient (< 5),30,"Constables, justices and the watch",0.0
comedy,lower limit,1560–1569,2,insufficient (< 5),31,"Popes, cardinals and the crown",0.0
comedy,lower limit,1560–1569,2,insufficient (< 5),32,Rings and jewels as tokens,0.0
comedy,lower limit,1560–1569,2,insufficient (< 5),33,"Fathers, daughters and marriage negotiations",0.0
comedy,lower limit,1560–1569,2,insufficient (< 5),34,"Thebes and royal catastrophe: siege, slaughter and funeral rites",0.0
comedy,lower limit,1560–1569,2,insufficient (< 5),35,"Fools, wit and railing",0.0
comedy,lower limit,1560–1569,2,insufficient (< 5),36,"Hell, Furies and the language of punishment",0.0
comedy,lower limit,1560–1569,2,insufficient (< 5),37,"Riches, poverty and covetousness",0.0
comedy,lower limit,1560–1569,2,insufficient (< 5),38,"Death, parting and grief at court",0.0
comedy,lower limit,1560–1569,2,insufficient (< 5),39,"Profit, conscience and dishonest dealing",0.0
comedy,lower limit,1560–1569,2,insufficient (< 5),40,"Sin, guilt and violent loss within families",0.0
comedy,lower limit,1560–1569,2,insufficient (< 5),43,York and Lancaster: dynastic claims and conflict,0.0
comedy,lower limit,1560–1569,2,insufficient (< 5),44,"Drinking: wine, ale and taverns",0.0
comedy,lower limit,1560–1569,2,insufficient (< 5),45,"Widows, wooing and remarriage",0.0
comedy,lower limit,1560–1569,2,insufficient (< 5),46,"Swords, quarrels and valour",0.0
comedy,lower limit,1560–1569,2,insufficient (< 5),47,"Knaves, thieves and bawds",0.0
comedy,lower limit,1560–1569,2,insufficient (< 5),49,"Wooing a mistress: suitors, go-betweens and letters",0.0
comedy,lower limit,1560–1569,2,insufficient (< 5),50,"Fleets, armies and generals: war by sea and land",0.0
comedy,lower limit,1560–1569,2,insufficient (< 5),51,"Parents and children: blessing, birthright and inheritance",0.0
comedy,lower limit,1560–1569,2,insufficient (< 5),52,"Prodigals, portions and poor kin",0.0
comedy,lower limit,1560–1569,2,insufficient (< 5),54,"Antony and Cleopatra: love, death and mourning",0.0
comedy,lower limit,1560–1569,2,insufficient (< 5),55,"Fairies, fairy queens and enchanted desire",0.0
comedy,lower limit,1560–1569,2,insufficient (< 5),56,"Magic, spells and conjuring",0.0
comedy,lower limit,1560–1569,2,insufficient (< 5),59,"Spanish courts: war, honour and courtship",0.0
comedy,lower limit,1560–1569,2,insufficient (< 5),60,"Imperial Rome: rulers, favour and political exemplars",0.0
comedy,lower limit,1560–1569,2,insufficient (< 5),62,"The courtier as a type: fashion, affectation and foreign manners",2.652
comedy,lower limit,1570–1579,3,insufficient (< 5),0,"Court life: dukes, favour and honour",1.893
comedy,lower limit,1570–1579,3,insufficient (< 5),1,"Death, grief and revenge",10.35
comedy,lower limit,1570–1579,3,insufficient (< 5),2,"Roman politics: senate, consuls and civil war",0.0
comedy,lower limit,1570–1579,3,insufficient (< 5),3,"Sickness, physic and doctors",1.098
comedy,lower limit,1570–1579,3,insufficient (< 5),4,Love-longing and the lover's complaint,4.725
comedy,lower limit,1570–1579,3,insufficient (< 5),5,"Christian faith, sin and salvation",0.0
comedy,lower limit,1570–1579,3,insufficient (< 5),6,"Money, debt and credit",0.0
comedy,lower limit,1570–1579,3,insufficient (< 5),7,The Trojan war: conflict and its aftermath,0.0
comedy,lower limit,1570–1579,3,insufficient (< 5),8,"Captains, gallants and cheats",1.127
comedy,lower limit,1570–1579,3,insufficient (< 5),9,"Theatre talk: prologues, poets and players",0.0
comedy,lower limit,1570–1579,3,insufficient (< 5),10,"England and France: war, embassy and peace",0.0
comedy,lower limit,1570–1579,3,insufficient (< 5),11,"Siblings, kin and confidants",0.0
comedy,lower limit,1570–1579,3,insufficient (< 5),12,"Olympian gods: Jupiter, Juno, Venus and Mars",0.0
comedy,lower limit,1570–1579,3,insufficient (< 5),14,"Royal love, favour and dynastic relationships",0.0
comedy,lower limit,1570–1579,3,insufficient (< 5),15,Friars and holy orders in plot,0.0
comedy,lower limit,1570–1579,3,insufficient (< 5),16,"Gallantry: ladies, lordships and compliment",0.0
comedy,lower limit,1570–1579,3,insufficient (< 5),17,"Eastern conquest: Persians, Turks and soldans",0.0
comedy,lower limit,1570–1579,3,insufficient (< 5),18,"Rebels, barons and the king's wars at home",0.0
comedy,lower limit,1570–1579,3,insufficient (< 5),20,"Hercules: labours, suffering and virtue",0.0
comedy,lower limit,1570–1579,3,insufficient (< 5),21,"Cupid, Venus and the nymphs",0.0
comedy,lower limit,1570–1579,3,insufficient (< 5),22,"Shepherds, flocks and Pan",0.0
comedy,lower limit,1570–1579,3,insufficient (< 5),23,"Husbands, wives and jealousy",0.0
comedy,lower limit,1570–1579,3,insufficient (< 5),24,"Apollo, Phoebus and the Muses",0.0
comedy,lower limit,1570–1579,3,insufficient (< 5),25,"Kings, power and law: political sententiae",0.0
comedy,lower limit,1570–1579,3,insufficient (< 5),26,"Devils, hell and fiends",1.081
comedy,lower limit,1570–1579,3,insufficient (< 5),27,"Uncles, nephews and cousins: kinship and patronage",0.0
comedy,lower limit,1570–1579,3,insufficient (< 5),28,"Marriage-making: weddings, brides and matches",0.0
comedy,lower limit,1570–1579,3,insufficient (< 5),30,"Constables, justices and the watch",0.0
comedy,lower limit,1570–1579,3,insufficient (< 5),31,"Popes, cardinals and the crown",0.0
comedy,lower limit,1570–1579,3,insufficient (< 5),32,Rings and jewels as tokens,0.0
comedy,lower limit,1570–1579,3,insufficient (< 5),33,"Fathers, daughters and marriage negotiations",0.0
comedy,lower limit,1570–1579,3,insufficient (< 5),34,"Thebes and royal catastrophe: siege, slaughter and funeral rites",0.0
comedy,lower limit,1570–1579,3,insufficient (< 5),35,"Fools, wit and railing",0.0
comedy,lower limit,1570–1579,3,insufficient (< 5),36,"Hell, Furies and the language of punishment",0.0
comedy,lower limit,1570–1579,3,insufficient (< 5),37,"Riches, poverty and covetousness",0.0
comedy,lower limit,1570–1579,3,insufficient (< 5),38,"Death, parting and grief at court",0.0
comedy,lower limit,1570–1579,3,insufficient (< 5),39,"Profit, conscience and dishonest dealing",0.0
comedy,lower limit,1570–1579,3,insufficient (< 5),40,"Sin, guilt and violent loss within families",4.973
comedy,lower limit,1570–1579,3,insufficient (< 5),43,York and Lancaster: dynastic claims and conflict,0.0
comedy,lower limit,1570–1579,3,insufficient (< 5),44,"Drinking: wine, ale and taverns",0.0
comedy,lower limit,1570–1579,3,insufficient (< 5),45,"Widows, wooing and remarriage",0.0
comedy,lower limit,1570–1579,3,insufficient (< 5),46,"Swords, quarrels and valour",0.0
comedy,lower limit,1570–1579,3,insufficient (< 5),47,"Knaves, thieves and bawds",0.0
comedy,lower limit,1570–1579,3,insufficient (< 5),49,"Wooing a mistress: suitors, go-betweens and letters",2.705
comedy,lower limit,1570–1579,3,insufficient (< 5),50,"Fleets, armies and generals: war by sea and land",0.0
comedy,lower limit,1570–1579,3,insufficient (< 5),51,"Parents and children: blessing, birthright and inheritance",0.0
comedy,lower limit,1570–1579,3,insufficient (< 5),52,"Prodigals, portions and poor kin",0.0
comedy,lower limit,1570–1579,3,insufficient (< 5),54,"Antony and Cleopatra: love, death and mourning",0.0
comedy,lower limit,1570–1579,3,insufficient (< 5),55,"Fairies, fairy queens and enchanted desire",0.0
comedy,lower limit,1570–1579,3,insufficient (< 5),56,"Magic, spells and conjuring",2.384
comedy,lower limit,1570–1579,3,insufficient (< 5),59,"Spanish courts: war, honour and courtship",0.0
comedy,lower limit,1570–1579,3,insufficient (< 5),60,"Imperial Rome: rulers, favour and political exemplars",0.0
comedy,lower limit,1570–1579,3,insufficient (< 5),62,"The courtier as a type: fashion, affectation and foreign manners",0.0
comedy,lower limit,1580–1589,13,shown (≥ 10),0,"Court life: dukes, favour and honour",2.373
comedy,lower limit,1580–1589,13,shown (≥ 10),1,"Death, grief and revenge",0.445
comedy,lower limit,1580–1589,13,shown (≥ 10),2,"Roman politics: senate, consuls and civil war",0.0
comedy,lower limit,1580–1589,13,shown (≥ 10),3,"Sickness, physic and doctors",1.365
comedy,lower limit,1580–1589,13,shown (≥ 10),4,Love-longing and the lover's complaint,2.446
comedy,lower limit,1580–1589,13,shown (≥ 10),5,"Christian faith, sin and salvation",0.0
comedy,lower limit,1580–1589,13,shown (≥ 10),6,"Money, debt and credit",1.567
comedy,lower limit,1580–1589,13,shown (≥ 10),7,The Trojan war: conflict and its aftermath,0.3
comedy,lower limit,1580–1589,13,shown (≥ 10),8,"Captains, gallants and cheats",0.0
comedy,lower limit,1580–1589,13,shown (≥ 10),9,"Theatre talk: prologues, poets and players",0.245
comedy,lower limit,1580–1589,13,shown (≥ 10),10,"England and France: war, embassy and peace",0.0
comedy,lower limit,1580–1589,13,shown (≥ 10),11,"Siblings, kin and confidants",0.666
comedy,lower limit,1580–1589,13,shown (≥ 10),12,"Olympian gods: Jupiter, Juno, Venus and Mars",1.192
comedy,lower limit,1580–1589,13,shown (≥ 10),14,"Royal love, favour and dynastic relationships",0.0
comedy,lower limit,1580–1589,13,shown (≥ 10),15,Friars and holy orders in plot,2.667
comedy,lower limit,1580–1589,13,shown (≥ 10),16,"Gallantry: ladies, lordships and compliment",0.199
comedy,lower limit,1580–1589,13,shown (≥ 10),17,"Eastern conquest: Persians, Turks and soldans",0.288
comedy,lower limit,1580–1589,13,shown (≥ 10),18,"Rebels, barons and the king's wars at home",0.0
comedy,lower limit,1580–1589,13,shown (≥ 10),20,"Hercules: labours, suffering and virtue",0.468
comedy,lower limit,1580–1589,13,shown (≥ 10),21,"Cupid, Venus and the nymphs",5.153
comedy,lower limit,1580–1589,13,shown (≥ 10),22,"Shepherds, flocks and Pan",1.346
comedy,lower limit,1580–1589,13,shown (≥ 10),23,"Husbands, wives and jealousy",0.0
comedy,lower limit,1580–1589,13,shown (≥ 10),24,"Apollo, Phoebus and the Muses",2.896
comedy,lower limit,1580–1589,13,shown (≥ 10),25,"Kings, power and law: political sententiae",0.258
comedy,lower limit,1580–1589,13,shown (≥ 10),26,"Devils, hell and fiends",0.505
comedy,lower limit,1580–1589,13,shown (≥ 10),27,"Uncles, nephews and cousins: kinship and patronage",0.0
comedy,lower limit,1580–1589,13,shown (≥ 10),28,"Marriage-making: weddings, brides and matches",2.244
comedy,lower limit,1580–1589,13,shown (≥ 10),30,"Constables, justices and the watch",0.0
comedy,lower limit,1580–1589,13,shown (≥ 10),31,"Popes, cardinals and the crown",0.0
comedy,lower limit,1580–1589,13,shown (≥ 10),32,Rings and jewels as tokens,0.729
comedy,lower limit,1580–1589,13,shown (≥ 10),33,"Fathers, daughters and marriage negotiations",3.482
comedy,lower limit,1580–1589,13,shown (≥ 10),34,"Thebes and royal catastrophe: siege, slaughter and funeral rites",0.622
comedy,lower limit,1580–1589,13,shown (≥ 10),35,"Fools, wit and railing",0.8
comedy,lower limit,1580–1589,13,shown (≥ 10),36,"Hell, Furies and the language of punishment",0.0
comedy,lower limit,1580–1589,13,shown (≥ 10),37,"Riches, poverty and covetousness",0.0
comedy,lower limit,1580–1589,13,shown (≥ 10),38,"Death, parting and grief at court",0.0
comedy,lower limit,1580–1589,13,shown (≥ 10),39,"Profit, conscience and dishonest dealing",0.0
comedy,lower limit,1580–1589,13,shown (≥ 10),40,"Sin, guilt and violent loss within families",0.0
comedy,lower limit,1580–1589,13,shown (≥ 10),43,York and Lancaster: dynastic claims and conflict,0.0
comedy,lower limit,1580–1589,13,shown (≥ 10),44,"Drinking: wine, ale and taverns",0.655
comedy,lower limit,1580–1589,13,shown (≥ 10),45,"Widows, wooing and remarriage",0.0
comedy,lower limit,1580–1589,13,shown (≥ 10),46,"Swords, quarrels and valour",0.0
comedy,lower limit,1580–1589,13,shown (≥ 10),47,"Knaves, thieves and bawds",0.198
comedy,lower limit,1580–1589,13,shown (≥ 10),49,"Wooing a mistress: suitors, go-betweens and letters",0.187
comedy,lower limit,1580–1589,13,shown (≥ 10),50,"Fleets, armies and generals: war by sea and land",0.0
comedy,lower limit,1580–1589,13,shown (≥ 10),51,"Parents and children: blessing, birthright and inheritance",0.456
comedy,lower limit,1580–1589,13,shown (≥ 10),52,"Prodigals, portions and poor kin",0.0
comedy,lower limit,1580–1589,13,shown (≥ 10),54,"Antony and Cleopatra: love, death and mourning",0.0
comedy,lower limit,1580–1589,13,shown (≥ 10),55,"Fairies, fairy queens and enchanted desire",0.0
comedy,lower limit,1580–1589,13,shown (≥ 10),56,"Magic, spells and conjuring",0.463
comedy,lower limit,1580–1589,13,shown (≥ 10),59,"Spanish courts: war, honour and courtship",0.0
comedy,lower limit,1580–1589,13,shown (≥ 10),60,"Imperial Rome: rulers, favour and political exemplars",0.0
comedy,lower limit,1580–1589,13,shown (≥ 10),62,"The courtier as a type: fashion, affectation and foreign manners",0.0
comedy,lower limit,1590–1599,18,shown (≥ 10),0,"Court life: dukes, favour and honour",3.108
comedy,lower limit,1590–1599,18,shown (≥ 10),1,"Death, grief and revenge",1.94
comedy,lower limit,1590–1599,18,shown (≥ 10),2,"Roman politics: senate, consuls and civil war",0.151
comedy,lower limit,1590–1599,18,shown (≥ 10),3,"Sickness, physic and doctors",1.113
comedy,lower limit,1590–1599,18,shown (≥ 10),4,Love-longing and the lover's complaint,3.571
comedy,lower limit,1590–1599,18,shown (≥ 10),5,"Christian faith, sin and salvation",0.227
comedy,lower limit,1590–1599,18,shown (≥ 10),6,"Money, debt and credit",1.447
comedy,lower limit,1590–1599,18,shown (≥ 10),7,The Trojan war: conflict and its aftermath,0.286
comedy,lower limit,1590–1599,18,shown (≥ 10),8,"Captains, gallants and cheats",0.0
comedy,lower limit,1590–1599,18,shown (≥ 10),9,"Theatre talk: prologues, poets and players",1.414
comedy,lower limit,1590–1599,18,shown (≥ 10),10,"England and France: war, embassy and peace",0.146
comedy,lower limit,1590–1599,18,shown (≥ 10),11,"Siblings, kin and confidants",0.57
comedy,lower limit,1590–1599,18,shown (≥ 10),12,"Olympian gods: Jupiter, Juno, Venus and Mars",0.0
comedy,lower limit,1590–1599,18,shown (≥ 10),14,"Royal love, favour and dynastic relationships",0.611
comedy,lower limit,1590–1599,18,shown (≥ 10),15,Friars and holy orders in plot,0.53
comedy,lower limit,1590–1599,18,shown (≥ 10),16,"Gallantry: ladies, lordships and compliment",0.687
comedy,lower limit,1590–1599,18,shown (≥ 10),17,"Eastern conquest: Persians, Turks and soldans",0.0
comedy,lower limit,1590–1599,18,shown (≥ 10),18,"Rebels, barons and the king's wars at home",0.222
comedy,lower limit,1590–1599,18,shown (≥ 10),20,"Hercules: labours, suffering and virtue",0.0
comedy,lower limit,1590–1599,18,shown (≥ 10),21,"Cupid, Venus and the nymphs",0.464
comedy,lower limit,1590–1599,18,shown (≥ 10),22,"Shepherds, flocks and Pan",0.894
comedy,lower limit,1590–1599,18,shown (≥ 10),23,"Husbands, wives and jealousy",0.56
comedy,lower limit,1590–1599,18,shown (≥ 10),24,"Apollo, Phoebus and the Muses",0.0
comedy,lower limit,1590–1599,18,shown (≥ 10),25,"Kings, power and law: political sententiae",0.0
comedy,lower limit,1590–1599,18,shown (≥ 10),26,"Devils, hell and fiends",0.0
comedy,lower limit,1590–1599,18,shown (≥ 10),27,"Uncles, nephews and cousins: kinship and patronage",0.279
comedy,lower limit,1590–1599,18,shown (≥ 10),28,"Marriage-making: weddings, brides and matches",0.754
comedy,lower limit,1590–1599,18,shown (≥ 10),30,"Constables, justices and the watch",0.363
comedy,lower limit,1590–1599,18,shown (≥ 10),31,"Popes, cardinals and the crown",0.0
comedy,lower limit,1590–1599,18,shown (≥ 10),32,Rings and jewels as tokens,0.538
comedy,lower limit,1590–1599,18,shown (≥ 10),33,"Fathers, daughters and marriage negotiations",0.857
comedy,lower limit,1590–1599,18,shown (≥ 10),34,"Thebes and royal catastrophe: siege, slaughter and funeral rites",0.0
comedy,lower limit,1590–1599,18,shown (≥ 10),35,"Fools, wit and railing",1.136
comedy,lower limit,1590–1599,18,shown (≥ 10),36,"Hell, Furies and the language of punishment",0.0
comedy,lower limit,1590–1599,18,shown (≥ 10),37,"Riches, poverty and covetousness",0.559
comedy,lower limit,1590–1599,18,shown (≥ 10),38,"Death, parting and grief at court",0.163
comedy,lower limit,1590–1599,18,shown (≥ 10),39,"Profit, conscience and dishonest dealing",0.0
comedy,lower limit,1590–1599,18,shown (≥ 10),40,"Sin, guilt and violent loss within families",0.345
comedy,lower limit,1590–1599,18,shown (≥ 10),43,York and Lancaster: dynastic claims and conflict,0.0
comedy,lower limit,1590–1599,18,shown (≥ 10),44,"Drinking: wine, ale and taverns",0.955
comedy,lower limit,1590–1599,18,shown (≥ 10),45,"Widows, wooing and remarriage",0.0
comedy,lower limit,1590–1599,18,shown (≥ 10),46,"Swords, quarrels and valour",0.784
comedy,lower limit,1590–1599,18,shown (≥ 10),47,"Knaves, thieves and bawds",0.0
comedy,lower limit,1590–1599,18,shown (≥ 10),49,"Wooing a mistress: suitors, go-betweens and letters",0.693
comedy,lower limit,1590–1599,18,shown (≥ 10),50,"Fleets, armies and generals: war by sea and land",0.201
comedy,lower limit,1590–1599,18,shown (≥ 10),51,"Parents and children: blessing, birthright and inheritance",0.441
comedy,lower limit,1590–1599,18,shown (≥ 10),52,"Prodigals, portions and poor kin",0.37
comedy,lower limit,1590–1599,18,shown (≥ 10),54,"Antony and Cleopatra: love, death and mourning",0.131
comedy,lower limit,1590–1599,18,shown (≥ 10),55,"Fairies, fairy queens and enchanted desire",0.94
comedy,lower limit,1590–1599,18,shown (≥ 10),56,"Magic, spells and conjuring",0.0
comedy,lower limit,1590–1599,18,shown (≥ 10),59,"Spanish courts: war, honour and courtship",0.0
comedy,lower limit,1590–1599,18,shown (≥ 10),60,"Imperial Rome: rulers, favour and political exemplars",0.0
comedy,lower limit,1590–1599,18,shown (≥ 10),62,"The courtier as a type: fashion, affectation and foreign manners",0.0
comedy,lower limit,1600–1609,45,shown (≥ 10),0,"Court life: dukes, favour and honour",3.415
comedy,lower limit,1600–1609,45,shown (≥ 10),1,"Death, grief and revenge",1.494
comedy,lower limit,1600–1609,45,shown (≥ 10),2,"Roman politics: senate, consuls and civil war",0.399
comedy,lower limit,1600–1609,45,shown (≥ 10),3,"Sickness, physic and doctors",2.387
comedy,lower limit,1600–1609,45,shown (≥ 10),4,Love-longing and the lover's complaint,2.412
comedy,lower limit,1600–1609,45,shown (≥ 10),5,"Christian faith, sin and salvation",0.0
comedy,lower limit,1600–1609,45,shown (≥ 10),6,"Money, debt and credit",2.18
comedy,lower limit,1600–1609,45,shown (≥ 10),7,The Trojan war: conflict and its aftermath,0.095
comedy,lower limit,1600–1609,45,shown (≥ 10),8,"Captains, gallants and cheats",3.729
comedy,lower limit,1600–1609,45,shown (≥ 10),9,"Theatre talk: prologues, poets and players",1.766
comedy,lower limit,1600–1609,45,shown (≥ 10),10,"England and France: war, embassy and peace",0.0
comedy,lower limit,1600–1609,45,shown (≥ 10),11,"Siblings, kin and confidants",0.902
comedy,lower limit,1600–1609,45,shown (≥ 10),12,"Olympian gods: Jupiter, Juno, Venus and Mars",0.222
comedy,lower limit,1600–1609,45,shown (≥ 10),14,"Royal love, favour and dynastic relationships",0.3
comedy,lower limit,1600–1609,45,shown (≥ 10),15,Friars and holy orders in plot,0.472
comedy,lower limit,1600–1609,45,shown (≥ 10),16,"Gallantry: ladies, lordships and compliment",1.633
comedy,lower limit,1600–1609,45,shown (≥ 10),17,"Eastern conquest: Persians, Turks and soldans",0.0
comedy,lower limit,1600–1609,45,shown (≥ 10),18,"Rebels, barons and the king's wars at home",0.0
comedy,lower limit,1600–1609,45,shown (≥ 10),20,"Hercules: labours, suffering and virtue",0.0
comedy,lower limit,1600–1609,45,shown (≥ 10),21,"Cupid, Venus and the nymphs",0.451
comedy,lower limit,1600–1609,45,shown (≥ 10),22,"Shepherds, flocks and Pan",0.448
comedy,lower limit,1600–1609,45,shown (≥ 10),23,"Husbands, wives and jealousy",1.539
comedy,lower limit,1600–1609,45,shown (≥ 10),24,"Apollo, Phoebus and the Muses",0.73
comedy,lower limit,1600–1609,45,shown (≥ 10),25,"Kings, power and law: political sententiae",0.0
comedy,lower limit,1600–1609,45,shown (≥ 10),26,"Devils, hell and fiends",0.545
comedy,lower limit,1600–1609,45,shown (≥ 10),27,"Uncles, nephews and cousins: kinship and patronage",1.635
comedy,lower limit,1600–1609,45,shown (≥ 10),28,"Marriage-making: weddings, brides and matches",0.801
comedy,lower limit,1600–1609,45,shown (≥ 10),30,"Constables, justices and the watch",0.237
comedy,lower limit,1600–1609,45,shown (≥ 10),31,"Popes, cardinals and the crown",0.0
comedy,lower limit,1600–1609,45,shown (≥ 10),32,Rings and jewels as tokens,0.36
comedy,lower limit,1600–1609,45,shown (≥ 10),33,"Fathers, daughters and marriage negotiations",0.865
comedy,lower limit,1600–1609,45,shown (≥ 10),34,"Thebes and royal catastrophe: siege, slaughter and funeral rites",0.0
comedy,lower limit,1600–1609,45,shown (≥ 10),35,"Fools, wit and railing",0.532
comedy,lower limit,1600–1609,45,shown (≥ 10),36,"Hell, Furies and the language of punishment",0.0
comedy,lower limit,1600–1609,45,shown (≥ 10),37,"Riches, poverty and covetousness",0.044
comedy,lower limit,1600–1609,45,shown (≥ 10),38,"Death, parting and grief at court",0.0
comedy,lower limit,1600–1609,45,shown (≥ 10),39,"Profit, conscience and dishonest dealing",0.249
comedy,lower limit,1600–1609,45,shown (≥ 10),40,"Sin, guilt and violent loss within families",0.168
comedy,lower limit,1600–1609,45,shown (≥ 10),43,York and Lancaster: dynastic claims and conflict,0.0
comedy,lower limit,1600–1609,45,shown (≥ 10),44,"Drinking: wine, ale and taverns",0.411
comedy,lower limit,1600–1609,45,shown (≥ 10),45,"Widows, wooing and remarriage",1.463
comedy,lower limit,1600–1609,45,shown (≥ 10),46,"Swords, quarrels and valour",0.151
comedy,lower limit,1600–1609,45,shown (≥ 10),47,"Knaves, thieves and bawds",0.509
comedy,lower limit,1600–1609,45,shown (≥ 10),49,"Wooing a mistress: suitors, go-betweens and letters",0.387
comedy,lower limit,1600–1609,45,shown (≥ 10),50,"Fleets, armies and generals: war by sea and land",0.0
comedy,lower limit,1600–1609,45,shown (≥ 10),51,"Parents and children: blessing, birthright and inheritance",0.189
comedy,lower limit,1600–1609,45,shown (≥ 10),52,"Prodigals, portions and poor kin",0.526
comedy,lower limit,1600–1609,45,shown (≥ 10),54,"Antony and Cleopatra: love, death and mourning",0.0
comedy,lower limit,1600–1609,45,shown (≥ 10),55,"Fairies, fairy queens and enchanted desire",0.0
comedy,lower limit,1600–1609,45,shown (≥ 10),56,"Magic, spells and conjuring",0.054
comedy,lower limit,1600–1609,45,shown (≥ 10),59,"Spanish courts: war, honour and courtship",0.0
comedy,lower limit,1600–1609,45,shown (≥ 10),60,"Imperial Rome: rulers, favour and political exemplars",0.0
comedy,lower limit,1600–1609,45,shown (≥ 10),62,"The courtier as a type: fashion, affectation and foreign manners",0.27
comedy,lower limit,1610–1619,22,shown (≥ 10),0,"Court life: dukes, favour and honour",2.811
comedy,lower limit,1610–1619,22,shown (≥ 10),1,"Death, grief and revenge",0.871
comedy,lower limit,1610–1619,22,shown (≥ 10),2,"Roman politics: senate, consuls and civil war",0.206
comedy,lower limit,1610–1619,22,shown (≥ 10),3,"Sickness, physic and doctors",3.562
comedy,lower limit,1610–1619,22,shown (≥ 10),4,Love-longing and the lover's complaint,0.451
comedy,lower limit,1610–1619,22,shown (≥ 10),5,"Christian faith, sin and salvation",0.585
comedy,lower limit,1610–1619,22,shown (≥ 10),6,"Money, debt and credit",3.378
comedy,lower limit,1610–1619,22,shown (≥ 10),7,The Trojan war: conflict and its aftermath,0.0
comedy,lower limit,1610–1619,22,shown (≥ 10),8,"Captains, gallants and cheats",0.566
comedy,lower limit,1610–1619,22,shown (≥ 10),9,"Theatre talk: prologues, poets and players",0.886
comedy,lower limit,1610–1619,22,shown (≥ 10),10,"England and France: war, embassy and peace",0.0
comedy,lower limit,1610–1619,22,shown (≥ 10),11,"Siblings, kin and confidants",2.404
comedy,lower limit,1610–1619,22,shown (≥ 10),12,"Olympian gods: Jupiter, Juno, Venus and Mars",0.132
comedy,lower limit,1610–1619,22,shown (≥ 10),14,"Royal love, favour and dynastic relationships",0.0
comedy,lower limit,1610–1619,22,shown (≥ 10),15,Friars and holy orders in plot,0.886
comedy,lower limit,1610–1619,22,shown (≥ 10),16,"Gallantry: ladies, lordships and compliment",0.751
comedy,lower limit,1610–1619,22,shown (≥ 10),17,"Eastern conquest: Persians, Turks and soldans",0.174
comedy,lower limit,1610–1619,22,shown (≥ 10),18,"Rebels, barons and the king's wars at home",0.0
comedy,lower limit,1610–1619,22,shown (≥ 10),20,"Hercules: labours, suffering and virtue",0.148
comedy,lower limit,1610–1619,22,shown (≥ 10),21,"Cupid, Venus and the nymphs",0.46
comedy,lower limit,1610–1619,22,shown (≥ 10),22,"Shepherds, flocks and Pan",0.0
comedy,lower limit,1610–1619,22,shown (≥ 10),23,"Husbands, wives and jealousy",0.373
comedy,lower limit,1610–1619,22,shown (≥ 10),24,"Apollo, Phoebus and the Muses",0.247
comedy,lower limit,1610–1619,22,shown (≥ 10),25,"Kings, power and law: political sententiae",0.104
comedy,lower limit,1610–1619,22,shown (≥ 10),26,"Devils, hell and fiends",2.374
comedy,lower limit,1610–1619,22,shown (≥ 10),27,"Uncles, nephews and cousins: kinship and patronage",0.699
comedy,lower limit,1610–1619,22,shown (≥ 10),28,"Marriage-making: weddings, brides and matches",1.363
comedy,lower limit,1610–1619,22,shown (≥ 10),30,"Constables, justices and the watch",0.352
comedy,lower limit,1610–1619,22,shown (≥ 10),31,"Popes, cardinals and the crown",0.0
comedy,lower limit,1610–1619,22,shown (≥ 10),32,Rings and jewels as tokens,1.499
comedy,lower limit,1610–1619,22,shown (≥ 10),33,"Fathers, daughters and marriage negotiations",0.601
comedy,lower limit,1610–1619,22,shown (≥ 10),34,"Thebes and royal catastrophe: siege, slaughter and funeral rites",0.0
comedy,lower limit,1610–1619,22,shown (≥ 10),35,"Fools, wit and railing",0.827
comedy,lower limit,1610–1619,22,shown (≥ 10),36,"Hell, Furies and the language of punishment",0.0
comedy,lower limit,1610–1619,22,shown (≥ 10),37,"Riches, poverty and covetousness",0.0
comedy,lower limit,1610–1619,22,shown (≥ 10),38,"Death, parting and grief at court",0.0
comedy,lower limit,1610–1619,22,shown (≥ 10),39,"Profit, conscience and dishonest dealing",0.0
comedy,lower limit,1610–1619,22,shown (≥ 10),40,"Sin, guilt and violent loss within families",0.113
comedy,lower limit,1610–1619,22,shown (≥ 10),43,York and Lancaster: dynastic claims and conflict,0.0
comedy,lower limit,1610–1619,22,shown (≥ 10),44,"Drinking: wine, ale and taverns",1.105
comedy,lower limit,1610–1619,22,shown (≥ 10),45,"Widows, wooing and remarriage",1.225
comedy,lower limit,1610–1619,22,shown (≥ 10),46,"Swords, quarrels and valour",0.434
comedy,lower limit,1610–1619,22,shown (≥ 10),47,"Knaves, thieves and bawds",0.81
comedy,lower limit,1610–1619,22,shown (≥ 10),49,"Wooing a mistress: suitors, go-betweens and letters",0.584
comedy,lower limit,1610–1619,22,shown (≥ 10),50,"Fleets, armies and generals: war by sea and land",0.447
comedy,lower limit,1610–1619,22,shown (≥ 10),51,"Parents and children: blessing, birthright and inheritance",0.141
comedy,lower limit,1610–1619,22,shown (≥ 10),52,"Prodigals, portions and poor kin",1.157
comedy,lower limit,1610–1619,22,shown (≥ 10),54,"Antony and Cleopatra: love, death and mourning",0.0
comedy,lower limit,1610–1619,22,shown (≥ 10),55,"Fairies, fairy queens and enchanted desire",0.0
comedy,lower limit,1610–1619,22,shown (≥ 10),56,"Magic, spells and conjuring",0.368
comedy,lower limit,1610–1619,22,shown (≥ 10),59,"Spanish courts: war, honour and courtship",0.0
comedy,lower limit,1610–1619,22,shown (≥ 10),60,"Imperial Rome: rulers, favour and political exemplars",0.0
comedy,lower limit,1610–1619,22,shown (≥ 10),62,"The courtier as a type: fashion, affectation and foreign manners",0.406
comedy,lower limit,1620–1629,18,shown (≥ 10),0,"Court life: dukes, favour and honour",8.037
comedy,lower limit,1620–1629,18,shown (≥ 10),1,"Death, grief and revenge",3.142
comedy,lower limit,1620–1629,18,shown (≥ 10),2,"Roman politics: senate, consuls and civil war",0.0
comedy,lower limit,1620–1629,18,shown (≥ 10),3,"Sickness, physic and doctors",2.916
comedy,lower limit,1620–1629,18,shown (≥ 10),4,Love-longing and the lover's complaint,0.981
comedy,lower limit,1620–1629,18,shown (≥ 10),5,"Christian faith, sin and salvation",0.293
comedy,lower limit,1620–1629,18,shown (≥ 10),6,"Money, debt and credit",2.379
comedy,lower limit,1620–1629,18,shown (≥ 10),7,The Trojan war: conflict and its aftermath,0.0
comedy,lower limit,1620–1629,18,shown (≥ 10),8,"Captains, gallants and cheats",1.213
comedy,lower limit,1620–1629,18,shown (≥ 10),9,"Theatre talk: prologues, poets and players",0.588
comedy,lower limit,1620–1629,18,shown (≥ 10),10,"England and France: war, embassy and peace",0.0
comedy,lower limit,1620–1629,18,shown (≥ 10),11,"Siblings, kin and confidants",0.247
comedy,lower limit,1620–1629,18,shown (≥ 10),12,"Olympian gods: Jupiter, Juno, Venus and Mars",0.0
comedy,lower limit,1620–1629,18,shown (≥ 10),14,"Royal love, favour and dynastic relationships",0.314
comedy,lower limit,1620–1629,18,shown (≥ 10),15,Friars and holy orders in plot,1.112
comedy,lower limit,1620–1629,18,shown (≥ 10),16,"Gallantry: ladies, lordships and compliment",0.97
comedy,lower limit,1620–1629,18,shown (≥ 10),17,"Eastern conquest: Persians, Turks and soldans",0.202
comedy,lower limit,1620–1629,18,shown (≥ 10),18,"Rebels, barons and the king's wars at home",0.0
comedy,lower limit,1620–1629,18,shown (≥ 10),20,"Hercules: labours, suffering and virtue",0.0
comedy,lower limit,1620–1629,18,shown (≥ 10),21,"Cupid, Venus and the nymphs",0.514
comedy,lower limit,1620–1629,18,shown (≥ 10),22,"Shepherds, flocks and Pan",0.752
comedy,lower limit,1620–1629,18,shown (≥ 10),23,"Husbands, wives and jealousy",0.75
comedy,lower limit,1620–1629,18,shown (≥ 10),24,"Apollo, Phoebus and the Muses",3.513
comedy,lower limit,1620–1629,18,shown (≥ 10),25,"Kings, power and law: political sententiae",0.0
comedy,lower limit,1620–1629,18,shown (≥ 10),26,"Devils, hell and fiends",1.804
comedy,lower limit,1620–1629,18,shown (≥ 10),27,"Uncles, nephews and cousins: kinship and patronage",0.912
comedy,lower limit,1620–1629,18,shown (≥ 10),28,"Marriage-making: weddings, brides and matches",1.173
comedy,lower limit,1620–1629,18,shown (≥ 10),30,"Constables, justices and the watch",0.418
comedy,lower limit,1620–1629,18,shown (≥ 10),31,"Popes, cardinals and the crown",0.111
comedy,lower limit,1620–1629,18,shown (≥ 10),32,Rings and jewels as tokens,0.424
comedy,lower limit,1620–1629,18,shown (≥ 10),33,"Fathers, daughters and marriage negotiations",0.53
comedy,lower limit,1620–1629,18,shown (≥ 10),34,"Thebes and royal catastrophe: siege, slaughter and funeral rites",0.0
comedy,lower limit,1620–1629,18,shown (≥ 10),35,"Fools, wit and railing",1.042
comedy,lower limit,1620–1629,18,shown (≥ 10),36,"Hell, Furies and the language of punishment",0.122
comedy,lower limit,1620–1629,18,shown (≥ 10),37,"Riches, poverty and covetousness",0.0
comedy,lower limit,1620–1629,18,shown (≥ 10),38,"Death, parting and grief at court",0.0
comedy,lower limit,1620–1629,18,shown (≥ 10),39,"Profit, conscience and dishonest dealing",0.0
comedy,lower limit,1620–1629,18,shown (≥ 10),40,"Sin, guilt and violent loss within families",0.0
comedy,lower limit,1620–1629,18,shown (≥ 10),43,York and Lancaster: dynastic claims and conflict,0.0
comedy,lower limit,1620–1629,18,shown (≥ 10),44,"Drinking: wine, ale and taverns",0.623
comedy,lower limit,1620–1629,18,shown (≥ 10),45,"Widows, wooing and remarriage",1.2
comedy,lower limit,1620–1629,18,shown (≥ 10),46,"Swords, quarrels and valour",0.128
comedy,lower limit,1620–1629,18,shown (≥ 10),47,"Knaves, thieves and bawds",0.405
comedy,lower limit,1620–1629,18,shown (≥ 10),49,"Wooing a mistress: suitors, go-betweens and letters",0.599
comedy,lower limit,1620–1629,18,shown (≥ 10),50,"Fleets, armies and generals: war by sea and land",0.0
comedy,lower limit,1620–1629,18,shown (≥ 10),51,"Parents and children: blessing, birthright and inheritance",0.0
comedy,lower limit,1620–1629,18,shown (≥ 10),52,"Prodigals, portions and poor kin",0.113
comedy,lower limit,1620–1629,18,shown (≥ 10),54,"Antony and Cleopatra: love, death and mourning",0.0
comedy,lower limit,1620–1629,18,shown (≥ 10),55,"Fairies, fairy queens and enchanted desire",0.0
comedy,lower limit,1620–1629,18,shown (≥ 10),56,"Magic, spells and conjuring",0.0
comedy,lower limit,1620–1629,18,shown (≥ 10),59,"Spanish courts: war, honour and courtship",0.304
comedy,lower limit,1620–1629,18,shown (≥ 10),60,"Imperial Rome: rulers, favour and political exemplars",0.0
comedy,lower limit,1620–1629,18,shown (≥ 10),62,"The courtier as a type: fashion, affectation and foreign manners",0.235
comedy,lower limit,1630–1639,26,shown (≥ 10),0,"Court life: dukes, favour and honour",9.753
comedy,lower limit,1630–1639,26,shown (≥ 10),1,"Death, grief and revenge",1.284
comedy,lower limit,1630–1639,26,shown (≥ 10),2,"Roman politics: senate, consuls and civil war",0.0
comedy,lower limit,1630–1639,26,shown (≥ 10),3,"Sickness, physic and doctors",2.917
comedy,lower limit,1630–1639,26,shown (≥ 10),4,Love-longing and the lover's complaint,0.921
comedy,lower limit,1630–1639,26,shown (≥ 10),5,"Christian faith, sin and salvation",0.122
comedy,lower limit,1630–1639,26,shown (≥ 10),6,"Money, debt and credit",0.348
comedy,lower limit,1630–1639,26,shown (≥ 10),7,The Trojan war: conflict and its aftermath,0.0
comedy,lower limit,1630–1639,26,shown (≥ 10),8,"Captains, gallants and cheats",2.105
comedy,lower limit,1630–1639,26,shown (≥ 10),9,"Theatre talk: prologues, poets and players",1.976
comedy,lower limit,1630–1639,26,shown (≥ 10),10,"England and France: war, embassy and peace",0.0
comedy,lower limit,1630–1639,26,shown (≥ 10),11,"Siblings, kin and confidants",2.336
comedy,lower limit,1630–1639,26,shown (≥ 10),12,"Olympian gods: Jupiter, Juno, Venus and Mars",0.0
comedy,lower limit,1630–1639,26,shown (≥ 10),14,"Royal love, favour and dynastic relationships",0.459
comedy,lower limit,1630–1639,26,shown (≥ 10),15,Friars and holy orders in plot,0.0
comedy,lower limit,1630–1639,26,shown (≥ 10),16,"Gallantry: ladies, lordships and compliment",3.276
comedy,lower limit,1630–1639,26,shown (≥ 10),17,"Eastern conquest: Persians, Turks and soldans",0.0
comedy,lower limit,1630–1639,26,shown (≥ 10),18,"Rebels, barons and the king's wars at home",0.0
comedy,lower limit,1630–1639,26,shown (≥ 10),20,"Hercules: labours, suffering and virtue",0.177
comedy,lower limit,1630–1639,26,shown (≥ 10),21,"Cupid, Venus and the nymphs",0.278
comedy,lower limit,1630–1639,26,shown (≥ 10),22,"Shepherds, flocks and Pan",0.06
comedy,lower limit,1630–1639,26,shown (≥ 10),23,"Husbands, wives and jealousy",1.648
comedy,lower limit,1630–1639,26,shown (≥ 10),24,"Apollo, Phoebus and the Muses",0.052
comedy,lower limit,1630–1639,26,shown (≥ 10),25,"Kings, power and law: political sententiae",0.0
comedy,lower limit,1630–1639,26,shown (≥ 10),26,"Devils, hell and fiends",0.365
comedy,lower limit,1630–1639,26,shown (≥ 10),27,"Uncles, nephews and cousins: kinship and patronage",2.874
comedy,lower limit,1630–1639,26,shown (≥ 10),28,"Marriage-making: weddings, brides and matches",0.971
comedy,lower limit,1630–1639,26,shown (≥ 10),30,"Constables, justices and the watch",3.734
comedy,lower limit,1630–1639,26,shown (≥ 10),31,"Popes, cardinals and the crown",0.0
comedy,lower limit,1630–1639,26,shown (≥ 10),32,Rings and jewels as tokens,0.374
comedy,lower limit,1630–1639,26,shown (≥ 10),33,"Fathers, daughters and marriage negotiations",0.652
comedy,lower limit,1630–1639,26,shown (≥ 10),34,"Thebes and royal catastrophe: siege, slaughter and funeral rites",0.0
comedy,lower limit,1630–1639,26,shown (≥ 10),35,"Fools, wit and railing",0.54
comedy,lower limit,1630–1639,26,shown (≥ 10),36,"Hell, Furies and the language of punishment",0.0
comedy,lower limit,1630–1639,26,shown (≥ 10),37,"Riches, poverty and covetousness",0.166
comedy,lower limit,1630–1639,26,shown (≥ 10),38,"Death, parting and grief at court",0.0
comedy,lower limit,1630–1639,26,shown (≥ 10),39,"Profit, conscience and dishonest dealing",0.0
comedy,lower limit,1630–1639,26,shown (≥ 10),40,"Sin, guilt and violent loss within families",0.201
comedy,lower limit,1630–1639,26,shown (≥ 10),43,York and Lancaster: dynastic claims and conflict,0.0
comedy,lower limit,1630–1639,26,shown (≥ 10),44,"Drinking: wine, ale and taverns",0.458
comedy,lower limit,1630–1639,26,shown (≥ 10),45,"Widows, wooing and remarriage",0.246
comedy,lower limit,1630–1639,26,shown (≥ 10),46,"Swords, quarrels and valour",0.773
comedy,lower limit,1630–1639,26,shown (≥ 10),47,"Knaves, thieves and bawds",0.06
comedy,lower limit,1630–1639,26,shown (≥ 10),49,"Wooing a mistress: suitors, go-betweens and letters",0.796
comedy,lower limit,1630–1639,26,shown (≥ 10),50,"Fleets, armies and generals: war by sea and land",0.0
comedy,lower limit,1630–1639,26,shown (≥ 10),51,"Parents and children: blessing, birthright and inheritance",0.28
comedy,lower limit,1630–1639,26,shown (≥ 10),52,"Prodigals, portions and poor kin",0.2
comedy,lower limit,1630–1639,26,shown (≥ 10),54,"Antony and Cleopatra: love, death and mourning",0.119
comedy,lower limit,1630–1639,26,shown (≥ 10),55,"Fairies, fairy queens and enchanted desire",0.081
comedy,lower limit,1630–1639,26,shown (≥ 10),56,"Magic, spells and conjuring",0.0
comedy,lower limit,1630–1639,26,shown (≥ 10),59,"Spanish courts: war, honour and courtship",0.0
comedy,lower limit,1630–1639,26,shown (≥ 10),60,"Imperial Rome: rulers, favour and political exemplars",0.0
comedy,lower limit,1630–1639,26,shown (≥ 10),62,"The courtier as a type: fashion, affectation and foreign manners",0.208
comedy,upper limit,1520–1529,1,insufficient (< 5),0,"Court life: dukes, favour and honour",0.0
comedy,upper limit,1520–1529,1,insufficient (< 5),1,"Death, grief and revenge",0.0
comedy,upper limit,1520–1529,1,insufficient (< 5),2,"Roman politics: senate, consuls and civil war",0.0
comedy,upper limit,1520–1529,1,insufficient (< 5),3,"Sickness, physic and doctors",0.0
comedy,upper limit,1520–1529,1,insufficient (< 5),4,Love-longing and the lover's complaint,4.875
comedy,upper limit,1520–1529,1,insufficient (< 5),5,"Christian faith, sin and salvation",0.0
comedy,upper limit,1520–1529,1,insufficient (< 5),6,"Money, debt and credit",0.0
comedy,upper limit,1520–1529,1,insufficient (< 5),7,The Trojan war: conflict and its aftermath,0.0
comedy,upper limit,1520–1529,1,insufficient (< 5),8,"Captains, gallants and cheats",0.0
comedy,upper limit,1520–1529,1,insufficient (< 5),9,"Theatre talk: prologues, poets and players",0.0
comedy,upper limit,1520–1529,1,insufficient (< 5),10,"England and France: war, embassy and peace",0.0
comedy,upper limit,1520–1529,1,insufficient (< 5),11,"Siblings, kin and confidants",0.0
comedy,upper limit,1520–1529,1,insufficient (< 5),12,"Olympian gods: Jupiter, Juno, Venus and Mars",0.0
comedy,upper limit,1520–1529,1,insufficient (< 5),14,"Royal love, favour and dynastic relationships",0.0
comedy,upper limit,1520–1529,1,insufficient (< 5),15,Friars and holy orders in plot,0.0
comedy,upper limit,1520–1529,1,insufficient (< 5),16,"Gallantry: ladies, lordships and compliment",0.0
comedy,upper limit,1520–1529,1,insufficient (< 5),17,"Eastern conquest: Persians, Turks and soldans",0.0
comedy,upper limit,1520–1529,1,insufficient (< 5),18,"Rebels, barons and the king's wars at home",0.0
comedy,upper limit,1520–1529,1,insufficient (< 5),20,"Hercules: labours, suffering and virtue",0.0
comedy,upper limit,1520–1529,1,insufficient (< 5),21,"Cupid, Venus and the nymphs",0.0
comedy,upper limit,1520–1529,1,insufficient (< 5),22,"Shepherds, flocks and Pan",0.0
comedy,upper limit,1520–1529,1,insufficient (< 5),23,"Husbands, wives and jealousy",0.0
comedy,upper limit,1520–1529,1,insufficient (< 5),24,"Apollo, Phoebus and the Muses",4.685
comedy,upper limit,1520–1529,1,insufficient (< 5),25,"Kings, power and law: political sententiae",0.0
comedy,upper limit,1520–1529,1,insufficient (< 5),26,"Devils, hell and fiends",4.771
comedy,upper limit,1520–1529,1,insufficient (< 5),27,"Uncles, nephews and cousins: kinship and patronage",0.0
comedy,upper limit,1520–1529,1,insufficient (< 5),28,"Marriage-making: weddings, brides and matches",0.0
comedy,upper limit,1520–1529,1,insufficient (< 5),30,"Constables, justices and the watch",0.0
comedy,upper limit,1520–1529,1,insufficient (< 5),31,"Popes, cardinals and the crown",0.0
comedy,upper limit,1520–1529,1,insufficient (< 5),32,Rings and jewels as tokens,0.0
comedy,upper limit,1520–1529,1,insufficient (< 5),33,"Fathers, daughters and marriage negotiations",0.0
comedy,upper limit,1520–1529,1,insufficient (< 5),34,"Thebes and royal catastrophe: siege, slaughter and funeral rites",0.0
comedy,upper limit,1520–1529,1,insufficient (< 5),35,"Fools, wit and railing",0.0
comedy,upper limit,1520–1529,1,insufficient (< 5),36,"Hell, Furies and the language of punishment",0.0
comedy,upper limit,1520–1529,1,insufficient (< 5),37,"Riches, poverty and covetousness",0.0
comedy,upper limit,1520–1529,1,insufficient (< 5),38,"Death, parting and grief at court",0.0
comedy,upper limit,1520–1529,1,insufficient (< 5),39,"Profit, conscience and dishonest dealing",0.0
comedy,upper limit,1520–1529,1,insufficient (< 5),40,"Sin, guilt and violent loss within families",0.0
comedy,upper limit,1520–1529,1,insufficient (< 5),43,York and Lancaster: dynastic claims and conflict,0.0
comedy,upper limit,1520–1529,1,insufficient (< 5),44,"Drinking: wine, ale and taverns",0.0
comedy,upper limit,1520–1529,1,insufficient (< 5),45,"Widows, wooing and remarriage",0.0
comedy,upper limit,1520–1529,1,insufficient (< 5),46,"Swords, quarrels and valour",0.0
comedy,upper limit,1520–1529,1,insufficient (< 5),47,"Knaves, thieves and bawds",0.0
comedy,upper limit,1520–1529,1,insufficient (< 5),49,"Wooing a mistress: suitors, go-betweens and letters",0.0
comedy,upper limit,1520–1529,1,insufficient (< 5),50,"Fleets, armies and generals: war by sea and land",0.0
comedy,upper limit,1520–1529,1,insufficient (< 5),51,"Parents and children: blessing, birthright and inheritance",4.619
comedy,upper limit,1520–1529,1,insufficient (< 5),52,"Prodigals, portions and poor kin",0.0
comedy,upper limit,1520–1529,1,insufficient (< 5),54,"Antony and Cleopatra: love, death and mourning",4.875
comedy,upper limit,1520–1529,1,insufficient (< 5),55,"Fairies, fairy queens and enchanted desire",0.0
comedy,upper limit,1520–1529,1,insufficient (< 5),56,"Magic, spells and conjuring",0.0
comedy,upper limit,1520–1529,1,insufficient (< 5),59,"Spanish courts: war, honour and courtship",0.0
comedy,upper limit,1520–1529,1,insufficient (< 5),60,"Imperial Rome: rulers, favour and political exemplars",0.0
comedy,upper limit,1520–1529,1,insufficient (< 5),62,"The courtier as a type: fashion, affectation and foreign manners",0.0
comedy,upper limit,1530–1539,1,insufficient (< 5),0,"Court life: dukes, favour and honour",0.0
comedy,upper limit,1530–1539,1,insufficient (< 5),1,"Death, grief and revenge",0.0
comedy,upper limit,1530–1539,1,insufficient (< 5),2,"Roman politics: senate, consuls and civil war",0.0
comedy,upper limit,1530–1539,1,insufficient (< 5),3,"Sickness, physic and doctors",0.0
comedy,upper limit,1530–1539,1,insufficient (< 5),4,Love-longing and the lover's complaint,0.0
comedy,upper limit,1530–1539,1,insufficient (< 5),5,"Christian faith, sin and salvation",0.0
comedy,upper limit,1530–1539,1,insufficient (< 5),6,"Money, debt and credit",0.0
comedy,upper limit,1530–1539,1,insufficient (< 5),7,The Trojan war: conflict and its aftermath,22.193
comedy,upper limit,1530–1539,1,insufficient (< 5),8,"Captains, gallants and cheats",0.0
comedy,upper limit,1530–1539,1,insufficient (< 5),9,"Theatre talk: prologues, poets and players",0.0
comedy,upper limit,1530–1539,1,insufficient (< 5),10,"England and France: war, embassy and peace",0.0
comedy,upper limit,1530–1539,1,insufficient (< 5),11,"Siblings, kin and confidants",0.0
comedy,upper limit,1530–1539,1,insufficient (< 5),12,"Olympian gods: Jupiter, Juno, Venus and Mars",0.0
comedy,upper limit,1530–1539,1,insufficient (< 5),14,"Royal love, favour and dynastic relationships",0.0
comedy,upper limit,1530–1539,1,insufficient (< 5),15,Friars and holy orders in plot,0.0
comedy,upper limit,1530–1539,1,insufficient (< 5),16,"Gallantry: ladies, lordships and compliment",0.0
comedy,upper limit,1530–1539,1,insufficient (< 5),17,"Eastern conquest: Persians, Turks and soldans",0.0
comedy,upper limit,1530–1539,1,insufficient (< 5),18,"Rebels, barons and the king's wars at home",0.0
comedy,upper limit,1530–1539,1,insufficient (< 5),20,"Hercules: labours, suffering and virtue",13.991
comedy,upper limit,1530–1539,1,insufficient (< 5),21,"Cupid, Venus and the nymphs",0.0
comedy,upper limit,1530–1539,1,insufficient (< 5),22,"Shepherds, flocks and Pan",0.0
comedy,upper limit,1530–1539,1,insufficient (< 5),23,"Husbands, wives and jealousy",0.0
comedy,upper limit,1530–1539,1,insufficient (< 5),24,"Apollo, Phoebus and the Muses",0.0
comedy,upper limit,1530–1539,1,insufficient (< 5),25,"Kings, power and law: political sententiae",0.0
comedy,upper limit,1530–1539,1,insufficient (< 5),26,"Devils, hell and fiends",0.0
comedy,upper limit,1530–1539,1,insufficient (< 5),27,"Uncles, nephews and cousins: kinship and patronage",0.0
comedy,upper limit,1530–1539,1,insufficient (< 5),28,"Marriage-making: weddings, brides and matches",0.0
comedy,upper limit,1530–1539,1,insufficient (< 5),30,"Constables, justices and the watch",0.0
comedy,upper limit,1530–1539,1,insufficient (< 5),31,"Popes, cardinals and the crown",0.0
comedy,upper limit,1530–1539,1,insufficient (< 5),32,Rings and jewels as tokens,0.0
comedy,upper limit,1530–1539,1,insufficient (< 5),33,"Fathers, daughters and marriage negotiations",0.0
comedy,upper limit,1530–1539,1,insufficient (< 5),34,"Thebes and royal catastrophe: siege, slaughter and funeral rites",0.0
comedy,upper limit,1530–1539,1,insufficient (< 5),35,"Fools, wit and railing",0.0
comedy,upper limit,1530–1539,1,insufficient (< 5),36,"Hell, Furies and the language of punishment",0.0
comedy,upper limit,1530–1539,1,insufficient (< 5),37,"Riches, poverty and covetousness",0.0
comedy,upper limit,1530–1539,1,insufficient (< 5),38,"Death, parting and grief at court",0.0
comedy,upper limit,1530–1539,1,insufficient (< 5),39,"Profit, conscience and dishonest dealing",0.0
comedy,upper limit,1530–1539,1,insufficient (< 5),40,"Sin, guilt and violent loss within families",0.0
comedy,upper limit,1530–1539,1,insufficient (< 5),43,York and Lancaster: dynastic claims and conflict,0.0
comedy,upper limit,1530–1539,1,insufficient (< 5),44,"Drinking: wine, ale and taverns",0.0
comedy,upper limit,1530–1539,1,insufficient (< 5),45,"Widows, wooing and remarriage",0.0
comedy,upper limit,1530–1539,1,insufficient (< 5),46,"Swords, quarrels and valour",0.0
comedy,upper limit,1530–1539,1,insufficient (< 5),47,"Knaves, thieves and bawds",0.0
comedy,upper limit,1530–1539,1,insufficient (< 5),49,"Wooing a mistress: suitors, go-betweens and letters",0.0
comedy,upper limit,1530–1539,1,insufficient (< 5),50,"Fleets, armies and generals: war by sea and land",0.0
comedy,upper limit,1530–1539,1,insufficient (< 5),51,"Parents and children: blessing, birthright and inheritance",0.0
comedy,upper limit,1530–1539,1,insufficient (< 5),52,"Prodigals, portions and poor kin",0.0
comedy,upper limit,1530–1539,1,insufficient (< 5),54,"Antony and Cleopatra: love, death and mourning",0.0
comedy,upper limit,1530–1539,1,insufficient (< 5),55,"Fairies, fairy queens and enchanted desire",0.0
comedy,upper limit,1530–1539,1,insufficient (< 5),56,"Magic, spells and conjuring",0.0
comedy,upper limit,1530–1539,1,insufficient (< 5),59,"Spanish courts: war, honour and courtship",0.0
comedy,upper limit,1530–1539,1,insufficient (< 5),60,"Imperial Rome: rulers, favour and political exemplars",0.0
comedy,upper limit,1530–1539,1,insufficient (< 5),62,"The courtier as a type: fashion, affectation and foreign manners",0.0
comedy,upper limit,1550–1559,2,insufficient (< 5),0,"Court life: dukes, favour and honour",0.0
comedy,upper limit,1550–1559,2,insufficient (< 5),1,"Death, grief and revenge",1.27
comedy,upper limit,1550–1559,2,insufficient (< 5),2,"Roman politics: senate, consuls and civil war",0.0
comedy,upper limit,1550–1559,2,insufficient (< 5),3,"Sickness, physic and doctors",3.422
comedy,upper limit,1550–1559,2,insufficient (< 5),4,Love-longing and the lover's complaint,0.0
comedy,upper limit,1550–1559,2,insufficient (< 5),5,"Christian faith, sin and salvation",0.0
comedy,upper limit,1550–1559,2,insufficient (< 5),6,"Money, debt and credit",0.0
comedy,upper limit,1550–1559,2,insufficient (< 5),7,The Trojan war: conflict and its aftermath,0.0
comedy,upper limit,1550–1559,2,insufficient (< 5),8,"Captains, gallants and cheats",0.0
comedy,upper limit,1550–1559,2,insufficient (< 5),9,"Theatre talk: prologues, poets and players",1.26
comedy,upper limit,1550–1559,2,insufficient (< 5),10,"England and France: war, embassy and peace",0.0
comedy,upper limit,1550–1559,2,insufficient (< 5),11,"Siblings, kin and confidants",0.0
comedy,upper limit,1550–1559,2,insufficient (< 5),12,"Olympian gods: Jupiter, Juno, Venus and Mars",0.0
comedy,upper limit,1550–1559,2,insufficient (< 5),14,"Royal love, favour and dynastic relationships",0.0
comedy,upper limit,1550–1559,2,insufficient (< 5),15,Friars and holy orders in plot,0.0
comedy,upper limit,1550–1559,2,insufficient (< 5),16,"Gallantry: ladies, lordships and compliment",0.0
comedy,upper limit,1550–1559,2,insufficient (< 5),17,"Eastern conquest: Persians, Turks and soldans",0.0
comedy,upper limit,1550–1559,2,insufficient (< 5),18,"Rebels, barons and the king's wars at home",0.0
comedy,upper limit,1550–1559,2,insufficient (< 5),20,"Hercules: labours, suffering and virtue",0.0
comedy,upper limit,1550–1559,2,insufficient (< 5),21,"Cupid, Venus and the nymphs",0.0
comedy,upper limit,1550–1559,2,insufficient (< 5),22,"Shepherds, flocks and Pan",0.0
comedy,upper limit,1550–1559,2,insufficient (< 5),23,"Husbands, wives and jealousy",0.0
comedy,upper limit,1550–1559,2,insufficient (< 5),24,"Apollo, Phoebus and the Muses",0.0
comedy,upper limit,1550–1559,2,insufficient (< 5),25,"Kings, power and law: political sententiae",0.0
comedy,upper limit,1550–1559,2,insufficient (< 5),26,"Devils, hell and fiends",0.0
comedy,upper limit,1550–1559,2,insufficient (< 5),27,"Uncles, nephews and cousins: kinship and patronage",0.0
comedy,upper limit,1550–1559,2,insufficient (< 5),28,"Marriage-making: weddings, brides and matches",2.62
comedy,upper limit,1550–1559,2,insufficient (< 5),30,"Constables, justices and the watch",0.0
comedy,upper limit,1550–1559,2,insufficient (< 5),31,"Popes, cardinals and the crown",0.0
comedy,upper limit,1550–1559,2,insufficient (< 5),32,Rings and jewels as tokens,0.0
comedy,upper limit,1550–1559,2,insufficient (< 5),33,"Fathers, daughters and marriage negotiations",0.0
comedy,upper limit,1550–1559,2,insufficient (< 5),34,"Thebes and royal catastrophe: siege, slaughter and funeral rites",0.0
comedy,upper limit,1550–1559,2,insufficient (< 5),35,"Fools, wit and railing",0.0
comedy,upper limit,1550–1559,2,insufficient (< 5),36,"Hell, Furies and the language of punishment",0.0
comedy,upper limit,1550–1559,2,insufficient (< 5),37,"Riches, poverty and covetousness",0.0
comedy,upper limit,1550–1559,2,insufficient (< 5),38,"Death, parting and grief at court",0.0
comedy,upper limit,1550–1559,2,insufficient (< 5),39,"Profit, conscience and dishonest dealing",0.0
comedy,upper limit,1550–1559,2,insufficient (< 5),40,"Sin, guilt and violent loss within families",0.0
comedy,upper limit,1550–1559,2,insufficient (< 5),43,York and Lancaster: dynastic claims and conflict,0.0
comedy,upper limit,1550–1559,2,insufficient (< 5),44,"Drinking: wine, ale and taverns",0.0
comedy,upper limit,1550–1559,2,insufficient (< 5),45,"Widows, wooing and remarriage",0.0
comedy,upper limit,1550–1559,2,insufficient (< 5),46,"Swords, quarrels and valour",1.263
comedy,upper limit,1550–1559,2,insufficient (< 5),47,"Knaves, thieves and bawds",3.443
comedy,upper limit,1550–1559,2,insufficient (< 5),49,"Wooing a mistress: suitors, go-betweens and letters",0.0
comedy,upper limit,1550–1559,2,insufficient (< 5),50,"Fleets, armies and generals: war by sea and land",0.0
comedy,upper limit,1550–1559,2,insufficient (< 5),51,"Parents and children: blessing, birthright and inheritance",0.0
comedy,upper limit,1550–1559,2,insufficient (< 5),52,"Prodigals, portions and poor kin",0.0
comedy,upper limit,1550–1559,2,insufficient (< 5),54,"Antony and Cleopatra: love, death and mourning",0.0
comedy,upper limit,1550–1559,2,insufficient (< 5),55,"Fairies, fairy queens and enchanted desire",0.0
comedy,upper limit,1550–1559,2,insufficient (< 5),56,"Magic, spells and conjuring",0.0
comedy,upper limit,1550–1559,2,insufficient (< 5),59,"Spanish courts: war, honour and courtship",0.0
comedy,upper limit,1550–1559,2,insufficient (< 5),60,"Imperial Rome: rulers, favour and political exemplars",0.0
comedy,upper limit,1550–1559,2,insufficient (< 5),62,"The courtier as a type: fashion, affectation and foreign manners",0.0
comedy,upper limit,1560–1569,2,insufficient (< 5),0,"Court life: dukes, favour and honour",1.382
comedy,upper limit,1560–1569,2,insufficient (< 5),1,"Death, grief and revenge",6.996
comedy,upper limit,1560–1569,2,insufficient (< 5),2,"Roman politics: senate, consuls and civil war",1.385
comedy,upper limit,1560–1569,2,insufficient (< 5),3,"Sickness, physic and doctors",4.27
comedy,upper limit,1560–1569,2,insufficient (< 5),4,Love-longing and the lover's complaint,0.0
comedy,upper limit,1560–1569,2,insufficient (< 5),5,"Christian faith, sin and salvation",0.0
comedy,upper limit,1560–1569,2,insufficient (< 5),6,"Money, debt and credit",1.344
comedy,upper limit,1560–1569,2,insufficient (< 5),7,The Trojan war: conflict and its aftermath,0.0
comedy,upper limit,1560–1569,2,insufficient (< 5),8,"Captains, gallants and cheats",0.0
comedy,upper limit,1560–1569,2,insufficient (< 5),9,"Theatre talk: prologues, poets and players",1.39
comedy,upper limit,1560–1569,2,insufficient (< 5),10,"England and France: war, embassy and peace",0.0
comedy,upper limit,1560–1569,2,insufficient (< 5),11,"Siblings, kin and confidants",2.626
comedy,upper limit,1560–1569,2,insufficient (< 5),12,"Olympian gods: Jupiter, Juno, Venus and Mars",0.0
comedy,upper limit,1560–1569,2,insufficient (< 5),14,"Royal love, favour and dynastic relationships",0.0
comedy,upper limit,1560–1569,2,insufficient (< 5),15,Friars and holy orders in plot,0.0
comedy,upper limit,1560–1569,2,insufficient (< 5),16,"Gallantry: ladies, lordships and compliment",0.0
comedy,upper limit,1560–1569,2,insufficient (< 5),17,"Eastern conquest: Persians, Turks and soldans",0.0
comedy,upper limit,1560–1569,2,insufficient (< 5),18,"Rebels, barons and the king's wars at home",0.0
comedy,upper limit,1560–1569,2,insufficient (< 5),20,"Hercules: labours, suffering and virtue",0.0
comedy,upper limit,1560–1569,2,insufficient (< 5),21,"Cupid, Venus and the nymphs",0.0
comedy,upper limit,1560–1569,2,insufficient (< 5),22,"Shepherds, flocks and Pan",0.0
comedy,upper limit,1560–1569,2,insufficient (< 5),23,"Husbands, wives and jealousy",0.0
comedy,upper limit,1560–1569,2,insufficient (< 5),24,"Apollo, Phoebus and the Muses",0.0
comedy,upper limit,1560–1569,2,insufficient (< 5),25,"Kings, power and law: political sententiae",0.0
comedy,upper limit,1560–1569,2,insufficient (< 5),26,"Devils, hell and fiends",0.0
comedy,upper limit,1560–1569,2,insufficient (< 5),27,"Uncles, nephews and cousins: kinship and patronage",0.0
comedy,upper limit,1560–1569,2,insufficient (< 5),28,"Marriage-making: weddings, brides and matches",0.0
comedy,upper limit,1560–1569,2,insufficient (< 5),30,"Constables, justices and the watch",0.0
comedy,upper limit,1560–1569,2,insufficient (< 5),31,"Popes, cardinals and the crown",0.0
comedy,upper limit,1560–1569,2,insufficient (< 5),32,Rings and jewels as tokens,0.0
comedy,upper limit,1560–1569,2,insufficient (< 5),33,"Fathers, daughters and marriage negotiations",0.0
comedy,upper limit,1560–1569,2,insufficient (< 5),34,"Thebes and royal catastrophe: siege, slaughter and funeral rites",0.0
comedy,upper limit,1560–1569,2,insufficient (< 5),35,"Fools, wit and railing",0.0
comedy,upper limit,1560–1569,2,insufficient (< 5),36,"Hell, Furies and the language of punishment",0.0
comedy,upper limit,1560–1569,2,insufficient (< 5),37,"Riches, poverty and covetousness",0.0
comedy,upper limit,1560–1569,2,insufficient (< 5),38,"Death, parting and grief at court",0.0
comedy,upper limit,1560–1569,2,insufficient (< 5),39,"Profit, conscience and dishonest dealing",0.0
comedy,upper limit,1560–1569,2,insufficient (< 5),40,"Sin, guilt and violent loss within families",0.0
comedy,upper limit,1560–1569,2,insufficient (< 5),43,York and Lancaster: dynastic claims and conflict,0.0
comedy,upper limit,1560–1569,2,insufficient (< 5),44,"Drinking: wine, ale and taverns",0.0
comedy,upper limit,1560–1569,2,insufficient (< 5),45,"Widows, wooing and remarriage",0.0
comedy,upper limit,1560–1569,2,insufficient (< 5),46,"Swords, quarrels and valour",0.0
comedy,upper limit,1560–1569,2,insufficient (< 5),47,"Knaves, thieves and bawds",0.0
comedy,upper limit,1560–1569,2,insufficient (< 5),49,"Wooing a mistress: suitors, go-betweens and letters",0.0
comedy,upper limit,1560–1569,2,insufficient (< 5),50,"Fleets, armies and generals: war by sea and land",0.0
comedy,upper limit,1560–1569,2,insufficient (< 5),51,"Parents and children: blessing, birthright and inheritance",0.0
comedy,upper limit,1560–1569,2,insufficient (< 5),52,"Prodigals, portions and poor kin",0.0
comedy,upper limit,1560–1569,2,insufficient (< 5),54,"Antony and Cleopatra: love, death and mourning",0.0
comedy,upper limit,1560–1569,2,insufficient (< 5),55,"Fairies, fairy queens and enchanted desire",0.0
comedy,upper limit,1560–1569,2,insufficient (< 5),56,"Magic, spells and conjuring",0.0
comedy,upper limit,1560–1569,2,insufficient (< 5),59,"Spanish courts: war, honour and courtship",0.0
comedy,upper limit,1560–1569,2,insufficient (< 5),60,"Imperial Rome: rulers, favour and political exemplars",0.0
comedy,upper limit,1560–1569,2,insufficient (< 5),62,"The courtier as a type: fashion, affectation and foreign manners",2.652
comedy,upper limit,1570–1579,2,insufficient (< 5),0,"Court life: dukes, favour and honour",2.84
comedy,upper limit,1570–1579,2,insufficient (< 5),1,"Death, grief and revenge",15.526
comedy,upper limit,1570–1579,2,insufficient (< 5),2,"Roman politics: senate, consuls and civil war",0.0
comedy,upper limit,1570–1579,2,insufficient (< 5),3,"Sickness, physic and doctors",0.0
comedy,upper limit,1570–1579,2,insufficient (< 5),4,Love-longing and the lover's complaint,7.087
comedy,upper limit,1570–1579,2,insufficient (< 5),5,"Christian faith, sin and salvation",0.0
comedy,upper limit,1570–1579,2,insufficient (< 5),6,"Money, debt and credit",0.0
comedy,upper limit,1570–1579,2,insufficient (< 5),7,The Trojan war: conflict and its aftermath,0.0
comedy,upper limit,1570–1579,2,insufficient (< 5),8,"Captains, gallants and cheats",0.0
comedy,upper limit,1570–1579,2,insufficient (< 5),9,"Theatre talk: prologues, poets and players",0.0
comedy,upper limit,1570–1579,2,insufficient (< 5),10,"England and France: war, embassy and peace",0.0
comedy,upper limit,1570–1579,2,insufficient (< 5),11,"Siblings, kin and confidants",0.0
comedy,upper limit,1570–1579,2,insufficient (< 5),12,"Olympian gods: Jupiter, Juno, Venus and Mars",0.0
comedy,upper limit,1570–1579,2,insufficient (< 5),14,"Royal love, favour and dynastic relationships",0.0
comedy,upper limit,1570–1579,2,insufficient (< 5),15,Friars and holy orders in plot,0.0
comedy,upper limit,1570–1579,2,insufficient (< 5),16,"Gallantry: ladies, lordships and compliment",0.0
comedy,upper limit,1570–1579,2,insufficient (< 5),17,"Eastern conquest: Persians, Turks and soldans",0.0
comedy,upper limit,1570–1579,2,insufficient (< 5),18,"Rebels, barons and the king's wars at home",0.0
comedy,upper limit,1570–1579,2,insufficient (< 5),20,"Hercules: labours, suffering and virtue",0.0
comedy,upper limit,1570–1579,2,insufficient (< 5),21,"Cupid, Venus and the nymphs",0.0
comedy,upper limit,1570–1579,2,insufficient (< 5),22,"Shepherds, flocks and Pan",0.0
comedy,upper limit,1570–1579,2,insufficient (< 5),23,"Husbands, wives and jealousy",0.0
comedy,upper limit,1570–1579,2,insufficient (< 5),24,"Apollo, Phoebus and the Muses",0.0
comedy,upper limit,1570–1579,2,insufficient (< 5),25,"Kings, power and law: political sententiae",0.0
comedy,upper limit,1570–1579,2,insufficient (< 5),26,"Devils, hell and fiends",0.0
comedy,upper limit,1570–1579,2,insufficient (< 5),27,"Uncles, nephews and cousins: kinship and patronage",0.0
comedy,upper limit,1570–1579,2,insufficient (< 5),28,"Marriage-making: weddings, brides and matches",0.0
comedy,upper limit,1570–1579,2,insufficient (< 5),30,"Constables, justices and the watch",0.0
comedy,upper limit,1570–1579,2,insufficient (< 5),31,"Popes, cardinals and the crown",0.0
comedy,upper limit,1570–1579,2,insufficient (< 5),32,Rings and jewels as tokens,0.0
comedy,upper limit,1570–1579,2,insufficient (< 5),33,"Fathers, daughters and marriage negotiations",0.0
comedy,upper limit,1570–1579,2,insufficient (< 5),34,"Thebes and royal catastrophe: siege, slaughter and funeral rites",0.0
comedy,upper limit,1570–1579,2,insufficient (< 5),35,"Fools, wit and railing",0.0
comedy,upper limit,1570–1579,2,insufficient (< 5),36,"Hell, Furies and the language of punishment",0.0
comedy,upper limit,1570–1579,2,insufficient (< 5),37,"Riches, poverty and covetousness",0.0
comedy,upper limit,1570–1579,2,insufficient (< 5),38,"Death, parting and grief at court",0.0
comedy,upper limit,1570–1579,2,insufficient (< 5),39,"Profit, conscience and dishonest dealing",0.0
comedy,upper limit,1570–1579,2,insufficient (< 5),40,"Sin, guilt and violent loss within families",7.46
comedy,upper limit,1570–1579,2,insufficient (< 5),43,York and Lancaster: dynastic claims and conflict,0.0
comedy,upper limit,1570–1579,2,insufficient (< 5),44,"Drinking: wine, ale and taverns",0.0
comedy,upper limit,1570–1579,2,insufficient (< 5),45,"Widows, wooing and remarriage",0.0
comedy,upper limit,1570–1579,2,insufficient (< 5),46,"Swords, quarrels and valour",0.0
comedy,upper limit,1570–1579,2,insufficient (< 5),47,"Knaves, thieves and bawds",0.0
comedy,upper limit,1570–1579,2,insufficient (< 5),49,"Wooing a mistress: suitors, go-betweens and letters",2.399
comedy,upper limit,1570–1579,2,insufficient (< 5),50,"Fleets, armies and generals: war by sea and land",0.0
comedy,upper limit,1570–1579,2,insufficient (< 5),51,"Parents and children: blessing, birthright and inheritance",0.0
comedy,upper limit,1570–1579,2,insufficient (< 5),52,"Prodigals, portions and poor kin",0.0
comedy,upper limit,1570–1579,2,insufficient (< 5),54,"Antony and Cleopatra: love, death and mourning",0.0
comedy,upper limit,1570–1579,2,insufficient (< 5),55,"Fairies, fairy queens and enchanted desire",0.0
comedy,upper limit,1570–1579,2,insufficient (< 5),56,"Magic, spells and conjuring",0.0
comedy,upper limit,1570–1579,2,insufficient (< 5),59,"Spanish courts: war, honour and courtship",0.0
comedy,upper limit,1570–1579,2,insufficient (< 5),60,"Imperial Rome: rulers, favour and political exemplars",0.0
comedy,upper limit,1570–1579,2,insufficient (< 5),62,"The courtier as a type: fashion, affectation and foreign manners",0.0
comedy,upper limit,1580–1589,6,sparse (5–9),0,"Court life: dukes, favour and honour",0.0
comedy,upper limit,1580–1589,6,sparse (5–9),1,"Death, grief and revenge",0.0
comedy,upper limit,1580–1589,6,sparse (5–9),2,"Roman politics: senate, consuls and civil war",0.0
comedy,upper limit,1580–1589,6,sparse (5–9),3,"Sickness, physic and doctors",2.381
comedy,upper limit,1580–1589,6,sparse (5–9),4,Love-longing and the lover's complaint,2.818
comedy,upper limit,1580–1589,6,sparse (5–9),5,"Christian faith, sin and salvation",0.0
comedy,upper limit,1580–1589,6,sparse (5–9),6,"Money, debt and credit",0.0
comedy,upper limit,1580–1589,6,sparse (5–9),7,The Trojan war: conflict and its aftermath,0.649
comedy,upper limit,1580–1589,6,sparse (5–9),8,"Captains, gallants and cheats",0.564
comedy,upper limit,1580–1589,6,sparse (5–9),9,"Theatre talk: prologues, poets and players",0.53
comedy,upper limit,1580–1589,6,sparse (5–9),10,"England and France: war, embassy and peace",0.0
comedy,upper limit,1580–1589,6,sparse (5–9),11,"Siblings, kin and confidants",0.539
comedy,upper limit,1580–1589,6,sparse (5–9),12,"Olympian gods: Jupiter, Juno, Venus and Mars",0.643
comedy,upper limit,1580–1589,6,sparse (5–9),14,"Royal love, favour and dynastic relationships",0.0
comedy,upper limit,1580–1589,6,sparse (5–9),15,Friars and holy orders in plot,0.0
comedy,upper limit,1580–1589,6,sparse (5–9),16,"Gallantry: ladies, lordships and compliment",0.0
comedy,upper limit,1580–1589,6,sparse (5–9),17,"Eastern conquest: Persians, Turks and soldans",0.624
comedy,upper limit,1580–1589,6,sparse (5–9),18,"Rebels, barons and the king's wars at home",0.0
comedy,upper limit,1580–1589,6,sparse (5–9),20,"Hercules: labours, suffering and virtue",0.0
comedy,upper limit,1580–1589,6,sparse (5–9),21,"Cupid, Venus and the nymphs",10.511
comedy,upper limit,1580–1589,6,sparse (5–9),22,"Shepherds, flocks and Pan",0.0
comedy,upper limit,1580–1589,6,sparse (5–9),23,"Husbands, wives and jealousy",0.0
comedy,upper limit,1580–1589,6,sparse (5–9),24,"Apollo, Phoebus and the Muses",1.294
comedy,upper limit,1580–1589,6,sparse (5–9),25,"Kings, power and law: political sententiae",0.0
comedy,upper limit,1580–1589,6,sparse (5–9),26,"Devils, hell and fiends",0.54
comedy,upper limit,1580–1589,6,sparse (5–9),27,"Uncles, nephews and cousins: kinship and patronage",0.0
comedy,upper limit,1580–1589,6,sparse (5–9),28,"Marriage-making: weddings, brides and matches",1.102
comedy,upper limit,1580–1589,6,sparse (5–9),30,"Constables, justices and the watch",0.0
comedy,upper limit,1580–1589,6,sparse (5–9),31,"Popes, cardinals and the crown",0.0
comedy,upper limit,1580–1589,6,sparse (5–9),32,Rings and jewels as tokens,0.0
comedy,upper limit,1580–1589,6,sparse (5–9),33,"Fathers, daughters and marriage negotiations",7.002
comedy,upper limit,1580–1589,6,sparse (5–9),34,"Thebes and royal catastrophe: siege, slaughter and funeral rites",1.347
comedy,upper limit,1580–1589,6,sparse (5–9),35,"Fools, wit and railing",0.648
comedy,upper limit,1580–1589,6,sparse (5–9),36,"Hell, Furies and the language of punishment",0.0
comedy,upper limit,1580–1589,6,sparse (5–9),37,"Riches, poverty and covetousness",0.0
comedy,upper limit,1580–1589,6,sparse (5–9),38,"Death, parting and grief at court",0.0
comedy,upper limit,1580–1589,6,sparse (5–9),39,"Profit, conscience and dishonest dealing",0.0
comedy,upper limit,1580–1589,6,sparse (5–9),40,"Sin, guilt and violent loss within families",0.0
comedy,upper limit,1580–1589,6,sparse (5–9),43,York and Lancaster: dynastic claims and conflict,0.0
comedy,upper limit,1580–1589,6,sparse (5–9),44,"Drinking: wine, ale and taverns",0.0
comedy,upper limit,1580–1589,6,sparse (5–9),45,"Widows, wooing and remarriage",0.0
comedy,upper limit,1580–1589,6,sparse (5–9),46,"Swords, quarrels and valour",0.0
comedy,upper limit,1580–1589,6,sparse (5–9),47,"Knaves, thieves and bawds",0.0
comedy,upper limit,1580–1589,6,sparse (5–9),49,"Wooing a mistress: suitors, go-betweens and letters",0.553
comedy,upper limit,1580–1589,6,sparse (5–9),50,"Fleets, armies and generals: war by sea and land",0.0
comedy,upper limit,1580–1589,6,sparse (5–9),51,"Parents and children: blessing, birthright and inheritance",0.0
comedy,upper limit,1580–1589,6,sparse (5–9),52,"Prodigals, portions and poor kin",0.0
comedy,upper limit,1580–1589,6,sparse (5–9),54,"Antony and Cleopatra: love, death and mourning",0.0
comedy,upper limit,1580–1589,6,sparse (5–9),55,"Fairies, fairy queens and enchanted desire",0.0
comedy,upper limit,1580–1589,6,sparse (5–9),56,"Magic, spells and conjuring",1.192
comedy,upper limit,1580–1589,6,sparse (5–9),59,"Spanish courts: war, honour and courtship",0.0
comedy,upper limit,1580–1589,6,sparse (5–9),60,"Imperial Rome: rulers, favour and political exemplars",0.0
comedy,upper limit,1580–1589,6,sparse (5–9),62,"The courtier as a type: fashion, affectation and foreign manners",0.0
comedy,upper limit,1590–1599,21,shown (≥ 10),0,"Court life: dukes, favour and honour",3.354
comedy,upper limit,1590–1599,21,shown (≥ 10),1,"Death, grief and revenge",1.261
comedy,upper limit,1590–1599,21,shown (≥ 10),2,"Roman politics: senate, consuls and civil war",0.129
comedy,upper limit,1590–1599,21,shown (≥ 10),3,"Sickness, physic and doctors",0.837
comedy,upper limit,1590–1599,21,shown (≥ 10),4,Love-longing and the lover's complaint,2.798
comedy,upper limit,1590–1599,21,shown (≥ 10),5,"Christian faith, sin and salvation",0.195
comedy,upper limit,1590–1599,21,shown (≥ 10),6,"Money, debt and credit",2.21
comedy,upper limit,1590–1599,21,shown (≥ 10),7,The Trojan war: conflict and its aftermath,0.245
comedy,upper limit,1590–1599,21,shown (≥ 10),8,"Captains, gallants and cheats",0.0
comedy,upper limit,1590–1599,21,shown (≥ 10),9,"Theatre talk: prologues, poets and players",0.778
comedy,upper limit,1590–1599,21,shown (≥ 10),10,"England and France: war, embassy and peace",0.125
comedy,upper limit,1590–1599,21,shown (≥ 10),11,"Siblings, kin and confidants",0.747
comedy,upper limit,1590–1599,21,shown (≥ 10),12,"Olympian gods: Jupiter, Juno, Venus and Mars",0.554
comedy,upper limit,1590–1599,21,shown (≥ 10),14,"Royal love, favour and dynastic relationships",0.355
comedy,upper limit,1590–1599,21,shown (≥ 10),15,Friars and holy orders in plot,2.106
comedy,upper limit,1590–1599,21,shown (≥ 10),16,"Gallantry: ladies, lordships and compliment",0.546
comedy,upper limit,1590–1599,21,shown (≥ 10),17,"Eastern conquest: Persians, Turks and soldans",0.0
comedy,upper limit,1590–1599,21,shown (≥ 10),18,"Rebels, barons and the king's wars at home",0.0
comedy,upper limit,1590–1599,21,shown (≥ 10),20,"Hercules: labours, suffering and virtue",0.29
comedy,upper limit,1590–1599,21,shown (≥ 10),21,"Cupid, Venus and the nymphs",0.585
comedy,upper limit,1590–1599,21,shown (≥ 10),22,"Shepherds, flocks and Pan",0.833
comedy,upper limit,1590–1599,21,shown (≥ 10),23,"Husbands, wives and jealousy",0.375
comedy,upper limit,1590–1599,21,shown (≥ 10),24,"Apollo, Phoebus and the Muses",1.423
comedy,upper limit,1590–1599,21,shown (≥ 10),25,"Kings, power and law: political sententiae",0.16
comedy,upper limit,1590–1599,21,shown (≥ 10),26,"Devils, hell and fiends",0.313
comedy,upper limit,1590–1599,21,shown (≥ 10),27,"Uncles, nephews and cousins: kinship and patronage",0.239
comedy,upper limit,1590–1599,21,shown (≥ 10),28,"Marriage-making: weddings, brides and matches",1.394
comedy,upper limit,1590–1599,21,shown (≥ 10),30,"Constables, justices and the watch",0.311
comedy,upper limit,1590–1599,21,shown (≥ 10),31,"Popes, cardinals and the crown",0.0
comedy,upper limit,1590–1599,21,shown (≥ 10),32,Rings and jewels as tokens,0.82
comedy,upper limit,1590–1599,21,shown (≥ 10),33,"Fathers, daughters and marriage negotiations",0.78
comedy,upper limit,1590–1599,21,shown (≥ 10),34,"Thebes and royal catastrophe: siege, slaughter and funeral rites",0.0
comedy,upper limit,1590–1599,21,shown (≥ 10),35,"Fools, wit and railing",0.897
comedy,upper limit,1590–1599,21,shown (≥ 10),36,"Hell, Furies and the language of punishment",0.0
comedy,upper limit,1590–1599,21,shown (≥ 10),37,"Riches, poverty and covetousness",0.479
comedy,upper limit,1590–1599,21,shown (≥ 10),38,"Death, parting and grief at court",0.139
comedy,upper limit,1590–1599,21,shown (≥ 10),39,"Profit, conscience and dishonest dealing",0.0
comedy,upper limit,1590–1599,21,shown (≥ 10),40,"Sin, guilt and violent loss within families",0.189
comedy,upper limit,1590–1599,21,shown (≥ 10),43,York and Lancaster: dynastic claims and conflict,0.0
comedy,upper limit,1590–1599,21,shown (≥ 10),44,"Drinking: wine, ale and taverns",1.224
comedy,upper limit,1590–1599,21,shown (≥ 10),45,"Widows, wooing and remarriage",0.0
comedy,upper limit,1590–1599,21,shown (≥ 10),46,"Swords, quarrels and valour",0.672
comedy,upper limit,1590–1599,21,shown (≥ 10),47,"Knaves, thieves and bawds",0.122
comedy,upper limit,1590–1599,21,shown (≥ 10),49,"Wooing a mistress: suitors, go-betweens and letters",0.491
comedy,upper limit,1590–1599,21,shown (≥ 10),50,"Fleets, armies and generals: war by sea and land",0.0
comedy,upper limit,1590–1599,21,shown (≥ 10),51,"Parents and children: blessing, birthright and inheritance",0.548
comedy,upper limit,1590–1599,21,shown (≥ 10),52,"Prodigals, portions and poor kin",0.0
comedy,upper limit,1590–1599,21,shown (≥ 10),54,"Antony and Cleopatra: love, death and mourning",0.113
comedy,upper limit,1590–1599,21,shown (≥ 10),55,"Fairies, fairy queens and enchanted desire",0.578
comedy,upper limit,1590–1599,21,shown (≥ 10),56,"Magic, spells and conjuring",0.287
comedy,upper limit,1590–1599,21,shown (≥ 10),59,"Spanish courts: war, honour and courtship",0.0
comedy,upper limit,1590–1599,21,shown (≥ 10),60,"Imperial Rome: rulers, favour and political exemplars",0.0
comedy,upper limit,1590–1599,21,shown (≥ 10),62,"The courtier as a type: fashion, affectation and foreign manners",0.0
comedy,upper limit,1600–1609,47,shown (≥ 10),0,"Court life: dukes, favour and honour",3.618
comedy,upper limit,1600–1609,47,shown (≥ 10),1,"Death, grief and revenge",1.617
comedy,upper limit,1600–1609,47,shown (≥ 10),2,"Roman politics: senate, consuls and civil war",0.382
comedy,upper limit,1600–1609,47,shown (≥ 10),3,"Sickness, physic and doctors",2.372
comedy,upper limit,1600–1609,47,shown (≥ 10),4,Love-longing and the lover's complaint,2.744
comedy,upper limit,1600–1609,47,shown (≥ 10),5,"Christian faith, sin and salvation",0.0
comedy,upper limit,1600–1609,47,shown (≥ 10),6,"Money, debt and credit",2.087
comedy,upper limit,1600–1609,47,shown (≥ 10),7,The Trojan war: conflict and its aftermath,0.045
comedy,upper limit,1600–1609,47,shown (≥ 10),8,"Captains, gallants and cheats",3.065
comedy,upper limit,1600–1609,47,shown (≥ 10),9,"Theatre talk: prologues, poets and players",1.807
comedy,upper limit,1600–1609,47,shown (≥ 10),10,"England and France: war, embassy and peace",0.0
comedy,upper limit,1600–1609,47,shown (≥ 10),11,"Siblings, kin and confidants",0.752
comedy,upper limit,1600–1609,47,shown (≥ 10),12,"Olympian gods: Jupiter, Juno, Venus and Mars",0.213
comedy,upper limit,1600–1609,47,shown (≥ 10),14,"Royal love, favour and dynastic relationships",0.362
comedy,upper limit,1600–1609,47,shown (≥ 10),15,Friars and holy orders in plot,0.452
comedy,upper limit,1600–1609,47,shown (≥ 10),16,"Gallantry: ladies, lordships and compliment",1.384
comedy,upper limit,1600–1609,47,shown (≥ 10),17,"Eastern conquest: Persians, Turks and soldans",0.0
comedy,upper limit,1600–1609,47,shown (≥ 10),18,"Rebels, barons and the king's wars at home",0.085
comedy,upper limit,1600–1609,47,shown (≥ 10),20,"Hercules: labours, suffering and virtue",0.0
comedy,upper limit,1600–1609,47,shown (≥ 10),21,"Cupid, Venus and the nymphs",0.432
comedy,upper limit,1600–1609,47,shown (≥ 10),22,"Shepherds, flocks and Pan",0.772
comedy,upper limit,1600–1609,47,shown (≥ 10),23,"Husbands, wives and jealousy",1.472
comedy,upper limit,1600–1609,47,shown (≥ 10),24,"Apollo, Phoebus and the Muses",0.699
comedy,upper limit,1600–1609,47,shown (≥ 10),25,"Kings, power and law: political sententiae",0.0
comedy,upper limit,1600–1609,47,shown (≥ 10),26,"Devils, hell and fiends",0.522
comedy,upper limit,1600–1609,47,shown (≥ 10),27,"Uncles, nephews and cousins: kinship and patronage",1.527
comedy,upper limit,1600–1609,47,shown (≥ 10),28,"Marriage-making: weddings, brides and matches",0.55
comedy,upper limit,1600–1609,47,shown (≥ 10),30,"Constables, justices and the watch",0.227
comedy,upper limit,1600–1609,47,shown (≥ 10),31,"Popes, cardinals and the crown",0.0
comedy,upper limit,1600–1609,47,shown (≥ 10),32,Rings and jewels as tokens,0.322
comedy,upper limit,1600–1609,47,shown (≥ 10),33,"Fathers, daughters and marriage negotiations",0.832
comedy,upper limit,1600–1609,47,shown (≥ 10),34,"Thebes and royal catastrophe: siege, slaughter and funeral rites",0.0
comedy,upper limit,1600–1609,47,shown (≥ 10),35,"Fools, wit and railing",0.646
comedy,upper limit,1600–1609,47,shown (≥ 10),36,"Hell, Furies and the language of punishment",0.0
comedy,upper limit,1600–1609,47,shown (≥ 10),37,"Riches, poverty and covetousness",0.042
comedy,upper limit,1600–1609,47,shown (≥ 10),38,"Death, parting and grief at court",0.0
comedy,upper limit,1600–1609,47,shown (≥ 10),39,"Profit, conscience and dishonest dealing",0.238
comedy,upper limit,1600–1609,47,shown (≥ 10),40,"Sin, guilt and violent loss within families",0.209
comedy,upper limit,1600–1609,47,shown (≥ 10),43,York and Lancaster: dynastic claims and conflict,0.0
comedy,upper limit,1600–1609,47,shown (≥ 10),44,"Drinking: wine, ale and taverns",0.393
comedy,upper limit,1600–1609,47,shown (≥ 10),45,"Widows, wooing and remarriage",1.356
comedy,upper limit,1600–1609,47,shown (≥ 10),46,"Swords, quarrels and valour",0.109
comedy,upper limit,1600–1609,47,shown (≥ 10),47,"Knaves, thieves and bawds",0.488
comedy,upper limit,1600–1609,47,shown (≥ 10),49,"Wooing a mistress: suitors, go-betweens and letters",0.421
comedy,upper limit,1600–1609,47,shown (≥ 10),50,"Fleets, armies and generals: war by sea and land",0.077
comedy,upper limit,1600–1609,47,shown (≥ 10),51,"Parents and children: blessing, birthright and inheritance",0.231
comedy,upper limit,1600–1609,47,shown (≥ 10),52,"Prodigals, portions and poor kin",0.599
comedy,upper limit,1600–1609,47,shown (≥ 10),54,"Antony and Cleopatra: love, death and mourning",0.0
comedy,upper limit,1600–1609,47,shown (≥ 10),55,"Fairies, fairy queens and enchanted desire",0.102
comedy,upper limit,1600–1609,47,shown (≥ 10),56,"Magic, spells and conjuring",0.052
comedy,upper limit,1600–1609,47,shown (≥ 10),59,"Spanish courts: war, honour and courtship",0.0
comedy,upper limit,1600–1609,47,shown (≥ 10),60,"Imperial Rome: rulers, favour and political exemplars",0.0
comedy,upper limit,1600–1609,47,shown (≥ 10),62,"The courtier as a type: fashion, affectation and foreign manners",0.258
comedy,upper limit,1610–1619,20,shown (≥ 10),0,"Court life: dukes, favour and honour",2.427
comedy,upper limit,1610–1619,20,shown (≥ 10),1,"Death, grief and revenge",1.115
comedy,upper limit,1610–1619,20,shown (≥ 10),2,"Roman politics: senate, consuls and civil war",0.079
comedy,upper limit,1610–1619,20,shown (≥ 10),3,"Sickness, physic and doctors",2.846
comedy,upper limit,1610–1619,20,shown (≥ 10),4,Love-longing and the lover's complaint,0.496
comedy,upper limit,1610–1619,20,shown (≥ 10),5,"Christian faith, sin and salvation",0.643
comedy,upper limit,1610–1619,20,shown (≥ 10),6,"Money, debt and credit",3.171
comedy,upper limit,1610–1619,20,shown (≥ 10),7,The Trojan war: conflict and its aftermath,0.108
comedy,upper limit,1610–1619,20,shown (≥ 10),8,"Captains, gallants and cheats",1.809
comedy,upper limit,1610–1619,20,shown (≥ 10),9,"Theatre talk: prologues, poets and players",0.988
comedy,upper limit,1610–1619,20,shown (≥ 10),10,"England and France: war, embassy and peace",0.0
comedy,upper limit,1610–1619,20,shown (≥ 10),11,"Siblings, kin and confidants",2.433
comedy,upper limit,1610–1619,20,shown (≥ 10),12,"Olympian gods: Jupiter, Juno, Venus and Mars",0.145
comedy,upper limit,1610–1619,20,shown (≥ 10),14,"Royal love, favour and dynastic relationships",0.0
comedy,upper limit,1610–1619,20,shown (≥ 10),15,Friars and holy orders in plot,0.806
comedy,upper limit,1610–1619,20,shown (≥ 10),16,"Gallantry: ladies, lordships and compliment",1.313
comedy,upper limit,1610–1619,20,shown (≥ 10),17,"Eastern conquest: Persians, Turks and soldans",0.191
comedy,upper limit,1610–1619,20,shown (≥ 10),18,"Rebels, barons and the king's wars at home",0.0
comedy,upper limit,1610–1619,20,shown (≥ 10),20,"Hercules: labours, suffering and virtue",0.0
comedy,upper limit,1610–1619,20,shown (≥ 10),21,"Cupid, Venus and the nymphs",0.369
comedy,upper limit,1610–1619,20,shown (≥ 10),22,"Shepherds, flocks and Pan",0.0
comedy,upper limit,1610–1619,20,shown (≥ 10),23,"Husbands, wives and jealousy",0.525
comedy,upper limit,1610–1619,20,shown (≥ 10),24,"Apollo, Phoebus and the Muses",0.272
comedy,upper limit,1610–1619,20,shown (≥ 10),25,"Kings, power and law: political sententiae",0.115
comedy,upper limit,1610–1619,20,shown (≥ 10),26,"Devils, hell and fiends",2.612
comedy,upper limit,1610–1619,20,shown (≥ 10),27,"Uncles, nephews and cousins: kinship and patronage",0.287
comedy,upper limit,1610–1619,20,shown (≥ 10),28,"Marriage-making: weddings, brides and matches",1.502
comedy,upper limit,1610–1619,20,shown (≥ 10),30,"Constables, justices and the watch",0.387
comedy,upper limit,1610–1619,20,shown (≥ 10),31,"Popes, cardinals and the crown",0.0
comedy,upper limit,1610–1619,20,shown (≥ 10),32,Rings and jewels as tokens,1.578
comedy,upper limit,1610–1619,20,shown (≥ 10),33,"Fathers, daughters and marriage negotiations",0.494
comedy,upper limit,1610–1619,20,shown (≥ 10),34,"Thebes and royal catastrophe: siege, slaughter and funeral rites",0.0
comedy,upper limit,1610–1619,20,shown (≥ 10),35,"Fools, wit and railing",0.183
comedy,upper limit,1610–1619,20,shown (≥ 10),36,"Hell, Furies and the language of punishment",0.0
comedy,upper limit,1610–1619,20,shown (≥ 10),37,"Riches, poverty and covetousness",0.0
comedy,upper limit,1610–1619,20,shown (≥ 10),38,"Death, parting and grief at court",0.0
comedy,upper limit,1610–1619,20,shown (≥ 10),39,"Profit, conscience and dishonest dealing",0.0
comedy,upper limit,1610–1619,20,shown (≥ 10),40,"Sin, guilt and violent loss within families",0.124
comedy,upper limit,1610–1619,20,shown (≥ 10),43,York and Lancaster: dynastic claims and conflict,0.0
comedy,upper limit,1610–1619,20,shown (≥ 10),44,"Drinking: wine, ale and taverns",0.952
comedy,upper limit,1610–1619,20,shown (≥ 10),45,"Widows, wooing and remarriage",1.011
comedy,upper limit,1610–1619,20,shown (≥ 10),46,"Swords, quarrels and valour",0.299
comedy,upper limit,1610–1619,20,shown (≥ 10),47,"Knaves, thieves and bawds",0.891
comedy,upper limit,1610–1619,20,shown (≥ 10),49,"Wooing a mistress: suitors, go-betweens and letters",0.634
comedy,upper limit,1610–1619,20,shown (≥ 10),50,"Fleets, armies and generals: war by sea and land",0.492
comedy,upper limit,1610–1619,20,shown (≥ 10),51,"Parents and children: blessing, birthright and inheritance",0.0
comedy,upper limit,1610–1619,20,shown (≥ 10),52,"Prodigals, portions and poor kin",0.464
comedy,upper limit,1610–1619,20,shown (≥ 10),54,"Antony and Cleopatra: love, death and mourning",0.0
comedy,upper limit,1610–1619,20,shown (≥ 10),55,"Fairies, fairy queens and enchanted desire",0.0
comedy,upper limit,1610–1619,20,shown (≥ 10),56,"Magic, spells and conjuring",0.405
comedy,upper limit,1610–1619,20,shown (≥ 10),59,"Spanish courts: war, honour and courtship",0.0
comedy,upper limit,1610–1619,20,shown (≥ 10),60,"Imperial Rome: rulers, favour and political exemplars",0.0
comedy,upper limit,1610–1619,20,shown (≥ 10),62,"The courtier as a type: fashion, affectation and foreign manners",0.322
comedy,upper limit,1620–1629,16,shown (≥ 10),0,"Court life: dukes, favour and honour",6.828
comedy,upper limit,1620–1629,16,shown (≥ 10),1,"Death, grief and revenge",3.141
comedy,upper limit,1620–1629,16,shown (≥ 10),2,"Roman politics: senate, consuls and civil war",0.0
comedy,upper limit,1620–1629,16,shown (≥ 10),3,"Sickness, physic and doctors",2.718
comedy,upper limit,1620–1629,16,shown (≥ 10),4,Love-longing and the lover's complaint,0.802
comedy,upper limit,1620–1629,16,shown (≥ 10),5,"Christian faith, sin and salvation",0.33
comedy,upper limit,1620–1629,16,shown (≥ 10),6,"Money, debt and credit",1.391
comedy,upper limit,1620–1629,16,shown (≥ 10),7,The Trojan war: conflict and its aftermath,0.0
comedy,upper limit,1620–1629,16,shown (≥ 10),8,"Captains, gallants and cheats",1.365
comedy,upper limit,1620–1629,16,shown (≥ 10),9,"Theatre talk: prologues, poets and players",0.661
comedy,upper limit,1620–1629,16,shown (≥ 10),10,"England and France: war, embassy and peace",0.0
comedy,upper limit,1620–1629,16,shown (≥ 10),11,"Siblings, kin and confidants",0.278
comedy,upper limit,1620–1629,16,shown (≥ 10),12,"Olympian gods: Jupiter, Juno, Venus and Mars",0.0
comedy,upper limit,1620–1629,16,shown (≥ 10),14,"Royal love, favour and dynastic relationships",0.12
comedy,upper limit,1620–1629,16,shown (≥ 10),15,Friars and holy orders in plot,0.0
comedy,upper limit,1620–1629,16,shown (≥ 10),16,"Gallantry: ladies, lordships and compliment",0.616
comedy,upper limit,1620–1629,16,shown (≥ 10),17,"Eastern conquest: Persians, Turks and soldans",0.0
comedy,upper limit,1620–1629,16,shown (≥ 10),18,"Rebels, barons and the king's wars at home",0.0
comedy,upper limit,1620–1629,16,shown (≥ 10),20,"Hercules: labours, suffering and virtue",0.0
comedy,upper limit,1620–1629,16,shown (≥ 10),21,"Cupid, Venus and the nymphs",0.579
comedy,upper limit,1620–1629,16,shown (≥ 10),22,"Shepherds, flocks and Pan",0.712
comedy,upper limit,1620–1629,16,shown (≥ 10),23,"Husbands, wives and jealousy",0.844
comedy,upper limit,1620–1629,16,shown (≥ 10),24,"Apollo, Phoebus and the Muses",3.952
comedy,upper limit,1620–1629,16,shown (≥ 10),25,"Kings, power and law: political sententiae",0.0
comedy,upper limit,1620–1629,16,shown (≥ 10),26,"Devils, hell and fiends",0.625
comedy,upper limit,1620–1629,16,shown (≥ 10),27,"Uncles, nephews and cousins: kinship and patronage",1.268
comedy,upper limit,1620–1629,16,shown (≥ 10),28,"Marriage-making: weddings, brides and matches",1.319
comedy,upper limit,1620–1629,16,shown (≥ 10),30,"Constables, justices and the watch",0.312
comedy,upper limit,1620–1629,16,shown (≥ 10),31,"Popes, cardinals and the crown",0.125
comedy,upper limit,1620–1629,16,shown (≥ 10),32,Rings and jewels as tokens,0.277
comedy,upper limit,1620–1629,16,shown (≥ 10),33,"Fathers, daughters and marriage negotiations",0.441
comedy,upper limit,1620–1629,16,shown (≥ 10),34,"Thebes and royal catastrophe: siege, slaughter and funeral rites",0.0
comedy,upper limit,1620–1629,16,shown (≥ 10),35,"Fools, wit and railing",1.808
comedy,upper limit,1620–1629,16,shown (≥ 10),36,"Hell, Furies and the language of punishment",0.138
comedy,upper limit,1620–1629,16,shown (≥ 10),37,"Riches, poverty and covetousness",0.0
comedy,upper limit,1620–1629,16,shown (≥ 10),38,"Death, parting and grief at court",0.0
comedy,upper limit,1620–1629,16,shown (≥ 10),39,"Profit, conscience and dishonest dealing",0.0
comedy,upper limit,1620–1629,16,shown (≥ 10),40,"Sin, guilt and violent loss within families",0.0
comedy,upper limit,1620–1629,16,shown (≥ 10),43,York and Lancaster: dynastic claims and conflict,0.0
comedy,upper limit,1620–1629,16,shown (≥ 10),44,"Drinking: wine, ale and taverns",0.861
comedy,upper limit,1620–1629,16,shown (≥ 10),45,"Widows, wooing and remarriage",1.903
comedy,upper limit,1620–1629,16,shown (≥ 10),46,"Swords, quarrels and valour",0.474
comedy,upper limit,1620–1629,16,shown (≥ 10),47,"Knaves, thieves and bawds",0.302
comedy,upper limit,1620–1629,16,shown (≥ 10),49,"Wooing a mistress: suitors, go-betweens and letters",0.822
comedy,upper limit,1620–1629,16,shown (≥ 10),50,"Fleets, armies and generals: war by sea and land",0.0
comedy,upper limit,1620–1629,16,shown (≥ 10),51,"Parents and children: blessing, birthright and inheritance",0.0
comedy,upper limit,1620–1629,16,shown (≥ 10),52,"Prodigals, portions and poor kin",1.275
comedy,upper limit,1620–1629,16,shown (≥ 10),54,"Antony and Cleopatra: love, death and mourning",0.0
comedy,upper limit,1620–1629,16,shown (≥ 10),55,"Fairies, fairy queens and enchanted desire",0.0
comedy,upper limit,1620–1629,16,shown (≥ 10),56,"Magic, spells and conjuring",0.0
comedy,upper limit,1620–1629,16,shown (≥ 10),59,"Spanish courts: war, honour and courtship",0.342
comedy,upper limit,1620–1629,16,shown (≥ 10),60,"Imperial Rome: rulers, favour and political exemplars",0.0
comedy,upper limit,1620–1629,16,shown (≥ 10),62,"The courtier as a type: fashion, affectation and foreign manners",0.421
comedy,upper limit,1630–1639,32,shown (≥ 10),0,"Court life: dukes, favour and honour",9.447
comedy,upper limit,1630–1639,32,shown (≥ 10),1,"Death, grief and revenge",1.207
comedy,upper limit,1630–1639,32,shown (≥ 10),2,"Roman politics: senate, consuls and civil war",0.092
comedy,upper limit,1630–1639,32,shown (≥ 10),3,"Sickness, physic and doctors",3.388
comedy,upper limit,1630–1639,32,shown (≥ 10),4,Love-longing and the lover's complaint,0.899
comedy,upper limit,1630–1639,32,shown (≥ 10),5,"Christian faith, sin and salvation",0.099
comedy,upper limit,1630–1639,32,shown (≥ 10),6,"Money, debt and credit",1.266
comedy,upper limit,1630–1639,32,shown (≥ 10),7,The Trojan war: conflict and its aftermath,0.0
comedy,upper limit,1630–1639,32,shown (≥ 10),8,"Captains, gallants and cheats",1.711
comedy,upper limit,1630–1639,32,shown (≥ 10),9,"Theatre talk: prologues, poets and players",1.712
comedy,upper limit,1630–1639,32,shown (≥ 10),10,"England and France: war, embassy and peace",0.0
comedy,upper limit,1630–1639,32,shown (≥ 10),11,"Siblings, kin and confidants",2.194
comedy,upper limit,1630–1639,32,shown (≥ 10),12,"Olympian gods: Jupiter, Juno, Venus and Mars",0.0
comedy,upper limit,1630–1639,32,shown (≥ 10),14,"Royal love, favour and dynastic relationships",0.49
comedy,upper limit,1630–1639,32,shown (≥ 10),15,Friars and holy orders in plot,0.73
comedy,upper limit,1630–1639,32,shown (≥ 10),16,"Gallantry: ladies, lordships and compliment",2.968
comedy,upper limit,1630–1639,32,shown (≥ 10),17,"Eastern conquest: Persians, Turks and soldans",0.114
comedy,upper limit,1630–1639,32,shown (≥ 10),18,"Rebels, barons and the king's wars at home",0.0
comedy,upper limit,1630–1639,32,shown (≥ 10),20,"Hercules: labours, suffering and virtue",0.246
comedy,upper limit,1630–1639,32,shown (≥ 10),21,"Cupid, Venus and the nymphs",0.312
comedy,upper limit,1630–1639,32,shown (≥ 10),22,"Shepherds, flocks and Pan",0.116
comedy,upper limit,1630–1639,32,shown (≥ 10),23,"Husbands, wives and jealousy",1.339
comedy,upper limit,1630–1639,32,shown (≥ 10),24,"Apollo, Phoebus and the Muses",0.042
comedy,upper limit,1630–1639,32,shown (≥ 10),25,"Kings, power and law: political sententiae",0.0
comedy,upper limit,1630–1639,32,shown (≥ 10),26,"Devils, hell and fiends",0.999
comedy,upper limit,1630–1639,32,shown (≥ 10),27,"Uncles, nephews and cousins: kinship and patronage",2.469
comedy,upper limit,1630–1639,32,shown (≥ 10),28,"Marriage-making: weddings, brides and matches",1.32
comedy,upper limit,1630–1639,32,shown (≥ 10),30,"Constables, justices and the watch",3.113
comedy,upper limit,1630–1639,32,shown (≥ 10),31,"Popes, cardinals and the crown",0.0
comedy,upper limit,1630–1639,32,shown (≥ 10),32,Rings and jewels as tokens,0.542
comedy,upper limit,1630–1639,32,shown (≥ 10),33,"Fathers, daughters and marriage negotiations",0.587
comedy,upper limit,1630–1639,32,shown (≥ 10),34,"Thebes and royal catastrophe: siege, slaughter and funeral rites",0.0
comedy,upper limit,1630–1639,32,shown (≥ 10),35,"Fools, wit and railing",0.628
comedy,upper limit,1630–1639,32,shown (≥ 10),36,"Hell, Furies and the language of punishment",0.0
comedy,upper limit,1630–1639,32,shown (≥ 10),37,"Riches, poverty and covetousness",0.135
comedy,upper limit,1630–1639,32,shown (≥ 10),38,"Death, parting and grief at court",0.0
comedy,upper limit,1630–1639,32,shown (≥ 10),39,"Profit, conscience and dishonest dealing",0.0
comedy,upper limit,1630–1639,32,shown (≥ 10),40,"Sin, guilt and violent loss within families",0.163
comedy,upper limit,1630–1639,32,shown (≥ 10),43,York and Lancaster: dynastic claims and conflict,0.0
comedy,upper limit,1630–1639,32,shown (≥ 10),44,"Drinking: wine, ale and taverns",0.457
comedy,upper limit,1630–1639,32,shown (≥ 10),45,"Widows, wooing and remarriage",0.098
comedy,upper limit,1630–1639,32,shown (≥ 10),46,"Swords, quarrels and valour",0.628
comedy,upper limit,1630–1639,32,shown (≥ 10),47,"Knaves, thieves and bawds",0.125
comedy,upper limit,1630–1639,32,shown (≥ 10),49,"Wooing a mistress: suitors, go-betweens and letters",0.647
comedy,upper limit,1630–1639,32,shown (≥ 10),50,"Fleets, armies and generals: war by sea and land",0.0
comedy,upper limit,1630–1639,32,shown (≥ 10),51,"Parents and children: blessing, birthright and inheritance",0.324
comedy,upper limit,1630–1639,32,shown (≥ 10),52,"Prodigals, portions and poor kin",0.07
comedy,upper limit,1630–1639,32,shown (≥ 10),54,"Antony and Cleopatra: love, death and mourning",0.096
comedy,upper limit,1630–1639,32,shown (≥ 10),55,"Fairies, fairy queens and enchanted desire",0.066
comedy,upper limit,1630–1639,32,shown (≥ 10),56,"Magic, spells and conjuring",0.0
comedy,upper limit,1630–1639,32,shown (≥ 10),59,"Spanish courts: war, honour and courtship",0.0
comedy,upper limit,1630–1639,32,shown (≥ 10),60,"Imperial Rome: rulers, favour and political exemplars",0.0
comedy,upper limit,1630–1639,32,shown (≥ 10),62,"The courtier as a type: fashion, affectation and foreign manners",0.169
comedy,upper limit,1640–1649,1,insufficient (< 5),0,"Court life: dukes, favour and honour",0.0
comedy,upper limit,1640–1649,1,insufficient (< 5),1,"Death, grief and revenge",3.369
comedy,upper limit,1640–1649,1,insufficient (< 5),2,"Roman politics: senate, consuls and civil war",0.0
comedy,upper limit,1640–1649,1,insufficient (< 5),3,"Sickness, physic and doctors",3.0
comedy,upper limit,1640–1649,1,insufficient (< 5),4,Love-longing and the lover's complaint,0.0
comedy,upper limit,1640–1649,1,insufficient (< 5),5,"Christian faith, sin and salvation",0.0
comedy,upper limit,1640–1649,1,insufficient (< 5),6,"Money, debt and credit",0.0
comedy,upper limit,1640–1649,1,insufficient (< 5),7,The Trojan war: conflict and its aftermath,0.0
comedy,upper limit,1640–1649,1,insufficient (< 5),8,"Captains, gallants and cheats",0.0
comedy,upper limit,1640–1649,1,insufficient (< 5),9,"Theatre talk: prologues, poets and players",0.0
comedy,upper limit,1640–1649,1,insufficient (< 5),10,"England and France: war, embassy and peace",0.0
comedy,upper limit,1640–1649,1,insufficient (< 5),11,"Siblings, kin and confidants",0.0
comedy,upper limit,1640–1649,1,insufficient (< 5),12,"Olympian gods: Jupiter, Juno, Venus and Mars",0.0
comedy,upper limit,1640–1649,1,insufficient (< 5),14,"Royal love, favour and dynastic relationships",0.0
comedy,upper limit,1640–1649,1,insufficient (< 5),15,Friars and holy orders in plot,0.0
comedy,upper limit,1640–1649,1,insufficient (< 5),16,"Gallantry: ladies, lordships and compliment",0.0
comedy,upper limit,1640–1649,1,insufficient (< 5),17,"Eastern conquest: Persians, Turks and soldans",0.0
comedy,upper limit,1640–1649,1,insufficient (< 5),18,"Rebels, barons and the king's wars at home",0.0
comedy,upper limit,1640–1649,1,insufficient (< 5),20,"Hercules: labours, suffering and virtue",0.0
comedy,upper limit,1640–1649,1,insufficient (< 5),21,"Cupid, Venus and the nymphs",0.0
comedy,upper limit,1640–1649,1,insufficient (< 5),22,"Shepherds, flocks and Pan",0.0
comedy,upper limit,1640–1649,1,insufficient (< 5),23,"Husbands, wives and jealousy",0.0
comedy,upper limit,1640–1649,1,insufficient (< 5),24,"Apollo, Phoebus and the Muses",0.0
comedy,upper limit,1640–1649,1,insufficient (< 5),25,"Kings, power and law: political sententiae",0.0
comedy,upper limit,1640–1649,1,insufficient (< 5),26,"Devils, hell and fiends",0.0
comedy,upper limit,1640–1649,1,insufficient (< 5),27,"Uncles, nephews and cousins: kinship and patronage",3.299
comedy,upper limit,1640–1649,1,insufficient (< 5),28,"Marriage-making: weddings, brides and matches",0.0
comedy,upper limit,1640–1649,1,insufficient (< 5),30,"Constables, justices and the watch",0.0
comedy,upper limit,1640–1649,1,insufficient (< 5),31,"Popes, cardinals and the crown",0.0
comedy,upper limit,1640–1649,1,insufficient (< 5),32,Rings and jewels as tokens,0.0
comedy,upper limit,1640–1649,1,insufficient (< 5),33,"Fathers, daughters and marriage negotiations",6.173
comedy,upper limit,1640–1649,1,insufficient (< 5),34,"Thebes and royal catastrophe: siege, slaughter and funeral rites",0.0
comedy,upper limit,1640–1649,1,insufficient (< 5),35,"Fools, wit and railing",0.0
comedy,upper limit,1640–1649,1,insufficient (< 5),36,"Hell, Furies and the language of punishment",0.0
comedy,upper limit,1640–1649,1,insufficient (< 5),37,"Riches, poverty and covetousness",0.0
comedy,upper limit,1640–1649,1,insufficient (< 5),38,"Death, parting and grief at court",0.0
comedy,upper limit,1640–1649,1,insufficient (< 5),39,"Profit, conscience and dishonest dealing",0.0
comedy,upper limit,1640–1649,1,insufficient (< 5),40,"Sin, guilt and violent loss within families",0.0
comedy,upper limit,1640–1649,1,insufficient (< 5),43,York and Lancaster: dynastic claims and conflict,0.0
comedy,upper limit,1640–1649,1,insufficient (< 5),44,"Drinking: wine, ale and taverns",0.0
comedy,upper limit,1640–1649,1,insufficient (< 5),45,"Widows, wooing and remarriage",3.248
comedy,upper limit,1640–1649,1,insufficient (< 5),46,"Swords, quarrels and valour",0.0
comedy,upper limit,1640–1649,1,insufficient (< 5),47,"Knaves, thieves and bawds",0.0
comedy,upper limit,1640–1649,1,insufficient (< 5),49,"Wooing a mistress: suitors, go-betweens and letters",0.0
comedy,upper limit,1640–1649,1,insufficient (< 5),50,"Fleets, armies and generals: war by sea and land",0.0
comedy,upper limit,1640–1649,1,insufficient (< 5),51,"Parents and children: blessing, birthright and inheritance",0.0
comedy,upper limit,1640–1649,1,insufficient (< 5),52,"Prodigals, portions and poor kin",2.956
comedy,upper limit,1640–1649,1,insufficient (< 5),54,"Antony and Cleopatra: love, death and mourning",0.0
comedy,upper limit,1640–1649,1,insufficient (< 5),55,"Fairies, fairy queens and enchanted desire",0.0
comedy,upper limit,1640–1649,1,insufficient (< 5),56,"Magic, spells and conjuring",0.0
comedy,upper limit,1640–1649,1,insufficient (< 5),59,"Spanish courts: war, honour and courtship",0.0
comedy,upper limit,1640–1649,1,insufficient (< 5),60,"Imperial Rome: rulers, favour and political exemplars",0.0
comedy,upper limit,1640–1649,1,insufficient (< 5),62,"The courtier as a type: fashion, affectation and foreign manners",0.0
tragedy,main,1550–1559,1,insufficient (< 5),0,"Court life: dukes, favour and honour",0.0
tragedy,main,1550–1559,1,insufficient (< 5),1,"Death, grief and revenge",0.0
tragedy,main,1550–1559,1,insufficient (< 5),2,"Roman politics: senate, consuls and civil war",0.0
tragedy,main,1550–1559,1,insufficient (< 5),3,"Sickness, physic and doctors",0.0
tragedy,main,1550–1559,1,insufficient (< 5),4,Love-longing and the lover's complaint,0.0
tragedy,main,1550–1559,1,insufficient (< 5),5,"Christian faith, sin and salvation",0.0
tragedy,main,1550–1559,1,insufficient (< 5),6,"Money, debt and credit",0.0
tragedy,main,1550–1559,1,insufficient (< 5),7,The Trojan war: conflict and its aftermath,96.271
tragedy,main,1550–1559,1,insufficient (< 5),8,"Captains, gallants and cheats",0.0
tragedy,main,1550–1559,1,insufficient (< 5),9,"Theatre talk: prologues, poets and players",0.0
tragedy,main,1550–1559,1,insufficient (< 5),10,"England and France: war, embassy and peace",0.0
tragedy,main,1550–1559,1,insufficient (< 5),11,"Siblings, kin and confidants",0.0
tragedy,main,1550–1559,1,insufficient (< 5),12,"Olympian gods: Jupiter, Juno, Venus and Mars",0.0
tragedy,main,1550–1559,1,insufficient (< 5),14,"Royal love, favour and dynastic relationships",0.0
tragedy,main,1550–1559,1,insufficient (< 5),15,Friars and holy orders in plot,0.0
tragedy,main,1550–1559,1,insufficient (< 5),16,"Gallantry: ladies, lordships and compliment",0.0
tragedy,main,1550–1559,1,insufficient (< 5),17,"Eastern conquest: Persians, Turks and soldans",0.0
tragedy,main,1550–1559,1,insufficient (< 5),18,"Rebels, barons and the king's wars at home",0.0
tragedy,main,1550–1559,1,insufficient (< 5),20,"Hercules: labours, suffering and virtue",0.0
tragedy,main,1550–1559,1,insufficient (< 5),21,"Cupid, Venus and the nymphs",0.0
tragedy,main,1550–1559,1,insufficient (< 5),22,"Shepherds, flocks and Pan",0.0
tragedy,main,1550–1559,1,insufficient (< 5),23,"Husbands, wives and jealousy",0.0
tragedy,main,1550–1559,1,insufficient (< 5),24,"Apollo, Phoebus and the Muses",0.0
tragedy,main,1550–1559,1,insufficient (< 5),25,"Kings, power and law: political sententiae",0.0
tragedy,main,1550–1559,1,insufficient (< 5),26,"Devils, hell and fiends",0.0
tragedy,main,1550–1559,1,insufficient (< 5),27,"Uncles, nephews and cousins: kinship and patronage",0.0
tragedy,main,1550–1559,1,insufficient (< 5),28,"Marriage-making: weddings, brides and matches",0.0
tragedy,main,1550–1559,1,insufficient (< 5),30,"Constables, justices and the watch",0.0
tragedy,main,1550–1559,1,insufficient (< 5),31,"Popes, cardinals and the crown",0.0
tragedy,main,1550–1559,1,insufficient (< 5),32,Rings and jewels as tokens,0.0
tragedy,main,1550–1559,1,insufficient (< 5),33,"Fathers, daughters and marriage negotiations",0.0
tragedy,main,1550–1559,1,insufficient (< 5),34,"Thebes and royal catastrophe: siege, slaughter and funeral rites",0.0
tragedy,main,1550–1559,1,insufficient (< 5),35,"Fools, wit and railing",0.0
tragedy,main,1550–1559,1,insufficient (< 5),36,"Hell, Furies and the language of punishment",0.0
tragedy,main,1550–1559,1,insufficient (< 5),37,"Riches, poverty and covetousness",0.0
tragedy,main,1550–1559,1,insufficient (< 5),38,"Death, parting and grief at court",0.0
tragedy,main,1550–1559,1,insufficient (< 5),39,"Profit, conscience and dishonest dealing",0.0
tragedy,main,1550–1559,1,insufficient (< 5),40,"Sin, guilt and violent loss within families",0.0
tragedy,main,1550–1559,1,insufficient (< 5),43,York and Lancaster: dynastic claims and conflict,0.0
tragedy,main,1550–1559,1,insufficient (< 5),44,"Drinking: wine, ale and taverns",0.0
tragedy,main,1550–1559,1,insufficient (< 5),45,"Widows, wooing and remarriage",0.0
tragedy,main,1550–1559,1,insufficient (< 5),46,"Swords, quarrels and valour",0.0
tragedy,main,1550–1559,1,insufficient (< 5),47,"Knaves, thieves and bawds",0.0
tragedy,main,1550–1559,1,insufficient (< 5),49,"Wooing a mistress: suitors, go-betweens and letters",0.0
tragedy,main,1550–1559,1,insufficient (< 5),50,"Fleets, armies and generals: war by sea and land",0.0
tragedy,main,1550–1559,1,insufficient (< 5),51,"Parents and children: blessing, birthright and inheritance",0.0
tragedy,main,1550–1559,1,insufficient (< 5),52,"Prodigals, portions and poor kin",0.0
tragedy,main,1550–1559,1,insufficient (< 5),54,"Antony and Cleopatra: love, death and mourning",0.0
tragedy,main,1550–1559,1,insufficient (< 5),55,"Fairies, fairy queens and enchanted desire",0.0
tragedy,main,1550–1559,1,insufficient (< 5),56,"Magic, spells and conjuring",0.0
tragedy,main,1550–1559,1,insufficient (< 5),59,"Spanish courts: war, honour and courtship",0.0
tragedy,main,1550–1559,1,insufficient (< 5),60,"Imperial Rome: rulers, favour and political exemplars",0.0
tragedy,main,1550–1559,1,insufficient (< 5),62,"The courtier as a type: fashion, affectation and foreign manners",0.0
tragedy,main,1560–1569,14,shown (≥ 10),0,"Court life: dukes, favour and honour",0.0
tragedy,main,1560–1569,14,shown (≥ 10),1,"Death, grief and revenge",6.298
tragedy,main,1560–1569,14,shown (≥ 10),2,"Roman politics: senate, consuls and civil war",0.619
tragedy,main,1560–1569,14,shown (≥ 10),3,"Sickness, physic and doctors",0.0
tragedy,main,1560–1569,14,shown (≥ 10),4,Love-longing and the lover's complaint,0.0
tragedy,main,1560–1569,14,shown (≥ 10),5,"Christian faith, sin and salvation",0.0
tragedy,main,1560–1569,14,shown (≥ 10),6,"Money, debt and credit",0.0
tragedy,main,1560–1569,14,shown (≥ 10),7,The Trojan war: conflict and its aftermath,4.846
tragedy,main,1560–1569,14,shown (≥ 10),8,"Captains, gallants and cheats",0.0
tragedy,main,1560–1569,14,shown (≥ 10),9,"Theatre talk: prologues, poets and players",0.0
tragedy,main,1560–1569,14,shown (≥ 10),10,"England and France: war, embassy and peace",0.0
tragedy,main,1560–1569,14,shown (≥ 10),11,"Siblings, kin and confidants",0.0
tragedy,main,1560–1569,14,shown (≥ 10),12,"Olympian gods: Jupiter, Juno, Venus and Mars",0.318
tragedy,main,1560–1569,14,shown (≥ 10),14,"Royal love, favour and dynastic relationships",0.282
tragedy,main,1560–1569,14,shown (≥ 10),15,Friars and holy orders in plot,0.0
tragedy,main,1560–1569,14,shown (≥ 10),16,"Gallantry: ladies, lordships and compliment",0.0
tragedy,main,1560–1569,14,shown (≥ 10),17,"Eastern conquest: Persians, Turks and soldans",0.271
tragedy,main,1560–1569,14,shown (≥ 10),18,"Rebels, barons and the king's wars at home",0.475
tragedy,main,1560–1569,14,shown (≥ 10),20,"Hercules: labours, suffering and virtue",9.853
tragedy,main,1560–1569,14,shown (≥ 10),21,"Cupid, Venus and the nymphs",0.783
tragedy,main,1560–1569,14,shown (≥ 10),22,"Shepherds, flocks and Pan",0.269
tragedy,main,1560–1569,14,shown (≥ 10),23,"Husbands, wives and jealousy",0.0
tragedy,main,1560–1569,14,shown (≥ 10),24,"Apollo, Phoebus and the Muses",1.419
tragedy,main,1560–1569,14,shown (≥ 10),25,"Kings, power and law: political sententiae",1.619
tragedy,main,1560–1569,14,shown (≥ 10),26,"Devils, hell and fiends",0.0
tragedy,main,1560–1569,14,shown (≥ 10),27,"Uncles, nephews and cousins: kinship and patronage",0.0
tragedy,main,1560–1569,14,shown (≥ 10),28,"Marriage-making: weddings, brides and matches",0.0
tragedy,main,1560–1569,14,shown (≥ 10),30,"Constables, justices and the watch",0.0
tragedy,main,1560–1569,14,shown (≥ 10),31,"Popes, cardinals and the crown",0.0
tragedy,main,1560–1569,14,shown (≥ 10),32,Rings and jewels as tokens,0.0
tragedy,main,1560–1569,14,shown (≥ 10),33,"Fathers, daughters and marriage negotiations",0.0
tragedy,main,1560–1569,14,shown (≥ 10),34,"Thebes and royal catastrophe: siege, slaughter and funeral rites",3.31
tragedy,main,1560–1569,14,shown (≥ 10),35,"Fools, wit and railing",0.0
tragedy,main,1560–1569,14,shown (≥ 10),36,"Hell, Furies and the language of punishment",5.716
tragedy,main,1560–1569,14,shown (≥ 10),37,"Riches, poverty and covetousness",0.0
tragedy,main,1560–1569,14,shown (≥ 10),38,"Death, parting and grief at court",1.555
tragedy,main,1560–1569,14,shown (≥ 10),39,"Profit, conscience and dishonest dealing",0.502
tragedy,main,1560–1569,14,shown (≥ 10),40,"Sin, guilt and violent loss within families",0.848
tragedy,main,1560–1569,14,shown (≥ 10),43,York and Lancaster: dynastic claims and conflict,0.0
tragedy,main,1560–1569,14,shown (≥ 10),44,"Drinking: wine, ale and taverns",0.0
tragedy,main,1560–1569,14,shown (≥ 10),45,"Widows, wooing and remarriage",0.0
tragedy,main,1560–1569,14,shown (≥ 10),46,"Swords, quarrels and valour",0.0
tragedy,main,1560–1569,14,shown (≥ 10),47,"Knaves, thieves and bawds",0.0
tragedy,main,1560–1569,14,shown (≥ 10),49,"Wooing a mistress: suitors, go-betweens and letters",0.0
tragedy,main,1560–1569,14,shown (≥ 10),50,"Fleets, armies and generals: war by sea and land",0.162
tragedy,main,1560–1569,14,shown (≥ 10),51,"Parents and children: blessing, birthright and inheritance",0.0
tragedy,main,1560–1569,14,shown (≥ 10),52,"Prodigals, portions and poor kin",0.0
tragedy,main,1560–1569,14,shown (≥ 10),54,"Antony and Cleopatra: love, death and mourning",0.0
tragedy,main,1560–1569,14,shown (≥ 10),55,"Fairies, fairy queens and enchanted desire",0.0
tragedy,main,1560–1569,14,shown (≥ 10),56,"Magic, spells and conjuring",0.497
tragedy,main,1560–1569,14,shown (≥ 10),59,"Spanish courts: war, honour and courtship",0.0
tragedy,main,1560–1569,14,shown (≥ 10),60,"Imperial Rome: rulers, favour and political exemplars",0.0
tragedy,main,1560–1569,14,shown (≥ 10),62,"The courtier as a type: fashion, affectation and foreign manners",0.0
tragedy,main,1570–1579,1,insufficient (< 5),0,"Court life: dukes, favour and honour",0.0
tragedy,main,1570–1579,1,insufficient (< 5),1,"Death, grief and revenge",0.0
tragedy,main,1570–1579,1,insufficient (< 5),2,"Roman politics: senate, consuls and civil war",0.0
tragedy,main,1570–1579,1,insufficient (< 5),3,"Sickness, physic and doctors",0.0
tragedy,main,1570–1579,1,insufficient (< 5),4,Love-longing and the lover's complaint,0.0
tragedy,main,1570–1579,1,insufficient (< 5),5,"Christian faith, sin and salvation",11.675
tragedy,main,1570–1579,1,insufficient (< 5),6,"Money, debt and credit",0.0
tragedy,main,1570–1579,1,insufficient (< 5),7,The Trojan war: conflict and its aftermath,0.0
tragedy,main,1570–1579,1,insufficient (< 5),8,"Captains, gallants and cheats",0.0
tragedy,main,1570–1579,1,insufficient (< 5),9,"Theatre talk: prologues, poets and players",0.0
tragedy,main,1570–1579,1,insufficient (< 5),10,"England and France: war, embassy and peace",0.0
tragedy,main,1570–1579,1,insufficient (< 5),11,"Siblings, kin and confidants",0.0
tragedy,main,1570–1579,1,insufficient (< 5),12,"Olympian gods: Jupiter, Juno, Venus and Mars",0.0
tragedy,main,1570–1579,1,insufficient (< 5),14,"Royal love, favour and dynastic relationships",0.0
tragedy,main,1570–1579,1,insufficient (< 5),15,Friars and holy orders in plot,0.0
tragedy,main,1570–1579,1,insufficient (< 5),16,"Gallantry: ladies, lordships and compliment",0.0
tragedy,main,1570–1579,1,insufficient (< 5),17,"Eastern conquest: Persians, Turks and soldans",0.0
tragedy,main,1570–1579,1,insufficient (< 5),18,"Rebels, barons and the king's wars at home",0.0
tragedy,main,1570–1579,1,insufficient (< 5),20,"Hercules: labours, suffering and virtue",0.0
tragedy,main,1570–1579,1,insufficient (< 5),21,"Cupid, Venus and the nymphs",0.0
tragedy,main,1570–1579,1,insufficient (< 5),22,"Shepherds, flocks and Pan",0.0
tragedy,main,1570–1579,1,insufficient (< 5),23,"Husbands, wives and jealousy",0.0
tragedy,main,1570–1579,1,insufficient (< 5),24,"Apollo, Phoebus and the Muses",0.0
tragedy,main,1570–1579,1,insufficient (< 5),25,"Kings, power and law: political sententiae",0.0
tragedy,main,1570–1579,1,insufficient (< 5),26,"Devils, hell and fiends",0.0
tragedy,main,1570–1579,1,insufficient (< 5),27,"Uncles, nephews and cousins: kinship and patronage",0.0
tragedy,main,1570–1579,1,insufficient (< 5),28,"Marriage-making: weddings, brides and matches",0.0
tragedy,main,1570–1579,1,insufficient (< 5),30,"Constables, justices and the watch",0.0
tragedy,main,1570–1579,1,insufficient (< 5),31,"Popes, cardinals and the crown",0.0
tragedy,main,1570–1579,1,insufficient (< 5),32,Rings and jewels as tokens,0.0
tragedy,main,1570–1579,1,insufficient (< 5),33,"Fathers, daughters and marriage negotiations",0.0
tragedy,main,1570–1579,1,insufficient (< 5),34,"Thebes and royal catastrophe: siege, slaughter and funeral rites",0.0
tragedy,main,1570–1579,1,insufficient (< 5),35,"Fools, wit and railing",0.0
tragedy,main,1570–1579,1,insufficient (< 5),36,"Hell, Furies and the language of punishment",0.0
tragedy,main,1570–1579,1,insufficient (< 5),37,"Riches, poverty and covetousness",0.0
tragedy,main,1570–1579,1,insufficient (< 5),38,"Death, parting and grief at court",0.0
tragedy,main,1570–1579,1,insufficient (< 5),39,"Profit, conscience and dishonest dealing",0.0
tragedy,main,1570–1579,1,insufficient (< 5),40,"Sin, guilt and violent loss within families",0.0
tragedy,main,1570–1579,1,insufficient (< 5),43,York and Lancaster: dynastic claims and conflict,0.0
tragedy,main,1570–1579,1,insufficient (< 5),44,"Drinking: wine, ale and taverns",0.0
tragedy,main,1570–1579,1,insufficient (< 5),45,"Widows, wooing and remarriage",0.0
tragedy,main,1570–1579,1,insufficient (< 5),46,"Swords, quarrels and valour",0.0
tragedy,main,1570–1579,1,insufficient (< 5),47,"Knaves, thieves and bawds",0.0
tragedy,main,1570–1579,1,insufficient (< 5),49,"Wooing a mistress: suitors, go-betweens and letters",0.0
tragedy,main,1570–1579,1,insufficient (< 5),50,"Fleets, armies and generals: war by sea and land",0.0
tragedy,main,1570–1579,1,insufficient (< 5),51,"Parents and children: blessing, birthright and inheritance",0.0
tragedy,main,1570–1579,1,insufficient (< 5),52,"Prodigals, portions and poor kin",0.0
tragedy,main,1570–1579,1,insufficient (< 5),54,"Antony and Cleopatra: love, death and mourning",0.0
tragedy,main,1570–1579,1,insufficient (< 5),55,"Fairies, fairy queens and enchanted desire",0.0
tragedy,main,1570–1579,1,insufficient (< 5),56,"Magic, spells and conjuring",0.0
tragedy,main,1570–1579,1,insufficient (< 5),59,"Spanish courts: war, honour and courtship",0.0
tragedy,main,1570–1579,1,insufficient (< 5),60,"Imperial Rome: rulers, favour and political exemplars",0.0
tragedy,main,1570–1579,1,insufficient (< 5),62,"The courtier as a type: fashion, affectation and foreign manners",0.0
tragedy,main,1580–1589,12,shown (≥ 10),0,"Court life: dukes, favour and honour",0.206
tragedy,main,1580–1589,12,shown (≥ 10),1,"Death, grief and revenge",4.732
tragedy,main,1580–1589,12,shown (≥ 10),2,"Roman politics: senate, consuls and civil war",7.388
tragedy,main,1580–1589,12,shown (≥ 10),3,"Sickness, physic and doctors",1.309
tragedy,main,1580–1589,12,shown (≥ 10),4,Love-longing and the lover's complaint,1.189
tragedy,main,1580–1589,12,shown (≥ 10),5,"Christian faith, sin and salvation",0.0
tragedy,main,1580–1589,12,shown (≥ 10),6,"Money, debt and credit",0.738
tragedy,main,1580–1589,12,shown (≥ 10),7,The Trojan war: conflict and its aftermath,3.418
tragedy,main,1580–1589,12,shown (≥ 10),8,"Captains, gallants and cheats",0.0
tragedy,main,1580–1589,12,shown (≥ 10),9,"Theatre talk: prologues, poets and players",0.225
tragedy,main,1580–1589,12,shown (≥ 10),10,"England and France: war, embassy and peace",0.0
tragedy,main,1580–1589,12,shown (≥ 10),11,"Siblings, kin and confidants",0.823
tragedy,main,1580–1589,12,shown (≥ 10),12,"Olympian gods: Jupiter, Juno, Venus and Mars",0.295
tragedy,main,1580–1589,12,shown (≥ 10),14,"Royal love, favour and dynastic relationships",0.0
tragedy,main,1580–1589,12,shown (≥ 10),15,Friars and holy orders in plot,1.267
tragedy,main,1580–1589,12,shown (≥ 10),16,"Gallantry: ladies, lordships and compliment",0.0
tragedy,main,1580–1589,12,shown (≥ 10),17,"Eastern conquest: Persians, Turks and soldans",15.6
tragedy,main,1580–1589,12,shown (≥ 10),18,"Rebels, barons and the king's wars at home",0.0
tragedy,main,1580–1589,12,shown (≥ 10),20,"Hercules: labours, suffering and virtue",0.0
tragedy,main,1580–1589,12,shown (≥ 10),21,"Cupid, Venus and the nymphs",0.0
tragedy,main,1580–1589,12,shown (≥ 10),22,"Shepherds, flocks and Pan",0.255
tragedy,main,1580–1589,12,shown (≥ 10),23,"Husbands, wives and jealousy",0.229
tragedy,main,1580–1589,12,shown (≥ 10),24,"Apollo, Phoebus and the Muses",0.0
tragedy,main,1580–1589,12,shown (≥ 10),25,"Kings, power and law: political sententiae",0.912
tragedy,main,1580–1589,12,shown (≥ 10),26,"Devils, hell and fiends",0.348
tragedy,main,1580–1589,12,shown (≥ 10),27,"Uncles, nephews and cousins: kinship and patronage",0.0
tragedy,main,1580–1589,12,shown (≥ 10),28,"Marriage-making: weddings, brides and matches",0.0
tragedy,main,1580–1589,12,shown (≥ 10),30,"Constables, justices and the watch",0.0
tragedy,main,1580–1589,12,shown (≥ 10),31,"Popes, cardinals and the crown",0.0
tragedy,main,1580–1589,12,shown (≥ 10),32,Rings and jewels as tokens,0.0
tragedy,main,1580–1589,12,shown (≥ 10),33,"Fathers, daughters and marriage negotiations",0.221
tragedy,main,1580–1589,12,shown (≥ 10),34,"Thebes and royal catastrophe: siege, slaughter and funeral rites",3.204
tragedy,main,1580–1589,12,shown (≥ 10),35,"Fools, wit and railing",0.0
tragedy,main,1580–1589,12,shown (≥ 10),36,"Hell, Furies and the language of punishment",0.81
tragedy,main,1580–1589,12,shown (≥ 10),37,"Riches, poverty and covetousness",0.0
tragedy,main,1580–1589,12,shown (≥ 10),38,"Death, parting and grief at court",0.0
tragedy,main,1580–1589,12,shown (≥ 10),39,"Profit, conscience and dishonest dealing",0.0
tragedy,main,1580–1589,12,shown (≥ 10),40,"Sin, guilt and violent loss within families",0.0
tragedy,main,1580–1589,12,shown (≥ 10),43,York and Lancaster: dynastic claims and conflict,0.0
tragedy,main,1580–1589,12,shown (≥ 10),44,"Drinking: wine, ale and taverns",0.219
tragedy,main,1580–1589,12,shown (≥ 10),45,"Widows, wooing and remarriage",0.0
tragedy,main,1580–1589,12,shown (≥ 10),46,"Swords, quarrels and valour",0.0
tragedy,main,1580–1589,12,shown (≥ 10),47,"Knaves, thieves and bawds",0.0
tragedy,main,1580–1589,12,shown (≥ 10),49,"Wooing a mistress: suitors, go-betweens and letters",0.0
tragedy,main,1580–1589,12,shown (≥ 10),50,"Fleets, armies and generals: war by sea and land",0.24
tragedy,main,1580–1589,12,shown (≥ 10),51,"Parents and children: blessing, birthright and inheritance",0.0
tragedy,main,1580–1589,12,shown (≥ 10),52,"Prodigals, portions and poor kin",0.0
tragedy,main,1580–1589,12,shown (≥ 10),54,"Antony and Cleopatra: love, death and mourning",0.0
tragedy,main,1580–1589,12,shown (≥ 10),55,"Fairies, fairy queens and enchanted desire",0.0
tragedy,main,1580–1589,12,shown (≥ 10),56,"Magic, spells and conjuring",1.475
tragedy,main,1580–1589,12,shown (≥ 10),59,"Spanish courts: war, honour and courtship",0.817
tragedy,main,1580–1589,12,shown (≥ 10),60,"Imperial Rome: rulers, favour and political exemplars",0.228
tragedy,main,1580–1589,12,shown (≥ 10),62,"The courtier as a type: fashion, affectation and foreign manners",0.0
tragedy,main,1590–1599,12,shown (≥ 10),0,"Court life: dukes, favour and honour",0.0
tragedy,main,1590–1599,12,shown (≥ 10),1,"Death, grief and revenge",5.748
tragedy,main,1590–1599,12,shown (≥ 10),2,"Roman politics: senate, consuls and civil war",12.091
tragedy,main,1590–1599,12,shown (≥ 10),3,"Sickness, physic and doctors",0.0
tragedy,main,1590–1599,12,shown (≥ 10),4,Love-longing and the lover's complaint,1.715
tragedy,main,1590–1599,12,shown (≥ 10),5,"Christian faith, sin and salvation",0.686
tragedy,main,1590–1599,12,shown (≥ 10),6,"Money, debt and credit",0.232
tragedy,main,1590–1599,12,shown (≥ 10),7,The Trojan war: conflict and its aftermath,0.555
tragedy,main,1590–1599,12,shown (≥ 10),8,"Captains, gallants and cheats",0.0
tragedy,main,1590–1599,12,shown (≥ 10),9,"Theatre talk: prologues, poets and players",0.0
tragedy,main,1590–1599,12,shown (≥ 10),10,"England and France: war, embassy and peace",0.0
tragedy,main,1590–1599,12,shown (≥ 10),11,"Siblings, kin and confidants",0.0
tragedy,main,1590–1599,12,shown (≥ 10),12,"Olympian gods: Jupiter, Juno, Venus and Mars",0.0
tragedy,main,1590–1599,12,shown (≥ 10),14,"Royal love, favour and dynastic relationships",0.334
tragedy,main,1590–1599,12,shown (≥ 10),15,Friars and holy orders in plot,1.989
tragedy,main,1590–1599,12,shown (≥ 10),16,"Gallantry: ladies, lordships and compliment",0.0
tragedy,main,1590–1599,12,shown (≥ 10),17,"Eastern conquest: Persians, Turks and soldans",0.534
tragedy,main,1590–1599,12,shown (≥ 10),18,"Rebels, barons and the king's wars at home",0.176
tragedy,main,1590–1599,12,shown (≥ 10),20,"Hercules: labours, suffering and virtue",0.269
tragedy,main,1590–1599,12,shown (≥ 10),21,"Cupid, Venus and the nymphs",0.239
tragedy,main,1590–1599,12,shown (≥ 10),22,"Shepherds, flocks and Pan",0.221
tragedy,main,1590–1599,12,shown (≥ 10),23,"Husbands, wives and jealousy",0.0
tragedy,main,1590–1599,12,shown (≥ 10),24,"Apollo, Phoebus and the Muses",0.0
tragedy,main,1590–1599,12,shown (≥ 10),25,"Kings, power and law: political sententiae",5.19
tragedy,main,1590–1599,12,shown (≥ 10),26,"Devils, hell and fiends",0.0
tragedy,main,1590–1599,12,shown (≥ 10),27,"Uncles, nephews and cousins: kinship and patronage",0.0
tragedy,main,1590–1599,12,shown (≥ 10),28,"Marriage-making: weddings, brides and matches",0.268
tragedy,main,1590–1599,12,shown (≥ 10),30,"Constables, justices and the watch",0.0
tragedy,main,1590–1599,12,shown (≥ 10),31,"Popes, cardinals and the crown",1.298
tragedy,main,1590–1599,12,shown (≥ 10),32,Rings and jewels as tokens,0.189
tragedy,main,1590–1599,12,shown (≥ 10),33,"Fathers, daughters and marriage negotiations",0.178
tragedy,main,1590–1599,12,shown (≥ 10),34,"Thebes and royal catastrophe: siege, slaughter and funeral rites",0.222
tragedy,main,1590–1599,12,shown (≥ 10),35,"Fools, wit and railing",0.0
tragedy,main,1590–1599,12,shown (≥ 10),36,"Hell, Furies and the language of punishment",1.058
tragedy,main,1590–1599,12,shown (≥ 10),37,"Riches, poverty and covetousness",0.0
tragedy,main,1590–1599,12,shown (≥ 10),38,"Death, parting and grief at court",0.0
tragedy,main,1590–1599,12,shown (≥ 10),39,"Profit, conscience and dishonest dealing",0.0
tragedy,main,1590–1599,12,shown (≥ 10),40,"Sin, guilt and violent loss within families",1.342
tragedy,main,1590–1599,12,shown (≥ 10),43,York and Lancaster: dynastic claims and conflict,0.0
tragedy,main,1590–1599,12,shown (≥ 10),44,"Drinking: wine, ale and taverns",0.0
tragedy,main,1590–1599,12,shown (≥ 10),45,"Widows, wooing and remarriage",0.0
tragedy,main,1590–1599,12,shown (≥ 10),46,"Swords, quarrels and valour",0.268
tragedy,main,1590–1599,12,shown (≥ 10),47,"Knaves, thieves and bawds",0.0
tragedy,main,1590–1599,12,shown (≥ 10),49,"Wooing a mistress: suitors, go-betweens and letters",0.0
tragedy,main,1590–1599,12,shown (≥ 10),50,"Fleets, armies and generals: war by sea and land",0.0
tragedy,main,1590–1599,12,shown (≥ 10),51,"Parents and children: blessing, birthright and inheritance",0.0
tragedy,main,1590–1599,12,shown (≥ 10),52,"Prodigals, portions and poor kin",0.378
tragedy,main,1590–1599,12,shown (≥ 10),54,"Antony and Cleopatra: love, death and mourning",6.011
tragedy,main,1590–1599,12,shown (≥ 10),55,"Fairies, fairy queens and enchanted desire",0.171
tragedy,main,1590–1599,12,shown (≥ 10),56,"Magic, spells and conjuring",0.0
tragedy,main,1590–1599,12,shown (≥ 10),59,"Spanish courts: war, honour and courtship",0.0
tragedy,main,1590–1599,12,shown (≥ 10),60,"Imperial Rome: rulers, favour and political exemplars",1.243
tragedy,main,1590–1599,12,shown (≥ 10),62,"The courtier as a type: fashion, affectation and foreign manners",0.0
tragedy,main,1600–1609,29,shown (≥ 10),0,"Court life: dukes, favour and honour",5.714
tragedy,main,1600–1609,29,shown (≥ 10),1,"Death, grief and revenge",5.442
tragedy,main,1600–1609,29,shown (≥ 10),2,"Roman politics: senate, consuls and civil war",9.501
tragedy,main,1600–1609,29,shown (≥ 10),3,"Sickness, physic and doctors",0.46
tragedy,main,1600–1609,29,shown (≥ 10),4,Love-longing and the lover's complaint,0.944
tragedy,main,1600–1609,29,shown (≥ 10),5,"Christian faith, sin and salvation",0.369
tragedy,main,1600–1609,29,shown (≥ 10),6,"Money, debt and credit",1.01
tragedy,main,1600–1609,29,shown (≥ 10),7,The Trojan war: conflict and its aftermath,2.175
tragedy,main,1600–1609,29,shown (≥ 10),8,"Captains, gallants and cheats",0.0
tragedy,main,1600–1609,29,shown (≥ 10),9,"Theatre talk: prologues, poets and players",0.359
tragedy,main,1600–1609,29,shown (≥ 10),10,"England and France: war, embassy and peace",0.372
tragedy,main,1600–1609,29,shown (≥ 10),11,"Siblings, kin and confidants",0.539
tragedy,main,1600–1609,29,shown (≥ 10),12,"Olympian gods: Jupiter, Juno, Venus and Mars",0.0
tragedy,main,1600–1609,29,shown (≥ 10),14,"Royal love, favour and dynastic relationships",0.508
tragedy,main,1600–1609,29,shown (≥ 10),15,Friars and holy orders in plot,0.165
tragedy,main,1600–1609,29,shown (≥ 10),16,"Gallantry: ladies, lordships and compliment",0.0
tragedy,main,1600–1609,29,shown (≥ 10),17,"Eastern conquest: Persians, Turks and soldans",0.25
tragedy,main,1600–1609,29,shown (≥ 10),18,"Rebels, barons and the king's wars at home",0.288
tragedy,main,1600–1609,29,shown (≥ 10),20,"Hercules: labours, suffering and virtue",0.0
tragedy,main,1600–1609,29,shown (≥ 10),21,"Cupid, Venus and the nymphs",0.083
tragedy,main,1600–1609,29,shown (≥ 10),22,"Shepherds, flocks and Pan",0.072
tragedy,main,1600–1609,29,shown (≥ 10),23,"Husbands, wives and jealousy",0.667
tragedy,main,1600–1609,29,shown (≥ 10),24,"Apollo, Phoebus and the Muses",0.0
tragedy,main,1600–1609,29,shown (≥ 10),25,"Kings, power and law: political sententiae",1.828
tragedy,main,1600–1609,29,shown (≥ 10),26,"Devils, hell and fiends",0.478
tragedy,main,1600–1609,29,shown (≥ 10),27,"Uncles, nephews and cousins: kinship and patronage",0.513
tragedy,main,1600–1609,29,shown (≥ 10),28,"Marriage-making: weddings, brides and matches",0.283
tragedy,main,1600–1609,29,shown (≥ 10),30,"Constables, justices and the watch",0.0
tragedy,main,1600–1609,29,shown (≥ 10),31,"Popes, cardinals and the crown",0.305
tragedy,main,1600–1609,29,shown (≥ 10),32,Rings and jewels as tokens,0.0
tragedy,main,1600–1609,29,shown (≥ 10),33,"Fathers, daughters and marriage negotiations",0.083
tragedy,main,1600–1609,29,shown (≥ 10),34,"Thebes and royal catastrophe: siege, slaughter and funeral rites",0.0
tragedy,main,1600–1609,29,shown (≥ 10),35,"Fools, wit and railing",0.534
tragedy,main,1600–1609,29,shown (≥ 10),36,"Hell, Furies and the language of punishment",0.258
tragedy,main,1600–1609,29,shown (≥ 10),37,"Riches, poverty and covetousness",0.237
tragedy,main,1600–1609,29,shown (≥ 10),38,"Death, parting and grief at court",0.509
tragedy,main,1600–1609,29,shown (≥ 10),39,"Profit, conscience and dishonest dealing",0.283
tragedy,main,1600–1609,29,shown (≥ 10),40,"Sin, guilt and violent loss within families",0.915
tragedy,main,1600–1609,29,shown (≥ 10),43,York and Lancaster: dynastic claims and conflict,0.0
tragedy,main,1600–1609,29,shown (≥ 10),44,"Drinking: wine, ale and taverns",0.074
tragedy,main,1600–1609,29,shown (≥ 10),45,"Widows, wooing and remarriage",0.086
tragedy,main,1600–1609,29,shown (≥ 10),46,"Swords, quarrels and valour",0.0
tragedy,main,1600–1609,29,shown (≥ 10),47,"Knaves, thieves and bawds",0.0
tragedy,main,1600–1609,29,shown (≥ 10),49,"Wooing a mistress: suitors, go-betweens and letters",0.076
tragedy,main,1600–1609,29,shown (≥ 10),50,"Fleets, armies and generals: war by sea and land",0.447
tragedy,main,1600–1609,29,shown (≥ 10),51,"Parents and children: blessing, birthright and inheritance",0.184
tragedy,main,1600–1609,29,shown (≥ 10),52,"Prodigals, portions and poor kin",0.844
tragedy,main,1600–1609,29,shown (≥ 10),54,"Antony and Cleopatra: love, death and mourning",0.288
tragedy,main,1600–1609,29,shown (≥ 10),55,"Fairies, fairy queens and enchanted desire",0.0
tragedy,main,1600–1609,29,shown (≥ 10),56,"Magic, spells and conjuring",0.105
tragedy,main,1600–1609,29,shown (≥ 10),59,"Spanish courts: war, honour and courtship",2.78
tragedy,main,1600–1609,29,shown (≥ 10),60,"Imperial Rome: rulers, favour and political exemplars",0.075
tragedy,main,1600–1609,29,shown (≥ 10),62,"The courtier as a type: fashion, affectation and foreign manners",0.0
tragedy,main,1610–1619,19,shown (≥ 10),0,"Court life: dukes, favour and honour",4.479
tragedy,main,1610–1619,19,shown (≥ 10),1,"Death, grief and revenge",9.614
tragedy,main,1610–1619,19,shown (≥ 10),2,"Roman politics: senate, consuls and civil war",7.307
tragedy,main,1610–1619,19,shown (≥ 10),3,"Sickness, physic and doctors",1.118
tragedy,main,1610–1619,19,shown (≥ 10),4,Love-longing and the lover's complaint,0.548
tragedy,main,1610–1619,19,shown (≥ 10),5,"Christian faith, sin and salvation",0.248
tragedy,main,1610–1619,19,shown (≥ 10),6,"Money, debt and credit",0.107
tragedy,main,1610–1619,19,shown (≥ 10),7,The Trojan war: conflict and its aftermath,0.736
tragedy,main,1610–1619,19,shown (≥ 10),8,"Captains, gallants and cheats",0.697
tragedy,main,1610–1619,19,shown (≥ 10),9,"Theatre talk: prologues, poets and players",0.453
tragedy,main,1610–1619,19,shown (≥ 10),10,"England and France: war, embassy and peace",0.296
tragedy,main,1610–1619,19,shown (≥ 10),11,"Siblings, kin and confidants",1.318
tragedy,main,1610–1619,19,shown (≥ 10),12,"Olympian gods: Jupiter, Juno, Venus and Mars",0.65
tragedy,main,1610–1619,19,shown (≥ 10),14,"Royal love, favour and dynastic relationships",0.554
tragedy,main,1610–1619,19,shown (≥ 10),15,Friars and holy orders in plot,0.134
tragedy,main,1610–1619,19,shown (≥ 10),16,"Gallantry: ladies, lordships and compliment",0.375
tragedy,main,1610–1619,19,shown (≥ 10),17,"Eastern conquest: Persians, Turks and soldans",1.28
tragedy,main,1610–1619,19,shown (≥ 10),18,"Rebels, barons and the king's wars at home",0.135
tragedy,main,1610–1619,19,shown (≥ 10),20,"Hercules: labours, suffering and virtue",0.0
tragedy,main,1610–1619,19,shown (≥ 10),21,"Cupid, Venus and the nymphs",0.0
tragedy,main,1610–1619,19,shown (≥ 10),22,"Shepherds, flocks and Pan",0.0
tragedy,main,1610–1619,19,shown (≥ 10),23,"Husbands, wives and jealousy",1.005
tragedy,main,1610–1619,19,shown (≥ 10),24,"Apollo, Phoebus and the Muses",0.248
tragedy,main,1610–1619,19,shown (≥ 10),25,"Kings, power and law: political sententiae",0.658
tragedy,main,1610–1619,19,shown (≥ 10),26,"Devils, hell and fiends",0.502
tragedy,main,1610–1619,19,shown (≥ 10),27,"Uncles, nephews and cousins: kinship and patronage",0.0
tragedy,main,1610–1619,19,shown (≥ 10),28,"Marriage-making: weddings, brides and matches",0.406
tragedy,main,1610–1619,19,shown (≥ 10),30,"Constables, justices and the watch",0.143
tragedy,main,1610–1619,19,shown (≥ 10),31,"Popes, cardinals and the crown",0.545
tragedy,main,1610–1619,19,shown (≥ 10),32,Rings and jewels as tokens,0.304
tragedy,main,1610–1619,19,shown (≥ 10),33,"Fathers, daughters and marriage negotiations",0.157
tragedy,main,1610–1619,19,shown (≥ 10),34,"Thebes and royal catastrophe: siege, slaughter and funeral rites",0.0
tragedy,main,1610–1619,19,shown (≥ 10),35,"Fools, wit and railing",0.078
tragedy,main,1610–1619,19,shown (≥ 10),36,"Hell, Furies and the language of punishment",0.455
tragedy,main,1610–1619,19,shown (≥ 10),37,"Riches, poverty and covetousness",0.083
tragedy,main,1610–1619,19,shown (≥ 10),38,"Death, parting and grief at court",0.478
tragedy,main,1610–1619,19,shown (≥ 10),39,"Profit, conscience and dishonest dealing",0.0
tragedy,main,1610–1619,19,shown (≥ 10),40,"Sin, guilt and violent loss within families",0.783
tragedy,main,1610–1619,19,shown (≥ 10),43,York and Lancaster: dynastic claims and conflict,0.0
tragedy,main,1610–1619,19,shown (≥ 10),44,"Drinking: wine, ale and taverns",0.137
tragedy,main,1610–1619,19,shown (≥ 10),45,"Widows, wooing and remarriage",0.3
tragedy,main,1610–1619,19,shown (≥ 10),46,"Swords, quarrels and valour",0.27
tragedy,main,1610–1619,19,shown (≥ 10),47,"Knaves, thieves and bawds",0.482
tragedy,main,1610–1619,19,shown (≥ 10),49,"Wooing a mistress: suitors, go-betweens and letters",0.131
tragedy,main,1610–1619,19,shown (≥ 10),50,"Fleets, armies and generals: war by sea and land",0.236
tragedy,main,1610–1619,19,shown (≥ 10),51,"Parents and children: blessing, birthright and inheritance",0.289
tragedy,main,1610–1619,19,shown (≥ 10),52,"Prodigals, portions and poor kin",0.0
tragedy,main,1610–1619,19,shown (≥ 10),54,"Antony and Cleopatra: love, death and mourning",0.393
tragedy,main,1610–1619,19,shown (≥ 10),55,"Fairies, fairy queens and enchanted desire",0.0
tragedy,main,1610–1619,19,shown (≥ 10),56,"Magic, spells and conjuring",0.134
tragedy,main,1610–1619,19,shown (≥ 10),59,"Spanish courts: war, honour and courtship",0.304
tragedy,main,1610–1619,19,shown (≥ 10),60,"Imperial Rome: rulers, favour and political exemplars",0.747
tragedy,main,1610–1619,19,shown (≥ 10),62,"The courtier as a type: fashion, affectation and foreign manners",0.195
tragedy,main,1620–1629,13,shown (≥ 10),0,"Court life: dukes, favour and honour",6.253
tragedy,main,1620–1629,13,shown (≥ 10),1,"Death, grief and revenge",8.882
tragedy,main,1620–1629,13,shown (≥ 10),2,"Roman politics: senate, consuls and civil war",2.355
tragedy,main,1620–1629,13,shown (≥ 10),3,"Sickness, physic and doctors",1.91
tragedy,main,1620–1629,13,shown (≥ 10),4,Love-longing and the lover's complaint,0.644
tragedy,main,1620–1629,13,shown (≥ 10),5,"Christian faith, sin and salvation",0.182
tragedy,main,1620–1629,13,shown (≥ 10),6,"Money, debt and credit",0.0
tragedy,main,1620–1629,13,shown (≥ 10),7,The Trojan war: conflict and its aftermath,0.386
tragedy,main,1620–1629,13,shown (≥ 10),8,"Captains, gallants and cheats",0.21
tragedy,main,1620–1629,13,shown (≥ 10),9,"Theatre talk: prologues, poets and players",0.223
tragedy,main,1620–1629,13,shown (≥ 10),10,"England and France: war, embassy and peace",4.454
tragedy,main,1620–1629,13,shown (≥ 10),11,"Siblings, kin and confidants",2.178
tragedy,main,1620–1629,13,shown (≥ 10),12,"Olympian gods: Jupiter, Juno, Venus and Mars",0.352
tragedy,main,1620–1629,13,shown (≥ 10),14,"Royal love, favour and dynastic relationships",0.744
tragedy,main,1620–1629,13,shown (≥ 10),15,Friars and holy orders in plot,0.275
tragedy,main,1620–1629,13,shown (≥ 10),16,"Gallantry: ladies, lordships and compliment",0.422
tragedy,main,1620–1629,13,shown (≥ 10),17,"Eastern conquest: Persians, Turks and soldans",0.0
tragedy,main,1620–1629,13,shown (≥ 10),18,"Rebels, barons and the king's wars at home",0.211
tragedy,main,1620–1629,13,shown (≥ 10),20,"Hercules: labours, suffering and virtue",0.0
tragedy,main,1620–1629,13,shown (≥ 10),21,"Cupid, Venus and the nymphs",0.0
tragedy,main,1620–1629,13,shown (≥ 10),22,"Shepherds, flocks and Pan",0.212
tragedy,main,1620–1629,13,shown (≥ 10),23,"Husbands, wives and jealousy",0.218
tragedy,main,1620–1629,13,shown (≥ 10),24,"Apollo, Phoebus and the Muses",0.0
tragedy,main,1620–1629,13,shown (≥ 10),25,"Kings, power and law: political sententiae",0.261
tragedy,main,1620–1629,13,shown (≥ 10),26,"Devils, hell and fiends",0.176
tragedy,main,1620–1629,13,shown (≥ 10),27,"Uncles, nephews and cousins: kinship and patronage",0.0
tragedy,main,1620–1629,13,shown (≥ 10),28,"Marriage-making: weddings, brides and matches",0.214
tragedy,main,1620–1629,13,shown (≥ 10),30,"Constables, justices and the watch",0.0
tragedy,main,1620–1629,13,shown (≥ 10),31,"Popes, cardinals and the crown",0.0
tragedy,main,1620–1629,13,shown (≥ 10),32,Rings and jewels as tokens,0.204
tragedy,main,1620–1629,13,shown (≥ 10),33,"Fathers, daughters and marriage negotiations",0.0
tragedy,main,1620–1629,13,shown (≥ 10),34,"Thebes and royal catastrophe: siege, slaughter and funeral rites",4.587
tragedy,main,1620–1629,13,shown (≥ 10),35,"Fools, wit and railing",0.212
tragedy,main,1620–1629,13,shown (≥ 10),36,"Hell, Furies and the language of punishment",1.454
tragedy,main,1620–1629,13,shown (≥ 10),37,"Riches, poverty and covetousness",0.0
tragedy,main,1620–1629,13,shown (≥ 10),38,"Death, parting and grief at court",0.398
tragedy,main,1620–1629,13,shown (≥ 10),39,"Profit, conscience and dishonest dealing",0.0
tragedy,main,1620–1629,13,shown (≥ 10),40,"Sin, guilt and violent loss within families",0.208
tragedy,main,1620–1629,13,shown (≥ 10),43,York and Lancaster: dynastic claims and conflict,0.0
tragedy,main,1620–1629,13,shown (≥ 10),44,"Drinking: wine, ale and taverns",0.385
tragedy,main,1620–1629,13,shown (≥ 10),45,"Widows, wooing and remarriage",0.0
tragedy,main,1620–1629,13,shown (≥ 10),46,"Swords, quarrels and valour",0.0
tragedy,main,1620–1629,13,shown (≥ 10),47,"Knaves, thieves and bawds",0.175
tragedy,main,1620–1629,13,shown (≥ 10),49,"Wooing a mistress: suitors, go-betweens and letters",0.0
tragedy,main,1620–1629,13,shown (≥ 10),50,"Fleets, armies and generals: war by sea and land",0.574
tragedy,main,1620–1629,13,shown (≥ 10),51,"Parents and children: blessing, birthright and inheritance",0.189
tragedy,main,1620–1629,13,shown (≥ 10),52,"Prodigals, portions and poor kin",0.0
tragedy,main,1620–1629,13,shown (≥ 10),54,"Antony and Cleopatra: love, death and mourning",1.058
tragedy,main,1620–1629,13,shown (≥ 10),55,"Fairies, fairy queens and enchanted desire",0.0
tragedy,main,1620–1629,13,shown (≥ 10),56,"Magic, spells and conjuring",0.199
tragedy,main,1620–1629,13,shown (≥ 10),59,"Spanish courts: war, honour and courtship",1.898
tragedy,main,1620–1629,13,shown (≥ 10),60,"Imperial Rome: rulers, favour and political exemplars",1.266
tragedy,main,1620–1629,13,shown (≥ 10),62,"The courtier as a type: fashion, affectation and foreign manners",0.0
tragedy,main,1630–1639,9,sparse (5–9),0,"Court life: dukes, favour and honour",16.421
tragedy,main,1630–1639,9,sparse (5–9),1,"Death, grief and revenge",7.091
tragedy,main,1630–1639,9,sparse (5–9),2,"Roman politics: senate, consuls and civil war",2.472
tragedy,main,1630–1639,9,sparse (5–9),3,"Sickness, physic and doctors",0.462
tragedy,main,1630–1639,9,sparse (5–9),4,Love-longing and the lover's complaint,1.772
tragedy,main,1630–1639,9,sparse (5–9),5,"Christian faith, sin and salvation",0.0
tragedy,main,1630–1639,9,sparse (5–9),6,"Money, debt and credit",0.0
tragedy,main,1630–1639,9,sparse (5–9),7,The Trojan war: conflict and its aftermath,0.0
tragedy,main,1630–1639,9,sparse (5–9),8,"Captains, gallants and cheats",0.646
tragedy,main,1630–1639,9,sparse (5–9),9,"Theatre talk: prologues, poets and players",1.255
tragedy,main,1630–1639,9,sparse (5–9),10,"England and France: war, embassy and peace",0.345
tragedy,main,1630–1639,9,sparse (5–9),11,"Siblings, kin and confidants",0.289
tragedy,main,1630–1639,9,sparse (5–9),12,"Olympian gods: Jupiter, Juno, Venus and Mars",0.174
tragedy,main,1630–1639,9,sparse (5–9),14,"Royal love, favour and dynastic relationships",2.099
tragedy,main,1630–1639,9,sparse (5–9),15,Friars and holy orders in plot,0.0
tragedy,main,1630–1639,9,sparse (5–9),16,"Gallantry: ladies, lordships and compliment",0.431
tragedy,main,1630–1639,9,sparse (5–9),17,"Eastern conquest: Persians, Turks and soldans",4.157
tragedy,main,1630–1639,9,sparse (5–9),18,"Rebels, barons and the king's wars at home",0.0
tragedy,main,1630–1639,9,sparse (5–9),20,"Hercules: labours, suffering and virtue",0.0
tragedy,main,1630–1639,9,sparse (5–9),21,"Cupid, Venus and the nymphs",0.355
tragedy,main,1630–1639,9,sparse (5–9),22,"Shepherds, flocks and Pan",0.0
tragedy,main,1630–1639,9,sparse (5–9),23,"Husbands, wives and jealousy",1.21
tragedy,main,1630–1639,9,sparse (5–9),24,"Apollo, Phoebus and the Muses",0.0
tragedy,main,1630–1639,9,sparse (5–9),25,"Kings, power and law: political sententiae",0.182
tragedy,main,1630–1639,9,sparse (5–9),26,"Devils, hell and fiends",0.256
tragedy,main,1630–1639,9,sparse (5–9),27,"Uncles, nephews and cousins: kinship and patronage",0.274
tragedy,main,1630–1639,9,sparse (5–9),28,"Marriage-making: weddings, brides and matches",0.0
tragedy,main,1630–1639,9,sparse (5–9),30,"Constables, justices and the watch",0.0
tragedy,main,1630–1639,9,sparse (5–9),31,"Popes, cardinals and the crown",0.0
tragedy,main,1630–1639,9,sparse (5–9),32,Rings and jewels as tokens,0.269
tragedy,main,1630–1639,9,sparse (5–9),33,"Fathers, daughters and marriage negotiations",0.0
tragedy,main,1630–1639,9,sparse (5–9),34,"Thebes and royal catastrophe: siege, slaughter and funeral rites",0.0
tragedy,main,1630–1639,9,sparse (5–9),35,"Fools, wit and railing",0.0
tragedy,main,1630–1639,9,sparse (5–9),36,"Hell, Furies and the language of punishment",0.697
tragedy,main,1630–1639,9,sparse (5–9),37,"Riches, poverty and covetousness",0.0
tragedy,main,1630–1639,9,sparse (5–9),38,"Death, parting and grief at court",0.0
tragedy,main,1630–1639,9,sparse (5–9),39,"Profit, conscience and dishonest dealing",0.0
tragedy,main,1630–1639,9,sparse (5–9),40,"Sin, guilt and violent loss within families",0.681
tragedy,main,1630–1639,9,sparse (5–9),43,York and Lancaster: dynastic claims and conflict,0.0
tragedy,main,1630–1639,9,sparse (5–9),44,"Drinking: wine, ale and taverns",0.0
tragedy,main,1630–1639,9,sparse (5–9),45,"Widows, wooing and remarriage",0.0
tragedy,main,1630–1639,9,sparse (5–9),46,"Swords, quarrels and valour",0.405
tragedy,main,1630–1639,9,sparse (5–9),47,"Knaves, thieves and bawds",0.0
tragedy,main,1630–1639,9,sparse (5–9),49,"Wooing a mistress: suitors, go-betweens and letters",0.663
tragedy,main,1630–1639,9,sparse (5–9),50,"Fleets, armies and generals: war by sea and land",0.41
tragedy,main,1630–1639,9,sparse (5–9),51,"Parents and children: blessing, birthright and inheritance",0.0
tragedy,main,1630–1639,9,sparse (5–9),52,"Prodigals, portions and poor kin",0.0
tragedy,main,1630–1639,9,sparse (5–9),54,"Antony and Cleopatra: love, death and mourning",0.0
tragedy,main,1630–1639,9,sparse (5–9),55,"Fairies, fairy queens and enchanted desire",0.0
tragedy,main,1630–1639,9,sparse (5–9),56,"Magic, spells and conjuring",0.0
tragedy,main,1630–1639,9,sparse (5–9),59,"Spanish courts: war, honour and courtship",0.169
tragedy,main,1630–1639,9,sparse (5–9),60,"Imperial Rome: rulers, favour and political exemplars",1.458
tragedy,main,1630–1639,9,sparse (5–9),62,"The courtier as a type: fashion, affectation and foreign manners",0.0
tragedy,main,1640–1649,1,insufficient (< 5),0,"Court life: dukes, favour and honour",0.0
tragedy,main,1640–1649,1,insufficient (< 5),1,"Death, grief and revenge",13.107
tragedy,main,1640–1649,1,insufficient (< 5),2,"Roman politics: senate, consuls and civil war",0.0
tragedy,main,1640–1649,1,insufficient (< 5),3,"Sickness, physic and doctors",5.143
tragedy,main,1640–1649,1,insufficient (< 5),4,Love-longing and the lover's complaint,0.0
tragedy,main,1640–1649,1,insufficient (< 5),5,"Christian faith, sin and salvation",0.0
tragedy,main,1640–1649,1,insufficient (< 5),6,"Money, debt and credit",0.0
tragedy,main,1640–1649,1,insufficient (< 5),7,The Trojan war: conflict and its aftermath,0.0
tragedy,main,1640–1649,1,insufficient (< 5),8,"Captains, gallants and cheats",0.0
tragedy,main,1640–1649,1,insufficient (< 5),9,"Theatre talk: prologues, poets and players",0.0
tragedy,main,1640–1649,1,insufficient (< 5),10,"England and France: war, embassy and peace",0.0
tragedy,main,1640–1649,1,insufficient (< 5),11,"Siblings, kin and confidants",2.624
tragedy,main,1640–1649,1,insufficient (< 5),12,"Olympian gods: Jupiter, Juno, Venus and Mars",0.0
tragedy,main,1640–1649,1,insufficient (< 5),14,"Royal love, favour and dynastic relationships",2.688
tragedy,main,1640–1649,1,insufficient (< 5),15,Friars and holy orders in plot,0.0
tragedy,main,1640–1649,1,insufficient (< 5),16,"Gallantry: ladies, lordships and compliment",0.0
tragedy,main,1640–1649,1,insufficient (< 5),17,"Eastern conquest: Persians, Turks and soldans",0.0
tragedy,main,1640–1649,1,insufficient (< 5),18,"Rebels, barons and the king's wars at home",0.0
tragedy,main,1640–1649,1,insufficient (< 5),20,"Hercules: labours, suffering and virtue",2.619
tragedy,main,1640–1649,1,insufficient (< 5),21,"Cupid, Venus and the nymphs",0.0
tragedy,main,1640–1649,1,insufficient (< 5),22,"Shepherds, flocks and Pan",0.0
tragedy,main,1640–1649,1,insufficient (< 5),23,"Husbands, wives and jealousy",0.0
tragedy,main,1640–1649,1,insufficient (< 5),24,"Apollo, Phoebus and the Muses",0.0
tragedy,main,1640–1649,1,insufficient (< 5),25,"Kings, power and law: political sententiae",0.0
tragedy,main,1640–1649,1,insufficient (< 5),26,"Devils, hell and fiends",2.746
tragedy,main,1640–1649,1,insufficient (< 5),27,"Uncles, nephews and cousins: kinship and patronage",0.0
tragedy,main,1640–1649,1,insufficient (< 5),28,"Marriage-making: weddings, brides and matches",0.0
tragedy,main,1640–1649,1,insufficient (< 5),30,"Constables, justices and the watch",0.0
tragedy,main,1640–1649,1,insufficient (< 5),31,"Popes, cardinals and the crown",0.0
tragedy,main,1640–1649,1,insufficient (< 5),32,Rings and jewels as tokens,0.0
tragedy,main,1640–1649,1,insufficient (< 5),33,"Fathers, daughters and marriage negotiations",0.0
tragedy,main,1640–1649,1,insufficient (< 5),34,"Thebes and royal catastrophe: siege, slaughter and funeral rites",0.0
tragedy,main,1640–1649,1,insufficient (< 5),35,"Fools, wit and railing",0.0
tragedy,main,1640–1649,1,insufficient (< 5),36,"Hell, Furies and the language of punishment",0.0
tragedy,main,1640–1649,1,insufficient (< 5),37,"Riches, poverty and covetousness",0.0
tragedy,main,1640–1649,1,insufficient (< 5),38,"Death, parting and grief at court",2.64
tragedy,main,1640–1649,1,insufficient (< 5),39,"Profit, conscience and dishonest dealing",0.0
tragedy,main,1640–1649,1,insufficient (< 5),40,"Sin, guilt and violent loss within families",0.0
tragedy,main,1640–1649,1,insufficient (< 5),43,York and Lancaster: dynastic claims and conflict,0.0
tragedy,main,1640–1649,1,insufficient (< 5),44,"Drinking: wine, ale and taverns",0.0
tragedy,main,1640–1649,1,insufficient (< 5),45,"Widows, wooing and remarriage",0.0
tragedy,main,1640–1649,1,insufficient (< 5),46,"Swords, quarrels and valour",0.0
tragedy,main,1640–1649,1,insufficient (< 5),47,"Knaves, thieves and bawds",0.0
tragedy,main,1640–1649,1,insufficient (< 5),49,"Wooing a mistress: suitors, go-betweens and letters",0.0
tragedy,main,1640–1649,1,insufficient (< 5),50,"Fleets, armies and generals: war by sea and land",2.667
tragedy,main,1640–1649,1,insufficient (< 5),51,"Parents and children: blessing, birthright and inheritance",0.0
tragedy,main,1640–1649,1,insufficient (< 5),52,"Prodigals, portions and poor kin",0.0
tragedy,main,1640–1649,1,insufficient (< 5),54,"Antony and Cleopatra: love, death and mourning",0.0
tragedy,main,1640–1649,1,insufficient (< 5),55,"Fairies, fairy queens and enchanted desire",0.0
tragedy,main,1640–1649,1,insufficient (< 5),56,"Magic, spells and conjuring",0.0
tragedy,main,1640–1649,1,insufficient (< 5),59,"Spanish courts: war, honour and courtship",0.0
tragedy,main,1640–1649,1,insufficient (< 5),60,"Imperial Rome: rulers, favour and political exemplars",0.0
tragedy,main,1640–1649,1,insufficient (< 5),62,"The courtier as a type: fashion, affectation and foreign manners",0.0
tragedy,lower limit,1550–1559,4,insufficient (< 5),0,"Court life: dukes, favour and honour",0.0
tragedy,lower limit,1550–1559,4,insufficient (< 5),1,"Death, grief and revenge",9.492
tragedy,lower limit,1550–1559,4,insufficient (< 5),2,"Roman politics: senate, consuls and civil war",0.0
tragedy,lower limit,1550–1559,4,insufficient (< 5),3,"Sickness, physic and doctors",0.0
tragedy,lower limit,1550–1559,4,insufficient (< 5),4,Love-longing and the lover's complaint,0.0
tragedy,lower limit,1550–1559,4,insufficient (< 5),5,"Christian faith, sin and salvation",0.0
tragedy,lower limit,1550–1559,4,insufficient (< 5),6,"Money, debt and credit",0.0
tragedy,lower limit,1550–1559,4,insufficient (< 5),7,The Trojan war: conflict and its aftermath,24.068
tragedy,lower limit,1550–1559,4,insufficient (< 5),8,"Captains, gallants and cheats",0.0
tragedy,lower limit,1550–1559,4,insufficient (< 5),9,"Theatre talk: prologues, poets and players",0.0
tragedy,lower limit,1550–1559,4,insufficient (< 5),10,"England and France: war, embassy and peace",0.0
tragedy,lower limit,1550–1559,4,insufficient (< 5),11,"Siblings, kin and confidants",0.0
tragedy,lower limit,1550–1559,4,insufficient (< 5),12,"Olympian gods: Jupiter, Juno, Venus and Mars",0.0
tragedy,lower limit,1550–1559,4,insufficient (< 5),14,"Royal love, favour and dynastic relationships",0.985
tragedy,lower limit,1550–1559,4,insufficient (< 5),15,Friars and holy orders in plot,0.0
tragedy,lower limit,1550–1559,4,insufficient (< 5),16,"Gallantry: ladies, lordships and compliment",0.0
tragedy,lower limit,1550–1559,4,insufficient (< 5),17,"Eastern conquest: Persians, Turks and soldans",0.949
tragedy,lower limit,1550–1559,4,insufficient (< 5),18,"Rebels, barons and the king's wars at home",0.0
tragedy,lower limit,1550–1559,4,insufficient (< 5),20,"Hercules: labours, suffering and virtue",0.0
tragedy,lower limit,1550–1559,4,insufficient (< 5),21,"Cupid, Venus and the nymphs",0.968
tragedy,lower limit,1550–1559,4,insufficient (< 5),22,"Shepherds, flocks and Pan",0.0
tragedy,lower limit,1550–1559,4,insufficient (< 5),23,"Husbands, wives and jealousy",0.0
tragedy,lower limit,1550–1559,4,insufficient (< 5),24,"Apollo, Phoebus and the Muses",0.0
tragedy,lower limit,1550–1559,4,insufficient (< 5),25,"Kings, power and law: political sententiae",0.956
tragedy,lower limit,1550–1559,4,insufficient (< 5),26,"Devils, hell and fiends",0.0
tragedy,lower limit,1550–1559,4,insufficient (< 5),27,"Uncles, nephews and cousins: kinship and patronage",0.0
tragedy,lower limit,1550–1559,4,insufficient (< 5),28,"Marriage-making: weddings, brides and matches",0.0
tragedy,lower limit,1550–1559,4,insufficient (< 5),30,"Constables, justices and the watch",0.0
tragedy,lower limit,1550–1559,4,insufficient (< 5),31,"Popes, cardinals and the crown",0.0
tragedy,lower limit,1550–1559,4,insufficient (< 5),32,Rings and jewels as tokens,0.0
tragedy,lower limit,1550–1559,4,insufficient (< 5),33,"Fathers, daughters and marriage negotiations",0.0
tragedy,lower limit,1550–1559,4,insufficient (< 5),34,"Thebes and royal catastrophe: siege, slaughter and funeral rites",1.055
tragedy,lower limit,1550–1559,4,insufficient (< 5),35,"Fools, wit and railing",0.0
tragedy,lower limit,1550–1559,4,insufficient (< 5),36,"Hell, Furies and the language of punishment",0.0
tragedy,lower limit,1550–1559,4,insufficient (< 5),37,"Riches, poverty and covetousness",0.0
tragedy,lower limit,1550–1559,4,insufficient (< 5),38,"Death, parting and grief at court",2.808
tragedy,lower limit,1550–1559,4,insufficient (< 5),39,"Profit, conscience and dishonest dealing",1.756
tragedy,lower limit,1550–1559,4,insufficient (< 5),40,"Sin, guilt and violent loss within families",0.0
tragedy,lower limit,1550–1559,4,insufficient (< 5),43,York and Lancaster: dynastic claims and conflict,0.0
tragedy,lower limit,1550–1559,4,insufficient (< 5),44,"Drinking: wine, ale and taverns",0.0
tragedy,lower limit,1550–1559,4,insufficient (< 5),45,"Widows, wooing and remarriage",0.0
tragedy,lower limit,1550–1559,4,insufficient (< 5),46,"Swords, quarrels and valour",0.0
tragedy,lower limit,1550–1559,4,insufficient (< 5),47,"Knaves, thieves and bawds",0.0
tragedy,lower limit,1550–1559,4,insufficient (< 5),49,"Wooing a mistress: suitors, go-betweens and letters",0.0
tragedy,lower limit,1550–1559,4,insufficient (< 5),50,"Fleets, armies and generals: war by sea and land",0.0
tragedy,lower limit,1550–1559,4,insufficient (< 5),51,"Parents and children: blessing, birthright and inheritance",0.0
tragedy,lower limit,1550–1559,4,insufficient (< 5),52,"Prodigals, portions and poor kin",0.0
tragedy,lower limit,1550–1559,4,insufficient (< 5),54,"Antony and Cleopatra: love, death and mourning",0.0
tragedy,lower limit,1550–1559,4,insufficient (< 5),55,"Fairies, fairy queens and enchanted desire",0.0
tragedy,lower limit,1550–1559,4,insufficient (< 5),56,"Magic, spells and conjuring",0.0
tragedy,lower limit,1550–1559,4,insufficient (< 5),59,"Spanish courts: war, honour and courtship",0.0
tragedy,lower limit,1550–1559,4,insufficient (< 5),60,"Imperial Rome: rulers, favour and political exemplars",0.0
tragedy,lower limit,1550–1559,4,insufficient (< 5),62,"The courtier as a type: fashion, affectation and foreign manners",0.0
tragedy,lower limit,1560–1569,11,shown (≥ 10),0,"Court life: dukes, favour and honour",0.0
tragedy,lower limit,1560–1569,11,shown (≥ 10),1,"Death, grief and revenge",4.565
tragedy,lower limit,1560–1569,11,shown (≥ 10),2,"Roman politics: senate, consuls and civil war",0.788
tragedy,lower limit,1560–1569,11,shown (≥ 10),3,"Sickness, physic and doctors",0.0
tragedy,lower limit,1560–1569,11,shown (≥ 10),4,Love-longing and the lover's complaint,0.0
tragedy,lower limit,1560–1569,11,shown (≥ 10),5,"Christian faith, sin and salvation",0.0
tragedy,lower limit,1560–1569,11,shown (≥ 10),6,"Money, debt and credit",0.0
tragedy,lower limit,1560–1569,11,shown (≥ 10),7,The Trojan war: conflict and its aftermath,6.167
tragedy,lower limit,1560–1569,11,shown (≥ 10),8,"Captains, gallants and cheats",0.0
tragedy,lower limit,1560–1569,11,shown (≥ 10),9,"Theatre talk: prologues, poets and players",0.0
tragedy,lower limit,1560–1569,11,shown (≥ 10),10,"England and France: war, embassy and peace",0.0
tragedy,lower limit,1560–1569,11,shown (≥ 10),11,"Siblings, kin and confidants",0.0
tragedy,lower limit,1560–1569,11,shown (≥ 10),12,"Olympian gods: Jupiter, Juno, Venus and Mars",0.404
tragedy,lower limit,1560–1569,11,shown (≥ 10),14,"Royal love, favour and dynastic relationships",0.0
tragedy,lower limit,1560–1569,11,shown (≥ 10),15,Friars and holy orders in plot,0.0
tragedy,lower limit,1560–1569,11,shown (≥ 10),16,"Gallantry: ladies, lordships and compliment",0.0
tragedy,lower limit,1560–1569,11,shown (≥ 10),17,"Eastern conquest: Persians, Turks and soldans",0.0
tragedy,lower limit,1560–1569,11,shown (≥ 10),18,"Rebels, barons and the king's wars at home",0.604
tragedy,lower limit,1560–1569,11,shown (≥ 10),20,"Hercules: labours, suffering and virtue",12.54
tragedy,lower limit,1560–1569,11,shown (≥ 10),21,"Cupid, Venus and the nymphs",0.644
tragedy,lower limit,1560–1569,11,shown (≥ 10),22,"Shepherds, flocks and Pan",0.342
tragedy,lower limit,1560–1569,11,shown (≥ 10),23,"Husbands, wives and jealousy",0.0
tragedy,lower limit,1560–1569,11,shown (≥ 10),24,"Apollo, Phoebus and the Muses",1.807
tragedy,lower limit,1560–1569,11,shown (≥ 10),25,"Kings, power and law: political sententiae",1.712
tragedy,lower limit,1560–1569,11,shown (≥ 10),26,"Devils, hell and fiends",0.0
tragedy,lower limit,1560–1569,11,shown (≥ 10),27,"Uncles, nephews and cousins: kinship and patronage",0.0
tragedy,lower limit,1560–1569,11,shown (≥ 10),28,"Marriage-making: weddings, brides and matches",0.0
tragedy,lower limit,1560–1569,11,shown (≥ 10),30,"Constables, justices and the watch",0.0
tragedy,lower limit,1560–1569,11,shown (≥ 10),31,"Popes, cardinals and the crown",0.0
tragedy,lower limit,1560–1569,11,shown (≥ 10),32,Rings and jewels as tokens,0.0
tragedy,lower limit,1560–1569,11,shown (≥ 10),33,"Fathers, daughters and marriage negotiations",0.0
tragedy,lower limit,1560–1569,11,shown (≥ 10),34,"Thebes and royal catastrophe: siege, slaughter and funeral rites",3.829
tragedy,lower limit,1560–1569,11,shown (≥ 10),35,"Fools, wit and railing",0.0
tragedy,lower limit,1560–1569,11,shown (≥ 10),36,"Hell, Furies and the language of punishment",7.275
tragedy,lower limit,1560–1569,11,shown (≥ 10),37,"Riches, poverty and covetousness",0.0
tragedy,lower limit,1560–1569,11,shown (≥ 10),38,"Death, parting and grief at court",0.958
tragedy,lower limit,1560–1569,11,shown (≥ 10),39,"Profit, conscience and dishonest dealing",0.0
tragedy,lower limit,1560–1569,11,shown (≥ 10),40,"Sin, guilt and violent loss within families",1.079
tragedy,lower limit,1560–1569,11,shown (≥ 10),43,York and Lancaster: dynastic claims and conflict,0.0
tragedy,lower limit,1560–1569,11,shown (≥ 10),44,"Drinking: wine, ale and taverns",0.0
tragedy,lower limit,1560–1569,11,shown (≥ 10),45,"Widows, wooing and remarriage",0.0
tragedy,lower limit,1560–1569,11,shown (≥ 10),46,"Swords, quarrels and valour",0.0
tragedy,lower limit,1560–1569,11,shown (≥ 10),47,"Knaves, thieves and bawds",0.0
tragedy,lower limit,1560–1569,11,shown (≥ 10),49,"Wooing a mistress: suitors, go-betweens and letters",0.0
tragedy,lower limit,1560–1569,11,shown (≥ 10),50,"Fleets, armies and generals: war by sea and land",0.207
tragedy,lower limit,1560–1569,11,shown (≥ 10),51,"Parents and children: blessing, birthright and inheritance",0.0
tragedy,lower limit,1560–1569,11,shown (≥ 10),52,"Prodigals, portions and poor kin",0.0
tragedy,lower limit,1560–1569,11,shown (≥ 10),54,"Antony and Cleopatra: love, death and mourning",0.0
tragedy,lower limit,1560–1569,11,shown (≥ 10),55,"Fairies, fairy queens and enchanted desire",0.0
tragedy,lower limit,1560–1569,11,shown (≥ 10),56,"Magic, spells and conjuring",0.632
tragedy,lower limit,1560–1569,11,shown (≥ 10),59,"Spanish courts: war, honour and courtship",0.0
tragedy,lower limit,1560–1569,11,shown (≥ 10),60,"Imperial Rome: rulers, favour and political exemplars",0.0
tragedy,lower limit,1560–1569,11,shown (≥ 10),62,"The courtier as a type: fashion, affectation and foreign manners",0.0
tragedy,lower limit,1570–1579,1,insufficient (< 5),0,"Court life: dukes, favour and honour",0.0
tragedy,lower limit,1570–1579,1,insufficient (< 5),1,"Death, grief and revenge",0.0
tragedy,lower limit,1570–1579,1,insufficient (< 5),2,"Roman politics: senate, consuls and civil war",0.0
tragedy,lower limit,1570–1579,1,insufficient (< 5),3,"Sickness, physic and doctors",0.0
tragedy,lower limit,1570–1579,1,insufficient (< 5),4,Love-longing and the lover's complaint,0.0
tragedy,lower limit,1570–1579,1,insufficient (< 5),5,"Christian faith, sin and salvation",11.675
tragedy,lower limit,1570–1579,1,insufficient (< 5),6,"Money, debt and credit",0.0
tragedy,lower limit,1570–1579,1,insufficient (< 5),7,The Trojan war: conflict and its aftermath,0.0
tragedy,lower limit,1570–1579,1,insufficient (< 5),8,"Captains, gallants and cheats",0.0
tragedy,lower limit,1570–1579,1,insufficient (< 5),9,"Theatre talk: prologues, poets and players",0.0
tragedy,lower limit,1570–1579,1,insufficient (< 5),10,"England and France: war, embassy and peace",0.0
tragedy,lower limit,1570–1579,1,insufficient (< 5),11,"Siblings, kin and confidants",0.0
tragedy,lower limit,1570–1579,1,insufficient (< 5),12,"Olympian gods: Jupiter, Juno, Venus and Mars",0.0
tragedy,lower limit,1570–1579,1,insufficient (< 5),14,"Royal love, favour and dynastic relationships",0.0
tragedy,lower limit,1570–1579,1,insufficient (< 5),15,Friars and holy orders in plot,0.0
tragedy,lower limit,1570–1579,1,insufficient (< 5),16,"Gallantry: ladies, lordships and compliment",0.0
tragedy,lower limit,1570–1579,1,insufficient (< 5),17,"Eastern conquest: Persians, Turks and soldans",0.0
tragedy,lower limit,1570–1579,1,insufficient (< 5),18,"Rebels, barons and the king's wars at home",0.0
tragedy,lower limit,1570–1579,1,insufficient (< 5),20,"Hercules: labours, suffering and virtue",0.0
tragedy,lower limit,1570–1579,1,insufficient (< 5),21,"Cupid, Venus and the nymphs",0.0
tragedy,lower limit,1570–1579,1,insufficient (< 5),22,"Shepherds, flocks and Pan",0.0
tragedy,lower limit,1570–1579,1,insufficient (< 5),23,"Husbands, wives and jealousy",0.0
tragedy,lower limit,1570–1579,1,insufficient (< 5),24,"Apollo, Phoebus and the Muses",0.0
tragedy,lower limit,1570–1579,1,insufficient (< 5),25,"Kings, power and law: political sententiae",0.0
tragedy,lower limit,1570–1579,1,insufficient (< 5),26,"Devils, hell and fiends",0.0
tragedy,lower limit,1570–1579,1,insufficient (< 5),27,"Uncles, nephews and cousins: kinship and patronage",0.0
tragedy,lower limit,1570–1579,1,insufficient (< 5),28,"Marriage-making: weddings, brides and matches",0.0
tragedy,lower limit,1570–1579,1,insufficient (< 5),30,"Constables, justices and the watch",0.0
tragedy,lower limit,1570–1579,1,insufficient (< 5),31,"Popes, cardinals and the crown",0.0
tragedy,lower limit,1570–1579,1,insufficient (< 5),32,Rings and jewels as tokens,0.0
tragedy,lower limit,1570–1579,1,insufficient (< 5),33,"Fathers, daughters and marriage negotiations",0.0
tragedy,lower limit,1570–1579,1,insufficient (< 5),34,"Thebes and royal catastrophe: siege, slaughter and funeral rites",0.0
tragedy,lower limit,1570–1579,1,insufficient (< 5),35,"Fools, wit and railing",0.0
tragedy,lower limit,1570–1579,1,insufficient (< 5),36,"Hell, Furies and the language of punishment",0.0
tragedy,lower limit,1570–1579,1,insufficient (< 5),37,"Riches, poverty and covetousness",0.0
tragedy,lower limit,1570–1579,1,insufficient (< 5),38,"Death, parting and grief at court",0.0
tragedy,lower limit,1570–1579,1,insufficient (< 5),39,"Profit, conscience and dishonest dealing",0.0
tragedy,lower limit,1570–1579,1,insufficient (< 5),40,"Sin, guilt and violent loss within families",0.0
tragedy,lower limit,1570–1579,1,insufficient (< 5),43,York and Lancaster: dynastic claims and conflict,0.0
tragedy,lower limit,1570–1579,1,insufficient (< 5),44,"Drinking: wine, ale and taverns",0.0
tragedy,lower limit,1570–1579,1,insufficient (< 5),45,"Widows, wooing and remarriage",0.0
tragedy,lower limit,1570–1579,1,insufficient (< 5),46,"Swords, quarrels and valour",0.0
tragedy,lower limit,1570–1579,1,insufficient (< 5),47,"Knaves, thieves and bawds",0.0
tragedy,lower limit,1570–1579,1,insufficient (< 5),49,"Wooing a mistress: suitors, go-betweens and letters",0.0
tragedy,lower limit,1570–1579,1,insufficient (< 5),50,"Fleets, armies and generals: war by sea and land",0.0
tragedy,lower limit,1570–1579,1,insufficient (< 5),51,"Parents and children: blessing, birthright and inheritance",0.0
tragedy,lower limit,1570–1579,1,insufficient (< 5),52,"Prodigals, portions and poor kin",0.0
tragedy,lower limit,1570–1579,1,insufficient (< 5),54,"Antony and Cleopatra: love, death and mourning",0.0
tragedy,lower limit,1570–1579,1,insufficient (< 5),55,"Fairies, fairy queens and enchanted desire",0.0
tragedy,lower limit,1570–1579,1,insufficient (< 5),56,"Magic, spells and conjuring",0.0
tragedy,lower limit,1570–1579,1,insufficient (< 5),59,"Spanish courts: war, honour and courtship",0.0
tragedy,lower limit,1570–1579,1,insufficient (< 5),60,"Imperial Rome: rulers, favour and political exemplars",0.0
tragedy,lower limit,1570–1579,1,insufficient (< 5),62,"The courtier as a type: fashion, affectation and foreign manners",0.0
tragedy,lower limit,1580–1589,16,shown (≥ 10),0,"Court life: dukes, favour and honour",0.155
tragedy,lower limit,1580–1589,16,shown (≥ 10),1,"Death, grief and revenge",4.65
tragedy,lower limit,1580–1589,16,shown (≥ 10),2,"Roman politics: senate, consuls and civil war",6.528
tragedy,lower limit,1580–1589,16,shown (≥ 10),3,"Sickness, physic and doctors",0.982
tragedy,lower limit,1580–1589,16,shown (≥ 10),4,Love-longing and the lover's complaint,1.211
tragedy,lower limit,1580–1589,16,shown (≥ 10),5,"Christian faith, sin and salvation",0.0
tragedy,lower limit,1580–1589,16,shown (≥ 10),6,"Money, debt and credit",0.554
tragedy,lower limit,1580–1589,16,shown (≥ 10),7,The Trojan war: conflict and its aftermath,2.564
tragedy,lower limit,1580–1589,16,shown (≥ 10),8,"Captains, gallants and cheats",0.0
tragedy,lower limit,1580–1589,16,shown (≥ 10),9,"Theatre talk: prologues, poets and players",0.169
tragedy,lower limit,1580–1589,16,shown (≥ 10),10,"England and France: war, embassy and peace",0.0
tragedy,lower limit,1580–1589,16,shown (≥ 10),11,"Siblings, kin and confidants",0.617
tragedy,lower limit,1580–1589,16,shown (≥ 10),12,"Olympian gods: Jupiter, Juno, Venus and Mars",0.222
tragedy,lower limit,1580–1589,16,shown (≥ 10),14,"Royal love, favour and dynastic relationships",0.0
tragedy,lower limit,1580–1589,16,shown (≥ 10),15,Friars and holy orders in plot,1.266
tragedy,lower limit,1580–1589,16,shown (≥ 10),16,"Gallantry: ladies, lordships and compliment",0.0
tragedy,lower limit,1580–1589,16,shown (≥ 10),17,"Eastern conquest: Persians, Turks and soldans",11.7
tragedy,lower limit,1580–1589,16,shown (≥ 10),18,"Rebels, barons and the king's wars at home",0.0
tragedy,lower limit,1580–1589,16,shown (≥ 10),20,"Hercules: labours, suffering and virtue",0.0
tragedy,lower limit,1580–1589,16,shown (≥ 10),21,"Cupid, Venus and the nymphs",0.0
tragedy,lower limit,1580–1589,16,shown (≥ 10),22,"Shepherds, flocks and Pan",0.192
tragedy,lower limit,1580–1589,16,shown (≥ 10),23,"Husbands, wives and jealousy",0.172
tragedy,lower limit,1580–1589,16,shown (≥ 10),24,"Apollo, Phoebus and the Muses",0.0
tragedy,lower limit,1580–1589,16,shown (≥ 10),25,"Kings, power and law: political sententiae",0.684
tragedy,lower limit,1580–1589,16,shown (≥ 10),26,"Devils, hell and fiends",0.261
tragedy,lower limit,1580–1589,16,shown (≥ 10),27,"Uncles, nephews and cousins: kinship and patronage",0.0
tragedy,lower limit,1580–1589,16,shown (≥ 10),28,"Marriage-making: weddings, brides and matches",0.0
tragedy,lower limit,1580–1589,16,shown (≥ 10),30,"Constables, justices and the watch",0.0
tragedy,lower limit,1580–1589,16,shown (≥ 10),31,"Popes, cardinals and the crown",0.973
tragedy,lower limit,1580–1589,16,shown (≥ 10),32,Rings and jewels as tokens,0.0
tragedy,lower limit,1580–1589,16,shown (≥ 10),33,"Fathers, daughters and marriage negotiations",0.166
tragedy,lower limit,1580–1589,16,shown (≥ 10),34,"Thebes and royal catastrophe: siege, slaughter and funeral rites",2.569
tragedy,lower limit,1580–1589,16,shown (≥ 10),35,"Fools, wit and railing",0.0
tragedy,lower limit,1580–1589,16,shown (≥ 10),36,"Hell, Furies and the language of punishment",0.608
tragedy,lower limit,1580–1589,16,shown (≥ 10),37,"Riches, poverty and covetousness",0.0
tragedy,lower limit,1580–1589,16,shown (≥ 10),38,"Death, parting and grief at court",0.0
tragedy,lower limit,1580–1589,16,shown (≥ 10),39,"Profit, conscience and dishonest dealing",0.0
tragedy,lower limit,1580–1589,16,shown (≥ 10),40,"Sin, guilt and violent loss within families",0.493
tragedy,lower limit,1580–1589,16,shown (≥ 10),43,York and Lancaster: dynastic claims and conflict,0.0
tragedy,lower limit,1580–1589,16,shown (≥ 10),44,"Drinking: wine, ale and taverns",0.164
tragedy,lower limit,1580–1589,16,shown (≥ 10),45,"Widows, wooing and remarriage",0.0
tragedy,lower limit,1580–1589,16,shown (≥ 10),46,"Swords, quarrels and valour",0.0
tragedy,lower limit,1580–1589,16,shown (≥ 10),47,"Knaves, thieves and bawds",0.0
tragedy,lower limit,1580–1589,16,shown (≥ 10),49,"Wooing a mistress: suitors, go-betweens and letters",0.0
tragedy,lower limit,1580–1589,16,shown (≥ 10),50,"Fleets, armies and generals: war by sea and land",0.18
tragedy,lower limit,1580–1589,16,shown (≥ 10),51,"Parents and children: blessing, birthright and inheritance",0.0
tragedy,lower limit,1580–1589,16,shown (≥ 10),52,"Prodigals, portions and poor kin",0.0
tragedy,lower limit,1580–1589,16,shown (≥ 10),54,"Antony and Cleopatra: love, death and mourning",0.0
tragedy,lower limit,1580–1589,16,shown (≥ 10),55,"Fairies, fairy queens and enchanted desire",0.0
tragedy,lower limit,1580–1589,16,shown (≥ 10),56,"Magic, spells and conjuring",1.106
tragedy,lower limit,1580–1589,16,shown (≥ 10),59,"Spanish courts: war, honour and courtship",5.493
tragedy,lower limit,1580–1589,16,shown (≥ 10),60,"Imperial Rome: rulers, favour and political exemplars",0.651
tragedy,lower limit,1580–1589,16,shown (≥ 10),62,"The courtier as a type: fashion, affectation and foreign manners",0.0
tragedy,lower limit,1590–1599,12,shown (≥ 10),0,"Court life: dukes, favour and honour",0.368
tragedy,lower limit,1590–1599,12,shown (≥ 10),1,"Death, grief and revenge",5.435
tragedy,lower limit,1590–1599,12,shown (≥ 10),2,"Roman politics: senate, consuls and civil war",13.772
tragedy,lower limit,1590–1599,12,shown (≥ 10),3,"Sickness, physic and doctors",0.0
tragedy,lower limit,1590–1599,12,shown (≥ 10),4,Love-longing and the lover's complaint,1.474
tragedy,lower limit,1590–1599,12,shown (≥ 10),5,"Christian faith, sin and salvation",0.868
tragedy,lower limit,1590–1599,12,shown (≥ 10),6,"Money, debt and credit",0.232
tragedy,lower limit,1590–1599,12,shown (≥ 10),7,The Trojan war: conflict and its aftermath,0.822
tragedy,lower limit,1590–1599,12,shown (≥ 10),8,"Captains, gallants and cheats",0.0
tragedy,lower limit,1590–1599,12,shown (≥ 10),9,"Theatre talk: prologues, poets and players",0.0
tragedy,lower limit,1590–1599,12,shown (≥ 10),10,"England and France: war, embassy and peace",0.0
tragedy,lower limit,1590–1599,12,shown (≥ 10),11,"Siblings, kin and confidants",0.0
tragedy,lower limit,1590–1599,12,shown (≥ 10),12,"Olympian gods: Jupiter, Juno, Venus and Mars",0.0
tragedy,lower limit,1590–1599,12,shown (≥ 10),14,"Royal love, favour and dynastic relationships",0.334
tragedy,lower limit,1590–1599,12,shown (≥ 10),15,Friars and holy orders in plot,1.567
tragedy,lower limit,1590–1599,12,shown (≥ 10),16,"Gallantry: ladies, lordships and compliment",0.0
tragedy,lower limit,1590–1599,12,shown (≥ 10),17,"Eastern conquest: Persians, Turks and soldans",0.534
tragedy,lower limit,1590–1599,12,shown (≥ 10),18,"Rebels, barons and the king's wars at home",0.176
tragedy,lower limit,1590–1599,12,shown (≥ 10),20,"Hercules: labours, suffering and virtue",0.269
tragedy,lower limit,1590–1599,12,shown (≥ 10),21,"Cupid, Venus and the nymphs",0.239
tragedy,lower limit,1590–1599,12,shown (≥ 10),22,"Shepherds, flocks and Pan",0.221
tragedy,lower limit,1590–1599,12,shown (≥ 10),23,"Husbands, wives and jealousy",0.186
tragedy,lower limit,1590–1599,12,shown (≥ 10),24,"Apollo, Phoebus and the Muses",0.0
tragedy,lower limit,1590–1599,12,shown (≥ 10),25,"Kings, power and law: political sententiae",7.157
tragedy,lower limit,1590–1599,12,shown (≥ 10),26,"Devils, hell and fiends",0.248
tragedy,lower limit,1590–1599,12,shown (≥ 10),27,"Uncles, nephews and cousins: kinship and patronage",0.0
tragedy,lower limit,1590–1599,12,shown (≥ 10),28,"Marriage-making: weddings, brides and matches",0.268
tragedy,lower limit,1590–1599,12,shown (≥ 10),30,"Constables, justices and the watch",0.0
tragedy,lower limit,1590–1599,12,shown (≥ 10),31,"Popes, cardinals and the crown",0.737
tragedy,lower limit,1590–1599,12,shown (≥ 10),32,Rings and jewels as tokens,0.189
tragedy,lower limit,1590–1599,12,shown (≥ 10),33,"Fathers, daughters and marriage negotiations",0.178
tragedy,lower limit,1590–1599,12,shown (≥ 10),34,"Thebes and royal catastrophe: siege, slaughter and funeral rites",0.0
tragedy,lower limit,1590–1599,12,shown (≥ 10),35,"Fools, wit and railing",0.0
tragedy,lower limit,1590–1599,12,shown (≥ 10),36,"Hell, Furies and the language of punishment",1.058
tragedy,lower limit,1590–1599,12,shown (≥ 10),37,"Riches, poverty and covetousness",0.0
tragedy,lower limit,1590–1599,12,shown (≥ 10),38,"Death, parting and grief at court",0.0
tragedy,lower limit,1590–1599,12,shown (≥ 10),39,"Profit, conscience and dishonest dealing",0.0
tragedy,lower limit,1590–1599,12,shown (≥ 10),40,"Sin, guilt and violent loss within families",0.874
tragedy,lower limit,1590–1599,12,shown (≥ 10),43,York and Lancaster: dynastic claims and conflict,0.0
tragedy,lower limit,1590–1599,12,shown (≥ 10),44,"Drinking: wine, ale and taverns",0.0
tragedy,lower limit,1590–1599,12,shown (≥ 10),45,"Widows, wooing and remarriage",0.0
tragedy,lower limit,1590–1599,12,shown (≥ 10),46,"Swords, quarrels and valour",0.268
tragedy,lower limit,1590–1599,12,shown (≥ 10),47,"Knaves, thieves and bawds",0.0
tragedy,lower limit,1590–1599,12,shown (≥ 10),49,"Wooing a mistress: suitors, go-betweens and letters",0.0
tragedy,lower limit,1590–1599,12,shown (≥ 10),50,"Fleets, armies and generals: war by sea and land",0.238
tragedy,lower limit,1590–1599,12,shown (≥ 10),51,"Parents and children: blessing, birthright and inheritance",0.0
tragedy,lower limit,1590–1599,12,shown (≥ 10),52,"Prodigals, portions and poor kin",0.378
tragedy,lower limit,1590–1599,12,shown (≥ 10),54,"Antony and Cleopatra: love, death and mourning",6.246
tragedy,lower limit,1590–1599,12,shown (≥ 10),55,"Fairies, fairy queens and enchanted desire",0.171
tragedy,lower limit,1590–1599,12,shown (≥ 10),56,"Magic, spells and conjuring",0.0
tragedy,lower limit,1590–1599,12,shown (≥ 10),59,"Spanish courts: war, honour and courtship",0.0
tragedy,lower limit,1590–1599,12,shown (≥ 10),60,"Imperial Rome: rulers, favour and political exemplars",0.784
tragedy,lower limit,1590–1599,12,shown (≥ 10),62,"The courtier as a type: fashion, affectation and foreign manners",0.0
tragedy,lower limit,1600–1609,30,shown (≥ 10),0,"Court life: dukes, favour and honour",5.376
tragedy,lower limit,1600–1609,30,shown (≥ 10),1,"Death, grief and revenge",6.962
tragedy,lower limit,1600–1609,30,shown (≥ 10),2,"Roman politics: senate, consuls and civil war",9.523
tragedy,lower limit,1600–1609,30,shown (≥ 10),3,"Sickness, physic and doctors",0.533
tragedy,lower limit,1600–1609,30,shown (≥ 10),4,Love-longing and the lover's complaint,1.002
tragedy,lower limit,1600–1609,30,shown (≥ 10),5,"Christian faith, sin and salvation",0.372
tragedy,lower limit,1600–1609,30,shown (≥ 10),6,"Money, debt and credit",0.976
tragedy,lower limit,1600–1609,30,shown (≥ 10),7,The Trojan war: conflict and its aftermath,2.163
tragedy,lower limit,1600–1609,30,shown (≥ 10),8,"Captains, gallants and cheats",0.0
tragedy,lower limit,1600–1609,30,shown (≥ 10),9,"Theatre talk: prologues, poets and players",0.43
tragedy,lower limit,1600–1609,30,shown (≥ 10),10,"England and France: war, embassy and peace",0.456
tragedy,lower limit,1600–1609,30,shown (≥ 10),11,"Siblings, kin and confidants",0.608
tragedy,lower limit,1600–1609,30,shown (≥ 10),12,"Olympian gods: Jupiter, Juno, Venus and Mars",0.0
tragedy,lower limit,1600–1609,30,shown (≥ 10),14,"Royal love, favour and dynastic relationships",0.701
tragedy,lower limit,1600–1609,30,shown (≥ 10),15,Friars and holy orders in plot,0.159
tragedy,lower limit,1600–1609,30,shown (≥ 10),16,"Gallantry: ladies, lordships and compliment",0.238
tragedy,lower limit,1600–1609,30,shown (≥ 10),17,"Eastern conquest: Persians, Turks and soldans",0.242
tragedy,lower limit,1600–1609,30,shown (≥ 10),18,"Rebels, barons and the king's wars at home",0.364
tragedy,lower limit,1600–1609,30,shown (≥ 10),20,"Hercules: labours, suffering and virtue",0.0
tragedy,lower limit,1600–1609,30,shown (≥ 10),21,"Cupid, Venus and the nymphs",0.08
tragedy,lower limit,1600–1609,30,shown (≥ 10),22,"Shepherds, flocks and Pan",0.07
tragedy,lower limit,1600–1609,30,shown (≥ 10),23,"Husbands, wives and jealousy",0.831
tragedy,lower limit,1600–1609,30,shown (≥ 10),24,"Apollo, Phoebus and the Muses",0.09
tragedy,lower limit,1600–1609,30,shown (≥ 10),25,"Kings, power and law: political sententiae",1.163
tragedy,lower limit,1600–1609,30,shown (≥ 10),26,"Devils, hell and fiends",0.363
tragedy,lower limit,1600–1609,30,shown (≥ 10),27,"Uncles, nephews and cousins: kinship and patronage",0.496
tragedy,lower limit,1600–1609,30,shown (≥ 10),28,"Marriage-making: weddings, brides and matches",0.273
tragedy,lower limit,1600–1609,30,shown (≥ 10),30,"Constables, justices and the watch",0.0
tragedy,lower limit,1600–1609,30,shown (≥ 10),31,"Popes, cardinals and the crown",0.0
tragedy,lower limit,1600–1609,30,shown (≥ 10),32,Rings and jewels as tokens,0.122
tragedy,lower limit,1600–1609,30,shown (≥ 10),33,"Fathers, daughters and marriage negotiations",0.08
tragedy,lower limit,1600–1609,30,shown (≥ 10),34,"Thebes and royal catastrophe: siege, slaughter and funeral rites",0.087
tragedy,lower limit,1600–1609,30,shown (≥ 10),35,"Fools, wit and railing",0.516
tragedy,lower limit,1600–1609,30,shown (≥ 10),36,"Hell, Furies and the language of punishment",0.598
tragedy,lower limit,1600–1609,30,shown (≥ 10),37,"Riches, poverty and covetousness",0.229
tragedy,lower limit,1600–1609,30,shown (≥ 10),38,"Death, parting and grief at court",0.492
tragedy,lower limit,1600–1609,30,shown (≥ 10),39,"Profit, conscience and dishonest dealing",0.274
tragedy,lower limit,1600–1609,30,shown (≥ 10),40,"Sin, guilt and violent loss within families",0.983
tragedy,lower limit,1600–1609,30,shown (≥ 10),43,York and Lancaster: dynastic claims and conflict,0.0
tragedy,lower limit,1600–1609,30,shown (≥ 10),44,"Drinking: wine, ale and taverns",0.071
tragedy,lower limit,1600–1609,30,shown (≥ 10),45,"Widows, wooing and remarriage",0.166
tragedy,lower limit,1600–1609,30,shown (≥ 10),46,"Swords, quarrels and valour",0.0
tragedy,lower limit,1600–1609,30,shown (≥ 10),47,"Knaves, thieves and bawds",0.0
tragedy,lower limit,1600–1609,30,shown (≥ 10),49,"Wooing a mistress: suitors, go-betweens and letters",0.074
tragedy,lower limit,1600–1609,30,shown (≥ 10),50,"Fleets, armies and generals: war by sea and land",0.423
tragedy,lower limit,1600–1609,30,shown (≥ 10),51,"Parents and children: blessing, birthright and inheritance",0.178
tragedy,lower limit,1600–1609,30,shown (≥ 10),52,"Prodigals, portions and poor kin",0.816
tragedy,lower limit,1600–1609,30,shown (≥ 10),54,"Antony and Cleopatra: love, death and mourning",0.185
tragedy,lower limit,1600–1609,30,shown (≥ 10),55,"Fairies, fairy queens and enchanted desire",0.0
tragedy,lower limit,1600–1609,30,shown (≥ 10),56,"Magic, spells and conjuring",0.187
tragedy,lower limit,1600–1609,30,shown (≥ 10),59,"Spanish courts: war, honour and courtship",0.085
tragedy,lower limit,1600–1609,30,shown (≥ 10),60,"Imperial Rome: rulers, favour and political exemplars",0.174
tragedy,lower limit,1600–1609,30,shown (≥ 10),62,"The courtier as a type: fashion, affectation and foreign manners",0.0
tragedy,lower limit,1610–1619,15,shown (≥ 10),0,"Court life: dukes, favour and honour",5.674
tragedy,lower limit,1610–1619,15,shown (≥ 10),1,"Death, grief and revenge",9.417
tragedy,lower limit,1610–1619,15,shown (≥ 10),2,"Roman politics: senate, consuls and civil war",6.182
tragedy,lower limit,1610–1619,15,shown (≥ 10),3,"Sickness, physic and doctors",1.416
tragedy,lower limit,1610–1619,15,shown (≥ 10),4,Love-longing and the lover's complaint,0.367
tragedy,lower limit,1610–1619,15,shown (≥ 10),5,"Christian faith, sin and salvation",0.139
tragedy,lower limit,1610–1619,15,shown (≥ 10),6,"Money, debt and credit",0.136
tragedy,lower limit,1610–1619,15,shown (≥ 10),7,The Trojan war: conflict and its aftermath,0.933
tragedy,lower limit,1610–1619,15,shown (≥ 10),8,"Captains, gallants and cheats",0.882
tragedy,lower limit,1610–1619,15,shown (≥ 10),9,"Theatre talk: prologues, poets and players",0.406
tragedy,lower limit,1610–1619,15,shown (≥ 10),10,"England and France: war, embassy and peace",0.183
tragedy,lower limit,1610–1619,15,shown (≥ 10),11,"Siblings, kin and confidants",1.495
tragedy,lower limit,1610–1619,15,shown (≥ 10),12,"Olympian gods: Jupiter, Juno, Venus and Mars",0.824
tragedy,lower limit,1610–1619,15,shown (≥ 10),14,"Royal love, favour and dynastic relationships",0.281
tragedy,lower limit,1610–1619,15,shown (≥ 10),15,Friars and holy orders in plot,0.17
tragedy,lower limit,1610–1619,15,shown (≥ 10),16,"Gallantry: ladies, lordships and compliment",0.0
tragedy,lower limit,1610–1619,15,shown (≥ 10),17,"Eastern conquest: Persians, Turks and soldans",1.622
tragedy,lower limit,1610–1619,15,shown (≥ 10),18,"Rebels, barons and the king's wars at home",0.0
tragedy,lower limit,1610–1619,15,shown (≥ 10),20,"Hercules: labours, suffering and virtue",0.0
tragedy,lower limit,1610–1619,15,shown (≥ 10),21,"Cupid, Venus and the nymphs",0.0
tragedy,lower limit,1610–1619,15,shown (≥ 10),22,"Shepherds, flocks and Pan",0.0
tragedy,lower limit,1610–1619,15,shown (≥ 10),23,"Husbands, wives and jealousy",0.754
tragedy,lower limit,1610–1619,15,shown (≥ 10),24,"Apollo, Phoebus and the Muses",0.134
tragedy,lower limit,1610–1619,15,shown (≥ 10),25,"Kings, power and law: political sententiae",0.469
tragedy,lower limit,1610–1619,15,shown (≥ 10),26,"Devils, hell and fiends",0.636
tragedy,lower limit,1610–1619,15,shown (≥ 10),27,"Uncles, nephews and cousins: kinship and patronage",0.0
tragedy,lower limit,1610–1619,15,shown (≥ 10),28,"Marriage-making: weddings, brides and matches",0.514
tragedy,lower limit,1610–1619,15,shown (≥ 10),30,"Constables, justices and the watch",0.181
tragedy,lower limit,1610–1619,15,shown (≥ 10),31,"Popes, cardinals and the crown",0.69
tragedy,lower limit,1610–1619,15,shown (≥ 10),32,Rings and jewels as tokens,0.141
tragedy,lower limit,1610–1619,15,shown (≥ 10),33,"Fathers, daughters and marriage negotiations",0.199
tragedy,lower limit,1610–1619,15,shown (≥ 10),34,"Thebes and royal catastrophe: siege, slaughter and funeral rites",0.0
tragedy,lower limit,1610–1619,15,shown (≥ 10),35,"Fools, wit and railing",0.099
tragedy,lower limit,1610–1619,15,shown (≥ 10),36,"Hell, Furies and the language of punishment",0.576
tragedy,lower limit,1610–1619,15,shown (≥ 10),37,"Riches, poverty and covetousness",0.105
tragedy,lower limit,1610–1619,15,shown (≥ 10),38,"Death, parting and grief at court",0.605
tragedy,lower limit,1610–1619,15,shown (≥ 10),39,"Profit, conscience and dishonest dealing",0.0
tragedy,lower limit,1610–1619,15,shown (≥ 10),40,"Sin, guilt and violent loss within families",0.643
tragedy,lower limit,1610–1619,15,shown (≥ 10),43,York and Lancaster: dynastic claims and conflict,0.0
tragedy,lower limit,1610–1619,15,shown (≥ 10),44,"Drinking: wine, ale and taverns",0.173
tragedy,lower limit,1610–1619,15,shown (≥ 10),45,"Widows, wooing and remarriage",0.215
tragedy,lower limit,1610–1619,15,shown (≥ 10),46,"Swords, quarrels and valour",0.342
tragedy,lower limit,1610–1619,15,shown (≥ 10),47,"Knaves, thieves and bawds",0.61
tragedy,lower limit,1610–1619,15,shown (≥ 10),49,"Wooing a mistress: suitors, go-betweens and letters",0.166
tragedy,lower limit,1610–1619,15,shown (≥ 10),50,"Fleets, armies and generals: war by sea and land",0.128
tragedy,lower limit,1610–1619,15,shown (≥ 10),51,"Parents and children: blessing, birthright and inheritance",0.366
tragedy,lower limit,1610–1619,15,shown (≥ 10),52,"Prodigals, portions and poor kin",0.0
tragedy,lower limit,1610–1619,15,shown (≥ 10),54,"Antony and Cleopatra: love, death and mourning",0.498
tragedy,lower limit,1610–1619,15,shown (≥ 10),55,"Fairies, fairy queens and enchanted desire",0.0
tragedy,lower limit,1610–1619,15,shown (≥ 10),56,"Magic, spells and conjuring",0.17
tragedy,lower limit,1610–1619,15,shown (≥ 10),59,"Spanish courts: war, honour and courtship",0.385
tragedy,lower limit,1610–1619,15,shown (≥ 10),60,"Imperial Rome: rulers, favour and political exemplars",0.599
tragedy,lower limit,1610–1619,15,shown (≥ 10),62,"The courtier as a type: fashion, affectation and foreign manners",0.247
tragedy,lower limit,1620–1629,15,shown (≥ 10),0,"Court life: dukes, favour and honour",9.179
tragedy,lower limit,1620–1629,15,shown (≥ 10),1,"Death, grief and revenge",6.548
tragedy,lower limit,1620–1629,15,shown (≥ 10),2,"Roman politics: senate, consuls and civil war",2.041
tragedy,lower limit,1620–1629,15,shown (≥ 10),3,"Sickness, physic and doctors",1.756
tragedy,lower limit,1620–1629,15,shown (≥ 10),4,Love-longing and the lover's complaint,0.793
tragedy,lower limit,1620–1629,15,shown (≥ 10),5,"Christian faith, sin and salvation",0.158
tragedy,lower limit,1620–1629,15,shown (≥ 10),6,"Money, debt and credit",0.0
tragedy,lower limit,1620–1629,15,shown (≥ 10),7,The Trojan war: conflict and its aftermath,0.0
tragedy,lower limit,1620–1629,15,shown (≥ 10),8,"Captains, gallants and cheats",0.329
tragedy,lower limit,1620–1629,15,shown (≥ 10),9,"Theatre talk: prologues, poets and players",0.4
tragedy,lower limit,1620–1629,15,shown (≥ 10),10,"England and France: war, embassy and peace",4.067
tragedy,lower limit,1620–1629,15,shown (≥ 10),11,"Siblings, kin and confidants",1.887
tragedy,lower limit,1620–1629,15,shown (≥ 10),12,"Olympian gods: Jupiter, Juno, Venus and Mars",0.305
tragedy,lower limit,1620–1629,15,shown (≥ 10),14,"Royal love, favour and dynastic relationships",1.477
tragedy,lower limit,1620–1629,15,shown (≥ 10),15,Friars and holy orders in plot,0.238
tragedy,lower limit,1620–1629,15,shown (≥ 10),16,"Gallantry: ladies, lordships and compliment",0.522
tragedy,lower limit,1620–1629,15,shown (≥ 10),17,"Eastern conquest: Persians, Turks and soldans",2.494
tragedy,lower limit,1620–1629,15,shown (≥ 10),18,"Rebels, barons and the king's wars at home",0.183
tragedy,lower limit,1620–1629,15,shown (≥ 10),20,"Hercules: labours, suffering and virtue",0.0
tragedy,lower limit,1620–1629,15,shown (≥ 10),21,"Cupid, Venus and the nymphs",0.0
tragedy,lower limit,1620–1629,15,shown (≥ 10),22,"Shepherds, flocks and Pan",0.184
tragedy,lower limit,1620–1629,15,shown (≥ 10),23,"Husbands, wives and jealousy",0.518
tragedy,lower limit,1620–1629,15,shown (≥ 10),24,"Apollo, Phoebus and the Muses",0.0
tragedy,lower limit,1620–1629,15,shown (≥ 10),25,"Kings, power and law: political sententiae",0.226
tragedy,lower limit,1620–1629,15,shown (≥ 10),26,"Devils, hell and fiends",0.306
tragedy,lower limit,1620–1629,15,shown (≥ 10),27,"Uncles, nephews and cousins: kinship and patronage",0.165
tragedy,lower limit,1620–1629,15,shown (≥ 10),28,"Marriage-making: weddings, brides and matches",0.185
tragedy,lower limit,1620–1629,15,shown (≥ 10),30,"Constables, justices and the watch",0.0
tragedy,lower limit,1620–1629,15,shown (≥ 10),31,"Popes, cardinals and the crown",0.0
tragedy,lower limit,1620–1629,15,shown (≥ 10),32,Rings and jewels as tokens,0.338
tragedy,lower limit,1620–1629,15,shown (≥ 10),33,"Fathers, daughters and marriage negotiations",0.0
tragedy,lower limit,1620–1629,15,shown (≥ 10),34,"Thebes and royal catastrophe: siege, slaughter and funeral rites",3.801
tragedy,lower limit,1620–1629,15,shown (≥ 10),35,"Fools, wit and railing",0.184
tragedy,lower limit,1620–1629,15,shown (≥ 10),36,"Hell, Furies and the language of punishment",0.564
tragedy,lower limit,1620–1629,15,shown (≥ 10),37,"Riches, poverty and covetousness",0.0
tragedy,lower limit,1620–1629,15,shown (≥ 10),38,"Death, parting and grief at court",0.345
tragedy,lower limit,1620–1629,15,shown (≥ 10),39,"Profit, conscience and dishonest dealing",0.0
tragedy,lower limit,1620–1629,15,shown (≥ 10),40,"Sin, guilt and violent loss within families",0.18
tragedy,lower limit,1620–1629,15,shown (≥ 10),43,York and Lancaster: dynastic claims and conflict,0.0
tragedy,lower limit,1620–1629,15,shown (≥ 10),44,"Drinking: wine, ale and taverns",0.334
tragedy,lower limit,1620–1629,15,shown (≥ 10),45,"Widows, wooing and remarriage",0.0
tragedy,lower limit,1620–1629,15,shown (≥ 10),46,"Swords, quarrels and valour",0.141
tragedy,lower limit,1620–1629,15,shown (≥ 10),47,"Knaves, thieves and bawds",0.151
tragedy,lower limit,1620–1629,15,shown (≥ 10),49,"Wooing a mistress: suitors, go-betweens and letters",0.0
tragedy,lower limit,1620–1629,15,shown (≥ 10),50,"Fleets, armies and generals: war by sea and land",0.633
tragedy,lower limit,1620–1629,15,shown (≥ 10),51,"Parents and children: blessing, birthright and inheritance",0.164
tragedy,lower limit,1620–1629,15,shown (≥ 10),52,"Prodigals, portions and poor kin",0.0
tragedy,lower limit,1620–1629,15,shown (≥ 10),54,"Antony and Cleopatra: love, death and mourning",0.917
tragedy,lower limit,1620–1629,15,shown (≥ 10),55,"Fairies, fairy queens and enchanted desire",0.0
tragedy,lower limit,1620–1629,15,shown (≥ 10),56,"Magic, spells and conjuring",0.0
tragedy,lower limit,1620–1629,15,shown (≥ 10),59,"Spanish courts: war, honour and courtship",1.645
tragedy,lower limit,1620–1629,15,shown (≥ 10),60,"Imperial Rome: rulers, favour and political exemplars",1.097
tragedy,lower limit,1620–1629,15,shown (≥ 10),62,"The courtier as a type: fashion, affectation and foreign manners",0.0
tragedy,lower limit,1630–1639,6,sparse (5–9),0,"Court life: dukes, favour and honour",15.233
tragedy,lower limit,1630–1639,6,sparse (5–9),1,"Death, grief and revenge",9.59
tragedy,lower limit,1630–1639,6,sparse (5–9),2,"Roman politics: senate, consuls and civil war",3.708
tragedy,lower limit,1630–1639,6,sparse (5–9),3,"Sickness, physic and doctors",0.0
tragedy,lower limit,1630–1639,6,sparse (5–9),4,Love-longing and the lover's complaint,2.07
tragedy,lower limit,1630–1639,6,sparse (5–9),5,"Christian faith, sin and salvation",0.0
tragedy,lower limit,1630–1639,6,sparse (5–9),6,"Money, debt and credit",0.0
tragedy,lower limit,1630–1639,6,sparse (5–9),7,The Trojan war: conflict and its aftermath,0.0
tragedy,lower limit,1630–1639,6,sparse (5–9),8,"Captains, gallants and cheats",0.602
tragedy,lower limit,1630–1639,6,sparse (5–9),9,"Theatre talk: prologues, poets and players",1.367
tragedy,lower limit,1630–1639,6,sparse (5–9),10,"England and France: war, embassy and peace",0.0
tragedy,lower limit,1630–1639,6,sparse (5–9),11,"Siblings, kin and confidants",0.433
tragedy,lower limit,1630–1639,6,sparse (5–9),12,"Olympian gods: Jupiter, Juno, Venus and Mars",0.261
tragedy,lower limit,1630–1639,6,sparse (5–9),14,"Royal love, favour and dynastic relationships",1.068
tragedy,lower limit,1630–1639,6,sparse (5–9),15,Friars and holy orders in plot,0.0
tragedy,lower limit,1630–1639,6,sparse (5–9),16,"Gallantry: ladies, lordships and compliment",0.256
tragedy,lower limit,1630–1639,6,sparse (5–9),17,"Eastern conquest: Persians, Turks and soldans",0.0
tragedy,lower limit,1630–1639,6,sparse (5–9),18,"Rebels, barons and the king's wars at home",0.0
tragedy,lower limit,1630–1639,6,sparse (5–9),20,"Hercules: labours, suffering and virtue",0.0
tragedy,lower limit,1630–1639,6,sparse (5–9),21,"Cupid, Venus and the nymphs",0.532
tragedy,lower limit,1630–1639,6,sparse (5–9),22,"Shepherds, flocks and Pan",0.0
tragedy,lower limit,1630–1639,6,sparse (5–9),23,"Husbands, wives and jealousy",0.991
tragedy,lower limit,1630–1639,6,sparse (5–9),24,"Apollo, Phoebus and the Muses",0.0
tragedy,lower limit,1630–1639,6,sparse (5–9),25,"Kings, power and law: political sententiae",0.273
tragedy,lower limit,1630–1639,6,sparse (5–9),26,"Devils, hell and fiends",0.0
tragedy,lower limit,1630–1639,6,sparse (5–9),27,"Uncles, nephews and cousins: kinship and patronage",0.0
tragedy,lower limit,1630–1639,6,sparse (5–9),28,"Marriage-making: weddings, brides and matches",0.0
tragedy,lower limit,1630–1639,6,sparse (5–9),30,"Constables, justices and the watch",0.0
tragedy,lower limit,1630–1639,6,sparse (5–9),31,"Popes, cardinals and the crown",0.0
tragedy,lower limit,1630–1639,6,sparse (5–9),32,Rings and jewels as tokens,0.0
tragedy,lower limit,1630–1639,6,sparse (5–9),33,"Fathers, daughters and marriage negotiations",0.0
tragedy,lower limit,1630–1639,6,sparse (5–9),34,"Thebes and royal catastrophe: siege, slaughter and funeral rites",0.0
tragedy,lower limit,1630–1639,6,sparse (5–9),35,"Fools, wit and railing",0.0
tragedy,lower limit,1630–1639,6,sparse (5–9),36,"Hell, Furies and the language of punishment",1.046
tragedy,lower limit,1630–1639,6,sparse (5–9),37,"Riches, poverty and covetousness",0.0
tragedy,lower limit,1630–1639,6,sparse (5–9),38,"Death, parting and grief at court",0.0
tragedy,lower limit,1630–1639,6,sparse (5–9),39,"Profit, conscience and dishonest dealing",0.0
tragedy,lower limit,1630–1639,6,sparse (5–9),40,"Sin, guilt and violent loss within families",1.022
tragedy,lower limit,1630–1639,6,sparse (5–9),43,York and Lancaster: dynastic claims and conflict,0.0
tragedy,lower limit,1630–1639,6,sparse (5–9),44,"Drinking: wine, ale and taverns",0.0
tragedy,lower limit,1630–1639,6,sparse (5–9),45,"Widows, wooing and remarriage",0.0
tragedy,lower limit,1630–1639,6,sparse (5–9),46,"Swords, quarrels and valour",0.255
tragedy,lower limit,1630–1639,6,sparse (5–9),47,"Knaves, thieves and bawds",0.0
tragedy,lower limit,1630–1639,6,sparse (5–9),49,"Wooing a mistress: suitors, go-betweens and letters",0.995
tragedy,lower limit,1630–1639,6,sparse (5–9),50,"Fleets, armies and generals: war by sea and land",0.274
tragedy,lower limit,1630–1639,6,sparse (5–9),51,"Parents and children: blessing, birthright and inheritance",0.0
tragedy,lower limit,1630–1639,6,sparse (5–9),52,"Prodigals, portions and poor kin",0.0
tragedy,lower limit,1630–1639,6,sparse (5–9),54,"Antony and Cleopatra: love, death and mourning",0.0
tragedy,lower limit,1630–1639,6,sparse (5–9),55,"Fairies, fairy queens and enchanted desire",0.0
tragedy,lower limit,1630–1639,6,sparse (5–9),56,"Magic, spells and conjuring",0.0
tragedy,lower limit,1630–1639,6,sparse (5–9),59,"Spanish courts: war, honour and courtship",0.253
tragedy,lower limit,1630–1639,6,sparse (5–9),60,"Imperial Rome: rulers, favour and political exemplars",2.187
tragedy,lower limit,1630–1639,6,sparse (5–9),62,"The courtier as a type: fashion, affectation and foreign manners",0.0
tragedy,lower limit,1640–1649,1,insufficient (< 5),0,"Court life: dukes, favour and honour",0.0
tragedy,lower limit,1640–1649,1,insufficient (< 5),1,"Death, grief and revenge",13.107
tragedy,lower limit,1640–1649,1,insufficient (< 5),2,"Roman politics: senate, consuls and civil war",0.0
tragedy,lower limit,1640–1649,1,insufficient (< 5),3,"Sickness, physic and doctors",5.143
tragedy,lower limit,1640–1649,1,insufficient (< 5),4,Love-longing and the lover's complaint,0.0
tragedy,lower limit,1640–1649,1,insufficient (< 5),5,"Christian faith, sin and salvation",0.0
tragedy,lower limit,1640–1649,1,insufficient (< 5),6,"Money, debt and credit",0.0
tragedy,lower limit,1640–1649,1,insufficient (< 5),7,The Trojan war: conflict and its aftermath,0.0
tragedy,lower limit,1640–1649,1,insufficient (< 5),8,"Captains, gallants and cheats",0.0
tragedy,lower limit,1640–1649,1,insufficient (< 5),9,"Theatre talk: prologues, poets and players",0.0
tragedy,lower limit,1640–1649,1,insufficient (< 5),10,"England and France: war, embassy and peace",0.0
tragedy,lower limit,1640–1649,1,insufficient (< 5),11,"Siblings, kin and confidants",2.624
tragedy,lower limit,1640–1649,1,insufficient (< 5),12,"Olympian gods: Jupiter, Juno, Venus and Mars",0.0
tragedy,lower limit,1640–1649,1,insufficient (< 5),14,"Royal love, favour and dynastic relationships",2.688
tragedy,lower limit,1640–1649,1,insufficient (< 5),15,Friars and holy orders in plot,0.0
tragedy,lower limit,1640–1649,1,insufficient (< 5),16,"Gallantry: ladies, lordships and compliment",0.0
tragedy,lower limit,1640–1649,1,insufficient (< 5),17,"Eastern conquest: Persians, Turks and soldans",0.0
tragedy,lower limit,1640–1649,1,insufficient (< 5),18,"Rebels, barons and the king's wars at home",0.0
tragedy,lower limit,1640–1649,1,insufficient (< 5),20,"Hercules: labours, suffering and virtue",2.619
tragedy,lower limit,1640–1649,1,insufficient (< 5),21,"Cupid, Venus and the nymphs",0.0
tragedy,lower limit,1640–1649,1,insufficient (< 5),22,"Shepherds, flocks and Pan",0.0
tragedy,lower limit,1640–1649,1,insufficient (< 5),23,"Husbands, wives and jealousy",0.0
tragedy,lower limit,1640–1649,1,insufficient (< 5),24,"Apollo, Phoebus and the Muses",0.0
tragedy,lower limit,1640–1649,1,insufficient (< 5),25,"Kings, power and law: political sententiae",0.0
tragedy,lower limit,1640–1649,1,insufficient (< 5),26,"Devils, hell and fiends",2.746
tragedy,lower limit,1640–1649,1,insufficient (< 5),27,"Uncles, nephews and cousins: kinship and patronage",0.0
tragedy,lower limit,1640–1649,1,insufficient (< 5),28,"Marriage-making: weddings, brides and matches",0.0
tragedy,lower limit,1640–1649,1,insufficient (< 5),30,"Constables, justices and the watch",0.0
tragedy,lower limit,1640–1649,1,insufficient (< 5),31,"Popes, cardinals and the crown",0.0
tragedy,lower limit,1640–1649,1,insufficient (< 5),32,Rings and jewels as tokens,0.0
tragedy,lower limit,1640–1649,1,insufficient (< 5),33,"Fathers, daughters and marriage negotiations",0.0
tragedy,lower limit,1640–1649,1,insufficient (< 5),34,"Thebes and royal catastrophe: siege, slaughter and funeral rites",0.0
tragedy,lower limit,1640–1649,1,insufficient (< 5),35,"Fools, wit and railing",0.0
tragedy,lower limit,1640–1649,1,insufficient (< 5),36,"Hell, Furies and the language of punishment",0.0
tragedy,lower limit,1640–1649,1,insufficient (< 5),37,"Riches, poverty and covetousness",0.0
tragedy,lower limit,1640–1649,1,insufficient (< 5),38,"Death, parting and grief at court",2.64
tragedy,lower limit,1640–1649,1,insufficient (< 5),39,"Profit, conscience and dishonest dealing",0.0
tragedy,lower limit,1640–1649,1,insufficient (< 5),40,"Sin, guilt and violent loss within families",0.0
tragedy,lower limit,1640–1649,1,insufficient (< 5),43,York and Lancaster: dynastic claims and conflict,0.0
tragedy,lower limit,1640–1649,1,insufficient (< 5),44,"Drinking: wine, ale and taverns",0.0
tragedy,lower limit,1640–1649,1,insufficient (< 5),45,"Widows, wooing and remarriage",0.0
tragedy,lower limit,1640–1649,1,insufficient (< 5),46,"Swords, quarrels and valour",0.0
tragedy,lower limit,1640–1649,1,insufficient (< 5),47,"Knaves, thieves and bawds",0.0
tragedy,lower limit,1640–1649,1,insufficient (< 5),49,"Wooing a mistress: suitors, go-betweens and letters",0.0
tragedy,lower limit,1640–1649,1,insufficient (< 5),50,"Fleets, armies and generals: war by sea and land",2.667
tragedy,lower limit,1640–1649,1,insufficient (< 5),51,"Parents and children: blessing, birthright and inheritance",0.0
tragedy,lower limit,1640–1649,1,insufficient (< 5),52,"Prodigals, portions and poor kin",0.0
tragedy,lower limit,1640–1649,1,insufficient (< 5),54,"Antony and Cleopatra: love, death and mourning",0.0
tragedy,lower limit,1640–1649,1,insufficient (< 5),55,"Fairies, fairy queens and enchanted desire",0.0
tragedy,lower limit,1640–1649,1,insufficient (< 5),56,"Magic, spells and conjuring",0.0
tragedy,lower limit,1640–1649,1,insufficient (< 5),59,"Spanish courts: war, honour and courtship",0.0
tragedy,lower limit,1640–1649,1,insufficient (< 5),60,"Imperial Rome: rulers, favour and political exemplars",0.0
tragedy,lower limit,1640–1649,1,insufficient (< 5),62,"The courtier as a type: fashion, affectation and foreign manners",0.0
tragedy,upper limit,1550–1559,1,insufficient (< 5),0,"Court life: dukes, favour and honour",0.0
tragedy,upper limit,1550–1559,1,insufficient (< 5),1,"Death, grief and revenge",0.0
tragedy,upper limit,1550–1559,1,insufficient (< 5),2,"Roman politics: senate, consuls and civil war",0.0
tragedy,upper limit,1550–1559,1,insufficient (< 5),3,"Sickness, physic and doctors",0.0
tragedy,upper limit,1550–1559,1,insufficient (< 5),4,Love-longing and the lover's complaint,0.0
tragedy,upper limit,1550–1559,1,insufficient (< 5),5,"Christian faith, sin and salvation",0.0
tragedy,upper limit,1550–1559,1,insufficient (< 5),6,"Money, debt and credit",0.0
tragedy,upper limit,1550–1559,1,insufficient (< 5),7,The Trojan war: conflict and its aftermath,96.271
tragedy,upper limit,1550–1559,1,insufficient (< 5),8,"Captains, gallants and cheats",0.0
tragedy,upper limit,1550–1559,1,insufficient (< 5),9,"Theatre talk: prologues, poets and players",0.0
tragedy,upper limit,1550–1559,1,insufficient (< 5),10,"England and France: war, embassy and peace",0.0
tragedy,upper limit,1550–1559,1,insufficient (< 5),11,"Siblings, kin and confidants",0.0
tragedy,upper limit,1550–1559,1,insufficient (< 5),12,"Olympian gods: Jupiter, Juno, Venus and Mars",0.0
tragedy,upper limit,1550–1559,1,insufficient (< 5),14,"Royal love, favour and dynastic relationships",0.0
tragedy,upper limit,1550–1559,1,insufficient (< 5),15,Friars and holy orders in plot,0.0
tragedy,upper limit,1550–1559,1,insufficient (< 5),16,"Gallantry: ladies, lordships and compliment",0.0
tragedy,upper limit,1550–1559,1,insufficient (< 5),17,"Eastern conquest: Persians, Turks and soldans",0.0
tragedy,upper limit,1550–1559,1,insufficient (< 5),18,"Rebels, barons and the king's wars at home",0.0
tragedy,upper limit,1550–1559,1,insufficient (< 5),20,"Hercules: labours, suffering and virtue",0.0
tragedy,upper limit,1550–1559,1,insufficient (< 5),21,"Cupid, Venus and the nymphs",0.0
tragedy,upper limit,1550–1559,1,insufficient (< 5),22,"Shepherds, flocks and Pan",0.0
tragedy,upper limit,1550–1559,1,insufficient (< 5),23,"Husbands, wives and jealousy",0.0
tragedy,upper limit,1550–1559,1,insufficient (< 5),24,"Apollo, Phoebus and the Muses",0.0
tragedy,upper limit,1550–1559,1,insufficient (< 5),25,"Kings, power and law: political sententiae",0.0
tragedy,upper limit,1550–1559,1,insufficient (< 5),26,"Devils, hell and fiends",0.0
tragedy,upper limit,1550–1559,1,insufficient (< 5),27,"Uncles, nephews and cousins: kinship and patronage",0.0
tragedy,upper limit,1550–1559,1,insufficient (< 5),28,"Marriage-making: weddings, brides and matches",0.0
tragedy,upper limit,1550–1559,1,insufficient (< 5),30,"Constables, justices and the watch",0.0
tragedy,upper limit,1550–1559,1,insufficient (< 5),31,"Popes, cardinals and the crown",0.0
tragedy,upper limit,1550–1559,1,insufficient (< 5),32,Rings and jewels as tokens,0.0
tragedy,upper limit,1550–1559,1,insufficient (< 5),33,"Fathers, daughters and marriage negotiations",0.0
tragedy,upper limit,1550–1559,1,insufficient (< 5),34,"Thebes and royal catastrophe: siege, slaughter and funeral rites",0.0
tragedy,upper limit,1550–1559,1,insufficient (< 5),35,"Fools, wit and railing",0.0
tragedy,upper limit,1550–1559,1,insufficient (< 5),36,"Hell, Furies and the language of punishment",0.0
tragedy,upper limit,1550–1559,1,insufficient (< 5),37,"Riches, poverty and covetousness",0.0
tragedy,upper limit,1550–1559,1,insufficient (< 5),38,"Death, parting and grief at court",0.0
tragedy,upper limit,1550–1559,1,insufficient (< 5),39,"Profit, conscience and dishonest dealing",0.0
tragedy,upper limit,1550–1559,1,insufficient (< 5),40,"Sin, guilt and violent loss within families",0.0
tragedy,upper limit,1550–1559,1,insufficient (< 5),43,York and Lancaster: dynastic claims and conflict,0.0
tragedy,upper limit,1550–1559,1,insufficient (< 5),44,"Drinking: wine, ale and taverns",0.0
tragedy,upper limit,1550–1559,1,insufficient (< 5),45,"Widows, wooing and remarriage",0.0
tragedy,upper limit,1550–1559,1,insufficient (< 5),46,"Swords, quarrels and valour",0.0
tragedy,upper limit,1550–1559,1,insufficient (< 5),47,"Knaves, thieves and bawds",0.0
tragedy,upper limit,1550–1559,1,insufficient (< 5),49,"Wooing a mistress: suitors, go-betweens and letters",0.0
tragedy,upper limit,1550–1559,1,insufficient (< 5),50,"Fleets, armies and generals: war by sea and land",0.0
tragedy,upper limit,1550–1559,1,insufficient (< 5),51,"Parents and children: blessing, birthright and inheritance",0.0
tragedy,upper limit,1550–1559,1,insufficient (< 5),52,"Prodigals, portions and poor kin",0.0
tragedy,upper limit,1550–1559,1,insufficient (< 5),54,"Antony and Cleopatra: love, death and mourning",0.0
tragedy,upper limit,1550–1559,1,insufficient (< 5),55,"Fairies, fairy queens and enchanted desire",0.0
tragedy,upper limit,1550–1559,1,insufficient (< 5),56,"Magic, spells and conjuring",0.0
tragedy,upper limit,1550–1559,1,insufficient (< 5),59,"Spanish courts: war, honour and courtship",0.0
tragedy,upper limit,1550–1559,1,insufficient (< 5),60,"Imperial Rome: rulers, favour and political exemplars",0.0
tragedy,upper limit,1550–1559,1,insufficient (< 5),62,"The courtier as a type: fashion, affectation and foreign manners",0.0
tragedy,upper limit,1560–1569,14,shown (≥ 10),0,"Court life: dukes, favour and honour",0.0
tragedy,upper limit,1560–1569,14,shown (≥ 10),1,"Death, grief and revenge",6.298
tragedy,upper limit,1560–1569,14,shown (≥ 10),2,"Roman politics: senate, consuls and civil war",0.619
tragedy,upper limit,1560–1569,14,shown (≥ 10),3,"Sickness, physic and doctors",0.0
tragedy,upper limit,1560–1569,14,shown (≥ 10),4,Love-longing and the lover's complaint,0.0
tragedy,upper limit,1560–1569,14,shown (≥ 10),5,"Christian faith, sin and salvation",0.0
tragedy,upper limit,1560–1569,14,shown (≥ 10),6,"Money, debt and credit",0.0
tragedy,upper limit,1560–1569,14,shown (≥ 10),7,The Trojan war: conflict and its aftermath,4.846
tragedy,upper limit,1560–1569,14,shown (≥ 10),8,"Captains, gallants and cheats",0.0
tragedy,upper limit,1560–1569,14,shown (≥ 10),9,"Theatre talk: prologues, poets and players",0.0
tragedy,upper limit,1560–1569,14,shown (≥ 10),10,"England and France: war, embassy and peace",0.0
tragedy,upper limit,1560–1569,14,shown (≥ 10),11,"Siblings, kin and confidants",0.0
tragedy,upper limit,1560–1569,14,shown (≥ 10),12,"Olympian gods: Jupiter, Juno, Venus and Mars",0.318
tragedy,upper limit,1560–1569,14,shown (≥ 10),14,"Royal love, favour and dynastic relationships",0.282
tragedy,upper limit,1560–1569,14,shown (≥ 10),15,Friars and holy orders in plot,0.0
tragedy,upper limit,1560–1569,14,shown (≥ 10),16,"Gallantry: ladies, lordships and compliment",0.0
tragedy,upper limit,1560–1569,14,shown (≥ 10),17,"Eastern conquest: Persians, Turks and soldans",0.271
tragedy,upper limit,1560–1569,14,shown (≥ 10),18,"Rebels, barons and the king's wars at home",0.475
tragedy,upper limit,1560–1569,14,shown (≥ 10),20,"Hercules: labours, suffering and virtue",9.853
tragedy,upper limit,1560–1569,14,shown (≥ 10),21,"Cupid, Venus and the nymphs",0.783
tragedy,upper limit,1560–1569,14,shown (≥ 10),22,"Shepherds, flocks and Pan",0.269
tragedy,upper limit,1560–1569,14,shown (≥ 10),23,"Husbands, wives and jealousy",0.0
tragedy,upper limit,1560–1569,14,shown (≥ 10),24,"Apollo, Phoebus and the Muses",1.419
tragedy,upper limit,1560–1569,14,shown (≥ 10),25,"Kings, power and law: political sententiae",1.619
tragedy,upper limit,1560–1569,14,shown (≥ 10),26,"Devils, hell and fiends",0.0
tragedy,upper limit,1560–1569,14,shown (≥ 10),27,"Uncles, nephews and cousins: kinship and patronage",0.0
tragedy,upper limit,1560–1569,14,shown (≥ 10),28,"Marriage-making: weddings, brides and matches",0.0
tragedy,upper limit,1560–1569,14,shown (≥ 10),30,"Constables, justices and the watch",0.0
tragedy,upper limit,1560–1569,14,shown (≥ 10),31,"Popes, cardinals and the crown",0.0
tragedy,upper limit,1560–1569,14,shown (≥ 10),32,Rings and jewels as tokens,0.0
tragedy,upper limit,1560–1569,14,shown (≥ 10),33,"Fathers, daughters and marriage negotiations",0.0
tragedy,upper limit,1560–1569,14,shown (≥ 10),34,"Thebes and royal catastrophe: siege, slaughter and funeral rites",3.31
tragedy,upper limit,1560–1569,14,shown (≥ 10),35,"Fools, wit and railing",0.0
tragedy,upper limit,1560–1569,14,shown (≥ 10),36,"Hell, Furies and the language of punishment",5.716
tragedy,upper limit,1560–1569,14,shown (≥ 10),37,"Riches, poverty and covetousness",0.0
tragedy,upper limit,1560–1569,14,shown (≥ 10),38,"Death, parting and grief at court",1.555
tragedy,upper limit,1560–1569,14,shown (≥ 10),39,"Profit, conscience and dishonest dealing",0.502
tragedy,upper limit,1560–1569,14,shown (≥ 10),40,"Sin, guilt and violent loss within families",0.848
tragedy,upper limit,1560–1569,14,shown (≥ 10),43,York and Lancaster: dynastic claims and conflict,0.0
tragedy,upper limit,1560–1569,14,shown (≥ 10),44,"Drinking: wine, ale and taverns",0.0
tragedy,upper limit,1560–1569,14,shown (≥ 10),45,"Widows, wooing and remarriage",0.0
tragedy,upper limit,1560–1569,14,shown (≥ 10),46,"Swords, quarrels and valour",0.0
tragedy,upper limit,1560–1569,14,shown (≥ 10),47,"Knaves, thieves and bawds",0.0
tragedy,upper limit,1560–1569,14,shown (≥ 10),49,"Wooing a mistress: suitors, go-betweens and letters",0.0
tragedy,upper limit,1560–1569,14,shown (≥ 10),50,"Fleets, armies and generals: war by sea and land",0.162
tragedy,upper limit,1560–1569,14,shown (≥ 10),51,"Parents and children: blessing, birthright and inheritance",0.0
tragedy,upper limit,1560–1569,14,shown (≥ 10),52,"Prodigals, portions and poor kin",0.0
tragedy,upper limit,1560–1569,14,shown (≥ 10),54,"Antony and Cleopatra: love, death and mourning",0.0
tragedy,upper limit,1560–1569,14,shown (≥ 10),55,"Fairies, fairy queens and enchanted desire",0.0
tragedy,upper limit,1560–1569,14,shown (≥ 10),56,"Magic, spells and conjuring",0.497
tragedy,upper limit,1560–1569,14,shown (≥ 10),59,"Spanish courts: war, honour and courtship",0.0
tragedy,upper limit,1560–1569,14,shown (≥ 10),60,"Imperial Rome: rulers, favour and political exemplars",0.0
tragedy,upper limit,1560–1569,14,shown (≥ 10),62,"The courtier as a type: fashion, affectation and foreign manners",0.0
tragedy,upper limit,1570–1579,1,insufficient (< 5),0,"Court life: dukes, favour and honour",0.0
tragedy,upper limit,1570–1579,1,insufficient (< 5),1,"Death, grief and revenge",0.0
tragedy,upper limit,1570–1579,1,insufficient (< 5),2,"Roman politics: senate, consuls and civil war",0.0
tragedy,upper limit,1570–1579,1,insufficient (< 5),3,"Sickness, physic and doctors",0.0
tragedy,upper limit,1570–1579,1,insufficient (< 5),4,Love-longing and the lover's complaint,0.0
tragedy,upper limit,1570–1579,1,insufficient (< 5),5,"Christian faith, sin and salvation",11.675
tragedy,upper limit,1570–1579,1,insufficient (< 5),6,"Money, debt and credit",0.0
tragedy,upper limit,1570–1579,1,insufficient (< 5),7,The Trojan war: conflict and its aftermath,0.0
tragedy,upper limit,1570–1579,1,insufficient (< 5),8,"Captains, gallants and cheats",0.0
tragedy,upper limit,1570–1579,1,insufficient (< 5),9,"Theatre talk: prologues, poets and players",0.0
tragedy,upper limit,1570–1579,1,insufficient (< 5),10,"England and France: war, embassy and peace",0.0
tragedy,upper limit,1570–1579,1,insufficient (< 5),11,"Siblings, kin and confidants",0.0
tragedy,upper limit,1570–1579,1,insufficient (< 5),12,"Olympian gods: Jupiter, Juno, Venus and Mars",0.0
tragedy,upper limit,1570–1579,1,insufficient (< 5),14,"Royal love, favour and dynastic relationships",0.0
tragedy,upper limit,1570–1579,1,insufficient (< 5),15,Friars and holy orders in plot,0.0
tragedy,upper limit,1570–1579,1,insufficient (< 5),16,"Gallantry: ladies, lordships and compliment",0.0
tragedy,upper limit,1570–1579,1,insufficient (< 5),17,"Eastern conquest: Persians, Turks and soldans",0.0
tragedy,upper limit,1570–1579,1,insufficient (< 5),18,"Rebels, barons and the king's wars at home",0.0
tragedy,upper limit,1570–1579,1,insufficient (< 5),20,"Hercules: labours, suffering and virtue",0.0
tragedy,upper limit,1570–1579,1,insufficient (< 5),21,"Cupid, Venus and the nymphs",0.0
tragedy,upper limit,1570–1579,1,insufficient (< 5),22,"Shepherds, flocks and Pan",0.0
tragedy,upper limit,1570–1579,1,insufficient (< 5),23,"Husbands, wives and jealousy",0.0
tragedy,upper limit,1570–1579,1,insufficient (< 5),24,"Apollo, Phoebus and the Muses",0.0
tragedy,upper limit,1570–1579,1,insufficient (< 5),25,"Kings, power and law: political sententiae",0.0
tragedy,upper limit,1570–1579,1,insufficient (< 5),26,"Devils, hell and fiends",0.0
tragedy,upper limit,1570–1579,1,insufficient (< 5),27,"Uncles, nephews and cousins: kinship and patronage",0.0
tragedy,upper limit,1570–1579,1,insufficient (< 5),28,"Marriage-making: weddings, brides and matches",0.0
tragedy,upper limit,1570–1579,1,insufficient (< 5),30,"Constables, justices and the watch",0.0
tragedy,upper limit,1570–1579,1,insufficient (< 5),31,"Popes, cardinals and the crown",0.0
tragedy,upper limit,1570–1579,1,insufficient (< 5),32,Rings and jewels as tokens,0.0
tragedy,upper limit,1570–1579,1,insufficient (< 5),33,"Fathers, daughters and marriage negotiations",0.0
tragedy,upper limit,1570–1579,1,insufficient (< 5),34,"Thebes and royal catastrophe: siege, slaughter and funeral rites",0.0
tragedy,upper limit,1570–1579,1,insufficient (< 5),35,"Fools, wit and railing",0.0
tragedy,upper limit,1570–1579,1,insufficient (< 5),36,"Hell, Furies and the language of punishment",0.0
tragedy,upper limit,1570–1579,1,insufficient (< 5),37,"Riches, poverty and covetousness",0.0
tragedy,upper limit,1570–1579,1,insufficient (< 5),38,"Death, parting and grief at court",0.0
tragedy,upper limit,1570–1579,1,insufficient (< 5),39,"Profit, conscience and dishonest dealing",0.0
tragedy,upper limit,1570–1579,1,insufficient (< 5),40,"Sin, guilt and violent loss within families",0.0
tragedy,upper limit,1570–1579,1,insufficient (< 5),43,York and Lancaster: dynastic claims and conflict,0.0
tragedy,upper limit,1570–1579,1,insufficient (< 5),44,"Drinking: wine, ale and taverns",0.0
tragedy,upper limit,1570–1579,1,insufficient (< 5),45,"Widows, wooing and remarriage",0.0
tragedy,upper limit,1570–1579,1,insufficient (< 5),46,"Swords, quarrels and valour",0.0
tragedy,upper limit,1570–1579,1,insufficient (< 5),47,"Knaves, thieves and bawds",0.0
tragedy,upper limit,1570–1579,1,insufficient (< 5),49,"Wooing a mistress: suitors, go-betweens and letters",0.0
tragedy,upper limit,1570–1579,1,insufficient (< 5),50,"Fleets, armies and generals: war by sea and land",0.0
tragedy,upper limit,1570–1579,1,insufficient (< 5),51,"Parents and children: blessing, birthright and inheritance",0.0
tragedy,upper limit,1570–1579,1,insufficient (< 5),52,"Prodigals, portions and poor kin",0.0
tragedy,upper limit,1570–1579,1,insufficient (< 5),54,"Antony and Cleopatra: love, death and mourning",0.0
tragedy,upper limit,1570–1579,1,insufficient (< 5),55,"Fairies, fairy queens and enchanted desire",0.0
tragedy,upper limit,1570–1579,1,insufficient (< 5),56,"Magic, spells and conjuring",0.0
tragedy,upper limit,1570–1579,1,insufficient (< 5),59,"Spanish courts: war, honour and courtship",0.0
tragedy,upper limit,1570–1579,1,insufficient (< 5),60,"Imperial Rome: rulers, favour and political exemplars",0.0
tragedy,upper limit,1570–1579,1,insufficient (< 5),62,"The courtier as a type: fashion, affectation and foreign manners",0.0
tragedy,upper limit,1580–1589,8,sparse (5–9),0,"Court life: dukes, favour and honour",0.0
tragedy,upper limit,1580–1589,8,sparse (5–9),1,"Death, grief and revenge",3.336
tragedy,upper limit,1580–1589,8,sparse (5–9),2,"Roman politics: senate, consuls and civil war",11.082
tragedy,upper limit,1580–1589,8,sparse (5–9),3,"Sickness, physic and doctors",1.964
tragedy,upper limit,1580–1589,8,sparse (5–9),4,Love-longing and the lover's complaint,0.35
tragedy,upper limit,1580–1589,8,sparse (5–9),5,"Christian faith, sin and salvation",0.0
tragedy,upper limit,1580–1589,8,sparse (5–9),6,"Money, debt and credit",0.75
tragedy,upper limit,1580–1589,8,sparse (5–9),7,The Trojan war: conflict and its aftermath,0.0
tragedy,upper limit,1580–1589,8,sparse (5–9),8,"Captains, gallants and cheats",0.0
tragedy,upper limit,1580–1589,8,sparse (5–9),9,"Theatre talk: prologues, poets and players",0.0
tragedy,upper limit,1580–1589,8,sparse (5–9),10,"England and France: war, embassy and peace",0.0
tragedy,upper limit,1580–1589,8,sparse (5–9),11,"Siblings, kin and confidants",0.0
tragedy,upper limit,1580–1589,8,sparse (5–9),12,"Olympian gods: Jupiter, Juno, Venus and Mars",0.0
tragedy,upper limit,1580–1589,8,sparse (5–9),14,"Royal love, favour and dynastic relationships",0.0
tragedy,upper limit,1580–1589,8,sparse (5–9),15,Friars and holy orders in plot,0.535
tragedy,upper limit,1580–1589,8,sparse (5–9),16,"Gallantry: ladies, lordships and compliment",0.0
tragedy,upper limit,1580–1589,8,sparse (5–9),17,"Eastern conquest: Persians, Turks and soldans",14.77
tragedy,upper limit,1580–1589,8,sparse (5–9),18,"Rebels, barons and the king's wars at home",0.0
tragedy,upper limit,1580–1589,8,sparse (5–9),20,"Hercules: labours, suffering and virtue",0.0
tragedy,upper limit,1580–1589,8,sparse (5–9),21,"Cupid, Venus and the nymphs",0.0
tragedy,upper limit,1580–1589,8,sparse (5–9),22,"Shepherds, flocks and Pan",0.383
tragedy,upper limit,1580–1589,8,sparse (5–9),23,"Husbands, wives and jealousy",0.344
tragedy,upper limit,1580–1589,8,sparse (5–9),24,"Apollo, Phoebus and the Muses",0.0
tragedy,upper limit,1580–1589,8,sparse (5–9),25,"Kings, power and law: political sententiae",1.368
tragedy,upper limit,1580–1589,8,sparse (5–9),26,"Devils, hell and fiends",0.522
tragedy,upper limit,1580–1589,8,sparse (5–9),27,"Uncles, nephews and cousins: kinship and patronage",0.0
tragedy,upper limit,1580–1589,8,sparse (5–9),28,"Marriage-making: weddings, brides and matches",0.0
tragedy,upper limit,1580–1589,8,sparse (5–9),30,"Constables, justices and the watch",0.0
tragedy,upper limit,1580–1589,8,sparse (5–9),31,"Popes, cardinals and the crown",0.0
tragedy,upper limit,1580–1589,8,sparse (5–9),32,Rings and jewels as tokens,0.0
tragedy,upper limit,1580–1589,8,sparse (5–9),33,"Fathers, daughters and marriage negotiations",0.0
tragedy,upper limit,1580–1589,8,sparse (5–9),34,"Thebes and royal catastrophe: siege, slaughter and funeral rites",4.806
tragedy,upper limit,1580–1589,8,sparse (5–9),35,"Fools, wit and railing",0.0
tragedy,upper limit,1580–1589,8,sparse (5–9),36,"Hell, Furies and the language of punishment",0.898
tragedy,upper limit,1580–1589,8,sparse (5–9),37,"Riches, poverty and covetousness",0.0
tragedy,upper limit,1580–1589,8,sparse (5–9),38,"Death, parting and grief at court",0.0
tragedy,upper limit,1580–1589,8,sparse (5–9),39,"Profit, conscience and dishonest dealing",0.0
tragedy,upper limit,1580–1589,8,sparse (5–9),40,"Sin, guilt and violent loss within families",0.0
tragedy,upper limit,1580–1589,8,sparse (5–9),43,York and Lancaster: dynastic claims and conflict,0.0
tragedy,upper limit,1580–1589,8,sparse (5–9),44,"Drinking: wine, ale and taverns",0.328
tragedy,upper limit,1580–1589,8,sparse (5–9),45,"Widows, wooing and remarriage",0.0
tragedy,upper limit,1580–1589,8,sparse (5–9),46,"Swords, quarrels and valour",0.0
tragedy,upper limit,1580–1589,8,sparse (5–9),47,"Knaves, thieves and bawds",0.0
tragedy,upper limit,1580–1589,8,sparse (5–9),49,"Wooing a mistress: suitors, go-betweens and letters",0.0
tragedy,upper limit,1580–1589,8,sparse (5–9),50,"Fleets, armies and generals: war by sea and land",0.36
tragedy,upper limit,1580–1589,8,sparse (5–9),51,"Parents and children: blessing, birthright and inheritance",0.0
tragedy,upper limit,1580–1589,8,sparse (5–9),52,"Prodigals, portions and poor kin",0.0
tragedy,upper limit,1580–1589,8,sparse (5–9),54,"Antony and Cleopatra: love, death and mourning",0.0
tragedy,upper limit,1580–1589,8,sparse (5–9),55,"Fairies, fairy queens and enchanted desire",0.0
tragedy,upper limit,1580–1589,8,sparse (5–9),56,"Magic, spells and conjuring",2.213
tragedy,upper limit,1580–1589,8,sparse (5–9),59,"Spanish courts: war, honour and courtship",0.609
tragedy,upper limit,1580–1589,8,sparse (5–9),60,"Imperial Rome: rulers, favour and political exemplars",0.0
tragedy,upper limit,1580–1589,8,sparse (5–9),62,"The courtier as a type: fashion, affectation and foreign manners",0.0
tragedy,upper limit,1590–1599,15,shown (≥ 10),0,"Court life: dukes, favour and honour",0.165
tragedy,upper limit,1590–1599,15,shown (≥ 10),1,"Death, grief and revenge",6.125
tragedy,upper limit,1590–1599,15,shown (≥ 10),2,"Roman politics: senate, consuls and civil war",9.673
tragedy,upper limit,1590–1599,15,shown (≥ 10),3,"Sickness, physic and doctors",0.0
tragedy,upper limit,1590–1599,15,shown (≥ 10),4,Love-longing and the lover's complaint,2.136
tragedy,upper limit,1590–1599,15,shown (≥ 10),5,"Christian faith, sin and salvation",0.549
tragedy,upper limit,1590–1599,15,shown (≥ 10),6,"Money, debt and credit",0.377
tragedy,upper limit,1590–1599,15,shown (≥ 10),7,The Trojan war: conflict and its aftermath,3.179
tragedy,upper limit,1590–1599,15,shown (≥ 10),8,"Captains, gallants and cheats",0.0
tragedy,upper limit,1590–1599,15,shown (≥ 10),9,"Theatre talk: prologues, poets and players",0.18
tragedy,upper limit,1590–1599,15,shown (≥ 10),10,"England and France: war, embassy and peace",0.0
tragedy,upper limit,1590–1599,15,shown (≥ 10),11,"Siblings, kin and confidants",0.658
tragedy,upper limit,1590–1599,15,shown (≥ 10),12,"Olympian gods: Jupiter, Juno, Venus and Mars",0.236
tragedy,upper limit,1590–1599,15,shown (≥ 10),14,"Royal love, favour and dynastic relationships",0.267
tragedy,upper limit,1590–1599,15,shown (≥ 10),15,Friars and holy orders in plot,2.319
tragedy,upper limit,1590–1599,15,shown (≥ 10),16,"Gallantry: ladies, lordships and compliment",0.0
tragedy,upper limit,1590–1599,15,shown (≥ 10),17,"Eastern conquest: Persians, Turks and soldans",5.03
tragedy,upper limit,1590–1599,15,shown (≥ 10),18,"Rebels, barons and the king's wars at home",0.14
tragedy,upper limit,1590–1599,15,shown (≥ 10),20,"Hercules: labours, suffering and virtue",0.215
tragedy,upper limit,1590–1599,15,shown (≥ 10),21,"Cupid, Venus and the nymphs",0.191
tragedy,upper limit,1590–1599,15,shown (≥ 10),22,"Shepherds, flocks and Pan",0.177
tragedy,upper limit,1590–1599,15,shown (≥ 10),23,"Husbands, wives and jealousy",0.0
tragedy,upper limit,1590–1599,15,shown (≥ 10),24,"Apollo, Phoebus and the Muses",0.0
tragedy,upper limit,1590–1599,15,shown (≥ 10),25,"Kings, power and law: political sententiae",0.0
tragedy,upper limit,1590–1599,15,shown (≥ 10),26,"Devils, hell and fiends",0.0
tragedy,upper limit,1590–1599,15,shown (≥ 10),27,"Uncles, nephews and cousins: kinship and patronage",0.0
tragedy,upper limit,1590–1599,15,shown (≥ 10),28,"Marriage-making: weddings, brides and matches",0.215
tragedy,upper limit,1590–1599,15,shown (≥ 10),30,"Constables, justices and the watch",0.0
tragedy,upper limit,1590–1599,15,shown (≥ 10),31,"Popes, cardinals and the crown",1.038
tragedy,upper limit,1590–1599,15,shown (≥ 10),32,Rings and jewels as tokens,0.151
tragedy,upper limit,1590–1599,15,shown (≥ 10),33,"Fathers, daughters and marriage negotiations",0.319
tragedy,upper limit,1590–1599,15,shown (≥ 10),34,"Thebes and royal catastrophe: siege, slaughter and funeral rites",0.178
tragedy,upper limit,1590–1599,15,shown (≥ 10),35,"Fools, wit and railing",0.0
tragedy,upper limit,1590–1599,15,shown (≥ 10),36,"Hell, Furies and the language of punishment",1.016
tragedy,upper limit,1590–1599,15,shown (≥ 10),37,"Riches, poverty and covetousness",0.0
tragedy,upper limit,1590–1599,15,shown (≥ 10),38,"Death, parting and grief at court",0.0
tragedy,upper limit,1590–1599,15,shown (≥ 10),39,"Profit, conscience and dishonest dealing",0.0
tragedy,upper limit,1590–1599,15,shown (≥ 10),40,"Sin, guilt and violent loss within families",1.073
tragedy,upper limit,1590–1599,15,shown (≥ 10),43,York and Lancaster: dynastic claims and conflict,0.0
tragedy,upper limit,1590–1599,15,shown (≥ 10),44,"Drinking: wine, ale and taverns",0.0
tragedy,upper limit,1590–1599,15,shown (≥ 10),45,"Widows, wooing and remarriage",0.0
tragedy,upper limit,1590–1599,15,shown (≥ 10),46,"Swords, quarrels and valour",0.214
tragedy,upper limit,1590–1599,15,shown (≥ 10),47,"Knaves, thieves and bawds",0.0
tragedy,upper limit,1590–1599,15,shown (≥ 10),49,"Wooing a mistress: suitors, go-betweens and letters",0.0
tragedy,upper limit,1590–1599,15,shown (≥ 10),50,"Fleets, armies and generals: war by sea and land",0.0
tragedy,upper limit,1590–1599,15,shown (≥ 10),51,"Parents and children: blessing, birthright and inheritance",0.0
tragedy,upper limit,1590–1599,15,shown (≥ 10),52,"Prodigals, portions and poor kin",0.303
tragedy,upper limit,1590–1599,15,shown (≥ 10),54,"Antony and Cleopatra: love, death and mourning",4.809
tragedy,upper limit,1590–1599,15,shown (≥ 10),55,"Fairies, fairy queens and enchanted desire",0.137
tragedy,upper limit,1590–1599,15,shown (≥ 10),56,"Magic, spells and conjuring",0.0
tragedy,upper limit,1590–1599,15,shown (≥ 10),59,"Spanish courts: war, honour and courtship",0.329
tragedy,upper limit,1590–1599,15,shown (≥ 10),60,"Imperial Rome: rulers, favour and political exemplars",1.177
tragedy,upper limit,1590–1599,15,shown (≥ 10),62,"The courtier as a type: fashion, affectation and foreign manners",0.0
tragedy,upper limit,1600–1609,27,shown (≥ 10),0,"Court life: dukes, favour and honour",5.415
tragedy,upper limit,1600–1609,27,shown (≥ 10),1,"Death, grief and revenge",5.998
tragedy,upper limit,1600–1609,27,shown (≥ 10),2,"Roman politics: senate, consuls and civil war",9.12
tragedy,upper limit,1600–1609,27,shown (≥ 10),3,"Sickness, physic and doctors",0.384
tragedy,upper limit,1600–1609,27,shown (≥ 10),4,Love-longing and the lover's complaint,1.014
tragedy,upper limit,1600–1609,27,shown (≥ 10),5,"Christian faith, sin and salvation",0.396
tragedy,upper limit,1600–1609,27,shown (≥ 10),6,"Money, debt and credit",0.994
tragedy,upper limit,1600–1609,27,shown (≥ 10),7,The Trojan war: conflict and its aftermath,2.218
tragedy,upper limit,1600–1609,27,shown (≥ 10),8,"Captains, gallants and cheats",0.0
tragedy,upper limit,1600–1609,27,shown (≥ 10),9,"Theatre talk: prologues, poets and players",0.385
tragedy,upper limit,1600–1609,27,shown (≥ 10),10,"England and France: war, embassy and peace",0.4
tragedy,upper limit,1600–1609,27,shown (≥ 10),11,"Siblings, kin and confidants",0.49
tragedy,upper limit,1600–1609,27,shown (≥ 10),12,"Olympian gods: Jupiter, Juno, Venus and Mars",0.0
tragedy,upper limit,1600–1609,27,shown (≥ 10),14,"Royal love, favour and dynastic relationships",0.279
tragedy,upper limit,1600–1609,27,shown (≥ 10),15,Friars and holy orders in plot,0.177
tragedy,upper limit,1600–1609,27,shown (≥ 10),16,"Gallantry: ladies, lordships and compliment",0.0
tragedy,upper limit,1600–1609,27,shown (≥ 10),17,"Eastern conquest: Persians, Turks and soldans",0.269
tragedy,upper limit,1600–1609,27,shown (≥ 10),18,"Rebels, barons and the king's wars at home",0.089
tragedy,upper limit,1600–1609,27,shown (≥ 10),20,"Hercules: labours, suffering and virtue",0.0
tragedy,upper limit,1600–1609,27,shown (≥ 10),21,"Cupid, Venus and the nymphs",0.0
tragedy,upper limit,1600–1609,27,shown (≥ 10),22,"Shepherds, flocks and Pan",0.077
tragedy,upper limit,1600–1609,27,shown (≥ 10),23,"Husbands, wives and jealousy",0.717
tragedy,upper limit,1600–1609,27,shown (≥ 10),24,"Apollo, Phoebus and the Muses",0.0
tragedy,upper limit,1600–1609,27,shown (≥ 10),25,"Kings, power and law: political sententiae",4.161
tragedy,upper limit,1600–1609,27,shown (≥ 10),26,"Devils, hell and fiends",0.403
tragedy,upper limit,1600–1609,27,shown (≥ 10),27,"Uncles, nephews and cousins: kinship and patronage",0.551
tragedy,upper limit,1600–1609,27,shown (≥ 10),28,"Marriage-making: weddings, brides and matches",0.303
tragedy,upper limit,1600–1609,27,shown (≥ 10),30,"Constables, justices and the watch",0.0
tragedy,upper limit,1600–1609,27,shown (≥ 10),31,"Popes, cardinals and the crown",0.327
tragedy,upper limit,1600–1609,27,shown (≥ 10),32,Rings and jewels as tokens,0.0
tragedy,upper limit,1600–1609,27,shown (≥ 10),33,"Fathers, daughters and marriage negotiations",0.089
tragedy,upper limit,1600–1609,27,shown (≥ 10),34,"Thebes and royal catastrophe: siege, slaughter and funeral rites",0.0
tragedy,upper limit,1600–1609,27,shown (≥ 10),35,"Fools, wit and railing",0.574
tragedy,upper limit,1600–1609,27,shown (≥ 10),36,"Hell, Furies and the language of punishment",0.277
tragedy,upper limit,1600–1609,27,shown (≥ 10),37,"Riches, poverty and covetousness",0.255
tragedy,upper limit,1600–1609,27,shown (≥ 10),38,"Death, parting and grief at court",0.547
tragedy,upper limit,1600–1609,27,shown (≥ 10),39,"Profit, conscience and dishonest dealing",0.304
tragedy,upper limit,1600–1609,27,shown (≥ 10),40,"Sin, guilt and violent loss within families",0.983
tragedy,upper limit,1600–1609,27,shown (≥ 10),43,York and Lancaster: dynastic claims and conflict,0.0
tragedy,upper limit,1600–1609,27,shown (≥ 10),44,"Drinking: wine, ale and taverns",0.079
tragedy,upper limit,1600–1609,27,shown (≥ 10),45,"Widows, wooing and remarriage",0.0
tragedy,upper limit,1600–1609,27,shown (≥ 10),46,"Swords, quarrels and valour",0.0
tragedy,upper limit,1600–1609,27,shown (≥ 10),47,"Knaves, thieves and bawds",0.0
tragedy,upper limit,1600–1609,27,shown (≥ 10),49,"Wooing a mistress: suitors, go-betweens and letters",0.082
tragedy,upper limit,1600–1609,27,shown (≥ 10),50,"Fleets, armies and generals: war by sea and land",0.374
tragedy,upper limit,1600–1609,27,shown (≥ 10),51,"Parents and children: blessing, birthright and inheritance",0.078
tragedy,upper limit,1600–1609,27,shown (≥ 10),52,"Prodigals, portions and poor kin",0.906
tragedy,upper limit,1600–1609,27,shown (≥ 10),54,"Antony and Cleopatra: love, death and mourning",0.206
tragedy,upper limit,1600–1609,27,shown (≥ 10),55,"Fairies, fairy queens and enchanted desire",0.0
tragedy,upper limit,1600–1609,27,shown (≥ 10),56,"Magic, spells and conjuring",0.0
tragedy,upper limit,1600–1609,27,shown (≥ 10),59,"Spanish courts: war, honour and courtship",2.986
tragedy,upper limit,1600–1609,27,shown (≥ 10),60,"Imperial Rome: rulers, favour and political exemplars",0.08
tragedy,upper limit,1600–1609,27,shown (≥ 10),62,"The courtier as a type: fashion, affectation and foreign manners",0.0
tragedy,upper limit,1610–1619,14,shown (≥ 10),0,"Court life: dukes, favour and honour",6.004
tragedy,upper limit,1610–1619,14,shown (≥ 10),1,"Death, grief and revenge",8.852
tragedy,upper limit,1610–1619,14,shown (≥ 10),2,"Roman politics: senate, consuls and civil war",6.818
tragedy,upper limit,1610–1619,14,shown (≥ 10),3,"Sickness, physic and doctors",0.993
tragedy,upper limit,1610–1619,14,shown (≥ 10),4,Love-longing and the lover's complaint,0.743
tragedy,upper limit,1610–1619,14,shown (≥ 10),5,"Christian faith, sin and salvation",0.337
tragedy,upper limit,1610–1619,14,shown (≥ 10),6,"Money, debt and credit",0.32
tragedy,upper limit,1610–1619,14,shown (≥ 10),7,The Trojan war: conflict and its aftermath,1.0
tragedy,upper limit,1610–1619,14,shown (≥ 10),8,"Captains, gallants and cheats",0.382
tragedy,upper limit,1610–1619,14,shown (≥ 10),9,"Theatre talk: prologues, poets and players",0.402
tragedy,upper limit,1610–1619,14,shown (≥ 10),10,"England and France: war, embassy and peace",0.0
tragedy,upper limit,1610–1619,14,shown (≥ 10),11,"Siblings, kin and confidants",1.151
tragedy,upper limit,1610–1619,14,shown (≥ 10),12,"Olympian gods: Jupiter, Juno, Venus and Mars",0.882
tragedy,upper limit,1610–1619,14,shown (≥ 10),14,"Royal love, favour and dynastic relationships",0.872
tragedy,upper limit,1610–1619,14,shown (≥ 10),15,Friars and holy orders in plot,0.0
tragedy,upper limit,1610–1619,14,shown (≥ 10),16,"Gallantry: ladies, lordships and compliment",0.509
tragedy,upper limit,1610–1619,14,shown (≥ 10),17,"Eastern conquest: Persians, Turks and soldans",1.737
tragedy,upper limit,1610–1619,14,shown (≥ 10),18,"Rebels, barons and the king's wars at home",0.608
tragedy,upper limit,1610–1619,14,shown (≥ 10),20,"Hercules: labours, suffering and virtue",0.0
tragedy,upper limit,1610–1619,14,shown (≥ 10),21,"Cupid, Venus and the nymphs",0.171
tragedy,upper limit,1610–1619,14,shown (≥ 10),22,"Shepherds, flocks and Pan",0.0
tragedy,upper limit,1610–1619,14,shown (≥ 10),23,"Husbands, wives and jealousy",1.187
tragedy,upper limit,1610–1619,14,shown (≥ 10),24,"Apollo, Phoebus and the Muses",0.143
tragedy,upper limit,1610–1619,14,shown (≥ 10),25,"Kings, power and law: political sententiae",1.104
tragedy,upper limit,1610–1619,14,shown (≥ 10),26,"Devils, hell and fiends",0.681
tragedy,upper limit,1610–1619,14,shown (≥ 10),27,"Uncles, nephews and cousins: kinship and patronage",0.0
tragedy,upper limit,1610–1619,14,shown (≥ 10),28,"Marriage-making: weddings, brides and matches",0.154
tragedy,upper limit,1610–1619,14,shown (≥ 10),30,"Constables, justices and the watch",0.0
tragedy,upper limit,1610–1619,14,shown (≥ 10),31,"Popes, cardinals and the crown",0.739
tragedy,upper limit,1610–1619,14,shown (≥ 10),32,Rings and jewels as tokens,0.413
tragedy,upper limit,1610–1619,14,shown (≥ 10),33,"Fathers, daughters and marriage negotiations",0.0
tragedy,upper limit,1610–1619,14,shown (≥ 10),34,"Thebes and royal catastrophe: siege, slaughter and funeral rites",0.0
tragedy,upper limit,1610–1619,14,shown (≥ 10),35,"Fools, wit and railing",0.106
tragedy,upper limit,1610–1619,14,shown (≥ 10),36,"Hell, Furies and the language of punishment",0.617
tragedy,upper limit,1610–1619,14,shown (≥ 10),37,"Riches, poverty and covetousness",0.113
tragedy,upper limit,1610–1619,14,shown (≥ 10),38,"Death, parting and grief at court",0.0
tragedy,upper limit,1610–1619,14,shown (≥ 10),39,"Profit, conscience and dishonest dealing",0.0
tragedy,upper limit,1610–1619,14,shown (≥ 10),40,"Sin, guilt and violent loss within families",0.73
tragedy,upper limit,1610–1619,14,shown (≥ 10),43,York and Lancaster: dynastic claims and conflict,0.0
tragedy,upper limit,1610–1619,14,shown (≥ 10),44,"Drinking: wine, ale and taverns",0.0
tragedy,upper limit,1610–1619,14,shown (≥ 10),45,"Widows, wooing and remarriage",0.355
tragedy,upper limit,1610–1619,14,shown (≥ 10),46,"Swords, quarrels and valour",0.0
tragedy,upper limit,1610–1619,14,shown (≥ 10),47,"Knaves, thieves and bawds",0.478
tragedy,upper limit,1610–1619,14,shown (≥ 10),49,"Wooing a mistress: suitors, go-betweens and letters",0.0
tragedy,upper limit,1610–1619,14,shown (≥ 10),50,"Fleets, armies and generals: war by sea and land",0.32
tragedy,upper limit,1610–1619,14,shown (≥ 10),51,"Parents and children: blessing, birthright and inheritance",0.23
tragedy,upper limit,1610–1619,14,shown (≥ 10),52,"Prodigals, portions and poor kin",0.0
tragedy,upper limit,1610–1619,14,shown (≥ 10),54,"Antony and Cleopatra: love, death and mourning",0.0
tragedy,upper limit,1610–1619,14,shown (≥ 10),55,"Fairies, fairy queens and enchanted desire",0.0
tragedy,upper limit,1610–1619,14,shown (≥ 10),56,"Magic, spells and conjuring",0.217
tragedy,upper limit,1610–1619,14,shown (≥ 10),59,"Spanish courts: war, honour and courtship",0.0
tragedy,upper limit,1610–1619,14,shown (≥ 10),60,"Imperial Rome: rulers, favour and political exemplars",0.172
tragedy,upper limit,1610–1619,14,shown (≥ 10),62,"The courtier as a type: fashion, affectation and foreign manners",0.264
tragedy,upper limit,1620–1629,14,shown (≥ 10),0,"Court life: dukes, favour and honour",7.001
tragedy,upper limit,1620–1629,14,shown (≥ 10),1,"Death, grief and revenge",10.634
tragedy,upper limit,1620–1629,14,shown (≥ 10),2,"Roman politics: senate, consuls and civil war",5.285
tragedy,upper limit,1620–1629,14,shown (≥ 10),3,"Sickness, physic and doctors",2.3
tragedy,upper limit,1620–1629,14,shown (≥ 10),4,Love-longing and the lover's complaint,0.198
tragedy,upper limit,1620–1629,14,shown (≥ 10),5,"Christian faith, sin and salvation",0.169
tragedy,upper limit,1620–1629,14,shown (≥ 10),6,"Money, debt and credit",0.0
tragedy,upper limit,1620–1629,14,shown (≥ 10),7,The Trojan war: conflict and its aftermath,0.358
tragedy,upper limit,1620–1629,14,shown (≥ 10),8,"Captains, gallants and cheats",0.564
tragedy,upper limit,1620–1629,14,shown (≥ 10),9,"Theatre talk: prologues, poets and players",0.212
tragedy,upper limit,1620–1629,14,shown (≥ 10),10,"England and France: war, embassy and peace",2.745
tragedy,upper limit,1620–1629,14,shown (≥ 10),11,"Siblings, kin and confidants",2.45
tragedy,upper limit,1620–1629,14,shown (≥ 10),12,"Olympian gods: Jupiter, Juno, Venus and Mars",0.327
tragedy,upper limit,1620–1629,14,shown (≥ 10),14,"Royal love, favour and dynastic relationships",0.724
tragedy,upper limit,1620–1629,14,shown (≥ 10),15,Friars and holy orders in plot,0.182
tragedy,upper limit,1620–1629,14,shown (≥ 10),16,"Gallantry: ladies, lordships and compliment",0.0
tragedy,upper limit,1620–1629,14,shown (≥ 10),17,"Eastern conquest: Persians, Turks and soldans",0.0
tragedy,upper limit,1620–1629,14,shown (≥ 10),18,"Rebels, barons and the king's wars at home",0.0
tragedy,upper limit,1620–1629,14,shown (≥ 10),20,"Hercules: labours, suffering and virtue",0.0
tragedy,upper limit,1620–1629,14,shown (≥ 10),21,"Cupid, Venus and the nymphs",0.0
tragedy,upper limit,1620–1629,14,shown (≥ 10),22,"Shepherds, flocks and Pan",0.0
tragedy,upper limit,1620–1629,14,shown (≥ 10),23,"Husbands, wives and jealousy",0.38
tragedy,upper limit,1620–1629,14,shown (≥ 10),24,"Apollo, Phoebus and the Muses",0.193
tragedy,upper limit,1620–1629,14,shown (≥ 10),25,"Kings, power and law: political sententiae",0.242
tragedy,upper limit,1620–1629,14,shown (≥ 10),26,"Devils, hell and fiends",0.163
tragedy,upper limit,1620–1629,14,shown (≥ 10),27,"Uncles, nephews and cousins: kinship and patronage",0.0
tragedy,upper limit,1620–1629,14,shown (≥ 10),28,"Marriage-making: weddings, brides and matches",0.397
tragedy,upper limit,1620–1629,14,shown (≥ 10),30,"Constables, justices and the watch",0.0
tragedy,upper limit,1620–1629,14,shown (≥ 10),31,"Popes, cardinals and the crown",0.0
tragedy,upper limit,1620–1629,14,shown (≥ 10),32,Rings and jewels as tokens,0.0
tragedy,upper limit,1620–1629,14,shown (≥ 10),33,"Fathers, daughters and marriage negotiations",0.213
tragedy,upper limit,1620–1629,14,shown (≥ 10),34,"Thebes and royal catastrophe: siege, slaughter and funeral rites",0.677
tragedy,upper limit,1620–1629,14,shown (≥ 10),35,"Fools, wit and railing",0.197
tragedy,upper limit,1620–1629,14,shown (≥ 10),36,"Hell, Furies and the language of punishment",0.746
tragedy,upper limit,1620–1629,14,shown (≥ 10),37,"Riches, poverty and covetousness",0.0
tragedy,upper limit,1620–1629,14,shown (≥ 10),38,"Death, parting and grief at court",0.659
tragedy,upper limit,1620–1629,14,shown (≥ 10),39,"Profit, conscience and dishonest dealing",0.0
tragedy,upper limit,1620–1629,14,shown (≥ 10),40,"Sin, guilt and violent loss within families",0.526
tragedy,upper limit,1620–1629,14,shown (≥ 10),43,York and Lancaster: dynastic claims and conflict,0.0
tragedy,upper limit,1620–1629,14,shown (≥ 10),44,"Drinking: wine, ale and taverns",0.351
tragedy,upper limit,1620–1629,14,shown (≥ 10),45,"Widows, wooing and remarriage",0.23
tragedy,upper limit,1620–1629,14,shown (≥ 10),46,"Swords, quarrels and valour",0.366
tragedy,upper limit,1620–1629,14,shown (≥ 10),47,"Knaves, thieves and bawds",0.339
tragedy,upper limit,1620–1629,14,shown (≥ 10),49,"Wooing a mistress: suitors, go-betweens and letters",0.178
tragedy,upper limit,1620–1629,14,shown (≥ 10),50,"Fleets, armies and generals: war by sea and land",0.0
tragedy,upper limit,1620–1629,14,shown (≥ 10),51,"Parents and children: blessing, birthright and inheritance",0.392
tragedy,upper limit,1620–1629,14,shown (≥ 10),52,"Prodigals, portions and poor kin",0.0
tragedy,upper limit,1620–1629,14,shown (≥ 10),54,"Antony and Cleopatra: love, death and mourning",1.516
tragedy,upper limit,1620–1629,14,shown (≥ 10),55,"Fairies, fairy queens and enchanted desire",0.0
tragedy,upper limit,1620–1629,14,shown (≥ 10),56,"Magic, spells and conjuring",0.367
tragedy,upper limit,1620–1629,14,shown (≥ 10),59,"Spanish courts: war, honour and courtship",0.584
tragedy,upper limit,1620–1629,14,shown (≥ 10),60,"Imperial Rome: rulers, favour and political exemplars",2.018
tragedy,upper limit,1620–1629,14,shown (≥ 10),62,"The courtier as a type: fashion, affectation and foreign manners",0.0
tragedy,upper limit,1630–1639,16,shown (≥ 10),0,"Court life: dukes, favour and honour",9.475
tragedy,upper limit,1630–1639,16,shown (≥ 10),1,"Death, grief and revenge",5.763
tragedy,upper limit,1630–1639,16,shown (≥ 10),2,"Roman politics: senate, consuls and civil war",3.221
tragedy,upper limit,1630–1639,16,shown (≥ 10),3,"Sickness, physic and doctors",0.442
tragedy,upper limit,1630–1639,16,shown (≥ 10),4,Love-longing and the lover's complaint,1.347
tragedy,upper limit,1630–1639,16,shown (≥ 10),5,"Christian faith, sin and salvation",0.0
tragedy,upper limit,1630–1639,16,shown (≥ 10),6,"Money, debt and credit",0.0
tragedy,upper limit,1630–1639,16,shown (≥ 10),7,The Trojan war: conflict and its aftermath,0.2
tragedy,upper limit,1630–1639,16,shown (≥ 10),8,"Captains, gallants and cheats",0.534
tragedy,upper limit,1630–1639,16,shown (≥ 10),9,"Theatre talk: prologues, poets and players",0.887
tragedy,upper limit,1630–1639,16,shown (≥ 10),10,"England and France: war, embassy and peace",1.762
tragedy,upper limit,1630–1639,16,shown (≥ 10),11,"Siblings, kin and confidants",0.496
tragedy,upper limit,1630–1639,16,shown (≥ 10),12,"Olympian gods: Jupiter, Juno, Venus and Mars",0.098
tragedy,upper limit,1630–1639,16,shown (≥ 10),14,"Royal love, favour and dynastic relationships",1.496
tragedy,upper limit,1630–1639,16,shown (≥ 10),15,Friars and holy orders in plot,0.224
tragedy,upper limit,1630–1639,16,shown (≥ 10),16,"Gallantry: ladies, lordships and compliment",0.585
tragedy,upper limit,1630–1639,16,shown (≥ 10),17,"Eastern conquest: Persians, Turks and soldans",2.338
tragedy,upper limit,1630–1639,16,shown (≥ 10),18,"Rebels, barons and the king's wars at home",0.172
tragedy,upper limit,1630–1639,16,shown (≥ 10),20,"Hercules: labours, suffering and virtue",0.0
tragedy,upper limit,1630–1639,16,shown (≥ 10),21,"Cupid, Venus and the nymphs",0.2
tragedy,upper limit,1630–1639,16,shown (≥ 10),22,"Shepherds, flocks and Pan",0.173
tragedy,upper limit,1630–1639,16,shown (≥ 10),23,"Husbands, wives and jealousy",0.68
tragedy,upper limit,1630–1639,16,shown (≥ 10),24,"Apollo, Phoebus and the Muses",0.0
tragedy,upper limit,1630–1639,16,shown (≥ 10),25,"Kings, power and law: political sententiae",0.102
tragedy,upper limit,1630–1639,16,shown (≥ 10),26,"Devils, hell and fiends",0.33
tragedy,upper limit,1630–1639,16,shown (≥ 10),27,"Uncles, nephews and cousins: kinship and patronage",0.154
tragedy,upper limit,1630–1639,16,shown (≥ 10),28,"Marriage-making: weddings, brides and matches",0.174
tragedy,upper limit,1630–1639,16,shown (≥ 10),30,"Constables, justices and the watch",0.169
tragedy,upper limit,1630–1639,16,shown (≥ 10),31,"Popes, cardinals and the crown",0.0
tragedy,upper limit,1630–1639,16,shown (≥ 10),32,Rings and jewels as tokens,0.317
tragedy,upper limit,1630–1639,16,shown (≥ 10),33,"Fathers, daughters and marriage negotiations",0.0
tragedy,upper limit,1630–1639,16,shown (≥ 10),34,"Thebes and royal catastrophe: siege, slaughter and funeral rites",3.135
tragedy,upper limit,1630–1639,16,shown (≥ 10),35,"Fools, wit and railing",0.0
tragedy,upper limit,1630–1639,16,shown (≥ 10),36,"Hell, Furies and the language of punishment",0.921
tragedy,upper limit,1630–1639,16,shown (≥ 10),37,"Riches, poverty and covetousness",0.0
tragedy,upper limit,1630–1639,16,shown (≥ 10),38,"Death, parting and grief at court",0.313
tragedy,upper limit,1630–1639,16,shown (≥ 10),39,"Profit, conscience and dishonest dealing",0.0
tragedy,upper limit,1630–1639,16,shown (≥ 10),40,"Sin, guilt and violent loss within families",0.383
tragedy,upper limit,1630–1639,16,shown (≥ 10),43,York and Lancaster: dynastic claims and conflict,0.0
tragedy,upper limit,1630–1639,16,shown (≥ 10),44,"Drinking: wine, ale and taverns",0.168
tragedy,upper limit,1630–1639,16,shown (≥ 10),45,"Widows, wooing and remarriage",0.0
tragedy,upper limit,1630–1639,16,shown (≥ 10),46,"Swords, quarrels and valour",0.228
tragedy,upper limit,1630–1639,16,shown (≥ 10),47,"Knaves, thieves and bawds",0.0
tragedy,upper limit,1630–1639,16,shown (≥ 10),49,"Wooing a mistress: suitors, go-betweens and letters",0.373
tragedy,upper limit,1630–1639,16,shown (≥ 10),50,"Fleets, armies and generals: war by sea and land",0.875
tragedy,upper limit,1630–1639,16,shown (≥ 10),51,"Parents and children: blessing, birthright and inheritance",0.153
tragedy,upper limit,1630–1639,16,shown (≥ 10),52,"Prodigals, portions and poor kin",0.0
tragedy,upper limit,1630–1639,16,shown (≥ 10),54,"Antony and Cleopatra: love, death and mourning",0.176
tragedy,upper limit,1630–1639,16,shown (≥ 10),55,"Fairies, fairy queens and enchanted desire",0.0
tragedy,upper limit,1630–1639,16,shown (≥ 10),56,"Magic, spells and conjuring",0.0
tragedy,upper limit,1630–1639,16,shown (≥ 10),59,"Spanish courts: war, honour and courtship",1.488
tragedy,upper limit,1630–1639,16,shown (≥ 10),60,"Imperial Rome: rulers, favour and political exemplars",0.82
tragedy,upper limit,1630–1639,16,shown (≥ 10),62,"The courtier as a type: fashion, affectation and foreign manners",0.0
tragedy,upper limit,1640–1649,1,insufficient (< 5),0,"Court life: dukes, favour and honour",0.0
tragedy,upper limit,1640–1649,1,insufficient (< 5),1,"Death, grief and revenge",13.107
tragedy,upper limit,1640–1649,1,insufficient (< 5),2,"Roman politics: senate, consuls and civil war",0.0
tragedy,upper limit,1640–1649,1,insufficient (< 5),3,"Sickness, physic and doctors",5.143
tragedy,upper limit,1640–1649,1,insufficient (< 5),4,Love-longing and the lover's complaint,0.0
tragedy,upper limit,1640–1649,1,insufficient (< 5),5,"Christian faith, sin and salvation",0.0
tragedy,upper limit,1640–1649,1,insufficient (< 5),6,"Money, debt and credit",0.0
tragedy,upper limit,1640–1649,1,insufficient (< 5),7,The Trojan war: conflict and its aftermath,0.0
tragedy,upper limit,1640–1649,1,insufficient (< 5),8,"Captains, gallants and cheats",0.0
tragedy,upper limit,1640–1649,1,insufficient (< 5),9,"Theatre talk: prologues, poets and players",0.0
tragedy,upper limit,1640–1649,1,insufficient (< 5),10,"England and France: war, embassy and peace",0.0
tragedy,upper limit,1640–1649,1,insufficient (< 5),11,"Siblings, kin and confidants",2.624
tragedy,upper limit,1640–1649,1,insufficient (< 5),12,"Olympian gods: Jupiter, Juno, Venus and Mars",0.0
tragedy,upper limit,1640–1649,1,insufficient (< 5),14,"Royal love, favour and dynastic relationships",2.688
tragedy,upper limit,1640–1649,1,insufficient (< 5),15,Friars and holy orders in plot,0.0
tragedy,upper limit,1640–1649,1,insufficient (< 5),16,"Gallantry: ladies, lordships and compliment",0.0
tragedy,upper limit,1640–1649,1,insufficient (< 5),17,"Eastern conquest: Persians, Turks and soldans",0.0
tragedy,upper limit,1640–1649,1,insufficient (< 5),18,"Rebels, barons and the king's wars at home",0.0
tragedy,upper limit,1640–1649,1,insufficient (< 5),20,"Hercules: labours, suffering and virtue",2.619
tragedy,upper limit,1640–1649,1,insufficient (< 5),21,"Cupid, Venus and the nymphs",0.0
tragedy,upper limit,1640–1649,1,insufficient (< 5),22,"Shepherds, flocks and Pan",0.0
tragedy,upper limit,1640–1649,1,insufficient (< 5),23,"Husbands, wives and jealousy",0.0
tragedy,upper limit,1640–1649,1,insufficient (< 5),24,"Apollo, Phoebus and the Muses",0.0
tragedy,upper limit,1640–1649,1,insufficient (< 5),25,"Kings, power and law: political sententiae",0.0
tragedy,upper limit,1640–1649,1,insufficient (< 5),26,"Devils, hell and fiends",2.746
tragedy,upper limit,1640–1649,1,insufficient (< 5),27,"Uncles, nephews and cousins: kinship and patronage",0.0
tragedy,upper limit,1640–1649,1,insufficient (< 5),28,"Marriage-making: weddings, brides and matches",0.0
tragedy,upper limit,1640–1649,1,insufficient (< 5),30,"Constables, justices and the watch",0.0
tragedy,upper limit,1640–1649,1,insufficient (< 5),31,"Popes, cardinals and the crown",0.0
tragedy,upper limit,1640–1649,1,insufficient (< 5),32,Rings and jewels as tokens,0.0
tragedy,upper limit,1640–1649,1,insufficient (< 5),33,"Fathers, daughters and marriage negotiations",0.0
tragedy,upper limit,1640–1649,1,insufficient (< 5),34,"Thebes and royal catastrophe: siege, slaughter and funeral rites",0.0
tragedy,upper limit,1640–1649,1,insufficient (< 5),35,"Fools, wit and railing",0.0
tragedy,upper limit,1640–1649,1,insufficient (< 5),36,"Hell, Furies and the language of punishment",0.0
tragedy,upper limit,1640–1649,1,insufficient (< 5),37,"Riches, poverty and covetousness",0.0
tragedy,upper limit,1640–1649,1,insufficient (< 5),38,"Death, parting and grief at court",2.64
tragedy,upper limit,1640–1649,1,insufficient (< 5),39,"Profit, conscience and dishonest dealing",0.0
tragedy,upper limit,1640–1649,1,insufficient (< 5),40,"Sin, guilt and violent loss within families",0.0
tragedy,upper limit,1640–1649,1,insufficient (< 5),43,York and Lancaster: dynastic claims and conflict,0.0
tragedy,upper limit,1640–1649,1,insufficient (< 5),44,"Drinking: wine, ale and taverns",0.0
tragedy,upper limit,1640–1649,1,insufficient (< 5),45,"Widows, wooing and remarriage",0.0
tragedy,upper limit,1640–1649,1,insufficient (< 5),46,"Swords, quarrels and valour",0.0
tragedy,upper limit,1640–1649,1,insufficient (< 5),47,"Knaves, thieves and bawds",0.0
tragedy,upper limit,1640–1649,1,insufficient (< 5),49,"Wooing a mistress: suitors, go-betweens and letters",0.0
tragedy,upper limit,1640–1649,1,insufficient (< 5),50,"Fleets, armies and generals: war by sea and land",2.667
tragedy,upper limit,1640–1649,1,insufficient (< 5),51,"Parents and children: blessing, birthright and inheritance",0.0
tragedy,upper limit,1640–1649,1,insufficient (< 5),52,"Prodigals, portions and poor kin",0.0
tragedy,upper limit,1640–1649,1,insufficient (< 5),54,"Antony and Cleopatra: love, death and mourning",0.0
tragedy,upper limit,1640–1649,1,insufficient (< 5),55,"Fairies, fairy queens and enchanted desire",0.0
tragedy,upper limit,1640–1649,1,insufficient (< 5),56,"Magic, spells and conjuring",0.0
tragedy,upper limit,1640–1649,1,insufficient (< 5),59,"Spanish courts: war, honour and courtship",0.0
tragedy,upper limit,1640–1649,1,insufficient (< 5),60,"Imperial Rome: rulers, favour and political exemplars",0.0
tragedy,upper limit,1640–1649,1,insufficient (< 5),62,"The courtier as a type: fashion, affectation and foreign manners",0.0
history,main,1580–1589,4,insufficient (< 5),0,"Court life: dukes, favour and honour",0.0
history,main,1580–1589,4,insufficient (< 5),1,"Death, grief and revenge",2.879
history,main,1580–1589,4,insufficient (< 5),2,"Roman politics: senate, consuls and civil war",0.0
history,main,1580–1589,4,insufficient (< 5),3,"Sickness, physic and doctors",0.0
history,main,1580–1589,4,insufficient (< 5),4,Love-longing and the lover's complaint,0.0
history,main,1580–1589,4,insufficient (< 5),5,"Christian faith, sin and salvation",0.0
history,main,1580–1589,4,insufficient (< 5),6,"Money, debt and credit",0.0
history,main,1580–1589,4,insufficient (< 5),7,The Trojan war: conflict and its aftermath,0.0
history,main,1580–1589,4,insufficient (< 5),8,"Captains, gallants and cheats",0.0
history,main,1580–1589,4,insufficient (< 5),9,"Theatre talk: prologues, poets and players",0.0
history,main,1580–1589,4,insufficient (< 5),10,"England and France: war, embassy and peace",10.51
history,main,1580–1589,4,insufficient (< 5),11,"Siblings, kin and confidants",0.626
history,main,1580–1589,4,insufficient (< 5),12,"Olympian gods: Jupiter, Juno, Venus and Mars",0.0
history,main,1580–1589,4,insufficient (< 5),14,"Royal love, favour and dynastic relationships",0.0
history,main,1580–1589,4,insufficient (< 5),15,Friars and holy orders in plot,5.712
history,main,1580–1589,4,insufficient (< 5),16,"Gallantry: ladies, lordships and compliment",0.0
history,main,1580–1589,4,insufficient (< 5),17,"Eastern conquest: Persians, Turks and soldans",0.0
history,main,1580–1589,4,insufficient (< 5),18,"Rebels, barons and the king's wars at home",3.742
history,main,1580–1589,4,insufficient (< 5),20,"Hercules: labours, suffering and virtue",0.0
history,main,1580–1589,4,insufficient (< 5),21,"Cupid, Venus and the nymphs",0.0
history,main,1580–1589,4,insufficient (< 5),22,"Shepherds, flocks and Pan",0.0
history,main,1580–1589,4,insufficient (< 5),23,"Husbands, wives and jealousy",0.0
history,main,1580–1589,4,insufficient (< 5),24,"Apollo, Phoebus and the Muses",0.0
history,main,1580–1589,4,insufficient (< 5),25,"Kings, power and law: political sententiae",0.0
history,main,1580–1589,4,insufficient (< 5),26,"Devils, hell and fiends",0.0
history,main,1580–1589,4,insufficient (< 5),27,"Uncles, nephews and cousins: kinship and patronage",0.0
history,main,1580–1589,4,insufficient (< 5),28,"Marriage-making: weddings, brides and matches",0.0
history,main,1580–1589,4,insufficient (< 5),30,"Constables, justices and the watch",0.0
history,main,1580–1589,4,insufficient (< 5),31,"Popes, cardinals and the crown",8.399
history,main,1580–1589,4,insufficient (< 5),32,Rings and jewels as tokens,0.0
history,main,1580–1589,4,insufficient (< 5),33,"Fathers, daughters and marriage negotiations",0.0
history,main,1580–1589,4,insufficient (< 5),34,"Thebes and royal catastrophe: siege, slaughter and funeral rites",0.0
history,main,1580–1589,4,insufficient (< 5),35,"Fools, wit and railing",0.0
history,main,1580–1589,4,insufficient (< 5),36,"Hell, Furies and the language of punishment",0.0
history,main,1580–1589,4,insufficient (< 5),37,"Riches, poverty and covetousness",0.0
history,main,1580–1589,4,insufficient (< 5),38,"Death, parting and grief at court",1.301
history,main,1580–1589,4,insufficient (< 5),39,"Profit, conscience and dishonest dealing",0.0
history,main,1580–1589,4,insufficient (< 5),40,"Sin, guilt and violent loss within families",0.0
history,main,1580–1589,4,insufficient (< 5),43,York and Lancaster: dynastic claims and conflict,7.003
history,main,1580–1589,4,insufficient (< 5),44,"Drinking: wine, ale and taverns",0.0
history,main,1580–1589,4,insufficient (< 5),45,"Widows, wooing and remarriage",0.0
history,main,1580–1589,4,insufficient (< 5),46,"Swords, quarrels and valour",0.0
history,main,1580–1589,4,insufficient (< 5),47,"Knaves, thieves and bawds",0.0
history,main,1580–1589,4,insufficient (< 5),49,"Wooing a mistress: suitors, go-betweens and letters",0.0
history,main,1580–1589,4,insufficient (< 5),50,"Fleets, armies and generals: war by sea and land",0.584
history,main,1580–1589,4,insufficient (< 5),51,"Parents and children: blessing, birthright and inheritance",1.132
history,main,1580–1589,4,insufficient (< 5),52,"Prodigals, portions and poor kin",0.0
history,main,1580–1589,4,insufficient (< 5),54,"Antony and Cleopatra: love, death and mourning",0.0
history,main,1580–1589,4,insufficient (< 5),55,"Fairies, fairy queens and enchanted desire",0.0
history,main,1580–1589,4,insufficient (< 5),56,"Magic, spells and conjuring",0.0
history,main,1580–1589,4,insufficient (< 5),59,"Spanish courts: war, honour and courtship",0.0
history,main,1580–1589,4,insufficient (< 5),60,"Imperial Rome: rulers, favour and political exemplars",0.0
history,main,1580–1589,4,insufficient (< 5),62,"The courtier as a type: fashion, affectation and foreign manners",0.0
history,main,1590–1599,18,shown (≥ 10),0,"Court life: dukes, favour and honour",1.614
history,main,1590–1599,18,shown (≥ 10),1,"Death, grief and revenge",2.195
history,main,1590–1599,18,shown (≥ 10),2,"Roman politics: senate, consuls and civil war",0.0
history,main,1590–1599,18,shown (≥ 10),3,"Sickness, physic and doctors",0.338
history,main,1590–1599,18,shown (≥ 10),4,Love-longing and the lover's complaint,0.138
history,main,1590–1599,18,shown (≥ 10),5,"Christian faith, sin and salvation",4.02
history,main,1590–1599,18,shown (≥ 10),6,"Money, debt and credit",0.591
history,main,1590–1599,18,shown (≥ 10),7,The Trojan war: conflict and its aftermath,0.113
history,main,1590–1599,18,shown (≥ 10),8,"Captains, gallants and cheats",0.336
history,main,1590–1599,18,shown (≥ 10),9,"Theatre talk: prologues, poets and players",0.0
history,main,1590–1599,18,shown (≥ 10),10,"England and France: war, embassy and peace",9.744
history,main,1590–1599,18,shown (≥ 10),11,"Siblings, kin and confidants",0.231
history,main,1590–1599,18,shown (≥ 10),12,"Olympian gods: Jupiter, Juno, Venus and Mars",0.0
history,main,1590–1599,18,shown (≥ 10),14,"Royal love, favour and dynastic relationships",0.685
history,main,1590–1599,18,shown (≥ 10),15,Friars and holy orders in plot,1.537
history,main,1590–1599,18,shown (≥ 10),16,"Gallantry: ladies, lordships and compliment",0.0
history,main,1590–1599,18,shown (≥ 10),17,"Eastern conquest: Persians, Turks and soldans",0.0
history,main,1590–1599,18,shown (≥ 10),18,"Rebels, barons and the king's wars at home",8.448
history,main,1590–1599,18,shown (≥ 10),20,"Hercules: labours, suffering and virtue",0.0
history,main,1590–1599,18,shown (≥ 10),21,"Cupid, Venus and the nymphs",0.0
history,main,1590–1599,18,shown (≥ 10),22,"Shepherds, flocks and Pan",0.0
history,main,1590–1599,18,shown (≥ 10),23,"Husbands, wives and jealousy",0.0
history,main,1590–1599,18,shown (≥ 10),24,"Apollo, Phoebus and the Muses",0.0
history,main,1590–1599,18,shown (≥ 10),25,"Kings, power and law: political sententiae",0.0
history,main,1590–1599,18,shown (≥ 10),26,"Devils, hell and fiends",0.093
history,main,1590–1599,18,shown (≥ 10),27,"Uncles, nephews and cousins: kinship and patronage",0.0
history,main,1590–1599,18,shown (≥ 10),28,"Marriage-making: weddings, brides and matches",0.0
history,main,1590–1599,18,shown (≥ 10),30,"Constables, justices and the watch",0.258
history,main,1590–1599,18,shown (≥ 10),31,"Popes, cardinals and the crown",0.956
history,main,1590–1599,18,shown (≥ 10),32,Rings and jewels as tokens,0.226
history,main,1590–1599,18,shown (≥ 10),33,"Fathers, daughters and marriage negotiations",0.0
history,main,1590–1599,18,shown (≥ 10),34,"Thebes and royal catastrophe: siege, slaughter and funeral rites",0.0
history,main,1590–1599,18,shown (≥ 10),35,"Fools, wit and railing",0.0
history,main,1590–1599,18,shown (≥ 10),36,"Hell, Furies and the language of punishment",0.122
history,main,1590–1599,18,shown (≥ 10),37,"Riches, poverty and covetousness",0.0
history,main,1590–1599,18,shown (≥ 10),38,"Death, parting and grief at court",1.8
history,main,1590–1599,18,shown (≥ 10),39,"Profit, conscience and dishonest dealing",0.227
history,main,1590–1599,18,shown (≥ 10),40,"Sin, guilt and violent loss within families",0.231
history,main,1590–1599,18,shown (≥ 10),43,York and Lancaster: dynastic claims and conflict,3.656
history,main,1590–1599,18,shown (≥ 10),44,"Drinking: wine, ale and taverns",0.122
history,main,1590–1599,18,shown (≥ 10),45,"Widows, wooing and remarriage",0.236
history,main,1590–1599,18,shown (≥ 10),46,"Swords, quarrels and valour",0.0
history,main,1590–1599,18,shown (≥ 10),47,"Knaves, thieves and bawds",0.464
history,main,1590–1599,18,shown (≥ 10),49,"Wooing a mistress: suitors, go-betweens and letters",0.0
history,main,1590–1599,18,shown (≥ 10),50,"Fleets, armies and generals: war by sea and land",0.35
history,main,1590–1599,18,shown (≥ 10),51,"Parents and children: blessing, birthright and inheritance",0.0
history,main,1590–1599,18,shown (≥ 10),52,"Prodigals, portions and poor kin",0.135
history,main,1590–1599,18,shown (≥ 10),54,"Antony and Cleopatra: love, death and mourning",0.0
history,main,1590–1599,18,shown (≥ 10),55,"Fairies, fairy queens and enchanted desire",0.0
history,main,1590–1599,18,shown (≥ 10),56,"Magic, spells and conjuring",0.0
history,main,1590–1599,18,shown (≥ 10),59,"Spanish courts: war, honour and courtship",0.0
history,main,1590–1599,18,shown (≥ 10),60,"Imperial Rome: rulers, favour and political exemplars",0.0
history,main,1590–1599,18,shown (≥ 10),62,"The courtier as a type: fashion, affectation and foreign manners",0.0
history,main,1600–1609,6,sparse (5–9),0,"Court life: dukes, favour and honour",2.956
history,main,1600–1609,6,sparse (5–9),1,"Death, grief and revenge",2.656
history,main,1600–1609,6,sparse (5–9),2,"Roman politics: senate, consuls and civil war",0.0
history,main,1600–1609,6,sparse (5–9),3,"Sickness, physic and doctors",0.38
history,main,1600–1609,6,sparse (5–9),4,Love-longing and the lover's complaint,0.0
history,main,1600–1609,6,sparse (5–9),5,"Christian faith, sin and salvation",0.0
history,main,1600–1609,6,sparse (5–9),6,"Money, debt and credit",4.456
history,main,1600–1609,6,sparse (5–9),7,The Trojan war: conflict and its aftermath,0.0
history,main,1600–1609,6,sparse (5–9),8,"Captains, gallants and cheats",0.0
history,main,1600–1609,6,sparse (5–9),9,"Theatre talk: prologues, poets and players",0.0
history,main,1600–1609,6,sparse (5–9),10,"England and France: war, embassy and peace",0.655
history,main,1600–1609,6,sparse (5–9),11,"Siblings, kin and confidants",0.0
history,main,1600–1609,6,sparse (5–9),12,"Olympian gods: Jupiter, Juno, Venus and Mars",0.0
history,main,1600–1609,6,sparse (5–9),14,"Royal love, favour and dynastic relationships",4.756
history,main,1600–1609,6,sparse (5–9),15,Friars and holy orders in plot,0.0
history,main,1600–1609,6,sparse (5–9),16,"Gallantry: ladies, lordships and compliment",1.084
history,main,1600–1609,6,sparse (5–9),17,"Eastern conquest: Persians, Turks and soldans",0.0
history,main,1600–1609,6,sparse (5–9),18,"Rebels, barons and the king's wars at home",1.529
history,main,1600–1609,6,sparse (5–9),20,"Hercules: labours, suffering and virtue",0.0
history,main,1600–1609,6,sparse (5–9),21,"Cupid, Venus and the nymphs",0.0
history,main,1600–1609,6,sparse (5–9),22,"Shepherds, flocks and Pan",0.0
history,main,1600–1609,6,sparse (5–9),23,"Husbands, wives and jealousy",0.0
history,main,1600–1609,6,sparse (5–9),24,"Apollo, Phoebus and the Muses",0.0
history,main,1600–1609,6,sparse (5–9),25,"Kings, power and law: political sententiae",0.53
history,main,1600–1609,6,sparse (5–9),26,"Devils, hell and fiends",0.0
history,main,1600–1609,6,sparse (5–9),27,"Uncles, nephews and cousins: kinship and patronage",0.375
history,main,1600–1609,6,sparse (5–9),28,"Marriage-making: weddings, brides and matches",0.0
history,main,1600–1609,6,sparse (5–9),30,"Constables, justices and the watch",1.379
history,main,1600–1609,6,sparse (5–9),31,"Popes, cardinals and the crown",5.915
history,main,1600–1609,6,sparse (5–9),32,Rings and jewels as tokens,0.772
history,main,1600–1609,6,sparse (5–9),33,"Fathers, daughters and marriage negotiations",0.0
history,main,1600–1609,6,sparse (5–9),34,"Thebes and royal catastrophe: siege, slaughter and funeral rites",0.0
history,main,1600–1609,6,sparse (5–9),35,"Fools, wit and railing",0.0
history,main,1600–1609,6,sparse (5–9),36,"Hell, Furies and the language of punishment",0.0
history,main,1600–1609,6,sparse (5–9),37,"Riches, poverty and covetousness",0.0
history,main,1600–1609,6,sparse (5–9),38,"Death, parting and grief at court",1.469
history,main,1600–1609,6,sparse (5–9),39,"Profit, conscience and dishonest dealing",0.0
history,main,1600–1609,6,sparse (5–9),40,"Sin, guilt and violent loss within families",0.0
history,main,1600–1609,6,sparse (5–9),43,York and Lancaster: dynastic claims and conflict,1.759
history,main,1600–1609,6,sparse (5–9),44,"Drinking: wine, ale and taverns",0.0
history,main,1600–1609,6,sparse (5–9),45,"Widows, wooing and remarriage",0.0
history,main,1600–1609,6,sparse (5–9),46,"Swords, quarrels and valour",0.0
history,main,1600–1609,6,sparse (5–9),47,"Knaves, thieves and bawds",0.0
history,main,1600–1609,6,sparse (5–9),49,"Wooing a mistress: suitors, go-betweens and letters",0.0
history,main,1600–1609,6,sparse (5–9),50,"Fleets, armies and generals: war by sea and land",0.0
history,main,1600–1609,6,sparse (5–9),51,"Parents and children: blessing, birthright and inheritance",0.0
history,main,1600–1609,6,sparse (5–9),52,"Prodigals, portions and poor kin",0.0
history,main,1600–1609,6,sparse (5–9),54,"Antony and Cleopatra: love, death and mourning",0.0
history,main,1600–1609,6,sparse (5–9),55,"Fairies, fairy queens and enchanted desire",0.0
history,main,1600–1609,6,sparse (5–9),56,"Magic, spells and conjuring",0.0
history,main,1600–1609,6,sparse (5–9),59,"Spanish courts: war, honour and courtship",0.0
history,main,1600–1609,6,sparse (5–9),60,"Imperial Rome: rulers, favour and political exemplars",0.0
history,main,1600–1609,6,sparse (5–9),62,"The courtier as a type: fashion, affectation and foreign manners",0.0
history,main,1610–1619,3,insufficient (< 5),0,"Court life: dukes, favour and honour",0.671
history,main,1610–1619,3,insufficient (< 5),1,"Death, grief and revenge",1.992
history,main,1610–1619,3,insufficient (< 5),2,"Roman politics: senate, consuls and civil war",7.012
history,main,1610–1619,3,insufficient (< 5),3,"Sickness, physic and doctors",0.0
history,main,1610–1619,3,insufficient (< 5),4,Love-longing and the lover's complaint,0.0
history,main,1610–1619,3,insufficient (< 5),5,"Christian faith, sin and salvation",0.0
history,main,1610–1619,3,insufficient (< 5),6,"Money, debt and credit",0.0
history,main,1610–1619,3,insufficient (< 5),7,The Trojan war: conflict and its aftermath,3.915
history,main,1610–1619,3,insufficient (< 5),8,"Captains, gallants and cheats",0.0
history,main,1610–1619,3,insufficient (< 5),9,"Theatre talk: prologues, poets and players",0.0
history,main,1610–1619,3,insufficient (< 5),10,"England and France: war, embassy and peace",0.0
history,main,1610–1619,3,insufficient (< 5),11,"Siblings, kin and confidants",0.0
history,main,1610–1619,3,insufficient (< 5),12,"Olympian gods: Jupiter, Juno, Venus and Mars",0.986
history,main,1610–1619,3,insufficient (< 5),14,"Royal love, favour and dynastic relationships",0.699
history,main,1610–1619,3,insufficient (< 5),15,Friars and holy orders in plot,0.0
history,main,1610–1619,3,insufficient (< 5),16,"Gallantry: ladies, lordships and compliment",0.0
history,main,1610–1619,3,insufficient (< 5),17,"Eastern conquest: Persians, Turks and soldans",0.0
history,main,1610–1619,3,insufficient (< 5),18,"Rebels, barons and the king's wars at home",2.073
history,main,1610–1619,3,insufficient (< 5),20,"Hercules: labours, suffering and virtue",0.0
history,main,1610–1619,3,insufficient (< 5),21,"Cupid, Venus and the nymphs",0.0
history,main,1610–1619,3,insufficient (< 5),22,"Shepherds, flocks and Pan",0.0
history,main,1610–1619,3,insufficient (< 5),23,"Husbands, wives and jealousy",0.0
history,main,1610–1619,3,insufficient (< 5),24,"Apollo, Phoebus and the Muses",0.0
history,main,1610–1619,3,insufficient (< 5),25,"Kings, power and law: political sententiae",0.0
history,main,1610–1619,3,insufficient (< 5),26,"Devils, hell and fiends",0.0
history,main,1610–1619,3,insufficient (< 5),27,"Uncles, nephews and cousins: kinship and patronage",0.0
history,main,1610–1619,3,insufficient (< 5),28,"Marriage-making: weddings, brides and matches",0.0
history,main,1610–1619,3,insufficient (< 5),30,"Constables, justices and the watch",0.0
history,main,1610–1619,3,insufficient (< 5),31,"Popes, cardinals and the crown",8.987
history,main,1610–1619,3,insufficient (< 5),32,Rings and jewels as tokens,0.0
history,main,1610–1619,3,insufficient (< 5),33,"Fathers, daughters and marriage negotiations",0.0
history,main,1610–1619,3,insufficient (< 5),34,"Thebes and royal catastrophe: siege, slaughter and funeral rites",0.0
history,main,1610–1619,3,insufficient (< 5),35,"Fools, wit and railing",0.0
history,main,1610–1619,3,insufficient (< 5),36,"Hell, Furies and the language of punishment",0.0
history,main,1610–1619,3,insufficient (< 5),37,"Riches, poverty and covetousness",0.0
history,main,1610–1619,3,insufficient (< 5),38,"Death, parting and grief at court",1.999
history,main,1610–1619,3,insufficient (< 5),39,"Profit, conscience and dishonest dealing",0.0
history,main,1610–1619,3,insufficient (< 5),40,"Sin, guilt and violent loss within families",0.985
history,main,1610–1619,3,insufficient (< 5),43,York and Lancaster: dynastic claims and conflict,0.0
history,main,1610–1619,3,insufficient (< 5),44,"Drinking: wine, ale and taverns",0.0
history,main,1610–1619,3,insufficient (< 5),45,"Widows, wooing and remarriage",0.0
history,main,1610–1619,3,insufficient (< 5),46,"Swords, quarrels and valour",0.0
history,main,1610–1619,3,insufficient (< 5),47,"Knaves, thieves and bawds",0.0
history,main,1610–1619,3,insufficient (< 5),49,"Wooing a mistress: suitors, go-betweens and letters",0.0
history,main,1610–1619,3,insufficient (< 5),50,"Fleets, armies and generals: war by sea and land",0.0
history,main,1610–1619,3,insufficient (< 5),51,"Parents and children: blessing, birthright and inheritance",0.0
history,main,1610–1619,3,insufficient (< 5),52,"Prodigals, portions and poor kin",1.046
history,main,1610–1619,3,insufficient (< 5),54,"Antony and Cleopatra: love, death and mourning",0.0
history,main,1610–1619,3,insufficient (< 5),55,"Fairies, fairy queens and enchanted desire",2.13
history,main,1610–1619,3,insufficient (< 5),56,"Magic, spells and conjuring",2.166
history,main,1610–1619,3,insufficient (< 5),59,"Spanish courts: war, honour and courtship",0.0
history,main,1610–1619,3,insufficient (< 5),60,"Imperial Rome: rulers, favour and political exemplars",0.0
history,main,1610–1619,3,insufficient (< 5),62,"The courtier as a type: fashion, affectation and foreign manners",0.0
history,main,1620–1629,2,insufficient (< 5),0,"Court life: dukes, favour and honour",25.732
history,main,1620–1629,2,insufficient (< 5),1,"Death, grief and revenge",1.594
history,main,1620–1629,2,insufficient (< 5),2,"Roman politics: senate, consuls and civil war",0.0
history,main,1620–1629,2,insufficient (< 5),3,"Sickness, physic and doctors",0.0
history,main,1620–1629,2,insufficient (< 5),4,Love-longing and the lover's complaint,0.0
history,main,1620–1629,2,insufficient (< 5),5,"Christian faith, sin and salvation",0.0
history,main,1620–1629,2,insufficient (< 5),6,"Money, debt and credit",0.0
history,main,1620–1629,2,insufficient (< 5),7,The Trojan war: conflict and its aftermath,0.0
history,main,1620–1629,2,insufficient (< 5),8,"Captains, gallants and cheats",0.0
history,main,1620–1629,2,insufficient (< 5),9,"Theatre talk: prologues, poets and players",0.0
history,main,1620–1629,2,insufficient (< 5),10,"England and France: war, embassy and peace",0.0
history,main,1620–1629,2,insufficient (< 5),11,"Siblings, kin and confidants",0.0
history,main,1620–1629,2,insufficient (< 5),12,"Olympian gods: Jupiter, Juno, Venus and Mars",0.0
history,main,1620–1629,2,insufficient (< 5),14,"Royal love, favour and dynastic relationships",0.0
history,main,1620–1629,2,insufficient (< 5),15,Friars and holy orders in plot,1.525
history,main,1620–1629,2,insufficient (< 5),16,"Gallantry: ladies, lordships and compliment",0.0
history,main,1620–1629,2,insufficient (< 5),17,"Eastern conquest: Persians, Turks and soldans",0.0
history,main,1620–1629,2,insufficient (< 5),18,"Rebels, barons and the king's wars at home",31.19
history,main,1620–1629,2,insufficient (< 5),20,"Hercules: labours, suffering and virtue",0.0
history,main,1620–1629,2,insufficient (< 5),21,"Cupid, Venus and the nymphs",0.0
history,main,1620–1629,2,insufficient (< 5),22,"Shepherds, flocks and Pan",0.0
history,main,1620–1629,2,insufficient (< 5),23,"Husbands, wives and jealousy",0.0
history,main,1620–1629,2,insufficient (< 5),24,"Apollo, Phoebus and the Muses",0.0
history,main,1620–1629,2,insufficient (< 5),25,"Kings, power and law: political sententiae",0.0
history,main,1620–1629,2,insufficient (< 5),26,"Devils, hell and fiends",0.0
history,main,1620–1629,2,insufficient (< 5),27,"Uncles, nephews and cousins: kinship and patronage",0.0
history,main,1620–1629,2,insufficient (< 5),28,"Marriage-making: weddings, brides and matches",0.0
history,main,1620–1629,2,insufficient (< 5),30,"Constables, justices and the watch",0.0
history,main,1620–1629,2,insufficient (< 5),31,"Popes, cardinals and the crown",0.0
history,main,1620–1629,2,insufficient (< 5),32,Rings and jewels as tokens,0.0
history,main,1620–1629,2,insufficient (< 5),33,"Fathers, daughters and marriage negotiations",0.0
history,main,1620–1629,2,insufficient (< 5),34,"Thebes and royal catastrophe: siege, slaughter and funeral rites",0.0
history,main,1620–1629,2,insufficient (< 5),35,"Fools, wit and railing",0.0
history,main,1620–1629,2,insufficient (< 5),36,"Hell, Furies and the language of punishment",0.0
history,main,1620–1629,2,insufficient (< 5),37,"Riches, poverty and covetousness",0.0
history,main,1620–1629,2,insufficient (< 5),38,"Death, parting and grief at court",0.0
history,main,1620–1629,2,insufficient (< 5),39,"Profit, conscience and dishonest dealing",0.0
history,main,1620–1629,2,insufficient (< 5),40,"Sin, guilt and violent loss within families",0.0
history,main,1620–1629,2,insufficient (< 5),43,York and Lancaster: dynastic claims and conflict,0.0
history,main,1620–1629,2,insufficient (< 5),44,"Drinking: wine, ale and taverns",0.0
history,main,1620–1629,2,insufficient (< 5),45,"Widows, wooing and remarriage",0.0
history,main,1620–1629,2,insufficient (< 5),46,"Swords, quarrels and valour",0.0
history,main,1620–1629,2,insufficient (< 5),47,"Knaves, thieves and bawds",0.0
history,main,1620–1629,2,insufficient (< 5),49,"Wooing a mistress: suitors, go-betweens and letters",0.0
history,main,1620–1629,2,insufficient (< 5),50,"Fleets, armies and generals: war by sea and land",0.0
history,main,1620–1629,2,insufficient (< 5),51,"Parents and children: blessing, birthright and inheritance",0.0
history,main,1620–1629,2,insufficient (< 5),52,"Prodigals, portions and poor kin",0.0
history,main,1620–1629,2,insufficient (< 5),54,"Antony and Cleopatra: love, death and mourning",0.0
history,main,1620–1629,2,insufficient (< 5),55,"Fairies, fairy queens and enchanted desire",0.0
history,main,1620–1629,2,insufficient (< 5),56,"Magic, spells and conjuring",0.0
history,main,1620–1629,2,insufficient (< 5),59,"Spanish courts: war, honour and courtship",0.0
history,main,1620–1629,2,insufficient (< 5),60,"Imperial Rome: rulers, favour and political exemplars",0.0
history,main,1620–1629,2,insufficient (< 5),62,"The courtier as a type: fashion, affectation and foreign manners",0.0
history,main,1630–1639,1,insufficient (< 5),0,"Court life: dukes, favour and honour",0.0
history,main,1630–1639,1,insufficient (< 5),1,"Death, grief and revenge",0.0
history,main,1630–1639,1,insufficient (< 5),2,"Roman politics: senate, consuls and civil war",0.0
history,main,1630–1639,1,insufficient (< 5),3,"Sickness, physic and doctors",0.0
history,main,1630–1639,1,insufficient (< 5),4,Love-longing and the lover's complaint,0.0
history,main,1630–1639,1,insufficient (< 5),5,"Christian faith, sin and salvation",0.0
history,main,1630–1639,1,insufficient (< 5),6,"Money, debt and credit",0.0
history,main,1630–1639,1,insufficient (< 5),7,The Trojan war: conflict and its aftermath,0.0
history,main,1630–1639,1,insufficient (< 5),8,"Captains, gallants and cheats",0.0
history,main,1630–1639,1,insufficient (< 5),9,"Theatre talk: prologues, poets and players",0.0
history,main,1630–1639,1,insufficient (< 5),10,"England and France: war, embassy and peace",0.0
history,main,1630–1639,1,insufficient (< 5),11,"Siblings, kin and confidants",0.0
history,main,1630–1639,1,insufficient (< 5),12,"Olympian gods: Jupiter, Juno, Venus and Mars",0.0
history,main,1630–1639,1,insufficient (< 5),14,"Royal love, favour and dynastic relationships",0.0
history,main,1630–1639,1,insufficient (< 5),15,Friars and holy orders in plot,0.0
history,main,1630–1639,1,insufficient (< 5),16,"Gallantry: ladies, lordships and compliment",0.0
history,main,1630–1639,1,insufficient (< 5),17,"Eastern conquest: Persians, Turks and soldans",0.0
history,main,1630–1639,1,insufficient (< 5),18,"Rebels, barons and the king's wars at home",0.0
history,main,1630–1639,1,insufficient (< 5),20,"Hercules: labours, suffering and virtue",0.0
history,main,1630–1639,1,insufficient (< 5),21,"Cupid, Venus and the nymphs",0.0
history,main,1630–1639,1,insufficient (< 5),22,"Shepherds, flocks and Pan",0.0
history,main,1630–1639,1,insufficient (< 5),23,"Husbands, wives and jealousy",0.0
history,main,1630–1639,1,insufficient (< 5),24,"Apollo, Phoebus and the Muses",0.0
history,main,1630–1639,1,insufficient (< 5),25,"Kings, power and law: political sententiae",0.0
history,main,1630–1639,1,insufficient (< 5),26,"Devils, hell and fiends",0.0
history,main,1630–1639,1,insufficient (< 5),27,"Uncles, nephews and cousins: kinship and patronage",0.0
history,main,1630–1639,1,insufficient (< 5),28,"Marriage-making: weddings, brides and matches",0.0
history,main,1630–1639,1,insufficient (< 5),30,"Constables, justices and the watch",0.0
history,main,1630–1639,1,insufficient (< 5),31,"Popes, cardinals and the crown",0.0
history,main,1630–1639,1,insufficient (< 5),32,Rings and jewels as tokens,0.0
history,main,1630–1639,1,insufficient (< 5),33,"Fathers, daughters and marriage negotiations",0.0
history,main,1630–1639,1,insufficient (< 5),34,"Thebes and royal catastrophe: siege, slaughter and funeral rites",0.0
history,main,1630–1639,1,insufficient (< 5),35,"Fools, wit and railing",0.0
history,main,1630–1639,1,insufficient (< 5),36,"Hell, Furies and the language of punishment",0.0
history,main,1630–1639,1,insufficient (< 5),37,"Riches, poverty and covetousness",0.0
history,main,1630–1639,1,insufficient (< 5),38,"Death, parting and grief at court",0.0
history,main,1630–1639,1,insufficient (< 5),39,"Profit, conscience and dishonest dealing",0.0
history,main,1630–1639,1,insufficient (< 5),40,"Sin, guilt and violent loss within families",0.0
history,main,1630–1639,1,insufficient (< 5),43,York and Lancaster: dynastic claims and conflict,0.0
history,main,1630–1639,1,insufficient (< 5),44,"Drinking: wine, ale and taverns",0.0
history,main,1630–1639,1,insufficient (< 5),45,"Widows, wooing and remarriage",0.0
history,main,1630–1639,1,insufficient (< 5),46,"Swords, quarrels and valour",0.0
history,main,1630–1639,1,insufficient (< 5),47,"Knaves, thieves and bawds",0.0
history,main,1630–1639,1,insufficient (< 5),49,"Wooing a mistress: suitors, go-betweens and letters",0.0
history,main,1630–1639,1,insufficient (< 5),50,"Fleets, armies and generals: war by sea and land",0.0
history,main,1630–1639,1,insufficient (< 5),51,"Parents and children: blessing, birthright and inheritance",0.0
history,main,1630–1639,1,insufficient (< 5),52,"Prodigals, portions and poor kin",0.0
history,main,1630–1639,1,insufficient (< 5),54,"Antony and Cleopatra: love, death and mourning",0.0
history,main,1630–1639,1,insufficient (< 5),55,"Fairies, fairy queens and enchanted desire",0.0
history,main,1630–1639,1,insufficient (< 5),56,"Magic, spells and conjuring",0.0
history,main,1630–1639,1,insufficient (< 5),59,"Spanish courts: war, honour and courtship",0.0
history,main,1630–1639,1,insufficient (< 5),60,"Imperial Rome: rulers, favour and political exemplars",0.0
history,main,1630–1639,1,insufficient (< 5),62,"The courtier as a type: fashion, affectation and foreign manners",0.0
history,lower limit,1580–1589,8,sparse (5–9),0,"Court life: dukes, favour and honour",0.89
history,lower limit,1580–1589,8,sparse (5–9),1,"Death, grief and revenge",2.542
history,lower limit,1580–1589,8,sparse (5–9),2,"Roman politics: senate, consuls and civil war",0.0
history,lower limit,1580–1589,8,sparse (5–9),3,"Sickness, physic and doctors",0.0
history,lower limit,1580–1589,8,sparse (5–9),4,Love-longing and the lover's complaint,0.0
history,lower limit,1580–1589,8,sparse (5–9),5,"Christian faith, sin and salvation",8.761
history,lower limit,1580–1589,8,sparse (5–9),6,"Money, debt and credit",0.0
history,lower limit,1580–1589,8,sparse (5–9),7,The Trojan war: conflict and its aftermath,0.0
history,lower limit,1580–1589,8,sparse (5–9),8,"Captains, gallants and cheats",0.0
history,lower limit,1580–1589,8,sparse (5–9),9,"Theatre talk: prologues, poets and players",0.0
history,lower limit,1580–1589,8,sparse (5–9),10,"England and France: war, embassy and peace",5.912
history,lower limit,1580–1589,8,sparse (5–9),11,"Siblings, kin and confidants",0.313
history,lower limit,1580–1589,8,sparse (5–9),12,"Olympian gods: Jupiter, Juno, Venus and Mars",0.0
history,lower limit,1580–1589,8,sparse (5–9),14,"Royal love, favour and dynastic relationships",0.0
history,lower limit,1580–1589,8,sparse (5–9),15,Friars and holy orders in plot,2.856
history,lower limit,1580–1589,8,sparse (5–9),16,"Gallantry: ladies, lordships and compliment",0.0
history,lower limit,1580–1589,8,sparse (5–9),17,"Eastern conquest: Persians, Turks and soldans",0.0
history,lower limit,1580–1589,8,sparse (5–9),18,"Rebels, barons and the king's wars at home",9.347
history,lower limit,1580–1589,8,sparse (5–9),20,"Hercules: labours, suffering and virtue",0.0
history,lower limit,1580–1589,8,sparse (5–9),21,"Cupid, Venus and the nymphs",0.0
history,lower limit,1580–1589,8,sparse (5–9),22,"Shepherds, flocks and Pan",0.0
history,lower limit,1580–1589,8,sparse (5–9),23,"Husbands, wives and jealousy",0.0
history,lower limit,1580–1589,8,sparse (5–9),24,"Apollo, Phoebus and the Muses",0.0
history,lower limit,1580–1589,8,sparse (5–9),25,"Kings, power and law: political sententiae",0.0
history,lower limit,1580–1589,8,sparse (5–9),26,"Devils, hell and fiends",0.0
history,lower limit,1580–1589,8,sparse (5–9),27,"Uncles, nephews and cousins: kinship and patronage",0.0
history,lower limit,1580–1589,8,sparse (5–9),28,"Marriage-making: weddings, brides and matches",0.0
history,lower limit,1580–1589,8,sparse (5–9),30,"Constables, justices and the watch",0.0
history,lower limit,1580–1589,8,sparse (5–9),31,"Popes, cardinals and the crown",4.2
history,lower limit,1580–1589,8,sparse (5–9),32,Rings and jewels as tokens,0.0
history,lower limit,1580–1589,8,sparse (5–9),33,"Fathers, daughters and marriage negotiations",0.0
history,lower limit,1580–1589,8,sparse (5–9),34,"Thebes and royal catastrophe: siege, slaughter and funeral rites",0.0
history,lower limit,1580–1589,8,sparse (5–9),35,"Fools, wit and railing",0.0
history,lower limit,1580–1589,8,sparse (5–9),36,"Hell, Furies and the language of punishment",0.276
history,lower limit,1580–1589,8,sparse (5–9),37,"Riches, poverty and covetousness",0.0
history,lower limit,1580–1589,8,sparse (5–9),38,"Death, parting and grief at court",1.584
history,lower limit,1580–1589,8,sparse (5–9),39,"Profit, conscience and dishonest dealing",0.0
history,lower limit,1580–1589,8,sparse (5–9),40,"Sin, guilt and violent loss within families",0.0
history,lower limit,1580–1589,8,sparse (5–9),43,York and Lancaster: dynastic claims and conflict,7.47
history,lower limit,1580–1589,8,sparse (5–9),44,"Drinking: wine, ale and taverns",0.0
history,lower limit,1580–1589,8,sparse (5–9),45,"Widows, wooing and remarriage",0.53
history,lower limit,1580–1589,8,sparse (5–9),46,"Swords, quarrels and valour",0.0
history,lower limit,1580–1589,8,sparse (5–9),47,"Knaves, thieves and bawds",0.0
history,lower limit,1580–1589,8,sparse (5–9),49,"Wooing a mistress: suitors, go-betweens and letters",0.0
history,lower limit,1580–1589,8,sparse (5–9),50,"Fleets, armies and generals: war by sea and land",0.292
history,lower limit,1580–1589,8,sparse (5–9),51,"Parents and children: blessing, birthright and inheritance",0.566
history,lower limit,1580–1589,8,sparse (5–9),52,"Prodigals, portions and poor kin",0.0
history,lower limit,1580–1589,8,sparse (5–9),54,"Antony and Cleopatra: love, death and mourning",0.0
history,lower limit,1580–1589,8,sparse (5–9),55,"Fairies, fairy queens and enchanted desire",0.0
history,lower limit,1580–1589,8,sparse (5–9),56,"Magic, spells and conjuring",0.0
history,lower limit,1580–1589,8,sparse (5–9),59,"Spanish courts: war, honour and courtship",0.0
history,lower limit,1580–1589,8,sparse (5–9),60,"Imperial Rome: rulers, favour and political exemplars",0.0
history,lower limit,1580–1589,8,sparse (5–9),62,"The courtier as a type: fashion, affectation and foreign manners",0.0
history,lower limit,1590–1599,16,shown (≥ 10),0,"Court life: dukes, favour and honour",1.37
history,lower limit,1590–1599,16,shown (≥ 10),1,"Death, grief and revenge",1.918
history,lower limit,1590–1599,16,shown (≥ 10),2,"Roman politics: senate, consuls and civil war",0.0
history,lower limit,1590–1599,16,shown (≥ 10),3,"Sickness, physic and doctors",0.381
history,lower limit,1590–1599,16,shown (≥ 10),4,Love-longing and the lover's complaint,0.156
history,lower limit,1590–1599,16,shown (≥ 10),5,"Christian faith, sin and salvation",0.141
history,lower limit,1590–1599,16,shown (≥ 10),6,"Money, debt and credit",1.631
history,lower limit,1590–1599,16,shown (≥ 10),7,The Trojan war: conflict and its aftermath,0.127
history,lower limit,1590–1599,16,shown (≥ 10),8,"Captains, gallants and cheats",0.378
history,lower limit,1590–1599,16,shown (≥ 10),9,"Theatre talk: prologues, poets and players",0.0
history,lower limit,1590–1599,16,shown (≥ 10),10,"England and France: war, embassy and peace",10.88
history,lower limit,1590–1599,16,shown (≥ 10),11,"Siblings, kin and confidants",0.26
history,lower limit,1590–1599,16,shown (≥ 10),12,"Olympian gods: Jupiter, Juno, Venus and Mars",0.0
history,lower limit,1590–1599,16,shown (≥ 10),14,"Royal love, favour and dynastic relationships",0.77
history,lower limit,1590–1599,16,shown (≥ 10),15,Friars and holy orders in plot,1.729
history,lower limit,1590–1599,16,shown (≥ 10),16,"Gallantry: ladies, lordships and compliment",0.0
history,lower limit,1590–1599,16,shown (≥ 10),17,"Eastern conquest: Persians, Turks and soldans",0.0
history,lower limit,1590–1599,16,shown (≥ 10),18,"Rebels, barons and the king's wars at home",5.766
history,lower limit,1590–1599,16,shown (≥ 10),20,"Hercules: labours, suffering and virtue",0.0
history,lower limit,1590–1599,16,shown (≥ 10),21,"Cupid, Venus and the nymphs",0.0
history,lower limit,1590–1599,16,shown (≥ 10),22,"Shepherds, flocks and Pan",0.0
history,lower limit,1590–1599,16,shown (≥ 10),23,"Husbands, wives and jealousy",0.0
history,lower limit,1590–1599,16,shown (≥ 10),24,"Apollo, Phoebus and the Muses",0.0
history,lower limit,1590–1599,16,shown (≥ 10),25,"Kings, power and law: political sententiae",0.0
history,lower limit,1590–1599,16,shown (≥ 10),26,"Devils, hell and fiends",0.104
history,lower limit,1590–1599,16,shown (≥ 10),27,"Uncles, nephews and cousins: kinship and patronage",0.0
history,lower limit,1590–1599,16,shown (≥ 10),28,"Marriage-making: weddings, brides and matches",0.0
history,lower limit,1590–1599,16,shown (≥ 10),30,"Constables, justices and the watch",0.29
history,lower limit,1590–1599,16,shown (≥ 10),31,"Popes, cardinals and the crown",1.075
history,lower limit,1590–1599,16,shown (≥ 10),32,Rings and jewels as tokens,0.254
history,lower limit,1590–1599,16,shown (≥ 10),33,"Fathers, daughters and marriage negotiations",0.0
history,lower limit,1590–1599,16,shown (≥ 10),34,"Thebes and royal catastrophe: siege, slaughter and funeral rites",0.0
history,lower limit,1590–1599,16,shown (≥ 10),35,"Fools, wit and railing",0.0
history,lower limit,1590–1599,16,shown (≥ 10),36,"Hell, Furies and the language of punishment",0.0
history,lower limit,1590–1599,16,shown (≥ 10),37,"Riches, poverty and covetousness",0.0
history,lower limit,1590–1599,16,shown (≥ 10),38,"Death, parting and grief at court",1.558
history,lower limit,1590–1599,16,shown (≥ 10),39,"Profit, conscience and dishonest dealing",0.255
history,lower limit,1590–1599,16,shown (≥ 10),40,"Sin, guilt and violent loss within families",0.26
history,lower limit,1590–1599,16,shown (≥ 10),43,York and Lancaster: dynastic claims and conflict,2.371
history,lower limit,1590–1599,16,shown (≥ 10),44,"Drinking: wine, ale and taverns",0.138
history,lower limit,1590–1599,16,shown (≥ 10),45,"Widows, wooing and remarriage",0.0
history,lower limit,1590–1599,16,shown (≥ 10),46,"Swords, quarrels and valour",0.0
history,lower limit,1590–1599,16,shown (≥ 10),47,"Knaves, thieves and bawds",0.521
history,lower limit,1590–1599,16,shown (≥ 10),49,"Wooing a mistress: suitors, go-betweens and letters",0.0
history,lower limit,1590–1599,16,shown (≥ 10),50,"Fleets, armies and generals: war by sea and land",0.394
history,lower limit,1590–1599,16,shown (≥ 10),51,"Parents and children: blessing, birthright and inheritance",0.0
history,lower limit,1590–1599,16,shown (≥ 10),52,"Prodigals, portions and poor kin",0.152
history,lower limit,1590–1599,16,shown (≥ 10),54,"Antony and Cleopatra: love, death and mourning",0.0
history,lower limit,1590–1599,16,shown (≥ 10),55,"Fairies, fairy queens and enchanted desire",0.0
history,lower limit,1590–1599,16,shown (≥ 10),56,"Magic, spells and conjuring",0.0
history,lower limit,1590–1599,16,shown (≥ 10),59,"Spanish courts: war, honour and courtship",0.0
history,lower limit,1590–1599,16,shown (≥ 10),60,"Imperial Rome: rulers, favour and political exemplars",0.0
history,lower limit,1590–1599,16,shown (≥ 10),62,"The courtier as a type: fashion, affectation and foreign manners",0.0
history,lower limit,1600–1609,7,sparse (5–9),0,"Court life: dukes, favour and honour",2.534
history,lower limit,1600–1609,7,sparse (5–9),1,"Death, grief and revenge",3.586
history,lower limit,1600–1609,7,sparse (5–9),2,"Roman politics: senate, consuls and civil war",2.138
history,lower limit,1600–1609,7,sparse (5–9),3,"Sickness, physic and doctors",0.326
history,lower limit,1600–1609,7,sparse (5–9),4,Love-longing and the lover's complaint,0.0
history,lower limit,1600–1609,7,sparse (5–9),5,"Christian faith, sin and salvation",0.0
history,lower limit,1600–1609,7,sparse (5–9),6,"Money, debt and credit",1.61
history,lower limit,1600–1609,7,sparse (5–9),7,The Trojan war: conflict and its aftermath,1.678
history,lower limit,1600–1609,7,sparse (5–9),8,"Captains, gallants and cheats",0.0
history,lower limit,1600–1609,7,sparse (5–9),9,"Theatre talk: prologues, poets and players",0.0
history,lower limit,1600–1609,7,sparse (5–9),10,"England and France: war, embassy and peace",0.0
history,lower limit,1600–1609,7,sparse (5–9),11,"Siblings, kin and confidants",0.0
history,lower limit,1600–1609,7,sparse (5–9),12,"Olympian gods: Jupiter, Juno, Venus and Mars",0.423
history,lower limit,1600–1609,7,sparse (5–9),14,"Royal love, favour and dynastic relationships",4.077
history,lower limit,1600–1609,7,sparse (5–9),15,Friars and holy orders in plot,0.436
history,lower limit,1600–1609,7,sparse (5–9),16,"Gallantry: ladies, lordships and compliment",0.929
history,lower limit,1600–1609,7,sparse (5–9),17,"Eastern conquest: Persians, Turks and soldans",0.0
history,lower limit,1600–1609,7,sparse (5–9),18,"Rebels, barons and the king's wars at home",10.222
history,lower limit,1600–1609,7,sparse (5–9),20,"Hercules: labours, suffering and virtue",0.0
history,lower limit,1600–1609,7,sparse (5–9),21,"Cupid, Venus and the nymphs",0.0
history,lower limit,1600–1609,7,sparse (5–9),22,"Shepherds, flocks and Pan",0.0
history,lower limit,1600–1609,7,sparse (5–9),23,"Husbands, wives and jealousy",0.0
history,lower limit,1600–1609,7,sparse (5–9),24,"Apollo, Phoebus and the Muses",0.0
history,lower limit,1600–1609,7,sparse (5–9),25,"Kings, power and law: political sententiae",0.454
history,lower limit,1600–1609,7,sparse (5–9),26,"Devils, hell and fiends",0.0
history,lower limit,1600–1609,7,sparse (5–9),27,"Uncles, nephews and cousins: kinship and patronage",0.322
history,lower limit,1600–1609,7,sparse (5–9),28,"Marriage-making: weddings, brides and matches",0.0
history,lower limit,1600–1609,7,sparse (5–9),30,"Constables, justices and the watch",1.182
history,lower limit,1600–1609,7,sparse (5–9),31,"Popes, cardinals and the crown",5.07
history,lower limit,1600–1609,7,sparse (5–9),32,Rings and jewels as tokens,0.662
history,lower limit,1600–1609,7,sparse (5–9),33,"Fathers, daughters and marriage negotiations",0.0
history,lower limit,1600–1609,7,sparse (5–9),34,"Thebes and royal catastrophe: siege, slaughter and funeral rites",0.0
history,lower limit,1600–1609,7,sparse (5–9),35,"Fools, wit and railing",0.0
history,lower limit,1600–1609,7,sparse (5–9),36,"Hell, Furies and the language of punishment",0.0
history,lower limit,1600–1609,7,sparse (5–9),37,"Riches, poverty and covetousness",0.0
history,lower limit,1600–1609,7,sparse (5–9),38,"Death, parting and grief at court",1.259
history,lower limit,1600–1609,7,sparse (5–9),39,"Profit, conscience and dishonest dealing",0.0
history,lower limit,1600–1609,7,sparse (5–9),40,"Sin, guilt and violent loss within families",0.0
history,lower limit,1600–1609,7,sparse (5–9),43,York and Lancaster: dynastic claims and conflict,0.954
history,lower limit,1600–1609,7,sparse (5–9),44,"Drinking: wine, ale and taverns",0.0
history,lower limit,1600–1609,7,sparse (5–9),45,"Widows, wooing and remarriage",0.0
history,lower limit,1600–1609,7,sparse (5–9),46,"Swords, quarrels and valour",0.0
history,lower limit,1600–1609,7,sparse (5–9),47,"Knaves, thieves and bawds",0.0
history,lower limit,1600–1609,7,sparse (5–9),49,"Wooing a mistress: suitors, go-betweens and letters",0.0
history,lower limit,1600–1609,7,sparse (5–9),50,"Fleets, armies and generals: war by sea and land",0.0
history,lower limit,1600–1609,7,sparse (5–9),51,"Parents and children: blessing, birthright and inheritance",0.0
history,lower limit,1600–1609,7,sparse (5–9),52,"Prodigals, portions and poor kin",0.0
history,lower limit,1600–1609,7,sparse (5–9),54,"Antony and Cleopatra: love, death and mourning",0.0
history,lower limit,1600–1609,7,sparse (5–9),55,"Fairies, fairy queens and enchanted desire",0.0
history,lower limit,1600–1609,7,sparse (5–9),56,"Magic, spells and conjuring",0.0
history,lower limit,1600–1609,7,sparse (5–9),59,"Spanish courts: war, honour and courtship",0.0
history,lower limit,1600–1609,7,sparse (5–9),60,"Imperial Rome: rulers, favour and political exemplars",0.0
history,lower limit,1600–1609,7,sparse (5–9),62,"The courtier as a type: fashion, affectation and foreign manners",0.0
history,lower limit,1610–1619,2,insufficient (< 5),0,"Court life: dukes, favour and honour",1.006
history,lower limit,1610–1619,2,insufficient (< 5),1,"Death, grief and revenge",0.0
history,lower limit,1610–1619,2,insufficient (< 5),2,"Roman politics: senate, consuls and civil war",3.034
history,lower limit,1610–1619,2,insufficient (< 5),3,"Sickness, physic and doctors",0.0
history,lower limit,1610–1619,2,insufficient (< 5),4,Love-longing and the lover's complaint,0.0
history,lower limit,1610–1619,2,insufficient (< 5),5,"Christian faith, sin and salvation",0.0
history,lower limit,1610–1619,2,insufficient (< 5),6,"Money, debt and credit",0.0
history,lower limit,1610–1619,2,insufficient (< 5),7,The Trojan war: conflict and its aftermath,0.0
history,lower limit,1610–1619,2,insufficient (< 5),8,"Captains, gallants and cheats",0.0
history,lower limit,1610–1619,2,insufficient (< 5),9,"Theatre talk: prologues, poets and players",0.0
history,lower limit,1610–1619,2,insufficient (< 5),10,"England and France: war, embassy and peace",0.0
history,lower limit,1610–1619,2,insufficient (< 5),11,"Siblings, kin and confidants",0.0
history,lower limit,1610–1619,2,insufficient (< 5),12,"Olympian gods: Jupiter, Juno, Venus and Mars",0.0
history,lower limit,1610–1619,2,insufficient (< 5),14,"Royal love, favour and dynastic relationships",1.049
history,lower limit,1610–1619,2,insufficient (< 5),15,Friars and holy orders in plot,0.0
history,lower limit,1610–1619,2,insufficient (< 5),16,"Gallantry: ladies, lordships and compliment",0.0
history,lower limit,1610–1619,2,insufficient (< 5),17,"Eastern conquest: Persians, Turks and soldans",0.0
history,lower limit,1610–1619,2,insufficient (< 5),18,"Rebels, barons and the king's wars at home",3.11
history,lower limit,1610–1619,2,insufficient (< 5),20,"Hercules: labours, suffering and virtue",0.0
history,lower limit,1610–1619,2,insufficient (< 5),21,"Cupid, Venus and the nymphs",0.0
history,lower limit,1610–1619,2,insufficient (< 5),22,"Shepherds, flocks and Pan",0.0
history,lower limit,1610–1619,2,insufficient (< 5),23,"Husbands, wives and jealousy",0.0
history,lower limit,1610–1619,2,insufficient (< 5),24,"Apollo, Phoebus and the Muses",0.0
history,lower limit,1610–1619,2,insufficient (< 5),25,"Kings, power and law: political sententiae",0.0
history,lower limit,1610–1619,2,insufficient (< 5),26,"Devils, hell and fiends",0.0
history,lower limit,1610–1619,2,insufficient (< 5),27,"Uncles, nephews and cousins: kinship and patronage",0.0
history,lower limit,1610–1619,2,insufficient (< 5),28,"Marriage-making: weddings, brides and matches",0.0
history,lower limit,1610–1619,2,insufficient (< 5),30,"Constables, justices and the watch",0.0
history,lower limit,1610–1619,2,insufficient (< 5),31,"Popes, cardinals and the crown",13.481
history,lower limit,1610–1619,2,insufficient (< 5),32,Rings and jewels as tokens,0.0
history,lower limit,1610–1619,2,insufficient (< 5),33,"Fathers, daughters and marriage negotiations",0.0
history,lower limit,1610–1619,2,insufficient (< 5),34,"Thebes and royal catastrophe: siege, slaughter and funeral rites",0.0
history,lower limit,1610–1619,2,insufficient (< 5),35,"Fools, wit and railing",0.0
history,lower limit,1610–1619,2,insufficient (< 5),36,"Hell, Furies and the language of punishment",0.0
history,lower limit,1610–1619,2,insufficient (< 5),37,"Riches, poverty and covetousness",0.0
history,lower limit,1610–1619,2,insufficient (< 5),38,"Death, parting and grief at court",2.999
history,lower limit,1610–1619,2,insufficient (< 5),39,"Profit, conscience and dishonest dealing",0.0
history,lower limit,1610–1619,2,insufficient (< 5),40,"Sin, guilt and violent loss within families",1.477
history,lower limit,1610–1619,2,insufficient (< 5),43,York and Lancaster: dynastic claims and conflict,0.0
history,lower limit,1610–1619,2,insufficient (< 5),44,"Drinking: wine, ale and taverns",0.0
history,lower limit,1610–1619,2,insufficient (< 5),45,"Widows, wooing and remarriage",0.0
history,lower limit,1610–1619,2,insufficient (< 5),46,"Swords, quarrels and valour",0.0
history,lower limit,1610–1619,2,insufficient (< 5),47,"Knaves, thieves and bawds",0.0
history,lower limit,1610–1619,2,insufficient (< 5),49,"Wooing a mistress: suitors, go-betweens and letters",0.0
history,lower limit,1610–1619,2,insufficient (< 5),50,"Fleets, armies and generals: war by sea and land",0.0
history,lower limit,1610–1619,2,insufficient (< 5),51,"Parents and children: blessing, birthright and inheritance",0.0
history,lower limit,1610–1619,2,insufficient (< 5),52,"Prodigals, portions and poor kin",1.569
history,lower limit,1610–1619,2,insufficient (< 5),54,"Antony and Cleopatra: love, death and mourning",0.0
history,lower limit,1610–1619,2,insufficient (< 5),55,"Fairies, fairy queens and enchanted desire",3.195
history,lower limit,1610–1619,2,insufficient (< 5),56,"Magic, spells and conjuring",3.249
history,lower limit,1610–1619,2,insufficient (< 5),59,"Spanish courts: war, honour and courtship",0.0
history,lower limit,1610–1619,2,insufficient (< 5),60,"Imperial Rome: rulers, favour and political exemplars",0.0
history,lower limit,1610–1619,2,insufficient (< 5),62,"The courtier as a type: fashion, affectation and foreign manners",0.0
history,lower limit,1620–1629,1,insufficient (< 5),0,"Court life: dukes, favour and honour",51.464
history,lower limit,1620–1629,1,insufficient (< 5),1,"Death, grief and revenge",0.0
history,lower limit,1620–1629,1,insufficient (< 5),2,"Roman politics: senate, consuls and civil war",0.0
history,lower limit,1620–1629,1,insufficient (< 5),3,"Sickness, physic and doctors",0.0
history,lower limit,1620–1629,1,insufficient (< 5),4,Love-longing and the lover's complaint,0.0
history,lower limit,1620–1629,1,insufficient (< 5),5,"Christian faith, sin and salvation",0.0
history,lower limit,1620–1629,1,insufficient (< 5),6,"Money, debt and credit",0.0
history,lower limit,1620–1629,1,insufficient (< 5),7,The Trojan war: conflict and its aftermath,0.0
history,lower limit,1620–1629,1,insufficient (< 5),8,"Captains, gallants and cheats",0.0
history,lower limit,1620–1629,1,insufficient (< 5),9,"Theatre talk: prologues, poets and players",0.0
history,lower limit,1620–1629,1,insufficient (< 5),10,"England and France: war, embassy and peace",0.0
history,lower limit,1620–1629,1,insufficient (< 5),11,"Siblings, kin and confidants",0.0
history,lower limit,1620–1629,1,insufficient (< 5),12,"Olympian gods: Jupiter, Juno, Venus and Mars",0.0
history,lower limit,1620–1629,1,insufficient (< 5),14,"Royal love, favour and dynastic relationships",0.0
history,lower limit,1620–1629,1,insufficient (< 5),15,Friars and holy orders in plot,0.0
history,lower limit,1620–1629,1,insufficient (< 5),16,"Gallantry: ladies, lordships and compliment",0.0
history,lower limit,1620–1629,1,insufficient (< 5),17,"Eastern conquest: Persians, Turks and soldans",0.0
history,lower limit,1620–1629,1,insufficient (< 5),18,"Rebels, barons and the king's wars at home",0.0
history,lower limit,1620–1629,1,insufficient (< 5),20,"Hercules: labours, suffering and virtue",0.0
history,lower limit,1620–1629,1,insufficient (< 5),21,"Cupid, Venus and the nymphs",0.0
history,lower limit,1620–1629,1,insufficient (< 5),22,"Shepherds, flocks and Pan",0.0
history,lower limit,1620–1629,1,insufficient (< 5),23,"Husbands, wives and jealousy",0.0
history,lower limit,1620–1629,1,insufficient (< 5),24,"Apollo, Phoebus and the Muses",0.0
history,lower limit,1620–1629,1,insufficient (< 5),25,"Kings, power and law: political sententiae",0.0
history,lower limit,1620–1629,1,insufficient (< 5),26,"Devils, hell and fiends",0.0
history,lower limit,1620–1629,1,insufficient (< 5),27,"Uncles, nephews and cousins: kinship and patronage",0.0
history,lower limit,1620–1629,1,insufficient (< 5),28,"Marriage-making: weddings, brides and matches",0.0
history,lower limit,1620–1629,1,insufficient (< 5),30,"Constables, justices and the watch",0.0
history,lower limit,1620–1629,1,insufficient (< 5),31,"Popes, cardinals and the crown",0.0
history,lower limit,1620–1629,1,insufficient (< 5),32,Rings and jewels as tokens,0.0
history,lower limit,1620–1629,1,insufficient (< 5),33,"Fathers, daughters and marriage negotiations",0.0
history,lower limit,1620–1629,1,insufficient (< 5),34,"Thebes and royal catastrophe: siege, slaughter and funeral rites",0.0
history,lower limit,1620–1629,1,insufficient (< 5),35,"Fools, wit and railing",0.0
history,lower limit,1620–1629,1,insufficient (< 5),36,"Hell, Furies and the language of punishment",0.0
history,lower limit,1620–1629,1,insufficient (< 5),37,"Riches, poverty and covetousness",0.0
history,lower limit,1620–1629,1,insufficient (< 5),38,"Death, parting and grief at court",0.0
history,lower limit,1620–1629,1,insufficient (< 5),39,"Profit, conscience and dishonest dealing",0.0
history,lower limit,1620–1629,1,insufficient (< 5),40,"Sin, guilt and violent loss within families",0.0
history,lower limit,1620–1629,1,insufficient (< 5),43,York and Lancaster: dynastic claims and conflict,0.0
history,lower limit,1620–1629,1,insufficient (< 5),44,"Drinking: wine, ale and taverns",0.0
history,lower limit,1620–1629,1,insufficient (< 5),45,"Widows, wooing and remarriage",0.0
history,lower limit,1620–1629,1,insufficient (< 5),46,"Swords, quarrels and valour",0.0
history,lower limit,1620–1629,1,insufficient (< 5),47,"Knaves, thieves and bawds",0.0
history,lower limit,1620–1629,1,insufficient (< 5),49,"Wooing a mistress: suitors, go-betweens and letters",0.0
history,lower limit,1620–1629,1,insufficient (< 5),50,"Fleets, armies and generals: war by sea and land",0.0
history,lower limit,1620–1629,1,insufficient (< 5),51,"Parents and children: blessing, birthright and inheritance",0.0
history,lower limit,1620–1629,1,insufficient (< 5),52,"Prodigals, portions and poor kin",0.0
history,lower limit,1620–1629,1,insufficient (< 5),54,"Antony and Cleopatra: love, death and mourning",0.0
history,lower limit,1620–1629,1,insufficient (< 5),55,"Fairies, fairy queens and enchanted desire",0.0
history,lower limit,1620–1629,1,insufficient (< 5),56,"Magic, spells and conjuring",0.0
history,lower limit,1620–1629,1,insufficient (< 5),59,"Spanish courts: war, honour and courtship",0.0
history,lower limit,1620–1629,1,insufficient (< 5),60,"Imperial Rome: rulers, favour and political exemplars",0.0
history,lower limit,1620–1629,1,insufficient (< 5),62,"The courtier as a type: fashion, affectation and foreign manners",0.0
history,upper limit,1590–1599,20,shown (≥ 10),0,"Court life: dukes, favour and honour",1.452
history,upper limit,1590–1599,20,shown (≥ 10),1,"Death, grief and revenge",2.551
history,upper limit,1590–1599,20,shown (≥ 10),2,"Roman politics: senate, consuls and civil war",0.0
history,upper limit,1590–1599,20,shown (≥ 10),3,"Sickness, physic and doctors",0.203
history,upper limit,1590–1599,20,shown (≥ 10),4,Love-longing and the lover's complaint,0.124
history,upper limit,1590–1599,20,shown (≥ 10),5,"Christian faith, sin and salvation",3.618
history,upper limit,1590–1599,20,shown (≥ 10),6,"Money, debt and credit",0.122
history,upper limit,1590–1599,20,shown (≥ 10),7,The Trojan war: conflict and its aftermath,0.102
history,upper limit,1590–1599,20,shown (≥ 10),8,"Captains, gallants and cheats",0.194
history,upper limit,1590–1599,20,shown (≥ 10),9,"Theatre talk: prologues, poets and players",0.0
history,upper limit,1590–1599,20,shown (≥ 10),10,"England and France: war, embassy and peace",10.872
history,upper limit,1590–1599,20,shown (≥ 10),11,"Siblings, kin and confidants",0.125
history,upper limit,1590–1599,20,shown (≥ 10),12,"Olympian gods: Jupiter, Juno, Venus and Mars",0.0
history,upper limit,1590–1599,20,shown (≥ 10),14,"Royal love, favour and dynastic relationships",0.409
history,upper limit,1590–1599,20,shown (≥ 10),15,Friars and holy orders in plot,2.525
history,upper limit,1590–1599,20,shown (≥ 10),16,"Gallantry: ladies, lordships and compliment",0.0
history,upper limit,1590–1599,20,shown (≥ 10),17,"Eastern conquest: Persians, Turks and soldans",0.0
history,upper limit,1590–1599,20,shown (≥ 10),18,"Rebels, barons and the king's wars at home",7.92
history,upper limit,1590–1599,20,shown (≥ 10),20,"Hercules: labours, suffering and virtue",0.0
history,upper limit,1590–1599,20,shown (≥ 10),21,"Cupid, Venus and the nymphs",0.0
history,upper limit,1590–1599,20,shown (≥ 10),22,"Shepherds, flocks and Pan",0.0
history,upper limit,1590–1599,20,shown (≥ 10),23,"Husbands, wives and jealousy",0.0
history,upper limit,1590–1599,20,shown (≥ 10),24,"Apollo, Phoebus and the Muses",0.0
history,upper limit,1590–1599,20,shown (≥ 10),25,"Kings, power and law: political sententiae",0.0
history,upper limit,1590–1599,20,shown (≥ 10),26,"Devils, hell and fiends",0.084
history,upper limit,1590–1599,20,shown (≥ 10),27,"Uncles, nephews and cousins: kinship and patronage",0.0
history,upper limit,1590–1599,20,shown (≥ 10),28,"Marriage-making: weddings, brides and matches",0.0
history,upper limit,1590–1599,20,shown (≥ 10),30,"Constables, justices and the watch",0.232
history,upper limit,1590–1599,20,shown (≥ 10),31,"Popes, cardinals and the crown",2.54
history,upper limit,1590–1599,20,shown (≥ 10),32,Rings and jewels as tokens,0.203
history,upper limit,1590–1599,20,shown (≥ 10),33,"Fathers, daughters and marriage negotiations",0.0
history,upper limit,1590–1599,20,shown (≥ 10),34,"Thebes and royal catastrophe: siege, slaughter and funeral rites",0.0
history,upper limit,1590–1599,20,shown (≥ 10),35,"Fools, wit and railing",0.0
history,upper limit,1590–1599,20,shown (≥ 10),36,"Hell, Furies and the language of punishment",0.11
history,upper limit,1590–1599,20,shown (≥ 10),37,"Riches, poverty and covetousness",0.0
history,upper limit,1590–1599,20,shown (≥ 10),38,"Death, parting and grief at court",1.88
history,upper limit,1590–1599,20,shown (≥ 10),39,"Profit, conscience and dishonest dealing",0.204
history,upper limit,1590–1599,20,shown (≥ 10),40,"Sin, guilt and violent loss within families",0.208
history,upper limit,1590–1599,20,shown (≥ 10),43,York and Lancaster: dynastic claims and conflict,4.691
history,upper limit,1590–1599,20,shown (≥ 10),44,"Drinking: wine, ale and taverns",0.0
history,upper limit,1590–1599,20,shown (≥ 10),45,"Widows, wooing and remarriage",0.212
history,upper limit,1590–1599,20,shown (≥ 10),46,"Swords, quarrels and valour",0.0
history,upper limit,1590–1599,20,shown (≥ 10),47,"Knaves, thieves and bawds",0.417
history,upper limit,1590–1599,20,shown (≥ 10),49,"Wooing a mistress: suitors, go-betweens and letters",0.0
history,upper limit,1590–1599,20,shown (≥ 10),50,"Fleets, armies and generals: war by sea and land",0.323
history,upper limit,1590–1599,20,shown (≥ 10),51,"Parents and children: blessing, birthright and inheritance",0.226
history,upper limit,1590–1599,20,shown (≥ 10),52,"Prodigals, portions and poor kin",0.122
history,upper limit,1590–1599,20,shown (≥ 10),54,"Antony and Cleopatra: love, death and mourning",0.0
history,upper limit,1590–1599,20,shown (≥ 10),55,"Fairies, fairy queens and enchanted desire",0.0
history,upper limit,1590–1599,20,shown (≥ 10),56,"Magic, spells and conjuring",0.0
history,upper limit,1590–1599,20,shown (≥ 10),59,"Spanish courts: war, honour and courtship",0.0
history,upper limit,1590–1599,20,shown (≥ 10),60,"Imperial Rome: rulers, favour and political exemplars",0.0
history,upper limit,1590–1599,20,shown (≥ 10),62,"The courtier as a type: fashion, affectation and foreign manners",0.0
history,upper limit,1600–1609,8,sparse (5–9),0,"Court life: dukes, favour and honour",2.217
history,upper limit,1600–1609,8,sparse (5–9),1,"Death, grief and revenge",1.992
history,upper limit,1600–1609,8,sparse (5–9),2,"Roman politics: senate, consuls and civil war",0.0
history,upper limit,1600–1609,8,sparse (5–9),3,"Sickness, physic and doctors",0.538
history,upper limit,1600–1609,8,sparse (5–9),4,Love-longing and the lover's complaint,0.0
history,upper limit,1600–1609,8,sparse (5–9),5,"Christian faith, sin and salvation",0.0
history,upper limit,1600–1609,8,sparse (5–9),6,"Money, debt and credit",4.366
history,upper limit,1600–1609,8,sparse (5–9),7,The Trojan war: conflict and its aftermath,0.0
history,upper limit,1600–1609,8,sparse (5–9),8,"Captains, gallants and cheats",0.271
history,upper limit,1600–1609,8,sparse (5–9),9,"Theatre talk: prologues, poets and players",0.0
history,upper limit,1600–1609,8,sparse (5–9),10,"England and France: war, embassy and peace",0.492
history,upper limit,1600–1609,8,sparse (5–9),11,"Siblings, kin and confidants",0.521
history,upper limit,1600–1609,8,sparse (5–9),12,"Olympian gods: Jupiter, Juno, Venus and Mars",0.0
history,upper limit,1600–1609,8,sparse (5–9),14,"Royal love, favour and dynastic relationships",4.086
history,upper limit,1600–1609,8,sparse (5–9),15,Friars and holy orders in plot,0.0
history,upper limit,1600–1609,8,sparse (5–9),16,"Gallantry: ladies, lordships and compliment",0.813
history,upper limit,1600–1609,8,sparse (5–9),17,"Eastern conquest: Persians, Turks and soldans",0.0
history,upper limit,1600–1609,8,sparse (5–9),18,"Rebels, barons and the king's wars at home",2.226
history,upper limit,1600–1609,8,sparse (5–9),20,"Hercules: labours, suffering and virtue",0.0
history,upper limit,1600–1609,8,sparse (5–9),21,"Cupid, Venus and the nymphs",0.0
history,upper limit,1600–1609,8,sparse (5–9),22,"Shepherds, flocks and Pan",0.0
history,upper limit,1600–1609,8,sparse (5–9),23,"Husbands, wives and jealousy",0.0
history,upper limit,1600–1609,8,sparse (5–9),24,"Apollo, Phoebus and the Muses",0.0
history,upper limit,1600–1609,8,sparse (5–9),25,"Kings, power and law: political sententiae",0.397
history,upper limit,1600–1609,8,sparse (5–9),26,"Devils, hell and fiends",0.0
history,upper limit,1600–1609,8,sparse (5–9),27,"Uncles, nephews and cousins: kinship and patronage",0.281
history,upper limit,1600–1609,8,sparse (5–9),28,"Marriage-making: weddings, brides and matches",0.0
history,upper limit,1600–1609,8,sparse (5–9),30,"Constables, justices and the watch",1.034
history,upper limit,1600–1609,8,sparse (5–9),31,"Popes, cardinals and the crown",4.436
history,upper limit,1600–1609,8,sparse (5–9),32,Rings and jewels as tokens,0.579
history,upper limit,1600–1609,8,sparse (5–9),33,"Fathers, daughters and marriage negotiations",0.0
history,upper limit,1600–1609,8,sparse (5–9),34,"Thebes and royal catastrophe: siege, slaughter and funeral rites",0.0
history,upper limit,1600–1609,8,sparse (5–9),35,"Fools, wit and railing",0.0
history,upper limit,1600–1609,8,sparse (5–9),36,"Hell, Furies and the language of punishment",0.0
history,upper limit,1600–1609,8,sparse (5–9),37,"Riches, poverty and covetousness",0.0
history,upper limit,1600–1609,8,sparse (5–9),38,"Death, parting and grief at court",1.102
history,upper limit,1600–1609,8,sparse (5–9),39,"Profit, conscience and dishonest dealing",0.0
history,upper limit,1600–1609,8,sparse (5–9),40,"Sin, guilt and violent loss within families",0.0
history,upper limit,1600–1609,8,sparse (5–9),43,York and Lancaster: dynastic claims and conflict,1.319
history,upper limit,1600–1609,8,sparse (5–9),44,"Drinking: wine, ale and taverns",0.275
history,upper limit,1600–1609,8,sparse (5–9),45,"Widows, wooing and remarriage",0.0
history,upper limit,1600–1609,8,sparse (5–9),46,"Swords, quarrels and valour",0.0
history,upper limit,1600–1609,8,sparse (5–9),47,"Knaves, thieves and bawds",0.0
history,upper limit,1600–1609,8,sparse (5–9),49,"Wooing a mistress: suitors, go-betweens and letters",0.0
history,upper limit,1600–1609,8,sparse (5–9),50,"Fleets, armies and generals: war by sea and land",0.273
history,upper limit,1600–1609,8,sparse (5–9),51,"Parents and children: blessing, birthright and inheritance",0.0
history,upper limit,1600–1609,8,sparse (5–9),52,"Prodigals, portions and poor kin",0.0
history,upper limit,1600–1609,8,sparse (5–9),54,"Antony and Cleopatra: love, death and mourning",0.0
history,upper limit,1600–1609,8,sparse (5–9),55,"Fairies, fairy queens and enchanted desire",0.0
history,upper limit,1600–1609,8,sparse (5–9),56,"Magic, spells and conjuring",0.0
history,upper limit,1600–1609,8,sparse (5–9),59,"Spanish courts: war, honour and courtship",0.0
history,upper limit,1600–1609,8,sparse (5–9),60,"Imperial Rome: rulers, favour and political exemplars",0.0
history,upper limit,1600–1609,8,sparse (5–9),62,"The courtier as a type: fashion, affectation and foreign manners",0.0
history,upper limit,1610–1619,2,insufficient (< 5),0,"Court life: dukes, favour and honour",1.006
history,upper limit,1610–1619,2,insufficient (< 5),1,"Death, grief and revenge",0.0
history,upper limit,1610–1619,2,insufficient (< 5),2,"Roman politics: senate, consuls and civil war",3.034
history,upper limit,1610–1619,2,insufficient (< 5),3,"Sickness, physic and doctors",0.0
history,upper limit,1610–1619,2,insufficient (< 5),4,Love-longing and the lover's complaint,0.0
history,upper limit,1610–1619,2,insufficient (< 5),5,"Christian faith, sin and salvation",0.0
history,upper limit,1610–1619,2,insufficient (< 5),6,"Money, debt and credit",0.0
history,upper limit,1610–1619,2,insufficient (< 5),7,The Trojan war: conflict and its aftermath,0.0
history,upper limit,1610–1619,2,insufficient (< 5),8,"Captains, gallants and cheats",0.0
history,upper limit,1610–1619,2,insufficient (< 5),9,"Theatre talk: prologues, poets and players",0.0
history,upper limit,1610–1619,2,insufficient (< 5),10,"England and France: war, embassy and peace",0.0
history,upper limit,1610–1619,2,insufficient (< 5),11,"Siblings, kin and confidants",0.0
history,upper limit,1610–1619,2,insufficient (< 5),12,"Olympian gods: Jupiter, Juno, Venus and Mars",0.0
history,upper limit,1610–1619,2,insufficient (< 5),14,"Royal love, favour and dynastic relationships",1.049
history,upper limit,1610–1619,2,insufficient (< 5),15,Friars and holy orders in plot,0.0
history,upper limit,1610–1619,2,insufficient (< 5),16,"Gallantry: ladies, lordships and compliment",0.0
history,upper limit,1610–1619,2,insufficient (< 5),17,"Eastern conquest: Persians, Turks and soldans",0.0
history,upper limit,1610–1619,2,insufficient (< 5),18,"Rebels, barons and the king's wars at home",3.11
history,upper limit,1610–1619,2,insufficient (< 5),20,"Hercules: labours, suffering and virtue",0.0
history,upper limit,1610–1619,2,insufficient (< 5),21,"Cupid, Venus and the nymphs",0.0
history,upper limit,1610–1619,2,insufficient (< 5),22,"Shepherds, flocks and Pan",0.0
history,upper limit,1610–1619,2,insufficient (< 5),23,"Husbands, wives and jealousy",0.0
history,upper limit,1610–1619,2,insufficient (< 5),24,"Apollo, Phoebus and the Muses",0.0
history,upper limit,1610–1619,2,insufficient (< 5),25,"Kings, power and law: political sententiae",0.0
history,upper limit,1610–1619,2,insufficient (< 5),26,"Devils, hell and fiends",0.0
history,upper limit,1610–1619,2,insufficient (< 5),27,"Uncles, nephews and cousins: kinship and patronage",0.0
history,upper limit,1610–1619,2,insufficient (< 5),28,"Marriage-making: weddings, brides and matches",0.0
history,upper limit,1610–1619,2,insufficient (< 5),30,"Constables, justices and the watch",0.0
history,upper limit,1610–1619,2,insufficient (< 5),31,"Popes, cardinals and the crown",13.481
history,upper limit,1610–1619,2,insufficient (< 5),32,Rings and jewels as tokens,0.0
history,upper limit,1610–1619,2,insufficient (< 5),33,"Fathers, daughters and marriage negotiations",0.0
history,upper limit,1610–1619,2,insufficient (< 5),34,"Thebes and royal catastrophe: siege, slaughter and funeral rites",0.0
history,upper limit,1610–1619,2,insufficient (< 5),35,"Fools, wit and railing",0.0
history,upper limit,1610–1619,2,insufficient (< 5),36,"Hell, Furies and the language of punishment",0.0
history,upper limit,1610–1619,2,insufficient (< 5),37,"Riches, poverty and covetousness",0.0
history,upper limit,1610–1619,2,insufficient (< 5),38,"Death, parting and grief at court",2.999
history,upper limit,1610–1619,2,insufficient (< 5),39,"Profit, conscience and dishonest dealing",0.0
history,upper limit,1610–1619,2,insufficient (< 5),40,"Sin, guilt and violent loss within families",1.477
history,upper limit,1610–1619,2,insufficient (< 5),43,York and Lancaster: dynastic claims and conflict,0.0
history,upper limit,1610–1619,2,insufficient (< 5),44,"Drinking: wine, ale and taverns",0.0
history,upper limit,1610–1619,2,insufficient (< 5),45,"Widows, wooing and remarriage",0.0
history,upper limit,1610–1619,2,insufficient (< 5),46,"Swords, quarrels and valour",0.0
history,upper limit,1610–1619,2,insufficient (< 5),47,"Knaves, thieves and bawds",0.0
history,upper limit,1610–1619,2,insufficient (< 5),49,"Wooing a mistress: suitors, go-betweens and letters",0.0
history,upper limit,1610–1619,2,insufficient (< 5),50,"Fleets, armies and generals: war by sea and land",0.0
history,upper limit,1610–1619,2,insufficient (< 5),51,"Parents and children: blessing, birthright and inheritance",0.0
history,upper limit,1610–1619,2,insufficient (< 5),52,"Prodigals, portions and poor kin",1.569
history,upper limit,1610–1619,2,insufficient (< 5),54,"Antony and Cleopatra: love, death and mourning",0.0
history,upper limit,1610–1619,2,insufficient (< 5),55,"Fairies, fairy queens and enchanted desire",3.195
history,upper limit,1610–1619,2,insufficient (< 5),56,"Magic, spells and conjuring",3.249
history,upper limit,1610–1619,2,insufficient (< 5),59,"Spanish courts: war, honour and courtship",0.0
history,upper limit,1610–1619,2,insufficient (< 5),60,"Imperial Rome: rulers, favour and political exemplars",0.0
history,upper limit,1610–1619,2,insufficient (< 5),62,"The courtier as a type: fashion, affectation and foreign manners",0.0
history,upper limit,1620–1629,2,insufficient (< 5),0,"Court life: dukes, favour and honour",25.732
history,upper limit,1620–1629,2,insufficient (< 5),1,"Death, grief and revenge",2.988
history,upper limit,1620–1629,2,insufficient (< 5),2,"Roman politics: senate, consuls and civil war",7.484
history,upper limit,1620–1629,2,insufficient (< 5),3,"Sickness, physic and doctors",0.0
history,upper limit,1620–1629,2,insufficient (< 5),4,Love-longing and the lover's complaint,0.0
history,upper limit,1620–1629,2,insufficient (< 5),5,"Christian faith, sin and salvation",0.0
history,upper limit,1620–1629,2,insufficient (< 5),6,"Money, debt and credit",0.0
history,upper limit,1620–1629,2,insufficient (< 5),7,The Trojan war: conflict and its aftermath,5.872
history,upper limit,1620–1629,2,insufficient (< 5),8,"Captains, gallants and cheats",0.0
history,upper limit,1620–1629,2,insufficient (< 5),9,"Theatre talk: prologues, poets and players",0.0
history,upper limit,1620–1629,2,insufficient (< 5),10,"England and France: war, embassy and peace",0.0
history,upper limit,1620–1629,2,insufficient (< 5),11,"Siblings, kin and confidants",0.0
history,upper limit,1620–1629,2,insufficient (< 5),12,"Olympian gods: Jupiter, Juno, Venus and Mars",1.479
history,upper limit,1620–1629,2,insufficient (< 5),14,"Royal love, favour and dynastic relationships",0.0
history,upper limit,1620–1629,2,insufficient (< 5),15,Friars and holy orders in plot,0.0
history,upper limit,1620–1629,2,insufficient (< 5),16,"Gallantry: ladies, lordships and compliment",0.0
history,upper limit,1620–1629,2,insufficient (< 5),17,"Eastern conquest: Persians, Turks and soldans",0.0
history,upper limit,1620–1629,2,insufficient (< 5),18,"Rebels, barons and the king's wars at home",0.0
history,upper limit,1620–1629,2,insufficient (< 5),20,"Hercules: labours, suffering and virtue",0.0
history,upper limit,1620–1629,2,insufficient (< 5),21,"Cupid, Venus and the nymphs",0.0
history,upper limit,1620–1629,2,insufficient (< 5),22,"Shepherds, flocks and Pan",0.0
history,upper limit,1620–1629,2,insufficient (< 5),23,"Husbands, wives and jealousy",0.0
history,upper limit,1620–1629,2,insufficient (< 5),24,"Apollo, Phoebus and the Muses",0.0
history,upper limit,1620–1629,2,insufficient (< 5),25,"Kings, power and law: political sententiae",0.0
history,upper limit,1620–1629,2,insufficient (< 5),26,"Devils, hell and fiends",0.0
history,upper limit,1620–1629,2,insufficient (< 5),27,"Uncles, nephews and cousins: kinship and patronage",0.0
history,upper limit,1620–1629,2,insufficient (< 5),28,"Marriage-making: weddings, brides and matches",0.0
history,upper limit,1620–1629,2,insufficient (< 5),30,"Constables, justices and the watch",0.0
history,upper limit,1620–1629,2,insufficient (< 5),31,"Popes, cardinals and the crown",0.0
history,upper limit,1620–1629,2,insufficient (< 5),32,Rings and jewels as tokens,0.0
history,upper limit,1620–1629,2,insufficient (< 5),33,"Fathers, daughters and marriage negotiations",0.0
history,upper limit,1620–1629,2,insufficient (< 5),34,"Thebes and royal catastrophe: siege, slaughter and funeral rites",0.0
history,upper limit,1620–1629,2,insufficient (< 5),35,"Fools, wit and railing",0.0
history,upper limit,1620–1629,2,insufficient (< 5),36,"Hell, Furies and the language of punishment",0.0
history,upper limit,1620–1629,2,insufficient (< 5),37,"Riches, poverty and covetousness",0.0
history,upper limit,1620–1629,2,insufficient (< 5),38,"Death, parting and grief at court",0.0
history,upper limit,1620–1629,2,insufficient (< 5),39,"Profit, conscience and dishonest dealing",0.0
history,upper limit,1620–1629,2,insufficient (< 5),40,"Sin, guilt and violent loss within families",0.0
history,upper limit,1620–1629,2,insufficient (< 5),43,York and Lancaster: dynastic claims and conflict,0.0
history,upper limit,1620–1629,2,insufficient (< 5),44,"Drinking: wine, ale and taverns",0.0
history,upper limit,1620–1629,2,insufficient (< 5),45,"Widows, wooing and remarriage",0.0
history,upper limit,1620–1629,2,insufficient (< 5),46,"Swords, quarrels and valour",0.0
history,upper limit,1620–1629,2,insufficient (< 5),47,"Knaves, thieves and bawds",0.0
history,upper limit,1620–1629,2,insufficient (< 5),49,"Wooing a mistress: suitors, go-betweens and letters",0.0
history,upper limit,1620–1629,2,insufficient (< 5),50,"Fleets, armies and generals: war by sea and land",0.0
history,upper limit,1620–1629,2,insufficient (< 5),51,"Parents and children: blessing, birthright and inheritance",0.0
history,upper limit,1620–1629,2,insufficient (< 5),52,"Prodigals, portions and poor kin",0.0
history,upper limit,1620–1629,2,insufficient (< 5),54,"Antony and Cleopatra: love, death and mourning",0.0
history,upper limit,1620–1629,2,insufficient (< 5),55,"Fairies, fairy queens and enchanted desire",0.0
history,upper limit,1620–1629,2,insufficient (< 5),56,"Magic, spells and conjuring",0.0
history,upper limit,1620–1629,2,insufficient (< 5),59,"Spanish courts: war, honour and courtship",0.0
history,upper limit,1620–1629,2,insufficient (< 5),60,"Imperial Rome: rulers, favour and political exemplars",0.0
history,upper limit,1620–1629,2,insufficient (< 5),62,"The courtier as a type: fashion, affectation and foreign manners",0.0
history,upper limit,1630–1639,2,insufficient (< 5),0,"Court life: dukes, favour and honour",0.0
history,upper limit,1630–1639,2,insufficient (< 5),1,"Death, grief and revenge",1.594
history,upper limit,1630–1639,2,insufficient (< 5),2,"Roman politics: senate, consuls and civil war",0.0
history,upper limit,1630–1639,2,insufficient (< 5),3,"Sickness, physic and doctors",0.0
history,upper limit,1630–1639,2,insufficient (< 5),4,Love-longing and the lover's complaint,0.0
history,upper limit,1630–1639,2,insufficient (< 5),5,"Christian faith, sin and salvation",0.0
history,upper limit,1630–1639,2,insufficient (< 5),6,"Money, debt and credit",0.0
history,upper limit,1630–1639,2,insufficient (< 5),7,The Trojan war: conflict and its aftermath,0.0
history,upper limit,1630–1639,2,insufficient (< 5),8,"Captains, gallants and cheats",0.0
history,upper limit,1630–1639,2,insufficient (< 5),9,"Theatre talk: prologues, poets and players",0.0
history,upper limit,1630–1639,2,insufficient (< 5),10,"England and France: war, embassy and peace",0.0
history,upper limit,1630–1639,2,insufficient (< 5),11,"Siblings, kin and confidants",0.0
history,upper limit,1630–1639,2,insufficient (< 5),12,"Olympian gods: Jupiter, Juno, Venus and Mars",0.0
history,upper limit,1630–1639,2,insufficient (< 5),14,"Royal love, favour and dynastic relationships",0.0
history,upper limit,1630–1639,2,insufficient (< 5),15,Friars and holy orders in plot,1.525
history,upper limit,1630–1639,2,insufficient (< 5),16,"Gallantry: ladies, lordships and compliment",0.0
history,upper limit,1630–1639,2,insufficient (< 5),17,"Eastern conquest: Persians, Turks and soldans",0.0
history,upper limit,1630–1639,2,insufficient (< 5),18,"Rebels, barons and the king's wars at home",31.19
history,upper limit,1630–1639,2,insufficient (< 5),20,"Hercules: labours, suffering and virtue",0.0
history,upper limit,1630–1639,2,insufficient (< 5),21,"Cupid, Venus and the nymphs",0.0
history,upper limit,1630–1639,2,insufficient (< 5),22,"Shepherds, flocks and Pan",0.0
history,upper limit,1630–1639,2,insufficient (< 5),23,"Husbands, wives and jealousy",0.0
history,upper limit,1630–1639,2,insufficient (< 5),24,"Apollo, Phoebus and the Muses",0.0
history,upper limit,1630–1639,2,insufficient (< 5),25,"Kings, power and law: political sententiae",0.0
history,upper limit,1630–1639,2,insufficient (< 5),26,"Devils, hell and fiends",0.0
history,upper limit,1630–1639,2,insufficient (< 5),27,"Uncles, nephews and cousins: kinship and patronage",0.0
history,upper limit,1630–1639,2,insufficient (< 5),28,"Marriage-making: weddings, brides and matches",0.0
history,upper limit,1630–1639,2,insufficient (< 5),30,"Constables, justices and the watch",0.0
history,upper limit,1630–1639,2,insufficient (< 5),31,"Popes, cardinals and the crown",0.0
history,upper limit,1630–1639,2,insufficient (< 5),32,Rings and jewels as tokens,0.0
history,upper limit,1630–1639,2,insufficient (< 5),33,"Fathers, daughters and marriage negotiations",0.0
history,upper limit,1630–1639,2,insufficient (< 5),34,"Thebes and royal catastrophe: siege, slaughter and funeral rites",0.0
history,upper limit,1630–1639,2,insufficient (< 5),35,"Fools, wit and railing",0.0
history,upper limit,1630–1639,2,insufficient (< 5),36,"Hell, Furies and the language of punishment",0.0
history,upper limit,1630–1639,2,insufficient (< 5),37,"Riches, poverty and covetousness",0.0
history,upper limit,1630–1639,2,insufficient (< 5),38,"Death, parting and grief at court",0.0
history,upper limit,1630–1639,2,insufficient (< 5),39,"Profit, conscience and dishonest dealing",0.0
history,upper limit,1630–1639,2,insufficient (< 5),40,"Sin, guilt and violent loss within families",0.0
history,upper limit,1630–1639,2,insufficient (< 5),43,York and Lancaster: dynastic claims and conflict,0.0
history,upper limit,1630–1639,2,insufficient (< 5),44,"Drinking: wine, ale and taverns",0.0
history,upper limit,1630–1639,2,insufficient (< 5),45,"Widows, wooing and remarriage",0.0
history,upper limit,1630–1639,2,insufficient (< 5),46,"Swords, quarrels and valour",0.0
history,upper limit,1630–1639,2,insufficient (< 5),47,"Knaves, thieves and bawds",0.0
history,upper limit,1630–1639,2,insufficient (< 5),49,"Wooing a mistress: suitors, go-betweens and letters",0.0
history,upper limit,1630–1639,2,insufficient (< 5),50,"Fleets, armies and generals: war by sea and land",0.0
history,upper limit,1630–1639,2,insufficient (< 5),51,"Parents and children: blessing, birthright and inheritance",0.0
history,upper limit,1630–1639,2,insufficient (< 5),52,"Prodigals, portions and poor kin",0.0
history,upper limit,1630–1639,2,insufficient (< 5),54,"Antony and Cleopatra: love, death and mourning",0.0
history,upper limit,1630–1639,2,insufficient (< 5),55,"Fairies, fairy queens and enchanted desire",0.0
history,upper limit,1630–1639,2,insufficient (< 5),56,"Magic, spells and conjuring",0.0
history,upper limit,1630–1639,2,insufficient (< 5),59,"Spanish courts: war, honour and courtship",0.0
history,upper limit,1630–1639,2,insufficient (< 5),60,"Imperial Rome: rulers, favour and political exemplars",0.0
history,upper limit,1630–1639,2,insufficient (< 5),62,"The courtier as a type: fashion, affectation and foreign manners",0.0
