genre,decade,topic,label,n_works,work_id,title,author_field,adopted_year,share_in_work_pct,contribution_to_group_mean_pp,share_of_group_total
comedy,1520–1529,4,Love-longing and the lover's complaint,1,15,The Play of the Weather,"Heywood, John",1528,4.875,4.875,1.0
comedy,1520–1529,24,"Apollo, Phoebus and the Muses",1,15,The Play of the Weather,"Heywood, John",1528,4.685,4.685,1.0
comedy,1520–1529,26,"Devils, hell and fiends",1,15,The Play of the Weather,"Heywood, John",1528,4.771,4.771,1.0
comedy,1520–1529,51,"Parents and children: blessing, birthright and inheritance",1,15,The Play of the Weather,"Heywood, John",1528,4.619,4.619,1.0
comedy,1520–1529,54,"Antony and Cleopatra: love, death and mourning",1,15,The Play of the Weather,"Heywood, John",1528,4.875,4.875,1.0
comedy,1530–1539,7,The Trojan war: conflict and its aftermath,1,37,Thersites,"Udall, Nicholas",1537,22.193,22.193,1.0
comedy,1530–1539,20,"Hercules: labours, suffering and virtue",1,37,Thersites,"Udall, Nicholas",1537,13.991,13.991,1.0
comedy,1550–1559,1,"Death, grief and revenge",2,46,Ralph Roister Doister,"Udall, Nicholas",1552,2.54,1.27,1.0
comedy,1550–1559,3,"Sickness, physic and doctors",2,67,Gammer Gurton's Needle,"Stevenson, William",1553,6.844,3.422,1.0
comedy,1550–1559,9,"Theatre talk: prologues, poets and players",2,46,Ralph Roister Doister,"Udall, Nicholas",1552,2.52,1.26,1.0
comedy,1550–1559,28,"Marriage-making: weddings, brides and matches",2,46,Ralph Roister Doister,"Udall, Nicholas",1552,5.241,2.62,1.0
comedy,1550–1559,46,"Swords, quarrels and valour",2,46,Ralph Roister Doister,"Udall, Nicholas",1552,2.525,1.263,1.0
comedy,1550–1559,47,"Knaves, thieves and bawds",2,67,Gammer Gurton's Needle,"Stevenson, William",1553,6.886,3.443,1.0
comedy,1560–1569,0,"Court life: dukes, favour and honour",2,60,Supposes,"Gascoigne, George / Ariosto, Ludovico",1566,2.765,1.382,1.0
comedy,1560–1569,1,"Death, grief and revenge",2,58,Damon and Pithias,"Edwards, Richard",1564,10.703,5.352,0.765
comedy,1560–1569,1,"Death, grief and revenge",2,60,Supposes,"Gascoigne, George / Ariosto, Ludovico",1566,3.289,1.644,0.235
comedy,1560–1569,2,"Roman politics: senate, consuls and civil war",2,58,Damon and Pithias,"Edwards, Richard",1564,2.77,1.385,1.0
comedy,1560–1569,3,"Sickness, physic and doctors",2,60,Supposes,"Gascoigne, George / Ariosto, Ludovico",1566,8.54,4.27,1.0
comedy,1560–1569,6,"Money, debt and credit",2,60,Supposes,"Gascoigne, George / Ariosto, Ludovico",1566,2.687,1.344,1.0
comedy,1560–1569,9,"Theatre talk: prologues, poets and players",2,58,Damon and Pithias,"Edwards, Richard",1564,2.781,1.39,1.0
comedy,1560–1569,11,"Siblings, kin and confidants",2,60,Supposes,"Gascoigne, George / Ariosto, Ludovico",1566,5.251,2.626,1.0
comedy,1560–1569,62,"The courtier as a type: fashion, affectation and foreign manners",2,58,Damon and Pithias,"Edwards, Richard",1564,5.305,2.652,1.0
comedy,1570–1579,0,"Court life: dukes, favour and honour",2,74,2 Promos and Cassandra,"Whetstone, George",1577,5.679,2.84,1.0
comedy,1570–1579,1,"Death, grief and revenge",2,74,2 Promos and Cassandra,"Whetstone, George",1577,21.608,10.804,0.696
comedy,1570–1579,1,"Death, grief and revenge",2,73,1 Promos and Cassandra,"Whetstone, George",1577,9.443,4.722,0.304
comedy,1570–1579,4,Love-longing and the lover's complaint,2,73,1 Promos and Cassandra,"Whetstone, George",1577,14.174,7.087,1.0
comedy,1570–1579,40,"Sin, guilt and violent loss within families",2,73,1 Promos and Cassandra,"Whetstone, George",1577,9.634,4.817,0.646
comedy,1570–1579,40,"Sin, guilt and violent loss within families",2,74,2 Promos and Cassandra,"Whetstone, George",1577,5.286,2.643,0.354
comedy,1570–1579,49,"Wooing a mistress: suitors, go-betweens and letters",2,73,1 Promos and Cassandra,"Whetstone, George",1577,4.798,2.399,1.0
comedy,1580–1589,0,"Court life: dukes, favour and honour",10,106,Midas,"Lyly, John",1589,3.295,0.33,0.513
comedy,1580–1589,0,"Court life: dukes, favour and honour",10,121,Friar Bacon and Friar Bongay,"Greene, Robert",1589,3.124,0.312,0.487
comedy,1580–1589,1,"Death, grief and revenge",10,121,Friar Bacon and Friar Bongay,"Greene, Robert",1589,3.01,0.301,1.0
comedy,1580–1589,3,"Sickness, physic and doctors",10,82,Sappho and Phao,"Lyly, John",1584,10.989,1.099,0.625
comedy,1580–1589,3,"Sickness, physic and doctors",10,106,Midas,"Lyly, John",1589,3.308,0.331,0.188
comedy,1580–1589,3,"Sickness, physic and doctors",10,86,Fedele and Fortunia (Two Italian Gentlemen),"Pasqualigo, Luigi / Munday, Anthony",1583,3.295,0.33,0.187
comedy,1580–1589,4,Love-longing and the lover's complaint,10,144,The Woman in the Moon,"Lyly, John",1588,12.048,1.205,0.416
comedy,1580–1589,4,Love-longing and the lover's complaint,10,99,"Endymion, the Man in the Moon","Lyly, John",1588,5.612,0.561,0.194
comedy,1580–1589,4,Love-longing and the lover's complaint,10,84,"Campaspe (Alexander, Campaspe, and Diogenes)","Lyly, John",1583,4.032,0.403,0.139
comedy,1580–1589,6,"Money, debt and credit",10,125,Mother Bombie,"Lyly, John",1589,3.002,0.3,1.0
comedy,1580–1589,7,The Trojan war: conflict and its aftermath,10,84,"Campaspe (Alexander, Campaspe, and Diogenes)","Lyly, John",1583,3.896,0.39,1.0
comedy,1580–1589,8,"Captains, gallants and cheats",10,86,Fedele and Fortunia (Two Italian Gentlemen),"Pasqualigo, Luigi / Munday, Anthony",1583,3.382,0.338,1.0
comedy,1580–1589,9,"Theatre talk: prologues, poets and players",10,82,Sappho and Phao,"Lyly, John",1584,3.181,0.318,1.0
comedy,1580–1589,11,"Siblings, kin and confidants",10,91,Andria (The Woman from Andros),"Terence (Publius Terentius Afer) / Kyffin, Maurice",1587,3.235,0.323,0.521
comedy,1580–1589,11,"Siblings, kin and confidants",10,125,Mother Bombie,"Lyly, John",1589,2.978,0.298,0.479
comedy,1580–1589,12,"Olympian gods: Jupiter, Juno, Venus and Mars",10,144,The Woman in the Moon,"Lyly, John",1588,11.634,1.163,0.751
comedy,1580–1589,12,"Olympian gods: Jupiter, Juno, Venus and Mars",10,84,"Campaspe (Alexander, Campaspe, and Diogenes)","Lyly, John",1583,3.858,0.386,0.249
comedy,1580–1589,15,Friars and holy orders in plot,10,121,Friar Bacon and Friar Bongay,"Greene, Robert",1589,31.491,3.149,1.0
comedy,1580–1589,17,"Eastern conquest: Persians, Turks and soldans",10,84,"Campaspe (Alexander, Campaspe, and Diogenes)","Lyly, John",1583,3.744,0.374,1.0
comedy,1580–1589,20,"Hercules: labours, suffering and virtue",10,121,Friar Bacon and Friar Bongay,"Greene, Robert",1589,6.09,0.609,1.0
comedy,1580–1589,21,"Cupid, Venus and the nymphs",10,105,Gallathea,"Lyly, John",1584,40.777,4.078,0.609
comedy,1580–1589,21,"Cupid, Venus and the nymphs",10,82,Sappho and Phao,"Lyly, John",1584,22.29,2.229,0.333
comedy,1580–1589,21,"Cupid, Venus and the nymphs",10,144,The Woman in the Moon,"Lyly, John",1588,3.927,0.393,0.059
comedy,1580–1589,22,"Shepherds, flocks and Pan",10,144,The Woman in the Moon,"Lyly, John",1588,8.072,0.807,0.551
comedy,1580–1589,22,"Shepherds, flocks and Pan",10,106,Midas,"Lyly, John",1589,6.59,0.659,0.449
comedy,1580–1589,24,"Apollo, Phoebus and the Muses",10,106,Midas,"Lyly, John",1589,25.99,2.599,0.69
comedy,1580–1589,24,"Apollo, Phoebus and the Muses",10,144,The Woman in the Moon,"Lyly, John",1588,3.894,0.389,0.103
comedy,1580–1589,24,"Apollo, Phoebus and the Muses",10,82,Sappho and Phao,"Lyly, John",1584,3.886,0.389,0.103
comedy,1580–1589,25,"Kings, power and law: political sententiae",10,106,Midas,"Lyly, John",1589,3.354,0.335,1.0
comedy,1580–1589,26,"Devils, hell and fiends",10,86,Fedele and Fortunia (Two Italian Gentlemen),"Pasqualigo, Luigi / Munday, Anthony",1583,3.242,0.324,0.503
comedy,1580–1589,26,"Devils, hell and fiends",10,121,Friar Bacon and Friar Bongay,"Greene, Robert",1589,3.2,0.32,0.497
comedy,1580–1589,28,"Marriage-making: weddings, brides and matches",10,125,Mother Bombie,"Lyly, John",1589,17.628,1.763,0.727
comedy,1580–1589,28,"Marriage-making: weddings, brides and matches",10,91,Andria (The Woman from Andros),"Terence (Publius Terentius Afer) / Kyffin, Maurice",1587,6.613,0.661,0.273
comedy,1580–1589,33,"Fathers, daughters and marriage negotiations",10,91,Andria (The Woman from Andros),"Terence (Publius Terentius Afer) / Kyffin, Maurice",1587,42.015,4.202,0.928
comedy,1580–1589,33,"Fathers, daughters and marriage negotiations",10,125,Mother Bombie,"Lyly, John",1589,3.25,0.325,0.072
comedy,1580–1589,34,"Thebes and royal catastrophe: siege, slaughter and funeral rites",10,84,"Campaspe (Alexander, Campaspe, and Diogenes)","Lyly, John",1583,8.08,0.808,1.0
comedy,1580–1589,35,"Fools, wit and railing",10,84,"Campaspe (Alexander, Campaspe, and Diogenes)","Lyly, John",1583,3.888,0.389,0.374
comedy,1580–1589,35,"Fools, wit and railing",10,106,Midas,"Lyly, John",1589,3.53,0.353,0.34
comedy,1580–1589,35,"Fools, wit and railing",10,125,Mother Bombie,"Lyly, John",1589,2.978,0.298,0.286
comedy,1580–1589,44,"Drinking: wine, ale and taverns",10,125,Mother Bombie,"Lyly, John",1589,5.999,0.6,1.0
comedy,1580–1589,49,"Wooing a mistress: suitors, go-betweens and letters",10,86,Fedele and Fortunia (Two Italian Gentlemen),"Pasqualigo, Luigi / Munday, Anthony",1583,3.316,0.332,1.0
comedy,1580–1589,51,"Parents and children: blessing, birthright and inheritance",10,125,Mother Bombie,"Lyly, John",1589,5.932,0.593,1.0
comedy,1580–1589,56,"Magic, spells and conjuring",10,86,Fedele and Fortunia (Two Italian Gentlemen),"Pasqualigo, Luigi / Munday, Anthony",1583,7.152,0.715,0.543
comedy,1580–1589,56,"Magic, spells and conjuring",10,121,Friar Bacon and Friar Bongay,"Greene, Robert",1589,6.021,0.602,0.457
comedy,1590–1599,0,"Court life: dukes, favour and honour",20,113,"Fair Em, the Miller's Daughter of Manchester",Anonymous,1590,17.631,0.882,0.247
comedy,1590–1599,0,"Court life: dukes, favour and honour",20,146,The Blind Beggar of Alexandria (Irus),"Chapman, George",1596,15.375,0.769,0.215
comedy,1590–1599,0,"Court life: dukes, favour and honour",20,168,Much Ado About Nothing,"Shakespeare, William",1598,9.608,0.48,0.134
comedy,1590–1599,1,"Death, grief and revenge",20,172,The Merchant of Venice (The Jew of Venice),"Shakespeare, William",1596,7.614,0.381,0.324
comedy,1590–1599,1,"Death, grief and revenge",20,281,The Case Is Altered,"Jonson, Ben",1597,5.579,0.279,0.238
comedy,1590–1599,1,"Death, grief and revenge",20,168,Much Ado About Nothing,"Shakespeare, William",1598,4.91,0.245,0.209
comedy,1590–1599,2,"Roman politics: senate, consuls and civil war",20,150,Love's Labor's Lost,"Shakespeare, William",1596,2.713,0.136,1.0
comedy,1590–1599,3,"Sickness, physic and doctors",20,187,The Merry Wives of Windsor,"Shakespeare, William",1597,6.985,0.349,0.329
comedy,1590–1599,3,"Sickness, physic and doctors",20,176,Every Man in His Humor,"Jonson, Ben",1598,5.92,0.296,0.279
comedy,1590–1599,3,"Sickness, physic and doctors",20,172,The Merchant of Venice (The Jew of Venice),"Shakespeare, William",1596,4.901,0.245,0.231
comedy,1590–1599,4,Love-longing and the lover's complaint,20,170,A Midsummer Night's Dream,"Shakespeare, William",1595,15.522,0.776,0.29
comedy,1590–1599,4,Love-longing and the lover's complaint,20,150,Love's Labor's Lost,"Shakespeare, William",1596,11.05,0.552,0.207
comedy,1590–1599,4,Love-longing and the lover's complaint,20,146,The Blind Beggar of Alexandria (Irus),"Chapman, George",1596,7.619,0.381,0.142
comedy,1590–1599,5,"Christian faith, sin and salvation",20,150,Love's Labor's Lost,"Shakespeare, William",1596,2.806,0.14,0.686
comedy,1590–1599,5,"Christian faith, sin and salvation",20,163,Every Man Out of His Humor,"Jonson, Ben",1599,1.285,0.064,0.314
comedy,1590–1599,6,"Money, debt and credit",20,393,The Comedy of Errors,"Shakespeare, William",1592,17.374,0.869,0.4
comedy,1590–1599,6,"Money, debt and credit",20,172,The Merchant of Venice (The Jew of Venice),"Shakespeare, William",1596,10.554,0.528,0.243
comedy,1590–1599,6,"Money, debt and credit",20,281,The Case Is Altered,"Jonson, Ben",1597,5.567,0.278,0.128
comedy,1590–1599,7,The Trojan war: conflict and its aftermath,20,150,Love's Labor's Lost,"Shakespeare, William",1596,2.713,0.136,0.528
comedy,1590–1599,7,The Trojan war: conflict and its aftermath,20,168,Much Ado About Nothing,"Shakespeare, William",1598,2.426,0.121,0.472
comedy,1590–1599,9,"Theatre talk: prologues, poets and players",20,184,Antonio and Mellida,"Marston, John",1599,6.7,0.335,0.291
comedy,1590–1599,9,"Theatre talk: prologues, poets and players",20,163,Every Man Out of His Humor,"Jonson, Ben",1599,6.459,0.323,0.28
comedy,1590–1599,9,"Theatre talk: prologues, poets and players",20,281,The Case Is Altered,"Jonson, Ben",1597,5.358,0.268,0.233
comedy,1590–1599,10,"England and France: war, embassy and peace",20,175,"The Shoemaker's Holiday, or The Gentle Craft","Dekker, Thomas",1599,2.621,0.131,1.0
comedy,1590–1599,11,"Siblings, kin and confidants",20,161,1 The Two Angry Women of Abingdon,"Porter, Henry",1598,3.83,0.192,0.301
comedy,1590–1599,11,"Siblings, kin and confidants",20,176,Every Man in His Humor,"Jonson, Ben",1598,3.795,0.19,0.299
comedy,1590–1599,11,"Siblings, kin and confidants",20,281,The Case Is Altered,"Jonson, Ben",1597,2.636,0.132,0.207
comedy,1590–1599,14,"Royal love, favour and dynastic relationships",20,184,Antonio and Mellida,"Marston, John",1599,3.547,0.177,0.322
comedy,1590–1599,14,"Royal love, favour and dynastic relationships",20,150,Love's Labor's Lost,"Shakespeare, William",1596,2.56,0.128,0.233
comedy,1590–1599,14,"Royal love, favour and dynastic relationships",20,172,The Merchant of Venice (The Jew of Venice),"Shakespeare, William",1596,2.541,0.127,0.231
comedy,1590–1599,15,Friars and holy orders in plot,20,168,Much Ado About Nothing,"Shakespeare, William",1598,9.546,0.477,0.75
comedy,1590–1599,15,Friars and holy orders in plot,20,391,The Two Gentlemen of Verona,"Shakespeare, William",1594,3.179,0.159,0.25
comedy,1590–1599,16,"Gallantry: ladies, lordships and compliment",20,168,Much Ado About Nothing,"Shakespeare, William",1598,4.766,0.238,0.319
comedy,1590–1599,16,"Gallantry: ladies, lordships and compliment",20,163,Every Man Out of His Humor,"Jonson, Ben",1599,4.107,0.205,0.275
comedy,1590–1599,16,"Gallantry: ladies, lordships and compliment",20,184,Antonio and Mellida,"Marston, John",1599,3.498,0.175,0.234
comedy,1590–1599,18,"Rebels, barons and the king's wars at home",20,174,Look About You,Anonymous,1599,3.991,0.2,1.0
comedy,1590–1599,21,"Cupid, Venus and the nymphs",20,170,A Midsummer Night's Dream,"Shakespeare, William",1595,5.994,0.3,0.718
comedy,1590–1599,21,"Cupid, Venus and the nymphs",20,168,Much Ado About Nothing,"Shakespeare, William",1598,2.359,0.118,0.282
comedy,1590–1599,22,"Shepherds, flocks and Pan",20,391,The Two Gentlemen of Verona,"Shakespeare, William",1594,2.83,0.142,1.0
comedy,1590–1599,23,"Husbands, wives and jealousy",20,163,Every Man Out of His Humor,"Jonson, Ben",1599,4.064,0.203,0.403
comedy,1590–1599,23,"Husbands, wives and jealousy",20,161,1 The Two Angry Women of Abingdon,"Porter, Henry",1598,3.819,0.191,0.379
comedy,1590–1599,23,"Husbands, wives and jealousy",20,187,The Merry Wives of Windsor,"Shakespeare, William",1597,2.195,0.11,0.218
comedy,1590–1599,26,"Devils, hell and fiends",20,393,The Comedy of Errors,"Shakespeare, William",1592,3.365,0.168,1.0
comedy,1590–1599,27,"Uncles, nephews and cousins: kinship and patronage",20,176,Every Man in His Humor,"Jonson, Ben",1598,3.665,0.183,0.73
comedy,1590–1599,27,"Uncles, nephews and cousins: kinship and patronage",20,163,Every Man Out of His Humor,"Jonson, Ben",1599,1.358,0.068,0.27
comedy,1590–1599,28,"Marriage-making: weddings, brides and matches",20,120.5,The Taming of the Shrew,"Shakespeare, William",1592,4.932,0.247,0.351
comedy,1590–1599,28,"Marriage-making: weddings, brides and matches",20,120,The Taming of a Shrew,Anonymous,1594,3.938,0.197,0.28
comedy,1590–1599,28,"Marriage-making: weddings, brides and matches",20,281,The Case Is Altered,"Jonson, Ben",1597,2.778,0.139,0.198
comedy,1590–1599,30,"Constables, justices and the watch",20,168,Much Ado About Nothing,"Shakespeare, William",1598,4.603,0.23,0.704
comedy,1590–1599,30,"Constables, justices and the watch",20,176,Every Man in His Humor,"Jonson, Ben",1598,1.933,0.097,0.296
comedy,1590–1599,32,Rings and jewels as tokens,20,172,The Merchant of Venice (The Jew of Venice),"Shakespeare, William",1596,7.738,0.387,0.404
comedy,1590–1599,32,Rings and jewels as tokens,20,393,The Comedy of Errors,"Shakespeare, William",1592,6.46,0.323,0.337
comedy,1590–1599,32,Rings and jewels as tokens,20,391,The Two Gentlemen of Verona,"Shakespeare, William",1594,3.013,0.151,0.157
comedy,1590–1599,33,"Fathers, daughters and marriage negotiations",20,161,1 The Two Angry Women of Abingdon,"Porter, Henry",1598,3.96,0.198,0.302
comedy,1590–1599,33,"Fathers, daughters and marriage negotiations",20,120,The Taming of a Shrew,Anonymous,1594,3.783,0.189,0.288
comedy,1590–1599,33,"Fathers, daughters and marriage negotiations",20,170,A Midsummer Night's Dream,"Shakespeare, William",1595,3.09,0.154,0.236
comedy,1590–1599,35,"Fools, wit and railing",20,150,Love's Labor's Lost,"Shakespeare, William",1596,5.338,0.267,0.338
comedy,1590–1599,35,"Fools, wit and railing",20,163,Every Man Out of His Humor,"Jonson, Ben",1599,4.053,0.203,0.257
comedy,1590–1599,35,"Fools, wit and railing",20,184,Antonio and Mellida,"Marston, John",1599,3.463,0.173,0.219
comedy,1590–1599,37,"Riches, poverty and covetousness",20,173,Summer's Last Will and Testament,"Nashe, Thomas",1592,8.703,0.435,0.865
comedy,1590–1599,37,"Riches, poverty and covetousness",20,163,Every Man Out of His Humor,"Jonson, Ben",1599,1.361,0.068,0.135
comedy,1590–1599,38,"Death, parting and grief at court",20,173,Summer's Last Will and Testament,"Nashe, Thomas",1592,2.927,0.146,1.0
comedy,1590–1599,40,"Sin, guilt and violent loss within families",20,176,Every Man in His Humor,"Jonson, Ben",1598,3.964,0.198,1.0
comedy,1590–1599,44,"Drinking: wine, ale and taverns",20,173,Summer's Last Will and Testament,"Nashe, Thomas",1592,9.188,0.459,0.466
comedy,1590–1599,44,"Drinking: wine, ale and taverns",20,161,1 The Two Angry Women of Abingdon,"Porter, Henry",1598,4.05,0.202,0.205
comedy,1590–1599,44,"Drinking: wine, ale and taverns",20,120,The Taming of a Shrew,Anonymous,1594,3.955,0.198,0.201
comedy,1590–1599,46,"Swords, quarrels and valour",20,176,Every Man in His Humor,"Jonson, Ben",1598,9.499,0.475,0.673
comedy,1590–1599,46,"Swords, quarrels and valour",20,163,Every Man Out of His Humor,"Jonson, Ben",1599,2.667,0.133,0.189
comedy,1590–1599,46,"Swords, quarrels and valour",20,161,1 The Two Angry Women of Abingdon,"Porter, Henry",1598,1.954,0.098,0.138
comedy,1590–1599,47,"Knaves, thieves and bawds",20,120.5,The Taming of the Shrew,"Shakespeare, William",1592,2.571,0.129,1.0
comedy,1590–1599,49,"Wooing a mistress: suitors, go-betweens and letters",20,146,The Blind Beggar of Alexandria (Irus),"Chapman, George",1596,3.936,0.197,0.382
comedy,1590–1599,49,"Wooing a mistress: suitors, go-betweens and letters",20,120.5,The Taming of the Shrew,"Shakespeare, William",1592,2.429,0.121,0.236
comedy,1590–1599,49,"Wooing a mistress: suitors, go-betweens and letters",20,176,Every Man in His Humor,"Jonson, Ben",1598,1.988,0.099,0.193
comedy,1590–1599,50,"Fleets, armies and generals: war by sea and land",20,184,Antonio and Mellida,"Marston, John",1599,3.618,0.181,1.0
comedy,1590–1599,51,"Parents and children: blessing, birthright and inheritance",20,281,The Case Is Altered,"Jonson, Ben",1597,5.573,0.279,0.703
comedy,1590–1599,51,"Parents and children: blessing, birthright and inheritance",20,187,The Merry Wives of Windsor,"Shakespeare, William",1597,2.357,0.118,0.297
comedy,1590–1599,54,"Antony and Cleopatra: love, death and mourning",20,168,Much Ado About Nothing,"Shakespeare, William",1598,2.364,0.118,1.0
comedy,1590–1599,55,"Fairies, fairy queens and enchanted desire",20,170,A Midsummer Night's Dream,"Shakespeare, William",1595,12.136,0.607,0.717
comedy,1590–1599,55,"Fairies, fairy queens and enchanted desire",20,187,The Merry Wives of Windsor,"Shakespeare, William",1597,4.79,0.24,0.283
comedy,1600–1609,0,"Court life: dukes, favour and honour",45,245,The Woman Hater (The Hungry Courtier),"Beaumont, Francis / Fletcher, John",1606,32.624,0.725,0.201
comedy,1600–1609,0,"Court life: dukes, favour and honour",45,226,The Gentleman Usher (Vincentio and Margaret),"Chapman, George",1602,31.12,0.692,0.191
comedy,1600–1609,0,"Court life: dukes, favour and honour",45,235,The Isle of Gulls,"Day, John",1606,21.478,0.477,0.132
comedy,1600–1609,1,"Death, grief and revenge",45,191,How a Man May Choose a Good Wife from a Bad,Anonymous,1601,14.23,0.316,0.18
comedy,1600–1609,1,"Death, grief and revenge",45,177,Jack Drum's Entertainment (Katherine and Pasquil),"Marston, John",1600,12.343,0.274,0.156
comedy,1600–1609,1,"Death, grief and revenge",45,267,Law Tricks,"Day, John",1604,9.784,0.217,0.123
comedy,1600–1609,2,"Roman politics: senate, consuls and civil war",45,186,"Poetaster, or The Arraignment","Jonson, Ben",1601,13.626,0.303,0.759
comedy,1600–1609,2,"Roman politics: senate, consuls and civil war",45,252,What You Will,"Marston, John",1601,2.896,0.064,0.161
comedy,1600–1609,2,"Roman politics: senate, consuls and civil war",45,181,"Cynthia's Revels, or The Fountain of Self-Love","Jonson, Ben",1600,1.437,0.032,0.08
comedy,1600–1609,3,"Sickness, physic and doctors",45,263,The Family of Love,"Barry, Lording",1607,47.788,1.062,0.457
comedy,1600–1609,3,"Sickness, physic and doctors",45,259,"Volpone, or The Fox","Jonson, Ben",1606,10.98,0.244,0.105
comedy,1600–1609,3,"Sickness, physic and doctors",45,276,"A Mad World, My Masters","Middleton, Thomas",1605,10.802,0.24,0.103
comedy,1600–1609,4,Love-longing and the lover's complaint,45,242,The Fair Maid of the Exchange,Anonymous,1602,16.999,0.378,0.139
comedy,1600–1609,4,Love-longing and the lover's complaint,45,177,Jack Drum's Entertainment (Katherine and Pasquil),"Marston, John",1600,15.4,0.342,0.126
comedy,1600–1609,4,Love-longing and the lover's complaint,45,394,As You Like It,"Shakespeare, William",1600,11.425,0.254,0.094
comedy,1600–1609,6,"Money, debt and credit",45,266,Your Five Gallants (The Five Witty Gallants),"Middleton, Thomas",1607,17.369,0.386,0.177
comedy,1600–1609,6,"Money, debt and credit",45,243,The Phoenix,"Middleton, Thomas",1604,14.988,0.333,0.153
comedy,1600–1609,6,"Money, debt and credit",45,251,"The Puritan, or The Widow of Watling Street (The Puritan Widow)","Middleton, Thomas",1606,13.87,0.308,0.141
comedy,1600–1609,7,The Trojan war: conflict and its aftermath,45,186,"Poetaster, or The Arraignment","Jonson, Ben",1601,2.094,0.047,1.0
comedy,1600–1609,8,"Captains, gallants and cheats",45,251,"The Puritan, or The Widow of Watling Street (The Puritan Widow)","Middleton, Thomas",1606,29.711,0.66,0.194
comedy,1600–1609,8,"Captains, gallants and cheats",45,297,May Day,"Chapman, George",1604,24.337,0.541,0.159
comedy,1600–1609,8,"Captains, gallants and cheats",45,195,"Satiromastix, or The Untrussing of the Humorous Poet","Dekker, Thomas",1601,20.171,0.448,0.131
comedy,1600–1609,9,"Theatre talk: prologues, poets and players",45,186,"Poetaster, or The Arraignment","Jonson, Ben",1601,14.006,0.311,0.179
comedy,1600–1609,9,"Theatre talk: prologues, poets and players",45,235,The Isle of Gulls,"Day, John",1606,9.552,0.212,0.122
comedy,1600–1609,9,"Theatre talk: prologues, poets and players",45,252,What You Will,"Marston, John",1601,8.319,0.185,0.106
comedy,1600–1609,11,"Siblings, kin and confidants",45,242,The Fair Maid of the Exchange,Anonymous,1602,9.798,0.218,0.255
comedy,1600–1609,11,"Siblings, kin and confidants",45,301,The Widow's Tears,"Chapman, George",1605,6.965,0.155,0.181
comedy,1600–1609,11,"Siblings, kin and confidants",45,204,1 The Honest Whore (1 The Converted Courtesan) (The Patient Man and the Honest Whore),"Dekker, Thomas / Middleton, Thomas",1604,4.195,0.093,0.109
comedy,1600–1609,12,"Olympian gods: Jupiter, Juno, Venus and Mars",45,186,"Poetaster, or The Arraignment","Jonson, Ben",1601,9.996,0.222,1.0
comedy,1600–1609,14,"Royal love, favour and dynastic relationships",45,267,Law Tricks,"Day, John",1604,6.442,0.143,0.478
comedy,1600–1609,14,"Royal love, favour and dynastic relationships",45,230,"Parasitaster, or The Fawn","Marston, John",1605,4.603,0.102,0.342
comedy,1600–1609,14,"Royal love, favour and dynastic relationships",45,226,The Gentleman Usher (Vincentio and Margaret),"Chapman, George",1602,2.433,0.054,0.181
comedy,1600–1609,15,Friars and holy orders in plot,45,264,The Merry Devil of Edmonton,Anonymous,1603,13.033,0.29,0.613
comedy,1600–1609,15,Friars and holy orders in plot,45,204,1 The Honest Whore (1 The Converted Courtesan) (The Patient Man and the Honest Whore),"Dekker, Thomas / Middleton, Thomas",1604,8.223,0.183,0.387
comedy,1600–1609,16,"Gallantry: ladies, lordships and compliment",45,217,Eastward Ho,"Chapman, George / Jonson, Ben / Marston, John",1605,6.127,0.136,0.1
comedy,1600–1609,16,"Gallantry: ladies, lordships and compliment",45,186,"Poetaster, or The Arraignment","Jonson, Ben",1601,6.1,0.136,0.099
comedy,1600–1609,16,"Gallantry: ladies, lordships and compliment",45,181,"Cynthia's Revels, or The Fountain of Self-Love","Jonson, Ben",1600,6.02,0.134,0.098
comedy,1600–1609,21,"Cupid, Venus and the nymphs",45,181,"Cynthia's Revels, or The Fountain of Self-Love","Jonson, Ben",1600,10.814,0.24,0.533
comedy,1600–1609,21,"Cupid, Venus and the nymphs",45,230,"Parasitaster, or The Fawn","Marston, John",1605,4.455,0.099,0.22
comedy,1600–1609,21,"Cupid, Venus and the nymphs",45,285,The Two Maids of More-Clacke,"Armin, Robert",1608,2.867,0.064,0.141
comedy,1600–1609,22,"Shepherds, flocks and Pan",45,394,As You Like It,"Shakespeare, William",1600,16.101,0.358,0.444
comedy,1600–1609,22,"Shepherds, flocks and Pan",45,164,The Maid's Metamorphosis,Anonymous,1600,14.247,0.317,0.393
comedy,1600–1609,22,"Shepherds, flocks and Pan",45,268,Humor Out of Breath,"Day, John",1607,3.554,0.079,0.098
comedy,1600–1609,23,"Husbands, wives and jealousy",45,219,All Fools,"Chapman, George",1604,16.0,0.356,0.239
comedy,1600–1609,23,"Husbands, wives and jealousy",45,247,Cupid's Whirligig,"Sharpham, Edward",1607,15.293,0.34,0.228
comedy,1600–1609,23,"Husbands, wives and jealousy",45,250,Northward Ho,"Dekker, Thomas / Webster, John",1605,11.698,0.26,0.175
comedy,1600–1609,24,"Apollo, Phoebus and the Muses",45,164,The Maid's Metamorphosis,Anonymous,1600,28.256,0.628,0.86
comedy,1600–1609,24,"Apollo, Phoebus and the Muses",45,234,Wily Beguiled,Anonymous,1602,2.751,0.061,0.084
comedy,1600–1609,24,"Apollo, Phoebus and the Muses",45,259,"Volpone, or The Fox","Jonson, Ben",1606,1.836,0.041,0.056
comedy,1600–1609,26,"Devils, hell and fiends",45,234,Wily Beguiled,Anonymous,1602,4.792,0.106,0.195
comedy,1600–1609,26,"Devils, hell and fiends",45,264,The Merry Devil of Edmonton,Anonymous,1603,4.399,0.098,0.179
comedy,1600–1609,26,"Devils, hell and fiends",45,214,The Dutch Courtesan (Cockle de Moye),"Marston, John",1604,2.962,0.066,0.121
comedy,1600–1609,27,"Uncles, nephews and cousins: kinship and patronage",45,262,A Trick to Catch the Old One,"Middleton, Thomas",1605,19.512,0.434,0.272
comedy,1600–1609,27,"Uncles, nephews and cousins: kinship and patronage",45,228,Sir Giles Goosecap,"Chapman, George",1602,12.451,0.277,0.173
comedy,1600–1609,27,"Uncles, nephews and cousins: kinship and patronage",45,222,The London Prodigal,Anonymous,1604,9.399,0.209,0.131
comedy,1600–1609,28,"Marriage-making: weddings, brides and matches",45,299,A Woman Is a Weathercock,"Field, Nathan",1609,13.091,0.291,0.358
comedy,1600–1609,28,"Marriage-making: weddings, brides and matches",45,234,Wily Beguiled,Anonymous,1602,5.046,0.112,0.138
comedy,1600–1609,28,"Marriage-making: weddings, brides and matches",45,242,The Fair Maid of the Exchange,Anonymous,1602,5.032,0.112,0.138
comedy,1600–1609,30,"Constables, justices and the watch",45,214,The Dutch Courtesan (Cockle de Moye),"Marston, John",1604,2.877,0.064,0.27
comedy,1600–1609,30,"Constables, justices and the watch",45,276,"A Mad World, My Masters","Middleton, Thomas",1605,2.875,0.064,0.27
comedy,1600–1609,30,"Constables, justices and the watch",45,283,Every Woman in Her Humor,Anonymous,1607,2.814,0.063,0.264
comedy,1600–1609,32,Rings and jewels as tokens,45,266,Your Five Gallants (The Five Witty Gallants),"Middleton, Thomas",1607,5.022,0.112,0.31
comedy,1600–1609,32,Rings and jewels as tokens,45,255,The Fleer,"Sharpham, Edward",1606,3.14,0.07,0.194
comedy,1600–1609,32,Rings and jewels as tokens,45,299,A Woman Is a Weathercock,"Field, Nathan",1609,3.001,0.067,0.185
comedy,1600–1609,33,"Fathers, daughters and marriage negotiations",45,219,All Fools,"Chapman, George",1604,7.868,0.175,0.201
comedy,1600–1609,33,"Fathers, daughters and marriage negotiations",45,285,The Two Maids of More-Clacke,"Armin, Robert",1608,6.167,0.137,0.158
comedy,1600–1609,33,"Fathers, daughters and marriage negotiations",45,198,Patient Grissel,"Dekker, Thomas / Chettle, Henry / Haughton, William",1600,4.971,0.11,0.127
comedy,1600–1609,35,"Fools, wit and railing",45,394,As You Like It,"Shakespeare, William",1600,4.652,0.103,0.173
comedy,1600–1609,35,"Fools, wit and railing",45,177,Jack Drum's Entertainment (Katherine and Pasquil),"Marston, John",1600,3.263,0.073,0.121
comedy,1600–1609,35,"Fools, wit and railing",45,219,All Fools,"Chapman, George",1604,2.545,0.057,0.095
comedy,1600–1609,37,"Riches, poverty and covetousness",45,259,"Volpone, or The Fox","Jonson, Ben",1606,1.978,0.044,1.0
comedy,1600–1609,39,"Profit, conscience and dishonest dealing",45,255,The Fleer,"Sharpham, Edward",1606,6.375,0.142,0.569
comedy,1600–1609,39,"Profit, conscience and dishonest dealing",45,234,Wily Beguiled,Anonymous,1602,2.579,0.057,0.23
comedy,1600–1609,39,"Profit, conscience and dishonest dealing",45,297,May Day,"Chapman, George",1604,2.248,0.05,0.201
comedy,1600–1609,40,"Sin, guilt and violent loss within families",45,262,A Trick to Catch the Old One,"Middleton, Thomas",1605,2.726,0.061,0.277
comedy,1600–1609,40,"Sin, guilt and violent loss within families",45,243,The Phoenix,"Middleton, Thomas",1604,2.517,0.056,0.256
comedy,1600–1609,40,"Sin, guilt and violent loss within families",45,301,The Widow's Tears,"Chapman, George",1605,2.331,0.052,0.237
comedy,1600–1609,44,"Drinking: wine, ale and taverns",45,283,Every Woman in Her Humor,Anonymous,1607,5.72,0.127,0.31
comedy,1600–1609,44,"Drinking: wine, ale and taverns",45,177,Jack Drum's Entertainment (Katherine and Pasquil),"Marston, John",1600,3.062,0.068,0.166
comedy,1600–1609,44,"Drinking: wine, ale and taverns",45,244,Michaelmas Term,"Middleton, Thomas",1604,2.553,0.057,0.138
comedy,1600–1609,45,"Widows, wooing and remarriage",45,262,A Trick to Catch the Old One,"Middleton, Thomas",1605,30.947,0.688,0.486
comedy,1600–1609,45,"Widows, wooing and remarriage",45,292,"Ram Alley, or Merry Tricks","Barry, Lording",1608,21.84,0.485,0.343
comedy,1600–1609,45,"Widows, wooing and remarriage",45,251,"The Puritan, or The Widow of Watling Street (The Puritan Widow)","Middleton, Thomas",1606,5.148,0.114,0.081
comedy,1600–1609,46,"Swords, quarrels and valour",45,283,Every Woman in Her Humor,Anonymous,1607,2.965,0.066,0.581
comedy,1600–1609,46,"Swords, quarrels and valour",45,435,2 The Honest Whore (2 The Converted Courtesan),"Dekker, Thomas",1605,2.141,0.048,0.419
comedy,1600–1609,47,"Knaves, thieves and bawds",45,435,2 The Honest Whore (2 The Converted Courtesan),"Dekker, Thomas",1605,14.865,0.33,0.649
comedy,1600–1609,47,"Knaves, thieves and bawds",45,243,The Phoenix,"Middleton, Thomas",1604,5.049,0.112,0.22
comedy,1600–1609,47,"Knaves, thieves and bawds",45,214,The Dutch Courtesan (Cockle de Moye),"Marston, John",1604,3.001,0.067,0.131
comedy,1600–1609,49,"Wooing a mistress: suitors, go-betweens and letters",45,276,"A Mad World, My Masters","Middleton, Thomas",1605,5.367,0.119,0.271
comedy,1600–1609,49,"Wooing a mistress: suitors, go-betweens and letters",45,191,How a Man May Choose a Good Wife from a Bad,Anonymous,1601,4.593,0.102,0.232
comedy,1600–1609,49,"Wooing a mistress: suitors, go-betweens and letters",45,283,Every Woman in Her Humor,Anonymous,1607,2.819,0.063,0.142
comedy,1600–1609,51,"Parents and children: blessing, birthright and inheritance",45,268,Humor Out of Breath,"Day, John",1607,3.575,0.079,0.42
comedy,1600–1609,51,"Parents and children: blessing, birthright and inheritance",45,234,Wily Beguiled,Anonymous,1602,2.487,0.055,0.292
comedy,1600–1609,51,"Parents and children: blessing, birthright and inheritance",45,198,Patient Grissel,"Dekker, Thomas / Chettle, Henry / Haughton, William",1600,2.455,0.055,0.288
comedy,1600–1609,52,"Prodigals, portions and poor kin",45,222,The London Prodigal,Anonymous,1604,12.567,0.279,0.446
comedy,1600–1609,52,"Prodigals, portions and poor kin",45,394,As You Like It,"Shakespeare, William",1600,6.666,0.148,0.237
comedy,1600–1609,52,"Prodigals, portions and poor kin",45,259,"Volpone, or The Fox","Jonson, Ben",1606,3.726,0.083,0.132
comedy,1600–1609,56,"Magic, spells and conjuring",45,263,The Family of Love,"Barry, Lording",1607,2.445,0.054,1.0
comedy,1600–1609,62,"The courtier as a type: fashion, affectation and foreign manners",45,181,"Cynthia's Revels, or The Fountain of Self-Love","Jonson, Ben",1600,7.88,0.175,0.649
comedy,1600–1609,62,"The courtier as a type: fashion, affectation and foreign manners",45,245,The Woman Hater (The Hungry Courtier),"Beaumont, Francis / Fletcher, John",1606,4.267,0.095,0.351
comedy,1610–1619,0,"Court life: dukes, favour and honour",20,364,"The Two Merry Milkmaids, or The Best Words Wear the Garland","Cumber, John",1619,29.629,1.481,0.61
comedy,1610–1619,0,"Court life: dukes, favour and honour",20,390,The Tempest,"Shakespeare, William",1611,9.081,0.454,0.187
comedy,1610–1619,0,"Court life: dukes, favour and honour",20,457,The Devil Is an Ass,"Jonson, Ben",1616,5.31,0.266,0.109
comedy,1610–1619,1,"Death, grief and revenge",20,330,Albumazar,"Tomkis, Thomas",1615,4.658,0.233,0.245
comedy,1610–1619,1,"Death, grief and revenge",20,337,The Honest Lawyer,"S., S.",1614,4.658,0.233,0.245
comedy,1610–1619,1,"Death, grief and revenge",20,356,Amends for Ladies,"Field, Nathan",1610,2.818,0.141,0.148
comedy,1610–1619,2,"Roman politics: senate, consuls and civil war",20,353,"Technogamia, or The Marriages of the Arts","Holyday, Barten",1618,1.585,0.079,1.0
comedy,1610–1619,3,"Sickness, physic and doctors",20,303,The Alchemist,"Jonson, Ben",1610,22.596,1.13,0.397
comedy,1610–1619,3,"Sickness, physic and doctors",20,558,Monsieur Thomas (Father's Own Son),"Fletcher, John",1615,11.82,0.591,0.208
comedy,1610–1619,3,"Sickness, physic and doctors",20,353,"Technogamia, or The Marriages of the Arts","Holyday, Barten",1618,6.239,0.312,0.11
comedy,1610–1619,4,Love-longing and the lover's complaint,20,353,"Technogamia, or The Marriages of the Arts","Holyday, Barten",1618,6.133,0.307,0.618
comedy,1610–1619,4,Love-longing and the lover's complaint,20,457,The Devil Is an Ass,"Jonson, Ben",1616,3.792,0.19,0.382
comedy,1610–1619,5,"Christian faith, sin and salvation",20,321,The Hog Hath Lost His Pearl,"Tailor, Robert",1613,5.749,0.287,0.447
comedy,1610–1619,5,"Christian faith, sin and salvation",20,305,"If It Be Not Good, the Devil Is in It (If This Be Not a Good Play, the Devil Is in It)","Dekker, Thomas",1611,4.544,0.227,0.353
comedy,1610–1619,5,"Christian faith, sin and salvation",20,574,"The Night Walker, or The Little Thief","Fletcher, John / Shirley, James",1615,2.574,0.129,0.2
comedy,1610–1619,6,"Money, debt and credit",20,354,Hans Beer-Pot (See Me and See Me Not),"Belchier, Dabridgcourt",1617,14.853,0.743,0.234
comedy,1610–1619,6,"Money, debt and credit",20,330,Albumazar,"Tomkis, Thomas",1615,9.232,0.462,0.146
comedy,1610–1619,6,"Money, debt and credit",20,305,"If It Be Not Good, the Devil Is in It (If This Be Not a Good Play, the Devil Is in It)","Dekker, Thomas",1611,9.098,0.455,0.143
comedy,1610–1619,7,The Trojan war: conflict and its aftermath,20,334,The Scornful Lady,"Beaumont, Francis / Fletcher, John",1610,2.17,0.108,1.0
comedy,1610–1619,8,"Captains, gallants and cheats",20,334,The Scornful Lady,"Beaumont, Francis / Fletcher, John",1610,10.892,0.545,0.407
comedy,1610–1619,8,"Captains, gallants and cheats",20,298,"The Roaring Girl, or Moll Cutpurse","Dekker, Thomas / Middleton, Thomas",1611,6.42,0.321,0.24
comedy,1610–1619,8,"Captains, gallants and cheats",20,455,Bartholomew Fair,"Jonson, Ben",1614,4.18,0.209,0.156
comedy,1610–1619,9,"Theatre talk: prologues, poets and players",20,455,Bartholomew Fair,"Jonson, Ben",1614,6.878,0.344,0.348
comedy,1610–1619,9,"Theatre talk: prologues, poets and players",20,353,"Technogamia, or The Marriages of the Arts","Holyday, Barten",1618,4.91,0.245,0.249
comedy,1610–1619,9,"Theatre talk: prologues, poets and players",20,304,"Epicene, or The Silent Woman","Jonson, Ben",1610,3.679,0.184,0.186
comedy,1610–1619,11,"Siblings, kin and confidants",20,323,"Greene's Tu Quoque, or The City Gallant","Cooke, John",1611,16.755,0.838,0.368
comedy,1610–1619,11,"Siblings, kin and confidants",20,558,Monsieur Thomas (Father's Own Son),"Fletcher, John",1615,7.185,0.359,0.158
comedy,1610–1619,11,"Siblings, kin and confidants",20,321,The Hog Hath Lost His Pearl,"Tailor, Robert",1613,5.992,0.3,0.132
comedy,1610–1619,12,"Olympian gods: Jupiter, Juno, Venus and Mars",20,390,The Tempest,"Shakespeare, William",1611,2.896,0.145,1.0
comedy,1610–1619,15,Friars and holy orders in plot,20,305,"If It Be Not Good, the Devil Is in It (If This Be Not a Good Play, the Devil Is in It)","Dekker, Thomas",1611,13.81,0.69,0.856
comedy,1610–1619,15,Friars and holy orders in plot,20,558,Monsieur Thomas (Father's Own Son),"Fletcher, John",1615,2.318,0.116,0.144
comedy,1610–1619,16,"Gallantry: ladies, lordships and compliment",20,334,The Scornful Lady,"Beaumont, Francis / Fletcher, John",1610,8.63,0.432,0.329
comedy,1610–1619,16,"Gallantry: ladies, lordships and compliment",20,303,The Alchemist,"Jonson, Ben",1610,5.788,0.289,0.22
comedy,1610–1619,16,"Gallantry: ladies, lordships and compliment",20,304,"Epicene, or The Silent Woman","Jonson, Ben",1610,3.322,0.166,0.127
comedy,1610–1619,17,"Eastern conquest: Persians, Turks and soldans",20,354,Hans Beer-Pot (See Me and See Me Not),"Belchier, Dabridgcourt",1617,3.822,0.191,1.0
comedy,1610–1619,21,"Cupid, Venus and the nymphs",20,433,A Chaste Maid in Cheapside,"Middleton, Thomas",1613,3.015,0.151,0.409
comedy,1610–1619,21,"Cupid, Venus and the nymphs",20,390,The Tempest,"Shakespeare, William",1611,2.952,0.148,0.4
comedy,1610–1619,21,"Cupid, Venus and the nymphs",20,455,Bartholomew Fair,"Jonson, Ben",1614,1.406,0.07,0.191
comedy,1610–1619,23,"Husbands, wives and jealousy",20,356,Amends for Ladies,"Field, Nathan",1610,5.705,0.285,0.543
comedy,1610–1619,23,"Husbands, wives and jealousy",20,337,The Honest Lawyer,"S., S.",1614,2.511,0.126,0.239
comedy,1610–1619,23,"Husbands, wives and jealousy",20,334,The Scornful Lady,"Beaumont, Francis / Fletcher, John",1610,2.284,0.114,0.218
comedy,1610–1619,24,"Apollo, Phoebus and the Muses",20,353,"Technogamia, or The Marriages of the Arts","Holyday, Barten",1618,3.183,0.159,0.586
comedy,1610–1619,24,"Apollo, Phoebus and the Muses",20,305,"If It Be Not Good, the Devil Is in It (If This Be Not a Good Play, the Devil Is in It)","Dekker, Thomas",1611,2.249,0.112,0.414
comedy,1610–1619,25,"Kings, power and law: political sententiae",20,305,"If It Be Not Good, the Devil Is in It (If This Be Not a Good Play, the Devil Is in It)","Dekker, Thomas",1611,2.295,0.115,1.0
comedy,1610–1619,26,"Devils, hell and fiends",20,457,The Devil Is an Ass,"Jonson, Ben",1616,24.568,1.228,0.47
comedy,1610–1619,26,"Devils, hell and fiends",20,305,"If It Be Not Good, the Devil Is in It (If This Be Not a Good Play, the Devil Is in It)","Dekker, Thomas",1611,20.204,1.01,0.387
comedy,1610–1619,26,"Devils, hell and fiends",20,574,"The Night Walker, or The Little Thief","Fletcher, John / Shirley, James",1615,7.465,0.373,0.143
comedy,1610–1619,27,"Uncles, nephews and cousins: kinship and patronage",20,515,The Elder Brother,"Fletcher, John / Massinger, Philip",1618,2.546,0.127,0.307
comedy,1610–1619,27,"Uncles, nephews and cousins: kinship and patronage",20,323,"Greene's Tu Quoque, or The City Gallant","Cooke, John",1611,2.119,0.106,0.256
comedy,1610–1619,27,"Uncles, nephews and cousins: kinship and patronage",20,304,"Epicene, or The Silent Woman","Jonson, Ben",1610,1.808,0.09,0.218
comedy,1610–1619,28,"Marriage-making: weddings, brides and matches",20,323,"Greene's Tu Quoque, or The City Gallant","Cooke, John",1611,6.406,0.32,0.378
comedy,1610–1619,28,"Marriage-making: weddings, brides and matches",20,433,A Chaste Maid in Cheapside,"Middleton, Thomas",1613,2.805,0.14,0.165
comedy,1610–1619,28,"Marriage-making: weddings, brides and matches",20,334,The Scornful Lady,"Beaumont, Francis / Fletcher, John",1610,2.178,0.109,0.128
comedy,1610–1619,30,"Constables, justices and the watch",20,574,"The Night Walker, or The Little Thief","Fletcher, John / Shirley, James",1615,7.736,0.387,1.0
comedy,1610–1619,32,Rings and jewels as tokens,20,364,"The Two Merry Milkmaids, or The Best Words Wear the Garland","Cumber, John",1619,15.027,0.751,0.526
comedy,1610–1619,32,Rings and jewels as tokens,20,433,A Chaste Maid in Cheapside,"Middleton, Thomas",1613,5.833,0.292,0.204
comedy,1610–1619,32,Rings and jewels as tokens,20,353,"Technogamia, or The Marriages of the Arts","Holyday, Barten",1618,3.058,0.153,0.107
comedy,1610–1619,33,"Fathers, daughters and marriage negotiations",20,321,The Hog Hath Lost His Pearl,"Tailor, Robert",1613,3.029,0.151,0.307
comedy,1610–1619,33,"Fathers, daughters and marriage negotiations",20,330,Albumazar,"Tomkis, Thomas",1615,2.393,0.12,0.242
comedy,1610–1619,33,"Fathers, daughters and marriage negotiations",20,558,Monsieur Thomas (Father's Own Son),"Fletcher, John",1615,2.308,0.115,0.234
comedy,1610–1619,35,"Fools, wit and railing",20,515,The Elder Brother,"Fletcher, John / Massinger, Philip",1618,10.178,0.509,0.735
comedy,1610–1619,35,"Fools, wit and railing",20,364,"The Two Merry Milkmaids, or The Best Words Wear the Garland","Cumber, John",1619,1.973,0.099,0.143
comedy,1610–1619,35,"Fools, wit and railing",20,304,"Epicene, or The Silent Woman","Jonson, Ben",1610,1.688,0.084,0.122
comedy,1610–1619,40,"Sin, guilt and violent loss within families",20,337,The Honest Lawyer,"S., S.",1614,2.482,0.124,1.0
comedy,1610–1619,44,"Drinking: wine, ale and taverns",20,455,Bartholomew Fair,"Jonson, Ben",1614,13.813,0.691,0.64
comedy,1610–1619,44,"Drinking: wine, ale and taverns",20,515,The Elder Brother,"Fletcher, John / Massinger, Philip",1618,2.561,0.128,0.119
comedy,1610–1619,44,"Drinking: wine, ale and taverns",20,457,The Devil Is an Ass,"Jonson, Ben",1616,1.856,0.093,0.086
comedy,1610–1619,45,"Widows, wooing and remarriage",20,323,"Greene's Tu Quoque, or The City Gallant","Cooke, John",1611,6.384,0.319,0.316
comedy,1610–1619,45,"Widows, wooing and remarriage",20,356,Amends for Ladies,"Field, Nathan",1610,5.505,0.275,0.272
comedy,1610–1619,45,"Widows, wooing and remarriage",20,337,The Honest Lawyer,"S., S.",1614,4.798,0.24,0.237
comedy,1610–1619,46,"Swords, quarrels and valour",20,515,The Elder Brother,"Fletcher, John / Massinger, Philip",1618,5.264,0.263,0.468
comedy,1610–1619,46,"Swords, quarrels and valour",20,356,Amends for Ladies,"Field, Nathan",1610,2.738,0.137,0.243
comedy,1610–1619,46,"Swords, quarrels and valour",20,304,"Epicene, or The Silent Woman","Jonson, Ben",1610,1.709,0.085,0.152
comedy,1610–1619,47,"Knaves, thieves and bawds",20,574,"The Night Walker, or The Little Thief","Fletcher, John / Shirley, James",1615,7.67,0.384,0.43
comedy,1610–1619,47,"Knaves, thieves and bawds",20,433,A Chaste Maid in Cheapside,"Middleton, Thomas",1613,2.835,0.142,0.159
comedy,1610–1619,47,"Knaves, thieves and bawds",20,356,Amends for Ladies,"Field, Nathan",1610,2.761,0.138,0.155
comedy,1610–1619,49,"Wooing a mistress: suitors, go-betweens and letters",20,457,The Devil Is an Ass,"Jonson, Ben",1616,5.419,0.271,0.36
comedy,1610–1619,49,"Wooing a mistress: suitors, go-betweens and letters",20,433,A Chaste Maid in Cheapside,"Middleton, Thomas",1613,3.009,0.15,0.2
comedy,1610–1619,49,"Wooing a mistress: suitors, go-betweens and letters",20,515,The Elder Brother,"Fletcher, John / Massinger, Philip",1618,2.384,0.119,0.158
comedy,1610–1619,50,"Fleets, armies and generals: war by sea and land",20,390,The Tempest,"Shakespeare, William",1611,6.247,0.312,0.635
comedy,1610–1619,50,"Fleets, armies and generals: war by sea and land",20,354,Hans Beer-Pot (See Me and See Me Not),"Belchier, Dabridgcourt",1617,3.589,0.179,0.365
comedy,1610–1619,52,"Prodigals, portions and poor kin",20,337,The Honest Lawyer,"S., S.",1614,4.716,0.236,0.399
comedy,1610–1619,52,"Prodigals, portions and poor kin",20,515,The Elder Brother,"Fletcher, John / Massinger, Philip",1618,2.561,0.128,0.216
comedy,1610–1619,52,"Prodigals, portions and poor kin",20,558,Monsieur Thomas (Father's Own Son),"Fletcher, John",1615,2.371,0.119,0.2
comedy,1610–1619,56,"Magic, spells and conjuring",20,353,"Technogamia, or The Marriages of the Arts","Holyday, Barten",1618,3.338,0.167,0.412
comedy,1610–1619,56,"Magic, spells and conjuring",20,390,The Tempest,"Shakespeare, William",1611,2.933,0.147,0.362
comedy,1610–1619,56,"Magic, spells and conjuring",20,364,"The Two Merry Milkmaids, or The Best Words Wear the Garland","Cumber, John",1619,1.834,0.092,0.226
comedy,1610–1619,62,"The courtier as a type: fashion, affectation and foreign manners",20,323,"Greene's Tu Quoque, or The City Gallant","Cooke, John",1611,6.432,0.322,0.721
comedy,1610–1619,62,"The courtier as a type: fashion, affectation and foreign manners",20,515,The Elder Brother,"Fletcher, John / Massinger, Philip",1618,2.493,0.125,0.279
comedy,1620–1629,0,"Court life: dukes, favour and honour",22,505,The Great Duke of Florence,"Massinger, Philip",1627,56.854,2.584,0.36
comedy,1620–1629,0,"Court life: dukes, favour and honour",22,429,The Grateful Servant (The Faithful Servant),"Shirley, James",1629,39.647,1.802,0.251
comedy,1620–1629,0,"Court life: dukes, favour and honour",22,493,A Maidenhead Well Lost,"Heywood, Thomas",1629,33.283,1.513,0.211
comedy,1620–1629,1,"Death, grief and revenge",22,425,The Wedding,"Shirley, James",1626,22.44,1.02,0.381
comedy,1620–1629,1,"Death, grief and revenge",22,477,The Witty Fair One,"Shirley, James",1628,9.285,0.422,0.158
comedy,1620–1629,1,"Death, grief and revenge",22,580,"The Knave in Grain, New Vamped","D., J.",1626,8.613,0.392,0.146
comedy,1620–1629,2,"Roman politics: senate, consuls and civil war",22,556,"The Sophister (Fallacy, or The Troubles of Great Hermenia)","Zouche, Richard",1620,2.952,0.134,1.0
comedy,1620–1629,3,"Sickness, physic and doctors",22,508,The Wonder of A Kingdom,"Dekker, Thomas",1622,26.555,1.207,0.336
comedy,1620–1629,3,"Sickness, physic and doctors",22,431,"Aristippus, or The Jovial Philosopher","Randolph, Thomas",1626,21.437,0.974,0.271
comedy,1620–1629,3,"Sickness, physic and doctors",22,463,The Northern Lass,"Brome, Richard",1629,9.191,0.418,0.116
comedy,1620–1629,4,Love-longing and the lover's complaint,22,442,"The New Inn, or The Light Heart","Jonson, Ben",1629,6.752,0.307,0.382
comedy,1620–1629,4,Love-longing and the lover's complaint,22,384,The Heir,"May, Thomas",1620,6.072,0.276,0.344
comedy,1620–1629,4,Love-longing and the lover's complaint,22,561,A New Trick to Cheat the Devil,"Davenport, Robert",1626,2.599,0.118,0.147
comedy,1620–1629,5,"Christian faith, sin and salvation",22,412,A Game at Chess,"Middleton, Thomas",1624,2.755,0.125,0.522
comedy,1620–1629,5,"Christian faith, sin and salvation",22,429,The Grateful Servant (The Faithful Servant),"Shirley, James",1629,2.527,0.115,0.478
comedy,1620–1629,6,"Money, debt and credit",22,580,"The Knave in Grain, New Vamped","D., J.",1626,17.509,0.796,0.326
comedy,1620–1629,6,"Money, debt and credit",22,476,A Match at Midnight,"R., W.",1622,10.891,0.495,0.203
comedy,1620–1629,6,"Money, debt and credit",22,561,A New Trick to Cheat the Devil,"Davenport, Robert",1626,4.988,0.227,0.093
comedy,1620–1629,8,"Captains, gallants and cheats",22,598,Rule a Wife and Have a Wife,"Fletcher, John",1624,10.675,0.485,0.489
comedy,1620–1629,8,"Captains, gallants and cheats",22,425,The Wedding,"Shirley, James",1626,5.404,0.246,0.247
comedy,1620–1629,8,"Captains, gallants and cheats",22,463,The Northern Lass,"Brome, Richard",1629,3.689,0.168,0.169
comedy,1620–1629,9,"Theatre talk: prologues, poets and players",22,456,The Staple of News,"Jonson, Ben",1626,5.776,0.263,0.413
comedy,1620–1629,9,"Theatre talk: prologues, poets and players",22,508,The Wonder of A Kingdom,"Dekker, Thomas",1622,3.403,0.155,0.243
comedy,1620–1629,9,"Theatre talk: prologues, poets and players",22,441,The School of Compliment (Love Tricks),"Shirley, James",1625,2.563,0.116,0.183
comedy,1620–1629,11,"Siblings, kin and confidants",22,508,The Wonder of A Kingdom,"Dekker, Thomas",1622,6.754,0.307,0.484
comedy,1620–1629,11,"Siblings, kin and confidants",22,535,The Wise Woman of Hogsdon,"Heywood, Thomas",1623,2.743,0.125,0.197
comedy,1620–1629,11,"Siblings, kin and confidants",22,429,The Grateful Servant (The Faithful Servant),"Shirley, James",1629,2.57,0.117,0.184
comedy,1620–1629,14,"Royal love, favour and dynastic relationships",22,493,A Maidenhead Well Lost,"Heywood, Thomas",1629,3.73,0.17,0.66
comedy,1620–1629,14,"Royal love, favour and dynastic relationships",22,456,The Staple of News,"Jonson, Ben",1626,1.924,0.087,0.34
comedy,1620–1629,15,Friars and holy orders in plot,22,561,A New Trick to Cheat the Devil,"Davenport, Robert",1626,20.012,0.91,0.856
comedy,1620–1629,15,Friars and holy orders in plot,22,508,The Wonder of A Kingdom,"Dekker, Thomas",1622,3.364,0.153,0.144
comedy,1620–1629,16,"Gallantry: ladies, lordships and compliment",22,561,A New Trick to Cheat the Devil,"Davenport, Robert",1626,7.467,0.339,0.38
comedy,1620–1629,16,"Gallantry: ladies, lordships and compliment",22,429,The Grateful Servant (The Faithful Servant),"Shirley, James",1629,5.251,0.239,0.267
comedy,1620–1629,16,"Gallantry: ladies, lordships and compliment",22,442,"The New Inn, or The Light Heart","Jonson, Ben",1629,2.389,0.109,0.121
comedy,1620–1629,17,"Eastern conquest: Persians, Turks and soldans",22,493,A Maidenhead Well Lost,"Heywood, Thomas",1629,3.64,0.165,1.0
comedy,1620–1629,20,"Hercules: labours, suffering and virtue",22,556,"The Sophister (Fallacy, or The Troubles of Great Hermenia)","Zouche, Richard",1620,3.266,0.148,1.0
comedy,1620–1629,21,"Cupid, Venus and the nymphs",22,441,The School of Compliment (Love Tricks),"Shirley, James",1625,4.48,0.204,0.373
comedy,1620–1629,21,"Cupid, Venus and the nymphs",22,535,The Wise Woman of Hogsdon,"Heywood, Thomas",1623,2.743,0.125,0.229
comedy,1620–1629,21,"Cupid, Venus and the nymphs",22,476,A Match at Midnight,"R., W.",1622,2.671,0.121,0.223
comedy,1620–1629,22,"Shepherds, flocks and Pan",22,441,The School of Compliment (Love Tricks),"Shirley, James",1625,11.393,0.518,0.842
comedy,1620–1629,22,"Shepherds, flocks and Pan",22,580,"The Knave in Grain, New Vamped","D., J.",1626,2.135,0.097,0.158
comedy,1620–1629,23,"Husbands, wives and jealousy",22,598,Rule a Wife and Have a Wife,"Fletcher, John",1624,10.756,0.489,0.796
comedy,1620–1629,23,"Husbands, wives and jealousy",22,476,A Match at Midnight,"R., W.",1622,2.753,0.125,0.204
comedy,1620–1629,24,"Apollo, Phoebus and the Muses",22,414,Apollo Shroving,"Hawkins, William",1627,63.239,2.874,1.0
comedy,1620–1629,26,"Devils, hell and fiends",22,561,A New Trick to Cheat the Devil,"Davenport, Robert",1626,22.476,1.022,0.692
comedy,1620–1629,26,"Devils, hell and fiends",22,429,The Grateful Servant (The Faithful Servant),"Shirley, James",1629,5.351,0.243,0.165
comedy,1620–1629,26,"Devils, hell and fiends",22,476,A Match at Midnight,"R., W.",1622,2.655,0.121,0.082
comedy,1620–1629,27,"Uncles, nephews and cousins: kinship and patronage",22,460,"A New Wonder, A Woman Never Vexed","Heywood, Thomas / Rowley, William",1624,8.904,0.405,0.352
comedy,1620–1629,27,"Uncles, nephews and cousins: kinship and patronage",22,474,A New Way to Pay Old Debts,"Massinger, Philip",1626,5.032,0.229,0.199
comedy,1620–1629,27,"Uncles, nephews and cousins: kinship and patronage",22,463,The Northern Lass,"Brome, Richard",1629,3.756,0.171,0.148
comedy,1620–1629,28,"Marriage-making: weddings, brides and matches",22,535,The Wise Woman of Hogsdon,"Heywood, Thomas",1623,16.983,0.772,0.446
comedy,1620–1629,28,"Marriage-making: weddings, brides and matches",22,477,The Witty Fair One,"Shirley, James",1628,5.996,0.273,0.157
comedy,1620–1629,28,"Marriage-making: weddings, brides and matches",22,425,The Wedding,"Shirley, James",1626,5.662,0.257,0.149
comedy,1620–1629,30,"Constables, justices and the watch",22,384,The Heir,"May, Thomas",1620,3.1,0.141,0.412
comedy,1620–1629,30,"Constables, justices and the watch",22,474,A New Way to Pay Old Debts,"Massinger, Philip",1626,2.531,0.115,0.336
comedy,1620–1629,30,"Constables, justices and the watch",22,463,The Northern Lass,"Brome, Richard",1629,1.898,0.086,0.252
comedy,1620–1629,31,"Popes, cardinals and the crown",22,456,The Staple of News,"Jonson, Ben",1626,1.993,0.091,1.0
comedy,1620–1629,32,Rings and jewels as tokens,22,493,A Maidenhead Well Lost,"Heywood, Thomas",1629,7.626,0.347,0.632
comedy,1620–1629,32,Rings and jewels as tokens,22,460,"A New Wonder, A Woman Never Vexed","Heywood, Thomas / Rowley, William",1624,4.432,0.201,0.368
comedy,1620–1629,33,"Fathers, daughters and marriage negotiations",22,535,The Wise Woman of Hogsdon,"Heywood, Thomas",1623,5.497,0.25,0.366
comedy,1620–1629,33,"Fathers, daughters and marriage negotiations",22,441,The School of Compliment (Love Tricks),"Shirley, James",1625,4.336,0.197,0.288
comedy,1620–1629,33,"Fathers, daughters and marriage negotiations",22,425,The Wedding,"Shirley, James",1626,2.719,0.124,0.181
comedy,1620–1629,35,"Fools, wit and railing",22,431,"Aristippus, or The Jovial Philosopher","Randolph, Thomas",1626,16.519,0.751,0.666
comedy,1620–1629,35,"Fools, wit and railing",22,556,"The Sophister (Fallacy, or The Troubles of Great Hermenia)","Zouche, Richard",1620,3.259,0.148,0.131
comedy,1620–1629,35,"Fools, wit and railing",22,535,The Wise Woman of Hogsdon,"Heywood, Thomas",1623,2.783,0.126,0.112
comedy,1620–1629,36,"Hell, Furies and the language of punishment",22,414,Apollo Shroving,"Hawkins, William",1627,2.203,0.1,1.0
comedy,1620–1629,44,"Drinking: wine, ale and taverns",22,431,"Aristippus, or The Jovial Philosopher","Randolph, Thomas",1626,6.098,0.277,0.438
comedy,1620–1629,44,"Drinking: wine, ale and taverns",22,477,The Witty Fair One,"Shirley, James",1628,3.001,0.136,0.215
comedy,1620–1629,44,"Drinking: wine, ale and taverns",22,535,The Wise Woman of Hogsdon,"Heywood, Thomas",1623,2.714,0.123,0.195
comedy,1620–1629,45,"Widows, wooing and remarriage",22,476,A Match at Midnight,"R., W.",1622,21.603,0.982,0.709
comedy,1620–1629,45,"Widows, wooing and remarriage",22,460,"A New Wonder, A Woman Never Vexed","Heywood, Thomas / Rowley, William",1624,8.849,0.402,0.291
comedy,1620–1629,46,"Swords, quarrels and valour",22,441,The School of Compliment (Love Tricks),"Shirley, James",1625,2.312,0.105,1.0
comedy,1620–1629,47,"Knaves, thieves and bawds",22,476,A Match at Midnight,"R., W.",1622,2.845,0.129,0.39
comedy,1620–1629,47,"Knaves, thieves and bawds",22,561,A New Trick to Cheat the Devil,"Davenport, Robert",1626,2.454,0.112,0.337
comedy,1620–1629,47,"Knaves, thieves and bawds",22,456,The Staple of News,"Jonson, Ben",1626,1.989,0.09,0.273
comedy,1620–1629,49,"Wooing a mistress: suitors, go-betweens and letters",22,477,The Witty Fair One,"Shirley, James",1628,8.925,0.406,0.828
comedy,1620–1629,49,"Wooing a mistress: suitors, go-betweens and letters",22,463,The Northern Lass,"Brome, Richard",1629,1.85,0.084,0.172
comedy,1620–1629,51,"Parents and children: blessing, birthright and inheritance",22,556,"The Sophister (Fallacy, or The Troubles of Great Hermenia)","Zouche, Richard",1620,3.093,0.141,1.0
comedy,1620–1629,52,"Prodigals, portions and poor kin",22,460,"A New Wonder, A Woman Never Vexed","Heywood, Thomas / Rowley, William",1624,15.801,0.718,0.886
comedy,1620–1629,52,"Prodigals, portions and poor kin",22,456,The Staple of News,"Jonson, Ben",1626,2.041,0.093,0.114
comedy,1620–1629,59,"Spanish courts: war, honour and courtship",22,598,Rule a Wife and Have a Wife,"Fletcher, John",1624,5.475,0.249,1.0
comedy,1620–1629,62,"The courtier as a type: fashion, affectation and foreign manners",22,414,Apollo Shroving,"Hawkins, William",1627,4.235,0.192,1.0
comedy,1630–1639,0,"Court life: dukes, favour and honour",26,575,The Opportunity,"Shirley, James",1634,86.168,3.314,0.34
comedy,1630–1639,0,"Court life: dukes, favour and honour",26,577,The Humorous Courtier (The Duke),"Shirley, James",1631,65.484,2.519,0.258
comedy,1630–1639,0,"Court life: dukes, favour and honour",26,538,The Royal Master,"Shirley, James",1637,61.223,2.355,0.241
comedy,1630–1639,1,"Death, grief and revenge",26,469,The Jealous Lovers,"Randolph, Thomas",1632,10.912,0.42,0.327
comedy,1630–1639,1,"Death, grief and revenge",26,523,The Gamester,"Shirley, James",1633,10.153,0.39,0.304
comedy,1630–1639,1,"Death, grief and revenge",26,481,A Fine Companion,"Marmion, Shackerley",1632,4.537,0.174,0.136
comedy,1630–1639,3,"Sickness, physic and doctors",26,616,"The Magnetic Lady, or Humors Reconciled","Jonson, Ben",1632,26.43,1.017,0.348
comedy,1630–1639,3,"Sickness, physic and doctors",26,594,The Hollander (Love's Trial),"Glapthorne, Henry",1636,25.063,0.964,0.33
comedy,1630–1639,3,"Sickness, physic and doctors",26,586,The Antipodes,"Brome, Richard",1638,11.507,0.443,0.152
comedy,1630–1639,4,Love-longing and the lover's complaint,26,461,Holland's Leaguer,"Marmion, Shackerley",1631,5.135,0.198,0.215
comedy,1630–1639,4,Love-longing and the lover's complaint,26,518,The Lady of Pleasure,"Shirley, James",1635,4.911,0.189,0.205
comedy,1630–1639,4,Love-longing and the lover's complaint,26,465,The Rival Friends,"Hausted, Peter",1632,4.795,0.184,0.2
comedy,1630–1639,5,"Christian faith, sin and salvation",26,517,Hyde Park,"Shirley, James",1632,3.178,0.122,1.0
comedy,1630–1639,6,"Money, debt and credit",26,586,The Antipodes,"Brome, Richard",1638,4.557,0.175,0.503
comedy,1630–1639,6,"Money, debt and credit",26,518,The Lady of Pleasure,"Shirley, James",1635,2.322,0.089,0.256
comedy,1630–1639,6,"Money, debt and credit",26,617,A Tale of a Tub,"Jonson, Ben",1633,2.178,0.084,0.24
comedy,1630–1639,8,"Captains, gallants and cheats",26,481,A Fine Companion,"Marmion, Shackerley",1632,17.748,0.683,0.324
comedy,1630–1639,8,"Captains, gallants and cheats",26,568,The City Match,"Mayne, Jasper",1636,17.194,0.661,0.314
comedy,1630–1639,8,"Captains, gallants and cheats",26,594,The Hollander (Love's Trial),"Glapthorne, Henry",1636,14.566,0.56,0.266
comedy,1630–1639,9,"Theatre talk: prologues, poets and players",26,586,The Antipodes,"Brome, Richard",1638,15.841,0.609,0.308
comedy,1630–1639,9,"Theatre talk: prologues, poets and players",26,616,"The Magnetic Lady, or Humors Reconciled","Jonson, Ben",1632,12.888,0.496,0.251
comedy,1630–1639,9,"Theatre talk: prologues, poets and players",26,568,The City Match,"Mayne, Jasper",1636,4.78,0.184,0.093
comedy,1630–1639,11,"Siblings, kin and confidants",26,540,Tottenham Court,"Nabbes, Thomas",1633,9.085,0.349,0.15
comedy,1630–1639,11,"Siblings, kin and confidants",26,542,Covent Garden,"Nabbes, Thomas",1634,8.454,0.325,0.139
comedy,1630–1639,11,"Siblings, kin and confidants",26,462,"Changes, or Love in a Maze","Shirley, James",1632,7.704,0.296,0.127
comedy,1630–1639,14,"Royal love, favour and dynastic relationships",26,538,The Royal Master,"Shirley, James",1637,8.166,0.314,0.684
comedy,1630–1639,14,"Royal love, favour and dynastic relationships",26,586,The Antipodes,"Brome, Richard",1638,2.279,0.088,0.191
comedy,1630–1639,14,"Royal love, favour and dynastic relationships",26,465,The Rival Friends,"Hausted, Peter",1632,1.489,0.057,0.125
comedy,1630–1639,16,"Gallantry: ladies, lordships and compliment",26,518,The Lady of Pleasure,"Shirley, James",1635,31.98,1.23,0.376
comedy,1630–1639,16,"Gallantry: ladies, lordships and compliment",26,549,The Ball,"Shirley, James",1632,14.407,0.554,0.169
comedy,1630–1639,16,"Gallantry: ladies, lordships and compliment",26,517,Hyde Park,"Shirley, James",1632,9.473,0.364,0.111
comedy,1630–1639,20,"Hercules: labours, suffering and virtue",26,461,Holland's Leaguer,"Marmion, Shackerley",1631,2.473,0.095,0.538
comedy,1630–1639,20,"Hercules: labours, suffering and virtue",26,469,The Jealous Lovers,"Randolph, Thomas",1632,2.127,0.082,0.462
comedy,1630–1639,21,"Cupid, Venus and the nymphs",26,549,The Ball,"Shirley, James",1632,5.669,0.218,0.784
comedy,1630–1639,21,"Cupid, Venus and the nymphs",26,465,The Rival Friends,"Hausted, Peter",1632,1.56,0.06,0.216
comedy,1630–1639,22,"Shepherds, flocks and Pan",26,465,The Rival Friends,"Hausted, Peter",1632,1.563,0.06,1.0
comedy,1630–1639,23,"Husbands, wives and jealousy",26,540,Tottenham Court,"Nabbes, Thomas",1633,12.2,0.469,0.285
comedy,1630–1639,23,"Husbands, wives and jealousy",26,594,The Hollander (Love's Trial),"Glapthorne, Henry",1636,7.493,0.288,0.175
comedy,1630–1639,23,"Husbands, wives and jealousy",26,532,The Fancies Chaste and Noble,"Ford, John",1636,5.283,0.203,0.123
comedy,1630–1639,24,"Apollo, Phoebus and the Muses",26,465,The Rival Friends,"Hausted, Peter",1632,1.35,0.052,1.0
comedy,1630–1639,26,"Devils, hell and fiends",26,494,The Late Lancashire Witches,"Heywood, Thomas / Brome, Richard",1634,4.755,0.183,0.501
comedy,1630–1639,26,"Devils, hell and fiends",26,518,The Lady of Pleasure,"Shirley, James",1635,2.401,0.092,0.253
comedy,1630–1639,26,"Devils, hell and fiends",26,617,A Tale of a Tub,"Jonson, Ben",1633,2.341,0.09,0.246
comedy,1630–1639,27,"Uncles, nephews and cousins: kinship and patronage",26,568,The City Match,"Mayne, Jasper",1636,19.519,0.751,0.261
comedy,1630–1639,27,"Uncles, nephews and cousins: kinship and patronage",26,523,The Gamester,"Shirley, James",1633,10.338,0.398,0.138
comedy,1630–1639,27,"Uncles, nephews and cousins: kinship and patronage",26,616,"The Magnetic Lady, or Humors Reconciled","Jonson, Ben",1632,6.764,0.26,0.091
comedy,1630–1639,28,"Marriage-making: weddings, brides and matches",26,591,Wit in a Constable,"Glapthorne, Henry",1638,9.586,0.369,0.38
comedy,1630–1639,28,"Marriage-making: weddings, brides and matches",26,494,The Late Lancashire Witches,"Heywood, Thomas / Brome, Richard",1634,4.639,0.178,0.184
comedy,1630–1639,28,"Marriage-making: weddings, brides and matches",26,555,The Lady's Trial,"Ford, John",1638,2.938,0.113,0.116
comedy,1630–1639,30,"Constables, justices and the watch",26,617,A Tale of a Tub,"Jonson, Ben",1633,65.356,2.514,0.673
comedy,1630–1639,30,"Constables, justices and the watch",26,591,Wit in a Constable,"Glapthorne, Henry",1638,16.105,0.619,0.166
comedy,1630–1639,30,"Constables, justices and the watch",26,542,Covent Garden,"Nabbes, Thomas",1634,8.465,0.326,0.087
comedy,1630–1639,32,Rings and jewels as tokens,26,517,Hyde Park,"Shirley, James",1632,3.103,0.119,0.319
comedy,1630–1639,32,Rings and jewels as tokens,26,586,The Antipodes,"Brome, Richard",1638,2.283,0.088,0.235
comedy,1630–1639,32,Rings and jewels as tokens,26,616,"The Magnetic Lady, or Humors Reconciled","Jonson, Ben",1632,2.268,0.087,0.233
comedy,1630–1639,33,"Fathers, daughters and marriage negotiations",26,592,The Constant Maid (Love Will Find Out the Way),"Shirley, James",1638,6.173,0.237,0.364
comedy,1630–1639,33,"Fathers, daughters and marriage negotiations",26,465,The Rival Friends,"Hausted, Peter",1632,3.161,0.122,0.186
comedy,1630–1639,33,"Fathers, daughters and marriage negotiations",26,517,Hyde Park,"Shirley, James",1632,3.003,0.116,0.177
comedy,1630–1639,35,"Fools, wit and railing",26,591,Wit in a Constable,"Glapthorne, Henry",1638,6.493,0.25,0.462
comedy,1630–1639,35,"Fools, wit and railing",26,538,The Royal Master,"Shirley, James",1637,2.758,0.106,0.196
comedy,1630–1639,35,"Fools, wit and railing",26,542,Covent Garden,"Nabbes, Thomas",1634,2.748,0.106,0.196
comedy,1630–1639,37,"Riches, poverty and covetousness",26,469,The Jealous Lovers,"Randolph, Thomas",1632,2.162,0.083,0.502
comedy,1630–1639,37,"Riches, poverty and covetousness",26,616,"The Magnetic Lady, or Humors Reconciled","Jonson, Ben",1632,2.143,0.082,0.498
comedy,1630–1639,40,"Sin, guilt and violent loss within families",26,521,The Example,"Shirley, James",1634,2.859,0.11,0.548
comedy,1630–1639,40,"Sin, guilt and violent loss within families",26,568,The City Match,"Mayne, Jasper",1636,2.36,0.091,0.452
comedy,1630–1639,44,"Drinking: wine, ale and taverns",26,494,The Late Lancashire Witches,"Heywood, Thomas / Brome, Richard",1634,7.046,0.271,0.591
comedy,1630–1639,44,"Drinking: wine, ale and taverns",26,540,Tottenham Court,"Nabbes, Thomas",1633,2.763,0.106,0.232
comedy,1630–1639,44,"Drinking: wine, ale and taverns",26,481,A Fine Companion,"Marmion, Shackerley",1632,2.109,0.081,0.177
comedy,1630–1639,45,"Widows, wooing and remarriage",26,592,The Constant Maid (Love Will Find Out the Way),"Shirley, James",1638,3.248,0.125,0.508
comedy,1630–1639,45,"Widows, wooing and remarriage",26,517,Hyde Park,"Shirley, James",1632,3.147,0.121,0.492
comedy,1630–1639,46,"Swords, quarrels and valour",26,521,The Example,"Shirley, James",1634,5.426,0.209,0.27
comedy,1630–1639,46,"Swords, quarrels and valour",26,523,The Gamester,"Shirley, James",1633,5.23,0.201,0.26
comedy,1630–1639,46,"Swords, quarrels and valour",26,542,Covent Garden,"Nabbes, Thomas",1634,2.94,0.113,0.146
comedy,1630–1639,47,"Knaves, thieves and bawds",26,465,The Rival Friends,"Hausted, Peter",1632,1.55,0.06,1.0
comedy,1630–1639,49,"Wooing a mistress: suitors, go-betweens and letters",26,462,"Changes, or Love in a Maze","Shirley, James",1632,7.372,0.284,0.356
comedy,1630–1639,49,"Wooing a mistress: suitors, go-betweens and letters",26,521,The Example,"Shirley, James",1634,5.612,0.216,0.271
comedy,1630–1639,49,"Wooing a mistress: suitors, go-betweens and letters",26,461,Holland's Leaguer,"Marmion, Shackerley",1631,4.927,0.19,0.238
comedy,1630–1639,51,"Parents and children: blessing, birthright and inheritance",26,542,Covent Garden,"Nabbes, Thomas",1634,2.87,0.11,0.394
comedy,1630–1639,51,"Parents and children: blessing, birthright and inheritance",26,469,The Jealous Lovers,"Randolph, Thomas",1632,2.222,0.085,0.305
comedy,1630–1639,51,"Parents and children: blessing, birthright and inheritance",26,481,A Fine Companion,"Marmion, Shackerley",1632,2.184,0.084,0.3
comedy,1630–1639,52,"Prodigals, portions and poor kin",26,592,The Constant Maid (Love Will Find Out the Way),"Shirley, James",1638,2.956,0.114,0.568
comedy,1630–1639,52,"Prodigals, portions and poor kin",26,481,A Fine Companion,"Marmion, Shackerley",1632,2.251,0.087,0.432
comedy,1630–1639,54,"Antony and Cleopatra: love, death and mourning",26,517,Hyde Park,"Shirley, James",1632,3.085,0.119,1.0
comedy,1630–1639,55,"Fairies, fairy queens and enchanted desire",26,469,The Jealous Lovers,"Randolph, Thomas",1632,2.11,0.081,1.0
comedy,1630–1639,62,"The courtier as a type: fashion, affectation and foreign manners",26,577,The Humorous Courtier (The Duke),"Shirley, James",1631,3.136,0.121,0.58
comedy,1630–1639,62,"The courtier as a type: fashion, affectation and foreign manners",26,586,The Antipodes,"Brome, Richard",1638,2.27,0.087,0.42
tragedy,1550–1559,7,The Trojan war: conflict and its aftermath,1,28,Troas (Seneca's Sixth Tragedy),"Heywood, Jasper / Seneca, Lucius Annaeus",1558,96.271,96.271,1.0
tragedy,1560–1569,1,"Death, grief and revenge",14,48,The Interlude of Vice (Orestes),"Pickering, John",1567,25.142,1.796,0.285
tragedy,1560–1569,1,"Death, grief and revenge",14,39,Ferrex and Porrex (Gorboduc),"Norton, Thomas / Sackville, Thomas",1562,13.883,0.992,0.157
tragedy,1560–1569,1,"Death, grief and revenge",14,65,Appius and Virginia,"B., R.",1566,12.824,0.916,0.145
tragedy,1560–1569,2,"Roman politics: senate, consuls and civil war",14,45,Octavia (Seneca's Ninth Tragedy),"Seneca, Lucius Annaeus / Nuce, Thomas / Pseudo-Seneca",1566,8.672,0.619,1.0
tragedy,1560–1569,7,The Trojan war: conflict and its aftermath,14,42,Agamemnon (Seneca's Eighth Tragedy),"Seneca, Lucius Annaeus / Studley, John",1566,42.916,3.065,0.633
tragedy,1560–1569,7,The Trojan war: conflict and its aftermath,14,34,Hercules Furens (Mad Hercules) (Seneca's First Tragedy),"Heywood, Jasper / Seneca, Lucius Annaeus",1561,14.326,1.023,0.211
tragedy,1560–1569,7,The Trojan war: conflict and its aftermath,14,29,Thyestes (Seneca's Second Tragedy),"Heywood, Jasper / Seneca, Lucius Annaeus",1560,8.322,0.594,0.123
tragedy,1560–1569,12,"Olympian gods: Jupiter, Juno, Venus and Mars",14,45,Octavia (Seneca's Ninth Tragedy),"Seneca, Lucius Annaeus / Nuce, Thomas / Pseudo-Seneca",1566,4.449,0.318,1.0
tragedy,1560–1569,14,"Royal love, favour and dynastic relationships",14,56,"Cambises, King of Persia","Preston, Thomas",1569,3.941,0.282,1.0
tragedy,1560–1569,17,"Eastern conquest: Persians, Turks and soldans",14,56,"Cambises, King of Persia","Preston, Thomas",1569,3.796,0.271,1.0
tragedy,1560–1569,18,"Rebels, barons and the king's wars at home",14,104,Tancred and Gismund (Gismond of Salerne),"Wilmot, Robert / Hatton, Christopher / Noel, Henry / Al., G. / Stafford, Roderick",1568,3.513,0.251,0.528
tragedy,1560–1569,18,"Rebels, barons and the king's wars at home",14,39,Ferrex and Porrex (Gorboduc),"Norton, Thomas / Sackville, Thomas",1562,3.135,0.224,0.472
tragedy,1560–1569,20,"Hercules: labours, suffering and virtue",14,81,Hercules Oetaeus (Hercules on Mount Oeta) (Seneca's Tenth Tragedy),"Seneca, Lucius Annaeus / Studley, John",1566,77.067,5.505,0.559
tragedy,1560–1569,20,"Hercules: labours, suffering and virtue",14,34,Hercules Furens (Mad Hercules) (Seneca's First Tragedy),"Heywood, Jasper / Seneca, Lucius Annaeus",1561,46.938,3.353,0.34
tragedy,1560–1569,20,"Hercules: labours, suffering and virtue",14,44,Medea (Seneca's Seventh Tragedy),"Seneca, Lucius Annaeus / Studley, John",1566,10.352,0.739,0.075
tragedy,1560–1569,21,"Cupid, Venus and the nymphs",14,56,"Cambises, King of Persia","Preston, Thomas",1569,3.872,0.277,0.353
tragedy,1560–1569,21,"Cupid, Venus and the nymphs",14,80,Hippolytus (Seneca's Fourth Tragedy),"Seneca, Lucius Annaeus / Studley, John",1567,3.553,0.254,0.324
tragedy,1560–1569,21,"Cupid, Venus and the nymphs",14,104,Tancred and Gismund (Gismond of Salerne),"Wilmot, Robert / Hatton, Christopher / Noel, Henry / Al., G. / Stafford, Roderick",1568,3.534,0.252,0.322
tragedy,1560–1569,22,"Shepherds, flocks and Pan",14,36,Oedipus (Seneca's Fifth Tragedy),"Seneca, Lucius Annaeus / Neville, Alexander",1560,3.761,0.269,1.0
tragedy,1560–1569,24,"Apollo, Phoebus and the Muses",14,80,Hippolytus (Seneca's Fourth Tragedy),"Seneca, Lucius Annaeus / Studley, John",1567,10.15,0.725,0.511
tragedy,1560–1569,24,"Apollo, Phoebus and the Muses",14,29,Thyestes (Seneca's Second Tragedy),"Heywood, Jasper / Seneca, Lucius Annaeus",1560,4.007,0.286,0.202
tragedy,1560–1569,24,"Apollo, Phoebus and the Muses",14,42,Agamemnon (Seneca's Eighth Tragedy),"Seneca, Lucius Annaeus / Studley, John",1566,3.505,0.25,0.176
tragedy,1560–1569,25,"Kings, power and law: political sententiae",14,36,Oedipus (Seneca's Fifth Tragedy),"Seneca, Lucius Annaeus / Neville, Alexander",1560,7.732,0.552,0.341
tragedy,1560–1569,25,"Kings, power and law: political sententiae",14,29,Thyestes (Seneca's Second Tragedy),"Heywood, Jasper / Seneca, Lucius Annaeus",1560,4.503,0.322,0.199
tragedy,1560–1569,25,"Kings, power and law: political sententiae",14,45,Octavia (Seneca's Ninth Tragedy),"Seneca, Lucius Annaeus / Nuce, Thomas / Pseudo-Seneca",1566,4.345,0.31,0.192
tragedy,1560–1569,34,"Thebes and royal catastrophe: siege, slaughter and funeral rites",14,61,Jocasta,"Gascoigne, George / Kinwelmershe, Francis / Yelverton, Christopher / Euripides / Dolce, Lodovico",1566,27.448,1.961,0.592
tragedy,1560–1569,34,"Thebes and royal catastrophe: siege, slaughter and funeral rites",14,34,Hercules Furens (Mad Hercules) (Seneca's First Tragedy),"Heywood, Jasper / Seneca, Lucius Annaeus",1561,6.8,0.486,0.147
tragedy,1560–1569,34,"Thebes and royal catastrophe: siege, slaughter and funeral rites",14,48,The Interlude of Vice (Orestes),"Pickering, John",1567,4.219,0.301,0.091
tragedy,1560–1569,36,"Hell, Furies and the language of punishment",14,36,Oedipus (Seneca's Fifth Tragedy),"Seneca, Lucius Annaeus / Neville, Alexander",1560,27.145,1.939,0.339
tragedy,1560–1569,36,"Hell, Furies and the language of punishment",14,29,Thyestes (Seneca's Second Tragedy),"Heywood, Jasper / Seneca, Lucius Annaeus",1560,12.809,0.915,0.16
tragedy,1560–1569,36,"Hell, Furies and the language of punishment",14,44,Medea (Seneca's Seventh Tragedy),"Seneca, Lucius Annaeus / Studley, John",1566,10.149,0.725,0.127
tragedy,1560–1569,38,"Death, parting and grief at court",14,56,"Cambises, King of Persia","Preston, Thomas",1569,11.234,0.802,0.516
tragedy,1560–1569,38,"Death, parting and grief at court",14,80,Hippolytus (Seneca's Fourth Tragedy),"Seneca, Lucius Annaeus / Studley, John",1567,3.699,0.264,0.17
tragedy,1560–1569,38,"Death, parting and grief at court",14,39,Ferrex and Porrex (Gorboduc),"Norton, Thomas / Sackville, Thomas",1562,3.426,0.245,0.157
tragedy,1560–1569,39,"Profit, conscience and dishonest dealing",14,65,Appius and Virginia,"B., R.",1566,7.024,0.502,1.0
tragedy,1560–1569,40,"Sin, guilt and violent loss within families",14,45,Octavia (Seneca's Ninth Tragedy),"Seneca, Lucius Annaeus / Nuce, Thomas / Pseudo-Seneca",1566,4.397,0.314,0.37
tragedy,1560–1569,40,"Sin, guilt and violent loss within families",14,29,Thyestes (Seneca's Second Tragedy),"Heywood, Jasper / Seneca, Lucius Annaeus",1560,3.974,0.284,0.335
tragedy,1560–1569,40,"Sin, guilt and violent loss within families",14,39,Ferrex and Porrex (Gorboduc),"Norton, Thomas / Sackville, Thomas",1562,3.502,0.25,0.295
tragedy,1560–1569,50,"Fleets, armies and generals: war by sea and land",14,61,Jocasta,"Gascoigne, George / Kinwelmershe, Francis / Yelverton, Christopher / Euripides / Dolce, Lodovico",1566,2.274,0.162,1.0
tragedy,1560–1569,56,"Magic, spells and conjuring",14,44,Medea (Seneca's Seventh Tragedy),"Seneca, Lucius Annaeus / Studley, John",1566,6.956,0.497,1.0
tragedy,1570–1579,5,"Christian faith, sin and salvation",1,71,Abraham's Sacrifice,"Golding, Arthur / Beza, Theodore",1575,11.675,11.675,1.0
tragedy,1580–1589,0,"Court life: dukes, favour and honour",12,110,The Spanish Tragedy (Hieronimo is Mad Again),"Kyd, Thomas",1587,2.474,0.206,1.0
tragedy,1580–1589,1,"Death, grief and revenge",12,110,The Spanish Tragedy (Hieronimo is Mad Again),"Kyd, Thomas",1587,14.261,1.188,0.251
tragedy,1580–1589,1,"Death, grief and revenge",12,89,The Misfortunes of Arthur (Certain Devices and Shows Presented to Her Majesty),"Hughes, Thomas / Fulbecke, William",1588,8.729,0.727,0.154
tragedy,1580–1589,1,"Death, grief and revenge",12,109,Soliman and Perseda (Zulziman),Anonymous,1588,8.228,0.686,0.145
tragedy,1580–1589,2,"Roman politics: senate, consuls and civil war",12,122,"The Wounds of Civil War, or Marius and Scilla","Lodge, Thomas",1588,78.56,6.547,0.886
tragedy,1580–1589,2,"Roman politics: senate, consuls and civil war",12,89,The Misfortunes of Arthur (Certain Devices and Shows Presented to Her Majesty),"Hughes, Thomas / Fulbecke, William",1588,5.867,0.489,0.066
tragedy,1580–1589,2,"Roman politics: senate, consuls and civil war",12,205,Doctor Faustus,"Anonymous / Marlowe, Christopher",1588,4.232,0.353,0.048
tragedy,1580–1589,3,"Sickness, physic and doctors",12,205,Doctor Faustus,"Anonymous / Marlowe, Christopher",1588,12.83,1.069,0.817
tragedy,1580–1589,3,"Sickness, physic and doctors",12,95,2 Tamburlaine the Great,"Marlowe, Christopher",1587,2.881,0.24,0.183
tragedy,1580–1589,4,Love-longing and the lover's complaint,12,131,"The Wars of Cyrus, King of Persia",Anonymous,1588,7.897,0.658,0.554
tragedy,1580–1589,4,Love-longing and the lover's complaint,12,128,"Dido, Queen of Carthage","Marlowe, Christopher / Nashe, Thomas",1588,3.567,0.297,0.25
tragedy,1580–1589,4,Love-longing and the lover's complaint,12,109,Soliman and Perseda (Zulziman),Anonymous,1588,2.8,0.233,0.196
tragedy,1580–1589,6,"Money, debt and credit",12,109,Soliman and Perseda (Zulziman),Anonymous,1588,5.999,0.5,0.677
tragedy,1580–1589,6,"Money, debt and credit",12,475,The Jew of Malta,"Marlowe, Christopher",1589,2.863,0.239,0.323
tragedy,1580–1589,7,The Trojan war: conflict and its aftermath,12,128,"Dido, Queen of Carthage","Marlowe, Christopher / Nashe, Thomas",1588,41.022,3.418,1.0
tragedy,1580–1589,9,"Theatre talk: prologues, poets and players",12,475,The Jew of Malta,"Marlowe, Christopher",1589,2.704,0.225,1.0
tragedy,1580–1589,11,"Siblings, kin and confidants",12,128,"Dido, Queen of Carthage","Marlowe, Christopher / Nashe, Thomas",1588,7.275,0.606,0.737
tragedy,1580–1589,11,"Siblings, kin and confidants",12,475,The Jew of Malta,"Marlowe, Christopher",1589,2.6,0.217,0.263
tragedy,1580–1589,12,"Olympian gods: Jupiter, Juno, Venus and Mars",12,128,"Dido, Queen of Carthage","Marlowe, Christopher / Nashe, Thomas",1588,3.545,0.295,1.0
tragedy,1580–1589,15,Friars and holy orders in plot,12,475,The Jew of Malta,"Marlowe, Christopher",1589,10.921,0.91,0.719
tragedy,1580–1589,15,Friars and holy orders in plot,12,205,Doctor Faustus,"Anonymous / Marlowe, Christopher",1588,4.277,0.356,0.281
tragedy,1580–1589,17,"Eastern conquest: Persians, Turks and soldans",12,94,1 Tamburlaine the Great,"Marlowe, Christopher",1587,70.182,5.849,0.375
tragedy,1580–1589,17,"Eastern conquest: Persians, Turks and soldans",12,131,"The Wars of Cyrus, King of Persia",Anonymous,1588,69.038,5.753,0.369
tragedy,1580–1589,17,"Eastern conquest: Persians, Turks and soldans",12,95,2 Tamburlaine the Great,"Marlowe, Christopher",1587,35.87,2.989,0.192
tragedy,1580–1589,22,"Shepherds, flocks and Pan",12,94,1 Tamburlaine the Great,"Marlowe, Christopher",1587,3.064,0.255,1.0
tragedy,1580–1589,23,"Husbands, wives and jealousy",12,109,Soliman and Perseda (Zulziman),Anonymous,1588,2.748,0.229,1.0
tragedy,1580–1589,25,"Kings, power and law: political sententiae",12,89,The Misfortunes of Arthur (Certain Devices and Shows Presented to Her Majesty),"Hughes, Thomas / Fulbecke, William",1588,10.94,0.912,1.0
tragedy,1580–1589,26,"Devils, hell and fiends",12,205,Doctor Faustus,"Anonymous / Marlowe, Christopher",1588,4.179,0.348,1.0
tragedy,1580–1589,33,"Fathers, daughters and marriage negotiations",12,475,The Jew of Malta,"Marlowe, Christopher",1589,2.65,0.221,1.0
tragedy,1580–1589,34,"Thebes and royal catastrophe: siege, slaughter and funeral rites",12,79,Thebais (Seneca's Third Tragedy),"Seneca, Lucius Annaeus / Newton, Thomas",1581,35.561,2.963,0.925
tragedy,1580–1589,34,"Thebes and royal catastrophe: siege, slaughter and funeral rites",12,94,1 Tamburlaine the Great,"Marlowe, Christopher",1587,2.884,0.24,0.075
tragedy,1580–1589,36,"Hell, Furies and the language of punishment",12,79,Thebais (Seneca's Third Tragedy),"Seneca, Lucius Annaeus / Newton, Thomas",1581,4.404,0.367,0.453
tragedy,1580–1589,36,"Hell, Furies and the language of punishment",12,95,2 Tamburlaine the Great,"Marlowe, Christopher",1587,2.784,0.232,0.286
tragedy,1580–1589,36,"Hell, Furies and the language of punishment",12,110,The Spanish Tragedy (Hieronimo is Mad Again),"Kyd, Thomas",1587,2.533,0.211,0.261
tragedy,1580–1589,44,"Drinking: wine, ale and taverns",12,122,"The Wounds of Civil War, or Marius and Scilla","Lodge, Thomas",1588,2.627,0.219,1.0
tragedy,1580–1589,50,"Fleets, armies and generals: war by sea and land",12,95,2 Tamburlaine the Great,"Marlowe, Christopher",1587,2.876,0.24,1.0
tragedy,1580–1589,56,"Magic, spells and conjuring",12,205,Doctor Faustus,"Anonymous / Marlowe, Christopher",1588,17.702,1.475,1.0
tragedy,1580–1589,59,"Spanish courts: war, honour and courtship",12,110,The Spanish Tragedy (Hieronimo is Mad Again),"Kyd, Thomas",1587,4.934,0.411,0.503
tragedy,1580–1589,59,"Spanish courts: war, honour and courtship",12,127,The Battle of Alcazar,"Peele, George",1588,4.873,0.406,0.497
tragedy,1580–1589,60,"Imperial Rome: rulers, favour and political exemplars",12,475,The Jew of Malta,"Marlowe, Christopher",1589,2.731,0.228,1.0
tragedy,1590–1599,1,"Death, grief and revenge",12,182,Two Lamentable Tragedies,"Yarington, Robert",1595,15.882,1.324,0.23
tragedy,1590–1599,1,"Death, grief and revenge",12,107,Master Arden of Faversham in Kent,"Anonymous / Kyd, Thomas / Shakespeare, William / Watson, Thomas",1590,12.453,1.038,0.181
tragedy,1590–1599,1,"Death, grief and revenge",12,132,Cleopatra,"Daniel, Samuel",1593,11.919,0.993,0.173
tragedy,1590–1599,2,"Roman politics: senate, consuls and civil war",12,116,Cornelia (Pompey the Great His Fair Cornelia's Tragedy),"Garnier, Robert / Kyd, Thomas",1594,61.522,5.127,0.424
tragedy,1590–1599,2,"Roman politics: senate, consuls and civil war",12,403,Julius Caesar,"Shakespeare, William",1599,53.508,4.459,0.369
tragedy,1590–1599,2,"Roman politics: senate, consuls and civil war",12,117,Titus Andronicus,"Peele, George / Shakespeare, William",1592,15.79,1.316,0.109
tragedy,1590–1599,4,Love-longing and the lover's complaint,12,143,Romeo and Juliet,"Shakespeare, William",1595,12.2,1.017,0.593
tragedy,1590–1599,4,Love-longing and the lover's complaint,12,107,Master Arden of Faversham in Kent,"Anonymous / Kyd, Thomas / Shakespeare, William / Watson, Thomas",1590,5.115,0.426,0.249
tragedy,1590–1599,4,Love-longing and the lover's complaint,12,136,"Locrine, the Eldest Son of King Brutus","S., W.",1591,3.267,0.272,0.159
tragedy,1590–1599,5,"Christian faith, sin and salvation",12,182,Two Lamentable Tragedies,"Yarington, Robert",1595,8.236,0.686,1.0
tragedy,1590–1599,6,"Money, debt and credit",12,182,Two Lamentable Tragedies,"Yarington, Robert",1595,2.789,0.232,1.0
tragedy,1590–1599,7,The Trojan war: conflict and its aftermath,12,136,"Locrine, the Eldest Son of King Brutus","S., W.",1591,6.658,0.555,1.0
tragedy,1590–1599,14,"Royal love, favour and dynastic relationships",12,132,Cleopatra,"Daniel, Samuel",1593,4.004,0.334,1.0
tragedy,1590–1599,15,Friars and holy orders in plot,12,143,Romeo and Juliet,"Shakespeare, William",1595,14.381,1.198,0.603
tragedy,1590–1599,15,Friars and holy orders in plot,12,133,The Massacre at Paris,"Marlowe, Christopher",1593,5.066,0.422,0.212
tragedy,1590–1599,15,Friars and holy orders in plot,12,180,"The Death of Robert, Earl of Huntingdon (2 Robin Hood)","Munday, Anthony / Chettle, Henry",1598,4.421,0.368,0.185
tragedy,1590–1599,17,"Eastern conquest: Persians, Turks and soldans",12,136,"Locrine, the Eldest Son of King Brutus","S., W.",1591,6.41,0.534,1.0
tragedy,1590–1599,18,"Rebels, barons and the king's wars at home",12,180,"The Death of Robert, Earl of Huntingdon (2 Robin Hood)","Munday, Anthony / Chettle, Henry",1598,2.107,0.176,1.0
tragedy,1590–1599,20,"Hercules: labours, suffering and virtue",12,108,Antonius (Antony),"Herbert, Mary Sidney / Garnier, Robert / Sidney Herbert, Mary",1590,3.229,0.269,1.0
tragedy,1590–1599,21,"Cupid, Venus and the nymphs",12,136,"Locrine, the Eldest Son of King Brutus","S., W.",1591,2.869,0.239,1.0
tragedy,1590–1599,22,"Shepherds, flocks and Pan",12,182,Two Lamentable Tragedies,"Yarington, Robert",1595,2.652,0.221,1.0
tragedy,1590–1599,25,"Kings, power and law: political sententiae",12,278,Mustapha,"Greville, Fulke",1596,62.284,5.19,1.0
tragedy,1590–1599,28,"Marriage-making: weddings, brides and matches",12,136,"Locrine, the Eldest Son of King Brutus","S., W.",1591,3.221,0.268,1.0
tragedy,1590–1599,31,"Popes, cardinals and the crown",12,133,The Massacre at Paris,"Marlowe, Christopher",1593,15.571,1.298,1.0
tragedy,1590–1599,32,Rings and jewels as tokens,12,180,"The Death of Robert, Earl of Huntingdon (2 Robin Hood)","Munday, Anthony / Chettle, Henry",1598,2.272,0.189,1.0
tragedy,1590–1599,33,"Fathers, daughters and marriage negotiations",12,143,Romeo and Juliet,"Shakespeare, William",1595,2.135,0.178,1.0
tragedy,1590–1599,34,"Thebes and royal catastrophe: siege, slaughter and funeral rites",12,117,Titus Andronicus,"Peele, George / Shakespeare, William",1592,2.666,0.222,1.0
tragedy,1590–1599,36,"Hell, Furies and the language of punishment",12,136,"Locrine, the Eldest Son of King Brutus","S., W.",1591,6.051,0.504,0.476
tragedy,1590–1599,36,"Hell, Furies and the language of punishment",12,116,Cornelia (Pompey the Great His Fair Cornelia's Tragedy),"Garnier, Robert / Kyd, Thomas",1594,3.331,0.278,0.262
tragedy,1590–1599,36,"Hell, Furies and the language of punishment",12,108,Antonius (Antony),"Herbert, Mary Sidney / Garnier, Robert / Sidney Herbert, Mary",1590,3.32,0.277,0.261
tragedy,1590–1599,40,"Sin, guilt and violent loss within families",12,182,Two Lamentable Tragedies,"Yarington, Robert",1595,8.208,0.684,0.51
tragedy,1590–1599,40,"Sin, guilt and violent loss within families",12,117,Titus Andronicus,"Peele, George / Shakespeare, William",1592,7.893,0.658,0.49
tragedy,1590–1599,46,"Swords, quarrels and valour",12,136,"Locrine, the Eldest Son of King Brutus","S., W.",1591,3.215,0.268,1.0
tragedy,1590–1599,52,"Prodigals, portions and poor kin",12,403,Julius Caesar,"Shakespeare, William",1599,2.443,0.204,0.538
tragedy,1590–1599,52,"Prodigals, portions and poor kin",12,143,Romeo and Juliet,"Shakespeare, William",1595,2.098,0.175,0.462
tragedy,1590–1599,54,"Antony and Cleopatra: love, death and mourning",12,108,Antonius (Antony),"Herbert, Mary Sidney / Garnier, Robert / Sidney Herbert, Mary",1590,41.67,3.472,0.578
tragedy,1590–1599,54,"Antony and Cleopatra: love, death and mourning",12,132,Cleopatra,"Daniel, Samuel",1593,30.467,2.539,0.422
tragedy,1590–1599,55,"Fairies, fairy queens and enchanted desire",12,143,Romeo and Juliet,"Shakespeare, William",1595,2.051,0.171,1.0
tragedy,1590–1599,60,"Imperial Rome: rulers, favour and political exemplars",12,117,Titus Andronicus,"Peele, George / Shakespeare, William",1592,7.684,0.64,0.515
tragedy,1590–1599,60,"Imperial Rome: rulers, favour and political exemplars",12,132,Cleopatra,"Daniel, Samuel",1593,7.237,0.603,0.485
tragedy,1600–1609,0,"Court life: dukes, favour and honour",29,253,The Revenger's Tragedy,"Middleton, Thomas",1606,64.942,2.239,0.392
tragedy,1600–1609,0,"Court life: dukes, favour and honour",29,438,"Hoffman, or A Revenge for a Father","Chettle, Henry",1603,27.946,0.964,0.169
tragedy,1600–1609,0,"Court life: dukes, favour and honour",29,328,Cupid's Revenge,"Beaumont, Francis / Fletcher, John",1607,19.489,0.672,0.118
tragedy,1600–1609,1,"Death, grief and revenge",29,185,Antonio's Revenge (2 Antonio and Mellida),"Marston, John",1600,35.004,1.207,0.222
tragedy,1600–1609,1,"Death, grief and revenge",29,286,The Turk (Muleasses the Turk),"Mason, John",1607,21.007,0.724,0.133
tragedy,1600–1609,1,"Death, grief and revenge",29,197,"Hamlet, Prince of Denmark","Shakespeare, William",1600,12.489,0.431,0.079
tragedy,1600–1609,2,"Roman politics: senate, consuls and civil war",29,216,Sejanus His Fall,"Jonson, Ben",1603,65.314,2.252,0.237
tragedy,1600–1609,2,"Roman politics: senate, consuls and civil war",29,401,Coriolanus,"Shakespeare, William",1608,64.567,2.226,0.234
tragedy,1600–1609,2,"Roman politics: senate, consuls and civil war",29,261,Julius Caesar,"Alexander, William",1607,63.489,2.189,0.23
tragedy,1600–1609,3,"Sickness, physic and doctors",29,216,Sejanus His Fall,"Jonson, Ben",1603,5.794,0.2,0.434
tragedy,1600–1609,3,"Sickness, physic and doctors",29,404,Macbeth,"Shakespeare, William / Middleton, Thomas",1606,2.959,0.102,0.222
tragedy,1600–1609,3,"Sickness, physic and doctors",29,438,"Hoffman, or A Revenge for a Father","Chettle, Henry",1603,2.617,0.09,0.196
tragedy,1600–1609,4,Love-longing and the lover's complaint,29,231,"The Wonder of Women, or Sophonisba","Marston, John",1605,7.742,0.267,0.283
tragedy,1600–1609,4,Love-longing and the lover's complaint,29,279,Troilus and Cressida,"Shakespeare, William",1602,5.658,0.195,0.207
tragedy,1600–1609,4,Love-longing and the lover's complaint,29,379,"Othello, the Moor of Venice","Shakespeare, William",1604,3.946,0.136,0.144
tragedy,1600–1609,5,"Christian faith, sin and salvation",29,231,"The Wonder of Women, or Sophonisba","Marston, John",1605,4.009,0.138,0.375
tragedy,1600–1609,5,"Christian faith, sin and salvation",29,246,Bussy D'Ambois,"Chapman, George",1604,2.572,0.089,0.241
tragedy,1600–1609,5,"Christian faith, sin and salvation",29,254,"The Devil's Charter, or Pope Alexander the Sixth","Barnes, Barnabe",1606,2.175,0.075,0.203
tragedy,1600–1609,6,"Money, debt and credit",29,402,Timon of Athens,"Shakespeare, William / Middleton, Thomas",1607,14.335,0.494,0.489
tragedy,1600–1609,6,"Money, debt and credit",29,258,A Woman Killed with Kindness,"Heywood, Thomas",1603,5.939,0.205,0.203
tragedy,1600–1609,6,"Money, debt and credit",29,249,The Miseries of Enforced Marriage,"Wilkins, George",1606,4.199,0.145,0.143
tragedy,1600–1609,7,The Trojan war: conflict and its aftermath,29,279,Troilus and Cressida,"Shakespeare, William",1602,55.802,1.924,0.884
tragedy,1600–1609,7,The Trojan war: conflict and its aftermath,29,444,Caesar and Pompey (The Wars of Caesar and Pompey),"Chapman, George",1606,3.207,0.111,0.051
tragedy,1600–1609,7,The Trojan war: conflict and its aftermath,29,246,Bussy D'Ambois,"Chapman, George",1604,2.261,0.078,0.036
tragedy,1600–1609,9,"Theatre talk: prologues, poets and players",29,197,"Hamlet, Prince of Denmark","Shakespeare, William",1600,7.506,0.259,0.721
tragedy,1600–1609,9,"Theatre talk: prologues, poets and players",29,286,The Turk (Muleasses the Turk),"Mason, John",1607,2.898,0.1,0.279
tragedy,1600–1609,10,"England and France: war, embassy and peace",29,275,The Tragedy of Charles Duke of Byron,"Chapman, George",1608,10.796,0.372,1.0
tragedy,1600–1609,11,"Siblings, kin and confidants",29,265,King Lear,"Shakespeare, William",1605,6.164,0.213,0.394
tragedy,1600–1609,11,"Siblings, kin and confidants",29,258,A Woman Killed with Kindness,"Heywood, Thomas",1603,2.942,0.101,0.188
tragedy,1600–1609,11,"Siblings, kin and confidants",29,328,Cupid's Revenge,"Beaumont, Francis / Fletcher, John",1607,2.394,0.083,0.153
tragedy,1600–1609,14,"Royal love, favour and dynastic relationships",29,328,Cupid's Revenge,"Beaumont, Francis / Fletcher, John",1607,7.201,0.248,0.489
tragedy,1600–1609,14,"Royal love, favour and dynastic relationships",29,438,"Hoffman, or A Revenge for a Father","Chettle, Henry",1603,2.628,0.091,0.178
tragedy,1600–1609,14,"Royal love, favour and dynastic relationships",29,273,The Rape of Lucrece,"Heywood, Thomas",1607,2.491,0.086,0.169
tragedy,1600–1609,15,Friars and holy orders in plot,29,246,Bussy D'Ambois,"Chapman, George",1604,4.771,0.165,1.0
tragedy,1600–1609,17,"Eastern conquest: Persians, Turks and soldans",29,209,Croesus,"Alexander, William",1604,4.351,0.15,0.6
tragedy,1600–1609,17,"Eastern conquest: Persians, Turks and soldans",29,196,Darius,"Alexander, William",1603,2.904,0.1,0.4
tragedy,1600–1609,18,"Rebels, barons and the king's wars at home",29,404,Macbeth,"Shakespeare, William / Middleton, Thomas",1606,5.948,0.205,0.712
tragedy,1600–1609,18,"Rebels, barons and the king's wars at home",29,246,Bussy D'Ambois,"Chapman, George",1604,2.409,0.083,0.288
tragedy,1600–1609,21,"Cupid, Venus and the nymphs",29,328,Cupid's Revenge,"Beaumont, Francis / Fletcher, John",1607,2.394,0.083,1.0
tragedy,1600–1609,22,"Shepherds, flocks and Pan",29,209,Croesus,"Alexander, William",1604,2.087,0.072,1.0
tragedy,1600–1609,23,"Husbands, wives and jealousy",29,272,A Yorkshire Tragedy,"Middleton, Thomas",1605,8.895,0.307,0.46
tragedy,1600–1609,23,"Husbands, wives and jealousy",29,379,"Othello, the Moor of Venice","Shakespeare, William",1604,5.603,0.193,0.289
tragedy,1600–1609,23,"Husbands, wives and jealousy",29,246,Bussy D'Ambois,"Chapman, George",1604,2.628,0.091,0.136
tragedy,1600–1609,25,"Kings, power and law: political sententiae",29,489,Alaham,"Greville, Fulke",1600,23.603,0.814,0.445
tragedy,1600–1609,25,"Kings, power and law: political sententiae",29,260,The Alexandraean Tragedy,"Alexander, William",1607,7.466,0.257,0.141
tragedy,1600–1609,25,"Kings, power and law: political sententiae",29,209,Croesus,"Alexander, William",1604,6.532,0.225,0.123
tragedy,1600–1609,26,"Devils, hell and fiends",29,272,A Yorkshire Tragedy,"Middleton, Thomas",1605,9.036,0.312,0.652
tragedy,1600–1609,26,"Devils, hell and fiends",29,444,Caesar and Pompey (The Wars of Caesar and Pompey),"Chapman, George",1606,2.972,0.102,0.214
tragedy,1600–1609,26,"Devils, hell and fiends",29,197,"Hamlet, Prince of Denmark","Shakespeare, William",1600,1.848,0.064,0.133
tragedy,1600–1609,27,"Uncles, nephews and cousins: kinship and patronage",29,272,A Yorkshire Tragedy,"Middleton, Thomas",1605,9.867,0.34,0.663
tragedy,1600–1609,27,"Uncles, nephews and cousins: kinship and patronage",29,258,A Woman Killed with Kindness,"Heywood, Thomas",1603,3.034,0.105,0.204
tragedy,1600–1609,27,"Uncles, nephews and cousins: kinship and patronage",29,249,The Miseries of Enforced Marriage,"Wilkins, George",1606,1.983,0.068,0.133
tragedy,1600–1609,28,"Marriage-making: weddings, brides and matches",29,258,A Woman Killed with Kindness,"Heywood, Thomas",1603,6.118,0.211,0.747
tragedy,1600–1609,28,"Marriage-making: weddings, brides and matches",29,249,The Miseries of Enforced Marriage,"Wilkins, George",1606,2.076,0.072,0.253
tragedy,1600–1609,31,"Popes, cardinals and the crown",29,254,"The Devil's Charter, or Pope Alexander the Sixth","Barnes, Barnabe",1606,8.839,0.305,1.0
tragedy,1600–1609,33,"Fathers, daughters and marriage negotiations",29,253,The Revenger's Tragedy,"Middleton, Thomas",1606,2.4,0.083,1.0
tragedy,1600–1609,35,"Fools, wit and railing",29,279,Troilus and Cressida,"Shakespeare, William",1602,7.9,0.272,0.51
tragedy,1600–1609,35,"Fools, wit and railing",29,402,Timon of Athens,"Shakespeare, William / Middleton, Thomas",1607,5.641,0.195,0.364
tragedy,1600–1609,35,"Fools, wit and railing",29,401,Coriolanus,"Shakespeare, William",1608,1.953,0.067,0.126
tragedy,1600–1609,36,"Hell, Furies and the language of punishment",29,231,"The Wonder of Women, or Sophonisba","Marston, John",1605,3.922,0.135,0.524
tragedy,1600–1609,36,"Hell, Furies and the language of punishment",29,260,The Alexandraean Tragedy,"Alexander, William",1607,3.564,0.123,0.476
tragedy,1600–1609,37,"Riches, poverty and covetousness",29,402,Timon of Athens,"Shakespeare, William / Middleton, Thomas",1607,2.962,0.102,0.431
tragedy,1600–1609,37,"Riches, poverty and covetousness",29,279,Troilus and Cressida,"Shakespeare, William",1602,2.074,0.072,0.302
tragedy,1600–1609,37,"Riches, poverty and covetousness",29,260,The Alexandraean Tragedy,"Alexander, William",1607,1.84,0.063,0.268
tragedy,1600–1609,38,"Death, parting and grief at court",29,196,Darius,"Alexander, William",1603,5.837,0.201,0.395
tragedy,1600–1609,38,"Death, parting and grief at court",29,438,"Hoffman, or A Revenge for a Father","Chettle, Henry",1603,2.566,0.088,0.174
tragedy,1600–1609,38,"Death, parting and grief at court",29,273,The Rape of Lucrece,"Heywood, Thomas",1607,2.466,0.085,0.167
tragedy,1600–1609,39,"Profit, conscience and dishonest dealing",29,272,A Yorkshire Tragedy,"Middleton, Thomas",1605,8.205,0.283,1.0
tragedy,1600–1609,40,"Sin, guilt and violent loss within families",29,272,A Yorkshire Tragedy,"Middleton, Thomas",1605,9.195,0.317,0.346
tragedy,1600–1609,40,"Sin, guilt and violent loss within families",29,249,The Miseries of Enforced Marriage,"Wilkins, George",1606,6.378,0.22,0.24
tragedy,1600–1609,40,"Sin, guilt and violent loss within families",29,258,A Woman Killed with Kindness,"Heywood, Thomas",1603,6.199,0.214,0.234
tragedy,1600–1609,44,"Drinking: wine, ale and taverns",29,249,The Miseries of Enforced Marriage,"Wilkins, George",1606,2.132,0.074,1.0
tragedy,1600–1609,45,"Widows, wooing and remarriage",29,328,Cupid's Revenge,"Beaumont, Francis / Fletcher, John",1607,2.492,0.086,1.0
tragedy,1600–1609,49,"Wooing a mistress: suitors, go-betweens and letters",29,249,The Miseries of Enforced Marriage,"Wilkins, George",1606,2.212,0.076,1.0
tragedy,1600–1609,50,"Fleets, armies and generals: war by sea and land",29,405,Antony and Cleopatra,"Shakespeare, William",1606,6.189,0.213,0.477
tragedy,1600–1609,50,"Fleets, armies and generals: war by sea and land",29,444,Caesar and Pompey (The Wars of Caesar and Pompey),"Chapman, George",1606,2.851,0.098,0.22
tragedy,1600–1609,50,"Fleets, armies and generals: war by sea and land",29,401,Coriolanus,"Shakespeare, William",1608,1.994,0.069,0.154
tragedy,1600–1609,51,"Parents and children: blessing, birthright and inheritance",29,404,Macbeth,"Shakespeare, William / Middleton, Thomas",1606,3.214,0.111,0.603
tragedy,1600–1609,51,"Parents and children: blessing, birthright and inheritance",29,265,King Lear,"Shakespeare, William",1605,2.112,0.073,0.397
tragedy,1600–1609,52,"Prodigals, portions and poor kin",29,249,The Miseries of Enforced Marriage,"Wilkins, George",1606,12.803,0.441,0.523
tragedy,1600–1609,52,"Prodigals, portions and poor kin",29,272,A Yorkshire Tragedy,"Middleton, Thomas",1605,9.584,0.33,0.392
tragedy,1600–1609,52,"Prodigals, portions and poor kin",29,265,King Lear,"Shakespeare, William",1605,2.087,0.072,0.085
tragedy,1600–1609,54,"Antony and Cleopatra: love, death and mourning",29,185,Antonio's Revenge (2 Antonio and Mellida),"Marston, John",1600,3.396,0.117,0.406
tragedy,1600–1609,54,"Antony and Cleopatra: love, death and mourning",29,444,Caesar and Pompey (The Wars of Caesar and Pompey),"Chapman, George",1606,2.809,0.097,0.336
tragedy,1600–1609,54,"Antony and Cleopatra: love, death and mourning",29,405,Antony and Cleopatra,"Shakespeare, William",1606,2.153,0.074,0.258
tragedy,1600–1609,56,"Magic, spells and conjuring",29,404,Macbeth,"Shakespeare, William / Middleton, Thomas",1606,3.032,0.105,1.0
tragedy,1600–1609,59,"Spanish courts: war, honour and courtship",29,221,"1 Jeronimo, with the Wars of Portugal",Anonymous,1600,78.081,2.692,0.968
tragedy,1600–1609,59,"Spanish courts: war, honour and courtship",29,275,The Tragedy of Charles Duke of Byron,"Chapman, George",1608,2.54,0.088,0.032
tragedy,1600–1609,60,"Imperial Rome: rulers, favour and political exemplars",29,254,"The Devil's Charter, or Pope Alexander the Sixth","Barnes, Barnabe",1606,2.17,0.075,1.0
tragedy,1610–1619,0,"Court life: dukes, favour and honour",19,306,The White Devil (Vittoria Corombona),"Webster, John",1612,38.912,2.048,0.457
tragedy,1610–1619,0,"Court life: dukes, favour and honour",19,389,The Duchess of Malfi,"Webster, John",1613,25.654,1.35,0.301
tragedy,1610–1619,0,"Court life: dukes, favour and honour",19,565,"The Bloody Brother (Rollo, Duke of Normandy)","Fletcher, John / Field, Nathan / Massinger, Philip",1617,20.541,1.081,0.241
tragedy,1610–1619,1,"Death, grief and revenge",19,293,"The Atheist's Tragedy, or The Honest Man's Revenge","Tourneur, Cyril",1610,24.141,1.271,0.132
tragedy,1610–1619,1,"Death, grief and revenge",19,357,The Maid's Tragedy,"Beaumont, Francis / Fletcher, John",1611,19.361,1.019,0.106
tragedy,1610–1619,1,"Death, grief and revenge",19,464,The Fatal Dowry,"Field, Nathan / Massinger, Philip",1619,18.334,0.965,0.1
tragedy,1610–1619,2,"Roman politics: senate, consuls and civil war",19,296,Catiline His Conspiracy,"Jonson, Ben",1611,86.131,4.533,0.62
tragedy,1610–1619,2,"Roman politics: senate, consuls and civil war",19,410,Nero (Piso's Conspiracy),Anonymous,1619,43.378,2.283,0.312
tragedy,1610–1619,2,"Roman politics: senate, consuls and civil war",19,314,"Cynthia's Revenge, or Maenander's Ecstasy","Stephens, John",1613,4.564,0.24,0.033
tragedy,1610–1619,3,"Sickness, physic and doctors",19,389,The Duchess of Malfi,"Webster, John",1613,6.412,0.337,0.302
tragedy,1610–1619,3,"Sickness, physic and doctors",19,382,Herod and Antipater,"Markham, Gervase / Sampson, William",1619,4.561,0.24,0.215
tragedy,1610–1619,3,"Sickness, physic and doctors",19,471,All's Lost by Lust,"Rowley, William",1619,2.913,0.153,0.137
tragedy,1610–1619,4,Love-longing and the lover's complaint,19,315,The Insatiate Countess,"Marston, John / Machin, Lewis / Barkstead, William",1610,4.895,0.258,0.47
tragedy,1610–1619,4,Love-longing and the lover's complaint,19,458,"The Courageous Turk, or Amurath the First","Goffe, Thomas",1619,3.121,0.164,0.3
tragedy,1610–1619,4,Love-longing and the lover's complaint,19,357,The Maid's Tragedy,"Beaumont, Francis / Fletcher, John",1611,2.391,0.126,0.23
tragedy,1610–1619,5,"Christian faith, sin and salvation",19,307,The Revenge of Bussy D'Ambois,"Chapman, George",1610,2.643,0.139,0.56
tragedy,1610–1619,5,"Christian faith, sin and salvation",19,306,The White Devil (Vittoria Corombona),"Webster, John",1612,2.078,0.109,0.44
tragedy,1610–1619,6,"Money, debt and credit",19,306,The White Devil (Vittoria Corombona),"Webster, John",1612,2.037,0.107,1.0
tragedy,1610–1619,7,The Trojan war: conflict and its aftermath,19,314,"Cynthia's Revenge, or Maenander's Ecstasy","Stephens, John",1613,10.561,0.556,0.755
tragedy,1610–1619,7,The Trojan war: conflict and its aftermath,19,458,"The Courageous Turk, or Amurath the First","Goffe, Thomas",1619,3.432,0.181,0.245
tragedy,1610–1619,8,"Captains, gallants and cheats",19,368,Thierry and Theodoret,"Anonymous / Fletcher, John / Massinger, Philip",1617,5.354,0.282,0.404
tragedy,1610–1619,8,"Captains, gallants and cheats",19,300,A Christian Turned Turk (The Two Famous Pirates),"Daborne, Robert",1611,5.345,0.281,0.404
tragedy,1610–1619,8,"Captains, gallants and cheats",19,565,"The Bloody Brother (Rollo, Duke of Normandy)","Fletcher, John / Field, Nathan / Massinger, Philip",1617,2.538,0.134,0.192
tragedy,1610–1619,9,"Theatre talk: prologues, poets and players",19,458,"The Courageous Turk, or Amurath the First","Goffe, Thomas",1619,3.121,0.164,0.363
tragedy,1610–1619,9,"Theatre talk: prologues, poets and players",19,471,All's Lost by Lust,"Rowley, William",1619,2.975,0.157,0.346
tragedy,1610–1619,9,"Theatre talk: prologues, poets and players",19,307,The Revenge of Bussy D'Ambois,"Chapman, George",1610,2.509,0.132,0.292
tragedy,1610–1619,10,"England and France: war, embassy and peace",19,410,Nero (Piso's Conspiracy),Anonymous,1619,2.882,0.152,0.512
tragedy,1610–1619,10,"England and France: war, embassy and peace",19,550,"Chabot, Admiral of France","Chapman, George / Shirley, James",1612,2.742,0.144,0.488
tragedy,1610–1619,11,"Siblings, kin and confidants",19,357,The Maid's Tragedy,"Beaumont, Francis / Fletcher, John",1611,9.64,0.507,0.385
tragedy,1610–1619,11,"Siblings, kin and confidants",19,471,All's Lost by Lust,"Rowley, William",1619,9.063,0.477,0.362
tragedy,1610–1619,11,"Siblings, kin and confidants",19,307,The Revenge of Bussy D'Ambois,"Chapman, George",1610,2.617,0.138,0.104
tragedy,1610–1619,12,"Olympian gods: Jupiter, Juno, Venus and Mars",19,458,"The Courageous Turk, or Amurath the First","Goffe, Thomas",1619,10.081,0.531,0.816
tragedy,1610–1619,12,"Olympian gods: Jupiter, Juno, Venus and Mars",19,357,The Maid's Tragedy,"Beaumont, Francis / Fletcher, John",1611,2.272,0.12,0.184
tragedy,1610–1619,14,"Royal love, favour and dynastic relationships",19,567,The Bloody Banquet,"Dekker, Thomas / Middleton, Thomas",1610,3.46,0.182,0.329
tragedy,1610–1619,14,"Royal love, favour and dynastic relationships",19,410,Nero (Piso's Conspiracy),Anonymous,1619,2.836,0.149,0.27
tragedy,1610–1619,14,"Royal love, favour and dynastic relationships",19,368,Thierry and Theodoret,"Anonymous / Fletcher, John / Massinger, Philip",1617,2.669,0.14,0.254
tragedy,1610–1619,15,Friars and holy orders in plot,19,565,"The Bloody Brother (Rollo, Duke of Normandy)","Fletcher, John / Field, Nathan / Massinger, Philip",1617,2.543,0.134,1.0
tragedy,1610–1619,16,"Gallantry: ladies, lordships and compliment",19,567,The Bloody Banquet,"Dekker, Thomas / Middleton, Thomas",1610,7.132,0.375,1.0
tragedy,1610–1619,17,"Eastern conquest: Persians, Turks and soldans",19,458,"The Courageous Turk, or Amurath the First","Goffe, Thomas",1619,14.355,0.756,0.59
tragedy,1610–1619,17,"Eastern conquest: Persians, Turks and soldans",19,447,"The Raging Turk, or Bajazet the Second","Goffe, Thomas",1617,9.968,0.525,0.41
tragedy,1610–1619,18,"Rebels, barons and the king's wars at home",19,307,The Revenge of Bussy D'Ambois,"Chapman, George",1610,2.571,0.135,1.0
tragedy,1610–1619,23,"Husbands, wives and jealousy",19,315,The Insatiate Countess,"Marston, John / Machin, Lewis / Barkstead, William",1610,5.146,0.271,0.269
tragedy,1610–1619,23,"Husbands, wives and jealousy",19,306,The White Devil (Vittoria Corombona),"Webster, John",1612,4.094,0.215,0.214
tragedy,1610–1619,23,"Husbands, wives and jealousy",19,307,The Revenge of Bussy D'Ambois,"Chapman, George",1610,2.648,0.139,0.139
tragedy,1610–1619,24,"Apollo, Phoebus and the Muses",19,410,Nero (Piso's Conspiracy),Anonymous,1619,2.704,0.142,0.574
tragedy,1610–1619,24,"Apollo, Phoebus and the Muses",19,306,The White Devil (Vittoria Corombona),"Webster, John",1612,2.008,0.106,0.426
tragedy,1610–1619,25,"Kings, power and law: political sententiae",19,307,The Revenge of Bussy D'Ambois,"Chapman, George",1610,5.476,0.288,0.438
tragedy,1610–1619,25,"Kings, power and law: political sententiae",19,458,"The Courageous Turk, or Amurath the First","Goffe, Thomas",1619,3.452,0.182,0.276
tragedy,1610–1619,25,"Kings, power and law: political sententiae",19,447,"The Raging Turk, or Bajazet the Second","Goffe, Thomas",1617,2.127,0.112,0.17
tragedy,1610–1619,26,"Devils, hell and fiends",19,389,The Duchess of Malfi,"Webster, John",1613,4.038,0.213,0.423
tragedy,1610–1619,26,"Devils, hell and fiends",19,458,"The Courageous Turk, or Amurath the First","Goffe, Thomas",1619,3.466,0.182,0.363
tragedy,1610–1619,26,"Devils, hell and fiends",19,306,The White Devil (Vittoria Corombona),"Webster, John",1612,2.033,0.107,0.213
tragedy,1610–1619,28,"Marriage-making: weddings, brides and matches",19,471,All's Lost by Lust,"Rowley, William",1619,3.1,0.163,0.402
tragedy,1610–1619,28,"Marriage-making: weddings, brides and matches",19,464,The Fatal Dowry,"Field, Nathan / Massinger, Philip",1619,2.462,0.13,0.319
tragedy,1610–1619,28,"Marriage-making: weddings, brides and matches",19,389,The Duchess of Malfi,"Webster, John",1613,2.15,0.113,0.279
tragedy,1610–1619,30,"Constables, justices and the watch",19,550,"Chabot, Admiral of France","Chapman, George / Shirley, James",1612,2.71,0.143,1.0
tragedy,1610–1619,31,"Popes, cardinals and the crown",19,389,The Duchess of Malfi,"Webster, John",1613,8.343,0.439,0.806
tragedy,1610–1619,31,"Popes, cardinals and the crown",19,306,The White Devil (Vittoria Corombona),"Webster, John",1612,2.003,0.105,0.194
tragedy,1610–1619,32,Rings and jewels as tokens,19,567,The Bloody Banquet,"Dekker, Thomas / Middleton, Thomas",1610,3.665,0.193,0.634
tragedy,1610–1619,32,Rings and jewels as tokens,19,389,The Duchess of Malfi,"Webster, John",1613,2.12,0.112,0.366
tragedy,1610–1619,33,"Fathers, daughters and marriage negotiations",19,471,All's Lost by Lust,"Rowley, William",1619,2.988,0.157,1.0
tragedy,1610–1619,35,"Fools, wit and railing",19,314,"Cynthia's Revenge, or Maenander's Ecstasy","Stephens, John",1613,1.481,0.078,1.0
tragedy,1610–1619,36,"Hell, Furies and the language of punishment",19,458,"The Courageous Turk, or Amurath the First","Goffe, Thomas",1619,6.843,0.36,0.792
tragedy,1610–1619,36,"Hell, Furies and the language of punishment",19,296,Catiline His Conspiracy,"Jonson, Ben",1611,1.794,0.094,0.208
tragedy,1610–1619,37,"Riches, poverty and covetousness",19,314,"Cynthia's Revenge, or Maenander's Ecstasy","Stephens, John",1613,1.577,0.083,1.0
tragedy,1610–1619,38,"Death, parting and grief at court",19,382,Herod and Antipater,"Markham, Gervase / Sampson, William",1619,6.707,0.353,0.739
tragedy,1610–1619,38,"Death, parting and grief at court",19,550,"Chabot, Admiral of France","Chapman, George / Shirley, James",1612,2.367,0.125,0.261
tragedy,1610–1619,40,"Sin, guilt and violent loss within families",19,307,The Revenge of Bussy D'Ambois,"Chapman, George",1610,5.244,0.276,0.352
tragedy,1610–1619,40,"Sin, guilt and violent loss within families",19,293,"The Atheist's Tragedy, or The Honest Man's Revenge","Tourneur, Cyril",1610,2.504,0.132,0.168
tragedy,1610–1619,40,"Sin, guilt and violent loss within families",19,357,The Maid's Tragedy,"Beaumont, Francis / Fletcher, John",1611,2.477,0.13,0.166
tragedy,1610–1619,44,"Drinking: wine, ale and taverns",19,565,"The Bloody Brother (Rollo, Duke of Normandy)","Fletcher, John / Field, Nathan / Massinger, Philip",1617,2.596,0.137,1.0
tragedy,1610–1619,45,"Widows, wooing and remarriage",19,471,All's Lost by Lust,"Rowley, William",1619,3.225,0.17,0.566
tragedy,1610–1619,45,"Widows, wooing and remarriage",19,315,The Insatiate Countess,"Marston, John / Machin, Lewis / Barkstead, William",1610,2.475,0.13,0.434
tragedy,1610–1619,46,"Swords, quarrels and valour",19,368,Thierry and Theodoret,"Anonymous / Fletcher, John / Massinger, Philip",1617,2.648,0.139,0.517
tragedy,1610–1619,46,"Swords, quarrels and valour",19,464,The Fatal Dowry,"Field, Nathan / Massinger, Philip",1619,2.476,0.13,0.483
tragedy,1610–1619,47,"Knaves, thieves and bawds",19,300,A Christian Turned Turk (The Two Famous Pirates),"Daborne, Robert",1611,2.627,0.138,0.287
tragedy,1610–1619,47,"Knaves, thieves and bawds",19,565,"The Bloody Brother (Rollo, Duke of Normandy)","Fletcher, John / Field, Nathan / Massinger, Philip",1617,2.47,0.13,0.27
tragedy,1610–1619,47,"Knaves, thieves and bawds",19,389,The Duchess of Malfi,"Webster, John",1613,2.129,0.112,0.233
tragedy,1610–1619,49,"Wooing a mistress: suitors, go-betweens and letters",19,464,The Fatal Dowry,"Field, Nathan / Massinger, Philip",1619,2.491,0.131,1.0
tragedy,1610–1619,50,"Fleets, armies and generals: war by sea and land",19,307,The Revenge of Bussy D'Ambois,"Chapman, George",1610,2.566,0.135,0.572
tragedy,1610–1619,50,"Fleets, armies and generals: war by sea and land",19,447,"The Raging Turk, or Bajazet the Second","Goffe, Thomas",1617,1.92,0.101,0.428
tragedy,1610–1619,51,"Parents and children: blessing, birthright and inheritance",19,368,Thierry and Theodoret,"Anonymous / Fletcher, John / Massinger, Philip",1617,2.779,0.146,0.507
tragedy,1610–1619,51,"Parents and children: blessing, birthright and inheritance",19,565,"The Bloody Brother (Rollo, Duke of Normandy)","Fletcher, John / Field, Nathan / Massinger, Philip",1617,2.706,0.142,0.493
tragedy,1610–1619,54,"Antony and Cleopatra: love, death and mourning",19,382,Herod and Antipater,"Markham, Gervase / Sampson, William",1619,4.445,0.234,0.596
tragedy,1610–1619,54,"Antony and Cleopatra: love, death and mourning",19,471,All's Lost by Lust,"Rowley, William",1619,3.019,0.159,0.404
tragedy,1610–1619,56,"Magic, spells and conjuring",19,368,Thierry and Theodoret,"Anonymous / Fletcher, John / Massinger, Philip",1617,2.544,0.134,1.0
tragedy,1610–1619,59,"Spanish courts: war, honour and courtship",19,471,All's Lost by Lust,"Rowley, William",1619,5.782,0.304,1.0
tragedy,1610–1619,60,"Imperial Rome: rulers, favour and political exemplars",19,382,Herod and Antipater,"Markham, Gervase / Sampson, William",1619,8.987,0.473,0.633
tragedy,1610–1619,60,"Imperial Rome: rulers, favour and political exemplars",19,410,Nero (Piso's Conspiracy),Anonymous,1619,2.802,0.147,0.197
tragedy,1610–1619,60,"Imperial Rome: rulers, favour and political exemplars",19,307,The Revenge of Bussy D'Ambois,"Chapman, George",1610,2.411,0.127,0.17
tragedy,1610–1619,62,"The courtier as a type: fashion, affectation and foreign manners",19,389,The Duchess of Malfi,"Webster, John",1613,2.193,0.115,0.593
tragedy,1610–1619,62,"The courtier as a type: fashion, affectation and foreign manners",19,314,"Cynthia's Revenge, or Maenander's Ecstasy","Stephens, John",1613,1.508,0.079,0.407
tragedy,1620–1629,0,"Court life: dukes, favour and honour",13,386,The Duke of Milan,"Massinger, Philip",1621,40.008,3.078,0.492
tragedy,1620–1629,0,"Court life: dukes, favour and honour",13,427,The Cruel Brother,"Davenant, William",1627,31.182,2.399,0.384
tragedy,1620–1629,0,"Court life: dukes, favour and honour",13,418,"Lodovic Sforza, Duke of Milan","Gomersall, Robert",1628,6.283,0.483,0.077
tragedy,1620–1629,1,"Death, grief and revenge",13,485,Orestes,"Goffe, Thomas",1620,23.52,1.809,0.204
tragedy,1620–1629,1,"Death, grief and revenge",13,418,"Lodovic Sforza, Duke of Milan","Gomersall, Robert",1628,21.7,1.669,0.188
tragedy,1620–1629,1,"Death, grief and revenge",13,562,The Maid's Revenge,"Shirley, James",1626,11.679,0.898,0.101
tragedy,1620–1629,2,"Roman politics: senate, consuls and civil war",13,553,"Cleopatra, Queen of Egypt","May, Thomas",1626,28.442,2.188,0.929
tragedy,1620–1629,2,"Roman politics: senate, consuls and civil war",13,380,The Virgin Martyr,"Dekker, Thomas / Massinger, Philip",1620,2.177,0.167,0.071
tragedy,1620–1629,3,"Sickness, physic and doctors",13,562,The Maid's Revenge,"Shirley, James",1626,14.286,1.099,0.575
tragedy,1620–1629,3,"Sickness, physic and doctors",13,559,The Unnatural Combat,"Massinger, Philip",1626,2.919,0.225,0.118
tragedy,1620–1629,3,"Sickness, physic and doctors",13,485,Orestes,"Goffe, Thomas",1620,2.645,0.203,0.107
tragedy,1620–1629,4,Love-longing and the lover's complaint,13,510,"The Vow Breaker, or The Fair Maid of Clifton","Sampson, William",1628,2.873,0.221,0.343
tragedy,1620–1629,4,Love-longing and the lover's complaint,13,562,The Maid's Revenge,"Shirley, James",1626,2.768,0.213,0.331
tragedy,1620–1629,4,Love-longing and the lover's complaint,13,480,The Broken Heart,"Ford, John",1629,2.727,0.21,0.326
tragedy,1620–1629,5,"Christian faith, sin and salvation",13,380,The Virgin Martyr,"Dekker, Thomas / Massinger, Philip",1620,2.372,0.182,1.0
tragedy,1620–1629,7,The Trojan war: conflict and its aftermath,13,485,Orestes,"Goffe, Thomas",1620,5.016,0.386,1.0
tragedy,1620–1629,8,"Captains, gallants and cheats",13,559,The Unnatural Combat,"Massinger, Philip",1626,2.729,0.21,1.0
tragedy,1620–1629,9,"Theatre talk: prologues, poets and players",13,510,"The Vow Breaker, or The Fair Maid of Clifton","Sampson, William",1628,2.902,0.223,1.0
tragedy,1620–1629,10,"England and France: war, embassy and peace",13,418,"Lodovic Sforza, Duke of Milan","Gomersall, Robert",1628,28.046,2.157,0.484
tragedy,1620–1629,10,"England and France: war, embassy and peace",13,510,"The Vow Breaker, or The Fair Maid of Clifton","Sampson, William",1628,22.345,1.719,0.386
tragedy,1620–1629,10,"England and France: war, embassy and peace",13,386,The Duke of Milan,"Massinger, Philip",1621,4.722,0.363,0.082
tragedy,1620–1629,11,"Siblings, kin and confidants",13,562,The Maid's Revenge,"Shirley, James",1626,17.312,1.332,0.612
tragedy,1620–1629,11,"Siblings, kin and confidants",13,427,The Cruel Brother,"Davenant, William",1627,5.656,0.435,0.2
tragedy,1620–1629,11,"Siblings, kin and confidants",13,480,The Broken Heart,"Ford, John",1629,5.342,0.411,0.189
tragedy,1620–1629,12,"Olympian gods: Jupiter, Juno, Venus and Mars",13,380,The Virgin Martyr,"Dekker, Thomas / Massinger, Philip",1620,4.572,0.352,1.0
tragedy,1620–1629,14,"Royal love, favour and dynastic relationships",13,480,The Broken Heart,"Ford, John",1629,5.038,0.388,0.521
tragedy,1620–1629,14,"Royal love, favour and dynastic relationships",13,380,The Virgin Martyr,"Dekker, Thomas / Massinger, Philip",1620,4.634,0.356,0.479
tragedy,1620–1629,15,Friars and holy orders in plot,13,490,"The Noble Spanish Soldier (The Noble Soldier, or A Contract Broken Justly Revenged)","Dekker, Thomas",1622,3.577,0.275,1.0
tragedy,1620–1629,16,"Gallantry: ladies, lordships and compliment",13,559,The Unnatural Combat,"Massinger, Philip",1626,5.49,0.422,1.0
tragedy,1620–1629,18,"Rebels, barons and the king's wars at home",13,510,"The Vow Breaker, or The Fair Maid of Clifton","Sampson, William",1628,2.748,0.211,1.0
tragedy,1620–1629,22,"Shepherds, flocks and Pan",13,559,The Unnatural Combat,"Massinger, Philip",1626,2.761,0.212,1.0
tragedy,1620–1629,23,"Husbands, wives and jealousy",13,427,The Cruel Brother,"Davenant, William",1627,2.831,0.218,1.0
tragedy,1620–1629,25,"Kings, power and law: political sententiae",13,418,"Lodovic Sforza, Duke of Milan","Gomersall, Robert",1628,3.389,0.261,1.0
tragedy,1620–1629,26,"Devils, hell and fiends",13,380,The Virgin Martyr,"Dekker, Thomas / Massinger, Philip",1620,2.286,0.176,1.0
tragedy,1620–1629,28,"Marriage-making: weddings, brides and matches",13,510,"The Vow Breaker, or The Fair Maid of Clifton","Sampson, William",1628,2.777,0.214,1.0
tragedy,1620–1629,32,Rings and jewels as tokens,13,480,The Broken Heart,"Ford, John",1629,2.653,0.204,1.0
tragedy,1620–1629,34,"Thebes and royal catastrophe: siege, slaughter and funeral rites",13,450,"Antigone, the Theban Princess","May, Thomas",1627,47.432,3.649,0.795
tragedy,1620–1629,34,"Thebes and royal catastrophe: siege, slaughter and funeral rites",13,553,"Cleopatra, Queen of Egypt","May, Thomas",1626,6.862,0.528,0.115
tragedy,1620–1629,34,"Thebes and royal catastrophe: siege, slaughter and funeral rites",13,480,The Broken Heart,"Ford, John",1629,2.722,0.209,0.046
tragedy,1620–1629,35,"Fools, wit and railing",13,427,The Cruel Brother,"Davenant, William",1627,2.762,0.212,1.0
tragedy,1620–1629,36,"Hell, Furies and the language of punishment",13,485,Orestes,"Goffe, Thomas",1620,10.44,0.803,0.552
tragedy,1620–1629,36,"Hell, Furies and the language of punishment",13,450,"Antigone, the Theban Princess","May, Thomas",1627,8.466,0.651,0.448
tragedy,1620–1629,38,"Death, parting and grief at court",13,480,The Broken Heart,"Ford, John",1629,2.647,0.204,0.512
tragedy,1620–1629,38,"Death, parting and grief at court",13,422,"Albovine, King of the Lombards","Davenant, William",1626,2.524,0.194,0.488
tragedy,1620–1629,40,"Sin, guilt and violent loss within families",13,427,The Cruel Brother,"Davenant, William",1627,2.704,0.208,1.0
tragedy,1620–1629,44,"Drinking: wine, ale and taverns",13,510,"The Vow Breaker, or The Fair Maid of Clifton","Sampson, William",1628,2.686,0.207,0.537
tragedy,1620–1629,44,"Drinking: wine, ale and taverns",13,380,The Virgin Martyr,"Dekker, Thomas / Massinger, Philip",1620,2.319,0.178,0.463
tragedy,1620–1629,47,"Knaves, thieves and bawds",13,380,The Virgin Martyr,"Dekker, Thomas / Massinger, Philip",1620,2.272,0.175,1.0
tragedy,1620–1629,50,"Fleets, armies and generals: war by sea and land",13,490,"The Noble Spanish Soldier (The Noble Soldier, or A Contract Broken Justly Revenged)","Dekker, Thomas",1622,7.456,0.574,1.0
tragedy,1620–1629,51,"Parents and children: blessing, birthright and inheritance",13,510,"The Vow Breaker, or The Fair Maid of Clifton","Sampson, William",1628,2.453,0.189,1.0
tragedy,1620–1629,54,"Antony and Cleopatra: love, death and mourning",13,553,"Cleopatra, Queen of Egypt","May, Thomas",1626,13.759,1.058,1.0
tragedy,1620–1629,56,"Magic, spells and conjuring",13,485,Orestes,"Goffe, Thomas",1620,2.591,0.199,1.0
tragedy,1620–1629,59,"Spanish courts: war, honour and courtship",13,490,"The Noble Spanish Soldier (The Noble Soldier, or A Contract Broken Justly Revenged)","Dekker, Thomas",1622,22.286,1.714,0.903
tragedy,1620–1629,59,"Spanish courts: war, honour and courtship",13,386,The Duke of Milan,"Massinger, Philip",1621,2.393,0.184,0.097
tragedy,1620–1629,60,"Imperial Rome: rulers, favour and political exemplars",13,380,The Virgin Martyr,"Dekker, Thomas / Massinger, Philip",1620,14.092,1.084,0.856
tragedy,1620–1629,60,"Imperial Rome: rulers, favour and political exemplars",13,386,The Duke of Milan,"Massinger, Philip",1621,2.368,0.182,0.144
tragedy,1630–1639,0,"Court life: dukes, favour and honour",9,478,Love's Sacrifice,"Ford, John",1632,56.393,6.266,0.382
tragedy,1630–1639,0,"Court life: dukes, favour and honour",9,498,The Traitor,"Shirley, James",1631,47.509,5.279,0.321
tragedy,1630–1639,0,"Court life: dukes, favour and honour",9,573,Love's Cruelty,"Shirley, James",1631,42.287,4.699,0.286
tragedy,1630–1639,1,"Death, grief and revenge",9,560,Imperiale,"Freeman, Ralph",1639,21.445,2.383,0.336
tragedy,1630–1639,1,"Death, grief and revenge",9,573,Love's Cruelty,"Shirley, James",1631,12.173,1.353,0.191
tragedy,1630–1639,1,"Death, grief and revenge",9,498,The Traitor,"Shirley, James",1631,10.646,1.183,0.167
tragedy,1630–1639,2,"Roman politics: senate, consuls and civil war",9,513,Hannibal and Scipio,"Nabbes, Thomas",1635,12.671,1.408,0.57
tragedy,1630–1639,2,"Roman politics: senate, consuls and civil war",9,578,"Messalina, the Roman Empress","Richards, Nathaniel",1635,9.578,1.064,0.43
tragedy,1630–1639,3,"Sickness, physic and doctors",9,569,The Phoenix in Her Flames,"Lower, William",1639,4.157,0.462,1.0
tragedy,1630–1639,4,Love-longing and the lover's complaint,9,582,The Rebellion,"Rawlins, Thomas",1633,3.527,0.392,0.221
tragedy,1630–1639,4,Love-longing and the lover's complaint,9,560,Imperiale,"Freeman, Ralph",1639,3.52,0.391,0.221
tragedy,1630–1639,4,Love-longing and the lover's complaint,9,578,"Messalina, the Roman Empress","Richards, Nathaniel",1635,3.256,0.362,0.204
tragedy,1630–1639,8,"Captains, gallants and cheats",9,560,Imperiale,"Freeman, Ralph",1639,3.612,0.401,0.622
tragedy,1630–1639,8,"Captains, gallants and cheats",9,569,The Phoenix in Her Flames,"Lower, William",1639,2.199,0.244,0.378
tragedy,1630–1639,9,"Theatre talk: prologues, poets and players",9,513,Hannibal and Scipio,"Nabbes, Thomas",1635,3.345,0.372,0.296
tragedy,1630–1639,9,"Theatre talk: prologues, poets and players",9,578,"Messalina, the Roman Empress","Richards, Nathaniel",1635,3.231,0.359,0.286
tragedy,1630–1639,9,"Theatre talk: prologues, poets and players",9,582,The Rebellion,"Rawlins, Thomas",1633,3.091,0.343,0.274
tragedy,1630–1639,10,"England and France: war, embassy and peace",9,582,The Rebellion,"Rawlins, Thomas",1633,3.103,0.345,1.0
tragedy,1630–1639,11,"Siblings, kin and confidants",9,498,The Traitor,"Shirley, James",1631,2.597,0.289,1.0
tragedy,1630–1639,12,"Olympian gods: Jupiter, Juno, Venus and Mars",9,537,The Conspiracy (Pallantus and Eudora),"Killigrew, Henry",1635,1.566,0.174,1.0
tragedy,1630–1639,14,"Royal love, favour and dynastic relationships",9,569,The Phoenix in Her Flames,"Lower, William",1639,12.484,1.387,0.661
tragedy,1630–1639,14,"Royal love, favour and dynastic relationships",9,537,The Conspiracy (Pallantus and Eudora),"Killigrew, Henry",1635,6.408,0.712,0.339
tragedy,1630–1639,16,"Gallantry: ladies, lordships and compliment",9,478,Love's Sacrifice,"Ford, John",1632,2.341,0.26,0.604
tragedy,1630–1639,16,"Gallantry: ladies, lordships and compliment",9,537,The Conspiracy (Pallantus and Eudora),"Killigrew, Henry",1635,1.534,0.17,0.396
tragedy,1630–1639,17,"Eastern conquest: Persians, Turks and soldans",9,569,The Phoenix in Her Flames,"Lower, William",1639,37.413,4.157,1.0
tragedy,1630–1639,21,"Cupid, Venus and the nymphs",9,578,"Messalina, the Roman Empress","Richards, Nathaniel",1635,3.193,0.355,1.0
tragedy,1630–1639,23,"Husbands, wives and jealousy",9,573,Love's Cruelty,"Shirley, James",1631,5.944,0.66,0.546
tragedy,1630–1639,23,"Husbands, wives and jealousy",9,478,Love's Sacrifice,"Ford, John",1632,4.944,0.549,0.454
tragedy,1630–1639,25,"Kings, power and law: political sententiae",9,537,The Conspiracy (Pallantus and Eudora),"Killigrew, Henry",1635,1.636,0.182,1.0
tragedy,1630–1639,26,"Devils, hell and fiends",9,478,Love's Sacrifice,"Ford, John",1632,2.302,0.256,1.0
tragedy,1630–1639,27,"Uncles, nephews and cousins: kinship and patronage",9,478,Love's Sacrifice,"Ford, John",1632,2.469,0.274,1.0
tragedy,1630–1639,32,Rings and jewels as tokens,9,478,Love's Sacrifice,"Ford, John",1632,2.42,0.269,1.0
tragedy,1630–1639,36,"Hell, Furies and the language of punishment",9,578,"Messalina, the Roman Empress","Richards, Nathaniel",1635,6.277,0.697,1.0
tragedy,1630–1639,40,"Sin, guilt and violent loss within families",9,578,"Messalina, the Roman Empress","Richards, Nathaniel",1635,3.435,0.382,0.56
tragedy,1630–1639,40,"Sin, guilt and violent loss within families",9,498,The Traitor,"Shirley, James",1631,2.697,0.3,0.44
tragedy,1630–1639,46,"Swords, quarrels and valour",9,569,The Phoenix in Her Flames,"Lower, William",1639,2.12,0.236,0.581
tragedy,1630–1639,46,"Swords, quarrels and valour",9,537,The Conspiracy (Pallantus and Eudora),"Killigrew, Henry",1635,1.528,0.17,0.419
tragedy,1630–1639,49,"Wooing a mistress: suitors, go-betweens and letters",9,573,Love's Cruelty,"Shirley, James",1631,5.968,0.663,1.0
tragedy,1630–1639,50,"Fleets, armies and generals: war by sea and land",9,569,The Phoenix in Her Flames,"Lower, William",1639,2.041,0.227,0.554
tragedy,1630–1639,50,"Fleets, armies and generals: war by sea and land",9,537,The Conspiracy (Pallantus and Eudora),"Killigrew, Henry",1635,1.646,0.183,0.446
tragedy,1630–1639,59,"Spanish courts: war, honour and courtship",9,537,The Conspiracy (Pallantus and Eudora),"Killigrew, Henry",1635,1.518,0.169,1.0
tragedy,1630–1639,60,"Imperial Rome: rulers, favour and political exemplars",9,578,"Messalina, the Roman Empress","Richards, Nathaniel",1635,13.122,1.458,1.0
tragedy,1640–1649,1,"Death, grief and revenge",1,599,"Sicily and Naples, or The Fatal Union","Harding, Samuel",1640,13.107,13.107,1.0
tragedy,1640–1649,3,"Sickness, physic and doctors",1,599,"Sicily and Naples, or The Fatal Union","Harding, Samuel",1640,5.143,5.143,1.0
tragedy,1640–1649,11,"Siblings, kin and confidants",1,599,"Sicily and Naples, or The Fatal Union","Harding, Samuel",1640,2.624,2.624,1.0
tragedy,1640–1649,14,"Royal love, favour and dynastic relationships",1,599,"Sicily and Naples, or The Fatal Union","Harding, Samuel",1640,2.688,2.688,1.0
tragedy,1640–1649,20,"Hercules: labours, suffering and virtue",1,599,"Sicily and Naples, or The Fatal Union","Harding, Samuel",1640,2.619,2.619,1.0
tragedy,1640–1649,26,"Devils, hell and fiends",1,599,"Sicily and Naples, or The Fatal Union","Harding, Samuel",1640,2.746,2.746,1.0
tragedy,1640–1649,38,"Death, parting and grief at court",1,599,"Sicily and Naples, or The Fatal Union","Harding, Samuel",1640,2.64,2.64,1.0
tragedy,1640–1649,50,"Fleets, armies and generals: war by sea and land",1,599,"Sicily and Naples, or The Fatal Union","Harding, Samuel",1640,2.667,2.667,1.0
history,1580–1589,1,"Death, grief and revenge",4,102,2 The Troublesome Reign of King John,Anonymous,1589,5.635,1.409,0.489
history,1580–1589,1,"Death, grief and revenge",4,101,1 The Troublesome Reign of King John,Anonymous,1589,3.582,0.896,0.311
history,1580–1589,1,"Death, grief and revenge",4,213,The True Chronicle of King Leir (King Lear and his Three Daughters),Anonymous,1589,2.297,0.574,0.199
history,1580–1589,10,"England and France: war, embassy and peace",4,101,1 The Troublesome Reign of King John,Anonymous,1589,25.933,6.483,0.617
history,1580–1589,10,"England and France: war, embassy and peace",4,102,2 The Troublesome Reign of King John,Anonymous,1589,16.108,4.027,0.383
history,1580–1589,11,"Siblings, kin and confidants",4,213,The True Chronicle of King Leir (King Lear and his Three Daughters),Anonymous,1589,2.506,0.626,1.0
history,1580–1589,15,Friars and holy orders in plot,4,102,2 The Troublesome Reign of King John,Anonymous,1589,15.48,3.87,0.678
history,1580–1589,15,Friars and holy orders in plot,4,101,1 The Troublesome Reign of King John,Anonymous,1589,7.366,1.842,0.322
history,1580–1589,18,"Rebels, barons and the king's wars at home",4,126,The True Tragedy of Richard the Third,Anonymous,1589,14.968,3.742,1.0
history,1580–1589,31,"Popes, cardinals and the crown",4,102,2 The Troublesome Reign of King John,Anonymous,1589,26.194,6.548,0.78
history,1580–1589,31,"Popes, cardinals and the crown",4,101,1 The Troublesome Reign of King John,Anonymous,1589,7.403,1.851,0.22
history,1580–1589,38,"Death, parting and grief at court",4,102,2 The Troublesome Reign of King John,Anonymous,1589,5.205,1.301,1.0
history,1580–1589,43,York and Lancaster: dynastic claims and conflict,4,101,1 The Troublesome Reign of King John,Anonymous,1589,17.709,4.427,0.632
history,1580–1589,43,York and Lancaster: dynastic claims and conflict,4,126,The True Tragedy of Richard the Third,Anonymous,1589,10.303,2.576,0.368
history,1580–1589,50,"Fleets, armies and generals: war by sea and land",4,213,The True Chronicle of King Leir (King Lear and his Three Daughters),Anonymous,1589,2.335,0.584,1.0
history,1580–1589,51,"Parents and children: blessing, birthright and inheritance",4,213,The True Chronicle of King Leir (King Lear and his Three Daughters),Anonymous,1589,4.528,1.132,1.0
history,1590–1599,0,"Court life: dukes, favour and honour",18,142,Richard the Third,"Shakespeare, William",1593,7.158,0.398,0.246
history,1590–1599,0,"Court life: dukes, favour and honour",18,154,2 Edward the Fourth,"Heywood, Thomas",1599,6.09,0.338,0.21
history,1590–1599,0,"Court life: dukes, favour and honour",18,141,Richard the Second,"Shakespeare, William",1595,4.78,0.266,0.165
history,1590–1599,1,"Death, grief and revenge",18,398,King John,"Shakespeare, William",1596,9.535,0.53,0.241
history,1590–1599,1,"Death, grief and revenge",18,154,2 Edward the Fourth,"Heywood, Thomas",1599,6.103,0.339,0.154
history,1590–1599,1,"Death, grief and revenge",18,142,Richard the Third,"Shakespeare, William",1593,5.434,0.302,0.138
history,1590–1599,3,"Sickness, physic and doctors",18,154,2 Edward the Fourth,"Heywood, Thomas",1599,4.066,0.226,0.668
history,1590–1599,3,"Sickness, physic and doctors",18,167,2 Henry the Fourth,"Shakespeare, William",1597,2.025,0.113,0.332
history,1590–1599,4,Love-longing and the lover's complaint,18,140,The Reign of King Edward the Third,"Anonymous / Shakespeare, William",1593,2.49,0.138,1.0
history,1590–1599,5,"Christian faith, sin and salvation",18,160,The Love of King David and Fair Bathsheba,"Peele, George",1590,70.091,3.894,0.969
history,1590–1599,5,"Christian faith, sin and salvation",18,166,1 Sir John Oldcastle,"Wilson, Robert / Drayton, Michael / Munday, Anthony / Hathaway, Richard",1599,2.262,0.126,0.031
history,1590–1599,6,"Money, debt and credit",18,192,"A Larum for London, or The Siege of Antwerp",Anonymous,1599,8.194,0.455,0.771
history,1590–1599,6,"Money, debt and credit",18,166,1 Sir John Oldcastle,"Wilson, Robert / Drayton, Michael / Munday, Anthony / Hathaway, Richard",1599,2.439,0.135,0.229
history,1590–1599,7,The Trojan war: conflict and its aftermath,18,154,2 Edward the Fourth,"Heywood, Thomas",1599,2.037,0.113,1.0
history,1590–1599,8,"Captains, gallants and cheats",18,153,1 Edward the Fourth,"Heywood, Thomas",1599,2.216,0.123,0.367
history,1590–1599,8,"Captains, gallants and cheats",18,167,2 Henry the Fourth,"Shakespeare, William",1597,2.169,0.121,0.359
history,1590–1599,8,"Captains, gallants and cheats",18,142,Richard the Third,"Shakespeare, William",1593,1.66,0.092,0.275
history,1590–1599,10,"England and France: war, embassy and peace",18,140,The Reign of King Edward the Third,"Anonymous / Shakespeare, William",1593,44.067,2.448,0.251
history,1590–1599,10,"England and France: war, embassy and peace",18,399,1 Henry the Sixth,"Anonymous / Marlowe, Christopher / Shakespeare, William / Nashe, Thomas",1592,35.804,1.989,0.204
history,1590–1599,10,"England and France: war, embassy and peace",18,165,Henry the Fifth,"Shakespeare, William",1599,35.731,1.985,0.204
history,1590–1599,11,"Siblings, kin and confidants",18,192,"A Larum for London, or The Siege of Antwerp",Anonymous,1599,4.167,0.231,1.0
history,1590–1599,14,"Royal love, favour and dynastic relationships",18,167,2 Henry the Fourth,"Shakespeare, William",1597,4.152,0.231,0.337
history,1590–1599,14,"Royal love, favour and dynastic relationships",18,142,Richard the Third,"Shakespeare, William",1593,3.657,0.203,0.297
history,1590–1599,14,"Royal love, favour and dynastic relationships",18,112,Edward the First,"Peele, George",1591,2.312,0.128,0.188
history,1590–1599,15,Friars and holy orders in plot,18,112,Edward the First,"Peele, George",1591,27.663,1.537,1.0
history,1590–1599,18,"Rebels, barons and the king's wars at home",18,114,Jack Straw,Anonymous,1590,50.616,2.812,0.333
history,1590–1599,18,"Rebels, barons and the king's wars at home",18,153,1 Edward the Fourth,"Heywood, Thomas",1599,28.898,1.605,0.19
history,1590–1599,18,"Rebels, barons and the king's wars at home",18,129,Edward the Second,"Marlowe, Christopher",1592,24.252,1.347,0.159
history,1590–1599,26,"Devils, hell and fiends",18,142,Richard the Third,"Shakespeare, William",1593,1.67,0.093,1.0
history,1590–1599,30,"Constables, justices and the watch",18,166,1 Sir John Oldcastle,"Wilson, Robert / Drayton, Michael / Munday, Anthony / Hathaway, Richard",1599,4.639,0.258,1.0
history,1590–1599,31,"Popes, cardinals and the crown",18,398,King John,"Shakespeare, William",1596,9.8,0.544,0.57
history,1590–1599,31,"Popes, cardinals and the crown",18,129,Edward the Second,"Marlowe, Christopher",1592,4.892,0.272,0.284
history,1590–1599,31,"Popes, cardinals and the crown",18,166,1 Sir John Oldcastle,"Wilson, Robert / Drayton, Michael / Munday, Anthony / Hathaway, Richard",1599,2.515,0.14,0.146
history,1590–1599,32,Rings and jewels as tokens,18,153,1 Edward the Fourth,"Heywood, Thomas",1599,2.141,0.119,0.527
history,1590–1599,32,Rings and jewels as tokens,18,145,1 Henry the Fourth,"Shakespeare, William",1597,1.92,0.107,0.473
history,1590–1599,36,"Hell, Furies and the language of punishment",18,138,3 Henry the Sixth (The True Tragedy of Richard Duke of York and the Good King Henry the Sixth),"Anonymous / Marlowe, Christopher / Shakespeare, William",1591,2.205,0.122,1.0
history,1590–1599,38,"Death, parting and grief at court",18,129,Edward the Second,"Marlowe, Christopher",1592,7.271,0.404,0.224
history,1590–1599,38,"Death, parting and grief at court",18,141,Richard the Second,"Shakespeare, William",1595,7.213,0.401,0.223
history,1590–1599,38,"Death, parting and grief at court",18,112,Edward the First,"Peele, George",1591,4.897,0.272,0.151
history,1590–1599,39,"Profit, conscience and dishonest dealing",18,165,Henry the Fifth,"Shakespeare, William",1599,4.082,0.227,1.0
history,1590–1599,40,"Sin, guilt and violent loss within families",18,398,King John,"Shakespeare, William",1596,2.375,0.132,0.571
history,1590–1599,40,"Sin, guilt and violent loss within families",18,142,Richard the Third,"Shakespeare, William",1593,1.781,0.099,0.429
history,1590–1599,43,York and Lancaster: dynastic claims and conflict,18,399,1 Henry the Sixth,"Anonymous / Marlowe, Christopher / Shakespeare, William / Nashe, Thomas",1592,19.371,1.076,0.294
history,1590–1599,43,York and Lancaster: dynastic claims and conflict,18,138,3 Henry the Sixth (The True Tragedy of Richard Duke of York and the Good King Henry the Sixth),"Anonymous / Marlowe, Christopher / Shakespeare, William",1591,18.931,1.052,0.288
history,1590–1599,43,York and Lancaster: dynastic claims and conflict,18,119,2 Henry the Sixth (The First Part of the Contention betwixt the Two Famous Houses of York and Lancaster),"Anonymous / Marlowe, Christopher / Shakespeare, William",1591,12.82,0.712,0.195
history,1590–1599,44,"Drinking: wine, ale and taverns",18,167,2 Henry the Fourth,"Shakespeare, William",1597,2.203,0.122,1.0
history,1590–1599,45,"Widows, wooing and remarriage",18,138,3 Henry the Sixth (The True Tragedy of Richard Duke of York and the Good King Henry the Sixth),"Anonymous / Marlowe, Christopher / Shakespeare, William",1591,4.244,0.236,1.0
history,1590–1599,47,"Knaves, thieves and bawds",18,145,1 Henry the Fourth,"Shakespeare, William",1597,6.104,0.339,0.732
history,1590–1599,47,"Knaves, thieves and bawds",18,153,1 Edward the Fourth,"Heywood, Thomas",1599,2.239,0.124,0.268
history,1590–1599,50,"Fleets, armies and generals: war by sea and land",18,112,Edward the First,"Peele, George",1591,2.331,0.13,0.37
history,1590–1599,50,"Fleets, armies and generals: war by sea and land",18,167,2 Henry the Fourth,"Shakespeare, William",1597,2.186,0.121,0.347
history,1590–1599,50,"Fleets, armies and generals: war by sea and land",18,142,Richard the Third,"Shakespeare, William",1593,1.791,0.1,0.284
history,1590–1599,52,"Prodigals, portions and poor kin",18,141,Richard the Second,"Shakespeare, William",1595,2.438,0.135,1.0
history,1600–1609,0,"Court life: dukes, favour and honour",6,274,The Conspiracy of Charles Duke of Byron,"Chapman, George",1608,17.738,2.956,1.0
history,1600–1609,1,"Death, grief and revenge",6,256,The Famous History of Sir Thomas Wyatt,"Heywood, Thomas / Dekker, Thomas / Chettle, Henry / Webster, John",1601,13.59,2.265,0.853
history,1600–1609,1,"Death, grief and revenge",6,224,2 If You Know Not Me You Know Nobody (The Second Part of Queen Elizabeth's Troubles),"Heywood, Thomas",1604,2.344,0.391,0.147
history,1600–1609,3,"Sickness, physic and doctors",6,224,2 If You Know Not Me You Know Nobody (The Second Part of Queen Elizabeth's Troubles),"Heywood, Thomas",1604,2.279,0.38,1.0
history,1600–1609,6,"Money, debt and credit",6,189,Thomas Lord Cromwell,"S., W.",1601,15.46,2.577,0.578
history,1600–1609,6,"Money, debt and credit",6,224,2 If You Know Not Me You Know Nobody (The Second Part of Queen Elizabeth's Troubles),"Heywood, Thomas",1604,9.14,1.523,0.342
history,1600–1609,6,"Money, debt and credit",6,212,When You See Me You Know Me (Henry the Eighth),"Rowley, Samuel",1604,2.133,0.356,0.08
history,1600–1609,10,"England and France: war, embassy and peace",6,189,Thomas Lord Cromwell,"S., W.",1601,3.932,0.655,1.0
history,1600–1609,14,"Royal love, favour and dynastic relationships",6,215,"1 If You Know Not Me You Know Nobody, or The Troubles of Queen Elizabeth","Heywood, Thomas",1604,26.46,4.41,0.927
history,1600–1609,14,"Royal love, favour and dynastic relationships",6,212,When You See Me You Know Me (Henry the Eighth),"Rowley, Samuel",1604,2.079,0.346,0.073
history,1600–1609,16,"Gallantry: ladies, lordships and compliment",6,215,"1 If You Know Not Me You Know Nobody, or The Troubles of Queen Elizabeth","Heywood, Thomas",1604,4.206,0.701,0.647
history,1600–1609,16,"Gallantry: ladies, lordships and compliment",6,224,2 If You Know Not Me You Know Nobody (The Second Part of Queen Elizabeth's Troubles),"Heywood, Thomas",1604,2.298,0.383,0.353
history,1600–1609,18,"Rebels, barons and the king's wars at home",6,256,The Famous History of Sir Thomas Wyatt,"Heywood, Thomas / Dekker, Thomas / Chettle, Henry / Webster, John",1601,9.174,1.529,1.0
history,1600–1609,25,"Kings, power and law: political sententiae",6,274,The Conspiracy of Charles Duke of Byron,"Chapman, George",1608,3.179,0.53,1.0
history,1600–1609,27,"Uncles, nephews and cousins: kinship and patronage",6,224,2 If You Know Not Me You Know Nobody (The Second Part of Queen Elizabeth's Troubles),"Heywood, Thomas",1604,2.251,0.375,1.0
history,1600–1609,30,"Constables, justices and the watch",6,212,When You See Me You Know Me (Henry the Eighth),"Rowley, Samuel",1604,8.276,1.379,1.0
history,1600–1609,31,"Popes, cardinals and the crown",6,212,When You See Me You Know Me (Henry the Eighth),"Rowley, Samuel",1604,35.491,5.915,1.0
history,1600–1609,32,Rings and jewels as tokens,6,224,2 If You Know Not Me You Know Nobody (The Second Part of Queen Elizabeth's Troubles),"Heywood, Thomas",1604,4.633,0.772,1.0
history,1600–1609,38,"Death, parting and grief at court",6,215,"1 If You Know Not Me You Know Nobody, or The Troubles of Queen Elizabeth","Heywood, Thomas",1604,4.358,0.726,0.494
history,1600–1609,38,"Death, parting and grief at court",6,224,2 If You Know Not Me You Know Nobody (The Second Part of Queen Elizabeth's Troubles),"Heywood, Thomas",1604,2.386,0.398,0.271
history,1600–1609,38,"Death, parting and grief at court",6,212,When You See Me You Know Me (Henry the Eighth),"Rowley, Samuel",1604,2.07,0.345,0.235
history,1600–1609,43,York and Lancaster: dynastic claims and conflict,6,256,The Famous History of Sir Thomas Wyatt,"Heywood, Thomas / Dekker, Thomas / Chettle, Henry / Webster, John",1601,4.573,0.762,0.433
history,1600–1609,43,York and Lancaster: dynastic claims and conflict,6,189,Thomas Lord Cromwell,"S., W.",1601,3.878,0.646,0.367
history,1600–1609,43,York and Lancaster: dynastic claims and conflict,6,212,When You See Me You Know Me (Henry the Eighth),"Rowley, Samuel",1604,2.104,0.351,0.199
history,1610–1619,0,"Court life: dukes, favour and honour",3,400,Henry the Eighth (All Is True),"Shakespeare, William / Fletcher, John",1612,2.013,0.671,1.0
history,1610–1619,1,"Death, grief and revenge",3,482,Fuimus Troes (The True Trojans),"Fisher, Jasper",1619,5.976,1.992,1.0
history,1610–1619,2,"Roman politics: senate, consuls and civil war",3,482,Fuimus Troes (The True Trojans),"Fisher, Jasper",1619,14.969,4.99,0.712
history,1610–1619,2,"Roman politics: senate, consuls and civil war",3,327,The Valiant Welshman (Caradoc the Great),"A., R.",1611,6.067,2.022,0.288
history,1610–1619,7,The Trojan war: conflict and its aftermath,3,482,Fuimus Troes (The True Trojans),"Fisher, Jasper",1619,11.745,3.915,1.0
history,1610–1619,12,"Olympian gods: Jupiter, Juno, Venus and Mars",3,482,Fuimus Troes (The True Trojans),"Fisher, Jasper",1619,2.958,0.986,1.0
history,1610–1619,14,"Royal love, favour and dynastic relationships",3,400,Henry the Eighth (All Is True),"Shakespeare, William / Fletcher, John",1612,2.098,0.699,1.0
history,1610–1619,18,"Rebels, barons and the king's wars at home",3,327,The Valiant Welshman (Caradoc the Great),"A., R.",1611,6.219,2.073,1.0
history,1610–1619,31,"Popes, cardinals and the crown",3,400,Henry the Eighth (All Is True),"Shakespeare, William / Fletcher, John",1612,26.961,8.987,1.0
history,1610–1619,38,"Death, parting and grief at court",3,327,The Valiant Welshman (Caradoc the Great),"A., R.",1611,5.998,1.999,1.0
history,1610–1619,40,"Sin, guilt and violent loss within families",3,327,The Valiant Welshman (Caradoc the Great),"A., R.",1611,2.954,0.985,1.0
history,1610–1619,52,"Prodigals, portions and poor kin",3,327,The Valiant Welshman (Caradoc the Great),"A., R.",1611,3.138,1.046,1.0
history,1610–1619,55,"Fairies, fairy queens and enchanted desire",3,327,The Valiant Welshman (Caradoc the Great),"A., R.",1611,6.391,2.13,1.0
history,1610–1619,56,"Magic, spells and conjuring",3,327,The Valiant Welshman (Caradoc the Great),"A., R.",1611,6.498,2.166,1.0
history,1620–1629,0,"Court life: dukes, favour and honour",2,451,The Duchess of Suffolk,"Drue, Thomas",1624,51.464,25.732,1.0
history,1620–1629,1,"Death, grief and revenge",2,520,The Valiant Scot,"W., J.",1626,3.189,1.594,1.0
history,1620–1629,15,Friars and holy orders in plot,2,520,The Valiant Scot,"W., J.",1626,3.05,1.525,1.0
history,1620–1629,18,"Rebels, barons and the king's wars at home",2,520,The Valiant Scot,"W., J.",1626,62.38,31.19,1.0
