genre,author,group,work_id,title,author_field,collaborative,role_of_author,year_first,included_share
comedy,"Chapman, George",A,219,All Fools,"Chapman, George",,author,1605,0.4201
comedy,"Chapman, George",A,217,Eastward Ho,"Chapman, George / Jonson, Ben / Marston, John",Y,author,1605,0.1865
comedy,"Chapman, George",A,297,May Day,"Chapman, George",,author,1611,0.3778
comedy,"Chapman, George",A,228,Sir Giles Goosecap,"Chapman, George",,author,1606,0.1746
comedy,"Chapman, George",A,146,The Blind Beggar of Alexandria (Irus),"Chapman, George",,author,1598,0.3069
comedy,"Chapman, George",A,226,The Gentleman Usher (Vincentio and Margaret),"Chapman, George",,author,1606,0.5007
comedy,"Chapman, George",A,301,The Widow's Tears,"Chapman, George",,author,1612,0.21
comedy,"Chapman, George",B,73,1 Promos and Cassandra,"Whetstone, George",,,1578,0.3805
comedy,"Chapman, George",B,204,1 The Honest Whore (1 The Converted Courtesan) (The Patient Man and the Honest Whore),"Dekker, Thomas / Middleton, Thomas",Y,,1604,0.3511
comedy,"Chapman, George",B,161,1 The Two Angry Women of Abingdon,"Porter, Henry",,,1599,0.1957
comedy,"Chapman, George",B,74,2 Promos and Cassandra,"Whetstone, George",,,1578,0.3257
comedy,"Chapman, George",B,435,2 The Honest Whore (2 The Converted Courtesan),"Dekker, Thomas",,,1630,0.2973
comedy,"Chapman, George",B,433,A Chaste Maid in Cheapside,"Middleton, Thomas",,,1630,0.2054
comedy,"Chapman, George",B,481,A Fine Companion,"Marmion, Shackerley",,,1633,0.4676
comedy,"Chapman, George",B,412,A Game at Chess,"Middleton, Thomas",,,1625,0.1112
comedy,"Chapman, George",B,276,"A Mad World, My Masters","Middleton, Thomas",,,1608,0.443
comedy,"Chapman, George",B,493,A Maidenhead Well Lost,"Heywood, Thomas",,,1634,0.4828
comedy,"Chapman, George",B,476,A Match at Midnight,"R., W.",,,1633,0.4612
comedy,"Chapman, George",B,170,A Midsummer Night's Dream,"Shakespeare, William",,,1600,0.3674
comedy,"Chapman, George",B,561,A New Trick to Cheat the Devil,"Davenport, Robert",,,1639,0.6499
comedy,"Chapman, George",B,474,A New Way to Pay Old Debts,"Massinger, Philip",,,1633,0.1484
comedy,"Chapman, George",B,460,"A New Wonder, A Woman Never Vexed","Heywood, Thomas / Rowley, William",Y,,1632,0.469
comedy,"Chapman, George",B,617,A Tale of a Tub,"Jonson, Ben",,,1640,0.6987
comedy,"Chapman, George",B,262,A Trick to Catch the Old One,"Middleton, Thomas",,,1608,0.56
comedy,"Chapman, George",B,299,A Woman Is a Weathercock,"Field, Nathan",,,1612,0.3196
comedy,"Chapman, George",B,330,Albumazar,"Tomkis, Thomas",,,1615,0.2331
comedy,"Chapman, George",B,356,Amends for Ladies,"Field, Nathan",,,1618,0.2789
comedy,"Chapman, George",B,91,Andria (The Woman from Andros),"Terence (Publius Terentius Afer) / Kyffin, Maurice",Y,,1588,0.5186
comedy,"Chapman, George",B,184,Antonio and Mellida,"Marston, John",,,1602,0.3509
comedy,"Chapman, George",B,414,Apollo Shroving,"Hawkins, William",,,1627,0.7609
comedy,"Chapman, George",B,431,"Aristippus, or The Jovial Philosopher","Randolph, Thomas",,,1630,0.4405
comedy,"Chapman, George",B,394,As You Like It,"Shakespeare, William",,,1623,0.5463
comedy,"Chapman, George",B,455,Bartholomew Fair,"Jonson, Ben",,,1631,0.277
comedy,"Chapman, George",B,84,"Campaspe (Alexander, Campaspe, and Diogenes)","Lyly, John",,,1584,0.275
comedy,"Chapman, George",B,462,"Changes, or Love in a Maze","Shirley, James",,,1632,0.2547
comedy,"Chapman, George",B,542,Covent Garden,"Nabbes, Thomas",,,1638,0.2831
comedy,"Chapman, George",B,247,Cupid's Whirligig,"Sharpham, Edward",,,1607,0.3484
comedy,"Chapman, George",B,181,"Cynthia's Revels, or The Fountain of Self-Love","Jonson, Ben",,,1616,0.3535
comedy,"Chapman, George",B,58,Damon and Pithias,"Edwards, Richard",,,1571,0.2156
comedy,"Chapman, George",B,99,"Endymion, the Man in the Moon","Lyly, John",,,1591,0.0561
comedy,"Chapman, George",B,336,"Englishmen for My Money, or A Woman Will Have Her Will","Haughton, William",,,1616,0.0229
comedy,"Chapman, George",B,304,"Epicene, or The Silent Woman","Jonson, Ben",,,1616,0.2247
comedy,"Chapman, George",B,163,Every Man Out of His Humor,"Jonson, Ben",,,1600,0.2946
comedy,"Chapman, George",B,176,Every Man in His Humor,"Jonson, Ben",,,1601,0.3282
comedy,"Chapman, George",B,283,Every Woman in Her Humor,Anonymous,,,1609,0.2577
comedy,"Chapman, George",B,113,"Fair Em, the Miller's Daughter of Manchester",Anonymous,,,1591,0.1763
comedy,"Chapman, George",B,86,Fedele and Fortunia (Two Italian Gentlemen),"Pasqualigo, Luigi / Munday, Anthony",Y,,1585,0.2039
comedy,"Chapman, George",B,121,Friar Bacon and Friar Bongay,"Greene, Robert",,,1594,0.5294
comedy,"Chapman, George",B,105,Gallathea,"Lyly, John",,,1592,0.4828
comedy,"Chapman, George",B,67,Gammer Gurton's Needle,"Stevenson, William",,,1575,0.1373
comedy,"Chapman, George",B,323,"Greene's Tu Quoque, or The City Gallant","Cooke, John",,,1614,0.446
comedy,"Chapman, George",B,354,Hans Beer-Pot (See Me and See Me Not),"Belchier, Dabridgcourt",,,1618,0.2226
comedy,"Chapman, George",B,461,Holland's Leaguer,"Marmion, Shackerley",,,1632,0.344
comedy,"Chapman, George",B,191,How a Man May Choose a Good Wife from a Bad,Anonymous,,,1602,0.2779
comedy,"Chapman, George",B,268,Humor Out of Breath,"Day, John",,,1608,0.3546
comedy,"Chapman, George",B,517,Hyde Park,"Shirley, James",,,1637,0.2499
comedy,"Chapman, George",B,305,"If It Be Not Good, the Devil Is in It (If This Be Not a Good Play, the Devil Is in It)","Dekker, Thomas",,,1612,0.5669
comedy,"Chapman, George",B,177,Jack Drum's Entertainment (Katherine and Pasquil),"Marston, John",,,1601,0.3716
comedy,"Chapman, George",B,267,Law Tricks,"Day, John",,,1608,0.3562
comedy,"Chapman, George",B,174,Look About You,Anonymous,,,1600,0.0595
comedy,"Chapman, George",B,150,Love's Labor's Lost,"Shakespeare, William",,,1598,0.2999
comedy,"Chapman, George",B,244,Michaelmas Term,"Middleton, Thomas",,,1607,0.1328
comedy,"Chapman, George",B,106,Midas,"Lyly, John",,,1592,0.4607
comedy,"Chapman, George",B,558,Monsieur Thomas (Father's Own Son),"Fletcher, John",,,1639,0.2832
comedy,"Chapman, George",B,125,Mother Bombie,"Lyly, John",,,1594,0.4177
comedy,"Chapman, George",B,168,Much Ado About Nothing,"Shakespeare, William",,,1600,0.5003
comedy,"Chapman, George",B,250,Northward Ho,"Dekker, Thomas / Webster, John",Y,,1607,0.2839
comedy,"Chapman, George",B,230,"Parasitaster, or The Fawn","Marston, John",,,1606,0.2708
comedy,"Chapman, George",B,198,Patient Grissel,"Dekker, Thomas / Chettle, Henry / Haughton, William",Y,,1603,0.1247
comedy,"Chapman, George",B,186,"Poetaster, or The Arraignment","Jonson, Ben",,,1602,0.6975
comedy,"Chapman, George",B,46,Ralph Roister Doister,"Udall, Nicholas",,,1566,0.1283
comedy,"Chapman, George",B,292,"Ram Alley, or Merry Tricks","Barry, Lording",,,1611,0.5004
comedy,"Chapman, George",B,598,Rule a Wife and Have a Wife,"Fletcher, John",,,1640,0.3498
comedy,"Chapman, George",B,82,Sappho and Phao,"Lyly, John",,,1584,0.4398
comedy,"Chapman, George",B,195,"Satiromastix, or The Untrussing of the Humorous Poet","Dekker, Thomas",,,1602,0.339
comedy,"Chapman, George",B,173,Summer's Last Will and Testament,"Nashe, Thomas",,,1600,0.2828
comedy,"Chapman, George",B,60,Supposes,"Gascoigne, George / Ariosto, Ludovico",Y,,1573,0.2253
comedy,"Chapman, George",B,353,"Technogamia, or The Marriages of the Arts","Holyday, Barten",,,1618,0.3462
comedy,"Chapman, George",B,303,The Alchemist,"Jonson, Ben",,,1612,0.3789
comedy,"Chapman, George",B,586,The Antipodes,"Brome, Richard",,,1640,0.4786
comedy,"Chapman, George",B,549,The Ball,"Shirley, James",,,1639,0.2571
comedy,"Chapman, George",B,479,The Bird in a Cage (The Beauties),"Shirley, James",,,1633,0.4033
comedy,"Chapman, George",B,281,The Case Is Altered,"Jonson, Ben",,,1609,0.3036
comedy,"Chapman, George",B,568,The City Match,"Mayne, Jasper",,,1639,0.5602
comedy,"Chapman, George",B,393,The Comedy of Errors,"Shakespeare, William",,,1623,0.3745
comedy,"Chapman, George",B,592,The Constant Maid (Love Will Find Out the Way),"Shirley, James",,,1640,0.2205
comedy,"Chapman, George",B,457,The Devil Is an Ass,"Jonson, Ben",,,1631,0.5208
comedy,"Chapman, George",B,214,The Dutch Courtesan (Cockle de Moye),"Marston, John",,,1605,0.2533
comedy,"Chapman, George",B,515,The Elder Brother,"Fletcher, John / Massinger, Philip",Y,,1637,0.2799
comedy,"Chapman, George",B,521,The Example,"Shirley, James",,,1637,0.1941
comedy,"Chapman, George",B,242,The Fair Maid of the Exchange,Anonymous,,,1607,0.4125
comedy,"Chapman, George",B,263,The Family of Love,"Barry, Lording",,,1608,0.7253
comedy,"Chapman, George",B,532,The Fancies Chaste and Noble,"Ford, John",,,1638,0.1927
comedy,"Chapman, George",B,255,The Fleer,"Sharpham, Edward",,,1607,0.3092
comedy,"Chapman, George",B,523,The Gamester,"Shirley, James",,,1637,0.3326
comedy,"Chapman, George",B,429,The Grateful Servant (The Faithful Servant),"Shirley, James",,,1630,0.5535
comedy,"Chapman, George",B,505,The Great Duke of Florence,"Massinger, Philip",,,1636,0.5951
comedy,"Chapman, George",B,384,The Heir,"May, Thomas",,,1622,0.1836
comedy,"Chapman, George",B,321,The Hog Hath Lost His Pearl,"Tailor, Robert",,,1614,0.2347
comedy,"Chapman, George",B,594,The Hollander (Love's Trial),"Glapthorne, Henry",,,1640,0.5469
comedy,"Chapman, George",B,337,The Honest Lawyer,"S., S.",,,1616,0.3313
comedy,"Chapman, George",B,577,The Humorous Courtier (The Duke),"Shirley, James",,,1640,0.7484
comedy,"Chapman, George",B,235,The Isle of Gulls,"Day, John",,,1606,0.381
comedy,"Chapman, George",B,469,The Jealous Lovers,"Randolph, Thomas",,,1632,0.3207
comedy,"Chapman, George",B,580,"The Knave in Grain, New Vamped","D., J.",,,1640,0.3919
comedy,"Chapman, George",B,316,The Knight of the Burning Pestle,"Beaumont, Francis",,,1613,0.1863
comedy,"Chapman, George",B,518,The Lady of Pleasure,"Shirley, James",,,1637,0.441
comedy,"Chapman, George",B,555,The Lady's Trial,"Ford, John",,,1639,0.2032
comedy,"Chapman, George",B,494,The Late Lancashire Witches,"Heywood, Thomas / Brome, Richard",Y,,1634,0.2107
comedy,"Chapman, George",B,222,The London Prodigal,Anonymous,,,1605,0.2507
comedy,"Chapman, George",B,616,"The Magnetic Lady, or Humors Reconciled","Jonson, Ben",,,1640,0.5518
comedy,"Chapman, George",B,164,The Maid's Metamorphosis,Anonymous,,,1600,0.6051
comedy,"Chapman, George",B,172,The Merchant of Venice (The Jew of Venice),"Shakespeare, William",,,1600,0.3839
comedy,"Chapman, George",B,264,The Merry Devil of Edmonton,Anonymous,,,1608,0.1743
comedy,"Chapman, George",B,187,The Merry Wives of Windsor,"Shakespeare, William",,,1623,0.1873
comedy,"Chapman, George",B,442,"The New Inn, or The Light Heart","Jonson, Ben",,,1631,0.1349
comedy,"Chapman, George",B,574,"The Night Walker, or The Little Thief","Fletcher, John / Shirley, James",Y,,1640,0.3067
comedy,"Chapman, George",B,463,The Northern Lass,"Brome, Richard",,,1632,0.2613
comedy,"Chapman, George",B,575,The Opportunity,"Shirley, James",,,1640,0.9157
comedy,"Chapman, George",B,243,The Phoenix,"Middleton, Thomas",,,1607,0.5518
comedy,"Chapman, George",B,15,The Play of the Weather,"Heywood, John",,,1544,0.2383
comedy,"Chapman, George",B,251,"The Puritan, or The Widow of Watling Street (The Puritan Widow)","Middleton, Thomas",,,1607,0.515
comedy,"Chapman, George",B,465,The Rival Friends,"Hausted, Peter",,,1632,0.234
comedy,"Chapman, George",B,298,"The Roaring Girl, or Moll Cutpurse","Dekker, Thomas / Middleton, Thomas",Y,,1611,0.1681
comedy,"Chapman, George",B,538,The Royal Master,"Shirley, James",,,1638,0.7489
comedy,"Chapman, George",B,441,The School of Compliment (Love Tricks),"Shirley, James",,,1631,0.319
comedy,"Chapman, George",B,334,The Scornful Lady,"Beaumont, Francis / Fletcher, John",Y,,1616,0.391
comedy,"Chapman, George",B,175,"The Shoemaker's Holiday, or The Gentle Craft","Dekker, Thomas",,,1600,0.0779
comedy,"Chapman, George",B,556,"The Sophister (Fallacy, or The Troubles of Great Hermenia)","Zouche, Richard",,,1639,0.1575
comedy,"Chapman, George",B,456,The Staple of News,"Jonson, Ben",,,1631,0.257
comedy,"Chapman, George",B,120,The Taming of a Shrew,Anonymous,,,1594,0.1557
comedy,"Chapman, George",B,120.5,The Taming of the Shrew,"Shakespeare, William",,,1623,0.149
comedy,"Chapman, George",B,390,The Tempest,"Shakespeare, William",,,1623,0.2411
comedy,"Chapman, George",B,391,The Two Gentlemen of Verona,"Shakespeare, William",,,1623,0.1723
comedy,"Chapman, George",B,285,The Two Maids of More-Clacke,"Armin, Robert",,,1609,0.2448
comedy,"Chapman, George",B,364,"The Two Merry Milkmaids, or The Best Words Wear the Garland","Cumber, John",,,1620,0.5211
comedy,"Chapman, George",B,425,The Wedding,"Shirley, James",,,1629,0.39
comedy,"Chapman, George",B,535,The Wise Woman of Hogsdon,"Heywood, Thomas",,,1638,0.3346
comedy,"Chapman, George",B,477,The Witty Fair One,"Shirley, James",,,1633,0.361
comedy,"Chapman, George",B,245,The Woman Hater (The Hungry Courtier),"Beaumont, Francis / Fletcher, John",Y,,1607,0.456
comedy,"Chapman, George",B,144,The Woman in the Moon,"Lyly, John",,,1597,0.3957
comedy,"Chapman, George",B,508,The Wonder of A Kingdom,"Dekker, Thomas",,,1636,0.5671
comedy,"Chapman, George",B,37,Thersites,"Udall, Nicholas",,,1562,0.3618
comedy,"Chapman, George",B,540,Tottenham Court,"Nabbes, Thomas",,,1638,0.3341
comedy,"Chapman, George",B,396,"Twelfth Night, or What You Will","Shakespeare, William",,,1623,0.0775
comedy,"Chapman, George",B,259,"Volpone, or The Fox","Jonson, Ben",,,1616,0.3183
comedy,"Chapman, George",B,257,Westward Ho,"Dekker, Thomas / Webster, John",Y,,1607,0.2222
comedy,"Chapman, George",B,252,What You Will,"Marston, John",,,1607,0.2324
comedy,"Chapman, George",B,234,Wily Beguiled,Anonymous,,,1606,0.2248
comedy,"Chapman, George",B,591,Wit in a Constable,"Glapthorne, Henry",,,1640,0.4184
comedy,"Chapman, George",B,266,Your Five Gallants (The Five Witty Gallants),"Middleton, Thomas",,,1608,0.2983
comedy,"Dekker, Thomas",A,204,1 The Honest Whore (1 The Converted Courtesan) (The Patient Man and the Honest Whore),"Dekker, Thomas / Middleton, Thomas",Y,author,1604,0.3511
comedy,"Dekker, Thomas",A,435,2 The Honest Whore (2 The Converted Courtesan),"Dekker, Thomas",,author,1630,0.2973
comedy,"Dekker, Thomas",A,305,"If It Be Not Good, the Devil Is in It (If This Be Not a Good Play, the Devil Is in It)","Dekker, Thomas",,author,1612,0.5669
comedy,"Dekker, Thomas",A,250,Northward Ho,"Dekker, Thomas / Webster, John",Y,author,1607,0.2839
comedy,"Dekker, Thomas",A,198,Patient Grissel,"Dekker, Thomas / Chettle, Henry / Haughton, William",Y,author,1603,0.1247
comedy,"Dekker, Thomas",A,195,"Satiromastix, or The Untrussing of the Humorous Poet","Dekker, Thomas",,author,1602,0.339
comedy,"Dekker, Thomas",A,298,"The Roaring Girl, or Moll Cutpurse","Dekker, Thomas / Middleton, Thomas",Y,author,1611,0.1681
comedy,"Dekker, Thomas",A,175,"The Shoemaker's Holiday, or The Gentle Craft","Dekker, Thomas",,author,1600,0.0779
comedy,"Dekker, Thomas",A,508,The Wonder of A Kingdom,"Dekker, Thomas",,author,1636,0.5671
comedy,"Dekker, Thomas",A,257,Westward Ho,"Dekker, Thomas / Webster, John",Y,author,1607,0.2222
comedy,"Dekker, Thomas",B,73,1 Promos and Cassandra,"Whetstone, George",,,1578,0.3805
comedy,"Dekker, Thomas",B,161,1 The Two Angry Women of Abingdon,"Porter, Henry",,,1599,0.1957
comedy,"Dekker, Thomas",B,74,2 Promos and Cassandra,"Whetstone, George",,,1578,0.3257
comedy,"Dekker, Thomas",B,433,A Chaste Maid in Cheapside,"Middleton, Thomas",,,1630,0.2054
comedy,"Dekker, Thomas",B,481,A Fine Companion,"Marmion, Shackerley",,,1633,0.4676
comedy,"Dekker, Thomas",B,412,A Game at Chess,"Middleton, Thomas",,,1625,0.1112
comedy,"Dekker, Thomas",B,276,"A Mad World, My Masters","Middleton, Thomas",,,1608,0.443
comedy,"Dekker, Thomas",B,493,A Maidenhead Well Lost,"Heywood, Thomas",,,1634,0.4828
comedy,"Dekker, Thomas",B,476,A Match at Midnight,"R., W.",,,1633,0.4612
comedy,"Dekker, Thomas",B,170,A Midsummer Night's Dream,"Shakespeare, William",,,1600,0.3674
comedy,"Dekker, Thomas",B,561,A New Trick to Cheat the Devil,"Davenport, Robert",,,1639,0.6499
comedy,"Dekker, Thomas",B,474,A New Way to Pay Old Debts,"Massinger, Philip",,,1633,0.1484
comedy,"Dekker, Thomas",B,460,"A New Wonder, A Woman Never Vexed","Heywood, Thomas / Rowley, William",Y,,1632,0.469
comedy,"Dekker, Thomas",B,617,A Tale of a Tub,"Jonson, Ben",,,1640,0.6987
comedy,"Dekker, Thomas",B,262,A Trick to Catch the Old One,"Middleton, Thomas",,,1608,0.56
comedy,"Dekker, Thomas",B,299,A Woman Is a Weathercock,"Field, Nathan",,,1612,0.3196
comedy,"Dekker, Thomas",B,330,Albumazar,"Tomkis, Thomas",,,1615,0.2331
comedy,"Dekker, Thomas",B,219,All Fools,"Chapman, George",,,1605,0.4201
comedy,"Dekker, Thomas",B,356,Amends for Ladies,"Field, Nathan",,,1618,0.2789
comedy,"Dekker, Thomas",B,91,Andria (The Woman from Andros),"Terence (Publius Terentius Afer) / Kyffin, Maurice",Y,,1588,0.5186
comedy,"Dekker, Thomas",B,184,Antonio and Mellida,"Marston, John",,,1602,0.3509
comedy,"Dekker, Thomas",B,414,Apollo Shroving,"Hawkins, William",,,1627,0.7609
comedy,"Dekker, Thomas",B,431,"Aristippus, or The Jovial Philosopher","Randolph, Thomas",,,1630,0.4405
comedy,"Dekker, Thomas",B,394,As You Like It,"Shakespeare, William",,,1623,0.5463
comedy,"Dekker, Thomas",B,455,Bartholomew Fair,"Jonson, Ben",,,1631,0.277
comedy,"Dekker, Thomas",B,84,"Campaspe (Alexander, Campaspe, and Diogenes)","Lyly, John",,,1584,0.275
comedy,"Dekker, Thomas",B,462,"Changes, or Love in a Maze","Shirley, James",,,1632,0.2547
comedy,"Dekker, Thomas",B,542,Covent Garden,"Nabbes, Thomas",,,1638,0.2831
comedy,"Dekker, Thomas",B,247,Cupid's Whirligig,"Sharpham, Edward",,,1607,0.3484
comedy,"Dekker, Thomas",B,181,"Cynthia's Revels, or The Fountain of Self-Love","Jonson, Ben",,,1616,0.3535
comedy,"Dekker, Thomas",B,58,Damon and Pithias,"Edwards, Richard",,,1571,0.2156
comedy,"Dekker, Thomas",B,217,Eastward Ho,"Chapman, George / Jonson, Ben / Marston, John",Y,,1605,0.1865
comedy,"Dekker, Thomas",B,99,"Endymion, the Man in the Moon","Lyly, John",,,1591,0.0561
comedy,"Dekker, Thomas",B,336,"Englishmen for My Money, or A Woman Will Have Her Will","Haughton, William",,,1616,0.0229
comedy,"Dekker, Thomas",B,304,"Epicene, or The Silent Woman","Jonson, Ben",,,1616,0.2247
comedy,"Dekker, Thomas",B,163,Every Man Out of His Humor,"Jonson, Ben",,,1600,0.2946
comedy,"Dekker, Thomas",B,176,Every Man in His Humor,"Jonson, Ben",,,1601,0.3282
comedy,"Dekker, Thomas",B,283,Every Woman in Her Humor,Anonymous,,,1609,0.2577
comedy,"Dekker, Thomas",B,113,"Fair Em, the Miller's Daughter of Manchester",Anonymous,,,1591,0.1763
comedy,"Dekker, Thomas",B,86,Fedele and Fortunia (Two Italian Gentlemen),"Pasqualigo, Luigi / Munday, Anthony",Y,,1585,0.2039
comedy,"Dekker, Thomas",B,121,Friar Bacon and Friar Bongay,"Greene, Robert",,,1594,0.5294
comedy,"Dekker, Thomas",B,105,Gallathea,"Lyly, John",,,1592,0.4828
comedy,"Dekker, Thomas",B,67,Gammer Gurton's Needle,"Stevenson, William",,,1575,0.1373
comedy,"Dekker, Thomas",B,323,"Greene's Tu Quoque, or The City Gallant","Cooke, John",,,1614,0.446
comedy,"Dekker, Thomas",B,354,Hans Beer-Pot (See Me and See Me Not),"Belchier, Dabridgcourt",,,1618,0.2226
comedy,"Dekker, Thomas",B,461,Holland's Leaguer,"Marmion, Shackerley",,,1632,0.344
comedy,"Dekker, Thomas",B,191,How a Man May Choose a Good Wife from a Bad,Anonymous,,,1602,0.2779
comedy,"Dekker, Thomas",B,268,Humor Out of Breath,"Day, John",,,1608,0.3546
comedy,"Dekker, Thomas",B,517,Hyde Park,"Shirley, James",,,1637,0.2499
comedy,"Dekker, Thomas",B,177,Jack Drum's Entertainment (Katherine and Pasquil),"Marston, John",,,1601,0.3716
comedy,"Dekker, Thomas",B,267,Law Tricks,"Day, John",,,1608,0.3562
comedy,"Dekker, Thomas",B,174,Look About You,Anonymous,,,1600,0.0595
comedy,"Dekker, Thomas",B,150,Love's Labor's Lost,"Shakespeare, William",,,1598,0.2999
comedy,"Dekker, Thomas",B,297,May Day,"Chapman, George",,,1611,0.3778
comedy,"Dekker, Thomas",B,244,Michaelmas Term,"Middleton, Thomas",,,1607,0.1328
comedy,"Dekker, Thomas",B,106,Midas,"Lyly, John",,,1592,0.4607
comedy,"Dekker, Thomas",B,558,Monsieur Thomas (Father's Own Son),"Fletcher, John",,,1639,0.2832
comedy,"Dekker, Thomas",B,125,Mother Bombie,"Lyly, John",,,1594,0.4177
comedy,"Dekker, Thomas",B,168,Much Ado About Nothing,"Shakespeare, William",,,1600,0.5003
comedy,"Dekker, Thomas",B,230,"Parasitaster, or The Fawn","Marston, John",,,1606,0.2708
comedy,"Dekker, Thomas",B,186,"Poetaster, or The Arraignment","Jonson, Ben",,,1602,0.6975
comedy,"Dekker, Thomas",B,46,Ralph Roister Doister,"Udall, Nicholas",,,1566,0.1283
comedy,"Dekker, Thomas",B,292,"Ram Alley, or Merry Tricks","Barry, Lording",,,1611,0.5004
comedy,"Dekker, Thomas",B,598,Rule a Wife and Have a Wife,"Fletcher, John",,,1640,0.3498
comedy,"Dekker, Thomas",B,82,Sappho and Phao,"Lyly, John",,,1584,0.4398
comedy,"Dekker, Thomas",B,228,Sir Giles Goosecap,"Chapman, George",,,1606,0.1746
comedy,"Dekker, Thomas",B,173,Summer's Last Will and Testament,"Nashe, Thomas",,,1600,0.2828
comedy,"Dekker, Thomas",B,60,Supposes,"Gascoigne, George / Ariosto, Ludovico",Y,,1573,0.2253
comedy,"Dekker, Thomas",B,353,"Technogamia, or The Marriages of the Arts","Holyday, Barten",,,1618,0.3462
comedy,"Dekker, Thomas",B,303,The Alchemist,"Jonson, Ben",,,1612,0.3789
comedy,"Dekker, Thomas",B,586,The Antipodes,"Brome, Richard",,,1640,0.4786
comedy,"Dekker, Thomas",B,549,The Ball,"Shirley, James",,,1639,0.2571
comedy,"Dekker, Thomas",B,479,The Bird in a Cage (The Beauties),"Shirley, James",,,1633,0.4033
comedy,"Dekker, Thomas",B,146,The Blind Beggar of Alexandria (Irus),"Chapman, George",,,1598,0.3069
comedy,"Dekker, Thomas",B,281,The Case Is Altered,"Jonson, Ben",,,1609,0.3036
comedy,"Dekker, Thomas",B,568,The City Match,"Mayne, Jasper",,,1639,0.5602
comedy,"Dekker, Thomas",B,393,The Comedy of Errors,"Shakespeare, William",,,1623,0.3745
comedy,"Dekker, Thomas",B,592,The Constant Maid (Love Will Find Out the Way),"Shirley, James",,,1640,0.2205
comedy,"Dekker, Thomas",B,457,The Devil Is an Ass,"Jonson, Ben",,,1631,0.5208
comedy,"Dekker, Thomas",B,214,The Dutch Courtesan (Cockle de Moye),"Marston, John",,,1605,0.2533
comedy,"Dekker, Thomas",B,515,The Elder Brother,"Fletcher, John / Massinger, Philip",Y,,1637,0.2799
comedy,"Dekker, Thomas",B,521,The Example,"Shirley, James",,,1637,0.1941
comedy,"Dekker, Thomas",B,242,The Fair Maid of the Exchange,Anonymous,,,1607,0.4125
comedy,"Dekker, Thomas",B,263,The Family of Love,"Barry, Lording",,,1608,0.7253
comedy,"Dekker, Thomas",B,532,The Fancies Chaste and Noble,"Ford, John",,,1638,0.1927
comedy,"Dekker, Thomas",B,255,The Fleer,"Sharpham, Edward",,,1607,0.3092
comedy,"Dekker, Thomas",B,523,The Gamester,"Shirley, James",,,1637,0.3326
comedy,"Dekker, Thomas",B,226,The Gentleman Usher (Vincentio and Margaret),"Chapman, George",,,1606,0.5007
comedy,"Dekker, Thomas",B,429,The Grateful Servant (The Faithful Servant),"Shirley, James",,,1630,0.5535
comedy,"Dekker, Thomas",B,505,The Great Duke of Florence,"Massinger, Philip",,,1636,0.5951
comedy,"Dekker, Thomas",B,384,The Heir,"May, Thomas",,,1622,0.1836
comedy,"Dekker, Thomas",B,321,The Hog Hath Lost His Pearl,"Tailor, Robert",,,1614,0.2347
comedy,"Dekker, Thomas",B,594,The Hollander (Love's Trial),"Glapthorne, Henry",,,1640,0.5469
comedy,"Dekker, Thomas",B,337,The Honest Lawyer,"S., S.",,,1616,0.3313
comedy,"Dekker, Thomas",B,577,The Humorous Courtier (The Duke),"Shirley, James",,,1640,0.7484
comedy,"Dekker, Thomas",B,235,The Isle of Gulls,"Day, John",,,1606,0.381
comedy,"Dekker, Thomas",B,469,The Jealous Lovers,"Randolph, Thomas",,,1632,0.3207
comedy,"Dekker, Thomas",B,580,"The Knave in Grain, New Vamped","D., J.",,,1640,0.3919
comedy,"Dekker, Thomas",B,316,The Knight of the Burning Pestle,"Beaumont, Francis",,,1613,0.1863
comedy,"Dekker, Thomas",B,518,The Lady of Pleasure,"Shirley, James",,,1637,0.441
comedy,"Dekker, Thomas",B,555,The Lady's Trial,"Ford, John",,,1639,0.2032
comedy,"Dekker, Thomas",B,494,The Late Lancashire Witches,"Heywood, Thomas / Brome, Richard",Y,,1634,0.2107
comedy,"Dekker, Thomas",B,222,The London Prodigal,Anonymous,,,1605,0.2507
comedy,"Dekker, Thomas",B,616,"The Magnetic Lady, or Humors Reconciled","Jonson, Ben",,,1640,0.5518
comedy,"Dekker, Thomas",B,164,The Maid's Metamorphosis,Anonymous,,,1600,0.6051
comedy,"Dekker, Thomas",B,172,The Merchant of Venice (The Jew of Venice),"Shakespeare, William",,,1600,0.3839
comedy,"Dekker, Thomas",B,264,The Merry Devil of Edmonton,Anonymous,,,1608,0.1743
comedy,"Dekker, Thomas",B,187,The Merry Wives of Windsor,"Shakespeare, William",,,1623,0.1873
comedy,"Dekker, Thomas",B,442,"The New Inn, or The Light Heart","Jonson, Ben",,,1631,0.1349
comedy,"Dekker, Thomas",B,574,"The Night Walker, or The Little Thief","Fletcher, John / Shirley, James",Y,,1640,0.3067
comedy,"Dekker, Thomas",B,463,The Northern Lass,"Brome, Richard",,,1632,0.2613
comedy,"Dekker, Thomas",B,575,The Opportunity,"Shirley, James",,,1640,0.9157
comedy,"Dekker, Thomas",B,243,The Phoenix,"Middleton, Thomas",,,1607,0.5518
comedy,"Dekker, Thomas",B,15,The Play of the Weather,"Heywood, John",,,1544,0.2383
comedy,"Dekker, Thomas",B,251,"The Puritan, or The Widow of Watling Street (The Puritan Widow)","Middleton, Thomas",,,1607,0.515
comedy,"Dekker, Thomas",B,465,The Rival Friends,"Hausted, Peter",,,1632,0.234
comedy,"Dekker, Thomas",B,538,The Royal Master,"Shirley, James",,,1638,0.7489
comedy,"Dekker, Thomas",B,441,The School of Compliment (Love Tricks),"Shirley, James",,,1631,0.319
comedy,"Dekker, Thomas",B,334,The Scornful Lady,"Beaumont, Francis / Fletcher, John",Y,,1616,0.391
comedy,"Dekker, Thomas",B,556,"The Sophister (Fallacy, or The Troubles of Great Hermenia)","Zouche, Richard",,,1639,0.1575
comedy,"Dekker, Thomas",B,456,The Staple of News,"Jonson, Ben",,,1631,0.257
comedy,"Dekker, Thomas",B,120,The Taming of a Shrew,Anonymous,,,1594,0.1557
comedy,"Dekker, Thomas",B,120.5,The Taming of the Shrew,"Shakespeare, William",,,1623,0.149
comedy,"Dekker, Thomas",B,390,The Tempest,"Shakespeare, William",,,1623,0.2411
comedy,"Dekker, Thomas",B,391,The Two Gentlemen of Verona,"Shakespeare, William",,,1623,0.1723
comedy,"Dekker, Thomas",B,285,The Two Maids of More-Clacke,"Armin, Robert",,,1609,0.2448
comedy,"Dekker, Thomas",B,364,"The Two Merry Milkmaids, or The Best Words Wear the Garland","Cumber, John",,,1620,0.5211
comedy,"Dekker, Thomas",B,425,The Wedding,"Shirley, James",,,1629,0.39
comedy,"Dekker, Thomas",B,301,The Widow's Tears,"Chapman, George",,,1612,0.21
comedy,"Dekker, Thomas",B,535,The Wise Woman of Hogsdon,"Heywood, Thomas",,,1638,0.3346
comedy,"Dekker, Thomas",B,477,The Witty Fair One,"Shirley, James",,,1633,0.361
comedy,"Dekker, Thomas",B,245,The Woman Hater (The Hungry Courtier),"Beaumont, Francis / Fletcher, John",Y,,1607,0.456
comedy,"Dekker, Thomas",B,144,The Woman in the Moon,"Lyly, John",,,1597,0.3957
comedy,"Dekker, Thomas",B,37,Thersites,"Udall, Nicholas",,,1562,0.3618
comedy,"Dekker, Thomas",B,540,Tottenham Court,"Nabbes, Thomas",,,1638,0.3341
comedy,"Dekker, Thomas",B,396,"Twelfth Night, or What You Will","Shakespeare, William",,,1623,0.0775
comedy,"Dekker, Thomas",B,259,"Volpone, or The Fox","Jonson, Ben",,,1616,0.3183
comedy,"Dekker, Thomas",B,252,What You Will,"Marston, John",,,1607,0.2324
comedy,"Dekker, Thomas",B,234,Wily Beguiled,Anonymous,,,1606,0.2248
comedy,"Dekker, Thomas",B,591,Wit in a Constable,"Glapthorne, Henry",,,1640,0.4184
comedy,"Dekker, Thomas",B,266,Your Five Gallants (The Five Witty Gallants),"Middleton, Thomas",,,1608,0.2983
comedy,"Fletcher, John",A,558,Monsieur Thomas (Father's Own Son),"Fletcher, John",,author,1639,0.2832
comedy,"Fletcher, John",A,598,Rule a Wife and Have a Wife,"Fletcher, John",,author,1640,0.3498
comedy,"Fletcher, John",A,515,The Elder Brother,"Fletcher, John / Massinger, Philip",Y,author,1637,0.2799
comedy,"Fletcher, John",A,574,"The Night Walker, or The Little Thief","Fletcher, John / Shirley, James",Y,author,1640,0.3067
comedy,"Fletcher, John",A,334,The Scornful Lady,"Beaumont, Francis / Fletcher, John",Y,author,1616,0.391
comedy,"Fletcher, John",A,245,The Woman Hater (The Hungry Courtier),"Beaumont, Francis / Fletcher, John",Y,author,1607,0.456
comedy,"Fletcher, John",B,73,1 Promos and Cassandra,"Whetstone, George",,,1578,0.3805
comedy,"Fletcher, John",B,204,1 The Honest Whore (1 The Converted Courtesan) (The Patient Man and the Honest Whore),"Dekker, Thomas / Middleton, Thomas",Y,,1604,0.3511
comedy,"Fletcher, John",B,161,1 The Two Angry Women of Abingdon,"Porter, Henry",,,1599,0.1957
comedy,"Fletcher, John",B,74,2 Promos and Cassandra,"Whetstone, George",,,1578,0.3257
comedy,"Fletcher, John",B,435,2 The Honest Whore (2 The Converted Courtesan),"Dekker, Thomas",,,1630,0.2973
comedy,"Fletcher, John",B,433,A Chaste Maid in Cheapside,"Middleton, Thomas",,,1630,0.2054
comedy,"Fletcher, John",B,481,A Fine Companion,"Marmion, Shackerley",,,1633,0.4676
comedy,"Fletcher, John",B,412,A Game at Chess,"Middleton, Thomas",,,1625,0.1112
comedy,"Fletcher, John",B,276,"A Mad World, My Masters","Middleton, Thomas",,,1608,0.443
comedy,"Fletcher, John",B,493,A Maidenhead Well Lost,"Heywood, Thomas",,,1634,0.4828
comedy,"Fletcher, John",B,476,A Match at Midnight,"R., W.",,,1633,0.4612
comedy,"Fletcher, John",B,170,A Midsummer Night's Dream,"Shakespeare, William",,,1600,0.3674
comedy,"Fletcher, John",B,561,A New Trick to Cheat the Devil,"Davenport, Robert",,,1639,0.6499
comedy,"Fletcher, John",B,474,A New Way to Pay Old Debts,"Massinger, Philip",,,1633,0.1484
comedy,"Fletcher, John",B,460,"A New Wonder, A Woman Never Vexed","Heywood, Thomas / Rowley, William",Y,,1632,0.469
comedy,"Fletcher, John",B,617,A Tale of a Tub,"Jonson, Ben",,,1640,0.6987
comedy,"Fletcher, John",B,262,A Trick to Catch the Old One,"Middleton, Thomas",,,1608,0.56
comedy,"Fletcher, John",B,299,A Woman Is a Weathercock,"Field, Nathan",,,1612,0.3196
comedy,"Fletcher, John",B,330,Albumazar,"Tomkis, Thomas",,,1615,0.2331
comedy,"Fletcher, John",B,219,All Fools,"Chapman, George",,,1605,0.4201
comedy,"Fletcher, John",B,356,Amends for Ladies,"Field, Nathan",,,1618,0.2789
comedy,"Fletcher, John",B,91,Andria (The Woman from Andros),"Terence (Publius Terentius Afer) / Kyffin, Maurice",Y,,1588,0.5186
comedy,"Fletcher, John",B,184,Antonio and Mellida,"Marston, John",,,1602,0.3509
comedy,"Fletcher, John",B,414,Apollo Shroving,"Hawkins, William",,,1627,0.7609
comedy,"Fletcher, John",B,431,"Aristippus, or The Jovial Philosopher","Randolph, Thomas",,,1630,0.4405
comedy,"Fletcher, John",B,394,As You Like It,"Shakespeare, William",,,1623,0.5463
comedy,"Fletcher, John",B,455,Bartholomew Fair,"Jonson, Ben",,,1631,0.277
comedy,"Fletcher, John",B,84,"Campaspe (Alexander, Campaspe, and Diogenes)","Lyly, John",,,1584,0.275
comedy,"Fletcher, John",B,462,"Changes, or Love in a Maze","Shirley, James",,,1632,0.2547
comedy,"Fletcher, John",B,542,Covent Garden,"Nabbes, Thomas",,,1638,0.2831
comedy,"Fletcher, John",B,247,Cupid's Whirligig,"Sharpham, Edward",,,1607,0.3484
comedy,"Fletcher, John",B,181,"Cynthia's Revels, or The Fountain of Self-Love","Jonson, Ben",,,1616,0.3535
comedy,"Fletcher, John",B,58,Damon and Pithias,"Edwards, Richard",,,1571,0.2156
comedy,"Fletcher, John",B,217,Eastward Ho,"Chapman, George / Jonson, Ben / Marston, John",Y,,1605,0.1865
comedy,"Fletcher, John",B,99,"Endymion, the Man in the Moon","Lyly, John",,,1591,0.0561
comedy,"Fletcher, John",B,336,"Englishmen for My Money, or A Woman Will Have Her Will","Haughton, William",,,1616,0.0229
comedy,"Fletcher, John",B,304,"Epicene, or The Silent Woman","Jonson, Ben",,,1616,0.2247
comedy,"Fletcher, John",B,163,Every Man Out of His Humor,"Jonson, Ben",,,1600,0.2946
comedy,"Fletcher, John",B,176,Every Man in His Humor,"Jonson, Ben",,,1601,0.3282
comedy,"Fletcher, John",B,283,Every Woman in Her Humor,Anonymous,,,1609,0.2577
comedy,"Fletcher, John",B,113,"Fair Em, the Miller's Daughter of Manchester",Anonymous,,,1591,0.1763
comedy,"Fletcher, John",B,86,Fedele and Fortunia (Two Italian Gentlemen),"Pasqualigo, Luigi / Munday, Anthony",Y,,1585,0.2039
comedy,"Fletcher, John",B,121,Friar Bacon and Friar Bongay,"Greene, Robert",,,1594,0.5294
comedy,"Fletcher, John",B,105,Gallathea,"Lyly, John",,,1592,0.4828
comedy,"Fletcher, John",B,67,Gammer Gurton's Needle,"Stevenson, William",,,1575,0.1373
comedy,"Fletcher, John",B,323,"Greene's Tu Quoque, or The City Gallant","Cooke, John",,,1614,0.446
comedy,"Fletcher, John",B,354,Hans Beer-Pot (See Me and See Me Not),"Belchier, Dabridgcourt",,,1618,0.2226
comedy,"Fletcher, John",B,461,Holland's Leaguer,"Marmion, Shackerley",,,1632,0.344
comedy,"Fletcher, John",B,191,How a Man May Choose a Good Wife from a Bad,Anonymous,,,1602,0.2779
comedy,"Fletcher, John",B,268,Humor Out of Breath,"Day, John",,,1608,0.3546
comedy,"Fletcher, John",B,517,Hyde Park,"Shirley, James",,,1637,0.2499
comedy,"Fletcher, John",B,305,"If It Be Not Good, the Devil Is in It (If This Be Not a Good Play, the Devil Is in It)","Dekker, Thomas",,,1612,0.5669
comedy,"Fletcher, John",B,177,Jack Drum's Entertainment (Katherine and Pasquil),"Marston, John",,,1601,0.3716
comedy,"Fletcher, John",B,267,Law Tricks,"Day, John",,,1608,0.3562
comedy,"Fletcher, John",B,174,Look About You,Anonymous,,,1600,0.0595
comedy,"Fletcher, John",B,150,Love's Labor's Lost,"Shakespeare, William",,,1598,0.2999
comedy,"Fletcher, John",B,297,May Day,"Chapman, George",,,1611,0.3778
comedy,"Fletcher, John",B,244,Michaelmas Term,"Middleton, Thomas",,,1607,0.1328
comedy,"Fletcher, John",B,106,Midas,"Lyly, John",,,1592,0.4607
comedy,"Fletcher, John",B,125,Mother Bombie,"Lyly, John",,,1594,0.4177
comedy,"Fletcher, John",B,168,Much Ado About Nothing,"Shakespeare, William",,,1600,0.5003
comedy,"Fletcher, John",B,250,Northward Ho,"Dekker, Thomas / Webster, John",Y,,1607,0.2839
comedy,"Fletcher, John",B,230,"Parasitaster, or The Fawn","Marston, John",,,1606,0.2708
comedy,"Fletcher, John",B,198,Patient Grissel,"Dekker, Thomas / Chettle, Henry / Haughton, William",Y,,1603,0.1247
comedy,"Fletcher, John",B,186,"Poetaster, or The Arraignment","Jonson, Ben",,,1602,0.6975
comedy,"Fletcher, John",B,46,Ralph Roister Doister,"Udall, Nicholas",,,1566,0.1283
comedy,"Fletcher, John",B,292,"Ram Alley, or Merry Tricks","Barry, Lording",,,1611,0.5004
comedy,"Fletcher, John",B,82,Sappho and Phao,"Lyly, John",,,1584,0.4398
comedy,"Fletcher, John",B,195,"Satiromastix, or The Untrussing of the Humorous Poet","Dekker, Thomas",,,1602,0.339
comedy,"Fletcher, John",B,228,Sir Giles Goosecap,"Chapman, George",,,1606,0.1746
comedy,"Fletcher, John",B,173,Summer's Last Will and Testament,"Nashe, Thomas",,,1600,0.2828
comedy,"Fletcher, John",B,60,Supposes,"Gascoigne, George / Ariosto, Ludovico",Y,,1573,0.2253
comedy,"Fletcher, John",B,353,"Technogamia, or The Marriages of the Arts","Holyday, Barten",,,1618,0.3462
comedy,"Fletcher, John",B,303,The Alchemist,"Jonson, Ben",,,1612,0.3789
comedy,"Fletcher, John",B,586,The Antipodes,"Brome, Richard",,,1640,0.4786
comedy,"Fletcher, John",B,549,The Ball,"Shirley, James",,,1639,0.2571
comedy,"Fletcher, John",B,479,The Bird in a Cage (The Beauties),"Shirley, James",,,1633,0.4033
comedy,"Fletcher, John",B,146,The Blind Beggar of Alexandria (Irus),"Chapman, George",,,1598,0.3069
comedy,"Fletcher, John",B,281,The Case Is Altered,"Jonson, Ben",,,1609,0.3036
comedy,"Fletcher, John",B,568,The City Match,"Mayne, Jasper",,,1639,0.5602
comedy,"Fletcher, John",B,393,The Comedy of Errors,"Shakespeare, William",,,1623,0.3745
comedy,"Fletcher, John",B,592,The Constant Maid (Love Will Find Out the Way),"Shirley, James",,,1640,0.2205
comedy,"Fletcher, John",B,457,The Devil Is an Ass,"Jonson, Ben",,,1631,0.5208
comedy,"Fletcher, John",B,214,The Dutch Courtesan (Cockle de Moye),"Marston, John",,,1605,0.2533
comedy,"Fletcher, John",B,521,The Example,"Shirley, James",,,1637,0.1941
comedy,"Fletcher, John",B,242,The Fair Maid of the Exchange,Anonymous,,,1607,0.4125
comedy,"Fletcher, John",B,263,The Family of Love,"Barry, Lording",,,1608,0.7253
comedy,"Fletcher, John",B,532,The Fancies Chaste and Noble,"Ford, John",,,1638,0.1927
comedy,"Fletcher, John",B,255,The Fleer,"Sharpham, Edward",,,1607,0.3092
comedy,"Fletcher, John",B,523,The Gamester,"Shirley, James",,,1637,0.3326
comedy,"Fletcher, John",B,226,The Gentleman Usher (Vincentio and Margaret),"Chapman, George",,,1606,0.5007
comedy,"Fletcher, John",B,429,The Grateful Servant (The Faithful Servant),"Shirley, James",,,1630,0.5535
comedy,"Fletcher, John",B,505,The Great Duke of Florence,"Massinger, Philip",,,1636,0.5951
comedy,"Fletcher, John",B,384,The Heir,"May, Thomas",,,1622,0.1836
comedy,"Fletcher, John",B,321,The Hog Hath Lost His Pearl,"Tailor, Robert",,,1614,0.2347
comedy,"Fletcher, John",B,594,The Hollander (Love's Trial),"Glapthorne, Henry",,,1640,0.5469
comedy,"Fletcher, John",B,337,The Honest Lawyer,"S., S.",,,1616,0.3313
comedy,"Fletcher, John",B,577,The Humorous Courtier (The Duke),"Shirley, James",,,1640,0.7484
comedy,"Fletcher, John",B,235,The Isle of Gulls,"Day, John",,,1606,0.381
comedy,"Fletcher, John",B,469,The Jealous Lovers,"Randolph, Thomas",,,1632,0.3207
comedy,"Fletcher, John",B,580,"The Knave in Grain, New Vamped","D., J.",,,1640,0.3919
comedy,"Fletcher, John",B,316,The Knight of the Burning Pestle,"Beaumont, Francis",,,1613,0.1863
comedy,"Fletcher, John",B,518,The Lady of Pleasure,"Shirley, James",,,1637,0.441
comedy,"Fletcher, John",B,555,The Lady's Trial,"Ford, John",,,1639,0.2032
comedy,"Fletcher, John",B,494,The Late Lancashire Witches,"Heywood, Thomas / Brome, Richard",Y,,1634,0.2107
comedy,"Fletcher, John",B,222,The London Prodigal,Anonymous,,,1605,0.2507
comedy,"Fletcher, John",B,616,"The Magnetic Lady, or Humors Reconciled","Jonson, Ben",,,1640,0.5518
comedy,"Fletcher, John",B,164,The Maid's Metamorphosis,Anonymous,,,1600,0.6051
comedy,"Fletcher, John",B,172,The Merchant of Venice (The Jew of Venice),"Shakespeare, William",,,1600,0.3839
comedy,"Fletcher, John",B,264,The Merry Devil of Edmonton,Anonymous,,,1608,0.1743
comedy,"Fletcher, John",B,187,The Merry Wives of Windsor,"Shakespeare, William",,,1623,0.1873
comedy,"Fletcher, John",B,442,"The New Inn, or The Light Heart","Jonson, Ben",,,1631,0.1349
comedy,"Fletcher, John",B,463,The Northern Lass,"Brome, Richard",,,1632,0.2613
comedy,"Fletcher, John",B,575,The Opportunity,"Shirley, James",,,1640,0.9157
comedy,"Fletcher, John",B,243,The Phoenix,"Middleton, Thomas",,,1607,0.5518
comedy,"Fletcher, John",B,15,The Play of the Weather,"Heywood, John",,,1544,0.2383
comedy,"Fletcher, John",B,251,"The Puritan, or The Widow of Watling Street (The Puritan Widow)","Middleton, Thomas",,,1607,0.515
comedy,"Fletcher, John",B,465,The Rival Friends,"Hausted, Peter",,,1632,0.234
comedy,"Fletcher, John",B,298,"The Roaring Girl, or Moll Cutpurse","Dekker, Thomas / Middleton, Thomas",Y,,1611,0.1681
comedy,"Fletcher, John",B,538,The Royal Master,"Shirley, James",,,1638,0.7489
comedy,"Fletcher, John",B,441,The School of Compliment (Love Tricks),"Shirley, James",,,1631,0.319
comedy,"Fletcher, John",B,175,"The Shoemaker's Holiday, or The Gentle Craft","Dekker, Thomas",,,1600,0.0779
comedy,"Fletcher, John",B,556,"The Sophister (Fallacy, or The Troubles of Great Hermenia)","Zouche, Richard",,,1639,0.1575
comedy,"Fletcher, John",B,456,The Staple of News,"Jonson, Ben",,,1631,0.257
comedy,"Fletcher, John",B,120,The Taming of a Shrew,Anonymous,,,1594,0.1557
comedy,"Fletcher, John",B,120.5,The Taming of the Shrew,"Shakespeare, William",,,1623,0.149
comedy,"Fletcher, John",B,390,The Tempest,"Shakespeare, William",,,1623,0.2411
comedy,"Fletcher, John",B,391,The Two Gentlemen of Verona,"Shakespeare, William",,,1623,0.1723
comedy,"Fletcher, John",B,285,The Two Maids of More-Clacke,"Armin, Robert",,,1609,0.2448
comedy,"Fletcher, John",B,364,"The Two Merry Milkmaids, or The Best Words Wear the Garland","Cumber, John",,,1620,0.5211
comedy,"Fletcher, John",B,425,The Wedding,"Shirley, James",,,1629,0.39
comedy,"Fletcher, John",B,301,The Widow's Tears,"Chapman, George",,,1612,0.21
comedy,"Fletcher, John",B,535,The Wise Woman of Hogsdon,"Heywood, Thomas",,,1638,0.3346
comedy,"Fletcher, John",B,477,The Witty Fair One,"Shirley, James",,,1633,0.361
comedy,"Fletcher, John",B,144,The Woman in the Moon,"Lyly, John",,,1597,0.3957
comedy,"Fletcher, John",B,508,The Wonder of A Kingdom,"Dekker, Thomas",,,1636,0.5671
comedy,"Fletcher, John",B,37,Thersites,"Udall, Nicholas",,,1562,0.3618
comedy,"Fletcher, John",B,540,Tottenham Court,"Nabbes, Thomas",,,1638,0.3341
comedy,"Fletcher, John",B,396,"Twelfth Night, or What You Will","Shakespeare, William",,,1623,0.0775
comedy,"Fletcher, John",B,259,"Volpone, or The Fox","Jonson, Ben",,,1616,0.3183
comedy,"Fletcher, John",B,257,Westward Ho,"Dekker, Thomas / Webster, John",Y,,1607,0.2222
comedy,"Fletcher, John",B,252,What You Will,"Marston, John",,,1607,0.2324
comedy,"Fletcher, John",B,234,Wily Beguiled,Anonymous,,,1606,0.2248
comedy,"Fletcher, John",B,591,Wit in a Constable,"Glapthorne, Henry",,,1640,0.4184
comedy,"Fletcher, John",B,266,Your Five Gallants (The Five Witty Gallants),"Middleton, Thomas",,,1608,0.2983
comedy,"Jonson, Ben",A,617,A Tale of a Tub,"Jonson, Ben",,author,1640,0.6987
comedy,"Jonson, Ben",A,455,Bartholomew Fair,"Jonson, Ben",,author,1631,0.277
comedy,"Jonson, Ben",A,181,"Cynthia's Revels, or The Fountain of Self-Love","Jonson, Ben",,author,1616,0.3535
comedy,"Jonson, Ben",A,217,Eastward Ho,"Chapman, George / Jonson, Ben / Marston, John",Y,author,1605,0.1865
comedy,"Jonson, Ben",A,304,"Epicene, or The Silent Woman","Jonson, Ben",,author,1616,0.2247
comedy,"Jonson, Ben",A,163,Every Man Out of His Humor,"Jonson, Ben",,author,1600,0.2946
comedy,"Jonson, Ben",A,176,Every Man in His Humor,"Jonson, Ben",,author,1601,0.3282
comedy,"Jonson, Ben",A,186,"Poetaster, or The Arraignment","Jonson, Ben",,author,1602,0.6975
comedy,"Jonson, Ben",A,303,The Alchemist,"Jonson, Ben",,author,1612,0.3789
comedy,"Jonson, Ben",A,281,The Case Is Altered,"Jonson, Ben",,author,1609,0.3036
comedy,"Jonson, Ben",A,457,The Devil Is an Ass,"Jonson, Ben",,author,1631,0.5208
comedy,"Jonson, Ben",A,616,"The Magnetic Lady, or Humors Reconciled","Jonson, Ben",,author,1640,0.5518
comedy,"Jonson, Ben",A,442,"The New Inn, or The Light Heart","Jonson, Ben",,author,1631,0.1349
comedy,"Jonson, Ben",A,456,The Staple of News,"Jonson, Ben",,author,1631,0.257
comedy,"Jonson, Ben",A,259,"Volpone, or The Fox","Jonson, Ben",,author,1616,0.3183
comedy,"Jonson, Ben",B,73,1 Promos and Cassandra,"Whetstone, George",,,1578,0.3805
comedy,"Jonson, Ben",B,204,1 The Honest Whore (1 The Converted Courtesan) (The Patient Man and the Honest Whore),"Dekker, Thomas / Middleton, Thomas",Y,,1604,0.3511
comedy,"Jonson, Ben",B,161,1 The Two Angry Women of Abingdon,"Porter, Henry",,,1599,0.1957
comedy,"Jonson, Ben",B,74,2 Promos and Cassandra,"Whetstone, George",,,1578,0.3257
comedy,"Jonson, Ben",B,435,2 The Honest Whore (2 The Converted Courtesan),"Dekker, Thomas",,,1630,0.2973
comedy,"Jonson, Ben",B,433,A Chaste Maid in Cheapside,"Middleton, Thomas",,,1630,0.2054
comedy,"Jonson, Ben",B,481,A Fine Companion,"Marmion, Shackerley",,,1633,0.4676
comedy,"Jonson, Ben",B,412,A Game at Chess,"Middleton, Thomas",,,1625,0.1112
comedy,"Jonson, Ben",B,276,"A Mad World, My Masters","Middleton, Thomas",,,1608,0.443
comedy,"Jonson, Ben",B,493,A Maidenhead Well Lost,"Heywood, Thomas",,,1634,0.4828
comedy,"Jonson, Ben",B,476,A Match at Midnight,"R., W.",,,1633,0.4612
comedy,"Jonson, Ben",B,170,A Midsummer Night's Dream,"Shakespeare, William",,,1600,0.3674
comedy,"Jonson, Ben",B,561,A New Trick to Cheat the Devil,"Davenport, Robert",,,1639,0.6499
comedy,"Jonson, Ben",B,474,A New Way to Pay Old Debts,"Massinger, Philip",,,1633,0.1484
comedy,"Jonson, Ben",B,460,"A New Wonder, A Woman Never Vexed","Heywood, Thomas / Rowley, William",Y,,1632,0.469
comedy,"Jonson, Ben",B,262,A Trick to Catch the Old One,"Middleton, Thomas",,,1608,0.56
comedy,"Jonson, Ben",B,299,A Woman Is a Weathercock,"Field, Nathan",,,1612,0.3196
comedy,"Jonson, Ben",B,330,Albumazar,"Tomkis, Thomas",,,1615,0.2331
comedy,"Jonson, Ben",B,219,All Fools,"Chapman, George",,,1605,0.4201
comedy,"Jonson, Ben",B,356,Amends for Ladies,"Field, Nathan",,,1618,0.2789
comedy,"Jonson, Ben",B,91,Andria (The Woman from Andros),"Terence (Publius Terentius Afer) / Kyffin, Maurice",Y,,1588,0.5186
comedy,"Jonson, Ben",B,184,Antonio and Mellida,"Marston, John",,,1602,0.3509
comedy,"Jonson, Ben",B,414,Apollo Shroving,"Hawkins, William",,,1627,0.7609
comedy,"Jonson, Ben",B,431,"Aristippus, or The Jovial Philosopher","Randolph, Thomas",,,1630,0.4405
comedy,"Jonson, Ben",B,394,As You Like It,"Shakespeare, William",,,1623,0.5463
comedy,"Jonson, Ben",B,84,"Campaspe (Alexander, Campaspe, and Diogenes)","Lyly, John",,,1584,0.275
comedy,"Jonson, Ben",B,462,"Changes, or Love in a Maze","Shirley, James",,,1632,0.2547
comedy,"Jonson, Ben",B,542,Covent Garden,"Nabbes, Thomas",,,1638,0.2831
comedy,"Jonson, Ben",B,247,Cupid's Whirligig,"Sharpham, Edward",,,1607,0.3484
comedy,"Jonson, Ben",B,58,Damon and Pithias,"Edwards, Richard",,,1571,0.2156
comedy,"Jonson, Ben",B,99,"Endymion, the Man in the Moon","Lyly, John",,,1591,0.0561
comedy,"Jonson, Ben",B,336,"Englishmen for My Money, or A Woman Will Have Her Will","Haughton, William",,,1616,0.0229
comedy,"Jonson, Ben",B,283,Every Woman in Her Humor,Anonymous,,,1609,0.2577
comedy,"Jonson, Ben",B,113,"Fair Em, the Miller's Daughter of Manchester",Anonymous,,,1591,0.1763
comedy,"Jonson, Ben",B,86,Fedele and Fortunia (Two Italian Gentlemen),"Pasqualigo, Luigi / Munday, Anthony",Y,,1585,0.2039
comedy,"Jonson, Ben",B,121,Friar Bacon and Friar Bongay,"Greene, Robert",,,1594,0.5294
comedy,"Jonson, Ben",B,105,Gallathea,"Lyly, John",,,1592,0.4828
comedy,"Jonson, Ben",B,67,Gammer Gurton's Needle,"Stevenson, William",,,1575,0.1373
comedy,"Jonson, Ben",B,323,"Greene's Tu Quoque, or The City Gallant","Cooke, John",,,1614,0.446
comedy,"Jonson, Ben",B,354,Hans Beer-Pot (See Me and See Me Not),"Belchier, Dabridgcourt",,,1618,0.2226
comedy,"Jonson, Ben",B,461,Holland's Leaguer,"Marmion, Shackerley",,,1632,0.344
comedy,"Jonson, Ben",B,191,How a Man May Choose a Good Wife from a Bad,Anonymous,,,1602,0.2779
comedy,"Jonson, Ben",B,268,Humor Out of Breath,"Day, John",,,1608,0.3546
comedy,"Jonson, Ben",B,517,Hyde Park,"Shirley, James",,,1637,0.2499
comedy,"Jonson, Ben",B,305,"If It Be Not Good, the Devil Is in It (If This Be Not a Good Play, the Devil Is in It)","Dekker, Thomas",,,1612,0.5669
comedy,"Jonson, Ben",B,177,Jack Drum's Entertainment (Katherine and Pasquil),"Marston, John",,,1601,0.3716
comedy,"Jonson, Ben",B,267,Law Tricks,"Day, John",,,1608,0.3562
comedy,"Jonson, Ben",B,174,Look About You,Anonymous,,,1600,0.0595
comedy,"Jonson, Ben",B,150,Love's Labor's Lost,"Shakespeare, William",,,1598,0.2999
comedy,"Jonson, Ben",B,297,May Day,"Chapman, George",,,1611,0.3778
comedy,"Jonson, Ben",B,244,Michaelmas Term,"Middleton, Thomas",,,1607,0.1328
comedy,"Jonson, Ben",B,106,Midas,"Lyly, John",,,1592,0.4607
comedy,"Jonson, Ben",B,558,Monsieur Thomas (Father's Own Son),"Fletcher, John",,,1639,0.2832
comedy,"Jonson, Ben",B,125,Mother Bombie,"Lyly, John",,,1594,0.4177
comedy,"Jonson, Ben",B,168,Much Ado About Nothing,"Shakespeare, William",,,1600,0.5003
comedy,"Jonson, Ben",B,250,Northward Ho,"Dekker, Thomas / Webster, John",Y,,1607,0.2839
comedy,"Jonson, Ben",B,230,"Parasitaster, or The Fawn","Marston, John",,,1606,0.2708
comedy,"Jonson, Ben",B,198,Patient Grissel,"Dekker, Thomas / Chettle, Henry / Haughton, William",Y,,1603,0.1247
comedy,"Jonson, Ben",B,46,Ralph Roister Doister,"Udall, Nicholas",,,1566,0.1283
comedy,"Jonson, Ben",B,292,"Ram Alley, or Merry Tricks","Barry, Lording",,,1611,0.5004
comedy,"Jonson, Ben",B,598,Rule a Wife and Have a Wife,"Fletcher, John",,,1640,0.3498
comedy,"Jonson, Ben",B,82,Sappho and Phao,"Lyly, John",,,1584,0.4398
comedy,"Jonson, Ben",B,195,"Satiromastix, or The Untrussing of the Humorous Poet","Dekker, Thomas",,,1602,0.339
comedy,"Jonson, Ben",B,228,Sir Giles Goosecap,"Chapman, George",,,1606,0.1746
comedy,"Jonson, Ben",B,173,Summer's Last Will and Testament,"Nashe, Thomas",,,1600,0.2828
comedy,"Jonson, Ben",B,60,Supposes,"Gascoigne, George / Ariosto, Ludovico",Y,,1573,0.2253
comedy,"Jonson, Ben",B,353,"Technogamia, or The Marriages of the Arts","Holyday, Barten",,,1618,0.3462
comedy,"Jonson, Ben",B,586,The Antipodes,"Brome, Richard",,,1640,0.4786
comedy,"Jonson, Ben",B,549,The Ball,"Shirley, James",,,1639,0.2571
comedy,"Jonson, Ben",B,479,The Bird in a Cage (The Beauties),"Shirley, James",,,1633,0.4033
comedy,"Jonson, Ben",B,146,The Blind Beggar of Alexandria (Irus),"Chapman, George",,,1598,0.3069
comedy,"Jonson, Ben",B,568,The City Match,"Mayne, Jasper",,,1639,0.5602
comedy,"Jonson, Ben",B,393,The Comedy of Errors,"Shakespeare, William",,,1623,0.3745
comedy,"Jonson, Ben",B,592,The Constant Maid (Love Will Find Out the Way),"Shirley, James",,,1640,0.2205
comedy,"Jonson, Ben",B,214,The Dutch Courtesan (Cockle de Moye),"Marston, John",,,1605,0.2533
comedy,"Jonson, Ben",B,515,The Elder Brother,"Fletcher, John / Massinger, Philip",Y,,1637,0.2799
comedy,"Jonson, Ben",B,521,The Example,"Shirley, James",,,1637,0.1941
comedy,"Jonson, Ben",B,242,The Fair Maid of the Exchange,Anonymous,,,1607,0.4125
comedy,"Jonson, Ben",B,263,The Family of Love,"Barry, Lording",,,1608,0.7253
comedy,"Jonson, Ben",B,532,The Fancies Chaste and Noble,"Ford, John",,,1638,0.1927
comedy,"Jonson, Ben",B,255,The Fleer,"Sharpham, Edward",,,1607,0.3092
comedy,"Jonson, Ben",B,523,The Gamester,"Shirley, James",,,1637,0.3326
comedy,"Jonson, Ben",B,226,The Gentleman Usher (Vincentio and Margaret),"Chapman, George",,,1606,0.5007
comedy,"Jonson, Ben",B,429,The Grateful Servant (The Faithful Servant),"Shirley, James",,,1630,0.5535
comedy,"Jonson, Ben",B,505,The Great Duke of Florence,"Massinger, Philip",,,1636,0.5951
comedy,"Jonson, Ben",B,384,The Heir,"May, Thomas",,,1622,0.1836
comedy,"Jonson, Ben",B,321,The Hog Hath Lost His Pearl,"Tailor, Robert",,,1614,0.2347
comedy,"Jonson, Ben",B,594,The Hollander (Love's Trial),"Glapthorne, Henry",,,1640,0.5469
comedy,"Jonson, Ben",B,337,The Honest Lawyer,"S., S.",,,1616,0.3313
comedy,"Jonson, Ben",B,577,The Humorous Courtier (The Duke),"Shirley, James",,,1640,0.7484
comedy,"Jonson, Ben",B,235,The Isle of Gulls,"Day, John",,,1606,0.381
comedy,"Jonson, Ben",B,469,The Jealous Lovers,"Randolph, Thomas",,,1632,0.3207
comedy,"Jonson, Ben",B,580,"The Knave in Grain, New Vamped","D., J.",,,1640,0.3919
comedy,"Jonson, Ben",B,316,The Knight of the Burning Pestle,"Beaumont, Francis",,,1613,0.1863
comedy,"Jonson, Ben",B,518,The Lady of Pleasure,"Shirley, James",,,1637,0.441
comedy,"Jonson, Ben",B,555,The Lady's Trial,"Ford, John",,,1639,0.2032
comedy,"Jonson, Ben",B,494,The Late Lancashire Witches,"Heywood, Thomas / Brome, Richard",Y,,1634,0.2107
comedy,"Jonson, Ben",B,222,The London Prodigal,Anonymous,,,1605,0.2507
comedy,"Jonson, Ben",B,164,The Maid's Metamorphosis,Anonymous,,,1600,0.6051
comedy,"Jonson, Ben",B,172,The Merchant of Venice (The Jew of Venice),"Shakespeare, William",,,1600,0.3839
comedy,"Jonson, Ben",B,264,The Merry Devil of Edmonton,Anonymous,,,1608,0.1743
comedy,"Jonson, Ben",B,187,The Merry Wives of Windsor,"Shakespeare, William",,,1623,0.1873
comedy,"Jonson, Ben",B,574,"The Night Walker, or The Little Thief","Fletcher, John / Shirley, James",Y,,1640,0.3067
comedy,"Jonson, Ben",B,463,The Northern Lass,"Brome, Richard",,,1632,0.2613
comedy,"Jonson, Ben",B,575,The Opportunity,"Shirley, James",,,1640,0.9157
comedy,"Jonson, Ben",B,243,The Phoenix,"Middleton, Thomas",,,1607,0.5518
comedy,"Jonson, Ben",B,15,The Play of the Weather,"Heywood, John",,,1544,0.2383
comedy,"Jonson, Ben",B,251,"The Puritan, or The Widow of Watling Street (The Puritan Widow)","Middleton, Thomas",,,1607,0.515
comedy,"Jonson, Ben",B,465,The Rival Friends,"Hausted, Peter",,,1632,0.234
comedy,"Jonson, Ben",B,298,"The Roaring Girl, or Moll Cutpurse","Dekker, Thomas / Middleton, Thomas",Y,,1611,0.1681
comedy,"Jonson, Ben",B,538,The Royal Master,"Shirley, James",,,1638,0.7489
comedy,"Jonson, Ben",B,441,The School of Compliment (Love Tricks),"Shirley, James",,,1631,0.319
comedy,"Jonson, Ben",B,334,The Scornful Lady,"Beaumont, Francis / Fletcher, John",Y,,1616,0.391
comedy,"Jonson, Ben",B,175,"The Shoemaker's Holiday, or The Gentle Craft","Dekker, Thomas",,,1600,0.0779
comedy,"Jonson, Ben",B,556,"The Sophister (Fallacy, or The Troubles of Great Hermenia)","Zouche, Richard",,,1639,0.1575
comedy,"Jonson, Ben",B,120,The Taming of a Shrew,Anonymous,,,1594,0.1557
comedy,"Jonson, Ben",B,120.5,The Taming of the Shrew,"Shakespeare, William",,,1623,0.149
comedy,"Jonson, Ben",B,390,The Tempest,"Shakespeare, William",,,1623,0.2411
comedy,"Jonson, Ben",B,391,The Two Gentlemen of Verona,"Shakespeare, William",,,1623,0.1723
comedy,"Jonson, Ben",B,285,The Two Maids of More-Clacke,"Armin, Robert",,,1609,0.2448
comedy,"Jonson, Ben",B,364,"The Two Merry Milkmaids, or The Best Words Wear the Garland","Cumber, John",,,1620,0.5211
comedy,"Jonson, Ben",B,425,The Wedding,"Shirley, James",,,1629,0.39
comedy,"Jonson, Ben",B,301,The Widow's Tears,"Chapman, George",,,1612,0.21
comedy,"Jonson, Ben",B,535,The Wise Woman of Hogsdon,"Heywood, Thomas",,,1638,0.3346
comedy,"Jonson, Ben",B,477,The Witty Fair One,"Shirley, James",,,1633,0.361
comedy,"Jonson, Ben",B,245,The Woman Hater (The Hungry Courtier),"Beaumont, Francis / Fletcher, John",Y,,1607,0.456
comedy,"Jonson, Ben",B,144,The Woman in the Moon,"Lyly, John",,,1597,0.3957
comedy,"Jonson, Ben",B,508,The Wonder of A Kingdom,"Dekker, Thomas",,,1636,0.5671
comedy,"Jonson, Ben",B,37,Thersites,"Udall, Nicholas",,,1562,0.3618
comedy,"Jonson, Ben",B,540,Tottenham Court,"Nabbes, Thomas",,,1638,0.3341
comedy,"Jonson, Ben",B,396,"Twelfth Night, or What You Will","Shakespeare, William",,,1623,0.0775
comedy,"Jonson, Ben",B,257,Westward Ho,"Dekker, Thomas / Webster, John",Y,,1607,0.2222
comedy,"Jonson, Ben",B,252,What You Will,"Marston, John",,,1607,0.2324
comedy,"Jonson, Ben",B,234,Wily Beguiled,Anonymous,,,1606,0.2248
comedy,"Jonson, Ben",B,591,Wit in a Constable,"Glapthorne, Henry",,,1640,0.4184
comedy,"Jonson, Ben",B,266,Your Five Gallants (The Five Witty Gallants),"Middleton, Thomas",,,1608,0.2983
comedy,"Lyly, John",A,84,"Campaspe (Alexander, Campaspe, and Diogenes)","Lyly, John",,author,1584,0.275
comedy,"Lyly, John",A,99,"Endymion, the Man in the Moon","Lyly, John",,author,1591,0.0561
comedy,"Lyly, John",A,105,Gallathea,"Lyly, John",,author,1592,0.4828
comedy,"Lyly, John",A,106,Midas,"Lyly, John",,author,1592,0.4607
comedy,"Lyly, John",A,125,Mother Bombie,"Lyly, John",,author,1594,0.4177
comedy,"Lyly, John",A,82,Sappho and Phao,"Lyly, John",,author,1584,0.4398
comedy,"Lyly, John",A,144,The Woman in the Moon,"Lyly, John",,author,1597,0.3957
comedy,"Lyly, John",B,73,1 Promos and Cassandra,"Whetstone, George",,,1578,0.3805
comedy,"Lyly, John",B,204,1 The Honest Whore (1 The Converted Courtesan) (The Patient Man and the Honest Whore),"Dekker, Thomas / Middleton, Thomas",Y,,1604,0.3511
comedy,"Lyly, John",B,161,1 The Two Angry Women of Abingdon,"Porter, Henry",,,1599,0.1957
comedy,"Lyly, John",B,74,2 Promos and Cassandra,"Whetstone, George",,,1578,0.3257
comedy,"Lyly, John",B,435,2 The Honest Whore (2 The Converted Courtesan),"Dekker, Thomas",,,1630,0.2973
comedy,"Lyly, John",B,433,A Chaste Maid in Cheapside,"Middleton, Thomas",,,1630,0.2054
comedy,"Lyly, John",B,481,A Fine Companion,"Marmion, Shackerley",,,1633,0.4676
comedy,"Lyly, John",B,412,A Game at Chess,"Middleton, Thomas",,,1625,0.1112
comedy,"Lyly, John",B,276,"A Mad World, My Masters","Middleton, Thomas",,,1608,0.443
comedy,"Lyly, John",B,493,A Maidenhead Well Lost,"Heywood, Thomas",,,1634,0.4828
comedy,"Lyly, John",B,476,A Match at Midnight,"R., W.",,,1633,0.4612
comedy,"Lyly, John",B,170,A Midsummer Night's Dream,"Shakespeare, William",,,1600,0.3674
comedy,"Lyly, John",B,561,A New Trick to Cheat the Devil,"Davenport, Robert",,,1639,0.6499
comedy,"Lyly, John",B,474,A New Way to Pay Old Debts,"Massinger, Philip",,,1633,0.1484
comedy,"Lyly, John",B,460,"A New Wonder, A Woman Never Vexed","Heywood, Thomas / Rowley, William",Y,,1632,0.469
comedy,"Lyly, John",B,617,A Tale of a Tub,"Jonson, Ben",,,1640,0.6987
comedy,"Lyly, John",B,262,A Trick to Catch the Old One,"Middleton, Thomas",,,1608,0.56
comedy,"Lyly, John",B,299,A Woman Is a Weathercock,"Field, Nathan",,,1612,0.3196
comedy,"Lyly, John",B,330,Albumazar,"Tomkis, Thomas",,,1615,0.2331
comedy,"Lyly, John",B,219,All Fools,"Chapman, George",,,1605,0.4201
comedy,"Lyly, John",B,356,Amends for Ladies,"Field, Nathan",,,1618,0.2789
comedy,"Lyly, John",B,91,Andria (The Woman from Andros),"Terence (Publius Terentius Afer) / Kyffin, Maurice",Y,,1588,0.5186
comedy,"Lyly, John",B,184,Antonio and Mellida,"Marston, John",,,1602,0.3509
comedy,"Lyly, John",B,414,Apollo Shroving,"Hawkins, William",,,1627,0.7609
comedy,"Lyly, John",B,431,"Aristippus, or The Jovial Philosopher","Randolph, Thomas",,,1630,0.4405
comedy,"Lyly, John",B,394,As You Like It,"Shakespeare, William",,,1623,0.5463
comedy,"Lyly, John",B,455,Bartholomew Fair,"Jonson, Ben",,,1631,0.277
comedy,"Lyly, John",B,462,"Changes, or Love in a Maze","Shirley, James",,,1632,0.2547
comedy,"Lyly, John",B,542,Covent Garden,"Nabbes, Thomas",,,1638,0.2831
comedy,"Lyly, John",B,247,Cupid's Whirligig,"Sharpham, Edward",,,1607,0.3484
comedy,"Lyly, John",B,181,"Cynthia's Revels, or The Fountain of Self-Love","Jonson, Ben",,,1616,0.3535
comedy,"Lyly, John",B,58,Damon and Pithias,"Edwards, Richard",,,1571,0.2156
comedy,"Lyly, John",B,217,Eastward Ho,"Chapman, George / Jonson, Ben / Marston, John",Y,,1605,0.1865
comedy,"Lyly, John",B,336,"Englishmen for My Money, or A Woman Will Have Her Will","Haughton, William",,,1616,0.0229
comedy,"Lyly, John",B,304,"Epicene, or The Silent Woman","Jonson, Ben",,,1616,0.2247
comedy,"Lyly, John",B,163,Every Man Out of His Humor,"Jonson, Ben",,,1600,0.2946
comedy,"Lyly, John",B,176,Every Man in His Humor,"Jonson, Ben",,,1601,0.3282
comedy,"Lyly, John",B,283,Every Woman in Her Humor,Anonymous,,,1609,0.2577
comedy,"Lyly, John",B,113,"Fair Em, the Miller's Daughter of Manchester",Anonymous,,,1591,0.1763
comedy,"Lyly, John",B,86,Fedele and Fortunia (Two Italian Gentlemen),"Pasqualigo, Luigi / Munday, Anthony",Y,,1585,0.2039
comedy,"Lyly, John",B,121,Friar Bacon and Friar Bongay,"Greene, Robert",,,1594,0.5294
comedy,"Lyly, John",B,67,Gammer Gurton's Needle,"Stevenson, William",,,1575,0.1373
comedy,"Lyly, John",B,323,"Greene's Tu Quoque, or The City Gallant","Cooke, John",,,1614,0.446
comedy,"Lyly, John",B,354,Hans Beer-Pot (See Me and See Me Not),"Belchier, Dabridgcourt",,,1618,0.2226
comedy,"Lyly, John",B,461,Holland's Leaguer,"Marmion, Shackerley",,,1632,0.344
comedy,"Lyly, John",B,191,How a Man May Choose a Good Wife from a Bad,Anonymous,,,1602,0.2779
comedy,"Lyly, John",B,268,Humor Out of Breath,"Day, John",,,1608,0.3546
comedy,"Lyly, John",B,517,Hyde Park,"Shirley, James",,,1637,0.2499
comedy,"Lyly, John",B,305,"If It Be Not Good, the Devil Is in It (If This Be Not a Good Play, the Devil Is in It)","Dekker, Thomas",,,1612,0.5669
comedy,"Lyly, John",B,177,Jack Drum's Entertainment (Katherine and Pasquil),"Marston, John",,,1601,0.3716
comedy,"Lyly, John",B,267,Law Tricks,"Day, John",,,1608,0.3562
comedy,"Lyly, John",B,174,Look About You,Anonymous,,,1600,0.0595
comedy,"Lyly, John",B,150,Love's Labor's Lost,"Shakespeare, William",,,1598,0.2999
comedy,"Lyly, John",B,297,May Day,"Chapman, George",,,1611,0.3778
comedy,"Lyly, John",B,244,Michaelmas Term,"Middleton, Thomas",,,1607,0.1328
comedy,"Lyly, John",B,558,Monsieur Thomas (Father's Own Son),"Fletcher, John",,,1639,0.2832
comedy,"Lyly, John",B,168,Much Ado About Nothing,"Shakespeare, William",,,1600,0.5003
comedy,"Lyly, John",B,250,Northward Ho,"Dekker, Thomas / Webster, John",Y,,1607,0.2839
comedy,"Lyly, John",B,230,"Parasitaster, or The Fawn","Marston, John",,,1606,0.2708
comedy,"Lyly, John",B,198,Patient Grissel,"Dekker, Thomas / Chettle, Henry / Haughton, William",Y,,1603,0.1247
comedy,"Lyly, John",B,186,"Poetaster, or The Arraignment","Jonson, Ben",,,1602,0.6975
comedy,"Lyly, John",B,46,Ralph Roister Doister,"Udall, Nicholas",,,1566,0.1283
comedy,"Lyly, John",B,292,"Ram Alley, or Merry Tricks","Barry, Lording",,,1611,0.5004
comedy,"Lyly, John",B,598,Rule a Wife and Have a Wife,"Fletcher, John",,,1640,0.3498
comedy,"Lyly, John",B,195,"Satiromastix, or The Untrussing of the Humorous Poet","Dekker, Thomas",,,1602,0.339
comedy,"Lyly, John",B,228,Sir Giles Goosecap,"Chapman, George",,,1606,0.1746
comedy,"Lyly, John",B,173,Summer's Last Will and Testament,"Nashe, Thomas",,,1600,0.2828
comedy,"Lyly, John",B,60,Supposes,"Gascoigne, George / Ariosto, Ludovico",Y,,1573,0.2253
comedy,"Lyly, John",B,353,"Technogamia, or The Marriages of the Arts","Holyday, Barten",,,1618,0.3462
comedy,"Lyly, John",B,303,The Alchemist,"Jonson, Ben",,,1612,0.3789
comedy,"Lyly, John",B,586,The Antipodes,"Brome, Richard",,,1640,0.4786
comedy,"Lyly, John",B,549,The Ball,"Shirley, James",,,1639,0.2571
comedy,"Lyly, John",B,479,The Bird in a Cage (The Beauties),"Shirley, James",,,1633,0.4033
comedy,"Lyly, John",B,146,The Blind Beggar of Alexandria (Irus),"Chapman, George",,,1598,0.3069
comedy,"Lyly, John",B,281,The Case Is Altered,"Jonson, Ben",,,1609,0.3036
comedy,"Lyly, John",B,568,The City Match,"Mayne, Jasper",,,1639,0.5602
comedy,"Lyly, John",B,393,The Comedy of Errors,"Shakespeare, William",,,1623,0.3745
comedy,"Lyly, John",B,592,The Constant Maid (Love Will Find Out the Way),"Shirley, James",,,1640,0.2205
comedy,"Lyly, John",B,457,The Devil Is an Ass,"Jonson, Ben",,,1631,0.5208
comedy,"Lyly, John",B,214,The Dutch Courtesan (Cockle de Moye),"Marston, John",,,1605,0.2533
comedy,"Lyly, John",B,515,The Elder Brother,"Fletcher, John / Massinger, Philip",Y,,1637,0.2799
comedy,"Lyly, John",B,521,The Example,"Shirley, James",,,1637,0.1941
comedy,"Lyly, John",B,242,The Fair Maid of the Exchange,Anonymous,,,1607,0.4125
comedy,"Lyly, John",B,263,The Family of Love,"Barry, Lording",,,1608,0.7253
comedy,"Lyly, John",B,532,The Fancies Chaste and Noble,"Ford, John",,,1638,0.1927
comedy,"Lyly, John",B,255,The Fleer,"Sharpham, Edward",,,1607,0.3092
comedy,"Lyly, John",B,523,The Gamester,"Shirley, James",,,1637,0.3326
comedy,"Lyly, John",B,226,The Gentleman Usher (Vincentio and Margaret),"Chapman, George",,,1606,0.5007
comedy,"Lyly, John",B,429,The Grateful Servant (The Faithful Servant),"Shirley, James",,,1630,0.5535
comedy,"Lyly, John",B,505,The Great Duke of Florence,"Massinger, Philip",,,1636,0.5951
comedy,"Lyly, John",B,384,The Heir,"May, Thomas",,,1622,0.1836
comedy,"Lyly, John",B,321,The Hog Hath Lost His Pearl,"Tailor, Robert",,,1614,0.2347
comedy,"Lyly, John",B,594,The Hollander (Love's Trial),"Glapthorne, Henry",,,1640,0.5469
comedy,"Lyly, John",B,337,The Honest Lawyer,"S., S.",,,1616,0.3313
comedy,"Lyly, John",B,577,The Humorous Courtier (The Duke),"Shirley, James",,,1640,0.7484
comedy,"Lyly, John",B,235,The Isle of Gulls,"Day, John",,,1606,0.381
comedy,"Lyly, John",B,469,The Jealous Lovers,"Randolph, Thomas",,,1632,0.3207
comedy,"Lyly, John",B,580,"The Knave in Grain, New Vamped","D., J.",,,1640,0.3919
comedy,"Lyly, John",B,316,The Knight of the Burning Pestle,"Beaumont, Francis",,,1613,0.1863
comedy,"Lyly, John",B,518,The Lady of Pleasure,"Shirley, James",,,1637,0.441
comedy,"Lyly, John",B,555,The Lady's Trial,"Ford, John",,,1639,0.2032
comedy,"Lyly, John",B,494,The Late Lancashire Witches,"Heywood, Thomas / Brome, Richard",Y,,1634,0.2107
comedy,"Lyly, John",B,222,The London Prodigal,Anonymous,,,1605,0.2507
comedy,"Lyly, John",B,616,"The Magnetic Lady, or Humors Reconciled","Jonson, Ben",,,1640,0.5518
comedy,"Lyly, John",B,164,The Maid's Metamorphosis,Anonymous,,,1600,0.6051
comedy,"Lyly, John",B,172,The Merchant of Venice (The Jew of Venice),"Shakespeare, William",,,1600,0.3839
comedy,"Lyly, John",B,264,The Merry Devil of Edmonton,Anonymous,,,1608,0.1743
comedy,"Lyly, John",B,187,The Merry Wives of Windsor,"Shakespeare, William",,,1623,0.1873
comedy,"Lyly, John",B,442,"The New Inn, or The Light Heart","Jonson, Ben",,,1631,0.1349
comedy,"Lyly, John",B,574,"The Night Walker, or The Little Thief","Fletcher, John / Shirley, James",Y,,1640,0.3067
comedy,"Lyly, John",B,463,The Northern Lass,"Brome, Richard",,,1632,0.2613
comedy,"Lyly, John",B,575,The Opportunity,"Shirley, James",,,1640,0.9157
comedy,"Lyly, John",B,243,The Phoenix,"Middleton, Thomas",,,1607,0.5518
comedy,"Lyly, John",B,15,The Play of the Weather,"Heywood, John",,,1544,0.2383
comedy,"Lyly, John",B,251,"The Puritan, or The Widow of Watling Street (The Puritan Widow)","Middleton, Thomas",,,1607,0.515
comedy,"Lyly, John",B,465,The Rival Friends,"Hausted, Peter",,,1632,0.234
comedy,"Lyly, John",B,298,"The Roaring Girl, or Moll Cutpurse","Dekker, Thomas / Middleton, Thomas",Y,,1611,0.1681
comedy,"Lyly, John",B,538,The Royal Master,"Shirley, James",,,1638,0.7489
comedy,"Lyly, John",B,441,The School of Compliment (Love Tricks),"Shirley, James",,,1631,0.319
comedy,"Lyly, John",B,334,The Scornful Lady,"Beaumont, Francis / Fletcher, John",Y,,1616,0.391
comedy,"Lyly, John",B,175,"The Shoemaker's Holiday, or The Gentle Craft","Dekker, Thomas",,,1600,0.0779
comedy,"Lyly, John",B,556,"The Sophister (Fallacy, or The Troubles of Great Hermenia)","Zouche, Richard",,,1639,0.1575
comedy,"Lyly, John",B,456,The Staple of News,"Jonson, Ben",,,1631,0.257
comedy,"Lyly, John",B,120,The Taming of a Shrew,Anonymous,,,1594,0.1557
comedy,"Lyly, John",B,120.5,The Taming of the Shrew,"Shakespeare, William",,,1623,0.149
comedy,"Lyly, John",B,390,The Tempest,"Shakespeare, William",,,1623,0.2411
comedy,"Lyly, John",B,391,The Two Gentlemen of Verona,"Shakespeare, William",,,1623,0.1723
comedy,"Lyly, John",B,285,The Two Maids of More-Clacke,"Armin, Robert",,,1609,0.2448
comedy,"Lyly, John",B,364,"The Two Merry Milkmaids, or The Best Words Wear the Garland","Cumber, John",,,1620,0.5211
comedy,"Lyly, John",B,425,The Wedding,"Shirley, James",,,1629,0.39
comedy,"Lyly, John",B,301,The Widow's Tears,"Chapman, George",,,1612,0.21
comedy,"Lyly, John",B,535,The Wise Woman of Hogsdon,"Heywood, Thomas",,,1638,0.3346
comedy,"Lyly, John",B,477,The Witty Fair One,"Shirley, James",,,1633,0.361
comedy,"Lyly, John",B,245,The Woman Hater (The Hungry Courtier),"Beaumont, Francis / Fletcher, John",Y,,1607,0.456
comedy,"Lyly, John",B,508,The Wonder of A Kingdom,"Dekker, Thomas",,,1636,0.5671
comedy,"Lyly, John",B,37,Thersites,"Udall, Nicholas",,,1562,0.3618
comedy,"Lyly, John",B,540,Tottenham Court,"Nabbes, Thomas",,,1638,0.3341
comedy,"Lyly, John",B,396,"Twelfth Night, or What You Will","Shakespeare, William",,,1623,0.0775
comedy,"Lyly, John",B,259,"Volpone, or The Fox","Jonson, Ben",,,1616,0.3183
comedy,"Lyly, John",B,257,Westward Ho,"Dekker, Thomas / Webster, John",Y,,1607,0.2222
comedy,"Lyly, John",B,252,What You Will,"Marston, John",,,1607,0.2324
comedy,"Lyly, John",B,234,Wily Beguiled,Anonymous,,,1606,0.2248
comedy,"Lyly, John",B,591,Wit in a Constable,"Glapthorne, Henry",,,1640,0.4184
comedy,"Lyly, John",B,266,Your Five Gallants (The Five Witty Gallants),"Middleton, Thomas",,,1608,0.2983
comedy,"Marston, John",A,184,Antonio and Mellida,"Marston, John",,author,1602,0.3509
comedy,"Marston, John",A,217,Eastward Ho,"Chapman, George / Jonson, Ben / Marston, John",Y,author,1605,0.1865
comedy,"Marston, John",A,177,Jack Drum's Entertainment (Katherine and Pasquil),"Marston, John",,author,1601,0.3716
comedy,"Marston, John",A,230,"Parasitaster, or The Fawn","Marston, John",,author,1606,0.2708
comedy,"Marston, John",A,214,The Dutch Courtesan (Cockle de Moye),"Marston, John",,author,1605,0.2533
comedy,"Marston, John",A,252,What You Will,"Marston, John",,author,1607,0.2324
comedy,"Marston, John",B,73,1 Promos and Cassandra,"Whetstone, George",,,1578,0.3805
comedy,"Marston, John",B,204,1 The Honest Whore (1 The Converted Courtesan) (The Patient Man and the Honest Whore),"Dekker, Thomas / Middleton, Thomas",Y,,1604,0.3511
comedy,"Marston, John",B,161,1 The Two Angry Women of Abingdon,"Porter, Henry",,,1599,0.1957
comedy,"Marston, John",B,74,2 Promos and Cassandra,"Whetstone, George",,,1578,0.3257
comedy,"Marston, John",B,435,2 The Honest Whore (2 The Converted Courtesan),"Dekker, Thomas",,,1630,0.2973
comedy,"Marston, John",B,433,A Chaste Maid in Cheapside,"Middleton, Thomas",,,1630,0.2054
comedy,"Marston, John",B,481,A Fine Companion,"Marmion, Shackerley",,,1633,0.4676
comedy,"Marston, John",B,412,A Game at Chess,"Middleton, Thomas",,,1625,0.1112
comedy,"Marston, John",B,276,"A Mad World, My Masters","Middleton, Thomas",,,1608,0.443
comedy,"Marston, John",B,493,A Maidenhead Well Lost,"Heywood, Thomas",,,1634,0.4828
comedy,"Marston, John",B,476,A Match at Midnight,"R., W.",,,1633,0.4612
comedy,"Marston, John",B,170,A Midsummer Night's Dream,"Shakespeare, William",,,1600,0.3674
comedy,"Marston, John",B,561,A New Trick to Cheat the Devil,"Davenport, Robert",,,1639,0.6499
comedy,"Marston, John",B,474,A New Way to Pay Old Debts,"Massinger, Philip",,,1633,0.1484
comedy,"Marston, John",B,460,"A New Wonder, A Woman Never Vexed","Heywood, Thomas / Rowley, William",Y,,1632,0.469
comedy,"Marston, John",B,617,A Tale of a Tub,"Jonson, Ben",,,1640,0.6987
comedy,"Marston, John",B,262,A Trick to Catch the Old One,"Middleton, Thomas",,,1608,0.56
comedy,"Marston, John",B,299,A Woman Is a Weathercock,"Field, Nathan",,,1612,0.3196
comedy,"Marston, John",B,330,Albumazar,"Tomkis, Thomas",,,1615,0.2331
comedy,"Marston, John",B,219,All Fools,"Chapman, George",,,1605,0.4201
comedy,"Marston, John",B,356,Amends for Ladies,"Field, Nathan",,,1618,0.2789
comedy,"Marston, John",B,91,Andria (The Woman from Andros),"Terence (Publius Terentius Afer) / Kyffin, Maurice",Y,,1588,0.5186
comedy,"Marston, John",B,414,Apollo Shroving,"Hawkins, William",,,1627,0.7609
comedy,"Marston, John",B,431,"Aristippus, or The Jovial Philosopher","Randolph, Thomas",,,1630,0.4405
comedy,"Marston, John",B,394,As You Like It,"Shakespeare, William",,,1623,0.5463
comedy,"Marston, John",B,455,Bartholomew Fair,"Jonson, Ben",,,1631,0.277
comedy,"Marston, John",B,84,"Campaspe (Alexander, Campaspe, and Diogenes)","Lyly, John",,,1584,0.275
comedy,"Marston, John",B,462,"Changes, or Love in a Maze","Shirley, James",,,1632,0.2547
comedy,"Marston, John",B,542,Covent Garden,"Nabbes, Thomas",,,1638,0.2831
comedy,"Marston, John",B,247,Cupid's Whirligig,"Sharpham, Edward",,,1607,0.3484
comedy,"Marston, John",B,181,"Cynthia's Revels, or The Fountain of Self-Love","Jonson, Ben",,,1616,0.3535
comedy,"Marston, John",B,58,Damon and Pithias,"Edwards, Richard",,,1571,0.2156
comedy,"Marston, John",B,99,"Endymion, the Man in the Moon","Lyly, John",,,1591,0.0561
comedy,"Marston, John",B,336,"Englishmen for My Money, or A Woman Will Have Her Will","Haughton, William",,,1616,0.0229
comedy,"Marston, John",B,304,"Epicene, or The Silent Woman","Jonson, Ben",,,1616,0.2247
comedy,"Marston, John",B,163,Every Man Out of His Humor,"Jonson, Ben",,,1600,0.2946
comedy,"Marston, John",B,176,Every Man in His Humor,"Jonson, Ben",,,1601,0.3282
comedy,"Marston, John",B,283,Every Woman in Her Humor,Anonymous,,,1609,0.2577
comedy,"Marston, John",B,113,"Fair Em, the Miller's Daughter of Manchester",Anonymous,,,1591,0.1763
comedy,"Marston, John",B,86,Fedele and Fortunia (Two Italian Gentlemen),"Pasqualigo, Luigi / Munday, Anthony",Y,,1585,0.2039
comedy,"Marston, John",B,121,Friar Bacon and Friar Bongay,"Greene, Robert",,,1594,0.5294
comedy,"Marston, John",B,105,Gallathea,"Lyly, John",,,1592,0.4828
comedy,"Marston, John",B,67,Gammer Gurton's Needle,"Stevenson, William",,,1575,0.1373
comedy,"Marston, John",B,323,"Greene's Tu Quoque, or The City Gallant","Cooke, John",,,1614,0.446
comedy,"Marston, John",B,354,Hans Beer-Pot (See Me and See Me Not),"Belchier, Dabridgcourt",,,1618,0.2226
comedy,"Marston, John",B,461,Holland's Leaguer,"Marmion, Shackerley",,,1632,0.344
comedy,"Marston, John",B,191,How a Man May Choose a Good Wife from a Bad,Anonymous,,,1602,0.2779
comedy,"Marston, John",B,268,Humor Out of Breath,"Day, John",,,1608,0.3546
comedy,"Marston, John",B,517,Hyde Park,"Shirley, James",,,1637,0.2499
comedy,"Marston, John",B,305,"If It Be Not Good, the Devil Is in It (If This Be Not a Good Play, the Devil Is in It)","Dekker, Thomas",,,1612,0.5669
comedy,"Marston, John",B,267,Law Tricks,"Day, John",,,1608,0.3562
comedy,"Marston, John",B,174,Look About You,Anonymous,,,1600,0.0595
comedy,"Marston, John",B,150,Love's Labor's Lost,"Shakespeare, William",,,1598,0.2999
comedy,"Marston, John",B,297,May Day,"Chapman, George",,,1611,0.3778
comedy,"Marston, John",B,244,Michaelmas Term,"Middleton, Thomas",,,1607,0.1328
comedy,"Marston, John",B,106,Midas,"Lyly, John",,,1592,0.4607
comedy,"Marston, John",B,558,Monsieur Thomas (Father's Own Son),"Fletcher, John",,,1639,0.2832
comedy,"Marston, John",B,125,Mother Bombie,"Lyly, John",,,1594,0.4177
comedy,"Marston, John",B,168,Much Ado About Nothing,"Shakespeare, William",,,1600,0.5003
comedy,"Marston, John",B,250,Northward Ho,"Dekker, Thomas / Webster, John",Y,,1607,0.2839
comedy,"Marston, John",B,198,Patient Grissel,"Dekker, Thomas / Chettle, Henry / Haughton, William",Y,,1603,0.1247
comedy,"Marston, John",B,186,"Poetaster, or The Arraignment","Jonson, Ben",,,1602,0.6975
comedy,"Marston, John",B,46,Ralph Roister Doister,"Udall, Nicholas",,,1566,0.1283
comedy,"Marston, John",B,292,"Ram Alley, or Merry Tricks","Barry, Lording",,,1611,0.5004
comedy,"Marston, John",B,598,Rule a Wife and Have a Wife,"Fletcher, John",,,1640,0.3498
comedy,"Marston, John",B,82,Sappho and Phao,"Lyly, John",,,1584,0.4398
comedy,"Marston, John",B,195,"Satiromastix, or The Untrussing of the Humorous Poet","Dekker, Thomas",,,1602,0.339
comedy,"Marston, John",B,228,Sir Giles Goosecap,"Chapman, George",,,1606,0.1746
comedy,"Marston, John",B,173,Summer's Last Will and Testament,"Nashe, Thomas",,,1600,0.2828
comedy,"Marston, John",B,60,Supposes,"Gascoigne, George / Ariosto, Ludovico",Y,,1573,0.2253
comedy,"Marston, John",B,353,"Technogamia, or The Marriages of the Arts","Holyday, Barten",,,1618,0.3462
comedy,"Marston, John",B,303,The Alchemist,"Jonson, Ben",,,1612,0.3789
comedy,"Marston, John",B,586,The Antipodes,"Brome, Richard",,,1640,0.4786
comedy,"Marston, John",B,549,The Ball,"Shirley, James",,,1639,0.2571
comedy,"Marston, John",B,479,The Bird in a Cage (The Beauties),"Shirley, James",,,1633,0.4033
comedy,"Marston, John",B,146,The Blind Beggar of Alexandria (Irus),"Chapman, George",,,1598,0.3069
comedy,"Marston, John",B,281,The Case Is Altered,"Jonson, Ben",,,1609,0.3036
comedy,"Marston, John",B,568,The City Match,"Mayne, Jasper",,,1639,0.5602
comedy,"Marston, John",B,393,The Comedy of Errors,"Shakespeare, William",,,1623,0.3745
comedy,"Marston, John",B,592,The Constant Maid (Love Will Find Out the Way),"Shirley, James",,,1640,0.2205
comedy,"Marston, John",B,457,The Devil Is an Ass,"Jonson, Ben",,,1631,0.5208
comedy,"Marston, John",B,515,The Elder Brother,"Fletcher, John / Massinger, Philip",Y,,1637,0.2799
comedy,"Marston, John",B,521,The Example,"Shirley, James",,,1637,0.1941
comedy,"Marston, John",B,242,The Fair Maid of the Exchange,Anonymous,,,1607,0.4125
comedy,"Marston, John",B,263,The Family of Love,"Barry, Lording",,,1608,0.7253
comedy,"Marston, John",B,532,The Fancies Chaste and Noble,"Ford, John",,,1638,0.1927
comedy,"Marston, John",B,255,The Fleer,"Sharpham, Edward",,,1607,0.3092
comedy,"Marston, John",B,523,The Gamester,"Shirley, James",,,1637,0.3326
comedy,"Marston, John",B,226,The Gentleman Usher (Vincentio and Margaret),"Chapman, George",,,1606,0.5007
comedy,"Marston, John",B,429,The Grateful Servant (The Faithful Servant),"Shirley, James",,,1630,0.5535
comedy,"Marston, John",B,505,The Great Duke of Florence,"Massinger, Philip",,,1636,0.5951
comedy,"Marston, John",B,384,The Heir,"May, Thomas",,,1622,0.1836
comedy,"Marston, John",B,321,The Hog Hath Lost His Pearl,"Tailor, Robert",,,1614,0.2347
comedy,"Marston, John",B,594,The Hollander (Love's Trial),"Glapthorne, Henry",,,1640,0.5469
comedy,"Marston, John",B,337,The Honest Lawyer,"S., S.",,,1616,0.3313
comedy,"Marston, John",B,577,The Humorous Courtier (The Duke),"Shirley, James",,,1640,0.7484
comedy,"Marston, John",B,235,The Isle of Gulls,"Day, John",,,1606,0.381
comedy,"Marston, John",B,469,The Jealous Lovers,"Randolph, Thomas",,,1632,0.3207
comedy,"Marston, John",B,580,"The Knave in Grain, New Vamped","D., J.",,,1640,0.3919
comedy,"Marston, John",B,316,The Knight of the Burning Pestle,"Beaumont, Francis",,,1613,0.1863
comedy,"Marston, John",B,518,The Lady of Pleasure,"Shirley, James",,,1637,0.441
comedy,"Marston, John",B,555,The Lady's Trial,"Ford, John",,,1639,0.2032
comedy,"Marston, John",B,494,The Late Lancashire Witches,"Heywood, Thomas / Brome, Richard",Y,,1634,0.2107
comedy,"Marston, John",B,222,The London Prodigal,Anonymous,,,1605,0.2507
comedy,"Marston, John",B,616,"The Magnetic Lady, or Humors Reconciled","Jonson, Ben",,,1640,0.5518
comedy,"Marston, John",B,164,The Maid's Metamorphosis,Anonymous,,,1600,0.6051
comedy,"Marston, John",B,172,The Merchant of Venice (The Jew of Venice),"Shakespeare, William",,,1600,0.3839
comedy,"Marston, John",B,264,The Merry Devil of Edmonton,Anonymous,,,1608,0.1743
comedy,"Marston, John",B,187,The Merry Wives of Windsor,"Shakespeare, William",,,1623,0.1873
comedy,"Marston, John",B,442,"The New Inn, or The Light Heart","Jonson, Ben",,,1631,0.1349
comedy,"Marston, John",B,574,"The Night Walker, or The Little Thief","Fletcher, John / Shirley, James",Y,,1640,0.3067
comedy,"Marston, John",B,463,The Northern Lass,"Brome, Richard",,,1632,0.2613
comedy,"Marston, John",B,575,The Opportunity,"Shirley, James",,,1640,0.9157
comedy,"Marston, John",B,243,The Phoenix,"Middleton, Thomas",,,1607,0.5518
comedy,"Marston, John",B,15,The Play of the Weather,"Heywood, John",,,1544,0.2383
comedy,"Marston, John",B,251,"The Puritan, or The Widow of Watling Street (The Puritan Widow)","Middleton, Thomas",,,1607,0.515
comedy,"Marston, John",B,465,The Rival Friends,"Hausted, Peter",,,1632,0.234
comedy,"Marston, John",B,298,"The Roaring Girl, or Moll Cutpurse","Dekker, Thomas / Middleton, Thomas",Y,,1611,0.1681
comedy,"Marston, John",B,538,The Royal Master,"Shirley, James",,,1638,0.7489
comedy,"Marston, John",B,441,The School of Compliment (Love Tricks),"Shirley, James",,,1631,0.319
comedy,"Marston, John",B,334,The Scornful Lady,"Beaumont, Francis / Fletcher, John",Y,,1616,0.391
comedy,"Marston, John",B,175,"The Shoemaker's Holiday, or The Gentle Craft","Dekker, Thomas",,,1600,0.0779
comedy,"Marston, John",B,556,"The Sophister (Fallacy, or The Troubles of Great Hermenia)","Zouche, Richard",,,1639,0.1575
comedy,"Marston, John",B,456,The Staple of News,"Jonson, Ben",,,1631,0.257
comedy,"Marston, John",B,120,The Taming of a Shrew,Anonymous,,,1594,0.1557
comedy,"Marston, John",B,120.5,The Taming of the Shrew,"Shakespeare, William",,,1623,0.149
comedy,"Marston, John",B,390,The Tempest,"Shakespeare, William",,,1623,0.2411
comedy,"Marston, John",B,391,The Two Gentlemen of Verona,"Shakespeare, William",,,1623,0.1723
comedy,"Marston, John",B,285,The Two Maids of More-Clacke,"Armin, Robert",,,1609,0.2448
comedy,"Marston, John",B,364,"The Two Merry Milkmaids, or The Best Words Wear the Garland","Cumber, John",,,1620,0.5211
comedy,"Marston, John",B,425,The Wedding,"Shirley, James",,,1629,0.39
comedy,"Marston, John",B,301,The Widow's Tears,"Chapman, George",,,1612,0.21
comedy,"Marston, John",B,535,The Wise Woman of Hogsdon,"Heywood, Thomas",,,1638,0.3346
comedy,"Marston, John",B,477,The Witty Fair One,"Shirley, James",,,1633,0.361
comedy,"Marston, John",B,245,The Woman Hater (The Hungry Courtier),"Beaumont, Francis / Fletcher, John",Y,,1607,0.456
comedy,"Marston, John",B,144,The Woman in the Moon,"Lyly, John",,,1597,0.3957
comedy,"Marston, John",B,508,The Wonder of A Kingdom,"Dekker, Thomas",,,1636,0.5671
comedy,"Marston, John",B,37,Thersites,"Udall, Nicholas",,,1562,0.3618
comedy,"Marston, John",B,540,Tottenham Court,"Nabbes, Thomas",,,1638,0.3341
comedy,"Marston, John",B,396,"Twelfth Night, or What You Will","Shakespeare, William",,,1623,0.0775
comedy,"Marston, John",B,259,"Volpone, or The Fox","Jonson, Ben",,,1616,0.3183
comedy,"Marston, John",B,257,Westward Ho,"Dekker, Thomas / Webster, John",Y,,1607,0.2222
comedy,"Marston, John",B,234,Wily Beguiled,Anonymous,,,1606,0.2248
comedy,"Marston, John",B,591,Wit in a Constable,"Glapthorne, Henry",,,1640,0.4184
comedy,"Marston, John",B,266,Your Five Gallants (The Five Witty Gallants),"Middleton, Thomas",,,1608,0.2983
comedy,"Middleton, Thomas",A,204,1 The Honest Whore (1 The Converted Courtesan) (The Patient Man and the Honest Whore),"Dekker, Thomas / Middleton, Thomas",Y,author,1604,0.3511
comedy,"Middleton, Thomas",A,433,A Chaste Maid in Cheapside,"Middleton, Thomas",,author,1630,0.2054
comedy,"Middleton, Thomas",A,412,A Game at Chess,"Middleton, Thomas",,author,1625,0.1112
comedy,"Middleton, Thomas",A,276,"A Mad World, My Masters","Middleton, Thomas",,author,1608,0.443
comedy,"Middleton, Thomas",A,262,A Trick to Catch the Old One,"Middleton, Thomas",,author,1608,0.56
comedy,"Middleton, Thomas",A,244,Michaelmas Term,"Middleton, Thomas",,author,1607,0.1328
comedy,"Middleton, Thomas",A,243,The Phoenix,"Middleton, Thomas",,author,1607,0.5518
comedy,"Middleton, Thomas",A,251,"The Puritan, or The Widow of Watling Street (The Puritan Widow)","Middleton, Thomas",,author,1607,0.515
comedy,"Middleton, Thomas",A,298,"The Roaring Girl, or Moll Cutpurse","Dekker, Thomas / Middleton, Thomas",Y,author,1611,0.1681
comedy,"Middleton, Thomas",A,266,Your Five Gallants (The Five Witty Gallants),"Middleton, Thomas",,author,1608,0.2983
comedy,"Middleton, Thomas",B,73,1 Promos and Cassandra,"Whetstone, George",,,1578,0.3805
comedy,"Middleton, Thomas",B,161,1 The Two Angry Women of Abingdon,"Porter, Henry",,,1599,0.1957
comedy,"Middleton, Thomas",B,74,2 Promos and Cassandra,"Whetstone, George",,,1578,0.3257
comedy,"Middleton, Thomas",B,435,2 The Honest Whore (2 The Converted Courtesan),"Dekker, Thomas",,,1630,0.2973
comedy,"Middleton, Thomas",B,481,A Fine Companion,"Marmion, Shackerley",,,1633,0.4676
comedy,"Middleton, Thomas",B,493,A Maidenhead Well Lost,"Heywood, Thomas",,,1634,0.4828
comedy,"Middleton, Thomas",B,476,A Match at Midnight,"R., W.",,,1633,0.4612
comedy,"Middleton, Thomas",B,170,A Midsummer Night's Dream,"Shakespeare, William",,,1600,0.3674
comedy,"Middleton, Thomas",B,561,A New Trick to Cheat the Devil,"Davenport, Robert",,,1639,0.6499
comedy,"Middleton, Thomas",B,474,A New Way to Pay Old Debts,"Massinger, Philip",,,1633,0.1484
comedy,"Middleton, Thomas",B,460,"A New Wonder, A Woman Never Vexed","Heywood, Thomas / Rowley, William",Y,,1632,0.469
comedy,"Middleton, Thomas",B,617,A Tale of a Tub,"Jonson, Ben",,,1640,0.6987
comedy,"Middleton, Thomas",B,299,A Woman Is a Weathercock,"Field, Nathan",,,1612,0.3196
comedy,"Middleton, Thomas",B,330,Albumazar,"Tomkis, Thomas",,,1615,0.2331
comedy,"Middleton, Thomas",B,219,All Fools,"Chapman, George",,,1605,0.4201
comedy,"Middleton, Thomas",B,356,Amends for Ladies,"Field, Nathan",,,1618,0.2789
comedy,"Middleton, Thomas",B,91,Andria (The Woman from Andros),"Terence (Publius Terentius Afer) / Kyffin, Maurice",Y,,1588,0.5186
comedy,"Middleton, Thomas",B,184,Antonio and Mellida,"Marston, John",,,1602,0.3509
comedy,"Middleton, Thomas",B,414,Apollo Shroving,"Hawkins, William",,,1627,0.7609
comedy,"Middleton, Thomas",B,431,"Aristippus, or The Jovial Philosopher","Randolph, Thomas",,,1630,0.4405
comedy,"Middleton, Thomas",B,394,As You Like It,"Shakespeare, William",,,1623,0.5463
comedy,"Middleton, Thomas",B,455,Bartholomew Fair,"Jonson, Ben",,,1631,0.277
comedy,"Middleton, Thomas",B,84,"Campaspe (Alexander, Campaspe, and Diogenes)","Lyly, John",,,1584,0.275
comedy,"Middleton, Thomas",B,462,"Changes, or Love in a Maze","Shirley, James",,,1632,0.2547
comedy,"Middleton, Thomas",B,542,Covent Garden,"Nabbes, Thomas",,,1638,0.2831
comedy,"Middleton, Thomas",B,247,Cupid's Whirligig,"Sharpham, Edward",,,1607,0.3484
comedy,"Middleton, Thomas",B,181,"Cynthia's Revels, or The Fountain of Self-Love","Jonson, Ben",,,1616,0.3535
comedy,"Middleton, Thomas",B,58,Damon and Pithias,"Edwards, Richard",,,1571,0.2156
comedy,"Middleton, Thomas",B,217,Eastward Ho,"Chapman, George / Jonson, Ben / Marston, John",Y,,1605,0.1865
comedy,"Middleton, Thomas",B,99,"Endymion, the Man in the Moon","Lyly, John",,,1591,0.0561
comedy,"Middleton, Thomas",B,336,"Englishmen for My Money, or A Woman Will Have Her Will","Haughton, William",,,1616,0.0229
comedy,"Middleton, Thomas",B,304,"Epicene, or The Silent Woman","Jonson, Ben",,,1616,0.2247
comedy,"Middleton, Thomas",B,163,Every Man Out of His Humor,"Jonson, Ben",,,1600,0.2946
comedy,"Middleton, Thomas",B,176,Every Man in His Humor,"Jonson, Ben",,,1601,0.3282
comedy,"Middleton, Thomas",B,283,Every Woman in Her Humor,Anonymous,,,1609,0.2577
comedy,"Middleton, Thomas",B,113,"Fair Em, the Miller's Daughter of Manchester",Anonymous,,,1591,0.1763
comedy,"Middleton, Thomas",B,86,Fedele and Fortunia (Two Italian Gentlemen),"Pasqualigo, Luigi / Munday, Anthony",Y,,1585,0.2039
comedy,"Middleton, Thomas",B,121,Friar Bacon and Friar Bongay,"Greene, Robert",,,1594,0.5294
comedy,"Middleton, Thomas",B,105,Gallathea,"Lyly, John",,,1592,0.4828
comedy,"Middleton, Thomas",B,67,Gammer Gurton's Needle,"Stevenson, William",,,1575,0.1373
comedy,"Middleton, Thomas",B,323,"Greene's Tu Quoque, or The City Gallant","Cooke, John",,,1614,0.446
comedy,"Middleton, Thomas",B,354,Hans Beer-Pot (See Me and See Me Not),"Belchier, Dabridgcourt",,,1618,0.2226
comedy,"Middleton, Thomas",B,461,Holland's Leaguer,"Marmion, Shackerley",,,1632,0.344
comedy,"Middleton, Thomas",B,191,How a Man May Choose a Good Wife from a Bad,Anonymous,,,1602,0.2779
comedy,"Middleton, Thomas",B,268,Humor Out of Breath,"Day, John",,,1608,0.3546
comedy,"Middleton, Thomas",B,517,Hyde Park,"Shirley, James",,,1637,0.2499
comedy,"Middleton, Thomas",B,305,"If It Be Not Good, the Devil Is in It (If This Be Not a Good Play, the Devil Is in It)","Dekker, Thomas",,,1612,0.5669
comedy,"Middleton, Thomas",B,177,Jack Drum's Entertainment (Katherine and Pasquil),"Marston, John",,,1601,0.3716
comedy,"Middleton, Thomas",B,267,Law Tricks,"Day, John",,,1608,0.3562
comedy,"Middleton, Thomas",B,174,Look About You,Anonymous,,,1600,0.0595
comedy,"Middleton, Thomas",B,150,Love's Labor's Lost,"Shakespeare, William",,,1598,0.2999
comedy,"Middleton, Thomas",B,297,May Day,"Chapman, George",,,1611,0.3778
comedy,"Middleton, Thomas",B,106,Midas,"Lyly, John",,,1592,0.4607
comedy,"Middleton, Thomas",B,558,Monsieur Thomas (Father's Own Son),"Fletcher, John",,,1639,0.2832
comedy,"Middleton, Thomas",B,125,Mother Bombie,"Lyly, John",,,1594,0.4177
comedy,"Middleton, Thomas",B,168,Much Ado About Nothing,"Shakespeare, William",,,1600,0.5003
comedy,"Middleton, Thomas",B,250,Northward Ho,"Dekker, Thomas / Webster, John",Y,,1607,0.2839
comedy,"Middleton, Thomas",B,230,"Parasitaster, or The Fawn","Marston, John",,,1606,0.2708
comedy,"Middleton, Thomas",B,198,Patient Grissel,"Dekker, Thomas / Chettle, Henry / Haughton, William",Y,,1603,0.1247
comedy,"Middleton, Thomas",B,186,"Poetaster, or The Arraignment","Jonson, Ben",,,1602,0.6975
comedy,"Middleton, Thomas",B,46,Ralph Roister Doister,"Udall, Nicholas",,,1566,0.1283
comedy,"Middleton, Thomas",B,292,"Ram Alley, or Merry Tricks","Barry, Lording",,,1611,0.5004
comedy,"Middleton, Thomas",B,598,Rule a Wife and Have a Wife,"Fletcher, John",,,1640,0.3498
comedy,"Middleton, Thomas",B,82,Sappho and Phao,"Lyly, John",,,1584,0.4398
comedy,"Middleton, Thomas",B,195,"Satiromastix, or The Untrussing of the Humorous Poet","Dekker, Thomas",,,1602,0.339
comedy,"Middleton, Thomas",B,228,Sir Giles Goosecap,"Chapman, George",,,1606,0.1746
comedy,"Middleton, Thomas",B,173,Summer's Last Will and Testament,"Nashe, Thomas",,,1600,0.2828
comedy,"Middleton, Thomas",B,60,Supposes,"Gascoigne, George / Ariosto, Ludovico",Y,,1573,0.2253
comedy,"Middleton, Thomas",B,353,"Technogamia, or The Marriages of the Arts","Holyday, Barten",,,1618,0.3462
comedy,"Middleton, Thomas",B,303,The Alchemist,"Jonson, Ben",,,1612,0.3789
comedy,"Middleton, Thomas",B,586,The Antipodes,"Brome, Richard",,,1640,0.4786
comedy,"Middleton, Thomas",B,549,The Ball,"Shirley, James",,,1639,0.2571
comedy,"Middleton, Thomas",B,479,The Bird in a Cage (The Beauties),"Shirley, James",,,1633,0.4033
comedy,"Middleton, Thomas",B,146,The Blind Beggar of Alexandria (Irus),"Chapman, George",,,1598,0.3069
comedy,"Middleton, Thomas",B,281,The Case Is Altered,"Jonson, Ben",,,1609,0.3036
comedy,"Middleton, Thomas",B,568,The City Match,"Mayne, Jasper",,,1639,0.5602
comedy,"Middleton, Thomas",B,393,The Comedy of Errors,"Shakespeare, William",,,1623,0.3745
comedy,"Middleton, Thomas",B,592,The Constant Maid (Love Will Find Out the Way),"Shirley, James",,,1640,0.2205
comedy,"Middleton, Thomas",B,457,The Devil Is an Ass,"Jonson, Ben",,,1631,0.5208
comedy,"Middleton, Thomas",B,214,The Dutch Courtesan (Cockle de Moye),"Marston, John",,,1605,0.2533
comedy,"Middleton, Thomas",B,515,The Elder Brother,"Fletcher, John / Massinger, Philip",Y,,1637,0.2799
comedy,"Middleton, Thomas",B,521,The Example,"Shirley, James",,,1637,0.1941
comedy,"Middleton, Thomas",B,242,The Fair Maid of the Exchange,Anonymous,,,1607,0.4125
comedy,"Middleton, Thomas",B,263,The Family of Love,"Barry, Lording",,,1608,0.7253
comedy,"Middleton, Thomas",B,532,The Fancies Chaste and Noble,"Ford, John",,,1638,0.1927
comedy,"Middleton, Thomas",B,255,The Fleer,"Sharpham, Edward",,,1607,0.3092
comedy,"Middleton, Thomas",B,523,The Gamester,"Shirley, James",,,1637,0.3326
comedy,"Middleton, Thomas",B,226,The Gentleman Usher (Vincentio and Margaret),"Chapman, George",,,1606,0.5007
comedy,"Middleton, Thomas",B,429,The Grateful Servant (The Faithful Servant),"Shirley, James",,,1630,0.5535
comedy,"Middleton, Thomas",B,505,The Great Duke of Florence,"Massinger, Philip",,,1636,0.5951
comedy,"Middleton, Thomas",B,384,The Heir,"May, Thomas",,,1622,0.1836
comedy,"Middleton, Thomas",B,321,The Hog Hath Lost His Pearl,"Tailor, Robert",,,1614,0.2347
comedy,"Middleton, Thomas",B,594,The Hollander (Love's Trial),"Glapthorne, Henry",,,1640,0.5469
comedy,"Middleton, Thomas",B,337,The Honest Lawyer,"S., S.",,,1616,0.3313
comedy,"Middleton, Thomas",B,577,The Humorous Courtier (The Duke),"Shirley, James",,,1640,0.7484
comedy,"Middleton, Thomas",B,235,The Isle of Gulls,"Day, John",,,1606,0.381
comedy,"Middleton, Thomas",B,469,The Jealous Lovers,"Randolph, Thomas",,,1632,0.3207
comedy,"Middleton, Thomas",B,580,"The Knave in Grain, New Vamped","D., J.",,,1640,0.3919
comedy,"Middleton, Thomas",B,316,The Knight of the Burning Pestle,"Beaumont, Francis",,,1613,0.1863
comedy,"Middleton, Thomas",B,518,The Lady of Pleasure,"Shirley, James",,,1637,0.441
comedy,"Middleton, Thomas",B,555,The Lady's Trial,"Ford, John",,,1639,0.2032
comedy,"Middleton, Thomas",B,494,The Late Lancashire Witches,"Heywood, Thomas / Brome, Richard",Y,,1634,0.2107
comedy,"Middleton, Thomas",B,222,The London Prodigal,Anonymous,,,1605,0.2507
comedy,"Middleton, Thomas",B,616,"The Magnetic Lady, or Humors Reconciled","Jonson, Ben",,,1640,0.5518
comedy,"Middleton, Thomas",B,164,The Maid's Metamorphosis,Anonymous,,,1600,0.6051
comedy,"Middleton, Thomas",B,172,The Merchant of Venice (The Jew of Venice),"Shakespeare, William",,,1600,0.3839
comedy,"Middleton, Thomas",B,264,The Merry Devil of Edmonton,Anonymous,,,1608,0.1743
comedy,"Middleton, Thomas",B,187,The Merry Wives of Windsor,"Shakespeare, William",,,1623,0.1873
comedy,"Middleton, Thomas",B,442,"The New Inn, or The Light Heart","Jonson, Ben",,,1631,0.1349
comedy,"Middleton, Thomas",B,574,"The Night Walker, or The Little Thief","Fletcher, John / Shirley, James",Y,,1640,0.3067
comedy,"Middleton, Thomas",B,463,The Northern Lass,"Brome, Richard",,,1632,0.2613
comedy,"Middleton, Thomas",B,575,The Opportunity,"Shirley, James",,,1640,0.9157
comedy,"Middleton, Thomas",B,15,The Play of the Weather,"Heywood, John",,,1544,0.2383
comedy,"Middleton, Thomas",B,465,The Rival Friends,"Hausted, Peter",,,1632,0.234
comedy,"Middleton, Thomas",B,538,The Royal Master,"Shirley, James",,,1638,0.7489
comedy,"Middleton, Thomas",B,441,The School of Compliment (Love Tricks),"Shirley, James",,,1631,0.319
comedy,"Middleton, Thomas",B,334,The Scornful Lady,"Beaumont, Francis / Fletcher, John",Y,,1616,0.391
comedy,"Middleton, Thomas",B,175,"The Shoemaker's Holiday, or The Gentle Craft","Dekker, Thomas",,,1600,0.0779
comedy,"Middleton, Thomas",B,556,"The Sophister (Fallacy, or The Troubles of Great Hermenia)","Zouche, Richard",,,1639,0.1575
comedy,"Middleton, Thomas",B,456,The Staple of News,"Jonson, Ben",,,1631,0.257
comedy,"Middleton, Thomas",B,120,The Taming of a Shrew,Anonymous,,,1594,0.1557
comedy,"Middleton, Thomas",B,120.5,The Taming of the Shrew,"Shakespeare, William",,,1623,0.149
comedy,"Middleton, Thomas",B,390,The Tempest,"Shakespeare, William",,,1623,0.2411
comedy,"Middleton, Thomas",B,391,The Two Gentlemen of Verona,"Shakespeare, William",,,1623,0.1723
comedy,"Middleton, Thomas",B,285,The Two Maids of More-Clacke,"Armin, Robert",,,1609,0.2448
comedy,"Middleton, Thomas",B,364,"The Two Merry Milkmaids, or The Best Words Wear the Garland","Cumber, John",,,1620,0.5211
comedy,"Middleton, Thomas",B,425,The Wedding,"Shirley, James",,,1629,0.39
comedy,"Middleton, Thomas",B,301,The Widow's Tears,"Chapman, George",,,1612,0.21
comedy,"Middleton, Thomas",B,535,The Wise Woman of Hogsdon,"Heywood, Thomas",,,1638,0.3346
comedy,"Middleton, Thomas",B,477,The Witty Fair One,"Shirley, James",,,1633,0.361
comedy,"Middleton, Thomas",B,245,The Woman Hater (The Hungry Courtier),"Beaumont, Francis / Fletcher, John",Y,,1607,0.456
comedy,"Middleton, Thomas",B,144,The Woman in the Moon,"Lyly, John",,,1597,0.3957
comedy,"Middleton, Thomas",B,508,The Wonder of A Kingdom,"Dekker, Thomas",,,1636,0.5671
comedy,"Middleton, Thomas",B,37,Thersites,"Udall, Nicholas",,,1562,0.3618
comedy,"Middleton, Thomas",B,540,Tottenham Court,"Nabbes, Thomas",,,1638,0.3341
comedy,"Middleton, Thomas",B,396,"Twelfth Night, or What You Will","Shakespeare, William",,,1623,0.0775
comedy,"Middleton, Thomas",B,259,"Volpone, or The Fox","Jonson, Ben",,,1616,0.3183
comedy,"Middleton, Thomas",B,257,Westward Ho,"Dekker, Thomas / Webster, John",Y,,1607,0.2222
comedy,"Middleton, Thomas",B,252,What You Will,"Marston, John",,,1607,0.2324
comedy,"Middleton, Thomas",B,234,Wily Beguiled,Anonymous,,,1606,0.2248
comedy,"Middleton, Thomas",B,591,Wit in a Constable,"Glapthorne, Henry",,,1640,0.4184
comedy,"Shakespeare, William",A,170,A Midsummer Night's Dream,"Shakespeare, William",,author,1600,0.3674
comedy,"Shakespeare, William",A,394,As You Like It,"Shakespeare, William",,author,1623,0.5463
comedy,"Shakespeare, William",A,150,Love's Labor's Lost,"Shakespeare, William",,author,1598,0.2999
comedy,"Shakespeare, William",A,168,Much Ado About Nothing,"Shakespeare, William",,author,1600,0.5003
comedy,"Shakespeare, William",A,393,The Comedy of Errors,"Shakespeare, William",,author,1623,0.3745
comedy,"Shakespeare, William",A,172,The Merchant of Venice (The Jew of Venice),"Shakespeare, William",,author,1600,0.3839
comedy,"Shakespeare, William",A,187,The Merry Wives of Windsor,"Shakespeare, William",,author,1623,0.1873
comedy,"Shakespeare, William",A,120.5,The Taming of the Shrew,"Shakespeare, William",,author,1623,0.149
comedy,"Shakespeare, William",A,390,The Tempest,"Shakespeare, William",,author,1623,0.2411
comedy,"Shakespeare, William",A,391,The Two Gentlemen of Verona,"Shakespeare, William",,author,1623,0.1723
comedy,"Shakespeare, William",A,396,"Twelfth Night, or What You Will","Shakespeare, William",,author,1623,0.0775
comedy,"Shakespeare, William",B,73,1 Promos and Cassandra,"Whetstone, George",,,1578,0.3805
comedy,"Shakespeare, William",B,204,1 The Honest Whore (1 The Converted Courtesan) (The Patient Man and the Honest Whore),"Dekker, Thomas / Middleton, Thomas",Y,,1604,0.3511
comedy,"Shakespeare, William",B,161,1 The Two Angry Women of Abingdon,"Porter, Henry",,,1599,0.1957
comedy,"Shakespeare, William",B,74,2 Promos and Cassandra,"Whetstone, George",,,1578,0.3257
comedy,"Shakespeare, William",B,435,2 The Honest Whore (2 The Converted Courtesan),"Dekker, Thomas",,,1630,0.2973
comedy,"Shakespeare, William",B,433,A Chaste Maid in Cheapside,"Middleton, Thomas",,,1630,0.2054
comedy,"Shakespeare, William",B,481,A Fine Companion,"Marmion, Shackerley",,,1633,0.4676
comedy,"Shakespeare, William",B,412,A Game at Chess,"Middleton, Thomas",,,1625,0.1112
comedy,"Shakespeare, William",B,276,"A Mad World, My Masters","Middleton, Thomas",,,1608,0.443
comedy,"Shakespeare, William",B,493,A Maidenhead Well Lost,"Heywood, Thomas",,,1634,0.4828
comedy,"Shakespeare, William",B,476,A Match at Midnight,"R., W.",,,1633,0.4612
comedy,"Shakespeare, William",B,561,A New Trick to Cheat the Devil,"Davenport, Robert",,,1639,0.6499
comedy,"Shakespeare, William",B,474,A New Way to Pay Old Debts,"Massinger, Philip",,,1633,0.1484
comedy,"Shakespeare, William",B,460,"A New Wonder, A Woman Never Vexed","Heywood, Thomas / Rowley, William",Y,,1632,0.469
comedy,"Shakespeare, William",B,617,A Tale of a Tub,"Jonson, Ben",,,1640,0.6987
comedy,"Shakespeare, William",B,262,A Trick to Catch the Old One,"Middleton, Thomas",,,1608,0.56
comedy,"Shakespeare, William",B,299,A Woman Is a Weathercock,"Field, Nathan",,,1612,0.3196
comedy,"Shakespeare, William",B,330,Albumazar,"Tomkis, Thomas",,,1615,0.2331
comedy,"Shakespeare, William",B,219,All Fools,"Chapman, George",,,1605,0.4201
comedy,"Shakespeare, William",B,356,Amends for Ladies,"Field, Nathan",,,1618,0.2789
comedy,"Shakespeare, William",B,91,Andria (The Woman from Andros),"Terence (Publius Terentius Afer) / Kyffin, Maurice",Y,,1588,0.5186
comedy,"Shakespeare, William",B,184,Antonio and Mellida,"Marston, John",,,1602,0.3509
comedy,"Shakespeare, William",B,414,Apollo Shroving,"Hawkins, William",,,1627,0.7609
comedy,"Shakespeare, William",B,431,"Aristippus, or The Jovial Philosopher","Randolph, Thomas",,,1630,0.4405
comedy,"Shakespeare, William",B,455,Bartholomew Fair,"Jonson, Ben",,,1631,0.277
comedy,"Shakespeare, William",B,84,"Campaspe (Alexander, Campaspe, and Diogenes)","Lyly, John",,,1584,0.275
comedy,"Shakespeare, William",B,462,"Changes, or Love in a Maze","Shirley, James",,,1632,0.2547
comedy,"Shakespeare, William",B,542,Covent Garden,"Nabbes, Thomas",,,1638,0.2831
comedy,"Shakespeare, William",B,247,Cupid's Whirligig,"Sharpham, Edward",,,1607,0.3484
comedy,"Shakespeare, William",B,181,"Cynthia's Revels, or The Fountain of Self-Love","Jonson, Ben",,,1616,0.3535
comedy,"Shakespeare, William",B,58,Damon and Pithias,"Edwards, Richard",,,1571,0.2156
comedy,"Shakespeare, William",B,217,Eastward Ho,"Chapman, George / Jonson, Ben / Marston, John",Y,,1605,0.1865
comedy,"Shakespeare, William",B,99,"Endymion, the Man in the Moon","Lyly, John",,,1591,0.0561
comedy,"Shakespeare, William",B,336,"Englishmen for My Money, or A Woman Will Have Her Will","Haughton, William",,,1616,0.0229
comedy,"Shakespeare, William",B,304,"Epicene, or The Silent Woman","Jonson, Ben",,,1616,0.2247
comedy,"Shakespeare, William",B,163,Every Man Out of His Humor,"Jonson, Ben",,,1600,0.2946
comedy,"Shakespeare, William",B,176,Every Man in His Humor,"Jonson, Ben",,,1601,0.3282
comedy,"Shakespeare, William",B,283,Every Woman in Her Humor,Anonymous,,,1609,0.2577
comedy,"Shakespeare, William",B,113,"Fair Em, the Miller's Daughter of Manchester",Anonymous,,,1591,0.1763
comedy,"Shakespeare, William",B,86,Fedele and Fortunia (Two Italian Gentlemen),"Pasqualigo, Luigi / Munday, Anthony",Y,,1585,0.2039
comedy,"Shakespeare, William",B,121,Friar Bacon and Friar Bongay,"Greene, Robert",,,1594,0.5294
comedy,"Shakespeare, William",B,105,Gallathea,"Lyly, John",,,1592,0.4828
comedy,"Shakespeare, William",B,67,Gammer Gurton's Needle,"Stevenson, William",,,1575,0.1373
comedy,"Shakespeare, William",B,323,"Greene's Tu Quoque, or The City Gallant","Cooke, John",,,1614,0.446
comedy,"Shakespeare, William",B,354,Hans Beer-Pot (See Me and See Me Not),"Belchier, Dabridgcourt",,,1618,0.2226
comedy,"Shakespeare, William",B,461,Holland's Leaguer,"Marmion, Shackerley",,,1632,0.344
comedy,"Shakespeare, William",B,191,How a Man May Choose a Good Wife from a Bad,Anonymous,,,1602,0.2779
comedy,"Shakespeare, William",B,268,Humor Out of Breath,"Day, John",,,1608,0.3546
comedy,"Shakespeare, William",B,517,Hyde Park,"Shirley, James",,,1637,0.2499
comedy,"Shakespeare, William",B,305,"If It Be Not Good, the Devil Is in It (If This Be Not a Good Play, the Devil Is in It)","Dekker, Thomas",,,1612,0.5669
comedy,"Shakespeare, William",B,177,Jack Drum's Entertainment (Katherine and Pasquil),"Marston, John",,,1601,0.3716
comedy,"Shakespeare, William",B,267,Law Tricks,"Day, John",,,1608,0.3562
comedy,"Shakespeare, William",B,174,Look About You,Anonymous,,,1600,0.0595
comedy,"Shakespeare, William",B,297,May Day,"Chapman, George",,,1611,0.3778
comedy,"Shakespeare, William",B,244,Michaelmas Term,"Middleton, Thomas",,,1607,0.1328
comedy,"Shakespeare, William",B,106,Midas,"Lyly, John",,,1592,0.4607
comedy,"Shakespeare, William",B,558,Monsieur Thomas (Father's Own Son),"Fletcher, John",,,1639,0.2832
comedy,"Shakespeare, William",B,125,Mother Bombie,"Lyly, John",,,1594,0.4177
comedy,"Shakespeare, William",B,250,Northward Ho,"Dekker, Thomas / Webster, John",Y,,1607,0.2839
comedy,"Shakespeare, William",B,230,"Parasitaster, or The Fawn","Marston, John",,,1606,0.2708
comedy,"Shakespeare, William",B,198,Patient Grissel,"Dekker, Thomas / Chettle, Henry / Haughton, William",Y,,1603,0.1247
comedy,"Shakespeare, William",B,186,"Poetaster, or The Arraignment","Jonson, Ben",,,1602,0.6975
comedy,"Shakespeare, William",B,46,Ralph Roister Doister,"Udall, Nicholas",,,1566,0.1283
comedy,"Shakespeare, William",B,292,"Ram Alley, or Merry Tricks","Barry, Lording",,,1611,0.5004
comedy,"Shakespeare, William",B,598,Rule a Wife and Have a Wife,"Fletcher, John",,,1640,0.3498
comedy,"Shakespeare, William",B,82,Sappho and Phao,"Lyly, John",,,1584,0.4398
comedy,"Shakespeare, William",B,195,"Satiromastix, or The Untrussing of the Humorous Poet","Dekker, Thomas",,,1602,0.339
comedy,"Shakespeare, William",B,228,Sir Giles Goosecap,"Chapman, George",,,1606,0.1746
comedy,"Shakespeare, William",B,173,Summer's Last Will and Testament,"Nashe, Thomas",,,1600,0.2828
comedy,"Shakespeare, William",B,60,Supposes,"Gascoigne, George / Ariosto, Ludovico",Y,,1573,0.2253
comedy,"Shakespeare, William",B,353,"Technogamia, or The Marriages of the Arts","Holyday, Barten",,,1618,0.3462
comedy,"Shakespeare, William",B,303,The Alchemist,"Jonson, Ben",,,1612,0.3789
comedy,"Shakespeare, William",B,586,The Antipodes,"Brome, Richard",,,1640,0.4786
comedy,"Shakespeare, William",B,549,The Ball,"Shirley, James",,,1639,0.2571
comedy,"Shakespeare, William",B,479,The Bird in a Cage (The Beauties),"Shirley, James",,,1633,0.4033
comedy,"Shakespeare, William",B,146,The Blind Beggar of Alexandria (Irus),"Chapman, George",,,1598,0.3069
comedy,"Shakespeare, William",B,281,The Case Is Altered,"Jonson, Ben",,,1609,0.3036
comedy,"Shakespeare, William",B,568,The City Match,"Mayne, Jasper",,,1639,0.5602
comedy,"Shakespeare, William",B,592,The Constant Maid (Love Will Find Out the Way),"Shirley, James",,,1640,0.2205
comedy,"Shakespeare, William",B,457,The Devil Is an Ass,"Jonson, Ben",,,1631,0.5208
comedy,"Shakespeare, William",B,214,The Dutch Courtesan (Cockle de Moye),"Marston, John",,,1605,0.2533
comedy,"Shakespeare, William",B,515,The Elder Brother,"Fletcher, John / Massinger, Philip",Y,,1637,0.2799
comedy,"Shakespeare, William",B,521,The Example,"Shirley, James",,,1637,0.1941
comedy,"Shakespeare, William",B,242,The Fair Maid of the Exchange,Anonymous,,,1607,0.4125
comedy,"Shakespeare, William",B,263,The Family of Love,"Barry, Lording",,,1608,0.7253
comedy,"Shakespeare, William",B,532,The Fancies Chaste and Noble,"Ford, John",,,1638,0.1927
comedy,"Shakespeare, William",B,255,The Fleer,"Sharpham, Edward",,,1607,0.3092
comedy,"Shakespeare, William",B,523,The Gamester,"Shirley, James",,,1637,0.3326
comedy,"Shakespeare, William",B,226,The Gentleman Usher (Vincentio and Margaret),"Chapman, George",,,1606,0.5007
comedy,"Shakespeare, William",B,429,The Grateful Servant (The Faithful Servant),"Shirley, James",,,1630,0.5535
comedy,"Shakespeare, William",B,505,The Great Duke of Florence,"Massinger, Philip",,,1636,0.5951
comedy,"Shakespeare, William",B,384,The Heir,"May, Thomas",,,1622,0.1836
comedy,"Shakespeare, William",B,321,The Hog Hath Lost His Pearl,"Tailor, Robert",,,1614,0.2347
comedy,"Shakespeare, William",B,594,The Hollander (Love's Trial),"Glapthorne, Henry",,,1640,0.5469
comedy,"Shakespeare, William",B,337,The Honest Lawyer,"S., S.",,,1616,0.3313
comedy,"Shakespeare, William",B,577,The Humorous Courtier (The Duke),"Shirley, James",,,1640,0.7484
comedy,"Shakespeare, William",B,235,The Isle of Gulls,"Day, John",,,1606,0.381
comedy,"Shakespeare, William",B,469,The Jealous Lovers,"Randolph, Thomas",,,1632,0.3207
comedy,"Shakespeare, William",B,580,"The Knave in Grain, New Vamped","D., J.",,,1640,0.3919
comedy,"Shakespeare, William",B,316,The Knight of the Burning Pestle,"Beaumont, Francis",,,1613,0.1863
comedy,"Shakespeare, William",B,518,The Lady of Pleasure,"Shirley, James",,,1637,0.441
comedy,"Shakespeare, William",B,555,The Lady's Trial,"Ford, John",,,1639,0.2032
comedy,"Shakespeare, William",B,494,The Late Lancashire Witches,"Heywood, Thomas / Brome, Richard",Y,,1634,0.2107
comedy,"Shakespeare, William",B,222,The London Prodigal,Anonymous,,,1605,0.2507
comedy,"Shakespeare, William",B,616,"The Magnetic Lady, or Humors Reconciled","Jonson, Ben",,,1640,0.5518
comedy,"Shakespeare, William",B,164,The Maid's Metamorphosis,Anonymous,,,1600,0.6051
comedy,"Shakespeare, William",B,264,The Merry Devil of Edmonton,Anonymous,,,1608,0.1743
comedy,"Shakespeare, William",B,442,"The New Inn, or The Light Heart","Jonson, Ben",,,1631,0.1349
comedy,"Shakespeare, William",B,574,"The Night Walker, or The Little Thief","Fletcher, John / Shirley, James",Y,,1640,0.3067
comedy,"Shakespeare, William",B,463,The Northern Lass,"Brome, Richard",,,1632,0.2613
comedy,"Shakespeare, William",B,575,The Opportunity,"Shirley, James",,,1640,0.9157
comedy,"Shakespeare, William",B,243,The Phoenix,"Middleton, Thomas",,,1607,0.5518
comedy,"Shakespeare, William",B,15,The Play of the Weather,"Heywood, John",,,1544,0.2383
comedy,"Shakespeare, William",B,251,"The Puritan, or The Widow of Watling Street (The Puritan Widow)","Middleton, Thomas",,,1607,0.515
comedy,"Shakespeare, William",B,465,The Rival Friends,"Hausted, Peter",,,1632,0.234
comedy,"Shakespeare, William",B,298,"The Roaring Girl, or Moll Cutpurse","Dekker, Thomas / Middleton, Thomas",Y,,1611,0.1681
comedy,"Shakespeare, William",B,538,The Royal Master,"Shirley, James",,,1638,0.7489
comedy,"Shakespeare, William",B,441,The School of Compliment (Love Tricks),"Shirley, James",,,1631,0.319
comedy,"Shakespeare, William",B,334,The Scornful Lady,"Beaumont, Francis / Fletcher, John",Y,,1616,0.391
comedy,"Shakespeare, William",B,175,"The Shoemaker's Holiday, or The Gentle Craft","Dekker, Thomas",,,1600,0.0779
comedy,"Shakespeare, William",B,556,"The Sophister (Fallacy, or The Troubles of Great Hermenia)","Zouche, Richard",,,1639,0.1575
comedy,"Shakespeare, William",B,456,The Staple of News,"Jonson, Ben",,,1631,0.257
comedy,"Shakespeare, William",B,120,The Taming of a Shrew,Anonymous,,,1594,0.1557
comedy,"Shakespeare, William",B,285,The Two Maids of More-Clacke,"Armin, Robert",,,1609,0.2448
comedy,"Shakespeare, William",B,364,"The Two Merry Milkmaids, or The Best Words Wear the Garland","Cumber, John",,,1620,0.5211
comedy,"Shakespeare, William",B,425,The Wedding,"Shirley, James",,,1629,0.39
comedy,"Shakespeare, William",B,301,The Widow's Tears,"Chapman, George",,,1612,0.21
comedy,"Shakespeare, William",B,535,The Wise Woman of Hogsdon,"Heywood, Thomas",,,1638,0.3346
comedy,"Shakespeare, William",B,477,The Witty Fair One,"Shirley, James",,,1633,0.361
comedy,"Shakespeare, William",B,245,The Woman Hater (The Hungry Courtier),"Beaumont, Francis / Fletcher, John",Y,,1607,0.456
comedy,"Shakespeare, William",B,144,The Woman in the Moon,"Lyly, John",,,1597,0.3957
comedy,"Shakespeare, William",B,508,The Wonder of A Kingdom,"Dekker, Thomas",,,1636,0.5671
comedy,"Shakespeare, William",B,37,Thersites,"Udall, Nicholas",,,1562,0.3618
comedy,"Shakespeare, William",B,540,Tottenham Court,"Nabbes, Thomas",,,1638,0.3341
comedy,"Shakespeare, William",B,259,"Volpone, or The Fox","Jonson, Ben",,,1616,0.3183
comedy,"Shakespeare, William",B,257,Westward Ho,"Dekker, Thomas / Webster, John",Y,,1607,0.2222
comedy,"Shakespeare, William",B,252,What You Will,"Marston, John",,,1607,0.2324
comedy,"Shakespeare, William",B,234,Wily Beguiled,Anonymous,,,1606,0.2248
comedy,"Shakespeare, William",B,591,Wit in a Constable,"Glapthorne, Henry",,,1640,0.4184
comedy,"Shakespeare, William",B,266,Your Five Gallants (The Five Witty Gallants),"Middleton, Thomas",,,1608,0.2983
comedy,"Shirley, James",A,462,"Changes, or Love in a Maze","Shirley, James",,author,1632,0.2547
comedy,"Shirley, James",A,517,Hyde Park,"Shirley, James",,author,1637,0.2499
comedy,"Shirley, James",A,549,The Ball,"Shirley, James",,author,1639,0.2571
comedy,"Shirley, James",A,479,The Bird in a Cage (The Beauties),"Shirley, James",,author,1633,0.4033
comedy,"Shirley, James",A,592,The Constant Maid (Love Will Find Out the Way),"Shirley, James",,author,1640,0.2205
comedy,"Shirley, James",A,521,The Example,"Shirley, James",,author,1637,0.1941
comedy,"Shirley, James",A,523,The Gamester,"Shirley, James",,author,1637,0.3326
comedy,"Shirley, James",A,429,The Grateful Servant (The Faithful Servant),"Shirley, James",,author,1630,0.5535
comedy,"Shirley, James",A,577,The Humorous Courtier (The Duke),"Shirley, James",,author,1640,0.7484
comedy,"Shirley, James",A,518,The Lady of Pleasure,"Shirley, James",,author,1637,0.441
comedy,"Shirley, James",A,574,"The Night Walker, or The Little Thief","Fletcher, John / Shirley, James",Y,reviser,1640,0.3067
comedy,"Shirley, James",A,575,The Opportunity,"Shirley, James",,author,1640,0.9157
comedy,"Shirley, James",A,538,The Royal Master,"Shirley, James",,author,1638,0.7489
comedy,"Shirley, James",A,441,The School of Compliment (Love Tricks),"Shirley, James",,author,1631,0.319
comedy,"Shirley, James",A,425,The Wedding,"Shirley, James",,author,1629,0.39
comedy,"Shirley, James",A,477,The Witty Fair One,"Shirley, James",,author,1633,0.361
comedy,"Shirley, James",B,73,1 Promos and Cassandra,"Whetstone, George",,,1578,0.3805
comedy,"Shirley, James",B,204,1 The Honest Whore (1 The Converted Courtesan) (The Patient Man and the Honest Whore),"Dekker, Thomas / Middleton, Thomas",Y,,1604,0.3511
comedy,"Shirley, James",B,161,1 The Two Angry Women of Abingdon,"Porter, Henry",,,1599,0.1957
comedy,"Shirley, James",B,74,2 Promos and Cassandra,"Whetstone, George",,,1578,0.3257
comedy,"Shirley, James",B,435,2 The Honest Whore (2 The Converted Courtesan),"Dekker, Thomas",,,1630,0.2973
comedy,"Shirley, James",B,433,A Chaste Maid in Cheapside,"Middleton, Thomas",,,1630,0.2054
comedy,"Shirley, James",B,481,A Fine Companion,"Marmion, Shackerley",,,1633,0.4676
comedy,"Shirley, James",B,412,A Game at Chess,"Middleton, Thomas",,,1625,0.1112
comedy,"Shirley, James",B,276,"A Mad World, My Masters","Middleton, Thomas",,,1608,0.443
comedy,"Shirley, James",B,493,A Maidenhead Well Lost,"Heywood, Thomas",,,1634,0.4828
comedy,"Shirley, James",B,476,A Match at Midnight,"R., W.",,,1633,0.4612
comedy,"Shirley, James",B,170,A Midsummer Night's Dream,"Shakespeare, William",,,1600,0.3674
comedy,"Shirley, James",B,561,A New Trick to Cheat the Devil,"Davenport, Robert",,,1639,0.6499
comedy,"Shirley, James",B,474,A New Way to Pay Old Debts,"Massinger, Philip",,,1633,0.1484
comedy,"Shirley, James",B,460,"A New Wonder, A Woman Never Vexed","Heywood, Thomas / Rowley, William",Y,,1632,0.469
comedy,"Shirley, James",B,617,A Tale of a Tub,"Jonson, Ben",,,1640,0.6987
comedy,"Shirley, James",B,262,A Trick to Catch the Old One,"Middleton, Thomas",,,1608,0.56
comedy,"Shirley, James",B,299,A Woman Is a Weathercock,"Field, Nathan",,,1612,0.3196
comedy,"Shirley, James",B,330,Albumazar,"Tomkis, Thomas",,,1615,0.2331
comedy,"Shirley, James",B,219,All Fools,"Chapman, George",,,1605,0.4201
comedy,"Shirley, James",B,356,Amends for Ladies,"Field, Nathan",,,1618,0.2789
comedy,"Shirley, James",B,91,Andria (The Woman from Andros),"Terence (Publius Terentius Afer) / Kyffin, Maurice",Y,,1588,0.5186
comedy,"Shirley, James",B,184,Antonio and Mellida,"Marston, John",,,1602,0.3509
comedy,"Shirley, James",B,414,Apollo Shroving,"Hawkins, William",,,1627,0.7609
comedy,"Shirley, James",B,431,"Aristippus, or The Jovial Philosopher","Randolph, Thomas",,,1630,0.4405
comedy,"Shirley, James",B,394,As You Like It,"Shakespeare, William",,,1623,0.5463
comedy,"Shirley, James",B,455,Bartholomew Fair,"Jonson, Ben",,,1631,0.277
comedy,"Shirley, James",B,84,"Campaspe (Alexander, Campaspe, and Diogenes)","Lyly, John",,,1584,0.275
comedy,"Shirley, James",B,542,Covent Garden,"Nabbes, Thomas",,,1638,0.2831
comedy,"Shirley, James",B,247,Cupid's Whirligig,"Sharpham, Edward",,,1607,0.3484
comedy,"Shirley, James",B,181,"Cynthia's Revels, or The Fountain of Self-Love","Jonson, Ben",,,1616,0.3535
comedy,"Shirley, James",B,58,Damon and Pithias,"Edwards, Richard",,,1571,0.2156
comedy,"Shirley, James",B,217,Eastward Ho,"Chapman, George / Jonson, Ben / Marston, John",Y,,1605,0.1865
comedy,"Shirley, James",B,99,"Endymion, the Man in the Moon","Lyly, John",,,1591,0.0561
comedy,"Shirley, James",B,336,"Englishmen for My Money, or A Woman Will Have Her Will","Haughton, William",,,1616,0.0229
comedy,"Shirley, James",B,304,"Epicene, or The Silent Woman","Jonson, Ben",,,1616,0.2247
comedy,"Shirley, James",B,163,Every Man Out of His Humor,"Jonson, Ben",,,1600,0.2946
comedy,"Shirley, James",B,176,Every Man in His Humor,"Jonson, Ben",,,1601,0.3282
comedy,"Shirley, James",B,283,Every Woman in Her Humor,Anonymous,,,1609,0.2577
comedy,"Shirley, James",B,113,"Fair Em, the Miller's Daughter of Manchester",Anonymous,,,1591,0.1763
comedy,"Shirley, James",B,86,Fedele and Fortunia (Two Italian Gentlemen),"Pasqualigo, Luigi / Munday, Anthony",Y,,1585,0.2039
comedy,"Shirley, James",B,121,Friar Bacon and Friar Bongay,"Greene, Robert",,,1594,0.5294
comedy,"Shirley, James",B,105,Gallathea,"Lyly, John",,,1592,0.4828
comedy,"Shirley, James",B,67,Gammer Gurton's Needle,"Stevenson, William",,,1575,0.1373
comedy,"Shirley, James",B,323,"Greene's Tu Quoque, or The City Gallant","Cooke, John",,,1614,0.446
comedy,"Shirley, James",B,354,Hans Beer-Pot (See Me and See Me Not),"Belchier, Dabridgcourt",,,1618,0.2226
comedy,"Shirley, James",B,461,Holland's Leaguer,"Marmion, Shackerley",,,1632,0.344
comedy,"Shirley, James",B,191,How a Man May Choose a Good Wife from a Bad,Anonymous,,,1602,0.2779
comedy,"Shirley, James",B,268,Humor Out of Breath,"Day, John",,,1608,0.3546
comedy,"Shirley, James",B,305,"If It Be Not Good, the Devil Is in It (If This Be Not a Good Play, the Devil Is in It)","Dekker, Thomas",,,1612,0.5669
comedy,"Shirley, James",B,177,Jack Drum's Entertainment (Katherine and Pasquil),"Marston, John",,,1601,0.3716
comedy,"Shirley, James",B,267,Law Tricks,"Day, John",,,1608,0.3562
comedy,"Shirley, James",B,174,Look About You,Anonymous,,,1600,0.0595
comedy,"Shirley, James",B,150,Love's Labor's Lost,"Shakespeare, William",,,1598,0.2999
comedy,"Shirley, James",B,297,May Day,"Chapman, George",,,1611,0.3778
comedy,"Shirley, James",B,244,Michaelmas Term,"Middleton, Thomas",,,1607,0.1328
comedy,"Shirley, James",B,106,Midas,"Lyly, John",,,1592,0.4607
comedy,"Shirley, James",B,558,Monsieur Thomas (Father's Own Son),"Fletcher, John",,,1639,0.2832
comedy,"Shirley, James",B,125,Mother Bombie,"Lyly, John",,,1594,0.4177
comedy,"Shirley, James",B,168,Much Ado About Nothing,"Shakespeare, William",,,1600,0.5003
comedy,"Shirley, James",B,250,Northward Ho,"Dekker, Thomas / Webster, John",Y,,1607,0.2839
comedy,"Shirley, James",B,230,"Parasitaster, or The Fawn","Marston, John",,,1606,0.2708
comedy,"Shirley, James",B,198,Patient Grissel,"Dekker, Thomas / Chettle, Henry / Haughton, William",Y,,1603,0.1247
comedy,"Shirley, James",B,186,"Poetaster, or The Arraignment","Jonson, Ben",,,1602,0.6975
comedy,"Shirley, James",B,46,Ralph Roister Doister,"Udall, Nicholas",,,1566,0.1283
comedy,"Shirley, James",B,292,"Ram Alley, or Merry Tricks","Barry, Lording",,,1611,0.5004
comedy,"Shirley, James",B,598,Rule a Wife and Have a Wife,"Fletcher, John",,,1640,0.3498
comedy,"Shirley, James",B,82,Sappho and Phao,"Lyly, John",,,1584,0.4398
comedy,"Shirley, James",B,195,"Satiromastix, or The Untrussing of the Humorous Poet","Dekker, Thomas",,,1602,0.339
comedy,"Shirley, James",B,228,Sir Giles Goosecap,"Chapman, George",,,1606,0.1746
comedy,"Shirley, James",B,173,Summer's Last Will and Testament,"Nashe, Thomas",,,1600,0.2828
comedy,"Shirley, James",B,60,Supposes,"Gascoigne, George / Ariosto, Ludovico",Y,,1573,0.2253
comedy,"Shirley, James",B,353,"Technogamia, or The Marriages of the Arts","Holyday, Barten",,,1618,0.3462
comedy,"Shirley, James",B,303,The Alchemist,"Jonson, Ben",,,1612,0.3789
comedy,"Shirley, James",B,586,The Antipodes,"Brome, Richard",,,1640,0.4786
comedy,"Shirley, James",B,146,The Blind Beggar of Alexandria (Irus),"Chapman, George",,,1598,0.3069
comedy,"Shirley, James",B,281,The Case Is Altered,"Jonson, Ben",,,1609,0.3036
comedy,"Shirley, James",B,568,The City Match,"Mayne, Jasper",,,1639,0.5602
comedy,"Shirley, James",B,393,The Comedy of Errors,"Shakespeare, William",,,1623,0.3745
comedy,"Shirley, James",B,457,The Devil Is an Ass,"Jonson, Ben",,,1631,0.5208
comedy,"Shirley, James",B,214,The Dutch Courtesan (Cockle de Moye),"Marston, John",,,1605,0.2533
comedy,"Shirley, James",B,515,The Elder Brother,"Fletcher, John / Massinger, Philip",Y,,1637,0.2799
comedy,"Shirley, James",B,242,The Fair Maid of the Exchange,Anonymous,,,1607,0.4125
comedy,"Shirley, James",B,263,The Family of Love,"Barry, Lording",,,1608,0.7253
comedy,"Shirley, James",B,532,The Fancies Chaste and Noble,"Ford, John",,,1638,0.1927
comedy,"Shirley, James",B,255,The Fleer,"Sharpham, Edward",,,1607,0.3092
comedy,"Shirley, James",B,226,The Gentleman Usher (Vincentio and Margaret),"Chapman, George",,,1606,0.5007
comedy,"Shirley, James",B,505,The Great Duke of Florence,"Massinger, Philip",,,1636,0.5951
comedy,"Shirley, James",B,384,The Heir,"May, Thomas",,,1622,0.1836
comedy,"Shirley, James",B,321,The Hog Hath Lost His Pearl,"Tailor, Robert",,,1614,0.2347
comedy,"Shirley, James",B,594,The Hollander (Love's Trial),"Glapthorne, Henry",,,1640,0.5469
comedy,"Shirley, James",B,337,The Honest Lawyer,"S., S.",,,1616,0.3313
comedy,"Shirley, James",B,235,The Isle of Gulls,"Day, John",,,1606,0.381
comedy,"Shirley, James",B,469,The Jealous Lovers,"Randolph, Thomas",,,1632,0.3207
comedy,"Shirley, James",B,580,"The Knave in Grain, New Vamped","D., J.",,,1640,0.3919
comedy,"Shirley, James",B,316,The Knight of the Burning Pestle,"Beaumont, Francis",,,1613,0.1863
comedy,"Shirley, James",B,555,The Lady's Trial,"Ford, John",,,1639,0.2032
comedy,"Shirley, James",B,494,The Late Lancashire Witches,"Heywood, Thomas / Brome, Richard",Y,,1634,0.2107
comedy,"Shirley, James",B,222,The London Prodigal,Anonymous,,,1605,0.2507
comedy,"Shirley, James",B,616,"The Magnetic Lady, or Humors Reconciled","Jonson, Ben",,,1640,0.5518
comedy,"Shirley, James",B,164,The Maid's Metamorphosis,Anonymous,,,1600,0.6051
comedy,"Shirley, James",B,172,The Merchant of Venice (The Jew of Venice),"Shakespeare, William",,,1600,0.3839
comedy,"Shirley, James",B,264,The Merry Devil of Edmonton,Anonymous,,,1608,0.1743
comedy,"Shirley, James",B,187,The Merry Wives of Windsor,"Shakespeare, William",,,1623,0.1873
comedy,"Shirley, James",B,442,"The New Inn, or The Light Heart","Jonson, Ben",,,1631,0.1349
comedy,"Shirley, James",B,463,The Northern Lass,"Brome, Richard",,,1632,0.2613
comedy,"Shirley, James",B,243,The Phoenix,"Middleton, Thomas",,,1607,0.5518
comedy,"Shirley, James",B,15,The Play of the Weather,"Heywood, John",,,1544,0.2383
comedy,"Shirley, James",B,251,"The Puritan, or The Widow of Watling Street (The Puritan Widow)","Middleton, Thomas",,,1607,0.515
comedy,"Shirley, James",B,465,The Rival Friends,"Hausted, Peter",,,1632,0.234
comedy,"Shirley, James",B,298,"The Roaring Girl, or Moll Cutpurse","Dekker, Thomas / Middleton, Thomas",Y,,1611,0.1681
comedy,"Shirley, James",B,334,The Scornful Lady,"Beaumont, Francis / Fletcher, John",Y,,1616,0.391
comedy,"Shirley, James",B,175,"The Shoemaker's Holiday, or The Gentle Craft","Dekker, Thomas",,,1600,0.0779
comedy,"Shirley, James",B,556,"The Sophister (Fallacy, or The Troubles of Great Hermenia)","Zouche, Richard",,,1639,0.1575
comedy,"Shirley, James",B,456,The Staple of News,"Jonson, Ben",,,1631,0.257
comedy,"Shirley, James",B,120,The Taming of a Shrew,Anonymous,,,1594,0.1557
comedy,"Shirley, James",B,120.5,The Taming of the Shrew,"Shakespeare, William",,,1623,0.149
comedy,"Shirley, James",B,390,The Tempest,"Shakespeare, William",,,1623,0.2411
comedy,"Shirley, James",B,391,The Two Gentlemen of Verona,"Shakespeare, William",,,1623,0.1723
comedy,"Shirley, James",B,285,The Two Maids of More-Clacke,"Armin, Robert",,,1609,0.2448
comedy,"Shirley, James",B,364,"The Two Merry Milkmaids, or The Best Words Wear the Garland","Cumber, John",,,1620,0.5211
comedy,"Shirley, James",B,301,The Widow's Tears,"Chapman, George",,,1612,0.21
comedy,"Shirley, James",B,535,The Wise Woman of Hogsdon,"Heywood, Thomas",,,1638,0.3346
comedy,"Shirley, James",B,245,The Woman Hater (The Hungry Courtier),"Beaumont, Francis / Fletcher, John",Y,,1607,0.456
comedy,"Shirley, James",B,144,The Woman in the Moon,"Lyly, John",,,1597,0.3957
comedy,"Shirley, James",B,508,The Wonder of A Kingdom,"Dekker, Thomas",,,1636,0.5671
comedy,"Shirley, James",B,37,Thersites,"Udall, Nicholas",,,1562,0.3618
comedy,"Shirley, James",B,540,Tottenham Court,"Nabbes, Thomas",,,1638,0.3341
comedy,"Shirley, James",B,396,"Twelfth Night, or What You Will","Shakespeare, William",,,1623,0.0775
comedy,"Shirley, James",B,259,"Volpone, or The Fox","Jonson, Ben",,,1616,0.3183
comedy,"Shirley, James",B,257,Westward Ho,"Dekker, Thomas / Webster, John",Y,,1607,0.2222
comedy,"Shirley, James",B,252,What You Will,"Marston, John",,,1607,0.2324
comedy,"Shirley, James",B,234,Wily Beguiled,Anonymous,,,1606,0.2248
comedy,"Shirley, James",B,591,Wit in a Constable,"Glapthorne, Henry",,,1640,0.4184
comedy,"Shirley, James",B,266,Your Five Gallants (The Five Witty Gallants),"Middleton, Thomas",,,1608,0.2983
tragedy,"Chapman, George",A,246,Bussy D'Ambois,"Chapman, George",,author,1607,0.2204
tragedy,"Chapman, George",A,444,Caesar and Pompey (The Wars of Caesar and Pompey),"Chapman, George",,author,1631,0.4113
tragedy,"Chapman, George",A,550,"Chabot, Admiral of France","Chapman, George / Shirley, James",Y,author,1639,0.0782
tragedy,"Chapman, George",A,307,The Revenge of Bussy D'Ambois,"Chapman, George",,author,1613,0.3871
tragedy,"Chapman, George",A,275,The Tragedy of Charles Duke of Byron,"Chapman, George",,author,1608,0.4496
tragedy,"Chapman, George",B,221,"1 Jeronimo, with the Wars of Portugal",Anonymous,,,1605,0.7808
tragedy,"Chapman, George",B,94,1 Tamburlaine the Great,"Marlowe, Christopher",,,1590,0.7613
tragedy,"Chapman, George",B,95,2 Tamburlaine the Great,"Marlowe, Christopher",,,1590,0.4726
tragedy,"Chapman, George",B,300,A Christian Turned Turk (The Two Famous Pirates),"Daborne, Robert",,,1612,0.2365
tragedy,"Chapman, George",B,258,A Woman Killed with Kindness,"Heywood, Thomas",,,1607,0.2423
tragedy,"Chapman, George",B,272,A Yorkshire Tragedy,"Middleton, Thomas",,,1608,0.6375
tragedy,"Chapman, George",B,71,Abraham's Sacrifice,"Golding, Arthur / Beza, Theodore",Y,,1577,0.1168
tragedy,"Chapman, George",B,42,Agamemnon (Seneca's Eighth Tragedy),"Seneca, Lucius Annaeus / Studley, John",Y,,1566,0.5349
tragedy,"Chapman, George",B,489,Alaham,"Greville, Fulke",,,1633,0.2841
tragedy,"Chapman, George",B,422,"Albovine, King of the Lombards","Davenant, William",,,1629,0.1524
tragedy,"Chapman, George",B,471,All's Lost by Lust,"Rowley, William",,,1633,0.3903
tragedy,"Chapman, George",B,450,"Antigone, the Theban Princess","May, Thomas",,,1631,0.6037
tragedy,"Chapman, George",B,185,Antonio's Revenge (2 Antonio and Mellida),"Marston, John",,,1602,0.5157
tragedy,"Chapman, George",B,108,Antonius (Antony),"Herbert, Mary Sidney / Garnier, Robert / Sidney Herbert, Mary",Y,,1595,0.6178
tragedy,"Chapman, George",B,405,Antony and Cleopatra,"Shakespeare, William",,,1623,0.2102
tragedy,"Chapman, George",B,65,Appius and Virginia,"B., R.",,,1575,0.1985
tragedy,"Chapman, George",B,56,"Cambises, King of Persia","Preston, Thomas",,,1570,0.2667
tragedy,"Chapman, George",B,296,Catiline His Conspiracy,"Jonson, Ben",,,1611,0.8792
tragedy,"Chapman, George",B,132,Cleopatra,"Daniel, Samuel",,,1594,0.5755
tragedy,"Chapman, George",B,553,"Cleopatra, Queen of Egypt","May, Thomas",,,1639,0.4906
tragedy,"Chapman, George",B,401,Coriolanus,"Shakespeare, William",,,1623,0.6851
tragedy,"Chapman, George",B,116,Cornelia (Pompey the Great His Fair Cornelia's Tragedy),"Garnier, Robert / Kyd, Thomas",Y,,1594,0.6485
tragedy,"Chapman, George",B,209,Croesus,"Alexander, William",,,1604,0.2381
tragedy,"Chapman, George",B,328,Cupid's Revenge,"Beaumont, Francis / Fletcher, John",Y,,1615,0.3641
tragedy,"Chapman, George",B,314,"Cynthia's Revenge, or Maenander's Ecstasy","Stephens, John",,,1613,0.3016
tragedy,"Chapman, George",B,196,Darius,"Alexander, William",,,1604,0.2042
tragedy,"Chapman, George",B,128,"Dido, Queen of Carthage","Marlowe, Christopher / Nashe, Thomas",Y,,1594,0.5916
tragedy,"Chapman, George",B,205,Doctor Faustus,"Anonymous / Marlowe, Christopher",Y,,1604,0.4322
tragedy,"Chapman, George",B,39,Ferrex and Porrex (Gorboduc),"Norton, Thomas / Sackville, Thomas",Y,,1565,0.2395
tragedy,"Chapman, George",B,197,"Hamlet, Prince of Denmark","Shakespeare, William",,,1623,0.2542
tragedy,"Chapman, George",B,513,Hannibal and Scipio,"Nabbes, Thomas",,,1637,0.2249
tragedy,"Chapman, George",B,34,Hercules Furens (Mad Hercules) (Seneca's First Tragedy),"Heywood, Jasper / Seneca, Lucius Annaeus",Y,,1561,0.7506
tragedy,"Chapman, George",B,81,Hercules Oetaeus (Hercules on Mount Oeta) (Seneca's Tenth Tragedy),"Seneca, Lucius Annaeus / Studley, John",Y,,1581,0.8406
tragedy,"Chapman, George",B,382,Herod and Antipater,"Markham, Gervase / Sampson, William",Y,,1622,0.4533
tragedy,"Chapman, George",B,80,Hippolytus (Seneca's Fourth Tragedy),"Seneca, Lucius Annaeus / Studley, John",Y,,1581,0.2753
tragedy,"Chapman, George",B,438,"Hoffman, or A Revenge for a Father","Chettle, Henry",,,1631,0.4595
tragedy,"Chapman, George",B,560,Imperiale,"Freeman, Ralph",,,1639,0.2858
tragedy,"Chapman, George",B,61,Jocasta,"Gascoigne, George / Kinwelmershe, Francis / Yelverton, Christopher / Euripides / Dolce, Lodovico",Y,,1573,0.3419
tragedy,"Chapman, George",B,261,Julius Caesar,"Alexander, William",,,1607,0.6554
tragedy,"Chapman, George",B,403,Julius Caesar,"Shakespeare, William",,,1623,0.5855
tragedy,"Chapman, George",B,265,King Lear,"Shakespeare, William",,,1608,0.226
tragedy,"Chapman, George",B,136,"Locrine, the Eldest Son of King Brutus","S., W.",,,1595,0.3791
tragedy,"Chapman, George",B,418,"Lodovic Sforza, Duke of Milan","Gomersall, Robert",,,1628,0.5942
tragedy,"Chapman, George",B,573,Love's Cruelty,"Shirley, James",,,1640,0.6948
tragedy,"Chapman, George",B,478,Love's Sacrifice,"Ford, John",,,1633,0.7087
tragedy,"Chapman, George",B,404,Macbeth,"Shakespeare, William / Middleton, Thomas",Y,,1623,0.2118
tragedy,"Chapman, George",B,107,Master Arden of Faversham in Kent,"Anonymous / Kyd, Thomas / Shakespeare, William / Watson, Thomas",Y,,1592,0.1757
tragedy,"Chapman, George",B,44,Medea (Seneca's Seventh Tragedy),"Seneca, Lucius Annaeus / Studley, John",Y,,1566,0.3766
tragedy,"Chapman, George",B,578,"Messalina, the Roman Empress","Richards, Nathaniel",,,1640,0.4559
tragedy,"Chapman, George",B,278,Mustapha,"Greville, Fulke",,,1633,0.6949
tragedy,"Chapman, George",B,410,Nero (Piso's Conspiracy),Anonymous,,,1624,0.6042
tragedy,"Chapman, George",B,45,Octavia (Seneca's Ninth Tragedy),"Seneca, Lucius Annaeus / Nuce, Thomas / Pseudo-Seneca",Y,,1566,0.2643
tragedy,"Chapman, George",B,36,Oedipus (Seneca's Fifth Tragedy),"Seneca, Lucius Annaeus / Neville, Alexander",Y,,1581,0.4636
tragedy,"Chapman, George",B,485,Orestes,"Goffe, Thomas",,,1633,0.4683
tragedy,"Chapman, George",B,379,"Othello, the Moor of Venice","Shakespeare, William",,,1623,0.251
tragedy,"Chapman, George",B,143,Romeo and Juliet,"Shakespeare, William",,,1623,0.3491
tragedy,"Chapman, George",B,216,Sejanus His Fall,"Jonson, Ben",,,1616,0.7492
tragedy,"Chapman, George",B,599,"Sicily and Naples, or The Fatal Union","Harding, Samuel",,,1640,0.3423
tragedy,"Chapman, George",B,109,Soliman and Perseda (Zulziman),Anonymous,,,1592,0.2288
tragedy,"Chapman, George",B,104,Tancred and Gismund (Gismond of Salerne),"Wilmot, Robert / Hatton, Christopher / Noel, Henry / Al., G. / Stafford, Roderick",Y,,1591,0.2434
tragedy,"Chapman, George",B,260,The Alexandraean Tragedy,"Alexander, William",,,1607,0.1657
tragedy,"Chapman, George",B,293,"The Atheist's Tragedy, or The Honest Man's Revenge","Tourneur, Cyril",,,1611,0.2915
tragedy,"Chapman, George",B,127,The Battle of Alcazar,"Peele, George",,,1594,0.1388
tragedy,"Chapman, George",B,567,The Bloody Banquet,"Dekker, Thomas / Middleton, Thomas",Y,,1639,0.254
tragedy,"Chapman, George",B,565,"The Bloody Brother (Rollo, Duke of Normandy)","Fletcher, John / Field, Nathan / Massinger, Philip",Y,,1639,0.434
tragedy,"Chapman, George",B,480,The Broken Heart,"Ford, John",,,1633,0.2113
tragedy,"Chapman, George",B,537,The Conspiracy (Pallantus and Eudora),"Killigrew, Henry",,,1638,0.2236
tragedy,"Chapman, George",B,458,"The Courageous Turk, or Amurath the First","Goffe, Thomas",,,1632,0.4787
tragedy,"Chapman, George",B,427,The Cruel Brother,"Davenant, William",,,1630,0.5399
tragedy,"Chapman, George",B,180,"The Death of Robert, Earl of Huntingdon (2 Robin Hood)","Munday, Anthony / Chettle, Henry",Y,,1601,0.1109
tragedy,"Chapman, George",B,254,"The Devil's Charter, or Pope Alexander the Sixth","Barnes, Barnabe",,,1607,0.4005
tragedy,"Chapman, George",B,389,The Duchess of Malfi,"Webster, John",,,1623,0.6368
tragedy,"Chapman, George",B,386,The Duke of Milan,"Massinger, Philip",,,1623,0.611
tragedy,"Chapman, George",B,464,The Fatal Dowry,"Field, Nathan / Massinger, Philip",Y,,1632,0.2825
tragedy,"Chapman, George",B,315,The Insatiate Countess,"Marston, John / Machin, Lewis / Barkstead, William",Y,,1613,0.2966
tragedy,"Chapman, George",B,48,The Interlude of Vice (Orestes),"Pickering, John",,,1567,0.2936
tragedy,"Chapman, George",B,475,The Jew of Malta,"Marlowe, Christopher",,,1633,0.326
tragedy,"Chapman, George",B,562,The Maid's Revenge,"Shirley, James",,,1639,0.4604
tragedy,"Chapman, George",B,357,The Maid's Tragedy,"Beaumont, Francis / Fletcher, John",Y,,1619,0.3614
tragedy,"Chapman, George",B,133,The Massacre at Paris,"Marlowe, Christopher",,,1596,0.2064
tragedy,"Chapman, George",B,249,The Miseries of Enforced Marriage,"Wilkins, George",,,1607,0.3805
tragedy,"Chapman, George",B,89,The Misfortunes of Arthur (Certain Devices and Shows Presented to Her Majesty),"Hughes, Thomas / Fulbecke, William",Y,,1587,0.2554
tragedy,"Chapman, George",B,490,"The Noble Spanish Soldier (The Noble Soldier, or A Contract Broken Justly Revenged)","Dekker, Thomas",,,1634,0.4437
tragedy,"Chapman, George",B,569,The Phoenix in Her Flames,"Lower, William",,,1639,0.6041
tragedy,"Chapman, George",B,447,"The Raging Turk, or Bajazet the Second","Goffe, Thomas",,,1631,0.2013
tragedy,"Chapman, George",B,273,The Rape of Lucrece,"Heywood, Thomas",,,1608,0.446
tragedy,"Chapman, George",B,582,The Rebellion,"Rawlins, Thomas",,,1640,0.16
tragedy,"Chapman, George",B,253,The Revenger's Tragedy,"Middleton, Thomas",,,1607,0.722
tragedy,"Chapman, George",B,110,The Spanish Tragedy (Hieronimo is Mad Again),"Kyd, Thomas",,,1592,0.242
tragedy,"Chapman, George",B,498,The Traitor,"Shirley, James",,,1635,0.6599
tragedy,"Chapman, George",B,286,The Turk (Muleasses the Turk),"Mason, John",,,1610,0.3255
tragedy,"Chapman, George",B,559,The Unnatural Combat,"Massinger, Philip",,,1639,0.2218
tragedy,"Chapman, George",B,380,The Virgin Martyr,"Dekker, Thomas / Massinger, Philip",Y,,1622,0.3948
tragedy,"Chapman, George",B,510,"The Vow Breaker, or The Fair Maid of Clifton","Sampson, William",,,1636,0.4717
tragedy,"Chapman, George",B,131,"The Wars of Cyrus, King of Persia",Anonymous,,,1594,0.809
tragedy,"Chapman, George",B,306,The White Devil (Vittoria Corombona),"Webster, John",,,1612,0.6723
tragedy,"Chapman, George",B,231,"The Wonder of Women, or Sophonisba","Marston, John",,,1606,0.1952
tragedy,"Chapman, George",B,122,"The Wounds of Civil War, or Marius and Scilla","Lodge, Thomas",,,1594,0.8367
tragedy,"Chapman, George",B,79,Thebais (Seneca's Third Tragedy),"Seneca, Lucius Annaeus / Newton, Thomas",Y,,1581,0.4435
tragedy,"Chapman, George",B,368,Thierry and Theodoret,"Anonymous / Fletcher, John / Massinger, Philip",Y,,1621,0.2677
tragedy,"Chapman, George",B,29,Thyestes (Seneca's Second Tragedy),"Heywood, Jasper / Seneca, Lucius Annaeus",Y,,1560,0.4605
tragedy,"Chapman, George",B,402,Timon of Athens,"Shakespeare, William / Middleton, Thomas",Y,,1623,0.2294
tragedy,"Chapman, George",B,117,Titus Andronicus,"Peele, George / Shakespeare, William",Y,,1594,0.3919
tragedy,"Chapman, George",B,28,Troas (Seneca's Sixth Tragedy),"Heywood, Jasper / Seneca, Lucius Annaeus",Y,,1581,0.9627
tragedy,"Chapman, George",B,279,Troilus and Cressida,"Shakespeare, William",,,1623,0.7143
tragedy,"Chapman, George",B,182,Two Lamentable Tragedies,"Yarington, Robert",,,1601,0.3777
tragedy,"Marlowe, Christopher",A,94,1 Tamburlaine the Great,"Marlowe, Christopher",,author,1590,0.7613
tragedy,"Marlowe, Christopher",A,95,2 Tamburlaine the Great,"Marlowe, Christopher",,author,1590,0.4726
tragedy,"Marlowe, Christopher",A,128,"Dido, Queen of Carthage","Marlowe, Christopher / Nashe, Thomas",Y,author,1594,0.5916
tragedy,"Marlowe, Christopher",A,205,Doctor Faustus,"Anonymous / Marlowe, Christopher",Y,author,1604,0.4322
tragedy,"Marlowe, Christopher",A,475,The Jew of Malta,"Marlowe, Christopher",,author,1633,0.326
tragedy,"Marlowe, Christopher",A,133,The Massacre at Paris,"Marlowe, Christopher",,author,1596,0.2064
tragedy,"Marlowe, Christopher",B,221,"1 Jeronimo, with the Wars of Portugal",Anonymous,,,1605,0.7808
tragedy,"Marlowe, Christopher",B,300,A Christian Turned Turk (The Two Famous Pirates),"Daborne, Robert",,,1612,0.2365
tragedy,"Marlowe, Christopher",B,258,A Woman Killed with Kindness,"Heywood, Thomas",,,1607,0.2423
tragedy,"Marlowe, Christopher",B,272,A Yorkshire Tragedy,"Middleton, Thomas",,,1608,0.6375
tragedy,"Marlowe, Christopher",B,71,Abraham's Sacrifice,"Golding, Arthur / Beza, Theodore",Y,,1577,0.1168
tragedy,"Marlowe, Christopher",B,42,Agamemnon (Seneca's Eighth Tragedy),"Seneca, Lucius Annaeus / Studley, John",Y,,1566,0.5349
tragedy,"Marlowe, Christopher",B,489,Alaham,"Greville, Fulke",,,1633,0.2841
tragedy,"Marlowe, Christopher",B,422,"Albovine, King of the Lombards","Davenant, William",,,1629,0.1524
tragedy,"Marlowe, Christopher",B,471,All's Lost by Lust,"Rowley, William",,,1633,0.3903
tragedy,"Marlowe, Christopher",B,450,"Antigone, the Theban Princess","May, Thomas",,,1631,0.6037
tragedy,"Marlowe, Christopher",B,185,Antonio's Revenge (2 Antonio and Mellida),"Marston, John",,,1602,0.5157
tragedy,"Marlowe, Christopher",B,108,Antonius (Antony),"Herbert, Mary Sidney / Garnier, Robert / Sidney Herbert, Mary",Y,,1595,0.6178
tragedy,"Marlowe, Christopher",B,405,Antony and Cleopatra,"Shakespeare, William",,,1623,0.2102
tragedy,"Marlowe, Christopher",B,65,Appius and Virginia,"B., R.",,,1575,0.1985
tragedy,"Marlowe, Christopher",B,246,Bussy D'Ambois,"Chapman, George",,,1607,0.2204
tragedy,"Marlowe, Christopher",B,444,Caesar and Pompey (The Wars of Caesar and Pompey),"Chapman, George",,,1631,0.4113
tragedy,"Marlowe, Christopher",B,56,"Cambises, King of Persia","Preston, Thomas",,,1570,0.2667
tragedy,"Marlowe, Christopher",B,296,Catiline His Conspiracy,"Jonson, Ben",,,1611,0.8792
tragedy,"Marlowe, Christopher",B,550,"Chabot, Admiral of France","Chapman, George / Shirley, James",Y,,1639,0.0782
tragedy,"Marlowe, Christopher",B,132,Cleopatra,"Daniel, Samuel",,,1594,0.5755
tragedy,"Marlowe, Christopher",B,553,"Cleopatra, Queen of Egypt","May, Thomas",,,1639,0.4906
tragedy,"Marlowe, Christopher",B,401,Coriolanus,"Shakespeare, William",,,1623,0.6851
tragedy,"Marlowe, Christopher",B,116,Cornelia (Pompey the Great His Fair Cornelia's Tragedy),"Garnier, Robert / Kyd, Thomas",Y,,1594,0.6485
tragedy,"Marlowe, Christopher",B,209,Croesus,"Alexander, William",,,1604,0.2381
tragedy,"Marlowe, Christopher",B,328,Cupid's Revenge,"Beaumont, Francis / Fletcher, John",Y,,1615,0.3641
tragedy,"Marlowe, Christopher",B,314,"Cynthia's Revenge, or Maenander's Ecstasy","Stephens, John",,,1613,0.3016
tragedy,"Marlowe, Christopher",B,196,Darius,"Alexander, William",,,1604,0.2042
tragedy,"Marlowe, Christopher",B,39,Ferrex and Porrex (Gorboduc),"Norton, Thomas / Sackville, Thomas",Y,,1565,0.2395
tragedy,"Marlowe, Christopher",B,197,"Hamlet, Prince of Denmark","Shakespeare, William",,,1623,0.2542
tragedy,"Marlowe, Christopher",B,513,Hannibal and Scipio,"Nabbes, Thomas",,,1637,0.2249
tragedy,"Marlowe, Christopher",B,34,Hercules Furens (Mad Hercules) (Seneca's First Tragedy),"Heywood, Jasper / Seneca, Lucius Annaeus",Y,,1561,0.7506
tragedy,"Marlowe, Christopher",B,81,Hercules Oetaeus (Hercules on Mount Oeta) (Seneca's Tenth Tragedy),"Seneca, Lucius Annaeus / Studley, John",Y,,1581,0.8406
tragedy,"Marlowe, Christopher",B,382,Herod and Antipater,"Markham, Gervase / Sampson, William",Y,,1622,0.4533
tragedy,"Marlowe, Christopher",B,80,Hippolytus (Seneca's Fourth Tragedy),"Seneca, Lucius Annaeus / Studley, John",Y,,1581,0.2753
tragedy,"Marlowe, Christopher",B,438,"Hoffman, or A Revenge for a Father","Chettle, Henry",,,1631,0.4595
tragedy,"Marlowe, Christopher",B,560,Imperiale,"Freeman, Ralph",,,1639,0.2858
tragedy,"Marlowe, Christopher",B,61,Jocasta,"Gascoigne, George / Kinwelmershe, Francis / Yelverton, Christopher / Euripides / Dolce, Lodovico",Y,,1573,0.3419
tragedy,"Marlowe, Christopher",B,261,Julius Caesar,"Alexander, William",,,1607,0.6554
tragedy,"Marlowe, Christopher",B,403,Julius Caesar,"Shakespeare, William",,,1623,0.5855
tragedy,"Marlowe, Christopher",B,265,King Lear,"Shakespeare, William",,,1608,0.226
tragedy,"Marlowe, Christopher",B,136,"Locrine, the Eldest Son of King Brutus","S., W.",,,1595,0.3791
tragedy,"Marlowe, Christopher",B,418,"Lodovic Sforza, Duke of Milan","Gomersall, Robert",,,1628,0.5942
tragedy,"Marlowe, Christopher",B,573,Love's Cruelty,"Shirley, James",,,1640,0.6948
tragedy,"Marlowe, Christopher",B,478,Love's Sacrifice,"Ford, John",,,1633,0.7087
tragedy,"Marlowe, Christopher",B,404,Macbeth,"Shakespeare, William / Middleton, Thomas",Y,,1623,0.2118
tragedy,"Marlowe, Christopher",B,107,Master Arden of Faversham in Kent,"Anonymous / Kyd, Thomas / Shakespeare, William / Watson, Thomas",Y,,1592,0.1757
tragedy,"Marlowe, Christopher",B,44,Medea (Seneca's Seventh Tragedy),"Seneca, Lucius Annaeus / Studley, John",Y,,1566,0.3766
tragedy,"Marlowe, Christopher",B,578,"Messalina, the Roman Empress","Richards, Nathaniel",,,1640,0.4559
tragedy,"Marlowe, Christopher",B,278,Mustapha,"Greville, Fulke",,,1633,0.6949
tragedy,"Marlowe, Christopher",B,410,Nero (Piso's Conspiracy),Anonymous,,,1624,0.6042
tragedy,"Marlowe, Christopher",B,45,Octavia (Seneca's Ninth Tragedy),"Seneca, Lucius Annaeus / Nuce, Thomas / Pseudo-Seneca",Y,,1566,0.2643
tragedy,"Marlowe, Christopher",B,36,Oedipus (Seneca's Fifth Tragedy),"Seneca, Lucius Annaeus / Neville, Alexander",Y,,1581,0.4636
tragedy,"Marlowe, Christopher",B,485,Orestes,"Goffe, Thomas",,,1633,0.4683
tragedy,"Marlowe, Christopher",B,379,"Othello, the Moor of Venice","Shakespeare, William",,,1623,0.251
tragedy,"Marlowe, Christopher",B,143,Romeo and Juliet,"Shakespeare, William",,,1623,0.3491
tragedy,"Marlowe, Christopher",B,216,Sejanus His Fall,"Jonson, Ben",,,1616,0.7492
tragedy,"Marlowe, Christopher",B,599,"Sicily and Naples, or The Fatal Union","Harding, Samuel",,,1640,0.3423
tragedy,"Marlowe, Christopher",B,109,Soliman and Perseda (Zulziman),Anonymous,,,1592,0.2288
tragedy,"Marlowe, Christopher",B,104,Tancred and Gismund (Gismond of Salerne),"Wilmot, Robert / Hatton, Christopher / Noel, Henry / Al., G. / Stafford, Roderick",Y,,1591,0.2434
tragedy,"Marlowe, Christopher",B,260,The Alexandraean Tragedy,"Alexander, William",,,1607,0.1657
tragedy,"Marlowe, Christopher",B,293,"The Atheist's Tragedy, or The Honest Man's Revenge","Tourneur, Cyril",,,1611,0.2915
tragedy,"Marlowe, Christopher",B,127,The Battle of Alcazar,"Peele, George",,,1594,0.1388
tragedy,"Marlowe, Christopher",B,567,The Bloody Banquet,"Dekker, Thomas / Middleton, Thomas",Y,,1639,0.254
tragedy,"Marlowe, Christopher",B,565,"The Bloody Brother (Rollo, Duke of Normandy)","Fletcher, John / Field, Nathan / Massinger, Philip",Y,,1639,0.434
tragedy,"Marlowe, Christopher",B,480,The Broken Heart,"Ford, John",,,1633,0.2113
tragedy,"Marlowe, Christopher",B,537,The Conspiracy (Pallantus and Eudora),"Killigrew, Henry",,,1638,0.2236
tragedy,"Marlowe, Christopher",B,458,"The Courageous Turk, or Amurath the First","Goffe, Thomas",,,1632,0.4787
tragedy,"Marlowe, Christopher",B,427,The Cruel Brother,"Davenant, William",,,1630,0.5399
tragedy,"Marlowe, Christopher",B,180,"The Death of Robert, Earl of Huntingdon (2 Robin Hood)","Munday, Anthony / Chettle, Henry",Y,,1601,0.1109
tragedy,"Marlowe, Christopher",B,254,"The Devil's Charter, or Pope Alexander the Sixth","Barnes, Barnabe",,,1607,0.4005
tragedy,"Marlowe, Christopher",B,389,The Duchess of Malfi,"Webster, John",,,1623,0.6368
tragedy,"Marlowe, Christopher",B,386,The Duke of Milan,"Massinger, Philip",,,1623,0.611
tragedy,"Marlowe, Christopher",B,464,The Fatal Dowry,"Field, Nathan / Massinger, Philip",Y,,1632,0.2825
tragedy,"Marlowe, Christopher",B,315,The Insatiate Countess,"Marston, John / Machin, Lewis / Barkstead, William",Y,,1613,0.2966
tragedy,"Marlowe, Christopher",B,48,The Interlude of Vice (Orestes),"Pickering, John",,,1567,0.2936
tragedy,"Marlowe, Christopher",B,562,The Maid's Revenge,"Shirley, James",,,1639,0.4604
tragedy,"Marlowe, Christopher",B,357,The Maid's Tragedy,"Beaumont, Francis / Fletcher, John",Y,,1619,0.3614
tragedy,"Marlowe, Christopher",B,249,The Miseries of Enforced Marriage,"Wilkins, George",,,1607,0.3805
tragedy,"Marlowe, Christopher",B,89,The Misfortunes of Arthur (Certain Devices and Shows Presented to Her Majesty),"Hughes, Thomas / Fulbecke, William",Y,,1587,0.2554
tragedy,"Marlowe, Christopher",B,490,"The Noble Spanish Soldier (The Noble Soldier, or A Contract Broken Justly Revenged)","Dekker, Thomas",,,1634,0.4437
tragedy,"Marlowe, Christopher",B,569,The Phoenix in Her Flames,"Lower, William",,,1639,0.6041
tragedy,"Marlowe, Christopher",B,447,"The Raging Turk, or Bajazet the Second","Goffe, Thomas",,,1631,0.2013
tragedy,"Marlowe, Christopher",B,273,The Rape of Lucrece,"Heywood, Thomas",,,1608,0.446
tragedy,"Marlowe, Christopher",B,582,The Rebellion,"Rawlins, Thomas",,,1640,0.16
tragedy,"Marlowe, Christopher",B,307,The Revenge of Bussy D'Ambois,"Chapman, George",,,1613,0.3871
tragedy,"Marlowe, Christopher",B,253,The Revenger's Tragedy,"Middleton, Thomas",,,1607,0.722
tragedy,"Marlowe, Christopher",B,110,The Spanish Tragedy (Hieronimo is Mad Again),"Kyd, Thomas",,,1592,0.242
tragedy,"Marlowe, Christopher",B,275,The Tragedy of Charles Duke of Byron,"Chapman, George",,,1608,0.4496
tragedy,"Marlowe, Christopher",B,498,The Traitor,"Shirley, James",,,1635,0.6599
tragedy,"Marlowe, Christopher",B,286,The Turk (Muleasses the Turk),"Mason, John",,,1610,0.3255
tragedy,"Marlowe, Christopher",B,559,The Unnatural Combat,"Massinger, Philip",,,1639,0.2218
tragedy,"Marlowe, Christopher",B,380,The Virgin Martyr,"Dekker, Thomas / Massinger, Philip",Y,,1622,0.3948
tragedy,"Marlowe, Christopher",B,510,"The Vow Breaker, or The Fair Maid of Clifton","Sampson, William",,,1636,0.4717
tragedy,"Marlowe, Christopher",B,131,"The Wars of Cyrus, King of Persia",Anonymous,,,1594,0.809
tragedy,"Marlowe, Christopher",B,306,The White Devil (Vittoria Corombona),"Webster, John",,,1612,0.6723
tragedy,"Marlowe, Christopher",B,231,"The Wonder of Women, or Sophonisba","Marston, John",,,1606,0.1952
tragedy,"Marlowe, Christopher",B,122,"The Wounds of Civil War, or Marius and Scilla","Lodge, Thomas",,,1594,0.8367
tragedy,"Marlowe, Christopher",B,79,Thebais (Seneca's Third Tragedy),"Seneca, Lucius Annaeus / Newton, Thomas",Y,,1581,0.4435
tragedy,"Marlowe, Christopher",B,368,Thierry and Theodoret,"Anonymous / Fletcher, John / Massinger, Philip",Y,,1621,0.2677
tragedy,"Marlowe, Christopher",B,29,Thyestes (Seneca's Second Tragedy),"Heywood, Jasper / Seneca, Lucius Annaeus",Y,,1560,0.4605
tragedy,"Marlowe, Christopher",B,402,Timon of Athens,"Shakespeare, William / Middleton, Thomas",Y,,1623,0.2294
tragedy,"Marlowe, Christopher",B,117,Titus Andronicus,"Peele, George / Shakespeare, William",Y,,1594,0.3919
tragedy,"Marlowe, Christopher",B,28,Troas (Seneca's Sixth Tragedy),"Heywood, Jasper / Seneca, Lucius Annaeus",Y,,1581,0.9627
tragedy,"Marlowe, Christopher",B,279,Troilus and Cressida,"Shakespeare, William",,,1623,0.7143
tragedy,"Marlowe, Christopher",B,182,Two Lamentable Tragedies,"Yarington, Robert",,,1601,0.3777
tragedy,"Massinger, Philip",A,565,"The Bloody Brother (Rollo, Duke of Normandy)","Fletcher, John / Field, Nathan / Massinger, Philip",Y,author,1639,0.434
tragedy,"Massinger, Philip",A,386,The Duke of Milan,"Massinger, Philip",,author,1623,0.611
tragedy,"Massinger, Philip",A,464,The Fatal Dowry,"Field, Nathan / Massinger, Philip",Y,author,1632,0.2825
tragedy,"Massinger, Philip",A,559,The Unnatural Combat,"Massinger, Philip",,author,1639,0.2218
tragedy,"Massinger, Philip",A,380,The Virgin Martyr,"Dekker, Thomas / Massinger, Philip",Y,author,1622,0.3948
tragedy,"Massinger, Philip",A,368,Thierry and Theodoret,"Anonymous / Fletcher, John / Massinger, Philip",Y,author,1621,0.2677
tragedy,"Massinger, Philip",B,221,"1 Jeronimo, with the Wars of Portugal",Anonymous,,,1605,0.7808
tragedy,"Massinger, Philip",B,94,1 Tamburlaine the Great,"Marlowe, Christopher",,,1590,0.7613
tragedy,"Massinger, Philip",B,95,2 Tamburlaine the Great,"Marlowe, Christopher",,,1590,0.4726
tragedy,"Massinger, Philip",B,300,A Christian Turned Turk (The Two Famous Pirates),"Daborne, Robert",,,1612,0.2365
tragedy,"Massinger, Philip",B,258,A Woman Killed with Kindness,"Heywood, Thomas",,,1607,0.2423
tragedy,"Massinger, Philip",B,272,A Yorkshire Tragedy,"Middleton, Thomas",,,1608,0.6375
tragedy,"Massinger, Philip",B,71,Abraham's Sacrifice,"Golding, Arthur / Beza, Theodore",Y,,1577,0.1168
tragedy,"Massinger, Philip",B,42,Agamemnon (Seneca's Eighth Tragedy),"Seneca, Lucius Annaeus / Studley, John",Y,,1566,0.5349
tragedy,"Massinger, Philip",B,489,Alaham,"Greville, Fulke",,,1633,0.2841
tragedy,"Massinger, Philip",B,422,"Albovine, King of the Lombards","Davenant, William",,,1629,0.1524
tragedy,"Massinger, Philip",B,471,All's Lost by Lust,"Rowley, William",,,1633,0.3903
tragedy,"Massinger, Philip",B,450,"Antigone, the Theban Princess","May, Thomas",,,1631,0.6037
tragedy,"Massinger, Philip",B,185,Antonio's Revenge (2 Antonio and Mellida),"Marston, John",,,1602,0.5157
tragedy,"Massinger, Philip",B,108,Antonius (Antony),"Herbert, Mary Sidney / Garnier, Robert / Sidney Herbert, Mary",Y,,1595,0.6178
tragedy,"Massinger, Philip",B,405,Antony and Cleopatra,"Shakespeare, William",,,1623,0.2102
tragedy,"Massinger, Philip",B,65,Appius and Virginia,"B., R.",,,1575,0.1985
tragedy,"Massinger, Philip",B,246,Bussy D'Ambois,"Chapman, George",,,1607,0.2204
tragedy,"Massinger, Philip",B,444,Caesar and Pompey (The Wars of Caesar and Pompey),"Chapman, George",,,1631,0.4113
tragedy,"Massinger, Philip",B,56,"Cambises, King of Persia","Preston, Thomas",,,1570,0.2667
tragedy,"Massinger, Philip",B,296,Catiline His Conspiracy,"Jonson, Ben",,,1611,0.8792
tragedy,"Massinger, Philip",B,550,"Chabot, Admiral of France","Chapman, George / Shirley, James",Y,,1639,0.0782
tragedy,"Massinger, Philip",B,132,Cleopatra,"Daniel, Samuel",,,1594,0.5755
tragedy,"Massinger, Philip",B,553,"Cleopatra, Queen of Egypt","May, Thomas",,,1639,0.4906
tragedy,"Massinger, Philip",B,401,Coriolanus,"Shakespeare, William",,,1623,0.6851
tragedy,"Massinger, Philip",B,116,Cornelia (Pompey the Great His Fair Cornelia's Tragedy),"Garnier, Robert / Kyd, Thomas",Y,,1594,0.6485
tragedy,"Massinger, Philip",B,209,Croesus,"Alexander, William",,,1604,0.2381
tragedy,"Massinger, Philip",B,328,Cupid's Revenge,"Beaumont, Francis / Fletcher, John",Y,,1615,0.3641
tragedy,"Massinger, Philip",B,314,"Cynthia's Revenge, or Maenander's Ecstasy","Stephens, John",,,1613,0.3016
tragedy,"Massinger, Philip",B,196,Darius,"Alexander, William",,,1604,0.2042
tragedy,"Massinger, Philip",B,128,"Dido, Queen of Carthage","Marlowe, Christopher / Nashe, Thomas",Y,,1594,0.5916
tragedy,"Massinger, Philip",B,205,Doctor Faustus,"Anonymous / Marlowe, Christopher",Y,,1604,0.4322
tragedy,"Massinger, Philip",B,39,Ferrex and Porrex (Gorboduc),"Norton, Thomas / Sackville, Thomas",Y,,1565,0.2395
tragedy,"Massinger, Philip",B,197,"Hamlet, Prince of Denmark","Shakespeare, William",,,1623,0.2542
tragedy,"Massinger, Philip",B,513,Hannibal and Scipio,"Nabbes, Thomas",,,1637,0.2249
tragedy,"Massinger, Philip",B,34,Hercules Furens (Mad Hercules) (Seneca's First Tragedy),"Heywood, Jasper / Seneca, Lucius Annaeus",Y,,1561,0.7506
tragedy,"Massinger, Philip",B,81,Hercules Oetaeus (Hercules on Mount Oeta) (Seneca's Tenth Tragedy),"Seneca, Lucius Annaeus / Studley, John",Y,,1581,0.8406
tragedy,"Massinger, Philip",B,382,Herod and Antipater,"Markham, Gervase / Sampson, William",Y,,1622,0.4533
tragedy,"Massinger, Philip",B,80,Hippolytus (Seneca's Fourth Tragedy),"Seneca, Lucius Annaeus / Studley, John",Y,,1581,0.2753
tragedy,"Massinger, Philip",B,438,"Hoffman, or A Revenge for a Father","Chettle, Henry",,,1631,0.4595
tragedy,"Massinger, Philip",B,560,Imperiale,"Freeman, Ralph",,,1639,0.2858
tragedy,"Massinger, Philip",B,61,Jocasta,"Gascoigne, George / Kinwelmershe, Francis / Yelverton, Christopher / Euripides / Dolce, Lodovico",Y,,1573,0.3419
tragedy,"Massinger, Philip",B,261,Julius Caesar,"Alexander, William",,,1607,0.6554
tragedy,"Massinger, Philip",B,403,Julius Caesar,"Shakespeare, William",,,1623,0.5855
tragedy,"Massinger, Philip",B,265,King Lear,"Shakespeare, William",,,1608,0.226
tragedy,"Massinger, Philip",B,136,"Locrine, the Eldest Son of King Brutus","S., W.",,,1595,0.3791
tragedy,"Massinger, Philip",B,418,"Lodovic Sforza, Duke of Milan","Gomersall, Robert",,,1628,0.5942
tragedy,"Massinger, Philip",B,573,Love's Cruelty,"Shirley, James",,,1640,0.6948
tragedy,"Massinger, Philip",B,478,Love's Sacrifice,"Ford, John",,,1633,0.7087
tragedy,"Massinger, Philip",B,404,Macbeth,"Shakespeare, William / Middleton, Thomas",Y,,1623,0.2118
tragedy,"Massinger, Philip",B,107,Master Arden of Faversham in Kent,"Anonymous / Kyd, Thomas / Shakespeare, William / Watson, Thomas",Y,,1592,0.1757
tragedy,"Massinger, Philip",B,44,Medea (Seneca's Seventh Tragedy),"Seneca, Lucius Annaeus / Studley, John",Y,,1566,0.3766
tragedy,"Massinger, Philip",B,578,"Messalina, the Roman Empress","Richards, Nathaniel",,,1640,0.4559
tragedy,"Massinger, Philip",B,278,Mustapha,"Greville, Fulke",,,1633,0.6949
tragedy,"Massinger, Philip",B,410,Nero (Piso's Conspiracy),Anonymous,,,1624,0.6042
tragedy,"Massinger, Philip",B,45,Octavia (Seneca's Ninth Tragedy),"Seneca, Lucius Annaeus / Nuce, Thomas / Pseudo-Seneca",Y,,1566,0.2643
tragedy,"Massinger, Philip",B,36,Oedipus (Seneca's Fifth Tragedy),"Seneca, Lucius Annaeus / Neville, Alexander",Y,,1581,0.4636
tragedy,"Massinger, Philip",B,485,Orestes,"Goffe, Thomas",,,1633,0.4683
tragedy,"Massinger, Philip",B,379,"Othello, the Moor of Venice","Shakespeare, William",,,1623,0.251
tragedy,"Massinger, Philip",B,143,Romeo and Juliet,"Shakespeare, William",,,1623,0.3491
tragedy,"Massinger, Philip",B,216,Sejanus His Fall,"Jonson, Ben",,,1616,0.7492
tragedy,"Massinger, Philip",B,599,"Sicily and Naples, or The Fatal Union","Harding, Samuel",,,1640,0.3423
tragedy,"Massinger, Philip",B,109,Soliman and Perseda (Zulziman),Anonymous,,,1592,0.2288
tragedy,"Massinger, Philip",B,104,Tancred and Gismund (Gismond of Salerne),"Wilmot, Robert / Hatton, Christopher / Noel, Henry / Al., G. / Stafford, Roderick",Y,,1591,0.2434
tragedy,"Massinger, Philip",B,260,The Alexandraean Tragedy,"Alexander, William",,,1607,0.1657
tragedy,"Massinger, Philip",B,293,"The Atheist's Tragedy, or The Honest Man's Revenge","Tourneur, Cyril",,,1611,0.2915
tragedy,"Massinger, Philip",B,127,The Battle of Alcazar,"Peele, George",,,1594,0.1388
tragedy,"Massinger, Philip",B,567,The Bloody Banquet,"Dekker, Thomas / Middleton, Thomas",Y,,1639,0.254
tragedy,"Massinger, Philip",B,480,The Broken Heart,"Ford, John",,,1633,0.2113
tragedy,"Massinger, Philip",B,537,The Conspiracy (Pallantus and Eudora),"Killigrew, Henry",,,1638,0.2236
tragedy,"Massinger, Philip",B,458,"The Courageous Turk, or Amurath the First","Goffe, Thomas",,,1632,0.4787
tragedy,"Massinger, Philip",B,427,The Cruel Brother,"Davenant, William",,,1630,0.5399
tragedy,"Massinger, Philip",B,180,"The Death of Robert, Earl of Huntingdon (2 Robin Hood)","Munday, Anthony / Chettle, Henry",Y,,1601,0.1109
tragedy,"Massinger, Philip",B,254,"The Devil's Charter, or Pope Alexander the Sixth","Barnes, Barnabe",,,1607,0.4005
tragedy,"Massinger, Philip",B,389,The Duchess of Malfi,"Webster, John",,,1623,0.6368
tragedy,"Massinger, Philip",B,315,The Insatiate Countess,"Marston, John / Machin, Lewis / Barkstead, William",Y,,1613,0.2966
tragedy,"Massinger, Philip",B,48,The Interlude of Vice (Orestes),"Pickering, John",,,1567,0.2936
tragedy,"Massinger, Philip",B,475,The Jew of Malta,"Marlowe, Christopher",,,1633,0.326
tragedy,"Massinger, Philip",B,562,The Maid's Revenge,"Shirley, James",,,1639,0.4604
tragedy,"Massinger, Philip",B,357,The Maid's Tragedy,"Beaumont, Francis / Fletcher, John",Y,,1619,0.3614
tragedy,"Massinger, Philip",B,133,The Massacre at Paris,"Marlowe, Christopher",,,1596,0.2064
tragedy,"Massinger, Philip",B,249,The Miseries of Enforced Marriage,"Wilkins, George",,,1607,0.3805
tragedy,"Massinger, Philip",B,89,The Misfortunes of Arthur (Certain Devices and Shows Presented to Her Majesty),"Hughes, Thomas / Fulbecke, William",Y,,1587,0.2554
tragedy,"Massinger, Philip",B,490,"The Noble Spanish Soldier (The Noble Soldier, or A Contract Broken Justly Revenged)","Dekker, Thomas",,,1634,0.4437
tragedy,"Massinger, Philip",B,569,The Phoenix in Her Flames,"Lower, William",,,1639,0.6041
tragedy,"Massinger, Philip",B,447,"The Raging Turk, or Bajazet the Second","Goffe, Thomas",,,1631,0.2013
tragedy,"Massinger, Philip",B,273,The Rape of Lucrece,"Heywood, Thomas",,,1608,0.446
tragedy,"Massinger, Philip",B,582,The Rebellion,"Rawlins, Thomas",,,1640,0.16
tragedy,"Massinger, Philip",B,307,The Revenge of Bussy D'Ambois,"Chapman, George",,,1613,0.3871
tragedy,"Massinger, Philip",B,253,The Revenger's Tragedy,"Middleton, Thomas",,,1607,0.722
tragedy,"Massinger, Philip",B,110,The Spanish Tragedy (Hieronimo is Mad Again),"Kyd, Thomas",,,1592,0.242
tragedy,"Massinger, Philip",B,275,The Tragedy of Charles Duke of Byron,"Chapman, George",,,1608,0.4496
tragedy,"Massinger, Philip",B,498,The Traitor,"Shirley, James",,,1635,0.6599
tragedy,"Massinger, Philip",B,286,The Turk (Muleasses the Turk),"Mason, John",,,1610,0.3255
tragedy,"Massinger, Philip",B,510,"The Vow Breaker, or The Fair Maid of Clifton","Sampson, William",,,1636,0.4717
tragedy,"Massinger, Philip",B,131,"The Wars of Cyrus, King of Persia",Anonymous,,,1594,0.809
tragedy,"Massinger, Philip",B,306,The White Devil (Vittoria Corombona),"Webster, John",,,1612,0.6723
tragedy,"Massinger, Philip",B,231,"The Wonder of Women, or Sophonisba","Marston, John",,,1606,0.1952
tragedy,"Massinger, Philip",B,122,"The Wounds of Civil War, or Marius and Scilla","Lodge, Thomas",,,1594,0.8367
tragedy,"Massinger, Philip",B,79,Thebais (Seneca's Third Tragedy),"Seneca, Lucius Annaeus / Newton, Thomas",Y,,1581,0.4435
tragedy,"Massinger, Philip",B,29,Thyestes (Seneca's Second Tragedy),"Heywood, Jasper / Seneca, Lucius Annaeus",Y,,1560,0.4605
tragedy,"Massinger, Philip",B,402,Timon of Athens,"Shakespeare, William / Middleton, Thomas",Y,,1623,0.2294
tragedy,"Massinger, Philip",B,117,Titus Andronicus,"Peele, George / Shakespeare, William",Y,,1594,0.3919
tragedy,"Massinger, Philip",B,28,Troas (Seneca's Sixth Tragedy),"Heywood, Jasper / Seneca, Lucius Annaeus",Y,,1581,0.9627
tragedy,"Massinger, Philip",B,279,Troilus and Cressida,"Shakespeare, William",,,1623,0.7143
tragedy,"Massinger, Philip",B,182,Two Lamentable Tragedies,"Yarington, Robert",,,1601,0.3777
tragedy,"Middleton, Thomas",A,272,A Yorkshire Tragedy,"Middleton, Thomas",,author,1608,0.6375
tragedy,"Middleton, Thomas",A,404,Macbeth,"Shakespeare, William / Middleton, Thomas",Y,reviser,1623,0.2118
tragedy,"Middleton, Thomas",A,567,The Bloody Banquet,"Dekker, Thomas / Middleton, Thomas",Y,author,1639,0.254
tragedy,"Middleton, Thomas",A,253,The Revenger's Tragedy,"Middleton, Thomas",,author,1607,0.722
tragedy,"Middleton, Thomas",A,402,Timon of Athens,"Shakespeare, William / Middleton, Thomas",Y,author,1623,0.2294
tragedy,"Middleton, Thomas",B,221,"1 Jeronimo, with the Wars of Portugal",Anonymous,,,1605,0.7808
tragedy,"Middleton, Thomas",B,94,1 Tamburlaine the Great,"Marlowe, Christopher",,,1590,0.7613
tragedy,"Middleton, Thomas",B,95,2 Tamburlaine the Great,"Marlowe, Christopher",,,1590,0.4726
tragedy,"Middleton, Thomas",B,300,A Christian Turned Turk (The Two Famous Pirates),"Daborne, Robert",,,1612,0.2365
tragedy,"Middleton, Thomas",B,258,A Woman Killed with Kindness,"Heywood, Thomas",,,1607,0.2423
tragedy,"Middleton, Thomas",B,71,Abraham's Sacrifice,"Golding, Arthur / Beza, Theodore",Y,,1577,0.1168
tragedy,"Middleton, Thomas",B,42,Agamemnon (Seneca's Eighth Tragedy),"Seneca, Lucius Annaeus / Studley, John",Y,,1566,0.5349
tragedy,"Middleton, Thomas",B,489,Alaham,"Greville, Fulke",,,1633,0.2841
tragedy,"Middleton, Thomas",B,422,"Albovine, King of the Lombards","Davenant, William",,,1629,0.1524
tragedy,"Middleton, Thomas",B,471,All's Lost by Lust,"Rowley, William",,,1633,0.3903
tragedy,"Middleton, Thomas",B,450,"Antigone, the Theban Princess","May, Thomas",,,1631,0.6037
tragedy,"Middleton, Thomas",B,185,Antonio's Revenge (2 Antonio and Mellida),"Marston, John",,,1602,0.5157
tragedy,"Middleton, Thomas",B,108,Antonius (Antony),"Herbert, Mary Sidney / Garnier, Robert / Sidney Herbert, Mary",Y,,1595,0.6178
tragedy,"Middleton, Thomas",B,405,Antony and Cleopatra,"Shakespeare, William",,,1623,0.2102
tragedy,"Middleton, Thomas",B,65,Appius and Virginia,"B., R.",,,1575,0.1985
tragedy,"Middleton, Thomas",B,246,Bussy D'Ambois,"Chapman, George",,,1607,0.2204
tragedy,"Middleton, Thomas",B,444,Caesar and Pompey (The Wars of Caesar and Pompey),"Chapman, George",,,1631,0.4113
tragedy,"Middleton, Thomas",B,56,"Cambises, King of Persia","Preston, Thomas",,,1570,0.2667
tragedy,"Middleton, Thomas",B,296,Catiline His Conspiracy,"Jonson, Ben",,,1611,0.8792
tragedy,"Middleton, Thomas",B,550,"Chabot, Admiral of France","Chapman, George / Shirley, James",Y,,1639,0.0782
tragedy,"Middleton, Thomas",B,132,Cleopatra,"Daniel, Samuel",,,1594,0.5755
tragedy,"Middleton, Thomas",B,553,"Cleopatra, Queen of Egypt","May, Thomas",,,1639,0.4906
tragedy,"Middleton, Thomas",B,401,Coriolanus,"Shakespeare, William",,,1623,0.6851
tragedy,"Middleton, Thomas",B,116,Cornelia (Pompey the Great His Fair Cornelia's Tragedy),"Garnier, Robert / Kyd, Thomas",Y,,1594,0.6485
tragedy,"Middleton, Thomas",B,209,Croesus,"Alexander, William",,,1604,0.2381
tragedy,"Middleton, Thomas",B,328,Cupid's Revenge,"Beaumont, Francis / Fletcher, John",Y,,1615,0.3641
tragedy,"Middleton, Thomas",B,314,"Cynthia's Revenge, or Maenander's Ecstasy","Stephens, John",,,1613,0.3016
tragedy,"Middleton, Thomas",B,196,Darius,"Alexander, William",,,1604,0.2042
tragedy,"Middleton, Thomas",B,128,"Dido, Queen of Carthage","Marlowe, Christopher / Nashe, Thomas",Y,,1594,0.5916
tragedy,"Middleton, Thomas",B,205,Doctor Faustus,"Anonymous / Marlowe, Christopher",Y,,1604,0.4322
tragedy,"Middleton, Thomas",B,39,Ferrex and Porrex (Gorboduc),"Norton, Thomas / Sackville, Thomas",Y,,1565,0.2395
tragedy,"Middleton, Thomas",B,197,"Hamlet, Prince of Denmark","Shakespeare, William",,,1623,0.2542
tragedy,"Middleton, Thomas",B,513,Hannibal and Scipio,"Nabbes, Thomas",,,1637,0.2249
tragedy,"Middleton, Thomas",B,34,Hercules Furens (Mad Hercules) (Seneca's First Tragedy),"Heywood, Jasper / Seneca, Lucius Annaeus",Y,,1561,0.7506
tragedy,"Middleton, Thomas",B,81,Hercules Oetaeus (Hercules on Mount Oeta) (Seneca's Tenth Tragedy),"Seneca, Lucius Annaeus / Studley, John",Y,,1581,0.8406
tragedy,"Middleton, Thomas",B,382,Herod and Antipater,"Markham, Gervase / Sampson, William",Y,,1622,0.4533
tragedy,"Middleton, Thomas",B,80,Hippolytus (Seneca's Fourth Tragedy),"Seneca, Lucius Annaeus / Studley, John",Y,,1581,0.2753
tragedy,"Middleton, Thomas",B,438,"Hoffman, or A Revenge for a Father","Chettle, Henry",,,1631,0.4595
tragedy,"Middleton, Thomas",B,560,Imperiale,"Freeman, Ralph",,,1639,0.2858
tragedy,"Middleton, Thomas",B,61,Jocasta,"Gascoigne, George / Kinwelmershe, Francis / Yelverton, Christopher / Euripides / Dolce, Lodovico",Y,,1573,0.3419
tragedy,"Middleton, Thomas",B,261,Julius Caesar,"Alexander, William",,,1607,0.6554
tragedy,"Middleton, Thomas",B,403,Julius Caesar,"Shakespeare, William",,,1623,0.5855
tragedy,"Middleton, Thomas",B,265,King Lear,"Shakespeare, William",,,1608,0.226
tragedy,"Middleton, Thomas",B,136,"Locrine, the Eldest Son of King Brutus","S., W.",,,1595,0.3791
tragedy,"Middleton, Thomas",B,418,"Lodovic Sforza, Duke of Milan","Gomersall, Robert",,,1628,0.5942
tragedy,"Middleton, Thomas",B,573,Love's Cruelty,"Shirley, James",,,1640,0.6948
tragedy,"Middleton, Thomas",B,478,Love's Sacrifice,"Ford, John",,,1633,0.7087
tragedy,"Middleton, Thomas",B,107,Master Arden of Faversham in Kent,"Anonymous / Kyd, Thomas / Shakespeare, William / Watson, Thomas",Y,,1592,0.1757
tragedy,"Middleton, Thomas",B,44,Medea (Seneca's Seventh Tragedy),"Seneca, Lucius Annaeus / Studley, John",Y,,1566,0.3766
tragedy,"Middleton, Thomas",B,578,"Messalina, the Roman Empress","Richards, Nathaniel",,,1640,0.4559
tragedy,"Middleton, Thomas",B,278,Mustapha,"Greville, Fulke",,,1633,0.6949
tragedy,"Middleton, Thomas",B,410,Nero (Piso's Conspiracy),Anonymous,,,1624,0.6042
tragedy,"Middleton, Thomas",B,45,Octavia (Seneca's Ninth Tragedy),"Seneca, Lucius Annaeus / Nuce, Thomas / Pseudo-Seneca",Y,,1566,0.2643
tragedy,"Middleton, Thomas",B,36,Oedipus (Seneca's Fifth Tragedy),"Seneca, Lucius Annaeus / Neville, Alexander",Y,,1581,0.4636
tragedy,"Middleton, Thomas",B,485,Orestes,"Goffe, Thomas",,,1633,0.4683
tragedy,"Middleton, Thomas",B,379,"Othello, the Moor of Venice","Shakespeare, William",,,1623,0.251
tragedy,"Middleton, Thomas",B,143,Romeo and Juliet,"Shakespeare, William",,,1623,0.3491
tragedy,"Middleton, Thomas",B,216,Sejanus His Fall,"Jonson, Ben",,,1616,0.7492
tragedy,"Middleton, Thomas",B,599,"Sicily and Naples, or The Fatal Union","Harding, Samuel",,,1640,0.3423
tragedy,"Middleton, Thomas",B,109,Soliman and Perseda (Zulziman),Anonymous,,,1592,0.2288
tragedy,"Middleton, Thomas",B,104,Tancred and Gismund (Gismond of Salerne),"Wilmot, Robert / Hatton, Christopher / Noel, Henry / Al., G. / Stafford, Roderick",Y,,1591,0.2434
tragedy,"Middleton, Thomas",B,260,The Alexandraean Tragedy,"Alexander, William",,,1607,0.1657
tragedy,"Middleton, Thomas",B,293,"The Atheist's Tragedy, or The Honest Man's Revenge","Tourneur, Cyril",,,1611,0.2915
tragedy,"Middleton, Thomas",B,127,The Battle of Alcazar,"Peele, George",,,1594,0.1388
tragedy,"Middleton, Thomas",B,565,"The Bloody Brother (Rollo, Duke of Normandy)","Fletcher, John / Field, Nathan / Massinger, Philip",Y,,1639,0.434
tragedy,"Middleton, Thomas",B,480,The Broken Heart,"Ford, John",,,1633,0.2113
tragedy,"Middleton, Thomas",B,537,The Conspiracy (Pallantus and Eudora),"Killigrew, Henry",,,1638,0.2236
tragedy,"Middleton, Thomas",B,458,"The Courageous Turk, or Amurath the First","Goffe, Thomas",,,1632,0.4787
tragedy,"Middleton, Thomas",B,427,The Cruel Brother,"Davenant, William",,,1630,0.5399
tragedy,"Middleton, Thomas",B,180,"The Death of Robert, Earl of Huntingdon (2 Robin Hood)","Munday, Anthony / Chettle, Henry",Y,,1601,0.1109
tragedy,"Middleton, Thomas",B,254,"The Devil's Charter, or Pope Alexander the Sixth","Barnes, Barnabe",,,1607,0.4005
tragedy,"Middleton, Thomas",B,389,The Duchess of Malfi,"Webster, John",,,1623,0.6368
tragedy,"Middleton, Thomas",B,386,The Duke of Milan,"Massinger, Philip",,,1623,0.611
tragedy,"Middleton, Thomas",B,464,The Fatal Dowry,"Field, Nathan / Massinger, Philip",Y,,1632,0.2825
tragedy,"Middleton, Thomas",B,315,The Insatiate Countess,"Marston, John / Machin, Lewis / Barkstead, William",Y,,1613,0.2966
tragedy,"Middleton, Thomas",B,48,The Interlude of Vice (Orestes),"Pickering, John",,,1567,0.2936
tragedy,"Middleton, Thomas",B,475,The Jew of Malta,"Marlowe, Christopher",,,1633,0.326
tragedy,"Middleton, Thomas",B,562,The Maid's Revenge,"Shirley, James",,,1639,0.4604
tragedy,"Middleton, Thomas",B,357,The Maid's Tragedy,"Beaumont, Francis / Fletcher, John",Y,,1619,0.3614
tragedy,"Middleton, Thomas",B,133,The Massacre at Paris,"Marlowe, Christopher",,,1596,0.2064
tragedy,"Middleton, Thomas",B,249,The Miseries of Enforced Marriage,"Wilkins, George",,,1607,0.3805
tragedy,"Middleton, Thomas",B,89,The Misfortunes of Arthur (Certain Devices and Shows Presented to Her Majesty),"Hughes, Thomas / Fulbecke, William",Y,,1587,0.2554
tragedy,"Middleton, Thomas",B,490,"The Noble Spanish Soldier (The Noble Soldier, or A Contract Broken Justly Revenged)","Dekker, Thomas",,,1634,0.4437
tragedy,"Middleton, Thomas",B,569,The Phoenix in Her Flames,"Lower, William",,,1639,0.6041
tragedy,"Middleton, Thomas",B,447,"The Raging Turk, or Bajazet the Second","Goffe, Thomas",,,1631,0.2013
tragedy,"Middleton, Thomas",B,273,The Rape of Lucrece,"Heywood, Thomas",,,1608,0.446
tragedy,"Middleton, Thomas",B,582,The Rebellion,"Rawlins, Thomas",,,1640,0.16
tragedy,"Middleton, Thomas",B,307,The Revenge of Bussy D'Ambois,"Chapman, George",,,1613,0.3871
tragedy,"Middleton, Thomas",B,110,The Spanish Tragedy (Hieronimo is Mad Again),"Kyd, Thomas",,,1592,0.242
tragedy,"Middleton, Thomas",B,275,The Tragedy of Charles Duke of Byron,"Chapman, George",,,1608,0.4496
tragedy,"Middleton, Thomas",B,498,The Traitor,"Shirley, James",,,1635,0.6599
tragedy,"Middleton, Thomas",B,286,The Turk (Muleasses the Turk),"Mason, John",,,1610,0.3255
tragedy,"Middleton, Thomas",B,559,The Unnatural Combat,"Massinger, Philip",,,1639,0.2218
tragedy,"Middleton, Thomas",B,380,The Virgin Martyr,"Dekker, Thomas / Massinger, Philip",Y,,1622,0.3948
tragedy,"Middleton, Thomas",B,510,"The Vow Breaker, or The Fair Maid of Clifton","Sampson, William",,,1636,0.4717
tragedy,"Middleton, Thomas",B,131,"The Wars of Cyrus, King of Persia",Anonymous,,,1594,0.809
tragedy,"Middleton, Thomas",B,306,The White Devil (Vittoria Corombona),"Webster, John",,,1612,0.6723
tragedy,"Middleton, Thomas",B,231,"The Wonder of Women, or Sophonisba","Marston, John",,,1606,0.1952
tragedy,"Middleton, Thomas",B,122,"The Wounds of Civil War, or Marius and Scilla","Lodge, Thomas",,,1594,0.8367
tragedy,"Middleton, Thomas",B,79,Thebais (Seneca's Third Tragedy),"Seneca, Lucius Annaeus / Newton, Thomas",Y,,1581,0.4435
tragedy,"Middleton, Thomas",B,368,Thierry and Theodoret,"Anonymous / Fletcher, John / Massinger, Philip",Y,,1621,0.2677
tragedy,"Middleton, Thomas",B,29,Thyestes (Seneca's Second Tragedy),"Heywood, Jasper / Seneca, Lucius Annaeus",Y,,1560,0.4605
tragedy,"Middleton, Thomas",B,117,Titus Andronicus,"Peele, George / Shakespeare, William",Y,,1594,0.3919
tragedy,"Middleton, Thomas",B,28,Troas (Seneca's Sixth Tragedy),"Heywood, Jasper / Seneca, Lucius Annaeus",Y,,1581,0.9627
tragedy,"Middleton, Thomas",B,279,Troilus and Cressida,"Shakespeare, William",,,1623,0.7143
tragedy,"Middleton, Thomas",B,182,Two Lamentable Tragedies,"Yarington, Robert",,,1601,0.3777
tragedy,"Seneca, Lucius Annaeus",A,42,Agamemnon (Seneca's Eighth Tragedy),"Seneca, Lucius Annaeus / Studley, John",Y,original author (translated),1566,0.5349
tragedy,"Seneca, Lucius Annaeus",A,34,Hercules Furens (Mad Hercules) (Seneca's First Tragedy),"Heywood, Jasper / Seneca, Lucius Annaeus",Y,original author (translated),1561,0.7506
tragedy,"Seneca, Lucius Annaeus",A,81,Hercules Oetaeus (Hercules on Mount Oeta) (Seneca's Tenth Tragedy),"Seneca, Lucius Annaeus / Studley, John",Y,original author (translated),1581,0.8406
tragedy,"Seneca, Lucius Annaeus",A,80,Hippolytus (Seneca's Fourth Tragedy),"Seneca, Lucius Annaeus / Studley, John",Y,original author (translated),1581,0.2753
tragedy,"Seneca, Lucius Annaeus",A,44,Medea (Seneca's Seventh Tragedy),"Seneca, Lucius Annaeus / Studley, John",Y,original author (translated),1566,0.3766
tragedy,"Seneca, Lucius Annaeus",A,36,Oedipus (Seneca's Fifth Tragedy),"Seneca, Lucius Annaeus / Neville, Alexander",Y,original author (translated),1581,0.4636
tragedy,"Seneca, Lucius Annaeus",A,79,Thebais (Seneca's Third Tragedy),"Seneca, Lucius Annaeus / Newton, Thomas",Y,original author (translated),1581,0.4435
tragedy,"Seneca, Lucius Annaeus",A,29,Thyestes (Seneca's Second Tragedy),"Heywood, Jasper / Seneca, Lucius Annaeus",Y,original author (translated),1560,0.4605
tragedy,"Seneca, Lucius Annaeus",A,28,Troas (Seneca's Sixth Tragedy),"Heywood, Jasper / Seneca, Lucius Annaeus",Y,original author (translated),1581,0.9627
tragedy,"Seneca, Lucius Annaeus",B,221,"1 Jeronimo, with the Wars of Portugal",Anonymous,,,1605,0.7808
tragedy,"Seneca, Lucius Annaeus",B,94,1 Tamburlaine the Great,"Marlowe, Christopher",,,1590,0.7613
tragedy,"Seneca, Lucius Annaeus",B,95,2 Tamburlaine the Great,"Marlowe, Christopher",,,1590,0.4726
tragedy,"Seneca, Lucius Annaeus",B,300,A Christian Turned Turk (The Two Famous Pirates),"Daborne, Robert",,,1612,0.2365
tragedy,"Seneca, Lucius Annaeus",B,258,A Woman Killed with Kindness,"Heywood, Thomas",,,1607,0.2423
tragedy,"Seneca, Lucius Annaeus",B,272,A Yorkshire Tragedy,"Middleton, Thomas",,,1608,0.6375
tragedy,"Seneca, Lucius Annaeus",B,71,Abraham's Sacrifice,"Golding, Arthur / Beza, Theodore",Y,,1577,0.1168
tragedy,"Seneca, Lucius Annaeus",B,489,Alaham,"Greville, Fulke",,,1633,0.2841
tragedy,"Seneca, Lucius Annaeus",B,422,"Albovine, King of the Lombards","Davenant, William",,,1629,0.1524
tragedy,"Seneca, Lucius Annaeus",B,471,All's Lost by Lust,"Rowley, William",,,1633,0.3903
tragedy,"Seneca, Lucius Annaeus",B,450,"Antigone, the Theban Princess","May, Thomas",,,1631,0.6037
tragedy,"Seneca, Lucius Annaeus",B,185,Antonio's Revenge (2 Antonio and Mellida),"Marston, John",,,1602,0.5157
tragedy,"Seneca, Lucius Annaeus",B,108,Antonius (Antony),"Herbert, Mary Sidney / Garnier, Robert / Sidney Herbert, Mary",Y,,1595,0.6178
tragedy,"Seneca, Lucius Annaeus",B,405,Antony and Cleopatra,"Shakespeare, William",,,1623,0.2102
tragedy,"Seneca, Lucius Annaeus",B,65,Appius and Virginia,"B., R.",,,1575,0.1985
tragedy,"Seneca, Lucius Annaeus",B,246,Bussy D'Ambois,"Chapman, George",,,1607,0.2204
tragedy,"Seneca, Lucius Annaeus",B,444,Caesar and Pompey (The Wars of Caesar and Pompey),"Chapman, George",,,1631,0.4113
tragedy,"Seneca, Lucius Annaeus",B,56,"Cambises, King of Persia","Preston, Thomas",,,1570,0.2667
tragedy,"Seneca, Lucius Annaeus",B,296,Catiline His Conspiracy,"Jonson, Ben",,,1611,0.8792
tragedy,"Seneca, Lucius Annaeus",B,550,"Chabot, Admiral of France","Chapman, George / Shirley, James",Y,,1639,0.0782
tragedy,"Seneca, Lucius Annaeus",B,132,Cleopatra,"Daniel, Samuel",,,1594,0.5755
tragedy,"Seneca, Lucius Annaeus",B,553,"Cleopatra, Queen of Egypt","May, Thomas",,,1639,0.4906
tragedy,"Seneca, Lucius Annaeus",B,401,Coriolanus,"Shakespeare, William",,,1623,0.6851
tragedy,"Seneca, Lucius Annaeus",B,116,Cornelia (Pompey the Great His Fair Cornelia's Tragedy),"Garnier, Robert / Kyd, Thomas",Y,,1594,0.6485
tragedy,"Seneca, Lucius Annaeus",B,209,Croesus,"Alexander, William",,,1604,0.2381
tragedy,"Seneca, Lucius Annaeus",B,328,Cupid's Revenge,"Beaumont, Francis / Fletcher, John",Y,,1615,0.3641
tragedy,"Seneca, Lucius Annaeus",B,314,"Cynthia's Revenge, or Maenander's Ecstasy","Stephens, John",,,1613,0.3016
tragedy,"Seneca, Lucius Annaeus",B,196,Darius,"Alexander, William",,,1604,0.2042
tragedy,"Seneca, Lucius Annaeus",B,128,"Dido, Queen of Carthage","Marlowe, Christopher / Nashe, Thomas",Y,,1594,0.5916
tragedy,"Seneca, Lucius Annaeus",B,205,Doctor Faustus,"Anonymous / Marlowe, Christopher",Y,,1604,0.4322
tragedy,"Seneca, Lucius Annaeus",B,39,Ferrex and Porrex (Gorboduc),"Norton, Thomas / Sackville, Thomas",Y,,1565,0.2395
tragedy,"Seneca, Lucius Annaeus",B,197,"Hamlet, Prince of Denmark","Shakespeare, William",,,1623,0.2542
tragedy,"Seneca, Lucius Annaeus",B,513,Hannibal and Scipio,"Nabbes, Thomas",,,1637,0.2249
tragedy,"Seneca, Lucius Annaeus",B,382,Herod and Antipater,"Markham, Gervase / Sampson, William",Y,,1622,0.4533
tragedy,"Seneca, Lucius Annaeus",B,438,"Hoffman, or A Revenge for a Father","Chettle, Henry",,,1631,0.4595
tragedy,"Seneca, Lucius Annaeus",B,560,Imperiale,"Freeman, Ralph",,,1639,0.2858
tragedy,"Seneca, Lucius Annaeus",B,61,Jocasta,"Gascoigne, George / Kinwelmershe, Francis / Yelverton, Christopher / Euripides / Dolce, Lodovico",Y,,1573,0.3419
tragedy,"Seneca, Lucius Annaeus",B,261,Julius Caesar,"Alexander, William",,,1607,0.6554
tragedy,"Seneca, Lucius Annaeus",B,403,Julius Caesar,"Shakespeare, William",,,1623,0.5855
tragedy,"Seneca, Lucius Annaeus",B,265,King Lear,"Shakespeare, William",,,1608,0.226
tragedy,"Seneca, Lucius Annaeus",B,136,"Locrine, the Eldest Son of King Brutus","S., W.",,,1595,0.3791
tragedy,"Seneca, Lucius Annaeus",B,418,"Lodovic Sforza, Duke of Milan","Gomersall, Robert",,,1628,0.5942
tragedy,"Seneca, Lucius Annaeus",B,573,Love's Cruelty,"Shirley, James",,,1640,0.6948
tragedy,"Seneca, Lucius Annaeus",B,478,Love's Sacrifice,"Ford, John",,,1633,0.7087
tragedy,"Seneca, Lucius Annaeus",B,404,Macbeth,"Shakespeare, William / Middleton, Thomas",Y,,1623,0.2118
tragedy,"Seneca, Lucius Annaeus",B,107,Master Arden of Faversham in Kent,"Anonymous / Kyd, Thomas / Shakespeare, William / Watson, Thomas",Y,,1592,0.1757
tragedy,"Seneca, Lucius Annaeus",B,578,"Messalina, the Roman Empress","Richards, Nathaniel",,,1640,0.4559
tragedy,"Seneca, Lucius Annaeus",B,278,Mustapha,"Greville, Fulke",,,1633,0.6949
tragedy,"Seneca, Lucius Annaeus",B,410,Nero (Piso's Conspiracy),Anonymous,,,1624,0.6042
tragedy,"Seneca, Lucius Annaeus",B,485,Orestes,"Goffe, Thomas",,,1633,0.4683
tragedy,"Seneca, Lucius Annaeus",B,379,"Othello, the Moor of Venice","Shakespeare, William",,,1623,0.251
tragedy,"Seneca, Lucius Annaeus",B,143,Romeo and Juliet,"Shakespeare, William",,,1623,0.3491
tragedy,"Seneca, Lucius Annaeus",B,216,Sejanus His Fall,"Jonson, Ben",,,1616,0.7492
tragedy,"Seneca, Lucius Annaeus",B,599,"Sicily and Naples, or The Fatal Union","Harding, Samuel",,,1640,0.3423
tragedy,"Seneca, Lucius Annaeus",B,109,Soliman and Perseda (Zulziman),Anonymous,,,1592,0.2288
tragedy,"Seneca, Lucius Annaeus",B,104,Tancred and Gismund (Gismond of Salerne),"Wilmot, Robert / Hatton, Christopher / Noel, Henry / Al., G. / Stafford, Roderick",Y,,1591,0.2434
tragedy,"Seneca, Lucius Annaeus",B,260,The Alexandraean Tragedy,"Alexander, William",,,1607,0.1657
tragedy,"Seneca, Lucius Annaeus",B,293,"The Atheist's Tragedy, or The Honest Man's Revenge","Tourneur, Cyril",,,1611,0.2915
tragedy,"Seneca, Lucius Annaeus",B,127,The Battle of Alcazar,"Peele, George",,,1594,0.1388
tragedy,"Seneca, Lucius Annaeus",B,567,The Bloody Banquet,"Dekker, Thomas / Middleton, Thomas",Y,,1639,0.254
tragedy,"Seneca, Lucius Annaeus",B,565,"The Bloody Brother (Rollo, Duke of Normandy)","Fletcher, John / Field, Nathan / Massinger, Philip",Y,,1639,0.434
tragedy,"Seneca, Lucius Annaeus",B,480,The Broken Heart,"Ford, John",,,1633,0.2113
tragedy,"Seneca, Lucius Annaeus",B,537,The Conspiracy (Pallantus and Eudora),"Killigrew, Henry",,,1638,0.2236
tragedy,"Seneca, Lucius Annaeus",B,458,"The Courageous Turk, or Amurath the First","Goffe, Thomas",,,1632,0.4787
tragedy,"Seneca, Lucius Annaeus",B,427,The Cruel Brother,"Davenant, William",,,1630,0.5399
tragedy,"Seneca, Lucius Annaeus",B,180,"The Death of Robert, Earl of Huntingdon (2 Robin Hood)","Munday, Anthony / Chettle, Henry",Y,,1601,0.1109
tragedy,"Seneca, Lucius Annaeus",B,254,"The Devil's Charter, or Pope Alexander the Sixth","Barnes, Barnabe",,,1607,0.4005
tragedy,"Seneca, Lucius Annaeus",B,389,The Duchess of Malfi,"Webster, John",,,1623,0.6368
tragedy,"Seneca, Lucius Annaeus",B,386,The Duke of Milan,"Massinger, Philip",,,1623,0.611
tragedy,"Seneca, Lucius Annaeus",B,464,The Fatal Dowry,"Field, Nathan / Massinger, Philip",Y,,1632,0.2825
tragedy,"Seneca, Lucius Annaeus",B,315,The Insatiate Countess,"Marston, John / Machin, Lewis / Barkstead, William",Y,,1613,0.2966
tragedy,"Seneca, Lucius Annaeus",B,48,The Interlude of Vice (Orestes),"Pickering, John",,,1567,0.2936
tragedy,"Seneca, Lucius Annaeus",B,475,The Jew of Malta,"Marlowe, Christopher",,,1633,0.326
tragedy,"Seneca, Lucius Annaeus",B,562,The Maid's Revenge,"Shirley, James",,,1639,0.4604
tragedy,"Seneca, Lucius Annaeus",B,357,The Maid's Tragedy,"Beaumont, Francis / Fletcher, John",Y,,1619,0.3614
tragedy,"Seneca, Lucius Annaeus",B,133,The Massacre at Paris,"Marlowe, Christopher",,,1596,0.2064
tragedy,"Seneca, Lucius Annaeus",B,249,The Miseries of Enforced Marriage,"Wilkins, George",,,1607,0.3805
tragedy,"Seneca, Lucius Annaeus",B,89,The Misfortunes of Arthur (Certain Devices and Shows Presented to Her Majesty),"Hughes, Thomas / Fulbecke, William",Y,,1587,0.2554
tragedy,"Seneca, Lucius Annaeus",B,490,"The Noble Spanish Soldier (The Noble Soldier, or A Contract Broken Justly Revenged)","Dekker, Thomas",,,1634,0.4437
tragedy,"Seneca, Lucius Annaeus",B,569,The Phoenix in Her Flames,"Lower, William",,,1639,0.6041
tragedy,"Seneca, Lucius Annaeus",B,447,"The Raging Turk, or Bajazet the Second","Goffe, Thomas",,,1631,0.2013
tragedy,"Seneca, Lucius Annaeus",B,273,The Rape of Lucrece,"Heywood, Thomas",,,1608,0.446
tragedy,"Seneca, Lucius Annaeus",B,582,The Rebellion,"Rawlins, Thomas",,,1640,0.16
tragedy,"Seneca, Lucius Annaeus",B,307,The Revenge of Bussy D'Ambois,"Chapman, George",,,1613,0.3871
tragedy,"Seneca, Lucius Annaeus",B,253,The Revenger's Tragedy,"Middleton, Thomas",,,1607,0.722
tragedy,"Seneca, Lucius Annaeus",B,110,The Spanish Tragedy (Hieronimo is Mad Again),"Kyd, Thomas",,,1592,0.242
tragedy,"Seneca, Lucius Annaeus",B,275,The Tragedy of Charles Duke of Byron,"Chapman, George",,,1608,0.4496
tragedy,"Seneca, Lucius Annaeus",B,498,The Traitor,"Shirley, James",,,1635,0.6599
tragedy,"Seneca, Lucius Annaeus",B,286,The Turk (Muleasses the Turk),"Mason, John",,,1610,0.3255
tragedy,"Seneca, Lucius Annaeus",B,559,The Unnatural Combat,"Massinger, Philip",,,1639,0.2218
tragedy,"Seneca, Lucius Annaeus",B,380,The Virgin Martyr,"Dekker, Thomas / Massinger, Philip",Y,,1622,0.3948
tragedy,"Seneca, Lucius Annaeus",B,510,"The Vow Breaker, or The Fair Maid of Clifton","Sampson, William",,,1636,0.4717
tragedy,"Seneca, Lucius Annaeus",B,131,"The Wars of Cyrus, King of Persia",Anonymous,,,1594,0.809
tragedy,"Seneca, Lucius Annaeus",B,306,The White Devil (Vittoria Corombona),"Webster, John",,,1612,0.6723
tragedy,"Seneca, Lucius Annaeus",B,231,"The Wonder of Women, or Sophonisba","Marston, John",,,1606,0.1952
tragedy,"Seneca, Lucius Annaeus",B,122,"The Wounds of Civil War, or Marius and Scilla","Lodge, Thomas",,,1594,0.8367
tragedy,"Seneca, Lucius Annaeus",B,368,Thierry and Theodoret,"Anonymous / Fletcher, John / Massinger, Philip",Y,,1621,0.2677
tragedy,"Seneca, Lucius Annaeus",B,402,Timon of Athens,"Shakespeare, William / Middleton, Thomas",Y,,1623,0.2294
tragedy,"Seneca, Lucius Annaeus",B,117,Titus Andronicus,"Peele, George / Shakespeare, William",Y,,1594,0.3919
tragedy,"Seneca, Lucius Annaeus",B,279,Troilus and Cressida,"Shakespeare, William",,,1623,0.7143
tragedy,"Seneca, Lucius Annaeus",B,182,Two Lamentable Tragedies,"Yarington, Robert",,,1601,0.3777
tragedy,"Shakespeare, William",A,405,Antony and Cleopatra,"Shakespeare, William",,author,1623,0.2102
tragedy,"Shakespeare, William",A,401,Coriolanus,"Shakespeare, William",,author,1623,0.6851
tragedy,"Shakespeare, William",A,197,"Hamlet, Prince of Denmark","Shakespeare, William",,author,1623,0.2542
tragedy,"Shakespeare, William",A,403,Julius Caesar,"Shakespeare, William",,author,1623,0.5855
tragedy,"Shakespeare, William",A,265,King Lear,"Shakespeare, William",,author,1608,0.226
tragedy,"Shakespeare, William",A,404,Macbeth,"Shakespeare, William / Middleton, Thomas",Y,author,1623,0.2118
tragedy,"Shakespeare, William",A,107,Master Arden of Faversham in Kent,"Anonymous / Kyd, Thomas / Shakespeare, William / Watson, Thomas",Y,author (?),1592,0.1757
tragedy,"Shakespeare, William",A,379,"Othello, the Moor of Venice","Shakespeare, William",,author,1623,0.251
tragedy,"Shakespeare, William",A,143,Romeo and Juliet,"Shakespeare, William",,author,1623,0.3491
tragedy,"Shakespeare, William",A,402,Timon of Athens,"Shakespeare, William / Middleton, Thomas",Y,author,1623,0.2294
tragedy,"Shakespeare, William",A,117,Titus Andronicus,"Peele, George / Shakespeare, William",Y,author,1594,0.3919
tragedy,"Shakespeare, William",A,279,Troilus and Cressida,"Shakespeare, William",,author,1623,0.7143
tragedy,"Shakespeare, William",B,221,"1 Jeronimo, with the Wars of Portugal",Anonymous,,,1605,0.7808
tragedy,"Shakespeare, William",B,94,1 Tamburlaine the Great,"Marlowe, Christopher",,,1590,0.7613
tragedy,"Shakespeare, William",B,95,2 Tamburlaine the Great,"Marlowe, Christopher",,,1590,0.4726
tragedy,"Shakespeare, William",B,300,A Christian Turned Turk (The Two Famous Pirates),"Daborne, Robert",,,1612,0.2365
tragedy,"Shakespeare, William",B,258,A Woman Killed with Kindness,"Heywood, Thomas",,,1607,0.2423
tragedy,"Shakespeare, William",B,272,A Yorkshire Tragedy,"Middleton, Thomas",,,1608,0.6375
tragedy,"Shakespeare, William",B,71,Abraham's Sacrifice,"Golding, Arthur / Beza, Theodore",Y,,1577,0.1168
tragedy,"Shakespeare, William",B,42,Agamemnon (Seneca's Eighth Tragedy),"Seneca, Lucius Annaeus / Studley, John",Y,,1566,0.5349
tragedy,"Shakespeare, William",B,489,Alaham,"Greville, Fulke",,,1633,0.2841
tragedy,"Shakespeare, William",B,422,"Albovine, King of the Lombards","Davenant, William",,,1629,0.1524
tragedy,"Shakespeare, William",B,471,All's Lost by Lust,"Rowley, William",,,1633,0.3903
tragedy,"Shakespeare, William",B,450,"Antigone, the Theban Princess","May, Thomas",,,1631,0.6037
tragedy,"Shakespeare, William",B,185,Antonio's Revenge (2 Antonio and Mellida),"Marston, John",,,1602,0.5157
tragedy,"Shakespeare, William",B,108,Antonius (Antony),"Herbert, Mary Sidney / Garnier, Robert / Sidney Herbert, Mary",Y,,1595,0.6178
tragedy,"Shakespeare, William",B,65,Appius and Virginia,"B., R.",,,1575,0.1985
tragedy,"Shakespeare, William",B,246,Bussy D'Ambois,"Chapman, George",,,1607,0.2204
tragedy,"Shakespeare, William",B,444,Caesar and Pompey (The Wars of Caesar and Pompey),"Chapman, George",,,1631,0.4113
tragedy,"Shakespeare, William",B,56,"Cambises, King of Persia","Preston, Thomas",,,1570,0.2667
tragedy,"Shakespeare, William",B,296,Catiline His Conspiracy,"Jonson, Ben",,,1611,0.8792
tragedy,"Shakespeare, William",B,550,"Chabot, Admiral of France","Chapman, George / Shirley, James",Y,,1639,0.0782
tragedy,"Shakespeare, William",B,132,Cleopatra,"Daniel, Samuel",,,1594,0.5755
tragedy,"Shakespeare, William",B,553,"Cleopatra, Queen of Egypt","May, Thomas",,,1639,0.4906
tragedy,"Shakespeare, William",B,116,Cornelia (Pompey the Great His Fair Cornelia's Tragedy),"Garnier, Robert / Kyd, Thomas",Y,,1594,0.6485
tragedy,"Shakespeare, William",B,209,Croesus,"Alexander, William",,,1604,0.2381
tragedy,"Shakespeare, William",B,328,Cupid's Revenge,"Beaumont, Francis / Fletcher, John",Y,,1615,0.3641
tragedy,"Shakespeare, William",B,314,"Cynthia's Revenge, or Maenander's Ecstasy","Stephens, John",,,1613,0.3016
tragedy,"Shakespeare, William",B,196,Darius,"Alexander, William",,,1604,0.2042
tragedy,"Shakespeare, William",B,128,"Dido, Queen of Carthage","Marlowe, Christopher / Nashe, Thomas",Y,,1594,0.5916
tragedy,"Shakespeare, William",B,205,Doctor Faustus,"Anonymous / Marlowe, Christopher",Y,,1604,0.4322
tragedy,"Shakespeare, William",B,39,Ferrex and Porrex (Gorboduc),"Norton, Thomas / Sackville, Thomas",Y,,1565,0.2395
tragedy,"Shakespeare, William",B,513,Hannibal and Scipio,"Nabbes, Thomas",,,1637,0.2249
tragedy,"Shakespeare, William",B,34,Hercules Furens (Mad Hercules) (Seneca's First Tragedy),"Heywood, Jasper / Seneca, Lucius Annaeus",Y,,1561,0.7506
tragedy,"Shakespeare, William",B,81,Hercules Oetaeus (Hercules on Mount Oeta) (Seneca's Tenth Tragedy),"Seneca, Lucius Annaeus / Studley, John",Y,,1581,0.8406
tragedy,"Shakespeare, William",B,382,Herod and Antipater,"Markham, Gervase / Sampson, William",Y,,1622,0.4533
tragedy,"Shakespeare, William",B,80,Hippolytus (Seneca's Fourth Tragedy),"Seneca, Lucius Annaeus / Studley, John",Y,,1581,0.2753
tragedy,"Shakespeare, William",B,438,"Hoffman, or A Revenge for a Father","Chettle, Henry",,,1631,0.4595
tragedy,"Shakespeare, William",B,560,Imperiale,"Freeman, Ralph",,,1639,0.2858
tragedy,"Shakespeare, William",B,61,Jocasta,"Gascoigne, George / Kinwelmershe, Francis / Yelverton, Christopher / Euripides / Dolce, Lodovico",Y,,1573,0.3419
tragedy,"Shakespeare, William",B,261,Julius Caesar,"Alexander, William",,,1607,0.6554
tragedy,"Shakespeare, William",B,136,"Locrine, the Eldest Son of King Brutus","S., W.",,,1595,0.3791
tragedy,"Shakespeare, William",B,418,"Lodovic Sforza, Duke of Milan","Gomersall, Robert",,,1628,0.5942
tragedy,"Shakespeare, William",B,573,Love's Cruelty,"Shirley, James",,,1640,0.6948
tragedy,"Shakespeare, William",B,478,Love's Sacrifice,"Ford, John",,,1633,0.7087
tragedy,"Shakespeare, William",B,44,Medea (Seneca's Seventh Tragedy),"Seneca, Lucius Annaeus / Studley, John",Y,,1566,0.3766
tragedy,"Shakespeare, William",B,578,"Messalina, the Roman Empress","Richards, Nathaniel",,,1640,0.4559
tragedy,"Shakespeare, William",B,278,Mustapha,"Greville, Fulke",,,1633,0.6949
tragedy,"Shakespeare, William",B,410,Nero (Piso's Conspiracy),Anonymous,,,1624,0.6042
tragedy,"Shakespeare, William",B,45,Octavia (Seneca's Ninth Tragedy),"Seneca, Lucius Annaeus / Nuce, Thomas / Pseudo-Seneca",Y,,1566,0.2643
tragedy,"Shakespeare, William",B,36,Oedipus (Seneca's Fifth Tragedy),"Seneca, Lucius Annaeus / Neville, Alexander",Y,,1581,0.4636
tragedy,"Shakespeare, William",B,485,Orestes,"Goffe, Thomas",,,1633,0.4683
tragedy,"Shakespeare, William",B,216,Sejanus His Fall,"Jonson, Ben",,,1616,0.7492
tragedy,"Shakespeare, William",B,599,"Sicily and Naples, or The Fatal Union","Harding, Samuel",,,1640,0.3423
tragedy,"Shakespeare, William",B,109,Soliman and Perseda (Zulziman),Anonymous,,,1592,0.2288
tragedy,"Shakespeare, William",B,104,Tancred and Gismund (Gismond of Salerne),"Wilmot, Robert / Hatton, Christopher / Noel, Henry / Al., G. / Stafford, Roderick",Y,,1591,0.2434
tragedy,"Shakespeare, William",B,260,The Alexandraean Tragedy,"Alexander, William",,,1607,0.1657
tragedy,"Shakespeare, William",B,293,"The Atheist's Tragedy, or The Honest Man's Revenge","Tourneur, Cyril",,,1611,0.2915
tragedy,"Shakespeare, William",B,127,The Battle of Alcazar,"Peele, George",,,1594,0.1388
tragedy,"Shakespeare, William",B,567,The Bloody Banquet,"Dekker, Thomas / Middleton, Thomas",Y,,1639,0.254
tragedy,"Shakespeare, William",B,565,"The Bloody Brother (Rollo, Duke of Normandy)","Fletcher, John / Field, Nathan / Massinger, Philip",Y,,1639,0.434
tragedy,"Shakespeare, William",B,480,The Broken Heart,"Ford, John",,,1633,0.2113
tragedy,"Shakespeare, William",B,537,The Conspiracy (Pallantus and Eudora),"Killigrew, Henry",,,1638,0.2236
tragedy,"Shakespeare, William",B,458,"The Courageous Turk, or Amurath the First","Goffe, Thomas",,,1632,0.4787
tragedy,"Shakespeare, William",B,427,The Cruel Brother,"Davenant, William",,,1630,0.5399
tragedy,"Shakespeare, William",B,180,"The Death of Robert, Earl of Huntingdon (2 Robin Hood)","Munday, Anthony / Chettle, Henry",Y,,1601,0.1109
tragedy,"Shakespeare, William",B,254,"The Devil's Charter, or Pope Alexander the Sixth","Barnes, Barnabe",,,1607,0.4005
tragedy,"Shakespeare, William",B,389,The Duchess of Malfi,"Webster, John",,,1623,0.6368
tragedy,"Shakespeare, William",B,386,The Duke of Milan,"Massinger, Philip",,,1623,0.611
tragedy,"Shakespeare, William",B,464,The Fatal Dowry,"Field, Nathan / Massinger, Philip",Y,,1632,0.2825
tragedy,"Shakespeare, William",B,315,The Insatiate Countess,"Marston, John / Machin, Lewis / Barkstead, William",Y,,1613,0.2966
tragedy,"Shakespeare, William",B,48,The Interlude of Vice (Orestes),"Pickering, John",,,1567,0.2936
tragedy,"Shakespeare, William",B,475,The Jew of Malta,"Marlowe, Christopher",,,1633,0.326
tragedy,"Shakespeare, William",B,562,The Maid's Revenge,"Shirley, James",,,1639,0.4604
tragedy,"Shakespeare, William",B,357,The Maid's Tragedy,"Beaumont, Francis / Fletcher, John",Y,,1619,0.3614
tragedy,"Shakespeare, William",B,133,The Massacre at Paris,"Marlowe, Christopher",,,1596,0.2064
tragedy,"Shakespeare, William",B,249,The Miseries of Enforced Marriage,"Wilkins, George",,,1607,0.3805
tragedy,"Shakespeare, William",B,89,The Misfortunes of Arthur (Certain Devices and Shows Presented to Her Majesty),"Hughes, Thomas / Fulbecke, William",Y,,1587,0.2554
tragedy,"Shakespeare, William",B,490,"The Noble Spanish Soldier (The Noble Soldier, or A Contract Broken Justly Revenged)","Dekker, Thomas",,,1634,0.4437
tragedy,"Shakespeare, William",B,569,The Phoenix in Her Flames,"Lower, William",,,1639,0.6041
tragedy,"Shakespeare, William",B,447,"The Raging Turk, or Bajazet the Second","Goffe, Thomas",,,1631,0.2013
tragedy,"Shakespeare, William",B,273,The Rape of Lucrece,"Heywood, Thomas",,,1608,0.446
tragedy,"Shakespeare, William",B,582,The Rebellion,"Rawlins, Thomas",,,1640,0.16
tragedy,"Shakespeare, William",B,307,The Revenge of Bussy D'Ambois,"Chapman, George",,,1613,0.3871
tragedy,"Shakespeare, William",B,253,The Revenger's Tragedy,"Middleton, Thomas",,,1607,0.722
tragedy,"Shakespeare, William",B,110,The Spanish Tragedy (Hieronimo is Mad Again),"Kyd, Thomas",,,1592,0.242
tragedy,"Shakespeare, William",B,275,The Tragedy of Charles Duke of Byron,"Chapman, George",,,1608,0.4496
tragedy,"Shakespeare, William",B,498,The Traitor,"Shirley, James",,,1635,0.6599
tragedy,"Shakespeare, William",B,286,The Turk (Muleasses the Turk),"Mason, John",,,1610,0.3255
tragedy,"Shakespeare, William",B,559,The Unnatural Combat,"Massinger, Philip",,,1639,0.2218
tragedy,"Shakespeare, William",B,380,The Virgin Martyr,"Dekker, Thomas / Massinger, Philip",Y,,1622,0.3948
tragedy,"Shakespeare, William",B,510,"The Vow Breaker, or The Fair Maid of Clifton","Sampson, William",,,1636,0.4717
tragedy,"Shakespeare, William",B,131,"The Wars of Cyrus, King of Persia",Anonymous,,,1594,0.809
tragedy,"Shakespeare, William",B,306,The White Devil (Vittoria Corombona),"Webster, John",,,1612,0.6723
tragedy,"Shakespeare, William",B,231,"The Wonder of Women, or Sophonisba","Marston, John",,,1606,0.1952
tragedy,"Shakespeare, William",B,122,"The Wounds of Civil War, or Marius and Scilla","Lodge, Thomas",,,1594,0.8367
tragedy,"Shakespeare, William",B,79,Thebais (Seneca's Third Tragedy),"Seneca, Lucius Annaeus / Newton, Thomas",Y,,1581,0.4435
tragedy,"Shakespeare, William",B,368,Thierry and Theodoret,"Anonymous / Fletcher, John / Massinger, Philip",Y,,1621,0.2677
tragedy,"Shakespeare, William",B,29,Thyestes (Seneca's Second Tragedy),"Heywood, Jasper / Seneca, Lucius Annaeus",Y,,1560,0.4605
tragedy,"Shakespeare, William",B,28,Troas (Seneca's Sixth Tragedy),"Heywood, Jasper / Seneca, Lucius Annaeus",Y,,1581,0.9627
tragedy,"Shakespeare, William",B,182,Two Lamentable Tragedies,"Yarington, Robert",,,1601,0.3777
history,"Heywood, Thomas",A,153,1 Edward the Fourth,"Heywood, Thomas",,author (?),1600,0.3984
history,"Heywood, Thomas",A,215,"1 If You Know Not Me You Know Nobody, or The Troubles of Queen Elizabeth","Heywood, Thomas",,author,1605,0.3502
history,"Heywood, Thomas",A,154,2 Edward the Fourth,"Heywood, Thomas",,author (?),1600,0.4068
history,"Heywood, Thomas",A,224,2 If You Know Not Me You Know Nobody (The Second Part of Queen Elizabeth's Troubles),"Heywood, Thomas",,author,1606,0.2533
history,"Heywood, Thomas",A,256,The Famous History of Sir Thomas Wyatt,"Heywood, Thomas / Dekker, Thomas / Chettle, Henry / Webster, John",Y,author (?),1607,0.2734
history,"Heywood, Thomas",B,145,1 Henry the Fourth,"Shakespeare, William",,,1598,0.2075
history,"Heywood, Thomas",B,399,1 Henry the Sixth,"Anonymous / Marlowe, Christopher / Shakespeare, William / Nashe, Thomas",Y,,1623,0.5517
history,"Heywood, Thomas",B,166,1 Sir John Oldcastle,"Wilson, Robert / Drayton, Michael / Munday, Anthony / Hathaway, Richard",Y,,1600,0.19
history,"Heywood, Thomas",B,101,1 The Troublesome Reign of King John,Anonymous,,,1591,0.6199
history,"Heywood, Thomas",B,167,2 Henry the Fourth,"Shakespeare, William",,,1600,0.2137
history,"Heywood, Thomas",B,119,2 Henry the Sixth (The First Part of the Contention betwixt the Two Famous Houses of York and Lancaster),"Anonymous / Marlowe, Christopher / Shakespeare, William",Y,,1600,0.3427
history,"Heywood, Thomas",B,102,2 The Troublesome Reign of King John,Anonymous,,,1611,0.6862
history,"Heywood, Thomas",B,138,3 Henry the Sixth (The True Tragedy of Richard Duke of York and the Good King Henry the Sixth),"Anonymous / Marlowe, Christopher / Shakespeare, William",Y,,1623,0.3826
history,"Heywood, Thomas",B,192,"A Larum for London, or The Siege of Antwerp",Anonymous,,,1602,0.1236
history,"Heywood, Thomas",B,112,Edward the First,"Peele, George",,,1593,0.489
history,"Heywood, Thomas",B,129,Edward the Second,"Marlowe, Christopher",,,1594,0.4133
history,"Heywood, Thomas",B,482,Fuimus Troes (The True Trojans),"Fisher, Jasper",,,1633,0.3565
history,"Heywood, Thomas",B,400,Henry the Eighth (All Is True),"Shakespeare, William / Fletcher, John",Y,,1623,0.3107
history,"Heywood, Thomas",B,165,Henry the Fifth,"Shakespeare, William",,,1600,0.4792
history,"Heywood, Thomas",B,114,Jack Straw,Anonymous,,,1593,0.5062
history,"Heywood, Thomas",B,398,King John,"Shakespeare, William",,,1623,0.5556
history,"Heywood, Thomas",B,615,Mortimer His Fall,"Jonson, Ben",,,1640,0.0
history,"Heywood, Thomas",B,141,Richard the Second,"Shakespeare, William",,,1597,0.1678
history,"Heywood, Thomas",B,142,Richard the Third,"Shakespeare, William",,,1623,0.3385
history,"Heywood, Thomas",B,274,The Conspiracy of Charles Duke of Byron,"Chapman, George",,,1608,0.2092
history,"Heywood, Thomas",B,451,The Duchess of Suffolk,"Drue, Thomas",,,1631,0.5146
history,"Heywood, Thomas",B,160,The Love of King David and Fair Bathsheba,"Peele, George",,,1599,0.7362
history,"Heywood, Thomas",B,140,The Reign of King Edward the Third,"Anonymous / Shakespeare, William",Y,,1596,0.493
history,"Heywood, Thomas",B,213,The True Chronicle of King Leir (King Lear and his Three Daughters),Anonymous,,,1605,0.1167
history,"Heywood, Thomas",B,126,The True Tragedy of Richard the Third,Anonymous,,,1594,0.2527
history,"Heywood, Thomas",B,520,The Valiant Scot,"W., J.",,,1637,0.6862
history,"Heywood, Thomas",B,327,The Valiant Welshman (Caradoc the Great),"A., R.",,,1615,0.3727
history,"Heywood, Thomas",B,189,Thomas Lord Cromwell,"S., W.",,,1602,0.2327
history,"Heywood, Thomas",B,212,When You See Me You Know Me (Henry the Eighth),"Rowley, Samuel",,,1605,0.5215
history,"Shakespeare, William",A,145,1 Henry the Fourth,"Shakespeare, William",,author,1598,0.2075
history,"Shakespeare, William",A,399,1 Henry the Sixth,"Anonymous / Marlowe, Christopher / Shakespeare, William / Nashe, Thomas",Y,author,1623,0.5517
history,"Shakespeare, William",A,167,2 Henry the Fourth,"Shakespeare, William",,author,1600,0.2137
history,"Shakespeare, William",A,119,2 Henry the Sixth (The First Part of the Contention betwixt the Two Famous Houses of York and Lancaster),"Anonymous / Marlowe, Christopher / Shakespeare, William",Y,author,1600,0.3427
history,"Shakespeare, William",A,138,3 Henry the Sixth (The True Tragedy of Richard Duke of York and the Good King Henry the Sixth),"Anonymous / Marlowe, Christopher / Shakespeare, William",Y,author,1623,0.3826
history,"Shakespeare, William",A,400,Henry the Eighth (All Is True),"Shakespeare, William / Fletcher, John",Y,author,1623,0.3107
history,"Shakespeare, William",A,165,Henry the Fifth,"Shakespeare, William",,author,1600,0.4792
history,"Shakespeare, William",A,398,King John,"Shakespeare, William",,author,1623,0.5556
history,"Shakespeare, William",A,141,Richard the Second,"Shakespeare, William",,author,1597,0.1678
history,"Shakespeare, William",A,142,Richard the Third,"Shakespeare, William",,author,1623,0.3385
history,"Shakespeare, William",A,140,The Reign of King Edward the Third,"Anonymous / Shakespeare, William",Y,author (?),1596,0.493
history,"Shakespeare, William",B,153,1 Edward the Fourth,"Heywood, Thomas",,,1600,0.3984
history,"Shakespeare, William",B,215,"1 If You Know Not Me You Know Nobody, or The Troubles of Queen Elizabeth","Heywood, Thomas",,,1605,0.3502
history,"Shakespeare, William",B,166,1 Sir John Oldcastle,"Wilson, Robert / Drayton, Michael / Munday, Anthony / Hathaway, Richard",Y,,1600,0.19
history,"Shakespeare, William",B,101,1 The Troublesome Reign of King John,Anonymous,,,1591,0.6199
history,"Shakespeare, William",B,154,2 Edward the Fourth,"Heywood, Thomas",,,1600,0.4068
history,"Shakespeare, William",B,224,2 If You Know Not Me You Know Nobody (The Second Part of Queen Elizabeth's Troubles),"Heywood, Thomas",,,1606,0.2533
history,"Shakespeare, William",B,102,2 The Troublesome Reign of King John,Anonymous,,,1611,0.6862
history,"Shakespeare, William",B,192,"A Larum for London, or The Siege of Antwerp",Anonymous,,,1602,0.1236
history,"Shakespeare, William",B,112,Edward the First,"Peele, George",,,1593,0.489
history,"Shakespeare, William",B,129,Edward the Second,"Marlowe, Christopher",,,1594,0.4133
history,"Shakespeare, William",B,482,Fuimus Troes (The True Trojans),"Fisher, Jasper",,,1633,0.3565
history,"Shakespeare, William",B,114,Jack Straw,Anonymous,,,1593,0.5062
history,"Shakespeare, William",B,615,Mortimer His Fall,"Jonson, Ben",,,1640,0.0
history,"Shakespeare, William",B,274,The Conspiracy of Charles Duke of Byron,"Chapman, George",,,1608,0.2092
history,"Shakespeare, William",B,451,The Duchess of Suffolk,"Drue, Thomas",,,1631,0.5146
history,"Shakespeare, William",B,256,The Famous History of Sir Thomas Wyatt,"Heywood, Thomas / Dekker, Thomas / Chettle, Henry / Webster, John",Y,,1607,0.2734
history,"Shakespeare, William",B,160,The Love of King David and Fair Bathsheba,"Peele, George",,,1599,0.7362
history,"Shakespeare, William",B,213,The True Chronicle of King Leir (King Lear and his Three Daughters),Anonymous,,,1605,0.1167
history,"Shakespeare, William",B,126,The True Tragedy of Richard the Third,Anonymous,,,1594,0.2527
history,"Shakespeare, William",B,520,The Valiant Scot,"W., J.",,,1637,0.6862
history,"Shakespeare, William",B,327,The Valiant Welshman (Caradoc the Great),"A., R.",,,1615,0.3727
history,"Shakespeare, William",B,189,Thomas Lord Cromwell,"S., W.",,,1602,0.2327
history,"Shakespeare, William",B,212,When You See Me You Know Me (Henry the Eighth),"Rowley, Samuel",,,1605,0.5215
