genre,author,topic,label,mean_diff_pp,group,n_group,work_id,title,author_field,share_in_work_pct,contribution_to_group_mean_pp,share_of_group_total
comedy,"Chapman, George",8,"Captains, gallants and cheats",3.117,A,7,297,May Day,"Chapman, George",24.337,3.477,0.74
comedy,"Chapman, George",8,"Captains, gallants and cheats",3.117,A,7,217,Eastward Ho,"Chapman, George / Jonson, Ben / Marston, John",8.534,1.219,0.26
comedy,"Chapman, George",8,"Captains, gallants and cheats",3.117,B,144,251,"The Puritan, or The Widow of Watling Street (The Puritan Widow)","Middleton, Thomas",29.711,0.206,0.131
comedy,"Chapman, George",8,"Captains, gallants and cheats",3.117,B,144,195,"Satiromastix, or The Untrussing of the Humorous Poet","Dekker, Thomas",20.171,0.14,0.089
comedy,"Chapman, George",8,"Captains, gallants and cheats",3.117,B,144,481,A Fine Companion,"Marmion, Shackerley",17.748,0.123,0.078
comedy,"Chapman, George",0,"Court life: dukes, favour and honour",2.458,A,7,226,The Gentleman Usher (Vincentio and Margaret),"Chapman, George",31.12,4.446,0.632
comedy,"Chapman, George",0,"Court life: dukes, favour and honour",2.458,A,7,146,The Blind Beggar of Alexandria (Irus),"Chapman, George",15.375,2.196,0.312
comedy,"Chapman, George",0,"Court life: dukes, favour and honour",2.458,A,7,219,All Fools,"Chapman, George",2.783,0.398,0.056
comedy,"Chapman, George",0,"Court life: dukes, favour and honour",2.458,B,144,575,The Opportunity,"Shirley, James",86.168,0.598,0.131
comedy,"Chapman, George",0,"Court life: dukes, favour and honour",2.458,B,144,577,The Humorous Courtier (The Duke),"Shirley, James",65.484,0.455,0.099
comedy,"Chapman, George",0,"Court life: dukes, favour and honour",2.458,B,144,538,The Royal Master,"Shirley, James",61.223,0.425,0.093
comedy,"Chapman, George",27,"Uncles, nephews and cousins: kinship and patronage",1.578,A,7,228,Sir Giles Goosecap,"Chapman, George",12.451,1.779,0.651
comedy,"Chapman, George",27,"Uncles, nephews and cousins: kinship and patronage",1.578,A,7,297,May Day,"Chapman, George",4.438,0.634,0.232
comedy,"Chapman, George",27,"Uncles, nephews and cousins: kinship and patronage",1.578,A,7,226,The Gentleman Usher (Vincentio and Margaret),"Chapman, George",2.224,0.318,0.116
comedy,"Chapman, George",27,"Uncles, nephews and cousins: kinship and patronage",1.578,B,144,568,The City Match,"Mayne, Jasper",19.519,0.136,0.118
comedy,"Chapman, George",27,"Uncles, nephews and cousins: kinship and patronage",1.578,B,144,262,A Trick to Catch the Old One,"Middleton, Thomas",19.512,0.135,0.118
comedy,"Chapman, George",27,"Uncles, nephews and cousins: kinship and patronage",1.578,B,144,523,The Gamester,"Shirley, James",10.338,0.072,0.062
comedy,"Chapman, George",23,"Husbands, wives and jealousy",1.397,A,7,219,All Fools,"Chapman, George",16.0,2.286,1.0
comedy,"Chapman, George",23,"Husbands, wives and jealousy",1.397,B,144,247,Cupid's Whirligig,"Sharpham, Edward",15.293,0.106,0.12
comedy,"Chapman, George",23,"Husbands, wives and jealousy",1.397,B,144,540,Tottenham Court,"Nabbes, Thomas",12.2,0.085,0.095
comedy,"Chapman, George",23,"Husbands, wives and jealousy",1.397,B,144,250,Northward Ho,"Dekker, Thomas / Webster, John",11.698,0.081,0.091
comedy,"Chapman, George",28,"Marriage-making: weddings, brides and matches",-1.114,B,144,125,Mother Bombie,"Lyly, John",17.628,0.122,0.11
comedy,"Chapman, George",28,"Marriage-making: weddings, brides and matches",-1.114,B,144,535,The Wise Woman of Hogsdon,"Heywood, Thomas",16.983,0.118,0.106
comedy,"Chapman, George",28,"Marriage-making: weddings, brides and matches",-1.114,B,144,299,A Woman Is a Weathercock,"Field, Nathan",13.091,0.091,0.082
comedy,"Chapman, George",6,"Money, debt and credit",-1.012,A,7,146,The Blind Beggar of Alexandria (Irus),"Chapman, George",3.759,0.537,0.635
comedy,"Chapman, George",6,"Money, debt and credit",-1.012,A,7,217,Eastward Ho,"Chapman, George / Jonson, Ben / Marston, John",2.162,0.309,0.365
comedy,"Chapman, George",6,"Money, debt and credit",-1.012,B,144,580,"The Knave in Grain, New Vamped","D., J.",17.509,0.122,0.065
comedy,"Chapman, George",6,"Money, debt and credit",-1.012,B,144,393,The Comedy of Errors,"Shakespeare, William",17.374,0.121,0.065
comedy,"Chapman, George",6,"Money, debt and credit",-1.012,B,144,266,Your Five Gallants (The Five Witty Gallants),"Middleton, Thomas",17.369,0.121,0.065
comedy,"Chapman, George",24,"Apollo, Phoebus and the Muses",-1.008,B,144,414,Apollo Shroving,"Hawkins, William",63.239,0.439,0.436
comedy,"Chapman, George",24,"Apollo, Phoebus and the Muses",-1.008,B,144,164,The Maid's Metamorphosis,Anonymous,28.256,0.196,0.195
comedy,"Chapman, George",24,"Apollo, Phoebus and the Muses",-1.008,B,144,106,Midas,"Lyly, John",25.99,0.18,0.179
comedy,"Chapman, George",16,"Gallantry: ladies, lordships and compliment",0.943,A,7,217,Eastward Ho,"Chapman, George / Jonson, Ben / Marston, John",6.127,0.875,0.385
comedy,"Chapman, George",16,"Gallantry: ladies, lordships and compliment",0.943,A,7,219,All Fools,"Chapman, George",5.133,0.733,0.322
comedy,"Chapman, George",16,"Gallantry: ladies, lordships and compliment",0.943,A,7,297,May Day,"Chapman, George",2.38,0.34,0.15
comedy,"Chapman, George",16,"Gallantry: ladies, lordships and compliment",0.943,B,144,518,The Lady of Pleasure,"Shirley, James",31.98,0.222,0.167
comedy,"Chapman, George",16,"Gallantry: ladies, lordships and compliment",0.943,B,144,549,The Ball,"Shirley, James",14.407,0.1,0.075
comedy,"Chapman, George",16,"Gallantry: ladies, lordships and compliment",0.943,B,144,517,Hyde Park,"Shirley, James",9.473,0.066,0.049
comedy,"Chapman, George",26,"Devils, hell and fiends",-0.926,B,144,457,The Devil Is an Ass,"Jonson, Ben",24.568,0.171,0.184
comedy,"Chapman, George",26,"Devils, hell and fiends",-0.926,B,144,561,A New Trick to Cheat the Devil,"Davenport, Robert",22.476,0.156,0.169
comedy,"Chapman, George",26,"Devils, hell and fiends",-0.926,B,144,305,"If It Be Not Good, the Devil Is in It (If This Be Not a Good Play, the Devil Is in It)","Dekker, Thomas",20.204,0.14,0.152
comedy,"Chapman, George",30,"Constables, justices and the watch",-0.9,B,144,617,A Tale of a Tub,"Jonson, Ben",65.356,0.454,0.505
comedy,"Chapman, George",30,"Constables, justices and the watch",-0.9,B,144,591,Wit in a Constable,"Glapthorne, Henry",16.105,0.112,0.124
comedy,"Chapman, George",30,"Constables, justices and the watch",-0.9,B,144,542,Covent Garden,"Nabbes, Thomas",8.465,0.059,0.065
comedy,"Chapman, George",21,"Cupid, Venus and the nymphs",-0.849,B,144,105,Gallathea,"Lyly, John",40.777,0.283,0.334
comedy,"Chapman, George",21,"Cupid, Venus and the nymphs",-0.849,B,144,82,Sappho and Phao,"Lyly, John",22.29,0.155,0.182
comedy,"Chapman, George",21,"Cupid, Venus and the nymphs",-0.849,B,144,181,"Cynthia's Revels, or The Fountain of Self-Love","Jonson, Ben",10.814,0.075,0.088
comedy,"Chapman, George",45,"Widows, wooing and remarriage",-0.839,B,144,262,A Trick to Catch the Old One,"Middleton, Thomas",30.947,0.215,0.256
comedy,"Chapman, George",45,"Widows, wooing and remarriage",-0.839,B,144,292,"Ram Alley, or Merry Tricks","Barry, Lording",21.84,0.152,0.181
comedy,"Chapman, George",45,"Widows, wooing and remarriage",-0.839,B,144,476,A Match at Midnight,"R., W.",21.603,0.15,0.179
comedy,"Chapman, George",1,"Death, grief and revenge",-0.776,A,7,301,The Widow's Tears,"Chapman, George",7.088,1.013,1.0
comedy,"Chapman, George",1,"Death, grief and revenge",-0.776,B,144,425,The Wedding,"Shirley, James",22.44,0.156,0.087
comedy,"Chapman, George",1,"Death, grief and revenge",-0.776,B,144,74,2 Promos and Cassandra,"Whetstone, George",21.608,0.15,0.084
comedy,"Chapman, George",1,"Death, grief and revenge",-0.776,B,144,191,How a Man May Choose a Good Wife from a Bad,Anonymous,14.23,0.099,0.055
comedy,"Chapman, George",3,"Sickness, physic and doctors",-0.742,A,7,226,The Gentleman Usher (Vincentio and Margaret),"Chapman, George",7.197,1.028,0.589
comedy,"Chapman, George",3,"Sickness, physic and doctors",-0.742,A,7,219,All Fools,"Chapman, George",2.582,0.369,0.211
comedy,"Chapman, George",3,"Sickness, physic and doctors",-0.742,A,7,228,Sir Giles Goosecap,"Chapman, George",2.445,0.349,0.2
comedy,"Chapman, George",3,"Sickness, physic and doctors",-0.742,B,144,263,The Family of Love,"Barry, Lording",47.788,0.332,0.133
comedy,"Chapman, George",3,"Sickness, physic and doctors",-0.742,B,144,508,The Wonder of A Kingdom,"Dekker, Thomas",26.555,0.184,0.074
comedy,"Chapman, George",3,"Sickness, physic and doctors",-0.742,B,144,616,"The Magnetic Lady, or Humors Reconciled","Jonson, Ben",26.43,0.184,0.074
comedy,"Chapman, George",15,Friars and holy orders in plot,-0.729,B,144,121,Friar Bacon and Friar Bongay,"Greene, Robert",31.491,0.219,0.3
comedy,"Chapman, George",15,Friars and holy orders in plot,-0.729,B,144,561,A New Trick to Cheat the Devil,"Davenport, Robert",20.012,0.139,0.191
comedy,"Chapman, George",15,Friars and holy orders in plot,-0.729,B,144,305,"If It Be Not Good, the Devil Is in It (If This Be Not a Good Play, the Devil Is in It)","Dekker, Thomas",13.81,0.096,0.132
comedy,"Chapman, George",44,"Drinking: wine, ale and taverns",-0.636,B,144,455,Bartholomew Fair,"Jonson, Ben",13.813,0.096,0.151
comedy,"Chapman, George",44,"Drinking: wine, ale and taverns",-0.636,B,144,173,Summer's Last Will and Testament,"Nashe, Thomas",9.188,0.064,0.1
comedy,"Chapman, George",44,"Drinking: wine, ale and taverns",-0.636,B,144,494,The Late Lancashire Witches,"Heywood, Thomas / Brome, Richard",7.046,0.049,0.077
comedy,"Chapman, George",32,Rings and jewels as tokens,-0.595,B,144,364,"The Two Merry Milkmaids, or The Best Words Wear the Garland","Cumber, John",15.027,0.104,0.175
comedy,"Chapman, George",32,Rings and jewels as tokens,-0.595,B,144,172,The Merchant of Venice (The Jew of Venice),"Shakespeare, William",7.738,0.054,0.09
comedy,"Chapman, George",32,Rings and jewels as tokens,-0.595,B,144,493,A Maidenhead Well Lost,"Heywood, Thomas",7.626,0.053,0.089
comedy,"Chapman, George",11,"Siblings, kin and confidants",0.521,A,7,301,The Widow's Tears,"Chapman, George",6.965,0.995,0.583
comedy,"Chapman, George",11,"Siblings, kin and confidants",0.521,A,7,219,All Fools,"Chapman, George",2.63,0.376,0.22
comedy,"Chapman, George",11,"Siblings, kin and confidants",0.521,A,7,226,The Gentleman Usher (Vincentio and Margaret),"Chapman, George",2.355,0.336,0.197
comedy,"Chapman, George",11,"Siblings, kin and confidants",0.521,B,144,323,"Greene's Tu Quoque, or The City Gallant","Cooke, John",16.755,0.116,0.098
comedy,"Chapman, George",11,"Siblings, kin and confidants",0.521,B,144,242,The Fair Maid of the Exchange,Anonymous,9.798,0.068,0.057
comedy,"Chapman, George",11,"Siblings, kin and confidants",0.521,B,144,540,Tottenham Court,"Nabbes, Thomas",9.085,0.063,0.053
comedy,"Chapman, George",22,"Shepherds, flocks and Pan",-0.478,B,144,394,As You Like It,"Shakespeare, William",16.101,0.112,0.234
comedy,"Chapman, George",22,"Shepherds, flocks and Pan",-0.478,B,144,164,The Maid's Metamorphosis,Anonymous,14.247,0.099,0.207
comedy,"Chapman, George",22,"Shepherds, flocks and Pan",-0.478,B,144,441,The School of Compliment (Love Tricks),"Shirley, James",11.393,0.079,0.165
comedy,"Chapman, George",52,"Prodigals, portions and poor kin",-0.438,B,144,460,"A New Wonder, A Woman Never Vexed","Heywood, Thomas / Rowley, William",15.801,0.11,0.251
comedy,"Chapman, George",52,"Prodigals, portions and poor kin",-0.438,B,144,222,The London Prodigal,Anonymous,12.567,0.087,0.199
comedy,"Chapman, George",52,"Prodigals, portions and poor kin",-0.438,B,144,394,As You Like It,"Shakespeare, William",6.666,0.046,0.106
comedy,"Chapman, George",47,"Knaves, thieves and bawds",-0.41,B,144,435,2 The Honest Whore (2 The Converted Courtesan),"Dekker, Thomas",14.865,0.103,0.252
comedy,"Chapman, George",47,"Knaves, thieves and bawds",-0.41,B,144,574,"The Night Walker, or The Little Thief","Fletcher, John / Shirley, James",7.67,0.053,0.13
comedy,"Chapman, George",47,"Knaves, thieves and bawds",-0.41,B,144,67,Gammer Gurton's Needle,"Stevenson, William",6.886,0.048,0.117
comedy,"Chapman, George",46,"Swords, quarrels and valour",-0.385,B,144,176,Every Man in His Humor,"Jonson, Ben",9.499,0.066,0.171
comedy,"Chapman, George",46,"Swords, quarrels and valour",-0.385,B,144,521,The Example,"Shirley, James",5.426,0.038,0.098
comedy,"Chapman, George",46,"Swords, quarrels and valour",-0.385,B,144,515,The Elder Brother,"Fletcher, John / Massinger, Philip",5.264,0.037,0.095
comedy,"Chapman, George",49,"Wooing a mistress: suitors, go-betweens and letters",0.351,A,7,146,The Blind Beggar of Alexandria (Irus),"Chapman, George",3.936,0.562,0.628
comedy,"Chapman, George",49,"Wooing a mistress: suitors, go-betweens and letters",0.351,A,7,301,The Widow's Tears,"Chapman, George",2.336,0.334,0.372
comedy,"Chapman, George",49,"Wooing a mistress: suitors, go-betweens and letters",0.351,B,144,477,The Witty Fair One,"Shirley, James",8.925,0.062,0.114
comedy,"Chapman, George",49,"Wooing a mistress: suitors, go-betweens and letters",0.351,B,144,462,"Changes, or Love in a Maze","Shirley, James",7.372,0.051,0.094
comedy,"Chapman, George",49,"Wooing a mistress: suitors, go-betweens and letters",0.351,B,144,521,The Example,"Shirley, James",5.612,0.039,0.072
comedy,"Chapman, George",9,"Theatre talk: prologues, poets and players",-0.273,A,7,226,The Gentleman Usher (Vincentio and Margaret),"Chapman, George",4.74,0.677,0.657
comedy,"Chapman, George",9,"Theatre talk: prologues, poets and players",-0.273,A,7,219,All Fools,"Chapman, George",2.471,0.353,0.343
comedy,"Chapman, George",9,"Theatre talk: prologues, poets and players",-0.273,B,144,586,The Antipodes,"Brome, Richard",15.841,0.11,0.084
comedy,"Chapman, George",9,"Theatre talk: prologues, poets and players",-0.273,B,144,186,"Poetaster, or The Arraignment","Jonson, Ben",14.006,0.097,0.075
comedy,"Chapman, George",9,"Theatre talk: prologues, poets and players",-0.273,B,144,616,"The Magnetic Lady, or Humors Reconciled","Jonson, Ben",12.888,0.09,0.069
comedy,"Chapman, George",4,Love-longing and the lover's complaint,0.27,A,7,146,The Blind Beggar of Alexandria (Irus),"Chapman, George",7.619,1.088,0.523
comedy,"Chapman, George",4,Love-longing and the lover's complaint,0.27,A,7,297,May Day,"Chapman, George",4.377,0.625,0.301
comedy,"Chapman, George",4,Love-longing and the lover's complaint,0.27,A,7,228,Sir Giles Goosecap,"Chapman, George",2.563,0.366,0.176
comedy,"Chapman, George",4,Love-longing and the lover's complaint,0.27,B,144,242,The Fair Maid of the Exchange,Anonymous,16.999,0.118,0.065
comedy,"Chapman, George",4,Love-longing and the lover's complaint,0.27,B,144,170,A Midsummer Night's Dream,"Shakespeare, William",15.522,0.108,0.06
comedy,"Chapman, George",4,Love-longing and the lover's complaint,0.27,B,144,177,Jack Drum's Entertainment (Katherine and Pasquil),"Marston, John",15.4,0.107,0.059
comedy,"Chapman, George",51,"Parents and children: blessing, birthright and inheritance",-0.259,B,144,125,Mother Bombie,"Lyly, John",5.932,0.041,0.159
comedy,"Chapman, George",51,"Parents and children: blessing, birthright and inheritance",-0.259,B,144,281,The Case Is Altered,"Jonson, Ben",5.573,0.039,0.149
comedy,"Chapman, George",51,"Parents and children: blessing, birthright and inheritance",-0.259,B,144,15,The Play of the Weather,"Heywood, John",4.619,0.032,0.124
comedy,"Chapman, George",39,"Profit, conscience and dishonest dealing",0.259,A,7,297,May Day,"Chapman, George",2.248,0.321,1.0
comedy,"Chapman, George",39,"Profit, conscience and dishonest dealing",0.259,B,144,255,The Fleer,"Sharpham, Edward",6.375,0.044,0.712
comedy,"Chapman, George",39,"Profit, conscience and dishonest dealing",0.259,B,144,234,Wily Beguiled,Anonymous,2.579,0.018,0.288
comedy,"Chapman, George",62,"The courtier as a type: fashion, affectation and foreign manners",-0.25,B,144,181,"Cynthia's Revels, or The Fountain of Self-Love","Jonson, Ben",7.88,0.055,0.219
comedy,"Chapman, George",62,"The courtier as a type: fashion, affectation and foreign manners",-0.25,B,144,323,"Greene's Tu Quoque, or The City Gallant","Cooke, John",6.432,0.045,0.179
comedy,"Chapman, George",62,"The courtier as a type: fashion, affectation and foreign manners",-0.25,B,144,58,Damon and Pithias,"Edwards, Richard",5.305,0.037,0.147
comedy,"Chapman, George",7,The Trojan war: conflict and its aftermath,-0.246,B,144,37,Thersites,"Udall, Nicholas",22.193,0.154,0.625
comedy,"Chapman, George",7,The Trojan war: conflict and its aftermath,-0.246,B,144,84,"Campaspe (Alexander, Campaspe, and Diogenes)","Lyly, John",3.896,0.027,0.11
comedy,"Chapman, George",7,The Trojan war: conflict and its aftermath,-0.246,B,144,150,Love's Labor's Lost,"Shakespeare, William",2.713,0.019,0.076
comedy,"Chapman, George",33,"Fathers, daughters and marriage negotiations",0.211,A,7,219,All Fools,"Chapman, George",7.868,1.124,1.0
comedy,"Chapman, George",33,"Fathers, daughters and marriage negotiations",0.211,B,144,91,Andria (The Woman from Andros),"Terence (Publius Terentius Afer) / Kyffin, Maurice",42.015,0.292,0.32
comedy,"Chapman, George",33,"Fathers, daughters and marriage negotiations",0.211,B,144,592,The Constant Maid (Love Will Find Out the Way),"Shirley, James",6.173,0.043,0.047
comedy,"Chapman, George",33,"Fathers, daughters and marriage negotiations",0.211,B,144,285,The Two Maids of More-Clacke,"Armin, Robert",6.167,0.043,0.047
comedy,"Chapman, George",12,"Olympian gods: Jupiter, Juno, Venus and Mars",-0.197,B,144,144,The Woman in the Moon,"Lyly, John",11.634,0.081,0.41
comedy,"Chapman, George",12,"Olympian gods: Jupiter, Juno, Venus and Mars",-0.197,B,144,186,"Poetaster, or The Arraignment","Jonson, Ben",9.996,0.069,0.352
comedy,"Chapman, George",12,"Olympian gods: Jupiter, Juno, Venus and Mars",-0.197,B,144,84,"Campaspe (Alexander, Campaspe, and Diogenes)","Lyly, John",3.858,0.027,0.136
comedy,"Chapman, George",2,"Roman politics: senate, consuls and civil war",-0.194,B,144,186,"Poetaster, or The Arraignment","Jonson, Ben",13.626,0.095,0.487
comedy,"Chapman, George",2,"Roman politics: senate, consuls and civil war",-0.194,B,144,556,"The Sophister (Fallacy, or The Troubles of Great Hermenia)","Zouche, Richard",2.952,0.02,0.106
comedy,"Chapman, George",2,"Roman politics: senate, consuls and civil war",-0.194,B,144,252,What You Will,"Marston, John",2.896,0.02,0.104
comedy,"Chapman, George",20,"Hercules: labours, suffering and virtue",-0.194,B,144,37,Thersites,"Udall, Nicholas",13.991,0.097,0.501
comedy,"Chapman, George",20,"Hercules: labours, suffering and virtue",-0.194,B,144,121,Friar Bacon and Friar Bongay,"Greene, Robert",6.09,0.042,0.218
comedy,"Chapman, George",20,"Hercules: labours, suffering and virtue",-0.194,B,144,556,"The Sophister (Fallacy, or The Troubles of Great Hermenia)","Zouche, Richard",3.266,0.023,0.117
comedy,"Chapman, George",5,"Christian faith, sin and salvation",-0.177,B,144,321,The Hog Hath Lost His Pearl,"Tailor, Robert",5.749,0.04,0.226
comedy,"Chapman, George",5,"Christian faith, sin and salvation",-0.177,B,144,305,"If It Be Not Good, the Devil Is in It (If This Be Not a Good Play, the Devil Is in It)","Dekker, Thomas",4.544,0.032,0.179
comedy,"Chapman, George",5,"Christian faith, sin and salvation",-0.177,B,144,517,Hyde Park,"Shirley, James",3.178,0.022,0.125
comedy,"Chapman, George",56,"Magic, spells and conjuring",-0.165,B,144,86,Fedele and Fortunia (Two Italian Gentlemen),"Pasqualigo, Luigi / Munday, Anthony",7.152,0.05,0.301
comedy,"Chapman, George",56,"Magic, spells and conjuring",-0.165,B,144,121,Friar Bacon and Friar Bongay,"Greene, Robert",6.021,0.042,0.254
comedy,"Chapman, George",56,"Magic, spells and conjuring",-0.165,B,144,353,"Technogamia, or The Marriages of the Arts","Holyday, Barten",3.338,0.023,0.141
comedy,"Chapman, George",55,"Fairies, fairy queens and enchanted desire",-0.132,B,144,170,A Midsummer Night's Dream,"Shakespeare, William",12.136,0.084,0.638
comedy,"Chapman, George",55,"Fairies, fairy queens and enchanted desire",-0.132,B,144,187,The Merry Wives of Windsor,"Shakespeare, William",4.79,0.033,0.252
comedy,"Chapman, George",55,"Fairies, fairy queens and enchanted desire",-0.132,B,144,469,The Jealous Lovers,"Randolph, Thomas",2.11,0.015,0.111
comedy,"Chapman, George",37,"Riches, poverty and covetousness",-0.114,B,144,173,Summer's Last Will and Testament,"Nashe, Thomas",8.703,0.06,0.532
comedy,"Chapman, George",37,"Riches, poverty and covetousness",-0.114,B,144,469,The Jealous Lovers,"Randolph, Thomas",2.162,0.015,0.132
comedy,"Chapman, George",37,"Riches, poverty and covetousness",-0.114,B,144,616,"The Magnetic Lady, or Humors Reconciled","Jonson, Ben",2.143,0.015,0.131
comedy,"Chapman, George",40,"Sin, guilt and violent loss within families",0.096,A,7,301,The Widow's Tears,"Chapman, George",2.331,0.333,1.0
comedy,"Chapman, George",40,"Sin, guilt and violent loss within families",0.096,B,144,73,1 Promos and Cassandra,"Whetstone, George",9.634,0.067,0.283
comedy,"Chapman, George",40,"Sin, guilt and violent loss within families",0.096,B,144,74,2 Promos and Cassandra,"Whetstone, George",5.286,0.037,0.155
comedy,"Chapman, George",40,"Sin, guilt and violent loss within families",0.096,B,144,176,Every Man in His Humor,"Jonson, Ben",3.964,0.028,0.116
comedy,"Chapman, George",50,"Fleets, armies and generals: war by sea and land",-0.093,B,144,390,The Tempest,"Shakespeare, William",6.247,0.043,0.464
comedy,"Chapman, George",50,"Fleets, armies and generals: war by sea and land",-0.093,B,144,184,Antonio and Mellida,"Marston, John",3.618,0.025,0.269
comedy,"Chapman, George",50,"Fleets, armies and generals: war by sea and land",-0.093,B,144,354,Hans Beer-Pot (See Me and See Me Not),"Belchier, Dabridgcourt",3.589,0.025,0.267
comedy,"Chapman, George",35,"Fools, wit and railing",-0.079,A,7,219,All Fools,"Chapman, George",2.545,0.364,0.582
comedy,"Chapman, George",35,"Fools, wit and railing",-0.079,A,7,217,Eastward Ho,"Chapman, George / Jonson, Ben / Marston, John",1.828,0.261,0.418
comedy,"Chapman, George",35,"Fools, wit and railing",-0.079,B,144,431,"Aristippus, or The Jovial Philosopher","Randolph, Thomas",16.519,0.115,0.163
comedy,"Chapman, George",35,"Fools, wit and railing",-0.079,B,144,515,The Elder Brother,"Fletcher, John / Massinger, Philip",10.178,0.071,0.1
comedy,"Chapman, George",35,"Fools, wit and railing",-0.079,B,144,591,Wit in a Constable,"Glapthorne, Henry",6.493,0.045,0.064
comedy,"Chapman, George",17,"Eastern conquest: Persians, Turks and soldans",-0.078,B,144,354,Hans Beer-Pot (See Me and See Me Not),"Belchier, Dabridgcourt",3.822,0.027,0.341
comedy,"Chapman, George",17,"Eastern conquest: Persians, Turks and soldans",-0.078,B,144,84,"Campaspe (Alexander, Campaspe, and Diogenes)","Lyly, John",3.744,0.026,0.334
comedy,"Chapman, George",17,"Eastern conquest: Persians, Turks and soldans",-0.078,B,144,493,A Maidenhead Well Lost,"Heywood, Thomas",3.64,0.025,0.325
comedy,"Chapman, George",14,"Royal love, favour and dynastic relationships",0.072,A,7,226,The Gentleman Usher (Vincentio and Margaret),"Chapman, George",2.433,0.348,1.0
comedy,"Chapman, George",14,"Royal love, favour and dynastic relationships",0.072,B,144,538,The Royal Master,"Shirley, James",8.166,0.057,0.206
comedy,"Chapman, George",14,"Royal love, favour and dynastic relationships",0.072,B,144,267,Law Tricks,"Day, John",6.442,0.045,0.163
comedy,"Chapman, George",14,"Royal love, favour and dynastic relationships",0.072,B,144,230,"Parasitaster, or The Fawn","Marston, John",4.603,0.032,0.116
comedy,"Chapman, George",54,"Antony and Cleopatra: love, death and mourning",-0.072,B,144,15,The Play of the Weather,"Heywood, John",4.875,0.034,0.472
comedy,"Chapman, George",54,"Antony and Cleopatra: love, death and mourning",-0.072,B,144,517,Hyde Park,"Shirley, James",3.085,0.021,0.299
comedy,"Chapman, George",54,"Antony and Cleopatra: love, death and mourning",-0.072,B,144,168,Much Ado About Nothing,"Shakespeare, William",2.364,0.016,0.229
comedy,"Chapman, George",34,"Thebes and royal catastrophe: siege, slaughter and funeral rites",-0.056,B,144,84,"Campaspe (Alexander, Campaspe, and Diogenes)","Lyly, John",8.08,0.056,1.0
comedy,"Chapman, George",25,"Kings, power and law: political sententiae",-0.039,B,144,106,Midas,"Lyly, John",3.354,0.023,0.594
comedy,"Chapman, George",25,"Kings, power and law: political sententiae",-0.039,B,144,305,"If It Be Not Good, the Devil Is in It (If This Be Not a Good Play, the Devil Is in It)","Dekker, Thomas",2.295,0.016,0.406
comedy,"Chapman, George",59,"Spanish courts: war, honour and courtship",-0.038,B,144,598,Rule a Wife and Have a Wife,"Fletcher, John",5.475,0.038,1.0
comedy,"Chapman, George",18,"Rebels, barons and the king's wars at home",-0.028,B,144,174,Look About You,Anonymous,3.991,0.028,1.0
comedy,"Chapman, George",38,"Death, parting and grief at court",-0.02,B,144,173,Summer's Last Will and Testament,"Nashe, Thomas",2.927,0.02,1.0
comedy,"Chapman, George",10,"England and France: war, embassy and peace",-0.018,B,144,175,"The Shoemaker's Holiday, or The Gentle Craft","Dekker, Thomas",2.621,0.018,1.0
comedy,"Chapman, George",36,"Hell, Furies and the language of punishment",-0.015,B,144,414,Apollo Shroving,"Hawkins, William",2.203,0.015,1.0
comedy,"Chapman, George",31,"Popes, cardinals and the crown",-0.014,B,144,456,The Staple of News,"Jonson, Ben",1.993,0.014,1.0
comedy,"Dekker, Thomas",6,"Money, debt and credit",2.435,A,10,257,Westward Ho,"Dekker, Thomas / Webster, John",10.91,1.091,0.267
comedy,"Dekker, Thomas",6,"Money, debt and credit",2.435,A,10,305,"If It Be Not Good, the Devil Is in It (If This Be Not a Good Play, the Devil Is in It)","Dekker, Thomas",9.098,0.91,0.223
comedy,"Dekker, Thomas",6,"Money, debt and credit",2.435,A,10,435,2 The Honest Whore (2 The Converted Courtesan),"Dekker, Thomas",6.54,0.654,0.16
comedy,"Dekker, Thomas",6,"Money, debt and credit",2.435,B,141,580,"The Knave in Grain, New Vamped","D., J.",17.509,0.124,0.075
comedy,"Dekker, Thomas",6,"Money, debt and credit",2.435,B,141,393,The Comedy of Errors,"Shakespeare, William",17.374,0.123,0.075
comedy,"Dekker, Thomas",6,"Money, debt and credit",2.435,B,141,266,Your Five Gallants (The Five Witty Gallants),"Middleton, Thomas",17.369,0.123,0.075
comedy,"Dekker, Thomas",8,"Captains, gallants and cheats",2.041,A,10,195,"Satiromastix, or The Untrussing of the Humorous Poet","Dekker, Thomas",20.171,2.017,0.556
comedy,"Dekker, Thomas",8,"Captains, gallants and cheats",2.041,A,10,250,Northward Ho,"Dekker, Thomas / Webster, John",9.702,0.97,0.267
comedy,"Dekker, Thomas",8,"Captains, gallants and cheats",2.041,A,10,298,"The Roaring Girl, or Moll Cutpurse","Dekker, Thomas / Middleton, Thomas",6.42,0.642,0.177
comedy,"Dekker, Thomas",8,"Captains, gallants and cheats",2.041,B,141,251,"The Puritan, or The Widow of Watling Street (The Puritan Widow)","Middleton, Thomas",29.711,0.211,0.133
comedy,"Dekker, Thomas",8,"Captains, gallants and cheats",2.041,B,141,297,May Day,"Chapman, George",24.337,0.173,0.109
comedy,"Dekker, Thomas",8,"Captains, gallants and cheats",2.041,B,141,481,A Fine Companion,"Marmion, Shackerley",17.748,0.126,0.079
comedy,"Dekker, Thomas",15,Friars and holy orders in plot,1.975,A,10,305,"If It Be Not Good, the Devil Is in It (If This Be Not a Good Play, the Devil Is in It)","Dekker, Thomas",13.81,1.381,0.544
comedy,"Dekker, Thomas",15,Friars and holy orders in plot,1.975,A,10,204,1 The Honest Whore (1 The Converted Courtesan) (The Patient Man and the Honest Whore),"Dekker, Thomas / Middleton, Thomas",8.223,0.822,0.324
comedy,"Dekker, Thomas",15,Friars and holy orders in plot,1.975,A,10,508,The Wonder of A Kingdom,"Dekker, Thomas",3.364,0.336,0.132
comedy,"Dekker, Thomas",15,Friars and holy orders in plot,1.975,B,141,121,Friar Bacon and Friar Bongay,"Greene, Robert",31.491,0.223,0.396
comedy,"Dekker, Thomas",15,Friars and holy orders in plot,1.975,B,141,561,A New Trick to Cheat the Devil,"Davenport, Robert",20.012,0.142,0.251
comedy,"Dekker, Thomas",15,Friars and holy orders in plot,1.975,B,141,264,The Merry Devil of Edmonton,Anonymous,13.033,0.092,0.164
comedy,"Dekker, Thomas",0,"Court life: dukes, favour and honour",-1.524,A,10,508,The Wonder of A Kingdom,"Dekker, Thomas",13.308,1.331,0.407
comedy,"Dekker, Thomas",0,"Court life: dukes, favour and honour",-1.524,A,10,204,1 The Honest Whore (1 The Converted Courtesan) (The Patient Man and the Honest Whore),"Dekker, Thomas / Middleton, Thomas",8.15,0.815,0.249
comedy,"Dekker, Thomas",0,"Court life: dukes, favour and honour",-1.524,A,10,435,2 The Honest Whore (2 The Converted Courtesan),"Dekker, Thomas",4.091,0.409,0.125
comedy,"Dekker, Thomas",0,"Court life: dukes, favour and honour",-1.524,B,141,575,The Opportunity,"Shirley, James",86.168,0.611,0.127
comedy,"Dekker, Thomas",0,"Court life: dukes, favour and honour",-1.524,B,141,577,The Humorous Courtier (The Duke),"Shirley, James",65.484,0.464,0.097
comedy,"Dekker, Thomas",0,"Court life: dukes, favour and honour",-1.524,B,141,538,The Royal Master,"Shirley, James",61.223,0.434,0.091
comedy,"Dekker, Thomas",16,"Gallantry: ladies, lordships and compliment",-1.472,B,141,518,The Lady of Pleasure,"Shirley, James",31.98,0.227,0.154
comedy,"Dekker, Thomas",16,"Gallantry: ladies, lordships and compliment",-1.472,B,141,549,The Ball,"Shirley, James",14.407,0.102,0.069
comedy,"Dekker, Thomas",16,"Gallantry: ladies, lordships and compliment",-1.472,B,141,517,Hyde Park,"Shirley, James",9.473,0.067,0.046
comedy,"Dekker, Thomas",26,"Devils, hell and fiends",1.465,A,10,305,"If It Be Not Good, the Devil Is in It (If This Be Not a Good Play, the Devil Is in It)","Dekker, Thomas",20.204,2.02,0.897
comedy,"Dekker, Thomas",26,"Devils, hell and fiends",1.465,A,10,257,Westward Ho,"Dekker, Thomas / Webster, John",2.309,0.231,0.103
comedy,"Dekker, Thomas",26,"Devils, hell and fiends",1.465,B,141,457,The Devil Is an Ass,"Jonson, Ben",24.568,0.174,0.222
comedy,"Dekker, Thomas",26,"Devils, hell and fiends",1.465,B,141,561,A New Trick to Cheat the Devil,"Davenport, Robert",22.476,0.159,0.203
comedy,"Dekker, Thomas",26,"Devils, hell and fiends",1.465,B,141,574,"The Night Walker, or The Little Thief","Fletcher, John / Shirley, James",7.465,0.053,0.067
comedy,"Dekker, Thomas",47,"Knaves, thieves and bawds",1.173,A,10,435,2 The Honest Whore (2 The Converted Courtesan),"Dekker, Thomas",14.865,1.486,1.0
comedy,"Dekker, Thomas",47,"Knaves, thieves and bawds",1.173,B,141,574,"The Night Walker, or The Little Thief","Fletcher, John / Shirley, James",7.67,0.054,0.174
comedy,"Dekker, Thomas",47,"Knaves, thieves and bawds",1.173,B,141,67,Gammer Gurton's Needle,"Stevenson, William",6.886,0.049,0.156
comedy,"Dekker, Thomas",47,"Knaves, thieves and bawds",1.173,B,141,243,The Phoenix,"Middleton, Thomas",5.049,0.036,0.114
comedy,"Dekker, Thomas",1,"Death, grief and revenge",-1.147,A,10,175,"The Shoemaker's Holiday, or The Gentle Craft","Dekker, Thomas",2.595,0.26,0.381
comedy,"Dekker, Thomas",1,"Death, grief and revenge",-1.147,A,10,257,Westward Ho,"Dekker, Thomas / Webster, John",2.187,0.219,0.321
comedy,"Dekker, Thomas",1,"Death, grief and revenge",-1.147,A,10,204,1 The Honest Whore (1 The Converted Courtesan) (The Patient Man and the Honest Whore),"Dekker, Thomas / Middleton, Thomas",2.031,0.203,0.298
comedy,"Dekker, Thomas",1,"Death, grief and revenge",-1.147,B,141,425,The Wedding,"Shirley, James",22.44,0.159,0.087
comedy,"Dekker, Thomas",1,"Death, grief and revenge",-1.147,B,141,74,2 Promos and Cassandra,"Whetstone, George",21.608,0.153,0.084
comedy,"Dekker, Thomas",1,"Death, grief and revenge",-1.147,B,141,191,How a Man May Choose a Good Wife from a Bad,Anonymous,14.23,0.101,0.055
comedy,"Dekker, Thomas",4,Love-longing and the lover's complaint,-0.942,A,10,175,"The Shoemaker's Holiday, or The Gentle Craft","Dekker, Thomas",2.573,0.257,0.273
comedy,"Dekker, Thomas",4,Love-longing and the lover's complaint,-0.942,A,10,198,Patient Grissel,"Dekker, Thomas / Chettle, Henry / Haughton, William",2.435,0.244,0.258
comedy,"Dekker, Thomas",4,Love-longing and the lover's complaint,-0.942,A,10,257,Westward Ho,"Dekker, Thomas / Webster, John",2.246,0.225,0.238
comedy,"Dekker, Thomas",4,Love-longing and the lover's complaint,-0.942,B,141,242,The Fair Maid of the Exchange,Anonymous,16.999,0.121,0.064
comedy,"Dekker, Thomas",4,Love-longing and the lover's complaint,-0.942,B,141,170,A Midsummer Night's Dream,"Shakespeare, William",15.522,0.11,0.058
comedy,"Dekker, Thomas",4,Love-longing and the lover's complaint,-0.942,B,141,177,Jack Drum's Entertainment (Katherine and Pasquil),"Marston, John",15.4,0.109,0.058
comedy,"Dekker, Thomas",21,"Cupid, Venus and the nymphs",-0.867,B,141,105,Gallathea,"Lyly, John",40.777,0.289,0.334
comedy,"Dekker, Thomas",21,"Cupid, Venus and the nymphs",-0.867,B,141,82,Sappho and Phao,"Lyly, John",22.29,0.158,0.182
comedy,"Dekker, Thomas",21,"Cupid, Venus and the nymphs",-0.867,B,141,181,"Cynthia's Revels, or The Fountain of Self-Love","Jonson, Ben",10.814,0.077,0.088
comedy,"Dekker, Thomas",45,"Widows, wooing and remarriage",-0.857,B,141,262,A Trick to Catch the Old One,"Middleton, Thomas",30.947,0.219,0.256
comedy,"Dekker, Thomas",45,"Widows, wooing and remarriage",-0.857,B,141,292,"Ram Alley, or Merry Tricks","Barry, Lording",21.84,0.155,0.181
comedy,"Dekker, Thomas",45,"Widows, wooing and remarriage",-0.857,B,141,476,A Match at Midnight,"R., W.",21.603,0.153,0.179
comedy,"Dekker, Thomas",27,"Uncles, nephews and cousins: kinship and patronage",-0.842,A,10,257,Westward Ho,"Dekker, Thomas / Webster, John",2.268,0.227,0.516
comedy,"Dekker, Thomas",27,"Uncles, nephews and cousins: kinship and patronage",-0.842,A,10,204,1 The Honest Whore (1 The Converted Courtesan) (The Patient Man and the Honest Whore),"Dekker, Thomas / Middleton, Thomas",2.125,0.213,0.484
comedy,"Dekker, Thomas",27,"Uncles, nephews and cousins: kinship and patronage",-0.842,B,141,568,The City Match,"Mayne, Jasper",19.519,0.138,0.108
comedy,"Dekker, Thomas",27,"Uncles, nephews and cousins: kinship and patronage",-0.842,B,141,262,A Trick to Catch the Old One,"Middleton, Thomas",19.512,0.138,0.108
comedy,"Dekker, Thomas",27,"Uncles, nephews and cousins: kinship and patronage",-0.842,B,141,228,Sir Giles Goosecap,"Chapman, George",12.451,0.088,0.069
comedy,"Dekker, Thomas",24,"Apollo, Phoebus and the Muses",-0.789,A,10,305,"If It Be Not Good, the Devil Is in It (If This Be Not a Good Play, the Devil Is in It)","Dekker, Thomas",2.249,0.225,1.0
comedy,"Dekker, Thomas",24,"Apollo, Phoebus and the Muses",-0.789,B,141,414,Apollo Shroving,"Hawkins, William",63.239,0.449,0.442
comedy,"Dekker, Thomas",24,"Apollo, Phoebus and the Muses",-0.789,B,141,164,The Maid's Metamorphosis,Anonymous,28.256,0.2,0.198
comedy,"Dekker, Thomas",24,"Apollo, Phoebus and the Muses",-0.789,B,141,106,Midas,"Lyly, John",25.99,0.184,0.182
comedy,"Dekker, Thomas",30,"Constables, justices and the watch",-0.696,A,10,204,1 The Honest Whore (1 The Converted Courtesan) (The Patient Man and the Honest Whore),"Dekker, Thomas / Middleton, Thomas",2.083,0.208,1.0
comedy,"Dekker, Thomas",30,"Constables, justices and the watch",-0.696,B,141,617,A Tale of a Tub,"Jonson, Ben",65.356,0.464,0.513
comedy,"Dekker, Thomas",30,"Constables, justices and the watch",-0.696,B,141,591,Wit in a Constable,"Glapthorne, Henry",16.105,0.114,0.126
comedy,"Dekker, Thomas",30,"Constables, justices and the watch",-0.696,B,141,542,Covent Garden,"Nabbes, Thomas",8.465,0.06,0.066
comedy,"Dekker, Thomas",28,"Marriage-making: weddings, brides and matches",-0.67,A,10,195,"Satiromastix, or The Untrussing of the Humorous Poet","Dekker, Thomas",2.408,0.241,0.552
comedy,"Dekker, Thomas",28,"Marriage-making: weddings, brides and matches",-0.67,A,10,298,"The Roaring Girl, or Moll Cutpurse","Dekker, Thomas / Middleton, Thomas",1.958,0.196,0.448
comedy,"Dekker, Thomas",28,"Marriage-making: weddings, brides and matches",-0.67,B,141,125,Mother Bombie,"Lyly, John",17.628,0.125,0.113
comedy,"Dekker, Thomas",28,"Marriage-making: weddings, brides and matches",-0.67,B,141,535,The Wise Woman of Hogsdon,"Heywood, Thomas",16.983,0.12,0.109
comedy,"Dekker, Thomas",28,"Marriage-making: weddings, brides and matches",-0.67,B,141,299,A Woman Is a Weathercock,"Field, Nathan",13.091,0.093,0.084
comedy,"Dekker, Thomas",3,"Sickness, physic and doctors",0.657,A,10,508,The Wonder of A Kingdom,"Dekker, Thomas",26.555,2.656,0.866
comedy,"Dekker, Thomas",3,"Sickness, physic and doctors",0.657,A,10,204,1 The Honest Whore (1 The Converted Courtesan) (The Patient Man and the Honest Whore),"Dekker, Thomas / Middleton, Thomas",4.118,0.412,0.134
comedy,"Dekker, Thomas",3,"Sickness, physic and doctors",0.657,B,141,263,The Family of Love,"Barry, Lording",47.788,0.339,0.141
comedy,"Dekker, Thomas",3,"Sickness, physic and doctors",0.657,B,141,616,"The Magnetic Lady, or Humors Reconciled","Jonson, Ben",26.43,0.187,0.078
comedy,"Dekker, Thomas",3,"Sickness, physic and doctors",0.657,B,141,594,The Hollander (Love's Trial),"Glapthorne, Henry",25.063,0.178,0.074
comedy,"Dekker, Thomas",35,"Fools, wit and railing",-0.515,A,10,195,"Satiromastix, or The Untrussing of the Humorous Poet","Dekker, Thomas",2.196,0.22,1.0
comedy,"Dekker, Thomas",35,"Fools, wit and railing",-0.515,B,141,431,"Aristippus, or The Jovial Philosopher","Randolph, Thomas",16.519,0.117,0.16
comedy,"Dekker, Thomas",35,"Fools, wit and railing",-0.515,B,141,515,The Elder Brother,"Fletcher, John / Massinger, Philip",10.178,0.072,0.098
comedy,"Dekker, Thomas",35,"Fools, wit and railing",-0.515,B,141,591,Wit in a Constable,"Glapthorne, Henry",6.493,0.046,0.063
comedy,"Dekker, Thomas",22,"Shepherds, flocks and Pan",-0.488,B,141,394,As You Like It,"Shakespeare, William",16.101,0.114,0.234
comedy,"Dekker, Thomas",22,"Shepherds, flocks and Pan",-0.488,B,141,164,The Maid's Metamorphosis,Anonymous,14.247,0.101,0.207
comedy,"Dekker, Thomas",22,"Shepherds, flocks and Pan",-0.488,B,141,441,The School of Compliment (Love Tricks),"Shirley, James",11.393,0.081,0.165
comedy,"Dekker, Thomas",33,"Fathers, daughters and marriage negotiations",-0.456,A,10,198,Patient Grissel,"Dekker, Thomas / Chettle, Henry / Haughton, William",4.971,0.497,1.0
comedy,"Dekker, Thomas",33,"Fathers, daughters and marriage negotiations",-0.456,B,141,91,Andria (The Woman from Andros),"Terence (Publius Terentius Afer) / Kyffin, Maurice",42.015,0.298,0.313
comedy,"Dekker, Thomas",33,"Fathers, daughters and marriage negotiations",-0.456,B,141,219,All Fools,"Chapman, George",7.868,0.056,0.059
comedy,"Dekker, Thomas",33,"Fathers, daughters and marriage negotiations",-0.456,B,141,592,The Constant Maid (Love Will Find Out the Way),"Shirley, James",6.173,0.044,0.046
comedy,"Dekker, Thomas",23,"Husbands, wives and jealousy",0.456,A,10,250,Northward Ho,"Dekker, Thomas / Webster, John",11.698,1.17,0.848
comedy,"Dekker, Thomas",23,"Husbands, wives and jealousy",0.456,A,10,435,2 The Honest Whore (2 The Converted Courtesan),"Dekker, Thomas",2.089,0.209,0.152
comedy,"Dekker, Thomas",23,"Husbands, wives and jealousy",0.456,B,141,219,All Fools,"Chapman, George",16.0,0.113,0.123
comedy,"Dekker, Thomas",23,"Husbands, wives and jealousy",0.456,B,141,247,Cupid's Whirligig,"Sharpham, Edward",15.293,0.108,0.118
comedy,"Dekker, Thomas",23,"Husbands, wives and jealousy",0.456,B,141,540,Tottenham Court,"Nabbes, Thomas",12.2,0.087,0.094
comedy,"Dekker, Thomas",52,"Prodigals, portions and poor kin",-0.447,B,141,460,"A New Wonder, A Woman Never Vexed","Heywood, Thomas / Rowley, William",15.801,0.112,0.251
comedy,"Dekker, Thomas",52,"Prodigals, portions and poor kin",-0.447,B,141,222,The London Prodigal,Anonymous,12.567,0.089,0.199
comedy,"Dekker, Thomas",52,"Prodigals, portions and poor kin",-0.447,B,141,394,As You Like It,"Shakespeare, William",6.666,0.047,0.106
comedy,"Dekker, Thomas",44,"Drinking: wine, ale and taverns",-0.404,A,10,257,Westward Ho,"Dekker, Thomas / Webster, John",2.3,0.23,1.0
comedy,"Dekker, Thomas",44,"Drinking: wine, ale and taverns",-0.404,B,141,455,Bartholomew Fair,"Jonson, Ben",13.813,0.098,0.155
comedy,"Dekker, Thomas",44,"Drinking: wine, ale and taverns",-0.404,B,141,173,Summer's Last Will and Testament,"Nashe, Thomas",9.188,0.065,0.103
comedy,"Dekker, Thomas",44,"Drinking: wine, ale and taverns",-0.404,B,141,494,The Late Lancashire Witches,"Heywood, Thomas / Brome, Richard",7.046,0.05,0.079
comedy,"Dekker, Thomas",49,"Wooing a mistress: suitors, go-betweens and letters",-0.383,A,10,298,"The Roaring Girl, or Moll Cutpurse","Dekker, Thomas / Middleton, Thomas",2.039,0.204,1.0
comedy,"Dekker, Thomas",49,"Wooing a mistress: suitors, go-betweens and letters",-0.383,B,141,477,The Witty Fair One,"Shirley, James",8.925,0.063,0.108
comedy,"Dekker, Thomas",49,"Wooing a mistress: suitors, go-betweens and letters",-0.383,B,141,462,"Changes, or Love in a Maze","Shirley, James",7.372,0.052,0.089
comedy,"Dekker, Thomas",49,"Wooing a mistress: suitors, go-betweens and letters",-0.383,B,141,521,The Example,"Shirley, James",5.612,0.04,0.068
comedy,"Dekker, Thomas",32,Rings and jewels as tokens,-0.368,A,10,250,Northward Ho,"Dekker, Thomas / Webster, John",2.242,0.224,1.0
comedy,"Dekker, Thomas",32,Rings and jewels as tokens,-0.368,B,141,364,"The Two Merry Milkmaids, or The Best Words Wear the Garland","Cumber, John",15.027,0.107,0.18
comedy,"Dekker, Thomas",32,Rings and jewels as tokens,-0.368,B,141,172,The Merchant of Venice (The Jew of Venice),"Shakespeare, William",7.738,0.055,0.093
comedy,"Dekker, Thomas",32,Rings and jewels as tokens,-0.368,B,141,493,A Maidenhead Well Lost,"Heywood, Thomas",7.626,0.054,0.091
comedy,"Dekker, Thomas",5,"Christian faith, sin and salvation",0.306,A,10,305,"If It Be Not Good, the Devil Is in It (If This Be Not a Good Play, the Devil Is in It)","Dekker, Thomas",4.544,0.454,1.0
comedy,"Dekker, Thomas",5,"Christian faith, sin and salvation",0.306,B,141,321,The Hog Hath Lost His Pearl,"Tailor, Robert",5.749,0.041,0.275
comedy,"Dekker, Thomas",5,"Christian faith, sin and salvation",0.306,B,141,517,Hyde Park,"Shirley, James",3.178,0.023,0.152
comedy,"Dekker, Thomas",5,"Christian faith, sin and salvation",0.306,B,141,150,Love's Labor's Lost,"Shakespeare, William",2.806,0.02,0.134
comedy,"Dekker, Thomas",14,"Royal love, favour and dynastic relationships",-0.298,B,141,538,The Royal Master,"Shirley, James",8.166,0.058,0.194
comedy,"Dekker, Thomas",14,"Royal love, favour and dynastic relationships",-0.298,B,141,267,Law Tricks,"Day, John",6.442,0.046,0.153
comedy,"Dekker, Thomas",14,"Royal love, favour and dynastic relationships",-0.298,B,141,230,"Parasitaster, or The Fawn","Marston, John",4.603,0.033,0.109
comedy,"Dekker, Thomas",10,"England and France: war, embassy and peace",0.262,A,10,175,"The Shoemaker's Holiday, or The Gentle Craft","Dekker, Thomas",2.621,0.262,1.0
comedy,"Dekker, Thomas",40,"Sin, guilt and violent loss within families",-0.258,B,141,73,1 Promos and Cassandra,"Whetstone, George",9.634,0.068,0.265
comedy,"Dekker, Thomas",40,"Sin, guilt and violent loss within families",-0.258,B,141,74,2 Promos and Cassandra,"Whetstone, George",5.286,0.037,0.145
comedy,"Dekker, Thomas",40,"Sin, guilt and violent loss within families",-0.258,B,141,176,Every Man in His Humor,"Jonson, Ben",3.964,0.028,0.109
comedy,"Dekker, Thomas",62,"The courtier as a type: fashion, affectation and foreign manners",-0.255,B,141,181,"Cynthia's Revels, or The Fountain of Self-Love","Jonson, Ben",7.88,0.056,0.219
comedy,"Dekker, Thomas",62,"The courtier as a type: fashion, affectation and foreign manners",-0.255,B,141,323,"Greene's Tu Quoque, or The City Gallant","Cooke, John",6.432,0.046,0.179
comedy,"Dekker, Thomas",62,"The courtier as a type: fashion, affectation and foreign manners",-0.255,B,141,58,Damon and Pithias,"Edwards, Richard",5.305,0.038,0.147
comedy,"Dekker, Thomas",7,The Trojan war: conflict and its aftermath,-0.252,B,141,37,Thersites,"Udall, Nicholas",22.193,0.157,0.625
comedy,"Dekker, Thomas",7,The Trojan war: conflict and its aftermath,-0.252,B,141,84,"Campaspe (Alexander, Campaspe, and Diogenes)","Lyly, John",3.896,0.028,0.11
comedy,"Dekker, Thomas",7,The Trojan war: conflict and its aftermath,-0.252,B,141,150,Love's Labor's Lost,"Shakespeare, William",2.713,0.019,0.076
comedy,"Dekker, Thomas",25,"Kings, power and law: political sententiae",0.206,A,10,305,"If It Be Not Good, the Devil Is in It (If This Be Not a Good Play, the Devil Is in It)","Dekker, Thomas",2.295,0.23,1.0
comedy,"Dekker, Thomas",25,"Kings, power and law: political sententiae",0.206,B,141,106,Midas,"Lyly, John",3.354,0.024,1.0
comedy,"Dekker, Thomas",12,"Olympian gods: Jupiter, Juno, Venus and Mars",-0.201,B,141,144,The Woman in the Moon,"Lyly, John",11.634,0.083,0.41
comedy,"Dekker, Thomas",12,"Olympian gods: Jupiter, Juno, Venus and Mars",-0.201,B,141,186,"Poetaster, or The Arraignment","Jonson, Ben",9.996,0.071,0.352
comedy,"Dekker, Thomas",12,"Olympian gods: Jupiter, Juno, Venus and Mars",-0.201,B,141,84,"Campaspe (Alexander, Campaspe, and Diogenes)","Lyly, John",3.858,0.027,0.136
comedy,"Dekker, Thomas",2,"Roman politics: senate, consuls and civil war",-0.198,B,141,186,"Poetaster, or The Arraignment","Jonson, Ben",13.626,0.097,0.487
comedy,"Dekker, Thomas",2,"Roman politics: senate, consuls and civil war",-0.198,B,141,556,"The Sophister (Fallacy, or The Troubles of Great Hermenia)","Zouche, Richard",2.952,0.021,0.106
comedy,"Dekker, Thomas",2,"Roman politics: senate, consuls and civil war",-0.198,B,141,252,What You Will,"Marston, John",2.896,0.021,0.104
comedy,"Dekker, Thomas",20,"Hercules: labours, suffering and virtue",-0.198,B,141,37,Thersites,"Udall, Nicholas",13.991,0.099,0.501
comedy,"Dekker, Thomas",20,"Hercules: labours, suffering and virtue",-0.198,B,141,121,Friar Bacon and Friar Bongay,"Greene, Robert",6.09,0.043,0.218
comedy,"Dekker, Thomas",20,"Hercules: labours, suffering and virtue",-0.198,B,141,556,"The Sophister (Fallacy, or The Troubles of Great Hermenia)","Zouche, Richard",3.266,0.023,0.117
comedy,"Dekker, Thomas",9,"Theatre talk: prologues, poets and players",0.187,A,10,195,"Satiromastix, or The Untrussing of the Humorous Poet","Dekker, Thomas",6.953,0.695,0.475
comedy,"Dekker, Thomas",9,"Theatre talk: prologues, poets and players",0.187,A,10,508,The Wonder of A Kingdom,"Dekker, Thomas",3.403,0.34,0.232
comedy,"Dekker, Thomas",9,"Theatre talk: prologues, poets and players",0.187,A,10,305,"If It Be Not Good, the Devil Is in It (If This Be Not a Good Play, the Devil Is in It)","Dekker, Thomas",2.244,0.224,0.153
comedy,"Dekker, Thomas",9,"Theatre talk: prologues, poets and players",0.187,B,141,586,The Antipodes,"Brome, Richard",15.841,0.112,0.088
comedy,"Dekker, Thomas",9,"Theatre talk: prologues, poets and players",0.187,B,141,186,"Poetaster, or The Arraignment","Jonson, Ben",14.006,0.099,0.078
comedy,"Dekker, Thomas",9,"Theatre talk: prologues, poets and players",0.187,B,141,616,"The Magnetic Lady, or Humors Reconciled","Jonson, Ben",12.888,0.091,0.072
comedy,"Dekker, Thomas",56,"Magic, spells and conjuring",-0.168,B,141,86,Fedele and Fortunia (Two Italian Gentlemen),"Pasqualigo, Luigi / Munday, Anthony",7.152,0.051,0.301
comedy,"Dekker, Thomas",56,"Magic, spells and conjuring",-0.168,B,141,121,Friar Bacon and Friar Bongay,"Greene, Robert",6.021,0.043,0.254
comedy,"Dekker, Thomas",56,"Magic, spells and conjuring",-0.168,B,141,353,"Technogamia, or The Marriages of the Arts","Holyday, Barten",3.338,0.024,0.141
comedy,"Dekker, Thomas",46,"Swords, quarrels and valour",-0.164,A,10,435,2 The Honest Whore (2 The Converted Courtesan),"Dekker, Thomas",2.141,0.214,1.0
comedy,"Dekker, Thomas",46,"Swords, quarrels and valour",-0.164,B,141,176,Every Man in His Humor,"Jonson, Ben",9.499,0.067,0.178
comedy,"Dekker, Thomas",46,"Swords, quarrels and valour",-0.164,B,141,521,The Example,"Shirley, James",5.426,0.038,0.102
comedy,"Dekker, Thomas",46,"Swords, quarrels and valour",-0.164,B,141,515,The Elder Brother,"Fletcher, John / Massinger, Philip",5.264,0.037,0.099
comedy,"Dekker, Thomas",55,"Fairies, fairy queens and enchanted desire",-0.135,B,141,170,A Midsummer Night's Dream,"Shakespeare, William",12.136,0.086,0.638
comedy,"Dekker, Thomas",55,"Fairies, fairy queens and enchanted desire",-0.135,B,141,187,The Merry Wives of Windsor,"Shakespeare, William",4.79,0.034,0.252
comedy,"Dekker, Thomas",55,"Fairies, fairy queens and enchanted desire",-0.135,B,141,469,The Jealous Lovers,"Randolph, Thomas",2.11,0.015,0.111
comedy,"Dekker, Thomas",11,"Siblings, kin and confidants",-0.124,A,10,508,The Wonder of A Kingdom,"Dekker, Thomas",6.754,0.675,0.617
comedy,"Dekker, Thomas",11,"Siblings, kin and confidants",-0.124,A,10,204,1 The Honest Whore (1 The Converted Courtesan) (The Patient Man and the Honest Whore),"Dekker, Thomas / Middleton, Thomas",4.195,0.42,0.383
comedy,"Dekker, Thomas",11,"Siblings, kin and confidants",-0.124,B,141,323,"Greene's Tu Quoque, or The City Gallant","Cooke, John",16.755,0.119,0.097
comedy,"Dekker, Thomas",11,"Siblings, kin and confidants",-0.124,B,141,242,The Fair Maid of the Exchange,Anonymous,9.798,0.069,0.057
comedy,"Dekker, Thomas",11,"Siblings, kin and confidants",-0.124,B,141,540,Tottenham Court,"Nabbes, Thomas",9.085,0.064,0.053
comedy,"Dekker, Thomas",37,"Riches, poverty and covetousness",-0.116,B,141,173,Summer's Last Will and Testament,"Nashe, Thomas",8.703,0.062,0.532
comedy,"Dekker, Thomas",37,"Riches, poverty and covetousness",-0.116,B,141,469,The Jealous Lovers,"Randolph, Thomas",2.162,0.015,0.132
comedy,"Dekker, Thomas",37,"Riches, poverty and covetousness",-0.116,B,141,616,"The Magnetic Lady, or Humors Reconciled","Jonson, Ben",2.143,0.015,0.131
comedy,"Dekker, Thomas",50,"Fleets, armies and generals: war by sea and land",-0.095,B,141,390,The Tempest,"Shakespeare, William",6.247,0.044,0.464
comedy,"Dekker, Thomas",50,"Fleets, armies and generals: war by sea and land",-0.095,B,141,184,Antonio and Mellida,"Marston, John",3.618,0.026,0.269
comedy,"Dekker, Thomas",50,"Fleets, armies and generals: war by sea and land",-0.095,B,141,354,Hans Beer-Pot (See Me and See Me Not),"Belchier, Dabridgcourt",3.589,0.025,0.267
comedy,"Dekker, Thomas",17,"Eastern conquest: Persians, Turks and soldans",-0.079,B,141,354,Hans Beer-Pot (See Me and See Me Not),"Belchier, Dabridgcourt",3.822,0.027,0.341
comedy,"Dekker, Thomas",17,"Eastern conquest: Persians, Turks and soldans",-0.079,B,141,84,"Campaspe (Alexander, Campaspe, and Diogenes)","Lyly, John",3.744,0.027,0.334
comedy,"Dekker, Thomas",17,"Eastern conquest: Persians, Turks and soldans",-0.079,B,141,493,A Maidenhead Well Lost,"Heywood, Thomas",3.64,0.026,0.325
comedy,"Dekker, Thomas",39,"Profit, conscience and dishonest dealing",-0.079,B,141,255,The Fleer,"Sharpham, Edward",6.375,0.045,0.569
comedy,"Dekker, Thomas",39,"Profit, conscience and dishonest dealing",-0.079,B,141,234,Wily Beguiled,Anonymous,2.579,0.018,0.23
comedy,"Dekker, Thomas",39,"Profit, conscience and dishonest dealing",-0.079,B,141,297,May Day,"Chapman, George",2.248,0.016,0.201
comedy,"Dekker, Thomas",54,"Antony and Cleopatra: love, death and mourning",-0.073,B,141,15,The Play of the Weather,"Heywood, John",4.875,0.035,0.472
comedy,"Dekker, Thomas",54,"Antony and Cleopatra: love, death and mourning",-0.073,B,141,517,Hyde Park,"Shirley, James",3.085,0.022,0.299
comedy,"Dekker, Thomas",54,"Antony and Cleopatra: love, death and mourning",-0.073,B,141,168,Much Ado About Nothing,"Shakespeare, William",2.364,0.017,0.229
comedy,"Dekker, Thomas",34,"Thebes and royal catastrophe: siege, slaughter and funeral rites",-0.057,B,141,84,"Campaspe (Alexander, Campaspe, and Diogenes)","Lyly, John",8.08,0.057,1.0
comedy,"Dekker, Thomas",59,"Spanish courts: war, honour and courtship",-0.039,B,141,598,Rule a Wife and Have a Wife,"Fletcher, John",5.475,0.039,1.0
comedy,"Dekker, Thomas",18,"Rebels, barons and the king's wars at home",-0.028,B,141,174,Look About You,Anonymous,3.991,0.028,1.0
comedy,"Dekker, Thomas",38,"Death, parting and grief at court",-0.021,B,141,173,Summer's Last Will and Testament,"Nashe, Thomas",2.927,0.021,1.0
comedy,"Dekker, Thomas",36,"Hell, Furies and the language of punishment",-0.016,B,141,414,Apollo Shroving,"Hawkins, William",2.203,0.016,1.0
comedy,"Dekker, Thomas",31,"Popes, cardinals and the crown",-0.014,B,141,456,The Staple of News,"Jonson, Ben",1.993,0.014,1.0
comedy,"Dekker, Thomas",51,"Parents and children: blessing, birthright and inheritance",-0.002,A,10,198,Patient Grissel,"Dekker, Thomas / Chettle, Henry / Haughton, William",2.455,0.245,1.0
comedy,"Dekker, Thomas",51,"Parents and children: blessing, birthright and inheritance",-0.002,B,141,125,Mother Bombie,"Lyly, John",5.932,0.042,0.17
comedy,"Dekker, Thomas",51,"Parents and children: blessing, birthright and inheritance",-0.002,B,141,281,The Case Is Altered,"Jonson, Ben",5.573,0.04,0.16
comedy,"Dekker, Thomas",51,"Parents and children: blessing, birthright and inheritance",-0.002,B,141,15,The Play of the Weather,"Heywood, John",4.619,0.033,0.132
comedy,"Fletcher, John",0,"Court life: dukes, favour and honour",2.174,A,6,245,The Woman Hater (The Hungry Courtier),"Beaumont, Francis / Fletcher, John",32.624,5.437,0.802
comedy,"Fletcher, John",0,"Court life: dukes, favour and honour",2.174,A,6,598,Rule a Wife and Have a Wife,"Fletcher, John",8.072,1.345,0.198
comedy,"Fletcher, John",0,"Court life: dukes, favour and honour",2.174,B,145,575,The Opportunity,"Shirley, James",86.168,0.594,0.129
comedy,"Fletcher, John",0,"Court life: dukes, favour and honour",2.174,B,145,577,The Humorous Courtier (The Duke),"Shirley, James",65.484,0.452,0.098
comedy,"Fletcher, John",0,"Court life: dukes, favour and honour",2.174,B,145,538,The Royal Master,"Shirley, James",61.223,0.422,0.092
comedy,"Fletcher, John",8,"Captains, gallants and cheats",1.949,A,6,334,The Scornful Lady,"Beaumont, Francis / Fletcher, John",10.892,1.815,0.505
comedy,"Fletcher, John",8,"Captains, gallants and cheats",1.949,A,6,598,Rule a Wife and Have a Wife,"Fletcher, John",10.675,1.779,0.495
comedy,"Fletcher, John",8,"Captains, gallants and cheats",1.949,B,145,251,"The Puritan, or The Widow of Watling Street (The Puritan Widow)","Middleton, Thomas",29.711,0.205,0.124
comedy,"Fletcher, John",8,"Captains, gallants and cheats",1.949,B,145,297,May Day,"Chapman, George",24.337,0.168,0.102
comedy,"Fletcher, John",8,"Captains, gallants and cheats",1.949,B,145,195,"Satiromastix, or The Untrussing of the Humorous Poet","Dekker, Thomas",20.171,0.139,0.085
comedy,"Fletcher, John",6,"Money, debt and credit",-1.483,A,6,558,Monsieur Thomas (Father's Own Son),"Fletcher, John",2.318,0.386,1.0
comedy,"Fletcher, John",6,"Money, debt and credit",-1.483,B,145,580,"The Knave in Grain, New Vamped","D., J.",17.509,0.121,0.065
comedy,"Fletcher, John",6,"Money, debt and credit",-1.483,B,145,393,The Comedy of Errors,"Shakespeare, William",17.374,0.12,0.064
comedy,"Fletcher, John",6,"Money, debt and credit",-1.483,B,145,266,Your Five Gallants (The Five Witty Gallants),"Middleton, Thomas",17.369,0.12,0.064
comedy,"Fletcher, John",35,"Fools, wit and railing",1.401,A,6,515,The Elder Brother,"Fletcher, John / Massinger, Philip",10.178,1.696,0.829
comedy,"Fletcher, John",35,"Fools, wit and railing",1.401,A,6,245,The Woman Hater (The Hungry Courtier),"Beaumont, Francis / Fletcher, John",2.096,0.349,0.171
comedy,"Fletcher, John",35,"Fools, wit and railing",1.401,B,145,431,"Aristippus, or The Jovial Philosopher","Randolph, Thomas",16.519,0.114,0.177
comedy,"Fletcher, John",35,"Fools, wit and railing",1.401,B,145,591,Wit in a Constable,"Glapthorne, Henry",6.493,0.045,0.069
comedy,"Fletcher, John",35,"Fools, wit and railing",1.401,B,145,150,Love's Labor's Lost,"Shakespeare, William",5.338,0.037,0.057
comedy,"Fletcher, John",23,"Husbands, wives and jealousy",1.271,A,6,598,Rule a Wife and Have a Wife,"Fletcher, John",10.756,1.793,0.825
comedy,"Fletcher, John",23,"Husbands, wives and jealousy",1.271,A,6,334,The Scornful Lady,"Beaumont, Francis / Fletcher, John",2.284,0.381,0.175
comedy,"Fletcher, John",23,"Husbands, wives and jealousy",1.271,B,145,219,All Fools,"Chapman, George",16.0,0.11,0.122
comedy,"Fletcher, John",23,"Husbands, wives and jealousy",1.271,B,145,247,Cupid's Whirligig,"Sharpham, Edward",15.293,0.105,0.117
comedy,"Fletcher, John",23,"Husbands, wives and jealousy",1.271,B,145,540,Tottenham Court,"Nabbes, Thomas",12.2,0.084,0.093
comedy,"Fletcher, John",4,Love-longing and the lover's complaint,-1.115,A,6,245,The Woman Hater (The Hungry Courtier),"Beaumont, Francis / Fletcher, John",4.512,0.752,1.0
comedy,"Fletcher, John",4,Love-longing and the lover's complaint,-1.115,B,145,242,The Fair Maid of the Exchange,Anonymous,16.999,0.117,0.063
comedy,"Fletcher, John",4,Love-longing and the lover's complaint,-1.115,B,145,170,A Midsummer Night's Dream,"Shakespeare, William",15.522,0.107,0.057
comedy,"Fletcher, John",4,Love-longing and the lover's complaint,-1.115,B,145,177,Jack Drum's Entertainment (Katherine and Pasquil),"Marston, John",15.4,0.106,0.057
comedy,"Fletcher, John",24,"Apollo, Phoebus and the Muses",-1.001,B,145,414,Apollo Shroving,"Hawkins, William",63.239,0.436,0.436
comedy,"Fletcher, John",24,"Apollo, Phoebus and the Muses",-1.001,B,145,164,The Maid's Metamorphosis,Anonymous,28.256,0.195,0.195
comedy,"Fletcher, John",24,"Apollo, Phoebus and the Muses",-1.001,B,145,106,Midas,"Lyly, John",25.99,0.179,0.179
comedy,"Fletcher, John",1,"Death, grief and revenge",-0.997,A,6,574,"The Night Walker, or The Little Thief","Fletcher, John / Shirley, James",2.584,0.431,0.542
comedy,"Fletcher, John",1,"Death, grief and revenge",-0.997,A,6,334,The Scornful Lady,"Beaumont, Francis / Fletcher, John",2.187,0.365,0.458
comedy,"Fletcher, John",1,"Death, grief and revenge",-0.997,B,145,425,The Wedding,"Shirley, James",22.44,0.155,0.086
comedy,"Fletcher, John",1,"Death, grief and revenge",-0.997,B,145,74,2 Promos and Cassandra,"Whetstone, George",21.608,0.149,0.083
comedy,"Fletcher, John",1,"Death, grief and revenge",-0.997,B,145,191,How a Man May Choose a Good Wife from a Bad,Anonymous,14.23,0.098,0.055
comedy,"Fletcher, John",9,"Theatre talk: prologues, poets and players",-0.978,A,6,245,The Woman Hater (The Hungry Courtier),"Beaumont, Francis / Fletcher, John",2.105,0.351,1.0
comedy,"Fletcher, John",9,"Theatre talk: prologues, poets and players",-0.978,B,145,586,The Antipodes,"Brome, Richard",15.841,0.109,0.082
comedy,"Fletcher, John",9,"Theatre talk: prologues, poets and players",-0.978,B,145,186,"Poetaster, or The Arraignment","Jonson, Ben",14.006,0.097,0.073
comedy,"Fletcher, John",9,"Theatre talk: prologues, poets and players",-0.978,B,145,616,"The Magnetic Lady, or Humors Reconciled","Jonson, Ben",12.888,0.089,0.067
comedy,"Fletcher, John",62,"The courtier as a type: fashion, affectation and foreign manners",0.925,A,6,245,The Woman Hater (The Hungry Courtier),"Beaumont, Francis / Fletcher, John",4.267,0.711,0.631
comedy,"Fletcher, John",62,"The courtier as a type: fashion, affectation and foreign manners",0.925,A,6,515,The Elder Brother,"Fletcher, John / Massinger, Philip",2.493,0.416,0.369
comedy,"Fletcher, John",62,"The courtier as a type: fashion, affectation and foreign manners",0.925,B,145,181,"Cynthia's Revels, or The Fountain of Self-Love","Jonson, Ben",7.88,0.054,0.269
comedy,"Fletcher, John",62,"The courtier as a type: fashion, affectation and foreign manners",0.925,B,145,323,"Greene's Tu Quoque, or The City Gallant","Cooke, John",6.432,0.044,0.22
comedy,"Fletcher, John",62,"The courtier as a type: fashion, affectation and foreign manners",0.925,B,145,58,Damon and Pithias,"Edwards, Richard",5.305,0.037,0.181
comedy,"Fletcher, John",47,"Knaves, thieves and bawds",0.924,A,6,574,"The Night Walker, or The Little Thief","Fletcher, John / Shirley, James",7.67,1.278,1.0
comedy,"Fletcher, John",47,"Knaves, thieves and bawds",0.924,B,145,435,2 The Honest Whore (2 The Converted Courtesan),"Dekker, Thomas",14.865,0.103,0.289
comedy,"Fletcher, John",47,"Knaves, thieves and bawds",0.924,B,145,67,Gammer Gurton's Needle,"Stevenson, William",6.886,0.047,0.134
comedy,"Fletcher, John",47,"Knaves, thieves and bawds",0.924,B,145,243,The Phoenix,"Middleton, Thomas",5.049,0.035,0.098
comedy,"Fletcher, John",59,"Spanish courts: war, honour and courtship",0.912,A,6,598,Rule a Wife and Have a Wife,"Fletcher, John",5.475,0.912,1.0
comedy,"Fletcher, John",21,"Cupid, Venus and the nymphs",-0.843,B,145,105,Gallathea,"Lyly, John",40.777,0.281,0.334
comedy,"Fletcher, John",21,"Cupid, Venus and the nymphs",-0.843,B,145,82,Sappho and Phao,"Lyly, John",22.29,0.154,0.182
comedy,"Fletcher, John",21,"Cupid, Venus and the nymphs",-0.843,B,145,181,"Cynthia's Revels, or The Fountain of Self-Love","Jonson, Ben",10.814,0.075,0.088
comedy,"Fletcher, John",27,"Uncles, nephews and cousins: kinship and patronage",-0.835,A,6,515,The Elder Brother,"Fletcher, John / Massinger, Philip",2.546,0.424,1.0
comedy,"Fletcher, John",27,"Uncles, nephews and cousins: kinship and patronage",-0.835,B,145,568,The City Match,"Mayne, Jasper",19.519,0.135,0.107
comedy,"Fletcher, John",27,"Uncles, nephews and cousins: kinship and patronage",-0.835,B,145,262,A Trick to Catch the Old One,"Middleton, Thomas",19.512,0.135,0.107
comedy,"Fletcher, John",27,"Uncles, nephews and cousins: kinship and patronage",-0.835,B,145,228,Sir Giles Goosecap,"Chapman, George",12.451,0.086,0.068
comedy,"Fletcher, John",52,"Prodigals, portions and poor kin",0.8,A,6,515,The Elder Brother,"Fletcher, John / Massinger, Philip",2.561,0.427,0.36
comedy,"Fletcher, John",52,"Prodigals, portions and poor kin",0.8,A,6,558,Monsieur Thomas (Father's Own Son),"Fletcher, John",2.371,0.395,0.333
comedy,"Fletcher, John",52,"Prodigals, portions and poor kin",0.8,A,6,334,The Scornful Lady,"Beaumont, Francis / Fletcher, John",2.183,0.364,0.307
comedy,"Fletcher, John",52,"Prodigals, portions and poor kin",0.8,B,145,460,"A New Wonder, A Woman Never Vexed","Heywood, Thomas / Rowley, William",15.801,0.109,0.282
comedy,"Fletcher, John",52,"Prodigals, portions and poor kin",0.8,B,145,222,The London Prodigal,Anonymous,12.567,0.087,0.225
comedy,"Fletcher, John",52,"Prodigals, portions and poor kin",0.8,B,145,394,As You Like It,"Shakespeare, William",6.666,0.046,0.119
comedy,"Fletcher, John",28,"Marriage-making: weddings, brides and matches",-0.728,A,6,334,The Scornful Lady,"Beaumont, Francis / Fletcher, John",2.178,0.363,1.0
comedy,"Fletcher, John",28,"Marriage-making: weddings, brides and matches",-0.728,B,145,125,Mother Bombie,"Lyly, John",17.628,0.122,0.111
comedy,"Fletcher, John",28,"Marriage-making: weddings, brides and matches",-0.728,B,145,535,The Wise Woman of Hogsdon,"Heywood, Thomas",16.983,0.117,0.107
comedy,"Fletcher, John",28,"Marriage-making: weddings, brides and matches",-0.728,B,145,299,A Woman Is a Weathercock,"Field, Nathan",13.091,0.09,0.083
comedy,"Fletcher, John",46,"Swords, quarrels and valour",0.531,A,6,515,The Elder Brother,"Fletcher, John / Massinger, Philip",5.264,0.877,1.0
comedy,"Fletcher, John",46,"Swords, quarrels and valour",0.531,B,145,176,Every Man in His Humor,"Jonson, Ben",9.499,0.066,0.189
comedy,"Fletcher, John",46,"Swords, quarrels and valour",0.531,B,145,521,The Example,"Shirley, James",5.426,0.037,0.108
comedy,"Fletcher, John",46,"Swords, quarrels and valour",0.531,B,145,523,The Gamester,"Shirley, James",5.23,0.036,0.104
comedy,"Fletcher, John",3,"Sickness, physic and doctors",-0.504,A,6,558,Monsieur Thomas (Father's Own Son),"Fletcher, John",11.82,1.97,1.0
comedy,"Fletcher, John",3,"Sickness, physic and doctors",-0.504,B,145,263,The Family of Love,"Barry, Lording",47.788,0.33,0.133
comedy,"Fletcher, John",3,"Sickness, physic and doctors",-0.504,B,145,508,The Wonder of A Kingdom,"Dekker, Thomas",26.555,0.183,0.074
comedy,"Fletcher, John",3,"Sickness, physic and doctors",-0.504,B,145,616,"The Magnetic Lady, or Humors Reconciled","Jonson, Ben",26.43,0.182,0.074
comedy,"Fletcher, John",22,"Shepherds, flocks and Pan",-0.475,B,145,394,As You Like It,"Shakespeare, William",16.101,0.111,0.234
comedy,"Fletcher, John",22,"Shepherds, flocks and Pan",-0.475,B,145,164,The Maid's Metamorphosis,Anonymous,14.247,0.098,0.207
comedy,"Fletcher, John",22,"Shepherds, flocks and Pan",-0.475,B,145,441,The School of Compliment (Love Tricks),"Shirley, James",11.393,0.079,0.165
comedy,"Fletcher, John",45,"Widows, wooing and remarriage",-0.465,A,6,334,The Scornful Lady,"Beaumont, Francis / Fletcher, John",2.121,0.354,1.0
comedy,"Fletcher, John",45,"Widows, wooing and remarriage",-0.465,B,145,262,A Trick to Catch the Old One,"Middleton, Thomas",30.947,0.213,0.261
comedy,"Fletcher, John",45,"Widows, wooing and remarriage",-0.465,B,145,292,"Ram Alley, or Merry Tricks","Barry, Lording",21.84,0.151,0.184
comedy,"Fletcher, John",45,"Widows, wooing and remarriage",-0.465,B,145,476,A Match at Midnight,"R., W.",21.603,0.149,0.182
comedy,"Fletcher, John",30,"Constables, justices and the watch",0.449,A,6,574,"The Night Walker, or The Little Thief","Fletcher, John / Shirley, James",7.736,1.289,1.0
comedy,"Fletcher, John",30,"Constables, justices and the watch",0.449,B,145,617,A Tale of a Tub,"Jonson, Ben",65.356,0.451,0.537
comedy,"Fletcher, John",30,"Constables, justices and the watch",0.449,B,145,591,Wit in a Constable,"Glapthorne, Henry",16.105,0.111,0.132
comedy,"Fletcher, John",30,"Constables, justices and the watch",0.449,B,145,542,Covent Garden,"Nabbes, Thomas",8.465,0.058,0.07
comedy,"Fletcher, John",26,"Devils, hell and fiends",0.376,A,6,574,"The Night Walker, or The Little Thief","Fletcher, John / Shirley, James",7.465,1.244,1.0
comedy,"Fletcher, John",26,"Devils, hell and fiends",0.376,B,145,457,The Devil Is an Ass,"Jonson, Ben",24.568,0.169,0.195
comedy,"Fletcher, John",26,"Devils, hell and fiends",0.376,B,145,561,A New Trick to Cheat the Devil,"Davenport, Robert",22.476,0.155,0.179
comedy,"Fletcher, John",26,"Devils, hell and fiends",0.376,B,145,305,"If It Be Not Good, the Devil Is in It (If This Be Not a Good Play, the Devil Is in It)","Dekker, Thomas",20.204,0.139,0.161
comedy,"Fletcher, John",11,"Siblings, kin and confidants",0.351,A,6,558,Monsieur Thomas (Father's Own Son),"Fletcher, John",7.185,1.198,0.774
comedy,"Fletcher, John",11,"Siblings, kin and confidants",0.351,A,6,334,The Scornful Lady,"Beaumont, Francis / Fletcher, John",2.099,0.35,0.226
comedy,"Fletcher, John",11,"Siblings, kin and confidants",0.351,B,145,323,"Greene's Tu Quoque, or The City Gallant","Cooke, John",16.755,0.116,0.097
comedy,"Fletcher, John",11,"Siblings, kin and confidants",0.351,B,145,242,The Fair Maid of the Exchange,Anonymous,9.798,0.068,0.056
comedy,"Fletcher, John",11,"Siblings, kin and confidants",0.351,B,145,540,Tottenham Court,"Nabbes, Thomas",9.085,0.063,0.052
comedy,"Fletcher, John",15,Friars and holy orders in plot,-0.322,A,6,558,Monsieur Thomas (Father's Own Son),"Fletcher, John",2.318,0.386,1.0
comedy,"Fletcher, John",15,Friars and holy orders in plot,-0.322,B,145,121,Friar Bacon and Friar Bongay,"Greene, Robert",31.491,0.217,0.307
comedy,"Fletcher, John",15,Friars and holy orders in plot,-0.322,B,145,561,A New Trick to Cheat the Devil,"Davenport, Robert",20.012,0.138,0.195
comedy,"Fletcher, John",15,Friars and holy orders in plot,-0.322,B,145,305,"If It Be Not Good, the Devil Is in It (If This Be Not a Good Play, the Devil Is in It)","Dekker, Thomas",13.81,0.095,0.135
comedy,"Fletcher, John",14,"Royal love, favour and dynastic relationships",-0.29,B,145,538,The Royal Master,"Shirley, James",8.166,0.056,0.194
comedy,"Fletcher, John",14,"Royal love, favour and dynastic relationships",-0.29,B,145,267,Law Tricks,"Day, John",6.442,0.044,0.153
comedy,"Fletcher, John",14,"Royal love, favour and dynastic relationships",-0.29,B,145,230,"Parasitaster, or The Fawn","Marston, John",4.603,0.032,0.109
comedy,"Fletcher, John",5,"Christian faith, sin and salvation",0.271,A,6,574,"The Night Walker, or The Little Thief","Fletcher, John / Shirley, James",2.574,0.429,1.0
comedy,"Fletcher, John",5,"Christian faith, sin and salvation",0.271,B,145,321,The Hog Hath Lost His Pearl,"Tailor, Robert",5.749,0.04,0.252
comedy,"Fletcher, John",5,"Christian faith, sin and salvation",0.271,B,145,305,"If It Be Not Good, the Devil Is in It (If This Be Not a Good Play, the Devil Is in It)","Dekker, Thomas",4.544,0.031,0.199
comedy,"Fletcher, John",5,"Christian faith, sin and salvation",0.271,B,145,517,Hyde Park,"Shirley, James",3.178,0.022,0.139
comedy,"Fletcher, John",51,"Parents and children: blessing, birthright and inheritance",-0.258,B,145,125,Mother Bombie,"Lyly, John",5.932,0.041,0.159
comedy,"Fletcher, John",51,"Parents and children: blessing, birthright and inheritance",-0.258,B,145,281,The Case Is Altered,"Jonson, Ben",5.573,0.038,0.149
comedy,"Fletcher, John",51,"Parents and children: blessing, birthright and inheritance",-0.258,B,145,15,The Play of the Weather,"Heywood, John",4.619,0.032,0.124
comedy,"Fletcher, John",40,"Sin, guilt and violent loss within families",-0.251,B,145,73,1 Promos and Cassandra,"Whetstone, George",9.634,0.066,0.265
comedy,"Fletcher, John",40,"Sin, guilt and violent loss within families",-0.251,B,145,74,2 Promos and Cassandra,"Whetstone, George",5.286,0.036,0.145
comedy,"Fletcher, John",40,"Sin, guilt and violent loss within families",-0.251,B,145,176,Every Man in His Humor,"Jonson, Ben",3.964,0.027,0.109
comedy,"Fletcher, John",49,"Wooing a mistress: suitors, go-betweens and letters",0.212,A,6,515,The Elder Brother,"Fletcher, John / Massinger, Philip",2.384,0.397,0.52
comedy,"Fletcher, John",49,"Wooing a mistress: suitors, go-betweens and letters",0.212,A,6,334,The Scornful Lady,"Beaumont, Francis / Fletcher, John",2.205,0.368,0.48
comedy,"Fletcher, John",49,"Wooing a mistress: suitors, go-betweens and letters",0.212,B,145,477,The Witty Fair One,"Shirley, James",8.925,0.062,0.111
comedy,"Fletcher, John",49,"Wooing a mistress: suitors, go-betweens and letters",0.212,B,145,462,"Changes, or Love in a Maze","Shirley, James",7.372,0.051,0.092
comedy,"Fletcher, John",49,"Wooing a mistress: suitors, go-betweens and letters",0.212,B,145,521,The Example,"Shirley, James",5.612,0.039,0.07
comedy,"Fletcher, John",12,"Olympian gods: Jupiter, Juno, Venus and Mars",-0.196,B,145,144,The Woman in the Moon,"Lyly, John",11.634,0.08,0.41
comedy,"Fletcher, John",12,"Olympian gods: Jupiter, Juno, Venus and Mars",-0.196,B,145,186,"Poetaster, or The Arraignment","Jonson, Ben",9.996,0.069,0.352
comedy,"Fletcher, John",12,"Olympian gods: Jupiter, Juno, Venus and Mars",-0.196,B,145,84,"Campaspe (Alexander, Campaspe, and Diogenes)","Lyly, John",3.858,0.027,0.136
comedy,"Fletcher, John",2,"Roman politics: senate, consuls and civil war",-0.193,B,145,186,"Poetaster, or The Arraignment","Jonson, Ben",13.626,0.094,0.487
comedy,"Fletcher, John",2,"Roman politics: senate, consuls and civil war",-0.193,B,145,556,"The Sophister (Fallacy, or The Troubles of Great Hermenia)","Zouche, Richard",2.952,0.02,0.106
comedy,"Fletcher, John",2,"Roman politics: senate, consuls and civil war",-0.193,B,145,252,What You Will,"Marston, John",2.896,0.02,0.104
comedy,"Fletcher, John",20,"Hercules: labours, suffering and virtue",-0.193,B,145,37,Thersites,"Udall, Nicholas",13.991,0.096,0.501
comedy,"Fletcher, John",20,"Hercules: labours, suffering and virtue",-0.193,B,145,121,Friar Bacon and Friar Bongay,"Greene, Robert",6.09,0.042,0.218
comedy,"Fletcher, John",20,"Hercules: labours, suffering and virtue",-0.193,B,145,556,"The Sophister (Fallacy, or The Troubles of Great Hermenia)","Zouche, Richard",3.266,0.023,0.117
comedy,"Fletcher, John",33,"Fathers, daughters and marriage negotiations",-0.188,A,6,558,Monsieur Thomas (Father's Own Son),"Fletcher, John",2.308,0.385,0.518
comedy,"Fletcher, John",33,"Fathers, daughters and marriage negotiations",-0.188,A,6,334,The Scornful Lady,"Beaumont, Francis / Fletcher, John",2.148,0.358,0.482
comedy,"Fletcher, John",33,"Fathers, daughters and marriage negotiations",-0.188,B,145,91,Andria (The Woman from Andros),"Terence (Publius Terentius Afer) / Kyffin, Maurice",42.015,0.29,0.311
comedy,"Fletcher, John",33,"Fathers, daughters and marriage negotiations",-0.188,B,145,219,All Fools,"Chapman, George",7.868,0.054,0.058
comedy,"Fletcher, John",33,"Fathers, daughters and marriage negotiations",-0.188,B,145,592,The Constant Maid (Love Will Find Out the Way),"Shirley, James",6.173,0.043,0.046
comedy,"Fletcher, John",44,"Drinking: wine, ale and taverns",-0.187,A,6,515,The Elder Brother,"Fletcher, John / Massinger, Philip",2.561,0.427,1.0
comedy,"Fletcher, John",44,"Drinking: wine, ale and taverns",-0.187,B,145,455,Bartholomew Fair,"Jonson, Ben",13.813,0.095,0.155
comedy,"Fletcher, John",44,"Drinking: wine, ale and taverns",-0.187,B,145,173,Summer's Last Will and Testament,"Nashe, Thomas",9.188,0.063,0.103
comedy,"Fletcher, John",44,"Drinking: wine, ale and taverns",-0.187,B,145,494,The Late Lancashire Witches,"Heywood, Thomas / Brome, Richard",7.046,0.049,0.079
comedy,"Fletcher, John",56,"Magic, spells and conjuring",-0.164,B,145,86,Fedele and Fortunia (Two Italian Gentlemen),"Pasqualigo, Luigi / Munday, Anthony",7.152,0.049,0.301
comedy,"Fletcher, John",56,"Magic, spells and conjuring",-0.164,B,145,121,Friar Bacon and Friar Bongay,"Greene, Robert",6.021,0.042,0.254
comedy,"Fletcher, John",56,"Magic, spells and conjuring",-0.164,B,145,353,"Technogamia, or The Marriages of the Arts","Holyday, Barten",3.338,0.023,0.141
comedy,"Fletcher, John",32,Rings and jewels as tokens,-0.132,A,6,574,"The Night Walker, or The Little Thief","Fletcher, John / Shirley, James",2.645,0.441,1.0
comedy,"Fletcher, John",32,Rings and jewels as tokens,-0.132,B,145,364,"The Two Merry Milkmaids, or The Best Words Wear the Garland","Cumber, John",15.027,0.104,0.181
comedy,"Fletcher, John",32,Rings and jewels as tokens,-0.132,B,145,172,The Merchant of Venice (The Jew of Venice),"Shakespeare, William",7.738,0.053,0.093
comedy,"Fletcher, John",32,Rings and jewels as tokens,-0.132,B,145,493,A Maidenhead Well Lost,"Heywood, Thomas",7.626,0.053,0.092
comedy,"Fletcher, John",7,The Trojan war: conflict and its aftermath,0.132,A,6,334,The Scornful Lady,"Beaumont, Francis / Fletcher, John",2.17,0.362,1.0
comedy,"Fletcher, John",7,The Trojan war: conflict and its aftermath,0.132,B,145,37,Thersites,"Udall, Nicholas",22.193,0.153,0.666
comedy,"Fletcher, John",7,The Trojan war: conflict and its aftermath,0.132,B,145,84,"Campaspe (Alexander, Campaspe, and Diogenes)","Lyly, John",3.896,0.027,0.117
comedy,"Fletcher, John",7,The Trojan war: conflict and its aftermath,0.132,B,145,150,Love's Labor's Lost,"Shakespeare, William",2.713,0.019,0.081
comedy,"Fletcher, John",55,"Fairies, fairy queens and enchanted desire",-0.131,B,145,170,A Midsummer Night's Dream,"Shakespeare, William",12.136,0.084,0.638
comedy,"Fletcher, John",55,"Fairies, fairy queens and enchanted desire",-0.131,B,145,187,The Merry Wives of Windsor,"Shakespeare, William",4.79,0.033,0.252
comedy,"Fletcher, John",55,"Fairies, fairy queens and enchanted desire",-0.131,B,145,469,The Jealous Lovers,"Randolph, Thomas",2.11,0.015,0.111
comedy,"Fletcher, John",37,"Riches, poverty and covetousness",-0.113,B,145,173,Summer's Last Will and Testament,"Nashe, Thomas",8.703,0.06,0.532
comedy,"Fletcher, John",37,"Riches, poverty and covetousness",-0.113,B,145,469,The Jealous Lovers,"Randolph, Thomas",2.162,0.015,0.132
comedy,"Fletcher, John",37,"Riches, poverty and covetousness",-0.113,B,145,616,"The Magnetic Lady, or Humors Reconciled","Jonson, Ben",2.143,0.015,0.131
comedy,"Fletcher, John",50,"Fleets, armies and generals: war by sea and land",-0.093,B,145,390,The Tempest,"Shakespeare, William",6.247,0.043,0.464
comedy,"Fletcher, John",50,"Fleets, armies and generals: war by sea and land",-0.093,B,145,184,Antonio and Mellida,"Marston, John",3.618,0.025,0.269
comedy,"Fletcher, John",50,"Fleets, armies and generals: war by sea and land",-0.093,B,145,354,Hans Beer-Pot (See Me and See Me Not),"Belchier, Dabridgcourt",3.589,0.025,0.267
comedy,"Fletcher, John",17,"Eastern conquest: Persians, Turks and soldans",-0.077,B,145,354,Hans Beer-Pot (See Me and See Me Not),"Belchier, Dabridgcourt",3.822,0.026,0.341
comedy,"Fletcher, John",17,"Eastern conquest: Persians, Turks and soldans",-0.077,B,145,84,"Campaspe (Alexander, Campaspe, and Diogenes)","Lyly, John",3.744,0.026,0.334
comedy,"Fletcher, John",17,"Eastern conquest: Persians, Turks and soldans",-0.077,B,145,493,A Maidenhead Well Lost,"Heywood, Thomas",3.64,0.025,0.325
comedy,"Fletcher, John",39,"Profit, conscience and dishonest dealing",-0.077,B,145,255,The Fleer,"Sharpham, Edward",6.375,0.044,0.569
comedy,"Fletcher, John",39,"Profit, conscience and dishonest dealing",-0.077,B,145,234,Wily Beguiled,Anonymous,2.579,0.018,0.23
comedy,"Fletcher, John",39,"Profit, conscience and dishonest dealing",-0.077,B,145,297,May Day,"Chapman, George",2.248,0.016,0.201
comedy,"Fletcher, John",54,"Antony and Cleopatra: love, death and mourning",-0.071,B,145,15,The Play of the Weather,"Heywood, John",4.875,0.034,0.472
comedy,"Fletcher, John",54,"Antony and Cleopatra: love, death and mourning",-0.071,B,145,517,Hyde Park,"Shirley, James",3.085,0.021,0.299
comedy,"Fletcher, John",54,"Antony and Cleopatra: love, death and mourning",-0.071,B,145,168,Much Ado About Nothing,"Shakespeare, William",2.364,0.016,0.229
comedy,"Fletcher, John",16,"Gallantry: ladies, lordships and compliment",0.066,A,6,334,The Scornful Lady,"Beaumont, Francis / Fletcher, John",8.63,1.438,1.0
comedy,"Fletcher, John",16,"Gallantry: ladies, lordships and compliment",0.066,B,145,518,The Lady of Pleasure,"Shirley, James",31.98,0.221,0.161
comedy,"Fletcher, John",16,"Gallantry: ladies, lordships and compliment",0.066,B,145,549,The Ball,"Shirley, James",14.407,0.099,0.072
comedy,"Fletcher, John",16,"Gallantry: ladies, lordships and compliment",0.066,B,145,517,Hyde Park,"Shirley, James",9.473,0.065,0.048
comedy,"Fletcher, John",34,"Thebes and royal catastrophe: siege, slaughter and funeral rites",-0.056,B,145,84,"Campaspe (Alexander, Campaspe, and Diogenes)","Lyly, John",8.08,0.056,1.0
comedy,"Fletcher, John",25,"Kings, power and law: political sententiae",-0.039,B,145,106,Midas,"Lyly, John",3.354,0.023,0.594
comedy,"Fletcher, John",25,"Kings, power and law: political sententiae",-0.039,B,145,305,"If It Be Not Good, the Devil Is in It (If This Be Not a Good Play, the Devil Is in It)","Dekker, Thomas",2.295,0.016,0.406
comedy,"Fletcher, John",18,"Rebels, barons and the king's wars at home",-0.028,B,145,174,Look About You,Anonymous,3.991,0.028,1.0
comedy,"Fletcher, John",38,"Death, parting and grief at court",-0.02,B,145,173,Summer's Last Will and Testament,"Nashe, Thomas",2.927,0.02,1.0
comedy,"Fletcher, John",10,"England and France: war, embassy and peace",-0.018,B,145,175,"The Shoemaker's Holiday, or The Gentle Craft","Dekker, Thomas",2.621,0.018,1.0
comedy,"Fletcher, John",36,"Hell, Furies and the language of punishment",-0.015,B,145,414,Apollo Shroving,"Hawkins, William",2.203,0.015,1.0
comedy,"Fletcher, John",31,"Popes, cardinals and the crown",-0.014,B,145,456,The Staple of News,"Jonson, Ben",1.993,0.014,1.0
comedy,"Jonson, Ben",0,"Court life: dukes, favour and honour",-4.463,A,15,457,The Devil Is an Ass,"Jonson, Ben",5.31,0.354,0.524
comedy,"Jonson, Ben",0,"Court life: dukes, favour and honour",-4.463,A,15,281,The Case Is Altered,"Jonson, Ben",2.868,0.191,0.283
comedy,"Jonson, Ben",0,"Court life: dukes, favour and honour",-4.463,A,15,456,The Staple of News,"Jonson, Ben",1.96,0.131,0.193
comedy,"Jonson, Ben",0,"Court life: dukes, favour and honour",-4.463,B,136,575,The Opportunity,"Shirley, James",86.168,0.634,0.123
comedy,"Jonson, Ben",0,"Court life: dukes, favour and honour",-4.463,B,136,577,The Humorous Courtier (The Duke),"Shirley, James",65.484,0.482,0.094
comedy,"Jonson, Ben",0,"Court life: dukes, favour and honour",-4.463,B,136,538,The Royal Master,"Shirley, James",61.223,0.45,0.088
comedy,"Jonson, Ben",30,"Constables, justices and the watch",4.028,A,15,617,A Tale of a Tub,"Jonson, Ben",65.356,4.357,0.971
comedy,"Jonson, Ben",30,"Constables, justices and the watch",4.028,A,15,176,Every Man in His Humor,"Jonson, Ben",1.933,0.129,0.029
comedy,"Jonson, Ben",30,"Constables, justices and the watch",4.028,B,136,591,Wit in a Constable,"Glapthorne, Henry",16.105,0.118,0.259
comedy,"Jonson, Ben",30,"Constables, justices and the watch",4.028,B,136,542,Covent Garden,"Nabbes, Thomas",8.465,0.062,0.136
comedy,"Jonson, Ben",30,"Constables, justices and the watch",4.028,B,136,574,"The Night Walker, or The Little Thief","Fletcher, John / Shirley, James",7.736,0.057,0.124
comedy,"Jonson, Ben",9,"Theatre talk: prologues, poets and players",3.353,A,15,186,"Poetaster, or The Arraignment","Jonson, Ben",14.006,0.934,0.217
comedy,"Jonson, Ben",9,"Theatre talk: prologues, poets and players",3.353,A,15,616,"The Magnetic Lady, or Humors Reconciled","Jonson, Ben",12.888,0.859,0.199
comedy,"Jonson, Ben",9,"Theatre talk: prologues, poets and players",3.353,A,15,181,"Cynthia's Revels, or The Fountain of Self-Love","Jonson, Ben",7.681,0.512,0.119
comedy,"Jonson, Ben",9,"Theatre talk: prologues, poets and players",3.353,B,136,586,The Antipodes,"Brome, Richard",15.841,0.116,0.122
comedy,"Jonson, Ben",9,"Theatre talk: prologues, poets and players",3.353,B,136,235,The Isle of Gulls,"Day, John",9.552,0.07,0.073
comedy,"Jonson, Ben",9,"Theatre talk: prologues, poets and players",3.353,B,136,252,What You Will,"Marston, John",8.319,0.061,0.064
comedy,"Jonson, Ben",3,"Sickness, physic and doctors",3.127,A,15,616,"The Magnetic Lady, or Humors Reconciled","Jonson, Ben",26.43,1.762,0.334
comedy,"Jonson, Ben",3,"Sickness, physic and doctors",3.127,A,15,303,The Alchemist,"Jonson, Ben",22.596,1.506,0.286
comedy,"Jonson, Ben",3,"Sickness, physic and doctors",3.127,A,15,259,"Volpone, or The Fox","Jonson, Ben",10.98,0.732,0.139
comedy,"Jonson, Ben",3,"Sickness, physic and doctors",3.127,B,136,263,The Family of Love,"Barry, Lording",47.788,0.351,0.164
comedy,"Jonson, Ben",3,"Sickness, physic and doctors",3.127,B,136,508,The Wonder of A Kingdom,"Dekker, Thomas",26.555,0.195,0.091
comedy,"Jonson, Ben",3,"Sickness, physic and doctors",3.127,B,136,594,The Hollander (Love's Trial),"Glapthorne, Henry",25.063,0.184,0.086
comedy,"Jonson, Ben",26,"Devils, hell and fiends",1.304,A,15,457,The Devil Is an Ass,"Jonson, Ben",24.568,1.638,0.796
comedy,"Jonson, Ben",26,"Devils, hell and fiends",1.304,A,15,617,A Tale of a Tub,"Jonson, Ben",2.341,0.156,0.076
comedy,"Jonson, Ben",26,"Devils, hell and fiends",1.304,A,15,456,The Staple of News,"Jonson, Ben",1.993,0.133,0.065
comedy,"Jonson, Ben",26,"Devils, hell and fiends",1.304,B,136,561,A New Trick to Cheat the Devil,"Davenport, Robert",22.476,0.165,0.219
comedy,"Jonson, Ben",26,"Devils, hell and fiends",1.304,B,136,305,"If It Be Not Good, the Devil Is in It (If This Be Not a Good Play, the Devil Is in It)","Dekker, Thomas",20.204,0.149,0.197
comedy,"Jonson, Ben",26,"Devils, hell and fiends",1.304,B,136,574,"The Night Walker, or The Little Thief","Fletcher, John / Shirley, James",7.465,0.055,0.073
comedy,"Jonson, Ben",16,"Gallantry: ladies, lordships and compliment",1.12,A,15,217,Eastward Ho,"Chapman, George / Jonson, Ben / Marston, John",6.127,0.408,0.171
comedy,"Jonson, Ben",16,"Gallantry: ladies, lordships and compliment",1.12,A,15,186,"Poetaster, or The Arraignment","Jonson, Ben",6.1,0.407,0.171
comedy,"Jonson, Ben",16,"Gallantry: ladies, lordships and compliment",1.12,A,15,181,"Cynthia's Revels, or The Fountain of Self-Love","Jonson, Ben",6.02,0.401,0.168
comedy,"Jonson, Ben",16,"Gallantry: ladies, lordships and compliment",1.12,B,136,518,The Lady of Pleasure,"Shirley, James",31.98,0.235,0.186
comedy,"Jonson, Ben",16,"Gallantry: ladies, lordships and compliment",1.12,B,136,549,The Ball,"Shirley, James",14.407,0.106,0.084
comedy,"Jonson, Ben",16,"Gallantry: ladies, lordships and compliment",1.12,B,136,517,Hyde Park,"Shirley, James",9.473,0.07,0.055
comedy,"Jonson, Ben",4,Love-longing and the lover's complaint,-1.094,A,15,442,"The New Inn, or The Light Heart","Jonson, Ben",6.752,0.45,0.538
comedy,"Jonson, Ben",4,Love-longing and the lover's complaint,-1.094,A,15,457,The Devil Is an Ass,"Jonson, Ben",3.792,0.253,0.302
comedy,"Jonson, Ben",4,Love-longing and the lover's complaint,-1.094,A,15,186,"Poetaster, or The Arraignment","Jonson, Ben",2.009,0.134,0.16
comedy,"Jonson, Ben",4,Love-longing and the lover's complaint,-1.094,B,136,242,The Fair Maid of the Exchange,Anonymous,16.999,0.125,0.065
comedy,"Jonson, Ben",4,Love-longing and the lover's complaint,-1.094,B,136,170,A Midsummer Night's Dream,"Shakespeare, William",15.522,0.114,0.059
comedy,"Jonson, Ben",4,Love-longing and the lover's complaint,-1.094,B,136,177,Jack Drum's Entertainment (Katherine and Pasquil),"Marston, John",15.4,0.113,0.059
comedy,"Jonson, Ben",33,"Fathers, daughters and marriage negotiations",-1.025,B,136,91,Andria (The Woman from Andros),"Terence (Publius Terentius Afer) / Kyffin, Maurice",42.015,0.309,0.301
comedy,"Jonson, Ben",33,"Fathers, daughters and marriage negotiations",-1.025,B,136,219,All Fools,"Chapman, George",7.868,0.058,0.056
comedy,"Jonson, Ben",33,"Fathers, daughters and marriage negotiations",-1.025,B,136,592,The Constant Maid (Love Will Find Out the Way),"Shirley, James",6.173,0.045,0.044
comedy,"Jonson, Ben",1,"Death, grief and revenge",-0.976,A,15,259,"Volpone, or The Fox","Jonson, Ben",7.521,0.501,0.574
comedy,"Jonson, Ben",1,"Death, grief and revenge",-0.976,A,15,281,The Case Is Altered,"Jonson, Ben",5.579,0.372,0.426
comedy,"Jonson, Ben",1,"Death, grief and revenge",-0.976,B,136,425,The Wedding,"Shirley, James",22.44,0.165,0.089
comedy,"Jonson, Ben",1,"Death, grief and revenge",-0.976,B,136,74,2 Promos and Cassandra,"Whetstone, George",21.608,0.159,0.086
comedy,"Jonson, Ben",1,"Death, grief and revenge",-0.976,B,136,191,How a Man May Choose a Good Wife from a Bad,Anonymous,14.23,0.105,0.057
comedy,"Jonson, Ben",24,"Apollo, Phoebus and the Muses",-0.932,A,15,259,"Volpone, or The Fox","Jonson, Ben",1.836,0.122,1.0
comedy,"Jonson, Ben",24,"Apollo, Phoebus and the Muses",-0.932,B,136,414,Apollo Shroving,"Hawkins, William",63.239,0.465,0.441
comedy,"Jonson, Ben",24,"Apollo, Phoebus and the Muses",-0.932,B,136,164,The Maid's Metamorphosis,Anonymous,28.256,0.208,0.197
comedy,"Jonson, Ben",24,"Apollo, Phoebus and the Muses",-0.932,B,136,106,Midas,"Lyly, John",25.99,0.191,0.181
comedy,"Jonson, Ben",2,"Roman politics: senate, consuls and civil war",0.909,A,15,186,"Poetaster, or The Arraignment","Jonson, Ben",13.626,0.908,0.905
comedy,"Jonson, Ben",2,"Roman politics: senate, consuls and civil war",0.909,A,15,181,"Cynthia's Revels, or The Fountain of Self-Love","Jonson, Ben",1.437,0.096,0.095
comedy,"Jonson, Ben",2,"Roman politics: senate, consuls and civil war",0.909,B,136,556,"The Sophister (Fallacy, or The Troubles of Great Hermenia)","Zouche, Richard",2.952,0.022,0.229
comedy,"Jonson, Ben",2,"Roman politics: senate, consuls and civil war",0.909,B,136,252,What You Will,"Marston, John",2.896,0.021,0.224
comedy,"Jonson, Ben",2,"Roman politics: senate, consuls and civil war",0.909,B,136,58,Damon and Pithias,"Edwards, Richard",2.77,0.02,0.214
comedy,"Jonson, Ben",46,"Swords, quarrels and valour",0.8,A,15,176,Every Man in His Humor,"Jonson, Ben",9.499,0.633,0.582
comedy,"Jonson, Ben",46,"Swords, quarrels and valour",0.8,A,15,163,Every Man Out of His Humor,"Jonson, Ben",2.667,0.178,0.163
comedy,"Jonson, Ben",46,"Swords, quarrels and valour",0.8,A,15,616,"The Magnetic Lady, or Humors Reconciled","Jonson, Ben",2.443,0.163,0.15
comedy,"Jonson, Ben",46,"Swords, quarrels and valour",0.8,B,136,521,The Example,"Shirley, James",5.426,0.04,0.139
comedy,"Jonson, Ben",46,"Swords, quarrels and valour",0.8,B,136,515,The Elder Brother,"Fletcher, John / Massinger, Philip",5.264,0.039,0.135
comedy,"Jonson, Ben",46,"Swords, quarrels and valour",0.8,B,136,523,The Gamester,"Shirley, James",5.23,0.038,0.134
comedy,"Jonson, Ben",45,"Widows, wooing and remarriage",-0.783,A,15,455,Bartholomew Fair,"Jonson, Ben",1.42,0.095,1.0
comedy,"Jonson, Ben",45,"Widows, wooing and remarriage",-0.783,B,136,262,A Trick to Catch the Old One,"Middleton, Thomas",30.947,0.228,0.259
comedy,"Jonson, Ben",45,"Widows, wooing and remarriage",-0.783,B,136,292,"Ram Alley, or Merry Tricks","Barry, Lording",21.84,0.161,0.183
comedy,"Jonson, Ben",45,"Widows, wooing and remarriage",-0.783,B,136,476,A Match at Midnight,"R., W.",21.603,0.159,0.181
comedy,"Jonson, Ben",15,Friars and holy orders in plot,-0.772,B,136,121,Friar Bacon and Friar Bongay,"Greene, Robert",31.491,0.232,0.3
comedy,"Jonson, Ben",15,Friars and holy orders in plot,-0.772,B,136,561,A New Trick to Cheat the Devil,"Davenport, Robert",20.012,0.147,0.191
comedy,"Jonson, Ben",15,Friars and holy orders in plot,-0.772,B,136,305,"If It Be Not Good, the Devil Is in It (If This Be Not a Good Play, the Devil Is in It)","Dekker, Thomas",13.81,0.102,0.132
comedy,"Jonson, Ben",28,"Marriage-making: weddings, brides and matches",-0.707,A,15,281,The Case Is Altered,"Jonson, Ben",2.778,0.185,0.435
comedy,"Jonson, Ben",28,"Marriage-making: weddings, brides and matches",-0.707,A,15,457,The Devil Is an Ass,"Jonson, Ben",1.845,0.123,0.289
comedy,"Jonson, Ben",28,"Marriage-making: weddings, brides and matches",-0.707,A,15,304,"Epicene, or The Silent Woman","Jonson, Ben",1.758,0.117,0.276
comedy,"Jonson, Ben",28,"Marriage-making: weddings, brides and matches",-0.707,B,136,125,Mother Bombie,"Lyly, John",17.628,0.13,0.114
comedy,"Jonson, Ben",28,"Marriage-making: weddings, brides and matches",-0.707,B,136,535,The Wise Woman of Hogsdon,"Heywood, Thomas",16.983,0.125,0.11
comedy,"Jonson, Ben",28,"Marriage-making: weddings, brides and matches",-0.707,B,136,299,A Woman Is a Weathercock,"Field, Nathan",13.091,0.096,0.085
comedy,"Jonson, Ben",11,"Siblings, kin and confidants",-0.702,A,15,176,Every Man in His Humor,"Jonson, Ben",3.795,0.253,0.437
comedy,"Jonson, Ben",11,"Siblings, kin and confidants",-0.702,A,15,281,The Case Is Altered,"Jonson, Ben",2.636,0.176,0.304
comedy,"Jonson, Ben",11,"Siblings, kin and confidants",-0.702,A,15,616,"The Magnetic Lady, or Humors Reconciled","Jonson, Ben",2.246,0.15,0.259
comedy,"Jonson, Ben",11,"Siblings, kin and confidants",-0.702,B,136,323,"Greene's Tu Quoque, or The City Gallant","Cooke, John",16.755,0.123,0.096
comedy,"Jonson, Ben",11,"Siblings, kin and confidants",-0.702,B,136,242,The Fair Maid of the Exchange,Anonymous,9.798,0.072,0.056
comedy,"Jonson, Ben",11,"Siblings, kin and confidants",-0.702,B,136,540,Tottenham Court,"Nabbes, Thomas",9.085,0.067,0.052
comedy,"Jonson, Ben",44,"Drinking: wine, ale and taverns",0.643,A,15,455,Bartholomew Fair,"Jonson, Ben",13.813,0.921,0.777
comedy,"Jonson, Ben",44,"Drinking: wine, ale and taverns",0.643,A,15,442,"The New Inn, or The Light Heart","Jonson, Ben",2.119,0.141,0.119
comedy,"Jonson, Ben",44,"Drinking: wine, ale and taverns",0.643,A,15,457,The Devil Is an Ass,"Jonson, Ben",1.856,0.124,0.104
comedy,"Jonson, Ben",44,"Drinking: wine, ale and taverns",0.643,B,136,173,Summer's Last Will and Testament,"Nashe, Thomas",9.188,0.068,0.124
comedy,"Jonson, Ben",44,"Drinking: wine, ale and taverns",0.643,B,136,494,The Late Lancashire Witches,"Heywood, Thomas / Brome, Richard",7.046,0.052,0.095
comedy,"Jonson, Ben",44,"Drinking: wine, ale and taverns",0.643,B,136,431,"Aristippus, or The Jovial Philosopher","Randolph, Thomas",6.098,0.045,0.083
comedy,"Jonson, Ben",12,"Olympian gods: Jupiter, Juno, Venus and Mars",0.531,A,15,186,"Poetaster, or The Arraignment","Jonson, Ben",9.996,0.666,1.0
comedy,"Jonson, Ben",12,"Olympian gods: Jupiter, Juno, Venus and Mars",0.531,B,136,144,The Woman in the Moon,"Lyly, John",11.634,0.086,0.633
comedy,"Jonson, Ben",12,"Olympian gods: Jupiter, Juno, Venus and Mars",0.531,B,136,84,"Campaspe (Alexander, Campaspe, and Diogenes)","Lyly, John",3.858,0.028,0.21
comedy,"Jonson, Ben",12,"Olympian gods: Jupiter, Juno, Venus and Mars",0.531,B,136,390,The Tempest,"Shakespeare, William",2.896,0.021,0.157
comedy,"Jonson, Ben",22,"Shepherds, flocks and Pan",-0.506,B,136,394,As You Like It,"Shakespeare, William",16.101,0.118,0.234
comedy,"Jonson, Ben",22,"Shepherds, flocks and Pan",-0.506,B,136,164,The Maid's Metamorphosis,Anonymous,14.247,0.105,0.207
comedy,"Jonson, Ben",22,"Shepherds, flocks and Pan",-0.506,B,136,441,The School of Compliment (Love Tricks),"Shirley, James",11.393,0.084,0.165
comedy,"Jonson, Ben",23,"Husbands, wives and jealousy",-0.464,A,15,163,Every Man Out of His Humor,"Jonson, Ben",4.064,0.271,0.506
comedy,"Jonson, Ben",23,"Husbands, wives and jealousy",-0.464,A,15,186,"Poetaster, or The Arraignment","Jonson, Ben",2.053,0.137,0.256
comedy,"Jonson, Ben",23,"Husbands, wives and jealousy",-0.464,A,15,259,"Volpone, or The Fox","Jonson, Ben",1.913,0.128,0.238
comedy,"Jonson, Ben",23,"Husbands, wives and jealousy",-0.464,B,136,219,All Fools,"Chapman, George",16.0,0.118,0.118
comedy,"Jonson, Ben",23,"Husbands, wives and jealousy",-0.464,B,136,247,Cupid's Whirligig,"Sharpham, Edward",15.293,0.112,0.113
comedy,"Jonson, Ben",23,"Husbands, wives and jealousy",-0.464,B,136,540,Tottenham Court,"Nabbes, Thomas",12.2,0.09,0.09
comedy,"Jonson, Ben",8,"Captains, gallants and cheats",0.443,A,15,186,"Poetaster, or The Arraignment","Jonson, Ben",13.885,0.926,0.436
comedy,"Jonson, Ben",8,"Captains, gallants and cheats",0.443,A,15,217,Eastward Ho,"Chapman, George / Jonson, Ben / Marston, John",8.534,0.569,0.268
comedy,"Jonson, Ben",8,"Captains, gallants and cheats",0.443,A,15,455,Bartholomew Fair,"Jonson, Ben",4.18,0.279,0.131
comedy,"Jonson, Ben",8,"Captains, gallants and cheats",0.443,B,136,251,"The Puritan, or The Widow of Watling Street (The Puritan Widow)","Middleton, Thomas",29.711,0.218,0.13
comedy,"Jonson, Ben",8,"Captains, gallants and cheats",0.443,B,136,297,May Day,"Chapman, George",24.337,0.179,0.107
comedy,"Jonson, Ben",8,"Captains, gallants and cheats",0.443,B,136,195,"Satiromastix, or The Untrussing of the Humorous Poet","Dekker, Thomas",20.171,0.148,0.088
comedy,"Jonson, Ben",62,"The courtier as a type: fashion, affectation and foreign manners",0.318,A,15,181,"Cynthia's Revels, or The Fountain of Self-Love","Jonson, Ben",7.88,0.525,1.0
comedy,"Jonson, Ben",62,"The courtier as a type: fashion, affectation and foreign manners",0.318,B,136,323,"Greene's Tu Quoque, or The City Gallant","Cooke, John",6.432,0.047,0.229
comedy,"Jonson, Ben",62,"The courtier as a type: fashion, affectation and foreign manners",0.318,B,136,58,Damon and Pithias,"Edwards, Richard",5.305,0.039,0.189
comedy,"Jonson, Ben",62,"The courtier as a type: fashion, affectation and foreign manners",0.318,B,136,245,The Woman Hater (The Hungry Courtier),"Beaumont, Francis / Fletcher, John",4.267,0.031,0.152
comedy,"Jonson, Ben",32,Rings and jewels as tokens,-0.315,A,15,616,"The Magnetic Lady, or Humors Reconciled","Jonson, Ben",2.268,0.151,0.533
comedy,"Jonson, Ben",32,Rings and jewels as tokens,-0.315,A,15,303,The Alchemist,"Jonson, Ben",1.989,0.133,0.467
comedy,"Jonson, Ben",32,Rings and jewels as tokens,-0.315,B,136,364,"The Two Merry Milkmaids, or The Best Words Wear the Garland","Cumber, John",15.027,0.11,0.185
comedy,"Jonson, Ben",32,Rings and jewels as tokens,-0.315,B,136,172,The Merchant of Venice (The Jew of Venice),"Shakespeare, William",7.738,0.057,0.095
comedy,"Jonson, Ben",32,Rings and jewels as tokens,-0.315,B,136,493,A Maidenhead Well Lost,"Heywood, Thomas",7.626,0.056,0.094
comedy,"Jonson, Ben",47,"Knaves, thieves and bawds",-0.287,A,15,456,The Staple of News,"Jonson, Ben",1.989,0.133,1.0
comedy,"Jonson, Ben",47,"Knaves, thieves and bawds",-0.287,B,136,435,2 The Honest Whore (2 The Converted Courtesan),"Dekker, Thomas",14.865,0.109,0.261
comedy,"Jonson, Ben",47,"Knaves, thieves and bawds",-0.287,B,136,574,"The Night Walker, or The Little Thief","Fletcher, John / Shirley, James",7.67,0.056,0.134
comedy,"Jonson, Ben",47,"Knaves, thieves and bawds",-0.287,B,136,67,Gammer Gurton's Needle,"Stevenson, William",6.886,0.051,0.121
comedy,"Jonson, Ben",37,"Riches, poverty and covetousness",0.286,A,15,616,"The Magnetic Lady, or Humors Reconciled","Jonson, Ben",2.143,0.143,0.391
comedy,"Jonson, Ben",37,"Riches, poverty and covetousness",0.286,A,15,259,"Volpone, or The Fox","Jonson, Ben",1.978,0.132,0.361
comedy,"Jonson, Ben",37,"Riches, poverty and covetousness",0.286,A,15,163,Every Man Out of His Humor,"Jonson, Ben",1.361,0.091,0.248
comedy,"Jonson, Ben",37,"Riches, poverty and covetousness",0.286,B,136,173,Summer's Last Will and Testament,"Nashe, Thomas",8.703,0.064,0.801
comedy,"Jonson, Ben",37,"Riches, poverty and covetousness",0.286,B,136,469,The Jealous Lovers,"Randolph, Thomas",2.162,0.016,0.199
comedy,"Jonson, Ben",20,"Hercules: labours, suffering and virtue",-0.205,B,136,37,Thersites,"Udall, Nicholas",13.991,0.103,0.501
comedy,"Jonson, Ben",20,"Hercules: labours, suffering and virtue",-0.205,B,136,121,Friar Bacon and Friar Bongay,"Greene, Robert",6.09,0.045,0.218
comedy,"Jonson, Ben",20,"Hercules: labours, suffering and virtue",-0.205,B,136,556,"The Sophister (Fallacy, or The Troubles of Great Hermenia)","Zouche, Richard",3.266,0.024,0.117
comedy,"Jonson, Ben",35,"Fools, wit and railing",0.204,A,15,163,Every Man Out of His Humor,"Jonson, Ben",4.053,0.27,0.306
comedy,"Jonson, Ben",35,"Fools, wit and railing",0.204,A,15,442,"The New Inn, or The Light Heart","Jonson, Ben",2.235,0.149,0.169
comedy,"Jonson, Ben",35,"Fools, wit and railing",0.204,A,15,186,"Poetaster, or The Arraignment","Jonson, Ben",1.936,0.129,0.146
comedy,"Jonson, Ben",35,"Fools, wit and railing",0.204,B,136,431,"Aristippus, or The Jovial Philosopher","Randolph, Thomas",16.519,0.121,0.179
comedy,"Jonson, Ben",35,"Fools, wit and railing",0.204,B,136,515,The Elder Brother,"Fletcher, John / Massinger, Philip",10.178,0.075,0.11
comedy,"Jonson, Ben",35,"Fools, wit and railing",0.204,B,136,591,Wit in a Constable,"Glapthorne, Henry",6.493,0.048,0.07
comedy,"Jonson, Ben",56,"Magic, spells and conjuring",-0.174,B,136,86,Fedele and Fortunia (Two Italian Gentlemen),"Pasqualigo, Luigi / Munday, Anthony",7.152,0.053,0.301
comedy,"Jonson, Ben",56,"Magic, spells and conjuring",-0.174,B,136,121,Friar Bacon and Friar Bongay,"Greene, Robert",6.021,0.044,0.254
comedy,"Jonson, Ben",56,"Magic, spells and conjuring",-0.174,B,136,353,"Technogamia, or The Marriages of the Arts","Holyday, Barten",3.338,0.025,0.141
comedy,"Jonson, Ben",14,"Royal love, favour and dynastic relationships",-0.167,A,15,456,The Staple of News,"Jonson, Ben",1.924,0.128,1.0
comedy,"Jonson, Ben",14,"Royal love, favour and dynastic relationships",-0.167,B,136,538,The Royal Master,"Shirley, James",8.166,0.06,0.203
comedy,"Jonson, Ben",14,"Royal love, favour and dynastic relationships",-0.167,B,136,267,Law Tricks,"Day, John",6.442,0.047,0.16
comedy,"Jonson, Ben",14,"Royal love, favour and dynastic relationships",-0.167,B,136,230,"Parasitaster, or The Fawn","Marston, John",4.603,0.034,0.115
comedy,"Jonson, Ben",6,"Money, debt and credit",0.163,A,15,303,The Alchemist,"Jonson, Ben",5.662,0.377,0.193
comedy,"Jonson, Ben",6,"Money, debt and credit",0.163,A,15,281,The Case Is Altered,"Jonson, Ben",5.567,0.371,0.19
comedy,"Jonson, Ben",6,"Money, debt and credit",0.163,A,15,163,Every Man Out of His Humor,"Jonson, Ben",4.102,0.273,0.14
comedy,"Jonson, Ben",6,"Money, debt and credit",0.163,B,136,580,"The Knave in Grain, New Vamped","D., J.",17.509,0.129,0.072
comedy,"Jonson, Ben",6,"Money, debt and credit",0.163,B,136,393,The Comedy of Errors,"Shakespeare, William",17.374,0.128,0.071
comedy,"Jonson, Ben",6,"Money, debt and credit",0.163,B,136,266,Your Five Gallants (The Five Witty Gallants),"Middleton, Thomas",17.369,0.128,0.071
comedy,"Jonson, Ben",55,"Fairies, fairy queens and enchanted desire",-0.14,B,136,170,A Midsummer Night's Dream,"Shakespeare, William",12.136,0.089,0.638
comedy,"Jonson, Ben",55,"Fairies, fairy queens and enchanted desire",-0.14,B,136,187,The Merry Wives of Windsor,"Shakespeare, William",4.79,0.035,0.252
comedy,"Jonson, Ben",55,"Fairies, fairy queens and enchanted desire",-0.14,B,136,469,The Jealous Lovers,"Randolph, Thomas",2.11,0.016,0.111
comedy,"Jonson, Ben",51,"Parents and children: blessing, birthright and inheritance",0.138,A,15,281,The Case Is Altered,"Jonson, Ben",5.573,0.372,1.0
comedy,"Jonson, Ben",51,"Parents and children: blessing, birthright and inheritance",0.138,B,136,125,Mother Bombie,"Lyly, John",5.932,0.044,0.187
comedy,"Jonson, Ben",51,"Parents and children: blessing, birthright and inheritance",0.138,B,136,15,The Play of the Weather,"Heywood, John",4.619,0.034,0.145
comedy,"Jonson, Ben",51,"Parents and children: blessing, birthright and inheritance",0.138,B,136,268,Humor Out of Breath,"Day, John",3.575,0.026,0.112
comedy,"Jonson, Ben",31,"Popes, cardinals and the crown",0.133,A,15,456,The Staple of News,"Jonson, Ben",1.993,0.133,1.0
comedy,"Jonson, Ben",7,The Trojan war: conflict and its aftermath,-0.106,A,15,186,"Poetaster, or The Arraignment","Jonson, Ben",2.094,0.14,1.0
comedy,"Jonson, Ben",7,The Trojan war: conflict and its aftermath,-0.106,B,136,37,Thersites,"Udall, Nicholas",22.193,0.163,0.665
comedy,"Jonson, Ben",7,The Trojan war: conflict and its aftermath,-0.106,B,136,84,"Campaspe (Alexander, Campaspe, and Diogenes)","Lyly, John",3.896,0.029,0.117
comedy,"Jonson, Ben",7,The Trojan war: conflict and its aftermath,-0.106,B,136,150,Love's Labor's Lost,"Shakespeare, William",2.713,0.02,0.081
comedy,"Jonson, Ben",50,"Fleets, armies and generals: war by sea and land",-0.099,B,136,390,The Tempest,"Shakespeare, William",6.247,0.046,0.464
comedy,"Jonson, Ben",50,"Fleets, armies and generals: war by sea and land",-0.099,B,136,184,Antonio and Mellida,"Marston, John",3.618,0.027,0.269
comedy,"Jonson, Ben",50,"Fleets, armies and generals: war by sea and land",-0.099,B,136,354,Hans Beer-Pot (See Me and See Me Not),"Belchier, Dabridgcourt",3.589,0.026,0.267
comedy,"Jonson, Ben",5,"Christian faith, sin and salvation",-0.092,A,15,163,Every Man Out of His Humor,"Jonson, Ben",1.285,0.086,1.0
comedy,"Jonson, Ben",5,"Christian faith, sin and salvation",-0.092,B,136,321,The Hog Hath Lost His Pearl,"Tailor, Robert",5.749,0.042,0.238
comedy,"Jonson, Ben",5,"Christian faith, sin and salvation",-0.092,B,136,305,"If It Be Not Good, the Devil Is in It (If This Be Not a Good Play, the Devil Is in It)","Dekker, Thomas",4.544,0.033,0.188
comedy,"Jonson, Ben",5,"Christian faith, sin and salvation",-0.092,B,136,517,Hyde Park,"Shirley, James",3.178,0.023,0.132
comedy,"Jonson, Ben",17,"Eastern conquest: Persians, Turks and soldans",-0.082,B,136,354,Hans Beer-Pot (See Me and See Me Not),"Belchier, Dabridgcourt",3.822,0.028,0.341
comedy,"Jonson, Ben",17,"Eastern conquest: Persians, Turks and soldans",-0.082,B,136,84,"Campaspe (Alexander, Campaspe, and Diogenes)","Lyly, John",3.744,0.028,0.334
comedy,"Jonson, Ben",17,"Eastern conquest: Persians, Turks and soldans",-0.082,B,136,493,A Maidenhead Well Lost,"Heywood, Thomas",3.64,0.027,0.325
comedy,"Jonson, Ben",39,"Profit, conscience and dishonest dealing",-0.082,B,136,255,The Fleer,"Sharpham, Edward",6.375,0.047,0.569
comedy,"Jonson, Ben",39,"Profit, conscience and dishonest dealing",-0.082,B,136,234,Wily Beguiled,Anonymous,2.579,0.019,0.23
comedy,"Jonson, Ben",39,"Profit, conscience and dishonest dealing",-0.082,B,136,297,May Day,"Chapman, George",2.248,0.017,0.201
comedy,"Jonson, Ben",54,"Antony and Cleopatra: love, death and mourning",-0.076,B,136,15,The Play of the Weather,"Heywood, John",4.875,0.036,0.472
comedy,"Jonson, Ben",54,"Antony and Cleopatra: love, death and mourning",-0.076,B,136,517,Hyde Park,"Shirley, James",3.085,0.023,0.299
comedy,"Jonson, Ben",54,"Antony and Cleopatra: love, death and mourning",-0.076,B,136,168,Much Ado About Nothing,"Shakespeare, William",2.364,0.017,0.229
comedy,"Jonson, Ben",49,"Wooing a mistress: suitors, go-betweens and letters",-0.075,A,15,457,The Devil Is an Ass,"Jonson, Ben",5.419,0.361,0.732
comedy,"Jonson, Ben",49,"Wooing a mistress: suitors, go-betweens and letters",-0.075,A,15,176,Every Man in His Humor,"Jonson, Ben",1.988,0.133,0.268
comedy,"Jonson, Ben",49,"Wooing a mistress: suitors, go-betweens and letters",-0.075,B,136,477,The Witty Fair One,"Shirley, James",8.925,0.066,0.115
comedy,"Jonson, Ben",49,"Wooing a mistress: suitors, go-betweens and letters",-0.075,B,136,462,"Changes, or Love in a Maze","Shirley, James",7.372,0.054,0.095
comedy,"Jonson, Ben",49,"Wooing a mistress: suitors, go-betweens and letters",-0.075,B,136,521,The Example,"Shirley, James",5.612,0.041,0.073
comedy,"Jonson, Ben",27,"Uncles, nephews and cousins: kinship and patronage",-0.073,A,15,616,"The Magnetic Lady, or Humors Reconciled","Jonson, Ben",6.764,0.451,0.389
comedy,"Jonson, Ben",27,"Uncles, nephews and cousins: kinship and patronage",-0.073,A,15,176,Every Man in His Humor,"Jonson, Ben",3.665,0.244,0.211
comedy,"Jonson, Ben",27,"Uncles, nephews and cousins: kinship and patronage",-0.073,A,15,456,The Staple of News,"Jonson, Ben",2.005,0.134,0.115
comedy,"Jonson, Ben",27,"Uncles, nephews and cousins: kinship and patronage",-0.073,B,136,568,The City Match,"Mayne, Jasper",19.519,0.144,0.116
comedy,"Jonson, Ben",27,"Uncles, nephews and cousins: kinship and patronage",-0.073,B,136,262,A Trick to Catch the Old One,"Middleton, Thomas",19.512,0.143,0.116
comedy,"Jonson, Ben",27,"Uncles, nephews and cousins: kinship and patronage",-0.073,B,136,228,Sir Giles Goosecap,"Chapman, George",12.451,0.092,0.074
comedy,"Jonson, Ben",34,"Thebes and royal catastrophe: siege, slaughter and funeral rites",-0.059,B,136,84,"Campaspe (Alexander, Campaspe, and Diogenes)","Lyly, John",8.08,0.059,1.0
comedy,"Jonson, Ben",25,"Kings, power and law: political sententiae",-0.042,B,136,106,Midas,"Lyly, John",3.354,0.025,0.594
comedy,"Jonson, Ben",25,"Kings, power and law: political sententiae",-0.042,B,136,305,"If It Be Not Good, the Devil Is in It (If This Be Not a Good Play, the Devil Is in It)","Dekker, Thomas",2.295,0.017,0.406
comedy,"Jonson, Ben",59,"Spanish courts: war, honour and courtship",-0.04,B,136,598,Rule a Wife and Have a Wife,"Fletcher, John",5.475,0.04,1.0
comedy,"Jonson, Ben",52,"Prodigals, portions and poor kin",-0.037,A,15,259,"Volpone, or The Fox","Jonson, Ben",3.726,0.248,0.646
comedy,"Jonson, Ben",52,"Prodigals, portions and poor kin",-0.037,A,15,456,The Staple of News,"Jonson, Ben",2.041,0.136,0.354
comedy,"Jonson, Ben",52,"Prodigals, portions and poor kin",-0.037,B,136,460,"A New Wonder, A Woman Never Vexed","Heywood, Thomas / Rowley, William",15.801,0.116,0.276
comedy,"Jonson, Ben",52,"Prodigals, portions and poor kin",-0.037,B,136,222,The London Prodigal,Anonymous,12.567,0.092,0.219
comedy,"Jonson, Ben",52,"Prodigals, portions and poor kin",-0.037,B,136,394,As You Like It,"Shakespeare, William",6.666,0.049,0.116
comedy,"Jonson, Ben",18,"Rebels, barons and the king's wars at home",-0.029,B,136,174,Look About You,Anonymous,3.991,0.029,1.0
comedy,"Jonson, Ben",40,"Sin, guilt and violent loss within families",0.026,A,15,176,Every Man in His Humor,"Jonson, Ben",3.964,0.264,1.0
comedy,"Jonson, Ben",40,"Sin, guilt and violent loss within families",0.026,B,136,73,1 Promos and Cassandra,"Whetstone, George",9.634,0.071,0.297
comedy,"Jonson, Ben",40,"Sin, guilt and violent loss within families",0.026,B,136,74,2 Promos and Cassandra,"Whetstone, George",5.286,0.039,0.163
comedy,"Jonson, Ben",40,"Sin, guilt and violent loss within families",0.026,B,136,521,The Example,"Shirley, James",2.859,0.021,0.088
comedy,"Jonson, Ben",38,"Death, parting and grief at court",-0.022,B,136,173,Summer's Last Will and Testament,"Nashe, Thomas",2.927,0.022,1.0
comedy,"Jonson, Ben",10,"England and France: war, embassy and peace",-0.019,B,136,175,"The Shoemaker's Holiday, or The Gentle Craft","Dekker, Thomas",2.621,0.019,1.0
comedy,"Jonson, Ben",36,"Hell, Furies and the language of punishment",-0.016,B,136,414,Apollo Shroving,"Hawkins, William",2.203,0.016,1.0
comedy,"Jonson, Ben",21,"Cupid, Venus and the nymphs",0.006,A,15,181,"Cynthia's Revels, or The Fountain of Self-Love","Jonson, Ben",10.814,0.721,0.885
comedy,"Jonson, Ben",21,"Cupid, Venus and the nymphs",0.006,A,15,455,Bartholomew Fair,"Jonson, Ben",1.406,0.094,0.115
comedy,"Jonson, Ben",21,"Cupid, Venus and the nymphs",0.006,B,136,105,Gallathea,"Lyly, John",40.777,0.3,0.371
comedy,"Jonson, Ben",21,"Cupid, Venus and the nymphs",0.006,B,136,82,Sappho and Phao,"Lyly, John",22.29,0.164,0.203
comedy,"Jonson, Ben",21,"Cupid, Venus and the nymphs",0.006,B,136,170,A Midsummer Night's Dream,"Shakespeare, William",5.994,0.044,0.054
comedy,"Lyly, John",21,"Cupid, Venus and the nymphs",9.187,A,7,105,Gallathea,"Lyly, John",40.777,5.825,0.609
comedy,"Lyly, John",21,"Cupid, Venus and the nymphs",9.187,A,7,82,Sappho and Phao,"Lyly, John",22.29,3.184,0.333
comedy,"Lyly, John",21,"Cupid, Venus and the nymphs",9.187,A,7,144,The Woman in the Moon,"Lyly, John",3.927,0.561,0.059
comedy,"Lyly, John",21,"Cupid, Venus and the nymphs",9.187,B,144,181,"Cynthia's Revels, or The Fountain of Self-Love","Jonson, Ben",10.814,0.075,0.196
comedy,"Lyly, John",21,"Cupid, Venus and the nymphs",9.187,B,144,170,A Midsummer Night's Dream,"Shakespeare, William",5.994,0.042,0.109
comedy,"Lyly, John",21,"Cupid, Venus and the nymphs",9.187,B,144,549,The Ball,"Shirley, James",5.669,0.039,0.103
comedy,"Lyly, John",24,"Apollo, Phoebus and the Muses",4.631,A,7,106,Midas,"Lyly, John",25.99,3.713,0.69
comedy,"Lyly, John",24,"Apollo, Phoebus and the Muses",4.631,A,7,144,The Woman in the Moon,"Lyly, John",3.894,0.556,0.103
comedy,"Lyly, John",24,"Apollo, Phoebus and the Muses",4.631,A,7,82,Sappho and Phao,"Lyly, John",3.886,0.555,0.103
comedy,"Lyly, John",24,"Apollo, Phoebus and the Muses",4.631,B,144,414,Apollo Shroving,"Hawkins, William",63.239,0.439,0.588
comedy,"Lyly, John",24,"Apollo, Phoebus and the Muses",4.631,B,144,164,The Maid's Metamorphosis,Anonymous,28.256,0.196,0.263
comedy,"Lyly, John",24,"Apollo, Phoebus and the Muses",4.631,B,144,15,The Play of the Weather,"Heywood, John",4.685,0.033,0.044
comedy,"Lyly, John",0,"Court life: dukes, favour and honour",-4.43,A,7,106,Midas,"Lyly, John",3.295,0.471,1.0
comedy,"Lyly, John",0,"Court life: dukes, favour and honour",-4.43,B,144,575,The Opportunity,"Shirley, James",86.168,0.598,0.122
comedy,"Lyly, John",0,"Court life: dukes, favour and honour",-4.43,B,144,577,The Humorous Courtier (The Duke),"Shirley, James",65.484,0.455,0.093
comedy,"Lyly, John",0,"Court life: dukes, favour and honour",-4.43,B,144,538,The Royal Master,"Shirley, James",61.223,0.425,0.087
comedy,"Lyly, John",4,Love-longing and the lover's complaint,2.426,A,7,144,The Woman in the Moon,"Lyly, John",12.048,1.721,0.416
comedy,"Lyly, John",4,Love-longing and the lover's complaint,2.426,A,7,99,"Endymion, the Man in the Moon","Lyly, John",5.612,0.802,0.194
comedy,"Lyly, John",4,Love-longing and the lover's complaint,2.426,A,7,84,"Campaspe (Alexander, Campaspe, and Diogenes)","Lyly, John",4.032,0.576,0.139
comedy,"Lyly, John",4,Love-longing and the lover's complaint,2.426,B,144,242,The Fair Maid of the Exchange,Anonymous,16.999,0.118,0.069
comedy,"Lyly, John",4,Love-longing and the lover's complaint,2.426,B,144,170,A Midsummer Night's Dream,"Shakespeare, William",15.522,0.108,0.063
comedy,"Lyly, John",4,Love-longing and the lover's complaint,2.426,B,144,177,Jack Drum's Entertainment (Katherine and Pasquil),"Marston, John",15.4,0.107,0.063
comedy,"Lyly, John",12,"Olympian gods: Jupiter, Juno, Venus and Mars",2.124,A,7,144,The Woman in the Moon,"Lyly, John",11.634,1.662,0.751
comedy,"Lyly, John",12,"Olympian gods: Jupiter, Juno, Venus and Mars",2.124,A,7,84,"Campaspe (Alexander, Campaspe, and Diogenes)","Lyly, John",3.858,0.551,0.249
comedy,"Lyly, John",12,"Olympian gods: Jupiter, Juno, Venus and Mars",2.124,B,144,186,"Poetaster, or The Arraignment","Jonson, Ben",9.996,0.069,0.775
comedy,"Lyly, John",12,"Olympian gods: Jupiter, Juno, Venus and Mars",2.124,B,144,390,The Tempest,"Shakespeare, William",2.896,0.02,0.225
comedy,"Lyly, John",1,"Death, grief and revenge",-1.838,B,144,425,The Wedding,"Shirley, James",22.44,0.156,0.085
comedy,"Lyly, John",1,"Death, grief and revenge",-1.838,B,144,74,2 Promos and Cassandra,"Whetstone, George",21.608,0.15,0.082
comedy,"Lyly, John",1,"Death, grief and revenge",-1.838,B,144,191,How a Man May Choose a Good Wife from a Bad,Anonymous,14.23,0.099,0.054
comedy,"Lyly, John",8,"Captains, gallants and cheats",-1.807,B,144,251,"The Puritan, or The Widow of Watling Street (The Puritan Widow)","Middleton, Thomas",29.711,0.206,0.114
comedy,"Lyly, John",8,"Captains, gallants and cheats",-1.807,B,144,297,May Day,"Chapman, George",24.337,0.169,0.094
comedy,"Lyly, John",8,"Captains, gallants and cheats",-1.807,B,144,195,"Satiromastix, or The Untrussing of the Humorous Poet","Dekker, Thomas",20.171,0.14,0.078
comedy,"Lyly, John",22,"Shepherds, flocks and Pan",1.718,A,7,144,The Woman in the Moon,"Lyly, John",8.072,1.153,0.551
comedy,"Lyly, John",22,"Shepherds, flocks and Pan",1.718,A,7,106,Midas,"Lyly, John",6.59,0.941,0.449
comedy,"Lyly, John",22,"Shepherds, flocks and Pan",1.718,B,144,394,As You Like It,"Shakespeare, William",16.101,0.112,0.297
comedy,"Lyly, John",22,"Shepherds, flocks and Pan",1.718,B,144,164,The Maid's Metamorphosis,Anonymous,14.247,0.099,0.263
comedy,"Lyly, John",22,"Shepherds, flocks and Pan",1.718,B,144,441,The School of Compliment (Love Tricks),"Shirley, James",11.393,0.079,0.21
comedy,"Lyly, John",28,"Marriage-making: weddings, brides and matches",1.527,A,7,125,Mother Bombie,"Lyly, John",17.628,2.518,1.0
comedy,"Lyly, John",28,"Marriage-making: weddings, brides and matches",1.527,B,144,535,The Wise Woman of Hogsdon,"Heywood, Thomas",16.983,0.118,0.119
comedy,"Lyly, John",28,"Marriage-making: weddings, brides and matches",1.527,B,144,299,A Woman Is a Weathercock,"Field, Nathan",13.091,0.091,0.092
comedy,"Lyly, John",28,"Marriage-making: weddings, brides and matches",1.527,B,144,591,Wit in a Constable,"Glapthorne, Henry",9.586,0.067,0.067
comedy,"Lyly, John",6,"Money, debt and credit",-1.449,A,7,125,Mother Bombie,"Lyly, John",3.002,0.429,1.0
comedy,"Lyly, John",6,"Money, debt and credit",-1.449,B,144,580,"The Knave in Grain, New Vamped","D., J.",17.509,0.122,0.065
comedy,"Lyly, John",6,"Money, debt and credit",-1.449,B,144,393,The Comedy of Errors,"Shakespeare, William",17.374,0.121,0.064
comedy,"Lyly, John",6,"Money, debt and credit",-1.449,B,144,266,Your Five Gallants (The Five Witty Gallants),"Middleton, Thomas",17.369,0.121,0.064
comedy,"Lyly, John",16,"Gallantry: ladies, lordships and compliment",-1.442,B,144,518,The Lady of Pleasure,"Shirley, James",31.98,0.222,0.154
comedy,"Lyly, John",16,"Gallantry: ladies, lordships and compliment",-1.442,B,144,549,The Ball,"Shirley, James",14.407,0.1,0.069
comedy,"Lyly, John",16,"Gallantry: ladies, lordships and compliment",-1.442,B,144,517,Hyde Park,"Shirley, James",9.473,0.066,0.046
comedy,"Lyly, John",27,"Uncles, nephews and cousins: kinship and patronage",-1.285,B,144,568,The City Match,"Mayne, Jasper",19.519,0.136,0.105
comedy,"Lyly, John",27,"Uncles, nephews and cousins: kinship and patronage",-1.285,B,144,262,A Trick to Catch the Old One,"Middleton, Thomas",19.512,0.135,0.105
comedy,"Lyly, John",27,"Uncles, nephews and cousins: kinship and patronage",-1.285,B,144,228,Sir Giles Goosecap,"Chapman, George",12.451,0.086,0.067
comedy,"Lyly, John",34,"Thebes and royal catastrophe: siege, slaughter and funeral rites",1.154,A,7,84,"Campaspe (Alexander, Campaspe, and Diogenes)","Lyly, John",8.08,1.154,1.0
comedy,"Lyly, John",23,"Husbands, wives and jealousy",-1.0,B,144,219,All Fools,"Chapman, George",16.0,0.111,0.111
comedy,"Lyly, John",23,"Husbands, wives and jealousy",-1.0,B,144,247,Cupid's Whirligig,"Sharpham, Edward",15.293,0.106,0.106
comedy,"Lyly, John",23,"Husbands, wives and jealousy",-1.0,B,144,540,Tottenham Court,"Nabbes, Thomas",12.2,0.085,0.085
comedy,"Lyly, John",26,"Devils, hell and fiends",-0.926,B,144,457,The Devil Is an Ass,"Jonson, Ben",24.568,0.171,0.184
comedy,"Lyly, John",26,"Devils, hell and fiends",-0.926,B,144,561,A New Trick to Cheat the Devil,"Davenport, Robert",22.476,0.156,0.169
comedy,"Lyly, John",26,"Devils, hell and fiends",-0.926,B,144,305,"If It Be Not Good, the Devil Is in It (If This Be Not a Good Play, the Devil Is in It)","Dekker, Thomas",20.204,0.14,0.152
comedy,"Lyly, John",30,"Constables, justices and the watch",-0.9,B,144,617,A Tale of a Tub,"Jonson, Ben",65.356,0.454,0.505
comedy,"Lyly, John",30,"Constables, justices and the watch",-0.9,B,144,591,Wit in a Constable,"Glapthorne, Henry",16.105,0.112,0.124
comedy,"Lyly, John",30,"Constables, justices and the watch",-0.9,B,144,542,Covent Garden,"Nabbes, Thomas",8.465,0.059,0.065
comedy,"Lyly, John",9,"Theatre talk: prologues, poets and players",-0.877,A,7,82,Sappho and Phao,"Lyly, John",3.181,0.454,1.0
comedy,"Lyly, John",9,"Theatre talk: prologues, poets and players",-0.877,B,144,586,The Antipodes,"Brome, Richard",15.841,0.11,0.083
comedy,"Lyly, John",9,"Theatre talk: prologues, poets and players",-0.877,B,144,186,"Poetaster, or The Arraignment","Jonson, Ben",14.006,0.097,0.073
comedy,"Lyly, John",9,"Theatre talk: prologues, poets and players",-0.877,B,144,616,"The Magnetic Lady, or Humors Reconciled","Jonson, Ben",12.888,0.09,0.067
comedy,"Lyly, John",45,"Widows, wooing and remarriage",-0.839,B,144,262,A Trick to Catch the Old One,"Middleton, Thomas",30.947,0.215,0.256
comedy,"Lyly, John",45,"Widows, wooing and remarriage",-0.839,B,144,292,"Ram Alley, or Merry Tricks","Barry, Lording",21.84,0.152,0.181
comedy,"Lyly, John",45,"Widows, wooing and remarriage",-0.839,B,144,476,A Match at Midnight,"R., W.",21.603,0.15,0.179
comedy,"Lyly, John",11,"Siblings, kin and confidants",-0.823,A,7,125,Mother Bombie,"Lyly, John",2.978,0.425,1.0
comedy,"Lyly, John",11,"Siblings, kin and confidants",-0.823,B,144,323,"Greene's Tu Quoque, or The City Gallant","Cooke, John",16.755,0.116,0.093
comedy,"Lyly, John",11,"Siblings, kin and confidants",-0.823,B,144,242,The Fair Maid of the Exchange,Anonymous,9.798,0.068,0.054
comedy,"Lyly, John",11,"Siblings, kin and confidants",-0.823,B,144,540,Tottenham Court,"Nabbes, Thomas",9.085,0.063,0.051
comedy,"Lyly, John",35,"Fools, wit and railing",0.823,A,7,84,"Campaspe (Alexander, Campaspe, and Diogenes)","Lyly, John",3.888,0.555,0.374
comedy,"Lyly, John",35,"Fools, wit and railing",0.823,A,7,106,Midas,"Lyly, John",3.53,0.504,0.34
comedy,"Lyly, John",35,"Fools, wit and railing",0.823,A,7,125,Mother Bombie,"Lyly, John",2.978,0.425,0.286
comedy,"Lyly, John",35,"Fools, wit and railing",0.823,B,144,431,"Aristippus, or The Jovial Philosopher","Randolph, Thomas",16.519,0.115,0.173
comedy,"Lyly, John",35,"Fools, wit and railing",0.823,B,144,515,The Elder Brother,"Fletcher, John / Massinger, Philip",10.178,0.071,0.107
comedy,"Lyly, John",35,"Fools, wit and railing",0.823,B,144,591,Wit in a Constable,"Glapthorne, Henry",6.493,0.045,0.068
comedy,"Lyly, John",15,Friars and holy orders in plot,-0.729,B,144,121,Friar Bacon and Friar Bongay,"Greene, Robert",31.491,0.219,0.3
comedy,"Lyly, John",15,Friars and holy orders in plot,-0.729,B,144,561,A New Trick to Cheat the Devil,"Davenport, Robert",20.012,0.139,0.191
comedy,"Lyly, John",15,Friars and holy orders in plot,-0.729,B,144,305,"If It Be Not Good, the Devil Is in It (If This Be Not a Good Play, the Devil Is in It)","Dekker, Thomas",13.81,0.096,0.132
comedy,"Lyly, John",51,"Parents and children: blessing, birthright and inheritance",0.629,A,7,125,Mother Bombie,"Lyly, John",5.932,0.847,1.0
comedy,"Lyly, John",51,"Parents and children: blessing, birthright and inheritance",0.629,B,144,281,The Case Is Altered,"Jonson, Ben",5.573,0.039,0.177
comedy,"Lyly, John",51,"Parents and children: blessing, birthright and inheritance",0.629,B,144,15,The Play of the Weather,"Heywood, John",4.619,0.032,0.147
comedy,"Lyly, John",51,"Parents and children: blessing, birthright and inheritance",0.629,B,144,268,Humor Out of Breath,"Day, John",3.575,0.025,0.114
comedy,"Lyly, John",32,Rings and jewels as tokens,-0.595,B,144,364,"The Two Merry Milkmaids, or The Best Words Wear the Garland","Cumber, John",15.027,0.104,0.175
comedy,"Lyly, John",32,Rings and jewels as tokens,-0.595,B,144,172,The Merchant of Venice (The Jew of Venice),"Shakespeare, William",7.738,0.054,0.09
comedy,"Lyly, John",32,Rings and jewels as tokens,-0.595,B,144,493,A Maidenhead Well Lost,"Heywood, Thomas",7.626,0.053,0.089
comedy,"Lyly, John",49,"Wooing a mistress: suitors, go-betweens and letters",-0.589,B,144,477,The Witty Fair One,"Shirley, James",8.925,0.062,0.105
comedy,"Lyly, John",49,"Wooing a mistress: suitors, go-betweens and letters",-0.589,B,144,462,"Changes, or Love in a Maze","Shirley, James",7.372,0.051,0.087
comedy,"Lyly, John",49,"Wooing a mistress: suitors, go-betweens and letters",-0.589,B,144,521,The Example,"Shirley, James",5.612,0.039,0.066
comedy,"Lyly, John",17,"Eastern conquest: Persians, Turks and soldans",0.483,A,7,84,"Campaspe (Alexander, Campaspe, and Diogenes)","Lyly, John",3.744,0.535,1.0
comedy,"Lyly, John",17,"Eastern conquest: Persians, Turks and soldans",0.483,B,144,354,Hans Beer-Pot (See Me and See Me Not),"Belchier, Dabridgcourt",3.822,0.027,0.512
comedy,"Lyly, John",17,"Eastern conquest: Persians, Turks and soldans",0.483,B,144,493,A Maidenhead Well Lost,"Heywood, Thomas",3.64,0.025,0.488
comedy,"Lyly, John",33,"Fathers, daughters and marriage negotiations",-0.481,A,7,125,Mother Bombie,"Lyly, John",3.25,0.464,1.0
comedy,"Lyly, John",33,"Fathers, daughters and marriage negotiations",-0.481,B,144,91,Andria (The Woman from Andros),"Terence (Publius Terentius Afer) / Kyffin, Maurice",42.015,0.292,0.309
comedy,"Lyly, John",33,"Fathers, daughters and marriage negotiations",-0.481,B,144,219,All Fools,"Chapman, George",7.868,0.055,0.058
comedy,"Lyly, John",33,"Fathers, daughters and marriage negotiations",-0.481,B,144,592,The Constant Maid (Love Will Find Out the Way),"Shirley, James",6.173,0.043,0.045
comedy,"Lyly, John",25,"Kings, power and law: political sententiae",0.463,A,7,106,Midas,"Lyly, John",3.354,0.479,1.0
comedy,"Lyly, John",25,"Kings, power and law: political sententiae",0.463,B,144,305,"If It Be Not Good, the Devil Is in It (If This Be Not a Good Play, the Devil Is in It)","Dekker, Thomas",2.295,0.016,1.0
comedy,"Lyly, John",52,"Prodigals, portions and poor kin",-0.438,B,144,460,"A New Wonder, A Woman Never Vexed","Heywood, Thomas / Rowley, William",15.801,0.11,0.251
comedy,"Lyly, John",52,"Prodigals, portions and poor kin",-0.438,B,144,222,The London Prodigal,Anonymous,12.567,0.087,0.199
comedy,"Lyly, John",52,"Prodigals, portions and poor kin",-0.438,B,144,394,As You Like It,"Shakespeare, William",6.666,0.046,0.106
comedy,"Lyly, John",3,"Sickness, physic and doctors",-0.432,A,7,82,Sappho and Phao,"Lyly, John",10.989,1.57,0.769
comedy,"Lyly, John",3,"Sickness, physic and doctors",-0.432,A,7,106,Midas,"Lyly, John",3.308,0.473,0.231
comedy,"Lyly, John",3,"Sickness, physic and doctors",-0.432,B,144,263,The Family of Love,"Barry, Lording",47.788,0.332,0.134
comedy,"Lyly, John",3,"Sickness, physic and doctors",-0.432,B,144,508,The Wonder of A Kingdom,"Dekker, Thomas",26.555,0.184,0.075
comedy,"Lyly, John",3,"Sickness, physic and doctors",-0.432,B,144,616,"The Magnetic Lady, or Humors Reconciled","Jonson, Ben",26.43,0.184,0.074
comedy,"Lyly, John",47,"Knaves, thieves and bawds",-0.41,B,144,435,2 The Honest Whore (2 The Converted Courtesan),"Dekker, Thomas",14.865,0.103,0.252
comedy,"Lyly, John",47,"Knaves, thieves and bawds",-0.41,B,144,574,"The Night Walker, or The Little Thief","Fletcher, John / Shirley, James",7.67,0.053,0.13
comedy,"Lyly, John",47,"Knaves, thieves and bawds",-0.41,B,144,67,Gammer Gurton's Needle,"Stevenson, William",6.886,0.048,0.117
comedy,"Lyly, John",46,"Swords, quarrels and valour",-0.385,B,144,176,Every Man in His Humor,"Jonson, Ben",9.499,0.066,0.171
comedy,"Lyly, John",46,"Swords, quarrels and valour",-0.385,B,144,521,The Example,"Shirley, James",5.426,0.038,0.098
comedy,"Lyly, John",46,"Swords, quarrels and valour",-0.385,B,144,515,The Elder Brother,"Fletcher, John / Massinger, Philip",5.264,0.037,0.095
comedy,"Lyly, John",7,The Trojan war: conflict and its aftermath,0.337,A,7,84,"Campaspe (Alexander, Campaspe, and Diogenes)","Lyly, John",3.896,0.557,1.0
comedy,"Lyly, John",7,The Trojan war: conflict and its aftermath,0.337,B,144,37,Thersites,"Udall, Nicholas",22.193,0.154,0.702
comedy,"Lyly, John",7,The Trojan war: conflict and its aftermath,0.337,B,144,150,Love's Labor's Lost,"Shakespeare, William",2.713,0.019,0.086
comedy,"Lyly, John",7,The Trojan war: conflict and its aftermath,0.337,B,144,168,Much Ado About Nothing,"Shakespeare, William",2.426,0.017,0.077
comedy,"Lyly, John",14,"Royal love, favour and dynastic relationships",-0.292,B,144,538,The Royal Master,"Shirley, James",8.166,0.057,0.194
comedy,"Lyly, John",14,"Royal love, favour and dynastic relationships",-0.292,B,144,267,Law Tricks,"Day, John",6.442,0.045,0.153
comedy,"Lyly, John",14,"Royal love, favour and dynastic relationships",-0.292,B,144,230,"Parasitaster, or The Fawn","Marston, John",4.603,0.032,0.109
comedy,"Lyly, John",44,"Drinking: wine, ale and taverns",0.262,A,7,125,Mother Bombie,"Lyly, John",5.999,0.857,1.0
comedy,"Lyly, John",44,"Drinking: wine, ale and taverns",0.262,B,144,455,Bartholomew Fair,"Jonson, Ben",13.813,0.096,0.161
comedy,"Lyly, John",44,"Drinking: wine, ale and taverns",0.262,B,144,173,Summer's Last Will and Testament,"Nashe, Thomas",9.188,0.064,0.107
comedy,"Lyly, John",44,"Drinking: wine, ale and taverns",0.262,B,144,494,The Late Lancashire Witches,"Heywood, Thomas / Brome, Richard",7.046,0.049,0.082
comedy,"Lyly, John",40,"Sin, guilt and violent loss within families",-0.253,B,144,73,1 Promos and Cassandra,"Whetstone, George",9.634,0.067,0.265
comedy,"Lyly, John",40,"Sin, guilt and violent loss within families",-0.253,B,144,74,2 Promos and Cassandra,"Whetstone, George",5.286,0.037,0.145
comedy,"Lyly, John",40,"Sin, guilt and violent loss within families",-0.253,B,144,176,Every Man in His Humor,"Jonson, Ben",3.964,0.028,0.109
comedy,"Lyly, John",62,"The courtier as a type: fashion, affectation and foreign manners",-0.25,B,144,181,"Cynthia's Revels, or The Fountain of Self-Love","Jonson, Ben",7.88,0.055,0.219
comedy,"Lyly, John",62,"The courtier as a type: fashion, affectation and foreign manners",-0.25,B,144,323,"Greene's Tu Quoque, or The City Gallant","Cooke, John",6.432,0.045,0.179
comedy,"Lyly, John",62,"The courtier as a type: fashion, affectation and foreign manners",-0.25,B,144,58,Damon and Pithias,"Edwards, Richard",5.305,0.037,0.147
comedy,"Lyly, John",2,"Roman politics: senate, consuls and civil war",-0.194,B,144,186,"Poetaster, or The Arraignment","Jonson, Ben",13.626,0.095,0.487
comedy,"Lyly, John",2,"Roman politics: senate, consuls and civil war",-0.194,B,144,556,"The Sophister (Fallacy, or The Troubles of Great Hermenia)","Zouche, Richard",2.952,0.02,0.106
comedy,"Lyly, John",2,"Roman politics: senate, consuls and civil war",-0.194,B,144,252,What You Will,"Marston, John",2.896,0.02,0.104
comedy,"Lyly, John",20,"Hercules: labours, suffering and virtue",-0.194,B,144,37,Thersites,"Udall, Nicholas",13.991,0.097,0.501
comedy,"Lyly, John",20,"Hercules: labours, suffering and virtue",-0.194,B,144,121,Friar Bacon and Friar Bongay,"Greene, Robert",6.09,0.042,0.218
comedy,"Lyly, John",20,"Hercules: labours, suffering and virtue",-0.194,B,144,556,"The Sophister (Fallacy, or The Troubles of Great Hermenia)","Zouche, Richard",3.266,0.023,0.117
comedy,"Lyly, John",5,"Christian faith, sin and salvation",-0.177,B,144,321,The Hog Hath Lost His Pearl,"Tailor, Robert",5.749,0.04,0.226
comedy,"Lyly, John",5,"Christian faith, sin and salvation",-0.177,B,144,305,"If It Be Not Good, the Devil Is in It (If This Be Not a Good Play, the Devil Is in It)","Dekker, Thomas",4.544,0.032,0.179
comedy,"Lyly, John",5,"Christian faith, sin and salvation",-0.177,B,144,517,Hyde Park,"Shirley, James",3.178,0.022,0.125
comedy,"Lyly, John",56,"Magic, spells and conjuring",-0.165,B,144,86,Fedele and Fortunia (Two Italian Gentlemen),"Pasqualigo, Luigi / Munday, Anthony",7.152,0.05,0.301
comedy,"Lyly, John",56,"Magic, spells and conjuring",-0.165,B,144,121,Friar Bacon and Friar Bongay,"Greene, Robert",6.021,0.042,0.254
comedy,"Lyly, John",56,"Magic, spells and conjuring",-0.165,B,144,353,"Technogamia, or The Marriages of the Arts","Holyday, Barten",3.338,0.023,0.141
comedy,"Lyly, John",55,"Fairies, fairy queens and enchanted desire",-0.132,B,144,170,A Midsummer Night's Dream,"Shakespeare, William",12.136,0.084,0.638
comedy,"Lyly, John",55,"Fairies, fairy queens and enchanted desire",-0.132,B,144,187,The Merry Wives of Windsor,"Shakespeare, William",4.79,0.033,0.252
comedy,"Lyly, John",55,"Fairies, fairy queens and enchanted desire",-0.132,B,144,469,The Jealous Lovers,"Randolph, Thomas",2.11,0.015,0.111
comedy,"Lyly, John",37,"Riches, poverty and covetousness",-0.114,B,144,173,Summer's Last Will and Testament,"Nashe, Thomas",8.703,0.06,0.532
comedy,"Lyly, John",37,"Riches, poverty and covetousness",-0.114,B,144,469,The Jealous Lovers,"Randolph, Thomas",2.162,0.015,0.132
comedy,"Lyly, John",37,"Riches, poverty and covetousness",-0.114,B,144,616,"The Magnetic Lady, or Humors Reconciled","Jonson, Ben",2.143,0.015,0.131
comedy,"Lyly, John",50,"Fleets, armies and generals: war by sea and land",-0.093,B,144,390,The Tempest,"Shakespeare, William",6.247,0.043,0.464
comedy,"Lyly, John",50,"Fleets, armies and generals: war by sea and land",-0.093,B,144,184,Antonio and Mellida,"Marston, John",3.618,0.025,0.269
comedy,"Lyly, John",50,"Fleets, armies and generals: war by sea and land",-0.093,B,144,354,Hans Beer-Pot (See Me and See Me Not),"Belchier, Dabridgcourt",3.589,0.025,0.267
comedy,"Lyly, John",39,"Profit, conscience and dishonest dealing",-0.078,B,144,255,The Fleer,"Sharpham, Edward",6.375,0.044,0.569
comedy,"Lyly, John",39,"Profit, conscience and dishonest dealing",-0.078,B,144,234,Wily Beguiled,Anonymous,2.579,0.018,0.23
comedy,"Lyly, John",39,"Profit, conscience and dishonest dealing",-0.078,B,144,297,May Day,"Chapman, George",2.248,0.016,0.201
comedy,"Lyly, John",54,"Antony and Cleopatra: love, death and mourning",-0.072,B,144,15,The Play of the Weather,"Heywood, John",4.875,0.034,0.472
comedy,"Lyly, John",54,"Antony and Cleopatra: love, death and mourning",-0.072,B,144,517,Hyde Park,"Shirley, James",3.085,0.021,0.299
comedy,"Lyly, John",54,"Antony and Cleopatra: love, death and mourning",-0.072,B,144,168,Much Ado About Nothing,"Shakespeare, William",2.364,0.016,0.229
comedy,"Lyly, John",59,"Spanish courts: war, honour and courtship",-0.038,B,144,598,Rule a Wife and Have a Wife,"Fletcher, John",5.475,0.038,1.0
comedy,"Lyly, John",18,"Rebels, barons and the king's wars at home",-0.028,B,144,174,Look About You,Anonymous,3.991,0.028,1.0
comedy,"Lyly, John",38,"Death, parting and grief at court",-0.02,B,144,173,Summer's Last Will and Testament,"Nashe, Thomas",2.927,0.02,1.0
comedy,"Lyly, John",10,"England and France: war, embassy and peace",-0.018,B,144,175,"The Shoemaker's Holiday, or The Gentle Craft","Dekker, Thomas",2.621,0.018,1.0
comedy,"Lyly, John",36,"Hell, Furies and the language of punishment",-0.015,B,144,414,Apollo Shroving,"Hawkins, William",2.203,0.015,1.0
comedy,"Lyly, John",31,"Popes, cardinals and the crown",-0.014,B,144,456,The Staple of News,"Jonson, Ben",1.993,0.014,1.0
comedy,"Marston, John",4,Love-longing and the lover's complaint,4.426,A,6,177,Jack Drum's Entertainment (Katherine and Pasquil),"Marston, John",15.4,2.567,0.423
comedy,"Marston, John",4,Love-longing and the lover's complaint,4.426,A,6,214,The Dutch Courtesan (Cockle de Moye),"Marston, John",11.099,1.85,0.305
comedy,"Marston, John",4,Love-longing and the lover's complaint,4.426,A,6,184,Antonio and Mellida,"Marston, John",6.799,1.133,0.187
comedy,"Marston, John",4,Love-longing and the lover's complaint,4.426,B,145,242,The Fair Maid of the Exchange,Anonymous,16.999,0.117,0.071
comedy,"Marston, John",4,Love-longing and the lover's complaint,4.426,B,145,170,A Midsummer Night's Dream,"Shakespeare, William",15.522,0.107,0.065
comedy,"Marston, John",4,Love-longing and the lover's complaint,4.426,B,145,73,1 Promos and Cassandra,"Whetstone, George",14.174,0.098,0.059
comedy,"Marston, John",3,"Sickness, physic and doctors",-2.556,B,145,263,The Family of Love,"Barry, Lording",47.788,0.33,0.129
comedy,"Marston, John",3,"Sickness, physic and doctors",-2.556,B,145,508,The Wonder of A Kingdom,"Dekker, Thomas",26.555,0.183,0.072
comedy,"Marston, John",3,"Sickness, physic and doctors",-2.556,B,145,616,"The Magnetic Lady, or Humors Reconciled","Jonson, Ben",26.43,0.182,0.071
comedy,"Marston, John",9,"Theatre talk: prologues, poets and players",1.717,A,6,252,What You Will,"Marston, John",8.319,1.386,0.472
comedy,"Marston, John",9,"Theatre talk: prologues, poets and players",1.717,A,6,184,Antonio and Mellida,"Marston, John",6.7,1.117,0.38
comedy,"Marston, John",9,"Theatre talk: prologues, poets and players",1.717,A,6,214,The Dutch Courtesan (Cockle de Moye),"Marston, John",2.613,0.436,0.148
comedy,"Marston, John",9,"Theatre talk: prologues, poets and players",1.717,B,145,586,The Antipodes,"Brome, Richard",15.841,0.109,0.089
comedy,"Marston, John",9,"Theatre talk: prologues, poets and players",1.717,B,145,186,"Poetaster, or The Arraignment","Jonson, Ben",14.006,0.097,0.079
comedy,"Marston, John",9,"Theatre talk: prologues, poets and players",1.717,B,145,616,"The Magnetic Lady, or Humors Reconciled","Jonson, Ben",12.888,0.089,0.073
comedy,"Marston, John",6,"Money, debt and credit",-1.51,A,6,217,Eastward Ho,"Chapman, George / Jonson, Ben / Marston, John",2.162,0.36,1.0
comedy,"Marston, John",6,"Money, debt and credit",-1.51,B,145,580,"The Knave in Grain, New Vamped","D., J.",17.509,0.121,0.065
comedy,"Marston, John",6,"Money, debt and credit",-1.51,B,145,393,The Comedy of Errors,"Shakespeare, William",17.374,0.12,0.064
comedy,"Marston, John",6,"Money, debt and credit",-1.51,B,145,266,Your Five Gallants (The Five Witty Gallants),"Middleton, Thomas",17.369,0.12,0.064
comedy,"Marston, John",16,"Gallantry: ladies, lordships and compliment",1.28,A,6,217,Eastward Ho,"Chapman, George / Jonson, Ben / Marston, John",6.127,1.021,0.392
comedy,"Marston, John",16,"Gallantry: ladies, lordships and compliment",1.28,A,6,252,What You Will,"Marston, John",5.999,1.0,0.384
comedy,"Marston, John",16,"Gallantry: ladies, lordships and compliment",1.28,A,6,184,Antonio and Mellida,"Marston, John",3.498,0.583,0.224
comedy,"Marston, John",16,"Gallantry: ladies, lordships and compliment",1.28,B,145,518,The Lady of Pleasure,"Shirley, James",31.98,0.221,0.167
comedy,"Marston, John",16,"Gallantry: ladies, lordships and compliment",1.28,B,145,549,The Ball,"Shirley, James",14.407,0.099,0.075
comedy,"Marston, John",16,"Gallantry: ladies, lordships and compliment",1.28,B,145,517,Hyde Park,"Shirley, James",9.473,0.065,0.049
comedy,"Marston, John",27,"Uncles, nephews and cousins: kinship and patronage",-1.277,B,145,568,The City Match,"Mayne, Jasper",19.519,0.135,0.105
comedy,"Marston, John",27,"Uncles, nephews and cousins: kinship and patronage",-1.277,B,145,262,A Trick to Catch the Old One,"Middleton, Thomas",19.512,0.135,0.105
comedy,"Marston, John",27,"Uncles, nephews and cousins: kinship and patronage",-1.277,B,145,228,Sir Giles Goosecap,"Chapman, George",12.451,0.086,0.067
comedy,"Marston, John",11,"Siblings, kin and confidants",-1.261,B,145,323,"Greene's Tu Quoque, or The City Gallant","Cooke, John",16.755,0.116,0.092
comedy,"Marston, John",11,"Siblings, kin and confidants",-1.261,B,145,242,The Fair Maid of the Exchange,Anonymous,9.798,0.068,0.054
comedy,"Marston, John",11,"Siblings, kin and confidants",-1.261,B,145,540,Tottenham Court,"Nabbes, Thomas",9.085,0.063,0.05
comedy,"Marston, John",35,"Fools, wit and railing",1.15,A,6,184,Antonio and Mellida,"Marston, John",3.463,0.577,0.32
comedy,"Marston, John",35,"Fools, wit and railing",1.15,A,6,177,Jack Drum's Entertainment (Katherine and Pasquil),"Marston, John",3.263,0.544,0.301
comedy,"Marston, John",35,"Fools, wit and railing",1.15,A,6,230,"Parasitaster, or The Fawn","Marston, John",2.272,0.379,0.21
comedy,"Marston, John",35,"Fools, wit and railing",1.15,B,145,431,"Aristippus, or The Jovial Philosopher","Randolph, Thomas",16.519,0.114,0.174
comedy,"Marston, John",35,"Fools, wit and railing",1.15,B,145,515,The Elder Brother,"Fletcher, John / Massinger, Philip",10.178,0.07,0.107
comedy,"Marston, John",35,"Fools, wit and railing",1.15,B,145,591,Wit in a Constable,"Glapthorne, Henry",6.493,0.045,0.068
comedy,"Marston, John",0,"Court life: dukes, favour and honour",-1.128,A,6,230,"Parasitaster, or The Fawn","Marston, John",11.313,1.886,0.522
comedy,"Marston, John",0,"Court life: dukes, favour and honour",-1.128,A,6,184,Antonio and Mellida,"Marston, John",7.468,1.245,0.345
comedy,"Marston, John",0,"Court life: dukes, favour and honour",-1.128,A,6,252,What You Will,"Marston, John",2.89,0.482,0.133
comedy,"Marston, John",0,"Court life: dukes, favour and honour",-1.128,B,145,575,The Opportunity,"Shirley, James",86.168,0.594,0.125
comedy,"Marston, John",0,"Court life: dukes, favour and honour",-1.128,B,145,577,The Humorous Courtier (The Duke),"Shirley, James",65.484,0.452,0.095
comedy,"Marston, John",0,"Court life: dukes, favour and honour",-1.128,B,145,538,The Royal Master,"Shirley, James",61.223,0.422,0.089
comedy,"Marston, John",14,"Royal love, favour and dynastic relationships",1.124,A,6,230,"Parasitaster, or The Fawn","Marston, John",4.603,0.767,0.565
comedy,"Marston, John",14,"Royal love, favour and dynastic relationships",1.124,A,6,184,Antonio and Mellida,"Marston, John",3.547,0.591,0.435
comedy,"Marston, John",14,"Royal love, favour and dynastic relationships",1.124,B,145,538,The Royal Master,"Shirley, James",8.166,0.056,0.241
comedy,"Marston, John",14,"Royal love, favour and dynastic relationships",1.124,B,145,267,Law Tricks,"Day, John",6.442,0.044,0.19
comedy,"Marston, John",14,"Royal love, favour and dynastic relationships",1.124,B,145,493,A Maidenhead Well Lost,"Heywood, Thomas",3.73,0.026,0.11
comedy,"Marston, John",28,"Marriage-making: weddings, brides and matches",-1.106,B,145,125,Mother Bombie,"Lyly, John",17.628,0.122,0.11
comedy,"Marston, John",28,"Marriage-making: weddings, brides and matches",-1.106,B,145,535,The Wise Woman of Hogsdon,"Heywood, Thomas",16.983,0.117,0.106
comedy,"Marston, John",28,"Marriage-making: weddings, brides and matches",-1.106,B,145,299,A Woman Is a Weathercock,"Field, Nathan",13.091,0.09,0.082
comedy,"Marston, John",24,"Apollo, Phoebus and the Muses",-1.001,B,145,414,Apollo Shroving,"Hawkins, William",63.239,0.436,0.436
comedy,"Marston, John",24,"Apollo, Phoebus and the Muses",-1.001,B,145,164,The Maid's Metamorphosis,Anonymous,28.256,0.195,0.195
comedy,"Marston, John",24,"Apollo, Phoebus and the Muses",-1.001,B,145,106,Midas,"Lyly, John",25.99,0.179,0.179
comedy,"Marston, John",33,"Fathers, daughters and marriage negotiations",-0.961,B,145,91,Andria (The Woman from Andros),"Terence (Publius Terentius Afer) / Kyffin, Maurice",42.015,0.29,0.301
comedy,"Marston, John",33,"Fathers, daughters and marriage negotiations",-0.961,B,145,219,All Fools,"Chapman, George",7.868,0.054,0.056
comedy,"Marston, John",33,"Fathers, daughters and marriage negotiations",-0.961,B,145,592,The Constant Maid (Love Will Find Out the Way),"Shirley, James",6.173,0.043,0.044
comedy,"Marston, John",45,"Widows, wooing and remarriage",-0.833,B,145,262,A Trick to Catch the Old One,"Middleton, Thomas",30.947,0.213,0.256
comedy,"Marston, John",45,"Widows, wooing and remarriage",-0.833,B,145,292,"Ram Alley, or Merry Tricks","Barry, Lording",21.84,0.151,0.181
comedy,"Marston, John",45,"Widows, wooing and remarriage",-0.833,B,145,476,A Match at Midnight,"R., W.",21.603,0.149,0.179
comedy,"Marston, John",15,Friars and holy orders in plot,-0.724,B,145,121,Friar Bacon and Friar Bongay,"Greene, Robert",31.491,0.217,0.3
comedy,"Marston, John",15,Friars and holy orders in plot,-0.724,B,145,561,A New Trick to Cheat the Devil,"Davenport, Robert",20.012,0.138,0.191
comedy,"Marston, John",15,Friars and holy orders in plot,-0.724,B,145,305,"If It Be Not Good, the Devil Is in It (If This Be Not a Good Play, the Devil Is in It)","Dekker, Thomas",13.81,0.095,0.132
comedy,"Marston, John",49,"Wooing a mistress: suitors, go-betweens and letters",-0.584,B,145,477,The Witty Fair One,"Shirley, James",8.925,0.062,0.105
comedy,"Marston, John",49,"Wooing a mistress: suitors, go-betweens and letters",-0.584,B,145,462,"Changes, or Love in a Maze","Shirley, James",7.372,0.051,0.087
comedy,"Marston, John",49,"Wooing a mistress: suitors, go-betweens and letters",-0.584,B,145,521,The Example,"Shirley, James",5.612,0.039,0.066
comedy,"Marston, John",50,"Fleets, armies and generals: war by sea and land",0.535,A,6,184,Antonio and Mellida,"Marston, John",3.618,0.603,1.0
comedy,"Marston, John",50,"Fleets, armies and generals: war by sea and land",0.535,B,145,390,The Tempest,"Shakespeare, William",6.247,0.043,0.635
comedy,"Marston, John",50,"Fleets, armies and generals: war by sea and land",0.535,B,145,354,Hans Beer-Pot (See Me and See Me Not),"Belchier, Dabridgcourt",3.589,0.025,0.365
comedy,"Marston, John",22,"Shepherds, flocks and Pan",-0.475,B,145,394,As You Like It,"Shakespeare, William",16.101,0.111,0.234
comedy,"Marston, John",22,"Shepherds, flocks and Pan",-0.475,B,145,164,The Maid's Metamorphosis,Anonymous,14.247,0.098,0.207
comedy,"Marston, John",22,"Shepherds, flocks and Pan",-0.475,B,145,441,The School of Compliment (Love Tricks),"Shirley, James",11.393,0.079,0.165
comedy,"Marston, John",52,"Prodigals, portions and poor kin",-0.435,B,145,460,"A New Wonder, A Woman Never Vexed","Heywood, Thomas / Rowley, William",15.801,0.109,0.251
comedy,"Marston, John",52,"Prodigals, portions and poor kin",-0.435,B,145,222,The London Prodigal,Anonymous,12.567,0.087,0.199
comedy,"Marston, John",52,"Prodigals, portions and poor kin",-0.435,B,145,394,As You Like It,"Shakespeare, William",6.666,0.046,0.106
comedy,"Marston, John",26,"Devils, hell and fiends",-0.405,A,6,214,The Dutch Courtesan (Cockle de Moye),"Marston, John",2.962,0.494,1.0
comedy,"Marston, John",26,"Devils, hell and fiends",-0.405,B,145,457,The Devil Is an Ass,"Jonson, Ben",24.568,0.169,0.188
comedy,"Marston, John",26,"Devils, hell and fiends",-0.405,B,145,561,A New Trick to Cheat the Devil,"Davenport, Robert",22.476,0.155,0.172
comedy,"Marston, John",26,"Devils, hell and fiends",-0.405,B,145,305,"If It Be Not Good, the Devil Is in It (If This Be Not a Good Play, the Devil Is in It)","Dekker, Thomas",20.204,0.139,0.155
comedy,"Marston, John",30,"Constables, justices and the watch",-0.394,A,6,214,The Dutch Courtesan (Cockle de Moye),"Marston, John",2.877,0.48,1.0
comedy,"Marston, John",30,"Constables, justices and the watch",-0.394,B,145,617,A Tale of a Tub,"Jonson, Ben",65.356,0.451,0.516
comedy,"Marston, John",30,"Constables, justices and the watch",-0.394,B,145,591,Wit in a Constable,"Glapthorne, Henry",16.105,0.111,0.127
comedy,"Marston, John",30,"Constables, justices and the watch",-0.394,B,145,542,Covent Garden,"Nabbes, Thomas",8.465,0.058,0.067
comedy,"Marston, John",46,"Swords, quarrels and valour",-0.382,B,145,176,Every Man in His Humor,"Jonson, Ben",9.499,0.066,0.171
comedy,"Marston, John",46,"Swords, quarrels and valour",-0.382,B,145,521,The Example,"Shirley, James",5.426,0.037,0.098
comedy,"Marston, John",46,"Swords, quarrels and valour",-0.382,B,145,515,The Elder Brother,"Fletcher, John / Massinger, Philip",5.264,0.036,0.095
comedy,"Marston, John",1,"Death, grief and revenge",0.317,A,6,177,Jack Drum's Entertainment (Katherine and Pasquil),"Marston, John",12.343,2.057,1.0
comedy,"Marston, John",1,"Death, grief and revenge",0.317,B,145,425,The Wedding,"Shirley, James",22.44,0.155,0.089
comedy,"Marston, John",1,"Death, grief and revenge",0.317,B,145,74,2 Promos and Cassandra,"Whetstone, George",21.608,0.149,0.086
comedy,"Marston, John",1,"Death, grief and revenge",0.317,B,145,191,How a Man May Choose a Good Wife from a Bad,Anonymous,14.23,0.098,0.056
comedy,"Marston, John",8,"Captains, gallants and cheats",-0.313,A,6,217,Eastward Ho,"Chapman, George / Jonson, Ben / Marston, John",8.534,1.422,1.0
comedy,"Marston, John",8,"Captains, gallants and cheats",-0.313,B,145,251,"The Puritan, or The Widow of Watling Street (The Puritan Widow)","Middleton, Thomas",29.711,0.205,0.118
comedy,"Marston, John",8,"Captains, gallants and cheats",-0.313,B,145,297,May Day,"Chapman, George",24.337,0.168,0.097
comedy,"Marston, John",8,"Captains, gallants and cheats",-0.313,B,145,195,"Satiromastix, or The Untrussing of the Humorous Poet","Dekker, Thomas",20.171,0.139,0.08
comedy,"Marston, John",23,"Husbands, wives and jealousy",0.313,A,6,230,"Parasitaster, or The Fawn","Marston, John",4.437,0.739,0.59
comedy,"Marston, John",23,"Husbands, wives and jealousy",0.313,A,6,177,Jack Drum's Entertainment (Katherine and Pasquil),"Marston, John",3.087,0.515,0.41
comedy,"Marston, John",23,"Husbands, wives and jealousy",0.313,B,145,219,All Fools,"Chapman, George",16.0,0.11,0.117
comedy,"Marston, John",23,"Husbands, wives and jealousy",0.313,B,145,247,Cupid's Whirligig,"Sharpham, Edward",15.293,0.105,0.112
comedy,"Marston, John",23,"Husbands, wives and jealousy",0.313,B,145,540,Tottenham Court,"Nabbes, Thomas",12.2,0.084,0.089
comedy,"Marston, John",2,"Roman politics: senate, consuls and civil war",0.31,A,6,252,What You Will,"Marston, John",2.896,0.483,1.0
comedy,"Marston, John",2,"Roman politics: senate, consuls and civil war",0.31,B,145,186,"Poetaster, or The Arraignment","Jonson, Ben",13.626,0.094,0.543
comedy,"Marston, John",2,"Roman politics: senate, consuls and civil war",0.31,B,145,556,"The Sophister (Fallacy, or The Troubles of Great Hermenia)","Zouche, Richard",2.952,0.02,0.118
comedy,"Marston, John",2,"Roman politics: senate, consuls and civil war",0.31,B,145,58,Damon and Pithias,"Edwards, Richard",2.77,0.019,0.11
comedy,"Marston, John",51,"Parents and children: blessing, birthright and inheritance",-0.258,B,145,125,Mother Bombie,"Lyly, John",5.932,0.041,0.159
comedy,"Marston, John",51,"Parents and children: blessing, birthright and inheritance",-0.258,B,145,281,The Case Is Altered,"Jonson, Ben",5.573,0.038,0.149
comedy,"Marston, John",51,"Parents and children: blessing, birthright and inheritance",-0.258,B,145,15,The Play of the Weather,"Heywood, John",4.619,0.032,0.124
comedy,"Marston, John",40,"Sin, guilt and violent loss within families",-0.251,B,145,73,1 Promos and Cassandra,"Whetstone, George",9.634,0.066,0.265
comedy,"Marston, John",40,"Sin, guilt and violent loss within families",-0.251,B,145,74,2 Promos and Cassandra,"Whetstone, George",5.286,0.036,0.145
comedy,"Marston, John",40,"Sin, guilt and violent loss within families",-0.251,B,145,176,Every Man in His Humor,"Jonson, Ben",3.964,0.027,0.109
comedy,"Marston, John",62,"The courtier as a type: fashion, affectation and foreign manners",-0.248,B,145,181,"Cynthia's Revels, or The Fountain of Self-Love","Jonson, Ben",7.88,0.054,0.219
comedy,"Marston, John",62,"The courtier as a type: fashion, affectation and foreign manners",-0.248,B,145,323,"Greene's Tu Quoque, or The City Gallant","Cooke, John",6.432,0.044,0.179
comedy,"Marston, John",62,"The courtier as a type: fashion, affectation and foreign manners",-0.248,B,145,58,Damon and Pithias,"Edwards, Richard",5.305,0.037,0.147
comedy,"Marston, John",7,The Trojan war: conflict and its aftermath,-0.245,B,145,37,Thersites,"Udall, Nicholas",22.193,0.153,0.625
comedy,"Marston, John",7,The Trojan war: conflict and its aftermath,-0.245,B,145,84,"Campaspe (Alexander, Campaspe, and Diogenes)","Lyly, John",3.896,0.027,0.11
comedy,"Marston, John",7,The Trojan war: conflict and its aftermath,-0.245,B,145,150,Love's Labor's Lost,"Shakespeare, William",2.713,0.019,0.076
comedy,"Marston, John",12,"Olympian gods: Jupiter, Juno, Venus and Mars",-0.196,B,145,144,The Woman in the Moon,"Lyly, John",11.634,0.08,0.41
comedy,"Marston, John",12,"Olympian gods: Jupiter, Juno, Venus and Mars",-0.196,B,145,186,"Poetaster, or The Arraignment","Jonson, Ben",9.996,0.069,0.352
comedy,"Marston, John",12,"Olympian gods: Jupiter, Juno, Venus and Mars",-0.196,B,145,84,"Campaspe (Alexander, Campaspe, and Diogenes)","Lyly, John",3.858,0.027,0.136
comedy,"Marston, John",20,"Hercules: labours, suffering and virtue",-0.193,B,145,37,Thersites,"Udall, Nicholas",13.991,0.096,0.501
comedy,"Marston, John",20,"Hercules: labours, suffering and virtue",-0.193,B,145,121,Friar Bacon and Friar Bongay,"Greene, Robert",6.09,0.042,0.218
comedy,"Marston, John",20,"Hercules: labours, suffering and virtue",-0.193,B,145,556,"The Sophister (Fallacy, or The Troubles of Great Hermenia)","Zouche, Richard",3.266,0.023,0.117
comedy,"Marston, John",5,"Christian faith, sin and salvation",-0.175,B,145,321,The Hog Hath Lost His Pearl,"Tailor, Robert",5.749,0.04,0.226
comedy,"Marston, John",5,"Christian faith, sin and salvation",-0.175,B,145,305,"If It Be Not Good, the Devil Is in It (If This Be Not a Good Play, the Devil Is in It)","Dekker, Thomas",4.544,0.031,0.179
comedy,"Marston, John",5,"Christian faith, sin and salvation",-0.175,B,145,517,Hyde Park,"Shirley, James",3.178,0.022,0.125
comedy,"Marston, John",56,"Magic, spells and conjuring",-0.164,B,145,86,Fedele and Fortunia (Two Italian Gentlemen),"Pasqualigo, Luigi / Munday, Anthony",7.152,0.049,0.301
comedy,"Marston, John",56,"Magic, spells and conjuring",-0.164,B,145,121,Friar Bacon and Friar Bongay,"Greene, Robert",6.021,0.042,0.254
comedy,"Marston, John",56,"Magic, spells and conjuring",-0.164,B,145,353,"Technogamia, or The Marriages of the Arts","Holyday, Barten",3.338,0.023,0.141
comedy,"Marston, John",55,"Fairies, fairy queens and enchanted desire",-0.131,B,145,170,A Midsummer Night's Dream,"Shakespeare, William",12.136,0.084,0.638
comedy,"Marston, John",55,"Fairies, fairy queens and enchanted desire",-0.131,B,145,187,The Merry Wives of Windsor,"Shakespeare, William",4.79,0.033,0.252
comedy,"Marston, John",55,"Fairies, fairy queens and enchanted desire",-0.131,B,145,469,The Jealous Lovers,"Randolph, Thomas",2.11,0.015,0.111
comedy,"Marston, John",47,"Knaves, thieves and bawds",0.114,A,6,214,The Dutch Courtesan (Cockle de Moye),"Marston, John",3.001,0.5,1.0
comedy,"Marston, John",47,"Knaves, thieves and bawds",0.114,B,145,435,2 The Honest Whore (2 The Converted Courtesan),"Dekker, Thomas",14.865,0.103,0.265
comedy,"Marston, John",47,"Knaves, thieves and bawds",0.114,B,145,574,"The Night Walker, or The Little Thief","Fletcher, John / Shirley, James",7.67,0.053,0.137
comedy,"Marston, John",47,"Knaves, thieves and bawds",0.114,B,145,67,Gammer Gurton's Needle,"Stevenson, William",6.886,0.047,0.123
comedy,"Marston, John",37,"Riches, poverty and covetousness",-0.113,B,145,173,Summer's Last Will and Testament,"Nashe, Thomas",8.703,0.06,0.532
comedy,"Marston, John",37,"Riches, poverty and covetousness",-0.113,B,145,469,The Jealous Lovers,"Randolph, Thomas",2.162,0.015,0.132
comedy,"Marston, John",37,"Riches, poverty and covetousness",-0.113,B,145,616,"The Magnetic Lady, or Humors Reconciled","Jonson, Ben",2.143,0.015,0.131
comedy,"Marston, John",32,Rings and jewels as tokens,-0.108,A,6,214,The Dutch Courtesan (Cockle de Moye),"Marston, John",2.782,0.464,1.0
comedy,"Marston, John",32,Rings and jewels as tokens,-0.108,B,145,364,"The Two Merry Milkmaids, or The Best Words Wear the Garland","Cumber, John",15.027,0.104,0.181
comedy,"Marston, John",32,Rings and jewels as tokens,-0.108,B,145,172,The Merchant of Venice (The Jew of Venice),"Shakespeare, William",7.738,0.053,0.093
comedy,"Marston, John",32,Rings and jewels as tokens,-0.108,B,145,493,A Maidenhead Well Lost,"Heywood, Thomas",7.626,0.053,0.092
comedy,"Marston, John",44,"Drinking: wine, ale and taverns",-0.101,A,6,177,Jack Drum's Entertainment (Katherine and Pasquil),"Marston, John",3.062,0.51,1.0
comedy,"Marston, John",44,"Drinking: wine, ale and taverns",-0.101,B,145,455,Bartholomew Fair,"Jonson, Ben",13.813,0.095,0.156
comedy,"Marston, John",44,"Drinking: wine, ale and taverns",-0.101,B,145,173,Summer's Last Will and Testament,"Nashe, Thomas",9.188,0.063,0.104
comedy,"Marston, John",44,"Drinking: wine, ale and taverns",-0.101,B,145,494,The Late Lancashire Witches,"Heywood, Thomas / Brome, Richard",7.046,0.049,0.08
comedy,"Marston, John",17,"Eastern conquest: Persians, Turks and soldans",-0.077,B,145,354,Hans Beer-Pot (See Me and See Me Not),"Belchier, Dabridgcourt",3.822,0.026,0.341
comedy,"Marston, John",17,"Eastern conquest: Persians, Turks and soldans",-0.077,B,145,84,"Campaspe (Alexander, Campaspe, and Diogenes)","Lyly, John",3.744,0.026,0.334
comedy,"Marston, John",17,"Eastern conquest: Persians, Turks and soldans",-0.077,B,145,493,A Maidenhead Well Lost,"Heywood, Thomas",3.64,0.025,0.325
comedy,"Marston, John",39,"Profit, conscience and dishonest dealing",-0.077,B,145,255,The Fleer,"Sharpham, Edward",6.375,0.044,0.569
comedy,"Marston, John",39,"Profit, conscience and dishonest dealing",-0.077,B,145,234,Wily Beguiled,Anonymous,2.579,0.018,0.23
comedy,"Marston, John",39,"Profit, conscience and dishonest dealing",-0.077,B,145,297,May Day,"Chapman, George",2.248,0.016,0.201
comedy,"Marston, John",54,"Antony and Cleopatra: love, death and mourning",-0.071,B,145,15,The Play of the Weather,"Heywood, John",4.875,0.034,0.472
comedy,"Marston, John",54,"Antony and Cleopatra: love, death and mourning",-0.071,B,145,517,Hyde Park,"Shirley, James",3.085,0.021,0.299
comedy,"Marston, John",54,"Antony and Cleopatra: love, death and mourning",-0.071,B,145,168,Much Ado About Nothing,"Shakespeare, William",2.364,0.016,0.229
comedy,"Marston, John",21,"Cupid, Venus and the nymphs",-0.07,A,6,230,"Parasitaster, or The Fawn","Marston, John",4.455,0.742,1.0
comedy,"Marston, John",21,"Cupid, Venus and the nymphs",-0.07,B,145,105,Gallathea,"Lyly, John",40.777,0.281,0.346
comedy,"Marston, John",21,"Cupid, Venus and the nymphs",-0.07,B,145,82,Sappho and Phao,"Lyly, John",22.29,0.154,0.189
comedy,"Marston, John",21,"Cupid, Venus and the nymphs",-0.07,B,145,181,"Cynthia's Revels, or The Fountain of Self-Love","Jonson, Ben",10.814,0.075,0.092
comedy,"Marston, John",34,"Thebes and royal catastrophe: siege, slaughter and funeral rites",-0.056,B,145,84,"Campaspe (Alexander, Campaspe, and Diogenes)","Lyly, John",8.08,0.056,1.0
comedy,"Marston, John",25,"Kings, power and law: political sententiae",-0.039,B,145,106,Midas,"Lyly, John",3.354,0.023,0.594
comedy,"Marston, John",25,"Kings, power and law: political sententiae",-0.039,B,145,305,"If It Be Not Good, the Devil Is in It (If This Be Not a Good Play, the Devil Is in It)","Dekker, Thomas",2.295,0.016,0.406
comedy,"Marston, John",59,"Spanish courts: war, honour and courtship",-0.038,B,145,598,Rule a Wife and Have a Wife,"Fletcher, John",5.475,0.038,1.0
comedy,"Marston, John",18,"Rebels, barons and the king's wars at home",-0.028,B,145,174,Look About You,Anonymous,3.991,0.028,1.0
comedy,"Marston, John",38,"Death, parting and grief at court",-0.02,B,145,173,Summer's Last Will and Testament,"Nashe, Thomas",2.927,0.02,1.0
comedy,"Marston, John",10,"England and France: war, embassy and peace",-0.018,B,145,175,"The Shoemaker's Holiday, or The Gentle Craft","Dekker, Thomas",2.621,0.018,1.0
comedy,"Marston, John",36,"Hell, Furies and the language of punishment",-0.015,B,145,414,Apollo Shroving,"Hawkins, William",2.203,0.015,1.0
comedy,"Marston, John",31,"Popes, cardinals and the crown",-0.014,B,145,456,The Staple of News,"Jonson, Ben",1.993,0.014,1.0
comedy,"Middleton, Thomas",8,"Captains, gallants and cheats",4.548,A,10,251,"The Puritan, or The Widow of Watling Street (The Puritan Widow)","Middleton, Thomas",29.711,2.971,0.498
comedy,"Middleton, Thomas",8,"Captains, gallants and cheats",4.548,A,10,243,The Phoenix,"Middleton, Thomas",12.4,1.24,0.208
comedy,"Middleton, Thomas",8,"Captains, gallants and cheats",4.548,A,10,276,"A Mad World, My Masters","Middleton, Thomas",11.167,1.117,0.187
comedy,"Middleton, Thomas",8,"Captains, gallants and cheats",4.548,B,141,297,May Day,"Chapman, George",24.337,0.173,0.121
comedy,"Middleton, Thomas",8,"Captains, gallants and cheats",4.548,B,141,195,"Satiromastix, or The Untrussing of the Humorous Poet","Dekker, Thomas",20.171,0.143,0.101
comedy,"Middleton, Thomas",8,"Captains, gallants and cheats",4.548,B,141,481,A Fine Companion,"Marmion, Shackerley",17.748,0.126,0.089
comedy,"Middleton, Thomas",6,"Money, debt and credit",4.507,A,10,266,Your Five Gallants (The Five Witty Gallants),"Middleton, Thomas",17.369,1.737,0.289
comedy,"Middleton, Thomas",6,"Money, debt and credit",4.507,A,10,243,The Phoenix,"Middleton, Thomas",14.988,1.499,0.249
comedy,"Middleton, Thomas",6,"Money, debt and credit",4.507,A,10,251,"The Puritan, or The Widow of Watling Street (The Puritan Widow)","Middleton, Thomas",13.87,1.387,0.23
comedy,"Middleton, Thomas",6,"Money, debt and credit",4.507,B,141,580,"The Knave in Grain, New Vamped","D., J.",17.509,0.124,0.082
comedy,"Middleton, Thomas",6,"Money, debt and credit",4.507,B,141,393,The Comedy of Errors,"Shakespeare, William",17.374,0.123,0.081
comedy,"Middleton, Thomas",6,"Money, debt and credit",4.507,B,141,354,Hans Beer-Pot (See Me and See Me Not),"Belchier, Dabridgcourt",14.853,0.105,0.07
comedy,"Middleton, Thomas",45,"Widows, wooing and remarriage",3.303,A,10,262,A Trick to Catch the Old One,"Middleton, Thomas",30.947,3.095,0.797
comedy,"Middleton, Thomas",45,"Widows, wooing and remarriage",3.303,A,10,251,"The Puritan, or The Widow of Watling Street (The Puritan Widow)","Middleton, Thomas",5.148,0.515,0.133
comedy,"Middleton, Thomas",45,"Widows, wooing and remarriage",3.303,A,10,244,Michaelmas Term,"Middleton, Thomas",2.744,0.274,0.071
comedy,"Middleton, Thomas",45,"Widows, wooing and remarriage",3.303,B,141,292,"Ram Alley, or Merry Tricks","Barry, Lording",21.84,0.155,0.266
comedy,"Middleton, Thomas",45,"Widows, wooing and remarriage",3.303,B,141,476,A Match at Midnight,"R., W.",21.603,0.153,0.264
comedy,"Middleton, Thomas",45,"Widows, wooing and remarriage",3.303,B,141,460,"A New Wonder, A Woman Never Vexed","Heywood, Thomas / Rowley, William",8.849,0.063,0.108
comedy,"Middleton, Thomas",0,"Court life: dukes, favour and honour",-3.07,A,10,204,1 The Honest Whore (1 The Converted Courtesan) (The Patient Man and the Honest Whore),"Dekker, Thomas / Middleton, Thomas",8.15,0.815,0.446
comedy,"Middleton, Thomas",0,"Court life: dukes, favour and honour",-3.07,A,10,243,The Phoenix,"Middleton, Thomas",7.423,0.742,0.406
comedy,"Middleton, Thomas",0,"Court life: dukes, favour and honour",-3.07,A,10,412,A Game at Chess,"Middleton, Thomas",2.715,0.272,0.148
comedy,"Middleton, Thomas",0,"Court life: dukes, favour and honour",-3.07,B,141,575,The Opportunity,"Shirley, James",86.168,0.611,0.125
comedy,"Middleton, Thomas",0,"Court life: dukes, favour and honour",-3.07,B,141,577,The Humorous Courtier (The Duke),"Shirley, James",65.484,0.464,0.095
comedy,"Middleton, Thomas",0,"Court life: dukes, favour and honour",-3.07,B,141,538,The Royal Master,"Shirley, James",61.223,0.434,0.089
comedy,"Middleton, Thomas",27,"Uncles, nephews and cousins: kinship and patronage",2.333,A,10,262,A Trick to Catch the Old One,"Middleton, Thomas",19.512,1.951,0.573
comedy,"Middleton, Thomas",27,"Uncles, nephews and cousins: kinship and patronage",2.333,A,10,243,The Phoenix,"Middleton, Thomas",7.494,0.749,0.22
comedy,"Middleton, Thomas",27,"Uncles, nephews and cousins: kinship and patronage",2.333,A,10,266,Your Five Gallants (The Five Witty Gallants),"Middleton, Thomas",4.916,0.492,0.144
comedy,"Middleton, Thomas",27,"Uncles, nephews and cousins: kinship and patronage",2.333,B,141,568,The City Match,"Mayne, Jasper",19.519,0.138,0.129
comedy,"Middleton, Thomas",27,"Uncles, nephews and cousins: kinship and patronage",2.333,B,141,228,Sir Giles Goosecap,"Chapman, George",12.451,0.088,0.082
comedy,"Middleton, Thomas",27,"Uncles, nephews and cousins: kinship and patronage",2.333,B,141,523,The Gamester,"Shirley, James",10.338,0.073,0.068
comedy,"Middleton, Thomas",4,Love-longing and the lover's complaint,-1.952,B,141,242,The Fair Maid of the Exchange,Anonymous,16.999,0.121,0.062
comedy,"Middleton, Thomas",4,Love-longing and the lover's complaint,-1.952,B,141,170,A Midsummer Night's Dream,"Shakespeare, William",15.522,0.11,0.056
comedy,"Middleton, Thomas",4,Love-longing and the lover's complaint,-1.952,B,141,177,Jack Drum's Entertainment (Katherine and Pasquil),"Marston, John",15.4,0.109,0.056
comedy,"Middleton, Thomas",1,"Death, grief and revenge",-1.066,A,10,412,A Game at Chess,"Middleton, Thomas",2.778,0.278,0.367
comedy,"Middleton, Thomas",1,"Death, grief and revenge",-1.066,A,10,251,"The Puritan, or The Widow of Watling Street (The Puritan Widow)","Middleton, Thomas",2.766,0.277,0.365
comedy,"Middleton, Thomas",1,"Death, grief and revenge",-1.066,A,10,204,1 The Honest Whore (1 The Converted Courtesan) (The Patient Man and the Honest Whore),"Dekker, Thomas / Middleton, Thomas",2.031,0.203,0.268
comedy,"Middleton, Thomas",1,"Death, grief and revenge",-1.066,B,141,425,The Wedding,"Shirley, James",22.44,0.159,0.087
comedy,"Middleton, Thomas",1,"Death, grief and revenge",-1.066,B,141,74,2 Promos and Cassandra,"Whetstone, George",21.608,0.153,0.084
comedy,"Middleton, Thomas",1,"Death, grief and revenge",-1.066,B,141,191,How a Man May Choose a Good Wife from a Bad,Anonymous,14.23,0.101,0.055
comedy,"Middleton, Thomas",3,"Sickness, physic and doctors",-1.03,A,10,276,"A Mad World, My Masters","Middleton, Thomas",10.802,1.08,0.724
comedy,"Middleton, Thomas",3,"Sickness, physic and doctors",-1.03,A,10,204,1 The Honest Whore (1 The Converted Courtesan) (The Patient Man and the Honest Whore),"Dekker, Thomas / Middleton, Thomas",4.118,0.412,0.276
comedy,"Middleton, Thomas",3,"Sickness, physic and doctors",-1.03,B,141,263,The Family of Love,"Barry, Lording",47.788,0.339,0.134
comedy,"Middleton, Thomas",3,"Sickness, physic and doctors",-1.03,B,141,508,The Wonder of A Kingdom,"Dekker, Thomas",26.555,0.188,0.075
comedy,"Middleton, Thomas",3,"Sickness, physic and doctors",-1.03,B,141,616,"The Magnetic Lady, or Humors Reconciled","Jonson, Ben",26.43,0.187,0.074
comedy,"Middleton, Thomas",24,"Apollo, Phoebus and the Muses",-1.03,B,141,414,Apollo Shroving,"Hawkins, William",63.239,0.449,0.436
comedy,"Middleton, Thomas",24,"Apollo, Phoebus and the Muses",-1.03,B,141,164,The Maid's Metamorphosis,Anonymous,28.256,0.2,0.195
comedy,"Middleton, Thomas",24,"Apollo, Phoebus and the Muses",-1.03,B,141,106,Midas,"Lyly, John",25.99,0.184,0.179
comedy,"Middleton, Thomas",16,"Gallantry: ladies, lordships and compliment",-0.869,A,10,276,"A Mad World, My Masters","Middleton, Thomas",5.632,0.563,1.0
comedy,"Middleton, Thomas",16,"Gallantry: ladies, lordships and compliment",-0.869,B,141,518,The Lady of Pleasure,"Shirley, James",31.98,0.227,0.158
comedy,"Middleton, Thomas",16,"Gallantry: ladies, lordships and compliment",-0.869,B,141,549,The Ball,"Shirley, James",14.407,0.102,0.071
comedy,"Middleton, Thomas",16,"Gallantry: ladies, lordships and compliment",-0.869,B,141,517,Hyde Park,"Shirley, James",9.473,0.067,0.047
comedy,"Middleton, Thomas",23,"Husbands, wives and jealousy",-0.752,A,10,243,The Phoenix,"Middleton, Thomas",2.506,0.251,1.0
comedy,"Middleton, Thomas",23,"Husbands, wives and jealousy",-0.752,B,141,219,All Fools,"Chapman, George",16.0,0.113,0.113
comedy,"Middleton, Thomas",23,"Husbands, wives and jealousy",-0.752,B,141,247,Cupid's Whirligig,"Sharpham, Edward",15.293,0.108,0.108
comedy,"Middleton, Thomas",23,"Husbands, wives and jealousy",-0.752,B,141,540,Tottenham Court,"Nabbes, Thomas",12.2,0.087,0.086
comedy,"Middleton, Thomas",35,"Fools, wit and railing",-0.75,B,141,431,"Aristippus, or The Jovial Philosopher","Randolph, Thomas",16.519,0.117,0.156
comedy,"Middleton, Thomas",35,"Fools, wit and railing",-0.75,B,141,515,The Elder Brother,"Fletcher, John / Massinger, Philip",10.178,0.072,0.096
comedy,"Middleton, Thomas",35,"Fools, wit and railing",-0.75,B,141,591,Wit in a Constable,"Glapthorne, Henry",6.493,0.046,0.061
comedy,"Middleton, Thomas",33,"Fathers, daughters and marriage negotiations",-0.706,A,10,244,Michaelmas Term,"Middleton, Thomas",2.636,0.264,1.0
comedy,"Middleton, Thomas",33,"Fathers, daughters and marriage negotiations",-0.706,B,141,91,Andria (The Woman from Andros),"Terence (Publius Terentius Afer) / Kyffin, Maurice",42.015,0.298,0.307
comedy,"Middleton, Thomas",33,"Fathers, daughters and marriage negotiations",-0.706,B,141,219,All Fools,"Chapman, George",7.868,0.056,0.058
comedy,"Middleton, Thomas",33,"Fathers, daughters and marriage negotiations",-0.706,B,141,592,The Constant Maid (Love Will Find Out the Way),"Shirley, James",6.173,0.044,0.045
comedy,"Middleton, Thomas",26,"Devils, hell and fiends",-0.659,A,10,276,"A Mad World, My Masters","Middleton, Thomas",2.678,0.268,1.0
comedy,"Middleton, Thomas",26,"Devils, hell and fiends",-0.659,B,141,457,The Devil Is an Ass,"Jonson, Ben",24.568,0.174,0.188
comedy,"Middleton, Thomas",26,"Devils, hell and fiends",-0.659,B,141,561,A New Trick to Cheat the Devil,"Davenport, Robert",22.476,0.159,0.172
comedy,"Middleton, Thomas",26,"Devils, hell and fiends",-0.659,B,141,305,"If It Be Not Good, the Devil Is in It (If This Be Not a Good Play, the Devil Is in It)","Dekker, Thomas",20.204,0.143,0.155
comedy,"Middleton, Thomas",32,Rings and jewels as tokens,0.555,A,10,433,A Chaste Maid in Cheapside,"Middleton, Thomas",5.833,0.583,0.537
comedy,"Middleton, Thomas",32,Rings and jewels as tokens,0.555,A,10,266,Your Five Gallants (The Five Witty Gallants),"Middleton, Thomas",5.022,0.502,0.463
comedy,"Middleton, Thomas",32,Rings and jewels as tokens,0.555,B,141,364,"The Two Merry Milkmaids, or The Best Words Wear the Garland","Cumber, John",15.027,0.107,0.201
comedy,"Middleton, Thomas",32,Rings and jewels as tokens,0.555,B,141,172,The Merchant of Venice (The Jew of Venice),"Shakespeare, William",7.738,0.055,0.103
comedy,"Middleton, Thomas",32,Rings and jewels as tokens,0.555,B,141,493,A Maidenhead Well Lost,"Heywood, Thomas",7.626,0.054,0.102
comedy,"Middleton, Thomas",21,"Cupid, Venus and the nymphs",-0.544,A,10,433,A Chaste Maid in Cheapside,"Middleton, Thomas",3.015,0.302,1.0
comedy,"Middleton, Thomas",21,"Cupid, Venus and the nymphs",-0.544,B,141,105,Gallathea,"Lyly, John",40.777,0.289,0.342
comedy,"Middleton, Thomas",21,"Cupid, Venus and the nymphs",-0.544,B,141,82,Sappho and Phao,"Lyly, John",22.29,0.158,0.187
comedy,"Middleton, Thomas",21,"Cupid, Venus and the nymphs",-0.544,B,141,181,"Cynthia's Revels, or The Fountain of Self-Love","Jonson, Ben",10.814,0.077,0.091
comedy,"Middleton, Thomas",11,"Siblings, kin and confidants",-0.522,A,10,204,1 The Honest Whore (1 The Converted Courtesan) (The Patient Man and the Honest Whore),"Dekker, Thomas / Middleton, Thomas",4.195,0.42,0.58
comedy,"Middleton, Thomas",11,"Siblings, kin and confidants",-0.522,A,10,433,A Chaste Maid in Cheapside,"Middleton, Thomas",3.039,0.304,0.42
comedy,"Middleton, Thomas",11,"Siblings, kin and confidants",-0.522,B,141,323,"Greene's Tu Quoque, or The City Gallant","Cooke, John",16.755,0.119,0.095
comedy,"Middleton, Thomas",11,"Siblings, kin and confidants",-0.522,B,141,242,The Fair Maid of the Exchange,Anonymous,9.798,0.069,0.056
comedy,"Middleton, Thomas",11,"Siblings, kin and confidants",-0.522,B,141,540,Tottenham Court,"Nabbes, Thomas",9.085,0.064,0.052
comedy,"Middleton, Thomas",49,"Wooing a mistress: suitors, go-betweens and letters",0.514,A,10,276,"A Mad World, My Masters","Middleton, Thomas",5.367,0.537,0.515
comedy,"Middleton, Thomas",49,"Wooing a mistress: suitors, go-betweens and letters",0.514,A,10,433,A Chaste Maid in Cheapside,"Middleton, Thomas",3.009,0.301,0.289
comedy,"Middleton, Thomas",49,"Wooing a mistress: suitors, go-betweens and letters",0.514,A,10,298,"The Roaring Girl, or Moll Cutpurse","Dekker, Thomas / Middleton, Thomas",2.039,0.204,0.196
comedy,"Middleton, Thomas",49,"Wooing a mistress: suitors, go-betweens and letters",0.514,B,141,477,The Witty Fair One,"Shirley, James",8.925,0.063,0.12
comedy,"Middleton, Thomas",49,"Wooing a mistress: suitors, go-betweens and letters",0.514,B,141,462,"Changes, or Love in a Maze","Shirley, James",7.372,0.052,0.099
comedy,"Middleton, Thomas",49,"Wooing a mistress: suitors, go-betweens and letters",0.514,B,141,521,The Example,"Shirley, James",5.612,0.04,0.075
comedy,"Middleton, Thomas",22,"Shepherds, flocks and Pan",-0.488,B,141,394,As You Like It,"Shakespeare, William",16.101,0.114,0.234
comedy,"Middleton, Thomas",22,"Shepherds, flocks and Pan",-0.488,B,141,164,The Maid's Metamorphosis,Anonymous,14.247,0.101,0.207
comedy,"Middleton, Thomas",22,"Shepherds, flocks and Pan",-0.488,B,141,441,The School of Compliment (Love Tricks),"Shirley, James",11.393,0.081,0.165
comedy,"Middleton, Thomas",47,"Knaves, thieves and bawds",0.426,A,10,243,The Phoenix,"Middleton, Thomas",5.049,0.505,0.64
comedy,"Middleton, Thomas",47,"Knaves, thieves and bawds",0.426,A,10,433,A Chaste Maid in Cheapside,"Middleton, Thomas",2.835,0.284,0.36
comedy,"Middleton, Thomas",47,"Knaves, thieves and bawds",0.426,B,141,435,2 The Honest Whore (2 The Converted Courtesan),"Dekker, Thomas",14.865,0.105,0.291
comedy,"Middleton, Thomas",47,"Knaves, thieves and bawds",0.426,B,141,574,"The Night Walker, or The Little Thief","Fletcher, John / Shirley, James",7.67,0.054,0.15
comedy,"Middleton, Thomas",47,"Knaves, thieves and bawds",0.426,B,141,67,Gammer Gurton's Needle,"Stevenson, William",6.886,0.049,0.135
comedy,"Middleton, Thomas",46,"Swords, quarrels and valour",-0.393,B,141,176,Every Man in His Humor,"Jonson, Ben",9.499,0.067,0.171
comedy,"Middleton, Thomas",46,"Swords, quarrels and valour",-0.393,B,141,521,The Example,"Shirley, James",5.426,0.038,0.098
comedy,"Middleton, Thomas",46,"Swords, quarrels and valour",-0.393,B,141,515,The Elder Brother,"Fletcher, John / Massinger, Philip",5.264,0.037,0.095
comedy,"Middleton, Thomas",30,"Constables, justices and the watch",-0.388,A,10,276,"A Mad World, My Masters","Middleton, Thomas",2.875,0.288,0.58
comedy,"Middleton, Thomas",30,"Constables, justices and the watch",-0.388,A,10,204,1 The Honest Whore (1 The Converted Courtesan) (The Patient Man and the Honest Whore),"Dekker, Thomas / Middleton, Thomas",2.083,0.208,0.42
comedy,"Middleton, Thomas",30,"Constables, justices and the watch",-0.388,B,141,617,A Tale of a Tub,"Jonson, Ben",65.356,0.464,0.525
comedy,"Middleton, Thomas",30,"Constables, justices and the watch",-0.388,B,141,591,Wit in a Constable,"Glapthorne, Henry",16.105,0.114,0.129
comedy,"Middleton, Thomas",30,"Constables, justices and the watch",-0.388,B,141,542,Covent Garden,"Nabbes, Thomas",8.465,0.06,0.068
comedy,"Middleton, Thomas",28,"Marriage-making: weddings, brides and matches",-0.319,A,10,412,A Game at Chess,"Middleton, Thomas",2.876,0.288,0.376
comedy,"Middleton, Thomas",28,"Marriage-making: weddings, brides and matches",-0.319,A,10,433,A Chaste Maid in Cheapside,"Middleton, Thomas",2.805,0.28,0.367
comedy,"Middleton, Thomas",28,"Marriage-making: weddings, brides and matches",-0.319,A,10,298,"The Roaring Girl, or Moll Cutpurse","Dekker, Thomas / Middleton, Thomas",1.958,0.196,0.256
comedy,"Middleton, Thomas",28,"Marriage-making: weddings, brides and matches",-0.319,B,141,125,Mother Bombie,"Lyly, John",17.628,0.125,0.115
comedy,"Middleton, Thomas",28,"Marriage-making: weddings, brides and matches",-0.319,B,141,535,The Wise Woman of Hogsdon,"Heywood, Thomas",16.983,0.12,0.111
comedy,"Middleton, Thomas",28,"Marriage-making: weddings, brides and matches",-0.319,B,141,299,A Woman Is a Weathercock,"Field, Nathan",13.091,0.093,0.086
comedy,"Middleton, Thomas",40,"Sin, guilt and violent loss within families",0.303,A,10,262,A Trick to Catch the Old One,"Middleton, Thomas",2.726,0.273,0.52
comedy,"Middleton, Thomas",40,"Sin, guilt and violent loss within families",0.303,A,10,243,The Phoenix,"Middleton, Thomas",2.517,0.252,0.48
comedy,"Middleton, Thomas",40,"Sin, guilt and violent loss within families",0.303,B,141,73,1 Promos and Cassandra,"Whetstone, George",9.634,0.068,0.309
comedy,"Middleton, Thomas",40,"Sin, guilt and violent loss within families",0.303,B,141,74,2 Promos and Cassandra,"Whetstone, George",5.286,0.037,0.17
comedy,"Middleton, Thomas",40,"Sin, guilt and violent loss within families",0.303,B,141,176,Every Man in His Humor,"Jonson, Ben",3.964,0.028,0.127
comedy,"Middleton, Thomas",14,"Royal love, favour and dynastic relationships",-0.298,B,141,538,The Royal Master,"Shirley, James",8.166,0.058,0.194
comedy,"Middleton, Thomas",14,"Royal love, favour and dynastic relationships",-0.298,B,141,267,Law Tricks,"Day, John",6.442,0.046,0.153
comedy,"Middleton, Thomas",14,"Royal love, favour and dynastic relationships",-0.298,B,141,230,"Parasitaster, or The Fawn","Marston, John",4.603,0.033,0.109
comedy,"Middleton, Thomas",51,"Parents and children: blessing, birthright and inheritance",-0.265,B,141,125,Mother Bombie,"Lyly, John",5.932,0.042,0.159
comedy,"Middleton, Thomas",51,"Parents and children: blessing, birthright and inheritance",-0.265,B,141,281,The Case Is Altered,"Jonson, Ben",5.573,0.04,0.149
comedy,"Middleton, Thomas",51,"Parents and children: blessing, birthright and inheritance",-0.265,B,141,15,The Play of the Weather,"Heywood, John",4.619,0.033,0.124
comedy,"Middleton, Thomas",62,"The courtier as a type: fashion, affectation and foreign manners",-0.255,B,141,181,"Cynthia's Revels, or The Fountain of Self-Love","Jonson, Ben",7.88,0.056,0.219
comedy,"Middleton, Thomas",62,"The courtier as a type: fashion, affectation and foreign manners",-0.255,B,141,323,"Greene's Tu Quoque, or The City Gallant","Cooke, John",6.432,0.046,0.179
comedy,"Middleton, Thomas",62,"The courtier as a type: fashion, affectation and foreign manners",-0.255,B,141,58,Damon and Pithias,"Edwards, Richard",5.305,0.038,0.147
comedy,"Middleton, Thomas",7,The Trojan war: conflict and its aftermath,-0.252,B,141,37,Thersites,"Udall, Nicholas",22.193,0.157,0.625
comedy,"Middleton, Thomas",7,The Trojan war: conflict and its aftermath,-0.252,B,141,84,"Campaspe (Alexander, Campaspe, and Diogenes)","Lyly, John",3.896,0.028,0.11
comedy,"Middleton, Thomas",7,The Trojan war: conflict and its aftermath,-0.252,B,141,150,Love's Labor's Lost,"Shakespeare, William",2.713,0.019,0.076
comedy,"Middleton, Thomas",9,"Theatre talk: prologues, poets and players",-0.243,A,10,276,"A Mad World, My Masters","Middleton, Thomas",5.783,0.578,0.544
comedy,"Middleton, Thomas",9,"Theatre talk: prologues, poets and players",-0.243,A,10,243,The Phoenix,"Middleton, Thomas",2.802,0.28,0.264
comedy,"Middleton, Thomas",9,"Theatre talk: prologues, poets and players",-0.243,A,10,298,"The Roaring Girl, or Moll Cutpurse","Dekker, Thomas / Middleton, Thomas",2.047,0.205,0.193
comedy,"Middleton, Thomas",9,"Theatre talk: prologues, poets and players",-0.243,B,141,586,The Antipodes,"Brome, Richard",15.841,0.112,0.086
comedy,"Middleton, Thomas",9,"Theatre talk: prologues, poets and players",-0.243,B,141,186,"Poetaster, or The Arraignment","Jonson, Ben",14.006,0.099,0.076
comedy,"Middleton, Thomas",9,"Theatre talk: prologues, poets and players",-0.243,B,141,616,"The Magnetic Lady, or Humors Reconciled","Jonson, Ben",12.888,0.091,0.07
comedy,"Middleton, Thomas",12,"Olympian gods: Jupiter, Juno, Venus and Mars",-0.201,B,141,144,The Woman in the Moon,"Lyly, John",11.634,0.083,0.41
comedy,"Middleton, Thomas",12,"Olympian gods: Jupiter, Juno, Venus and Mars",-0.201,B,141,186,"Poetaster, or The Arraignment","Jonson, Ben",9.996,0.071,0.352
comedy,"Middleton, Thomas",12,"Olympian gods: Jupiter, Juno, Venus and Mars",-0.201,B,141,84,"Campaspe (Alexander, Campaspe, and Diogenes)","Lyly, John",3.858,0.027,0.136
comedy,"Middleton, Thomas",2,"Roman politics: senate, consuls and civil war",-0.198,B,141,186,"Poetaster, or The Arraignment","Jonson, Ben",13.626,0.097,0.487
comedy,"Middleton, Thomas",2,"Roman politics: senate, consuls and civil war",-0.198,B,141,556,"The Sophister (Fallacy, or The Troubles of Great Hermenia)","Zouche, Richard",2.952,0.021,0.106
comedy,"Middleton, Thomas",2,"Roman politics: senate, consuls and civil war",-0.198,B,141,252,What You Will,"Marston, John",2.896,0.021,0.104
comedy,"Middleton, Thomas",20,"Hercules: labours, suffering and virtue",-0.198,B,141,37,Thersites,"Udall, Nicholas",13.991,0.099,0.501
comedy,"Middleton, Thomas",20,"Hercules: labours, suffering and virtue",-0.198,B,141,121,Friar Bacon and Friar Bongay,"Greene, Robert",6.09,0.043,0.218
comedy,"Middleton, Thomas",20,"Hercules: labours, suffering and virtue",-0.198,B,141,556,"The Sophister (Fallacy, or The Troubles of Great Hermenia)","Zouche, Richard",3.266,0.023,0.117
comedy,"Middleton, Thomas",56,"Magic, spells and conjuring",-0.168,B,141,86,Fedele and Fortunia (Two Italian Gentlemen),"Pasqualigo, Luigi / Munday, Anthony",7.152,0.051,0.301
comedy,"Middleton, Thomas",56,"Magic, spells and conjuring",-0.168,B,141,121,Friar Bacon and Friar Bongay,"Greene, Robert",6.021,0.043,0.254
comedy,"Middleton, Thomas",56,"Magic, spells and conjuring",-0.168,B,141,353,"Technogamia, or The Marriages of the Arts","Holyday, Barten",3.338,0.024,0.141
comedy,"Middleton, Thomas",52,"Prodigals, portions and poor kin",-0.155,A,10,244,Michaelmas Term,"Middleton, Thomas",2.729,0.273,1.0
comedy,"Middleton, Thomas",52,"Prodigals, portions and poor kin",-0.155,B,141,460,"A New Wonder, A Woman Never Vexed","Heywood, Thomas / Rowley, William",15.801,0.112,0.262
comedy,"Middleton, Thomas",52,"Prodigals, portions and poor kin",-0.155,B,141,222,The London Prodigal,Anonymous,12.567,0.089,0.208
comedy,"Middleton, Thomas",52,"Prodigals, portions and poor kin",-0.155,B,141,394,As You Like It,"Shakespeare, William",6.666,0.047,0.111
comedy,"Middleton, Thomas",15,Friars and holy orders in plot,0.136,A,10,204,1 The Honest Whore (1 The Converted Courtesan) (The Patient Man and the Honest Whore),"Dekker, Thomas / Middleton, Thomas",8.223,0.822,1.0
comedy,"Middleton, Thomas",15,Friars and holy orders in plot,0.136,B,141,121,Friar Bacon and Friar Bongay,"Greene, Robert",31.491,0.223,0.325
comedy,"Middleton, Thomas",15,Friars and holy orders in plot,0.136,B,141,561,A New Trick to Cheat the Devil,"Davenport, Robert",20.012,0.142,0.207
comedy,"Middleton, Thomas",15,Friars and holy orders in plot,0.136,B,141,305,"If It Be Not Good, the Devil Is in It (If This Be Not a Good Play, the Devil Is in It)","Dekker, Thomas",13.81,0.098,0.143
comedy,"Middleton, Thomas",55,"Fairies, fairy queens and enchanted desire",-0.135,B,141,170,A Midsummer Night's Dream,"Shakespeare, William",12.136,0.086,0.638
comedy,"Middleton, Thomas",55,"Fairies, fairy queens and enchanted desire",-0.135,B,141,187,The Merry Wives of Windsor,"Shakespeare, William",4.79,0.034,0.252
comedy,"Middleton, Thomas",55,"Fairies, fairy queens and enchanted desire",-0.135,B,141,469,The Jealous Lovers,"Randolph, Thomas",2.11,0.015,0.111
comedy,"Middleton, Thomas",37,"Riches, poverty and covetousness",-0.116,B,141,173,Summer's Last Will and Testament,"Nashe, Thomas",8.703,0.062,0.532
comedy,"Middleton, Thomas",37,"Riches, poverty and covetousness",-0.116,B,141,469,The Jealous Lovers,"Randolph, Thomas",2.162,0.015,0.132
comedy,"Middleton, Thomas",37,"Riches, poverty and covetousness",-0.116,B,141,616,"The Magnetic Lady, or Humors Reconciled","Jonson, Ben",2.143,0.015,0.131
comedy,"Middleton, Thomas",5,"Christian faith, sin and salvation",0.115,A,10,412,A Game at Chess,"Middleton, Thomas",2.755,0.276,1.0
comedy,"Middleton, Thomas",5,"Christian faith, sin and salvation",0.115,B,141,321,The Hog Hath Lost His Pearl,"Tailor, Robert",5.749,0.041,0.254
comedy,"Middleton, Thomas",5,"Christian faith, sin and salvation",0.115,B,141,305,"If It Be Not Good, the Devil Is in It (If This Be Not a Good Play, the Devil Is in It)","Dekker, Thomas",4.544,0.032,0.201
comedy,"Middleton, Thomas",5,"Christian faith, sin and salvation",0.115,B,141,517,Hyde Park,"Shirley, James",3.178,0.023,0.14
comedy,"Middleton, Thomas",44,"Drinking: wine, ale and taverns",-0.106,A,10,244,Michaelmas Term,"Middleton, Thomas",2.553,0.255,0.503
comedy,"Middleton, Thomas",44,"Drinking: wine, ale and taverns",-0.106,A,10,266,Your Five Gallants (The Five Witty Gallants),"Middleton, Thomas",2.524,0.252,0.497
comedy,"Middleton, Thomas",44,"Drinking: wine, ale and taverns",-0.106,B,141,455,Bartholomew Fair,"Jonson, Ben",13.813,0.098,0.16
comedy,"Middleton, Thomas",44,"Drinking: wine, ale and taverns",-0.106,B,141,173,Summer's Last Will and Testament,"Nashe, Thomas",9.188,0.065,0.106
comedy,"Middleton, Thomas",44,"Drinking: wine, ale and taverns",-0.106,B,141,494,The Late Lancashire Witches,"Heywood, Thomas / Brome, Richard",7.046,0.05,0.081
comedy,"Middleton, Thomas",50,"Fleets, armies and generals: war by sea and land",-0.095,B,141,390,The Tempest,"Shakespeare, William",6.247,0.044,0.464
comedy,"Middleton, Thomas",50,"Fleets, armies and generals: war by sea and land",-0.095,B,141,184,Antonio and Mellida,"Marston, John",3.618,0.026,0.269
comedy,"Middleton, Thomas",50,"Fleets, armies and generals: war by sea and land",-0.095,B,141,354,Hans Beer-Pot (See Me and See Me Not),"Belchier, Dabridgcourt",3.589,0.025,0.267
comedy,"Middleton, Thomas",17,"Eastern conquest: Persians, Turks and soldans",-0.079,B,141,354,Hans Beer-Pot (See Me and See Me Not),"Belchier, Dabridgcourt",3.822,0.027,0.341
comedy,"Middleton, Thomas",17,"Eastern conquest: Persians, Turks and soldans",-0.079,B,141,84,"Campaspe (Alexander, Campaspe, and Diogenes)","Lyly, John",3.744,0.027,0.334
comedy,"Middleton, Thomas",17,"Eastern conquest: Persians, Turks and soldans",-0.079,B,141,493,A Maidenhead Well Lost,"Heywood, Thomas",3.64,0.026,0.325
comedy,"Middleton, Thomas",39,"Profit, conscience and dishonest dealing",-0.079,B,141,255,The Fleer,"Sharpham, Edward",6.375,0.045,0.569
comedy,"Middleton, Thomas",39,"Profit, conscience and dishonest dealing",-0.079,B,141,234,Wily Beguiled,Anonymous,2.579,0.018,0.23
comedy,"Middleton, Thomas",39,"Profit, conscience and dishonest dealing",-0.079,B,141,297,May Day,"Chapman, George",2.248,0.016,0.201
comedy,"Middleton, Thomas",54,"Antony and Cleopatra: love, death and mourning",-0.073,B,141,15,The Play of the Weather,"Heywood, John",4.875,0.035,0.472
comedy,"Middleton, Thomas",54,"Antony and Cleopatra: love, death and mourning",-0.073,B,141,517,Hyde Park,"Shirley, James",3.085,0.022,0.299
comedy,"Middleton, Thomas",54,"Antony and Cleopatra: love, death and mourning",-0.073,B,141,168,Much Ado About Nothing,"Shakespeare, William",2.364,0.017,0.229
comedy,"Middleton, Thomas",34,"Thebes and royal catastrophe: siege, slaughter and funeral rites",-0.057,B,141,84,"Campaspe (Alexander, Campaspe, and Diogenes)","Lyly, John",8.08,0.057,1.0
comedy,"Middleton, Thomas",25,"Kings, power and law: political sententiae",-0.04,B,141,106,Midas,"Lyly, John",3.354,0.024,0.594
comedy,"Middleton, Thomas",25,"Kings, power and law: political sententiae",-0.04,B,141,305,"If It Be Not Good, the Devil Is in It (If This Be Not a Good Play, the Devil Is in It)","Dekker, Thomas",2.295,0.016,0.406
comedy,"Middleton, Thomas",59,"Spanish courts: war, honour and courtship",-0.039,B,141,598,Rule a Wife and Have a Wife,"Fletcher, John",5.475,0.039,1.0
comedy,"Middleton, Thomas",18,"Rebels, barons and the king's wars at home",-0.028,B,141,174,Look About You,Anonymous,3.991,0.028,1.0
comedy,"Middleton, Thomas",38,"Death, parting and grief at court",-0.021,B,141,173,Summer's Last Will and Testament,"Nashe, Thomas",2.927,0.021,1.0
comedy,"Middleton, Thomas",10,"England and France: war, embassy and peace",-0.019,B,141,175,"The Shoemaker's Holiday, or The Gentle Craft","Dekker, Thomas",2.621,0.019,1.0
comedy,"Middleton, Thomas",36,"Hell, Furies and the language of punishment",-0.016,B,141,414,Apollo Shroving,"Hawkins, William",2.203,0.016,1.0
comedy,"Middleton, Thomas",31,"Popes, cardinals and the crown",-0.014,B,141,456,The Staple of News,"Jonson, Ben",1.993,0.014,1.0
comedy,"Shakespeare, William",4,Love-longing and the lover's complaint,2.735,A,11,170,A Midsummer Night's Dream,"Shakespeare, William",15.522,1.411,0.324
comedy,"Shakespeare, William",4,Love-longing and the lover's complaint,2.735,A,11,394,As You Like It,"Shakespeare, William",11.425,1.039,0.238
comedy,"Shakespeare, William",4,Love-longing and the lover's complaint,2.735,A,11,150,Love's Labor's Lost,"Shakespeare, William",11.05,1.005,0.231
comedy,"Shakespeare, William",4,Love-longing and the lover's complaint,2.735,B,140,242,The Fair Maid of the Exchange,Anonymous,16.999,0.121,0.075
comedy,"Shakespeare, William",4,Love-longing and the lover's complaint,2.735,B,140,177,Jack Drum's Entertainment (Katherine and Pasquil),"Marston, John",15.4,0.11,0.068
comedy,"Shakespeare, William",4,Love-longing and the lover's complaint,2.735,B,140,73,1 Promos and Cassandra,"Whetstone, George",14.174,0.101,0.062
comedy,"Shakespeare, William",8,"Captains, gallants and cheats",-1.859,B,140,251,"The Puritan, or The Widow of Watling Street (The Puritan Widow)","Middleton, Thomas",29.711,0.212,0.114
comedy,"Shakespeare, William",8,"Captains, gallants and cheats",-1.859,B,140,297,May Day,"Chapman, George",24.337,0.174,0.094
comedy,"Shakespeare, William",8,"Captains, gallants and cheats",-1.859,B,140,195,"Satiromastix, or The Untrussing of the Humorous Poet","Dekker, Thomas",20.171,0.144,0.078
comedy,"Shakespeare, William",55,"Fairies, fairy queens and enchanted desire",1.524,A,11,170,A Midsummer Night's Dream,"Shakespeare, William",12.136,1.103,0.717
comedy,"Shakespeare, William",55,"Fairies, fairy queens and enchanted desire",1.524,A,11,187,The Merry Wives of Windsor,"Shakespeare, William",4.79,0.435,0.283
comedy,"Shakespeare, William",55,"Fairies, fairy queens and enchanted desire",1.524,B,140,469,The Jealous Lovers,"Randolph, Thomas",2.11,0.015,1.0
comedy,"Shakespeare, William",22,"Shepherds, flocks and Pan",1.364,A,11,394,As You Like It,"Shakespeare, William",16.101,1.464,0.851
comedy,"Shakespeare, William",22,"Shepherds, flocks and Pan",1.364,A,11,391,The Two Gentlemen of Verona,"Shakespeare, William",2.83,0.257,0.149
comedy,"Shakespeare, William",22,"Shepherds, flocks and Pan",1.364,B,140,164,The Maid's Metamorphosis,Anonymous,14.247,0.102,0.285
comedy,"Shakespeare, William",22,"Shepherds, flocks and Pan",1.364,B,140,441,The School of Compliment (Love Tricks),"Shirley, James",11.393,0.081,0.228
comedy,"Shakespeare, William",22,"Shepherds, flocks and Pan",1.364,B,140,144,The Woman in the Moon,"Lyly, John",8.072,0.058,0.162
comedy,"Shakespeare, William",27,"Uncles, nephews and cousins: kinship and patronage",-1.322,B,140,568,The City Match,"Mayne, Jasper",19.519,0.139,0.105
comedy,"Shakespeare, William",27,"Uncles, nephews and cousins: kinship and patronage",-1.322,B,140,262,A Trick to Catch the Old One,"Middleton, Thomas",19.512,0.139,0.105
comedy,"Shakespeare, William",27,"Uncles, nephews and cousins: kinship and patronage",-1.322,B,140,228,Sir Giles Goosecap,"Chapman, George",12.451,0.089,0.067
comedy,"Shakespeare, William",9,"Theatre talk: prologues, poets and players",-1.155,A,11,394,As You Like It,"Shakespeare, William",2.417,0.22,1.0
comedy,"Shakespeare, William",9,"Theatre talk: prologues, poets and players",-1.155,B,140,586,The Antipodes,"Brome, Richard",15.841,0.113,0.082
comedy,"Shakespeare, William",9,"Theatre talk: prologues, poets and players",-1.155,B,140,186,"Poetaster, or The Arraignment","Jonson, Ben",14.006,0.1,0.073
comedy,"Shakespeare, William",9,"Theatre talk: prologues, poets and players",-1.155,B,140,616,"The Magnetic Lady, or Humors Reconciled","Jonson, Ben",12.888,0.092,0.067
comedy,"Shakespeare, William",3,"Sickness, physic and doctors",-1.143,A,11,187,The Merry Wives of Windsor,"Shakespeare, William",6.985,0.635,0.455
comedy,"Shakespeare, William",3,"Sickness, physic and doctors",-1.143,A,11,172,The Merchant of Venice (The Jew of Venice),"Shakespeare, William",4.901,0.446,0.32
comedy,"Shakespeare, William",3,"Sickness, physic and doctors",-1.143,A,11,393,The Comedy of Errors,"Shakespeare, William",3.449,0.314,0.225
comedy,"Shakespeare, William",3,"Sickness, physic and doctors",-1.143,B,140,263,The Family of Love,"Barry, Lording",47.788,0.341,0.135
comedy,"Shakespeare, William",3,"Sickness, physic and doctors",-1.143,B,140,508,The Wonder of A Kingdom,"Dekker, Thomas",26.555,0.19,0.075
comedy,"Shakespeare, William",3,"Sickness, physic and doctors",-1.143,B,140,616,"The Magnetic Lady, or Humors Reconciled","Jonson, Ben",26.43,0.189,0.074
comedy,"Shakespeare, William",32,Rings and jewels as tokens,1.076,A,11,172,The Merchant of Venice (The Jew of Venice),"Shakespeare, William",7.738,0.703,0.45
comedy,"Shakespeare, William",32,Rings and jewels as tokens,1.076,A,11,393,The Comedy of Errors,"Shakespeare, William",6.46,0.587,0.375
comedy,"Shakespeare, William",32,Rings and jewels as tokens,1.076,A,11,391,The Two Gentlemen of Verona,"Shakespeare, William",3.013,0.274,0.175
comedy,"Shakespeare, William",32,Rings and jewels as tokens,1.076,B,140,364,"The Two Merry Milkmaids, or The Best Words Wear the Garland","Cumber, John",15.027,0.107,0.219
comedy,"Shakespeare, William",32,Rings and jewels as tokens,1.076,B,140,493,A Maidenhead Well Lost,"Heywood, Thomas",7.626,0.054,0.111
comedy,"Shakespeare, William",32,Rings and jewels as tokens,1.076,B,140,433,A Chaste Maid in Cheapside,"Middleton, Thomas",5.833,0.042,0.085
comedy,"Shakespeare, William",11,"Siblings, kin and confidants",-1.066,A,11,120.5,The Taming of the Shrew,"Shakespeare, William",2.444,0.222,1.0
comedy,"Shakespeare, William",11,"Siblings, kin and confidants",-1.066,B,140,323,"Greene's Tu Quoque, or The City Gallant","Cooke, John",16.755,0.12,0.093
comedy,"Shakespeare, William",11,"Siblings, kin and confidants",-1.066,B,140,242,The Fair Maid of the Exchange,Anonymous,9.798,0.07,0.054
comedy,"Shakespeare, William",11,"Siblings, kin and confidants",-1.066,B,140,540,Tottenham Court,"Nabbes, Thomas",9.085,0.065,0.05
comedy,"Shakespeare, William",24,"Apollo, Phoebus and the Muses",-1.037,B,140,414,Apollo Shroving,"Hawkins, William",63.239,0.452,0.436
comedy,"Shakespeare, William",24,"Apollo, Phoebus and the Muses",-1.037,B,140,164,The Maid's Metamorphosis,Anonymous,28.256,0.202,0.195
comedy,"Shakespeare, William",24,"Apollo, Phoebus and the Muses",-1.037,B,140,106,Midas,"Lyly, John",25.99,0.186,0.179
comedy,"Shakespeare, William",0,"Court life: dukes, favour and honour",-0.924,A,11,168,Much Ado About Nothing,"Shakespeare, William",9.608,0.873,0.228
comedy,"Shakespeare, William",0,"Court life: dukes, favour and honour",-0.924,A,11,390,The Tempest,"Shakespeare, William",9.081,0.826,0.215
comedy,"Shakespeare, William",0,"Court life: dukes, favour and honour",-0.924,A,11,394,As You Like It,"Shakespeare, William",8.891,0.808,0.211
comedy,"Shakespeare, William",0,"Court life: dukes, favour and honour",-0.924,B,140,575,The Opportunity,"Shirley, James",86.168,0.615,0.129
comedy,"Shakespeare, William",0,"Court life: dukes, favour and honour",-0.924,B,140,577,The Humorous Courtier (The Duke),"Shirley, James",65.484,0.468,0.098
comedy,"Shakespeare, William",0,"Court life: dukes, favour and honour",-0.924,B,140,538,The Royal Master,"Shirley, James",61.223,0.437,0.092
comedy,"Shakespeare, William",45,"Widows, wooing and remarriage",-0.863,B,140,262,A Trick to Catch the Old One,"Middleton, Thomas",30.947,0.221,0.256
comedy,"Shakespeare, William",45,"Widows, wooing and remarriage",-0.863,B,140,292,"Ram Alley, or Merry Tricks","Barry, Lording",21.84,0.156,0.181
comedy,"Shakespeare, William",45,"Widows, wooing and remarriage",-0.863,B,140,476,A Match at Midnight,"R., W.",21.603,0.154,0.179
comedy,"Shakespeare, William",23,"Husbands, wives and jealousy",-0.813,A,11,187,The Merry Wives of Windsor,"Shakespeare, William",2.195,0.2,1.0
comedy,"Shakespeare, William",23,"Husbands, wives and jealousy",-0.813,B,140,219,All Fools,"Chapman, George",16.0,0.114,0.113
comedy,"Shakespeare, William",23,"Husbands, wives and jealousy",-0.813,B,140,247,Cupid's Whirligig,"Sharpham, Edward",15.293,0.109,0.108
comedy,"Shakespeare, William",23,"Husbands, wives and jealousy",-0.813,B,140,540,Tottenham Court,"Nabbes, Thomas",12.2,0.087,0.086
comedy,"Shakespeare, William",6,"Money, debt and credit",0.786,A,11,393,The Comedy of Errors,"Shakespeare, William",17.374,1.579,0.622
comedy,"Shakespeare, William",6,"Money, debt and credit",0.786,A,11,172,The Merchant of Venice (The Jew of Venice),"Shakespeare, William",10.554,0.959,0.378
comedy,"Shakespeare, William",6,"Money, debt and credit",0.786,B,140,580,"The Knave in Grain, New Vamped","D., J.",17.509,0.125,0.071
comedy,"Shakespeare, William",6,"Money, debt and credit",0.786,B,140,266,Your Five Gallants (The Five Witty Gallants),"Middleton, Thomas",17.369,0.124,0.071
comedy,"Shakespeare, William",6,"Money, debt and credit",0.786,B,140,243,The Phoenix,"Middleton, Thomas",14.988,0.107,0.061
comedy,"Shakespeare, William",33,"Fathers, daughters and marriage negotiations",-0.692,A,11,170,A Midsummer Night's Dream,"Shakespeare, William",3.09,0.281,1.0
comedy,"Shakespeare, William",33,"Fathers, daughters and marriage negotiations",-0.692,B,140,91,Andria (The Woman from Andros),"Terence (Publius Terentius Afer) / Kyffin, Maurice",42.015,0.3,0.308
comedy,"Shakespeare, William",33,"Fathers, daughters and marriage negotiations",-0.692,B,140,219,All Fools,"Chapman, George",7.868,0.056,0.058
comedy,"Shakespeare, William",33,"Fathers, daughters and marriage negotiations",-0.692,B,140,592,The Constant Maid (Love Will Find Out the Way),"Shirley, James",6.173,0.044,0.045
comedy,"Shakespeare, William",50,"Fleets, armies and generals: war by sea and land",0.516,A,11,390,The Tempest,"Shakespeare, William",6.247,0.568,1.0
comedy,"Shakespeare, William",50,"Fleets, armies and generals: war by sea and land",0.516,B,140,184,Antonio and Mellida,"Marston, John",3.618,0.026,0.502
comedy,"Shakespeare, William",50,"Fleets, armies and generals: war by sea and land",0.516,B,140,354,Hans Beer-Pot (See Me and See Me Not),"Belchier, Dabridgcourt",3.589,0.026,0.498
comedy,"Shakespeare, William",15,Friars and holy orders in plot,0.498,A,11,168,Much Ado About Nothing,"Shakespeare, William",9.546,0.868,0.75
comedy,"Shakespeare, William",15,Friars and holy orders in plot,0.498,A,11,391,The Two Gentlemen of Verona,"Shakespeare, William",3.179,0.289,0.25
comedy,"Shakespeare, William",15,Friars and holy orders in plot,0.498,B,140,121,Friar Bacon and Friar Bongay,"Greene, Robert",31.491,0.225,0.341
comedy,"Shakespeare, William",15,Friars and holy orders in plot,0.498,B,140,561,A New Trick to Cheat the Devil,"Davenport, Robert",20.012,0.143,0.217
comedy,"Shakespeare, William",15,Friars and holy orders in plot,0.498,B,140,305,"If It Be Not Good, the Devil Is in It (If This Be Not a Good Play, the Devil Is in It)","Dekker, Thomas",13.81,0.099,0.15
comedy,"Shakespeare, William",30,"Constables, justices and the watch",-0.474,A,11,168,Much Ado About Nothing,"Shakespeare, William",4.603,0.418,1.0
comedy,"Shakespeare, William",30,"Constables, justices and the watch",-0.474,B,140,617,A Tale of a Tub,"Jonson, Ben",65.356,0.467,0.523
comedy,"Shakespeare, William",30,"Constables, justices and the watch",-0.474,B,140,591,Wit in a Constable,"Glapthorne, Henry",16.105,0.115,0.129
comedy,"Shakespeare, William",30,"Constables, justices and the watch",-0.474,B,140,542,Covent Garden,"Nabbes, Thomas",8.465,0.06,0.068
comedy,"Shakespeare, William",14,"Royal love, favour and dynastic relationships",0.43,A,11,150,Love's Labor's Lost,"Shakespeare, William",2.56,0.233,0.343
comedy,"Shakespeare, William",14,"Royal love, favour and dynastic relationships",0.43,A,11,172,The Merchant of Venice (The Jew of Venice),"Shakespeare, William",2.541,0.231,0.341
comedy,"Shakespeare, William",14,"Royal love, favour and dynastic relationships",0.43,A,11,168,Much Ado About Nothing,"Shakespeare, William",2.354,0.214,0.316
comedy,"Shakespeare, William",14,"Royal love, favour and dynastic relationships",0.43,B,140,538,The Royal Master,"Shirley, James",8.166,0.058,0.236
comedy,"Shakespeare, William",14,"Royal love, favour and dynastic relationships",0.43,B,140,267,Law Tricks,"Day, John",6.442,0.046,0.186
comedy,"Shakespeare, William",14,"Royal love, favour and dynastic relationships",0.43,B,140,230,"Parasitaster, or The Fawn","Marston, John",4.603,0.033,0.133
comedy,"Shakespeare, William",44,"Drinking: wine, ale and taverns",-0.407,A,11,120.5,The Taming of the Shrew,"Shakespeare, William",2.522,0.229,1.0
comedy,"Shakespeare, William",44,"Drinking: wine, ale and taverns",-0.407,B,140,455,Bartholomew Fair,"Jonson, Ben",13.813,0.099,0.155
comedy,"Shakespeare, William",44,"Drinking: wine, ale and taverns",-0.407,B,140,173,Summer's Last Will and Testament,"Nashe, Thomas",9.188,0.066,0.103
comedy,"Shakespeare, William",44,"Drinking: wine, ale and taverns",-0.407,B,140,494,The Late Lancashire Witches,"Heywood, Thomas / Brome, Richard",7.046,0.05,0.079
comedy,"Shakespeare, William",46,"Swords, quarrels and valour",-0.396,B,140,176,Every Man in His Humor,"Jonson, Ben",9.499,0.068,0.171
comedy,"Shakespeare, William",46,"Swords, quarrels and valour",-0.396,B,140,521,The Example,"Shirley, James",5.426,0.039,0.098
comedy,"Shakespeare, William",46,"Swords, quarrels and valour",-0.396,B,140,515,The Elder Brother,"Fletcher, John / Massinger, Philip",5.264,0.038,0.095
comedy,"Shakespeare, William",1,"Death, grief and revenge",-0.39,A,11,172,The Merchant of Venice (The Jew of Venice),"Shakespeare, William",7.614,0.692,0.498
comedy,"Shakespeare, William",1,"Death, grief and revenge",-0.39,A,11,168,Much Ado About Nothing,"Shakespeare, William",4.91,0.446,0.321
comedy,"Shakespeare, William",1,"Death, grief and revenge",-0.39,A,11,391,The Two Gentlemen of Verona,"Shakespeare, William",2.771,0.252,0.181
comedy,"Shakespeare, William",1,"Death, grief and revenge",-0.39,B,140,425,The Wedding,"Shirley, James",22.44,0.16,0.09
comedy,"Shakespeare, William",1,"Death, grief and revenge",-0.39,B,140,74,2 Promos and Cassandra,"Whetstone, George",21.608,0.154,0.087
comedy,"Shakespeare, William",1,"Death, grief and revenge",-0.39,B,140,191,How a Man May Choose a Good Wife from a Bad,Anonymous,14.23,0.102,0.057
comedy,"Shakespeare, William",49,"Wooing a mistress: suitors, go-betweens and letters",-0.367,A,11,120.5,The Taming of the Shrew,"Shakespeare, William",2.429,0.221,1.0
comedy,"Shakespeare, William",49,"Wooing a mistress: suitors, go-betweens and letters",-0.367,B,140,477,The Witty Fair One,"Shirley, James",8.925,0.064,0.108
comedy,"Shakespeare, William",49,"Wooing a mistress: suitors, go-betweens and letters",-0.367,B,140,462,"Changes, or Love in a Maze","Shirley, James",7.372,0.053,0.09
comedy,"Shakespeare, William",49,"Wooing a mistress: suitors, go-betweens and letters",-0.367,B,140,521,The Example,"Shirley, James",5.612,0.04,0.068
comedy,"Shakespeare, William",26,"Devils, hell and fiends",-0.365,A,11,393,The Comedy of Errors,"Shakespeare, William",3.365,0.306,0.562
comedy,"Shakespeare, William",26,"Devils, hell and fiends",-0.365,A,11,396,"Twelfth Night, or What You Will","Shakespeare, William",2.623,0.238,0.438
comedy,"Shakespeare, William",26,"Devils, hell and fiends",-0.365,B,140,457,The Devil Is an Ass,"Jonson, Ben",24.568,0.175,0.193
comedy,"Shakespeare, William",26,"Devils, hell and fiends",-0.365,B,140,561,A New Trick to Cheat the Devil,"Davenport, Robert",22.476,0.161,0.177
comedy,"Shakespeare, William",26,"Devils, hell and fiends",-0.365,B,140,305,"If It Be Not Good, the Devil Is in It (If This Be Not a Good Play, the Devil Is in It)","Dekker, Thomas",20.204,0.144,0.159
comedy,"Shakespeare, William",16,"Gallantry: ladies, lordships and compliment",-0.259,A,11,396,"Twelfth Night, or What You Will","Shakespeare, William",5.128,0.466,0.411
comedy,"Shakespeare, William",16,"Gallantry: ladies, lordships and compliment",-0.259,A,11,168,Much Ado About Nothing,"Shakespeare, William",4.766,0.433,0.382
comedy,"Shakespeare, William",16,"Gallantry: ladies, lordships and compliment",-0.259,A,11,391,The Two Gentlemen of Verona,"Shakespeare, William",2.587,0.235,0.207
comedy,"Shakespeare, William",16,"Gallantry: ladies, lordships and compliment",-0.259,B,140,518,The Lady of Pleasure,"Shirley, James",31.98,0.228,0.164
comedy,"Shakespeare, William",16,"Gallantry: ladies, lordships and compliment",-0.259,B,140,549,The Ball,"Shirley, James",14.407,0.103,0.074
comedy,"Shakespeare, William",16,"Gallantry: ladies, lordships and compliment",-0.259,B,140,517,Hyde Park,"Shirley, James",9.473,0.068,0.049
comedy,"Shakespeare, William",62,"The courtier as a type: fashion, affectation and foreign manners",-0.257,B,140,181,"Cynthia's Revels, or The Fountain of Self-Love","Jonson, Ben",7.88,0.056,0.219
comedy,"Shakespeare, William",62,"The courtier as a type: fashion, affectation and foreign manners",-0.257,B,140,323,"Greene's Tu Quoque, or The City Gallant","Cooke, John",6.432,0.046,0.179
comedy,"Shakespeare, William",62,"The courtier as a type: fashion, affectation and foreign manners",-0.257,B,140,58,Damon and Pithias,"Edwards, Richard",5.305,0.038,0.147
comedy,"Shakespeare, William",7,The Trojan war: conflict and its aftermath,0.25,A,11,150,Love's Labor's Lost,"Shakespeare, William",2.713,0.247,0.528
comedy,"Shakespeare, William",7,The Trojan war: conflict and its aftermath,0.25,A,11,168,Much Ado About Nothing,"Shakespeare, William",2.426,0.221,0.472
comedy,"Shakespeare, William",7,The Trojan war: conflict and its aftermath,0.25,B,140,37,Thersites,"Udall, Nicholas",22.193,0.159,0.731
comedy,"Shakespeare, William",7,The Trojan war: conflict and its aftermath,0.25,B,140,84,"Campaspe (Alexander, Campaspe, and Diogenes)","Lyly, John",3.896,0.028,0.128
comedy,"Shakespeare, William",7,The Trojan war: conflict and its aftermath,0.25,B,140,334,The Scornful Lady,"Beaumont, Francis / Fletcher, John",2.17,0.016,0.071
comedy,"Shakespeare, William",21,"Cupid, Venus and the nymphs",0.235,A,11,170,A Midsummer Night's Dream,"Shakespeare, William",5.994,0.545,0.53
comedy,"Shakespeare, William",21,"Cupid, Venus and the nymphs",0.235,A,11,390,The Tempest,"Shakespeare, William",2.952,0.268,0.261
comedy,"Shakespeare, William",21,"Cupid, Venus and the nymphs",0.235,A,11,168,Much Ado About Nothing,"Shakespeare, William",2.359,0.214,0.209
comedy,"Shakespeare, William",21,"Cupid, Venus and the nymphs",0.235,B,140,105,Gallathea,"Lyly, John",40.777,0.291,0.368
comedy,"Shakespeare, William",21,"Cupid, Venus and the nymphs",0.235,B,140,82,Sappho and Phao,"Lyly, John",22.29,0.159,0.201
comedy,"Shakespeare, William",21,"Cupid, Venus and the nymphs",0.235,B,140,181,"Cynthia's Revels, or The Fountain of Self-Love","Jonson, Ben",10.814,0.077,0.097
comedy,"Shakespeare, William",35,"Fools, wit and railing",0.224,A,11,150,Love's Labor's Lost,"Shakespeare, William",5.338,0.485,0.534
comedy,"Shakespeare, William",35,"Fools, wit and railing",0.224,A,11,394,As You Like It,"Shakespeare, William",4.652,0.423,0.466
comedy,"Shakespeare, William",35,"Fools, wit and railing",0.224,B,140,431,"Aristippus, or The Jovial Philosopher","Randolph, Thomas",16.519,0.118,0.173
comedy,"Shakespeare, William",35,"Fools, wit and railing",0.224,B,140,515,The Elder Brother,"Fletcher, John / Massinger, Philip",10.178,0.073,0.106
comedy,"Shakespeare, William",35,"Fools, wit and railing",0.224,B,140,591,Wit in a Constable,"Glapthorne, Henry",6.493,0.046,0.068
comedy,"Shakespeare, William",28,"Marriage-making: weddings, brides and matches",-0.209,A,11,120.5,The Taming of the Shrew,"Shakespeare, William",4.932,0.448,0.516
comedy,"Shakespeare, William",28,"Marriage-making: weddings, brides and matches",-0.209,A,11,187,The Merry Wives of Windsor,"Shakespeare, William",2.4,0.218,0.251
comedy,"Shakespeare, William",28,"Marriage-making: weddings, brides and matches",-0.209,A,11,394,As You Like It,"Shakespeare, William",2.22,0.202,0.232
comedy,"Shakespeare, William",28,"Marriage-making: weddings, brides and matches",-0.209,B,140,125,Mother Bombie,"Lyly, John",17.628,0.126,0.117
comedy,"Shakespeare, William",28,"Marriage-making: weddings, brides and matches",-0.209,B,140,535,The Wise Woman of Hogsdon,"Heywood, Thomas",16.983,0.121,0.113
comedy,"Shakespeare, William",28,"Marriage-making: weddings, brides and matches",-0.209,B,140,299,A Woman Is a Weathercock,"Field, Nathan",13.091,0.094,0.087
comedy,"Shakespeare, William",52,"Prodigals, portions and poor kin",0.203,A,11,394,As You Like It,"Shakespeare, William",6.666,0.606,1.0
comedy,"Shakespeare, William",52,"Prodigals, portions and poor kin",0.203,B,140,460,"A New Wonder, A Woman Never Vexed","Heywood, Thomas / Rowley, William",15.801,0.113,0.28
comedy,"Shakespeare, William",52,"Prodigals, portions and poor kin",0.203,B,140,222,The London Prodigal,Anonymous,12.567,0.09,0.223
comedy,"Shakespeare, William",52,"Prodigals, portions and poor kin",0.203,B,140,337,The Honest Lawyer,"S., S.",4.716,0.034,0.084
comedy,"Shakespeare, William",20,"Hercules: labours, suffering and virtue",-0.2,B,140,37,Thersites,"Udall, Nicholas",13.991,0.1,0.501
comedy,"Shakespeare, William",20,"Hercules: labours, suffering and virtue",-0.2,B,140,121,Friar Bacon and Friar Bongay,"Greene, Robert",6.09,0.044,0.218
comedy,"Shakespeare, William",20,"Hercules: labours, suffering and virtue",-0.2,B,140,556,"The Sophister (Fallacy, or The Troubles of Great Hermenia)","Zouche, Richard",3.266,0.023,0.117
comedy,"Shakespeare, William",47,"Knaves, thieves and bawds",-0.17,A,11,120.5,The Taming of the Shrew,"Shakespeare, William",2.571,0.234,1.0
comedy,"Shakespeare, William",47,"Knaves, thieves and bawds",-0.17,B,140,435,2 The Honest Whore (2 The Converted Courtesan),"Dekker, Thomas",14.865,0.106,0.263
comedy,"Shakespeare, William",47,"Knaves, thieves and bawds",-0.17,B,140,574,"The Night Walker, or The Little Thief","Fletcher, John / Shirley, James",7.67,0.055,0.136
comedy,"Shakespeare, William",47,"Knaves, thieves and bawds",-0.17,B,140,67,Gammer Gurton's Needle,"Stevenson, William",6.886,0.049,0.122
comedy,"Shakespeare, William",54,"Antony and Cleopatra: love, death and mourning",0.158,A,11,168,Much Ado About Nothing,"Shakespeare, William",2.364,0.215,1.0
comedy,"Shakespeare, William",54,"Antony and Cleopatra: love, death and mourning",0.158,B,140,15,The Play of the Weather,"Heywood, John",4.875,0.035,0.612
comedy,"Shakespeare, William",54,"Antony and Cleopatra: love, death and mourning",0.158,B,140,517,Hyde Park,"Shirley, James",3.085,0.022,0.388
comedy,"Shakespeare, William",56,"Magic, spells and conjuring",0.118,A,11,390,The Tempest,"Shakespeare, William",2.933,0.267,1.0
comedy,"Shakespeare, William",56,"Magic, spells and conjuring",0.118,B,140,86,Fedele and Fortunia (Two Italian Gentlemen),"Pasqualigo, Luigi / Munday, Anthony",7.152,0.051,0.344
comedy,"Shakespeare, William",56,"Magic, spells and conjuring",0.118,B,140,121,Friar Bacon and Friar Bongay,"Greene, Robert",6.021,0.043,0.29
comedy,"Shakespeare, William",56,"Magic, spells and conjuring",0.118,B,140,353,"Technogamia, or The Marriages of the Arts","Holyday, Barten",3.338,0.024,0.161
comedy,"Shakespeare, William",37,"Riches, poverty and covetousness",-0.117,B,140,173,Summer's Last Will and Testament,"Nashe, Thomas",8.703,0.062,0.532
comedy,"Shakespeare, William",37,"Riches, poverty and covetousness",-0.117,B,140,469,The Jealous Lovers,"Randolph, Thomas",2.162,0.015,0.132
comedy,"Shakespeare, William",37,"Riches, poverty and covetousness",-0.117,B,140,616,"The Magnetic Lady, or Humors Reconciled","Jonson, Ben",2.143,0.015,0.131
comedy,"Shakespeare, William",5,"Christian faith, sin and salvation",0.094,A,11,150,Love's Labor's Lost,"Shakespeare, William",2.806,0.255,1.0
comedy,"Shakespeare, William",5,"Christian faith, sin and salvation",0.094,B,140,321,The Hog Hath Lost His Pearl,"Tailor, Robert",5.749,0.041,0.254
comedy,"Shakespeare, William",5,"Christian faith, sin and salvation",0.094,B,140,305,"If It Be Not Good, the Devil Is in It (If This Be Not a Good Play, the Devil Is in It)","Dekker, Thomas",4.544,0.032,0.201
comedy,"Shakespeare, William",5,"Christian faith, sin and salvation",0.094,B,140,517,Hyde Park,"Shirley, James",3.178,0.023,0.141
comedy,"Shakespeare, William",12,"Olympian gods: Jupiter, Juno, Venus and Mars",0.081,A,11,390,The Tempest,"Shakespeare, William",2.896,0.263,1.0
comedy,"Shakespeare, William",12,"Olympian gods: Jupiter, Juno, Venus and Mars",0.081,B,140,144,The Woman in the Moon,"Lyly, John",11.634,0.083,0.456
comedy,"Shakespeare, William",12,"Olympian gods: Jupiter, Juno, Venus and Mars",0.081,B,140,186,"Poetaster, or The Arraignment","Jonson, Ben",9.996,0.071,0.392
comedy,"Shakespeare, William",12,"Olympian gods: Jupiter, Juno, Venus and Mars",0.081,B,140,84,"Campaspe (Alexander, Campaspe, and Diogenes)","Lyly, John",3.858,0.028,0.151
comedy,"Shakespeare, William",17,"Eastern conquest: Persians, Turks and soldans",-0.08,B,140,354,Hans Beer-Pot (See Me and See Me Not),"Belchier, Dabridgcourt",3.822,0.027,0.341
comedy,"Shakespeare, William",17,"Eastern conquest: Persians, Turks and soldans",-0.08,B,140,84,"Campaspe (Alexander, Campaspe, and Diogenes)","Lyly, John",3.744,0.027,0.334
comedy,"Shakespeare, William",17,"Eastern conquest: Persians, Turks and soldans",-0.08,B,140,493,A Maidenhead Well Lost,"Heywood, Thomas",3.64,0.026,0.325
comedy,"Shakespeare, William",39,"Profit, conscience and dishonest dealing",-0.08,B,140,255,The Fleer,"Sharpham, Edward",6.375,0.046,0.569
comedy,"Shakespeare, William",39,"Profit, conscience and dishonest dealing",-0.08,B,140,234,Wily Beguiled,Anonymous,2.579,0.018,0.23
comedy,"Shakespeare, William",39,"Profit, conscience and dishonest dealing",-0.08,B,140,297,May Day,"Chapman, George",2.248,0.016,0.201
comedy,"Shakespeare, William",2,"Roman politics: senate, consuls and civil war",0.066,A,11,150,Love's Labor's Lost,"Shakespeare, William",2.713,0.247,1.0
comedy,"Shakespeare, William",2,"Roman politics: senate, consuls and civil war",0.066,B,140,186,"Poetaster, or The Arraignment","Jonson, Ben",13.626,0.097,0.539
comedy,"Shakespeare, William",2,"Roman politics: senate, consuls and civil war",0.066,B,140,556,"The Sophister (Fallacy, or The Troubles of Great Hermenia)","Zouche, Richard",2.952,0.021,0.117
comedy,"Shakespeare, William",2,"Roman politics: senate, consuls and civil war",0.066,B,140,252,What You Will,"Marston, John",2.896,0.021,0.115
comedy,"Shakespeare, William",34,"Thebes and royal catastrophe: siege, slaughter and funeral rites",-0.058,B,140,84,"Campaspe (Alexander, Campaspe, and Diogenes)","Lyly, John",8.08,0.058,1.0
comedy,"Shakespeare, William",25,"Kings, power and law: political sententiae",-0.04,B,140,106,Midas,"Lyly, John",3.354,0.024,0.594
comedy,"Shakespeare, William",25,"Kings, power and law: political sententiae",-0.04,B,140,305,"If It Be Not Good, the Devil Is in It (If This Be Not a Good Play, the Devil Is in It)","Dekker, Thomas",2.295,0.016,0.406
comedy,"Shakespeare, William",40,"Sin, guilt and violent loss within families",-0.039,A,11,394,As You Like It,"Shakespeare, William",2.253,0.205,1.0
comedy,"Shakespeare, William",40,"Sin, guilt and violent loss within families",-0.039,B,140,73,1 Promos and Cassandra,"Whetstone, George",9.634,0.069,0.282
comedy,"Shakespeare, William",40,"Sin, guilt and violent loss within families",-0.039,B,140,74,2 Promos and Cassandra,"Whetstone, George",5.286,0.038,0.155
comedy,"Shakespeare, William",40,"Sin, guilt and violent loss within families",-0.039,B,140,176,Every Man in His Humor,"Jonson, Ben",3.964,0.028,0.116
comedy,"Shakespeare, William",59,"Spanish courts: war, honour and courtship",-0.039,B,140,598,Rule a Wife and Have a Wife,"Fletcher, John",5.475,0.039,1.0
comedy,"Shakespeare, William",51,"Parents and children: blessing, birthright and inheritance",-0.036,A,11,187,The Merry Wives of Windsor,"Shakespeare, William",2.357,0.214,1.0
comedy,"Shakespeare, William",51,"Parents and children: blessing, birthright and inheritance",-0.036,B,140,125,Mother Bombie,"Lyly, John",5.932,0.042,0.169
comedy,"Shakespeare, William",51,"Parents and children: blessing, birthright and inheritance",-0.036,B,140,281,The Case Is Altered,"Jonson, Ben",5.573,0.04,0.159
comedy,"Shakespeare, William",51,"Parents and children: blessing, birthright and inheritance",-0.036,B,140,15,The Play of the Weather,"Heywood, John",4.619,0.033,0.132
comedy,"Shakespeare, William",18,"Rebels, barons and the king's wars at home",-0.029,B,140,174,Look About You,Anonymous,3.991,0.029,1.0
comedy,"Shakespeare, William",38,"Death, parting and grief at court",-0.021,B,140,173,Summer's Last Will and Testament,"Nashe, Thomas",2.927,0.021,1.0
comedy,"Shakespeare, William",10,"England and France: war, embassy and peace",-0.019,B,140,175,"The Shoemaker's Holiday, or The Gentle Craft","Dekker, Thomas",2.621,0.019,1.0
comedy,"Shakespeare, William",36,"Hell, Furies and the language of punishment",-0.016,B,140,414,Apollo Shroving,"Hawkins, William",2.203,0.016,1.0
comedy,"Shakespeare, William",31,"Popes, cardinals and the crown",-0.014,B,140,456,The Staple of News,"Jonson, Ben",1.993,0.014,1.0
comedy,"Shirley, James",0,"Court life: dukes, favour and honour",15.035,A,16,575,The Opportunity,"Shirley, James",86.168,5.386,0.297
comedy,"Shirley, James",0,"Court life: dukes, favour and honour",15.035,A,16,577,The Humorous Courtier (The Duke),"Shirley, James",65.484,4.093,0.226
comedy,"Shirley, James",0,"Court life: dukes, favour and honour",15.035,A,16,538,The Royal Master,"Shirley, James",61.223,3.826,0.211
comedy,"Shirley, James",0,"Court life: dukes, favour and honour",15.035,B,135,505,The Great Duke of Florence,"Massinger, Philip",56.854,0.421,0.136
comedy,"Shirley, James",0,"Court life: dukes, favour and honour",15.035,B,135,493,A Maidenhead Well Lost,"Heywood, Thomas",33.283,0.247,0.079
comedy,"Shirley, James",0,"Court life: dukes, favour and honour",15.035,B,135,245,The Woman Hater (The Hungry Courtier),"Beaumont, Francis / Fletcher, John",32.624,0.242,0.078
comedy,"Shirley, James",16,"Gallantry: ladies, lordships and compliment",3.105,A,16,518,The Lady of Pleasure,"Shirley, James",31.98,1.999,0.481
comedy,"Shirley, James",16,"Gallantry: ladies, lordships and compliment",3.105,A,16,549,The Ball,"Shirley, James",14.407,0.9,0.217
comedy,"Shirley, James",16,"Gallantry: ladies, lordships and compliment",3.105,A,16,517,Hyde Park,"Shirley, James",9.473,0.592,0.143
comedy,"Shirley, James",16,"Gallantry: ladies, lordships and compliment",3.105,B,135,334,The Scornful Lady,"Beaumont, Francis / Fletcher, John",8.63,0.064,0.061
comedy,"Shirley, James",16,"Gallantry: ladies, lordships and compliment",3.105,B,135,561,A New Trick to Cheat the Devil,"Davenport, Robert",7.467,0.055,0.053
comedy,"Shirley, James",16,"Gallantry: ladies, lordships and compliment",3.105,B,135,461,Holland's Leaguer,"Marmion, Shackerley",7.365,0.055,0.052
comedy,"Shirley, James",1,"Death, grief and revenge",1.897,A,16,425,The Wedding,"Shirley, James",22.44,1.402,0.407
comedy,"Shirley, James",1,"Death, grief and revenge",1.897,A,16,523,The Gamester,"Shirley, James",10.153,0.635,0.184
comedy,"Shirley, James",1,"Death, grief and revenge",1.897,A,16,477,The Witty Fair One,"Shirley, James",9.285,0.58,0.168
comedy,"Shirley, James",1,"Death, grief and revenge",1.897,B,135,74,2 Promos and Cassandra,"Whetstone, George",21.608,0.16,0.103
comedy,"Shirley, James",1,"Death, grief and revenge",1.897,B,135,191,How a Man May Choose a Good Wife from a Bad,Anonymous,14.23,0.105,0.068
comedy,"Shirley, James",1,"Death, grief and revenge",1.897,B,135,177,Jack Drum's Entertainment (Katherine and Pasquil),"Marston, John",12.343,0.091,0.059
comedy,"Shirley, James",6,"Money, debt and credit",-1.863,A,16,518,The Lady of Pleasure,"Shirley, James",2.322,0.145,1.0
comedy,"Shirley, James",6,"Money, debt and credit",-1.863,B,135,580,"The Knave in Grain, New Vamped","D., J.",17.509,0.13,0.065
comedy,"Shirley, James",6,"Money, debt and credit",-1.863,B,135,393,The Comedy of Errors,"Shakespeare, William",17.374,0.129,0.064
comedy,"Shirley, James",6,"Money, debt and credit",-1.863,B,135,266,Your Five Gallants (The Five Witty Gallants),"Middleton, Thomas",17.369,0.129,0.064
comedy,"Shirley, James",4,Love-longing and the lover's complaint,-1.695,A,16,518,The Lady of Pleasure,"Shirley, James",4.911,0.307,1.0
comedy,"Shirley, James",4,Love-longing and the lover's complaint,-1.695,B,135,242,The Fair Maid of the Exchange,Anonymous,16.999,0.126,0.063
comedy,"Shirley, James",4,Love-longing and the lover's complaint,-1.695,B,135,170,A Midsummer Night's Dream,"Shakespeare, William",15.522,0.115,0.057
comedy,"Shirley, James",4,Love-longing and the lover's complaint,-1.695,B,135,177,Jack Drum's Entertainment (Katherine and Pasquil),"Marston, John",15.4,0.114,0.057
comedy,"Shirley, James",3,"Sickness, physic and doctors",-1.559,A,16,477,The Witty Fair One,"Shirley, James",5.816,0.364,0.343
comedy,"Shirley, James",3,"Sickness, physic and doctors",-1.559,A,16,577,The Humorous Courtier (The Duke),"Shirley, James",3.161,0.198,0.186
comedy,"Shirley, James",3,"Sickness, physic and doctors",-1.559,A,16,592,The Constant Maid (Love Will Find Out the Way),"Shirley, James",3.0,0.188,0.177
comedy,"Shirley, James",3,"Sickness, physic and doctors",-1.559,B,135,263,The Family of Love,"Barry, Lording",47.788,0.354,0.135
comedy,"Shirley, James",3,"Sickness, physic and doctors",-1.559,B,135,508,The Wonder of A Kingdom,"Dekker, Thomas",26.555,0.197,0.075
comedy,"Shirley, James",3,"Sickness, physic and doctors",-1.559,B,135,616,"The Magnetic Lady, or Humors Reconciled","Jonson, Ben",26.43,0.196,0.075
comedy,"Shirley, James",8,"Captains, gallants and cheats",-1.358,A,16,425,The Wedding,"Shirley, James",5.404,0.338,0.663
comedy,"Shirley, James",8,"Captains, gallants and cheats",-1.358,A,16,521,The Example,"Shirley, James",2.741,0.171,0.337
comedy,"Shirley, James",8,"Captains, gallants and cheats",-1.358,B,135,251,"The Puritan, or The Widow of Watling Street (The Puritan Widow)","Middleton, Thomas",29.711,0.22,0.118
comedy,"Shirley, James",8,"Captains, gallants and cheats",-1.358,B,135,297,May Day,"Chapman, George",24.337,0.18,0.097
comedy,"Shirley, James",8,"Captains, gallants and cheats",-1.358,B,135,195,"Satiromastix, or The Untrussing of the Humorous Poet","Dekker, Thomas",20.171,0.149,0.08
comedy,"Shirley, James",49,"Wooing a mistress: suitors, go-betweens and letters",1.098,A,16,477,The Witty Fair One,"Shirley, James",8.925,0.558,0.361
comedy,"Shirley, James",49,"Wooing a mistress: suitors, go-betweens and letters",1.098,A,16,462,"Changes, or Love in a Maze","Shirley, James",7.372,0.461,0.299
comedy,"Shirley, James",49,"Wooing a mistress: suitors, go-betweens and letters",1.098,A,16,521,The Example,"Shirley, James",5.612,0.351,0.227
comedy,"Shirley, James",49,"Wooing a mistress: suitors, go-betweens and letters",1.098,B,135,457,The Devil Is an Ass,"Jonson, Ben",5.419,0.04,0.09
comedy,"Shirley, James",49,"Wooing a mistress: suitors, go-betweens and letters",1.098,B,135,276,"A Mad World, My Masters","Middleton, Thomas",5.367,0.04,0.089
comedy,"Shirley, James",49,"Wooing a mistress: suitors, go-betweens and letters",1.098,B,135,461,Holland's Leaguer,"Marmion, Shackerley",4.927,0.036,0.082
comedy,"Shirley, James",24,"Apollo, Phoebus and the Muses",-1.076,B,135,414,Apollo Shroving,"Hawkins, William",63.239,0.468,0.436
comedy,"Shirley, James",24,"Apollo, Phoebus and the Muses",-1.076,B,135,164,The Maid's Metamorphosis,Anonymous,28.256,0.209,0.195
comedy,"Shirley, James",24,"Apollo, Phoebus and the Muses",-1.076,B,135,106,Midas,"Lyly, John",25.99,0.193,0.179
comedy,"Shirley, James",15,Friars and holy orders in plot,-0.778,B,135,121,Friar Bacon and Friar Bongay,"Greene, Robert",31.491,0.233,0.3
comedy,"Shirley, James",15,Friars and holy orders in plot,-0.778,B,135,561,A New Trick to Cheat the Devil,"Davenport, Robert",20.012,0.148,0.191
comedy,"Shirley, James",15,Friars and holy orders in plot,-0.778,B,135,305,"If It Be Not Good, the Devil Is in It (If This Be Not a Good Play, the Devil Is in It)","Dekker, Thomas",13.81,0.102,0.132
comedy,"Shirley, James",9,"Theatre talk: prologues, poets and players",-0.697,A,16,521,The Example,"Shirley, James",2.769,0.173,0.259
comedy,"Shirley, James",9,"Theatre talk: prologues, poets and players",-0.697,A,16,462,"Changes, or Love in a Maze","Shirley, James",2.691,0.168,0.252
comedy,"Shirley, James",9,"Theatre talk: prologues, poets and players",-0.697,A,16,479,The Bird in a Cage (The Beauties),"Shirley, James",2.656,0.166,0.249
comedy,"Shirley, James",9,"Theatre talk: prologues, poets and players",-0.697,B,135,586,The Antipodes,"Brome, Richard",15.841,0.117,0.086
comedy,"Shirley, James",9,"Theatre talk: prologues, poets and players",-0.697,B,135,186,"Poetaster, or The Arraignment","Jonson, Ben",14.006,0.104,0.076
comedy,"Shirley, James",9,"Theatre talk: prologues, poets and players",-0.697,B,135,616,"The Magnetic Lady, or Humors Reconciled","Jonson, Ben",12.888,0.095,0.07
comedy,"Shirley, James",35,"Fools, wit and railing",-0.591,A,16,538,The Royal Master,"Shirley, James",2.758,0.172,1.0
comedy,"Shirley, James",35,"Fools, wit and railing",-0.591,B,135,431,"Aristippus, or The Jovial Philosopher","Randolph, Thomas",16.519,0.122,0.16
comedy,"Shirley, James",35,"Fools, wit and railing",-0.591,B,135,515,The Elder Brother,"Fletcher, John / Massinger, Philip",10.178,0.075,0.099
comedy,"Shirley, James",35,"Fools, wit and railing",-0.591,B,135,591,Wit in a Constable,"Glapthorne, Henry",6.493,0.048,0.063
comedy,"Shirley, James",23,"Husbands, wives and jealousy",-0.536,A,16,523,The Gamester,"Shirley, James",5.097,0.319,0.672
comedy,"Shirley, James",23,"Husbands, wives and jealousy",-0.536,A,16,518,The Lady of Pleasure,"Shirley, James",2.485,0.155,0.328
comedy,"Shirley, James",23,"Husbands, wives and jealousy",-0.536,B,135,219,All Fools,"Chapman, George",16.0,0.119,0.117
comedy,"Shirley, James",23,"Husbands, wives and jealousy",-0.536,B,135,247,Cupid's Whirligig,"Sharpham, Edward",15.293,0.113,0.112
comedy,"Shirley, James",23,"Husbands, wives and jealousy",-0.536,B,135,540,Tottenham Court,"Nabbes, Thomas",12.2,0.09,0.089
comedy,"Shirley, James",46,"Swords, quarrels and valour",0.496,A,16,521,The Example,"Shirley, James",5.426,0.339,0.418
comedy,"Shirley, James",46,"Swords, quarrels and valour",0.496,A,16,523,The Gamester,"Shirley, James",5.23,0.327,0.403
comedy,"Shirley, James",46,"Swords, quarrels and valour",0.496,A,16,441,The School of Compliment (Love Tricks),"Shirley, James",2.312,0.145,0.178
comedy,"Shirley, James",46,"Swords, quarrels and valour",0.496,B,135,176,Every Man in His Humor,"Jonson, Ben",9.499,0.07,0.224
comedy,"Shirley, James",46,"Swords, quarrels and valour",0.496,B,135,515,The Elder Brother,"Fletcher, John / Massinger, Philip",5.264,0.039,0.124
comedy,"Shirley, James",46,"Swords, quarrels and valour",0.496,B,135,283,Every Woman in Her Humor,Anonymous,2.965,0.022,0.07
comedy,"Shirley, James",44,"Drinking: wine, ale and taverns",-0.469,A,16,477,The Witty Fair One,"Shirley, James",3.001,0.188,1.0
comedy,"Shirley, James",44,"Drinking: wine, ale and taverns",-0.469,B,135,455,Bartholomew Fair,"Jonson, Ben",13.813,0.102,0.156
comedy,"Shirley, James",44,"Drinking: wine, ale and taverns",-0.469,B,135,173,Summer's Last Will and Testament,"Nashe, Thomas",9.188,0.068,0.104
comedy,"Shirley, James",44,"Drinking: wine, ale and taverns",-0.469,B,135,494,The Late Lancashire Witches,"Heywood, Thomas / Brome, Richard",7.046,0.052,0.079
comedy,"Shirley, James",11,"Siblings, kin and confidants",-0.45,A,16,462,"Changes, or Love in a Maze","Shirley, James",7.704,0.482,0.596
comedy,"Shirley, James",11,"Siblings, kin and confidants",-0.45,A,16,575,The Opportunity,"Shirley, James",2.663,0.166,0.206
comedy,"Shirley, James",11,"Siblings, kin and confidants",-0.45,A,16,429,The Grateful Servant (The Faithful Servant),"Shirley, James",2.57,0.161,0.199
comedy,"Shirley, James",11,"Siblings, kin and confidants",-0.45,B,135,323,"Greene's Tu Quoque, or The City Gallant","Cooke, John",16.755,0.124,0.099
comedy,"Shirley, James",11,"Siblings, kin and confidants",-0.45,B,135,242,The Fair Maid of the Exchange,Anonymous,9.798,0.073,0.058
comedy,"Shirley, James",11,"Siblings, kin and confidants",-0.45,B,135,540,Tottenham Court,"Nabbes, Thomas",9.085,0.067,0.053
comedy,"Shirley, James",45,"Widows, wooing and remarriage",-0.448,A,16,592,The Constant Maid (Love Will Find Out the Way),"Shirley, James",3.248,0.203,0.508
comedy,"Shirley, James",45,"Widows, wooing and remarriage",-0.448,A,16,517,Hyde Park,"Shirley, James",3.147,0.197,0.492
comedy,"Shirley, James",45,"Widows, wooing and remarriage",-0.448,B,135,262,A Trick to Catch the Old One,"Middleton, Thomas",30.947,0.229,0.271
comedy,"Shirley, James",45,"Widows, wooing and remarriage",-0.448,B,135,292,"Ram Alley, or Merry Tricks","Barry, Lording",21.84,0.162,0.191
comedy,"Shirley, James",45,"Widows, wooing and remarriage",-0.448,B,135,476,A Match at Midnight,"R., W.",21.603,0.16,0.189
comedy,"Shirley, James",30,"Constables, justices and the watch",-0.419,A,16,574,"The Night Walker, or The Little Thief","Fletcher, John / Shirley, James",7.736,0.484,1.0
comedy,"Shirley, James",30,"Constables, justices and the watch",-0.419,B,135,617,A Tale of a Tub,"Jonson, Ben",65.356,0.484,0.537
comedy,"Shirley, James",30,"Constables, justices and the watch",-0.419,B,135,591,Wit in a Constable,"Glapthorne, Henry",16.105,0.119,0.132
comedy,"Shirley, James",30,"Constables, justices and the watch",-0.419,B,135,542,Covent Garden,"Nabbes, Thomas",8.465,0.063,0.07
comedy,"Shirley, James",5,"Christian faith, sin and salvation",0.39,A,16,517,Hyde Park,"Shirley, James",3.178,0.199,0.384
comedy,"Shirley, James",5,"Christian faith, sin and salvation",0.39,A,16,574,"The Night Walker, or The Little Thief","Fletcher, John / Shirley, James",2.574,0.161,0.311
comedy,"Shirley, James",5,"Christian faith, sin and salvation",0.39,A,16,429,The Grateful Servant (The Faithful Servant),"Shirley, James",2.527,0.158,0.305
comedy,"Shirley, James",5,"Christian faith, sin and salvation",0.39,B,135,321,The Hog Hath Lost His Pearl,"Tailor, Robert",5.749,0.043,0.335
comedy,"Shirley, James",5,"Christian faith, sin and salvation",0.39,B,135,305,"If It Be Not Good, the Devil Is in It (If This Be Not a Good Play, the Devil Is in It)","Dekker, Thomas",4.544,0.034,0.265
comedy,"Shirley, James",5,"Christian faith, sin and salvation",0.39,B,135,150,Love's Labor's Lost,"Shakespeare, William",2.806,0.021,0.164
comedy,"Shirley, James",27,"Uncles, nephews and cousins: kinship and patronage",0.369,A,16,523,The Gamester,"Shirley, James",10.338,0.646,0.415
comedy,"Shirley, James",27,"Uncles, nephews and cousins: kinship and patronage",0.369,A,16,462,"Changes, or Love in a Maze","Shirley, James",5.128,0.32,0.206
comedy,"Shirley, James",27,"Uncles, nephews and cousins: kinship and patronage",0.369,A,16,592,The Constant Maid (Love Will Find Out the Way),"Shirley, James",3.299,0.206,0.133
comedy,"Shirley, James",27,"Uncles, nephews and cousins: kinship and patronage",0.369,B,135,568,The City Match,"Mayne, Jasper",19.519,0.145,0.122
comedy,"Shirley, James",27,"Uncles, nephews and cousins: kinship and patronage",0.369,B,135,262,A Trick to Catch the Old One,"Middleton, Thomas",19.512,0.145,0.122
comedy,"Shirley, James",27,"Uncles, nephews and cousins: kinship and patronage",0.369,B,135,228,Sir Giles Goosecap,"Chapman, George",12.451,0.092,0.078
comedy,"Shirley, James",22,"Shepherds, flocks and Pan",0.286,A,16,441,The School of Compliment (Love Tricks),"Shirley, James",11.393,0.712,1.0
comedy,"Shirley, James",22,"Shepherds, flocks and Pan",0.286,B,135,394,As You Like It,"Shakespeare, William",16.101,0.119,0.28
comedy,"Shirley, James",22,"Shepherds, flocks and Pan",0.286,B,135,164,The Maid's Metamorphosis,Anonymous,14.247,0.106,0.248
comedy,"Shirley, James",22,"Shepherds, flocks and Pan",0.286,B,135,144,The Woman in the Moon,"Lyly, John",8.072,0.06,0.14
comedy,"Shirley, James",51,"Parents and children: blessing, birthright and inheritance",-0.277,B,135,125,Mother Bombie,"Lyly, John",5.932,0.044,0.159
comedy,"Shirley, James",51,"Parents and children: blessing, birthright and inheritance",-0.277,B,135,281,The Case Is Altered,"Jonson, Ben",5.573,0.041,0.149
comedy,"Shirley, James",51,"Parents and children: blessing, birthright and inheritance",-0.277,B,135,15,The Play of the Weather,"Heywood, John",4.619,0.034,0.124
comedy,"Shirley, James",33,"Fathers, daughters and marriage negotiations",0.273,A,16,592,The Constant Maid (Love Will Find Out the Way),"Shirley, James",6.173,0.386,0.331
comedy,"Shirley, James",33,"Fathers, daughters and marriage negotiations",0.273,A,16,441,The School of Compliment (Love Tricks),"Shirley, James",4.336,0.271,0.232
comedy,"Shirley, James",33,"Fathers, daughters and marriage negotiations",0.273,A,16,517,Hyde Park,"Shirley, James",3.003,0.188,0.161
comedy,"Shirley, James",33,"Fathers, daughters and marriage negotiations",0.273,B,135,91,Andria (The Woman from Andros),"Terence (Publius Terentius Afer) / Kyffin, Maurice",42.015,0.311,0.348
comedy,"Shirley, James",33,"Fathers, daughters and marriage negotiations",0.273,B,135,219,All Fools,"Chapman, George",7.868,0.058,0.065
comedy,"Shirley, James",33,"Fathers, daughters and marriage negotiations",0.273,B,135,285,The Two Maids of More-Clacke,"Armin, Robert",6.167,0.046,0.051
comedy,"Shirley, James",7,The Trojan war: conflict and its aftermath,-0.263,B,135,37,Thersites,"Udall, Nicholas",22.193,0.164,0.625
comedy,"Shirley, James",7,The Trojan war: conflict and its aftermath,-0.263,B,135,84,"Campaspe (Alexander, Campaspe, and Diogenes)","Lyly, John",3.896,0.029,0.11
comedy,"Shirley, James",7,The Trojan war: conflict and its aftermath,-0.263,B,135,150,Love's Labor's Lost,"Shakespeare, William",2.713,0.02,0.076
comedy,"Shirley, James",52,"Prodigals, portions and poor kin",-0.26,A,16,592,The Constant Maid (Love Will Find Out the Way),"Shirley, James",2.956,0.185,1.0
comedy,"Shirley, James",52,"Prodigals, portions and poor kin",-0.26,B,135,460,"A New Wonder, A Woman Never Vexed","Heywood, Thomas / Rowley, William",15.801,0.117,0.263
comedy,"Shirley, James",52,"Prodigals, portions and poor kin",-0.26,B,135,222,The London Prodigal,Anonymous,12.567,0.093,0.209
comedy,"Shirley, James",52,"Prodigals, portions and poor kin",-0.26,B,135,394,As You Like It,"Shakespeare, William",6.666,0.049,0.111
comedy,"Shirley, James",14,"Royal love, favour and dynastic relationships",0.259,A,16,538,The Royal Master,"Shirley, James",8.166,0.51,1.0
comedy,"Shirley, James",14,"Royal love, favour and dynastic relationships",0.259,B,135,267,Law Tricks,"Day, John",6.442,0.048,0.19
comedy,"Shirley, James",14,"Royal love, favour and dynastic relationships",0.259,B,135,230,"Parasitaster, or The Fawn","Marston, John",4.603,0.034,0.136
comedy,"Shirley, James",14,"Royal love, favour and dynastic relationships",0.259,B,135,493,A Maidenhead Well Lost,"Heywood, Thomas",3.73,0.028,0.11
comedy,"Shirley, James",32,Rings and jewels as tokens,-0.233,A,16,517,Hyde Park,"Shirley, James",3.103,0.194,0.54
comedy,"Shirley, James",32,Rings and jewels as tokens,-0.233,A,16,574,"The Night Walker, or The Little Thief","Fletcher, John / Shirley, James",2.645,0.165,0.46
comedy,"Shirley, James",32,Rings and jewels as tokens,-0.233,B,135,364,"The Two Merry Milkmaids, or The Best Words Wear the Garland","Cumber, John",15.027,0.111,0.188
comedy,"Shirley, James",32,Rings and jewels as tokens,-0.233,B,135,172,The Merchant of Venice (The Jew of Venice),"Shakespeare, William",7.738,0.057,0.097
comedy,"Shirley, James",32,Rings and jewels as tokens,-0.233,B,135,493,A Maidenhead Well Lost,"Heywood, Thomas",7.626,0.056,0.095
comedy,"Shirley, James",12,"Olympian gods: Jupiter, Juno, Venus and Mars",-0.21,B,135,144,The Woman in the Moon,"Lyly, John",11.634,0.086,0.41
comedy,"Shirley, James",12,"Olympian gods: Jupiter, Juno, Venus and Mars",-0.21,B,135,186,"Poetaster, or The Arraignment","Jonson, Ben",9.996,0.074,0.352
comedy,"Shirley, James",12,"Olympian gods: Jupiter, Juno, Venus and Mars",-0.21,B,135,84,"Campaspe (Alexander, Campaspe, and Diogenes)","Lyly, John",3.858,0.029,0.136
comedy,"Shirley, James",2,"Roman politics: senate, consuls and civil war",-0.207,B,135,186,"Poetaster, or The Arraignment","Jonson, Ben",13.626,0.101,0.487
comedy,"Shirley, James",2,"Roman politics: senate, consuls and civil war",-0.207,B,135,556,"The Sophister (Fallacy, or The Troubles of Great Hermenia)","Zouche, Richard",2.952,0.022,0.106
comedy,"Shirley, James",2,"Roman politics: senate, consuls and civil war",-0.207,B,135,252,What You Will,"Marston, John",2.896,0.021,0.104
comedy,"Shirley, James",20,"Hercules: labours, suffering and virtue",-0.207,B,135,37,Thersites,"Udall, Nicholas",13.991,0.104,0.501
comedy,"Shirley, James",20,"Hercules: labours, suffering and virtue",-0.207,B,135,121,Friar Bacon and Friar Bongay,"Greene, Robert",6.09,0.045,0.218
comedy,"Shirley, James",20,"Hercules: labours, suffering and virtue",-0.207,B,135,556,"The Sophister (Fallacy, or The Troubles of Great Hermenia)","Zouche, Richard",3.266,0.024,0.117
comedy,"Shirley, James",21,"Cupid, Venus and the nymphs",-0.196,A,16,549,The Ball,"Shirley, James",5.669,0.354,0.559
comedy,"Shirley, James",21,"Cupid, Venus and the nymphs",-0.196,A,16,441,The School of Compliment (Love Tricks),"Shirley, James",4.48,0.28,0.441
comedy,"Shirley, James",21,"Cupid, Venus and the nymphs",-0.196,B,135,105,Gallathea,"Lyly, John",40.777,0.302,0.364
comedy,"Shirley, James",21,"Cupid, Venus and the nymphs",-0.196,B,135,82,Sappho and Phao,"Lyly, John",22.29,0.165,0.199
comedy,"Shirley, James",21,"Cupid, Venus and the nymphs",-0.196,B,135,181,"Cynthia's Revels, or The Fountain of Self-Love","Jonson, Ben",10.814,0.08,0.096
comedy,"Shirley, James",56,"Magic, spells and conjuring",-0.176,B,135,86,Fedele and Fortunia (Two Italian Gentlemen),"Pasqualigo, Luigi / Munday, Anthony",7.152,0.053,0.301
comedy,"Shirley, James",56,"Magic, spells and conjuring",-0.176,B,135,121,Friar Bacon and Friar Bongay,"Greene, Robert",6.021,0.045,0.254
comedy,"Shirley, James",56,"Magic, spells and conjuring",-0.176,B,135,353,"Technogamia, or The Marriages of the Arts","Holyday, Barten",3.338,0.025,0.141
comedy,"Shirley, James",28,"Marriage-making: weddings, brides and matches",-0.173,A,16,477,The Witty Fair One,"Shirley, James",5.996,0.375,0.413
comedy,"Shirley, James",28,"Marriage-making: weddings, brides and matches",-0.173,A,16,425,The Wedding,"Shirley, James",5.662,0.354,0.39
comedy,"Shirley, James",28,"Marriage-making: weddings, brides and matches",-0.173,A,16,549,The Ball,"Shirley, James",2.855,0.178,0.197
comedy,"Shirley, James",28,"Marriage-making: weddings, brides and matches",-0.173,B,135,125,Mother Bombie,"Lyly, John",17.628,0.131,0.121
comedy,"Shirley, James",28,"Marriage-making: weddings, brides and matches",-0.173,B,135,535,The Wise Woman of Hogsdon,"Heywood, Thomas",16.983,0.126,0.116
comedy,"Shirley, James",28,"Marriage-making: weddings, brides and matches",-0.173,B,135,299,A Woman Is a Weathercock,"Field, Nathan",13.091,0.097,0.09
comedy,"Shirley, James",55,"Fairies, fairy queens and enchanted desire",-0.141,B,135,170,A Midsummer Night's Dream,"Shakespeare, William",12.136,0.09,0.638
comedy,"Shirley, James",55,"Fairies, fairy queens and enchanted desire",-0.141,B,135,187,The Merry Wives of Windsor,"Shakespeare, William",4.79,0.035,0.252
comedy,"Shirley, James",55,"Fairies, fairy queens and enchanted desire",-0.141,B,135,469,The Jealous Lovers,"Randolph, Thomas",2.11,0.016,0.111
comedy,"Shirley, James",54,"Antony and Cleopatra: love, death and mourning",0.139,A,16,517,Hyde Park,"Shirley, James",3.085,0.193,1.0
comedy,"Shirley, James",54,"Antony and Cleopatra: love, death and mourning",0.139,B,135,15,The Play of the Weather,"Heywood, John",4.875,0.036,0.673
comedy,"Shirley, James",54,"Antony and Cleopatra: love, death and mourning",0.139,B,135,168,Much Ado About Nothing,"Shakespeare, William",2.364,0.018,0.327
comedy,"Shirley, James",37,"Riches, poverty and covetousness",-0.121,B,135,173,Summer's Last Will and Testament,"Nashe, Thomas",8.703,0.064,0.532
comedy,"Shirley, James",37,"Riches, poverty and covetousness",-0.121,B,135,469,The Jealous Lovers,"Randolph, Thomas",2.162,0.016,0.132
comedy,"Shirley, James",37,"Riches, poverty and covetousness",-0.121,B,135,616,"The Magnetic Lady, or Humors Reconciled","Jonson, Ben",2.143,0.016,0.131
comedy,"Shirley, James",50,"Fleets, armies and generals: war by sea and land",-0.1,B,135,390,The Tempest,"Shakespeare, William",6.247,0.046,0.464
comedy,"Shirley, James",50,"Fleets, armies and generals: war by sea and land",-0.1,B,135,184,Antonio and Mellida,"Marston, John",3.618,0.027,0.269
comedy,"Shirley, James",50,"Fleets, armies and generals: war by sea and land",-0.1,B,135,354,Hans Beer-Pot (See Me and See Me Not),"Belchier, Dabridgcourt",3.589,0.027,0.267
comedy,"Shirley, James",47,"Knaves, thieves and bawds",0.099,A,16,574,"The Night Walker, or The Little Thief","Fletcher, John / Shirley, James",7.67,0.479,1.0
comedy,"Shirley, James",47,"Knaves, thieves and bawds",0.099,B,135,435,2 The Honest Whore (2 The Converted Courtesan),"Dekker, Thomas",14.865,0.11,0.289
comedy,"Shirley, James",47,"Knaves, thieves and bawds",0.099,B,135,67,Gammer Gurton's Needle,"Stevenson, William",6.886,0.051,0.134
comedy,"Shirley, James",47,"Knaves, thieves and bawds",0.099,B,135,243,The Phoenix,"Middleton, Thomas",5.049,0.037,0.098
comedy,"Shirley, James",17,"Eastern conquest: Persians, Turks and soldans",-0.083,B,135,354,Hans Beer-Pot (See Me and See Me Not),"Belchier, Dabridgcourt",3.822,0.028,0.341
comedy,"Shirley, James",17,"Eastern conquest: Persians, Turks and soldans",-0.083,B,135,84,"Campaspe (Alexander, Campaspe, and Diogenes)","Lyly, John",3.744,0.028,0.334
comedy,"Shirley, James",17,"Eastern conquest: Persians, Turks and soldans",-0.083,B,135,493,A Maidenhead Well Lost,"Heywood, Thomas",3.64,0.027,0.325
comedy,"Shirley, James",39,"Profit, conscience and dishonest dealing",-0.083,B,135,255,The Fleer,"Sharpham, Edward",6.375,0.047,0.569
comedy,"Shirley, James",39,"Profit, conscience and dishonest dealing",-0.083,B,135,234,Wily Beguiled,Anonymous,2.579,0.019,0.23
comedy,"Shirley, James",39,"Profit, conscience and dishonest dealing",-0.083,B,135,297,May Day,"Chapman, George",2.248,0.017,0.201
comedy,"Shirley, James",26,"Devils, hell and fiends",0.076,A,16,574,"The Night Walker, or The Little Thief","Fletcher, John / Shirley, James",7.465,0.467,0.491
comedy,"Shirley, James",26,"Devils, hell and fiends",0.076,A,16,429,The Grateful Servant (The Faithful Servant),"Shirley, James",5.351,0.334,0.352
comedy,"Shirley, James",26,"Devils, hell and fiends",0.076,A,16,518,The Lady of Pleasure,"Shirley, James",2.401,0.15,0.158
comedy,"Shirley, James",26,"Devils, hell and fiends",0.076,B,135,457,The Devil Is an Ass,"Jonson, Ben",24.568,0.182,0.208
comedy,"Shirley, James",26,"Devils, hell and fiends",0.076,B,135,561,A New Trick to Cheat the Devil,"Davenport, Robert",22.476,0.166,0.19
comedy,"Shirley, James",26,"Devils, hell and fiends",0.076,B,135,305,"If It Be Not Good, the Devil Is in It (If This Be Not a Good Play, the Devil Is in It)","Dekker, Thomas",20.204,0.15,0.171
comedy,"Shirley, James",40,"Sin, guilt and violent loss within families",-0.07,A,16,521,The Example,"Shirley, James",2.859,0.179,1.0
comedy,"Shirley, James",40,"Sin, guilt and violent loss within families",-0.07,B,135,73,1 Promos and Cassandra,"Whetstone, George",9.634,0.071,0.287
comedy,"Shirley, James",40,"Sin, guilt and violent loss within families",-0.07,B,135,74,2 Promos and Cassandra,"Whetstone, George",5.286,0.039,0.158
comedy,"Shirley, James",40,"Sin, guilt and violent loss within families",-0.07,B,135,176,Every Man in His Humor,"Jonson, Ben",3.964,0.029,0.118
comedy,"Shirley, James",34,"Thebes and royal catastrophe: siege, slaughter and funeral rites",-0.06,B,135,84,"Campaspe (Alexander, Campaspe, and Diogenes)","Lyly, John",8.08,0.06,1.0
comedy,"Shirley, James",62,"The courtier as a type: fashion, affectation and foreign manners",-0.048,A,16,577,The Humorous Courtier (The Duke),"Shirley, James",3.136,0.196,1.0
comedy,"Shirley, James",62,"The courtier as a type: fashion, affectation and foreign manners",-0.048,B,135,181,"Cynthia's Revels, or The Fountain of Self-Love","Jonson, Ben",7.88,0.058,0.24
comedy,"Shirley, James",62,"The courtier as a type: fashion, affectation and foreign manners",-0.048,B,135,323,"Greene's Tu Quoque, or The City Gallant","Cooke, John",6.432,0.048,0.196
comedy,"Shirley, James",62,"The courtier as a type: fashion, affectation and foreign manners",-0.048,B,135,58,Damon and Pithias,"Edwards, Richard",5.305,0.039,0.161
comedy,"Shirley, James",25,"Kings, power and law: political sententiae",-0.042,B,135,106,Midas,"Lyly, John",3.354,0.025,0.594
comedy,"Shirley, James",25,"Kings, power and law: political sententiae",-0.042,B,135,305,"If It Be Not Good, the Devil Is in It (If This Be Not a Good Play, the Devil Is in It)","Dekker, Thomas",2.295,0.017,0.406
comedy,"Shirley, James",59,"Spanish courts: war, honour and courtship",-0.041,B,135,598,Rule a Wife and Have a Wife,"Fletcher, John",5.475,0.041,1.0
comedy,"Shirley, James",18,"Rebels, barons and the king's wars at home",-0.03,B,135,174,Look About You,Anonymous,3.991,0.03,1.0
comedy,"Shirley, James",38,"Death, parting and grief at court",-0.022,B,135,173,Summer's Last Will and Testament,"Nashe, Thomas",2.927,0.022,1.0
comedy,"Shirley, James",10,"England and France: war, embassy and peace",-0.019,B,135,175,"The Shoemaker's Holiday, or The Gentle Craft","Dekker, Thomas",2.621,0.019,1.0
comedy,"Shirley, James",36,"Hell, Furies and the language of punishment",-0.016,B,135,414,Apollo Shroving,"Hawkins, William",2.203,0.016,1.0
comedy,"Shirley, James",31,"Popes, cardinals and the crown",-0.015,B,135,456,The Staple of News,"Jonson, Ben",1.993,0.015,1.0
tragedy,"Chapman, George",17,"Eastern conquest: Persians, Turks and soldans",-2.513,B,106,94,1 Tamburlaine the Great,"Marlowe, Christopher",70.182,0.662,0.263
tragedy,"Chapman, George",17,"Eastern conquest: Persians, Turks and soldans",-2.513,B,106,131,"The Wars of Cyrus, King of Persia",Anonymous,69.038,0.651,0.259
tragedy,"Chapman, George",17,"Eastern conquest: Persians, Turks and soldans",-2.513,B,106,569,The Phoenix in Her Flames,"Lower, William",37.413,0.353,0.14
tragedy,"Chapman, George",1,"Death, grief and revenge",-2.266,A,5,275,The Tragedy of Charles Duke of Byron,"Chapman, George",10.709,2.142,0.469
tragedy,"Chapman, George",1,"Death, grief and revenge",-2.266,A,5,307,The Revenge of Bussy D'Ambois,"Chapman, George",7.296,1.459,0.32
tragedy,"Chapman, George",1,"Death, grief and revenge",-2.266,A,5,246,Bussy D'Ambois,"Chapman, George",4.817,0.963,0.211
tragedy,"Chapman, George",1,"Death, grief and revenge",-2.266,B,106,185,Antonio's Revenge (2 Antonio and Mellida),"Marston, John",35.004,0.33,0.048
tragedy,"Chapman, George",1,"Death, grief and revenge",-2.266,B,106,48,The Interlude of Vice (Orestes),"Pickering, John",25.142,0.237,0.035
tragedy,"Chapman, George",1,"Death, grief and revenge",-2.266,B,106,293,"The Atheist's Tragedy, or The Honest Man's Revenge","Tourneur, Cyril",24.141,0.228,0.033
tragedy,"Chapman, George",10,"England and France: war, embassy and peace",2.105,A,5,275,The Tragedy of Charles Duke of Byron,"Chapman, George",10.796,2.159,0.797
tragedy,"Chapman, George",10,"England and France: war, embassy and peace",2.105,A,5,550,"Chabot, Admiral of France","Chapman, George / Shirley, James",2.742,0.548,0.203
tragedy,"Chapman, George",10,"England and France: war, embassy and peace",2.105,B,106,418,"Lodovic Sforza, Duke of Milan","Gomersall, Robert",28.046,0.265,0.439
tragedy,"Chapman, George",10,"England and France: war, embassy and peace",2.105,B,106,510,"The Vow Breaker, or The Fair Maid of Clifton","Sampson, William",22.345,0.211,0.35
tragedy,"Chapman, George",10,"England and France: war, embassy and peace",2.105,B,106,386,The Duke of Milan,"Massinger, Philip",4.722,0.045,0.074
tragedy,"Chapman, George",7,The Trojan war: conflict and its aftermath,-1.627,A,5,444,Caesar and Pompey (The Wars of Caesar and Pompey),"Chapman, George",3.207,0.641,0.587
tragedy,"Chapman, George",7,The Trojan war: conflict and its aftermath,-1.627,A,5,246,Bussy D'Ambois,"Chapman, George",2.261,0.452,0.413
tragedy,"Chapman, George",7,The Trojan war: conflict and its aftermath,-1.627,B,106,28,Troas (Seneca's Sixth Tragedy),"Heywood, Jasper / Seneca, Lucius Annaeus",96.271,0.908,0.334
tragedy,"Chapman, George",7,The Trojan war: conflict and its aftermath,-1.627,B,106,279,Troilus and Cressida,"Shakespeare, William",55.802,0.526,0.193
tragedy,"Chapman, George",7,The Trojan war: conflict and its aftermath,-1.627,B,106,42,Agamemnon (Seneca's Eighth Tragedy),"Seneca, Lucius Annaeus / Studley, John",42.916,0.405,0.149
tragedy,"Chapman, George",34,"Thebes and royal catastrophe: siege, slaughter and funeral rites",-1.388,B,106,450,"Antigone, the Theban Princess","May, Thomas",47.432,0.447,0.322
tragedy,"Chapman, George",34,"Thebes and royal catastrophe: siege, slaughter and funeral rites",-1.388,B,106,79,Thebais (Seneca's Third Tragedy),"Seneca, Lucius Annaeus / Newton, Thomas",35.561,0.335,0.242
tragedy,"Chapman, George",34,"Thebes and royal catastrophe: siege, slaughter and funeral rites",-1.388,B,106,61,Jocasta,"Gascoigne, George / Kinwelmershe, Francis / Yelverton, Christopher / Euripides / Dolce, Lodovico",27.448,0.259,0.187
tragedy,"Chapman, George",20,"Hercules: labours, suffering and virtue",-1.357,B,106,81,Hercules Oetaeus (Hercules on Mount Oeta) (Seneca's Tenth Tragedy),"Seneca, Lucius Annaeus / Studley, John",77.067,0.727,0.536
tragedy,"Chapman, George",20,"Hercules: labours, suffering and virtue",-1.357,B,106,34,Hercules Furens (Mad Hercules) (Seneca's First Tragedy),"Heywood, Jasper / Seneca, Lucius Annaeus",46.938,0.443,0.326
tragedy,"Chapman, George",20,"Hercules: labours, suffering and virtue",-1.357,B,106,44,Medea (Seneca's Seventh Tragedy),"Seneca, Lucius Annaeus / Studley, John",10.352,0.098,0.072
tragedy,"Chapman, George",36,"Hell, Furies and the language of punishment",-1.356,B,106,36,Oedipus (Seneca's Fifth Tragedy),"Seneca, Lucius Annaeus / Neville, Alexander",27.145,0.256,0.189
tragedy,"Chapman, George",36,"Hell, Furies and the language of punishment",-1.356,B,106,29,Thyestes (Seneca's Second Tragedy),"Heywood, Jasper / Seneca, Lucius Annaeus",12.809,0.121,0.089
tragedy,"Chapman, George",36,"Hell, Furies and the language of punishment",-1.356,B,106,485,Orestes,"Goffe, Thomas",10.44,0.098,0.073
tragedy,"Chapman, George",0,"Court life: dukes, favour and honour",-1.236,A,5,275,The Tragedy of Charles Duke of Byron,"Chapman, George",15.827,3.165,1.0
tragedy,"Chapman, George",0,"Court life: dukes, favour and honour",-1.236,B,106,253,The Revenger's Tragedy,"Middleton, Thomas",64.942,0.613,0.139
tragedy,"Chapman, George",0,"Court life: dukes, favour and honour",-1.236,B,106,478,Love's Sacrifice,"Ford, John",56.393,0.532,0.121
tragedy,"Chapman, George",0,"Court life: dukes, favour and honour",-1.236,B,106,498,The Traitor,"Shirley, James",47.509,0.448,0.102
tragedy,"Chapman, George",18,"Rebels, barons and the king's wars at home",0.831,A,5,307,The Revenge of Bussy D'Ambois,"Chapman, George",2.571,0.514,0.516
tragedy,"Chapman, George",18,"Rebels, barons and the king's wars at home",0.831,A,5,246,Bussy D'Ambois,"Chapman, George",2.409,0.482,0.484
tragedy,"Chapman, George",18,"Rebels, barons and the king's wars at home",0.831,B,106,404,Macbeth,"Shakespeare, William / Middleton, Thomas",5.948,0.056,0.341
tragedy,"Chapman, George",18,"Rebels, barons and the king's wars at home",0.831,B,106,104,Tancred and Gismund (Gismond of Salerne),"Wilmot, Robert / Hatton, Christopher / Noel, Henry / Al., G. / Stafford, Roderick",3.513,0.033,0.201
tragedy,"Chapman, George",18,"Rebels, barons and the king's wars at home",0.831,B,106,39,Ferrex and Porrex (Gorboduc),"Norton, Thomas / Sackville, Thomas",3.135,0.03,0.18
tragedy,"Chapman, George",3,"Sickness, physic and doctors",-0.796,B,106,562,The Maid's Revenge,"Shirley, James",14.286,0.135,0.169
tragedy,"Chapman, George",3,"Sickness, physic and doctors",-0.796,B,106,205,Doctor Faustus,"Anonymous / Marlowe, Christopher",12.83,0.121,0.152
tragedy,"Chapman, George",3,"Sickness, physic and doctors",-0.796,B,106,389,The Duchess of Malfi,"Webster, John",6.412,0.06,0.076
tragedy,"Chapman, George",50,"Fleets, armies and generals: war by sea and land",0.791,A,5,444,Caesar and Pompey (The Wars of Caesar and Pompey),"Chapman, George",2.851,0.57,0.526
tragedy,"Chapman, George",50,"Fleets, armies and generals: war by sea and land",0.791,A,5,307,The Revenge of Bussy D'Ambois,"Chapman, George",2.566,0.513,0.474
tragedy,"Chapman, George",50,"Fleets, armies and generals: war by sea and land",0.791,B,106,490,"The Noble Spanish Soldier (The Noble Soldier, or A Contract Broken Justly Revenged)","Dekker, Thomas",7.456,0.07,0.241
tragedy,"Chapman, George",50,"Fleets, armies and generals: war by sea and land",0.791,B,106,405,Antony and Cleopatra,"Shakespeare, William",6.189,0.058,0.2
tragedy,"Chapman, George",50,"Fleets, armies and generals: war by sea and land",0.791,B,106,95,2 Tamburlaine the Great,"Marlowe, Christopher",2.876,0.027,0.093
tragedy,"Chapman, George",5,"Christian faith, sin and salvation",0.737,A,5,307,The Revenge of Bussy D'Ambois,"Chapman, George",2.643,0.529,0.507
tragedy,"Chapman, George",5,"Christian faith, sin and salvation",0.737,A,5,246,Bussy D'Ambois,"Chapman, George",2.572,0.514,0.493
tragedy,"Chapman, George",5,"Christian faith, sin and salvation",0.737,B,106,71,Abraham's Sacrifice,"Golding, Arthur / Beza, Theodore",11.675,0.11,0.359
tragedy,"Chapman, George",5,"Christian faith, sin and salvation",0.737,B,106,182,Two Lamentable Tragedies,"Yarington, Robert",8.236,0.078,0.254
tragedy,"Chapman, George",5,"Christian faith, sin and salvation",0.737,B,106,231,"The Wonder of Women, or Sophonisba","Marston, John",4.009,0.038,0.123
tragedy,"Chapman, George",59,"Spanish courts: war, honour and courtship",-0.623,A,5,275,The Tragedy of Charles Duke of Byron,"Chapman, George",2.54,0.508,1.0
tragedy,"Chapman, George",59,"Spanish courts: war, honour and courtship",-0.623,B,106,221,"1 Jeronimo, with the Wars of Portugal",Anonymous,78.081,0.737,0.651
tragedy,"Chapman, George",59,"Spanish courts: war, honour and courtship",-0.623,B,106,490,"The Noble Spanish Soldier (The Noble Soldier, or A Contract Broken Justly Revenged)","Dekker, Thomas",22.286,0.21,0.186
tragedy,"Chapman, George",59,"Spanish courts: war, honour and courtship",-0.623,B,106,471,All's Lost by Lust,"Rowley, William",5.782,0.055,0.048
tragedy,"Chapman, George",23,"Husbands, wives and jealousy",0.587,A,5,307,The Revenge of Bussy D'Ambois,"Chapman, George",2.648,0.53,0.502
tragedy,"Chapman, George",23,"Husbands, wives and jealousy",0.587,A,5,246,Bussy D'Ambois,"Chapman, George",2.628,0.526,0.498
tragedy,"Chapman, George",23,"Husbands, wives and jealousy",0.587,B,106,272,A Yorkshire Tragedy,"Middleton, Thomas",8.895,0.084,0.179
tragedy,"Chapman, George",23,"Husbands, wives and jealousy",0.587,B,106,573,Love's Cruelty,"Shirley, James",5.944,0.056,0.12
tragedy,"Chapman, George",23,"Husbands, wives and jealousy",0.587,B,106,379,"Othello, the Moor of Venice","Shakespeare, William",5.603,0.053,0.113
tragedy,"Chapman, George",30,"Constables, justices and the watch",0.542,A,5,550,"Chabot, Admiral of France","Chapman, George / Shirley, James",2.71,0.542,1.0
tragedy,"Chapman, George",15,Friars and holy orders in plot,0.528,A,5,246,Bussy D'Ambois,"Chapman, George",4.771,0.954,1.0
tragedy,"Chapman, George",15,Friars and holy orders in plot,0.528,B,106,143,Romeo and Juliet,"Shakespeare, William",14.381,0.136,0.318
tragedy,"Chapman, George",15,Friars and holy orders in plot,0.528,B,106,475,The Jew of Malta,"Marlowe, Christopher",10.921,0.103,0.242
tragedy,"Chapman, George",15,Friars and holy orders in plot,0.528,B,106,133,The Massacre at Paris,"Marlowe, Christopher",5.066,0.048,0.112
tragedy,"Chapman, George",6,"Money, debt and credit",-0.405,B,106,402,Timon of Athens,"Shakespeare, William / Middleton, Thomas",14.335,0.135,0.334
tragedy,"Chapman, George",6,"Money, debt and credit",-0.405,B,106,109,Soliman and Perseda (Zulziman),Anonymous,5.999,0.057,0.14
tragedy,"Chapman, George",6,"Money, debt and credit",-0.405,B,106,258,A Woman Killed with Kindness,"Heywood, Thomas",5.939,0.056,0.138
tragedy,"Chapman, George",4,Love-longing and the lover's complaint,-0.374,A,5,246,Bussy D'Ambois,"Chapman, George",2.582,0.516,1.0
tragedy,"Chapman, George",4,Love-longing and the lover's complaint,-0.374,B,106,143,Romeo and Juliet,"Shakespeare, William",12.2,0.115,0.129
tragedy,"Chapman, George",4,Love-longing and the lover's complaint,-0.374,B,106,131,"The Wars of Cyrus, King of Persia",Anonymous,7.897,0.074,0.084
tragedy,"Chapman, George",4,Love-longing and the lover's complaint,-0.374,B,106,231,"The Wonder of Women, or Sophonisba","Marston, John",7.742,0.073,0.082
tragedy,"Chapman, George",54,"Antony and Cleopatra: love, death and mourning",-0.371,A,5,444,Caesar and Pompey (The Wars of Caesar and Pompey),"Chapman, George",2.809,0.562,1.0
tragedy,"Chapman, George",54,"Antony and Cleopatra: love, death and mourning",-0.371,B,106,108,Antonius (Antony),"Herbert, Mary Sidney / Garnier, Robert / Sidney Herbert, Mary",41.67,0.393,0.421
tragedy,"Chapman, George",54,"Antony and Cleopatra: love, death and mourning",-0.371,B,106,132,Cleopatra,"Daniel, Samuel",30.467,0.287,0.308
tragedy,"Chapman, George",54,"Antony and Cleopatra: love, death and mourning",-0.371,B,106,553,"Cleopatra, Queen of Egypt","May, Thomas",13.759,0.13,0.139
tragedy,"Chapman, George",40,"Sin, guilt and violent loss within families",0.36,A,5,307,The Revenge of Bussy D'Ambois,"Chapman, George",5.244,1.049,1.0
tragedy,"Chapman, George",40,"Sin, guilt and violent loss within families",0.36,B,106,272,A Yorkshire Tragedy,"Middleton, Thomas",9.195,0.087,0.126
tragedy,"Chapman, George",40,"Sin, guilt and violent loss within families",0.36,B,106,182,Two Lamentable Tragedies,"Yarington, Robert",8.208,0.077,0.112
tragedy,"Chapman, George",40,"Sin, guilt and violent loss within families",0.36,B,106,117,Titus Andronicus,"Peele, George / Shakespeare, William",7.893,0.074,0.108
tragedy,"Chapman, George",31,"Popes, cardinals and the crown",-0.328,B,106,133,The Massacre at Paris,"Marlowe, Christopher",15.571,0.147,0.448
tragedy,"Chapman, George",31,"Popes, cardinals and the crown",-0.328,B,106,254,"The Devil's Charter, or Pope Alexander the Sixth","Barnes, Barnabe",8.839,0.083,0.254
tragedy,"Chapman, George",31,"Popes, cardinals and the crown",-0.328,B,106,389,The Duchess of Malfi,"Webster, John",8.343,0.079,0.24
tragedy,"Chapman, George",56,"Magic, spells and conjuring",-0.31,B,106,205,Doctor Faustus,"Anonymous / Marlowe, Christopher",17.702,0.167,0.539
tragedy,"Chapman, George",56,"Magic, spells and conjuring",-0.31,B,106,44,Medea (Seneca's Seventh Tragedy),"Seneca, Lucius Annaeus / Studley, John",6.956,0.066,0.212
tragedy,"Chapman, George",56,"Magic, spells and conjuring",-0.31,B,106,404,Macbeth,"Shakespeare, William / Middleton, Thomas",3.032,0.029,0.092
tragedy,"Chapman, George",26,"Devils, hell and fiends",0.293,A,5,444,Caesar and Pompey (The Wars of Caesar and Pompey),"Chapman, George",2.972,0.594,1.0
tragedy,"Chapman, George",26,"Devils, hell and fiends",0.293,B,106,272,A Yorkshire Tragedy,"Middleton, Thomas",9.036,0.085,0.283
tragedy,"Chapman, George",26,"Devils, hell and fiends",0.293,B,106,205,Doctor Faustus,"Anonymous / Marlowe, Christopher",4.179,0.039,0.131
tragedy,"Chapman, George",26,"Devils, hell and fiends",0.293,B,106,389,The Duchess of Malfi,"Webster, John",4.038,0.038,0.126
tragedy,"Chapman, George",52,"Prodigals, portions and poor kin",-0.274,B,106,249,The Miseries of Enforced Marriage,"Wilkins, George",12.803,0.121,0.441
tragedy,"Chapman, George",52,"Prodigals, portions and poor kin",-0.274,B,106,272,A Yorkshire Tragedy,"Middleton, Thomas",9.584,0.09,0.33
tragedy,"Chapman, George",52,"Prodigals, portions and poor kin",-0.274,B,106,403,Julius Caesar,"Shakespeare, William",2.443,0.023,0.084
tragedy,"Chapman, George",12,"Olympian gods: Jupiter, Juno, Venus and Mars",-0.25,B,106,458,"The Courageous Turk, or Amurath the First","Goffe, Thomas",10.081,0.095,0.381
tragedy,"Chapman, George",12,"Olympian gods: Jupiter, Juno, Venus and Mars",-0.25,B,106,380,The Virgin Martyr,"Dekker, Thomas / Massinger, Philip",4.572,0.043,0.173
tragedy,"Chapman, George",12,"Olympian gods: Jupiter, Juno, Venus and Mars",-0.25,B,106,45,Octavia (Seneca's Ninth Tragedy),"Seneca, Lucius Annaeus / Nuce, Thomas / Pseudo-Seneca",4.449,0.042,0.168
tragedy,"Chapman, George",11,"Siblings, kin and confidants",-0.245,A,5,307,The Revenge of Bussy D'Ambois,"Chapman, George",2.617,0.523,1.0
tragedy,"Chapman, George",11,"Siblings, kin and confidants",-0.245,B,106,562,The Maid's Revenge,"Shirley, James",17.312,0.163,0.213
tragedy,"Chapman, George",11,"Siblings, kin and confidants",-0.245,B,106,357,The Maid's Tragedy,"Beaumont, Francis / Fletcher, John",9.64,0.091,0.118
tragedy,"Chapman, George",11,"Siblings, kin and confidants",-0.245,B,106,471,All's Lost by Lust,"Rowley, William",9.063,0.086,0.111
tragedy,"Chapman, George",24,"Apollo, Phoebus and the Muses",-0.232,B,106,80,Hippolytus (Seneca's Fourth Tragedy),"Seneca, Lucius Annaeus / Studley, John",10.15,0.096,0.413
tragedy,"Chapman, George",24,"Apollo, Phoebus and the Muses",-0.232,B,106,29,Thyestes (Seneca's Second Tragedy),"Heywood, Jasper / Seneca, Lucius Annaeus",4.007,0.038,0.163
tragedy,"Chapman, George",24,"Apollo, Phoebus and the Muses",-0.232,B,106,42,Agamemnon (Seneca's Eighth Tragedy),"Seneca, Lucius Annaeus / Studley, John",3.505,0.033,0.143
tragedy,"Chapman, George",28,"Marriage-making: weddings, brides and matches",-0.207,B,106,258,A Woman Killed with Kindness,"Heywood, Thomas",6.118,0.058,0.279
tragedy,"Chapman, George",28,"Marriage-making: weddings, brides and matches",-0.207,B,106,136,"Locrine, the Eldest Son of King Brutus","S., W.",3.221,0.03,0.147
tragedy,"Chapman, George",28,"Marriage-making: weddings, brides and matches",-0.207,B,106,471,All's Lost by Lust,"Rowley, William",3.1,0.029,0.142
tragedy,"Chapman, George",8,"Captains, gallants and cheats",-0.205,B,106,368,Thierry and Theodoret,"Anonymous / Fletcher, John / Massinger, Philip",5.354,0.051,0.246
tragedy,"Chapman, George",8,"Captains, gallants and cheats",-0.205,B,106,300,A Christian Turned Turk (The Two Famous Pirates),"Daborne, Robert",5.345,0.05,0.245
tragedy,"Chapman, George",8,"Captains, gallants and cheats",-0.205,B,106,560,Imperiale,"Freeman, Ralph",3.612,0.034,0.166
tragedy,"Chapman, George",9,"Theatre talk: prologues, poets and players",0.187,A,5,307,The Revenge of Bussy D'Ambois,"Chapman, George",2.509,0.502,1.0
tragedy,"Chapman, George",9,"Theatre talk: prologues, poets and players",0.187,B,106,197,"Hamlet, Prince of Denmark","Shakespeare, William",7.506,0.071,0.225
tragedy,"Chapman, George",9,"Theatre talk: prologues, poets and players",0.187,B,106,513,Hannibal and Scipio,"Nabbes, Thomas",3.345,0.032,0.1
tragedy,"Chapman, George",9,"Theatre talk: prologues, poets and players",0.187,B,106,578,"Messalina, the Roman Empress","Richards, Nathaniel",3.231,0.03,0.097
tragedy,"Chapman, George",35,"Fools, wit and railing",-0.186,B,106,279,Troilus and Cressida,"Shakespeare, William",7.9,0.075,0.4
tragedy,"Chapman, George",35,"Fools, wit and railing",-0.186,B,106,402,Timon of Athens,"Shakespeare, William / Middleton, Thomas",5.641,0.053,0.286
tragedy,"Chapman, George",35,"Fools, wit and railing",-0.186,B,106,427,The Cruel Brother,"Davenant, William",2.762,0.026,0.14
tragedy,"Chapman, George",21,"Cupid, Venus and the nymphs",-0.183,B,106,56,"Cambises, King of Persia","Preston, Thomas",3.872,0.037,0.199
tragedy,"Chapman, George",21,"Cupid, Venus and the nymphs",-0.183,B,106,80,Hippolytus (Seneca's Fourth Tragedy),"Seneca, Lucius Annaeus / Studley, John",3.553,0.034,0.183
tragedy,"Chapman, George",21,"Cupid, Venus and the nymphs",-0.183,B,106,104,Tancred and Gismund (Gismond of Salerne),"Wilmot, Robert / Hatton, Christopher / Noel, Henry / Al., G. / Stafford, Roderick",3.534,0.033,0.182
tragedy,"Chapman, George",27,"Uncles, nephews and cousins: kinship and patronage",-0.164,B,106,272,A Yorkshire Tragedy,"Middleton, Thomas",9.867,0.093,0.569
tragedy,"Chapman, George",27,"Uncles, nephews and cousins: kinship and patronage",-0.164,B,106,258,A Woman Killed with Kindness,"Heywood, Thomas",3.034,0.029,0.175
tragedy,"Chapman, George",27,"Uncles, nephews and cousins: kinship and patronage",-0.164,B,106,478,Love's Sacrifice,"Ford, John",2.469,0.023,0.142
tragedy,"Chapman, George",16,"Gallantry: ladies, lordships and compliment",-0.156,B,106,567,The Bloody Banquet,"Dekker, Thomas / Middleton, Thomas",7.132,0.067,0.432
tragedy,"Chapman, George",16,"Gallantry: ladies, lordships and compliment",-0.156,B,106,559,The Unnatural Combat,"Massinger, Philip",5.49,0.052,0.333
tragedy,"Chapman, George",16,"Gallantry: ladies, lordships and compliment",-0.156,B,106,478,Love's Sacrifice,"Ford, John",2.341,0.022,0.142
tragedy,"Chapman, George",39,"Profit, conscience and dishonest dealing",-0.144,B,106,272,A Yorkshire Tragedy,"Middleton, Thomas",8.205,0.077,0.539
tragedy,"Chapman, George",39,"Profit, conscience and dishonest dealing",-0.144,B,106,65,Appius and Virginia,"B., R.",7.024,0.066,0.461
tragedy,"Chapman, George",25,"Kings, power and law: political sententiae",0.137,A,5,307,The Revenge of Bussy D'Ambois,"Chapman, George",5.476,1.095,0.672
tragedy,"Chapman, George",25,"Kings, power and law: political sententiae",0.137,A,5,275,The Tragedy of Charles Duke of Byron,"Chapman, George",2.676,0.535,0.328
tragedy,"Chapman, George",25,"Kings, power and law: political sententiae",0.137,B,106,278,Mustapha,"Greville, Fulke",62.284,0.588,0.393
tragedy,"Chapman, George",25,"Kings, power and law: political sententiae",0.137,B,106,489,Alaham,"Greville, Fulke",23.603,0.223,0.149
tragedy,"Chapman, George",25,"Kings, power and law: political sententiae",0.137,B,106,89,The Misfortunes of Arthur (Certain Devices and Shows Presented to Her Majesty),"Hughes, Thomas / Fulbecke, William",10.94,0.103,0.069
tragedy,"Chapman, George",22,"Shepherds, flocks and Pan",-0.135,B,106,36,Oedipus (Seneca's Fifth Tragedy),"Seneca, Lucius Annaeus / Neville, Alexander",3.761,0.035,0.263
tragedy,"Chapman, George",22,"Shepherds, flocks and Pan",-0.135,B,106,94,1 Tamburlaine the Great,"Marlowe, Christopher",3.064,0.029,0.214
tragedy,"Chapman, George",22,"Shepherds, flocks and Pan",-0.135,B,106,559,The Unnatural Combat,"Massinger, Philip",2.761,0.026,0.193
tragedy,"Chapman, George",51,"Parents and children: blessing, birthright and inheritance",-0.125,B,106,404,Macbeth,"Shakespeare, William / Middleton, Thomas",3.214,0.03,0.242
tragedy,"Chapman, George",51,"Parents and children: blessing, birthright and inheritance",-0.125,B,106,368,Thierry and Theodoret,"Anonymous / Fletcher, John / Massinger, Philip",2.779,0.026,0.21
tragedy,"Chapman, George",51,"Parents and children: blessing, birthright and inheritance",-0.125,B,106,565,"The Bloody Brother (Rollo, Duke of Normandy)","Fletcher, John / Field, Nathan / Massinger, Philip",2.706,0.026,0.204
tragedy,"Chapman, George",32,Rings and jewels as tokens,-0.124,B,106,567,The Bloody Banquet,"Dekker, Thomas / Middleton, Thomas",3.665,0.035,0.279
tragedy,"Chapman, George",32,Rings and jewels as tokens,-0.124,B,106,480,The Broken Heart,"Ford, John",2.653,0.025,0.202
tragedy,"Chapman, George",32,Rings and jewels as tokens,-0.124,B,106,478,Love's Sacrifice,"Ford, John",2.42,0.023,0.184
tragedy,"Chapman, George",44,"Drinking: wine, ale and taverns",-0.117,B,106,510,"The Vow Breaker, or The Fair Maid of Clifton","Sampson, William",2.686,0.025,0.217
tragedy,"Chapman, George",44,"Drinking: wine, ale and taverns",-0.117,B,106,122,"The Wounds of Civil War, or Marius and Scilla","Lodge, Thomas",2.627,0.025,0.213
tragedy,"Chapman, George",44,"Drinking: wine, ale and taverns",-0.117,B,106,565,"The Bloody Brother (Rollo, Duke of Normandy)","Fletcher, John / Field, Nathan / Massinger, Philip",2.596,0.024,0.21
tragedy,"Chapman, George",46,"Swords, quarrels and valour",-0.113,B,106,136,"Locrine, the Eldest Son of King Brutus","S., W.",3.215,0.03,0.268
tragedy,"Chapman, George",46,"Swords, quarrels and valour",-0.113,B,106,368,Thierry and Theodoret,"Anonymous / Fletcher, John / Massinger, Philip",2.648,0.025,0.221
tragedy,"Chapman, George",46,"Swords, quarrels and valour",-0.113,B,106,464,The Fatal Dowry,"Field, Nathan / Massinger, Philip",2.476,0.023,0.207
tragedy,"Chapman, George",47,"Knaves, thieves and bawds",-0.108,B,106,300,A Christian Turned Turk (The Two Famous Pirates),"Daborne, Robert",2.627,0.025,0.23
tragedy,"Chapman, George",47,"Knaves, thieves and bawds",-0.108,B,106,565,"The Bloody Brother (Rollo, Duke of Normandy)","Fletcher, John / Field, Nathan / Massinger, Philip",2.47,0.023,0.216
tragedy,"Chapman, George",47,"Knaves, thieves and bawds",-0.108,B,106,380,The Virgin Martyr,"Dekker, Thomas / Massinger, Philip",2.272,0.021,0.199
tragedy,"Chapman, George",14,"Royal love, favour and dynastic relationships",-0.103,A,5,275,The Tragedy of Charles Duke of Byron,"Chapman, George",2.409,0.482,1.0
tragedy,"Chapman, George",14,"Royal love, favour and dynastic relationships",-0.103,B,106,569,The Phoenix in Her Flames,"Lower, William",12.484,0.118,0.201
tragedy,"Chapman, George",14,"Royal love, favour and dynastic relationships",-0.103,B,106,328,Cupid's Revenge,"Beaumont, Francis / Fletcher, John",7.201,0.068,0.116
tragedy,"Chapman, George",14,"Royal love, favour and dynastic relationships",-0.103,B,106,537,The Conspiracy (Pallantus and Eudora),"Killigrew, Henry",6.408,0.06,0.103
tragedy,"Chapman, George",49,"Wooing a mistress: suitors, go-betweens and letters",-0.101,B,106,573,Love's Cruelty,"Shirley, James",5.968,0.056,0.559
tragedy,"Chapman, George",49,"Wooing a mistress: suitors, go-betweens and letters",-0.101,B,106,464,The Fatal Dowry,"Field, Nathan / Massinger, Philip",2.491,0.024,0.233
tragedy,"Chapman, George",49,"Wooing a mistress: suitors, go-betweens and letters",-0.101,B,106,249,The Miseries of Enforced Marriage,"Wilkins, George",2.212,0.021,0.207
tragedy,"Chapman, George",33,"Fathers, daughters and marriage negotiations",-0.096,B,106,471,All's Lost by Lust,"Rowley, William",2.988,0.028,0.294
tragedy,"Chapman, George",33,"Fathers, daughters and marriage negotiations",-0.096,B,106,475,The Jew of Malta,"Marlowe, Christopher",2.65,0.025,0.26
tragedy,"Chapman, George",33,"Fathers, daughters and marriage negotiations",-0.096,B,106,253,The Revenger's Tragedy,"Middleton, Thomas",2.4,0.023,0.236
tragedy,"Chapman, George",60,"Imperial Rome: rulers, favour and political exemplars",-0.095,A,5,307,The Revenge of Bussy D'Ambois,"Chapman, George",2.411,0.482,1.0
tragedy,"Chapman, George",60,"Imperial Rome: rulers, favour and political exemplars",-0.095,B,106,380,The Virgin Martyr,"Dekker, Thomas / Massinger, Philip",14.092,0.133,0.23
tragedy,"Chapman, George",60,"Imperial Rome: rulers, favour and political exemplars",-0.095,B,106,578,"Messalina, the Roman Empress","Richards, Nathaniel",13.122,0.124,0.214
tragedy,"Chapman, George",60,"Imperial Rome: rulers, favour and political exemplars",-0.095,B,106,382,Herod and Antipater,"Markham, Gervase / Sampson, William",8.987,0.085,0.147
tragedy,"Chapman, George",37,"Riches, poverty and covetousness",-0.08,B,106,402,Timon of Athens,"Shakespeare, William / Middleton, Thomas",2.962,0.028,0.35
tragedy,"Chapman, George",37,"Riches, poverty and covetousness",-0.08,B,106,279,Troilus and Cressida,"Shakespeare, William",2.074,0.02,0.245
tragedy,"Chapman, George",37,"Riches, poverty and covetousness",-0.08,B,106,260,The Alexandraean Tragedy,"Alexander, William",1.84,0.017,0.218
tragedy,"Chapman, George",45,"Widows, wooing and remarriage",-0.077,B,106,471,All's Lost by Lust,"Rowley, William",3.225,0.03,0.394
tragedy,"Chapman, George",45,"Widows, wooing and remarriage",-0.077,B,106,328,Cupid's Revenge,"Beaumont, Francis / Fletcher, John",2.492,0.024,0.304
tragedy,"Chapman, George",45,"Widows, wooing and remarriage",-0.077,B,106,315,The Insatiate Countess,"Marston, John / Machin, Lewis / Barkstead, William",2.475,0.023,0.302
tragedy,"Chapman, George",62,"The courtier as a type: fashion, affectation and foreign manners",-0.035,B,106,389,The Duchess of Malfi,"Webster, John",2.193,0.021,0.593
tragedy,"Chapman, George",62,"The courtier as a type: fashion, affectation and foreign manners",-0.035,B,106,314,"Cynthia's Revenge, or Maenander's Ecstasy","Stephens, John",1.508,0.014,0.407
tragedy,"Chapman, George",55,"Fairies, fairy queens and enchanted desire",-0.019,B,106,143,Romeo and Juliet,"Shakespeare, William",2.051,0.019,1.0
tragedy,"Chapman, George",2,"Roman politics: senate, consuls and civil war",0.011,A,5,444,Caesar and Pompey (The Wars of Caesar and Pompey),"Chapman, George",29.289,5.858,0.915
tragedy,"Chapman, George",2,"Roman politics: senate, consuls and civil war",0.011,A,5,307,The Revenge of Bussy D'Ambois,"Chapman, George",2.73,0.546,0.085
tragedy,"Chapman, George",2,"Roman politics: senate, consuls and civil war",0.011,B,106,296,Catiline His Conspiracy,"Jonson, Ben",86.131,0.813,0.127
tragedy,"Chapman, George",2,"Roman politics: senate, consuls and civil war",0.011,B,106,122,"The Wounds of Civil War, or Marius and Scilla","Lodge, Thomas",78.56,0.741,0.116
tragedy,"Chapman, George",2,"Roman politics: senate, consuls and civil war",0.011,B,106,216,Sejanus His Fall,"Jonson, Ben",65.314,0.616,0.096
tragedy,"Chapman, George",38,"Death, parting and grief at court",-0.008,A,5,550,"Chabot, Admiral of France","Chapman, George / Shirley, James",2.367,0.473,1.0
tragedy,"Chapman, George",38,"Death, parting and grief at court",-0.008,B,106,56,"Cambises, King of Persia","Preston, Thomas",11.234,0.106,0.22
tragedy,"Chapman, George",38,"Death, parting and grief at court",-0.008,B,106,382,Herod and Antipater,"Markham, Gervase / Sampson, William",6.707,0.063,0.131
tragedy,"Chapman, George",38,"Death, parting and grief at court",-0.008,B,106,196,Darius,"Alexander, William",5.837,0.055,0.114
tragedy,"Marlowe, Christopher",17,"Eastern conquest: Persians, Turks and soldans",16.148,A,6,94,1 Tamburlaine the Great,"Marlowe, Christopher",70.182,11.697,0.662
tragedy,"Marlowe, Christopher",17,"Eastern conquest: Persians, Turks and soldans",16.148,A,6,95,2 Tamburlaine the Great,"Marlowe, Christopher",35.87,5.978,0.338
tragedy,"Marlowe, Christopher",17,"Eastern conquest: Persians, Turks and soldans",16.148,B,105,131,"The Wars of Cyrus, King of Persia",Anonymous,69.038,0.658,0.431
tragedy,"Marlowe, Christopher",17,"Eastern conquest: Persians, Turks and soldans",16.148,B,105,569,The Phoenix in Her Flames,"Lower, William",37.413,0.356,0.233
tragedy,"Marlowe, Christopher",17,"Eastern conquest: Persians, Turks and soldans",16.148,B,105,458,"The Courageous Turk, or Amurath the First","Goffe, Thomas",14.355,0.137,0.09
tragedy,"Marlowe, Christopher",2,"Roman politics: senate, consuls and civil war",-6.013,A,6,205,Doctor Faustus,"Anonymous / Marlowe, Christopher",4.232,0.705,1.0
tragedy,"Marlowe, Christopher",2,"Roman politics: senate, consuls and civil war",-6.013,B,105,296,Catiline His Conspiracy,"Jonson, Ben",86.131,0.82,0.122
tragedy,"Marlowe, Christopher",2,"Roman politics: senate, consuls and civil war",-6.013,B,105,122,"The Wounds of Civil War, or Marius and Scilla","Lodge, Thomas",78.56,0.748,0.111
tragedy,"Marlowe, Christopher",2,"Roman politics: senate, consuls and civil war",-6.013,B,105,216,Sejanus His Fall,"Jonson, Ben",65.314,0.622,0.093
tragedy,"Marlowe, Christopher",0,"Court life: dukes, favour and honour",-4.594,B,105,253,The Revenger's Tragedy,"Middleton, Thomas",64.942,0.618,0.135
tragedy,"Marlowe, Christopher",0,"Court life: dukes, favour and honour",-4.594,B,105,478,Love's Sacrifice,"Ford, John",56.393,0.537,0.117
tragedy,"Marlowe, Christopher",0,"Court life: dukes, favour and honour",-4.594,B,105,498,The Traitor,"Shirley, James",47.509,0.452,0.098
tragedy,"Marlowe, Christopher",1,"Death, grief and revenge",-4.517,A,6,475,The Jew of Malta,"Marlowe, Christopher",8.134,1.356,0.552
tragedy,"Marlowe, Christopher",1,"Death, grief and revenge",-4.517,A,6,128,"Dido, Queen of Carthage","Marlowe, Christopher / Nashe, Thomas",3.745,0.624,0.254
tragedy,"Marlowe, Christopher",1,"Death, grief and revenge",-4.517,A,6,95,2 Tamburlaine the Great,"Marlowe, Christopher",2.853,0.476,0.194
tragedy,"Marlowe, Christopher",1,"Death, grief and revenge",-4.517,B,105,185,Antonio's Revenge (2 Antonio and Mellida),"Marston, John",35.004,0.333,0.048
tragedy,"Marlowe, Christopher",1,"Death, grief and revenge",-4.517,B,105,48,The Interlude of Vice (Orestes),"Pickering, John",25.142,0.239,0.034
tragedy,"Marlowe, Christopher",1,"Death, grief and revenge",-4.517,B,105,293,"The Atheist's Tragedy, or The Honest Man's Revenge","Tourneur, Cyril",24.141,0.23,0.033
tragedy,"Marlowe, Christopher",7,The Trojan war: conflict and its aftermath,4.429,A,6,128,"Dido, Queen of Carthage","Marlowe, Christopher / Nashe, Thomas",41.022,6.837,1.0
tragedy,"Marlowe, Christopher",7,The Trojan war: conflict and its aftermath,4.429,B,105,28,Troas (Seneca's Sixth Tragedy),"Heywood, Jasper / Seneca, Lucius Annaeus",96.271,0.917,0.381
tragedy,"Marlowe, Christopher",7,The Trojan war: conflict and its aftermath,4.429,B,105,279,Troilus and Cressida,"Shakespeare, William",55.802,0.531,0.221
tragedy,"Marlowe, Christopher",7,The Trojan war: conflict and its aftermath,4.429,B,105,42,Agamemnon (Seneca's Eighth Tragedy),"Seneca, Lucius Annaeus / Studley, John",42.916,0.409,0.17
tragedy,"Marlowe, Christopher",15,Friars and holy orders in plot,3.095,A,6,475,The Jew of Malta,"Marlowe, Christopher",10.921,1.82,0.539
tragedy,"Marlowe, Christopher",15,Friars and holy orders in plot,3.095,A,6,133,The Massacre at Paris,"Marlowe, Christopher",5.066,0.844,0.25
tragedy,"Marlowe, Christopher",15,Friars and holy orders in plot,3.095,A,6,205,Doctor Faustus,"Anonymous / Marlowe, Christopher",4.277,0.713,0.211
tragedy,"Marlowe, Christopher",15,Friars and holy orders in plot,3.095,B,105,143,Romeo and Juliet,"Shakespeare, William",14.381,0.137,0.484
tragedy,"Marlowe, Christopher",15,Friars and holy orders in plot,3.095,B,105,246,Bussy D'Ambois,"Chapman, George",4.771,0.045,0.161
tragedy,"Marlowe, Christopher",15,Friars and holy orders in plot,3.095,B,105,180,"The Death of Robert, Earl of Huntingdon (2 Robin Hood)","Munday, Anthony / Chettle, Henry",4.421,0.042,0.149
tragedy,"Marlowe, Christopher",56,"Magic, spells and conjuring",2.806,A,6,205,Doctor Faustus,"Anonymous / Marlowe, Christopher",17.702,2.95,1.0
tragedy,"Marlowe, Christopher",56,"Magic, spells and conjuring",2.806,B,105,44,Medea (Seneca's Seventh Tragedy),"Seneca, Lucius Annaeus / Studley, John",6.956,0.066,0.46
tragedy,"Marlowe, Christopher",56,"Magic, spells and conjuring",2.806,B,105,404,Macbeth,"Shakespeare, William / Middleton, Thomas",3.032,0.029,0.2
tragedy,"Marlowe, Christopher",56,"Magic, spells and conjuring",2.806,B,105,485,Orestes,"Goffe, Thomas",2.591,0.025,0.171
tragedy,"Marlowe, Christopher",31,"Popes, cardinals and the crown",2.412,A,6,133,The Massacre at Paris,"Marlowe, Christopher",15.571,2.595,1.0
tragedy,"Marlowe, Christopher",31,"Popes, cardinals and the crown",2.412,B,105,254,"The Devil's Charter, or Pope Alexander the Sixth","Barnes, Barnabe",8.839,0.084,0.461
tragedy,"Marlowe, Christopher",31,"Popes, cardinals and the crown",2.412,B,105,389,The Duchess of Malfi,"Webster, John",8.343,0.079,0.435
tragedy,"Marlowe, Christopher",31,"Popes, cardinals and the crown",2.412,B,105,306,The White Devil (Vittoria Corombona),"Webster, John",2.003,0.019,0.104
tragedy,"Marlowe, Christopher",3,"Sickness, physic and doctors",1.964,A,6,205,Doctor Faustus,"Anonymous / Marlowe, Christopher",12.83,2.138,0.817
tragedy,"Marlowe, Christopher",3,"Sickness, physic and doctors",1.964,A,6,95,2 Tamburlaine the Great,"Marlowe, Christopher",2.881,0.48,0.183
tragedy,"Marlowe, Christopher",3,"Sickness, physic and doctors",1.964,B,105,562,The Maid's Revenge,"Shirley, James",14.286,0.136,0.208
tragedy,"Marlowe, Christopher",3,"Sickness, physic and doctors",1.964,B,105,389,The Duchess of Malfi,"Webster, John",6.412,0.061,0.093
tragedy,"Marlowe, Christopher",3,"Sickness, physic and doctors",1.964,B,105,216,Sejanus His Fall,"Jonson, Ben",5.794,0.055,0.084
tragedy,"Marlowe, Christopher",25,"Kings, power and law: political sententiae",-1.585,B,105,278,Mustapha,"Greville, Fulke",62.284,0.593,0.374
tragedy,"Marlowe, Christopher",25,"Kings, power and law: political sententiae",-1.585,B,105,489,Alaham,"Greville, Fulke",23.603,0.225,0.142
tragedy,"Marlowe, Christopher",25,"Kings, power and law: political sententiae",-1.585,B,105,89,The Misfortunes of Arthur (Certain Devices and Shows Presented to Her Majesty),"Hughes, Thomas / Fulbecke, William",10.94,0.104,0.066
tragedy,"Marlowe, Christopher",20,"Hercules: labours, suffering and virtue",-1.369,B,105,81,Hercules Oetaeus (Hercules on Mount Oeta) (Seneca's Tenth Tragedy),"Seneca, Lucius Annaeus / Studley, John",77.067,0.734,0.536
tragedy,"Marlowe, Christopher",20,"Hercules: labours, suffering and virtue",-1.369,B,105,34,Hercules Furens (Mad Hercules) (Seneca's First Tragedy),"Heywood, Jasper / Seneca, Lucius Annaeus",46.938,0.447,0.326
tragedy,"Marlowe, Christopher",20,"Hercules: labours, suffering and virtue",-1.369,B,105,44,Medea (Seneca's Seventh Tragedy),"Seneca, Lucius Annaeus / Studley, John",10.352,0.099,0.072
tragedy,"Marlowe, Christopher",59,"Spanish courts: war, honour and courtship",-1.166,B,105,221,"1 Jeronimo, with the Wars of Portugal",Anonymous,78.081,0.744,0.638
tragedy,"Marlowe, Christopher",59,"Spanish courts: war, honour and courtship",-1.166,B,105,490,"The Noble Spanish Soldier (The Noble Soldier, or A Contract Broken Justly Revenged)","Dekker, Thomas",22.286,0.212,0.182
tragedy,"Marlowe, Christopher",59,"Spanish courts: war, honour and courtship",-1.166,B,105,471,All's Lost by Lust,"Rowley, William",5.782,0.055,0.047
tragedy,"Marlowe, Christopher",54,"Antony and Cleopatra: love, death and mourning",-0.969,B,105,108,Antonius (Antony),"Herbert, Mary Sidney / Garnier, Robert / Sidney Herbert, Mary",41.67,0.397,0.41
tragedy,"Marlowe, Christopher",54,"Antony and Cleopatra: love, death and mourning",-0.969,B,105,132,Cleopatra,"Daniel, Samuel",30.467,0.29,0.3
tragedy,"Marlowe, Christopher",54,"Antony and Cleopatra: love, death and mourning",-0.969,B,105,553,"Cleopatra, Queen of Egypt","May, Thomas",13.759,0.131,0.135
tragedy,"Marlowe, Christopher",11,"Siblings, kin and confidants",0.939,A,6,128,"Dido, Queen of Carthage","Marlowe, Christopher / Nashe, Thomas",7.275,1.212,0.737
tragedy,"Marlowe, Christopher",11,"Siblings, kin and confidants",0.939,A,6,475,The Jew of Malta,"Marlowe, Christopher",2.6,0.433,0.263
tragedy,"Marlowe, Christopher",11,"Siblings, kin and confidants",0.939,B,105,562,The Maid's Revenge,"Shirley, James",17.312,0.165,0.233
tragedy,"Marlowe, Christopher",11,"Siblings, kin and confidants",0.939,B,105,357,The Maid's Tragedy,"Beaumont, Francis / Fletcher, John",9.64,0.092,0.13
tragedy,"Marlowe, Christopher",11,"Siblings, kin and confidants",0.939,B,105,471,All's Lost by Lust,"Rowley, William",9.063,0.086,0.122
tragedy,"Marlowe, Christopher",34,"Thebes and royal catastrophe: siege, slaughter and funeral rites",-0.893,A,6,94,1 Tamburlaine the Great,"Marlowe, Christopher",2.884,0.481,1.0
tragedy,"Marlowe, Christopher",34,"Thebes and royal catastrophe: siege, slaughter and funeral rites",-0.893,B,105,450,"Antigone, the Theban Princess","May, Thomas",47.432,0.452,0.329
tragedy,"Marlowe, Christopher",34,"Thebes and royal catastrophe: siege, slaughter and funeral rites",-0.893,B,105,79,Thebais (Seneca's Third Tragedy),"Seneca, Lucius Annaeus / Newton, Thomas",35.561,0.339,0.247
tragedy,"Marlowe, Christopher",34,"Thebes and royal catastrophe: siege, slaughter and funeral rites",-0.893,B,105,61,Jocasta,"Gascoigne, George / Kinwelmershe, Francis / Yelverton, Christopher / Euripides / Dolce, Lodovico",27.448,0.261,0.19
tragedy,"Marlowe, Christopher",36,"Hell, Furies and the language of punishment",-0.879,A,6,95,2 Tamburlaine the Great,"Marlowe, Christopher",2.784,0.464,1.0
tragedy,"Marlowe, Christopher",36,"Hell, Furies and the language of punishment",-0.879,B,105,36,Oedipus (Seneca's Fifth Tragedy),"Seneca, Lucius Annaeus / Neville, Alexander",27.145,0.259,0.193
tragedy,"Marlowe, Christopher",36,"Hell, Furies and the language of punishment",-0.879,B,105,29,Thyestes (Seneca's Second Tragedy),"Heywood, Jasper / Seneca, Lucius Annaeus",12.809,0.122,0.091
tragedy,"Marlowe, Christopher",36,"Hell, Furies and the language of punishment",-0.879,B,105,485,Orestes,"Goffe, Thomas",10.44,0.099,0.074
tragedy,"Marlowe, Christopher",40,"Sin, guilt and violent loss within families",-0.745,B,105,272,A Yorkshire Tragedy,"Middleton, Thomas",9.195,0.088,0.118
tragedy,"Marlowe, Christopher",40,"Sin, guilt and violent loss within families",-0.745,B,105,182,Two Lamentable Tragedies,"Yarington, Robert",8.208,0.078,0.105
tragedy,"Marlowe, Christopher",40,"Sin, guilt and violent loss within families",-0.745,B,105,117,Titus Andronicus,"Peele, George / Shakespeare, William",7.893,0.075,0.101
tragedy,"Marlowe, Christopher",10,"England and France: war, embassy and peace",-0.737,B,105,418,"Lodovic Sforza, Duke of Milan","Gomersall, Robert",28.046,0.267,0.362
tragedy,"Marlowe, Christopher",10,"England and France: war, embassy and peace",-0.737,B,105,510,"The Vow Breaker, or The Fair Maid of Clifton","Sampson, William",22.345,0.213,0.289
tragedy,"Marlowe, Christopher",10,"England and France: war, embassy and peace",-0.737,B,105,275,The Tragedy of Charles Duke of Byron,"Chapman, George",10.796,0.103,0.139
tragedy,"Marlowe, Christopher",14,"Royal love, favour and dynastic relationships",-0.614,B,105,569,The Phoenix in Her Flames,"Lower, William",12.484,0.119,0.194
tragedy,"Marlowe, Christopher",14,"Royal love, favour and dynastic relationships",-0.614,B,105,328,Cupid's Revenge,"Beaumont, Francis / Fletcher, John",7.201,0.069,0.112
tragedy,"Marlowe, Christopher",14,"Royal love, favour and dynastic relationships",-0.614,B,105,537,The Conspiracy (Pallantus and Eudora),"Killigrew, Henry",6.408,0.061,0.099
tragedy,"Marlowe, Christopher",23,"Husbands, wives and jealousy",-0.523,B,105,272,A Yorkshire Tragedy,"Middleton, Thomas",8.895,0.085,0.162
tragedy,"Marlowe, Christopher",23,"Husbands, wives and jealousy",-0.523,B,105,573,Love's Cruelty,"Shirley, James",5.944,0.057,0.108
tragedy,"Marlowe, Christopher",23,"Husbands, wives and jealousy",-0.523,B,105,379,"Othello, the Moor of Venice","Shakespeare, William",5.603,0.053,0.102
tragedy,"Marlowe, Christopher",38,"Death, parting and grief at court",-0.509,B,105,56,"Cambises, King of Persia","Preston, Thomas",11.234,0.107,0.21
tragedy,"Marlowe, Christopher",38,"Death, parting and grief at court",-0.509,B,105,382,Herod and Antipater,"Markham, Gervase / Sampson, William",6.707,0.064,0.126
tragedy,"Marlowe, Christopher",38,"Death, parting and grief at court",-0.509,B,105,196,Darius,"Alexander, William",5.837,0.056,0.109
tragedy,"Marlowe, Christopher",26,"Devils, hell and fiends",0.404,A,6,205,Doctor Faustus,"Anonymous / Marlowe, Christopher",4.179,0.696,1.0
tragedy,"Marlowe, Christopher",26,"Devils, hell and fiends",0.404,B,105,272,A Yorkshire Tragedy,"Middleton, Thomas",9.036,0.086,0.294
tragedy,"Marlowe, Christopher",26,"Devils, hell and fiends",0.404,B,105,389,The Duchess of Malfi,"Webster, John",4.038,0.038,0.131
tragedy,"Marlowe, Christopher",26,"Devils, hell and fiends",0.404,B,105,458,"The Courageous Turk, or Amurath the First","Goffe, Thomas",3.466,0.033,0.113
tragedy,"Marlowe, Christopher",22,"Shepherds, flocks and Pan",0.403,A,6,94,1 Tamburlaine the Great,"Marlowe, Christopher",3.064,0.511,1.0
tragedy,"Marlowe, Christopher",22,"Shepherds, flocks and Pan",0.403,B,105,36,Oedipus (Seneca's Fifth Tragedy),"Seneca, Lucius Annaeus / Neville, Alexander",3.761,0.036,0.334
tragedy,"Marlowe, Christopher",22,"Shepherds, flocks and Pan",0.403,B,105,559,The Unnatural Combat,"Massinger, Philip",2.761,0.026,0.245
tragedy,"Marlowe, Christopher",22,"Shepherds, flocks and Pan",0.403,B,105,182,Two Lamentable Tragedies,"Yarington, Robert",2.652,0.025,0.236
tragedy,"Marlowe, Christopher",12,"Olympian gods: Jupiter, Juno, Venus and Mars",0.372,A,6,128,"Dido, Queen of Carthage","Marlowe, Christopher / Nashe, Thomas",3.545,0.591,1.0
tragedy,"Marlowe, Christopher",12,"Olympian gods: Jupiter, Juno, Venus and Mars",0.372,B,105,458,"The Courageous Turk, or Amurath the First","Goffe, Thomas",10.081,0.096,0.439
tragedy,"Marlowe, Christopher",12,"Olympian gods: Jupiter, Juno, Venus and Mars",0.372,B,105,380,The Virgin Martyr,"Dekker, Thomas / Massinger, Philip",4.572,0.044,0.199
tragedy,"Marlowe, Christopher",12,"Olympian gods: Jupiter, Juno, Venus and Mars",0.372,B,105,45,Octavia (Seneca's Ninth Tragedy),"Seneca, Lucius Annaeus / Nuce, Thomas / Pseudo-Seneca",4.449,0.042,0.194
tragedy,"Marlowe, Christopher",33,"Fathers, daughters and marriage negotiations",0.37,A,6,475,The Jew of Malta,"Marlowe, Christopher",2.65,0.442,1.0
tragedy,"Marlowe, Christopher",33,"Fathers, daughters and marriage negotiations",0.37,B,105,471,All's Lost by Lust,"Rowley, William",2.988,0.028,0.397
tragedy,"Marlowe, Christopher",33,"Fathers, daughters and marriage negotiations",0.37,B,105,253,The Revenger's Tragedy,"Middleton, Thomas",2.4,0.023,0.319
tragedy,"Marlowe, Christopher",33,"Fathers, daughters and marriage negotiations",0.37,B,105,143,Romeo and Juliet,"Shakespeare, William",2.135,0.02,0.284
tragedy,"Marlowe, Christopher",5,"Christian faith, sin and salvation",-0.359,B,105,71,Abraham's Sacrifice,"Golding, Arthur / Beza, Theodore",11.675,0.111,0.31
tragedy,"Marlowe, Christopher",5,"Christian faith, sin and salvation",-0.359,B,105,182,Two Lamentable Tragedies,"Yarington, Robert",8.236,0.078,0.218
tragedy,"Marlowe, Christopher",5,"Christian faith, sin and salvation",-0.359,B,105,231,"The Wonder of Women, or Sophonisba","Marston, John",4.009,0.038,0.106
tragedy,"Marlowe, Christopher",4,Love-longing and the lover's complaint,-0.295,A,6,128,"Dido, Queen of Carthage","Marlowe, Christopher / Nashe, Thomas",3.567,0.594,1.0
tragedy,"Marlowe, Christopher",4,Love-longing and the lover's complaint,-0.295,B,105,143,Romeo and Juliet,"Shakespeare, William",12.2,0.116,0.131
tragedy,"Marlowe, Christopher",4,Love-longing and the lover's complaint,-0.295,B,105,131,"The Wars of Cyrus, King of Persia",Anonymous,7.897,0.075,0.085
tragedy,"Marlowe, Christopher",4,Love-longing and the lover's complaint,-0.295,B,105,231,"The Wonder of Women, or Sophonisba","Marston, John",7.742,0.074,0.083
tragedy,"Marlowe, Christopher",52,"Prodigals, portions and poor kin",-0.276,B,105,249,The Miseries of Enforced Marriage,"Wilkins, George",12.803,0.122,0.441
tragedy,"Marlowe, Christopher",52,"Prodigals, portions and poor kin",-0.276,B,105,272,A Yorkshire Tragedy,"Middleton, Thomas",9.584,0.091,0.33
tragedy,"Marlowe, Christopher",52,"Prodigals, portions and poor kin",-0.276,B,105,403,Julius Caesar,"Shakespeare, William",2.443,0.023,0.084
tragedy,"Marlowe, Christopher",24,"Apollo, Phoebus and the Muses",-0.234,B,105,80,Hippolytus (Seneca's Fourth Tragedy),"Seneca, Lucius Annaeus / Studley, John",10.15,0.097,0.413
tragedy,"Marlowe, Christopher",24,"Apollo, Phoebus and the Muses",-0.234,B,105,29,Thyestes (Seneca's Second Tragedy),"Heywood, Jasper / Seneca, Lucius Annaeus",4.007,0.038,0.163
tragedy,"Marlowe, Christopher",24,"Apollo, Phoebus and the Muses",-0.234,B,105,42,Agamemnon (Seneca's Eighth Tragedy),"Seneca, Lucius Annaeus / Studley, John",3.505,0.033,0.143
tragedy,"Marlowe, Christopher",18,"Rebels, barons and the king's wars at home",-0.214,B,105,404,Macbeth,"Shakespeare, William / Middleton, Thomas",5.948,0.057,0.265
tragedy,"Marlowe, Christopher",18,"Rebels, barons and the king's wars at home",-0.214,B,105,104,Tancred and Gismund (Gismond of Salerne),"Wilmot, Robert / Hatton, Christopher / Noel, Henry / Al., G. / Stafford, Roderick",3.513,0.033,0.157
tragedy,"Marlowe, Christopher",18,"Rebels, barons and the king's wars at home",-0.214,B,105,39,Ferrex and Porrex (Gorboduc),"Norton, Thomas / Sackville, Thomas",3.135,0.03,0.14
tragedy,"Marlowe, Christopher",28,"Marriage-making: weddings, brides and matches",-0.209,B,105,258,A Woman Killed with Kindness,"Heywood, Thomas",6.118,0.058,0.279
tragedy,"Marlowe, Christopher",28,"Marriage-making: weddings, brides and matches",-0.209,B,105,136,"Locrine, the Eldest Son of King Brutus","S., W.",3.221,0.031,0.147
tragedy,"Marlowe, Christopher",28,"Marriage-making: weddings, brides and matches",-0.209,B,105,471,All's Lost by Lust,"Rowley, William",3.1,0.03,0.142
tragedy,"Marlowe, Christopher",8,"Captains, gallants and cheats",-0.207,B,105,368,Thierry and Theodoret,"Anonymous / Fletcher, John / Massinger, Philip",5.354,0.051,0.246
tragedy,"Marlowe, Christopher",8,"Captains, gallants and cheats",-0.207,B,105,300,A Christian Turned Turk (The Two Famous Pirates),"Daborne, Robert",5.345,0.051,0.245
tragedy,"Marlowe, Christopher",8,"Captains, gallants and cheats",-0.207,B,105,560,Imperiale,"Freeman, Ralph",3.612,0.034,0.166
tragedy,"Marlowe, Christopher",35,"Fools, wit and railing",-0.188,B,105,279,Troilus and Cressida,"Shakespeare, William",7.9,0.075,0.4
tragedy,"Marlowe, Christopher",35,"Fools, wit and railing",-0.188,B,105,402,Timon of Athens,"Shakespeare, William / Middleton, Thomas",5.641,0.054,0.286
tragedy,"Marlowe, Christopher",35,"Fools, wit and railing",-0.188,B,105,427,The Cruel Brother,"Davenant, William",2.762,0.026,0.14
tragedy,"Marlowe, Christopher",21,"Cupid, Venus and the nymphs",-0.185,B,105,56,"Cambises, King of Persia","Preston, Thomas",3.872,0.037,0.199
tragedy,"Marlowe, Christopher",21,"Cupid, Venus and the nymphs",-0.185,B,105,80,Hippolytus (Seneca's Fourth Tragedy),"Seneca, Lucius Annaeus / Studley, John",3.553,0.034,0.183
tragedy,"Marlowe, Christopher",21,"Cupid, Venus and the nymphs",-0.185,B,105,104,Tancred and Gismund (Gismond of Salerne),"Wilmot, Robert / Hatton, Christopher / Noel, Henry / Al., G. / Stafford, Roderick",3.534,0.034,0.182
tragedy,"Marlowe, Christopher",27,"Uncles, nephews and cousins: kinship and patronage",-0.165,B,105,272,A Yorkshire Tragedy,"Middleton, Thomas",9.867,0.094,0.569
tragedy,"Marlowe, Christopher",27,"Uncles, nephews and cousins: kinship and patronage",-0.165,B,105,258,A Woman Killed with Kindness,"Heywood, Thomas",3.034,0.029,0.175
tragedy,"Marlowe, Christopher",27,"Uncles, nephews and cousins: kinship and patronage",-0.165,B,105,478,Love's Sacrifice,"Ford, John",2.469,0.024,0.142
tragedy,"Marlowe, Christopher",50,"Fleets, armies and generals: war by sea and land",0.16,A,6,95,2 Tamburlaine the Great,"Marlowe, Christopher",2.876,0.479,1.0
tragedy,"Marlowe, Christopher",50,"Fleets, armies and generals: war by sea and land",0.16,B,105,490,"The Noble Spanish Soldier (The Noble Soldier, or A Contract Broken Justly Revenged)","Dekker, Thomas",7.456,0.071,0.222
tragedy,"Marlowe, Christopher",50,"Fleets, armies and generals: war by sea and land",0.16,B,105,405,Antony and Cleopatra,"Shakespeare, William",6.189,0.059,0.185
tragedy,"Marlowe, Christopher",50,"Fleets, armies and generals: war by sea and land",0.16,B,105,444,Caesar and Pompey (The Wars of Caesar and Pompey),"Chapman, George",2.851,0.027,0.085
tragedy,"Marlowe, Christopher",16,"Gallantry: ladies, lordships and compliment",-0.157,B,105,567,The Bloody Banquet,"Dekker, Thomas / Middleton, Thomas",7.132,0.068,0.432
tragedy,"Marlowe, Christopher",16,"Gallantry: ladies, lordships and compliment",-0.157,B,105,559,The Unnatural Combat,"Massinger, Philip",5.49,0.052,0.333
tragedy,"Marlowe, Christopher",16,"Gallantry: ladies, lordships and compliment",-0.157,B,105,478,Love's Sacrifice,"Ford, John",2.341,0.022,0.142
tragedy,"Marlowe, Christopher",39,"Profit, conscience and dishonest dealing",-0.145,B,105,272,A Yorkshire Tragedy,"Middleton, Thomas",8.205,0.078,0.539
tragedy,"Marlowe, Christopher",39,"Profit, conscience and dishonest dealing",-0.145,B,105,65,Appius and Virginia,"B., R.",7.024,0.067,0.461
tragedy,"Marlowe, Christopher",9,"Theatre talk: prologues, poets and players",0.134,A,6,475,The Jew of Malta,"Marlowe, Christopher",2.704,0.451,1.0
tragedy,"Marlowe, Christopher",9,"Theatre talk: prologues, poets and players",0.134,B,105,197,"Hamlet, Prince of Denmark","Shakespeare, William",7.506,0.071,0.226
tragedy,"Marlowe, Christopher",9,"Theatre talk: prologues, poets and players",0.134,B,105,513,Hannibal and Scipio,"Nabbes, Thomas",3.345,0.032,0.101
tragedy,"Marlowe, Christopher",9,"Theatre talk: prologues, poets and players",0.134,B,105,578,"Messalina, the Roman Empress","Richards, Nathaniel",3.231,0.031,0.097
tragedy,"Marlowe, Christopher",51,"Parents and children: blessing, birthright and inheritance",-0.126,B,105,404,Macbeth,"Shakespeare, William / Middleton, Thomas",3.214,0.031,0.242
tragedy,"Marlowe, Christopher",51,"Parents and children: blessing, birthright and inheritance",-0.126,B,105,368,Thierry and Theodoret,"Anonymous / Fletcher, John / Massinger, Philip",2.779,0.026,0.21
tragedy,"Marlowe, Christopher",51,"Parents and children: blessing, birthright and inheritance",-0.126,B,105,565,"The Bloody Brother (Rollo, Duke of Normandy)","Fletcher, John / Field, Nathan / Massinger, Philip",2.706,0.026,0.204
tragedy,"Marlowe, Christopher",32,Rings and jewels as tokens,-0.125,B,105,567,The Bloody Banquet,"Dekker, Thomas / Middleton, Thomas",3.665,0.035,0.279
tragedy,"Marlowe, Christopher",32,Rings and jewels as tokens,-0.125,B,105,480,The Broken Heart,"Ford, John",2.653,0.025,0.202
tragedy,"Marlowe, Christopher",32,Rings and jewels as tokens,-0.125,B,105,478,Love's Sacrifice,"Ford, John",2.42,0.023,0.184
tragedy,"Marlowe, Christopher",60,"Imperial Rome: rulers, favour and political exemplars",-0.125,A,6,475,The Jew of Malta,"Marlowe, Christopher",2.731,0.455,1.0
tragedy,"Marlowe, Christopher",60,"Imperial Rome: rulers, favour and political exemplars",-0.125,B,105,380,The Virgin Martyr,"Dekker, Thomas / Massinger, Philip",14.092,0.134,0.231
tragedy,"Marlowe, Christopher",60,"Imperial Rome: rulers, favour and political exemplars",-0.125,B,105,578,"Messalina, the Roman Empress","Richards, Nathaniel",13.122,0.125,0.216
tragedy,"Marlowe, Christopher",60,"Imperial Rome: rulers, favour and political exemplars",-0.125,B,105,382,Herod and Antipater,"Markham, Gervase / Sampson, William",8.987,0.086,0.148
tragedy,"Marlowe, Christopher",44,"Drinking: wine, ale and taverns",-0.118,B,105,510,"The Vow Breaker, or The Fair Maid of Clifton","Sampson, William",2.686,0.026,0.217
tragedy,"Marlowe, Christopher",44,"Drinking: wine, ale and taverns",-0.118,B,105,122,"The Wounds of Civil War, or Marius and Scilla","Lodge, Thomas",2.627,0.025,0.213
tragedy,"Marlowe, Christopher",44,"Drinking: wine, ale and taverns",-0.118,B,105,565,"The Bloody Brother (Rollo, Duke of Normandy)","Fletcher, John / Field, Nathan / Massinger, Philip",2.596,0.025,0.21
tragedy,"Marlowe, Christopher",46,"Swords, quarrels and valour",-0.114,B,105,136,"Locrine, the Eldest Son of King Brutus","S., W.",3.215,0.031,0.268
tragedy,"Marlowe, Christopher",46,"Swords, quarrels and valour",-0.114,B,105,368,Thierry and Theodoret,"Anonymous / Fletcher, John / Massinger, Philip",2.648,0.025,0.221
tragedy,"Marlowe, Christopher",46,"Swords, quarrels and valour",-0.114,B,105,464,The Fatal Dowry,"Field, Nathan / Massinger, Philip",2.476,0.024,0.207
tragedy,"Marlowe, Christopher",47,"Knaves, thieves and bawds",-0.109,B,105,300,A Christian Turned Turk (The Two Famous Pirates),"Daborne, Robert",2.627,0.025,0.23
tragedy,"Marlowe, Christopher",47,"Knaves, thieves and bawds",-0.109,B,105,565,"The Bloody Brother (Rollo, Duke of Normandy)","Fletcher, John / Field, Nathan / Massinger, Philip",2.47,0.024,0.216
tragedy,"Marlowe, Christopher",47,"Knaves, thieves and bawds",-0.109,B,105,380,The Virgin Martyr,"Dekker, Thomas / Massinger, Philip",2.272,0.022,0.199
tragedy,"Marlowe, Christopher",49,"Wooing a mistress: suitors, go-betweens and letters",-0.102,B,105,573,Love's Cruelty,"Shirley, James",5.968,0.057,0.559
tragedy,"Marlowe, Christopher",49,"Wooing a mistress: suitors, go-betweens and letters",-0.102,B,105,464,The Fatal Dowry,"Field, Nathan / Massinger, Philip",2.491,0.024,0.233
tragedy,"Marlowe, Christopher",49,"Wooing a mistress: suitors, go-betweens and letters",-0.102,B,105,249,The Miseries of Enforced Marriage,"Wilkins, George",2.212,0.021,0.207
tragedy,"Marlowe, Christopher",6,"Money, debt and credit",0.095,A,6,475,The Jew of Malta,"Marlowe, Christopher",2.863,0.477,1.0
tragedy,"Marlowe, Christopher",6,"Money, debt and credit",0.095,B,105,402,Timon of Athens,"Shakespeare, William / Middleton, Thomas",14.335,0.137,0.357
tragedy,"Marlowe, Christopher",6,"Money, debt and credit",0.095,B,105,109,Soliman and Perseda (Zulziman),Anonymous,5.999,0.057,0.15
tragedy,"Marlowe, Christopher",6,"Money, debt and credit",0.095,B,105,258,A Woman Killed with Kindness,"Heywood, Thomas",5.939,0.057,0.148
tragedy,"Marlowe, Christopher",37,"Riches, poverty and covetousness",-0.081,B,105,402,Timon of Athens,"Shakespeare, William / Middleton, Thomas",2.962,0.028,0.35
tragedy,"Marlowe, Christopher",37,"Riches, poverty and covetousness",-0.081,B,105,279,Troilus and Cressida,"Shakespeare, William",2.074,0.02,0.245
tragedy,"Marlowe, Christopher",37,"Riches, poverty and covetousness",-0.081,B,105,260,The Alexandraean Tragedy,"Alexander, William",1.84,0.018,0.218
tragedy,"Marlowe, Christopher",45,"Widows, wooing and remarriage",-0.078,B,105,471,All's Lost by Lust,"Rowley, William",3.225,0.031,0.394
tragedy,"Marlowe, Christopher",45,"Widows, wooing and remarriage",-0.078,B,105,328,Cupid's Revenge,"Beaumont, Francis / Fletcher, John",2.492,0.024,0.304
tragedy,"Marlowe, Christopher",45,"Widows, wooing and remarriage",-0.078,B,105,315,The Insatiate Countess,"Marston, John / Machin, Lewis / Barkstead, William",2.475,0.024,0.302
tragedy,"Marlowe, Christopher",62,"The courtier as a type: fashion, affectation and foreign manners",-0.035,B,105,389,The Duchess of Malfi,"Webster, John",2.193,0.021,0.593
tragedy,"Marlowe, Christopher",62,"The courtier as a type: fashion, affectation and foreign manners",-0.035,B,105,314,"Cynthia's Revenge, or Maenander's Ecstasy","Stephens, John",1.508,0.014,0.407
tragedy,"Marlowe, Christopher",30,"Constables, justices and the watch",-0.026,B,105,550,"Chabot, Admiral of France","Chapman, George / Shirley, James",2.71,0.026,1.0
tragedy,"Marlowe, Christopher",55,"Fairies, fairy queens and enchanted desire",-0.02,B,105,143,Romeo and Juliet,"Shakespeare, William",2.051,0.02,1.0
tragedy,"Massinger, Philip",2,"Roman politics: senate, consuls and civil war",-6.375,A,6,380,The Virgin Martyr,"Dekker, Thomas / Massinger, Philip",2.177,0.363,1.0
tragedy,"Massinger, Philip",2,"Roman politics: senate, consuls and civil war",-6.375,B,105,296,Catiline His Conspiracy,"Jonson, Ben",86.131,0.82,0.122
tragedy,"Massinger, Philip",2,"Roman politics: senate, consuls and civil war",-6.375,B,105,122,"The Wounds of Civil War, or Marius and Scilla","Lodge, Thomas",78.56,0.748,0.111
tragedy,"Massinger, Philip",2,"Roman politics: senate, consuls and civil war",-6.375,B,105,216,Sejanus His Fall,"Jonson, Ben",65.314,0.622,0.092
tragedy,"Massinger, Philip",0,"Court life: dukes, favour and honour",6.074,A,6,386,The Duke of Milan,"Massinger, Philip",40.008,6.668,0.661
tragedy,"Massinger, Philip",0,"Court life: dukes, favour and honour",6.074,A,6,565,"The Bloody Brother (Rollo, Duke of Normandy)","Fletcher, John / Field, Nathan / Massinger, Philip",20.541,3.424,0.339
tragedy,"Massinger, Philip",0,"Court life: dukes, favour and honour",6.074,B,105,253,The Revenger's Tragedy,"Middleton, Thomas",64.942,0.618,0.154
tragedy,"Massinger, Philip",0,"Court life: dukes, favour and honour",6.074,B,105,478,Love's Sacrifice,"Ford, John",56.393,0.537,0.134
tragedy,"Massinger, Philip",0,"Court life: dukes, favour and honour",6.074,B,105,498,The Traitor,"Shirley, James",47.509,0.452,0.113
tragedy,"Massinger, Philip",7,The Trojan war: conflict and its aftermath,-2.799,B,105,28,Troas (Seneca's Sixth Tragedy),"Heywood, Jasper / Seneca, Lucius Annaeus",96.271,0.917,0.328
tragedy,"Massinger, Philip",7,The Trojan war: conflict and its aftermath,-2.799,B,105,279,Troilus and Cressida,"Shakespeare, William",55.802,0.531,0.19
tragedy,"Massinger, Philip",7,The Trojan war: conflict and its aftermath,-2.799,B,105,42,Agamemnon (Seneca's Eighth Tragedy),"Seneca, Lucius Annaeus / Studley, John",42.916,0.409,0.146
tragedy,"Massinger, Philip",1,"Death, grief and revenge",2.789,A,6,464,The Fatal Dowry,"Field, Nathan / Massinger, Philip",18.334,3.056,0.326
tragedy,"Massinger, Philip",1,"Death, grief and revenge",2.789,A,6,386,The Duke of Milan,"Massinger, Philip",9.218,1.536,0.164
tragedy,"Massinger, Philip",1,"Death, grief and revenge",2.789,A,6,559,The Unnatural Combat,"Massinger, Philip",8.284,1.381,0.147
tragedy,"Massinger, Philip",1,"Death, grief and revenge",2.789,B,105,185,Antonio's Revenge (2 Antonio and Mellida),"Marston, John",35.004,0.333,0.051
tragedy,"Massinger, Philip",1,"Death, grief and revenge",2.789,B,105,48,The Interlude of Vice (Orestes),"Pickering, John",25.142,0.239,0.036
tragedy,"Massinger, Philip",1,"Death, grief and revenge",2.789,B,105,293,"The Atheist's Tragedy, or The Honest Man's Revenge","Tourneur, Cyril",24.141,0.23,0.035
tragedy,"Massinger, Philip",17,"Eastern conquest: Persians, Turks and soldans",-2.537,B,105,94,1 Tamburlaine the Great,"Marlowe, Christopher",70.182,0.668,0.263
tragedy,"Massinger, Philip",17,"Eastern conquest: Persians, Turks and soldans",-2.537,B,105,131,"The Wars of Cyrus, King of Persia",Anonymous,69.038,0.658,0.259
tragedy,"Massinger, Philip",17,"Eastern conquest: Persians, Turks and soldans",-2.537,B,105,569,The Phoenix in Her Flames,"Lower, William",37.413,0.356,0.14
tragedy,"Massinger, Philip",60,"Imperial Rome: rulers, favour and political exemplars",2.294,A,6,380,The Virgin Martyr,"Dekker, Thomas / Massinger, Philip",14.092,2.349,0.856
tragedy,"Massinger, Philip",60,"Imperial Rome: rulers, favour and political exemplars",2.294,A,6,386,The Duke of Milan,"Massinger, Philip",2.368,0.395,0.144
tragedy,"Massinger, Philip",60,"Imperial Rome: rulers, favour and political exemplars",2.294,B,105,578,"Messalina, the Roman Empress","Richards, Nathaniel",13.122,0.125,0.278
tragedy,"Massinger, Philip",60,"Imperial Rome: rulers, favour and political exemplars",2.294,B,105,382,Herod and Antipater,"Markham, Gervase / Sampson, William",8.987,0.086,0.191
tragedy,"Massinger, Philip",60,"Imperial Rome: rulers, favour and political exemplars",2.294,B,105,117,Titus Andronicus,"Peele, George / Shakespeare, William",7.684,0.073,0.163
tragedy,"Massinger, Philip",8,"Captains, gallants and cheats",1.664,A,6,368,Thierry and Theodoret,"Anonymous / Fletcher, John / Massinger, Philip",5.354,0.892,0.504
tragedy,"Massinger, Philip",8,"Captains, gallants and cheats",1.664,A,6,559,The Unnatural Combat,"Massinger, Philip",2.729,0.455,0.257
tragedy,"Massinger, Philip",8,"Captains, gallants and cheats",1.664,A,6,565,"The Bloody Brother (Rollo, Duke of Normandy)","Fletcher, John / Field, Nathan / Massinger, Philip",2.538,0.423,0.239
tragedy,"Massinger, Philip",8,"Captains, gallants and cheats",1.664,B,105,300,A Christian Turned Turk (The Two Famous Pirates),"Daborne, Robert",5.345,0.051,0.479
tragedy,"Massinger, Philip",8,"Captains, gallants and cheats",1.664,B,105,560,Imperiale,"Freeman, Ralph",3.612,0.034,0.324
tragedy,"Massinger, Philip",8,"Captains, gallants and cheats",1.664,B,105,569,The Phoenix in Her Flames,"Lower, William",2.199,0.021,0.197
tragedy,"Massinger, Philip",25,"Kings, power and law: political sententiae",-1.585,B,105,278,Mustapha,"Greville, Fulke",62.284,0.593,0.374
tragedy,"Massinger, Philip",25,"Kings, power and law: political sententiae",-1.585,B,105,489,Alaham,"Greville, Fulke",23.603,0.225,0.142
tragedy,"Massinger, Philip",25,"Kings, power and law: political sententiae",-1.585,B,105,89,The Misfortunes of Arthur (Certain Devices and Shows Presented to Her Majesty),"Hughes, Thomas / Fulbecke, William",10.94,0.104,0.066
tragedy,"Massinger, Philip",34,"Thebes and royal catastrophe: siege, slaughter and funeral rites",-1.401,B,105,450,"Antigone, the Theban Princess","May, Thomas",47.432,0.452,0.322
tragedy,"Massinger, Philip",34,"Thebes and royal catastrophe: siege, slaughter and funeral rites",-1.401,B,105,79,Thebais (Seneca's Third Tragedy),"Seneca, Lucius Annaeus / Newton, Thomas",35.561,0.339,0.242
tragedy,"Massinger, Philip",34,"Thebes and royal catastrophe: siege, slaughter and funeral rites",-1.401,B,105,61,Jocasta,"Gascoigne, George / Kinwelmershe, Francis / Yelverton, Christopher / Euripides / Dolce, Lodovico",27.448,0.261,0.187
tragedy,"Massinger, Philip",20,"Hercules: labours, suffering and virtue",-1.369,B,105,81,Hercules Oetaeus (Hercules on Mount Oeta) (Seneca's Tenth Tragedy),"Seneca, Lucius Annaeus / Studley, John",77.067,0.734,0.536
tragedy,"Massinger, Philip",20,"Hercules: labours, suffering and virtue",-1.369,B,105,34,Hercules Furens (Mad Hercules) (Seneca's First Tragedy),"Heywood, Jasper / Seneca, Lucius Annaeus",46.938,0.447,0.326
tragedy,"Massinger, Philip",20,"Hercules: labours, suffering and virtue",-1.369,B,105,44,Medea (Seneca's Seventh Tragedy),"Seneca, Lucius Annaeus / Studley, John",10.352,0.099,0.072
tragedy,"Massinger, Philip",36,"Hell, Furies and the language of punishment",-1.369,B,105,36,Oedipus (Seneca's Fifth Tragedy),"Seneca, Lucius Annaeus / Neville, Alexander",27.145,0.259,0.189
tragedy,"Massinger, Philip",36,"Hell, Furies and the language of punishment",-1.369,B,105,29,Thyestes (Seneca's Second Tragedy),"Heywood, Jasper / Seneca, Lucius Annaeus",12.809,0.122,0.089
tragedy,"Massinger, Philip",36,"Hell, Furies and the language of punishment",-1.369,B,105,485,Orestes,"Goffe, Thomas",10.44,0.099,0.073
tragedy,"Massinger, Philip",54,"Antony and Cleopatra: love, death and mourning",-0.969,B,105,108,Antonius (Antony),"Herbert, Mary Sidney / Garnier, Robert / Sidney Herbert, Mary",41.67,0.397,0.41
tragedy,"Massinger, Philip",54,"Antony and Cleopatra: love, death and mourning",-0.969,B,105,132,Cleopatra,"Daniel, Samuel",30.467,0.29,0.3
tragedy,"Massinger, Philip",54,"Antony and Cleopatra: love, death and mourning",-0.969,B,105,553,"Cleopatra, Queen of Egypt","May, Thomas",13.759,0.131,0.135
tragedy,"Massinger, Philip",4,Love-longing and the lover's complaint,-0.923,B,105,143,Romeo and Juliet,"Shakespeare, William",12.2,0.116,0.126
tragedy,"Massinger, Philip",4,Love-longing and the lover's complaint,-0.923,B,105,131,"The Wars of Cyrus, King of Persia",Anonymous,7.897,0.075,0.081
tragedy,"Massinger, Philip",4,Love-longing and the lover's complaint,-0.923,B,105,231,"The Wonder of Women, or Sophonisba","Marston, John",7.742,0.074,0.08
tragedy,"Massinger, Philip",51,"Parents and children: blessing, birthright and inheritance",0.84,A,6,368,Thierry and Theodoret,"Anonymous / Fletcher, John / Massinger, Philip",2.779,0.463,0.507
tragedy,"Massinger, Philip",51,"Parents and children: blessing, birthright and inheritance",0.84,A,6,565,"The Bloody Brother (Rollo, Duke of Normandy)","Fletcher, John / Field, Nathan / Massinger, Philip",2.706,0.451,0.493
tragedy,"Massinger, Philip",51,"Parents and children: blessing, birthright and inheritance",0.84,B,105,404,Macbeth,"Shakespeare, William / Middleton, Thomas",3.214,0.031,0.413
tragedy,"Massinger, Philip",51,"Parents and children: blessing, birthright and inheritance",0.84,B,105,510,"The Vow Breaker, or The Fair Maid of Clifton","Sampson, William",2.453,0.023,0.315
tragedy,"Massinger, Philip",51,"Parents and children: blessing, birthright and inheritance",0.84,B,105,265,King Lear,"Shakespeare, William",2.112,0.02,0.272
tragedy,"Massinger, Philip",16,"Gallantry: ladies, lordships and compliment",0.81,A,6,559,The Unnatural Combat,"Massinger, Philip",5.49,0.915,1.0
tragedy,"Massinger, Philip",16,"Gallantry: ladies, lordships and compliment",0.81,B,105,567,The Bloody Banquet,"Dekker, Thomas / Middleton, Thomas",7.132,0.068,0.648
tragedy,"Massinger, Philip",16,"Gallantry: ladies, lordships and compliment",0.81,B,105,478,Love's Sacrifice,"Ford, John",2.341,0.022,0.213
tragedy,"Massinger, Philip",16,"Gallantry: ladies, lordships and compliment",0.81,B,105,537,The Conspiracy (Pallantus and Eudora),"Killigrew, Henry",1.534,0.015,0.139
tragedy,"Massinger, Philip",11,"Siblings, kin and confidants",-0.801,B,105,562,The Maid's Revenge,"Shirley, James",17.312,0.165,0.206
tragedy,"Massinger, Philip",11,"Siblings, kin and confidants",-0.801,B,105,357,The Maid's Tragedy,"Beaumont, Francis / Fletcher, John",9.64,0.092,0.115
tragedy,"Massinger, Philip",11,"Siblings, kin and confidants",-0.801,B,105,471,All's Lost by Lust,"Rowley, William",9.063,0.086,0.108
tragedy,"Massinger, Philip",46,"Swords, quarrels and valour",0.789,A,6,368,Thierry and Theodoret,"Anonymous / Fletcher, John / Massinger, Philip",2.648,0.441,0.517
tragedy,"Massinger, Philip",46,"Swords, quarrels and valour",0.789,A,6,464,The Fatal Dowry,"Field, Nathan / Massinger, Philip",2.476,0.413,0.483
tragedy,"Massinger, Philip",46,"Swords, quarrels and valour",0.789,B,105,136,"Locrine, the Eldest Son of King Brutus","S., W.",3.215,0.031,0.468
tragedy,"Massinger, Philip",46,"Swords, quarrels and valour",0.789,B,105,569,The Phoenix in Her Flames,"Lower, William",2.12,0.02,0.309
tragedy,"Massinger, Philip",46,"Swords, quarrels and valour",0.789,B,105,537,The Conspiracy (Pallantus and Eudora),"Killigrew, Henry",1.528,0.015,0.223
tragedy,"Massinger, Philip",44,"Drinking: wine, ale and taverns",0.748,A,6,565,"The Bloody Brother (Rollo, Duke of Normandy)","Fletcher, John / Field, Nathan / Massinger, Philip",2.596,0.433,0.528
tragedy,"Massinger, Philip",44,"Drinking: wine, ale and taverns",0.748,A,6,380,The Virgin Martyr,"Dekker, Thomas / Massinger, Philip",2.319,0.386,0.472
tragedy,"Massinger, Philip",44,"Drinking: wine, ale and taverns",0.748,B,105,510,"The Vow Breaker, or The Fair Maid of Clifton","Sampson, William",2.686,0.026,0.361
tragedy,"Massinger, Philip",44,"Drinking: wine, ale and taverns",0.748,B,105,122,"The Wounds of Civil War, or Marius and Scilla","Lodge, Thomas",2.627,0.025,0.353
tragedy,"Massinger, Philip",44,"Drinking: wine, ale and taverns",0.748,B,105,249,The Miseries of Enforced Marriage,"Wilkins, George",2.132,0.02,0.286
tragedy,"Massinger, Philip",59,"Spanish courts: war, honour and courtship",-0.744,A,6,386,The Duke of Milan,"Massinger, Philip",2.393,0.399,1.0
tragedy,"Massinger, Philip",59,"Spanish courts: war, honour and courtship",-0.744,B,105,221,"1 Jeronimo, with the Wars of Portugal",Anonymous,78.081,0.744,0.651
tragedy,"Massinger, Philip",59,"Spanish courts: war, honour and courtship",-0.744,B,105,490,"The Noble Spanish Soldier (The Noble Soldier, or A Contract Broken Justly Revenged)","Dekker, Thomas",22.286,0.212,0.186
tragedy,"Massinger, Philip",59,"Spanish courts: war, honour and courtship",-0.744,B,105,471,All's Lost by Lust,"Rowley, William",5.782,0.055,0.048
tragedy,"Massinger, Philip",47,"Knaves, thieves and bawds",0.727,A,6,565,"The Bloody Brother (Rollo, Duke of Normandy)","Fletcher, John / Field, Nathan / Massinger, Philip",2.47,0.412,0.521
tragedy,"Massinger, Philip",47,"Knaves, thieves and bawds",0.727,A,6,380,The Virgin Martyr,"Dekker, Thomas / Massinger, Philip",2.272,0.379,0.479
tragedy,"Massinger, Philip",47,"Knaves, thieves and bawds",0.727,B,105,300,A Christian Turned Turk (The Two Famous Pirates),"Daborne, Robert",2.627,0.025,0.393
tragedy,"Massinger, Philip",47,"Knaves, thieves and bawds",0.727,B,105,389,The Duchess of Malfi,"Webster, John",2.129,0.02,0.318
tragedy,"Massinger, Philip",47,"Knaves, thieves and bawds",0.727,B,105,306,The White Devil (Vittoria Corombona),"Webster, John",1.929,0.018,0.289
tragedy,"Massinger, Philip",14,"Royal love, favour and dynastic relationships",0.673,A,6,380,The Virgin Martyr,"Dekker, Thomas / Massinger, Philip",4.634,0.772,0.635
tragedy,"Massinger, Philip",14,"Royal love, favour and dynastic relationships",0.673,A,6,368,Thierry and Theodoret,"Anonymous / Fletcher, John / Massinger, Philip",2.669,0.445,0.365
tragedy,"Massinger, Philip",14,"Royal love, favour and dynastic relationships",0.673,B,105,569,The Phoenix in Her Flames,"Lower, William",12.484,0.119,0.218
tragedy,"Massinger, Philip",14,"Royal love, favour and dynastic relationships",0.673,B,105,328,Cupid's Revenge,"Beaumont, Francis / Fletcher, John",7.201,0.069,0.126
tragedy,"Massinger, Philip",14,"Royal love, favour and dynastic relationships",0.673,B,105,537,The Conspiracy (Pallantus and Eudora),"Killigrew, Henry",6.408,0.061,0.112
tragedy,"Massinger, Philip",3,"Sickness, physic and doctors",0.628,A,6,559,The Unnatural Combat,"Massinger, Philip",2.919,0.487,0.359
tragedy,"Massinger, Philip",3,"Sickness, physic and doctors",0.628,A,6,368,Thierry and Theodoret,"Anonymous / Fletcher, John / Massinger, Philip",2.816,0.469,0.346
tragedy,"Massinger, Philip",3,"Sickness, physic and doctors",0.628,A,6,386,The Duke of Milan,"Massinger, Philip",2.393,0.399,0.294
tragedy,"Massinger, Philip",3,"Sickness, physic and doctors",0.628,B,105,562,The Maid's Revenge,"Shirley, James",14.286,0.136,0.187
tragedy,"Massinger, Philip",3,"Sickness, physic and doctors",0.628,B,105,205,Doctor Faustus,"Anonymous / Marlowe, Christopher",12.83,0.122,0.168
tragedy,"Massinger, Philip",3,"Sickness, physic and doctors",0.628,B,105,389,The Duchess of Malfi,"Webster, John",6.412,0.061,0.084
tragedy,"Massinger, Philip",12,"Olympian gods: Jupiter, Juno, Venus and Mars",0.553,A,6,380,The Virgin Martyr,"Dekker, Thomas / Massinger, Philip",4.572,0.762,1.0
tragedy,"Massinger, Philip",12,"Olympian gods: Jupiter, Juno, Venus and Mars",0.553,B,105,458,"The Courageous Turk, or Amurath the First","Goffe, Thomas",10.081,0.096,0.46
tragedy,"Massinger, Philip",12,"Olympian gods: Jupiter, Juno, Venus and Mars",0.553,B,105,45,Octavia (Seneca's Ninth Tragedy),"Seneca, Lucius Annaeus / Nuce, Thomas / Pseudo-Seneca",4.449,0.042,0.203
tragedy,"Massinger, Philip",12,"Olympian gods: Jupiter, Juno, Venus and Mars",0.553,B,105,128,"Dido, Queen of Carthage","Marlowe, Christopher / Nashe, Thomas",3.545,0.034,0.162
tragedy,"Massinger, Philip",38,"Death, parting and grief at court",-0.509,B,105,56,"Cambises, King of Persia","Preston, Thomas",11.234,0.107,0.21
tragedy,"Massinger, Philip",38,"Death, parting and grief at court",-0.509,B,105,382,Herod and Antipater,"Markham, Gervase / Sampson, William",6.707,0.064,0.126
tragedy,"Massinger, Philip",38,"Death, parting and grief at court",-0.509,B,105,196,Darius,"Alexander, William",5.837,0.056,0.109
tragedy,"Massinger, Philip",6,"Money, debt and credit",-0.409,B,105,402,Timon of Athens,"Shakespeare, William / Middleton, Thomas",14.335,0.137,0.334
tragedy,"Massinger, Philip",6,"Money, debt and credit",-0.409,B,105,109,Soliman and Perseda (Zulziman),Anonymous,5.999,0.057,0.14
tragedy,"Massinger, Philip",6,"Money, debt and credit",-0.409,B,105,258,A Woman Killed with Kindness,"Heywood, Thomas",5.939,0.057,0.138
tragedy,"Massinger, Philip",22,"Shepherds, flocks and Pan",0.35,A,6,559,The Unnatural Combat,"Massinger, Philip",2.761,0.46,1.0
tragedy,"Massinger, Philip",22,"Shepherds, flocks and Pan",0.35,B,105,36,Oedipus (Seneca's Fifth Tragedy),"Seneca, Lucius Annaeus / Neville, Alexander",3.761,0.036,0.325
tragedy,"Massinger, Philip",22,"Shepherds, flocks and Pan",0.35,B,105,94,1 Tamburlaine the Great,"Marlowe, Christopher",3.064,0.029,0.265
tragedy,"Massinger, Philip",22,"Shepherds, flocks and Pan",0.35,B,105,182,Two Lamentable Tragedies,"Yarington, Robert",2.652,0.025,0.229
tragedy,"Massinger, Philip",50,"Fleets, armies and generals: war by sea and land",-0.347,B,105,490,"The Noble Spanish Soldier (The Noble Soldier, or A Contract Broken Justly Revenged)","Dekker, Thomas",7.456,0.071,0.205
tragedy,"Massinger, Philip",50,"Fleets, armies and generals: war by sea and land",-0.347,B,105,405,Antony and Cleopatra,"Shakespeare, William",6.189,0.059,0.17
tragedy,"Massinger, Philip",50,"Fleets, armies and generals: war by sea and land",-0.347,B,105,95,2 Tamburlaine the Great,"Marlowe, Christopher",2.876,0.027,0.079
tragedy,"Massinger, Philip",9,"Theatre talk: prologues, poets and players",-0.342,B,105,197,"Hamlet, Prince of Denmark","Shakespeare, William",7.506,0.071,0.209
tragedy,"Massinger, Philip",9,"Theatre talk: prologues, poets and players",-0.342,B,105,513,Hannibal and Scipio,"Nabbes, Thomas",3.345,0.032,0.093
tragedy,"Massinger, Philip",9,"Theatre talk: prologues, poets and players",-0.342,B,105,578,"Messalina, the Roman Empress","Richards, Nathaniel",3.231,0.031,0.09
tragedy,"Massinger, Philip",49,"Wooing a mistress: suitors, go-betweens and letters",0.337,A,6,464,The Fatal Dowry,"Field, Nathan / Massinger, Philip",2.491,0.415,1.0
tragedy,"Massinger, Philip",49,"Wooing a mistress: suitors, go-betweens and letters",0.337,B,105,573,Love's Cruelty,"Shirley, James",5.968,0.057,0.73
tragedy,"Massinger, Philip",49,"Wooing a mistress: suitors, go-betweens and letters",0.337,B,105,249,The Miseries of Enforced Marriage,"Wilkins, George",2.212,0.021,0.27
tragedy,"Massinger, Philip",31,"Popes, cardinals and the crown",-0.331,B,105,133,The Massacre at Paris,"Marlowe, Christopher",15.571,0.148,0.448
tragedy,"Massinger, Philip",31,"Popes, cardinals and the crown",-0.331,B,105,254,"The Devil's Charter, or Pope Alexander the Sixth","Barnes, Barnabe",8.839,0.084,0.254
tragedy,"Massinger, Philip",31,"Popes, cardinals and the crown",-0.331,B,105,389,The Duchess of Malfi,"Webster, John",8.343,0.079,0.24
tragedy,"Massinger, Philip",40,"Sin, guilt and violent loss within families",-0.328,A,6,565,"The Bloody Brother (Rollo, Duke of Normandy)","Fletcher, John / Field, Nathan / Massinger, Philip",2.366,0.394,1.0
tragedy,"Massinger, Philip",40,"Sin, guilt and violent loss within families",-0.328,B,105,272,A Yorkshire Tragedy,"Middleton, Thomas",9.195,0.088,0.121
tragedy,"Massinger, Philip",40,"Sin, guilt and violent loss within families",-0.328,B,105,182,Two Lamentable Tragedies,"Yarington, Robert",8.208,0.078,0.108
tragedy,"Massinger, Philip",40,"Sin, guilt and violent loss within families",-0.328,B,105,117,Titus Andronicus,"Peele, George / Shakespeare, William",7.893,0.075,0.104
tragedy,"Massinger, Philip",52,"Prodigals, portions and poor kin",-0.276,B,105,249,The Miseries of Enforced Marriage,"Wilkins, George",12.803,0.122,0.441
tragedy,"Massinger, Philip",52,"Prodigals, portions and poor kin",-0.276,B,105,272,A Yorkshire Tragedy,"Middleton, Thomas",9.584,0.091,0.33
tragedy,"Massinger, Philip",52,"Prodigals, portions and poor kin",-0.276,B,105,403,Julius Caesar,"Shakespeare, William",2.443,0.023,0.084
tragedy,"Massinger, Philip",24,"Apollo, Phoebus and the Muses",-0.234,B,105,80,Hippolytus (Seneca's Fourth Tragedy),"Seneca, Lucius Annaeus / Studley, John",10.15,0.097,0.413
tragedy,"Massinger, Philip",24,"Apollo, Phoebus and the Muses",-0.234,B,105,29,Thyestes (Seneca's Second Tragedy),"Heywood, Jasper / Seneca, Lucius Annaeus",4.007,0.038,0.163
tragedy,"Massinger, Philip",24,"Apollo, Phoebus and the Muses",-0.234,B,105,42,Agamemnon (Seneca's Eighth Tragedy),"Seneca, Lucius Annaeus / Studley, John",3.505,0.033,0.143
tragedy,"Massinger, Philip",28,"Marriage-making: weddings, brides and matches",0.225,A,6,464,The Fatal Dowry,"Field, Nathan / Massinger, Philip",2.462,0.41,1.0
tragedy,"Massinger, Philip",28,"Marriage-making: weddings, brides and matches",0.225,B,105,258,A Woman Killed with Kindness,"Heywood, Thomas",6.118,0.058,0.315
tragedy,"Massinger, Philip",28,"Marriage-making: weddings, brides and matches",0.225,B,105,136,"Locrine, the Eldest Son of King Brutus","S., W.",3.221,0.031,0.166
tragedy,"Massinger, Philip",28,"Marriage-making: weddings, brides and matches",0.225,B,105,471,All's Lost by Lust,"Rowley, William",3.1,0.03,0.159
tragedy,"Massinger, Philip",18,"Rebels, barons and the king's wars at home",-0.214,B,105,404,Macbeth,"Shakespeare, William / Middleton, Thomas",5.948,0.057,0.265
tragedy,"Massinger, Philip",18,"Rebels, barons and the king's wars at home",-0.214,B,105,104,Tancred and Gismund (Gismond of Salerne),"Wilmot, Robert / Hatton, Christopher / Noel, Henry / Al., G. / Stafford, Roderick",3.513,0.033,0.157
tragedy,"Massinger, Philip",18,"Rebels, barons and the king's wars at home",-0.214,B,105,39,Ferrex and Porrex (Gorboduc),"Norton, Thomas / Sackville, Thomas",3.135,0.03,0.14
tragedy,"Massinger, Philip",35,"Fools, wit and railing",-0.188,B,105,279,Troilus and Cressida,"Shakespeare, William",7.9,0.075,0.4
tragedy,"Massinger, Philip",35,"Fools, wit and railing",-0.188,B,105,402,Timon of Athens,"Shakespeare, William / Middleton, Thomas",5.641,0.054,0.286
tragedy,"Massinger, Philip",35,"Fools, wit and railing",-0.188,B,105,427,The Cruel Brother,"Davenant, William",2.762,0.026,0.14
tragedy,"Massinger, Philip",21,"Cupid, Venus and the nymphs",-0.185,B,105,56,"Cambises, King of Persia","Preston, Thomas",3.872,0.037,0.199
tragedy,"Massinger, Philip",21,"Cupid, Venus and the nymphs",-0.185,B,105,80,Hippolytus (Seneca's Fourth Tragedy),"Seneca, Lucius Annaeus / Studley, John",3.553,0.034,0.183
tragedy,"Massinger, Philip",21,"Cupid, Venus and the nymphs",-0.185,B,105,104,Tancred and Gismund (Gismond of Salerne),"Wilmot, Robert / Hatton, Christopher / Noel, Henry / Al., G. / Stafford, Roderick",3.534,0.034,0.182
tragedy,"Massinger, Philip",27,"Uncles, nephews and cousins: kinship and patronage",-0.165,B,105,272,A Yorkshire Tragedy,"Middleton, Thomas",9.867,0.094,0.569
tragedy,"Massinger, Philip",27,"Uncles, nephews and cousins: kinship and patronage",-0.165,B,105,258,A Woman Killed with Kindness,"Heywood, Thomas",3.034,0.029,0.175
tragedy,"Massinger, Philip",27,"Uncles, nephews and cousins: kinship and patronage",-0.165,B,105,478,Love's Sacrifice,"Ford, John",2.469,0.024,0.142
tragedy,"Massinger, Philip",39,"Profit, conscience and dishonest dealing",-0.145,B,105,272,A Yorkshire Tragedy,"Middleton, Thomas",8.205,0.078,0.539
tragedy,"Massinger, Philip",39,"Profit, conscience and dishonest dealing",-0.145,B,105,65,Appius and Virginia,"B., R.",7.024,0.067,0.461
tragedy,"Massinger, Philip",56,"Magic, spells and conjuring",0.136,A,6,368,Thierry and Theodoret,"Anonymous / Fletcher, John / Massinger, Philip",2.544,0.424,1.0
tragedy,"Massinger, Philip",56,"Magic, spells and conjuring",0.136,B,105,205,Doctor Faustus,"Anonymous / Marlowe, Christopher",17.702,0.169,0.585
tragedy,"Massinger, Philip",56,"Magic, spells and conjuring",0.136,B,105,44,Medea (Seneca's Seventh Tragedy),"Seneca, Lucius Annaeus / Studley, John",6.956,0.066,0.23
tragedy,"Massinger, Philip",56,"Magic, spells and conjuring",0.136,B,105,404,Macbeth,"Shakespeare, William / Middleton, Thomas",3.032,0.029,0.1
tragedy,"Massinger, Philip",32,Rings and jewels as tokens,-0.125,B,105,567,The Bloody Banquet,"Dekker, Thomas / Middleton, Thomas",3.665,0.035,0.279
tragedy,"Massinger, Philip",32,Rings and jewels as tokens,-0.125,B,105,480,The Broken Heart,"Ford, John",2.653,0.025,0.202
tragedy,"Massinger, Philip",32,Rings and jewels as tokens,-0.125,B,105,478,Love's Sacrifice,"Ford, John",2.42,0.023,0.184
tragedy,"Massinger, Philip",33,"Fathers, daughters and marriage negotiations",-0.097,B,105,471,All's Lost by Lust,"Rowley, William",2.988,0.028,0.294
tragedy,"Massinger, Philip",33,"Fathers, daughters and marriage negotiations",-0.097,B,105,475,The Jew of Malta,"Marlowe, Christopher",2.65,0.025,0.26
tragedy,"Massinger, Philip",33,"Fathers, daughters and marriage negotiations",-0.097,B,105,253,The Revenger's Tragedy,"Middleton, Thomas",2.4,0.023,0.236
tragedy,"Massinger, Philip",10,"England and France: war, embassy and peace",0.095,A,6,386,The Duke of Milan,"Massinger, Philip",4.722,0.787,1.0
tragedy,"Massinger, Philip",10,"England and France: war, embassy and peace",0.095,B,105,418,"Lodovic Sforza, Duke of Milan","Gomersall, Robert",28.046,0.267,0.386
tragedy,"Massinger, Philip",10,"England and France: war, embassy and peace",0.095,B,105,510,"The Vow Breaker, or The Fair Maid of Clifton","Sampson, William",22.345,0.213,0.307
tragedy,"Massinger, Philip",10,"England and France: war, embassy and peace",0.095,B,105,275,The Tragedy of Charles Duke of Byron,"Chapman, George",10.796,0.103,0.149
tragedy,"Massinger, Philip",23,"Husbands, wives and jealousy",-0.084,A,6,464,The Fatal Dowry,"Field, Nathan / Massinger, Philip",2.491,0.415,1.0
tragedy,"Massinger, Philip",23,"Husbands, wives and jealousy",-0.084,B,105,272,A Yorkshire Tragedy,"Middleton, Thomas",8.895,0.085,0.17
tragedy,"Massinger, Philip",23,"Husbands, wives and jealousy",-0.084,B,105,573,Love's Cruelty,"Shirley, James",5.944,0.057,0.113
tragedy,"Massinger, Philip",23,"Husbands, wives and jealousy",-0.084,B,105,379,"Othello, the Moor of Venice","Shakespeare, William",5.603,0.053,0.107
tragedy,"Massinger, Philip",37,"Riches, poverty and covetousness",-0.081,B,105,402,Timon of Athens,"Shakespeare, William / Middleton, Thomas",2.962,0.028,0.35
tragedy,"Massinger, Philip",37,"Riches, poverty and covetousness",-0.081,B,105,279,Troilus and Cressida,"Shakespeare, William",2.074,0.02,0.245
tragedy,"Massinger, Philip",37,"Riches, poverty and covetousness",-0.081,B,105,260,The Alexandraean Tragedy,"Alexander, William",1.84,0.018,0.218
tragedy,"Massinger, Philip",45,"Widows, wooing and remarriage",-0.078,B,105,471,All's Lost by Lust,"Rowley, William",3.225,0.031,0.394
tragedy,"Massinger, Philip",45,"Widows, wooing and remarriage",-0.078,B,105,328,Cupid's Revenge,"Beaumont, Francis / Fletcher, John",2.492,0.024,0.304
tragedy,"Massinger, Philip",45,"Widows, wooing and remarriage",-0.078,B,105,315,The Insatiate Countess,"Marston, John / Machin, Lewis / Barkstead, William",2.475,0.024,0.302
tragedy,"Massinger, Philip",26,"Devils, hell and fiends",0.07,A,6,380,The Virgin Martyr,"Dekker, Thomas / Massinger, Philip",2.286,0.381,1.0
tragedy,"Massinger, Philip",26,"Devils, hell and fiends",0.07,B,105,272,A Yorkshire Tragedy,"Middleton, Thomas",9.036,0.086,0.277
tragedy,"Massinger, Philip",26,"Devils, hell and fiends",0.07,B,105,205,Doctor Faustus,"Anonymous / Marlowe, Christopher",4.179,0.04,0.128
tragedy,"Massinger, Philip",26,"Devils, hell and fiends",0.07,B,105,389,The Duchess of Malfi,"Webster, John",4.038,0.038,0.124
tragedy,"Massinger, Philip",5,"Christian faith, sin and salvation",0.059,A,6,380,The Virgin Martyr,"Dekker, Thomas / Massinger, Philip",2.372,0.395,1.0
tragedy,"Massinger, Philip",5,"Christian faith, sin and salvation",0.059,B,105,71,Abraham's Sacrifice,"Golding, Arthur / Beza, Theodore",11.675,0.111,0.331
tragedy,"Massinger, Philip",5,"Christian faith, sin and salvation",0.059,B,105,182,Two Lamentable Tragedies,"Yarington, Robert",8.236,0.078,0.233
tragedy,"Massinger, Philip",5,"Christian faith, sin and salvation",0.059,B,105,231,"The Wonder of Women, or Sophonisba","Marston, John",4.009,0.038,0.113
tragedy,"Massinger, Philip",62,"The courtier as a type: fashion, affectation and foreign manners",-0.035,B,105,389,The Duchess of Malfi,"Webster, John",2.193,0.021,0.593
tragedy,"Massinger, Philip",62,"The courtier as a type: fashion, affectation and foreign manners",-0.035,B,105,314,"Cynthia's Revenge, or Maenander's Ecstasy","Stephens, John",1.508,0.014,0.407
tragedy,"Massinger, Philip",15,Friars and holy orders in plot,-0.028,A,6,565,"The Bloody Brother (Rollo, Duke of Normandy)","Fletcher, John / Field, Nathan / Massinger, Philip",2.543,0.424,1.0
tragedy,"Massinger, Philip",15,Friars and holy orders in plot,-0.028,B,105,143,Romeo and Juliet,"Shakespeare, William",14.381,0.137,0.303
tragedy,"Massinger, Philip",15,Friars and holy orders in plot,-0.028,B,105,475,The Jew of Malta,"Marlowe, Christopher",10.921,0.104,0.23
tragedy,"Massinger, Philip",15,Friars and holy orders in plot,-0.028,B,105,133,The Massacre at Paris,"Marlowe, Christopher",5.066,0.048,0.107
tragedy,"Massinger, Philip",30,"Constables, justices and the watch",-0.026,B,105,550,"Chabot, Admiral of France","Chapman, George / Shirley, James",2.71,0.026,1.0
tragedy,"Massinger, Philip",55,"Fairies, fairy queens and enchanted desire",-0.02,B,105,143,Romeo and Juliet,"Shakespeare, William",2.051,0.02,1.0
tragedy,"Middleton, Thomas",0,"Court life: dukes, favour and honour",9.051,A,5,253,The Revenger's Tragedy,"Middleton, Thomas",64.942,12.988,1.0
tragedy,"Middleton, Thomas",0,"Court life: dukes, favour and honour",9.051,B,106,478,Love's Sacrifice,"Ford, John",56.393,0.532,0.135
tragedy,"Middleton, Thomas",0,"Court life: dukes, favour and honour",9.051,B,106,498,The Traitor,"Shirley, James",47.509,0.448,0.114
tragedy,"Middleton, Thomas",0,"Court life: dukes, favour and honour",9.051,B,106,573,Love's Cruelty,"Shirley, James",42.287,0.399,0.101
tragedy,"Middleton, Thomas",2,"Roman politics: senate, consuls and civil war",-6.695,B,106,296,Catiline His Conspiracy,"Jonson, Ben",86.131,0.813,0.121
tragedy,"Middleton, Thomas",2,"Roman politics: senate, consuls and civil war",-6.695,B,106,122,"The Wounds of Civil War, or Marius and Scilla","Lodge, Thomas",78.56,0.741,0.111
tragedy,"Middleton, Thomas",2,"Roman politics: senate, consuls and civil war",-6.695,B,106,216,Sejanus His Fall,"Jonson, Ben",65.314,0.616,0.092
tragedy,"Middleton, Thomas",6,"Money, debt and credit",3.094,A,5,402,Timon of Athens,"Shakespeare, William / Middleton, Thomas",14.335,2.867,0.858
tragedy,"Middleton, Thomas",6,"Money, debt and credit",3.094,A,5,253,The Revenger's Tragedy,"Middleton, Thomas",2.375,0.475,0.142
tragedy,"Middleton, Thomas",6,"Money, debt and credit",3.094,B,106,109,Soliman and Perseda (Zulziman),Anonymous,5.999,0.057,0.228
tragedy,"Middleton, Thomas",6,"Money, debt and credit",3.094,B,106,258,A Woman Killed with Kindness,"Heywood, Thomas",5.939,0.056,0.226
tragedy,"Middleton, Thomas",6,"Money, debt and credit",3.094,B,106,249,The Miseries of Enforced Marriage,"Wilkins, George",4.199,0.04,0.16
tragedy,"Middleton, Thomas",7,The Trojan war: conflict and its aftermath,-2.773,B,106,28,Troas (Seneca's Sixth Tragedy),"Heywood, Jasper / Seneca, Lucius Annaeus",96.271,0.908,0.328
tragedy,"Middleton, Thomas",7,The Trojan war: conflict and its aftermath,-2.773,B,106,279,Troilus and Cressida,"Shakespeare, William",55.802,0.526,0.19
tragedy,"Middleton, Thomas",7,The Trojan war: conflict and its aftermath,-2.773,B,106,42,Agamemnon (Seneca's Eighth Tragedy),"Seneca, Lucius Annaeus / Studley, John",42.916,0.405,0.146
tragedy,"Middleton, Thomas",17,"Eastern conquest: Persians, Turks and soldans",-2.513,B,106,94,1 Tamburlaine the Great,"Marlowe, Christopher",70.182,0.662,0.263
tragedy,"Middleton, Thomas",17,"Eastern conquest: Persians, Turks and soldans",-2.513,B,106,131,"The Wars of Cyrus, King of Persia",Anonymous,69.038,0.651,0.259
tragedy,"Middleton, Thomas",17,"Eastern conquest: Persians, Turks and soldans",-2.513,B,106,569,The Phoenix in Her Flames,"Lower, William",37.413,0.353,0.14
tragedy,"Middleton, Thomas",1,"Death, grief and revenge",-2.191,A,5,567,The Bloody Banquet,"Dekker, Thomas / Middleton, Thomas",11.138,2.228,0.481
tragedy,"Middleton, Thomas",1,"Death, grief and revenge",-2.191,A,5,272,A Yorkshire Tragedy,"Middleton, Thomas",8.966,1.793,0.387
tragedy,"Middleton, Thomas",1,"Death, grief and revenge",-2.191,A,5,404,Macbeth,"Shakespeare, William / Middleton, Thomas",3.074,0.615,0.133
tragedy,"Middleton, Thomas",1,"Death, grief and revenge",-2.191,B,106,185,Antonio's Revenge (2 Antonio and Mellida),"Marston, John",35.004,0.33,0.048
tragedy,"Middleton, Thomas",1,"Death, grief and revenge",-2.191,B,106,48,The Interlude of Vice (Orestes),"Pickering, John",25.142,0.237,0.035
tragedy,"Middleton, Thomas",1,"Death, grief and revenge",-2.191,B,106,293,"The Atheist's Tragedy, or The Honest Man's Revenge","Tourneur, Cyril",24.141,0.228,0.033
tragedy,"Middleton, Thomas",27,"Uncles, nephews and cousins: kinship and patronage",1.903,A,5,272,A Yorkshire Tragedy,"Middleton, Thomas",9.867,1.973,1.0
tragedy,"Middleton, Thomas",27,"Uncles, nephews and cousins: kinship and patronage",1.903,B,106,258,A Woman Killed with Kindness,"Heywood, Thomas",3.034,0.029,0.405
tragedy,"Middleton, Thomas",27,"Uncles, nephews and cousins: kinship and patronage",1.903,B,106,478,Love's Sacrifice,"Ford, John",2.469,0.023,0.33
tragedy,"Middleton, Thomas",27,"Uncles, nephews and cousins: kinship and patronage",1.903,B,106,249,The Miseries of Enforced Marriage,"Wilkins, George",1.983,0.019,0.265
tragedy,"Middleton, Thomas",52,"Prodigals, portions and poor kin",1.733,A,5,272,A Yorkshire Tragedy,"Middleton, Thomas",9.584,1.917,1.0
tragedy,"Middleton, Thomas",52,"Prodigals, portions and poor kin",1.733,B,106,249,The Miseries of Enforced Marriage,"Wilkins, George",12.803,0.121,0.659
tragedy,"Middleton, Thomas",52,"Prodigals, portions and poor kin",1.733,B,106,403,Julius Caesar,"Shakespeare, William",2.443,0.023,0.126
tragedy,"Middleton, Thomas",52,"Prodigals, portions and poor kin",1.733,B,106,143,Romeo and Juliet,"Shakespeare, William",2.098,0.02,0.108
tragedy,"Middleton, Thomas",40,"Sin, guilt and violent loss within families",1.709,A,5,272,A Yorkshire Tragedy,"Middleton, Thomas",9.195,1.839,0.787
tragedy,"Middleton, Thomas",40,"Sin, guilt and violent loss within families",1.709,A,5,253,The Revenger's Tragedy,"Middleton, Thomas",2.487,0.497,0.213
tragedy,"Middleton, Thomas",40,"Sin, guilt and violent loss within families",1.709,B,106,182,Two Lamentable Tragedies,"Yarington, Robert",8.208,0.077,0.123
tragedy,"Middleton, Thomas",40,"Sin, guilt and violent loss within families",1.709,B,106,117,Titus Andronicus,"Peele, George / Shakespeare, William",7.893,0.074,0.119
tragedy,"Middleton, Thomas",40,"Sin, guilt and violent loss within families",1.709,B,106,249,The Miseries of Enforced Marriage,"Wilkins, George",6.378,0.06,0.096
tragedy,"Middleton, Thomas",39,"Profit, conscience and dishonest dealing",1.575,A,5,272,A Yorkshire Tragedy,"Middleton, Thomas",8.205,1.641,1.0
tragedy,"Middleton, Thomas",39,"Profit, conscience and dishonest dealing",1.575,B,106,65,Appius and Virginia,"B., R.",7.024,0.066,1.0
tragedy,"Middleton, Thomas",26,"Devils, hell and fiends",1.563,A,5,272,A Yorkshire Tragedy,"Middleton, Thomas",9.036,1.807,1.0
tragedy,"Middleton, Thomas",26,"Devils, hell and fiends",1.563,B,106,205,Doctor Faustus,"Anonymous / Marlowe, Christopher",4.179,0.039,0.162
tragedy,"Middleton, Thomas",26,"Devils, hell and fiends",1.563,B,106,389,The Duchess of Malfi,"Webster, John",4.038,0.038,0.156
tragedy,"Middleton, Thomas",26,"Devils, hell and fiends",1.563,B,106,458,"The Courageous Turk, or Amurath the First","Goffe, Thomas",3.466,0.033,0.134
tragedy,"Middleton, Thomas",34,"Thebes and royal catastrophe: siege, slaughter and funeral rites",-1.388,B,106,450,"Antigone, the Theban Princess","May, Thomas",47.432,0.447,0.322
tragedy,"Middleton, Thomas",34,"Thebes and royal catastrophe: siege, slaughter and funeral rites",-1.388,B,106,79,Thebais (Seneca's Third Tragedy),"Seneca, Lucius Annaeus / Newton, Thomas",35.561,0.335,0.242
tragedy,"Middleton, Thomas",34,"Thebes and royal catastrophe: siege, slaughter and funeral rites",-1.388,B,106,61,Jocasta,"Gascoigne, George / Kinwelmershe, Francis / Yelverton, Christopher / Euripides / Dolce, Lodovico",27.448,0.259,0.187
tragedy,"Middleton, Thomas",20,"Hercules: labours, suffering and virtue",-1.357,B,106,81,Hercules Oetaeus (Hercules on Mount Oeta) (Seneca's Tenth Tragedy),"Seneca, Lucius Annaeus / Studley, John",77.067,0.727,0.536
tragedy,"Middleton, Thomas",20,"Hercules: labours, suffering and virtue",-1.357,B,106,34,Hercules Furens (Mad Hercules) (Seneca's First Tragedy),"Heywood, Jasper / Seneca, Lucius Annaeus",46.938,0.443,0.326
tragedy,"Middleton, Thomas",20,"Hercules: labours, suffering and virtue",-1.357,B,106,44,Medea (Seneca's Seventh Tragedy),"Seneca, Lucius Annaeus / Studley, John",10.352,0.098,0.072
tragedy,"Middleton, Thomas",36,"Hell, Furies and the language of punishment",-1.356,B,106,36,Oedipus (Seneca's Fifth Tragedy),"Seneca, Lucius Annaeus / Neville, Alexander",27.145,0.256,0.189
tragedy,"Middleton, Thomas",36,"Hell, Furies and the language of punishment",-1.356,B,106,29,Thyestes (Seneca's Second Tragedy),"Heywood, Jasper / Seneca, Lucius Annaeus",12.809,0.121,0.089
tragedy,"Middleton, Thomas",36,"Hell, Furies and the language of punishment",-1.356,B,106,485,Orestes,"Goffe, Thomas",10.44,0.098,0.073
tragedy,"Middleton, Thomas",23,"Husbands, wives and jealousy",1.345,A,5,272,A Yorkshire Tragedy,"Middleton, Thomas",8.895,1.779,1.0
tragedy,"Middleton, Thomas",23,"Husbands, wives and jealousy",1.345,B,106,573,Love's Cruelty,"Shirley, James",5.944,0.056,0.129
tragedy,"Middleton, Thomas",23,"Husbands, wives and jealousy",1.345,B,106,379,"Othello, the Moor of Venice","Shakespeare, William",5.603,0.053,0.122
tragedy,"Middleton, Thomas",23,"Husbands, wives and jealousy",1.345,B,106,315,The Insatiate Countess,"Marston, John / Machin, Lewis / Barkstead, William",5.146,0.049,0.112
tragedy,"Middleton, Thomas",16,"Gallantry: ladies, lordships and compliment",1.338,A,5,567,The Bloody Banquet,"Dekker, Thomas / Middleton, Thomas",7.132,1.426,1.0
tragedy,"Middleton, Thomas",16,"Gallantry: ladies, lordships and compliment",1.338,B,106,559,The Unnatural Combat,"Massinger, Philip",5.49,0.052,0.586
tragedy,"Middleton, Thomas",16,"Gallantry: ladies, lordships and compliment",1.338,B,106,478,Love's Sacrifice,"Ford, John",2.341,0.022,0.25
tragedy,"Middleton, Thomas",16,"Gallantry: ladies, lordships and compliment",1.338,B,106,537,The Conspiracy (Pallantus and Eudora),"Killigrew, Henry",1.534,0.014,0.164
tragedy,"Middleton, Thomas",59,"Spanish courts: war, honour and courtship",-1.155,B,106,221,"1 Jeronimo, with the Wars of Portugal",Anonymous,78.081,0.737,0.638
tragedy,"Middleton, Thomas",59,"Spanish courts: war, honour and courtship",-1.155,B,106,490,"The Noble Spanish Soldier (The Noble Soldier, or A Contract Broken Justly Revenged)","Dekker, Thomas",22.286,0.21,0.182
tragedy,"Middleton, Thomas",59,"Spanish courts: war, honour and courtship",-1.155,B,106,471,All's Lost by Lust,"Rowley, William",5.782,0.055,0.047
tragedy,"Middleton, Thomas",18,"Rebels, barons and the king's wars at home",1.034,A,5,404,Macbeth,"Shakespeare, William / Middleton, Thomas",5.948,1.19,1.0
tragedy,"Middleton, Thomas",18,"Rebels, barons and the king's wars at home",1.034,B,106,104,Tancred and Gismund (Gismond of Salerne),"Wilmot, Robert / Hatton, Christopher / Noel, Henry / Al., G. / Stafford, Roderick",3.513,0.033,0.213
tragedy,"Middleton, Thomas",18,"Rebels, barons and the king's wars at home",1.034,B,106,39,Ferrex and Porrex (Gorboduc),"Norton, Thomas / Sackville, Thomas",3.135,0.03,0.19
tragedy,"Middleton, Thomas",18,"Rebels, barons and the king's wars at home",1.034,B,106,510,"The Vow Breaker, or The Fair Maid of Clifton","Sampson, William",2.748,0.026,0.167
tragedy,"Middleton, Thomas",35,"Fools, wit and railing",0.995,A,5,402,Timon of Athens,"Shakespeare, William / Middleton, Thomas",5.641,1.128,1.0
tragedy,"Middleton, Thomas",35,"Fools, wit and railing",0.995,B,106,279,Troilus and Cressida,"Shakespeare, William",7.9,0.075,0.56
tragedy,"Middleton, Thomas",35,"Fools, wit and railing",0.995,B,106,427,The Cruel Brother,"Davenant, William",2.762,0.026,0.196
tragedy,"Middleton, Thomas",35,"Fools, wit and railing",0.995,B,106,401,Coriolanus,"Shakespeare, William",1.953,0.018,0.139
tragedy,"Middleton, Thomas",54,"Antony and Cleopatra: love, death and mourning",-0.96,B,106,108,Antonius (Antony),"Herbert, Mary Sidney / Garnier, Robert / Sidney Herbert, Mary",41.67,0.393,0.41
tragedy,"Middleton, Thomas",54,"Antony and Cleopatra: love, death and mourning",-0.96,B,106,132,Cleopatra,"Daniel, Samuel",30.467,0.287,0.3
tragedy,"Middleton, Thomas",54,"Antony and Cleopatra: love, death and mourning",-0.96,B,106,553,"Cleopatra, Queen of Egypt","May, Thomas",13.759,0.13,0.135
tragedy,"Middleton, Thomas",25,"Kings, power and law: political sententiae",-0.952,A,5,404,Macbeth,"Shakespeare, William / Middleton, Thomas",2.953,0.591,1.0
tragedy,"Middleton, Thomas",25,"Kings, power and law: political sententiae",-0.952,B,106,278,Mustapha,"Greville, Fulke",62.284,0.588,0.381
tragedy,"Middleton, Thomas",25,"Kings, power and law: political sententiae",-0.952,B,106,489,Alaham,"Greville, Fulke",23.603,0.223,0.144
tragedy,"Middleton, Thomas",25,"Kings, power and law: political sententiae",-0.952,B,106,89,The Misfortunes of Arthur (Certain Devices and Shows Presented to Her Majesty),"Hughes, Thomas / Fulbecke, William",10.94,0.103,0.067
tragedy,"Middleton, Thomas",4,Love-longing and the lover's complaint,-0.915,B,106,143,Romeo and Juliet,"Shakespeare, William",12.2,0.115,0.126
tragedy,"Middleton, Thomas",4,Love-longing and the lover's complaint,-0.915,B,106,131,"The Wars of Cyrus, King of Persia",Anonymous,7.897,0.074,0.081
tragedy,"Middleton, Thomas",4,Love-longing and the lover's complaint,-0.915,B,106,231,"The Wonder of Women, or Sophonisba","Marston, John",7.742,0.073,0.08
tragedy,"Middleton, Thomas",11,"Siblings, kin and confidants",-0.793,B,106,562,The Maid's Revenge,"Shirley, James",17.312,0.163,0.206
tragedy,"Middleton, Thomas",11,"Siblings, kin and confidants",-0.793,B,106,357,The Maid's Tragedy,"Beaumont, Francis / Fletcher, John",9.64,0.091,0.115
tragedy,"Middleton, Thomas",11,"Siblings, kin and confidants",-0.793,B,106,471,All's Lost by Lust,"Rowley, William",9.063,0.086,0.108
tragedy,"Middleton, Thomas",10,"England and France: war, embassy and peace",-0.73,B,106,418,"Lodovic Sforza, Duke of Milan","Gomersall, Robert",28.046,0.265,0.362
tragedy,"Middleton, Thomas",10,"England and France: war, embassy and peace",-0.73,B,106,510,"The Vow Breaker, or The Fair Maid of Clifton","Sampson, William",22.345,0.211,0.289
tragedy,"Middleton, Thomas",10,"England and France: war, embassy and peace",-0.73,B,106,275,The Tragedy of Charles Duke of Byron,"Chapman, George",10.796,0.102,0.139
tragedy,"Middleton, Thomas",32,Rings and jewels as tokens,0.644,A,5,567,The Bloody Banquet,"Dekker, Thomas / Middleton, Thomas",3.665,0.733,1.0
tragedy,"Middleton, Thomas",32,Rings and jewels as tokens,0.644,B,106,480,The Broken Heart,"Ford, John",2.653,0.025,0.28
tragedy,"Middleton, Thomas",32,Rings and jewels as tokens,0.644,B,106,478,Love's Sacrifice,"Ford, John",2.42,0.023,0.256
tragedy,"Middleton, Thomas",32,Rings and jewels as tokens,0.644,B,106,180,"The Death of Robert, Earl of Huntingdon (2 Robin Hood)","Munday, Anthony / Chettle, Henry",2.272,0.021,0.24
tragedy,"Middleton, Thomas",60,"Imperial Rome: rulers, favour and political exemplars",-0.6,B,106,380,The Virgin Martyr,"Dekker, Thomas / Massinger, Philip",14.092,0.133,0.222
tragedy,"Middleton, Thomas",60,"Imperial Rome: rulers, favour and political exemplars",-0.6,B,106,578,"Messalina, the Roman Empress","Richards, Nathaniel",13.122,0.124,0.206
tragedy,"Middleton, Thomas",60,"Imperial Rome: rulers, favour and political exemplars",-0.6,B,106,382,Herod and Antipater,"Markham, Gervase / Sampson, William",8.987,0.085,0.141
tragedy,"Middleton, Thomas",51,"Parents and children: blessing, birthright and inheritance",0.548,A,5,404,Macbeth,"Shakespeare, William / Middleton, Thomas",3.214,0.643,1.0
tragedy,"Middleton, Thomas",51,"Parents and children: blessing, birthright and inheritance",0.548,B,106,368,Thierry and Theodoret,"Anonymous / Fletcher, John / Massinger, Philip",2.779,0.026,0.277
tragedy,"Middleton, Thomas",51,"Parents and children: blessing, birthright and inheritance",0.548,B,106,565,"The Bloody Brother (Rollo, Duke of Normandy)","Fletcher, John / Field, Nathan / Massinger, Philip",2.706,0.026,0.269
tragedy,"Middleton, Thomas",51,"Parents and children: blessing, birthright and inheritance",0.548,B,106,510,"The Vow Breaker, or The Fair Maid of Clifton","Sampson, William",2.453,0.023,0.244
tragedy,"Middleton, Thomas",37,"Riches, poverty and covetousness",0.541,A,5,402,Timon of Athens,"Shakespeare, William / Middleton, Thomas",2.962,0.592,1.0
tragedy,"Middleton, Thomas",37,"Riches, poverty and covetousness",0.541,B,106,279,Troilus and Cressida,"Shakespeare, William",2.074,0.02,0.378
tragedy,"Middleton, Thomas",37,"Riches, poverty and covetousness",0.541,B,106,260,The Alexandraean Tragedy,"Alexander, William",1.84,0.017,0.335
tragedy,"Middleton, Thomas",37,"Riches, poverty and covetousness",0.541,B,106,314,"Cynthia's Revenge, or Maenander's Ecstasy","Stephens, John",1.577,0.015,0.287
tragedy,"Middleton, Thomas",38,"Death, parting and grief at court",-0.504,B,106,56,"Cambises, King of Persia","Preston, Thomas",11.234,0.106,0.21
tragedy,"Middleton, Thomas",38,"Death, parting and grief at court",-0.504,B,106,382,Herod and Antipater,"Markham, Gervase / Sampson, William",6.707,0.063,0.126
tragedy,"Middleton, Thomas",38,"Death, parting and grief at court",-0.504,B,106,196,Darius,"Alexander, William",5.837,0.055,0.109
tragedy,"Middleton, Thomas",15,Friars and holy orders in plot,-0.471,B,106,143,Romeo and Juliet,"Shakespeare, William",14.381,0.136,0.288
tragedy,"Middleton, Thomas",15,Friars and holy orders in plot,-0.471,B,106,475,The Jew of Malta,"Marlowe, Christopher",10.921,0.103,0.219
tragedy,"Middleton, Thomas",15,Friars and holy orders in plot,-0.471,B,106,133,The Massacre at Paris,"Marlowe, Christopher",5.066,0.048,0.101
tragedy,"Middleton, Thomas",33,"Fathers, daughters and marriage negotiations",0.407,A,5,253,The Revenger's Tragedy,"Middleton, Thomas",2.4,0.48,1.0
tragedy,"Middleton, Thomas",33,"Fathers, daughters and marriage negotiations",0.407,B,106,471,All's Lost by Lust,"Rowley, William",2.988,0.028,0.384
tragedy,"Middleton, Thomas",33,"Fathers, daughters and marriage negotiations",0.407,B,106,475,The Jew of Malta,"Marlowe, Christopher",2.65,0.025,0.341
tragedy,"Middleton, Thomas",33,"Fathers, daughters and marriage negotiations",0.407,B,106,143,Romeo and Juliet,"Shakespeare, William",2.135,0.02,0.275
tragedy,"Middleton, Thomas",5,"Christian faith, sin and salvation",-0.356,B,106,71,Abraham's Sacrifice,"Golding, Arthur / Beza, Theodore",11.675,0.11,0.31
tragedy,"Middleton, Thomas",5,"Christian faith, sin and salvation",-0.356,B,106,182,Two Lamentable Tragedies,"Yarington, Robert",8.236,0.078,0.218
tragedy,"Middleton, Thomas",5,"Christian faith, sin and salvation",-0.356,B,106,231,"The Wonder of Women, or Sophonisba","Marston, John",4.009,0.038,0.106
tragedy,"Middleton, Thomas",50,"Fleets, armies and generals: war by sea and land",-0.343,B,106,490,"The Noble Spanish Soldier (The Noble Soldier, or A Contract Broken Justly Revenged)","Dekker, Thomas",7.456,0.07,0.205
tragedy,"Middleton, Thomas",50,"Fleets, armies and generals: war by sea and land",-0.343,B,106,405,Antony and Cleopatra,"Shakespeare, William",6.189,0.058,0.17
tragedy,"Middleton, Thomas",50,"Fleets, armies and generals: war by sea and land",-0.343,B,106,95,2 Tamburlaine the Great,"Marlowe, Christopher",2.876,0.027,0.079
tragedy,"Middleton, Thomas",9,"Theatre talk: prologues, poets and players",-0.339,B,106,197,"Hamlet, Prince of Denmark","Shakespeare, William",7.506,0.071,0.209
tragedy,"Middleton, Thomas",9,"Theatre talk: prologues, poets and players",-0.339,B,106,513,Hannibal and Scipio,"Nabbes, Thomas",3.345,0.032,0.093
tragedy,"Middleton, Thomas",9,"Theatre talk: prologues, poets and players",-0.339,B,106,578,"Messalina, the Roman Empress","Richards, Nathaniel",3.231,0.03,0.09
tragedy,"Middleton, Thomas",31,"Popes, cardinals and the crown",-0.328,B,106,133,The Massacre at Paris,"Marlowe, Christopher",15.571,0.147,0.448
tragedy,"Middleton, Thomas",31,"Popes, cardinals and the crown",-0.328,B,106,254,"The Devil's Charter, or Pope Alexander the Sixth","Barnes, Barnabe",8.839,0.083,0.254
tragedy,"Middleton, Thomas",31,"Popes, cardinals and the crown",-0.328,B,106,389,The Duchess of Malfi,"Webster, John",8.343,0.079,0.24
tragedy,"Middleton, Thomas",56,"Magic, spells and conjuring",0.325,A,5,404,Macbeth,"Shakespeare, William / Middleton, Thomas",3.032,0.606,1.0
tragedy,"Middleton, Thomas",56,"Magic, spells and conjuring",0.325,B,106,205,Doctor Faustus,"Anonymous / Marlowe, Christopher",17.702,0.167,0.594
tragedy,"Middleton, Thomas",56,"Magic, spells and conjuring",0.325,B,106,44,Medea (Seneca's Seventh Tragedy),"Seneca, Lucius Annaeus / Studley, John",6.956,0.066,0.233
tragedy,"Middleton, Thomas",56,"Magic, spells and conjuring",0.325,B,106,485,Orestes,"Goffe, Thomas",2.591,0.024,0.087
tragedy,"Middleton, Thomas",12,"Olympian gods: Jupiter, Juno, Venus and Mars",-0.25,B,106,458,"The Courageous Turk, or Amurath the First","Goffe, Thomas",10.081,0.095,0.381
tragedy,"Middleton, Thomas",12,"Olympian gods: Jupiter, Juno, Venus and Mars",-0.25,B,106,380,The Virgin Martyr,"Dekker, Thomas / Massinger, Philip",4.572,0.043,0.173
tragedy,"Middleton, Thomas",12,"Olympian gods: Jupiter, Juno, Venus and Mars",-0.25,B,106,45,Octavia (Seneca's Ninth Tragedy),"Seneca, Lucius Annaeus / Nuce, Thomas / Pseudo-Seneca",4.449,0.042,0.168
tragedy,"Middleton, Thomas",24,"Apollo, Phoebus and the Muses",-0.232,B,106,80,Hippolytus (Seneca's Fourth Tragedy),"Seneca, Lucius Annaeus / Studley, John",10.15,0.096,0.413
tragedy,"Middleton, Thomas",24,"Apollo, Phoebus and the Muses",-0.232,B,106,29,Thyestes (Seneca's Second Tragedy),"Heywood, Jasper / Seneca, Lucius Annaeus",4.007,0.038,0.163
tragedy,"Middleton, Thomas",24,"Apollo, Phoebus and the Muses",-0.232,B,106,42,Agamemnon (Seneca's Eighth Tragedy),"Seneca, Lucius Annaeus / Studley, John",3.505,0.033,0.143
tragedy,"Middleton, Thomas",28,"Marriage-making: weddings, brides and matches",-0.207,B,106,258,A Woman Killed with Kindness,"Heywood, Thomas",6.118,0.058,0.279
tragedy,"Middleton, Thomas",28,"Marriage-making: weddings, brides and matches",-0.207,B,106,136,"Locrine, the Eldest Son of King Brutus","S., W.",3.221,0.03,0.147
tragedy,"Middleton, Thomas",28,"Marriage-making: weddings, brides and matches",-0.207,B,106,471,All's Lost by Lust,"Rowley, William",3.1,0.029,0.142
tragedy,"Middleton, Thomas",8,"Captains, gallants and cheats",-0.205,B,106,368,Thierry and Theodoret,"Anonymous / Fletcher, John / Massinger, Philip",5.354,0.051,0.246
tragedy,"Middleton, Thomas",8,"Captains, gallants and cheats",-0.205,B,106,300,A Christian Turned Turk (The Two Famous Pirates),"Daborne, Robert",5.345,0.05,0.245
tragedy,"Middleton, Thomas",8,"Captains, gallants and cheats",-0.205,B,106,560,Imperiale,"Freeman, Ralph",3.612,0.034,0.166
tragedy,"Middleton, Thomas",21,"Cupid, Venus and the nymphs",-0.183,B,106,56,"Cambises, King of Persia","Preston, Thomas",3.872,0.037,0.199
tragedy,"Middleton, Thomas",21,"Cupid, Venus and the nymphs",-0.183,B,106,80,Hippolytus (Seneca's Fourth Tragedy),"Seneca, Lucius Annaeus / Studley, John",3.553,0.034,0.183
tragedy,"Middleton, Thomas",21,"Cupid, Venus and the nymphs",-0.183,B,106,104,Tancred and Gismund (Gismond of Salerne),"Wilmot, Robert / Hatton, Christopher / Noel, Henry / Al., G. / Stafford, Roderick",3.534,0.033,0.182
tragedy,"Middleton, Thomas",3,"Sickness, physic and doctors",-0.177,A,5,404,Macbeth,"Shakespeare, William / Middleton, Thomas",2.959,0.592,1.0
tragedy,"Middleton, Thomas",3,"Sickness, physic and doctors",-0.177,B,106,562,The Maid's Revenge,"Shirley, James",14.286,0.135,0.175
tragedy,"Middleton, Thomas",3,"Sickness, physic and doctors",-0.177,B,106,205,Doctor Faustus,"Anonymous / Marlowe, Christopher",12.83,0.121,0.158
tragedy,"Middleton, Thomas",3,"Sickness, physic and doctors",-0.177,B,106,389,The Duchess of Malfi,"Webster, John",6.412,0.06,0.079
tragedy,"Middleton, Thomas",22,"Shepherds, flocks and Pan",-0.135,B,106,36,Oedipus (Seneca's Fifth Tragedy),"Seneca, Lucius Annaeus / Neville, Alexander",3.761,0.035,0.263
tragedy,"Middleton, Thomas",22,"Shepherds, flocks and Pan",-0.135,B,106,94,1 Tamburlaine the Great,"Marlowe, Christopher",3.064,0.029,0.214
tragedy,"Middleton, Thomas",22,"Shepherds, flocks and Pan",-0.135,B,106,559,The Unnatural Combat,"Massinger, Philip",2.761,0.026,0.193
tragedy,"Middleton, Thomas",14,"Royal love, favour and dynastic relationships",0.117,A,5,567,The Bloody Banquet,"Dekker, Thomas / Middleton, Thomas",3.46,0.692,1.0
tragedy,"Middleton, Thomas",14,"Royal love, favour and dynastic relationships",0.117,B,106,569,The Phoenix in Her Flames,"Lower, William",12.484,0.118,0.205
tragedy,"Middleton, Thomas",14,"Royal love, favour and dynastic relationships",0.117,B,106,328,Cupid's Revenge,"Beaumont, Francis / Fletcher, John",7.201,0.068,0.118
tragedy,"Middleton, Thomas",14,"Royal love, favour and dynastic relationships",0.117,B,106,537,The Conspiracy (Pallantus and Eudora),"Killigrew, Henry",6.408,0.06,0.105
tragedy,"Middleton, Thomas",44,"Drinking: wine, ale and taverns",-0.117,B,106,510,"The Vow Breaker, or The Fair Maid of Clifton","Sampson, William",2.686,0.025,0.217
tragedy,"Middleton, Thomas",44,"Drinking: wine, ale and taverns",-0.117,B,106,122,"The Wounds of Civil War, or Marius and Scilla","Lodge, Thomas",2.627,0.025,0.213
tragedy,"Middleton, Thomas",44,"Drinking: wine, ale and taverns",-0.117,B,106,565,"The Bloody Brother (Rollo, Duke of Normandy)","Fletcher, John / Field, Nathan / Massinger, Philip",2.596,0.024,0.21
tragedy,"Middleton, Thomas",46,"Swords, quarrels and valour",-0.113,B,106,136,"Locrine, the Eldest Son of King Brutus","S., W.",3.215,0.03,0.268
tragedy,"Middleton, Thomas",46,"Swords, quarrels and valour",-0.113,B,106,368,Thierry and Theodoret,"Anonymous / Fletcher, John / Massinger, Philip",2.648,0.025,0.221
tragedy,"Middleton, Thomas",46,"Swords, quarrels and valour",-0.113,B,106,464,The Fatal Dowry,"Field, Nathan / Massinger, Philip",2.476,0.023,0.207
tragedy,"Middleton, Thomas",47,"Knaves, thieves and bawds",-0.108,B,106,300,A Christian Turned Turk (The Two Famous Pirates),"Daborne, Robert",2.627,0.025,0.23
tragedy,"Middleton, Thomas",47,"Knaves, thieves and bawds",-0.108,B,106,565,"The Bloody Brother (Rollo, Duke of Normandy)","Fletcher, John / Field, Nathan / Massinger, Philip",2.47,0.023,0.216
tragedy,"Middleton, Thomas",47,"Knaves, thieves and bawds",-0.108,B,106,380,The Virgin Martyr,"Dekker, Thomas / Massinger, Philip",2.272,0.021,0.199
tragedy,"Middleton, Thomas",49,"Wooing a mistress: suitors, go-betweens and letters",-0.101,B,106,573,Love's Cruelty,"Shirley, James",5.968,0.056,0.559
tragedy,"Middleton, Thomas",49,"Wooing a mistress: suitors, go-betweens and letters",-0.101,B,106,464,The Fatal Dowry,"Field, Nathan / Massinger, Philip",2.491,0.024,0.233
tragedy,"Middleton, Thomas",49,"Wooing a mistress: suitors, go-betweens and letters",-0.101,B,106,249,The Miseries of Enforced Marriage,"Wilkins, George",2.212,0.021,0.207
tragedy,"Middleton, Thomas",45,"Widows, wooing and remarriage",-0.077,B,106,471,All's Lost by Lust,"Rowley, William",3.225,0.03,0.394
tragedy,"Middleton, Thomas",45,"Widows, wooing and remarriage",-0.077,B,106,328,Cupid's Revenge,"Beaumont, Francis / Fletcher, John",2.492,0.024,0.304
tragedy,"Middleton, Thomas",45,"Widows, wooing and remarriage",-0.077,B,106,315,The Insatiate Countess,"Marston, John / Machin, Lewis / Barkstead, William",2.475,0.023,0.302
tragedy,"Middleton, Thomas",62,"The courtier as a type: fashion, affectation and foreign manners",-0.035,B,106,389,The Duchess of Malfi,"Webster, John",2.193,0.021,0.593
tragedy,"Middleton, Thomas",62,"The courtier as a type: fashion, affectation and foreign manners",-0.035,B,106,314,"Cynthia's Revenge, or Maenander's Ecstasy","Stephens, John",1.508,0.014,0.407
tragedy,"Middleton, Thomas",30,"Constables, justices and the watch",-0.026,B,106,550,"Chabot, Admiral of France","Chapman, George / Shirley, James",2.71,0.026,1.0
tragedy,"Middleton, Thomas",55,"Fairies, fairy queens and enchanted desire",-0.019,B,106,143,Romeo and Juliet,"Shakespeare, William",2.051,0.019,1.0
tragedy,"Seneca, Lucius Annaeus",7,The Trojan war: conflict and its aftermath,16.949,A,9,28,Troas (Seneca's Sixth Tragedy),"Heywood, Jasper / Seneca, Lucius Annaeus",96.271,10.697,0.587
tragedy,"Seneca, Lucius Annaeus",7,The Trojan war: conflict and its aftermath,16.949,A,9,42,Agamemnon (Seneca's Eighth Tragedy),"Seneca, Lucius Annaeus / Studley, John",42.916,4.768,0.262
tragedy,"Seneca, Lucius Annaeus",7,The Trojan war: conflict and its aftermath,16.949,A,9,34,Hercules Furens (Mad Hercules) (Seneca's First Tragedy),"Heywood, Jasper / Seneca, Lucius Annaeus",14.326,1.592,0.087
tragedy,"Seneca, Lucius Annaeus",7,The Trojan war: conflict and its aftermath,16.949,B,101,279,Troilus and Cressida,"Shakespeare, William",55.802,0.552,0.43
tragedy,"Seneca, Lucius Annaeus",7,The Trojan war: conflict and its aftermath,16.949,B,101,128,"Dido, Queen of Carthage","Marlowe, Christopher / Nashe, Thomas",41.022,0.406,0.316
tragedy,"Seneca, Lucius Annaeus",7,The Trojan war: conflict and its aftermath,16.949,B,101,314,"Cynthia's Revenge, or Maenander's Ecstasy","Stephens, John",10.561,0.105,0.081
tragedy,"Seneca, Lucius Annaeus",20,"Hercules: labours, suffering and virtue",15.269,A,9,81,Hercules Oetaeus (Hercules on Mount Oeta) (Seneca's Tenth Tragedy),"Seneca, Lucius Annaeus / Studley, John",77.067,8.563,0.559
tragedy,"Seneca, Lucius Annaeus",20,"Hercules: labours, suffering and virtue",15.269,A,9,34,Hercules Furens (Mad Hercules) (Seneca's First Tragedy),"Heywood, Jasper / Seneca, Lucius Annaeus",46.938,5.215,0.34
tragedy,"Seneca, Lucius Annaeus",20,"Hercules: labours, suffering and virtue",15.269,A,9,44,Medea (Seneca's Seventh Tragedy),"Seneca, Lucius Annaeus / Studley, John",10.352,1.15,0.075
tragedy,"Seneca, Lucius Annaeus",20,"Hercules: labours, suffering and virtue",15.269,B,101,108,Antonius (Antony),"Herbert, Mary Sidney / Garnier, Robert / Sidney Herbert, Mary",3.229,0.032,0.552
tragedy,"Seneca, Lucius Annaeus",20,"Hercules: labours, suffering and virtue",15.269,B,101,599,"Sicily and Naples, or The Fatal Union","Harding, Samuel",2.619,0.026,0.448
tragedy,"Seneca, Lucius Annaeus",36,"Hell, Furies and the language of punishment",7.86,A,9,36,Oedipus (Seneca's Fifth Tragedy),"Seneca, Lucius Annaeus / Neville, Alexander",27.145,3.016,0.356
tragedy,"Seneca, Lucius Annaeus",36,"Hell, Furies and the language of punishment",7.86,A,9,29,Thyestes (Seneca's Second Tragedy),"Heywood, Jasper / Seneca, Lucius Annaeus",12.809,1.423,0.168
tragedy,"Seneca, Lucius Annaeus",36,"Hell, Furies and the language of punishment",7.86,A,9,44,Medea (Seneca's Seventh Tragedy),"Seneca, Lucius Annaeus / Studley, John",10.149,1.128,0.133
tragedy,"Seneca, Lucius Annaeus",36,"Hell, Furies and the language of punishment",7.86,B,101,485,Orestes,"Goffe, Thomas",10.44,0.103,0.166
tragedy,"Seneca, Lucius Annaeus",36,"Hell, Furies and the language of punishment",7.86,B,101,450,"Antigone, the Theban Princess","May, Thomas",8.466,0.084,0.135
tragedy,"Seneca, Lucius Annaeus",36,"Hell, Furies and the language of punishment",7.86,B,101,458,"The Courageous Turk, or Amurath the First","Goffe, Thomas",6.843,0.068,0.109
tragedy,"Seneca, Lucius Annaeus",2,"Roman politics: senate, consuls and civil war",-6.941,B,101,296,Catiline His Conspiracy,"Jonson, Ben",86.131,0.853,0.123
tragedy,"Seneca, Lucius Annaeus",2,"Roman politics: senate, consuls and civil war",-6.941,B,101,122,"The Wounds of Civil War, or Marius and Scilla","Lodge, Thomas",78.56,0.778,0.112
tragedy,"Seneca, Lucius Annaeus",2,"Roman politics: senate, consuls and civil war",-6.941,B,101,216,Sejanus His Fall,"Jonson, Ben",65.314,0.647,0.093
tragedy,"Seneca, Lucius Annaeus",0,"Court life: dukes, favour and honour",-4.776,B,101,253,The Revenger's Tragedy,"Middleton, Thomas",64.942,0.643,0.135
tragedy,"Seneca, Lucius Annaeus",0,"Court life: dukes, favour and honour",-4.776,B,101,478,Love's Sacrifice,"Ford, John",56.393,0.558,0.117
tragedy,"Seneca, Lucius Annaeus",0,"Court life: dukes, favour and honour",-4.776,B,101,498,The Traitor,"Shirley, James",47.509,0.47,0.098
tragedy,"Seneca, Lucius Annaeus",34,"Thebes and royal catastrophe: siege, slaughter and funeral rites",4.622,A,9,79,Thebais (Seneca's Third Tragedy),"Seneca, Lucius Annaeus / Newton, Thomas",35.561,3.951,0.708
tragedy,"Seneca, Lucius Annaeus",34,"Thebes and royal catastrophe: siege, slaughter and funeral rites",4.622,A,9,34,Hercules Furens (Mad Hercules) (Seneca's First Tragedy),"Heywood, Jasper / Seneca, Lucius Annaeus",6.8,0.756,0.135
tragedy,"Seneca, Lucius Annaeus",34,"Thebes and royal catastrophe: siege, slaughter and funeral rites",4.622,A,9,29,Thyestes (Seneca's Second Tragedy),"Heywood, Jasper / Seneca, Lucius Annaeus",4.055,0.451,0.081
tragedy,"Seneca, Lucius Annaeus",34,"Thebes and royal catastrophe: siege, slaughter and funeral rites",4.622,B,101,450,"Antigone, the Theban Princess","May, Thomas",47.432,0.47,0.49
tragedy,"Seneca, Lucius Annaeus",34,"Thebes and royal catastrophe: siege, slaughter and funeral rites",4.622,B,101,61,Jocasta,"Gascoigne, George / Kinwelmershe, Francis / Yelverton, Christopher / Euripides / Dolce, Lodovico",27.448,0.272,0.283
tragedy,"Seneca, Lucius Annaeus",34,"Thebes and royal catastrophe: siege, slaughter and funeral rites",4.622,B,101,553,"Cleopatra, Queen of Egypt","May, Thomas",6.862,0.068,0.071
tragedy,"Seneca, Lucius Annaeus",1,"Death, grief and revenge",-3.72,A,9,44,Medea (Seneca's Seventh Tragedy),"Seneca, Lucius Annaeus / Studley, John",10.208,1.134,0.336
tragedy,"Seneca, Lucius Annaeus",1,"Death, grief and revenge",-3.72,A,9,29,Thyestes (Seneca's Second Tragedy),"Heywood, Jasper / Seneca, Lucius Annaeus",8.379,0.931,0.276
tragedy,"Seneca, Lucius Annaeus",1,"Death, grief and revenge",-3.72,A,9,79,Thebais (Seneca's Third Tragedy),"Seneca, Lucius Annaeus / Newton, Thomas",4.387,0.487,0.145
tragedy,"Seneca, Lucius Annaeus",1,"Death, grief and revenge",-3.72,B,101,185,Antonio's Revenge (2 Antonio and Mellida),"Marston, John",35.004,0.347,0.049
tragedy,"Seneca, Lucius Annaeus",1,"Death, grief and revenge",-3.72,B,101,48,The Interlude of Vice (Orestes),"Pickering, John",25.142,0.249,0.035
tragedy,"Seneca, Lucius Annaeus",1,"Death, grief and revenge",-3.72,B,101,293,"The Atheist's Tragedy, or The Honest Man's Revenge","Tourneur, Cyril",24.141,0.239,0.034
tragedy,"Seneca, Lucius Annaeus",17,"Eastern conquest: Persians, Turks and soldans",-2.638,B,101,94,1 Tamburlaine the Great,"Marlowe, Christopher",70.182,0.695,0.263
tragedy,"Seneca, Lucius Annaeus",17,"Eastern conquest: Persians, Turks and soldans",-2.638,B,101,131,"The Wars of Cyrus, King of Persia",Anonymous,69.038,0.684,0.259
tragedy,"Seneca, Lucius Annaeus",17,"Eastern conquest: Persians, Turks and soldans",-2.638,B,101,569,The Phoenix in Her Flames,"Lower, William",37.413,0.37,0.14
tragedy,"Seneca, Lucius Annaeus",24,"Apollo, Phoebus and the Muses",1.894,A,9,80,Hippolytus (Seneca's Fourth Tragedy),"Seneca, Lucius Annaeus / Studley, John",10.15,1.128,0.575
tragedy,"Seneca, Lucius Annaeus",24,"Apollo, Phoebus and the Muses",1.894,A,9,29,Thyestes (Seneca's Second Tragedy),"Heywood, Jasper / Seneca, Lucius Annaeus",4.007,0.445,0.227
tragedy,"Seneca, Lucius Annaeus",24,"Apollo, Phoebus and the Muses",1.894,A,9,42,Agamemnon (Seneca's Eighth Tragedy),"Seneca, Lucius Annaeus / Studley, John",3.505,0.389,0.198
tragedy,"Seneca, Lucius Annaeus",24,"Apollo, Phoebus and the Muses",1.894,B,101,410,Nero (Piso's Conspiracy),Anonymous,2.704,0.027,0.391
tragedy,"Seneca, Lucius Annaeus",24,"Apollo, Phoebus and the Muses",1.894,B,101,61,Jocasta,"Gascoigne, George / Kinwelmershe, Francis / Yelverton, Christopher / Euripides / Dolce, Lodovico",2.21,0.022,0.319
tragedy,"Seneca, Lucius Annaeus",24,"Apollo, Phoebus and the Muses",1.894,B,101,306,The White Devil (Vittoria Corombona),"Webster, John",2.008,0.02,0.29
tragedy,"Seneca, Lucius Annaeus",59,"Spanish courts: war, honour and courtship",-1.212,B,101,221,"1 Jeronimo, with the Wars of Portugal",Anonymous,78.081,0.773,0.638
tragedy,"Seneca, Lucius Annaeus",59,"Spanish courts: war, honour and courtship",-1.212,B,101,490,"The Noble Spanish Soldier (The Noble Soldier, or A Contract Broken Justly Revenged)","Dekker, Thomas",22.286,0.221,0.182
tragedy,"Seneca, Lucius Annaeus",59,"Spanish courts: war, honour and courtship",-1.212,B,101,471,All's Lost by Lust,"Rowley, William",5.782,0.057,0.047
tragedy,"Seneca, Lucius Annaeus",54,"Antony and Cleopatra: love, death and mourning",-1.007,B,101,108,Antonius (Antony),"Herbert, Mary Sidney / Garnier, Robert / Sidney Herbert, Mary",41.67,0.413,0.41
tragedy,"Seneca, Lucius Annaeus",54,"Antony and Cleopatra: love, death and mourning",-1.007,B,101,132,Cleopatra,"Daniel, Samuel",30.467,0.302,0.3
tragedy,"Seneca, Lucius Annaeus",54,"Antony and Cleopatra: love, death and mourning",-1.007,B,101,553,"Cleopatra, Queen of Egypt","May, Thomas",13.759,0.136,0.135
tragedy,"Seneca, Lucius Annaeus",4,Love-longing and the lover's complaint,-0.96,B,101,143,Romeo and Juliet,"Shakespeare, William",12.2,0.121,0.126
tragedy,"Seneca, Lucius Annaeus",4,Love-longing and the lover's complaint,-0.96,B,101,131,"The Wars of Cyrus, King of Persia",Anonymous,7.897,0.078,0.081
tragedy,"Seneca, Lucius Annaeus",4,Love-longing and the lover's complaint,-0.96,B,101,231,"The Wonder of Women, or Sophonisba","Marston, John",7.742,0.077,0.08
tragedy,"Seneca, Lucius Annaeus",3,"Sickness, physic and doctors",-0.836,B,101,562,The Maid's Revenge,"Shirley, James",14.286,0.141,0.169
tragedy,"Seneca, Lucius Annaeus",3,"Sickness, physic and doctors",-0.836,B,101,205,Doctor Faustus,"Anonymous / Marlowe, Christopher",12.83,0.127,0.152
tragedy,"Seneca, Lucius Annaeus",3,"Sickness, physic and doctors",-0.836,B,101,389,The Duchess of Malfi,"Webster, John",6.412,0.063,0.076
tragedy,"Seneca, Lucius Annaeus",11,"Siblings, kin and confidants",-0.833,B,101,562,The Maid's Revenge,"Shirley, James",17.312,0.171,0.206
tragedy,"Seneca, Lucius Annaeus",11,"Siblings, kin and confidants",-0.833,B,101,357,The Maid's Tragedy,"Beaumont, Francis / Fletcher, John",9.64,0.095,0.115
tragedy,"Seneca, Lucius Annaeus",11,"Siblings, kin and confidants",-0.833,B,101,471,All's Lost by Lust,"Rowley, William",9.063,0.09,0.108
tragedy,"Seneca, Lucius Annaeus",10,"England and France: war, embassy and peace",-0.767,B,101,418,"Lodovic Sforza, Duke of Milan","Gomersall, Robert",28.046,0.278,0.362
tragedy,"Seneca, Lucius Annaeus",10,"England and France: war, embassy and peace",-0.767,B,101,510,"The Vow Breaker, or The Fair Maid of Clifton","Sampson, William",22.345,0.221,0.289
tragedy,"Seneca, Lucius Annaeus",10,"England and France: war, embassy and peace",-0.767,B,101,275,The Tragedy of Charles Duke of Byron,"Chapman, George",10.796,0.107,0.139
tragedy,"Seneca, Lucius Annaeus",14,"Royal love, favour and dynastic relationships",-0.638,B,101,569,The Phoenix in Her Flames,"Lower, William",12.484,0.124,0.194
tragedy,"Seneca, Lucius Annaeus",14,"Royal love, favour and dynastic relationships",-0.638,B,101,328,Cupid's Revenge,"Beaumont, Francis / Fletcher, John",7.201,0.071,0.112
tragedy,"Seneca, Lucius Annaeus",14,"Royal love, favour and dynastic relationships",-0.638,B,101,537,The Conspiracy (Pallantus and Eudora),"Killigrew, Henry",6.408,0.063,0.099
tragedy,"Seneca, Lucius Annaeus",60,"Imperial Rome: rulers, favour and political exemplars",-0.63,B,101,380,The Virgin Martyr,"Dekker, Thomas / Massinger, Philip",14.092,0.14,0.222
tragedy,"Seneca, Lucius Annaeus",60,"Imperial Rome: rulers, favour and political exemplars",-0.63,B,101,578,"Messalina, the Roman Empress","Richards, Nathaniel",13.122,0.13,0.206
tragedy,"Seneca, Lucius Annaeus",60,"Imperial Rome: rulers, favour and political exemplars",-0.63,B,101,382,Herod and Antipater,"Markham, Gervase / Sampson, William",8.987,0.089,0.141
tragedy,"Seneca, Lucius Annaeus",23,"Husbands, wives and jealousy",-0.544,B,101,272,A Yorkshire Tragedy,"Middleton, Thomas",8.895,0.088,0.162
tragedy,"Seneca, Lucius Annaeus",23,"Husbands, wives and jealousy",-0.544,B,101,573,Love's Cruelty,"Shirley, James",5.944,0.059,0.108
tragedy,"Seneca, Lucius Annaeus",23,"Husbands, wives and jealousy",-0.544,B,101,379,"Othello, the Moor of Venice","Shakespeare, William",5.603,0.055,0.102
tragedy,"Seneca, Lucius Annaeus",56,"Magic, spells and conjuring",0.517,A,9,44,Medea (Seneca's Seventh Tragedy),"Seneca, Lucius Annaeus / Studley, John",6.956,0.773,1.0
tragedy,"Seneca, Lucius Annaeus",56,"Magic, spells and conjuring",0.517,B,101,205,Doctor Faustus,"Anonymous / Marlowe, Christopher",17.702,0.175,0.684
tragedy,"Seneca, Lucius Annaeus",56,"Magic, spells and conjuring",0.517,B,101,404,Macbeth,"Shakespeare, William / Middleton, Thomas",3.032,0.03,0.117
tragedy,"Seneca, Lucius Annaeus",56,"Magic, spells and conjuring",0.517,B,101,485,Orestes,"Goffe, Thomas",2.591,0.026,0.1
tragedy,"Seneca, Lucius Annaeus",15,Friars and holy orders in plot,-0.495,B,101,143,Romeo and Juliet,"Shakespeare, William",14.381,0.142,0.288
tragedy,"Seneca, Lucius Annaeus",15,Friars and holy orders in plot,-0.495,B,101,475,The Jew of Malta,"Marlowe, Christopher",10.921,0.108,0.219
tragedy,"Seneca, Lucius Annaeus",15,Friars and holy orders in plot,-0.495,B,101,133,The Massacre at Paris,"Marlowe, Christopher",5.066,0.05,0.101
tragedy,"Seneca, Lucius Annaeus",6,"Money, debt and credit",-0.426,B,101,402,Timon of Athens,"Shakespeare, William / Middleton, Thomas",14.335,0.142,0.334
tragedy,"Seneca, Lucius Annaeus",6,"Money, debt and credit",-0.426,B,101,109,Soliman and Perseda (Zulziman),Anonymous,5.999,0.059,0.14
tragedy,"Seneca, Lucius Annaeus",6,"Money, debt and credit",-0.426,B,101,258,A Woman Killed with Kindness,"Heywood, Thomas",5.939,0.059,0.138
tragedy,"Seneca, Lucius Annaeus",5,"Christian faith, sin and salvation",-0.373,B,101,71,Abraham's Sacrifice,"Golding, Arthur / Beza, Theodore",11.675,0.116,0.31
tragedy,"Seneca, Lucius Annaeus",5,"Christian faith, sin and salvation",-0.373,B,101,182,Two Lamentable Tragedies,"Yarington, Robert",8.236,0.082,0.218
tragedy,"Seneca, Lucius Annaeus",5,"Christian faith, sin and salvation",-0.373,B,101,231,"The Wonder of Women, or Sophonisba","Marston, John",4.009,0.04,0.106
tragedy,"Seneca, Lucius Annaeus",50,"Fleets, armies and generals: war by sea and land",-0.36,B,101,490,"The Noble Spanish Soldier (The Noble Soldier, or A Contract Broken Justly Revenged)","Dekker, Thomas",7.456,0.074,0.205
tragedy,"Seneca, Lucius Annaeus",50,"Fleets, armies and generals: war by sea and land",-0.36,B,101,405,Antony and Cleopatra,"Shakespeare, William",6.189,0.061,0.17
tragedy,"Seneca, Lucius Annaeus",50,"Fleets, armies and generals: war by sea and land",-0.36,B,101,95,2 Tamburlaine the Great,"Marlowe, Christopher",2.876,0.028,0.079
tragedy,"Seneca, Lucius Annaeus",9,"Theatre talk: prologues, poets and players",-0.356,B,101,197,"Hamlet, Prince of Denmark","Shakespeare, William",7.506,0.074,0.209
tragedy,"Seneca, Lucius Annaeus",9,"Theatre talk: prologues, poets and players",-0.356,B,101,513,Hannibal and Scipio,"Nabbes, Thomas",3.345,0.033,0.093
tragedy,"Seneca, Lucius Annaeus",9,"Theatre talk: prologues, poets and players",-0.356,B,101,578,"Messalina, the Roman Empress","Richards, Nathaniel",3.231,0.032,0.09
tragedy,"Seneca, Lucius Annaeus",26,"Devils, hell and fiends",-0.346,B,101,272,A Yorkshire Tragedy,"Middleton, Thomas",9.036,0.089,0.259
tragedy,"Seneca, Lucius Annaeus",26,"Devils, hell and fiends",-0.346,B,101,205,Doctor Faustus,"Anonymous / Marlowe, Christopher",4.179,0.041,0.12
tragedy,"Seneca, Lucius Annaeus",26,"Devils, hell and fiends",-0.346,B,101,389,The Duchess of Malfi,"Webster, John",4.038,0.04,0.116
tragedy,"Seneca, Lucius Annaeus",31,"Popes, cardinals and the crown",-0.344,B,101,133,The Massacre at Paris,"Marlowe, Christopher",15.571,0.154,0.448
tragedy,"Seneca, Lucius Annaeus",31,"Popes, cardinals and the crown",-0.344,B,101,254,"The Devil's Charter, or Pope Alexander the Sixth","Barnes, Barnabe",8.839,0.088,0.254
tragedy,"Seneca, Lucius Annaeus",31,"Popes, cardinals and the crown",-0.344,B,101,389,The Duchess of Malfi,"Webster, John",8.343,0.083,0.24
tragedy,"Seneca, Lucius Annaeus",22,"Shepherds, flocks and Pan",0.313,A,9,36,Oedipus (Seneca's Fifth Tragedy),"Seneca, Lucius Annaeus / Neville, Alexander",3.761,0.418,1.0
tragedy,"Seneca, Lucius Annaeus",22,"Shepherds, flocks and Pan",0.313,B,101,94,1 Tamburlaine the Great,"Marlowe, Christopher",3.064,0.03,0.29
tragedy,"Seneca, Lucius Annaeus",22,"Shepherds, flocks and Pan",0.313,B,101,559,The Unnatural Combat,"Massinger, Philip",2.761,0.027,0.261
tragedy,"Seneca, Lucius Annaeus",22,"Shepherds, flocks and Pan",0.313,B,101,182,Two Lamentable Tragedies,"Yarington, Robert",2.652,0.026,0.251
tragedy,"Seneca, Lucius Annaeus",52,"Prodigals, portions and poor kin",-0.287,B,101,249,The Miseries of Enforced Marriage,"Wilkins, George",12.803,0.127,0.441
tragedy,"Seneca, Lucius Annaeus",52,"Prodigals, portions and poor kin",-0.287,B,101,272,A Yorkshire Tragedy,"Middleton, Thomas",9.584,0.095,0.33
tragedy,"Seneca, Lucius Annaeus",52,"Prodigals, portions and poor kin",-0.287,B,101,403,Julius Caesar,"Shakespeare, William",2.443,0.024,0.084
tragedy,"Seneca, Lucius Annaeus",40,"Sin, guilt and violent loss within families",-0.25,A,9,29,Thyestes (Seneca's Second Tragedy),"Heywood, Jasper / Seneca, Lucius Annaeus",3.974,0.442,1.0
tragedy,"Seneca, Lucius Annaeus",40,"Sin, guilt and violent loss within families",-0.25,B,101,272,A Yorkshire Tragedy,"Middleton, Thomas",9.195,0.091,0.132
tragedy,"Seneca, Lucius Annaeus",40,"Sin, guilt and violent loss within families",-0.25,B,101,182,Two Lamentable Tragedies,"Yarington, Robert",8.208,0.081,0.117
tragedy,"Seneca, Lucius Annaeus",40,"Sin, guilt and violent loss within families",-0.25,B,101,117,Titus Andronicus,"Peele, George / Shakespeare, William",7.893,0.078,0.113
tragedy,"Seneca, Lucius Annaeus",21,"Cupid, Venus and the nymphs",0.238,A,9,80,Hippolytus (Seneca's Fourth Tragedy),"Seneca, Lucius Annaeus / Studley, John",3.553,0.395,1.0
tragedy,"Seneca, Lucius Annaeus",21,"Cupid, Venus and the nymphs",0.238,B,101,56,"Cambises, King of Persia","Preston, Thomas",3.872,0.038,0.244
tragedy,"Seneca, Lucius Annaeus",21,"Cupid, Venus and the nymphs",0.238,B,101,104,Tancred and Gismund (Gismond of Salerne),"Wilmot, Robert / Hatton, Christopher / Noel, Henry / Al., G. / Stafford, Roderick",3.534,0.035,0.223
tragedy,"Seneca, Lucius Annaeus",21,"Cupid, Venus and the nymphs",0.238,B,101,578,"Messalina, the Roman Empress","Richards, Nathaniel",3.193,0.032,0.201
tragedy,"Seneca, Lucius Annaeus",18,"Rebels, barons and the king's wars at home",-0.222,B,101,404,Macbeth,"Shakespeare, William / Middleton, Thomas",5.948,0.059,0.265
tragedy,"Seneca, Lucius Annaeus",18,"Rebels, barons and the king's wars at home",-0.222,B,101,104,Tancred and Gismund (Gismond of Salerne),"Wilmot, Robert / Hatton, Christopher / Noel, Henry / Al., G. / Stafford, Roderick",3.513,0.035,0.157
tragedy,"Seneca, Lucius Annaeus",18,"Rebels, barons and the king's wars at home",-0.222,B,101,39,Ferrex and Porrex (Gorboduc),"Norton, Thomas / Sackville, Thomas",3.135,0.031,0.14
tragedy,"Seneca, Lucius Annaeus",12,"Olympian gods: Jupiter, Juno, Venus and Mars",-0.218,B,101,458,"The Courageous Turk, or Amurath the First","Goffe, Thomas",10.081,0.1,0.457
tragedy,"Seneca, Lucius Annaeus",12,"Olympian gods: Jupiter, Juno, Venus and Mars",-0.218,B,101,380,The Virgin Martyr,"Dekker, Thomas / Massinger, Philip",4.572,0.045,0.207
tragedy,"Seneca, Lucius Annaeus",12,"Olympian gods: Jupiter, Juno, Venus and Mars",-0.218,B,101,128,"Dido, Queen of Carthage","Marlowe, Christopher / Nashe, Thomas",3.545,0.035,0.161
tragedy,"Seneca, Lucius Annaeus",28,"Marriage-making: weddings, brides and matches",-0.217,B,101,258,A Woman Killed with Kindness,"Heywood, Thomas",6.118,0.061,0.279
tragedy,"Seneca, Lucius Annaeus",28,"Marriage-making: weddings, brides and matches",-0.217,B,101,136,"Locrine, the Eldest Son of King Brutus","S., W.",3.221,0.032,0.147
tragedy,"Seneca, Lucius Annaeus",28,"Marriage-making: weddings, brides and matches",-0.217,B,101,471,All's Lost by Lust,"Rowley, William",3.1,0.031,0.142
tragedy,"Seneca, Lucius Annaeus",8,"Captains, gallants and cheats",-0.216,B,101,368,Thierry and Theodoret,"Anonymous / Fletcher, John / Massinger, Philip",5.354,0.053,0.246
tragedy,"Seneca, Lucius Annaeus",8,"Captains, gallants and cheats",-0.216,B,101,300,A Christian Turned Turk (The Two Famous Pirates),"Daborne, Robert",5.345,0.053,0.245
tragedy,"Seneca, Lucius Annaeus",8,"Captains, gallants and cheats",-0.216,B,101,560,Imperiale,"Freeman, Ralph",3.612,0.036,0.166
tragedy,"Seneca, Lucius Annaeus",35,"Fools, wit and railing",-0.195,B,101,279,Troilus and Cressida,"Shakespeare, William",7.9,0.078,0.4
tragedy,"Seneca, Lucius Annaeus",35,"Fools, wit and railing",-0.195,B,101,402,Timon of Athens,"Shakespeare, William / Middleton, Thomas",5.641,0.056,0.286
tragedy,"Seneca, Lucius Annaeus",35,"Fools, wit and railing",-0.195,B,101,427,The Cruel Brother,"Davenant, William",2.762,0.027,0.14
tragedy,"Seneca, Lucius Annaeus",27,"Uncles, nephews and cousins: kinship and patronage",-0.172,B,101,272,A Yorkshire Tragedy,"Middleton, Thomas",9.867,0.098,0.569
tragedy,"Seneca, Lucius Annaeus",27,"Uncles, nephews and cousins: kinship and patronage",-0.172,B,101,258,A Woman Killed with Kindness,"Heywood, Thomas",3.034,0.03,0.175
tragedy,"Seneca, Lucius Annaeus",27,"Uncles, nephews and cousins: kinship and patronage",-0.172,B,101,478,Love's Sacrifice,"Ford, John",2.469,0.024,0.142
tragedy,"Seneca, Lucius Annaeus",16,"Gallantry: ladies, lordships and compliment",-0.163,B,101,567,The Bloody Banquet,"Dekker, Thomas / Middleton, Thomas",7.132,0.071,0.432
tragedy,"Seneca, Lucius Annaeus",16,"Gallantry: ladies, lordships and compliment",-0.163,B,101,559,The Unnatural Combat,"Massinger, Philip",5.49,0.054,0.333
tragedy,"Seneca, Lucius Annaeus",16,"Gallantry: ladies, lordships and compliment",-0.163,B,101,478,Love's Sacrifice,"Ford, John",2.341,0.023,0.142
tragedy,"Seneca, Lucius Annaeus",39,"Profit, conscience and dishonest dealing",-0.151,B,101,272,A Yorkshire Tragedy,"Middleton, Thomas",8.205,0.081,0.539
tragedy,"Seneca, Lucius Annaeus",39,"Profit, conscience and dishonest dealing",-0.151,B,101,65,Appius and Virginia,"B., R.",7.024,0.07,0.461
tragedy,"Seneca, Lucius Annaeus",51,"Parents and children: blessing, birthright and inheritance",-0.131,B,101,404,Macbeth,"Shakespeare, William / Middleton, Thomas",3.214,0.032,0.242
tragedy,"Seneca, Lucius Annaeus",51,"Parents and children: blessing, birthright and inheritance",-0.131,B,101,368,Thierry and Theodoret,"Anonymous / Fletcher, John / Massinger, Philip",2.779,0.028,0.21
tragedy,"Seneca, Lucius Annaeus",51,"Parents and children: blessing, birthright and inheritance",-0.131,B,101,565,"The Bloody Brother (Rollo, Duke of Normandy)","Fletcher, John / Field, Nathan / Massinger, Philip",2.706,0.027,0.204
tragedy,"Seneca, Lucius Annaeus",32,Rings and jewels as tokens,-0.13,B,101,567,The Bloody Banquet,"Dekker, Thomas / Middleton, Thomas",3.665,0.036,0.279
tragedy,"Seneca, Lucius Annaeus",32,Rings and jewels as tokens,-0.13,B,101,480,The Broken Heart,"Ford, John",2.653,0.026,0.202
tragedy,"Seneca, Lucius Annaeus",32,Rings and jewels as tokens,-0.13,B,101,478,Love's Sacrifice,"Ford, John",2.42,0.024,0.184
tragedy,"Seneca, Lucius Annaeus",25,"Kings, power and law: political sententiae",-0.124,A,9,36,Oedipus (Seneca's Fifth Tragedy),"Seneca, Lucius Annaeus / Neville, Alexander",7.732,0.859,0.632
tragedy,"Seneca, Lucius Annaeus",25,"Kings, power and law: political sententiae",-0.124,A,9,29,Thyestes (Seneca's Second Tragedy),"Heywood, Jasper / Seneca, Lucius Annaeus",4.503,0.5,0.368
tragedy,"Seneca, Lucius Annaeus",25,"Kings, power and law: political sententiae",-0.124,B,101,278,Mustapha,"Greville, Fulke",62.284,0.617,0.416
tragedy,"Seneca, Lucius Annaeus",25,"Kings, power and law: political sententiae",-0.124,B,101,489,Alaham,"Greville, Fulke",23.603,0.234,0.157
tragedy,"Seneca, Lucius Annaeus",25,"Kings, power and law: political sententiae",-0.124,B,101,89,The Misfortunes of Arthur (Certain Devices and Shows Presented to Her Majesty),"Hughes, Thomas / Fulbecke, William",10.94,0.108,0.073
tragedy,"Seneca, Lucius Annaeus",44,"Drinking: wine, ale and taverns",-0.122,B,101,510,"The Vow Breaker, or The Fair Maid of Clifton","Sampson, William",2.686,0.027,0.217
tragedy,"Seneca, Lucius Annaeus",44,"Drinking: wine, ale and taverns",-0.122,B,101,122,"The Wounds of Civil War, or Marius and Scilla","Lodge, Thomas",2.627,0.026,0.213
tragedy,"Seneca, Lucius Annaeus",44,"Drinking: wine, ale and taverns",-0.122,B,101,565,"The Bloody Brother (Rollo, Duke of Normandy)","Fletcher, John / Field, Nathan / Massinger, Philip",2.596,0.026,0.21
tragedy,"Seneca, Lucius Annaeus",46,"Swords, quarrels and valour",-0.119,B,101,136,"Locrine, the Eldest Son of King Brutus","S., W.",3.215,0.032,0.268
tragedy,"Seneca, Lucius Annaeus",46,"Swords, quarrels and valour",-0.119,B,101,368,Thierry and Theodoret,"Anonymous / Fletcher, John / Massinger, Philip",2.648,0.026,0.221
tragedy,"Seneca, Lucius Annaeus",46,"Swords, quarrels and valour",-0.119,B,101,464,The Fatal Dowry,"Field, Nathan / Massinger, Philip",2.476,0.025,0.207
tragedy,"Seneca, Lucius Annaeus",47,"Knaves, thieves and bawds",-0.113,B,101,300,A Christian Turned Turk (The Two Famous Pirates),"Daborne, Robert",2.627,0.026,0.23
tragedy,"Seneca, Lucius Annaeus",47,"Knaves, thieves and bawds",-0.113,B,101,565,"The Bloody Brother (Rollo, Duke of Normandy)","Fletcher, John / Field, Nathan / Massinger, Philip",2.47,0.024,0.216
tragedy,"Seneca, Lucius Annaeus",47,"Knaves, thieves and bawds",-0.113,B,101,380,The Virgin Martyr,"Dekker, Thomas / Massinger, Philip",2.272,0.022,0.199
tragedy,"Seneca, Lucius Annaeus",49,"Wooing a mistress: suitors, go-betweens and letters",-0.106,B,101,573,Love's Cruelty,"Shirley, James",5.968,0.059,0.559
tragedy,"Seneca, Lucius Annaeus",49,"Wooing a mistress: suitors, go-betweens and letters",-0.106,B,101,464,The Fatal Dowry,"Field, Nathan / Massinger, Philip",2.491,0.025,0.233
tragedy,"Seneca, Lucius Annaeus",49,"Wooing a mistress: suitors, go-betweens and letters",-0.106,B,101,249,The Miseries of Enforced Marriage,"Wilkins, George",2.212,0.022,0.207
tragedy,"Seneca, Lucius Annaeus",33,"Fathers, daughters and marriage negotiations",-0.101,B,101,471,All's Lost by Lust,"Rowley, William",2.988,0.03,0.294
tragedy,"Seneca, Lucius Annaeus",33,"Fathers, daughters and marriage negotiations",-0.101,B,101,475,The Jew of Malta,"Marlowe, Christopher",2.65,0.026,0.26
tragedy,"Seneca, Lucius Annaeus",33,"Fathers, daughters and marriage negotiations",-0.101,B,101,253,The Revenger's Tragedy,"Middleton, Thomas",2.4,0.024,0.236
tragedy,"Seneca, Lucius Annaeus",37,"Riches, poverty and covetousness",-0.084,B,101,402,Timon of Athens,"Shakespeare, William / Middleton, Thomas",2.962,0.029,0.35
tragedy,"Seneca, Lucius Annaeus",37,"Riches, poverty and covetousness",-0.084,B,101,279,Troilus and Cressida,"Shakespeare, William",2.074,0.021,0.245
tragedy,"Seneca, Lucius Annaeus",37,"Riches, poverty and covetousness",-0.084,B,101,260,The Alexandraean Tragedy,"Alexander, William",1.84,0.018,0.218
tragedy,"Seneca, Lucius Annaeus",38,"Death, parting and grief at court",-0.081,A,9,80,Hippolytus (Seneca's Fourth Tragedy),"Seneca, Lucius Annaeus / Studley, John",3.699,0.411,1.0
tragedy,"Seneca, Lucius Annaeus",38,"Death, parting and grief at court",-0.081,B,101,56,"Cambises, King of Persia","Preston, Thomas",11.234,0.111,0.226
tragedy,"Seneca, Lucius Annaeus",38,"Death, parting and grief at court",-0.081,B,101,382,Herod and Antipater,"Markham, Gervase / Sampson, William",6.707,0.066,0.135
tragedy,"Seneca, Lucius Annaeus",38,"Death, parting and grief at court",-0.081,B,101,196,Darius,"Alexander, William",5.837,0.058,0.117
tragedy,"Seneca, Lucius Annaeus",45,"Widows, wooing and remarriage",-0.081,B,101,471,All's Lost by Lust,"Rowley, William",3.225,0.032,0.394
tragedy,"Seneca, Lucius Annaeus",45,"Widows, wooing and remarriage",-0.081,B,101,328,Cupid's Revenge,"Beaumont, Francis / Fletcher, John",2.492,0.025,0.304
tragedy,"Seneca, Lucius Annaeus",45,"Widows, wooing and remarriage",-0.081,B,101,315,The Insatiate Countess,"Marston, John / Machin, Lewis / Barkstead, William",2.475,0.025,0.302
tragedy,"Seneca, Lucius Annaeus",62,"The courtier as a type: fashion, affectation and foreign manners",-0.037,B,101,389,The Duchess of Malfi,"Webster, John",2.193,0.022,0.593
tragedy,"Seneca, Lucius Annaeus",62,"The courtier as a type: fashion, affectation and foreign manners",-0.037,B,101,314,"Cynthia's Revenge, or Maenander's Ecstasy","Stephens, John",1.508,0.015,0.407
tragedy,"Seneca, Lucius Annaeus",30,"Constables, justices and the watch",-0.027,B,101,550,"Chabot, Admiral of France","Chapman, George / Shirley, James",2.71,0.027,1.0
tragedy,"Seneca, Lucius Annaeus",55,"Fairies, fairy queens and enchanted desire",-0.02,B,101,143,Romeo and Juliet,"Shakespeare, William",2.051,0.02,1.0
tragedy,"Shakespeare, William",2,"Roman politics: senate, consuls and civil war",6.125,A,12,401,Coriolanus,"Shakespeare, William",64.567,5.381,0.454
tragedy,"Shakespeare, William",2,"Roman politics: senate, consuls and civil war",6.125,A,12,403,Julius Caesar,"Shakespeare, William",53.508,4.459,0.376
tragedy,"Shakespeare, William",2,"Roman politics: senate, consuls and civil war",6.125,A,12,117,Titus Andronicus,"Peele, George / Shakespeare, William",15.79,1.316,0.111
tragedy,"Shakespeare, William",2,"Roman politics: senate, consuls and civil war",6.125,B,99,296,Catiline His Conspiracy,"Jonson, Ben",86.131,0.87,0.152
tragedy,"Shakespeare, William",2,"Roman politics: senate, consuls and civil war",6.125,B,99,122,"The Wounds of Civil War, or Marius and Scilla","Lodge, Thomas",78.56,0.794,0.138
tragedy,"Shakespeare, William",2,"Roman politics: senate, consuls and civil war",6.125,B,99,216,Sejanus His Fall,"Jonson, Ben",65.314,0.66,0.115
tragedy,"Shakespeare, William",0,"Court life: dukes, favour and honour",-3.565,A,12,265,King Lear,"Shakespeare, William",8.103,0.675,0.579
tragedy,"Shakespeare, William",0,"Court life: dukes, favour and honour",-3.565,A,12,379,"Othello, the Moor of Venice","Shakespeare, William",5.894,0.491,0.421
tragedy,"Shakespeare, William",0,"Court life: dukes, favour and honour",-3.565,B,99,253,The Revenger's Tragedy,"Middleton, Thomas",64.942,0.656,0.139
tragedy,"Shakespeare, William",0,"Court life: dukes, favour and honour",-3.565,B,99,478,Love's Sacrifice,"Ford, John",56.393,0.57,0.12
tragedy,"Shakespeare, William",0,"Court life: dukes, favour and honour",-3.565,B,99,498,The Traitor,"Shirley, James",47.509,0.48,0.101
tragedy,"Shakespeare, William",1,"Death, grief and revenge",-3.083,A,12,197,"Hamlet, Prince of Denmark","Shakespeare, William",12.489,1.041,0.262
tragedy,"Shakespeare, William",1,"Death, grief and revenge",-3.083,A,12,107,Master Arden of Faversham in Kent,"Anonymous / Kyd, Thomas / Shakespeare, William / Watson, Thomas",12.453,1.038,0.261
tragedy,"Shakespeare, William",1,"Death, grief and revenge",-3.083,A,12,379,"Othello, the Moor of Venice","Shakespeare, William",5.789,0.482,0.121
tragedy,"Shakespeare, William",1,"Death, grief and revenge",-3.083,B,99,185,Antonio's Revenge (2 Antonio and Mellida),"Marston, John",35.004,0.354,0.05
tragedy,"Shakespeare, William",1,"Death, grief and revenge",-3.083,B,99,48,The Interlude of Vice (Orestes),"Pickering, John",25.142,0.254,0.036
tragedy,"Shakespeare, William",1,"Death, grief and revenge",-3.083,B,99,293,"The Atheist's Tragedy, or The Honest Man's Revenge","Tourneur, Cyril",24.141,0.244,0.035
tragedy,"Shakespeare, William",17,"Eastern conquest: Persians, Turks and soldans",-2.691,B,99,94,1 Tamburlaine the Great,"Marlowe, Christopher",70.182,0.709,0.263
tragedy,"Shakespeare, William",17,"Eastern conquest: Persians, Turks and soldans",-2.691,B,99,131,"The Wars of Cyrus, King of Persia",Anonymous,69.038,0.697,0.259
tragedy,"Shakespeare, William",17,"Eastern conquest: Persians, Turks and soldans",-2.691,B,99,569,The Phoenix in Her Flames,"Lower, William",37.413,0.378,0.14
tragedy,"Shakespeare, William",7,The Trojan war: conflict and its aftermath,2.415,A,12,279,Troilus and Cressida,"Shakespeare, William",55.802,4.65,0.968
tragedy,"Shakespeare, William",7,The Trojan war: conflict and its aftermath,2.415,A,12,197,"Hamlet, Prince of Denmark","Shakespeare, William",1.819,0.152,0.032
tragedy,"Shakespeare, William",7,The Trojan war: conflict and its aftermath,2.415,B,99,28,Troas (Seneca's Sixth Tragedy),"Heywood, Jasper / Seneca, Lucius Annaeus",96.271,0.972,0.407
tragedy,"Shakespeare, William",7,The Trojan war: conflict and its aftermath,2.415,B,99,42,Agamemnon (Seneca's Eighth Tragedy),"Seneca, Lucius Annaeus / Studley, John",42.916,0.433,0.182
tragedy,"Shakespeare, William",7,The Trojan war: conflict and its aftermath,2.415,B,99,128,"Dido, Queen of Carthage","Marlowe, Christopher / Nashe, Thomas",41.022,0.414,0.174
tragedy,"Shakespeare, William",4,Love-longing and the lover's complaint,1.536,A,12,143,Romeo and Juliet,"Shakespeare, William",12.2,1.017,0.453
tragedy,"Shakespeare, William",4,Love-longing and the lover's complaint,1.536,A,12,279,Troilus and Cressida,"Shakespeare, William",5.658,0.472,0.21
tragedy,"Shakespeare, William",4,Love-longing and the lover's complaint,1.536,A,12,107,Master Arden of Faversham in Kent,"Anonymous / Kyd, Thomas / Shakespeare, William / Watson, Thomas",5.115,0.426,0.19
tragedy,"Shakespeare, William",4,Love-longing and the lover's complaint,1.536,B,99,131,"The Wars of Cyrus, King of Persia",Anonymous,7.897,0.08,0.113
tragedy,"Shakespeare, William",4,Love-longing and the lover's complaint,1.536,B,99,231,"The Wonder of Women, or Sophonisba","Marston, John",7.742,0.078,0.111
tragedy,"Shakespeare, William",4,Love-longing and the lover's complaint,1.536,B,99,315,The Insatiate Countess,"Marston, John / Machin, Lewis / Barkstead, William",4.895,0.049,0.07
tragedy,"Shakespeare, William",20,"Hercules: labours, suffering and virtue",-1.452,B,99,81,Hercules Oetaeus (Hercules on Mount Oeta) (Seneca's Tenth Tragedy),"Seneca, Lucius Annaeus / Studley, John",77.067,0.778,0.536
tragedy,"Shakespeare, William",20,"Hercules: labours, suffering and virtue",-1.452,B,99,34,Hercules Furens (Mad Hercules) (Seneca's First Tragedy),"Heywood, Jasper / Seneca, Lucius Annaeus",46.938,0.474,0.326
tragedy,"Shakespeare, William",20,"Hercules: labours, suffering and virtue",-1.452,B,99,44,Medea (Seneca's Seventh Tragedy),"Seneca, Lucius Annaeus / Studley, John",10.352,0.105,0.072
tragedy,"Shakespeare, William",36,"Hell, Furies and the language of punishment",-1.452,B,99,36,Oedipus (Seneca's Fifth Tragedy),"Seneca, Lucius Annaeus / Neville, Alexander",27.145,0.274,0.189
tragedy,"Shakespeare, William",36,"Hell, Furies and the language of punishment",-1.452,B,99,29,Thyestes (Seneca's Second Tragedy),"Heywood, Jasper / Seneca, Lucius Annaeus",12.809,0.129,0.089
tragedy,"Shakespeare, William",36,"Hell, Furies and the language of punishment",-1.452,B,99,485,Orestes,"Goffe, Thomas",10.44,0.105,0.073
tragedy,"Shakespeare, William",25,"Kings, power and law: political sententiae",-1.405,A,12,404,Macbeth,"Shakespeare, William / Middleton, Thomas",2.953,0.246,1.0
tragedy,"Shakespeare, William",25,"Kings, power and law: political sententiae",-1.405,B,99,278,Mustapha,"Greville, Fulke",62.284,0.629,0.381
tragedy,"Shakespeare, William",25,"Kings, power and law: political sententiae",-1.405,B,99,489,Alaham,"Greville, Fulke",23.603,0.238,0.144
tragedy,"Shakespeare, William",25,"Kings, power and law: political sententiae",-1.405,B,99,89,The Misfortunes of Arthur (Certain Devices and Shows Presented to Her Majesty),"Hughes, Thomas / Fulbecke, William",10.94,0.111,0.067
tragedy,"Shakespeare, William",35,"Fools, wit and railing",1.248,A,12,279,Troilus and Cressida,"Shakespeare, William",7.9,0.658,0.51
tragedy,"Shakespeare, William",35,"Fools, wit and railing",1.248,A,12,402,Timon of Athens,"Shakespeare, William / Middleton, Thomas",5.641,0.47,0.364
tragedy,"Shakespeare, William",35,"Fools, wit and railing",1.248,A,12,401,Coriolanus,"Shakespeare, William",1.953,0.163,0.126
tragedy,"Shakespeare, William",35,"Fools, wit and railing",1.248,B,99,427,The Cruel Brother,"Davenant, William",2.762,0.028,0.651
tragedy,"Shakespeare, William",35,"Fools, wit and railing",1.248,B,99,314,"Cynthia's Revenge, or Maenander's Ecstasy","Stephens, John",1.481,0.015,0.349
tragedy,"Shakespeare, William",34,"Thebes and royal catastrophe: siege, slaughter and funeral rites",-1.237,A,12,117,Titus Andronicus,"Peele, George / Shakespeare, William",2.666,0.222,1.0
tragedy,"Shakespeare, William",34,"Thebes and royal catastrophe: siege, slaughter and funeral rites",-1.237,B,99,450,"Antigone, the Theban Princess","May, Thomas",47.432,0.479,0.328
tragedy,"Shakespeare, William",34,"Thebes and royal catastrophe: siege, slaughter and funeral rites",-1.237,B,99,79,Thebais (Seneca's Third Tragedy),"Seneca, Lucius Annaeus / Newton, Thomas",35.561,0.359,0.246
tragedy,"Shakespeare, William",34,"Thebes and royal catastrophe: siege, slaughter and funeral rites",-1.237,B,99,61,Jocasta,"Gascoigne, George / Kinwelmershe, Francis / Yelverton, Christopher / Euripides / Dolce, Lodovico",27.448,0.277,0.19
tragedy,"Shakespeare, William",59,"Spanish courts: war, honour and courtship",-1.236,B,99,221,"1 Jeronimo, with the Wars of Portugal",Anonymous,78.081,0.789,0.638
tragedy,"Shakespeare, William",59,"Spanish courts: war, honour and courtship",-1.236,B,99,490,"The Noble Spanish Soldier (The Noble Soldier, or A Contract Broken Justly Revenged)","Dekker, Thomas",22.286,0.225,0.182
tragedy,"Shakespeare, William",59,"Spanish courts: war, honour and courtship",-1.236,B,99,471,All's Lost by Lust,"Rowley, William",5.782,0.058,0.047
tragedy,"Shakespeare, William",6,"Money, debt and credit",0.905,A,12,402,Timon of Athens,"Shakespeare, William / Middleton, Thomas",14.335,1.195,1.0
tragedy,"Shakespeare, William",6,"Money, debt and credit",0.905,B,99,109,Soliman and Perseda (Zulziman),Anonymous,5.999,0.061,0.209
tragedy,"Shakespeare, William",6,"Money, debt and credit",0.905,B,99,258,A Woman Killed with Kindness,"Heywood, Thomas",5.939,0.06,0.207
tragedy,"Shakespeare, William",6,"Money, debt and credit",0.905,B,99,249,The Miseries of Enforced Marriage,"Wilkins, George",4.199,0.042,0.147
tragedy,"Shakespeare, William",15,Friars and holy orders in plot,0.839,A,12,143,Romeo and Juliet,"Shakespeare, William",14.381,1.198,1.0
tragedy,"Shakespeare, William",15,Friars and holy orders in plot,0.839,B,99,475,The Jew of Malta,"Marlowe, Christopher",10.921,0.11,0.307
tragedy,"Shakespeare, William",15,Friars and holy orders in plot,0.839,B,99,133,The Massacre at Paris,"Marlowe, Christopher",5.066,0.051,0.142
tragedy,"Shakespeare, William",15,Friars and holy orders in plot,0.839,B,99,246,Bussy D'Ambois,"Chapman, George",4.771,0.048,0.134
tragedy,"Shakespeare, William",54,"Antony and Cleopatra: love, death and mourning",-0.826,A,12,405,Antony and Cleopatra,"Shakespeare, William",2.153,0.179,1.0
tragedy,"Shakespeare, William",54,"Antony and Cleopatra: love, death and mourning",-0.826,B,99,108,Antonius (Antony),"Herbert, Mary Sidney / Garnier, Robert / Sidney Herbert, Mary",41.67,0.421,0.419
tragedy,"Shakespeare, William",54,"Antony and Cleopatra: love, death and mourning",-0.826,B,99,132,Cleopatra,"Daniel, Samuel",30.467,0.308,0.306
tragedy,"Shakespeare, William",54,"Antony and Cleopatra: love, death and mourning",-0.826,B,99,553,"Cleopatra, Queen of Egypt","May, Thomas",13.759,0.139,0.138
tragedy,"Shakespeare, William",10,"England and France: war, embassy and peace",-0.782,B,99,418,"Lodovic Sforza, Duke of Milan","Gomersall, Robert",28.046,0.283,0.362
tragedy,"Shakespeare, William",10,"England and France: war, embassy and peace",-0.782,B,99,510,"The Vow Breaker, or The Fair Maid of Clifton","Sampson, William",22.345,0.226,0.289
tragedy,"Shakespeare, William",10,"England and France: war, embassy and peace",-0.782,B,99,275,The Tragedy of Charles Duke of Byron,"Chapman, George",10.796,0.109,0.139
tragedy,"Shakespeare, William",14,"Royal love, favour and dynastic relationships",-0.651,B,99,569,The Phoenix in Her Flames,"Lower, William",12.484,0.126,0.194
tragedy,"Shakespeare, William",14,"Royal love, favour and dynastic relationships",-0.651,B,99,328,Cupid's Revenge,"Beaumont, Francis / Fletcher, John",7.201,0.073,0.112
tragedy,"Shakespeare, William",14,"Royal love, favour and dynastic relationships",-0.651,B,99,537,The Conspiracy (Pallantus and Eudora),"Killigrew, Henry",6.408,0.065,0.099
tragedy,"Shakespeare, William",50,"Fleets, armies and generals: war by sea and land",0.577,A,12,405,Antony and Cleopatra,"Shakespeare, William",6.189,0.516,0.612
tragedy,"Shakespeare, William",50,"Fleets, armies and generals: war by sea and land",0.577,A,12,401,Coriolanus,"Shakespeare, William",1.994,0.166,0.197
tragedy,"Shakespeare, William",50,"Fleets, armies and generals: war by sea and land",0.577,A,12,379,"Othello, the Moor of Venice","Shakespeare, William",1.928,0.161,0.191
tragedy,"Shakespeare, William",50,"Fleets, armies and generals: war by sea and land",0.577,B,99,490,"The Noble Spanish Soldier (The Noble Soldier, or A Contract Broken Justly Revenged)","Dekker, Thomas",7.456,0.075,0.284
tragedy,"Shakespeare, William",50,"Fleets, armies and generals: war by sea and land",0.577,B,99,95,2 Tamburlaine the Great,"Marlowe, Christopher",2.876,0.029,0.109
tragedy,"Shakespeare, William",50,"Fleets, armies and generals: war by sea and land",0.577,B,99,444,Caesar and Pompey (The Wars of Caesar and Pompey),"Chapman, George",2.851,0.029,0.108
tragedy,"Shakespeare, William",3,"Sickness, physic and doctors",-0.576,A,12,404,Macbeth,"Shakespeare, William / Middleton, Thomas",2.959,0.247,1.0
tragedy,"Shakespeare, William",3,"Sickness, physic and doctors",-0.576,B,99,562,The Maid's Revenge,"Shirley, James",14.286,0.144,0.175
tragedy,"Shakespeare, William",3,"Sickness, physic and doctors",-0.576,B,99,205,Doctor Faustus,"Anonymous / Marlowe, Christopher",12.83,0.13,0.158
tragedy,"Shakespeare, William",3,"Sickness, physic and doctors",-0.576,B,99,389,The Duchess of Malfi,"Webster, John",6.412,0.065,0.079
tragedy,"Shakespeare, William",37,"Riches, poverty and covetousness",0.385,A,12,402,Timon of Athens,"Shakespeare, William / Middleton, Thomas",2.962,0.247,0.588
tragedy,"Shakespeare, William",37,"Riches, poverty and covetousness",0.385,A,12,279,Troilus and Cressida,"Shakespeare, William",2.074,0.173,0.412
tragedy,"Shakespeare, William",37,"Riches, poverty and covetousness",0.385,B,99,260,The Alexandraean Tragedy,"Alexander, William",1.84,0.019,0.538
tragedy,"Shakespeare, William",37,"Riches, poverty and covetousness",0.385,B,99,314,"Cynthia's Revenge, or Maenander's Ecstasy","Stephens, John",1.577,0.016,0.462
tragedy,"Shakespeare, William",51,"Parents and children: blessing, birthright and inheritance",0.364,A,12,404,Macbeth,"Shakespeare, William / Middleton, Thomas",3.214,0.268,0.603
tragedy,"Shakespeare, William",51,"Parents and children: blessing, birthright and inheritance",0.364,A,12,265,King Lear,"Shakespeare, William",2.112,0.176,0.397
tragedy,"Shakespeare, William",51,"Parents and children: blessing, birthright and inheritance",0.364,B,99,368,Thierry and Theodoret,"Anonymous / Fletcher, John / Massinger, Philip",2.779,0.028,0.35
tragedy,"Shakespeare, William",51,"Parents and children: blessing, birthright and inheritance",0.364,B,99,565,"The Bloody Brother (Rollo, Duke of Normandy)","Fletcher, John / Field, Nathan / Massinger, Philip",2.706,0.027,0.341
tragedy,"Shakespeare, William",51,"Parents and children: blessing, birthright and inheritance",0.364,B,99,510,"The Vow Breaker, or The Fair Maid of Clifton","Sampson, William",2.453,0.025,0.309
tragedy,"Shakespeare, William",31,"Popes, cardinals and the crown",-0.351,B,99,133,The Massacre at Paris,"Marlowe, Christopher",15.571,0.157,0.448
tragedy,"Shakespeare, William",31,"Popes, cardinals and the crown",-0.351,B,99,254,"The Devil's Charter, or Pope Alexander the Sixth","Barnes, Barnabe",8.839,0.089,0.254
tragedy,"Shakespeare, William",31,"Popes, cardinals and the crown",-0.351,B,99,389,The Duchess of Malfi,"Webster, John",8.343,0.084,0.24
tragedy,"Shakespeare, William",9,"Theatre talk: prologues, poets and players",0.339,A,12,197,"Hamlet, Prince of Denmark","Shakespeare, William",7.506,0.626,1.0
tragedy,"Shakespeare, William",9,"Theatre talk: prologues, poets and players",0.339,B,99,513,Hannibal and Scipio,"Nabbes, Thomas",3.345,0.034,0.118
tragedy,"Shakespeare, William",9,"Theatre talk: prologues, poets and players",0.339,B,99,578,"Messalina, the Roman Empress","Richards, Nathaniel",3.231,0.033,0.114
tragedy,"Shakespeare, William",9,"Theatre talk: prologues, poets and players",0.339,B,99,458,"The Courageous Turk, or Amurath the First","Goffe, Thomas",3.121,0.032,0.11
tragedy,"Shakespeare, William",18,"Rebels, barons and the king's wars at home",0.329,A,12,404,Macbeth,"Shakespeare, William / Middleton, Thomas",5.948,0.496,1.0
tragedy,"Shakespeare, William",18,"Rebels, barons and the king's wars at home",0.329,B,99,104,Tancred and Gismund (Gismond of Salerne),"Wilmot, Robert / Hatton, Christopher / Noel, Henry / Al., G. / Stafford, Roderick",3.513,0.035,0.213
tragedy,"Shakespeare, William",18,"Rebels, barons and the king's wars at home",0.329,B,99,39,Ferrex and Porrex (Gorboduc),"Norton, Thomas / Sackville, Thomas",3.135,0.032,0.19
tragedy,"Shakespeare, William",18,"Rebels, barons and the king's wars at home",0.329,B,99,510,"The Vow Breaker, or The Fair Maid of Clifton","Sampson, William",2.748,0.028,0.167
tragedy,"Shakespeare, William",52,"Prodigals, portions and poor kin",0.326,A,12,403,Julius Caesar,"Shakespeare, William",2.443,0.204,0.369
tragedy,"Shakespeare, William",52,"Prodigals, portions and poor kin",0.326,A,12,143,Romeo and Juliet,"Shakespeare, William",2.098,0.175,0.317
tragedy,"Shakespeare, William",52,"Prodigals, portions and poor kin",0.326,A,12,265,King Lear,"Shakespeare, William",2.087,0.174,0.315
tragedy,"Shakespeare, William",52,"Prodigals, portions and poor kin",0.326,B,99,249,The Miseries of Enforced Marriage,"Wilkins, George",12.803,0.129,0.572
tragedy,"Shakespeare, William",52,"Prodigals, portions and poor kin",0.326,B,99,272,A Yorkshire Tragedy,"Middleton, Thomas",9.584,0.097,0.428
tragedy,"Shakespeare, William",12,"Olympian gods: Jupiter, Juno, Venus and Mars",-0.268,B,99,458,"The Courageous Turk, or Amurath the First","Goffe, Thomas",10.081,0.102,0.381
tragedy,"Shakespeare, William",12,"Olympian gods: Jupiter, Juno, Venus and Mars",-0.268,B,99,380,The Virgin Martyr,"Dekker, Thomas / Massinger, Philip",4.572,0.046,0.173
tragedy,"Shakespeare, William",12,"Olympian gods: Jupiter, Juno, Venus and Mars",-0.268,B,99,45,Octavia (Seneca's Ninth Tragedy),"Seneca, Lucius Annaeus / Nuce, Thomas / Pseudo-Seneca",4.449,0.045,0.168
tragedy,"Shakespeare, William",24,"Apollo, Phoebus and the Muses",-0.248,B,99,80,Hippolytus (Seneca's Fourth Tragedy),"Seneca, Lucius Annaeus / Studley, John",10.15,0.103,0.413
tragedy,"Shakespeare, William",24,"Apollo, Phoebus and the Muses",-0.248,B,99,29,Thyestes (Seneca's Second Tragedy),"Heywood, Jasper / Seneca, Lucius Annaeus",4.007,0.04,0.163
tragedy,"Shakespeare, William",24,"Apollo, Phoebus and the Muses",-0.248,B,99,42,Agamemnon (Seneca's Eighth Tragedy),"Seneca, Lucius Annaeus / Studley, John",3.505,0.035,0.143
tragedy,"Shakespeare, William",28,"Marriage-making: weddings, brides and matches",-0.221,B,99,258,A Woman Killed with Kindness,"Heywood, Thomas",6.118,0.062,0.279
tragedy,"Shakespeare, William",28,"Marriage-making: weddings, brides and matches",-0.221,B,99,136,"Locrine, the Eldest Son of King Brutus","S., W.",3.221,0.033,0.147
tragedy,"Shakespeare, William",28,"Marriage-making: weddings, brides and matches",-0.221,B,99,471,All's Lost by Lust,"Rowley, William",3.1,0.031,0.142
tragedy,"Shakespeare, William",8,"Captains, gallants and cheats",-0.22,B,99,368,Thierry and Theodoret,"Anonymous / Fletcher, John / Massinger, Philip",5.354,0.054,0.246
tragedy,"Shakespeare, William",8,"Captains, gallants and cheats",-0.22,B,99,300,A Christian Turned Turk (The Two Famous Pirates),"Daborne, Robert",5.345,0.054,0.245
tragedy,"Shakespeare, William",8,"Captains, gallants and cheats",-0.22,B,99,560,Imperiale,"Freeman, Ralph",3.612,0.036,0.166
tragedy,"Shakespeare, William",5,"Christian faith, sin and salvation",-0.2,A,12,379,"Othello, the Moor of Venice","Shakespeare, William",1.936,0.161,1.0
tragedy,"Shakespeare, William",5,"Christian faith, sin and salvation",-0.2,B,99,71,Abraham's Sacrifice,"Golding, Arthur / Beza, Theodore",11.675,0.118,0.326
tragedy,"Shakespeare, William",5,"Christian faith, sin and salvation",-0.2,B,99,182,Two Lamentable Tragedies,"Yarington, Robert",8.236,0.083,0.23
tragedy,"Shakespeare, William",5,"Christian faith, sin and salvation",-0.2,B,99,231,"The Wonder of Women, or Sophonisba","Marston, John",4.009,0.04,0.112
tragedy,"Shakespeare, William",21,"Cupid, Venus and the nymphs",-0.196,B,99,56,"Cambises, King of Persia","Preston, Thomas",3.872,0.039,0.199
tragedy,"Shakespeare, William",21,"Cupid, Venus and the nymphs",-0.196,B,99,80,Hippolytus (Seneca's Fourth Tragedy),"Seneca, Lucius Annaeus / Studley, John",3.553,0.036,0.183
tragedy,"Shakespeare, William",21,"Cupid, Venus and the nymphs",-0.196,B,99,104,Tancred and Gismund (Gismond of Salerne),"Wilmot, Robert / Hatton, Christopher / Noel, Henry / Al., G. / Stafford, Roderick",3.534,0.036,0.182
tragedy,"Shakespeare, William",26,"Devils, hell and fiends",-0.18,A,12,197,"Hamlet, Prince of Denmark","Shakespeare, William",1.848,0.154,1.0
tragedy,"Shakespeare, William",26,"Devils, hell and fiends",-0.18,B,99,272,A Yorkshire Tragedy,"Middleton, Thomas",9.036,0.091,0.273
tragedy,"Shakespeare, William",26,"Devils, hell and fiends",-0.18,B,99,205,Doctor Faustus,"Anonymous / Marlowe, Christopher",4.179,0.042,0.126
tragedy,"Shakespeare, William",26,"Devils, hell and fiends",-0.18,B,99,389,The Duchess of Malfi,"Webster, John",4.038,0.041,0.122
tragedy,"Shakespeare, William",27,"Uncles, nephews and cousins: kinship and patronage",-0.175,B,99,272,A Yorkshire Tragedy,"Middleton, Thomas",9.867,0.1,0.569
tragedy,"Shakespeare, William",27,"Uncles, nephews and cousins: kinship and patronage",-0.175,B,99,258,A Woman Killed with Kindness,"Heywood, Thomas",3.034,0.031,0.175
tragedy,"Shakespeare, William",27,"Uncles, nephews and cousins: kinship and patronage",-0.175,B,99,478,Love's Sacrifice,"Ford, John",2.469,0.025,0.142
tragedy,"Shakespeare, William",38,"Death, parting and grief at court",-0.175,A,12,405,Antony and Cleopatra,"Shakespeare, William",2.14,0.178,0.548
tragedy,"Shakespeare, William",38,"Death, parting and grief at court",-0.175,A,12,197,"Hamlet, Prince of Denmark","Shakespeare, William",1.762,0.147,0.452
tragedy,"Shakespeare, William",38,"Death, parting and grief at court",-0.175,B,99,56,"Cambises, King of Persia","Preston, Thomas",11.234,0.113,0.227
tragedy,"Shakespeare, William",38,"Death, parting and grief at court",-0.175,B,99,382,Herod and Antipater,"Markham, Gervase / Sampson, William",6.707,0.068,0.135
tragedy,"Shakespeare, William",38,"Death, parting and grief at court",-0.175,B,99,196,Darius,"Alexander, William",5.837,0.059,0.118
tragedy,"Shakespeare, William",55,"Fairies, fairy queens and enchanted desire",0.171,A,12,143,Romeo and Juliet,"Shakespeare, William",2.051,0.171,1.0
tragedy,"Shakespeare, William",16,"Gallantry: ladies, lordships and compliment",-0.167,B,99,567,The Bloody Banquet,"Dekker, Thomas / Middleton, Thomas",7.132,0.072,0.432
tragedy,"Shakespeare, William",16,"Gallantry: ladies, lordships and compliment",-0.167,B,99,559,The Unnatural Combat,"Massinger, Philip",5.49,0.055,0.333
tragedy,"Shakespeare, William",16,"Gallantry: ladies, lordships and compliment",-0.167,B,99,478,Love's Sacrifice,"Ford, John",2.341,0.024,0.142
tragedy,"Shakespeare, William",39,"Profit, conscience and dishonest dealing",-0.154,B,99,272,A Yorkshire Tragedy,"Middleton, Thomas",8.205,0.083,0.539
tragedy,"Shakespeare, William",39,"Profit, conscience and dishonest dealing",-0.154,B,99,65,Appius and Virginia,"B., R.",7.024,0.071,0.461
tragedy,"Shakespeare, William",22,"Shepherds, flocks and Pan",-0.145,B,99,36,Oedipus (Seneca's Fifth Tragedy),"Seneca, Lucius Annaeus / Neville, Alexander",3.761,0.038,0.263
tragedy,"Shakespeare, William",22,"Shepherds, flocks and Pan",-0.145,B,99,94,1 Tamburlaine the Great,"Marlowe, Christopher",3.064,0.031,0.214
tragedy,"Shakespeare, William",22,"Shepherds, flocks and Pan",-0.145,B,99,559,The Unnatural Combat,"Massinger, Philip",2.761,0.028,0.193
tragedy,"Shakespeare, William",32,Rings and jewels as tokens,-0.133,B,99,567,The Bloody Banquet,"Dekker, Thomas / Middleton, Thomas",3.665,0.037,0.279
tragedy,"Shakespeare, William",32,Rings and jewels as tokens,-0.133,B,99,480,The Broken Heart,"Ford, John",2.653,0.027,0.202
tragedy,"Shakespeare, William",32,Rings and jewels as tokens,-0.133,B,99,478,Love's Sacrifice,"Ford, John",2.42,0.024,0.184
tragedy,"Shakespeare, William",44,"Drinking: wine, ale and taverns",-0.125,B,99,510,"The Vow Breaker, or The Fair Maid of Clifton","Sampson, William",2.686,0.027,0.217
tragedy,"Shakespeare, William",44,"Drinking: wine, ale and taverns",-0.125,B,99,122,"The Wounds of Civil War, or Marius and Scilla","Lodge, Thomas",2.627,0.027,0.213
tragedy,"Shakespeare, William",44,"Drinking: wine, ale and taverns",-0.125,B,99,565,"The Bloody Brother (Rollo, Duke of Normandy)","Fletcher, John / Field, Nathan / Massinger, Philip",2.596,0.026,0.21
tragedy,"Shakespeare, William",46,"Swords, quarrels and valour",-0.121,B,99,136,"Locrine, the Eldest Son of King Brutus","S., W.",3.215,0.032,0.268
tragedy,"Shakespeare, William",46,"Swords, quarrels and valour",-0.121,B,99,368,Thierry and Theodoret,"Anonymous / Fletcher, John / Massinger, Philip",2.648,0.027,0.221
tragedy,"Shakespeare, William",46,"Swords, quarrels and valour",-0.121,B,99,464,The Fatal Dowry,"Field, Nathan / Massinger, Philip",2.476,0.025,0.207
tragedy,"Shakespeare, William",47,"Knaves, thieves and bawds",-0.115,B,99,300,A Christian Turned Turk (The Two Famous Pirates),"Daborne, Robert",2.627,0.027,0.23
tragedy,"Shakespeare, William",47,"Knaves, thieves and bawds",-0.115,B,99,565,"The Bloody Brother (Rollo, Duke of Normandy)","Fletcher, John / Field, Nathan / Massinger, Philip",2.47,0.025,0.216
tragedy,"Shakespeare, William",47,"Knaves, thieves and bawds",-0.115,B,99,380,The Virgin Martyr,"Dekker, Thomas / Massinger, Philip",2.272,0.023,0.199
tragedy,"Shakespeare, William",49,"Wooing a mistress: suitors, go-betweens and letters",-0.108,B,99,573,Love's Cruelty,"Shirley, James",5.968,0.06,0.559
tragedy,"Shakespeare, William",49,"Wooing a mistress: suitors, go-betweens and letters",-0.108,B,99,464,The Fatal Dowry,"Field, Nathan / Massinger, Philip",2.491,0.025,0.233
tragedy,"Shakespeare, William",49,"Wooing a mistress: suitors, go-betweens and letters",-0.108,B,99,249,The Miseries of Enforced Marriage,"Wilkins, George",2.212,0.022,0.207
tragedy,"Shakespeare, William",33,"Fathers, daughters and marriage negotiations",0.097,A,12,143,Romeo and Juliet,"Shakespeare, William",2.135,0.178,1.0
tragedy,"Shakespeare, William",33,"Fathers, daughters and marriage negotiations",0.097,B,99,471,All's Lost by Lust,"Rowley, William",2.988,0.03,0.372
tragedy,"Shakespeare, William",33,"Fathers, daughters and marriage negotiations",0.097,B,99,475,The Jew of Malta,"Marlowe, Christopher",2.65,0.027,0.33
tragedy,"Shakespeare, William",33,"Fathers, daughters and marriage negotiations",0.097,B,99,253,The Revenger's Tragedy,"Middleton, Thomas",2.4,0.024,0.299
tragedy,"Shakespeare, William",45,"Widows, wooing and remarriage",-0.083,B,99,471,All's Lost by Lust,"Rowley, William",3.225,0.033,0.394
tragedy,"Shakespeare, William",45,"Widows, wooing and remarriage",-0.083,B,99,328,Cupid's Revenge,"Beaumont, Francis / Fletcher, John",2.492,0.025,0.304
tragedy,"Shakespeare, William",45,"Widows, wooing and remarriage",-0.083,B,99,315,The Insatiate Countess,"Marston, John / Machin, Lewis / Barkstead, William",2.475,0.025,0.302
tragedy,"Shakespeare, William",60,"Imperial Rome: rulers, favour and political exemplars",0.075,A,12,117,Titus Andronicus,"Peele, George / Shakespeare, William",7.684,0.64,1.0
tragedy,"Shakespeare, William",60,"Imperial Rome: rulers, favour and political exemplars",0.075,B,99,380,The Virgin Martyr,"Dekker, Thomas / Massinger, Philip",14.092,0.142,0.252
tragedy,"Shakespeare, William",60,"Imperial Rome: rulers, favour and political exemplars",0.075,B,99,578,"Messalina, the Roman Empress","Richards, Nathaniel",13.122,0.133,0.235
tragedy,"Shakespeare, William",60,"Imperial Rome: rulers, favour and political exemplars",0.075,B,99,382,Herod and Antipater,"Markham, Gervase / Sampson, William",8.987,0.091,0.161
tragedy,"Shakespeare, William",11,"Siblings, kin and confidants",-0.074,A,12,265,King Lear,"Shakespeare, William",6.164,0.514,0.743
tragedy,"Shakespeare, William",11,"Siblings, kin and confidants",-0.074,A,12,405,Antony and Cleopatra,"Shakespeare, William",2.132,0.178,0.257
tragedy,"Shakespeare, William",11,"Siblings, kin and confidants",-0.074,B,99,562,The Maid's Revenge,"Shirley, James",17.312,0.175,0.228
tragedy,"Shakespeare, William",11,"Siblings, kin and confidants",-0.074,B,99,357,The Maid's Tragedy,"Beaumont, Francis / Fletcher, John",9.64,0.097,0.127
tragedy,"Shakespeare, William",11,"Siblings, kin and confidants",-0.074,B,99,471,All's Lost by Lust,"Rowley, William",9.063,0.092,0.12
tragedy,"Shakespeare, William",40,"Sin, guilt and violent loss within families",-0.053,A,12,117,Titus Andronicus,"Peele, George / Shakespeare, William",7.893,0.658,1.0
tragedy,"Shakespeare, William",40,"Sin, guilt and violent loss within families",-0.053,B,99,272,A Yorkshire Tragedy,"Middleton, Thomas",9.195,0.093,0.131
tragedy,"Shakespeare, William",40,"Sin, guilt and violent loss within families",-0.053,B,99,182,Two Lamentable Tragedies,"Yarington, Robert",8.208,0.083,0.117
tragedy,"Shakespeare, William",40,"Sin, guilt and violent loss within families",-0.053,B,99,249,The Miseries of Enforced Marriage,"Wilkins, George",6.378,0.064,0.091
tragedy,"Shakespeare, William",56,"Magic, spells and conjuring",-0.048,A,12,404,Macbeth,"Shakespeare, William / Middleton, Thomas",3.032,0.253,1.0
tragedy,"Shakespeare, William",56,"Magic, spells and conjuring",-0.048,B,99,205,Doctor Faustus,"Anonymous / Marlowe, Christopher",17.702,0.179,0.594
tragedy,"Shakespeare, William",56,"Magic, spells and conjuring",-0.048,B,99,44,Medea (Seneca's Seventh Tragedy),"Seneca, Lucius Annaeus / Studley, John",6.956,0.07,0.233
tragedy,"Shakespeare, William",56,"Magic, spells and conjuring",-0.048,B,99,485,Orestes,"Goffe, Thomas",2.591,0.026,0.087
tragedy,"Shakespeare, William",62,"The courtier as a type: fashion, affectation and foreign manners",-0.037,B,99,389,The Duchess of Malfi,"Webster, John",2.193,0.022,0.593
tragedy,"Shakespeare, William",62,"The courtier as a type: fashion, affectation and foreign manners",-0.037,B,99,314,"Cynthia's Revenge, or Maenander's Ecstasy","Stephens, John",1.508,0.015,0.407
tragedy,"Shakespeare, William",23,"Husbands, wives and jealousy",-0.031,A,12,379,"Othello, the Moor of Venice","Shakespeare, William",5.603,0.467,1.0
tragedy,"Shakespeare, William",23,"Husbands, wives and jealousy",-0.031,B,99,272,A Yorkshire Tragedy,"Middleton, Thomas",8.895,0.09,0.18
tragedy,"Shakespeare, William",23,"Husbands, wives and jealousy",-0.031,B,99,573,Love's Cruelty,"Shirley, James",5.944,0.06,0.121
tragedy,"Shakespeare, William",23,"Husbands, wives and jealousy",-0.031,B,99,315,The Insatiate Countess,"Marston, John / Machin, Lewis / Barkstead, William",5.146,0.052,0.104
tragedy,"Shakespeare, William",30,"Constables, justices and the watch",-0.027,B,99,550,"Chabot, Admiral of France","Chapman, George / Shirley, James",2.71,0.027,1.0
history,"Heywood, Thomas",14,"Royal love, favour and dynastic relationships",5.24,A,5,215,"1 If You Know Not Me You Know Nobody, or The Troubles of Queen Elizabeth","Heywood, Thomas",26.46,5.292,0.923
history,"Heywood, Thomas",14,"Royal love, favour and dynastic relationships",5.24,A,5,153,1 Edward the Fourth,"Heywood, Thomas",2.203,0.441,0.077
history,"Heywood, Thomas",14,"Royal love, favour and dynastic relationships",5.24,B,29,167,2 Henry the Fourth,"Shakespeare, William",4.152,0.143,0.29
history,"Heywood, Thomas",14,"Royal love, favour and dynastic relationships",5.24,B,29,142,Richard the Third,"Shakespeare, William",3.657,0.126,0.256
history,"Heywood, Thomas",14,"Royal love, favour and dynastic relationships",5.24,B,29,112,Edward the First,"Peele, George",2.312,0.08,0.162
history,"Heywood, Thomas",31,"Popes, cardinals and the crown",-3.905,B,29,212,When You See Me You Know Me (Henry the Eighth),"Rowley, Samuel",35.491,1.224,0.313
history,"Heywood, Thomas",31,"Popes, cardinals and the crown",-3.905,B,29,400,Henry the Eighth (All Is True),"Shakespeare, William / Fletcher, John",26.961,0.93,0.238
history,"Heywood, Thomas",31,"Popes, cardinals and the crown",-3.905,B,29,102,2 The Troublesome Reign of King John,Anonymous,26.194,0.903,0.231
history,"Heywood, Thomas",1,"Death, grief and revenge",2.542,A,5,256,The Famous History of Sir Thomas Wyatt,"Heywood, Thomas / Dekker, Thomas / Chettle, Henry / Webster, John",13.59,2.718,0.617
history,"Heywood, Thomas",1,"Death, grief and revenge",2.542,A,5,154,2 Edward the Fourth,"Heywood, Thomas",6.103,1.221,0.277
history,"Heywood, Thomas",1,"Death, grief and revenge",2.542,A,5,224,2 If You Know Not Me You Know Nobody (The Second Part of Queen Elizabeth's Troubles),"Heywood, Thomas",2.344,0.469,0.106
history,"Heywood, Thomas",1,"Death, grief and revenge",2.542,B,29,398,King John,"Shakespeare, William",9.535,0.329,0.176
history,"Heywood, Thomas",1,"Death, grief and revenge",2.542,B,29,482,Fuimus Troes (The True Trojans),"Fisher, Jasper",5.976,0.206,0.11
history,"Heywood, Thomas",1,"Death, grief and revenge",2.542,B,29,102,2 The Troublesome Reign of King John,Anonymous,5.635,0.194,0.104
history,"Heywood, Thomas",43,York and Lancaster: dynastic claims and conflict,-2.527,A,5,256,The Famous History of Sir Thomas Wyatt,"Heywood, Thomas / Dekker, Thomas / Chettle, Henry / Webster, John",4.573,0.915,1.0
history,"Heywood, Thomas",43,York and Lancaster: dynastic claims and conflict,-2.527,B,29,399,1 Henry the Sixth,"Anonymous / Marlowe, Christopher / Shakespeare, William / Nashe, Thomas",19.371,0.668,0.194
history,"Heywood, Thomas",43,York and Lancaster: dynastic claims and conflict,-2.527,B,29,138,3 Henry the Sixth (The True Tragedy of Richard Duke of York and the Good King Henry the Sixth),"Anonymous / Marlowe, Christopher / Shakespeare, William",18.931,0.653,0.19
history,"Heywood, Thomas",43,York and Lancaster: dynastic claims and conflict,-2.527,B,29,101,1 The Troublesome Reign of King John,Anonymous,17.709,0.611,0.177
history,"Heywood, Thomas",5,"Christian faith, sin and salvation",-2.495,B,29,160,The Love of King David and Fair Bathsheba,"Peele, George",70.091,2.417,0.969
history,"Heywood, Thomas",5,"Christian faith, sin and salvation",-2.495,B,29,166,1 Sir John Oldcastle,"Wilson, Robert / Drayton, Michael / Munday, Anthony / Hathaway, Richard",2.262,0.078,0.031
history,"Heywood, Thomas",10,"England and France: war, embassy and peace",-2.36,A,5,154,2 Edward the Fourth,"Heywood, Thomas",20.35,4.07,0.905
history,"Heywood, Thomas",10,"England and France: war, embassy and peace",-2.36,A,5,153,1 Edward the Fourth,"Heywood, Thomas",2.141,0.428,0.095
history,"Heywood, Thomas",10,"England and France: war, embassy and peace",-2.36,B,29,140,The Reign of King Edward the Third,"Anonymous / Shakespeare, William",44.067,1.52,0.222
history,"Heywood, Thomas",10,"England and France: war, embassy and peace",-2.36,B,29,399,1 Henry the Sixth,"Anonymous / Marlowe, Christopher / Shakespeare, William / Nashe, Thomas",35.804,1.235,0.18
history,"Heywood, Thomas",10,"England and France: war, embassy and peace",-2.36,B,29,165,Henry the Fifth,"Shakespeare, William",35.731,1.232,0.18
history,"Heywood, Thomas",0,"Court life: dukes, favour and honour",-2.029,A,5,154,2 Edward the Fourth,"Heywood, Thomas",6.09,1.218,1.0
history,"Heywood, Thomas",0,"Court life: dukes, favour and honour",-2.029,B,29,451,The Duchess of Suffolk,"Drue, Thomas",51.464,1.775,0.546
history,"Heywood, Thomas",0,"Court life: dukes, favour and honour",-2.029,B,29,274,The Conspiracy of Charles Duke of Byron,"Chapman, George",17.738,0.612,0.188
history,"Heywood, Thomas",0,"Court life: dukes, favour and honour",-2.029,B,29,142,Richard the Third,"Shakespeare, William",7.158,0.247,0.076
history,"Heywood, Thomas",15,Friars and holy orders in plot,-1.847,B,29,112,Edward the First,"Peele, George",27.663,0.954,0.516
history,"Heywood, Thomas",15,Friars and holy orders in plot,-1.847,B,29,102,2 The Troublesome Reign of King John,Anonymous,15.48,0.534,0.289
history,"Heywood, Thomas",15,Friars and holy orders in plot,-1.847,B,29,101,1 The Troublesome Reign of King John,Anonymous,7.366,0.254,0.138
history,"Heywood, Thomas",16,"Gallantry: ladies, lordships and compliment",1.301,A,5,215,"1 If You Know Not Me You Know Nobody, or The Troubles of Queen Elizabeth","Heywood, Thomas",4.206,0.841,0.647
history,"Heywood, Thomas",16,"Gallantry: ladies, lordships and compliment",1.301,A,5,224,2 If You Know Not Me You Know Nobody (The Second Part of Queen Elizabeth's Troubles),"Heywood, Thomas",2.298,0.46,0.353
history,"Heywood, Thomas",32,Rings and jewels as tokens,1.289,A,5,224,2 If You Know Not Me You Know Nobody (The Second Part of Queen Elizabeth's Troubles),"Heywood, Thomas",4.633,0.927,0.684
history,"Heywood, Thomas",32,Rings and jewels as tokens,1.289,A,5,153,1 Edward the Fourth,"Heywood, Thomas",2.141,0.428,0.316
history,"Heywood, Thomas",32,Rings and jewels as tokens,1.289,B,29,145,1 Henry the Fourth,"Shakespeare, William",1.92,0.066,1.0
history,"Heywood, Thomas",3,"Sickness, physic and doctors",1.199,A,5,154,2 Edward the Fourth,"Heywood, Thomas",4.066,0.813,0.641
history,"Heywood, Thomas",3,"Sickness, physic and doctors",1.199,A,5,224,2 If You Know Not Me You Know Nobody (The Second Part of Queen Elizabeth's Troubles),"Heywood, Thomas",2.279,0.456,0.359
history,"Heywood, Thomas",3,"Sickness, physic and doctors",1.199,B,29,167,2 Henry the Fourth,"Shakespeare, William",2.025,0.07,1.0
history,"Heywood, Thomas",6,"Money, debt and credit",0.855,A,5,224,2 If You Know Not Me You Know Nobody (The Second Part of Queen Elizabeth's Troubles),"Heywood, Thomas",9.14,1.828,1.0
history,"Heywood, Thomas",6,"Money, debt and credit",0.855,B,29,189,Thomas Lord Cromwell,"S., W.",15.46,0.533,0.548
history,"Heywood, Thomas",6,"Money, debt and credit",0.855,B,29,192,"A Larum for London, or The Siege of Antwerp",Anonymous,8.194,0.283,0.29
history,"Heywood, Thomas",6,"Money, debt and credit",0.855,B,29,166,1 Sir John Oldcastle,"Wilson, Robert / Drayton, Michael / Munday, Anthony / Hathaway, Richard",2.439,0.084,0.086
history,"Heywood, Thomas",2,"Roman politics: senate, consuls and civil war",-0.725,B,29,482,Fuimus Troes (The True Trojans),"Fisher, Jasper",14.969,0.516,0.712
history,"Heywood, Thomas",2,"Roman politics: senate, consuls and civil war",-0.725,B,29,327,The Valiant Welshman (Caradoc the Great),"A., R.",6.067,0.209,0.288
history,"Heywood, Thomas",18,"Rebels, barons and the king's wars at home",0.486,A,5,153,1 Edward the Fourth,"Heywood, Thomas",28.898,5.78,0.759
history,"Heywood, Thomas",18,"Rebels, barons and the king's wars at home",0.486,A,5,256,The Famous History of Sir Thomas Wyatt,"Heywood, Thomas / Dekker, Thomas / Chettle, Henry / Webster, John",9.174,1.835,0.241
history,"Heywood, Thomas",18,"Rebels, barons and the king's wars at home",0.486,B,29,520,The Valiant Scot,"W., J.",62.38,2.151,0.302
history,"Heywood, Thomas",18,"Rebels, barons and the king's wars at home",0.486,B,29,114,Jack Straw,Anonymous,50.616,1.745,0.245
history,"Heywood, Thomas",18,"Rebels, barons and the king's wars at home",0.486,B,29,129,Edward the Second,"Marlowe, Christopher",24.252,0.836,0.117
history,"Heywood, Thomas",27,"Uncles, nephews and cousins: kinship and patronage",0.45,A,5,224,2 If You Know Not Me You Know Nobody (The Second Part of Queen Elizabeth's Troubles),"Heywood, Thomas",2.251,0.45,1.0
history,"Heywood, Thomas",30,"Constables, justices and the watch",-0.445,B,29,212,When You See Me You Know Me (Henry the Eighth),"Rowley, Samuel",8.276,0.285,0.641
history,"Heywood, Thomas",30,"Constables, justices and the watch",-0.445,B,29,166,1 Sir John Oldcastle,"Wilson, Robert / Drayton, Michael / Munday, Anthony / Hathaway, Richard",4.639,0.16,0.359
history,"Heywood, Thomas",8,"Captains, gallants and cheats",0.311,A,5,153,1 Edward the Fourth,"Heywood, Thomas",2.216,0.443,1.0
history,"Heywood, Thomas",8,"Captains, gallants and cheats",0.311,B,29,167,2 Henry the Fourth,"Shakespeare, William",2.169,0.075,0.566
history,"Heywood, Thomas",8,"Captains, gallants and cheats",0.311,B,29,142,Richard the Third,"Shakespeare, William",1.66,0.057,0.434
history,"Heywood, Thomas",50,"Fleets, armies and generals: war by sea and land",-0.298,B,29,213,The True Chronicle of King Leir (King Lear and his Three Daughters),Anonymous,2.335,0.081,0.27
history,"Heywood, Thomas",50,"Fleets, armies and generals: war by sea and land",-0.298,B,29,112,Edward the First,"Peele, George",2.331,0.08,0.27
history,"Heywood, Thomas",50,"Fleets, armies and generals: war by sea and land",-0.298,B,29,167,2 Henry the Fourth,"Shakespeare, William",2.186,0.075,0.253
history,"Heywood, Thomas",38,"Death, parting and grief at court",0.25,A,5,215,"1 If You Know Not Me You Know Nobody, or The Troubles of Queen Elizabeth","Heywood, Thomas",4.358,0.872,0.497
history,"Heywood, Thomas",38,"Death, parting and grief at court",0.25,A,5,224,2 If You Know Not Me You Know Nobody (The Second Part of Queen Elizabeth's Troubles),"Heywood, Thomas",2.386,0.477,0.272
history,"Heywood, Thomas",38,"Death, parting and grief at court",0.25,A,5,154,2 Edward the Fourth,"Heywood, Thomas",2.029,0.406,0.231
history,"Heywood, Thomas",38,"Death, parting and grief at court",0.25,B,29,129,Edward the Second,"Marlowe, Christopher",7.271,0.251,0.167
history,"Heywood, Thomas",38,"Death, parting and grief at court",0.25,B,29,141,Richard the Second,"Shakespeare, William",7.213,0.249,0.165
history,"Heywood, Thomas",38,"Death, parting and grief at court",0.25,B,29,327,The Valiant Welshman (Caradoc the Great),"A., R.",5.998,0.207,0.137
history,"Heywood, Thomas",40,"Sin, guilt and violent loss within families",-0.245,B,29,327,The Valiant Welshman (Caradoc the Great),"A., R.",2.954,0.102,0.415
history,"Heywood, Thomas",40,"Sin, guilt and violent loss within families",-0.245,B,29,398,King John,"Shakespeare, William",2.375,0.082,0.334
history,"Heywood, Thomas",40,"Sin, guilt and violent loss within families",-0.245,B,29,142,Richard the Third,"Shakespeare, William",1.781,0.061,0.25
history,"Heywood, Thomas",47,"Knaves, thieves and bawds",0.237,A,5,153,1 Edward the Fourth,"Heywood, Thomas",2.239,0.448,1.0
history,"Heywood, Thomas",47,"Knaves, thieves and bawds",0.237,B,29,145,1 Henry the Fourth,"Shakespeare, William",6.104,0.21,1.0
history,"Heywood, Thomas",11,"Siblings, kin and confidants",-0.23,B,29,192,"A Larum for London, or The Siege of Antwerp",Anonymous,4.167,0.144,0.624
history,"Heywood, Thomas",11,"Siblings, kin and confidants",-0.23,B,29,213,The True Chronicle of King Leir (King Lear and his Three Daughters),Anonymous,2.506,0.086,0.376
history,"Heywood, Thomas",56,"Magic, spells and conjuring",-0.224,B,29,327,The Valiant Welshman (Caradoc the Great),"A., R.",6.498,0.224,1.0
history,"Heywood, Thomas",55,"Fairies, fairy queens and enchanted desire",-0.22,B,29,327,The Valiant Welshman (Caradoc the Great),"A., R.",6.391,0.22,1.0
history,"Heywood, Thomas",52,"Prodigals, portions and poor kin",-0.192,B,29,327,The Valiant Welshman (Caradoc the Great),"A., R.",3.138,0.108,0.563
history,"Heywood, Thomas",52,"Prodigals, portions and poor kin",-0.192,B,29,141,Richard the Second,"Shakespeare, William",2.438,0.084,0.437
history,"Heywood, Thomas",51,"Parents and children: blessing, birthright and inheritance",-0.156,B,29,213,The True Chronicle of King Leir (King Lear and his Three Daughters),Anonymous,4.528,0.156,1.0
history,"Heywood, Thomas",45,"Widows, wooing and remarriage",-0.146,B,29,138,3 Henry the Sixth (The True Tragedy of Richard Duke of York and the Good King Henry the Sixth),"Anonymous / Marlowe, Christopher / Shakespeare, William",4.244,0.146,1.0
history,"Heywood, Thomas",39,"Profit, conscience and dishonest dealing",-0.141,B,29,165,Henry the Fifth,"Shakespeare, William",4.082,0.141,1.0
history,"Heywood, Thomas",25,"Kings, power and law: political sententiae",-0.11,B,29,274,The Conspiracy of Charles Duke of Byron,"Chapman, George",3.179,0.11,1.0
history,"Heywood, Thomas",12,"Olympian gods: Jupiter, Juno, Venus and Mars",-0.102,B,29,482,Fuimus Troes (The True Trojans),"Fisher, Jasper",2.958,0.102,1.0
history,"Heywood, Thomas",4,Love-longing and the lover's complaint,-0.086,B,29,140,The Reign of King Edward the Third,"Anonymous / Shakespeare, William",2.49,0.086,1.0
history,"Heywood, Thomas",36,"Hell, Furies and the language of punishment",-0.076,B,29,138,3 Henry the Sixth (The True Tragedy of Richard Duke of York and the Good King Henry the Sixth),"Anonymous / Marlowe, Christopher / Shakespeare, William",2.205,0.076,1.0
history,"Heywood, Thomas",44,"Drinking: wine, ale and taverns",-0.076,B,29,167,2 Henry the Fourth,"Shakespeare, William",2.203,0.076,1.0
history,"Heywood, Thomas",26,"Devils, hell and fiends",-0.058,B,29,142,Richard the Third,"Shakespeare, William",1.67,0.058,1.0
history,"Heywood, Thomas",7,The Trojan war: conflict and its aftermath,0.002,A,5,154,2 Edward the Fourth,"Heywood, Thomas",2.037,0.407,1.0
history,"Heywood, Thomas",7,The Trojan war: conflict and its aftermath,0.002,B,29,482,Fuimus Troes (The True Trojans),"Fisher, Jasper",11.745,0.405,1.0
history,"Shakespeare, William",10,"England and France: war, embassy and peace",10.263,A,11,140,The Reign of King Edward the Third,"Anonymous / Shakespeare, William",44.067,4.006,0.298
history,"Shakespeare, William",10,"England and France: war, embassy and peace",10.263,A,11,399,1 Henry the Sixth,"Anonymous / Marlowe, Christopher / Shakespeare, William / Nashe, Thomas",35.804,3.255,0.242
history,"Shakespeare, William",10,"England and France: war, embassy and peace",10.263,A,11,165,Henry the Fifth,"Shakespeare, William",35.731,3.248,0.241
history,"Shakespeare, William",10,"England and France: war, embassy and peace",10.263,B,23,101,1 The Troublesome Reign of King John,Anonymous,25.933,1.128,0.353
history,"Shakespeare, William",10,"England and France: war, embassy and peace",10.263,B,23,154,2 Edward the Fourth,"Heywood, Thomas",20.35,0.885,0.277
history,"Shakespeare, William",10,"England and France: war, embassy and peace",10.263,B,23,102,2 The Troublesome Reign of King John,Anonymous,16.108,0.7,0.22
history,"Shakespeare, William",18,"Rebels, barons and the king's wars at home",-6.052,A,11,119,2 Henry the Sixth (The First Part of the Contention betwixt the Two Famous Houses of York and Lancaster),"Anonymous / Marlowe, Christopher / Shakespeare, William",9.191,0.836,0.269
history,"Shakespeare, William",18,"Rebels, barons and the king's wars at home",-6.052,A,11,167,2 Henry the Fourth,"Shakespeare, William",8.635,0.785,0.253
history,"Shakespeare, William",18,"Rebels, barons and the king's wars at home",-6.052,A,11,145,1 Henry the Fourth,"Shakespeare, William",8.567,0.779,0.251
history,"Shakespeare, William",18,"Rebels, barons and the king's wars at home",-6.052,B,23,520,The Valiant Scot,"W., J.",62.38,2.712,0.296
history,"Shakespeare, William",18,"Rebels, barons and the king's wars at home",-6.052,B,23,114,Jack Straw,Anonymous,50.616,2.201,0.24
history,"Shakespeare, William",18,"Rebels, barons and the king's wars at home",-6.052,B,23,153,1 Edward the Fourth,"Heywood, Thomas",28.898,1.256,0.137
history,"Shakespeare, William",43,York and Lancaster: dynastic claims and conflict,3.994,A,11,399,1 Henry the Sixth,"Anonymous / Marlowe, Christopher / Shakespeare, William / Nashe, Thomas",19.371,1.761,0.305
history,"Shakespeare, William",43,York and Lancaster: dynastic claims and conflict,3.994,A,11,138,3 Henry the Sixth (The True Tragedy of Richard Duke of York and the Good King Henry the Sixth),"Anonymous / Marlowe, Christopher / Shakespeare, William",18.931,1.721,0.298
history,"Shakespeare, William",43,York and Lancaster: dynastic claims and conflict,3.994,A,11,119,2 Henry the Sixth (The First Part of the Contention betwixt the Two Famous Houses of York and Lancaster),"Anonymous / Marlowe, Christopher / Shakespeare, William",12.82,1.165,0.202
history,"Shakespeare, William",43,York and Lancaster: dynastic claims and conflict,3.994,B,23,101,1 The Troublesome Reign of King John,Anonymous,17.709,0.77,0.433
history,"Shakespeare, William",43,York and Lancaster: dynastic claims and conflict,3.994,B,23,126,The True Tragedy of Richard the Third,Anonymous,10.303,0.448,0.252
history,"Shakespeare, William",43,York and Lancaster: dynastic claims and conflict,3.994,B,23,256,The Famous History of Sir Thomas Wyatt,"Heywood, Thomas / Dekker, Thomas / Chettle, Henry / Webster, John",4.573,0.199,0.112
history,"Shakespeare, William",5,"Christian faith, sin and salvation",-3.146,B,23,160,The Love of King David and Fair Bathsheba,"Peele, George",70.091,3.047,0.969
history,"Shakespeare, William",5,"Christian faith, sin and salvation",-3.146,B,23,166,1 Sir John Oldcastle,"Wilson, Robert / Drayton, Michael / Munday, Anthony / Hathaway, Richard",2.262,0.098,0.031
history,"Shakespeare, William",15,Friars and holy orders in plot,-2.329,B,23,112,Edward the First,"Peele, George",27.663,1.203,0.516
history,"Shakespeare, William",15,Friars and holy orders in plot,-2.329,B,23,102,2 The Troublesome Reign of King John,Anonymous,15.48,0.673,0.289
history,"Shakespeare, William",15,Friars and holy orders in plot,-2.329,B,23,101,1 The Troublesome Reign of King John,Anonymous,7.366,0.32,0.138
history,"Shakespeare, William",6,"Money, debt and credit",-1.625,B,23,189,Thomas Lord Cromwell,"S., W.",15.46,0.672,0.414
history,"Shakespeare, William",6,"Money, debt and credit",-1.625,B,23,224,2 If You Know Not Me You Know Nobody (The Second Part of Queen Elizabeth's Troubles),"Heywood, Thomas",9.14,0.397,0.245
history,"Shakespeare, William",6,"Money, debt and credit",-1.625,B,23,192,"A Larum for London, or The Siege of Antwerp",Anonymous,8.194,0.356,0.219
history,"Shakespeare, William",0,"Court life: dukes, favour and honour",-1.004,A,11,142,Richard the Third,"Shakespeare, William",7.158,0.651,0.287
history,"Shakespeare, William",0,"Court life: dukes, favour and honour",-1.004,A,11,141,Richard the Second,"Shakespeare, William",4.78,0.435,0.191
history,"Shakespeare, William",0,"Court life: dukes, favour and honour",-1.004,A,11,138,3 Henry the Sixth (The True Tragedy of Richard Duke of York and the Good King Henry the Sixth),"Anonymous / Marlowe, Christopher / Shakespeare, William",4.141,0.376,0.166
history,"Shakespeare, William",0,"Court life: dukes, favour and honour",-1.004,B,23,451,The Duchess of Suffolk,"Drue, Thomas",51.464,2.238,0.684
history,"Shakespeare, William",0,"Court life: dukes, favour and honour",-1.004,B,23,274,The Conspiracy of Charles Duke of Byron,"Chapman, George",17.738,0.771,0.236
history,"Shakespeare, William",0,"Court life: dukes, favour and honour",-1.004,B,23,154,2 Edward the Fourth,"Heywood, Thomas",6.09,0.265,0.081
history,"Shakespeare, William",2,"Roman politics: senate, consuls and civil war",-0.915,B,23,482,Fuimus Troes (The True Trojans),"Fisher, Jasper",14.969,0.651,0.712
history,"Shakespeare, William",2,"Roman politics: senate, consuls and civil war",-0.915,B,23,327,The Valiant Welshman (Caradoc the Great),"A., R.",6.067,0.264,0.288
history,"Shakespeare, William",7,The Trojan war: conflict and its aftermath,-0.599,B,23,482,Fuimus Troes (The True Trojans),"Fisher, Jasper",11.745,0.511,0.852
history,"Shakespeare, William",7,The Trojan war: conflict and its aftermath,-0.599,B,23,154,2 Edward the Fourth,"Heywood, Thomas",2.037,0.089,0.148
history,"Shakespeare, William",30,"Constables, justices and the watch",-0.562,B,23,212,When You See Me You Know Me (Henry the Eighth),"Rowley, Samuel",8.276,0.36,0.641
history,"Shakespeare, William",30,"Constables, justices and the watch",-0.562,B,23,166,1 Sir John Oldcastle,"Wilson, Robert / Drayton, Michael / Munday, Anthony / Hathaway, Richard",4.639,0.202,0.359
history,"Shakespeare, William",14,"Royal love, favour and dynastic relationships",-0.536,A,11,167,2 Henry the Fourth,"Shakespeare, William",4.152,0.377,0.419
history,"Shakespeare, William",14,"Royal love, favour and dynastic relationships",-0.536,A,11,142,Richard the Third,"Shakespeare, William",3.657,0.332,0.369
history,"Shakespeare, William",14,"Royal love, favour and dynastic relationships",-0.536,A,11,400,Henry the Eighth (All Is True),"Shakespeare, William / Fletcher, John",2.098,0.191,0.212
history,"Shakespeare, William",14,"Royal love, favour and dynastic relationships",-0.536,B,23,215,"1 If You Know Not Me You Know Nobody, or The Troubles of Queen Elizabeth","Heywood, Thomas",26.46,1.15,0.801
history,"Shakespeare, William",14,"Royal love, favour and dynastic relationships",-0.536,B,23,112,Edward the First,"Peele, George",2.312,0.101,0.07
history,"Shakespeare, William",14,"Royal love, favour and dynastic relationships",-0.536,B,23,153,1 Edward the Fourth,"Heywood, Thomas",2.203,0.096,0.067
history,"Shakespeare, William",47,"Knaves, thieves and bawds",0.458,A,11,145,1 Henry the Fourth,"Shakespeare, William",6.104,0.555,1.0
history,"Shakespeare, William",47,"Knaves, thieves and bawds",0.458,B,23,153,1 Edward the Fourth,"Heywood, Thomas",2.239,0.097,1.0
history,"Shakespeare, William",45,"Widows, wooing and remarriage",0.386,A,11,138,3 Henry the Sixth (The True Tragedy of Richard Duke of York and the Good King Henry the Sixth),"Anonymous / Marlowe, Christopher / Shakespeare, William",4.244,0.386,1.0
history,"Shakespeare, William",1,"Death, grief and revenge",0.382,A,11,398,King John,"Shakespeare, William",9.535,0.867,0.347
history,"Shakespeare, William",1,"Death, grief and revenge",0.382,A,11,142,Richard the Third,"Shakespeare, William",5.434,0.494,0.198
history,"Shakespeare, William",1,"Death, grief and revenge",0.382,A,11,119,2 Henry the Sixth (The First Part of the Contention betwixt the Two Famous Houses of York and Lancaster),"Anonymous / Marlowe, Christopher / Shakespeare, William",3.101,0.282,0.113
history,"Shakespeare, William",1,"Death, grief and revenge",0.382,B,23,256,The Famous History of Sir Thomas Wyatt,"Heywood, Thomas / Dekker, Thomas / Chettle, Henry / Webster, John",13.59,0.591,0.279
history,"Shakespeare, William",1,"Death, grief and revenge",0.382,B,23,154,2 Edward the Fourth,"Heywood, Thomas",6.103,0.265,0.125
history,"Shakespeare, William",1,"Death, grief and revenge",0.382,B,23,482,Fuimus Troes (The True Trojans),"Fisher, Jasper",5.976,0.26,0.123
history,"Shakespeare, William",39,"Profit, conscience and dishonest dealing",0.371,A,11,165,Henry the Fifth,"Shakespeare, William",4.082,0.371,1.0
history,"Shakespeare, William",11,"Siblings, kin and confidants",-0.29,B,23,192,"A Larum for London, or The Siege of Antwerp",Anonymous,4.167,0.181,0.624
history,"Shakespeare, William",11,"Siblings, kin and confidants",-0.29,B,23,213,The True Chronicle of King Leir (King Lear and his Three Daughters),Anonymous,2.506,0.109,0.376
history,"Shakespeare, William",16,"Gallantry: ladies, lordships and compliment",-0.283,B,23,215,"1 If You Know Not Me You Know Nobody, or The Troubles of Queen Elizabeth","Heywood, Thomas",4.206,0.183,0.647
history,"Shakespeare, William",16,"Gallantry: ladies, lordships and compliment",-0.283,B,23,224,2 If You Know Not Me You Know Nobody (The Second Part of Queen Elizabeth's Troubles),"Heywood, Thomas",2.298,0.1,0.353
history,"Shakespeare, William",56,"Magic, spells and conjuring",-0.283,B,23,327,The Valiant Welshman (Caradoc the Great),"A., R.",6.498,0.283,1.0
history,"Shakespeare, William",55,"Fairies, fairy queens and enchanted desire",-0.278,B,23,327,The Valiant Welshman (Caradoc the Great),"A., R.",6.391,0.278,1.0
history,"Shakespeare, William",8,"Captains, gallants and cheats",0.252,A,11,167,2 Henry the Fourth,"Shakespeare, William",2.169,0.197,0.566
history,"Shakespeare, William",8,"Captains, gallants and cheats",0.252,A,11,142,Richard the Third,"Shakespeare, William",1.66,0.151,0.434
history,"Shakespeare, William",8,"Captains, gallants and cheats",0.252,B,23,153,1 Edward the Fourth,"Heywood, Thomas",2.216,0.096,1.0
history,"Shakespeare, William",40,"Sin, guilt and violent loss within families",0.249,A,11,398,King John,"Shakespeare, William",2.375,0.216,0.571
history,"Shakespeare, William",40,"Sin, guilt and violent loss within families",0.249,A,11,142,Richard the Third,"Shakespeare, William",1.781,0.162,0.429
history,"Shakespeare, William",40,"Sin, guilt and violent loss within families",0.249,B,23,327,The Valiant Welshman (Caradoc the Great),"A., R.",2.954,0.128,1.0
history,"Shakespeare, William",4,Love-longing and the lover's complaint,0.226,A,11,140,The Reign of King Edward the Third,"Anonymous / Shakespeare, William",2.49,0.226,1.0
history,"Shakespeare, William",36,"Hell, Furies and the language of punishment",0.2,A,11,138,3 Henry the Sixth (The True Tragedy of Richard Duke of York and the Good King Henry the Sixth),"Anonymous / Marlowe, Christopher / Shakespeare, William",2.205,0.2,1.0
history,"Shakespeare, William",44,"Drinking: wine, ale and taverns",0.2,A,11,167,2 Henry the Fourth,"Shakespeare, William",2.203,0.2,1.0
history,"Shakespeare, William",51,"Parents and children: blessing, birthright and inheritance",-0.197,B,23,213,The True Chronicle of King Leir (King Lear and his Three Daughters),Anonymous,4.528,0.197,1.0
history,"Shakespeare, William",38,"Death, parting and grief at court",0.167,A,11,141,Richard the Second,"Shakespeare, William",7.213,0.656,0.396
history,"Shakespeare, William",38,"Death, parting and grief at court",0.167,A,11,138,3 Henry the Sixth (The True Tragedy of Richard Duke of York and the Good King Henry the Sixth),"Anonymous / Marlowe, Christopher / Shakespeare, William",4.381,0.398,0.241
history,"Shakespeare, William",38,"Death, parting and grief at court",0.167,A,11,142,Richard the Third,"Shakespeare, William",3.522,0.32,0.194
history,"Shakespeare, William",38,"Death, parting and grief at court",0.167,B,23,129,Edward the Second,"Marlowe, Christopher",7.271,0.316,0.213
history,"Shakespeare, William",38,"Death, parting and grief at court",0.167,B,23,327,The Valiant Welshman (Caradoc the Great),"A., R.",5.998,0.261,0.175
history,"Shakespeare, William",38,"Death, parting and grief at court",0.167,B,23,102,2 The Troublesome Reign of King John,Anonymous,5.205,0.226,0.152
history,"Shakespeare, William",50,"Fleets, armies and generals: war by sea and land",0.159,A,11,167,2 Henry the Fourth,"Shakespeare, William",2.186,0.199,0.55
history,"Shakespeare, William",50,"Fleets, armies and generals: war by sea and land",0.159,A,11,142,Richard the Third,"Shakespeare, William",1.791,0.163,0.45
history,"Shakespeare, William",50,"Fleets, armies and generals: war by sea and land",0.159,B,23,213,The True Chronicle of King Leir (King Lear and his Three Daughters),Anonymous,2.335,0.102,0.5
history,"Shakespeare, William",50,"Fleets, armies and generals: war by sea and land",0.159,B,23,112,Edward the First,"Peele, George",2.331,0.101,0.5
history,"Shakespeare, William",26,"Devils, hell and fiends",0.152,A,11,142,Richard the Third,"Shakespeare, William",1.67,0.152,1.0
history,"Shakespeare, William",25,"Kings, power and law: political sententiae",-0.138,B,23,274,The Conspiracy of Charles Duke of Byron,"Chapman, George",3.179,0.138,1.0
history,"Shakespeare, William",12,"Olympian gods: Jupiter, Juno, Venus and Mars",-0.129,B,23,482,Fuimus Troes (The True Trojans),"Fisher, Jasper",2.958,0.129,1.0
history,"Shakespeare, William",32,Rings and jewels as tokens,-0.12,A,11,145,1 Henry the Fourth,"Shakespeare, William",1.92,0.175,1.0
history,"Shakespeare, William",32,Rings and jewels as tokens,-0.12,B,23,224,2 If You Know Not Me You Know Nobody (The Second Part of Queen Elizabeth's Troubles),"Heywood, Thomas",4.633,0.201,0.684
history,"Shakespeare, William",32,Rings and jewels as tokens,-0.12,B,23,153,1 Edward the Fourth,"Heywood, Thomas",2.141,0.093,0.316
history,"Shakespeare, William",27,"Uncles, nephews and cousins: kinship and patronage",-0.098,B,23,224,2 If You Know Not Me You Know Nobody (The Second Part of Queen Elizabeth's Troubles),"Heywood, Thomas",2.251,0.098,1.0
history,"Shakespeare, William",3,"Sickness, physic and doctors",-0.092,A,11,167,2 Henry the Fourth,"Shakespeare, William",2.025,0.184,1.0
history,"Shakespeare, William",3,"Sickness, physic and doctors",-0.092,B,23,154,2 Edward the Fourth,"Heywood, Thomas",4.066,0.177,0.641
history,"Shakespeare, William",3,"Sickness, physic and doctors",-0.092,B,23,224,2 If You Know Not Me You Know Nobody (The Second Part of Queen Elizabeth's Troubles),"Heywood, Thomas",2.279,0.099,0.359
history,"Shakespeare, William",52,"Prodigals, portions and poor kin",0.085,A,11,141,Richard the Second,"Shakespeare, William",2.438,0.222,1.0
history,"Shakespeare, William",52,"Prodigals, portions and poor kin",0.085,B,23,327,The Valiant Welshman (Caradoc the Great),"A., R.",3.138,0.136,1.0
history,"Shakespeare, William",31,"Popes, cardinals and the crown",0.016,A,11,400,Henry the Eighth (All Is True),"Shakespeare, William / Fletcher, John",26.961,2.451,0.733
history,"Shakespeare, William",31,"Popes, cardinals and the crown",0.016,A,11,398,King John,"Shakespeare, William",9.8,0.891,0.267
history,"Shakespeare, William",31,"Popes, cardinals and the crown",0.016,B,23,212,When You See Me You Know Me (Henry the Eighth),"Rowley, Samuel",35.491,1.543,0.464
history,"Shakespeare, William",31,"Popes, cardinals and the crown",0.016,B,23,102,2 The Troublesome Reign of King John,Anonymous,26.194,1.139,0.342
history,"Shakespeare, William",31,"Popes, cardinals and the crown",0.016,B,23,101,1 The Troublesome Reign of King John,Anonymous,7.403,0.322,0.097
