tcp,name,status,n_words,forms
A00456,VIRGINIUS,kept,1891,"Virginius. | Virginius, | Virginius | Virginus"
A00456,HAPHAZARD,kept,1849,"Haphazard. | Haphazard,"
A00456,APPIUS,kept,706,"Apius. | Apius,"
A00456,MANSIPULUS,kept,518,Manſipulus. | Manſipilus.
A00456,MANSIPULA,kept,491,Manſipula. | Manſipula | Mahſipula.
A00456,VIRGINIA,kept,471,Virginia.
A00456,CONSCIENCE,kept,431,Conſcience. | Conſcience | Conſience.
A00456,MOTHER,kept,201,Mater. | Mater
A00456,SUBSERVUS,kept,158,Subſeruus.
A00456,JUSTICE,kept,74,Iuſtice.
A00456,CLAUDIUS,kept,90,Claudius.
A00456,__crowd__,dropped_short,17,¶ All ſpeake. | ¶ All ſpeaketh.
A00471,EVERYMAN,kept,2874,euery man | eueryman | euery man. | ¶Eueryman.
A00471,DEATH,kept,598,Deth. | Dethe. | ¶Deth.
A00471,GOD,kept,387,God.
A00471,FELLOWSHIP,kept,477,Felawe.
A00471,KINDRED,kept,185,Kynred.
A00471,COUSIN,kept,119,Coſyn.
A00471,GOODS,kept,334,Goodes.
A00471,GOOD DEEDS,kept,434,Good ded
A00471,KNOWLEDGE,kept,491,Knowlege
A00471,CONFESSION,kept,155,Confeſſyo ̄
A00471,BEAUTY,kept,79,Beautye.
A00471,STRENGTH,kept,138,Strength | Strenght
A00471,DISCRETION,kept,81,Deſcreſſio ̄ | Diſcreſſio ̄
A00471,FIVE WITS,kept,362,v. wyttis. | v. wyttes.
A00471,ANGEL,kept,53,Aungell.
A00471,DOCTOR,kept,174,Doctoure
A00471,MESSENGER,kept,149,meſſe ̄ gere
A00723,HONOUR,kept,1812,Maid. | Maide. | Mai.
A00723,PERFECT,kept,1143,Wife. | Wife
A00723,BRIGHT,kept,2024,Wid. | Widow. | Widd. | Wid
A00723,INGEN,kept,1774,Ing. | Ingen. | In.
A00723,LOVEALL,kept,1121,Husb. | Hus. | Hurb. | Hub. | Knight.
A00723,SUBTLE,kept,1536,Subt. | Sub. | Subt: | Subtle. | Su.
A00723,FEE-SIMPLE,kept,1945,Feesi. | Fees. | Fee. | Feesim. | Feesi | Feesimp. | Fee
A00723,BOLD,kept,2349,Bould. | Bo. | Bould | Bou. | Bou • d. | Boul.
A00723,WELLTRIED,kept,1153,Welt. | Wel. | Welt | Weltr. | Wilt.
A00723,SELDOM,kept,374,Seld. | Sel.
A00723,GRACE,kept,282,Grace. | Gr. | Ms. Seld. | Grace
A00723,MOLL,kept,162,Mall.
A00723,PROUDLY,kept,937,Proud. | Pr. | Lo. Proud. | Proudly. | P • oud
A00723,PAGE,dropped_short,41,Page.
A00723,SERVANT,dropped_short,11,Seru.
A00723,FRANK,kept,378,Broth. | Bro. | Brother.
A00723,WHOREBANG,kept,69,Whoore. | Whore. | Whor. | Wb.
A00723,BOTS,kept,67,Botts. | Bots. | Bot.
A00723,TEARCHAPS,kept,98,Tear.
A00723,SPILLBLOOD,kept,78,Spilb.
A00723,DRAWER,kept,136,Draw. | Dr.
A00723,PITTS,dropped_short,3,1. Serg.
A00723,DONNER,dropped_short,5,2. Serg.
A00723,COUNT,kept,183,Count. | Count | Coun. | Co.
A00723,PARSON,kept,52,Priest.
A00723,__crowd__,kept,74,Omnes. | Om. | All Sw.
A00723,[unresolved] Sol.,unresolved_excluded,123,Sol.
A00723,[unresolved] Ma.,unresolved_excluded,44,Ma.
A00723,[unresolved] Wild.,unresolved_excluded,19,Wild.
A00725,SCUDMORE,kept,3053,"Scud. | Scu. | Sc. Legit. | Scud. Loqui, ve raptus. | Sc."
A00725,NEVILL,kept,1639,"Neu. | Ne. | Neu, | Nue."
A00725,FREDERICK,kept,744,Cou. | Count. | Count
A00725,TAILOR,dropped_short,15,Tay.
A00725,WILL,kept,397,Page. | Boy | Boy. | Page
A00725,PENDANT,kept,2006,"Pen. | Pend. | Pend: | Pe. | Pen,"
A00725,POUTS,kept,1145,Cap. | Powts. | Ca.
A00725,SIR INNOCENT,kept,159,Inno. | S. In. | S. Inno. | Sir.
A00725,LADY NINNY,kept,127,La. Nin. | Lady. | La: Nin. | Nin.
A00725,SIR ABRAHAM,kept,1625,Abra. | Sir Abra. | S. Abr. | Ab. | Abr. | Abra
A00725,WAGTAIL,kept,873,Wag. | Mrs. Wag. | Wag..
A00725,WORLDLY,kept,767,"World. | World | Wor. | World,"
A00725,STRANGE,kept,1494,"Stra. | Stran. | Stean. | Str. | Stra,"
A00725,KATHERINE,kept,616,Kate. | Kate
A00725,LUCIDA,kept,266,Luce. | Luci. | Luce
A00725,BELLAFRONT,kept,710,Bell. | Bella.
A00725,SERVANTS,kept,138,Ser. | 2 Ser. | 3 ser.
A00725,PARSON,dropped_short,12,Par.
A00725,__crowd__,kept,64,Om. | Omner | Omnes | Om. Spect. | Scud. Luci. Bell. | S. In. La. | Sir In. La.
A00760,MERCURY,kept,366,Merc. | Mer. | M Er.
A00760,BRENNUS,kept,344,Brenn.
A00760,CAMILLUS,kept,288,Cam.
A00760,NENNIUS,kept,1203,Nenn.
A00760,CAESAR,kept,1860,Caes.
A00760,COMIUS,kept,224,Com.
A00760,VOLUSENUS,kept,477,Volus. | Vol.
A00760,LABERIUS,kept,214,Laber. | Lab.
A00760,CASSIBELAN,kept,2399,Cassib. | Cass. | Cassi. | Gass.
A00760,ANDROGEUS,kept,603,Andr. | Androg. | And.
A00760,THEMANTIUS,kept,480,Them.
A00760,BELINUS,kept,691,Bel. | Belin.
A00760,ROLLANO,kept,930,Roll.
A00760,EULINUS,kept,1979,Eul.
A00760,HIRILDAS,kept,820,Hir. | Hiril.
A00760,CRIDOUS,kept,74,Crid.
A00760,BRITAEL,kept,89,Brit.
A00760,GUERTED,kept,36,Guert.
A00760,LANTONUS,kept,929,Lant.
A00760,HULACUS,kept,487,Hul. | Hal
A00760,MANDUBRACE,kept,606,Mand. | Mandub. | Mane.
A00760,ATRIUS,kept,82,Atr.
A00760,__crowd__,kept,38,All. | Both.
A00958,GISBERT,kept,541,Gis. | Gi • .
A00958,BALDWIN,kept,403,Bald. | Bal. | Ball.
A00958,GRANPRE,kept,562,Grand. | Gran. | Gra • d.
A00958,VERDON,kept,49,Ver.
A00958,TREVILE,kept,63,Tre.
A00958,AUBREY,kept,2813,"Aub. | Aub, | Aub | Aubrey."
A00958,ROLLO,kept,3129,"Rol. | Roll. | Rollo. | Rol, | Ral."
A00958,OTTO,kept,898,Ot. | Ot •
A00958,LATORCH,kept,2664,"Lat. | Lat | Lat,"
A00958,SOPHIA,kept,1703,Soph. | Sop. | Roph. | •• p.
A00958,MASTER-COOK,kept,1391,Coo. | Cook. | Cook | Co • .
A00958,PAUL,kept,126,Pant. | Pan.
A00958,BUTLER,kept,119,But.
A00958,YEOMAN,kept,156,Yeo.
A00958,SEWER,dropped_short,32,Sew.
A00958,SERVANT,dropped_short,8,Ser.
A00958,MATILDA,kept,538,Mat.
A00958,EDITH,kept,1306,Ed. | Edith. | Edi.
A00958,HAMOND,kept,390,Ham. | Ha. | H • m.
A00958,GUARD,kept,50,Guard. | Guard 1. | Guard 2. | Guar. | Gu • r.
A00958,CITIZENS,kept,55,Cit. 1. | Cit. 2. | Cit. 3. | Cit.
A00958,BOYS,dropped_short,35,Boy 1. | Boy 2. | Boy 3. | Boyes
A00958,RUSEE,kept,463,Rus.
A00958,BUBE,kept,204,Bub.
A00958,LA FISKE,kept,341,Fis. | Fiske. | Fi • .
A00958,NORBRET,kept,611,Nor.
A00958,PIPPEAU,kept,229,Pip.
A00958,MESSENGER,dropped_short,7,Messen.
A00958,LORDS,kept,67,Lord 1. | Lord 2.
A00958,__crowd__,kept,92,All. | Gis. and Bal.
A00958,[unresolved] Dat.,unresolved_excluded,4,Dat.
A00959,GISBERT,kept,501,Gisb. | Gish.
A00959,BALDWIN,kept,436,Bald. | Baldw. | Bald
A00959,GRANPRE,kept,555,Gran. | Granp.
A00959,VERDON,kept,48,Verd.
A00959,TREVILE,kept,71,Trevile. | Tre. | Treu. | Trev.
A00959,AUBREY,kept,3063,"Aub. | Aub, | Au."
A00959,ROLLO,kept,3102,"Roll. | Rollo. | Rollo, | Rol. | Rollo: | Rollo"
A00959,OTTO,kept,885,Otto. | Otto: | Ot.
A00959,LATORCH,kept,2646,"Lator. | Lat. | Lat, | Lato. | Lator, | Lan. | Lat"
A00959,SOPHIA,kept,1738,Soph. | Sop • .
A00959,MASTER-COOK,kept,1530,Cook. | Cooke. | Coo. | Cook •
A00959,PAUL,kept,119,Pant. | Pant | Pa • t. | Pa ̄ .
A00959,BUTLER,kept,115,Butl. | But.
A00959,YEOMAN,kept,185,"Yeo. Sel. | Yeo. sel. | Yeo. sell. | Yeo. sel,"
A00959,SEWER,kept,37,Shewer.
A00959,SERVANT,dropped_short,22,Ser. | Serv.
A00959,MATILDA,kept,532,Mat.
A00959,EDITH,kept,1331,Edith. | Ed.
A00959,HAMOND,kept,378,Ham. | Ham • | Ham
A00959,GUARD,kept,56,Guard. | Guard. 1. | Guard. 2.
A00959,CITIZENS,kept,57,Cit. 1. | Cit. 2. | Cit. 3. | Cit.
A00959,BOYS,dropped_short,37,Boy. 1. | Boy. 2. | Boy. 3. | Boyes.
A00959,ALLAN,kept,86,"Allan. | Allan,"
A00959,RUSEE,kept,462,"Russ. | Rus. | Russe. | Ru • s,"
A00959,BUBE,kept,211,Bub. | Bube. | Bud.
A00959,LA FISKE,kept,344,Fisk. | Fisk • | Fiske.
A00959,NORBRET,kept,635,"Norb. | Nor. | Norb,"
A00959,PIPPEAU,kept,214,Pip.
A00959,MESSENGER,dropped_short,7,Mess.
A00959,LORDS,kept,65,Lord. 1. | Lord. 2. | Lor. 1.
A00959,__crowd__,dropped_short,8,Omn. | Gisb. & Bald.
A00959,[unresolved] A ••• ,unresolved_excluded,6,A •••
A00960,LOUIS,kept,1126,Lew. | Le.
A00960,ANGELINA,kept,1513,Ang.
A00960,SYLVIA,kept,399,Syl.
A00960,ANDREW,kept,2576,"And. | Andr. | And, | Lilly. And."
A00960,RALPH,kept,228,Coo.
A00960,BUTLER,kept,86,But.
A00960,BRISAC,kept,2653,Bri. | Br. | Bris. | Bir.
A00960,CHARLES,kept,3955,Cha. | Char. | Ch.
A00960,EUSTACE,kept,1802,Eust.
A00960,EGREMONT,kept,390,Egre. | Egr.
A00960,COWSY,kept,408,Cow.
A00960,MIRAMONT,kept,3364,Mir. | Miram. | Mira. | (Mir. | Mi.
A00960,NOTARY,kept,88,Not.
A00960,LILY,kept,266,Lil.
A00960,PRIEST,dropped_short,13,Pr.
A00960,SERVANT,dropped_short,35,Ser. | Serv.
A00960,__crowd__,dropped_short,16,Both.
A00960,[unresolved] Co.,unresolved_excluded,64,Co.
A00960,[unresolved] L.,unresolved_excluded,4,L.
A00960,[unresolved] M.,unresolved_excluded,3,M.
A00962,CLORIN,kept,2326,"Clorin. | Clor: | Clor. | Cl • rin. | Clorin, | Clorin: | Glorin. | Clorin | Cl • r: | Clorin :"
A00962,SATYR,kept,1983,Satyre. | Sat. | Satyre: | Satyre | Saty. | Satire. | Satire | Satyr: | Satyre : | Satrye: | Satry:
A00962,OLD SHEPHERD,kept,184,Old Shep. | Old. | Olde.
A00962,PERIGOT,kept,2451,Peri. | Per. | Per: | Per : | P • r | per. | Per | Perigot. | Perigot | Perigot: | Perig. | Per •
A00962,AMORET,kept,2455,Amo: | Amo. | Amo : | Amore. | Am • : | Amor.
A00962,PRIEST,kept,1965,Priest. | Priest | Preest.
A00962,AMARYLLIS,kept,1713,Amar. | Amaril. | Amaril: | Amaril | Ama:
A00962,SULLEN SHEPHERD,kept,1736,Sul. | Sullen. | Sull. | Sullen.: | Sullen:
A00962,CHLOE,kept,1552,"Cloe. | Cloe, | Cloe"
A00962,THENOT,kept,1474,Thenot. | The. | Thenot | Then. | Theonot. | Thenes | Thenot: | Shep.
A00962,DAPHNIS,kept,765,Daph. | D • ph • | Daphinis. | Daphnis.
A00962,ALEXIS,kept,623,Alex. | Alexis. | Allexis. | Alex
A00962,RIVER-GOD,kept,550,God | God. | God:
A00962,__crowd__,dropped_short,16,All.
A00962,[unresolved] Ver.,unresolved_excluded,55,Ver.
A00962,[unresolved] Auso :,unresolved_excluded,2,Auso :
A00966,LURCHER,kept,3005,Lur. | Lu. | Lur | Lurc.
A00966,WILDBRAIN,kept,3279,"Wi. | Wil. | Wil, | Wild. | Wi | Wild"
A00966,GENTLEMEN,kept,730,1. | 2.
A00966,HARTLOVE,kept,2266,Ha. | Fr. | Fra. | Fran.
A00966,MOTHER,kept,1287,"La. | Lad. | La,"
A00966,MARIA,kept,1292,Ma. | Mar.
A00966,SNAP,kept,2860,Boy. | Bo.
A00966,NURSE,kept,671,Nur. | Nu.
A00966,NEWLOVE,kept,121,New.
A00966,TOBY,kept,1943,To. | Tob.
A00966,ALGRIPE,kept,1414,Iu. | Ju. | Al. | Iust. | In.
A00966,WOMEN,dropped_short,23,Wo.
A00966,SERVANT,kept,154,Ser.
A00966,MISTRESS,kept,377,Mi.
A00966,SEXTON,kept,74,Sex.
A00966,BELL-RINGERS,dropped_short,34,Rin. | Recorders 1 and 2
A00966,__crowd__,dropped_short,16,"Wo. and Nur. | 1 and G. | 1, 2 and Fu."
A00966,[unresolved] Tom.,unresolved_excluded,82,Tom.
A00966,[unresolved] M.,unresolved_excluded,2,M.
A00966,[unresolved] Pr.,unresolved_excluded,4,Pr.
A00966,[unresolved] Le.,unresolved_excluded,24,Le.
A00967,PEREZ,kept,4083,Mich. | Per. | Perez. | Perez | Mi.
A00967,JUAN,kept,1077,"Iuan. | Iuan | Iuan, | Iu."
A00967,SERVANT,kept,230,Ser. | Serv. | ser.
A00967,CLARA,kept,139,Clara.
A00967,ESTEFANIA,kept,2497,Estif. | Est • f.
A00967,SANCHIO,kept,411,Sanch. | sanch. | Sanc.
A00967,ALONZO,kept,578,"Alon. | Alon, | Alon"
A00967,OLD LADIES,kept,362,1. | 2. | 3. | 1 Lady.
A00967,ALTEA,kept,613,Alt. | Altea. | 4.
A00967,LEON,kept,3341,Leon. | Leon | Leon •
A00967,CACAFUEGO,kept,1219,Cac. | Caca. | Cacaf. below. | Cacafogo below.
A00967,MARGARITA,kept,2882,Marg. | Mar. | Margar. | Marg • | Marg
A00967,MAID,kept,116,Maid.
A00967,OLD WOMAN,kept,212,Old wo. | Old wo | Old Wom • | Old. wo.
A00967,MEDINA,kept,773,Duk. | Duke. | Duk • | Duk | Duke with in.
A00967,LORENZO,kept,105,Lor.
A00967,COACHMAN,dropped_short,6,Coachm.
A00967,__crowd__,dropped_short,16,All. | Omnes.
A00968,BRUNHILD,kept,2849,"Brun. | Brun, | BRVNHALT."
A00968,THEODORET,kept,1788,Theod. | Theodoret.
A00968,BAWDBER,kept,907,Bawdb. | Bawdh. | Bawd. | Baw. | Baudb. | Bawdh
A00968,PROTALDI,kept,1594,Prot. | Prota. | Pro. | Protal. | Prot: | Pro: | Frot. | Prota: | Protaldye.
A00968,LECURE,kept,693,Lecure.
A00968,MARTEL,kept,2822,Mart. | Martell.
A00968,DE VITRY,kept,1411,Vitry. | Deuitry. | Deuit. | Deui. | Deuis.
A00968,THIERRY,kept,4882,Thier. | Thierry. | Their. | Thier | Thi. | Thiery. | Thierry
A00968,MEMBERGE,kept,247,Memb.
A00968,POST,dropped_short,6,Post.
A00968,ORDELLA,kept,1057,Ordella. | Ordilla. | Ordel.
A00968,SERVANT,kept,86,Serua.
A00968,LADY,dropped_short,12,Lady.
A00968,REVELLERS,dropped_short,11,Reuel.
A00968,GUARD,dropped_short,10,1 Guard.
A00968,DOCTORS,kept,49,1. Doct. | 2. Doct.
A00968,MESSENGER,dropped_short,33,Messen.
A00968,__crowd__,dropped_short,35,Omnes. | Ownes. | Lecure. Bawdb.
A00968,[unresolved] 1.,unresolved_excluded,244,1.
A00968,[unresolved] 2.,unresolved_excluded,199,2.
A00968,[unresolved] 3.,unresolved_excluded,110,3.
A00968,[unresolved] 4.,unresolved_excluded,102,4.
A00968,[unresolved] 1,unresolved_excluded,12,1
A00968,"[unresolved] 3,",unresolved_excluded,4,"3,"
A00968,[unresolved] Pre.,unresolved_excluded,7,Pre.
A00968,[unresolved] Niobe.,unresolved_excluded,22,Niobe.
A00969,THESEUS,kept,2402,Thes. | Theseus. | T •… s.
A00969,HIPPOLYTA,kept,719,Hip. | Hipol. | Hyp. | Hypol.
A00969,EMILIA,kept,2825,"Emil. | Emilia. | Emili. | Emil, | Emi •… ."
A00969,PIRITHOUS,kept,998,Pir. | Per. | Perith. | Pirithous. | Pirith. | P •… r.
A00969,QUEENS,kept,994,"1. Qu. | 2. Qu. | 3. Qu. | 1, Qu."
A00969,PALAMON,kept,4227,Pal. | Palamon. | Pala. | Pa •… . | Ral. | Fal.
A00969,ARCITE,kept,3775,"Arc. | Arcite. | Arc, | Ar •… ite, | Arcite, | Ar •… . | Arci. | Are."
A00969,VALERIUS,kept,55,Ual. | Val.
A00969,HERALD,kept,69,Her. | Herald.
A00969,JAILER,kept,751,"Iailor. | Iay. | Iaylor. | Keeper, | Iai. | Keep. | Iay, | Keeper. | Keep | Iaylor | Ioy. | Keep,"
A00969,WOOER,kept,767,Woo. | Wooer.
A00969,JAILER'S DAUGHTER,kept,2600,"Daugh. | Daughter. | Daug. | Dau. | Dangh. | Daug,"
A00969,WOMAN,kept,75,Wom. | W •… .
A00969,COUNTRY PEOPLE,kept,721,"1. | 2. | 3. | 4. | 2, | 1,"
A00969,GERALD,kept,723,"Sch. | Sch,"
A00969,TIMOTHY,dropped_short,7,Tab.
A00969,WENCHES,dropped_short,4,Nel.
A00969,BAVIAN,dropped_short,2,Bau.
A00969,FRIENDS,kept,274,1. Fr. | 2. Fr. | 2. Fr:
A00969,JAILER'S BROTHER,kept,41,Bro.
A00969,GENTLEMAN,dropped_short,18,Gent.
A00969,MESSENGER,kept,367,Mess. | Mess | M •… ss.
A00969,DOCTOR,kept,674,Do. | Doctor. | Doct. | Docter. | Doc.
A00969,KNIGHTS,kept,63,1. K. | 2. K. | 3. K.
A00969,SERVANT,kept,71,Ser.
A00969,__crowd__,kept,78,All. | All Queens. | Both. | All K. | 1. 2. K. | 〈◊〉 .
A00969,"[unresolved] Quipassa,",unresolved_excluded,4,"Quipassa,"
A00969,[unresolved] Ber.,unresolved_excluded,5,Ber.
A00979,PERINDUS,kept,2201,Per. | Per: | Perindus. | Per | Per •
A00979,ARMILLUS,kept,1064,Ar. | Ar: | Ar •
A00979,OLINDA,kept,1207,"Olin. | Olin, | Olen. | Olind."
A00979,GLAUCILLA,kept,1218,Glau. | Glaucilla sola. | Gla.
A00979,COSMA,kept,1083,Cos. | Cos | • os. | Co • .
A00979,DICAEUS,kept,70,Dicae. | Decae.
A00979,ATYCHES,kept,2027,Atych. | Tha. | Aty. | Atych: | Atych | Atyoh.
A00979,CONCHYLIO,kept,2719,"Con. | Con,"
A00979,PAS,kept,984,Pas. | Pa • . | Pas | P • s.
A00979,FREDOCALDO,kept,594,Fred. | • re. | Fre. | Fred | Fred:
A00979,ALCIPPUS,kept,988,Alcip. | Al.
A00979,CANCRONE,kept,2537,"Can. | Can, | Can | Ca • ."
A00979,SCROCCA,kept,789,Scr. | Scro. | S • r. | Sco. | Sor.
A00979,RIMBOMBO,kept,575,Rim.
A00979,TYRINTHUS,kept,722,Tyr. | T • y.
A00979,NOMICUS,kept,784,Nom.
A01046,ORGILUS,kept,4241,Org.
A01046,BASSANES,kept,2928,Bass. | B • ss. | Bass • | Bas.
A01046,PENTHEA,kept,2224,Pen. | Penth. | P •• . | Pe • . | P • n.
A01046,ITHOCLES,kept,2382,Itho. | Ith. | Itho •
A01046,CALANTHA,kept,1408,Cal. | Calan. | Cal ••• | C • lan.
A01046,AMYCLAS,kept,901,Amy.
A01046,CROTOLON,kept,738,Crot. | Crot • | Crot: | Cr • t.
A01046,EUPHRANEA,kept,314,Euphr. | Euphr: | Euph. | Fuphr.
A01046,ARMOSTES,kept,834,Arm. | Armo. | Arm • . | Ar • . | Armost. | Arm
A01046,PROPHILUS,kept,873,Proph. | Phoph. | Pro.
A01046,TECNICUS,kept,626,Tecn.
A01046,HEMOPHIL,kept,109,Hem. | Hemo. | Hom. | Lem.
A01046,GRONEAS,kept,211,"Gron. | Gr •• | Gron, | Gr • n."
A01046,CHRISTALLA,kept,183,Chri. | Christ. | C • ris • . | Chri • | Chry.
A01046,PHILEMA,kept,115,Phil. | Phil
A01046,PHULAS,kept,254,Phul.
A01046,GRAUSIS,kept,299,Gran. | Grans.
A01046,NEARCHUS,kept,539,Near. | Ne • r. | Near •
A01046,AMELUS,kept,52,Ame. | Amel. | Am • .
A01046,SERVANT,dropped_short,7,Ser • .
A01046,__crowd__,dropped_short,9,Omnes. | Both.
A01046,[unresolved] O •••• .,unresolved_excluded,6,O •••• .
A01046,[unresolved] Ca • .,unresolved_excluded,3,Ca • .
A01046,[unresolved] C • o •• ,unresolved_excluded,11,C • o ••
A01049,TROILO,kept,2100,Troy. | Troylo. | TROYLO. | Troylo | Troyo.
A01049,LIVIO,kept,2417,Liv. | Li. | Livio. | Livio | Liu.
A01049,OCTAVIO,kept,1317,Oct. | Octa.
A01049,NITIDO,kept,808,Nit. | Nie.
A01049,SECCO,kept,1375,Sec. | Secco.
A01049,SPADONE,kept,1554,Spa. | Spadone. | Sa.
A01049,ROMANELLO,kept,1864,Rom. | R. | Ro.
A01049,CASTAMELA,kept,1637,Cast. | Chast. | CAST.
A01049,FLORIA,kept,97,Flo.
A01049,CLARELLA,kept,268,Cla. | Clar. | CLA.
A01049,SILVIA,kept,75,Sil. | Sil
A01049,FLAVIA,kept,1872,Fla. | Flav. | FLA. | Flavia.
A01049,CAMILLO,kept,492,Cam.
A01049,VESPUCCI,kept,435,Ves. | Vesp. | Vef
A01049,FABRICIO,kept,205,Fab.
A01049,JULIO,kept,232,Iul. | Iu. | Iulio | Iv.
A01049,MOROSA,kept,1089,Mor. | MOR.
A01049,SERVANT,dropped_short,12,Ser.
A01049,__crowd__,dropped_short,15,Ambo. | Om. | Within.
A01052,AURIA,kept,3190,AURI. | AUR. | AVR. | AU. | AVRI.
A01052,AURELIO,kept,1075,AURE. | AUREL. | AUREL ▪ | AURE | AUREL
A01052,ADURNI,kept,1421,ADUR. | AD. | ADVR. | ADUR ▪
A01052,MALFATO,kept,1162,MAL. | MALFATO. | MAL | MAL ▪
A01052,TRELCATIO,kept,320,TREL.
A01052,PIERO,kept,722,PIE. | PIERO. | PII.
A01052,FUTELLI,kept,1860,FUT. | FVT. | FVTELLI. | FUT ▪
A01052,GUZMAN,kept,1056,GUZ. | GUZ
A01052,FULGOSO,kept,1343,FUL. | FVL. | FuL. | FULGOSO. | FUl.
A01052,BENATZI,kept,1027,BEN.
A01052,MARTINO,kept,904,MART. | MARTINO. | MAR. | MAR..
A01052,SPINELLA,kept,950,SPI. | SPIN.
A01052,CASTANNA,kept,466,CAST. | CAST ▪ | CAS.
A01052,AMORETTA,kept,267,AMO. | AM • O.
A01052,LEVIDOLCHE,kept,875,LE. | LEV. | LEV ▪ | Lev.
A01052,__crowd__,dropped_short,11,AMBO. | FUT. PIE.
A01052,[unresolved] CON.,unresolved_excluded,16,CON.
A01055,MENAPHON,kept,1492,Men. | Mena. | Menaphon.
A01055,PELIAS,kept,509,Pel.
A01055,SOPHRONOS,kept,473,Soph. | Sophronos. | Sophr. | Sophron.
A01055,AMETHUS,kept,1273,Amet. | Ame. | Amethus.
A01055,RHETIAS,kept,1781,Rhet. | Rhetias.
A01055,CUCULUS,kept,1248,Cucul. | Cucull. | Cuculus. | Cuc.
A01055,GRILLA,kept,397,Grill. | Gril.
A01055,CORAX,kept,1824,Cora. | Cor.
A01055,THAMASTA,kept,1534,Tham. | Tha.
A01055,KALA,kept,653,Kala. | Kala | Kal.
A01055,ARETUS,kept,271,Aret.
A01055,PARTHENOPHILL,kept,1437,Eroc. | Ero. | Eroclea.
A01055,PALADOR,kept,1749,Prince. | Prince | Prin.
A01055,CLEOPHILA,kept,697,"Cleo. | Cleophila ▪ | Cleophila, | Clo."
A01055,TROLLIO,kept,382,Troll. | Trol.
A01055,MELEANDER,kept,2031,Mel.
A01055,PHILOSOPHER,kept,60,Phi. | Philos.
A01055,SEA-NYMPH,dropped_short,36,Nym.
A01055,__crowd__,kept,48,"All. | Aret. Sophronos, | Soph. Aret. | Aret. Soph."
A01056,ROSEILLI,kept,1038,"Ros. | Ros,"
A01056,D'AVOLOS,kept,2843,"R. D. | R. D: | R, D. | R D."
A01056,FERNANDO,kept,3599,"Fer. | Fe •… . | Fer, | Fer"
A01056,PETRUCCIO,kept,609,Petr.
A01056,DUKE,kept,3793,Duke. | Duk.
A01056,BIANCA,kept,2095,"Bian. | Bia. | Bian, | Bian"
A01056,FIORMONDA,kept,1626,"Fior. | Fior, | Fio."
A01056,FERENTES,kept,1471,Feren. | Fere. | Feren
A01056,NIBRASSA,kept,588,Nib. | Nibr.
A01056,COLONA,kept,218,"Col. | Col, | Colona within. | Col. within."
A01056,JULIA,kept,401,Iul. | Iul
A01056,MAURUCCIO,kept,1489,"Mau. | Man,"
A01056,GIACOPO,kept,366,Gia.
A01056,MORONA,kept,175,Mor.
A01056,ABBOT,kept,123,Abbot.
A01056,SERVANT,kept,60,Ser.
A01056,__crowd__,dropped_short,11,Omnes. | Nib. et Petr.
A01227.1,PHYLLIS,kept,1540,Phillis. | Phil. | Phill.
A01227.1,DAPHNE,kept,2809,Daphne.
A01227.1,THYRSIS,kept,2083,Thyrsis. | Thrsis. | Thyr. | Thrysis.
A01227.1,AMYNTAS,kept,2863,Amyntas. | Amyn. | Amynt.
A01227.1,CHORUS,kept,1645,Chorus. | Chor.
A01227.1,FULVIA,kept,564,Fuluia.
A01227.1,ERGASTUS,kept,530,Ergastus.
A01227.1,ELPINUS,kept,489,Elpinus.
A01253,IMPERIALE,kept,1829,Imp. | Imperiale. | Impe.
A01253,MOLOSSO,kept,1842,Mol. | Moloſſo. | Moloſ.
A01253,SPINOLA,kept,1756,Spi. | Spin. | Spinola. | Spi ▪
A01253,JUSTINIANO,kept,1247,Iuſt. | Iuſtiniano. | Iust.
A01253,FRANCISCO,kept,633,Franciſco. | Fra. | Fran.
A01253,SANGUINO,kept,833,Sang. | San.
A01253,VERDUGO,kept,733,Verdugo. | Ver. | Ver ▪
A01253,HONORIA,kept,461,Hon.
A01253,ANGELICA,kept,829,Ang.
A01253,DORIA,kept,953,Dor. | Dor
A01253,EVA (unidentified),kept,551,Eva.
A01253,FID (unidentified),kept,255,Fid.
A01253,NUG (unidentified),kept,265,Nug.
A01253,CAT (unidentified),kept,111,Cat. | Cat
A01253,JUDGE,kept,436,Iud.
A01253,DOCTOR,kept,171,Doc.
A01253,WITNESSES,kept,186,Wit. 1. | Wit. 2.
A01253,FRIARS,kept,94,Fri. 1 | Fri. 2 | Fri. 1. | Fri. 2. | 1 Fri. | 2 Fri.
A01253,PORTER,dropped_short,9,Port. | Por.
A01253,COOK,kept,228,Cooke. | Coo.
A01253,OFFICER,dropped_short,14,Off.
A01253,SERVANT,dropped_short,2,Ser.
A01253,NUMBERED 1-2 (unidentified),kept,881,1 | 2
A01253,__crowd__,dropped_short,21,〈◊〉
A01253,[unresolved] Maſ.,unresolved_excluded,8,Maſ.
A01253,[unresolved] Aug.,unresolved_excluded,2,Aug.
A01353,NICHOL NEWFANGLE,kept,4827,Newfan. | Newfang. | Ni.New. | N.New. | Ni. Newfang | •• wfan. | New ••• . | Newfan | Newfang | Ni. New. | N. Newfang
A01353,LUCIFER,kept,471,Lucifer. | Lucifer
A01353,TOM COLLIER,kept,167,T.Collier | T. Collier. | T. Colliar. | T.Colier
A01353,TOM TOSSPOT,kept,1437,T.Tos. | T. Tos.
A01353,RAFE ROISTER,kept,860,R.Roister | R. roister. | R. Roister | R.Roister. | R. roister
A01353,HANS,kept,336,Haunce. | Haunce
A01353,PHILIP FLEMING,kept,114,Phi.flem.
A01353,CUTHBERT CUTPURSE,kept,468,C.cutpurs | C.cutpurs. | Cutbart cutpursse. | Cutbart | Cutbert.
A01353,PIERCE PICKPURSE,kept,443,P.pick. | P.Pick. | Pierse pickpurs.
A01353,VIRTUOUS LIVING,kept,1124,"Ver.life. | Ver.life,"
A01353,GOOD FAME,kept,241,G.fame. | Good fame. | Good fa. | 〈◊〉 • ame.
A01353,GOD'S PROMISE,kept,172,Gods pro. | Gods pro
A01353,HONOUR,kept,193,"Honour. | Honour,"
A01353,SEVERITY,kept,309,Seueritye. | Severitye.
A01353,HANKIN HANGMAN,kept,66,H.hang.
A01353,__crowd__,dropped_short,18,Bothe.
A01353,[unresolved] 〈◊〉,unresolved_excluded,67,〈◊〉
A01424,SUGAR,kept,1028,"Sug. | Sugar. | Sug,"
A01424,NUTMEG,kept,247,Nut.
A01424,TOAST,kept,402,Toſt.
A01424,WINE,kept,959,Wine. | VVine. | Win. | Wi.
A01424,BEER,kept,703,"Beere. | Beer. | Beere,"
A01424,ALE,kept,848,Ale.
A01424,WATER,kept,576,VVater. | Wat. | Water.
A01424,CHORUS,dropped_short,34,Chorus.
A01424,__crowd__,dropped_short,3,Both.
A01425,SUGAR,kept,859,Sug. | Sugar.
A01425,NUTMEG,kept,249,Nut.
A01425,TOAST,kept,404,Tost.
A01425,WINE,kept,1398,"Wine. | Win. | Wine | Wi. | Wine,"
A01425,BEER,kept,824,"Beere. | Beer, | Bee. | Beere | Be."
A01425,ALE,kept,1209,"Ale. | Ale ▪ | Ale, | Al."
A01425,WATER,kept,612,Water. | Wat.
A01425,TOBACCO,kept,528,"Tob. | Tobaco. | Tobaco, | To."
A01425,CHORUS,dropped_short,34,Chorus.
A01425,__crowd__,dropped_short,3,Both.
A01500,CICERO,kept,2839,Cicero. | CICERO.
A01500,CHORUS,kept,2044,CHORVS. | Chorus. | Chor. | Cho.
A01500,CORNELIA,kept,3196,Cornelia. | CORNELIA. | Corn. | Cor.
A01500,PHILIP,kept,179,Phil. | Phillip.
A01500,CASSIUS,kept,782,Cass. | Cassius. | Cas.
A01500,DECIMUS BRUTUS,kept,258,Brutus. | Bru. | Brut.
A01500,CAESAR,kept,979,Caesar. | Caes.
A01500,ANTONY,kept,300,Anth. | Anthony.
A01500,CHORUS OF CAESAR'S FRIENDS,kept,391,A Chorus of Caesars friends.
A01500,MESSENGER,kept,2389,Messenger. | Mess.
A01500,__crowd__,kept,1618,"Cornelia. and Cicero. | Cornelia. and Chorus. | Phillip. and Cornelia. | Cassius, Decim and Brutus."
A01502,ANTONIUS,kept,1945,Ant. | An. | M. Ant. | A.
A01502,CHORUS,kept,1961,Chorus.
A01502,PHILOSTRATUS,kept,640,Philostratus.
A01502,CLEOPATRA,kept,2739,"Cl. | Cleopatra. | Cleop. | Cl,"
A01502,IRAS,kept,140,"Eras. | Er. | Er,"
A01502,CHARMIAN,kept,905,"Char. | Ch. | Ch,"
A01502,DIOMEDE,kept,413,Diomed. | Diom.
A01502,LUCILIUS,kept,1027,"Lu. | Lu | Lu, | L."
A01502,CAESAR,kept,1127,Caes. | Caesar. | Cae. | Cas. | Caes | C.
A01502,AGRIPPA,kept,702,Ag. | Agr. | Agt.
A01502,DERCETAS,kept,340,Dir. | Dirce.
A01502,CHORUS OF ROMAN SOLDIERS,kept,384,Chorus of Romaine Souldiors.
A01502,EUPHRON,kept,99,"Euph. | Eu. | Eu,"
A01502,CHILDREN,dropped_short,4,Chil.
A01502,[unresolved] D.,unresolved_excluded,740,D.
A01502,[unresolved]  •• ,unresolved_excluded,127,••
A01506,POLI (unidentified),kept,364,POLI. | POLE. | PO • E.
A01506,CRITI (unidentified),kept,95,CRITI.
A01509,SATAN,kept,778,Diuell. | Deuill. | [Satan] | 〈◊〉 . [Satan]
A01509,ILL REPORT,kept,3845,Ill Rep. | Ill Report. | III Rep. | [Ill Report] | 〈◊〉 . [Ill Report] | p. [Ill Report]
A01509,VOLUPTAS,kept,1851,Volup. | [Voluptas] | 〈◊〉 . [Voluptas]
A01509,SENSUALITAS,kept,1502,Sensua. | Sensu. | [Sensualitas]
A01509,JOACHIM,kept,1065,Ioach. | [Joachim]
A01509,SUSANNA,kept,957,Susanna. | [Susanna]
A01509,ANCILLA,kept,489,Ancilla. | [Ancilla]
A01509,SERVA,kept,323,Serua ▪ | Serua. | • erua. | [Serva]
A01509,SERVUS,kept,361,Seruus | Seruus. | [Servus] | 〈◊〉 . [Servus]
A01509,TRUE REPORT,kept,465,Tru Rep. | True Rep | 〈◊〉 . [True Report] | 〈◊〉 Rep. [True Report] | [True Report]
A01509,HELCHIA,kept,371,Helchia. | 〈◊〉 . [Helchia] | [Helchia]
A01509,WIFE,kept,428,Vxor. | 〈◊〉 . [Wife] | [Wife]
A01509,JAILER,kept,250,Bayly. | [Jailer]
A01509,JUDEX,kept,907,Iudex. | [Judex] | 〈◊〉 . [Judex]
A01509,DANIEL,kept,830,Danyell. | Daynell. | 〈◊〉 . [Daniel] | [Daniel]
A01509,PROLOGUE,kept,117,[Prologue]
A01509,__crowd__,dropped_short,3,Se. Vo.
A01513.1,BALIA,kept,548,Ba. | Ba
A01513.1,POLYNESTA,kept,623,Po. | Pol.
A01513.1,CLEANDER,kept,1786,Cle. | Cle
A01513.1,PASIPHILO,kept,2394,Pa. | Pas. | Ps. | Pa | Pas
A01513.1,EROSTRATO,kept,1428,Du. | Dul.
A01513.1,DULIPPO,kept,1930,Ero. | Ero
A01513.1,CRAPINO,kept,206,Cra.
A01513.1,GENTLEMAN,kept,261,Sc. | Sce.
A01513.1,PAQUETTO,kept,149,Fa.
A01513.1,CARION,kept,243,Ca. | Car.
A01513.1,DALIO,kept,332,Dal. | Dal | Da. [Dalio]
A01513.1,NEVOLA,kept,58,Ne. | Ne
A01513.1,PSITERIA,kept,84,Psi.
A01513.1,PHILOGANO,kept,1784,Phi. | Phi | Phe.
A01513.1,FERRARESE,kept,761,Fer. | Fera. | Ferra. | Fe.
A01513.1,LITIO,kept,661,Li. | Liti. | LI. | Ly.
A01513.1,DAMON,kept,1463,Da. [Damon]
A01513.2,JOCASTA,kept,3828,Ioca. | Iocast. | Ioc. | Io. | Ioc • st.
A01513.2,SERVANT,kept,597,Ser. | SERVVS SOLVS.
A01513.2,CHORUS,kept,2658,CHORVS. | Cho. | Chor. | Ch.
A01513.2,ANTIGONE,kept,1610,Anti. | An. | Antig. | Auti.
A01513.2,BAILO,kept,856,Bai.
A01513.2,POLYNICES,kept,1639,Poli. | Po.
A01513.2,ETEOCLES,kept,1495,Ete. | Eteo. | Eteocl.
A01513.2,CREON,kept,2159,Cre. | Creon.
A01513.2,TIRESIAS,kept,916,Tyr. | Tyr ▪ | Tyre.
A01513.2,SACERDOS,kept,226,Sac. | Sacer. | Sa.
A01513.2,MANTO,kept,81,Man.
A01513.2,MENOECEUS,kept,566,Me. | Mene.
A01513.2,NUNTIUS,kept,2583,Nun.
A01513.2,OEDIPUS,kept,598,Oedi. | Oed. | Oedip.
A01514.2,BALIA,kept,546,Ba.
A01514.2,POLYNESTA,kept,633,Po. | Pol.
A01514.2,CLEANDER,kept,1809,Cle. | Cle
A01514.2,PASIPHILO,kept,2546,Pa. | Paſ. | Pſ. | Pas.
A01514.2,EROSTRATO,kept,2030,Du. | Dul.
A01514.2,DULIPPO,kept,1907,Ero.
A01514.2,CRAPINO,kept,211,Cra.
A01514.2,GENTLEMAN,kept,269,Sc. | Sce. | Sce
A01514.2,CARION,kept,242,Ca. | Car.
A01514.2,DALIO,kept,334,Dal. | Da. [Dalio]
A01514.2,NEVOLA,kept,57,Ne.
A01514.2,PSITERIA,kept,85,Pſi.
A01514.2,PHILOGANO,kept,1789,Phi.
A01514.2,FERRARESE,kept,759,Fer. | Fera. | Ferra. | Fe.
A01514.2,LITIO,kept,668,Li. | Liti. | Ly.
A01514.2,DAMON,kept,1616,Da. [Damon]
A01514.3,JOCASTA,kept,4183,"Ioca. | Iocaſt. | Ioc. | Io. | ""Ioca."
A01514.3,SERVANT,kept,275,"Ser. | ""Ser."
A01514.3,CHORUS,kept,531,Cho. | Chor. | Ch.
A01514.3,ANTIGONE,kept,1666,"Anti. | An. | Antig. | ""Anti."
A01514.3,BAILO,kept,857,Bai.
A01514.3,POLYNICES,kept,1656,Poli. | Po. | Poly. | Pyli.
A01514.3,ETEOCLES,kept,1503,Ete. | Eteo. | Eteocl. | Eto.
A01514.3,CREON,kept,2377,"Cre. | Creon. | ""Cre. | Cre"
A01514.3,TIRESIAS,kept,931,"Tyr. | ""Tyr. | Tyre."
A01514.3,SACERDOS,kept,223,Sac. | Sacer. | Sa.
A01514.3,MANTO,kept,81,Man.
A01514.3,MENOECEUS,kept,579,"Me. | Mene. | ""Me."
A01514.3,NUNTIUS,kept,2585,Nun.
A01514.3,OEDIPUS,kept,838,"Oed. | Oedi. | Oedipus. | ""Oed. | Oedip."
A01773,ARTLESS,kept,1845,Doct. | Doctor.
A01773,MISTRESS ARTLESS,kept,624,Mris. | Mist. Art. | Mrs. Art. | Mrs. | Mist. | Mr • s. Art. | Mrr. Art.
A01773,URINAL,kept,2643,"Vrin. | • rin. | Vrin • | Vrin, | Virn. | Vri."
A01773,POPINJAY,kept,1510,Pop.
A01773,SIR MARTIN,kept,1125,Sir Mar. | Sir Mart. | Sir. Mar. | S. Mar. | Mart. | M • rk.
A01773,LADY YELLOW,kept,1266,"Lady. | Lady, | Lady | Lad."
A01773,DALINEA,kept,762,Dal. | Dal | Dalin. | Dol.
A01773,SCONCE,kept,4186,"Scon. | Scor. | Scon: | Sco. | Scon | Sc • n. | Seon. | Scon,"
A01773,FREEWIT,kept,2437,Free. | Fre.
A01773,KNOW-WORTH,kept,1155,Know. | Know • | Kno. | Knor. | Know ▪ | Know
A01773,LOVERING,kept,63,Lov. | Lo • . | Love. | Liv.
A01773,MIXUM,kept,196,Mix.
A01773,MISTRESS MIXUM,kept,540,Mist. Mix. | Mrs. Mix. | Mi. Mix. | Mris. Mix.
A01773,FORTRESS,kept,1172,Fort. | For. | For • . | Fortresse. | Fort
A01773,PERK,kept,531,Pirk. | Pirke. | Pir. | Pi • k. | Perk. | Birke.
A01773,MAKESHIFT,dropped_short,32,"Make. | Mak. | Make,"
A01773,__crowd__,kept,88,"Omn. | Doct. Tom Mixum, | Dance. | Knocke. | Knock. | Knock"
A01773,[unresolved] Pig.,unresolved_excluded,12,Pig.
A01773,[unresolved] 〈◊〉,unresolved_excluded,1,〈◊〉
A01775,DORIA,kept,3902,Dor. | Do.
A01775,VITELLI,kept,1986,Vit. | Uit.
A01775,BONIVET,kept,620,Bon. | Bonivet.
A01775,LACTANTIO,kept,299,Lact. | Lac. | La.
A01775,FRANGIPAN,kept,766,Fran. | Frangipan. | Fra.
A01775,ADORNI,kept,1556,Ador. | Ador
A01775,TRIVULCI,kept,1381,Tri. | Tri | Tre. | Triv.
A01775,CHRISEA,kept,1705,Chri. | Chr. | Chri
A01775,CORIMBA,kept,1139,Cor. | Corim. | Cori. | Corin. | Cor
A01775,EURIONE,kept,675,Eur. | Enr.
A01775,SABELLI,kept,888,Sab.
A01775,SENATOR,kept,92,Sen.
A01775,OFFICER,dropped_short,23,Offic.
A01775,__crowd__,dropped_short,18,Euri. and Corimba.
A01775,[unresolved] Gor.,unresolved_excluded,21,Gor.
A01777,WALLENSTEIN,kept,2503,Wallens. | Wall. | Wal | Wal.
A01777,ALBERTUS,kept,1548,Alb. | Alber. | Albert.
A01777,LESLIE,kept,1899,Lesle. | Lesle
A01777,GORDON,kept,293,Gordon. | Gord. | Gordon:
A01777,KINTZKI,dropped_short,28,Kintz. | Kint.
A01777,TERTSKI,kept,258,Tert.
A01777,ILLAWE,dropped_short,17,Illawe.
A01777,EMPEROR,kept,707,Emp. | Emper. | Empe.
A01777,NEWMAN,kept,1117,Newm. | New.
A01777,ISABELLA,kept,517,Isabel. | Isab. | Int Isabella.
A01777,SAXON WEIMAR,kept,217,"Waym, | Waym. | Saxon."
A01777,BUTLER,kept,81,Butler. | Butl.
A01777,FREDERICK,kept,525,Fred.
A01777,EMILIA,kept,172,Emilia. | Emil | Emil.
A01777,KING OF HUNGARY,kept,266,Hung. | Hungar.
A01777,QUESTENBERG,kept,218,Quest.
A01777,DUCHESS,kept,212,Dutch.
A01777,PAGE,kept,61,Page.
A01777,MESSENGER,dropped_short,29,Messen.
A01777,MATTHIAS,dropped_short,8,Matth.
A01777,GALLAS,dropped_short,2,Gall.
A01777,BRAN (unidentified),kept,55,Bran.
A01777,__crowd__,dropped_short,15,Omnes.
A01779,HOLDFAST,kept,1251,Hold. | Hol. | Holdfast.
A01779,TRISTRAM,kept,620,Trist. | Trict. | Tris.
A01779,THOROWGOOD,kept,2734,Thor. | Thoro. | Tho. | Thoro | Tho • . | Thor:
A01779,VALENTINE,kept,1586,Val. | V • l.
A01779,COVET,kept,1259,Cov. | Covet. | Cov:
A01779,CLARA,kept,2175,Clar. | Clare. | Cla.
A01779,GRACE,kept,772,Grace. | Gra. | Graie.
A01779,BUSY,kept,2574,Bus. | Busie.
A01779,TIMOTHY,kept,617,Tim.
A01779,JEFFREY,kept,82,Geff. | Geff
A01779,MAUD,kept,74,Maud.
A01779,LUCE,kept,104,Luce.
A01779,NELL,dropped_short,33,Nel.
A01779,KNOWELL (stem KNOW),kept,248,Know.
A01779,FREEMAN (stem FREE),kept,444,Free.
A01779,FORMAL (stem FORM),kept,99,Form. | For.
A01779,WATCHMEN,kept,461,1 Wat. | Men. 2 Wat. | 2 Wat. | 4 Wat. | 1 Watch. | Men. 3 Wat. | 3 Watch.
A01779,MEN,kept,118,Men. | 3 Men.
A01779,PARSON,dropped_short,30,Pars.
A01779,BOY,dropped_short,37,Boy.
A01779,DRAWER,dropped_short,17,Draw.
A01779,__crowd__,dropped_short,28,Omnes. | Amb. | Clar. Grace.
A01779,[unresolved] Mend.,unresolved_excluded,5,Mend.
A01779,[unresolved] 〈◊〉 .,unresolved_excluded,6,〈◊〉 .
A01836,AMURATH,kept,4777,"Am. | Amur. | Amurath. | A •… ur. | Amurat. | Amar. | Am •… rath, | Am •… r. | Amurath, | Am, | 〈◊〉 . [Amurath]"
A01836,LALA-SCHAHIN,kept,1685,Scah. | Schah. | S •… ah. | Sc •… . | Scha. | S •… a. | S •… hah. | Scahin. | Scab. | 〈◊〉 . [Schahin]
A01836,EUMORPHE,kept,491,Eum. | E •… m. | Eumorph.
A01836,JACUP,kept,508,•… ac. | 〈◊〉 . [Jacup]
A01836,COBELITZ,kept,1914,Cob. | Cobelitz. | C •… b. | Cobel. | C •… . [Cobelitz]
A01836,LAZARUS,kept,538,Laz. | Lazar. | L •… z.
A01836,ALADIN,kept,1003,Alad. | Alad: | Aladin. | Al.
A01836,BAJAZETH,kept,395,Baiaz. | B •… j. | Baj. | 〈◊〉 . [Bajazeth]
A01836,EURENOSES,kept,661,Euren. | E •… ren. | Eure •… s. | E •… . [Eurenoses]
A01836,MENTHE (stem),kept,183,Menthe. | Menth •… . | 〈◊〉 . [Menthe]
A01836,CHASE (stem),kept,104,Chas. | Chase.
A01836,SESMENOS (stem),kept,92,Ses. | Sesm.
A01836,HATAM (stem),kept,234,H •… tam. | Hat.
A01836,WIFE OF ALADIN,kept,452,Wife. | All. Wife.
A01836,JUPITER,kept,199,Jup. | •… pit. | J •… p. | I •… p.
A01836,JUNO,kept,147,Iun. | Iun •… . | Jun.
A01836,CUPID,kept,178,C •… pid. | Cupid
A01836,ALEXANDER,kept,385,Alex. | Alexand.
A01836,PHILOXENUS,kept,56,Phil •… x. | Phil.
A01836,FAME,kept,263,Fame.
A01836,AMBASSADOR,kept,185,Emb. | Embass.
A01836,BASSA,kept,270,Bass. | Bass •… . | Bassa.
A01836,NOBLES,kept,62,1. N •… b. | 2. Noble. | Nobles.
A01836,FIENDS,kept,98,1. Fiend. | 2. Fiend. | 3. Fiend. | 4. Fiend.
A01836,TRULL,dropped_short,18,1. Trull.
A01836,SERVANT,dropped_short,15,S •… rv.
A01836,SOLDIERS,dropped_short,7,Sold.
A01836,LLEW-JACKETS,dropped_short,20,Llew- •… ackets. [Llew-jackets]
A01836,1. CHILD,dropped_short,8,1. C •… . [1. Child]
A01836,2. CHILD,dropped_short,8,2. Ch. [2. Child]
A01836,__crowd__,dropped_short,22,All.
A01836,[unresolved] 1.,unresolved_excluded,8,1.
A01836,[unresolved] 2.,unresolved_excluded,60,2.
A01836,[unresolved] Sa.,unresolved_excluded,129,Sa.
A01836,[unresolved] Sas.,unresolved_excluded,10,Sas.
A01839,BAJAZETH,kept,7007,"Baia. | Baiaz. | [Baia. | Baiacet. | Baia ▪ | Baia., | [Ba. | Baiazet | Bai • zet | Ba. | Baia, | B • ia. | B • i • . | Baiaz"
A01839,ISAAC,kept,2946,Isaack. | Isa. | Isaacke | Isaack | Isac ▪ | Iaack. | Isaak • | [Isa. | Isaac. | Isaac | Is. | Isaacke.
A01839,SELIMUS,kept,3227,"Selym. | Sely. | Selymus. | Sel. | Selym | Sely, | S • lym. | Selymus | Selin."
A01839,SOLYMAN,kept,1408,Solym. | Soly.
A01839,CORCUTUS,kept,1422,"Corcu. | Corcut. | Cor, | Core. | Cor."
A01839,CHERSEOGLES,kept,2069,"Chers. | Cher. | Cherse. | Cherseo. | Cherseog. | Ch • rseo. | Chers, | Chersee. | Cherse • ."
A01839,ACHMETES,kept,1661,Ach. | Achm. | Achme. | [Ach. | Achmet. | Ach • . | Achem.
A01839,ACHOMATES,kept,921,Achom. | Acho. | A • ho.
A01839,MAHOMATES,kept,101,Mahom.
A01839,MUHAMMAD,kept,47,Maho.
A01839,MUSTAPHA,kept,403,Musta. | Mustaph. | Must. | Mustapha | Mu • ta. | Mustap.
A01839,MESITHES,kept,698,Mesith. | Mes. | Mesithes | Mesi. | M • sith. | Mesi • h.
A01839,TRIZHAM,kept,109,Triz. | Trizham.
A01839,ZEMES,kept,783,Zemes. | Zem. | Zemes
A01839,ARMENIA,kept,110,Arm • . | Arme. | Arm.
A01839,CAIGUBUS,kept,562,Caigub. | Caigu. | Caig.
A01839,ASMEHEMES,kept,133,Asm. | Asmehem. | Asme. | Asmeh.
A01839,NEMES (stem),kept,543,Nemes. | Nem.
A01839,HAMON,kept,44,Hamon. | Haman.
A01839,BISHOP,kept,475,Bish. | Bishop. | Bish
A01839,MESSENGER,kept,279,Messen.
A01839,HERALD,kept,117,Herauld. | Her.
A01839,DWARF,kept,41,Dwar. | Dwarfe | Dwarffe
A01839,MONK,dropped_short,4,Monke
A01839,TARTAR,kept,47,Tartar.
A01839,JANIZARIES,kept,236,Ianiza. 1. | 2. | 3. | 4. | 5. | 6. | 1 | 2 | 3 | 4 | 5 | 6
A01839,SOLDIERS,kept,572,Sould. | Souldiers. | Soldiers | Sould. 1. | Sould. 2. | Sould. 3. | Sould 4.
A01839,FOLLOWERS,kept,73,Follow. | Followers
A01839,__crowd__,kept,102,Omnes. | Omnes | All. | Ambo. | Bassaes. | Bassaes | Bas • aes. | Within.
A01839,[unresolved] Mah.,unresolved_excluded,85,Mah.
A01839,[unresolved] Mah • .,unresolved_excluded,7,Mah • .
A01839,[unresolved] Fili • .,unresolved_excluded,5,Fili • .
A01840,AGAMEMNON,kept,1040,Agam. | Aga. | Ghost.
A01840,CLYTEMNESTRA,kept,1538,Clyt. | Clytem. | Cly.
A01840,ORESTES,kept,5684,Orest. | Ore. | Or. | Orest.. | Orst. | Orrst. | Orest
A01840,PYLADES,kept,2841,Pyl. | Pylad. | Pyla.
A01840,AEGISTHUS,kept,2145,Aegyst. | Egyst. | EGyst. | Aeg. | AEgyst. | Aegy | Aegyst | Aegy. | Egy.
A01840,CASSANDRA,kept,377,"Cass. | Cas. | Cass,"
A01840,ELECTRA,kept,898,"Elect. | Electr, | El. | Electr."
A01840,STROPHIUS,kept,557,Stroph. | Str. | Stro. | Stop.
A01840,MISANDER,kept,305,Mis. | Mys.
A01840,MESSENGER,kept,254,Nun.
A01840,TYNDARUS,kept,1506,Tynd. | Tyn.
A01840,CANIDIA,kept,507,Can.
A01840,SAGANA,dropped_short,4,Sag.
A01840,VEIA,dropped_short,8,Veia.
A01840,NURSE,kept,41,Nutr. | Nur.
A01840,LORD,kept,87,Lor. | Lord.
A01840,LORDS,kept,251,1 Lord. | 2 Lor. | 2 Lord.
A01840,CHAMBERLAIN,kept,70,Cham.
A01840,BOY,dropped_short,24,Boy.
A01840,LITTLE BOY,kept,56,Child. | Ghil.
A01840,__crowd__,dropped_short,22,Omnes.
A01840,[unresolved] 〈◊〉,unresolved_excluded,8,〈◊〉
A01851.1,SFORZA,kept,4213,Sf. | Sf ▪
A01851.1,GALEAZZO,kept,682,Gal. | Umb.
A01851.1,ISABELLA,kept,1690,Is. | Isab.
A01851.1,BELGIOSA,kept,831,Bel. | Belg.
A01851.1,VITELLIO,kept,564,Vit. | Vit'
A01851.1,PICININO,kept,2371,Pic. | Pici.
A01851.1,SANSEVERIN,kept,863,Sans.
A01851.1,CAIAZZO,kept,1000,Caj. | Cai. | Cajaz. | Caj
A01851.1,ASCANIO,kept,515,Asc. | As.
A01851.1,BEATRICE,dropped_short,31,Beat.
A01851.1,AMBASSADORS,dropped_short,21,1 Amb. | 2 Amb. | 3 Amb.
A01851.1,SUITORS,dropped_short,30,1 Sutor. | 2 Sutor.
A01851.1,MESSENGERS,kept,138,1 Nunc. | 2 Nun. | 3 Nun.
A01851.1,TRIVULZIO,kept,290,Tri. | Triu.
A01851.1,SENATOR,kept,70,Sen.
A01851.1,CAPTAIN,kept,516,"Capt. | Cap. | Capt | Capt,"
A01851.1,SOLDIER,dropped_short,28,Soul.
A01851.1,JULIA,dropped_short,13,Iul. [Julia]
A01851.1,JULIANO,kept,1035,"Iul. [Juliano] | Iul [Juliano] | Iul, [Juliano] | Iul ▪ [Juliano]"
A01851.1,MALATESTA,kept,239,Mal. [Malatesta]
A01851.1,MALVEZZO,kept,426,Mal. [Malvezzo]
A01851.1,__crowd__,dropped_short,7,Omnes.
A01853,SFORZA,kept,3974,Sf. | • f. | 〈…〉 f. | Sforza. | 〈◊〉 [Sforza] | 〈◊〉 . [Sforza] | 〈…〉 [Sforza]
A01853,GALEAZZO,kept,929,Gal. | Vmb. | Vmbra G • leatii. | 〈…〉 . [Galeazzo] | 〈…〉 l. [Galeazzo] | • al. [Galeazzo] | 〈…〉 al. [Galeazzo]
A01853,ISABELLA,kept,1375,Iſ. | Iſab. | •• ab. | Jſab. | Jſab ▪ | 〈…〉 ab. | Iſ. aſide. | 〈…〉 . [Isabella] | 〈◊〉 [Isabella]
A01853,BELGIOSA,kept,745,Bel. | • el. | Belg. | 〈…〉 l. [Belgiosa]
A01853,VITELLIO,kept,722,Vit. | Vitellio diſguiſed. | 〈…〉 it. | Ʋ itellio. | 〈◊〉 [Vitellio]
A01853,PICININO,kept,2170,Pic. | Picinino. | • ic. | 〈…〉 ic. | Pici. | 〈…〉 . [Picinino]
A01853,SANSEVERIN,kept,861,Sanſ. | 〈…〉 anſ. | • anſ.
A01853,CAIAZZO,kept,1228,Cai. | Caiazzo. | Caiaz. | • ai. | 〈…〉 . [Caiazzo]
A01853,ASCANIO,kept,531,Aſc. | 〈…〉 ſc. | Aſ • . | 〈…〉 c.
A01853,BEATRICE,dropped_short,26,Bet.
A01853,AMBASSADORS,dropped_short,22,1 Amb. | 2 Amb. | 3 Amb.
A01853,SUITORS,dropped_short,31,1 Sutor. | 2 Sutor.
A01853,MESSENGERS,kept,140,1 Nunc. | 2 Nun. | 3 Nun.
A01853,TRIVULZIO,kept,479,Tri. | Triulcio. | 〈…〉 iv.
A01853,CAPTAIN,kept,202,Cap. | Capt. | •• pt.
A01853,SOLDIER,dropped_short,30,Soul.
A01853,JULIANO,kept,1050,Iul. [Juliano] | Jul. [Juliano] | • ul. [Juliano] | •• l. [Juliano] | 〈…〉 l. [Juliano]
A01853,MALATESTA,kept,248,Mal. [Malatesta] | 〈…〉 al. [Malatesta]
A01853,MALVEZZO,kept,429,Mal. [Malvezzo] | 〈…〉 al. [Malvezzo] | • al. [Malvezzo]
A01853,JULIA,dropped_short,13,• al. [Julia]
A01853,SENATOR,kept,68,〈…〉 [Senator]
A01911,BULLAKER,kept,703,Bul. | Bul ▪ | Bullaker. | Bul | Bul: | Bvl | Bull
A01911,JACK,kept,1155,Ia. | Ia: | Iack | Iack. | la: | Ja.
A01911,WILL,kept,1142,"Will | Will. | VVill | Wil. | Wil | VVil. | Wil, | VVil | W •… ll | Will:"
A01911,GOOSECAP,kept,2124,Goos. | Goos: | Go. | Gos. | Giles | Goose. | Gous.
A01911,RUDESBY,kept,1206,"Rud. | Ru. | Rud: | R •… d. | R •… ud. | Rua. | Rud, | Cud."
A01911,FOULWEATHER,kept,1621,Foul. | Fo. | Fowl. | Fou.. | Foul | F •… l. | Fou •… | Faul.
A01911,EUGENIA,kept,1906,Eug. | Eu. | E •… g. | Eug | E •… g | E •… ug. | •… ug. | Eug:
A01911,HIPPOLYTA,kept,709,"Hip. | Hip: | Hip | Hp. | Hip,"
A01911,PENELOPE,kept,351,Pen. | Pen: | Pene. | Pe. | P •… nel: | P •… n: | `Pen. | Pe •… . | Fen.
A01911,WINIFRED,kept,187,"Win. | Wyn. | Win,"
A01911,CLARENCE,kept,1891,Cla. | Cla: | Cla
A01911,MOMFORD,kept,5328,"Mom. | Mom | Mo. | Mom: | Mom, | Mom ▪ | Mon."
A01911,TALES,kept,769,Tal. | Ta. | Tal: | Tales | Tal
A01911,KINGCOB,kept,350,King. | King | Kin.
A01911,FURNIFALL,kept,924,Fur. | Fur:
A01911,VERSEY,kept,300,Do.
A01911,MESSENGER,dropped_short,27,Mes. | Me.
A01911,__crowd__,kept,60,"both, | both | Ambo | Omnes | Om. | All. | All | Foul. Goos. Rud. | King. Tale."
A01911,[unresolved] 〈◊〉 .,unresolved_excluded,77,〈◊〉 .
A01911,[unresolved] La.,unresolved_excluded,76,La.
A01911,[unresolved]  •… a.,unresolved_excluded,40,•… a.
A01911,[unresolved] Ad.,unresolved_excluded,5,Ad.
A01911,[unresolved] Am.,unresolved_excluded,3,Am.
A01989,CHARICLES,kept,4461,Caric. | Caricles. | C • ric. | Ca • ic. | Carie.
A01989,NEBULO,kept,1482,Nebul. | Neb. | Nebulo. | Nebu. | Nebu
A01989,NEBULONA,kept,263,Nebulona. | Nebulon.
A01989,SISIMITHRES,kept,1650,Syſim. | Siſimet. | Siſim.
A01989,DEMENETA,kept,1928,Dem. | Demen.
A01989,CNEMON,kept,564,Cnem. | Cnem :
A01989,ARISTIPPUS,kept,1243,Ariſtip. | Ariſt.
A01989,CHARICLEA,kept,84,Cariclea.
A01989,THISBE,kept,1558,Thiſ. | Thisbe.
A01989,CALASIRIS,kept,2086,Calaſ. | Calaſiris. | Cala. | Calaſir. | Calaſires. | Calaſiri • . | Calaſi.
A01989,THEAGENES,kept,1229,Theag. | Theagines.
A01989,JUDGES,kept,229,1. Iudg. | 2 Iudg. | 1 Iudg. | 3 Iudg. | 4 Iudg. | 4. Iudg. | 2. Iudg. | 3. Iudg.
A01989,PEOPLE,dropped_short,24,All the people. | The people.
A01989,ARSINOE,kept,164,Arſ.
A01989,ACESTINUS,kept,182,Ac • ſt. | Aceſtin. | Ac • ſtin.
A01989,ARSACE,kept,1063,Arſa. | Arſace.
A01989,CYBELE,kept,1124,Cib. | Cibile.
A01989,AURA,kept,185,Aura. | Aur.
A01989,HYDASPES,kept,1507,Hydaſp. | Hydaſ. | Hyd • ſp.
A01989,MAGISTRATES,kept,119,1 Magiſt. | 2 Magiſt. | 3 Magiſt. | 2 Magi. | 3. | 1. | 2.
A01989,WITNESSES,dropped_short,12,All 5.
A01989,BAGOAS,kept,82,Officer.
A01989,PERSINNA,kept,238,Perſ. | Perſina | Pers.
A01989,GENTLEMAN,kept,57,Gent.
A02070,KENDAL,kept,856,Kend. | Kendall. | Ken. | Earle of Kendall. | Kend:
A02070,BONFIELD,kept,312,"Bonfild. | Bon. | Bonfild,"
A02070,SIR GILBERT,kept,57,Gilb.
A02070,MANNERING,kept,304,Man.
A02070,JOHN,kept,49,Iohn | Iohnie.
A02070,WOODROFFE,kept,139,Iustice.
A02070,TOWNSMAN,dropped_short,16,Townes.
A02070,GEORGE-A-GREENE,kept,1671,George. | Geor. | Georg. | Geo. | George a Greene.
A02070,MUSGROVE,kept,135,Mus. | Musgroue. | Musgr. | Olde Musgroue.
A02070,CUDDY,kept,325,Cuddie. | Cud. | Cuddy.
A02070,GRIME,kept,385,Grime. | Grimes.
A02070,BETTRIS,kept,214,Bettris.
A02070,KING JAMES,kept,403,Iames. | King. | Iamie. | Iame.
A02070,NED,kept,174,Ned.
A02070,JANE,kept,238,Iane.
A02070,MESSENGER,dropped_short,6,Messenger.
A02070,JENKIN,kept,849,Ienkin. | Ien.
A02070,WILLY,kept,124,VVily. | VVilie.
A02070,KING EDWARD,kept,903,Edward. | Edwar. | Edw.
A02070,WARWICK,kept,96,VVarw. | VVar.
A02070,ROBIN HOOD,kept,274,Robin. | Robin Hood.
A02070,MAID MARIAN,kept,90,Marian.
A02070,SCARLET,kept,73,Scarlet.
A02070,MUCH,kept,53,Much.
A02070,SHOEMAKER,kept,234,Shoomaker. | Shoomak. | Shoom.
A02070,__crowd__,dropped_short,4,Omnes.
A02091,VENUS,kept,300,Ve. | Ven.
A02091,MELPOMENE,kept,87,Mel. | Melpom. | Melpo.
A02091,CLIO,dropped_short,38,Clio.
A02091,ERATO,dropped_short,30,Errato.
A02091,CALLIOPE,kept,75,Calliope. | Calli.
A02091,CARINUS,kept,978,Cari. | Carinus.
A02091,ALPHONSUS,kept,1989,Alphon. | Alph. | Alp. | Al.
A02091,ALBINIUS,kept,574,Albi.
A02091,BELINUS,kept,585,Beli.
A02091,LAELIUS,kept,473,Laeli. | Lae. | L •… .
A02091,MILES,kept,249,Mi.
A02091,FABIUS,kept,134,Fa. | Fabi.
A02091,MILAN,kept,144,Duk. | Du. | Duke.
A02091,AMURACK,kept,1648,Amu.
A02091,MEDEA,kept,1148,Me. | Med. | Medea.
A02091,FAUSTA,kept,520,Fau.
A02091,IPHIGINA,kept,451,Iphi. | Iph. | Iphigi.
A02091,MUHAMMAD,kept,284,Ma.
A02091,PRIESTS,kept,321,1. Pr. | 2. Pri. | 2. Pr.
A02091,CLARAMOUNT,dropped_short,36,Cla.
A02091,CROCON,kept,89,Cro.
A02091,CALCHAS,kept,154,Cal.
A02091,MESSENGER,kept,139,Messen. | Mess.
A02091,[unresolved] Ca.,unresolved_excluded,33,Ca.
A02125,ORLANDO,kept,3676,Orl: | Orlando: | Or: | Orl.
A02125,MARSILIUS,kept,908,Mar: | MARSILLVS. | Mar. | Marsillus:
A02125,ANGELICA,kept,665,Ang: | Angelica. | Ange: | Angelica: | An:
A02125,SULTAN,kept,333,Sol: | SOVLDAN. | Soul:
A02125,RODAMANT,kept,316,RODAMANT. | Ro: | Rod: | Roda: | Roda.
A02125,MANDRICARD,kept,555,Man: | MANDRECARDE. | Mandr.
A02125,BRANDIMART,kept,234,BRANDEMART. | Brand: | Bran: | Br:
A02125,SACRAPANT,kept,1471,Sac: | Sacr: | Sacrep: | Sac. | Sacre:
A02125,SACRAPANT'S MAN,kept,222,Shep: | Sh: | She:
A02125,ARGALIO,kept,761,Org: | Orga. | Orga: | Orgal:
A02125,AQUITAINE,dropped_short,28,Aquit:
A02125,MEDOR,kept,50,Med:
A02125,THOMAS,kept,96,Thomas. | Tom: | Tho: | Tom.
A02125,RAFE,kept,128,Rafe. | Rafe: | Raf: | Rafe
A02125,CLOWN,kept,267,Cl: | Fidler. | Fidler: | Clowne: | Fid:
A02125,OGIER,kept,430,Og: | Oger:
A02125,TURPIN,kept,73,Turpin. | Turpin:
A02125,OLIVER,kept,93,Oli: | Oliuer: | Oliuer.
A02125,MELISSA,kept,264,Mel: | Mel.
A02125,NAMUS,kept,35,Names.
A02125,[unresolved] Man.,unresolved_excluded,114,Man.
A02125,[unresolved] Mam:,unresolved_excluded,17,Mam:
A02127,EDWARD,kept,1826,Edward. | Edw. | Ed • ard. | Ed • . | Ed • a • d. | E • w • rd.
A02127,LACY,kept,1178,Lacie. | Laci • . | L • ci • . | L • cie. | Lacy.
A02127,WARREN,kept,365,Warren. | VVarren. | Warraine. | VVar. | VVarraine. | VVarr • n.
A02127,ERMSBY,kept,222,Ermsbie. | Ermsby. | E • msbie. | Erms. | Ermsbi • . | Erm • bie. | Erm • by.
A02127,RALPH,kept,973,Raphe. | • aph • . | Ra • he. | R • p • e. | Raph. | Rap • e. | Raph • .
A02127,BACON,kept,2556,Bacon. | B • con. | Bac. | •• con.
A02127,MILES,kept,1852,"Miles. | Mil • s. | Mile • . | Miles, | Mites."
A02127,BURDEN,kept,246,Burden.
A02127,MASON,kept,124,Maſon. | M • ſ • n.
A02127,CLEMENT,kept,167,Clement.
A02127,HOSTESS,kept,127,Hoſteſſe. | H • ſteſse.
A02127,MARGARET,kept,2393,Margret. | Marg. | Margaret. | Margeret. | Margret | M • rgret. | Ma • gret. | Margeret | Mar.
A02127,THOMAS,kept,77,Thomas. | Th • mas.
A02127,JOAN,kept,66,Ione.
A02127,RICHARD,kept,43,Richard.
A02127,HENRY III,kept,782,Henrie. | Hen. | He •• ie. | He • ri • . | Henry.
A02127,EMPEROR,kept,385,Emperour. | Empe. | Emper. | Emp. | Em • erour.
A02127,CASTILE,kept,187,Caſtile. | Caſt • le. | Ca •• ile. | Cast • le.
A02127,ELINOR,kept,254,Ellinor. | Elinor. | Ellinour.
A02127,VANDERMAST,kept,617,Vander. | Vandermaſt. | Vandermast.
A02127,BUNGAY,kept,532,Bungay. | Bunga • . | Bungar. | Bung. | • ungay. | B • ng.
A02127,CONSTABLE,kept,40,Conſtable.
A02127,HERCULES,kept,44,Hercules.
A02127,LAMBERT,kept,380,Lambert. | L • mbert. | Lamb.
A02127,SERLSBY,kept,291,Serlsby. | Serlsbie. | Serlbie. | Serl • bie. | Serslby. | Serlsby
A02127,KEEPER,kept,204,Keeper. | Keep. | Ke • per.
A02127,POST,kept,145,Poſt | Poſt. | P • ſt. | P • ſ • .
A02127,BRAZEN HEAD,dropped_short,7,Head.
A02127,LAMBERT'S SON,kept,71,1. Sholler. | 1. Scholler. | 1. Scol.
A02127,SERLSBY'S SON,kept,65,2. Scholler. | 2. Schol.
A02127,FRIEND,dropped_short,15,Friend.
A02127,DEVIL,kept,121,Deuill. | Deuil.
A02128,EDWARD,kept,1847,Edward. | Edw. | Edwards.
A02128,LACY,kept,1224,Lacy. | Lacie.
A02128,WARREN,kept,360,Warren. | Warraine.
A02128,ERMSBY,kept,220,Ermsby. | Ermesby.
A02128,RALPH,kept,954,"Raphe. | Rarhe. | Raphe,"
A02128,BACON,kept,2505,"Bacon. | Bacon | Bacon, | Bac."
A02128,MILES,kept,1787,Miles.
A02128,BURDEN,kept,303,Burden.
A02128,MASON,kept,221,Maſon.
A02128,CLEMENT,kept,228,Clement.
A02128,HOSTESS,kept,125,Hoſteſſe.
A02128,MARGARET,kept,2210,Margret. | Marg. | Mar. | Margret
A02128,THOMAS,kept,75,Thomas.
A02128,JOAN,kept,63,Ione.
A02128,RICHARD,kept,42,Richard.
A02128,HENRY III,kept,771,Henry. | Henrie. | Hen.
A02128,EMPEROR,kept,375,Emperour. | Emp. | Emper.
A02128,CASTILE,kept,186,Caſtile.
A02128,ELINOR,kept,249,Ellinor. | Elinor.
A02128,VANDERMAST,kept,594,Vander. | Vandermaſt. | Ʋ andermaſt. | Ʋ ander.
A02128,BUNGAY,kept,523,Bungay. | Bung.
A02128,CONSTABLE,kept,40,Conſtable.
A02128,HERCULES,kept,39,Hercules.
A02128,LAMBERT,kept,363,Lambert. | Lamb.
A02128,SERLSBY,kept,373,Serlsby.
A02128,KEEPER,kept,111,Keeper.
A02128,POST,kept,123,Poaſt.
A02128,BRAZEN HEAD,dropped_short,7,Head.
A02128,LAMBERT'S SON,kept,72,1. Scholler. | 1. Schol.
A02128,SERLSBY'S SON,kept,63,2. Scholler. | 2. Schol.
A02128,FRIEND,dropped_short,14,Friend.
A02128,DEVIL,kept,120,Deuill.
A02128,[unresolved] 3. Scholler.,unresolved_excluded,3,3. Scholler.
A02168,BOHAN,kept,1308,Boh. | Bohan. | Boha. | Ent. Boha.
A02168,OBERON,kept,602,Ober. | Obiro. | Oberon.
A02168,SLIPPER,kept,1915,Slip. | Slipper. | Sip. | Sli. | Slp.
A02168,NANO,kept,1044,Nano. | Na. | N. | Nan. | Nauo. | Dwar. | Dwarf. | Dwarfe.
A02168,KING JAMES,kept,2186,K. of S. | K. of Scots. | K. of Sc. | K. of Scot. | King. | K.
A02168,KING OF ENGLAND,kept,774,K. of E. | K. of Eng. | K. of En. | Arius. | Ari.
A02168,DOROTHEA,kept,2021,"Doro. | Dor. | Do. | Dorot. | Doro: | Dorothea. | Doro, | Dore."
A02168,COUNTESS,kept,354,Count. | Countesse.
A02168,IDA,kept,847,Ida. | Id.
A02168,ATEUKIN,kept,2497,Ateu. | Ate • . | Ate.
A02168,ANDREW,kept,1263,Andr. | And. | An. | Andrew.
A02168,SIR BARTRAM,kept,1014,Bar. | Sir Bar. | Ba. | S. Bar.
A02168,EUSTACE,kept,494,Eust. | Eu. | Eustace.
A02168,BISHOP OF ST ANDREWS,kept,488,B. S. And. | S. Atten. | S. And. | B. S. Andr. | 8. Atten.
A02168,DOUGLAS,kept,335,Doug. | Dougl. | Dou.
A02168,MORTON,dropped_short,27,Mor. | Mort.
A02168,PURVEYOR,kept,134,Pur.
A02168,JAQUES,kept,373,Iaq. | Ia. | Iaques.
A02168,ROSS,kept,67,Ross. | Rosse.
A02168,SIR CUTHBERT ANDERSON,kept,445,Cutb. | S. Cutb. | S. Cut. | S. Cut. And.
A02168,LADY ANDERSON,kept,433,L. And. | La. And. | La. An. | L. Andr. | L. An.
A02168,LAWYER,kept,500,Law. | Lawyer.
A02168,MERCHANT,kept,61,Merch.
A02168,DIVINE,kept,317,Diu. | Diuine.
A02168,HUNTSMEN,kept,105,Hunts.
A02168,LADIES,dropped_short,25,Ladies.
A02168,TAILOR,dropped_short,23,Tayl. | Tay.
A02168,SHOEMAKER,kept,56,Shoo. | Shoemaker. | Shoe-ma.
A02168,CUTLER,dropped_short,23,Cutler.
A02168,SCOUT,dropped_short,25,Scout.
A02168,SERVANT,kept,40,Serui.
A02168,__crowd__,dropped_short,20,All. | Ambo.
A02168,[unresolved] Ent.,unresolved_excluded,173,Ent.
A02168,[unresolved] Read.,unresolved_excluded,94,Read.
A02168,[unresolved] Steu.,unresolved_excluded,6,Steu.
A02168,[unresolved] Cous.,unresolved_excluded,8,Cous.
A02226.1,ALAHAM,kept,5899,Alaham. | ALaham. | Alah.
A02226.1,HALA,kept,3736,Hala. | HALA. | HAla. | Nala. | Hal.
A02226.1,HELI,kept,606,Heli. | Priest. | PRiest.
A02226.1,MUHAMMAD,kept,1458,Mahomet. | MAhomet. | Mah.
A02226.1,CAIN,kept,1303,Caine. | CAine.
A02226.1,MALICE,kept,106,Malice. | MAlice.
A02226.1,CRAFT,kept,172,Craft.
A02226.1,PRIDE,kept,190,Pride.
A02226.1,CORRUPT REASON,kept,349,Corrupt reason.
A02226.1,EVIL SPIRITS,kept,328,Euill Spirits.
A02226.1,NURSE,kept,182,Nutrix. | Nut.
A02226.1,CHORUS: THE GOOD,kept,484,The Good. | THe Good.
A02226.1,CHORUS: THE ILL,kept,665,The Ill.
A02226.1,KING,kept,821,King. | KIng.
A02226.1,CAELICA,kept,1282,Celica. | Celic.
A02226.1,ZOPHI,kept,246,Zophi.
A02226.1,MESSENGER,kept,559,Nuntius. | NVntius.
A02226.2,SULEIMAN,kept,3529,Solym. | Sol. | Solyman. | SOlyman. | SOLIMAN. | Soliman.
A02226.2,ROSA,kept,3236,Ross. | Rossa. | ROssa.
A02226.2,BEGLERBEY,kept,1440,Beglerb. | Beg. | Beglerbie. | BEglerbie. | BEeglerbie.
A02226.2,CAMAENA,kept,1345,Cam. | CAmena. | Camena.
A02226.2,RUSTAN,kept,1120,Rost. | Rosten. | ROst.
A02226.2,ACHMAT,kept,1710,Achm. | Ach. | Achmat. | AChm.
A02226.2,HELI,kept,830,Priest.
A02226.2,MUSTAPHA,kept,603,Must.
A02226.2,ZANGER,kept,141,Zang. | Zan.
A02284,SILVIO,kept,1236,Sil. | Si. | (Sil.) | Sil
A02284,LINCO,kept,2403,Lin. | Lin
A02284,MIRTILLO,kept,5071,Mir. | MIr. | Mir | Mi.
A02284,ERGASTO,kept,3890,Erg. | Erguſt. | ERg. | Er.
A02284,CORISCA,kept,4042,Co. | Coriſea. | (Co.) | Cor.
A02284,TITIRUS,kept,1129,Ti. | Tit.
A02284,MONTANUS,kept,2590,Mon. | Montan. | Mo. | M. | Mon ▪ | M • n.
A02284,DAMETAS,kept,918,Da. | Damet.
A02284,SATYR,kept,636,Sa. | Sa ▪ | Sa | (Sa.)
A02284,CHORUS,kept,2801,Chorus. | Cho. | Ch.
A02284,DORINDA,kept,2784,Do. | Do | Dor. | (Do.)
A02284,LUPINO,kept,55,Lu. | (Lu.)
A02284,AMARILLIS,kept,2545,Ama. | Am. | (Ama.)
A02284,CHORUS OF NYMPHS,kept,334,Cho Nim. | Cho. Nim. | Co. Nim.
A02284,CHORUS OF SHEPHERDS,kept,380,Cho. Sh. | CHo. Sh.
A02284,CHORUS OF HUNTSMEN,kept,1249,Cho. Hun | Cho. Hu. | Chor. Hunt.
A02284,NICANDER,kept,499,Ni. | Nic. | Ni
A02284,URANIO,kept,127,Ʋ ra. | Ʋ r.
A02284,CARINO,kept,2105,Car. | Ca. | Ca | Car ▪
A02284,MESSENGER,kept,721,Nun. | Nu.
A02284,CHORUS OF PRIESTS,kept,48,Cho. Pri.
A02284,TIRENIO,kept,280,Tire.
A02284,__crowd__,dropped_short,1,Cho. Amarillis
A02284,[unresolved] Ms.,unresolved_excluded,4,Ms.
A02284,[unresolved] 〈◊〉 .,unresolved_excluded,30,〈◊〉 .
A02284,[unresolved] Lan.,unresolved_excluded,36,Lan.
A02629,FERRANDO,kept,2155,Fer: | Fer. | Fer: —
A02629,CALANTHA,kept,2418,"Cal. | Cal: | Cal, | Calantha:"
A02629,URSINI,kept,2266,"Ʋ rſ. | Ʋ rſ: | Ʋ rſini. | Ʋ rſ,"
A02629,VALENZO,kept,1956,Val. | Val: | Val
A02629,ZISCO,kept,965,Ziſ. | Ziſc. | Ziſc: | Ziſ: | Ziſ
A02629,PIERO,kept,1288,Pier. | Pier: | Piero!
A02629,SYLVANO (stem SYL),kept,1479,Syl. | Syl: | Sylv. | Sylv:
A02629,CHARINTHA,kept,1008,Char. | Char: | Charintha?
A02629,BENTIVOGLIO (stem BENT),kept,1040,Bent. | Bent:
A02629,GRUTTI,kept,654,Grut. | Grut: | Grutr | Gr.
A02629,ALPHONSO,kept,567,Alph. | Alph: | Alp. | Alp: | Alph
A02629,CASSIO (stem CASS),kept,534,Caſſ. | Caſſ:
A02629,FUNGOSO (stem FUNG),kept,587,Fun. | Fung. | Fung: | Fun:
A02629,CONTARINO (stem CONT),kept,580,Cont. | Cont:
A02629,GALEOTTO (stem GAL),kept,303,Gal. | Gal:
A02629,VIOLETTA (stem VIOL),kept,288,Viol. | Viol:
A02629,FLORIO (stem FLOR),kept,299,Flor. | Flor: | Flo:
A02629,MERCUTIO (stem MERC),kept,122,Merc:
A02629,FELICIA (stem FEL),kept,184,Fel. | Fel:
A02629,GONZAGO,kept,193,Gon: | Gon.
A02629,ALBERTO,dropped_short,6,"Alberto,"
A02629,CHORUS,kept,108,Chor:
A02629,SERVANT,dropped_short,25,Ser.
A02629,__crowd__,dropped_short,13,Omnes. | Both. | Gal. & Gon.
A02658,PROLOCUTOR,kept,641,Balcus Prolocutor.
A02658,JESUS CHRIST,kept,1437,"Ieſus Chriſtus. | Ieſus Chriſtus, | Ieſus Chriſtus"
A02658,SATAN,kept,1653,Satan tentator.
A02658,FIRST ANGEL,kept,178,Angelus primus.
A02658,SECOND ANGEL,kept,171,Angelus alter. | Angelus alter ▪
A02732,GENIUS,kept,1382,GENIVS. | GE. | GEN. | G • .
A02732,THAMESIS,kept,95,THAMESIS.
A02732,FAME,kept,190,FAME.
A02732,EUPHROSYNE,kept,124,EVPHROSINE.
A02732,ZEAL,kept,457,ZEALE.
A02732,FLAMEN,kept,147,FL.
A02732,__crowd__,dropped_short,3,GRACES—HOWRES.
A02738,GOD THE FATHER,kept,1532,Deus pater. | Deus Pater. | Deus pater: | Deus Pater
A02738,LAW OF NATURE,kept,1124,Naturae lex. | Naturae lex
A02738,LAW OF MOSES,kept,1385,Moseh lex.
A02738,LAW OF CHRIST,kept,1863,"Euangeliu ̄ , | Euangelium. | Christi lex. | Euangeliu ̄ | Euangeliu ̄ . | Euangelium | Christi lex"
A02738,INFIDELITY,kept,4196,"Infidelitas. | Infidelitas, | Infidelitas: | Infidelitas | Infide • itas."
A02738,SODOMY,kept,698,Sodomismus.
A02738,IDOLATRY,kept,521,Idololatria. | Idolotria.
A02738,COVETOUSNESS,kept,531,"Auaritia. | Auaritia,"
A02738,AMBITION,kept,323,"Ambitio. | Ambitio,"
A02738,FALSE DOCTRINE,kept,1014,Pseudodoctrina. | Pseudodoctrina / | Pseudodctrina.
A02738,HYPOCRISY,kept,722,Hypocrisis. | Hypocrysis. | hypocrisis | hypocrisis.
A02738,GOD'S VENGEANCE,kept,586,Vindicta Dei.
A02738,CHRISTIAN FAITH,kept,387,Fides Christiana.
A02738,__crowd__,dropped_short,26,Omnes simul.
A02749,GOD THE FATHER,kept,750,"Deus Pater. | Deus Pater, | Deus pater."
A02749,LAW OF NATURE,kept,1047,Nature lex. | Nature Lex. | Nature lex
A02749,LAW OF MOSES,kept,1270,"Moseh lex. | Mose • lex, | Moseh lex,"
A02749,LAW OF CHRIST,kept,1762,"Euangilium. | Euangelium. | Euangelium, | Christi lex."
A02749,INFIDELITY,kept,4610,"Infidelitas. | Infidesitas. | Infide • ita • , | Infidelitae. | Infidelitas, | Infidelitas | Infidelitae,"
A02749,SODOMY,kept,731,Sodomismus. | Sodomismus
A02749,IDOLATRY,kept,550,"Idololatria. | Idololatria,"
A02749,COVETOUSNESS,kept,879,Auaritia. | Aua • itia. | Auarititia.
A02749,AMBITION,kept,619,Ambitio. | Ambicio.
A02749,FALSE DOCTRINE,kept,1021,"Pseudodoctrina. | Pseudodoctrina, | Pseudodoctrinai"
A02749,HYPOCRISY,kept,699,"Hypocrisie. | Hypocrisis. | Hypocrysie. | Hypocrisis, | Hypocrises. | Hypoc • isis. | Hypocrysis. | Hypoc • isis,"
A02749,GOD'S VENGEANCE,kept,581,Uindicta Dei. | Uindicta dei.
A02749,CHRISTIAN FAITH,kept,385,Fides Christiana. | Fides christiana. | Fid •• Christiana.
A02749,__crowd__,kept,44,Omnes simul. | Omnes simue. | Ambosimul.
A02800,PISARO,kept,6295,"Piſa. | Piſaro. | Piſa, | Piſar. | Piſa | Peſa."
A02800,LAURENTIA,kept,1045,Laur. | Lauren. | Law. | Laure. | Laur
A02800,MARINA,kept,735,Mari. | Mall. | Mar. | Mari
A02800,MATHEA,kept,1029,Math. | Mathe. | Mat. | Matt.
A02800,ANTHONY,kept,2100,Antho. | Anth. | Antho
A02800,FRISCO,kept,3432,Friſc. | Friſ. | Friſe. | Frſc. | Friſco. | Friſc ▪
A02800,HARVEY,kept,1271,"Haru. | Haruy. | Haru, | Haru | Har."
A02800,HEIGHAM,kept,1113,Heigh. | Hegh. | High.
A02800,WALGRAVE,kept,1310,"Walg. | Wal. | Walſg. | Walgr, | Walgr."
A02800,DELION,kept,533,Delio. | Delio | Deli. | Delia. | Delo. | Delion.
A02800,VANDAL,kept,728,Ʋ and. | Vanda. | Vand. | Ʋ anda. | Ʋ an.
A02800,ALVARO,kept,785,Alua. | Aluar. | Alu.
A02800,MERCHANTS,dropped_short,18,March. | Stra. | Strang.
A02800,MOORE,kept,398,Moor. | Moore.
A02800,TOWERSON,kept,138,Tower. | Tower
A02800,BROWN,kept,231,Brow. | Browne. | Brown.
A02800,POST,kept,219,Poſt. | Post.
A02800,BALSARO,kept,142,Balſ. | Balſa.
A02800,BELLMAN,kept,99,Bel. | Bell.
A02800,__crowd__,dropped_short,32,All ſiſters. | All. | Gentlemen.
A02800,[unresolved] Ha.,unresolved_excluded,36,Ha.
A02800,[unresolved] Ma.,unresolved_excluded,32,Ma.
A02800,[unresolved] Mart.,unresolved_excluded,30,Mart.
A02827,PROLOGUE,kept,457,Prol. | Prologus. | •… rol. | Prol | Pr •… .
A02827,LALA,kept,891,Lala. | L •… la. | Lal. | 〈◊〉 . [Lala]
A02827,PHILOPONUS,kept,2896,Phil. | Phil | •… il. | •… hil.
A02827,AMPHIBIUS,kept,1584,Amp. | Amph. | Amphibius solus. | Amp
A02827,LAURIGER,kept,1846,Lau. | Laur. | Lauriger solus. | L •… r. | •… au. | •… aur. | Lauriger. | 〈◊〉 . [Lauriger]
A02827,DRUDO,kept,957,Drud. | Drudo. | Dru. | Dr •… do.
A02827,PRAECO,kept,720,Preco. | Praeco. | Pr •… co. | Pr •… o. | Praec •… . | 〈◊〉
A02827,COMPLIMENT,kept,3244,Comp. | C •… p. | Com. | Comp
A02827,IMPLEMENT,kept,2253,Imp. | Imp
A02827,NOVICE,kept,547,Nou. | Nouice. | Nou | No •… ice. | No •… . | N •… u. | N •… .
A02827,LUDIO,kept,2582,Ludio. | Lud. | Ludis. | Ludio | Lud •… o | Iud.
A02827,SIREN,kept,731,Siren. | Sir. | Sirea. | S •… .
A02827,INDULGENCE,kept,987,Indul. | Ind. | •… nd. | Indal.
A02827,JINGLE,kept,1293,Ging. | Ing. | Giag. | Gins.
A02827,JUG,kept,141,Iug.
A02827,GERON,kept,709,Geron. | Geron with a forke on's necke. | G •… on. | 〈◊〉 . [Geron]
A02827,RETRO,kept,92,Retro. | Ret. | R •… tro.
A02827,MUSAEUS,kept,1141,Musaeus. | Mus. | Mus •… us. | M •… . | Musaeu •… . | M •… s. | Musaeus | 〈◊〉 . [Musaeus]
A02827,SLUG,kept,694,Slug. | Slug
A02827,THURIGER,kept,606,Thur. | T •… r. | Thr.
A02827,SCOPAS,kept,45,Scop. | Scopas. | Scopa •… .
A02827,CLIO,dropped_short,33,Clio. | C •… o.
A02827,EUTERPE,dropped_short,28,Euterpe. | •… rpe.
A02827,APOLLO (CYNTHIUS),kept,107,Cyn •… .
A02827,__crowd__,kept,43,Comp. Imp. | Laur. Drudo. Pr •… co. Philop Omnes. | O •… nes.
A02906,PROLOCUTOR,kept,304,Baleus prolocutor
A02906,GOD THE FATHER,kept,3583,Pater coelestis. | Pater coelestis | Pater coelestis: | Pater coelestit
A02906,ADAM,kept,627,Adam primus homo. | Adam primus homo:
A02906,NOAH,kept,561,Iustus Noah. | Iustus Noah
A02906,ABRAHAM,kept,568,Abraham fidelis.
A02906,MOSES,kept,562,Moses sanctus.
A02906,DAVID,kept,539,Dauid rex pius.
A02906,ISAIAH,kept,535,Esaias Propheta. | Esaias propheta.
A02906,JOHN BAPTIST,kept,686,Ioannes baptista. | Ioannes Baptista.
A03175,PARDONER,kept,2946,pardo. | ¶The pardoner. | pardo | par. | p •• do.
A03175,FRIAR,kept,2287,frere. | ¶The frere. | frere: | frere·
A03175,PARSON,kept,383,parſo ̄ .
A03175,PRATT,kept,94,prat.
A03175,__crowd__,dropped_short,27,ꝑſ. & pr | ꝑſo ̄ . pr | freꝑd.
A03175,[unresolved] 〈◊〉 .,unresolved_excluded,7,〈◊〉 .
A03177,PALMER,kept,1340,❧ Palmer. | ☞Palmer. | ☞ Palmer.
A03177,PARDONER,kept,2902,☞ Pardoner. | ☞Pardoner. | ❧ Pardoner. | ❧ Pardonar. | ☞Pardonar. | Pardoner.
A03177,POTYCARY,kept,2750,❧ Potycary. | ☞ Potycary. | ☞Potycary. | ⚜Potycary. | ❧ Potycary·
A03177,PEDLER,kept,2153,❧ Pedler. | ☞ Pedler. | ☞Pedler. | ☞Pedler
A03179,LOVER LOVED,kept,2871,Louer loued. | Louer belouyd. | Louer Loued | Louer loued | Leuer loued.
A03179,LOVER NOT LOVED,kept,2553,Louer not loued. | The louer not beloued. | Louer not louyd. | Louer not loued | Louyng not louyd.
A03179,LOVED NOT LOVING,kept,2328,Loued not louyng. | Louyd not louyng. | Loued not louinge. | Belouyd not louyng. | Loued not louing. | Louyd not louyng
A03179,NEITHER LOVER NOR LOVED,kept,5458,No louer nor loued. | No louer nor loued
A03181,MERRY REPORT,kept,4018,"¶Mery reporte. | ❧ Mery report. | ❧ Mery reporte. | ¶Mery reporte, | ☜Mery report. | ☞Mery reporte. | Mery reporte. | ¶Mery report. | ☜Mery reporte? | ❧ Mery report | ❧ Mery reoorte. | ☜Mery reporte."
A03181,JUPITER,kept,1794,"¶Iupyter, | ☜Iupyter. | ¶Iupyter. | ☞Iupiter. | ☜Iupiter. | ☞Iupyter. | ¶Iupiter. | ❧ Iupyter."
A03181,GENTLEMAN,kept,451,"¶Gentylman. | ☜Gentylman. | ☞Gentylman. | ¶Gentylman, | ¶ ❧ Gentylman."
A03181,MERCHANT,kept,400,¶Marchaunt. | ☜Merchant | ❀Marchaunt. | ❧ Marchaunte | ☜Marchaunte.
A03181,RANGER,kept,295,¶Ranger. | ❧ Ranger. | ☜Ranger.
A03181,WATER-MILLER,kept,1357,¶Water myller. | ❧ Water miler. | ❀Water myller. | ☜Water myller. | ¶Watermyller.
A03181,WIND-MILLER,kept,848,"¶Wynde myller. | Wynde myller. | ☜Wynde myller. | ❧ Wynde myller. | ☜Wynde myller,"
A03181,GENTLEWOMAN,kept,477,¶Gentylwoman. | ❧ Gentylwoman. | ☜Gentylwoman. | ¶Gentlwoman.
A03181,LAUNDER,kept,617,❧ Launder. | ❀Launder. | ¶Launder. | ☜Launder.
A03181,DICK,kept,340,¶Boy. | ☜Boy. | ❀Boy.
A03189,HERCULES,kept,3631,"Herc. | Her | Hercu. | Herc, | Herc; | Hercules. | Here. | H •… rc."
A03189,HOMER,kept,869,HOMER. | Hom.
A03189,JASON,kept,2057,Iason. | Ias.
A03189,MEDEA,kept,1392,Medea.
A03189,VENUS,kept,1422,Venus. | Ven.
A03189,OENEUS,kept,296,Oen. | K. Oen. | O •… n.
A03189,ALTHEA,kept,748,Althea. | Alth.
A03189,MELEAGER,kept,1244,Mel. | Melea. | Meleag. | M •… lea. | M •… l. | Mele.
A03189,DEJANIRA,kept,451,Deia. | Dei. | Deyan. | Deian. | Deyn. | De •… .
A03189,PLEXIPPUS,dropped_short,33,Plex.
A03189,TOXEUS,dropped_short,30,Tox.
A03189,ACHELOUS,kept,301,Ache.
A03189,NESSUS,kept,490,Ness.
A03189,ADONIS,kept,247,Adonis. | Adon. | Ad •… nis. | A •… .
A03189,THESEUS,kept,147,Thes.
A03189,TELAMON,kept,458,Tel. | Telam. | Tela. | Tell. | Tella. | Tellamon.
A03189,CASTOR,kept,248,Castor. | Cast.
A03189,POLLUX,kept,149,Pollux. | Pol. | Pollux
A03189,NESTOR,kept,120,Nest. | Nestor.
A03189,ATREUS,kept,102,Atr. | Atreus. | Atre.
A03189,ATALANTA,kept,174,Atlant. | Atl. | Atlan. | Atlanta. | Atlan | A •… l.
A03189,PELEUS,dropped_short,27,Pel.
A03189,LAOMEDON,kept,348,Laom. | Lao. | Laomed.
A03189,PRIAM,kept,199,Priam.
A03189,HESIONE,kept,222,Hesio. | Hesione.
A03189,ANCHISES,kept,47,Anchis. | Anchi.
A03189,AENEAS,kept,114,Aeneas.
A03189,AEETES,kept,567,Oetes.
A03189,ABSYRTUS,kept,158,Absyr. | Absyrtus.
A03189,MARS,kept,547,Mars.
A03189,GALLUS,kept,302,"Gallus. | Gal. | Gallus,"
A03189,AURORA,kept,134,Aurora.
A03189,PHOEBUS,kept,573,Phoebus. | Phoebus: | Phoe. | Phoeb. | Phoeb •… .
A03189,VULCAN,kept,816,"Vulcan. | Vul. | Vulcan, | Vulc."
A03189,PYRACMON,kept,42,Pyrag.
A03189,JUPITER,kept,55,Iup. | •… up.
A03189,JUNO,dropped_short,5,Iuno.
A03189,NEPTUNE,dropped_short,18,Nept.
A03189,MERCURY,dropped_short,18,Merc.
A03189,LYCHAS,kept,167,Lych. | Lyc. | Lichas. | Lychas.
A03189,OMPHALE,kept,343,Omph. | Ompale. | Omp. | Om.
A03189,PHILOCTETES,dropped_short,26,Phy.
A03189,PRIEST,kept,111,Priest.
A03189,MAID,dropped_short,15,Maid.
A03189,SERVANT,kept,79,Seru.
A03189,LORD,kept,38,Lord.
A03189,NYMPHS,dropped_short,27,1. Nym.
A03189,ASPICIO (stem),kept,41,Aspicio.
A03189,__crowd__,dropped_short,11,All.
A03189,[unresolved] Clo.,unresolved_excluded,99,Clo.
A03189,[unresolved] Air.,unresolved_excluded,44,Air.
A03189,[unresolved] I •… .,unresolved_excluded,5,I •… .
A03190,SEBASTIAN,kept,545,Sebast. | King. | Seba.
A03190,ISABELLA,kept,1647,Isabel. | Isa. | Isab. | Isabella. | Isable. | Isubel.
A03190,BONAVIDA,kept,2500,Bona. | Bonavid. | Bona ▪ | Bonavs. | Bona | Bena.
A03190,CENTELLA,kept,556,"Cent. | Cen. | Contel. | Centella,"
A03190,PINEDA,kept,684,"Pin. | Pine. | Pyn. | Pineda, | P • n."
A03190,CLOWN,kept,1295,Clow. | Clowne. | Clown.
A03190,PETROCELLA,kept,2152,Petr. | Petro. | Petr • . | Pert. | Pet. | Pe. | Fetr.
A03190,ALDANA,kept,684,Ald. | Alda. | Ald • . | Al. | Alda:
A03190,VALLADAURA,kept,2394,Valla. | Vall. | Val. | Valladau.
A03190,LEONORA,kept,115,Leo.
A03190,HELENA,kept,1711,Helle. | Hell. | Ellen. | Helle | He •• e.
A03190,TURKISH CAPTAIN,kept,82,Turk.
A03190,FERRERS,kept,2087,Fer. | Ferr. | Ferrers. | Fera.
A03190,MANHURST,kept,658,Man. | Manh. | Mon.
A03190,ROSARA,kept,457,Maid. | Rosa.
A03190,LORD,dropped_short,19,Lord.
A03190,SERVANT,dropped_short,25,Ser.
A03190,__crowd__,dropped_short,13,Omnes.
A03195,GERALDINE,kept,3647,Y. Ger.
A03195,REIGNALD,kept,3734,Reig. | Reg.
A03195,ROGER,kept,2221,Clo. | Own.
A03195,OLD LIONEL,kept,1942,Old Lio. | Old. Lio.
A03195,WINCOTT,kept,1575,Winc. | Win. | Wino. | Winc
A03195,DALAVILL,kept,1452,Dal. | Dal
A03195,LIONEL,kept,1436,Y. Lio. | Y. Lie. | Y Lio.
A03195,MISTRESS WINCOTT,kept,1295,Wife. | Wife
A03195,OLD GERALDINE,kept,1148,Old Ger. | Old. Ger. | Od Ger.
A03195,PRUDENTILLA,kept,301,Prud. | Pru.
A03195,ROBIN,kept,359,Rob.
A03195,BLANDA,kept,214,Bla. | Blan.
A03195,SCAPHA,kept,384,Sca.
A03195,RIOTER,kept,571,Rio. | Ric.
A03195,GALLANTS,kept,37,1. Gall. | 2. Gall.
A03195,WENCHES,dropped_short,10,1. Wen.
A03195,USURER,kept,197,Vsu.
A03195,MAN,dropped_short,6,Man
A03195,GENTLEMAN,dropped_short,15,Gent.
A03195,BESS,kept,203,Bess.
A03195,DRAWER,dropped_short,4,Drawer
A03195,SERVANTS,dropped_short,9,1. Ser. | Ser.
A03195,__crowd__,dropped_short,10,Omn.
A03195,[unresolved] Ela.,unresolved_excluded,8,Ela.
A03195,[unresolved] O •• .,unresolved_excluded,3,O •• .
A03197,PHYLLIS,kept,2357,Phil. | Phi. | Phil
A03197,CRIPPLE,kept,2886,Crip. | Cripple | Cripp. | Cri. | Cripple.
A03197,FRANK,kept,4247,Frank. | Franke | Franke. | Fran. | Frank | Franck. | Fra. | Francke
A03197,MALL,kept,985,Mall. | Mal. | Ma. | Mall | Mal
A03197,BOWDLER,kept,1486,Bowd. | Bow. | Bowdler
A03197,BARNARD,kept,509,Barn. | Bar. | Larn.
A03197,FERDINAND,kept,1164,Ferd. | Fer.
A03197,ANTHONY,kept,1465,"Anth. | Antho. | Ant. | Anth, | Anoth."
A03197,FLOWER,kept,1937,"Maister Flo. | M. Flow. | Master Flo. | Flo. | Flow. | M Flo. | Master Flow. | Ma. Flo. | Mai. Flo. | Maist. Flo. | Maist Flo. | Mast. Fl. | M Flow. | Elow, | Mast. Flo."
A03197,MISTRESS FLOWER,kept,995,Mistris Flo. | Mist. Flo. | Mistresse Flow. | Mistris Fl. | Mistris Flow. | Mistresse Flo.
A03197,FIDDLE,kept,1206,Fid. | Fiddle | Fiddle. | Fidd.
A03197,BERRY,kept,543,Berry | Ber. | Berry. | Berr. | Maister Berry
A03197,BOY,kept,182,Boy | Boy.
A03197,GARDINER,kept,264,Gard. | Gard
A03197,BENNET,kept,75,Ben.
A03197,URSULA,dropped_short,33,Vrsu. | Vrsula.
A03197,SCARLET,kept,145,Scar. | Scarl.
A03197,BOBBINGTON,kept,359,Bob.
A03197,RALPH,kept,61,Ralf. | Ralfe.
A03197,SERGEANTS,kept,56,1. Ser. | 1. Serieant
A03197,WOOD,kept,51,Wood.
A03197,OFFICERS,dropped_short,12,Office.
A03197,__crowd__,dropped_short,31,"Phil. & Vrsu. | All, All. | All. | Both."
A03202,EUSTACE,kept,3755,"EVST. | EVS. | EV. | EVST,"
A03202,GODFREY,kept,2261,GODF. | GOD. | DODF.
A03202,GUY,kept,2491,GV. | GVY.
A03202,CHARLES,kept,2388,CHA. | CHAR.
A03202,ROBERT,kept,1962,ROB. | ROR.
A03202,BOUILLON,kept,1072,EARLE. | OLD D. | EAR. | OLD BVL. | EARL. | EVRLE. | OLD B.
A03202,BELLA FRANCA,kept,1078,BELL. | BEL. | BEL
A03202,SOLDAN,kept,1658,SOL.
A03202,SOPHY,kept,661,SOP. | SO. | PER. SOP.
A03202,TANCRED,kept,755,TANC. | TAN.
A03202,FRENCH LADY,kept,1028,LADIE. | FREN. LAD. | LAD. | FREN LAD. | FREN. L.
A03202,CLOWN,kept,668,CLOVV. | CLOVVNE. | CLO.
A03202,PRESENTER,kept,687,PRE.
A03202,TURK,kept,460,TVR. | TV.
A03202,MORATES (stem MOR),kept,227,MOR. | MOR | MO.
A03202,VILLAIN,kept,120,VILL.
A03202,IRISHMAN,kept,84,IRISH.
A03202,CAPTAIN,kept,49,CAP.
A03202,__crowd__,kept,52,ALL. | EVST. & CHAR. | BRO.
A03205,JUPITER,kept,4766,"Iup. | Iupiter. | Iup, | Iupi."
A03205,SATURN,kept,2511,"Sat. | Saturn. | Satu. | Saturne. | Saturne,"
A03205,HOMER,kept,1017,Homer. | Hom.
A03205,VESTA,kept,430,Vesta. | Vest. | Uesta. | Uest.
A03205,TITAN,kept,653,Tytan. | Tyt. | Tit. | Titan.
A03205,LYCAON,kept,312,"Lycaon. | Lyca. | Lyc. | Lica. | Lycan. | Lica, | Licaon."
A03205,CLOWN,kept,1329,"Clowne. | Clown. | Clow. | Clowne | Clo. | Clowne,"
A03205,NURSE,kept,280,Nurs.
A03205,SIBYLLA,kept,618,"Sib. | Sib • . | Syb. | Sibill. | Sibilla. | Sib,"
A03205,MELISSEUS,kept,151,Mell. | Melli. | Mel.
A03205,CALLISTO,kept,673,Cal. | Calisto. | Calist.
A03205,DIANA,kept,423,Diana. | Dian.
A03205,ATALANTA,kept,85,Atlan. | Atlanta.
A03205,ENCELADUS,kept,586,Encel. | Ence. | Encel
A03205,AEGEON,kept,261,Aege. | Aegeon.
A03205,JUNO,kept,102,Iuno. | Iun.
A03205,NEPTUNE,kept,396,Nept. | Nep.
A03205,PLUTO,kept,170,Pluto. | Plu. | Plut.
A03205,BELDAMS,kept,776,"1. Beld. | 2. Beld. | 1. Bel. | 4. Beld. | 3. Beld. | 1, Beld. | 2. Bel. | 3, Beld."
A03205,ACRISIUS,kept,312,Acri.
A03205,DANAE,kept,842,Dan. | Danae.
A03205,ARCHAS,dropped_short,33,Arc. | Archas.
A03205,TROS,kept,61,Tro. | Troos.
A03205,GANYMEDE,kept,107,Gan. | Gani.
A03205,LORDS,kept,566,1. Lord. | 2. Lor. | 3. Lord. | 2. Lord. | 1. Lor. | 1 Lord. | 2. | 2. Lord | 2 Lord.
A03205,LORDS OF ARGOS,kept,130,Arg. L. | Arges L.
A03205,__crowd__,dropped_short,22,All. | Alarme.
A03208,ELIZABETH,kept,2468,Eliz: | Eliza: | Eliz. | Eliz | Eiz: | Eli:
A03208,QUEEN MARY,kept,785,Quee: | Queen. | Queen: | Quee. | Que: | Qu:
A03208,SUSSEX,kept,859,Suss: | Sussex: | Suss. | Sussex.
A03208,LORD CHAMBERLAIN,kept,51,Cha: | Chamb: | Cham:
A03208,CHANDOS,kept,244,Shand: | Shand.
A03208,THAME,kept,478,Tame: | Tame.
A03208,HOWARD,kept,364,How: | Howard: | Howa: | Howard.
A03208,BEDINGFIELD,kept,733,Bening: | Ben: | Benif: | Bening.
A03208,WINCHESTER,kept,668,Winch: | Winch.
A03208,DODDS,kept,159,Dodds: | Dodds.
A03208,ST LOE,dropped_short,35,Sentlo:
A03208,LORD CONSTABLE,kept,728,Const: | Const. | Constable. | Con. | Con:
A03208,GAGE,kept,1195,"Gage: | Gage. | Gage,"
A03208,GENTLEWOMAN,kept,94,Wom: | Woman: | Wo:
A03208,CLOWN,kept,479,Clowne: | Clo: | Clow: | Clown. | Clowne.
A03208,OWEN,dropped_short,23,D: Owine.
A03208,WENDY,dropped_short,34,D: Wend:
A03208,PHILIP,kept,619,Phill: | Phil. | Phil: | Phyl:
A03208,CLARENCIA,kept,245,Cla:
A03208,GRESHAM,kept,64,Gres:
A03208,CAREW,kept,89,Karew: | Karew. | Karow:
A03208,BROCKET (stem BROC),kept,47,Broc: | Brock:
A03208,BARWICK (stem BAR),dropped_short,19,Bar:
A03208,SPANIARD,kept,54,Spa:
A03208,ENGLISHMAN,kept,67,Eng: | Eng
A03208,MAYOR,kept,36,Maior:
A03208,PANTLER,dropped_short,20,Pant:
A03208,COOKS,kept,193,Cooke: | Cookes:
A03208,SERVANT,dropped_short,23,1. Ser:
A03208,SOLDIERS,kept,535,1: | 2: | 3: | 1. | 2. | 3.
A03208,BOY,kept,131,Boy: | Boy.
A03208,__crowd__,dropped_short,33,Omnes. | Omnes: | Kin. and Qu.
A03217,GRESHAM,kept,3344,Gresh. | Gresh: | Giesh. | Gres. | Gresham. | Gres:
A03217,JOHN GRESHAM,kept,4007,Iohn. | Ioh: | Ioh. | Iohn: | Io. | Ioh
A03217,HOBSON,kept,3353,Hob. | Hobs: | Hobs. | Hobson. | Hob: | Hobs
A03217,TAWNY-COAT,kept,1618,Taw. | Taw: | Tow. | Ped. | Tawnie.
A03217,NOWELL,kept,1345,D. Now. | Now. | Now:
A03217,LADY RAMSAY,kept,1032,Lady. | Ladie. | La: Ram: | La. Ram. | La. Ram: | L. Ram. | La: Ram. | Ladw. | Lady: | La:
A03217,RAMSAY,kept,549,Ram. | Sir Tho: | Sir Thom:
A03217,TIMOTHY,kept,746,Tim. | Timothy. | Tym. | Thimo. | Tim:
A03217,HONESTY,kept,150,Honest. | Honestie. | Ho.
A03217,QUICK,kept,208,Quick. | Quic.
A03217,CLOWN,kept,137,Clo.
A03217,FACTOR,kept,320,Fact. | 1. Fact. | Factor. | Fact: | 2. Fact:
A03217,MERCHANT,kept,170,Mar. | Mar: | Marchant.
A03217,PRENTICES,kept,232,2. Pren. | 1. Prent. | 1. Pren. | 1 Pren.
A03217,PURSUIVANT,dropped_short,25,Pur.
A03217,SWORD-BEARER,dropped_short,26,Sword.
A03217,SHERIFF,kept,156,Shir. | Shirife. | Sheriffe. | Shri. | Sheriff.
A03217,WORKMEN,dropped_short,28,Work. | Worke.
A03217,BOY,kept,82,Boy. | Boy:
A03217,LORDS,kept,434,"2. Lord. | 1. Lord. | 1, Lo. | 2. Lo. | 1. Lo."
A03217,INTERPRETER,kept,89,Inter.
A03217,RUSSIAN AMBASSADOR,dropped_short,29,Amb.
A03217,COURTESAN,kept,304,Curtez. | Curtez | Cur. | Courtez. | Curtes: | Courtez:
A03217,WENCH,kept,71,Wench. | Wench | Wench:
A03217,QUEEN ELIZABETH,kept,1118,Queen. | Quée. | Queene. | Queen:
A03217,LEICESTER,kept,182,Lest. | Lecest.
A03217,SUSSEX,dropped_short,26,Suss.
A03217,PARRY,kept,415,Doct. | Doctor.
A03217,GENTLEMAN,dropped_short,17,Gent.
A03217,HUNSDON,dropped_short,21,Huns.
A03217,POST,kept,189,Post.
A03217,CAPTAIN,kept,144,Cap.
A03217,DRAKE,kept,158,Drake.
A03217,__crowd__,dropped_short,19,Omnes. | All. | Omnes Fact.
A03217,[unresolved] 1.,unresolved_excluded,477,1.
A03217,[unresolved] 2.,unresolved_excluded,225,2.
A03217,[unresolved] 3.,unresolved_excluded,164,3.
A03217,[unresolved] 2,unresolved_excluded,18,2
A03217,[unresolved] 3,unresolved_excluded,23,3
A03224.1,KING EDWARD,kept,3919,King. | K. | K. Ed. | Kin. | Ki. | Ed. | Edw. | K. Ed
A03224.1,DUCHESS OF YORK,kept,456,Dutch. | Du •… c. | Dutchesse. | Du. | Duch.
A03224.1,QUEEN,kept,193,Qu. | Q •… ee. | Queen.
A03224.1,HOWARD,kept,390,How. | Howard.
A03224.1,SELLENGER,kept,483,Sel. | Selling. | Sellin. | Sell.
A03224.1,MESSENGER,kept,187,Mes. | Mess.
A03224.1,FALCONBRIDGE,kept,2300,Fal. | Fa. | Falcon.
A03224.1,SPICING,kept,1688,Spi. | Spicing. | Spi | 1. Spi.
A03224.1,SMOKE,kept,208,Smoake. | Smoke. | 2. Smoke. | Smo.
A03224.1,CHUB,kept,485,Chub. | Ch.
A03224.1,CROSBY,kept,2374,Ma. | M. | Maior. | Maio. | Ma
A03224.1,SHORE,kept,1808,Sho. | Sh. | Shoare. | Shore. | S.
A03224.1,JOSSELYNE,kept,557,Ios. | Ioss. | los.
A03224.1,URSWICK,kept,295,Recor. | Re. | Rec. | Recer. | •… R.
A03224.1,PRENTICES,kept,396,2. Pr. | 2. Pre. | 2. Pren. | 1. Pren | Pr. | 1. Pr. | 1. Pren.
A03224.1,JANE SHORE,kept,1711,"Iane. | Ia. | Ianc. | Ian. | I. | Iane,"
A03224.1,OFFICER,kept,78,Of.
A03224.1,MILLER,kept,144,Mill.
A03224.1,HOBS,kept,3383,Hob. | Hobs. | H. | Ho.
A03224.1,HUNTSMEN,kept,121,1. Hunts. | 2. Hunts. | 2 Hunts. | Huntsm. | 1 Hunts. | 2. Huntsm.
A03224.1,NELL,kept,60,Nell.
A03224.1,DUDGEON,dropped_short,21,Dud. | Dudgeon within.
A03224.1,MORTON,kept,234,Mor. | Mo.
A03224.1,CAPTAIN,kept,128,Cap. | Ca.
A03224.1,BOWES (stem BOW),kept,142,Bow. | Bowes. | Bo.
A03224.1,ASTON,kept,118,Ast. | Aston.
A03224.1,HADLAND,dropped_short,21,Had. | Hadland.
A03224.1,GOODFELLOW,kept,96,Good.
A03224.1,GRUDGEN,kept,107,Grudgen. | Grud. | Gr.
A03224.1,BLAGUE,kept,360,"M. Bla. | M, Blague. | Mi. Blague. | M. B."
A03224.1,BOY,kept,52,Boy.
A03224.1,FRANK (stem FRAN),kept,118,Fran.
A03224.1,WATCH,dropped_short,32,1. Wa.
A03224.1,AIRE (stem),kept,58,Aire.
A03224.1,PALMER,dropped_short,21,Palmer. | Pal.
A03224.1,JOCKIE,kept,69,Iockie.
A03224.1,RUFFORD,dropped_short,8,Rufford.
A03224.1,WIDOW,kept,188,Wid. | VVid. | Widow.
A03224.1,__crowd__,kept,48,all. | All. | all | Spi. Sm.
A03224.1,[unresolved] Head.,unresolved_excluded,17,Head.
A03224.1,[unresolved] Hea.,unresolved_excluded,9,Hea.
A03224.1,[unresolved] B.,unresolved_excluded,16,B.
A03224.1,[unresolved] Maiste.,unresolved_excluded,7,Maiste.
A03224.2,KING EDWARD,kept,2738,K. Ed. | Ed. | King. | Edward. | K. | K. E. | K Ed. | King. Ed.
A03224.2,HOWARD,kept,384,How. | Ho.
A03224.2,SELLENGER,kept,248,Sel. | Se.
A03224.2,SCALES,kept,382,Scal. | Scales. | Scl. | Sca.
A03224.2,HERALD,kept,274,Her. | He.
A03224.2,LOUIS,kept,1154,Lew. | K. L. | K. Lew. | K. Lewes. | K. Le. | K. Lewis.
A03224.2,BOURBON,kept,125,Burb.
A03224.2,BURGUNDY,kept,481,Bur. | Burg.
A03224.2,ST PIERRE,kept,89,S. Pi. | S. Piere.
A03224.2,MAUGIRON,kept,357,Mu. | Mug.
A03224.2,ST POL,kept,851,Con. | C. | Co.
A03224.2,MESSENGER,kept,297,Mes. | Mest. | Mess.
A03224.2,CHORUS,kept,125,Ch.
A03224.2,JANE SHORE,kept,3225,Iane. | Ia. | Iane Shoare. | Iane
A03224.2,JOCKIE,kept,391,Iockie. | Iock. | Iockie | Ioc.
A03224.2,BRAKENBURY,kept,1555,Bra. | Bra | Bra. stil. | Br. | Braken.
A03224.2,STRANGWIDGE,kept,379,Stran. | Stran. M. | St.
A03224.2,SHORE,kept,2779,"Sho. | Sh. | Shoare. | Shoare, | Flo. | Fl. | She. | S."
A03224.2,DORSET,kept,207,Mar. | Ma.
A03224.2,VAUX,kept,139,Kee. | Keeper. | Keep.
A03224.2,QUEEN,kept,774,Qu. | Q.
A03224.2,GLOUCESTER,kept,1974,Glo. | Richard. | Rich. | Gl. | Ric. | Glost. | Glo. aside. | R.
A03224.2,CLARENCE,kept,160,Cla.
A03224.2,SHAW,kept,702,Sha. | Shaw. | D. S. | Do. S. | D. Sh. | D. Sha. | D. Shaw.
A03224.2,NUNTIO,kept,70,Nuntio.
A03224.2,LORD,kept,148,Lo.
A03224.2,CATESBY,kept,339,Cat. | Ca.
A03224.2,PRINCE EDWARD,kept,150,Pr. Ed.
A03224.2,TYRREL,kept,310,Tir. | Tirill. | Ti. | Tiril.
A03224.2,BLAGUE,kept,1000,"Bla. | Bla | Blage. | Bla,"
A03224.2,DIGHTON,kept,72,Digh.
A03224.2,FORREST,kept,63,For. | Fo. | Forrest.
A03224.2,SERVANT,dropped_short,18,Ser.
A03224.2,AIRE (stem),kept,646,Aire. | Air. | Ai.
A03224.2,RUFFORD,kept,860,Ruff. | Ruf. | Ru.
A03224.2,FOGGE,dropped_short,23,Fogge.
A03224.2,BUCKINGHAM,kept,156,Buc. | Buck.
A03224.2,SHERIFF,dropped_short,3,Sher.
A03224.2,APPRENTICES,kept,98,1. Ap. | 2. Ap.
A03224.2,PARITORS (stem PAR),kept,67,1. Par. | 2. P.
A03224.2,__crowd__,dropped_short,20,All. | Finis
A03224.2,[unresolved] An.,unresolved_excluded,323,An.
A03224.2,[unresolved] M.,unresolved_excluded,95,M.
A03224.2,[unresolved] B.,unresolved_excluded,16,B.
A03224.2,[unresolved] Sa.,unresolved_excluded,8,Sa.
A03224.2,[unresolved] Ri.,unresolved_excluded,83,Ri.
A03224.2,[unresolved] Fish.,unresolved_excluded,6,Fish.
A03224.2,[unresolved] K. p.,unresolved_excluded,26,K. p.
A03233,NILUS,kept,635,Nilus.
A03233,ORPHEUS,kept,406,Orpheus.
A03233,MEDEA,kept,327,Medea.
A03240,JULIA,kept,907,Iul. | Iu. | Iulia. | Iulia | Iult.
A03240,STROZA,kept,2185,"Stro. | Str. | Stroza. | Stroza | Stroza,"
A03240,PARMA,kept,964,Par. | Parm.
A03240,LAURETTA,kept,1383,Lauret. | Lau. | Lauretta. | Lau | Laure. | Lawret.
A03240,MOTHER,kept,809,Wife. | Wife | Moth.
A03240,MILAN,kept,1277,Duke. | Duk. | Milla. | Mil. | Millaine. | Duke | Milleine
A03240,SOLDIER,kept,499,Soul.
A03240,VETERAN SOLDIERS,kept,61,1 Soul. | 2 Soul. | 3 Soul.
A03240,CLOWN,kept,1896,"Clow. | Clowne. | Clo. | Clowne | Clow,"
A03240,PRINCE,kept,2163,Prince | Prin. | Prince. | Pri. | Princ.
A03240,MONSIEUR,kept,366,Moun. | Mounsieur
A03240,HUNTSMAN,kept,73,Hunt. | Hunts.
A03240,FLORENCE,kept,261,Flo. | Floren. | Florence | Florens. | Flor.
A03240,LORDS,kept,105,2 Lord | 1 Lord | 3 Lord | Lord | Lord.
A03240,SERVINGMAN,dropped_short,29,Gent.
A03240,__crowd__,dropped_short,18,All. | All Lords
A03240,[unresolved] 〈◊〉 .,unresolved_excluded,45,〈◊〉 .
A03241.1,JUPITER,kept,1024,Iup. | Iupit. | Jup.
A03241.1,JUNO,kept,1114,Iuno. | Iun. | Jun. | Iuno | 〈◊〉 . [Juno]
A03241.1,MERCURY,kept,742,Merc.
A03241.1,IO,kept,517,Io. | 〈◊〉 . [Io] | 〈◊〉
A03241.1,DAPHNE,kept,322,Daphne. | Daph.
A03241.1,ARGUS,kept,693,Arg. | Argus. | Arg
A03241.1,INACHUS,kept,632,Inach. | Inachus. | Jnac.
A03241.1,PENEUS,kept,115,Pen. | Peneus.
A03241.1,AMPHRYSUS,kept,41,Amphr. | Amph.
A03241.1,APIDANUS,dropped_short,32,Appid. | Apid.
A03241.2,APOLLO,kept,1255,Apoll. | Apol. | Apollo. | Phoeb.
A03241.2,DAPHNE,kept,825,Daph. | Daphne.
A03241.2,PENEUS,kept,233,Peneus. | Pen. | • nach.
A03241.2,AMPHRYSUS,kept,175,Amph.
A03241.2,APIDANUS,kept,90,Appid.
A03241.2,NYMPHS,kept,102,2 Nymph. | 2 Nymp. | 1 Nymph.
A03241.2,VENUS,kept,234,Venus. | Ven. | Uen.
A03241.2,CUPID,kept,84,Cup. | Cupid.
A03241.2,AURORA,dropped_short,37,Aurora. | Auror.
A03241.2,HOURS,kept,67,1 Houre. | 2 Houre.
A03241.2,SPRING,dropped_short,24,Spring.
A03241.2,SUMMER,dropped_short,36,Sum. | Som.
A03241.2,AUTUMN,kept,43,Aut. | Autumne.
A03241.2,WINTER,kept,69,Wint. | Winter.
A03241.2,DAY,kept,61,Day.
A03241.2,__crowd__,dropped_short,10,Omnes.
A03241.2,[unresolved] 〈◊〉 .,unresolved_excluded,57,〈◊〉 .
A03241.2,[unresolved]  •• ph.,unresolved_excluded,9,•• ph.
A03241.3,PELOPAEA,kept,502,Pel. | Pelop. | Pel | Iel.
A03241.3,ALOPE,kept,686,Alop. | Alop
A03241.3,AMPHRISA,kept,461,Amp. | Amph.
A03241.3,QUEEN,kept,599,Qu. | Queen | Queen. | (Qu.
A03241.3,NYMPHS,kept,92,2. Nymph. | 1. Nymph. | 1. Nym.
A03244,TARQUIN,kept,1417,"Tar. | Tarq. | Taro. | Tarquin, | Tarquin. | Tarqu. | Tar •… . | T •… ."
A03244,TULLIA,kept,879,Tul. | Tullia. | Tullia | Tulli.
A03244,SEXTUS,kept,3136,Sex. | Sext. | Sextus. | S •… xt. | Sext •… | 〈◊〉 . [Sextus]
A03244,ARUNS,kept,497,Aruns. | Aru. | Arun. | Ar. | Aru •… s. | A •… n. | Arn. | Ar •… . | Arnus | Arnu. | 〈◊〉 . [Aruns]
A03244,LUCRETIUS,kept,528,"Lucret. | Old. Luc. | Old Luc. | Lucr. [Lucretius] | Lucre. [Lucretius] | Luc [Lucretius] | Luc. [Lucretius] | Lu •… [Lucretius] | Lucre, [Lucretius] | Lu. [Lucretius] | 〈◊〉 . [Lucretius]"
A03244,LUCRECE,kept,2254,Lucr. [Lucrece] | Lucrece. [Lucrece] | Luc. [Lucrece] | Lu. [Lucrece] | Lucr [Lucrece] | 〈◊〉 . [Lucrece]
A03244,VALERIUS,kept,1571,Valer. | Val. | Vale. | Valle. | 〈◊〉 . [Valerius] | 〈◊〉 [Valerius]
A03244,COLLATINE,kept,1171,"Col. | Collat. | Colla. | Coll. | Colat. | Cola. | Collatine. | Col | Col, | 〈◊〉 . [Collatine]"
A03244,BRUTUS,kept,3515,"Bru. | Brut. | Br •… t. | Bru, | Brut | Br. | B •… u. | Brutus. | Brut,"
A03244,SERVIUS,kept,232,Ser. | S •… r.
A03244,HORATIUS,kept,1618,Hor. | Hora. | Horat. | Herat. | Hora | Harat. | 〈◊〉 . [Horatius]
A03244,SCAEVOLA,kept,607,Sceu. | Sce. | Sce •… . | Sceuola. | Sceuo. | Sceuol. | Scenol. | Scen. | 〈◊〉 . [Scevola]
A03244,POMPEY,kept,1580,"Clow. | Clo. | Clown. | Clowne. | Clow,"
A03244,PRIEST,kept,167,Priest.
A03244,ORACLE,dropped_short,31,Oracle.
A03244,MIRABLE,kept,208,Maid. | Myr. | Maide. | 1 Ma •… d. | 1. | 1 | Maid •… .
A03244,SECOND MAID,dropped_short,32,2.
A03244,PORSENNA,kept,540,Por. | Porsen. | P •… rsenna. | P •… rs.
A03244,SOLDIERS,kept,114,1. Sol. | 2. Sol. | 1 Sol. | 2 Sol. | 2. Soul.
A03244,SECRETARY,dropped_short,12,Secret.
A03244,SERVINGMAN,dropped_short,2,〈◊〉 . [Servingman]
A03244,__crowd__,kept,36,"Omnes. | Omues. | Omnes | All. | All, | Arun •… and all. | 〈◊〉 . [Faction cry]"
A03248,KING,kept,3317,King.
A03248,MARSHAL,kept,3825,Mar. | Mart.
A03248,CHESTER,kept,1227,Chest. | Chester. | Chest:
A03248,CLINTON,kept,642,Clin. | Clint. | Clinton.
A03248,PRINCE,kept,531,Prince.
A03248,AUDLEY,kept,591,Aud. | Audley. | Audl.
A03248,COCK,kept,1690,Clown. | Clowne. | Cock. | Clo ••• . | Cocke. | Cock
A03248,WELSHMAN,kept,200,Welch.
A03248,SERVANT,kept,471,Serv. | Ser.
A03248,TOUCH-BOX,kept,173,Corp. | Touch. | Corpor. | Cor.
A03248,MATCH,kept,84,Match. | Match
A03248,CAPTAIN BONVILE,kept,3210,Cap. | Capt.
A03248,LORD BONVILE,kept,98,Bonv. | Bon.
A03248,PRINCESS,kept,536,Princesse.
A03248,MARY,kept,463,Mary. | Lady Mary. | Lady Ma. | Laay Ma.
A03248,HOST,kept,237,Host.
A03248,GENTLEMEN,kept,308,1. Gent. | 2. Gent. | 4. Gent. | 3. Gent. | 1. Gen. | Gent.
A03248,ISABELLA,kept,717,Queen. | Isab. | Isab | Isabella. | Queene.
A03248,KATHERINE,kept,278,Kath. | Katherine. | Kate.
A03248,BAWD,kept,663,Bawd.
A03248,WHORES,kept,189,1. Whore. | 2. Whore.
A03248,[unresolved] Crown.,unresolved_excluded,7,Crown.
A03248,[unresolved] 〈◊〉 ,unresolved_excluded,5,〈◊〉
A03255,CHARTLEY,kept,4537,Chart. | Chartly. | Chartl. | Char. | Ch •… rt. | Chartley. | Chart: | Chartl •… y. | Chart | Ch •… t. | 〈◊〉 . [Chartley]
A03255,BOISTER,kept,1121,Boyst. | Boyster. | Boyst •… . | 〈◊〉 . [Boyster] | 〈◊〉 [Boyster]
A03255,SENSER,kept,1922,"Senc. | Sencer. | Senser. | Se •… er. | Sencer | Sencer, | S •… ncer. | 〈◊〉 . [Senser]"
A03255,HARINGFIELD,kept,412,Haring. | Harring. | 〈◊〉 . [Haringfield]
A03255,LUCE,kept,1700,Luce. | Lu •… e. | Luc •… .
A03255,JOSEPH,kept,78,Ioseph.
A03255,FATHER,kept,705,Father. | Fath.
A03255,SECOND LUCE,kept,1326,2. Luce. | 2. 〈◊〉 . | •… . Luce.
A03255,WISE WOMAN,kept,2178,Wisewo. | Wisew. | Wisewoman. | Wisewom. | Wis •… . | 〈◊〉 . [Wise Woman]
A03255,COUNTRYMAN,kept,38,Countr. | Countrym. | Countryman. | 〈◊〉 . [Countryman]
A03255,TABOR,kept,894,Taber. | Tab.
A03255,CICELY,dropped_short,24,Kitchin.
A03255,CITIZEN'S WIVES,kept,58,Wom. | The Wom.
A03255,SIR HARRY,kept,1602,Sir Harry. | Sir Har. | Sir. Har.
A03255,GRATIANA,kept,408,Gratiana. | Grat. | Grat | Gratia. | Grace. | Gratian. | Anne. | 〈◊〉 . [Gratiana]
A03255,SIR BONIFACE,kept,503,"Sir Boniface. | Sir Bonif. | Sir Boniface, | Sir Bon. | Bonif. | Sir 〈◊〉 ."
A03255,SERVINGMAN,dropped_short,34,Servingman.
A03255,OLD CHARTLEY,kept,574,Old Chart. | •… Old Chart.
A03255,GILES,dropped_short,27,Gyles.
A03255,__crowd__,dropped_short,7,All.
A03256,FRANKFORD,kept,3434,Frank. | Frank | Franck. | Franke. | Frank • | Faank.
A03256,ACTON,kept,1377,Fran. | Francis. | Francis | Acton. | Acton
A03256,MOUNTFORD,kept,3014,"Char. | Charles. | Charles | Char, | Charles,"
A03256,WENDOLL,kept,1908,"Wend. | Wend • ll. | Wen. | Wendol. | wend. | Wendoll | Wendoll. | wen. | Wen,"
A03256,CRANWELL,kept,287,"Cran. | Cranwell. | Cran,"
A03256,MALBY,kept,231,Mal. | Malby. | Malbie.
A03256,ANNE,kept,1856,Anne. | Anne | An.
A03256,JENKIN,kept,1077,"Ienk. | Ienkin. | I • nk. | Ien. | Ienk | Ienk,"
A03256,NICHOLAS,kept,1142,Nick. | Nick | Nck. | Nicho.
A03256,JACK,kept,76,Iack. | Slime.
A03256,ROGER,dropped_short,16,Rogero. | Roger.
A03256,SISLY,kept,147,Sisly. | Sis. | S • sly. | Sislie. | Sisly
A03256,JANE,kept,147,Iane | Iane.
A03256,SHERIFF,kept,63,Shrief.
A03256,KEEPER,kept,117,"Keep, | Keep. | Keeper"
A03256,SHAFTON,kept,323,"Shaf. | Shaf,"
A03256,SUSAN,kept,924,Susan. | Susan | Su.
A03256,SPIGOT,dropped_short,34,But.
A03256,OLD MOUNTFORD,kept,62,Mount.
A03256,SANDY,kept,45,San.
A03256,RODER,dropped_short,32,Roder.
A03256,TYDY,dropped_short,34,Tydy.
A03256,SERVINGMEN,kept,53,Ser.
A03256,CARTERS,dropped_short,17,Carter.
A03256,FALCONER,dropped_short,3,Faulk.
A03256,__crowd__,dropped_short,18,All. | All
A03256,[unresolved] A • xe.,unresolved_excluded,14,A • xe.
A03258,ARTHUR,kept,2130,"Arth. | Art •… . | Arth, | A •… th. | Ar. | Arthur. | Art. | 〈◊〉 . [Arthur]"
A03258,SHAKSTONE,kept,893,Shak. | Sha. | Shak | 〈◊〉 ▪ | 〈◊〉 [Shakstone] | 〈◊〉 . [Shakstone]
A03258,BANTAM,kept,764,Bant | Ban. | Banth. | Bantam. | Bantham. | Bant. | 〈◊〉 . [Bantam]
A03258,WHETSTONE,kept,1845,Whet. | VVhet. | W •… et. | Whet | Whe. | 〈◊〉 [Whetstone] | 〈◊〉 . [Whetstone]
A03258,GENEROUS,kept,3359,"Gen. | Gener. | Gen,"
A03258,SEELY,kept,968,Seel. | See. | Seely.
A03258,DOUGHTY,kept,2562,"Dough. | Dought. | Dou. | Doughty. | Doughty ▪ | Doug. | Dough | Dought, | Dough •… . | Dou | Dougb. | •… ou."
A03258,GREGORY,kept,564,Greg. | Gre. | 〈◊〉 . [Gregory]
A03258,LAWRENCE,kept,632,Lawr. | Law. | Lawrence.
A03258,JOAN,kept,420,Ioan. | Joane. | Joan. | Ioane. | Ioane ▪ | Ioa. | 〈◊〉 . [Joan]
A03258,WINNY,kept,290,Win. | VVin.
A03258,PARNELL,kept,853,Parn. | Par. | Pa. | P •… rn. | 〈◊〉 . [Parnell]
A03258,MEG,kept,441,Meg. | Peg. | Meg | M •… g.
A03258,MAUD,kept,72,Mawd. | Maud.
A03258,GOODY DICKISON,kept,449,Dickis. | Gil. | Gill. | Gooddy Dickison. | Gooddy Dick. | G. Dick. | Good. Dick | Gooddy Dick | Goody Dickison. | Gooddy Dickis
A03258,MALL,kept,544,Mal.
A03258,ROBIN,kept,2121,Rob. | Robin. | Rob
A03258,SOLDIER,kept,551,Sold. | Sould.
A03258,MILLER,kept,573,Mil. | Ml. | Miller. | Mill.
A03258,BOY,kept,580,Boy.
A03258,MRS GENEROUS,kept,761,"Mrs. | Mrs. Gen. | Mrs. Gener. | Mrs. Gen, | Mrs. Gen | Mistresse Gener. | Mrs Gener."
A03258,FIDDLER,dropped_short,19,Fid.
A03258,SPRITE,dropped_short,8,Sprite.
A03258,__crowd__,kept,229,All. | All | Witches. | Cry. | Within. | Seel. & Greg. | Ioan. & VVin. | Baxt. & Shak. | Greg. Win. | See. Ioa. | Greg. VVin. | Ar. Ban. Sha. | Arth. Bant. Shak | Arth. Ban. Shak | Ar. Bant. Sha. VVhet. | Ar. Ba. Sha. | Ar. Ba. Sha | Ar. Ba Sha. | Bant. & Shak. | Gen. & Seel. | Ioa. VVin.
A03258,[unresolved] 1.,unresolved_excluded,3,1.
A03258,[unresolved] 2.,unresolved_excluded,3,2.
A03258,[unresolved] 3.,unresolved_excluded,4,3.
A03404,LOUIS,kept,1337,Lew. | Fran.
A03404,PHILIP,kept,1931,Phil. | Phi. | Phil ▪
A03404,KATHARINE,kept,1840,Kath. | Kat.
A03404,RODERICK,kept,1077,Rod. | Ro. | Rodor.
A03404,FLANDERS,kept,68,Flaund. | Flan. | Flaun. | Fland.
A03404,NAVARRE,kept,1182,Nau. | Na. | Nauar.
A03404,FERDINAND,kept,1446,Fer. | Ferd.
A03404,BELLAMIRA,kept,514,"Bel. | Bell. | Bel,"
A03404,PEMBROKE,kept,4457,Pem. | Pemb. | Pem
A03404,BOURBON,kept,1142,Bur. | Burb.
A03404,PETER,kept,686,"Pet. | Pet, | Pe. | Peter."
A03404,BOWYER,kept,2247,Bow. | Bo.
A03404,BOW-WOW,kept,671,Clow.
A03404,PAINTER,kept,39,Payn.
A03404,CORE,kept,75,Core. | Lieu.
A03404,NOD,kept,51,Nod.
A03404,SERGEANT,dropped_short,11,Ser.
A03404,SOLDIERS,dropped_short,21,Soul. | Sol.
A03404,THOMASIN,kept,76,Tom. | Tho.
A03404,FORESTER,kept,224,For. | Forr.
A03404,FISHERMAN,kept,131,Fiſher.
A03404,MESSENGER,kept,50,Meſs. | Meſſ.
A03404,__crowd__,dropped_short,18,All. | Both.
A03405,PEACE,kept,521,Peace. | Peace
A03405,GRAMMAR,dropped_short,32,Gram.
A03405,LOGIC,dropped_short,31,Log.
A03405,RHETORIC,dropped_short,26,Rhe.
A03405,ARITHMETIC,dropped_short,27,Ar.
A03405,GEOMETRY,dropped_short,30,Geo.
A03405,MUSIC,dropped_short,28,Musick.
A03405,ASTRONOMY,dropped_short,29,Astr.
A03405,MAVORTIUS,kept,1048,"Mauo. | Mau. | Mauor. | Mau, | Ma ▪ | Mau"
A03405,PHILARCHUS,kept,710,Phil. | Fill. | Phi. | Fili. | Filli. | Phili. | Phil
A03405,LARIUS,dropped_short,12,Lar.
A03405,HILETUS,dropped_short,12,Hil. | Hile.
A03405,CHRISOGANUS,kept,1812,"Chri. | Chri | Chr. | Chri,"
A03405,GULCH,kept,347,"Gul. | Gull. | Gulch. | Gulsh | Gulsh. | Guls. | Guls, | Incle. | Ingle. | Inc. | Idcle."
A03405,BELCH,kept,442,Bel. | Bell. | Belsh. | Bels. | Belch. | Belch | Bel
A03405,GUT,kept,264,Gut. | Gutt. | Guit.
A03405,POST-HASTE,kept,823,"Post. | Post,"
A03405,SCRIVENER,dropped_short,7,Scri.
A03405,CLOUT,kept,159,Clout. | Clou. | Clot. | Clow. | Clont. | Clout
A03405,BOUGLE,dropped_short,17,Boug.
A03405,LYON-RASH,kept,241,Lyon. | Lion. | Lyo.
A03405,FOURCHER,kept,278,Four. | Fur. | Fou.
A03405,VELURE,kept,487,Vel. | Vel | Velure.
A03405,VOUCHER,kept,517,Vour. | Vouch. | Vouu. | Voucher | Vonr. | Vou.
A03405,PLENTY,kept,138,Plen. | Plenty.
A03405,CERES,dropped_short,14,Ceres.
A03405,BACCHUS,dropped_short,14,Bach.
A03405,PLUTUS,dropped_short,27,Plut.
A03405,CLERK,kept,62,Clar. | Cla.
A03405,CORN BUYER,dropped_short,9,Corne-b.
A03405,SELLER,dropped_short,12,Seller. | Sell.
A03405,MERCHANT'S WIFE,dropped_short,13,Wife.
A03405,STEWARD,kept,144,Stew. | Ste.
A03405,USHER,kept,139,Vsh. | Vsher. | Vsh
A03405,PORTER,dropped_short,12,Porter. | Port.
A03405,LADY,kept,66,Lady.
A03405,LANDLORD,kept,221,Land. | Land | Lan.
A03405,PROLOGUE (play-within),kept,68,Prol.
A03405,TROILUS (play-within),kept,45,Troy.
A03405,CRESSIDA (play-within),dropped_short,27,Cres.
A03405,VICE,dropped_short,23,Vice.
A03405,JUVENTUS,dropped_short,20,Iuv.
A03405,INIQUITY,dropped_short,11,Iniq.
A03405,DEVIL,dropped_short,14,Diuell.
A03405,PRIDE,kept,444,Pry. | Pride. | Pryd.
A03405,SERVINGMEN,kept,135,2 ser. | 1. ser. | 1 ser. | 3. ser. | 2. ser. | 3. Ser.
A03405,PAGE,dropped_short,17,Page. | Pag.
A03405,PERPETUANA,kept,311,Perp. | Per.
A03405,JEWELLER,dropped_short,34,Iew.
A03405,TAILOR,dropped_short,7,Tay.
A03405,PINKANY (stem PINK),dropped_short,29,Pink. | Pinc.
A03405,CHAMPERTY,kept,212,Champ. | Cham. | Camp.
A03405,BELLULA,kept,67,Bellu.
A03405,ENVY,kept,134,Enuy.
A03405,WAR,kept,398,War.
A03405,AMBITION,dropped_short,11,Ambi.
A03405,FURY,dropped_short,14,Fury.
A03405,HORROR,dropped_short,17,Horr.
A03405,RUIN,dropped_short,7,Ruine.
A03405,CAPTAIN,dropped_short,31,Capt.
A03405,OFFICER,kept,39,Offi. | Ofiicer
A03405,SOLDIER,kept,52,Soul.
A03405,POVERTY,kept,169,Pouer.
A03405,FAMINE,dropped_short,29,Famin.
A03405,SICKNESS,dropped_short,31,Sick.
A03405,BONDAGE,dropped_short,25,Bond.
A03405,SLUTTISHNESS,dropped_short,29,Slut.
A03405,HOST,kept,64,Host.
A03405,CONSTABLE,kept,158,"Cun. | Cunst. | Cun, | Cun ▪ | Oun."
A03405,SAILOR,dropped_short,9,Sayl.
A03405,QUEEN ELIZA,kept,152,Q. Eliza.
A03405,BALLAD-SINGER,dropped_short,21,Bal.
A03405,__crowd__,kept,114,"Omnes. | Omnes, | Omnes | Omn. | Omn, | Omnes mor. dan."
A03405,[unresolved] 1.,unresolved_excluded,99,1.
A03405,[unresolved] 2.,unresolved_excluded,134,2.
A03405,[unresolved] 3.,unresolved_excluded,57,3.
A03405,[unresolved] 4.,unresolved_excluded,45,4.
A03405,[unresolved] Gont.,unresolved_excluded,14,Gont.
A03405,[unresolved] Hyp.,unresolved_excluded,12,Hyp.
A03405,[unresolved] Cala.,unresolved_excluded,31,Cala.
A03405,[unresolved] Calla.,unresolved_excluded,9,Calla.
A03405,[unresolved] Con.,unresolved_excluded,8,Con.
A03405,[unresolved] Bles.,unresolved_excluded,10,Bles.
A03424,BAND,kept,310,Band.
A03424,CUFF,kept,929,Cuffe. | Cuffe
A03424,RUFF,kept,389,Ruffe. | Ruffe
A03424,__crowd__,dropped_short,3,Band and Ruffe.
A03438,BAND,kept,306,Band.
A03438,CUFF,kept,898,Cuffe.
A03438,RUFF,kept,430,Ruffe. | Ruff.
A03438,__crowd__,dropped_short,3,Band and Ruffe.
A03496,POETA,kept,4590,Poeta. | Poet. | POETA. | P • et.
A03496,MAGUS,kept,3132,Magus. | Mag. | 〈◊〉 .
A03496,POLITES,kept,2584,Polites. | Pol.
A03496,PHANTASTES,kept,2163,Phant.
A03496,GEOGRAPHUS,kept,1772,Geog. | Geogr.
A03496,GEOMETRES,kept,1117,Geom.
A03496,ASTRONOMIA,kept,776,Aſtron.
A03496,PHYSICA,kept,1102,Phyſica. | Phyſ. | Phyſic.
A03496,ASTROLOGIA,kept,679,Aſtrol. | Astrol.
A03496,ARITHMETICA,kept,590,Arith. | Arithm.
A03496,MUSICA,kept,1408,Muſ. | Muſic. | Muſica.
A03496,MELANCHOLICO,kept,908,Mel. | Melan. | MELANCHOLICO.
A03496,GRAMMATICUS,kept,498,Gram.
A03496,LOGICUS,kept,1169,Log. | Logicus. | Logic. | LOGICVS. | Logius. Hum.
A03496,CHOLER,kept,1069,Choler. | Chol.
A03496,SANGUIS,kept,519,Sang. | Sanguis.
A03496,HISTORIA,kept,1390,Hiſtoria. | Hiſt. | Hiſto. | Histo. | Hiſtor.
A03496,ETHICUS,kept,586,Ethic. | Ethicus.
A03496,RHETORICA,kept,589,Rhet. | Rhetorica. | Rheto. | Rhetor.
A03496,OECONOMA,kept,242,Oecon. | Oeconoma.
A03496,CAUSIDICUS,kept,507,Cauſid. | Cauſ. | Cauſidicus. | Cau.
A03496,PHLEGMATICO,kept,492,Phlegmatico. | Phleg.
A03496,PHYSIOGNOMUS,kept,466,Phyſiog.
A03496,CHEIROMANTES,kept,1625,Cheiro. | Cheir. | Cheito. | Chairo.
A03496,MEDICUS,kept,1860,"Med. | MEDICVS ſolus, with an Vrinall in his hand. | Medic. | Medicus."
A03496,__crowd__,kept,284,Omnes. | Poeta. Geog. Geom. | Geog. Poeta. Geom. | Geom. Geog. Poeta. | Phyſiog. Cheiro. | Aſtrol. Phyſiog. Cheiro.
A03571.1,ROBIN HOOD,kept,570,Robin hood. | Robin hood | Robin
A03571.1,LITTLE JOHN,kept,169,Little Iohn | Little Iohn.
A03571.1,TUCK,kept,492,Frier | Frier Tuck. | Frier. | Frier tuck
A03571.1,JACK,kept,81,Iack | The potters boy Iack.
A03571.1,POTTER,kept,160,Potter | the Potter
A03804,ARTHUR,kept,3082,ARTH. | • RTH.
A03804,MORDRED,kept,2548,MORD. | MODR. | MORD· | MORD
A03804,GUENEVORA,kept,1249,GVEN.
A03804,GORLOIS,kept,841,GORL.
A03804,FRONIA,kept,219,FRON.
A03804,ANGHARAD,kept,335,ANGH.
A03804,CONAN,kept,1031,CONA. | CONAN.
A03804,NUNTIUS,kept,2368,NVNC. | VNT.
A03804,CADOR,kept,942,CADO. | CADOR.
A03804,GAWIN,kept,564,GAWI.
A03804,GILDAS,kept,526,GILD.
A03804,HOWELL,kept,328,HOWE. | • OWE.
A03804,HERALD,kept,115,HERAV. | HERA.
A03804,GILLA,kept,91,GYLL. | GILLA· | GILLA.
A03804,CHELDRICH,kept,40,CHEL.
A03804,LORD OF THE PICTS,dropped_short,33,PICT.
A03804,ASCHILLUS,dropped_short,24,ASCH.
A03804,SOLDIER,dropped_short,3,SOVL.
A03804,CHORUS,kept,687,CHOR. 1 | CHOR. 3 | CHOR. 4 | CHOR. 2 | CHOR. •
A03804,[unresolved] KING,unresolved_excluded,17,KING
A03804,[unresolved] GONA.,unresolved_excluded,15,GONA.
A04027,SON,kept,4201,¶ The Sonne. | ¶ The Huſbande. | ¶ The yongman. | ¶ The Sone.
A04027,RICH MAN,kept,2480,¶ The Father. | ¶ The Ryche man. | ¶ The father.
A04027,YOUNG WOMAN,kept,1742,¶ The Wyfe. | ¶ The yong woman. | ¶ The yongwoman. | ¶ The Yongwoman. | ¶ The yongewoman.
A04027,LONG-TONGUE,kept,645,¶ Mancooke. | Mancooke. | ¶ The Mancooke.
A04027,BLANCHE,kept,489,¶ Maydecooke. | ¶ The Maydecooke.
A04027,SERVANT,kept,435,¶ Seruaunte.
A04027,SATAN,kept,1007,¶ Satan the Deuyll.
A04027,PROLOGUE,kept,289,¶ The Prologue ſpeaker.
A04027,PERORATOR,kept,715,¶ The Peroratour.
A04052,WEALTH,kept,1174,wealth | Welth. | Wealth | We • th. | wealth. | w • alth.
A04052,HEALTH,kept,1752,"Health | Helth. | Health. | health. | H • alth | Heal • h | Health • | He • th • | helth, | 〈◊〉 . [Health] | 〈◊〉"
A04052,LIBERTY,kept,685,liberti. | liberty. | liberty • | liberty | libert | •• libert | lib • r • y
A04052,ILL-WILL,kept,1647,Wyll. | wyll. | W • ll. | w • ll. | wyll | • yll. | 〈◊〉 . [Ill-Will]
A04052,SHREWD WIT,kept,1094,"wytte. | wytte | Wytte. | wy •• e. | Wytte | wytte: | • ytte | wyt • e,"
A04052,HANS,kept,388,Hance | Hanc • | Hauce | Hance.
A04052,REMEDY,kept,1931,Remdi | Remd • | Remdy | remedi | remedi. | •• md | Rem •• | Remd
A04054,YOUTH,kept,1895,youthe. | Youthe. | youthe | ✿youth. | Youthe
A04054,CHARITY,kept,872,Charite | Chariti
A04054,HUMILITY,kept,334,humili. | Humily | humyli. | Humili | Humili.
A04054,RIOT,kept,1103,Ryot. | Ryot | ryot
A04054,PRIDE,kept,501,Pryde | Pryde.
A04054,LECHERY,kept,123,Lecheri | Lechery
A04055,PEACE,kept,1360,Peace. | ¶Peace | Peace | Se • ce.
A04055,ENVY,kept,2064,Enuye. | enuye. | Enuye
A04055,POVERTY/PROSPERITY,kept,1327,impacy. | pouerte | Proſpe. | proſpe. | impacy ▪ | Proſpe | proſper | impacy ent po. | proſpe | pouerty | pouerte. | impacy | ¶Impacient pouerte. | proſperi
A04055,ABUNDANCE,kept,929,Habou ̄ . | Haboſt. | habou ̄ . | haboun. | Haboun
A04055,CONSCIENCE,kept,698,Conſcy. | Conſci | Conſc
A04055,MISRULE,kept,621,myſrule | myſru. | miſrule. | miſrule
A04055,COLE-HAZARD,kept,111,Colhaſ ſarde. | Calhaſ. | Colhaſ.
A04055,SUMMONER,kept,177,Some. | Som. | Some
A04206,ESAU,kept,3588,Eſau. | Eſau·
A04206,RAGAU,kept,2190,Ragau.
A04206,REBECCA,kept,3039,Rebecca. | Rebec • a. | Rebecca ▪ | Rebecc
A04206,ISAAC,kept,2299,"Iſaac. | Iſaa • | I • aac. | Iſaac ▪ | Iſaac, | Iſ • ac. | Iſaac. a."
A04206,JACOB,kept,1604,Iacob.
A04206,MIDO,kept,1741,"Mido. | Mido,"
A04206,HANAN,kept,358,Hanan.
A04206,ZETHAR,kept,243,Zethar.
A04206,ABRA,kept,720,Abra.
A04206,DEBORAH,kept,307,Deborra.
A04520.1,KING JOHN,kept,3318,Iohn | Ioh. | Iohn. | K. Iohn | K. Iohn. | K.I.
A04520.1,ELEANOR,kept,728,Q. Elinor | Q. Elin. | Q. Elian. | Queene Elianor. | Eli. | Q. Elinor. | Q. Elia. | Elian. | Elin. | Elianor.
A04520.1,PHILIP FALCONBRIDGE,kept,3219,Phil. | Baſt. | Philip | Philip. | Bast. | Baſtard. | Bastard | Ph. | Phi. | Baſtar.
A04520.1,ROBERT,kept,526,Robert | Robert. | Rob.
A04520.1,MARGARET,kept,416,Moth. | Mother | Mother. | Mo.
A04520.1,CHATILLON,kept,309,Chat.
A04520.1,SALISBURY,kept,36,Salſ.
A04520.1,NEWDIGATE,kept,76,Shriue
A04520.1,ESSEX,kept,217,Eſſex. | Eſſex | Eſſ.
A04520.1,KING PHILIP,kept,544,K. Phil. | King.
A04520.1,CONSTANCE,kept,736,Conſt. | Constance | Conſtance. | Const. | Con.
A04520.1,ARTHUR,kept,925,Arthur | Arth. | Arthur. | Art.
A04520.1,LOUIS,kept,178,Lewis. | Lew.
A04520.1,LIMOGES,kept,222,Lym. | Lymog.
A04520.1,BLANCHE,kept,161,Blanch. | Blan.
A04520.1,CITIZEN,kept,461,Cittiz. | Citizen | Citiz. | Citti. | Citizens. | Citizen.
A04520.1,ENGLISH HERALD,kept,45,Eng. Her.
A04520.1,FRENCH HERALD,kept,42,Fr. Herold. | Fr. Her.
A04520.1,PANDULPH,kept,379,Card.
A04520.1,MESSENGER,dropped_short,34,Meſſ.
A04520.1,HUBERT,kept,677,Hubert | Hub.
A04520.1,THOMAS (FRIAR),kept,219,Frier | Fr. | Frier.
A04520.1,ANTHONY,kept,45,2. Fr.
A04520.1,ALICE (NUN),kept,61,Nun | Nunne | Nun.
A04520.1,LAWRENCE,kept,63,Fr. Laurence.
A04520.1,PETER,kept,301,Pet. | Peter
A04520.1,BOY,kept,48,Boy | Boy.
A04520.1,PEMBROKE,kept,137,Pemb.
A04520.1,__crowd__,dropped_short,12,Iohn. Phil. | Herolds. | Attendants
A04520.2,KING JOHN,kept,2337,Iohn | Ioh. | Iohn. | K. Ioh. | King
A04520.2,ESSEX,kept,725,Eſſex.
A04520.2,PEMBROKE,kept,599,Pemb.
A04520.2,SALISBURY,kept,512,Salſ. | Saliſ. | Salsb. | Salisb. | Salisbury | Sal.
A04520.2,HUBERT,kept,110,Hub.
A04520.2,PHILIP FALCONBRIDGE,kept,1603,Baſt. | Bast. | Phil. | Bastard | Philip | Baſtard | Ba.
A04520.2,PANDULPH,kept,540,Pand. | Pandulph | Legat | Card. | Pan. | Legate
A04520.2,PETER,kept,37,Peter.
A04520.2,PERCY,dropped_short,18,Percie.
A04520.2,BEAUCHAMP (stem BEWCH),dropped_short,17,Bewch.
A04520.2,MESSENGER,kept,306,Meſſ. | Meſſen. | Meſſenger | Meſ.
A04520.2,LOUIS,kept,1181,Lewes | Lew. | Dolphin
A04520.2,MELUN,kept,531,Mel. | Melun | Melun. | Meloun.
A04520.2,FRENCH LORDS,kept,42,Fr. Lo.
A04520.2,ABBOT,kept,277,Abbot | Abb.
A04520.2,MONK,kept,367,Monke | Mon.
A04520.2,FRIAR,kept,58,Frier
A04520.2,PRINCE HENRY,kept,115,Henry | Prince
A04539,ALEXANDER,kept,5733,"Alex. | Ale. | Allex. | Alex | • lex. | Alx. | •• ex. | Alex, | Alex:"
A04539,CAESAR,kept,3259,Caes. | C • s. | Caesa. | Cae. | Cas. | Caes: | Caes | Caesar. | Coes. | C • sa. | C • s | Caer. | 〈◊〉 [Caesar] | C • . | C •• .
A04539,LUCRETIA,kept,2153,Luc. | Lu. | L • c. | Luc | Lu • . | Luc:
A04539,CHARLES,kept,696,"Char. | Cha. | Charles | Cha,"
A04539,LODOVICK,kept,632,Lo • o. | Lodo. | Lod. | L • dw :
A04539,GENTLEMEN,kept,459,1. Gent. | 2. Gent. | • . Gent.
A04539,BARBAROSSA,kept,1026,Bar. | B • r. | Bar: | Barb. | Baer.
A04539,GISMOND,kept,642,Gis. | G • s. | 〈◊〉 [Gismond] | 〈◊〉 .
A04539,GANDY,kept,535,"Can. | Cand. | Can, | 〈◊〉 [Gandy] | Ca."
A04539,BERNARDO,kept,614,"Ber. | Bern. | Barn. | Ber, | Ben."
A04539,SERVINGMAN,kept,100,Ser. | S • ruin • man.
A04539,MOTICILLA,kept,104,Mot. | Mot: | M • t.
A04539,GUICCIARDINE,kept,120,Cho.
A04539,PICCOLOMINI,kept,134,Pic. | Piccol.
A04539,GASPAR,dropped_short,2,Gasp.
A04539,CARAFFA,kept,623,Car. | Caraf. | Caraff. | Cara ▪ | Cara • . | Car • ss. | Ca • .
A04539,ASCANIO,kept,174,As. | Asca. | Ascan. | Asc.
A04539,MONTPENSIER,kept,49,Mount. | Mon.
A04539,ST PETER AD VINCULA,kept,43,Sa. P. ad Vi. | Pee ad Vi.
A04539,PHILIPPO,kept,268,Phi. | Phi: | Phil. | Phs.
A04539,ASTOR,kept,456,Ast. | Asto. | Astor. | Ast
A04539,FRESCOBALDI,kept,1495,Fres. | Fresc. | F • es. | Fres • o. | Fresc: | Fresco. | Fris. | Fri | Fre.
A04539,BAGLIONI,kept,1325,Bag. | Bag: | Bagb. | • ag. | B • g. | Brg. | Ba.
A04539,PAGE,dropped_short,9,Pag.
A04539,DEVIL,kept,795,Diu. | Diuil. | Diue. | Diuill. | 2. Diuil. | Deue. | Diui. | 1 Diu. | Deui.
A04539,BENTIVOLI,kept,98,Bent. | • ent.
A04539,KATHERINE,kept,874,Kat. | Kath. | Kate. | Ka •• . | Kat • .
A04539,BOYS,kept,157,1. Boy. | 2. Boy. | 2. Boy
A04539,ROTSI,kept,276,Rot. | Rot | Rotsi.
A04539,SOLDIERS,dropped_short,9,Sold.
A04539,MODINA,kept,50,"M • d. | Modi,"
A04539,CORNETTO,kept,48,Corn.
A04539,VARCA,kept,39,Var.
A04539,ASTAROTH,kept,79,Asta. | Asto. [Astaroth]
A04539,BELCHAR,kept,59,Bel.
A04539,BOTTLEMAN,dropped_short,9,Bot.
A04539,__crowd__,dropped_short,3,Diuills.
A04599,ACTION,kept,611,Action.
A04599,IMPOSTURE,kept,854,Imposture.
A04599,MERLIN,kept,170,Merlin.
A04599,BELLEROPHON,kept,270,Bellerophon.
A04599,DWARF,kept,54,Dwar. | Dwarfe | Dwarfe.
A04599,SQUIRE,kept,195,Squire.
A04599,GIANT,kept,165,Giant.
A04599,DAMSEL,kept,103,Damsell.
A04599,KNIGHT,kept,244,Knight.
A04599,FAME,kept,51,Fame.
A04599,CHORUS,kept,73,Chorus.
A04604,LUCILIO,kept,5068,"Lucil. | Luci. | Lucilio,"
A04604,COSMO,kept,1957,Duke.
A04604,ADRASTA,kept,1131,Duch.
A04604,ANTONIO,kept,1587,Anto. | Anton. | Ant. | Anto
A04604,RIGAZZO,kept,1819,Page.
A04604,ALTHEA,kept,1826,"Alth. | Althea. | Alth, | Alth"
A04604,JULIA,kept,1308,Iul. | Iulia. | Jul.
A04604,AMBROSIA,kept,1075,Miſtris Frail. | Miſtris Fra. | Miſtris Frai.
A04604,FRAILWARE,kept,789,"Frail. | Maſter Frail. | Maſter Fra. | M. Fra. | Frail | Maſter Fra, | Frailw. | Frai. | Fra. | Fra,"
A04604,ALASTOR,kept,779,Alaſt.
A04604,ABIGAIL,kept,368,Miſtris Abig. | Abig. | Ab. | Abigail. | Abi.
A04604,DAMASIPPUS,kept,643,Dam. | Damaſ. | Damaſippus.
A04604,MICALE,kept,1319,Mic. | Mical.
A04604,SARVIA,dropped_short,22,Sar.
A04604,ASSASSINO,kept,235,Aſſaſ. | Aſſ. | Aſſa. | Aſſaſs.
A04604,DEBORAH,dropped_short,17,Debor.
A04604,CAMILLA,kept,815,Cam. | Camill.
A04604,LAURA,kept,120,Laur. | Lau.
A04604,ARMINIO (stem ARM),kept,218,Armin. | Arm.
A04604,BARBERO (stem BAR),kept,298,Bar. | Barb.
A04604,FIORINDA (stem FIOR),kept,246,Fior.
A04604,NAVARRO (stem NAVAR),kept,118,Navar. | Nav.
A04604,CAPTAIN,kept,445,Cap. | Capt.
A04604,SHIPMASTER,kept,144,Shipm.
A04604,MESSENGER,kept,100,Meſſ.
A04604,GENTLEMAN,kept,306,Gent.
A04604,PROLOGUE,kept,176,Prol.
A04604,SERVANT,kept,139,Serv.
A04604,ATTENDANTS,dropped_short,9,Attend.
A04604,EXECUTIONER,dropped_short,5,Execut.
A04604,__crowd__,dropped_short,2,Both.
A04632.1,KNOWELL,kept,1987,KNO.
A04632.1,EDWARD KNOWELL,kept,2078,E. KN. | E.KN. | (E. KN. | E. KNO.
A04632.1,BRAINWORM,kept,3220,BRAY. | BRA. | BRAP.
A04632.1,STEPHEN,kept,1775,STEP. | STE. | S • E • . | S ••• .
A04632.1,SERVANT,kept,178,SERV. | SER.
A04632.1,COB,kept,2162,COB.
A04632.1,MATTHEW,kept,1291,MAT. | MATT. | (MAT.
A04632.1,TIB,kept,225,TIB. | TI • .
A04632.1,BOBADILL,kept,3181,BOB.
A04632.1,CASH,kept,559,CAS. | CASH. | THO.
A04632.1,KITELY,kept,3848,KIT. | KITE.
A04632.1,DOWNRIGHT,kept,1155,DOW. | DOWN.
A04632.1,DAME KITELY,kept,523,DAME.
A04632.1,WELLBRED,kept,1882,WEL. | WELL.
A04632.1,CLEMENT,kept,1942,CLEM.
A04632.1,FORMAL,kept,186,FORM. | FOR.
A04632.1,BRIDGET,kept,179,BRID.
A04632.1,__crowd__,dropped_short,5,ALL.
A04632.1,[unresolved] MAR.,unresolved_excluded,11,MAR.
A04632.1,[unresolved] MAY.,unresolved_excluded,17,MAY.
A04632.10,GENIUS,kept,1966,GENIVS.
A04632.10,THAMESIS,kept,110,TAMESIS.
A04632.11,SATYR,kept,1191,SATYRE.
A04632.11,QUEEN MAB,kept,239,FAERIE. | FAERY.
A04632.11,ELVES,kept,235,ELFE.
A04632.12,PENATES,kept,232,PENATES.
A04632.12,MERCURY,kept,964,MER.
A04632.12,MAIA,kept,302,MAI.
A04632.12,PAN,kept,498,PAN.
A04632.14,GENIUS,kept,178,GENIVS.
A04632.14,MERCURY,kept,148,MERCVRIE.
A04632.14,CLOTHO,kept,86,CLOTHO.
A04632.14,LACHESIS,kept,50,LACHESIS.
A04632.14,ATROPOS,dropped_short,14,ATROPOS.
A04632.15,OCEANUS,kept,113,OCEANVS.
A04632.15,NIGER,kept,699,NIGER.
A04632.15,AETHIOPIA,kept,286,AETHIOPIA.
A04632.16,BOREAS,kept,503,BOREAS.
A04632.16,JANUARY,kept,476,IANVARIVS.
A04632.16,VULTURNUS,kept,594,VVLTVRNVS.
A04632.17,HYMEN,kept,209,HYMEN.
A04632.17,REASON,kept,2059,REASON.
A04632.17,TRUTH,kept,229,TRVTH.
A04632.17,OPINION,kept,142,OPINION.
A04632.17,__crowd__,kept,701,EPITHALAMION.
A04632.18,VENUS,kept,520,VENVS. | VEN. | VE.
A04632.18,GRACES,kept,465,1. GRACE. | 2. GRACE. | 3. GRACE. | GR. 1. | GR. 2. | GR. 3.
A04632.18,CUPID,kept,147,CVPID. | CVP.
A04632.18,HYMEN,kept,552,HYMEN.
A04632.18,VULCAN,kept,559,VVLCAN.
A04632.2,MACILENTE,kept,4932,MACI. | MAC. | MACIL.
A04632.2,CARLO BUFFONE,kept,6003,CARL. | CAR.
A04632.2,BRISK,kept,3829,FAST. | FASTIDIVS BRISKE.
A04632.2,PUNTARVOLO,kept,3136,PVNT. | PVN. | PVNT:
A04632.2,CORDATUS,kept,3396,COR. | CORD.
A04632.2,SOGLIARDO,kept,2333,SOGL. | SOG. | SOGI. | SOGLIARDO.
A04632.2,SORDIDO,kept,1801,SORD. | SORDID. | SOR.
A04632.2,FUNGOSO,kept,1883,"FVNG. | FVN. | FVN,"
A04632.2,DELIRO,kept,1583,DELI.
A04632.2,FALLACE,kept,1670,FALL.
A04632.2,ASPER,kept,1473,ASP.
A04632.2,MITIS,kept,1192,MIT. | MITIS.
A04632.2,PROLOGUE,kept,126,PROL.
A04632.2,SHIFT,kept,1078,SHIFT.
A04632.2,SAVIOLINA,kept,513,SAVI.
A04632.2,CLOVE,kept,307,CLOVE.
A04632.2,ORANGE,kept,90,ORAN. | ORANG.
A04632.2,HINE,kept,44,HINE.
A04632.2,CINEDO,kept,45,CINE.
A04632.2,GENTLEWOMAN,kept,127,GENT.
A04632.2,LADY,kept,95,LADY.
A04632.2,FIDO,dropped_short,18,FIDO.
A04632.2,SNIP,kept,138,TAIL.
A04632.2,RUSTICS,kept,272,RVST. 1. | RVST. 2. | RVST. 3. | RVST. 4. | RVST. 5. | RVST. | 3. or 4.
A04632.2,MUSICIANS,dropped_short,4,MVSI.
A04632.2,NOTARY,kept,44,NOTA. | NOT.
A04632.2,SERVINGMEN,dropped_short,12,SERV.
A04632.2,HABERDASHER,kept,76,HABE. | HABER.
A04632.2,GROOM,kept,132,GROO.
A04632.2,DRAWER,kept,111,DRAW.
A04632.2,GEORGE,kept,189,GEOR.
A04632.2,CONSTABLE,kept,83,CONS.
A04632.2,__crowd__,dropped_short,15,CARL. 1. Cap.
A04632.2,[unresolved] 1.,unresolved_excluded,88,1.
A04632.2,[unresolved] 2.,unresolved_excluded,140,2.
A04632.2,[unresolved] 2. Cap.,unresolved_excluded,30,2. Cap.
A04632.20,LADY OF THE LAKE,kept,275,"The Lady of the Lake, first discouered."
A04632.25,PATRICK,kept,84,PAT.
A04632.25,DERMOCK,kept,182,DER.
A04632.25,DONNELL,kept,135,DON.
A04632.25,DENNISE,kept,53,DEN.
A04632.25,GENTLEMAN,kept,306,GENT.
A04632.26,MERCURY,kept,1536,MERCVRY. | MERCVRIE. | MERCVRY proceeded.
A04632.26,VULCAN,kept,131,VVLCAN.
A04632.26,CYCLOPE,kept,85,CYCLOPE.
A04632.26,NATURE,kept,242,NATVRE. | NA.
A04632.26,PROMETHEUS,kept,83,PRO. | PROMETHEVS.
A04632.26,CHORUS,kept,70,CHO.
A04632.27,PALLAS,kept,536,PALLAS | PALLAS.
A04632.27,IRON AGE,kept,223,Iron age
A04632.27,ASTRAEA,kept,261,ASTRAEA. | 1.
A04632.27,GOLDEN AGE,kept,48,2. | AGE.
A04632.27,QUIRE,kept,182,QVIRE. | THE QVIRE.
A04632.27,POETS,kept,72,POETS.
A04632.27,__crowd__,dropped_short,22,1.2. | ASTRAEA. AGE.
A04632.27,[unresolved] 4.,unresolved_excluded,12,4.
A04632.3,AMORPHUS,kept,6237,AMO. | AMOR.
A04632.3,MERCURY,kept,5174,MER. | M • R.
A04632.3,CRITICUS,kept,4337,CRI. | CRIT. | C • IT.
A04632.3,CUPID,kept,2220,CVP.
A04632.3,ASOTUS,kept,2245,ASO. | ASOT.
A04632.3,HEDON,kept,1818,HED. | HED ▪ | HEDO. | H • D.
A04632.3,ANAIDES,kept,1910,ANA. | ANO. | ANAI.
A04632.3,PHANTASTE,kept,1764,PHA.
A04632.3,MORIA,kept,1190,MOR. | MORIA. | MOR • .
A04632.3,PHILAUTIA,kept,1052,PHI.
A04632.3,CYNTHIA,kept,1297,CYN.
A04632.3,ARETE,kept,885,ARE.
A04632.3,ECHO,kept,500,ECC.
A04632.3,SAL,kept,134,1.
A04632.3,JACK,kept,554,2.
A04632.3,THIRD BOY,kept,1330,3. | 3
A04632.3,GELAIA,kept,114,GEL.
A04632.3,ARGURION,kept,289,ARG.
A04632.3,MORUS,kept,95,MORVS. | MORP.
A04632.3,COS,kept,43,COS.
A04632.3,PROSAITES,kept,153,PRO. | PROS.
A04632.3,PERFUMER,kept,314,PER. | P • R.
A04632.3,JEWELLER,dropped_short,21,IEW.
A04632.3,MILLINER,dropped_short,17,MIL.
A04632.3,BARBER,dropped_short,10,BAR.
A04632.3,CITIZEN,dropped_short,28,CIT.
A04632.3,WIFE,kept,35,WIF. | WI • .
A04632.3,PAGE,dropped_short,10,PAG.
A04632.3,TAILOR,kept,40,TAY.
A04632.3,CHORUS,kept,44,CHORVS.
A04632.3,__crowd__,dropped_short,12,ALL.
A04632.3,[unresolved] CVR.,unresolved_excluded,64,CVR.
A04632.3,[unresolved] WIT.,unresolved_excluded,22,WIT.
A04632.3,[unresolved] FET.,unresolved_excluded,2,FET.
A04632.3,[unresolved] Draw.,unresolved_excluded,26,Draw.
A04632.4,TUCCA,kept,4630,TVCC.
A04632.4,HORACE,kept,3244,HORA.
A04632.4,OVID,kept,2387,OVID. | OVID. iu. | OVID iu.
A04632.4,OVID SENIOR,kept,586,OVID. se. | OVID se.
A04632.4,CRISPINUS,kept,2437,CRIS.
A04632.4,AUTHOR,kept,1646,AVT. | AV.
A04632.4,TIBULLUS,kept,1681,TIBV.
A04632.4,VIRGIL,kept,1431,VIRG.
A04632.4,CHLOE,kept,1279,CHLO.
A04632.4,CAESAR,kept,1479,CAES. | CAESA.
A04632.4,JULIA,kept,1012,IVLI.
A04632.4,LUPUS,kept,850,LVPV.
A04632.4,ALBIUS,kept,800,ALBI. | AL • .
A04632.4,GALLUS,kept,791,GALL. | COR. GALL.
A04632.4,ENVY,kept,526,ENVIE.
A04632.4,CYTHERIS,kept,548,CYTH.
A04632.4,MAECENAS,kept,433,MECoe. | MECae.
A04632.4,LUSCUS,kept,341,LVSC.
A04632.4,HISTRIO,kept,378,HIST.
A04632.4,TREBATIUS,kept,239,TREB.
A04632.4,HERMOGENES,kept,185,HERM.
A04632.4,FIRST PYRGUS,kept,327,1. PYR. | PYRG.
A04632.4,SECOND PYRGUS,kept,164,2. PYR.
A04632.4,DEMETRIUS,kept,167,DEME.
A04632.4,LICTORS,kept,126,LICT. | LICTOR.
A04632.4,MINOS,kept,99,MINO.
A04632.4,PROPERTIUS,kept,84,PROP.
A04632.4,PLAUTIA,kept,44,PLAV.
A04632.4,ARISTIUS,kept,46,ARIS.
A04632.4,MAIDS,dropped_short,21,MAYD. | MAYD. 2. | MAYD. 1.
A04632.4,EQUITES,kept,50,EQVITES. | EQVES 1. | EQVES 2. | EQVES.
A04632.4,POLYPOSUS,kept,147,POL. | POLY. | Po. | PO.
A04632.4,NASUTUS,kept,97,NAS. | NASV.
A04632.4,__crowd__,kept,72,AMBO. | ALL. | DEMET. HIST. | CRIS. DEMET. | CRIS. DEMETRIVS. | MECoe. GALL. TIBV. | HORA. TIBV. GALL. MECOE. VIRG.
A04632.4,[unresolved] ALEI.,unresolved_excluded,62,ALEI.
A04632.5,SEJANUS,kept,4732,SEI. | SEIANVS.
A04632.5,TIBERIUS,kept,3197,TIB. | CAESAR.
A04632.5,ARRUNTIUS,kept,3289,ARR. | (ARR.
A04632.5,SILIUS,kept,2071,SIL.
A04632.5,SABINUS,kept,1871,SAB.
A04632.5,TERENTIUS,kept,1034,TER.
A04632.5,MACRO,kept,1182,MAC.
A04632.5,EUDEMUS,kept,702,EVD.
A04632.5,LEPIDUS,kept,633,LEP.
A04632.5,AGRIPPINA,kept,608,AGR.
A04632.5,LATIARIS,kept,545,LAT. | LA.
A04632.5,PRAECONES,kept,561,PRAE. | PRAET.
A04632.5,CORDUS,kept,497,COR.
A04632.5,NUNTIUS,kept,382,NVN.
A04632.5,SENATORS,kept,463,SEN. | (SEN.
A04632.5,AFER,kept,367,AFE. | AFER
A04632.5,COTTA,kept,273,COT.
A04632.5,SATRIUS,kept,237,SAT.
A04632.5,DRUSUS,kept,216,DRV.
A04632.5,LIVIA,kept,226,LIV. | (LIV.
A04632.5,POMPONIUS,kept,267,POM.
A04632.5,LACO,kept,296,LAC.
A04632.5,VARRO,kept,203,VAR.
A04632.5,CALIGULA,kept,207,CAL.
A04632.5,REGULUS,kept,180,REG.
A04632.5,NERO,kept,168,NER.
A04632.5,TRIBUNES,kept,173,TRI. | TRI. 2. | (TRI. | TRI. 1.
A04632.5,MINUTIUS,kept,139,MIN.
A04632.5,NATTA,kept,134,NAT.
A04632.5,RUFUS,kept,104,RVF.
A04632.5,FLAMEN,kept,89,FLA.
A04632.5,GALLUS,kept,96,GAL. | (GAL.
A04632.5,OPSIUS,kept,76,OPS.
A04632.5,HATERIUS,kept,54,HAT.
A04632.5,SANQUINIUS,kept,65,SAN.
A04632.5,POSTHUMUS,kept,81,POS.
A04632.5,SOSIA,dropped_short,9,SOS.
A04632.5,LICTORS,dropped_short,8,LIC.
A04632.5,SERVANT,dropped_short,1,SER.
A04632.5,__crowd__,kept,101,ALL.
A04632.5,[unresolved] MAR.,unresolved_excluded,6,MAR.
A04632.6,MOSCA,kept,6650,MOS. | MOS | (MOS.
A04632.6,VOLPONE,kept,6839,VOLP. | VOL. | (VOLP.
A04632.6,VOLTORE,kept,1381,"VOLT. | VOLT, | (VOLT."
A04632.6,CORVINO,kept,2411,CORV. | (CORV.
A04632.6,SIR POLITIC,kept,2113,POL.
A04632.6,LADY WOULD-BE,kept,1488,LAD.
A04632.6,PEREGRINE,kept,1399,PER. | (PER.
A04632.6,CORBACCIO,kept,678,CORB. | (CORB.
A04632.6,CELIA,kept,497,CEL. | CEL
A04632.6,BONARIO,kept,398,BON.
A04632.6,NANO,kept,367,NAN. | (NAN.
A04632.6,ANDROGYNO,kept,134,AND.
A04632.6,CASTRONE,dropped_short,5,CAS.
A04632.6,AVOCATORI,kept,1092,AVOC. 1. | AVO. 4. | AVO. 1. | AVO. 3. | AVO. 2. | AVOC. 2. | AVOC. | AVOC. 4. | AVOC. 3. | AVO. | AVO 1. | AOC. 3. | ATO. 3. | ATO. 1
A04632.6,NOTARIO,dropped_short,24,NOT. | NOTA.
A04632.6,MERCHANTS,kept,133,MER. 1. | MER. 2. | MER. 3. | (MER. 3.
A04632.6,WOMEN,kept,84,WOM. | VVOM.
A04632.6,CROWD,dropped_short,5,GRE.
A04632.6,COMMANDATORI,dropped_short,7,COM.
A04632.6,SERVANT,dropped_short,26,SER.
A04632.6,__crowd__,dropped_short,10,ALL. | (ALL. | CORV. MOS. | CORV. VOLT. | AVO. 1.2.
A04632.6,[unresolved] PET.,unresolved_excluded,4,PET.
A04632.6,[unresolved] BON. 3.,unresolved_excluded,2,BON. 3.
A04632.7,TRUEWIT,kept,9743,TRV. | TRV | (TRV.
A04632.7,CLERIMONT,kept,4073,CLE. | DLE.
A04632.7,MOROSE,kept,3230,MOR. | (MOR.
A04632.7,DAUPHINE,kept,2628,DAVP. | DAV. | DAVP: | CAVP.
A04632.7,LA FOOLE,kept,1454,LA-F.
A04632.7,OTTER,kept,1297,OTT.
A04632.7,DAW,kept,1197,DAW. | DAW
A04632.7,MISTRESS OTTER,kept,1056,M rs. OT. | M rs . OT. | M rs OT. | Mr s . OT.
A04632.7,CUTBEARD,kept,911,CVT.
A04632.7,EPICOENE,kept,799,EPI.
A04632.7,HAUGHTY,kept,898,HAV.
A04632.7,CENTAUR,kept,418,CEN.
A04632.7,MAVIS,kept,268,MAV.
A04632.7,TRUSTY,kept,63,TRVS.
A04632.7,BOY,kept,285,BOY.
A04632.7,MUTE,dropped_short,26,MVT.
A04632.7,PARSON,dropped_short,27,PAR.
A04632.7,__crowd__,dropped_short,19,ALL. | CEN. MAV.
A04632.7,[unresolved] CRE.,unresolved_excluded,6,CRE.
A04632.8,SUBTLE,kept,6159,SVB. | SYB. | (SVB.
A04632.8,FACE,kept,6131,FAC. | (FAC.
A04632.8,DOL,kept,1069,DOL.
A04632.8,MAMMON,kept,2300,MAM.
A04632.8,SURLY,kept,1069,SVR.
A04632.8,ANANIAS,kept,590,ANA.
A04632.8,TRIBULATION,kept,497,TRI.
A04632.8,KASTRIL,kept,461,KAS.
A04632.8,PLIANT,kept,73,PLI.
A04632.8,DAPPER,kept,457,DAP.
A04632.8,DRUGGER,kept,507,DRV. | NAB.
A04632.8,LOVEWIT,kept,478,LOV.
A04632.8,NEIGHBOURS,kept,76,NEI. 1. | NEI. 3. | NEI. 2. | NEI. 5. | NEI. 4. | NEI. 6.
A04632.8,OFFICERS,dropped_short,27,OFF.
A04632.9,CICERO,kept,6242,CIC. | CIC ▪
A04632.9,CATILINE,kept,4362,CAT. | CATI. | CATILINE.
A04632.9,CAESAR,kept,941,CAES. | (CAES.
A04632.9,FULVIA,kept,926,FVL.
A04632.9,CETHEGUS,kept,749,CET.
A04632.9,CURIUS,kept,650,CVR.
A04632.9,CATO,kept,377,CATO. | (CATO.
A04632.9,SEMPRONIA,kept,485,SEM. | SEMPRONIA.
A04632.9,PETREIUS,kept,532,PET.
A04632.9,ALLOBROGES,kept,386,ALL. | ALL:
A04632.9,POMTINIUS,kept,484,POM | POM.
A04632.9,LENTULUS,kept,253,LEN.
A04632.9,CRASSUS,kept,266,CRA. | (CRA.
A04632.9,VOLTURCIUS,kept,189,VOL.
A04632.9,CATULUS,kept,144,CATV.
A04632.9,GALLA,kept,119,GAL.
A04632.9,QUINTUS,kept,103,QVI.
A04632.9,AURELIA,kept,92,AVR.
A04632.9,VARGUNTEIUS,kept,109,VAR.
A04632.9,GABINIUS,kept,50,GAB.
A04632.9,ANTONIUS,kept,65,ANT.
A04632.9,FLACCUS,kept,58,FLA.
A04632.9,SENATORS,kept,56,SEN.
A04632.9,PRAECO,kept,46,PRAE.
A04632.9,AUTRONIUS,dropped_short,32,AVT.
A04632.9,LONGINUS,dropped_short,26,LON.
A04632.9,CHORUS,dropped_short,22,CHOR. | (CHO.
A04632.9,PORTER,dropped_short,23,POR.
A04632.9,CORNELIUS,dropped_short,23,COR.
A04632.9,LICTORS,dropped_short,16,LIC.
A04632.9,SANGA,dropped_short,12,SAN.
A04632.9,STATILIUS,dropped_short,7,STA.
A04632.9,CEPARIUS,dropped_short,3,CEP.
A04632.9,LAECA,dropped_short,5,LEC.
A04632.9,SERVANT,dropped_short,3,SER.
A04632.9,__crowd__,dropped_short,9,CET. LON. | CVR. BES.
A04632.9,[unresolved] SYL.,unresolved_excluded,142,SYL.
A04633.1,COKES,kept,3652,"COK. | COOK. | COK ▪ | COK,"
A04633.1,WASP,kept,3543,WAS. | WAS
A04633.1,QUARLOUS,kept,4151,QVAR. | QVA. | QVA
A04633.1,OVERDO,kept,2863,IVS. | IVSTICE OVERDOO. | IVS·
A04633.1,LITTLEWIT,kept,2399,IOH. | LITT. | LIT. | IOH ▪ | ION.
A04633.1,KNOCKEM,kept,1828,"KNO. | KNO,"
A04633.1,BUSY,kept,1759,"BVS. | BVS, | PVS."
A04633.1,URSULA,kept,1674,"VRS. | VRS,"
A04633.1,LEATHERHEAD,kept,1980,LAN. | LEA. | LAN | (LAN. | LAV:
A04633.1,SCRIVENER,kept,1331,Scr.
A04633.1,WHIT,kept,1128,"WHI. | VVHI. | WHIT. | WHI, | WHI ▪"
A04633.1,EDGEWORTH,kept,1079,"EDG. | EDG,"
A04633.1,BRISTLE,kept,968,BRI. | BRI.. | BRI
A04633.1,GRACE,kept,881,GRA.
A04633.1,PURECRAFT,kept,866,PVR.
A04633.1,WIN,kept,731,WIN. | VVIN.
A04633.1,WINWIFE,kept,691,WIN-W. | WINW. | WIN-VV. | WIN W. | WIN-W
A04633.1,NIGHTINGALE,kept,700,NIG.
A04633.1,TROUBLE-ALL,kept,563,TRO.
A04633.1,STAGE-KEEPER,kept,498,STAGE-KEEPER. | Sta.
A04633.1,TRASH,kept,514,TRA.
A04633.1,MOONCALF,kept,318,MOO. | MOo.
A04633.1,HAGGIS,kept,325,HAG.
A04633.1,MISTRESS OVERDO,kept,452,OVE. | OVER. | OVER
A04633.1,CUTTING,kept,189,CVT.
A04633.1,PUPPETS,kept,673,PVP. | PVP. L. | PVP. D. | PVP. H. | PVP. C. | PVP. Da. | PVP. Pi. | PVP. L· | PVP. IO: | PVP. P. | PVP. I. | PVP. Da. Pi. | PVP. P. D. | PVP. D. P. | PVP. L | PVP. P
A04633.1,BOOK-HOLDER,kept,158,Booke.
A04633.1,ALICE,kept,84,ALE.
A04633.1,SHARKWELL,kept,165,SHA. | SHA
A04633.1,FILCHER,kept,57,FIL.
A04633.1,COSTERMONGER,dropped_short,37,COS.
A04633.1,NORTHERN,dropped_short,36,NOR.
A04633.1,POCHER,dropped_short,23,POC.
A04633.1,SOLOMON,dropped_short,2,SAL.
A04633.1,CORNCUTTER,dropped_short,8,COR.
A04633.1,TINDERBOX MAN,dropped_short,11,TIN.
A04633.1,__crowd__,kept,52,ALL | EDG. NIG. | QVAR. WIN-W. | WIN-W. QVAR. | PVP. NOR.
A04633.1,[unresolved] ERA.,unresolved_excluded,3,ERA.
A04633.1,[unresolved] AN.,unresolved_excluded,4,AN.
A04633.1,[unresolved] BAS.,unresolved_excluded,9,BAS.
A04633.2,FITZDOTTREL,kept,5953,FIT. | FIT | FIT: | FIT· | • IT. | F • T. | (FIT.
A04633.2,MERECRAFT,kept,5511,MER. | MER ▪ | MER | MER·
A04633.2,WITTIPOL,kept,4246,WIT. | VVIT. | Wit. | WIT ▪ | WI.
A04633.2,PUG,kept,1943,PVG. | PVG | PVG·
A04633.2,SATAN,kept,1820,DIV. | SAT.
A04633.2,INIQUITY,kept,425,INI.
A04633.2,MANLY,kept,919,MAN. | MAN
A04633.2,MISTRESS FITZDOTTREL,kept,984,M rs . FI. | M rs . FIT. | M rs . FI | M. FI.
A04633.2,ENGINE,kept,875,ING.
A04633.2,TAILBUSH,kept,1011,TAY. | TAI. | TAI
A04633.2,AMBLER,kept,788,AMB. | AMB ▪
A04633.2,EVERILL,kept,969,EVE. | EV. | EVE· | EVE:
A04633.2,GILTHEAD,kept,500,GVI. | CVI.
A04633.2,PLUTARCHUS,kept,341,PLV. | (PLV.
A04633.2,LADY EITHERSIDE,kept,322,EIT. | EYT. | EI. | E • T.
A04633.2,SIR PAUL EITHERSIDE,kept,327,POV. | POV:
A04633.2,PITFALL,kept,70,PIT.
A04633.2,TRAINS,kept,227,TRA.
A04633.2,SHACKLES,kept,141,SHA. | SHA
A04633.2,KEEPERS,kept,100,1. KEE. | KEE. | 2. | 3. | 4. | 1.
A04633.2,SLEDGE,dropped_short,38,SLE.
A04633.2,SERGEANTS,dropped_short,3,SER.
A04633.2,__crowd__,dropped_short,3,TRA. PIT.
A04633.3,PENNYBOY JUNIOR,kept,4233,P. IV. | P. I • . | P·IV. | P. IN. | P IV. | P· IV.
A04633.3,PENNYBOY SENIOR,kept,3654,P. SE. | P. Se. | P. S • . | P. S. | P. SE
A04633.3,CANTER,kept,2553,P. CA. | P. CA | P. CAN. | P. C. | P • C. | P. CA· | P CA. | (P. CA.
A04633.3,PICKLOCK,kept,1772,PIC. | PICK. | PIC
A04633.3,CYMBAL,kept,1143,CYM. | CYM: | CYM ▪ | CYM | CIM.
A04633.3,FITTON,kept,1211,"FIT. | FIT,"
A04633.3,LICKFINGER,kept,1324,LIC. | (LIC.
A04633.3,THOMAS,kept,1224,THO.
A04633.3,MIRTH,kept,999,MIRTH. | MIR. | MIRT.
A04633.3,TATTLE,kept,920,TATLE. | TAT.
A04633.3,CENSURE,kept,684,CEN. | CENSVRE.
A04633.3,EXPECTATION,kept,357,EXP. | EXPECTATION. | EXPECTA. | EXPEC.
A04633.3,PECUNIA,kept,551,PEC.
A04633.3,SHUNFIELD,kept,640,SHV. | SHVN.
A04633.3,ALMANAC,kept,698,ALM. | ALM
A04633.3,MADRIGAL,kept,538,MAD. | MADRIGAL.
A04633.3,BROKER,kept,695,BRO. | B • O.
A04633.3,REGISTER,kept,252,REG. | REG ▪
A04633.3,PIEDMANTLE,kept,215,PYE.
A04633.3,FASHIONER,kept,301,FAS.
A04633.3,STATUTE,kept,151,STA.
A04633.3,BAND,kept,174,BAN. | BAND.
A04633.3,MORTGAGE,kept,47,MOR.
A04633.3,WAX,kept,59,WAX.
A04633.3,NATHANIEL,kept,74,CLE.
A04633.3,COUNTRYWOMAN,dropped_short,25,WO.
A04633.3,LEATHERLEG,dropped_short,5,LET. | SHO.
A04633.3,HABERDASHER,dropped_short,16,HAB.
A04633.3,LINENER,dropped_short,7,LIN.
A04633.3,SPURRIER,dropped_short,19,SPV.
A04633.3,DOPPER,kept,74,DOP.
A04633.3,PORTER,dropped_short,38,POR.
A04633.3,CUSTOMERS,kept,77,C. 2. | CVS. 4. | CVS. 1. | CVS. 5. | 2. | 3. | 4. | 5.
A04633.3,__crowd__,dropped_short,10,ALL. | CEN. TAT.
A04633.3,[unresolved] CLA.,unresolved_excluded,310,CLA.
A04633.3,[unresolved] SAT.,unresolved_excluded,4,SAT.
A04633.3,[unresolved] F • .,unresolved_excluded,3,F • .
A04633.3,[unresolved] 〈◊〉 .,unresolved_excluded,6,〈◊〉 .
A04633.3,[unresolved] P. •• .,unresolved_excluded,20,P. •• .
A04633.3,[unresolved] TRA.,unresolved_excluded,4,TRA.
A04633.3,[unresolved] REST.,unresolved_excluded,5,REST.
A04636,FACE,kept,8035,FAC. | Fac. | FAC | (FAC.
A04636,SUBTLE,kept,6996,"SVB. | SVB | SVB.. | (SVB. | SVB,"
A04636,DOL,kept,1428,DOL. | DOL | Dol. | DAL.
A04636,MAMMON,kept,3064,MAM. | MAM
A04636,SURLY,kept,1373,SVR. | SVr.
A04636,ANANIAS,kept,734,ANA. | ANA
A04636,TRIBULATION,kept,594,TRI.
A04636,KASTRIL,kept,802,KAS.
A04636,PLIANT,kept,76,PLI. | PLI
A04636,DAPPER,kept,546,DAP.
A04636,DRUGGER,kept,562,DRV.
A04636,LOVEWIT,kept,1168,LOV. | Lov.
A04636,NEIGHBOURS,kept,258,NEI. 2. | NEI. 1. | NEI. 6. | NEI. 3. | NEI. 4. | NEI. 5. | N • I. 1. | NEI. | NEI. 5 | MEI. 1.
A04636,OFFICERS,kept,39,OFF.
A04636,__crowd__,dropped_short,3,NEI. 1.2.4.
A04636,[unresolved] 〈◊〉 .,unresolved_excluded,3,〈◊〉 .
A04637.1,GENIUS,kept,2463,GENIVS. | GE.
A04637.1,THAMESIS,kept,112,TAMESIS.
A04637.1,FLAMEN,kept,404,FL.
A04637.1,ELECTRA,kept,1068,Electra.
A04637.2,SATYR,kept,1527,SATYRE. | SATIRE. | SATIR ••
A04637.2,QUEEN MAB,kept,245,FAE • Y. | FA • RIE. | FAERY •
A04637.2,ELVES,kept,241,ELFE.
A04638,FERNEZE,kept,2385,Count. | Count | Coun. | COunt. | Count:
A04638,ONION,kept,2179,"Oni. | Onion. | Onion | On. | Oni, | Ont. | Oni | Oni:"
A04638,JAQUES,kept,1849,"Iaq. | Iaq, | IAq."
A04638,JUNIPER,kept,1954,Iuni. | Iunip. | Iun. | Iuni
A04638,PAULO,kept,990,Pau. | Pau:
A04638,ANGELO,kept,1388,Ange. | Ang. | ANge. | Ang: | Ang | Angelo?
A04638,MAXIMILIAN,kept,1038,Max. | Maxi. | Max | Mvx.
A04638,AURELIA,kept,864,Aure. | Aur. | AVre. | Anre.
A04638,VALENTINE,kept,770,"Valen. | Valen, | Val."
A04638,CHRISTOPHERO,kept,813,Chriſ. | Chriſto. | Chriſt. | Chriſ | CHriſt. | Criſt.
A04638,CHAMONT,kept,475,Cha.
A04638,GASPER,kept,477,Cam.
A04638,PACUE,kept,356,"Pac. | Pac | Pac,"
A04638,ANTONIO,kept,315,Anto.
A04638,PHOENIXELLA,kept,349,Phoen. | Phoe | Phoenix | Phoeni. | Phoe.
A04638,RACHEL,kept,291,Rach. | Rach:
A04638,FRANCISCO,kept,244,Fran.
A04638,SEBASTIAN,kept,129,Sebaſt. | Seba.
A04638,BALTHASAR,kept,76,Balth. | Balt. | Balt
A04638,MARTINO,dropped_short,33,Mart. | Mar.
A04638,VINCENTIO,dropped_short,8,Vincen.
A04638,FINIO,kept,195,Fin. | Fin | Finio. | Fini.
A04638,NUNCIO,kept,137,Nun. | NVn.
A04638,BOY,dropped_short,24,Boy. | Boy
A04638,__crowd__,kept,112,"Iuniper, Onion, Antony Baladino. | Omnes. | Val. Seb. Balth."
A04638,[unresolved] Pru.,unresolved_excluded,17,Pru.
A04638,[unresolved] Pan.,unresolved_excluded,3,Pan.
A04640,CICERO,kept,7950,CIC.
A04640,CATILINE,kept,6695,CAT. | CATI. | CATILINE. | CAT • . | C • T.
A04640,CHORUS,kept,2041,CHORVS. | CHO.
A04640,FULVIA,kept,1676,FVL. | FVV. | FVL
A04640,CAESAR,kept,1569,"CAES. | CA • S. | CAES,"
A04640,CETHEGUS,kept,1467,"CET. | CET,"
A04640,CURIUS,kept,1029,CVR.
A04640,SEMPRONIA,kept,785,SEM.
A04640,LENTULUS,kept,819,"LEN. | LEN,"
A04640,PETREIUS,kept,534,PET.
A04640,GALLA,kept,459,GAL. | GVL. | GA • .
A04640,ALLOBROGES,kept,642,ALL. | ALLOBROGES.
A04640,CRASSUS,kept,359,CRA.
A04640,CATO,kept,328,CATO.
A04640,POMTINIUS,kept,209,POM.
A04640,VOLTURCIUS,kept,197,VOL.
A04640,CATULUS,kept,198,CATV.
A04640,LONGINUS,kept,177,"LON. | LON,"
A04640,VARGUNTEIUS,kept,149,VAR.
A04640,SANGA,kept,124,SAN.
A04640,QUINTUS,kept,108,QVI.
A04640,AURELIA,kept,92,AVR.
A04640,GABINIUS,kept,78,GAB.
A04640,SENATORS,kept,76,SEN.
A04640,ANTONIUS,kept,67,ANT.
A04640,FLACCUS,kept,66,FLA.
A04640,PRAECO,kept,46,PRAE.
A04640,AUTRONIUS,kept,40,AVT.
A04640,LAECA,dropped_short,28,LEC.
A04640,CORNELIUS,dropped_short,27,COR.
A04640,PORTER,dropped_short,23,POR.
A04640,BESTIA,dropped_short,19,BES.
A04640,LICTORS,dropped_short,20,LIC.
A04640,SERVANT,dropped_short,22,SER.
A04640,STATILIUS,dropped_short,9,STA.
A04640,CEPARIUS,dropped_short,3,CEP.
A04640,ARMY,dropped_short,8,ARM.
A04640,PAGE,dropped_short,1,PAG.
A04640,__crowd__,dropped_short,6,CVR. VAR. | GAB. STA.
A04640,[unresolved] SYL.,unresolved_excluded,136,SYL.
A04640,[unresolved] AVL.,unresolved_excluded,5,AVL.
A04643.1,OCEANUS,kept,291,OCEANVS.
A04643.1,NIGER,kept,734,NIGER.
A04643.1,AETHIOPIA,kept,430,AETHIOPIA.
A04643.2,BOREAS,kept,504,BOREAS.
A04643.2,JANUARY,kept,509,IANVARIVS.
A04643.2,VULTURNUS,kept,467,VVLTVRNVS.
A04644,DWARF,kept,422,POSTILION.
A04644,SPRING,kept,213,SPRING.
A04644,ZEPHYRUS,kept,94,ZEPHYRVS.
A04644,NAIADS,kept,41,FOVNTAYNES.
A04644,JUNO,kept,46,IVNO. | IVNO | JVNO.
A04644,IRIS,kept,42,IRIS.
A04644,FAME,kept,79,FAME. | FAME
A04644,CHORUS,kept,109,CHORVS.
A04644,POESY,dropped_short,6,POESY.
A04644,HISTORY,dropped_short,6,HISTORY.
A04644,ARCHITECTURE,dropped_short,7,ARCHITECTVRE.
A04644,SCULPTURE,dropped_short,9,SCVLPTVRE.
A04644,__crowd__,kept,122,"RIVERS, SPRING, FOVNTAYNES. | RIVERS, FOVNTAYNES."
A04645,TRUEWIT,kept,8941,Tru. | Tru
A04645,CLERIMONT,kept,3541,"Cle. | Cle, | Cle | Cl • ."
A04645,MOROSE,kept,2909,"Mor. | Mor,"
A04645,DAUPHINE,kept,2337,Daup. | Daup | Doup.
A04645,LA FOOLE,kept,1454,La-F. | La-f. | La F.
A04645,OTTER,kept,1294,Ott.
A04645,DAW,kept,1197,Daw.
A04645,MISTRESS OTTER,kept,790,M rs . Ot. | M rs . Ott. | M rs Ot.
A04645,CUTBEARD,kept,790,Cut.
A04645,HAUGHTY,kept,762,Hau.
A04645,EPICOENE,kept,609,Epi.
A04645,CENTAUR,kept,368,Cen. | Cer.
A04645,MAVIS,kept,268,Mau.
A04645,TRUSTY,kept,63,Truſ.
A04645,BOY,kept,288,Boy.
A04645,MUTE,dropped_short,26,Mut.
A04645,PARSON,dropped_short,30,Par.
A04645,__crowd__,dropped_short,1,All.
A04645,[unresolved] Another.,unresolved_excluded,144,Another.
A04645,[unresolved] Gen.,unresolved_excluded,46,Gen.
A04645,[unresolved] Mar.,unresolved_excluded,7,Mar.
A04647,THORELLO,kept,3423,Tho. | Th • . | Thor. | T • o.
A04647,MUSCO,kept,3306,Mus. | M • s. | Musco. | Mu. | Mus
A04647,BOBADILLA,kept,2984,"Bob. | Bo. | B • b. | Bob ▪ | Bob, | • ob. | Bo • ."
A04647,COB,kept,2061,Cob. | C • b.
A04647,PROSPERO,kept,2018,Pros. | Pr • s. | Prosp. | Pro.
A04647,LORENZO JUNIOR,kept,2359,Lo. iu. | Lo. Iu. | Le. iu. | Lo. iun. | Lor. • u. | Lo. i • . | Lo. iu ▪ | Lo iu. | L • . iu. | Lor. iu. | Lo. | L • . | Lo • . iu. | Lo. • u. | L • . i • . | Lo ▪ iu.
A04647,LORENZO SENIOR,kept,2184,Lore. se. | Loren. | Lore. | Lor. | Lor. se. | Lo. se. | Le. se. | Le • se. | Lo. se | Lore. se | Lore se. | Lo. s • ▪ | L • . se. | Lo. sen.
A04647,CLEMENT,kept,2286,Clem. | Cle. | Cle • . | C •• m. | Cl • m. | C • em. | Clem • | C • e. | C • e • . | C.
A04647,MATHEO,kept,1443,Mat. | M • t. | Ma • . | Mas.
A04647,STEPHANO,kept,1618,Step. | Steph. | St • p. | S • ep.
A04647,GIULIANO,kept,1181,Giu. | Gui. | Gu. | G • i. | Giul. | Gi • . | G • u.
A04647,PISO,kept,507,Pis. | Piso. | Pi. | Pizo.
A04647,BIANCA,kept,582,Bia. | Bi • . | Bi.
A04647,HESPERIDA,kept,223,Hes. | H • s. | Hesp.
A04647,TIB,kept,228,Tib. | Ti • .
A04647,PETO,kept,223,Peto. | Pe. | Pet.
A04647,SERVINGMAN,kept,151,Ser.
A04647,__crowd__,dropped_short,5,All.
A04647,[unresolved] C •• .,unresolved_excluded,11,C •• .
A04648,CARLO BUFFONE,kept,5900,Carl. | Car. | Carl: | Carlo. | Carlo
A04648,MACILENTE,kept,5386,Mac. | Maci. | Mac • .
A04648,BRISK,kept,3879,Fast. | Fasti. | Fastid.
A04648,PUNTARVOLO,kept,3217,Punt. | Pun. | Pu •• . | P • nt.
A04648,CORDATUS,kept,2781,Cord. | Cor. | Cordatus.
A04648,SOGLIARDO,kept,2399,Sog.
A04648,SORDIDO,kept,1775,Sord. | Sor.
A04648,FUNGOSO,kept,1873,Fung. | Fun.
A04648,DELIRO,kept,1655,Deli. | Deliro. | Deli
A04648,FALLACE,kept,1663,Fall. | Fallace. | Fal.
A04648,MITIS,kept,1105,Mit. | Mitis.
A04648,ASPER,kept,1379,Asp.
A04648,PROLOGUE,kept,125,Pro. | Prol.
A04648,SAVIOLINA,kept,524,Saui.
A04648,SHIFT,kept,1152,Shift.
A04648,CLOVE,kept,314,Cloue. | Clou.
A04648,ORANGE,kept,64,Oren. | Oreng.
A04648,HINE,kept,45,Hind.
A04648,CINEDO,kept,45,Cine. | Cin. | Cinc.
A04648,GENTLEWOMAN,kept,126,Gent. | Gen.
A04648,LADY,kept,96,Lady.
A04648,FIDO,dropped_short,13,Fido.
A04648,SNIP,kept,138,Tay. | Tail. | Taylor. | Tayl.
A04648,RUSTICS,kept,270,Rust. 2 | Rust. 1 | Rust. 5 | Rust. 3 | Rust. 4 | Rust. | 3 or 4
A04648,MUSICIANS,dropped_short,5,Music.
A04648,NOTARY,kept,43,Not.
A04648,SERVINGMEN,dropped_short,14,Seruing.
A04648,HABERDASHER,kept,78,Hab. | Haber. | Haberdasher.
A04648,GROOM,kept,140,Groome.
A04648,DRAWER,kept,146,Draw. | Drawer.
A04648,GEORGE,kept,190,Geor. | Georg. | George.
A04648,CONSTABLE,kept,91,Const.
A04648,__crowd__,kept,53,Mit. Cord. | Carl. 1 cup.
A04648,[unresolved] Mic.,unresolved_excluded,68,Mic.
A04648,[unresolved] 1 Cup.,unresolved_excluded,39,1 Cup.
A04648,[unresolved] 2 Cup.,unresolved_excluded,32,2 Cup.
A04648,[unresolved] 2,unresolved_excluded,129,2
A04648,[unresolved] 2.,unresolved_excluded,18,2.
A04648,[unresolved] 1.,unresolved_excluded,6,1.
A04648,[unresolved] 1,unresolved_excluded,65,1
A04648,[unresolved] C •• .,unresolved_excluded,50,C •• .
A04652,JOHPHIEL,kept,1683,IOHPHIEL. | IOPHIEL.
A04652,MEREFOOL,kept,391,MERE-FOOLE.
A04652,SCOGAN,kept,70,SCOGAN. | SKOGAN.
A04652,SKELTON,kept,154,SKELTON.
A04652,CHORUS,kept,202,CHORVS.
A04652,PROTEUS,kept,242,PROTEVS.
A04652,PORTUNUS,kept,113,PORTVNVS.
A04652,SARON,kept,94,SARON.
A04654,HYMEN,kept,351,HYMEN.
A04654,REASON,kept,2448,REASON.
A04654,TRUTH,kept,928,TRVTH.
A04654,OPINION,kept,635,OPINION.
A04654,ANGEL,kept,265,ANGEL.
A04655,CHORUS,kept,252,CHORVS. | Cho. | CHO. | Semi-cho.
A04655,AMPHITRITE,kept,61,"AMPHITRITE. | AMPHITRITE,"
A04655,EUPHEMUS,dropped_short,22,EVPHEMVS.
A04655,EUCLIA,kept,63,EVCLIAS
A04655,JUPITER,dropped_short,10,IVP.
A04655,JUNO,dropped_short,14,IVN.
A04655,GENIUS,dropped_short,10,GEN.
A04655,HYMEN,dropped_short,1,HYM.
A04655,VENUS,kept,65,VENVS.
A04656,POET,kept,731,POET.
A04656,COOK,kept,526,COOKE.
A04656,CHILD,kept,158,CHILD.
A04656,APOLLO,kept,50,APOLLO.
A04656,CHORUS,kept,263,CHORVS.
A04656,PROTEUS,kept,285,PROTEVS. | PORTEVS. | PROTHEVS.
A04656,PORTUNUS,kept,108,"PORTVNVS. | PORTVNVS,"
A04656,SARON,kept,98,SARON.
A04656,SAILORS,dropped_short,15,SAYLORS.
A04658,HOST,kept,4686,Host. | Hos. | (Hos. | H • st. | H. | H • . | Ho. | Hos | Host
A04658,LOVEL,kept,4707,Lov. | Lou. | Lov | Lo. | L. | • v.
A04658,FERRET,kept,427,Fer. | Fer | Fe.
A04658,FRANK,kept,162,Fra.
A04658,PRUDENCE,kept,2264,Pru. | Pr. | Pur. | Pru
A04658,FRANCES,kept,2303,Lad. | La. | La • . | Lad
A04658,TRUNDLE,kept,224,Tru.
A04658,BEAUFORT,kept,954,Bea. | (Bea. | Bea | (Beau. | Beau.
A04658,LATIMER,kept,550,Lat.
A04658,TIPTOE,kept,1545,Tip. | Tip | Ti.
A04658,FLY,kept,969,Fly. | Fli. | Fl. | Fly
A04658,NURSE,kept,565,Nur. | Nur | N • r.
A04658,PIERCE,kept,469,Pei.
A04658,PECK,kept,306,Pec.
A04658,JORDAN,kept,96,Ior. | I • r.
A04658,JUG,dropped_short,37,Iug.
A04658,BARNABY,kept,179,Bar.
A04658,BURST,kept,96,Bur. | Bu.
A04658,HUFFLE,kept,136,Huf. | Hur.
A04658,STUFF,kept,93,Stu.
A04658,PINNACIA,kept,464,Pin. | Pi. | Pin
A04658,SERVANT,dropped_short,10,Ser.
A04658,[unresolved] F.,unresolved_excluded,35,F.
A04658,[unresolved] L • .,unresolved_excluded,6,L • .
A04658,[unresolved] • er.,unresolved_excluded,4,• er.
A04658,[unresolved] I • .,unresolved_excluded,3,I • .
A04824,JUNO,kept,499,Juno.
A04824,DIANA,kept,204,Dia. | Diana.
A04824,TRAGEDIA,kept,262,"Trage. | Tragedia,"
A04824,KING,kept,2929,King. | King: | King
A04824,COMASTES,kept,2157,Com. | Coma. | Comast.
A04824,ARATUS,kept,5317,Ara. | Arat. | ARa.
A04824,POLYANDER,kept,1046,Poli. | Poly. | Pol.
A04824,PHRONIMUS,kept,247,Phro.
A04824,EURYLOCHUS,kept,144,Eur. | Euri. | Euril. | Eura.
A04824,MENETIUS,kept,148,Mene. | Men. | Men | Mene
A04824,TIMEUS,kept,3539,"Tim. | Time. | Timeus. | Timeus,"
A04824,HARPASTES,kept,151,Har.
A04824,MELAMPUS,kept,592,Mel.
A04824,MELISSA,kept,257,Mell.
A04824,PALLANTUS,kept,4690,Pall. | Pall | Pallantus.
A04824,CLEARCHUS,kept,2610,Clea. | CLea. | Clear. | Clea | Cle.
A04824,HAIMANTUS,kept,130,Hai. | Haim
A04824,SERVANTS,kept,35,Ser. | 1 | 2
A04824,CORACINUS,dropped_short,32,Cora. | Co.
A04824,RODIA,kept,579,Rod. | Rodia.
A04824,MESSENGER,dropped_short,6,Mess.
A04824,EUDORA,kept,2508,Eudo.
A04824,CHORUS,kept,78,Chorus.
A04824,HIANTHE,kept,1256,"Hian. | Hian, | Hi. | Fian."
A04824,LADIES,kept,62,"2 Lady. | 2. Lady, | 1 Lady. | 1. Lady, | Ladies."
A04824,LADY,dropped_short,16,La. | La
A04824,WAITERS,dropped_short,16,"2 Waitor, | 1 Waitor,"
A04824,POET,dropped_short,7,Poet.
A04824,CLEANDER,kept,499,Clean.
A04824,ACATES,kept,176,Acha.
A04824,FLAMEN,kept,171,1. Flam. | 2. Flam. | 3. Flam. | Fla.
A04824,GUARD,kept,91,Guard. | 2 Guard. | Guard | 1 Guard.
A04824,CAPTAIN,kept,396,Cap.
A04824,SOLDIER,kept,90,1 Sol.
A04824,PEOPLE,dropped_short,5,People
A04824,__crowd__,dropped_short,36,Eury. Phro. | Phro. Euri. | Pol. Men. | Omnes | All.
A04824,[unresolved] Demo.,unresolved_excluded,24,Demo.
A04874,CALIB,kept,1555,Calib. | Cal. | Calib
A04874,TARPAX,kept,1094,Tar. | Tarp.
A04874,SUCKABUS,kept,3891,Clow. | Clowne. | Clown.
A04874,GEORGE,kept,2699,Geo. | Geor. | George. | Georg.
A04874,COVENTRY,kept,194,Fath.
A04874,MOTHER,dropped_short,2,Mo.
A04874,JAMES,kept,337,Iam. | Iames. | Jam.
A04874,ANTHONY,kept,558,Anth. | Anthon. | Anton. | Ant.
A04874,ANDREW,kept,506,And. | Andr.
A04874,PATRICK,kept,227,Pat.
A04874,DAVID,kept,873,Dav. | David. | Da.
A04874,DENIS,kept,251,Den. | Denis.
A04874,EMPEROR,kept,992,Emp. | Empr.
A04874,VIOLETA,kept,319,Prin. | Princeſſe. | Princeſſ.
A04874,CARINTHA,kept,39,Car.
A04874,ANCETES,kept,325,Ancet. | Ance.
A04874,COUNTRY SWAINS,kept,112,2. | 3. | 1. | 1 Sw.
A04874,PRIEST,kept,56,Prieſt.
A04874,BAPTISTO,kept,268,Bap.
A04874,ALMENO,kept,449,Al. | Alm. | Almon.
A04874,LENON,kept,430,Le. | Len. | Lenon.
A04874,MESSENGER,kept,164,Meſ.
A04874,TARTARY,kept,564,King.
A04874,CORYDON,kept,298,Shep.
A04874,ORMANDINE,kept,1521,Orm.
A04874,LORDS,kept,140,Lord.
A04874,SPIRITS,kept,43,Spir.
A04874,ARGALIO,kept,553,Arg.
A04874,LEONIDES,kept,355,Leon.
A04874,BRANDRON,kept,1368,Bran. | Bra.
A04874,MACEDON,kept,419,Mac. | Maſ.
A04874,__crowd__,kept,160,Both. | All. | Omn. | An. De. Pat. | 3 Knig. | 3 Lad. | 3 King. | Within.
A04881,WILLIAM,kept,4855,"W.S. | W. S. | W. Sm. | W. Sm: | Wi. S. | W.Sm. | W.S | W S. | W. | W.S, | Wi. Sm. | W, S. | VV.S. | W Sm. | WS. | VV. S | W. S"
A04881,BOUCHER,kept,1533,"Bou. | Bouch. | Bou, | Bour. | Bur. | Bout. | Bo."
A04881,CONSTANTIA,kept,1202,"Con. | Const. | Con, | Co, | Co."
A04881,FRANCES,kept,898,Fra. | Fra | Fra: | Fr.
A04881,TAFFETA,kept,1976,"Taf. | Taff. | Ta. | Taf, | Tafa. | Tas."
A04881,ADRIANA,kept,1305,Adr. | Adri. | Ad.
A04881,THOMAS,kept,276,Th. S. | T.S. | T. S. | Tho. S. | T. Sm.
A04881,THROAT,kept,3007,"Thr. | Th. | Thro. | Thr, | M. Thr."
A04881,DASH,kept,309,Das. | Dash. | Da.
A04881,SIR OLIVER,kept,1674,"S. Ol. | Sir Ol. | S. O. | Si. O. | S.O. | Si. Ol. | S. Ol, | S. Oli. | S. Ol | Sir. Ol."
A04881,BEARD,kept,898,Bea. | Bea | Be. | Bear.
A04881,TUTCHIM,kept,938,I. Tu. | I.T. | I Tu. | Tu. | Iu. Tu. | Iu. Tut. | Iu: Tut:
A04881,PUFF,kept,1003,"Cap. | Pu. | C. Pu. | Ca Pu. | C. Puf. | C Pu. | Puf. | C, Puf. | Ca. Pu. | Cap. Pu. | Ca."
A04881,GENTLEMEN,kept,103,"1. Gen. | Gen. | 1, Gen. | 2. Gen. | 2. Ge."
A04881,CITIZENS,dropped_short,21,Both.
A04881,SERGEANT,kept,108,Sar. | Sa. | Off.
A04881,DRAWERS,kept,123,Dra. | Dra: | Draw. | Dra | Dr.
A04881,SERVINGMEN,kept,69,Ser. | Seru.
A04881,LADY SOMERFIELD,kept,196,"La, S. | L. S | La. So. | La. S. | La. | L.S."
A04881,__crowd__,dropped_short,12,All. | Omn. | Om.
A04881,[unresolved] Vi.,unresolved_excluded,59,Vi.
A04888,EDGAR,kept,3093,"King. | Kin. | Ki. | King | King,"
A04888,DUNSTAN,kept,1334,Dunston. | Dunst. | Dun.
A04888,HONESTY,kept,2688,Hon. | Honesty. | Honest. | Hone. | Honestie.
A04888,PERIN,kept,962,"Per. | Perin. | per. | Perin,"
A04888,ETHENWALD,kept,1587,Eth. | Ethen. | Ethen • . | Erh. | Ethenwald.
A04888,BAILIFF OF HEXHAM,kept,664,Bayl. | Bayly. | Bail.
A04888,JOHN,kept,773,priest. | Priest. | pr ▪ | pr.
A04888,CUTHBERT,kept,1013,"Conic. | Conicatch. | Conicat. | Conicatcher. | Conicatche • . | Coni. | Con. | Conicatc • . | Conicate. | Conic,"
A04888,WALTER,kept,847,Far. | Farm.
A04888,FATHER,kept,727,Fath. | Father.
A04888,PHILARCHUS,kept,303,Phil. | Philarch.
A04888,BROKER,kept,207,Brok. | Broker. | Brok ▪
A04888,GENTLEMAN,kept,55,Gent.
A04888,OSRIC,kept,347,Osr. | Os. | Os •• ck.
A04888,KNIGHT,kept,382,Kni. | Knight | Knig. | Knight ▪ | Knight.
A04888,SQUIRE,kept,53,"Squ. | Squire, | Squi."
A04888,OLD MEN,kept,324,One old man. | One poor. | Another. | Another p. | Another old. | Anoth.
A04888,ALFRIDA,kept,424,"Alf. | Alfr. | Alfrida. | Alfrida, | Alt."
A04888,PIERS,kept,152,piers plow.
A04888,CLERK,kept,118,Clark.
A04888,MILLER,kept,120,Miller. | Mil.
A04888,COBBLER,kept,145,Cob. | Cobler.
A04888,SMITH,kept,122,Smith. | Smith
A04888,KATE,kept,99,Maid. | Ma • d. | Mai.
A04888,ASMOROTH,dropped_short,22,Deu. | D • uil.
A04888,NEIGHBOUR,kept,50,Neighbor. | Neigh.
A04888,BEGGAR,kept,81,Beg.
A04889,CORYDON,kept,87,Coridon. | Cor. | Cor:
A04889,ANTIMON,kept,650,"An. | An: | Anty. | An, | • n: | Shep:"
A04889,MENALCHUS,kept,58,Menal:
A04889,LELIO,kept,1437,"Le. | Lel: | Lel. | Lelio: | Le, | Lelio."
A04889,SEMPRONIO,kept,2961,Sem: | Sem. | Semp: | Semp. | •• m. | Stm:
A04889,PHILIP,kept,313,Phil: | Her: | Pdil. | Ph. | Phi.
A04889,PHILLIDA,kept,282,Phil.
A04889,GNATHO,kept,512,Gnat: | Gnat. | Gna. | Cnat: | Gna:
A04889,ANNETTA,dropped_short,14,Annetta
A04889,LUCIDA,kept,343,Lu. | Luc: | Lu:
A04889,CORRODINO,kept,1013,"Du: | Duke. | Duke: | Du, | Du. | Duke"
A04889,FORTUNIO,kept,883,For. | For: | Fo: | Fo. | Fo
A04889,SENATORS,kept,328,Senat: | 2. Sen: | 1. Sen. | 2. Sen. | Sen: | 1. Sen:
A04889,SERVIO,kept,1147,"Ser. | Se. | Ser: | Se: | Seruio. | S • r: | Ser, | Seruio,"
A04889,BRISHIO,kept,1342,Bri. | Bri: | Briſh: | Br. | Briſh | Br | Briſ: | Briſh.
A04889,FRANCO,kept,196,Fran: | Fran.
A04889,MARCHETTO,kept,373,Mar: | Ma: | Ma. | Marchet. | Mar.
A04889,ORPHINIO,kept,447,Or. | Orp. | Orp: | Orph. | Opre: | Orphi. | Ophi.
A04889,ZEPHERIUS,kept,297,Zep. | Zep: | Zeph: | Sep. | Ze. | Zep.. | Zeph.
A04889,SFORZA,dropped_short,22,Forſa. | Forſ.
A04889,MEDESA,kept,146,Me. | Med. | Mede.
A04889,PORTER,dropped_short,32,Por.
A04889,CLERK,kept,51,Cla.
A04889,[unresolved] Mo.,unresolved_excluded,12,Mo.
A04896,PONERIA,kept,2623,"Po. | Po,"
A04896,AGNOSTUS,kept,839,Ag. | Aga. | Ag
A04896,RHODON,kept,2657,"Rho. | Rho, | Rh. | Rho | Pho."
A04896,ACANTHUS,kept,1181,Ac. | Aca. | Acan.
A04896,CLEMATIS,kept,607,Cle. | Cl.
A04896,EGLANTINE,kept,923,Eg. | Egl. | Eg
A04896,CYNOSBATUS,kept,486,Cy.
A04896,MARTAGON,kept,2028,Ma. | Mar.
A04896,ANTHOPHOTUS,kept,332,An.
A04896,IRIS,kept,346,Ir.
A04896,PANACE,kept,120,Pa.
A04896,MESSENGER,dropped_short,21,Messen.
A04896,VIOLETTA,kept,208,Vio. | Vi.
A04896,GLADIOLUS,kept,363,Gla.
A04896,FLORA,kept,253,Flo.
A04896,__crowd__,dropped_short,8,All.
A04896,[unresolved] Na.,unresolved_excluded,14,Na.
A04896,[unresolved] Dl.,unresolved_excluded,24,Dl.
A04941,SPAIN,kept,211,Spai. | Spa. | spai.
A04941,CASTILE,dropped_short,9,Casti.
A04941,MEDINA,dropped_short,26,medi. | Medi.
A04941,LORENZO,kept,1229,"lor. | lo. | Lor. | Lo. | lor,"
A04941,ROGERO,kept,139,Roge. | Rog. | roge.
A04941,ANDREA,kept,1722,and. | And. | And | And ▪ | Add.
A04941,HORATIO,kept,1182,Hora. | ho. | Hor. | Ho. | Ho: | hora. | hor.
A04941,HIERONIMO,kept,1472,"Ier. | Iero. | Ier: | Ie. | Ier,"
A04941,AMBASSADOR,dropped_short,9,Embas.
A04941,BEL-IMPERIA,kept,443,Bel. | Bell.
A04941,PEDRINGANO,dropped_short,6,Ped.
A04941,LAZAROTTO,kept,705,laz. | Laz. | Haz.
A04941,ISABELLA,kept,44,Isa.
A04941,PORTUGAL,kept,333,King. | king.
A04941,BALTHAZAR,kept,1054,Bal. | bal. | Ball. | Cal.
A04941,ALEXANDRO,kept,49,alex. | Alex.
A04941,VILLUPPO,dropped_short,19,Vol. | Vul.
A04941,ALCARIO,kept,195,alca. | Alea. | Alca. | Alc.
A04941,GENERAL,kept,60,Gene. | Gen.
A04941,MESSENGER,dropped_short,7,mess.
A04941,PEDRO,dropped_short,13,Don Ped. | Don Pedro.
A04941,CAPTAIN,dropped_short,10,cap. | Cap.
A04941,CHARON,dropped_short,24,Cha.
A04941,REVENGE,kept,38,Reueng.
A04941,__crowd__,dropped_short,23,Omnes. | Omnes | within.
A04942,ANDREA,kept,1190,Ghoast. | Ghost. | Andrea.
A04942,REVENGE,kept,314,Reuenge.
A04942,KING,kept,1778,"King. | King,"
A04942,GENERAL,kept,643,Gen.
A04942,CASTILE,kept,616,"Cas. | Cast. | Cip. | Ca • . | Castile. | Cas | Cas, | Casti •• c."
A04942,HIERONIMO,kept,5491,"Hiero. | Hiero, | Hie. | Hiero | Hier. | Hieronimo, | Hero. | Mi."
A04942,BALTHAZAR,kept,1342,Bal. | Balt. | Balthazar. | Bal ▪ | B • l
A04942,LORENZO,kept,2807,"Lor. | Lorenzo. | Lor, | Lo. | Lor | Lo • ."
A04942,HORATIO,kept,708,Hor.
A04942,VICEROY,kept,1219,Vice. | Viceroy. | Vico.
A04942,ALEXANDRO,kept,249,Alex.
A04942,VILLUPPO,kept,255,Villup. | Vil.
A04942,BEL-IMPERIA,kept,1654,"Bel. | Bel-imperia. | Bel,"
A04942,AMBASSADOR,kept,331,Embas. | Em. | Embass.
A04942,PEDRINGANO,kept,634,Ped. | Ped
A04942,ISABELLA,kept,262,Isa.
A04942,NOBLES,kept,52,Nob.
A04942,PAGE,kept,56,Page.
A04942,WATCH,kept,294,1 | 2 | 3
A04942,SERBERINE,kept,84,Ser.
A04942,MESSENGER,dropped_short,16,Mes.
A04942,DEPUTY,kept,60,Depu. | Dep.
A04942,HANGMAN,kept,255,Hang.
A04942,MAID,dropped_short,28,Maide. | Maid.
A04942,CHRISTOPHIL,dropped_short,7,Chris.
A04942,BAZULTO,kept,92,Senex. | Ba. | B • .
A04942,PEDRO,dropped_short,4,Pedro.
A05206,LEIR,kept,4463,Leir. | Leir
A05206,SCALIGER,kept,435,Skal. | Skalliger.
A05206,PERILLUS,kept,2070,Per. | Perillus.
A05206,NOBLEMEN,kept,180,Nobl. | Noble.
A05206,NOBLES,dropped_short,16,Nobles.
A05206,GONERIL,kept,1772,Gon. | Gen.
A05206,REGAN,kept,2291,Rag. | Ra.
A05206,CORDELLA,kept,1694,Cor. | Cord. | Card. | Cor
A05206,FRANCE,kept,1816,King. | Kin. | King
A05206,MUMFORD,kept,1223,Mum.
A05206,CORNWALL,kept,743,Corn. | Con.
A05206,CAMBRIA,kept,695,Cam. | Cam
A05206,SERVANT,kept,94,Ser.
A05206,MESSENGER,kept,2276,Mes. | Mess.
A05206,AMBASSADOR,kept,493,Am. | Amb.
A05206,MARINERS,kept,229,1. Mar. | 2. Mar.
A05206,CAPTAINS,kept,170,1. Cap. | Cap. | 2. Cap.
A05206,WATCHMEN,kept,294,1. Wat. | 2. Wat. | 1. W. | 2. W. | 2 W. | 2 Wat.
A05206,__crowd__,dropped_short,4,Ambo.
A05801,FORTUNE,kept,229,Fortune. | Fort.
A05801,BARD,kept,1120,Bardh. | Bard.
A05801,OCTAVIAN,kept,866,Octa. | Octauian. | Oct.
A05801,CODIGUNE,kept,936,Codig. | Cod.
A05801,GLOUCESTER,kept,257,Gloster. | Glost.
A05801,MORGAN,kept,1502,"Morgan. | Mor. | Morg. | Morgan,"
A05801,MORION,kept,380,Morion.
A05801,HERALD,kept,42,Herald.
A05801,CADALLAN,kept,173,Cadallan. | Cad.
A05801,MONMOUTH,kept,270,Mon.
A05801,SOLDIERS,dropped_short,18,Souldiers.
A05801,CARADOC,kept,3514,Cara. | Car. | Ca. | Caradoc.
A05801,CONSTANTINE,kept,384,Const. | Constan.
A05801,CORNWALL,kept,47,Cornewall. | Corn.
A05801,GUINEVERE,kept,298,Gui. | Guin. | Guiniuer.
A05801,FAIRY QUEEN,dropped_short,4,Fayry Q.
A05801,AMBASSADOR,kept,153,Amb. | Ambass.
A05801,VOADA,kept,205,Voad. | Voada.
A05801,GEDERUS,kept,188,Gederus. | Gode.
A05801,GALD,kept,848,Gald.
A05801,MESSENGER,kept,42,Mess. | Messen.
A05801,CLAUDIUS,kept,347,Cesar. | Clau. | Ces. | Claud. | Ce.
A05801,RATSBANE,kept,140,Rats. | Ratsb.
A05801,JUGGLER,kept,234,Iug. | Iuggler.
A05801,WITCH,kept,477,Witch.
A05801,OSTORIUS,kept,515,Ostor. | Ostorius.
A05801,MARCUS,kept,604,Marcus. | Mar. | Marc.
A05801,SHEPHERD,kept,107,Shep. | Sheph.
A05801,OLD MAN,kept,112,Old man.
A05801,BLUSO,kept,275,"Bluso. | Bluso,"
A05801,CLOWN,kept,760,Clo. | Cl. | Clown. | Clow. | Clowne.
A05801,NEIGHBOURS,kept,145,1. Neigh. | 2. Neigh. | Neighb. | 3. Neighb. | 2. Nei. | 3. Neig. | 1. Nei. | 3. Neigh. | 2. Neig. | 3 Neigh.
A05801,VENUTIUS,kept,473,Venu.
A05801,CARTIMANDA,kept,229,Cart. | Carta.
A05801,STANDARD-BEARER,dropped_short,26,Standerdb.
A05801,__crowd__,dropped_short,28,Omnes.
A06150,MERCURY,kept,627,MERCVRIE. | MERCVRY.
A06150,IRIS,kept,405,IRIS.
A06177,DORIALUS,kept,1250,Dor. | Dori: | Dorial: | Dorialus. | Dorial. | Doria. | Dori.
A06177,AGENOR,kept,659,Age. | Agenor. | Agen. | Agener.
A06177,NISUS,kept,608,Nis. | Nisus. | Nis: | Nus. | N.
A06177,HYDASPES,kept,1158,Hidas. | Hida. | Hidas: | Hida: | Hid.
A06177,LEUCIPPUS,kept,3922,Leu. | Leuc. | Leuc: | L. | Le. | Leuci. | Leucip. | Leu | Leu: | Leue. | Leac. | Leucippus.
A06177,LEONTIUS,kept,2292,Leon. | Leon: | Leo. | Lesn. | Lco. | Lern. | Loon.
A06177,ISMENUS,kept,2131,Isme. | Ism. | Ismenus. | Is. | Ismen. | Ism: | Ismen:
A06177,TIMANTUS,kept,1571,"Tim. | Timan. | Timantus. | Timant. | Timan: | Ti. | Timantus, | Timanth. | Tim, | Tima. | Tima: | Tima | Tim"
A06177,TELAMON,kept,258,Tela. | Tel. | Telam. | Tet.
A06177,PRIEST,kept,380,Priest.
A06177,NILO,kept,161,Nilo.
A06177,GENTLEMEN,dropped_short,10,Gent.
A06177,CUPID,kept,275,Cupid.
A06177,CLEOPHILA,kept,283,Cleo. | Cleo: | Cle. | Cl.
A06177,ZOILUS,kept,136,Zoyl. | Zoy. | Zoilus.
A06177,BACHA,kept,3763,"Bac. | Bach. | Bac: | Baca. | Ba. | B. | Bach: | Bach | Bacha, | Bash."
A06177,HERO,kept,113,Hero.
A06177,MAID,kept,46,Maid.
A06177,URANIA,kept,721,Vra. | Ura. | Urania. | Vran. | V. | Vrania. | Ur.
A06177,WOMAN,dropped_short,5,Wo.
A06177,CITIZENS,kept,952,"2. | 1. | 3. | 4. | 2. Cittiz. | Cittiz. | 1. Cittiz. | Cittizen. | 1. Cittiz: | 2. Cittiz: | 1, Cittiz. | 3. Within."
A06177,BOY,dropped_short,5,"Boye. | Boye,"
A06177,__crowd__,dropped_short,9,Hero: Hida: | All within. | Lords.
A06184,SULPICIUS,kept,450,SVLPITIVS TRIBVNE. | Sulpitius: | Sul:
A06184,MARIUS,kept,4279,Marius: | Mar: | Mar: pat: | Marius pat: | Marius pa: | Mar: pa:
A06184,YOUNG MARIUS,kept,424,Young Marius: | Mar: iu: | Marius iu:
A06184,POMPEY,kept,699,Q. Pomp: | Q. Pompey: | Pompey: | Pomp. | Pomp: | Pom: | Poppey: | Popp:
A06184,BRUTUS,kept,170,"Iu, Brutus: | Iu. Brutus:"
A06184,LUCRETIUS,kept,638,Lucretius: | Lucret: | Lucr: | Lucre: | Lucr. | Luer: | Lu • r:
A06184,LICTORS,kept,38,Licto:
A06184,MERULA,kept,93,L. Merula: | Merula:
A06184,CINNA,kept,556,Cynna: | Cyn: | Cynn: | Cynnn:
A06184,GRANIUS,kept,307,C. Granius: | Granius: | Gra: | Gran:
A06184,SULLA,kept,5103,Scilla: | scilla: | SCilla: | Scil: | Scilla. | ssilla: | Sci: | Scilla | Seill:
A06184,ANTONY,kept,1476,Anth: | Anthony: | M. An: | Marke Anthony: | Ma. An: | A • th:
A06184,OCTAVIUS,kept,372,Octa: | Octa. | Oct:
A06184,LEPIDUS,kept,307,Lepid: | Lepidus: | Lepid. | Lep: | Lep.
A06184,FAVORINUS,kept,311,Fauor: | Fauorinus: | Fauorinu • : | Lucius:
A06184,PAUSANIUS,kept,438,Pausanius: | Paus: | Pausan: | Pausa: | Paus.
A06184,LECTORIUS,kept,444,Lectorius: | Lector: | Lect: | Le:
A06184,CETHEGUS,kept,54,Cethegus:
A06184,SLAVE,kept,140,Slaue: | slaue: | Slaue.
A06184,CITIZENS,kept,119,Yong Cit: | Old Cit: | Citizen: | 1 Cit: | 2 Cit: | Citizens: | Cit:
A06184,JAILER,kept,126,Iailer: | Iail: | Iai:
A06184,PEDRO,kept,219,Pedr: | Pedro:
A06184,SOLDIERS,kept,373,1. souldier: | 1 soul: | 2 soul: | 3 soul: | Soul: | Souldiers: | Sould:
A06184,LUCULLUS,kept,41,Lucullus: | Lucul:
A06184,BASILLUS,dropped_short,8,Basillus:
A06184,ARCATHIUS,dropped_short,17,Arcath: | Arcathius:
A06184,ARISTION,dropped_short,16,Aristion:
A06184,ALBINOVANUS,kept,57,Albino:
A06184,FLACCUS,kept,340,Flaccus: | Flascus: | Flacc. | Flaceus:
A06184,CORNELIA,kept,603,Corn: | Cornel: | Cornelia:
A06184,FULVIA,kept,265,Fuluia: | Ful: | Fulu:
A06184,CLOWN,kept,351,Clowne: | Clown: | Clow.
A06184,CAPTAIN,kept,110,Capt: | Cap:
A06184,CARBO,kept,85,Carbo:
A06184,NORBANUS,kept,58,Norbanus:
A06184,CARINNA,dropped_short,6,Carinna:
A06184,METELLUS,dropped_short,17,Metell:
A06184,TUDITANUS,dropped_short,23,Tudit:
A06184,CURTALL,kept,208,Curtall: | Cur: | Curt:
A06184,GENIUS,kept,48,Genius:
A06184,MESSENGER,kept,38,Messen:
A06184,[unresolved] Consull:,unresolved_excluded,6,Consull:
A06185,RASNI,kept,2569,Rasni. | Rasin. | Ras. | Ra.
A06185,CILICIA,kept,224,Cicilia. | K. Cili. | King Cili. | K. Cil. | K. Ci. | K. Cilicia. | King.
A06185,CRETE,kept,143,Creet. | Creete.
A06185,PAPHLAGONIA,kept,212,Paphla. | Paphlag.
A06185,RADAGON,kept,503,Rada. | Rad. | Radag. | Radagon.
A06185,REMILIA,kept,666,Remilia. | Remi. | Remil.
A06185,ALVIDA,kept,1324,Alui. | Aluid. | Aluida. | Al. | Alui
A06185,ANGEL,kept,584,Angell. | An. | Angel.
A06185,OSEAS,kept,1224,Oseas. | Ose.
A06185,ADAM,kept,3001,Clowne. | Adam. | Clown. | Smith.
A06185,PETER,kept,220,1. Clowne.
A06185,RUFFIANS,kept,147,1. Ruffian. | 2. | Ruffian. | 1.
A06185,USURER,kept,999,Vsurer. | Vsur.
A06185,THRASYBULUS,kept,757,Gent. | Thrasi. | Gentle. | Thra. | Thracib. | Thrasi
A06185,ALCON,kept,1647,Poore. | Alcon. | Alcon | Poore man.
A06185,MIZALDO,kept,177,Lawier. | Lavvier.
A06185,JUDGE,kept,204,Iudge.
A06185,LORDS,kept,84,Lord. | L.
A06185,MAGI,kept,175,Soothsaier. | Sages.
A06185,JONAS,kept,2093,Ionas. | Ionas
A06185,MASTER,kept,626,M.
A06185,MERCHANTS,kept,124,Mer.
A06185,SAILOR,kept,55,Sailer.
A06185,SAMIA,kept,651,Samia.
A06185,CLESIPHON,kept,115,Clesi. | Clesiphon.
A06185,WIFE,kept,98,Wife. | VVife.
A06185,GOVERNOR,kept,59,Gouer. Iop. | Gouer.
A06185,LADIES,kept,40,Ladies. | Lady.
A06185,PRIEST,kept,58,Priest.
A06185,DEVIL,kept,107,Diuell.
A06185,SEARCHERS,kept,190,2. Sear. | 1. Sear. | 1. Searcher.
A06185,__crowd__,dropped_short,12,Omnes.
A06185,[unresolved] 〈◊〉 .,unresolved_excluded,33,〈◊〉 .
A06207,MARDONIUS,kept,2784,Mar. | Mar ▪ | M • r. | Mar | Mardo. | Ma.
A06207,BESSUS,kept,3049,Beſ. | Beſſ. | Beſ | Beſ ▪ | Beſſ ▪
A06207,ARBACES,kept,8502,Arb. | Arb | Arb ▪ | Arba. | Arb: | Abr.
A06207,TIGRANES,kept,1151,Tigr. | Tig.
A06207,GENTLEMEN,kept,214,Gent. | 2 Gent. | 1 Gent. | 1 Gent
A06207,MESSENGER,dropped_short,9,Meſſ.
A06207,SPACONIA,kept,1093,Spa. | Spac. | Spa
A06207,GOBRIAS,kept,1936,Gob. | Gob | Go.
A06207,BACURIUS,kept,1034,Bac. | Bac: | Bac ▪
A06207,ARANE,kept,262,Ara. | Arane.
A06207,PANTHEA,kept,1723,Pan. | Pan
A06207,MEN,kept,1506,2. | 1. | 3. | 2 | 1 | 1:
A06207,WOMAN,dropped_short,40,Weo. | 3 Weo.
A06207,CITIZENS WIVES,kept,353,1 Cit. | 2 Cit.
A06207,PHILIP,kept,41,Phil. | Phi.
A06207,LYGONES,kept,713,Lig. | Lig
A06207,SERVANT,dropped_short,17,Ser.
A06207,__crowd__,dropped_short,26,All. | All | Arb. Mar.
A06207,[unresolved] 〈◊〉 .,unresolved_excluded,12,〈◊〉 .
A06252,CITIZEN,kept,2061,Cit. | Cittiz. | Citiz. | Cit: | Ci.
A06252,WIFE,kept,3822,Wife. | VVife. | Wif.
A06252,RAFE,kept,3703,Rafe. | Raph.
A06252,VENTUREWELL,kept,1362,March. | Merch. | Mar. | March. within.
A06252,JASPER,kept,1825,Iasp. | Ias. | Iasper.
A06252,LUCE,kept,1125,Luce. | Luce | Lu.
A06252,HUMPHREY,kept,1401,"Humf. | Hum. | Humph. | Hump. | Hum,"
A06252,TIM,kept,65,Tim. | Squire.
A06252,GEORGE,kept,280,George. | Dwarfe. | Dwar. | Dwarf.
A06252,MISTRESS MERRYTHOUGHT,kept,1316,Mist. merri. | Mist. mer. | Mis. mer. | Mist mer. | Mis. merri. | M. mer.
A06252,MICHAEL,kept,103,Mich.
A06252,MERRYTHOUGHT,kept,1884,Old mer. | Old merri. | Old Mer. | Old mer: | Old merri. within. | Old. mer. | Old mer. within. | Oldmer. | Old mer within.
A06252,PROLOGUE,kept,221,Pro. | Prol.
A06252,BOY,kept,525,Boy. | 2. Boy.
A06252,TAPSTER,kept,37,Tap. | Tapst. | Tapster.
A06252,HOST,kept,391,Host.
A06252,NICK,kept,137,Barber.
A06252,KNIGHT,kept,101,1. Kni.
A06252,SIR POCKHOLE,kept,91,2. Knight. | 2. Kni.
A06252,KNIGHT ERRANT,kept,141,Man.
A06252,WOMAN,dropped_short,35,VVom. | VVoeman.
A06252,POMPIONA,kept,201,Lady.
A06252,SERVANT,kept,46,Ser. | Seru.
A06252,SERGEANT,dropped_short,8,Serg. | Serge.
A06252,HAMMERTON,dropped_short,6,Ham.
A06252,GREENGOOSE,dropped_short,28,Greene.
A06252,SOLDIERS,dropped_short,17,1. Souldier. | 2. Souldier.
A06270,TIME,kept,119,Time
A06270,DANILA,kept,2585,Dan. | Dani. | Da.
A06270,CAPTAIN,kept,309,Cap.
A06270,VAN END,kept,674,Van. | Cor. | Co • .
A06270,GUNNER,kept,63,Gun.
A06270,BURGHERS,kept,129,1 Bur. | 2 Bur. | 2. Bur.
A06270,ALVA,kept,1156,Alu. | Alua. | Al. | Alu. in the hearse.
A06270,CITIZENS,kept,208,1 Cit. | 2 Cit. | 3 Cit.
A06270,VERDUGO,kept,165,Ver. | Ve.
A06270,ROMERO,kept,52,Rom. | Ro.
A06270,D'HAVRE,kept,583,Mar. | Ma • .
A06270,EGMONT,kept,624,"Egm. | Eg,"
A06270,CHAMPAGNY,kept,465,Cham. | Champ. | Cham | Cha.
A06270,ENGLISH GOVERNOR,kept,421,Eng. Gouer. | Eng. Gou. | Go. | Goue. | Gou. | Eng Gou.
A06270,FAT BURGHER,kept,454,Bur. | Burg.
A06270,STUMP,kept,2229,Stum. | Stu. | Stump. | Stumpe. | S • um. | St • m. | Vau. | Vaugh.
A06270,FAT BURGHER'S WIFE,kept,154,Wife. | 1 Wif. | wif. | wife.
A06270,CHAMPAGNY'S WIFE,kept,132,2 Wif. | La. | Lad.
A06270,HARMAN'S WIFE,kept,97,Wif. | Wi.
A06270,SOLDIERS,kept,669,1 Sol. | 2 Sol. | 3 Sol. | Sol. | Sold. | 1 Sold. | 2 Sold. | 1 So • d. | Sould.
A06270,SPANIARDS,kept,86,"1 Spa. | 2 Spa. | 2 Sp. | 1 Spa,"
A06270,GODFREY,dropped_short,17,God.
A06270,OLD CITIZEN,kept,133,Cit.
A06270,FACTOR,kept,409,Fac.
A06270,NUN,kept,78,Daug.
A06270,LENCHY,kept,115,Len.
A06270,HARMAN,kept,141,Har. | Har. weeping.
A06270,__crowd__,dropped_short,5,All.
A06289,MELANTIUS,kept,5158,MEL. | Mel. | Melant. | MEL
A06289,AMINTOR,kept,5207,"AMIN. | Amint. | AMINT. | Amint • | AMIN, | A • IN."
A06289,EVADNE,kept,2994,"Euad. | EVAD. | EVD. | EVAD, | EVad."
A06289,ASPATIA,kept,1740,ASP. | Aspat.
A06289,KING,kept,1370,King. | KING. | KIN. | K.
A06289,CALIANAX,kept,1749,CAL. | Call. | Cal.
A06289,LYSIPPUS,kept,568,LIS. | Lys. | LYS. | Lisip. | Lys
A06289,DIPHILUS,kept,396,DIPH. | Diph. | DIP.
A06289,STRATO,kept,278,STRA. | Strat. | STR.
A06289,CLEON,kept,53,CLE. | CLEON. | Cle. | CLEO.
A06289,DIAGORAS,kept,246,DIAG.
A06289,DULA,kept,268,DVL.
A06289,NIGHT,kept,296,NIG. | NIGH. | NIGHT.
A06289,CYNTHIA,kept,476,CINTH. | CIN.
A06289,NEPTUNE,kept,153,NEPT. | NEP.
A06289,AEOLUS,kept,73,EOL.
A06289,ANTIPHILA,kept,44,ANT.
A06289,OLYMPIAS,dropped_short,11,OLIM. | OLM.
A06289,LADIES,dropped_short,29,1. LAD.
A06289,GENTLEMEN,kept,167,Gent. | 1. | 2.
A06289,SERVANT,kept,88,Ser.
A06289,__crowd__,dropped_short,9,OMNES. | Omnes.
A06333,ROBERT HOOD,kept,1798,"Rob. | Ro. | Rob | Robert. | Rob,"
A06333,SKINK,kept,3000,Skin. | Ski. | Sk. | Ski | Within Ski.
A06333,HENRY II,kept,665,Kin. | Old. K. | Ol. K. | Old K. | Ki. | Kin
A06333,GLOUCESTER,kept,3631,Glo. | Gl. | Gloſr. | Gloſt. | Glo
A06333,HENRY,kept,1703,Hen. | Yon. K. | Y • n. K. | Hen | He. | Hen:
A06333,RICHARD,kept,2004,Ric. | Rich. | Ri. | Rcih. | Ric: | Ric
A06333,JOHN,kept,2713,Io. | Jo. | Ioh. | Joh. | Iohn. | Joh | Io | I • . | John. | Iob.
A06333,FALCONBRIDGE,kept,2897,Fau. | Fa. | Fauk. | Fau | Fa • . | Fa:
A06333,LANCASTER,kept,396,Lan. | L • n. | La • c.
A06333,LEICESTER,kept,376,"Ley. | Le • . | Lei. | Leic. | Le • c. | Ley,"
A06333,OFFICER,dropped_short,7,Officer.
A06333,WARDEN,dropped_short,27,Keep.
A06333,REDCAP,kept,1651,"Red. | Red: | Red | Redc. | Re. | Red,"
A06333,CONSTABLE,kept,139,Con. | Conſta.
A06333,BLOCK,kept,1026,Blo. | Bloc. | Bl. | Bls. | Blo | Block. | Block within. | B.
A06333,LADY FALCONBRIDGE,kept,1662,"La. | La, | La | La:"
A06333,PORTER,kept,170,Port. | Por. | Po.
A06333,ELEANOR,kept,330,Quee. | Quce. | Que. | Quee | Qu. | Q • .
A06333,QUEEN,dropped_short,2,Hen. wife.
A06333,PURSUIVANT,kept,268,Pur. | Purſ.
A06333,SHERIFF,kept,62,Shi. | Shir.
A06333,JEFFREY,kept,367,"Dra. | Draw. | Within Dra,"
A06333,SERVANT,dropped_short,20,Ser. | Seru.
A06333,PAGE,dropped_short,30,Pag. | Pa.
A06333,MUSICIANS,dropped_short,6,Muſi.
A06333,__crowd__,kept,40,All. | Cheſt. La • c. | Cheſt. La • . | Within.
A06343,PHILASTER,kept,5142,"PHI. | PHY. | PHI,"
A06343,ARETHUSA,kept,2198,"PRIN. | PRIN, | PRI. | PRIH."
A06343,DION,kept,2648,LEON. | TRANS. | LYON | LEON | LEO. | LYON.
A06343,KING,kept,1995,KING. | K. | KIN.
A06343,PHARAMOND,kept,1622,PHA. | PHARAMONT | PHAR. | PAR.
A06343,BELLARIO,kept,2282,BOY. | BEL.
A06343,MEGRA,kept,823,ME.
A06343,CLEREMONT,kept,536,CLE. | TRAS. | GLE. | CEE.
A06343,THRASILINE,kept,402,TRA. | TRASILINE.
A06343,GALATEA,kept,514,GAL. | GA.
A06343,LADY,kept,113,GENT. WOO. | WOO. | WO. | Wo. | LAD.
A06343,WOODMEN,kept,270,1 WOOD. | 2 WOOD.
A06343,COUNTRY FELLOW,kept,245,COVN.
A06343,MESSENGER,kept,50,MES. | 2 MES.
A06343,CAPTAIN,kept,577,CAP.
A06343,CITIZENS,kept,78,1 SOVL. | 2 SOVL. | 3 SOVL. | 4 SOVL.
A06343,__crowd__,kept,61,OMNES. | WITHIN. | SOME CRIES. | OTHERS.
A06343,[unresolved] 2,unresolved_excluded,2,2
A06389,ELDER LOVELESS,kept,6405,El. Lo. | El. lo. | Eld. lo. | El Lo. | •… ld. lo. | Eld. | Eld. Lo. | El. Lou. | El lo. | El. lo | Eld. L. | El. Lo | El. lo: | Eld. Lou. | E. lo. | El. 〈◊〉 . | Eld. Lo | E. Lo. | Eld Lo. | El Lo
A06389,YOUNG LOVELESS,kept,3374,Yo. Lo. | Yo. L. | Yong. Lo. | Yo. lo. | Yo Lo. | Yo. Lo | Young Lo. | Yong. | Young L. | Yong. Loue. | Yo lo. | Yong. Lo | Yo L.o | Yo. l. | Yo. Lo: | Yo. lo! | Young lo. | Yr. lo.
A06389,SAVILLE,kept,1578,Sa. | Sa | Sauil. | •… a.
A06389,LADY,kept,3373,"La. | La | La,"
A06389,ABIGAIL,kept,1833,Abi. | A •… i.
A06389,WELFORD,kept,2471,Wel. | Wel | W •… l.
A06389,ROGER,kept,1008,Ro. | Ro | Roger.
A06389,CAPTAIN,kept,923,Cap. | Captaine.
A06389,TRAVELLER,kept,52,Tra.
A06389,POET,kept,238,Po. | Poet.
A06389,MARTHA,kept,491,Mar. | Ma.
A06389,SERVANT,kept,245,Ser.
A06389,MORECRAFT,kept,980,Mo. | M •… r.
A06389,WIDOW,kept,571,Wi. | VVi. | Wid. | UUi. | Wi
A06389,__crowd__,dropped_short,8,All.
A06389,[unresolved] 〈◊〉 . Lo.,unresolved_excluded,37,〈◊〉 . Lo.
A06402,AMANDUS,kept,4466,Amand. | Amandus | Amaand ▪ | Ama.
A06402,CONSOLARIO,kept,990,Consol. | Consolar. | Cons.
A06402,LUCINDA,kept,2456,Lucind. | Lucinda. | Lucinda
A06402,RAPINUS,kept,1928,"Rapin. | Rapinus | Rapinus. | Rapin, | Rap • n."
A06402,PRAEDARIUS,kept,552,Praedar. | • raedar. | Praeda. | Praedar ▪
A06402,THIEVES,kept,1635,1 | 2 | 3 | 1 theefe | 2 theefe | 3 theefe | 1 Theefe | 1 Theefe. | 5 | 1 Thief. | 5. | 4 thiefe. | 4 | 1 ▪ | 3 thiefe
A06402,PERSEUS,kept,2192,Perseus. | Perseus | Perse. | Pers. | Perse •
A06402,AMBASSADOR,kept,923,Embassa. | Embas. | Embassad. | Emb. | Embass.
A06402,MESSENGER,kept,241,Messeng. | Messen.
A06402,COLONEL,kept,597,Colon. | Colo • | Colo • . | Colon
A06402,KING,kept,2093,King | King.
A06402,ALECTO,kept,1349,Alecto | Alecto. | A • ecto | Ale. | Alect.
A06402,LORD,kept,402,Lord | Lord.
A06402,SARA,kept,303,Sara | Saera
A06402,SABA,kept,79,Saba. | Saba
A06402,HERALD,kept,108,Herauld
A06402,PHAENICIA,kept,1778,Phaenic. | Phaen. | Phaeni. | Phae. | Phaenc. | Phaenicia. | Ph •• . | Phaenici. | Phaenicia
A06402,DOCTOR,kept,315,Doct. | Doctor.
A06402,GENTLEMAN,kept,713,Gent. | Gentle.
A06402,__crowd__,dropped_short,37,All 3
A06402,[unresolved] •,unresolved_excluded,14,•
A06458,DUKE,kept,1739,Duke. | Duk. | Du. | Duke | Luke.
A06458,ARRIGO,kept,608,Arr. | Arrig. | Arri. | Arrigo. | Ar.
A06458,LUCIO,kept,940,Luci. | Lucio. | Luc. | Lu. | Lucio | Luci
A06458,LAZARELLO,kept,4726,Laza. | Laz. | Lazar. | Lazarello. | Laza
A06458,BOY,kept,525,Boy.
A06458,VALORE,kept,3485,Count. | Cont. | Coun. | Co. | Cou.
A06458,ORIANA,kept,2160,Oria. | Orian. | Ori. | Orian | Oriana. | Or. | Orrian. | Oria
A06458,INTELLIGENCERS,kept,746,2. In. | 2. Int. | 1. In. | 1. Int. | 1. Intel. | Int. | 1. Inte. | 1 Intel. | 2 Int.
A06458,GONDARINO,kept,4261,Gond. | Gon. | Gen.
A06458,SERVANT,kept,103,Seru. | Ser. | SEru.
A06458,PANDER,kept,1093,Pan. | Pand. | Pa.
A06458,MERCER,kept,986,Mer. | Merc. | Mercer. | Mer
A06458,JULIA,kept,502,Iul. | Ma. | Iulia. | Iulia | Mad.
A06458,FRANCESCHINA,dropped_short,33,Fran. | Fr.
A06458,WAITING-WOMAN,kept,62,Wait.
A06458,GENTLEWOMAN,kept,332,Gentlew. | Gentlewo.
A06458,GENTLEMAN,kept,248,Gent. | Gant.
A06458,SECRETARY,dropped_short,30,Secr.
A06458,PRENTICE,dropped_short,28,Pren.
A06458,LADIES,kept,120,2. Lad. | La. | Ladies. | 1. Lady.
A06458,__crowd__,dropped_short,24,both In. | Gen. Count. | Ar. Luci.
A06458,[unresolved] 〈◊〉,unresolved_excluded,8,〈◊〉
A06480,SIN,kept,4378,Sinne.
A06480,ALL FOR MONEY,kept,1367,Al for mon. | Al for mon | Al for mon ▪
A06480,MONEY,kept,976,Money. | Money speaketh. | Money
A06480,LEARNING WITH MONEY,kept,609,Learning vvith mon. | Learning vvith mony
A06480,LEARNING WITHOUT MONEY,kept,1602,Lear. vvith out mon. | Lear. vvith out money. | Learning vvithout money. | Lear. vvith out money
A06480,MONEY WITHOUT LEARNING,kept,484,Mon. vvith out learn. | Mon. vvith out learnin. | Money vvithout learning. | Mon. vvith out lear.
A06480,NEITHER MONEY NOR LEARNING,kept,301,Neither lear ning nor money. | Neit. learn. nor mon.
A06480,THEOLOGY,kept,467,Theologie. | Theologi • .
A06480,SCIENCE,kept,240,Science.
A06480,ART,kept,264,Arte.
A06480,ADULATION,kept,313,Adulation.
A06480,MISCHIEVOUS HELP,kept,137,Mischie uous helpe. | Mischi. help
A06480,PLEASURE,kept,347,Pleasure. | pleasure.
A06480,PRESSED FOR PLEASURE,kept,229,Prest for pleasure. | Pre for ple.
A06480,SWIFT TO SIN,kept,48,svvift to sin
A06480,DAMNATION,kept,299,Damnation
A06480,SATAN,kept,497,Satan. | Satan | satan.
A06480,PRIDE,kept,202,Pride.
A06480,GLUTTONY,kept,138,Gluttonie.
A06480,GREGORY GRACELESS,kept,120,Greg grac. | Gregorie graceles.
A06480,MONEYLESS,kept,176,Moneyles.
A06480,WILLIAM,kept,223,"VVillia ̄ ▪ &c. | VVillia ̄ , &c. | VVilliam vvith the li. vviues."
A06480,NICHOL,kept,273,Nicholl. | Nichol. | Nicholl
A06480,SIR LAURENCE,kept,394,sir Laurence | Sir Laure ̄ ce.
A06480,MOTHER CROOTE,kept,491,Mo. croote. | Mother croote.
A06480,JUDAS,dropped_short,42,Iuda
A06480,DIVES,kept,45,Diues.
A06480,GODLY ADMONITION,kept,287,Godly ad monition.
A06480,VIRTUE,kept,64,Vertue.
A06480,HUMILITY,kept,58,Humilitie.
A06480,CHARITY,kept,59,Charitie.
A06583,ALEXANDER,kept,2558,Alex.
A06583,APELLES,kept,1633,Apel.
A06583,DIOGENES,kept,1410,Diog. | Diog • .
A06583,HEPHAESTION,kept,1213,Hephest. | Hephe. | Hophest. | Heph.
A06583,CAMPASPE,kept,981,Camp. | Campaspe sola. | Campas.
A06583,MANES,kept,837,Manes | Manes. | Ma.
A06583,PSYLLUS,kept,805,Psyllus | Psyllus. | Psyl. | Psil.
A06583,GRANICHUS,kept,308,Grani. | Gran. | Grant.
A06583,PARMENIO,kept,607,Parme. | Parm.
A06583,CLITUS,kept,452,Clytus | Clitus | Clyt. | Clytus. | Cly.
A06583,TIMOCLEA,kept,176,Timo.
A06583,MELIPPUS,kept,315,Melip.
A06583,PLATO,kept,154,Plato | Plato.
A06583,ARISTOTLE,kept,199,Arist.
A06583,CHRYSIPPUS,dropped_short,23,Crisip.
A06583,CRATES,dropped_short,32,Crates | Craterus
A06583,CLEANTHES,kept,77,Cleant. | Clean.
A06583,ANAXARCHUS,kept,56,Anaxar | Anax.
A06583,PAGE,kept,50,Page
A06583,CRYSUS,kept,48,Crysus
A06583,SOLINUS,kept,59,Soli.
A06583,PEOPLE,kept,40,People | One of the people.
A06583,SYLVIUS,kept,122,Sylui. | Syl.
A06583,PERIM,dropped_short,31,Perim.
A06583,MILO,dropped_short,11,Milo.
A06583,MILECTUS,kept,63,Mil. | Milec.
A06583,PHRYGIUS,kept,83,Phry.
A06583,LAIS,kept,180,Lays
A06583,__crowd__,dropped_short,37,Man. and Psyl. one after another.
A06589,ENDYMION,kept,2757,"End. | Endimion | Endim. | End,"
A06589,EUMENIDES,kept,1919,Eum. | Eumenides | Eu. | Eume. | Eum
A06589,TELLUS,kept,2562,Tellus | Tellus. | Tel.
A06589,FLOSCULA,kept,426,Flosc. | Flos. | Floſc.
A06589,DARES,kept,896,Dares | Dar. | Da. | Dares.
A06589,SAMIAS,kept,619,Samias | Sam.
A06589,TOPHAS,kept,2109,Tophas | Top. | Tophas. | Sir Tophas
A06589,EPITON,kept,1261,Epi.
A06589,DIPSAS,kept,651,Dipsas
A06589,SCINTILLA,kept,198,Scint. | Scnit.
A06589,FAVILLA,kept,209,Fauil. | Faui.
A06589,BAGOA,kept,94,Bagoa
A06589,CYNTHIA,kept,2252,Cynthia | Cynth. | Cyn.
A06589,CORSITES,kept,1117,Corsites | Cor. | Cors. | Corsi.
A06589,ZONTES,kept,118,Zontes | Zon.
A06589,PANELION,kept,118,Pane. | Panelion | Panelion. | Pan
A06589,SEMELE,kept,126,Semele | Sem.
A06589,GERON,kept,895,Geron
A06589,WATCH,kept,126,2. Watch. | 1. Watch. | 1. Watch
A06589,CONSTABLE,kept,46,Ma. Const.
A06589,PYTHAGORAS,kept,98,Pytha. | Pyth. | Pyth
A06589,GYPTES,kept,180,"Gyptes | Giptes,"
A06589,__crowd__,kept,68,"Tellus Floscula, | Tophas Samias | All say."
A06619,GALATEA,kept,1312,Galla. | Gallathea
A06619,PHYLLIDA,kept,1212,Philli. | Phill. | Phil. | Phillida
A06619,TITYRUS,kept,866,Tyterus | Tyte. | Tyterus.
A06619,MELEBEUS,kept,481,Melle. | Meleb. | Melleb. | Mele. | Mel.
A06619,CUPID,kept,775,Cupid | Cupid. | Cup.
A06619,NYMPH,kept,187,Nimph | Nimph.
A06619,MARINER,kept,269,Mar.
A06619,RAFE,kept,1607,Rafe | Rafe. | Raffe. | Raffe
A06619,ROBIN,kept,306,Rob. | Robin
A06619,DICK,kept,118,Dicke | Dicke.
A06619,DIANA,kept,1265,Diana | Diana.
A06619,TELUSA,kept,797,Telusa | Telusa.
A06619,EUROTA,kept,352,Eurota
A06619,RAMIA,kept,401,Ramia
A06619,LARISSA,kept,74,Larissa | Laris. | Lurissa
A06619,NEPTUNE,kept,524,Neptune | Neptune.
A06619,PETER,kept,688,Peter | Pet.
A06619,ALCHEMIST,kept,365,Alcum. | Alcu. | Alcumist
A06619,ASTRONOMER,kept,256,Astro. | Astron.
A06619,AUGUR,kept,288,Augur
A06619,PEOPLE,kept,45,Popu. | Alter
A06619,ERICHTHINIS,kept,62,Erict.
A06619,HEBE,kept,589,Haebe
A06619,VENUS,kept,605,Venus
A06620,RAMIS,kept,938,"Ram. | Mm. Ramos,"
A06620,SILVESTRIS,kept,892,Sil.
A06620,MONTANUS,kept,843,Mont. | Mon.
A06620,NISA,kept,670,Nisa. | Nis.
A06620,NIOBE,kept,826,Niob. | Nio. | Ni • b. | N •• b.
A06620,CELIA,kept,618,Celia. | Cel.
A06620,ERISICHTHON,kept,682,Erisict.
A06620,FIDELIA,kept,496,Fidel.
A06620,CERES,kept,1327,Cer. | Ceres.
A06620,TIRTENA,dropped_short,21,Tart.
A06620,CUPID,kept,1476,Cup. | Cu.
A06620,PROTEA,kept,1030,Prot.
A06620,MERCHANT,kept,82,Mar.
A06620,SIREN,kept,185,Syr.
A06620,PETULIUS,kept,364,Pet.
A06621,MIDAS,kept,3005,Myd. | My. | Mid.
A06621,BACCHUS,kept,188,Bacchus | Bac.
A06621,ERISTUS,kept,520,Erist. | Er.
A06621,MARTIUS,kept,1353,Mar. | Mart. | Martius.
A06621,MELLACRITES,kept,1156,Mel. | Mell. | Mellac.
A06621,LICIO,kept,1419,Li. | Ly. | Lit. | Lycio. | Li
A06621,PETULUS,kept,1904,Pet. | Pe. | Petul. | Pet:
A06621,PIPENETTA,kept,418,Pi. | Pipe. | Pip.
A06621,CELIA,kept,213,Cae. | Cael. | Cae
A06621,SOPHRONIA,kept,1203,Soph. | Sophro. | Sophron. | Sophronia. | So. | Sop. | Sophr.
A06621,DELLO,kept,377,Del. | Dell.
A06621,MOTTO,kept,620,Mot. | Mott.
A06621,CAMILLA,dropped_short,30,Camill. | Cam.
A06621,AMERULA,kept,181,Am. | Amer.
A06621,SUAVIA,kept,387,Sua. | Suau.
A06621,APOLLO,kept,623,Ap. | Apollo.
A06621,PAN,kept,568,Pan.
A06621,ERATO,kept,97,Erato. | 1. Nymph. | Nymph Erato.
A06621,THIA,dropped_short,28,Thia. | 2. Nymph.
A06621,NYMPH,dropped_short,2,3. Nymph.
A06621,MENALCAS,kept,159,Men. | Menal.
A06621,CORIN,kept,112,Cor.
A06621,CELTHUS,kept,121,Cel.
A06621,DRIAPON,kept,150,Dria. | Driap.
A06621,AMYNTAS,kept,150,Amint.
A06621,MINUTIUS,kept,144,Minu. | Min. | Myn.
A06621,HUNTSMAN,kept,212,Hunt. | Hunts.
A06621,REEDS,dropped_short,12,The Reedes. | The reedes.
A06621,ORACLE,dropped_short,18,Oracle.
A06622,MEMPHIO,kept,1517,Mem. | Memp. | Memphio. | Memph. | Memph: | Me. | Mem: | Memo. | Memp
A06622,DROMIO,kept,2305,"Dro. | Drom. | Dr. | Dro, | Dro"
A06622,STELLIO,kept,1009,Stel. | Stel: | Stel | Ste.
A06622,RISIO,kept,1444,Ri. | Ris. | Risio.
A06622,PRISIUS,kept,1323,Pri. | Pris. | Pri:
A06622,SPERANTUS,kept,1313,Spe. | Spe: | Sp.
A06622,CANDIUS,kept,1151,Cand. | Can. | Can:
A06622,LIVIA,kept,640,Liu. | Liu: | Liuia. | Li.
A06622,HALFPENNY,kept,1402,Half. | Hal. | Halfe. | Halfepenie. | Halfepen. | Hal: | Halfepenie: | Half | Half:
A06622,LUCIO,kept,809,Lu. | Luc. | Lin. | Lin: | Linceo.
A06622,SILENA,kept,514,Sil. | Si. | Sile. | Sil: | Silena: | Silena. | Sir.
A06622,MOTHER BOMBIE,kept,480,Bom. | Bomb: | Bom: | Bomb.
A06622,MAESTIUS,kept,277,Maest.
A06622,SERENA,kept,270,Ser.
A06622,ACCIUS,kept,371,Acc. | Ac. | Acc: | Acc
A06622,RIXULA,kept,345,Rix.
A06622,HACKNEYMAN,kept,288,Hack. | Hack ▪ | Hack
A06622,SERGEANT,dropped_short,31,Serg.
A06622,SCRIVENER,dropped_short,33,Scri.
A06622,VICINIA,kept,628,Vic. | Vin.
A06622,SYNIS,kept,328,Syn. | 1. Fid. | 1.
A06622,NASUTUS,kept,111,Nas. | Na. | 2.
A06622,BEDUNEUS,kept,146,Bed. | 3.
A06622,__crowd__,kept,111,Omnes. | All 3. | 4 Pag. | 4. Pag. | 4. Pa.
A06625,SAPPHO,kept,1998,Sapho. | Sapho sola. | Sapho | Sahpo
A06625,PHAO,kept,1943,Phao. | Phao
A06625,VENUS,kept,1852,Venus. | Venus
A06625,CUPID,kept,391,Cupid.
A06625,TRACHINUS,kept,657,Trach. | Trachi.
A06625,PANDION,kept,362,Pandi.
A06625,CRITICUS,kept,592,Criti. | Cryti. | Criti
A06625,MOLUS,kept,719,Molus | Molus.
A06625,MILETA,kept,796,Milet. | Milet | Mileta
A06625,LAMIA,kept,120,Lamia. | Lamya. | Lamy. | Lami.
A06625,ISMENA,kept,343,Isme.
A06625,CANOPE,kept,251,Cano.
A06625,EUGENUA,kept,174,Euge.
A06625,FAVILLA,kept,262,Fauil. | Fauilla
A06625,SIBYLLA,kept,2054,Sybilla | Syb. | Sybil.
A06625,CALLIPHO,kept,458,Caly.
A06625,VULCAN,kept,257,Vulc.
A06629,PANDORA,kept,4079,Pand. | Pan. | Pand | Pa. | Pando. | Pandora. | P. | Band.
A06629,NATURE,kept,977,Nature. | Nat. | Na.
A06629,CONCORD,dropped_short,14,Concorde.
A06629,DISCORD,kept,79,Discord. | Discorde.
A06629,STESIAS,kept,1715,Ste. | Stesi. | Stes. | Stesias. | Stosias. | Ste
A06629,LEARCHUS,kept,832,Lear. | Learc. | Lea. | Learch. | Le. | Ler.
A06629,MELOS,kept,836,Melos. | Mel.
A06629,IPHICLES,kept,883,Iph. | Iphi. | Iphis.
A06629,SATURN,kept,186,Saturne. | Sat.
A06629,MARS,kept,70,Mars.
A06629,JUPITER,kept,385,Iup. | Iupiter.
A06629,SOL,kept,173,Sol.
A06629,VENUS,kept,169,Uenus. | Venus. | Uen.
A06629,MERCURY,kept,113,Mer. | Mercury.
A06629,LUNA,kept,92,Lu. | Luna.
A06629,GUNOPHILUS,kept,1490,Gu. | Guno. | Gunop. | Gunoph. | Gun. | G. | Gunophil. | Gano.
A06629,JUNO,kept,138,Iuno.
A06629,CUPID,dropped_short,19,Cupid.
A06629,JOCULUS,kept,40,Iocu. | Ioc.
A06742,EURYMINE,kept,1804,Eu. | Eur. | Eurymine. | Eury.
A06742,PHYLANDER,kept,1119,Phy. | Ph.
A06742,ORESTES,kept,354,Or. | Oreſt.
A06742,SILVIO,kept,732,Sil.
A06742,GEMULO,kept,802,Ge.
A06742,ASCANIO,kept,1663,Aſca. | Aſc. | Aſcha. | Aſ.
A06742,JOCULO,kept,1705,Io.
A06742,JUNO,kept,386,Iuno.
A06742,IRIS,kept,280,Iris.
A06742,SOMNUS,kept,143,Som.
A06742,MORPHEUS,kept,320,Mor.
A06742,MOPSO,kept,364,Mop.
A06742,FRISCO,kept,512,Friſ. | Friſco.
A06742,PENNY,kept,46,1 Fay.
A06742,CRICKET,kept,66,2 Fay.
A06742,PRICK,kept,46,3 Fay.
A06742,APOLLO,kept,1627,Ap. | Phoe.
A06742,CHARITES,kept,340,1. Cha. | 2 | 1 | 3 | 1. | 2. | 1 ▪
A06742,ARAMANTHUS,kept,908,Ara. | Aram.
A06742,ECHO,dropped_short,17,"Eccho. | Eccho, | Ecch."
A06742,MUSES,kept,210,1. Mu. | 1. Muſe. | 2. Muſe. | 2. Mu.
A06975,KING,kept,2893,Cyp. | Cy. | Cypr.
A06975,PHILOCLES,kept,1641,Phi. | Phy.
A06975,FLORIO,kept,642,Flo. | Florio.
A06975,QUEEN,kept,1086,Qu. | Queene. | Que.
A06975,EPIRE,kept,2785,Epy. | Epi. | Ep. | Epy | Epyre.
A06975,ALFONSO,kept,931,Alp. | Alph. | Al.
A06975,MARIANA,kept,2252,Ma. | Ma
A06975,LOLLIA,kept,1136,Lo. | Lol.
A06975,COLLOQUINTIDA,kept,744,Col. | Co.
A06975,PRATE,kept,1143,Prat. | Prate. | Pra.
A06975,PRECEDENT,kept,447,Pre. | Pres.
A06975,CAELIO,kept,67,Cae.
A06975,DRAP,kept,102,Dra. | Drap.
A06975,VELOUPS,kept,184,Ve.
A06975,MECHANT,kept,1544,Me.
A06975,DOCTORS,kept,63,1 Doct. | 2 Doct.
A06975,CHIP,kept,110,Chy.
A06975,SHAVING,kept,91,Sha.
A06975,EXECUTIONER,dropped_short,8,Exec.
A06975,WATCHMEN,kept,219,1 Watch. | 2 Watch. | 1 Wa. | 2 Wa.
A06975,JAILER,kept,191,Ga. | Gai.
A06975,__crowd__,kept,53,Dra. Ve. | Me. Dra. Ve.
A06982,HEROD,kept,5187,Her. | Her
A06982,ANTIPATER,kept,5005,"Ant. | Antip. | Anti. | Ant, | An."
A06982,ALEXANDRA,kept,1328,Q. Alex. | Qu. Alexandra. | Q. Ale. | Q. Al.
A06982,ARISTOBULUS ELDER,kept,198,Eld. Arist. | E. Arist.
A06982,ANIMIS,kept,467,Ani. | Anim.
A06982,MARIAM,kept,570,Mar.
A06982,KIPARIM,kept,166,Kip.
A06982,SALUMITH,kept,1191,Sal.
A06982,PHEROAS,kept,1284,Phe.
A06982,ALEXANDER,kept,374,P. Alex. | Y. Alex.
A06982,ARISTOBULUS,kept,304,Y. Arist. | Y. Ari. | P. Arist.
A06982,JOSEPH,kept,491,Ios.
A06982,JOSEPHUS,kept,270,Iosephus | Iose.
A06982,HILLUS,kept,425,Hil. | Hill.
A06982,HANDSAW,kept,196,Han.
A06982,LIME,kept,167,Lym. | Lim.
A06982,DIRT,dropped_short,32,Dur.
A06982,AHITOPHEL,kept,686,Ach. | ACH. | A •… h.
A06982,DISEASE,kept,371,Dis. | Dis
A06982,AUGUSTUS,kept,582,Aug.
A06982,MUTIUS,dropped_short,20,Mut.
A06982,LUCULLUS,dropped_short,11,Luc.
A06982,DECIUS,dropped_short,16,Dec.
A06982,BRITISH SLAVE,kept,200,1. Sl. | 1. Sla.
A06982,ROMAN SLAVE,kept,53,2. Sla.
A06982,TRYPHON,kept,477,Try. | T •… y.
A06982,EUNUCH,kept,220,Eu. | Eue.
A06982,ADDA,kept,375,Ad. | Ad
A06982,NIRALAEUS,kept,929,Nir.
A06982,LORDS,kept,54,1. | 2. | 3.
A06982,EXECUTIONER,dropped_short,31,Exe.
A06982,ARCHELAUS,dropped_short,16,Arch.
A06982,__crowd__,kept,60,Omnes. | All. | P. Alex. Y. Arist. | Lym. Han. | Ant. Sal.
A06991,BARABAS,kept,9019,"Bar. | Iew. | Iew, | Bar, | Brr. | B • r."
A06991,MACHIAVEL,kept,282,Macheuil.
A06991,MERCHANTS,kept,157,Merch. | 2. Merch. | 2 Merch.
A06991,JEWS,kept,334,"1. | 2. | 1 Iew. | 2 Iew. | 3. | 2,"
A06991,FERNEZE,kept,1603,"Gov. | Gouer. | Gov, | Gou."
A06991,KNIGHTS,kept,226,"1 Kni. | 1 Knight. | Kni. | 1 Knight, | 2 Kni. | Kni:"
A06991,OFFICERS,kept,217,1 Off. | Off. | Offic. | Offi. | Reader. | Read. | 2 Off. | Officer.
A06991,CALLAPINE,dropped_short,29,Bass.
A06991,PASHAS,kept,103,Bash.
A06991,CALYMATH,kept,607,Caly. | Calim. | Cal.
A06991,ABIGAIL,kept,1054,Abig.
A06991,JACOMO,kept,371,"Ioco. | 1 Fry. | Fry. | 1. Fry. | Fry, | Io • o."
A06991,BARNARDINE,kept,183,2 Fry.
A06991,NUNS,dropped_short,32,1 Nun. | Nun.
A06991,ABBESS,dropped_short,25,Abb.
A06991,MATHIAS,kept,380,Math. | Mat. | Math •
A06991,LODOWICK,kept,357,Lod.
A06991,BOSCO,kept,255,Bosc. | Bosco.
A06991,ITHAMORE,kept,1859,"Ith. | Itha. | Ithi. | Ith, | It • ."
A06991,KATHERINE,kept,71,"Mater. | Mater,"
A06991,BELLAMIRA,kept,331,Curt.
A06991,PILIA-BORZA,kept,693,"Pil. | Pilia. | Pil,"
A06991,MESSENGER,kept,167,Mess.
A06991,CARPENTERS,dropped_short,10,Carp. | Serv.
A06991,__crowd__,dropped_short,7,All 3 Iewes.
A07003,GUISE,kept,2361,"Guise. | Guis • . | Guise,"
A07003,HENRY,kept,2509,"King. | Anioy. | Henry, | Henry. | Anioy | An."
A07003,CHARLES,kept,118,Charles.
A07003,CATHERINE,kept,827,"Qu. | Queene. | Queene, | Old Qu. | Queene Mother. | Old Q. | O d Qu | Old Qu"
A07003,NAVARRE,kept,1196,"Nauarre. | Nauar. | Na. | Nauar, | Na, | Na | Nauarr."
A07003,CONDE,dropped_short,38,"Con. | Condy, | Condy."
A07003,ADMIRAL,kept,152,Ad. | Admi. | Ad .
A07003,MARGARET,kept,66,Q. Mar. | Q Mar.
A07003,APOTHECARY,kept,43,Pothe. | Pothe .
A07003,SOLDIER,kept,133,Soul.
A07003,DUMAINE,kept,227,Dumaiue. | Dumaine. | Dumain. | Du.
A07003,GONZAGUE,kept,39,"Gonza. | Gonzago. | Gon. | Gonza,"
A07003,RETZ,kept,38,Retes. | Ret. | Retes .
A07003,MONTSOREAU,kept,52,Mount.
A07003,LERANNE,dropped_short,18,Loreine
A07003,SEROUNE,dropped_short,30,Seroune. | Seronne.
A07003,WIFE,dropped_short,20,Wife. | Serouns wife.
A07003,RAMUS,kept,191,Ramus. | Ra.
A07003,TALEUS,dropped_short,38,Taleus. | Tal.
A07003,MAN,dropped_short,28,Man.
A07003,LORDS,dropped_short,14,Lord.
A07003,MEN,kept,193,"1. | 2. | 1,"
A07003,MURDERERS,kept,52,Mur. | 3.
A07003,CARDINAL,kept,145,Car. | Card.
A07003,PROTESTANT,dropped_short,8,Protestant.
A07003,EPERNON,kept,274,Eper. | Epernoune.
A07003,PLESSIS,kept,56,Pleshe.
A07003,JOYEUSE,dropped_short,18,Ioyeux.
A07003,MAUGIRON,kept,126,Muge. | Mugeroun.
A07003,CUTPURSE,dropped_short,4,Cutpurse.
A07003,DUCHESS,kept,147,Duch.
A07003,MAID,dropped_short,3,Maid.
A07003,BARTUS,kept,106,Bar. | Bartus. | Bar .
A07003,MESSENGER,kept,87,Mes. | Messenger.
A07003,CAPTAIN,kept,117,Cap. | Captaine.
A07003,YOUNG GUISE,dropped_short,20,Yong Guise.
A07003,FRIAR,kept,112,Frier.
A07003,SURGEON,dropped_short,22,Sur.
A07003,__crowd__,dropped_short,24,All.
A07004.1,TAMBURLAINE,kept,5801,tam. | Tam. | tamb. | Tamb. | Tamburlaine. | Tam
A07004.1,MYCETES,kept,880,Myce. | Myc. | Mycetes. | Mycet.
A07004.1,COSROE,kept,1390,Cos. | Cosr. | Cos | Cosroe.
A07004.1,MEANDER,kept,522,Mean. | Meand. | mean.
A07004.1,THERIDAMAS,kept,626,ther. | Ther. | therid. | the. | ther | The.
A07004.1,ORTYGIUS,kept,288,Ort. | Ortyg. | Ortyg
A07004.1,CENEUS,kept,144,Cene. | Cen.
A07004.1,MENAPHON,kept,288,Mena.
A07004.1,ZENOCRATE,kept,1089,Zen. | zen. | Zeno. | Zen:
A07004.1,TECHELLES,kept,414,"tech. | Tec. | Tech. | tech | tec. | Tech,"
A07004.1,USUMCASANE,kept,247,Vsum. | vsu. | Cas.
A07004.1,MAGNETES,kept,42,Mag.
A07004.1,AGYDAS,kept,541,Agid.
A07004.1,SOLDIER,kept,48,Sould.
A07004.1,SPY,dropped_short,27,A Spy.
A07004.1,MESSENGER,kept,229,Mess.
A07004.1,PHILEMUS,kept,35,Phi.
A07004.1,BAJAZETH,kept,1593,Bai. | Baiazeth. | Bai
A07004.1,FEZ,kept,64,Fess.
A07004.1,MOROCCO,kept,43,Moro.
A07004.1,ARGIER,kept,49,Arg.
A07004.1,PASHA,kept,127,Bass. | Basl.
A07004.1,ZABINA,kept,800,Zab. | zab.
A07004.1,EBEA,dropped_short,24,Ebea.
A07004.1,ANIPPE,kept,109,"Anip. | Anip, | An."
A07004.1,SULTAN,kept,597,Soul. | Souldan.
A07004.1,ARABIA,kept,293,Ar. | Ara. | Arab.
A07004.1,CAPOLIN,kept,73,Cap.
A07004.1,GOVERNOR,kept,291,Gouernour. | Go.
A07004.1,VIRGINS,kept,423,1. Virgin. | 2. Virg. | Virg.
A07004.1,__crowd__,dropped_short,12,Omnes. | All. | Al.
A07004.2,TAMBURLAINE,kept,6694,"tam. | Tam. | Tamb. | tamb. | Tamburlaine, | tam | tam,"
A07004.2,ORCANES,kept,1633,Orc. | Orc | Nat. | Orcanes- | Orcanes. | Orca. | Or. | Ore.
A07004.2,GAZELLUS,kept,282,Byr. | Gaz.
A07004.2,URIBASSA,kept,213,Vpibas. | Vrib. | Vri.
A07004.2,SIGISMOND,kept,456,Sig. | Sigis.
A07004.2,FREDERICK,kept,269,Fred.
A07004.2,BALDWIN,kept,64,Bald.
A07004.2,CALLAPINE,kept,1690,Cal. | Callap. | Callep. | Cal
A07004.2,ALMEDA,kept,192,Alm. | Al.
A07004.2,ZENOCRATE,kept,318,zen. | zen
A07004.2,AMYRAS,kept,543,Amy. | Ami. | Ami
A07004.2,CELEBINUS,kept,200,Cel. | Celib.
A07004.2,THERIDAMAS,kept,1277,"ther. | Ther. | The. | Therid. | Ther, | Ther"
A07004.2,TECHELLES,kept,795,tech. | Tech. | tech
A07004.2,USUMCASANE,kept,363,Cas.. | Vsum. | Vsu. | Cas. | Vsu
A07004.2,MESSENGER,kept,125,Messenger. | Mess | Mess.
A07004.2,PHYSICIAN,kept,175,Phi. | Phis.
A07004.2,TREBIZOND,kept,150,treb. | Treb. | Tre.
A07004.2,SYRIA,kept,138,Sor.
A07004.2,JERUSALEM,kept,245,Ier. | Ier
A07004.2,CAPTAIN,kept,112,Cap.
A07004.2,OLYMPIA,kept,541,Olym. | Olim. | Olim
A07004.2,SON,kept,43,Son.
A07004.2,PIONERS,dropped_short,4,Pion.
A07004.2,SOLDIER,dropped_short,19,Soul.
A07004.2,GOVERNOR,kept,471,Gou. | Gouer. | Gou | Gouern.
A07004.2,MAXIMUS,kept,56,Max.
A07004.2,CITIZEN,kept,42,Another.
A07004.2,LADIES,dropped_short,9,Lad.
A07004.2,PERDICAS,dropped_short,24,Per. | Perd.
A07004.2,AMASIA,kept,133,Ama. | Ama
A07004.2,__crowd__,dropped_short,9,tech. & Vsu.
A07009,FAUSTUS,kept,5303,Fau. | Fau: | Faustus | Eau:
A07009,MEPHISTOPHELES,kept,1313,"Me. | Me: | Meph. | M • . | Meph: | Me | Me,"
A07009,WAGNER,kept,575,Wag.
A07009,CHORUS,kept,397,Chorus.
A07009,GOOD ANGEL,kept,79,Good. A. | Good Angel | good A. | Good An:
A07009,EVIL ANGEL,kept,77,Euill An. | Euill Angel | euill An: | euill A.
A07009,VALDES,kept,158,Vald. | Val.
A07009,CORNELIUS,kept,134,Corn. | Cor.
A07009,SCHOLARS,kept,368,1. Sch. | 2. | 2. Sch. | 1. | 3. Sch. | 1. Sch: | 1 Sch. | • . Schol. | 3. Scholler | 2 Sch. | 1. Sch ▪ | 2. Sch:
A07009,ROBIN,kept,872,Robin | Clo. | Clow. | Ro. | Rob. | Clo:
A07009,RAFE,kept,152,Rafe | • a fe
A07009,LUCIFER,kept,184,Lu: | Lu.
A07009,PRIDE,kept,80,Pride
A07009,COVETOUSNESS,kept,51,Coue:
A07009,WRATH,kept,67,Wrath
A07009,ENVY,kept,68,Enuy
A07009,GLUTTONY,kept,116,Glut: | Glut.
A07009,SLOTH,kept,53,Sloath.
A07009,LECHERY,dropped_short,37,Lechery
A07009,POPE,kept,92,Pope. | Pope
A07009,CARDINAL,dropped_short,20,Lor.
A07009,FRIAR,kept,84,Frier. | Fri.
A07009,VINTNER,kept,59,Vintner | Vintn.
A07009,EMPEROR,kept,408,Em. | emp. | emp: | Em
A07009,KNIGHT,kept,104,Kn. | Knight | Kn:
A07009,HORSE-COURSER,kept,399,Hors. | Hors:
A07009,DUKE,kept,74,Du:
A07009,DUCHESS,kept,88,Dutch. | Dut:
A07009,OLD MAN,kept,224,Old. | Old man
A07009,__crowd__,dropped_short,6,All
A07018,EDWARD II,kept,5673,Edw. | Edward. | Edwa. | Ed.
A07018,MORTIMER JUNIOR,kept,3486,Mor. iu. | Mort. iu. | Mor. | Mort. | Mortim. iu. | Mor. i. | Mor. iu | Mortimer. iu. | Mor iu. | Mor. in.
A07018,MORTIMER SENIOR,kept,278,Mor. se. | Mort. se. | Mortim. sen.
A07018,GAVESTON,kept,1022,Gau. | Gauest. | Gaue.
A07018,POOR MEN,dropped_short,33,Poore men. | 3. poore. | 1. poore. | 2. poore. | Seld.
A07018,LANCASTER,kept,1124,Lan. | Lanc. | Lancast. | La ̄ . | La.
A07018,KENT,kept,860,Edm. | Kent. | Edmu. | Edmun. | Edmund.
A07018,WARWICK,kept,654,War. | Warw. | Warwicke. | Warwick.
A07018,CANTERBURY,kept,350,Bish.
A07018,ISABELLA,kept,2052,Qu. | Queen. | Queene. | Que. | Quee. | Qu
A07018,PEMBROKE,kept,257,Pen. | Penb.
A07018,BEAUMONT,dropped_short,6,Beam.
A07018,SPENCER JUNIOR,kept,952,Spen. | Spencer. | Spen. iu. | Spen. son. | Spen. filius. | Spe. | Spen. so.
A07018,SPENCER SENIOR,kept,134,Spen. pa. | Spen. fa.
A07018,BALDOCK,kept,383,Bald. | Bal.
A07018,LADY,kept,215,Lady. | Lad.
A07018,MESSENGER,kept,150,Messen. | Post.
A07018,GUARD,dropped_short,17,Guard. | Guar.
A07018,MALTRAVERS,kept,653,Matr. | Arun. | Aru. | Mat. | Matre. | Matreuis.
A07018,JAMES,dropped_short,23,Iam. | Iames.
A07018,HORSE-BOY,dropped_short,7,Horse boy.
A07018,LEVUNE,kept,44,Lewn. | Lew.
A07018,PRINCE EDWARD,kept,641,King. | Prin. | Prince.
A07018,SIR JOHN,kept,167,S. Ioh. | S. Io. | S. Iohn. | Sir Iohn.
A07018,RICE AP HOWELL,kept,158,Rice.
A07018,ABBOT,kept,72,Abbot. | Abb.
A07018,MONKS,dropped_short,14,Monks.
A07018,MOWER,dropped_short,16,Mower.
A07018,LEICESTER,kept,223,Lei. | Leist. | Leicester.
A07018,TRUSSEL,dropped_short,25,Tru.
A07018,BERKELEY,kept,69,Bart. | Bartley.
A07018,WINCHESTER,dropped_short,7,Winchester.
A07018,GURNEY,kept,157,Gurn. | Gurney. | Gur.
A07018,LIGHTBORN,kept,393,Light. | Lightbor. | Lightborne.
A07018,CHAMPION,dropped_short,31,Cham.
A07018,SOLDIERS,dropped_short,28,Sould.
A07018,LORDS,kept,53,Lords.
A07018,__crowd__,dropped_short,12,Omnes.
A07023,DIDO,kept,4230,Dido. | Dido
A07023,AENEAS,kept,3651,Aen.
A07023,JUPITER,kept,553,Iup.
A07023,GANYMEDE,kept,139,Gan.
A07023,VENUS,kept,1123,Venus. | Venus
A07023,ASCANIUS,kept,112,Asca.
A07023,ACHATES,kept,465,Acha. | Ach.
A07023,ILIONEUS,kept,299,Illio.
A07023,IARBAS,kept,1024,Iar.
A07023,CLOANTHUS,kept,135,Cloan.
A07023,SERGESTUS,kept,113,Serg.
A07023,ANNA,kept,577,Anna.
A07023,CUPID,kept,180,Cupid.
A07023,JUNO,kept,562,Iuno.
A07023,NURSE,kept,313,Nurse.
A07023,MERCURY,kept,154,Hermes.
A07024,AURELIO,kept,2493,Aur. | Au.
A07024,CARELESS,kept,2793,Car. | Care. | Care | Car
A07024,WHIBBLE,kept,2193,"Cap. | Capt. | Cap,"
A07024,SPRUCE,kept,2462,"Spr. | Spru. | Spru,"
A07024,LITTLEGOOD,kept,1856,Lit. | Lit
A07024,AEMILIA,kept,1751,Aemi. | Aemi | Aemil.
A07024,DOTARIO,kept,1640,Dot. | Dot
A07024,LACKWIT,kept,1677,Lack. | Lac. | Lack ▪ | Lack
A07024,FIDO,kept,1683,Fid. | Fido.
A07024,CROTCHET,kept,1194,Cro. | Crot.
A07024,FONDLING,kept,1079,Fond. | Fon.
A07024,VALERIA,kept,791,Val. | Ʋ al.
A07024,CRITIC,kept,331,Crit.
A07024,AUTHOR,kept,225,Auth. | Aut.
A07024,TAILOR,kept,63,Tayl. | Tay.
A07024,SEMPSTER,dropped_short,16,Semp.
A07024,HABERDASHER,dropped_short,38,Hab.
A07024,BOY,dropped_short,8,Boy.
A07024,STERN,kept,201,Lieu. | Liev. | Lieve.
A07024,TONY,kept,71,Draw.
A07024,HOSTESS,kept,154,Hoſt.
A07025,FIDELIO,kept,1168,Fid. | Fidel. | Fude. | Fide. | Fudel.
A07025,SNARL,kept,1249,Snar. | Snarle. | Sna. | Snarl. | Snarle | Snarl
A07025,ARDELIO,kept,1754,"Ard. | Ardelio. | Ardel. | Adr. | Ar. | Arde. | Ardel | Aed. | Ardel,"
A07025,JEFFREY,kept,526,Ieff. | Ieff | Ieffry. | Ief.
A07025,PHILAUTUS,kept,1740,Phil. | Philau. | Phi. | Philan.
A07025,TRYPHAENA,kept,417,Triph. | Triphae. | Trip. | Thiph.
A07025,TRIMALCHIO,kept,2973,Trim. | Tri. | Trm.
A07025,AGURTES,kept,3729,Agur. | Agu. | Ag. | Agurt.
A07025,AUTOLYCUS,kept,1267,Autol. | Antol. | Aut. | Anto. | Au. | Auto.
A07025,BOY,kept,42,Boy.
A07025,FAUSTINA,kept,906,Fauſt. | Fau.
A07025,MARGERY,kept,196,"Marg. | Marg, | Mar."
A07025,MILLICENT,kept,580,Milleſ. | Milleſ
A07025,QUARTILIA,kept,515,Quar. | Quart.
A07025,CAPRITIO,kept,652,Caprit. | Capr. | Cap. | Capri. | Capr:
A07025,MISCELLANIO,kept,1354,Miſcel. | Miſce. | Miſ.
A07025,PANDER,kept,417,"Pand. | Pander,"
A07025,BAWD,kept,639,Bawd.
A07025,WHORES,kept,169,1. Whore. | 2. Whore. | 1 Who. | 2 Who.
A07052,WIT,kept,3691,"VVitte. | VVitte, | VVitt. | VVitte"
A07052,NATURE,kept,790,Nature. | Nature
A07052,WILL,kept,2860,"VVill. | VVill | VVill,"
A07052,SCIENCE,kept,1102,"Science. | Scince. | Sciencc,"
A07052,REASON,kept,794,Reason. | R • ason.
A07052,EXPERIENCE,kept,291,Experience.
A07052,INSTRUCTION,kept,254,Instruction.
A07052,DILIGENCE,dropped_short,36,Diligence. | Dilig • nce.
A07052,STUDY,kept,53,"Studye. | Studie. | Studie,"
A07052,TEDIOUSNESS,kept,224,Tediousnes.
A07052,RECREATION,kept,403,Recreation. | Recreation • | Recreacion | Singe.
A07052,IDLENESS,kept,335,Idlenes. | Idlenes syngeth.
A07052,IGNORANCE,kept,82,Ignoraunce. | Ignoraunce
A07052,SHAME,kept,79,Shame.
A07052,__crowd__,dropped_short,10,"Studie, Instruction."
A07063,PIERO,kept,1388,"Pie. | Pier. | Piero. | Pi. | Pie. Piero,"
A07063,ANTONIO,kept,2779,Ant. | Anto. | An. | A. | Ant: | Ant ▪
A07063,FELICE,kept,1758,Fel. | Feli. | Fe. | Felich. | Fel | Fell.
A07063,ALBERTO,kept,693,Alb. | Al. | Alber. | Albert.
A07063,BALURDO,kept,1542,Bal. | Ba. | Ball. | Balur. | Bal ▪ | B. | Balurdo
A07063,GALEAZZO,kept,276,Gal. | Gale.
A07063,FOROBOSCO,kept,229,Foro. | Fo. | Forob.
A07063,CAZZO,kept,247,Cat. | Catz.
A07063,DILDO,kept,301,Dil. | Dill.
A07063,MELLIDA,kept,635,Mell. | Mel.
A07063,FLAVIA,kept,311,Fla.
A07063,ROSALINE,kept,1131,Ross. | Ros. | Rossa. | Ro.
A07063,CASTILIO,kept,388,Cast. | Casti.
A07063,MAZZAGENTE,kept,136,Mat. | Matz.
A07063,ANDRUGIO,kept,1975,And. | Andr.
A07063,LUCIO,kept,247,Lu. | Luc.
A07063,PAGE,kept,40,Pa.
A07063,PAINTER,dropped_short,21,Pay. | Payn.
A07063,[unresolved] • o.,unresolved_excluded,11,• o.
A07064,PIERO,kept,3464,Pie. | Piero. | Pi. | Pier. | P. | Pie ▪
A07064,ANTONIO,kept,4056,Ant. | An. | A. | Anto. | Ant ▪
A07064,STROZZO,kept,383,Str. | Stro. | Strot.
A07064,LUCIO,kept,162,Lu. | Luc.
A07064,MARIA,kept,1156,Ma. | Mar. | Mari. | Maria. | Mari ▪
A07064,NUTRICE,kept,269,Nut. | Nu.
A07064,ALBERTO,kept,431,Alb. | Al. | Alberto.
A07064,BALURDO,kept,1196,Bal. | Ba.
A07064,GALEAZZO,kept,74,Gal. | Ga.
A07064,PANDULFO,kept,1658,Pan.
A07064,MAZZAGENTE,kept,47,Mat.
A07064,FOROBOSCO,kept,35,Foro.
A07064,MELLIDA,kept,389,Mell. | Mel.
A07064,PAGES,kept,260,Pa. | 2. Pa. | 1. Pa.
A07064,ANDRUGIO,kept,703,And. | Andr.
A07064,FELICE,dropped_short,5,Fel.
A07064,JULIO,kept,95,Iul. | Iuli.
A07064,SENATORS,kept,132,1. Sen. | 2. Sen.
A07064,__crowd__,kept,60,"Ant, Castilio,"
A07065,FREEVILL,kept,3213,"Free. | Fre. | Free: | Fre ▪ | Fre: | Free ▪ | Eree: | Free, | Free | Freeuile. | Freeuil."
A07065,MALHEUREUX,kept,1956,Mal. | Mal: | Mal
A07065,COCLEDEMOY,kept,3320,"Cocle. | Cocl. | Cocle: | Co: | Coc. | Cocl: | Co. | Cocl | Cocl, | Coclo: | Col. | 〈◊〉"
A07065,MULLIGRUB,kept,1651,Mul: | Mul. | mul. | Mull. | Mull: | M • ll. | Muly. | Mr. Mul | mulli. | mull. | Mu:
A07065,MISTRESS MULLIGRUB,kept,842,"Mrs. Mul. | Mrs: | Mrs. | Miſt. | M. Mul. | miſtris mul. | Miſt: Mul: | M Mul. | Mrs. Mu. | Mrs. Mul | M. Mul: | miſt mul. | miſt. mul. | Mrs. Mu: | Meſtris. | Mistreſſe Mul. | miſt, mul. | Miſtreſſe Mul."
A07065,TYSEFEW,kept,990,Tyſ. | Tyſſ. | Tiſ. | Tiſſe: | Tiſe: | Tiſſe | Tiſe. | Ty •• . | Tiſſe. | Tyſep. | Tiſſa •
A07065,CAQUETEUR,kept,268,Caqu: | Caqu • ▪ | C • q •… | Cac. | Caque. | Caca. | Caque:
A07065,MARY FAUGH,kept,576,"Mary Fough. | Mary. | Mar. | Mary Faugh, | Fough. | Mar: | Mary | Mall | mary. | Marc | Mar ▪"
A07065,FRANCISCHINA,kept,1777,"Fran. | Franc. | Eranciſ. | Fran: | Fra. | Franciſ. | Franc, | Franc | Franck: | Franciſ: | Franc: | Eranc. | Fran, | Franck. | Frank. | Franciſc. | Fra,"
A07065,BEATRICE,kept,783,"Beat. | Beat: | Bea: | Bea. | Bea ▪ | Beatr. | Beat ▪ | Beat | Beat, | Bet."
A07065,HOLOFERNES,kept,132,Hol. | Holof: | Holof. | Holif.
A07065,CRISPINELLA,kept,1825,"Criſp: | Criſp. | Criſ. | Crisp: | Crisp. | Crisp • | Crispi: | Criſp, | Crisp,"
A07065,PUTIFER,kept,199,Put. | Puti. | Nurſe. | Put:
A07065,BURNISH,kept,52,Gar:
A07065,LIONEL,dropped_short,18,Lion:
A07065,SIR HUBERT,kept,121,Sir Hub. | Sir Hu.
A07065,SIR LIONEL,kept,260,Sir Ly. | Sir Lyo. | ſir Lyo. | Sir Ly • .
A07065,SERVANT,dropped_short,5,Seruant.
A07065,CONSTABLE,dropped_short,7,Conſt.
A07065,OFFICERS,dropped_short,7,Offi.
A07065,WATCH,kept,260,2 | 2. | 1. | 1
A07065,[unresolved] M ••,unresolved_excluded,11,M ••
A07065,[unresolved] Ma •,unresolved_excluded,4,Ma •
A07065,[unresolved] M.,unresolved_excluded,4,M.
A07065,[unresolved] Ma.,unresolved_excluded,8,Ma.
A07067,ISABELLA,kept,4537,Isab. | Isabella. | Is. | Isabell. | Count.
A07067,ROBERTO,kept,1143,Rob. | Robert. | Roberto. | Rober.
A07067,ROGERO,kept,382,Arsen. | Count. Ars. | Arsena. | Count Rog.
A07067,GUIDO,kept,952,Guid. | Guido. | Gui.
A07067,MIZALDUS,kept,2162,Mizal. | Miz. | Mizaldus. | Mizald. | Rog. | Rogero. | Roger.
A07067,MENDOSA,kept,988,Mend. | Men. | Mendosa. | M.
A07067,CLARIDIANA,kept,2171,Clarid. | Clar. | Clari. | Cla.
A07067,ABIGAIL,kept,1895,"Abig. | Ab. | Abigall. | Abig, | Abag. | Abigal. | A."
A07067,THAIS,kept,1174,Thais. | Tha.
A07067,LENTULUS,kept,652,Lent. | Lady Lent. | Lady.
A07067,CARDINAL,kept,194,Card. | Cardin. | Card
A07067,ANNA,kept,232,Anna. | An.
A07067,PAGE,dropped_short,26,Page.
A07067,SERVANT,dropped_short,12,Ser.
A07067,CAPTAIN,kept,490,Cap. | Capt.
A07067,WATCH,kept,85,Watch. | 1 Watch. | 2. | Watchm. | 1.
A07067,GNIACA,kept,860,Gniac. | Guiaca. | Guia. | Gnia. | Gni. | Gn. | Gniaca.
A07067,AMAGO,kept,728,Duke. | Duke
A07067,SENATORS,kept,88,1 Sen. | 1 Senat. | 2 Sen.
A07067,SAGO,kept,1065,Sago.
A07067,MEDINA,kept,391,Medina. | Medina | Med.
A07067,MESSENGER,dropped_short,35,Messenger.
A07067,SOLDIERS,dropped_short,23,Sould.
A07067,EXECUTIONER,dropped_short,26,Executioner.
A07067,FRIAR,dropped_short,4,Frier.
A07067,LIEUTENANT,dropped_short,28,Lieft.
A07067,__crowd__,dropped_short,34,Omnes. | 3. or 4. | Ambo. | Amb.
A07071,MALEVOLE,kept,4849,"Mal. | Mal: | M •… l. | Male. | Maleuole. | Mal, | Mal | M •… ."
A07071,PIETRO,kept,1795,"Pietro. | Piet. | Pietro | Pietr •… . | Piet ▪ | P •… tro | Pietro, | Piet: | Pie. | Pietr."
A07071,MENDOZA,kept,3424,Mend. | Men. | Men: | Mend | Men ▪
A07071,MAQUERELLE,kept,2020,Maq. | Maque. | M •… q. | Maq
A07071,AURELIA,kept,847,Aur. | Aure. | Aurelia | Aurel. | Au. | Enusia.
A07071,BILIOSO,kept,315,Bili. | Bil: | Bilioso. | Bil. | Biliosa. | Bili •… .
A07071,PREPASSO,kept,70,Pr •… p. | Prae •… . | Prepasso | Pre.
A07071,FERRARDO,kept,51,Ferrar. | Ferrard. | Ferr.
A07071,FERNEZE,kept,189,Fer. | Far. | Ferne. | Fer: | Eer.
A07071,EQUATO,dropped_short,13,Equato. | Equat. | Equato
A07071,CELSO,kept,242,Cel. | Celso. | Celso | Cel: | Cels: | Cell:
A07071,GUERRINO,kept,59,Guerrino | Guer.
A07071,EMILIA,kept,70,Emil. | Emil | Em. | Emili. | Emilia.
A07071,BIANCA,kept,180,"Bean. | Beanc. | Bean, | Bea."
A07071,PAGE,kept,197,Page. | Page | Pags.
A07071,CAPTAIN,dropped_short,34,Cap.
A07071,MARIA,kept,356,Mar: | Mar. | Mar ▪
A07071,MERCURY,kept,46,Mer.
A07071,__crowd__,dropped_short,13,"All. | All,"
A07071,[unresolved] 〈◊〉,unresolved_excluded,16,〈◊〉
A07071,[unresolved] 〈◊〉 .,unresolved_excluded,36,〈◊〉 .
A07071,[unresolved] 〈◊〉 ▪,unresolved_excluded,18,〈◊〉 ▪
A07071,[unresolved] P •… .,unresolved_excluded,3,P •… .
A07074,MALEVOLE,kept,5875,Mal. | Mal: | Male: | Male. | Maleu. | Maleuole | Mel. | Mal
A07074,PIETRO,kept,1875,Pietro | Pie: | Piet: | Pie. | Piet. | Pietro. | *Pietro. | Pietro: | Piet
A07074,MENDOZA,kept,3338,Men. | Men: | Mend. | Mendoza | Mendo: | Me: | Men | Mendo.
A07074,MAQUERELLE,kept,2091,Maq. | Maq: | Maq ▪ | Maque.
A07074,AURELIA,kept,841,Aur. | Aur: | Aurelia
A07074,BILIOSO,kept,1515,Bili. | Bilioso | Bil. | Bil: | Buioso | Bili: | Bilio: | Belis. | Belioso | Bilioso. | Bilt. | Bilios. | Bali. | Bilio. | Bili • :
A07074,PASSARELLO,kept,1054,Passar. | Pas. | Pasa. | Pasar. | Passa. | Pasarello.
A07074,PREPASSO,kept,76,Prae: | Pre. | Pre:
A07074,FERRARDO,kept,44,Ferrar: | F • rrar: | Ferrard. | Ferr.
A07074,FERNEZE,kept,204,Fer. | Ferneze | Fer:
A07074,EQUATO,dropped_short,7,Equa: | Equate
A07074,CELSO,kept,233,Cel. | Cel: | Celso: | Celso | Cels: | Cello | Celio
A07074,GUERRINO,kept,63,Guer.
A07074,EMILIA,kept,83,Emil. | Emil: | Emi.
A07074,BIANCA,kept,498,"Bianca | Bean. | Bian. | Beancha | B • n. | Be: | Bean: | Bea: | Bea. | Bean,"
A07074,PAGE,kept,197,Page
A07074,CAPTAIN,dropped_short,29,Cap.
A07074,MARIA,kept,331,"Mar. | Mar, | *Mar."
A07074,MERCURY,kept,43,Mer.
A07074,SLY,kept,568,Sly: | Sly
A07074,SINKLO,kept,235,Sink:
A07074,BURBAGE,kept,146,Bur:
A07074,CONDELL,kept,147,Cun:
A07074,LOWIN,kept,78,Lew:
A07074,TIREMAN,dropped_short,22,Tyer-man. | Tyre:
A07074,__crowd__,dropped_short,16,All | All. | Mendoza Ferneze:
A07077,HERCULES,kept,8200,Herc. | Her: | Herc: | Her. | Hercules. | He: | Herc
A07077,GONZAGO,kept,3101,Gon. | Gon: | Gonz: | Gonza ▪ | Gonz.
A07077,TIBERIO,kept,817,Tib. | Tibe: | Tib:
A07077,DULCIMEL,kept,1669,Dul. | Dulc. | Dul: | Du.
A07077,NYMPHADORO,kept,1561,"Nym: | Nym. | Nym | Nym, | Nympha:"
A07077,HEROD,kept,1408,Hero: | Herod. | Herod | Hero.
A07077,RENALDO,kept,98,Renal. | Renald. | Re:
A07077,PAGE,kept,237,Pag: | Pag. | Page.
A07077,DONDOLO,kept,1126,Don. | Don: | Dondol.
A07077,GRANUFFO,kept,62,Gra.
A07077,ZUCCONE,kept,2056,Zuc. | Zucc: | Zuc: | Zucc. | Zuc
A07077,ZOYA,kept,846,Zoya. | Zoya | Zoy. | Zoya: | Zo. | Zoya;
A07077,SIR AMOROSO,kept,190,"Amor. | Sir Am: | Sir Am. | Sir Amor: | S. Am. | Sir Amor. | Sir Amor, | S: Am. | Sir Amar."
A07077,PHILOCALIA,kept,191,Phi. | Phil.
A07077,PUTTOTA,kept,302,Put.
A07077,POVEIA,dropped_short,2,Pou.
A07077,GARBEZZA,kept,283,Gar. | Garb.
A07077,CUPID,kept,248,Cup. | Cupid | Cupid.
A07077,LADIES,dropped_short,6,Ladies.
A07077,__crowd__,dropped_short,3,Nym. Don. Zuc.
A07081,QUADRATUS,kept,3847,"Qua. | Qua | Qu. | Quad. | Within Qua. | Within, Qua."
A07081,JACOMO,kept,1584,Iaco. | Iaco
A07081,PHILOMUSE,kept,354,"Phy. | Phy, | Phy"
A07081,ATTICUS,kept,102,"At. | Atti. | Atti | Atti,"
A07081,DORICUS,kept,510,Dor.
A07081,RANDOLFO,kept,386,Ran. | Ra. | Rand.
A07081,ADRIAN,kept,220,An. | And. | Adri. | And | Adrian.
A07081,CELSO,kept,186,Duk. | Duke.
A07081,LAVERDURE,kept,814,"Lau. | Laue. | Lauer. | La. | Lauer, | Lau"
A07081,BIDET,kept,1392,Bydet. | Byd. | Bidet. | Bidett.
A07081,LAMPATHO,kept,1446,Lam. | Lamp. | Lam
A07081,SIMPLICIUS,kept,1035,Sim. | Sym. | Simp. | Si.
A07081,SCHOOLMASTER,kept,351,"Ped. | Ped | Ped, | Peda."
A07081,BATTUS,kept,71,Bat. | Battus.
A07081,NOUS,kept,65,"Nou. | Nous. | Nous,"
A07081,SLIP,kept,377,Slip. | Slip
A07081,NATHANIEL,kept,36,Nath.
A07081,HOLOFERNES,kept,413,Hol. | Holy. | Pip. | Pippo. | Holyf.
A07081,FRANCISCO,kept,313,"Fran. | Fran, | Fra."
A07081,ALBANO,kept,1901,Alba. | Alba | Alb. | Alla.
A07081,NOOSE,kept,198,Noose.
A07081,TRIP,dropped_short,3,Trip.
A07081,DOIT,kept,54,Doit.
A07081,CELIA,kept,211,Celia. | Celi | Celea.
A07081,MELEZZA,kept,925,Melet. | Mel.
A07081,LIZABETTA,kept,110,Lyza. | Ly. | Lyzabet. | Lyz. | Lyxa.
A07081,LUCEA,dropped_short,12,Lucea. | Luc.
A07081,__crowd__,dropped_short,3,All.
A07081,[unresolved] Pan.,unresolved_excluded,12,Pan.
A07083,SOPHONISBA,kept,2436,So. | Soph. | Sopho. | So ▪
A07083,SYPHAX,kept,2328,"Sy. | Sy, | SY: | Sy"
A07083,MASINISSA,kept,2487,Ma. | Mas. | Mass. | Ma
A07083,CARTHALO,kept,1305,Car. | Ca.
A07083,ERICHTHO,kept,755,Eri.
A07083,GELOSSO,kept,746,Gel. | Ge. | Gelo. | Gela. | GEl.
A07083,HASDRUBAL,kept,723,As. | Asd. | Asd.: | Asdru. | As
A07083,ZANTHIA,kept,453,Za. | Zan.
A07083,VANGUE,kept,150,Va. | Van. | Ua:
A07083,SCIPIO,kept,545,Sci. | Sc.
A07083,LAELIUS,kept,263,Le.
A07083,JUGURTH,kept,138,Iug.
A07083,HANNO,kept,118,Ha. | Han.
A07083,BYTHEAS,kept,50,By. | Byt.
A07083,GISCO,kept,46,Gis. | Gi.
A07083,NYCEA,dropped_short,2,Ni.
A07083,ARCATHIA,dropped_short,2,Arca.
A07083,MESSENGER,kept,61,Nuu. | Nu.
A07083,SOLDIER,kept,47,Sol.
A07083,[unresolved] Se.,unresolved_excluded,2,Se.
A07217,JULIA,kept,745,Iuli. | Iul. | Iulia. | Iu • ia. | Iulia
A07217,AMADA,kept,991,Ama. | Amad. | A. | Am.
A07217,FERRARA,kept,1027,Ferr. | Fer • | Fer. | Ferr: | Ferra. | F • rr.
A07217,VENICE,kept,1382,Ven. | V • n. | Ven: | Ten.
A07217,BORGIAS,kept,3452,"Borg. | Bor. | B • r. | Bor • . | Burg. | Borg,"
A07217,EUNUCHUS,kept,1696,Eunu. | Eun. | Eu • . | E • n. | • unu. | Eunc. | Eun | Ennu. | Eunu
A07217,BORDELLO,kept,1424,"Bord. | Bord,"
A07217,PANTOFLE,kept,96,Pan. | Pant.
A07217,FRIAR,kept,71,Fry.
A07217,MULEASSES,kept,3245,Mull. | Mul. | Mulle. | Mul: | Mu • l. | Mul | Mull
A07217,TIMOCLEA,kept,2314,Timo. | Tim. | Tym. | Time. | Timo | T • mo.
A07217,FULSOME,kept,403,Ful. | Fulsom. | Ful | Fuls.
A07217,PHEGO,kept,205,Phego. | Phe.
A07217,PRUSIAS,kept,39,Prus. | Pru.
A07217,PHILENZO,kept,83,Philen. | Phil.
A07217,LORD,kept,241,"Lord. | Lord,"
A07234,PISANDER,kept,3761,"Pisander. | Pisan. | Pisandra. | Pisander,"
A07234,LEOSTHENES,kept,2717,Leost. | Leosthenes. | Leos.
A07234,TIMAGORAS,kept,1573,Timag. | Timagoras. | Tima. | Timago. | Timagorus. | Timagor.
A07234,CLEORA,kept,2463,Cleora. | Cleo. | Cleor.
A07234,TIMOLEON,kept,2028,Timoleon. | Timol. | Timo.
A07234,ARCHIDAMUS,kept,1285,Archid. | Archidamus. | Archida. | Arch.
A07234,CLEON,kept,338,Cleon.
A07234,CORISCA,kept,1184,Corisc. | Corisca. | Cori.
A07234,GRACCULO,kept,954,Gracculo. | Gracc. | Grac.
A07234,DIPHILUS,kept,257,Diphil. | Diphilus. | Diph. | Diphi. | Diphilon.
A07234,OLYMPIA,kept,260,Olimpia. | Olimp. | Olympia.
A07234,ZANTHIA,kept,384,Zanthia. | Zant.
A07234,ASOTUS,kept,809,Asot. | Asotus. | Aso. | Asotas.
A07234,CIMBRIO,kept,235,Cymbrio. | Cimbrio. | Cimb. | Cimbrio
A07234,POLYPHRON,kept,379,Poliphron. | Poliph.
A07234,TIMANDRA,kept,1519,"Timandra. | Timand. | Timandra, | Timan."
A07234,JAILER,dropped_short,4,Iaylor.
A07234,__crowd__,dropped_short,20,Archid. Dip. Cleon. | Timag. Leost. Aso. | All.
A07237,SFORZA,kept,5044,Sf. | Forza. | Sfo. | Forza | Sfor. | Sf
A07237,FRANCISCO,kept,4965,Franc. | Fra. | Fran. | Fr. | Frans.
A07237,MARCELIA,kept,2452,Marc. | Marce.
A07237,GRACCHO,kept,1672,Grac. | Gra. | Gra | Gracc. | Gr.
A07237,TIBERIO,kept,1115,Tib. | Tibe. | Tiber.
A07237,STEPHANO,kept,638,Steph. | Step. | Ste.
A07237,ISABELLA,kept,281,Isab. | Isa.
A07237,MARIANA,kept,783,Mari. | Mar. | Ma.
A07237,JOVIO,dropped_short,33,Io.
A07237,GENTLEMEN,kept,249,2. Gentlem. | 1. Gentlem. | 1. Gent. | 1. Ge. | 2. Gent. | 3. Gen. | 3. Gentlem. | 3. Gent.
A07237,PESCARA,kept,965,Pesc. | Pes. | Pesca.
A07237,POST,dropped_short,34,Post.
A07237,FIDDLERS,dropped_short,36,Fidl | Fidl.
A07237,MEDINA,kept,269,Med.
A07237,HERNANDO,kept,524,Her. | Hern.
A07237,ALFONSO,kept,74,Alph.
A07237,CHARLES,kept,405,Charl.
A07237,OFFICER,kept,436,Off. | Offic.
A07237,SERVANT,kept,113,Ser. | Seru.
A07237,GENTLEWOMAN,kept,91,Gentlew.
A07237,EUGENIA,kept,445,Eug. | Euge. | Eugen. | Eng.
A07237,DOCTORS,kept,120,I. Doct | 2. Doct. | I. Doct. | 1. Doct.
A07237,__crowd__,dropped_short,4,All. | Isab. and Mari.
A07238,THEODOSIUS,kept,5759,Theod. | Emper. | Theodosius. | The. | Th • od. | Emp. | Theodos. | Theo. | Theod •
A07238,PULCHERIA,kept,3159,"Pulch. | Pul. | Pulcheria. | Pulcher. | Fulcher. | Iul. | Pulcheri • . | Pulch • r. | Pulcheria,"
A07238,ATHENAIS,kept,2715,Ath. | Athen. | Athenais. | Athenai • . | Ath: | Ath •• ais.
A07238,PAULINUS,kept,2618,Paul. | Paulinus. | Paulin. | Paulinu • . | Paulinuss.
A07238,CLEON,kept,388,Cleon. | Cleon •
A07238,PHILANAX,kept,1029,Phil. | Philanax. | Philan. | Phyl. | Phila. | Philar. | Philam.
A07238,TIMANTUS,kept,372,"Timantus. | Timant. | Tim: | Tim. | Timan. | Tim • | Timantus: | Timan • us. | Timant,"
A07238,CHRYSAPIUS,kept,1109,"Chrys. | Chrysapius. | Chry. | Chrys, | Chrysap. | Chrysapiu • ."
A07238,GRATIANUS,kept,374,"Grat. | Gratianus. | Gratian. | Gratian, | Gratianus: | Gratianu • . | Gr • t. | Gratianus •"
A07238,FLACILLA,kept,312,Flaccilla. | 1 Sister. | Flac. | Fla. | Flacc.
A07238,ARCADIA,kept,335,Arcadia. | 2 Sister. | Arc. | Arcad. | Ar.
A07238,INFORMER,kept,388,Informer. | Inf. | Inform.
A07238,PROJECTOR,kept,136,Proiect. | Proiector.
A07238,MINION,kept,53,Mign. | Mignion. | Suburbs Minion.
A07238,MASTER,kept,437,Mast. | Master. | Master of the habit. | Master
A07238,SERVANT,kept,145,Seru. | Seruant. | Ser. | Mar.
A07238,COUNTRYMAN,kept,200,Count. | Countrym.
A07238,CHIRURGEON,kept,150,Chir. | Chirurg.
A07238,__crowd__,kept,67,"Theod. Philanax,"
A07238,[unresolved] Fau • r.,unresolved_excluded,13,Fau • r.
A07239,COSIMO,kept,4391,Cozimo. | Coz. | Coz | Cozi. | Cozim.
A07239,GIOVANNI,kept,2105,"Giovanni. | Giovan. | Giovanni,"
A07239,SANNAZARO,kept,3064,Sanazarro. | Sanazar. | Sanaz. | Sanazarro | San. | Sanaza. | Sanazaro. | Sinazar.
A07239,CAROLO,kept,2397,Carolo. | Carol. | Corolo.
A07239,LIDIA,kept,1528,Lidia.
A07239,FIORINDA,kept,1707,Fiorinda. | Fiorin. | Fior.
A07239,CONTARINO,kept,776,Contarino. | Conta. | Contari. | Con.
A07239,CALANDRINO,kept,1194,Caland. | Calandrino. | Calandr. | Calan. | Calandri.
A07239,ALPHONSO,kept,97,Alphonso. | Alph.
A07239,HIPPOLITO,kept,86,Hippolito. | Lodovi. | Lodovico.
A07239,HIERONIMO,kept,113,Hieronimo. | Hieroni. | Hier.
A07239,CALAMINTA,kept,198,Calaminta. | Calam.
A07239,GENTLEMAN,dropped_short,7,Gentleman.
A07239,BERNARDO,kept,89,Bernar. | Bernardo.
A07239,CAPONI,kept,222,Caponi.
A07239,PETRUCCIO,kept,225,Petruchio. | Petru. | Petro. | Petruchia. | Petruch.
A07239,SERVANT,dropped_short,16,Servant.
A07239,PETRONELLA,kept,141,Petronella. | Petronel.
A07239,__crowd__,dropped_short,10,"All. | Al., Ludo. and Hie."
A07240,CAMIOLA,kept,4791,"Cam. | Cami. | Camiol. | Cami | Cam | Ca •• | Cami, | CAmiola. | Cami • | Camio. | Camil. | Cam •"
A07240,BERTOLDO,kept,3046,Ber. | Bertol. | Bert • l. | B • rtoldo. | B • r. | Bertoldo. | Rertol. | Bert. | B • rtol. | Ber •
A07240,SYLLI,kept,1631,Syl. | Sylli. | Syll. | Sy ••• . | Syl • | Sylli: | Syl • i.
A07240,ADORNI,kept,1554,Ador. | Adorn. | A • orn. | Adorni. | Ador | ADORNI.
A07240,ROBERTO,kept,1194,Roberto. | Rob. | Robert. | Rober. | Rob • rt. | Rob • rto. | Ro • . | Ro.
A07240,GONZAGA,kept,1830,Gonz. | Gon. | Go • z. | Gonza. | Gonzaga. | Gouz. | Gonz • | Gonzag. | Gonzága.
A07240,AURELIA,kept,1224,Aurel. | Aur. | Aurelia. | Aureli. | A • rel. | Au • el. | Aurel • | Aure.
A07240,ASTUTIO,kept,784,Astut. | Astu. | Ast • ti • . | Ast • t. | As • ut. | Astnt. | Astut • | Astutio. | Ast •• . | Astut • o.
A07240,FULGENTIO,kept,832,Fulgen. | Fulg. | Ful. | Aulgen. | Fulgentio. | F • lgen. | Fulg • n. | F • lg • nt.
A07240,ANTHONIO,kept,441,Antho. | A • tho. | Ant.
A07240,GASPARO,kept,289,Gasp. | • asp. | Gaspa.
A07240,AMBASSADOR,kept,329,Embas.
A07240,CLARINDA,kept,185,Clar. | Clarind. | Clar | Clarin. | C • ar. | Cla.
A07240,PAGE,kept,184,Pag. | Page.
A07240,PIERIO,kept,111,Pier. | Pierio.
A07240,RODERIGO,kept,333,Rod. | Roder. | Roderig. | • oder.
A07240,JACOMO,kept,235,Iacom. | Facom.
A07240,SCOUT,dropped_short,30,Scout.
A07240,FERDINAND,kept,282,Ferd. | Far. | F • rd. | Ferdi.
A07240,DRUSO,dropped_short,20,Druso.
A07240,LIVIO,dropped_short,20,Liv.
A07240,SOLDIER,kept,106,Soul.
A07240,GENTLEMAN,dropped_short,20,Gen.
A07240,SERVANTS,kept,122,1. Serv. | 3. Serv. | 2. Serv. | Serv. | 3.
A07240,PAULO,kept,158,Pau. | Paulo.
A07240,__crowd__,dropped_short,10,Both. | All.
A07241,OVERREACH,kept,5301,Ouer. | Verreach. | Ouerreach. | OVerreach. | Ouerreach
A07241,WELBORNE,kept,2720,"Welb. | Welborne. | VVelb. | Wellborne. | Welbo. | WElborne. | VVelb, | Walb. | Velb."
A07241,MARRALL,kept,2128,Mar. | Marrall.
A07241,LOVELL,kept,1672,"Lou. | LOuell. | Lon. | Eou. | Lou,"
A07241,ALWORTH,kept,1578,Alw. | Alworth. | Aiw. | Allworth. | ALworth. | Alworth
A07241,LADY ALWORTH,kept,1861,Lady. | Lad. | LAdy. | Lady
A07241,GREEDY,kept,1076,Greed. | Greedie. | Greedy. | GReedie.
A07241,MARGARET,kept,833,"Marg. | Marg,"
A07241,TAPWELL,kept,740,Tapwell. | Tap. | Tapw. | Apwell.
A07241,FROTH,kept,160,Froth.
A07241,ORDER,kept,296,Order. | Ord. | ORder.
A07241,AMBLE,kept,232,Amb. | Amble.
A07241,FURNACE,kept,827,Furn. | Furnace.
A07241,WATCHALL,kept,50,Watch. | Watchall. | VVatch.
A07241,WOMAN,kept,108,Wom. | VVom. | WOman.
A07241,CHAMBERMAID,kept,73,Chamb. | Chamberm.
A07241,CREDITORS,kept,95,2. Cred. | 1. Creditor. | 1. Cred. | 3. Gred.
A07241,WILL-DO,kept,82,Well-doe. | Will-doe.
A07241,__crowd__,dropped_short,2,Tap. Froth.
A07246,VITELLI,kept,3446,"Vitel. | Vitelli. | Vitelli, | Vite. | Vitell. | Vitel | Vi. | Vi • | Vit."
A07246,GAZET,kept,1666,"Gaz. | Gazet. | China | Ga • . | Gaz • | G • az. | Gaz,"
A07246,FRANCISCO,kept,1624,Fran. | Francisco. | Franc.
A07246,DONUSA,kept,3123,"Donu. | Donusa. | Donusa, | Do."
A07246,MANTO,kept,738,"Manto. | Mant. | Mant •• | Manto,"
A07246,CARAZIE,kept,745,"Car. | Cara. | Car, | Carazie."
A07246,MUSTAPHA,kept,1353,"Must. | Musta. | Mus. | Musta | Musta, | Mustapha. | Maust."
A07246,GRIMALDI,kept,1874,Gri. | Grima. | Grimal. | Grim. | G • i.
A07246,MASTER,kept,431,Mast. | Maist. | Master.
A07246,BOATSWAIN,kept,138,Botes. | Botesw. | B • sw. | Boteswaine. | Bot.
A07246,TURKS,kept,50,1 Turke. | 2 Turke. | 1 T.
A07246,AGA,kept,411,Aga.
A07246,CAPIAGA,kept,71,"Capiaga. | Capi. | Cap. | Cap,"
A07246,ASAMBEG,kept,2363,Asam. | Asam | Asa. | Asambeg.
A07246,PAULINA,kept,952,Paul. | Pau.
A07246,JAILER,dropped_short,24,"Iaylor, | Iay."
A07246,GUARD,dropped_short,3,1. Gard. | 2. Gard.
A07248,MALEFORT,kept,6296,Mal. | Mal. sen. | Malef. | Male. | Malf. | Ma. | Mal • . | Mal •
A07248,MONTREVILLE,kept,2304,Montr. | Mont. | Mon. | MONTREVILE. | Montre. | M •• tr. | Montte.
A07248,BEAUFORT SENIOR,kept,1480,Beauf. sen. | Beauf sen. | BEAVFORT SENIOR. | Bea • f. sen. | Beauf. sen
A07248,BEAUFORT JUNIOR,kept,1538,Beauf. jun. | Iu. Beauf. | Beauf. iun. | Beauf. | Beau. jun. | Bea • f. jun. | Beauf jun.
A07248,BELGARDE,kept,2204,Belg.
A07248,THEOCRINE,kept,1213,Theoc. | Theo. | Theocr. | The • .
A07248,USHER,kept,316,Vsh. | Ush. | Vsher.
A07248,PAGE,kept,460,"Page. | Page, | Pag."
A07248,WAITING-WOMEN,kept,155,2. Wom. | 1. Wom.
A07248,MONTAIGNE,dropped_short,4,Monta.
A07248,CHAMONT,kept,208,Cham. | Chamont. | C • am. | Ch • .
A07248,LANOUR,kept,149,Lan.
A07248,SEA-CAPTAINS,kept,565,1. Cap. | Capt. | Cap. | 2. Cap. | 3. Cap. | 2. CAPTAINE.
A07248,MALEFORT JUNIOR,kept,600,Mal. jun.
A07248,SERVANT,kept,671,Serv.
A07248,WENCHES,kept,220,1. Wen. | 2. Wen. | 1. Wench. | 2. VVen. | Wenches. | 2. Wench.
A07248,BAWD,kept,49,Bawd.
A07248,SOLDIERS,kept,105,1 Sould. | 1. Sold. | 2 Sould. | 2. Sold. | Another Sold. | 2 So • ld. | Sold. | 2 Soul.
A07248,__crowd__,dropped_short,3,"Mal. Montrevile,"
A07248,[unresolved] 〈◊〉 .,unresolved_excluded,7,〈◊〉 .
A07249,THEOPHILUS,kept,4371,Theo. | The. | Theoph. | Theop. | Theophilus. | The
A07249,HARPAX,kept,1984,Har. | Harp. | Harpax. | Harp
A07249,DOROTHEA,kept,2384,"Dor. | Doro. | Dorothea. | Dor,"
A07249,ANTONINUS,kept,1921,Anton. | Ant. | An. | Aut.
A07249,SPUNGIUS,kept,1845,Spun. | Spung. | Spnn. | Sp. | Spu. | Spun
A07249,HIRCIUS,kept,1643,Hir. | Hirc. | Her. | Hir
A07249,ANGELO,kept,1091,Ang. | Ange. | Ano. | Aug.
A07249,SAPRITIUS,kept,1550,Sap. | Sapr. | Sapritius. | Sap | Sa.
A07249,DIOCLETIAN,kept,1190,Diocle. | Dio. | Diocl. | Dtoc. | Diocles. | Die. | Diocle | Dioc.
A07249,ARTEMIA,kept,1065,Artem. | Art. | Arte. | Ar.
A07249,MACRINUS,kept,829,Mac. | Macr. | Ma | Macrinus. | Macri.
A07249,CALISTE,kept,373,Cal. | Caliste. | Calaste.
A07249,CHRISTETA,kept,124,Chri. | Christeta. | Chris. | Criste. | Christ. | Chi.
A07249,SEMPRONIUS,kept,63,Semp. | Sempr.
A07249,PRIEST,kept,67,Priest. | Priest
A07249,EPIRUS,kept,118,Epire. | Ep.
A07249,PONTUS,kept,52,Pon. | Pontus.
A07249,MACEDON,kept,147,Macedon. | Mace.
A07249,DOCTOR,kept,78,Doct.
A07249,SLAVE,kept,173,Sla. | Slaue.
A07249,GETA,kept,39,1.
A07249,JULIANUS,dropped_short,1,2.
A07249,MAXIMINUS,kept,109,Max. | Maximums. | Maximinus.
A07249,__crowd__,dropped_short,24,Both. | Both
A07251,CHAROLAIS,kept,5289,Cha. | Char. | Chara. | C • a. | Char | C • ara. | Ca. | Ch • r.
A07251,ROMONT,kept,4279,"Rom. | Rom, | R • m."
A07251,CHARMI,kept,691,Charmi. | Charm. | Charm • . | Charmi • | Carmi.
A07251,ROCHFORT,kept,2515,Roch. | R • ch. | Roch | Ro • h.
A07251,DU CROY,kept,294,Du Croy. | Du Croye. | Du Cr. | Du. Croye. | Du. Croy. | 〈◊〉 [Du Croy]
A07251,NOVALL SENIOR,kept,460,Nou. Se. | Nou • se. | Nou. se. | No • Se. | Nou. se | Nouall se. | Nou. S • . | Nouall. | 〈◊〉 [Novall Senior]
A07251,NOVALL JUNIOR,kept,1273,Nou. | N • u. | Nou. In.
A07251,LILADAM,kept,916,Lila. | Lilad. | Lil. | Lila • | L • la.
A07251,ADVOCATE,dropped_short,36,2 A • uo.
A07251,CREDITORS,kept,434,"1 Cred. | 2 Cred. | 3 Cred. | 1 Cred • | 3 Cred,"
A07251,PRESIDENTS,dropped_short,25,3. Pre. | 2. Pre.
A07251,BEAUMONT,kept,540,Bau. | Ba • .
A07251,PONTALIER,kept,1237,Pont. | Pon • .
A07251,MALOTIN,kept,78,Malo. | Mal.
A07251,PRIEST,dropped_short,1,Priest.
A07251,JAILER,dropped_short,14,Saylor.
A07251,BEAUMELLE,kept,1399,Beau. | Baum. | B • au. | Bean. | Be •• .
A07251,FLORIMEL,kept,143,Flor. | Flo. | Fl • r.
A07251,BELLAPERT,kept,1061,Bell. | Bella. | B • ll. | Bel.
A07251,AYMER,kept,476,"Aym. | M •• n •• eur Aymour, | Aym"
A07251,PAGE,kept,238,Page.
A07251,TAILOR,kept,114,Tayl.
A07251,BARBER,dropped_short,3,Barb.
A07251,PERFUMER,dropped_short,8,Perf.
A07251,OFFICERS,dropped_short,13,Offi.
A07251,__crowd__,dropped_short,8,Lilad. Aym.
A07326,POLYMETES,kept,1909,Pol. | Po • . | Poli. | Po. | Poly. | 〈◊〉 [Polymetes]
A07326,ROSCIO,kept,684,Roſ. | Ro. | Roſc. | Roſ | Roſcio. | 〈◊〉 [Roscio]
A07326,VIRRO,kept,1024,"Vir. | Ʋ ir. | Vir, | Vi • | Virro | Ʋ erro. | Vir | V • r. | Vi."
A07326,PHILOCLES,kept,1799,Phi. | Phil. | Pli.
A07326,CLERIMONT,kept,1113,Cler. | Cle. | 〈◊〉 [Clerimont]
A07326,FRANKLIN,kept,1083,"Frank. | Frank, | F • ank. | Frank | Frank: | 〈◊〉 [Franklin]"
A07326,FRANCISCO,kept,1203,"Fran. | Franc. | Fr. | Franciſco. | Fran • , | Fran | 〈◊〉 [Francisco]"
A07326,LUCE,kept,274,Luc. | Luce. | Lu. | 〈◊〉 [Luce]
A07326,SHALLOW,kept,568,Sha. | Shal. | S •• l. | 〈◊〉 [Shallow]
A07326,LEUCOTHOE,kept,1613,Leu. | 〈◊〉 [Leucothoe]
A07326,PSECAS,kept,238,Pſe. | Pſecas.
A07326,EUGENIO,kept,1385,Eu. | Eug. | Euge. | 〈◊〉 [Eugenio]
A07326,SUMNER,kept,147,Sum.
A07326,PARSON,dropped_short,21,Par.
A07326,ALPHONSO,kept,307,Al.
A07326,KING,kept,1451,King. | Kin.
A07326,EUPHUES,kept,522,Euph. | Eup.
A07326,NICANOR,kept,141,Nic. | Nic | Ni. | Nica.
A07326,MATHO,kept,120,Ma. | Matho.
A07326,CONSTABLE,kept,539,"Con. | C • n. | Con, | 〈◊〉 [Constable] | 〈◊〉 . [Constable]"
A07326,WATCHMEN,kept,117,2. Watch. | 2. Wa. | 2. Wat. | 1. Wa. | Watch. | • . Watch. | • . Wat. | 1. Wat. | 3. Wat. | 3. Wa. | 4. Wat | 4. Wat.
A07326,JUDGES,kept,238,1. Iu. | 2. Iu. | • . Iu. | 3. Iu. | 1. Iu | 〈◊〉 [1. Justice]
A07326,SERVANT,dropped_short,36,Ser. | S • r.
A07326,__crowd__,dropped_short,10,Ambo. | Amb. | All.
A07329,ANTIGONE,kept,1509,Anti. | Ant. | Antigo.
A07329,HAEMON,kept,1890,Aem. | Aemon. | Aeem. | AEm.
A07329,OEDIPUS,kept,306,Oed. | Oedipus.
A07329,DIRCUS,kept,661,Dir. | Dir:
A07329,IANTHUS,kept,546,Ian.
A07329,MESSENGER,kept,615,Nun. | Nun:
A07329,CHORUS,kept,2473,Cho. | 3. | 1. | 2. | 3 | 1 | 2 | 1: | Chor. | Cor.
A07329,ORNYTUS,kept,280,Orn. | Or.
A07329,ARGIA,kept,959,Arg. | Argi. | Ar.
A07329,DEIPHILE,kept,240,Deiph. | Deip. | Dei.
A07329,MENOETES,kept,154,Men. | Menae.
A07329,CREON,kept,1225,"Cre. | Creon. | Creo. | Creon,"
A07329,EURYDICE,kept,304,Eur. | Eury.
A07329,AEPYTUS,kept,127,Aeph. | Aephy.
A07329,TIRESIAS,kept,42,Tir.
A07329,THESEUS,kept,222,The.
A07330,TITIUS,kept,489,TITIUS. | TI.
A07330,PLANCUS,kept,782,PL. | PLA. | PHA.
A07330,CANIDIUS,kept,1126,CA. | CAN.
A07330,MARDIO,kept,214,MAR.
A07330,EUPHRONIUS,kept,228,EU. | EUP.
A07330,GLAUCUS,kept,487,GLA. | CLA.
A07330,CHARMIO,kept,59,CHA. | CHAR. | CHA • .
A07330,CLEOPATRA,kept,3029,"CLE. | CLE,"
A07330,ANTONIUS,kept,2782,AN. | ANT.
A07330,ACHOREUS,kept,428,ACH. | ACHOREUS. | ACHO. | ACO.
A07330,HIPPARCHUS,dropped_short,6,HIP.
A07330,LUCILIUS,kept,259,LU.
A07330,SOSSIUS,kept,241,SOS. | SOSS. | SO.
A07330,DOMITIUS,kept,81,DOM.
A07330,SELEUCUS,kept,394,SE.
A07330,PINARIUS,kept,284,PIN. | PI.
A07330,SOLDIERS,dropped_short,4,SOL.
A07330,GALLUS,kept,677,GAL.
A07330,CAESAR,kept,1651,Cae. | Caes.
A07330,AGRIPPA,kept,380,AGR. | AGRI. | AG.
A07330,SERVANT,dropped_short,7,SER.
A07330,EPAPHRODITUS,kept,224,EPA. | EPAP. | EP.
A07330,ARISTOCRATES,kept,483,ARI.
A07330,THYREUS,kept,432,THY.
A07330,1 PRISONER,dropped_short,19,1 PRI.
A07330,2 PRISONER,dropped_short,12,2 PRI.
A07330,ARIUS,dropped_short,10,AR.
A07330,FERGUSIUS,dropped_short,19,FER.
A07330,EIRA,dropped_short,26,EIRA. | EI.
A07330,EROS,kept,45,ERO. | ER.
A07330,CITIZENS,dropped_short,18,CI. | CIT.
A07330,PSYLL,dropped_short,5,PSY.
A07330,__crowd__,dropped_short,22,OMN. | BOTH. | PRI.
A07367,WAREHOUSE,kept,2898,Ware-h. | Wareh. | Ware. | Warch. | War. | VVar. | war. | Wa.
A07367,SEATHRIFT,kept,1006,Seath. | Sea-th. | Seat. | Sea. | Se. | Seath
A07367,CYPHER,kept,511,Cyph. | Cy. | Cyp.
A07367,PLOTWELL,kept,3790,Plotw. | Plotw: | (Plotw. | Pl. | Plot. | Plotw
A07367,BRIGHT,kept,1152,Br.
A07367,NEWCUT,kept,1121,Newc. | New. | New
A07367,TIMOTHY,kept,1689,Tim. | Tim | T.
A07367,DORCAS,kept,1159,Dor. | Dor | Dorc.
A07367,AURELIA,kept,1963,Aur. | Aur | Pen.
A07367,BANNSWRIGHT,kept,1011,Banesw. | Banes. | Banes | Ban. | Bans.
A07367,FOOTMAN,kept,85,Foot. | 1 Foot.
A07367,2 FOOTMAN,kept,58,2 Foo. | 2 Foot.
A07367,QUARTFIELD,kept,883,Quartf. | Quart. | Quart | Qua. | Q. | Qu.
A07367,ROSECLAP,kept,446,Ros. | Rosc.
A07367,MILLICENT,kept,58,Mill. | Mil.
A07367,SALEWIT,kept,833,Salew. | Sale. | Sal. | Salw.
A07367,MISTRESS SEATHRIFT,kept,272,"M rs . Seath. | Ms Seath. | Ms Seath, | M s Seath. | Ms Sea. | M s Sea."
A07367,HOLLAND,kept,313,Ms Holl. | M s Holl. | Mr Holl.
A07367,SCRUPLE,kept,222,M s Scru. | Ms Scru. | Ms Scrup.
A07367,__crowd__,dropped_short,10,All. | Ban. Quart.
A07395.1,NATURE,kept,1320,¶ Nature. | nature. | natur.
A07395.1,MAN,kept,1671,Man. | ¶ Man. | ¶ Homo. | homo. | ¶ Ma ̄ . | ¶ Ma.
A07395.1,SENSUALITY,kept,2604,"sensua lyte, | sensua | ¶ Sensualy. | sensua. | ¶ Sensua. | ¶ S •… ."
A07395.1,REASON,kept,1224,¶ Reason. | Rea. | ¶ Rea. | ¶ Re.
A07395.1,INNOCENCY,kept,242,Inno.
A07395.1,THE WORLD,kept,1707,¶ The worlde. | ¶ Mundus. | Mun. | y e wor. | loqui ad ho.
A07395.1,WORLDLY AFFECTION,kept,548,w. aff. | ¶ Worldly aff.
A07395.1,PRIDE,kept,1978,Pryde | ¶ Pryde. | pry. co.
A07395.1,GARCIUS,dropped_short,21,garciꝰ.
A07395.1,SHAMEFASTNESS,kept,87,¶ Shamfastnes. | sham.
A07395.2,MAN,kept,1766,Man. | ¶ Man. | ¶ Ma ̄ . | 〈◊〉 .
A07395.2,REASON,kept,703,Rea.
A07395.2,SENSUALITY,kept,1394,sensua | ¶ Se ̄ . | ¶ Sensua.
A07395.2,BODILY LUST,kept,809,bodyly | bodyly.
A07395.2,WORLDLY AFFECTION,kept,325,w. aff.
A07395.2,PRIDE,kept,856,Pryde | ¶ Pryde. | •… de
A07395.2,SLOTH,kept,386,¶ Slouth. | slouth. | •… h.
A07395.2,GLUTTONY,kept,674,¶ Glotony. | gloto. | gsoto.
A07395.2,WRATH,kept,159,¶ Wrath. | wrath.
A07395.2,ENVY,kept,1156,enuy.
A07395.2,THE WORLD,kept,271,y e wor.
A07492,HIPPOLITO,kept,1669,Hipol | Hip.
A07492,VIOLETTA,kept,1588,Viol. | Uiol. | Vio.
A07492,CAMILLO,kept,1543,Cam. | Camil. | Cam
A07492,VIRGILIO,kept,52,Virg. | Uir. | Vir.
A07492,1 LADY,kept,81,1 Lady. | 1 La. | 1 Lad.
A07492,2 LADY,kept,112,2 Lady. | 2 Lad. | 2 La.
A07492,3 LADY,dropped_short,32,3 Lady.
A07492,4 LADY,dropped_short,31,4 Lady. | 4 La.
A07492,5 LADY,dropped_short,9,5 Lady.
A07492,FONTINELLE,kept,1114,Font. | Fon.
A07492,LAZARILLO,kept,2771,Laz. | La.
A07492,PILCHER,kept,237,Pil. | Pilc. | Pilch.
A07492,DANDIPRAT,kept,213,Dan. | Dan | Da
A07492,DOIT,kept,241,Doit. | Doy. | Doyt.
A07492,BLURT,kept,1480,Blu. | Blur. | Blurt.
A07492,SLUBBER,kept,55,Slub. | Slu.
A07492,TRUEPENNY,kept,459,True. | Tru.
A07492,IMPERIA,kept,2365,Imp. | Im.
A07492,TRIVIA,dropped_short,29,Triu. | Trm.
A07492,SIMPERINA,kept,363,Sim. | Simp. | Sim | Sym. | Simp
A07492,FRISCO,kept,799,Fris. | Fry. | Frisco.
A07492,CURVETTO,kept,1135,Curu. | Cur. | Cu
A07492,FRIAR,dropped_short,5,Frier.
A07492,WOODCOCK,dropped_short,8,VVood. | VVod.
A07492,DUKE,kept,404,Duk.
A07492,WATCH,dropped_short,1,Watc.
A07492,__crowd__,kept,74,Omnes. | Omn. | Both. | Triu. & Sim. | Witbin.
A07493,MAUDLINE,kept,1320,Maudline. | Maudl. | Maudl | Maud.
A07493,MOLL,kept,253,Moll.
A07493,YELLOWHAMMER,kept,1634,Yell.
A07493,SIMS,kept,138,Port.
A07493,GENTLEMAN,dropped_short,8,Gent.
A07493,SIR WALTER,kept,1413,S. Walt. | Walt.
A07493,WELSH GENTLEWOMAN,kept,135,W. Gent. | W.G.
A07493,DAVY,kept,265,Dau. | Dauy
A07493,TOUCHWOOD JUNIOR,kept,867,T.I.
A07493,TOUCHWOOD SENIOR,kept,2080,T.S.
A07493,ALLWIT,kept,2980,All. | All | Allw.
A07493,1 SERVANT,kept,91,1 Seru. | 1 Ser. | 1
A07493,2 SERVANT,dropped_short,36,2
A07493,WAT,dropped_short,2,1 Boy.
A07493,NICK,dropped_short,8,2 Boy. | Nicke
A07493,MISTRESS ALLWIT,kept,305,Wiſe. | Wife. | Wife
A07493,WENCH,kept,276,Wench.
A07493,LADY KIX,kept,484,Lady. | Lady
A07493,SIR OLIVER KIX,kept,792,S. Ol. | S. Ol
A07493,JUG,kept,121,Mayd. | Mayd
A07493,WET NURSE,kept,59,Nurſe
A07493,1 PROMOTER,kept,373,1 Prom.
A07493,2 PROMOTER,kept,278,2 Prom.
A07493,MAN,kept,71,Man
A07493,OLIVER,dropped_short,14,Man.
A07493,SERVANT,kept,168,Seru.
A07493,UNDERMAN,kept,214,1 Pur. | Pur.
A07493,PURITAN WOMAN,kept,45,2 Pur.
A07493,1 GOSSIP,kept,46,1 Goſſ.
A07493,2 GOSSIP,kept,116,2 Goſſ.
A07493,3 GOSSIP,kept,218,3 Goſſ.
A07493,4 GOSSIP,kept,51,4 Goſſ.
A07493,5 GOSSIP,dropped_short,4,5 Goſſ.
A07493,PARSON,kept,120,Par. | Parſ.
A07493,TIM,kept,1422,Tim. | Tim
A07493,TUTOR,kept,175,Tut.
A07493,SUSAN,dropped_short,3,Suſ.
A07493,WATERMAN,dropped_short,25,Wat.
A07493,__crowd__,dropped_short,12,All Goſſ.
A07494,LONDON,kept,437,London | London.
A07494,HOPE,kept,108,Hope.
A07495,GLISTER,kept,2180,"Gliſter. | Gliſt. | Do. Gliſt. | Doctor Gliſt. | Doct. | Doct. Gliſt. | Doct, Gliſt. | Doct. Gli. | Do. Gli. | Do. Glist. | Do. Gl. | D. Gli. | Doc. | Doctor. | Doctor : | Do."
A07495,MISTRESS GLISTER,kept,1535,Miſt. Gliſt. | Mi. Gli. | Miſt. Gli. | Mi. Gliſt. | Mi Gli. | Mi. Gl. | Mi ▪ Gli ▪
A07495,MARIA,kept,1608,Ma. | Ma ▪ | Ma : | Ma | Maria. | Mar.
A07495,LIPSALVE,kept,2803,Lyp. | Lip. | Lipſ. | Lipſalue. | Lypſal. | Lypſalue. | Lipſa.
A07495,GUDGEON,kept,1402,Gug. | Gugg. | Guggin. | Gud. | Gudgin. | Gudg. | Gud
A07495,GERARDINE,kept,3380,"Gera. | Gerar. | Ger. | Ger | Ger, | Gerard. | Gerardine. | Ge."
A07495,CLUB,kept,1136,Club. | Cl.
A07495,MISTRESS PURGE,kept,1297,"Miſt. Purge. | Miſt. Pur. | Mi. Pur. | Miſtriſſe Pur. | Mi. Pur, | Mi. Pu. | Miſ. Pu. | Mi. P. | Mi. Purge. | Miſtr. Purge."
A07495,PURGE,kept,1499,Maſt. Pur. | Ma. Purge. | Maſt. Purge ▪ | Ma. Pur. | M. Pu. | Pur. | Purge. | Pu. | Purg. | M. Pur. | Purg | Ma. Pu.
A07495,DRYFAT,kept,2005,"Dry. | Dry ▪ | Dri. | Dryfa. | Dri, | Dryfat."
A07495,SHRIMP,kept,366,Shrim. | Shr. | Shrimp.
A07495,PERIWINKLE,kept,86,Peri. | Per.
A07495,VIAL,kept,59,Nun.
A07495,SERVANT,dropped_short,3,Man.
A07495,FAMILIST,dropped_short,22,Within. | Anſwer within. | — Within
A07495,__crowd__,dropped_short,29,Ambo.
A07495,[unresolved] Sa.,unresolved_excluded,21,Sa.
A07498,IGNATIUS,kept,446,Ignatius. | Igna.
A07498,ERROR,kept,194,"Error, | Error. | Er. | Err."
A07498,BLACK QUEEN'S PAWN,kept,1902,"Blacke Queenes pawne. | Blacke Q. P. | B. Q. p. | Blacke Q. p. | B. Q. p, | B. Q p."
A07498,WHITE QUEEN'S PAWN,kept,2232,White Q. pawne. | White Queenes Pawne. | White Q. P. | White Q. p. | W. Q. p. | VVhite Q. p. | White Q p | W. Q p. | W. Q p | VV. Q. p. | W. Q ▪ p. | W. Q. p ▪
A07498,BLACK BISHOP'S PAWN,kept,2541,"Blacke B. p. | Black B. p. | B. B. p. | B B. p. | B. B ▪ p. | B. B, p. | B. B. p | B B p. | B. B. p ▪ | B. B p | B. W. p. | B. • . p."
A07498,WHITE BISHOP'S PAWN,kept,133,W. B. p.
A07498,BLACK KNIGHT'S PAWN,kept,574,"B. Kt. p. | B, Kt. p. | B. Kt. p | B. Kt p. | B. Kt. P. | B. K. p. | B. K. p"
A07498,BLACK KNIGHT,kept,4505,B. Kt. | B Kt. | B. .Kt. | B. Kt
A07498,WHITE KING'S PAWN,kept,109,W. Ki. p. | W. K. p. | W. Kt. p.
A07498,BLACK BISHOP,kept,324,"B. B. | B. B,"
A07498,WHITE KING,kept,550,W. Ki. | W. Ki | W. K. | VV. K.
A07498,WHITE QUEEN,kept,184,W. Q. | VV. Q.
A07498,WHITE BISHOP,kept,87,W. B. | VV. B.
A07498,WHITE DUKE,kept,240,W. D. | VV. D. | WD.
A07498,WHITE KNIGHT,kept,934,W. Kt. | VV. Kt.
A07498,BLACK KING,kept,91,B. Ki. | (B. Ki.
A07498,BLACK QUEEN,kept,62,B. Q. | B. Q | B Q.
A07498,BLACK DUKE,kept,48,B. D.
A07498,FAT BISHOP,kept,1586,F. B. | Fat B. | F. Biſhop. | F. R.
A07498,FAT BISHOP'S PAWN,dropped_short,15,F. B. p.
A07498,BLACK JESTING PAWN,kept,290,B. I. p. | Ieſt ▪ p ▪ | Iest. p. | B. p. | B. p
A07498,WHITE PAWN,kept,136,W. p. | W p.
A07498,SECOND BLACK PAWN,dropped_short,20,2. B. p.
A07502.6,LEVITY,kept,209,Leu.
A07502.6,SEVERITY,kept,110,Seu.
A07502.6,TEMPERANCE,kept,204,Temp. | Tem.
A07502.8,SPRING,kept,121,Spring | Spri. | Spr.
A07502.8,SUMMER,kept,44,Sum.
A07502.8,AUTUMN,kept,43,Autum. | Aut.
A07502.8,WINTER,kept,143,Win.
A07502.8,FLORA,kept,938,Flo.
A07502.8,HYACINTH,kept,100,Hy.
A07502.8,ADONIS,kept,45,Ad. | Ado.
A07502.8,__crowd__,dropped_short,32,All. | Both. | Beth.
A07503,FASTING DAY,kept,311,Faſt.
A07503,ALMANAC,kept,837,Doct.
A07503,PLUMPORRIDGE,kept,234,Plum.
A07503,NEW YEAR,kept,216,New-Y.
A07503,DOG DAY,dropped_short,1,Dogd.
A07503,HARMONY,kept,229,Har.
A07503,TIME,dropped_short,36,Time.
A07504,FOLLYWIT,kept,4490,Folly-w. | Folly-w | Folly w. | Folly. | Folly ▪ | Folli. | Follie. | Fol.
A07504,MAWWORM,kept,635,Lieft. | Leift. | Lief. | Left. | Left | Lift.
A07504,HAUTBOY,kept,107,Anti. | Ants. | Ant. | Antient. | Anc.
A07504,PENITENT BROTHEL,kept,1835,M. Pen. | M.Pen. | M. Peni. | M. Peni | M. Peui. | M. Pent. | M. Pen | Maſt. Pae. | Maſt Pae. | Maſt. Pa. | Maſt. Paen. | Maſt. Pae | Ma. Pae. | Maſt. Penit.
A07504,GULLMAN,kept,1723,"Curtiz. | Curtiz, | Curtiz | Curt. | Curti. | Cur. | Curte. | Cu. | Cour. | Cou."
A07504,MOTHER,kept,886,Moth. | Mother. | Mo. | Moth ▪ | Mot.
A07504,POSSIBILITY,kept,109,Poſſibi. | Poſſ. | Poſ.
A07504,INESSE,kept,149,Ineſſe. | Ineſſe | Ineſſ. | Ineſ. | Eſſe
A07504,HAREBRAIN,kept,1850,Hareb. | Harebraine. | Harebrain. | Harg. | Short. | Short. R. | Scort R. | Short ▪
A07504,2 WATCHMAN,dropped_short,6,Second.
A07504,MISTRESS HAREBRAIN,kept,511,Wife | Wife.
A07504,SIR BOUNTEOUS,kept,4446,Sir Boun. | Sir Bount. | Sir Boun | Sir. Boun. | S. Boun. | Sir Boun ▪ | Sir Bo. | Sir Bou. | Sir Boun: | S. Bo.
A07504,FOOTMAN,kept,192,Foot.
A07504,GUNWATER,kept,321,Gun. | Gum. | Gum
A07504,RAFE,kept,91,Rafe
A07504,JASPER,kept,87,Ieſper.
A07504,SUCCUBUS,kept,259,Succubus. | Suc. | Succu.
A07504,HAREBRAIN'S SERVANT,kept,54,Seruus.
A07504,BOUNTEOUS'S SERVANT,kept,53,Semus. | Seru.
A07504,GUESTS,dropped_short,8,Nub.
A07504,CONSTABLE,kept,141,Con. | Conſt ▪ | Conſt. | Constable. | Const. | Conſta ▪
A07504,__crowd__,dropped_short,15,Both. | All. | Within
A07504,"[unresolved] Firſt,",unresolved_excluded,16,"Firſt,"
A07504,[unresolved] Firſt.,unresolved_excluded,8,Firſt.
A07505,MICHAELMAS TERM,kept,350,Micha: | Mi:
A07505,BOY,dropped_short,40,Boye: | Boy:
A07505,SHORTYARD'S BOY,kept,243,Boy.
A07505,REARAGE,kept,788,Rer: | Rer. | Rerra: | Rerrage. | Rerag. | R •• ▪ | R • r. | Rerg.
A07505,SALEWOOD,kept,500,Salewood: | Sal. | Sal: | Sale: | Sale. | Salew. | Salt. | Gent.
A07505,COCKSTONE,kept,188,Cock:
A07505,EASY,kept,2169,Eaſye: | Eaſ: | Eaſ. | Eaſie. | Eaſi. | Ea. | Eas. | Eaſ • .
A07505,QUOMODO,kept,4549,Quo: | Quo. | Q • o. | Qno • . | Quom. | Quomo. | Qu. | Bead.
A07505,SHORTYARD,kept,3859,Sho: | Sho. | Sh. | Shor. | Short. | Shs. | Shortyard.
A07505,FALSELIGHT,kept,214,Falſ: | Falſl. | Falſ. | Fa • . | Falſt. | Falſ • . | Fal.
A07505,LETHE,kept,1424,Lathe: | Lethe: | Leth: | Leth. | Leh. | Let. | Leeh. | Lethe. | Le.
A07505,GRUEL,kept,620,Moth: | Mo: | Moth. | Gri. | Grui. | Gruil. | Guil. | Gru.
A07505,HELLGILL,kept,706,Hel. | Helg. | Helg: | Pand: | Pan: | Pand.
A07505,COUNTRY WENCH,kept,622,Count: | Curt. | Curtiz. | Cur.
A07505,COMINGS,kept,91,Com. | Coin.
A07505,DRAWER,dropped_short,12,Draw.
A07505,FATHER,kept,635,Father. | Fath. | Faith.
A07505,THOMASINE,kept,1215,Toma. | Tom. | Tomaz. | 〈◊〉 .
A07505,SUSAN,kept,107,Su. | Suſ.
A07505,DUSTBOX,kept,57,Duſt.
A07505,SIM,kept,171,Sim.
A07505,TAILOR,kept,44,Tayl. | Taylor. | Tay.
A07505,1 LIVERYMAN,dropped_short,10,1. Liue.
A07505,WINIFRED,dropped_short,27,Wini. | Win.
A07505,JUDGE,kept,330,Iud. | Iudg. | Iu • | Iudge.
A07505,1 OFFICER,dropped_short,2,1. Off.
A07505,__crowd__,dropped_short,9,All.
A07507,DUKE,kept,853,Duke. | Du. | Du | Duk. | Duk
A07507,INFESTO,dropped_short,26,Infeſt.
A07507,LUSSURIOSO,kept,73,Luſ. | Luſſ.
A07507,PRODITOR,kept,1022,"Prod. | Prod: | Prod : | Prod, | Pro. | Pro | 1 rod."
A07507,PHOENIX,kept,3748,"Phoe. | Phoen. | Phoe . | Phoe, | Phaen. | Phae. | Phoe : | Phoe: | Phoen | Phoe | Ph."
A07507,FIDELIO,kept,1318,Fid. | Fid | Fid: | Fid :
A07507,NIECE,kept,374,Neece. | Neec. | Neece : | Neece | Nee.
A07507,1 SUITOR,kept,365,1 | 1.
A07507,2 SUITOR,kept,78,2
A07507,SOLDIER,dropped_short,21,3
A07507,CAPTAIN,kept,1888,"Cap. | Captaine. | Cap: | Cap, | Cap : | Capi | Cap"
A07507,CASTIZA,kept,332,Lady. | Lad. | Ladi. | Ladie. | La: | Lady | La.
A07507,SERVANT,dropped_short,5,Seruus:
A07507,GROOM,kept,280,Groome. | Groo. | Gro. | Groom.
A07507,TANGLE,kept,2564,"Tang. | Tan. | Tangle. | Tang | Tang : | Tang: | Tang, | Ta: | Tan"
A07507,JEWELLER'S WIFE,kept,1110,I • w. | Iew. | Iewe. | Iewel. | Iewl. | Iew:
A07507,BOY,kept,46,Boy.
A07507,KNIGHT,kept,486,Knig. | Knight. | Kni. | Knigh. | Kn.
A07507,FALSO,kept,3166,Falſ. | Fal. | Falſ
A07507,LATRONELLO,kept,153,Latr. | Latron. | Latro. | Latr: | Lat.
A07507,FURTIVO,kept,438,Furt. | Fur.
A07507,FUCATO,kept,53,Fuca. | Fuc. | Fucat.
A07507,GENTLEMAN,kept,70,Gent. | Gentle.
A07507,GENTLEMEN,kept,62,Gen.
A07507,TANGLE'S SERVANT,dropped_short,10,Whin. | Whi.
A07507,CONSTABLE,dropped_short,21,Conſt. | Con.
A07507,VOICE,dropped_short,12,A crie within. | A cry.
A07507,1 VOICE,kept,47,1 Voic. | 1 Ʋ oyce. | 1. Ʋ oice.
A07507,2 VOICE,dropped_short,12,2 Voyce.
A07507,3 VOICE,dropped_short,1,3. Ʋ oice.
A07507,4 VOICE,dropped_short,18,4. Voice. | 4 Voice.
A07507,QUIETO,kept,495,Qui. | Qu. | Quie.
A07507,1 OFFICER,kept,258,1 Off : | 1 Off. | 1. Off.
A07507,2 OFFICER,dropped_short,8,2 Off.
A07507,MAID,kept,116,Maid. | Maide.
A07507,DRAWER,dropped_short,5,Draw.
A07507,LACKEY,dropped_short,4,Lackey.
A07507,__crowd__,dropped_short,28,All. | Both.
A07507,[unresolved] Enter.,unresolved_excluded,6,Enter.
A07510,FAME,kept,297,Fame.
A07511,WITGOOD,kept,3731,"Witt-good. | Wit. | Witt. | Witg. | Wit, | Wit | Ʋ Ʋ itt. | VVit. | Ʋ Ʋ it. | Wi. | Wit ▪ | VVitt. | Wit : | Wit:"
A07511,JANE,kept,1603,Curt. | Cur. | Curti. | Cur | Curt :
A07511,ONESIPHORUS,kept,147,Ony : | Ony. | Ony: | On. | 1
A07511,LIMBER,dropped_short,31,"Limb. | Lim. | Lim,"
A07511,KIX,dropped_short,22,Kix. | Kixe.
A07511,HOST,kept,1282,Hoſt. | Host. | Host | Hoſtis. | Hoſt | Ho. | Hoſ.
A07511,LUCRE,kept,3048,Luc. | Lu. | Lucre. | Lucr. | Lu | Luc : | Luc: | Lu: | Lu :
A07511,HOARD,kept,2712,"Hoord. | Hoor. | Hoo. | Hoo | Hoor, | Hoor | Hoo : | Hoo, | Hoo: | Hor."
A07511,LAMPREY,kept,400,Lampr. | Lamp. | Lam : | Lam. | Lam
A07511,SPITCHCOCK,kept,42,Spi. | Spich.
A07511,SAM,kept,369,Sam. | Sa.
A07511,MONEYLOVE,kept,276,Mony. | Monyt. | Mon. | Mo.
A07511,DAMPIT,kept,1141,Damp. | Dampit. | Dam. | Dam : | Dam: | Damp:
A07511,GULF,kept,89,Gulf. | Gul.
A07511,LUCRE'S SERVANT,dropped_short,11,Ser. 2.
A07511,SERVANT,kept,47,Ser.
A07511,GEORGE,kept,75,Geo. | Geog. | Ge. | Georg.
A07511,MISTRESS LUCRE,kept,208,"Wife. | Wif. | VVife,"
A07511,1 CREDITOR,kept,1100,1. | 1:
A07511,2 CREDITOR,kept,379,2.
A07511,3 CREDITOR,kept,225,3.
A07511,JOYCE,kept,164,Neece. | Nee. | Neec.
A07511,DRAWER,kept,124,Dra. | Dra
A07511,WILLIAM,dropped_short,8,VVithin.
A07511,BOY,kept,52,Boy.
A07511,VINTNER,dropped_short,38,Ʋ in. | Vin. | Vint.
A07511,AUDREY,kept,262,Au. | Aud. | Aud :
A07511,SCRIVENER,kept,164,Scri.
A07511,TAILOR,dropped_short,11,Tayl. | Tay.
A07511,BARBER,dropped_short,5,Bar.
A07511,PERFUMER,dropped_short,12,Per. | Per : | P • r:
A07511,FALCONER,dropped_short,13,Fawl. | Faul:
A07511,HUNTSMAN,dropped_short,15,Hun. | Hun :
A07511,LANCELOT,kept,411,"Lan. | Lan: | Lan, | Lan : | Lan | Lul :"
A07511,ARTHUR,dropped_short,3,Ar.
A07511,LADY FOXSTONE,dropped_short,16,Lad.
A07511,__crowd__,kept,60,All. | Cit.
A07513,REWARD,kept,59,Reward.
A07513,JUSTICE,kept,155,Iuſtice.
A07513,HONOUR,kept,211,Honor.
A07518,LONDON,kept,1122,The ſpeech of London. | London.
A07518,ANGEL,kept,213,The Salutation of the Angell.
A07518,ZEAL,kept,211,ZEALE. | The ſpeech of Zeale. | Zeale.
A07518,ERROR,kept,783,The greeting of Error. | Error.
A07518,TRUTH,kept,844,The Words of Truth. | Truth.
A07518,KING OF THE MOORS,kept,355,The Speech of that King.
A07518,QUEEN,dropped_short,13,Queene.
A07518,PERFECT LOVE,kept,125,Perfect Loue.
A07524,MARY,kept,270,Mary | Mary.
A07524,NEATFOOT,kept,256,Neatfoote. | Neat.
A07524,SEBASTIAN,kept,1878,"Seb. | Seb, | Seba."
A07524,SIR ALEXANDER,kept,3856,Alex. | Alex;
A07524,SIR DAVY,kept,554,"S. Dap. | Sir Dap. | S, Dap. | Dap. | Sir Da. | S. Dauy. | S. Dauy | S. Da. | S. Dauy:"
A07524,SIR ADAM,kept,117,Adam | Adam.
A07524,GOSHAWK,kept,937,"Gosh. | Gosh,"
A07524,LAXTON,kept,1975,Lax. | Laxton. | Lax
A07524,GREENWIT,kept,338,"Green. | Greene. | Gree. | Green | Greene,"
A07524,TRAPDOOR,kept,1613,Trap.
A07524,MISTRESS GALLIPOT,kept,1325,Mist. Gal. | M. Gal. | Mist. Gall. | Mist Gal. | M. ist. Gal. | Mi. Gal. | Most. Gal.
A07524,MASTER GALLIPOT,kept,1122,"Maist. Gal. | Maist. Gal, | Maist. Gall: | Maist. Gall."
A07524,MISTRESS TILTYARD,kept,61,Mist. Tilt.
A07524,MASTER TILTYARD,kept,74,M. Tiltyard | Maist. Tilt.
A07524,OPENWORK,kept,791,Maist. Open. | Mt. Op. | Ma. Op. | Mai. Open. | Maist. Op.
A07524,ROSAMOND,kept,1071,"Mist. Open. | Mi. Open. | Mi. Op. | Mist, Open. | Mist. Openworke | Mist. Open, | Mist. Ope. | Mist. Op."
A07524,JACK DAPPER,kept,456,"I. Dap. | Iac. Dap. | Iae. Dap. | Iacke Dap. | Iac, Dap. | Iack. Dap."
A07524,GULL,kept,137,Gul.
A07524,MOLL,kept,4289,Mol. | Moll. | Mol
A07524,FELLOW,kept,61,Fellow | Fel.
A07524,PORTER,dropped_short,17,Por.
A07524,TAILOR,kept,125,Taylor | Taylor.
A07524,COACHMAN,kept,76,Coach.
A07524,CURTALAX,kept,273,Curt.
A07524,HANGER,dropped_short,29,Hang.
A07524,SIR BEAUTEOUS,kept,47,Sir Bewt.
A07524,SIR THOMAS LONG,kept,90,T. Long.
A07524,LORD NOLAND,kept,166,L. Nol. | L. Nol | L Nol.
A07524,TEARCAT,kept,305,Tear-Cat. | T. Cat. | T Cat.
A07524,1 CUTPURSE,kept,48,1 Cut. | 1. Cut.
A07524,2 CUTPURSE,dropped_short,31,2 Cut. | 2. Cut.
A07524,SERVANT,dropped_short,24,Seruant.
A07524,SIR GUY FITZALLARD,kept,444,Fitz-Alla. | Fitz-All. | Fiz-Alla. | Aitz-All.
A07524,__crowd__,kept,139,Omnes | Omnes. | All. | Both. | Green. Gosh.
A07525,RICHMOND,kept,113,Rich.
A07525,ST JAMES'S,kept,212,S t . Iames's. | S t Iea. | S t Iam.
A07525,DENMARK HOUSE,kept,437,Den.
A07525,SCHOLAR,kept,868,Scholler. | Sch. | Schol.
A07525,SOLDIER,kept,600,Sold. | Sould. | Sould:
A07525,PALLAS,kept,689,Pall.
A07525,JUPITER,kept,697,Iup.
A07525,TIME,kept,385,Time.
A07525,WHITE STARCH,kept,122,White-Starch.
A07525,BLUE STARCH,dropped_short,7,Blew Star.
A07525,YELLOW STARCH,kept,108,Yell. Star. | Yell Star.
A07525,GREEN STARCH,dropped_short,3,Green. Star.
A07525,RED STARCH,dropped_short,4,Red Star.
A07525,SIMPLICITY,kept,984,Simpl. | Sim. | Simp.
A07525,DECEIT,kept,628,Decei. | Dec.
A07525,KING,kept,307,King. | Kin. | K.
A07525,LAND-CAPTAIN,kept,295,L. Capt. | L. Cap.
A07525,SEA-CAPTAIN,kept,325,Sea Cap. | Sea-Capt.
A07525,FLAMEN,kept,312,Flam.
A07525,LAWYER,kept,430,Law. | Law:
A07525,DEVIL,dropped_short,19,Diuell.
A07525,__crowd__,dropped_short,24,All. | Omnes.
A07555,COMUS,kept,2298,Comus. | Com. | Co.
A07555,LADY,kept,702,La.
A07555,ELDER BROTHER,kept,1205,Eld bro. | Eld: bro. | Eld. Bro. | El: bro.
A07555,SECOND BROTHER,kept,405,2 Bro. | 2. Bro.
A07555,DAEMON,kept,2238,Spir.
A07555,SABRINA,kept,80,Sab.
A07637,HANS,kept,1349,"Hans. | Han • . | Hanſ. | Hans,"
A07637,HANNEKE,kept,1409,Han. | Hann. | Hann | Han
A07637,CORNELIUS,kept,2228,"Corn. | Cor. | Cor, | Co."
A07637,PASQUIL,kept,914,Paſ. | Paſ | Paſq. | Pa.
A07637,GARLAND,kept,1032,Gar. | Ga.
A07637,GOODFELLOW,kept,2231,Ser. | Se.
A07637,HARMANTS,kept,2432,Youn. | Younk. | Yon. | Yo. | Young. | Youn
A07637,FLUTTERKIN,kept,558,Flut. | Flutt.
A07637,__crowd__,dropped_short,9,Both.
A07859,ENVY,kept,415,En.
A07859,COMEDY,kept,459,Co. | Comedie.
A07859,SEGASTO,kept,1603,"Se. | S. | S • . | Se • | Se,"
A07859,AMADINE,kept,1452,"Ama. | Ama | Ama, | Am. | Ama: | Ama • | Am • ."
A07859,MUCEDORUS,kept,2365,"Mu. | Mu • | Mu., | Mucedorus"
A07859,MOUSE,kept,2661,"Mouse. | Clo. | Clo.. | Clo, | Clo • | Clo | Cl • . | Cl."
A07859,ADROSTUS,kept,771,"King | King. | K. | Ki. | K,"
A07859,TREMELIO,kept,89,Tre.
A07859,COLLEN,kept,170,Col. | Col
A07859,BREMO,kept,1146,"Bre. | Bremo. | Bre: | Bre • | Br. | Bre, | Bre., | B."
A07859,MESSENGER,kept,66,Mess. | Mes.
A07859,ARIENA,dropped_short,4,Ari.
A07859,NIP,kept,48,"Old wo. | Old. | Olde. | Old,"
A07859,RUMBELO,kept,81,R.
A07895,TIME,kept,1186,Time. | Time
A07895,LEOFSTAN,kept,770,Leofſtane. | Leofſlane.
A07895,FARINGDON,kept,557,Faringdon.
A07897,JOHN,kept,3231,"Pr. Iohn. | Prin. | Pr. | Iohn. | Kin. | King. | K. | Ki. | Ki | K,"
A07897,ELY,kept,51,Ely.
A07897,FITZWATER,kept,1461,Fitz. | Fitz
A07897,CHESTER,kept,462,Chest. | Ch.
A07897,SALISBURY,kept,315,Sals. | Sal. | Sa.
A07897,SCATHLOCK,dropped_short,29,Sca. | Scath.
A07897,LITTLE JOHN,kept,136,Lit. Ioh. | Ioh.
A07897,MUCH,kept,170,Much. | Much | Muc.
A07897,DONCASTER,kept,967,Don. | Don | Do.
A07897,PRIOR,kept,1094,"Pri. | Pri,"
A07897,FRIAR TUCK,kept,1135,"Fri. | Fri, | Fr. | F."
A07897,ROBIN,kept,1044,Rob. | Ro.
A07897,WARMAN,kept,282,War.
A07897,ISABEL,kept,779,Qu. | Q.
A07897,LEICESTER,kept,914,Lest. | Ley. | Le.
A07897,MARIAN,kept,1672,Mar. | Mat. | Ma. | Ma | Ma ▪ | • a. | Me.
A07897,JINNY,dropped_short,34,Iin.
A07897,CHORUS,kept,61,Cho.
A07897,BONVILLE,dropped_short,12,Bon.
A07897,OXFORD,kept,1478,Old Anb. | Ox. | Oxf. | Ox
A07897,HUBERT,kept,1391,Hub. | Hu. | HU. | Hugh. | H • .
A07897,MOWBRAY,kept,109,"Mow. | MOW. | Mowbray, | MO. | Mou. | Mowb. | Mo • ."
A07897,YOUNG BRUCE,kept,1224,Young B. | Y. Br. | Y. B. | Cos. B. | Yong Br. | Br. | Bru. | Bruse.
A07897,OLD BRUCE,kept,151,Old. Br. | Br. [Old Bruce]
A07897,LADY BRUCE,kept,448,Bru. W. | B. W. | L. Br. | L. B. | La. | Wif. | Wi.
A07897,RICHMOND,kept,389,Rich. | Ri.
A07897,MESSENGER,kept,102,Mess.
A07897,BRAND,kept,739,Brand. | Brand | Bra. | Bran. | Br. [Brand]
A07897,MONK,kept,184,Mon. | Monk. | Mo.
A07897,ABBESS,kept,532,Ab. | Ab
A07897,BLUNT,kept,257,Blunt. | Bl. | Blu.
A07897,SERVANT,kept,60,Ser.
A07897,KING RICHARD,kept,701,King. [King Richard] | Kin. [King Richard]
A07897,QUEEN ELEANOR,kept,96,Qu. [Queen Eleanor]
A07897,GEORGE BRUCE,dropped_short,6,L.
A07897,__crowd__,kept,39,Both. | All.
A07904,FRIAR TUCK,kept,176,Fryer.
A07904,ROBIN HOOD,kept,82,Rob.
A07906,MASTER-GUNNER,kept,173,Maiſt. | Maiſter.
A07906,MATE,kept,95,Mate.
A07907,MASTER,kept,138,Maiſter.
A07907,MATE,dropped_short,15,Mate.
A07907,BOY,kept,43,Boy.
A07907,BRITANNIA,kept,52,Britannia.
A07907,BRUTE,kept,421,BRVTE.
A07907,LOEGRIA,kept,57,LOEGRIA.
A07907,CAMBRIA,kept,51,CAMBRIA.
A07907,ALBANIA,kept,55,ALBANIA.
A07907,LOCRINE,kept,46,LOCRINE.
A07907,CAMBER,dropped_short,31,CAMBER.
A07907,ALBANACT,kept,51,ALBANACT.
A07907,TROIA NOVA,kept,65,Troya Nova.
A07907,THAMESIS,kept,54,Thameſis.
A07907,SEVERN,kept,48,Savarne.
A07907,HUMBER,kept,57,HVMBER.
A07907,PHEME,kept,411,Pheme | PHEME.
A07907,TAPEINOTES,kept,51,Tape • notes.
A07907,EROS,kept,52,EROS.
A07907,ELEUTHERIOTES,kept,46,Eleutheriotes.
A07907,SOPHROSYNE,dropped_short,13,Sophroſyne.
A07907,AGNEIA,kept,35,AGNITES.
A07907,HYPOMONE,dropped_short,31,Hypomone.
A07907,EPIMELEIA,kept,83,Epimeleia.
A07907,NEPTUNE,kept,426,Neptune on the Lyon. | Neptune.
A07907,AMPHITRITA,kept,82,Amphitrita.
A07970,GOODLOVE,kept,1873,Goodlove. | Good. | God.
A07970,THEOPHILUS,kept,3369,The. | Theo. | The
A07970,RAVEN,kept,2892,Rav. | Raw.
A07970,KICKSHAW,kept,919,Kick.
A07970,MALIGO,kept,217,Mal.
A07970,RHENISH,kept,152,Rhen. | Rhe.
A07970,JUSTICE FERRET,kept,280,Fer. | F •… t.
A07970,MISTRESS FERRET,kept,1290,M. Fe. | M. Fer. | M rs . Fer. | M. F •… .
A07970,FATHER,kept,633,Fat. | Fa •… .
A07970,MOTHER,dropped_short,17,Moth.
A07970,BRIDE,kept,1245,"Bride, | Bride. | Bri."
A07970,SQUIRREL,kept,715,Squir. | Squi.
A07970,DRAWER,kept,99,Dra.
A07970,1 BLADE,kept,457,1 Bla.
A07970,2 BLADE,kept,90,2 Bla.
A07970,3 BLADE,kept,89,3 Bla.
A07970,HORTEN,kept,926,Hor. | Hort. | Hort
A07970,PLASTER,kept,132,Plast. | Plas. | Plas
A07970,HORTEN'S SERVANT,kept,61,Ser. | Serv.
A07970,1 SERVANT,dropped_short,22,1 Ser.
A07970,2 SERVANT,dropped_short,3,2 Ser.
A07970,__crowd__,kept,39,within. | Within. | Both.
A07970,[unresolved] 〈◊〉 Bla.,unresolved_excluded,42,〈◊〉 Bla.
A07970,[unresolved] 〈◊〉,unresolved_excluded,11,〈◊〉
A07970,[unresolved] F •…,unresolved_excluded,12,F •…
A07970,[unresolved] F •… .,unresolved_excluded,23,F •… .
A07971,DUNGWORTH,kept,529,Dung. | Dungw. | D • ng.
A07971,RALPH,kept,2096,Ralph. | Ral. | Ralh.
A07971,DOBSON,kept,613,DOBSON. | Dobs. | Dobson. | Dobs
A07971,TONGUEALL,kept,1103,Tong. | Tong ▪ | Ton. | Tongall.
A07971,ARTLOVE,kept,2212,Artl. | Art. | Artl
A07971,LITTLEWORD,dropped_short,1,Little.
A07971,JERKER,kept,1504,Ierk. | Ierker. | Ier. | Ierk
A07971,JEFFREY,kept,987,Ieffr. | Ieff. | leffr. | Iaffr. | Ieffrey.
A07971,DOROTHY,kept,1215,Dorot. | Doroth. | Doro. | D • ro. | Dor.
A07971,SUSAN,kept,1646,"Susan. | Sus. | SVSAN. | Susan, | Secre."
A07971,WARRANT,kept,778,Warr. | War. | Aarr.
A07971,SPRUCE,kept,580,Spruce | Spruce. | Spr.
A07971,LADY WORTHY,kept,1014,Lady. | La | La. | Lady ▪ | Lady
A07971,SIR GENEROUS,kept,813,Sir Gen. | Sir. Gen. | Sir Gener. | Sir Gene.
A07971,YOUNG WORTHY,kept,1236,Y. Worth. | Y. Wor. | Y. W. | Y. W | Y. H. | Young. Wor. | Y ▪ W.
A07971,DRAWER,dropped_short,19,BOY. | Boy.
A07971,DASHER,kept,891,Dash. | Dasher.
A07971,CONSTABLE,kept,188,Const. | Consta. | Constable.
A07974,MAHARBAL,kept,378,Mah. | Mahar.
A07974,HIMULCO,kept,754,Himul. | Him. | Him
A07974,SOLDIER,kept,71,Soul. | Soul
A07974,LADY,kept,254,Lady. | Lad.
A07974,HANNIBAL,kept,3884,Han. | Hanm. | Hann.
A07974,1 LADY,kept,52,"1 Lady, | 1. Lad."
A07974,2 LADY,kept,280,2. Lady. | 2. Lad.
A07974,NUNTIUS,kept,639,Nun. | Nunt.
A07974,BOMILCAR,kept,168,Bom.
A07974,PISTON,kept,218,Pist.
A07974,SYPHAX,kept,1453,Syph.
A07974,CRATES,kept,35,Crat.
A07974,MESSENGER,kept,62,Mes. | Messen.
A07974,SCIPIO,kept,2797,Scip.
A07974,LAELIUS,kept,386,Lelius. | Leli. | Lels.
A07974,SOPHONISBA,kept,1049,Sopho. | Soph.
A07974,MASINISSA,kept,1176,"Massa. | Massa, | Massa | Mass."
A07974,HANNO,kept,462,Hanno.
A07974,GISCO,kept,56,Gisg.
A07974,BOSTAR,kept,205,Bost.
A07974,LUCIUS,kept,50,Luci.
A07974,PRUSIAS,kept,446,Prus.
A07975,NATURE,kept,676,Nature. | Nat.
A07975,JANUS,kept,186,Ianus. | Ian.
A07975,FIRE,kept,69,Fire.
A07975,AIR,kept,56,Ayre.
A07975,WATER,dropped_short,29,Wat.
A07975,EARTH,kept,38,Earth.
A07975,LOVE,kept,339,Love.
A07975,PHYSANDER,kept,2154,Phys. | Physa. | Phys
A07975,CHOLER,kept,388,Chol. | Coll. | Choll. | Chol ▪
A07975,BLOOD,kept,357,Blood. | Blood | Bloud.
A07975,PHLEGM,kept,306,Phle. | Phleg. | Phleg ▪
A07975,MELANCHOLY,kept,285,Melan. | Mela. | Mel.
A07975,BELLANIMA,kept,1444,Bella. | Bel. | Bella
A07975,BONUS GENIUS,kept,195,Bon. Ge. | Bon G. | • on. G. | Bon. G.
A07975,MALUS GENIUS,kept,356,"Mal. • en. | Mal. Ge. | Mal. G. | Mal G. | Ma. G. | Ma, G."
A07975,SEEING,kept,132,Seeing.
A07975,HEARING,kept,67,Hear.
A07975,SMELLING,kept,167,Smel. | Smell.
A07975,TASTING,kept,796,Taste. | Tast. | Tast
A07975,TOUCHING,kept,207,Touch.
A07975,SENSUALITY,kept,880,Sens. | Sensu.
A07975,TEMPERANCE,kept,233,Temp. | Tempe.
A07975,1 FURY,kept,53,1. Fur.
A07975,2 FURY,dropped_short,25,2. Fur.
A07975,3 FURY,dropped_short,18,3. Fur.
A07975,FEAR,kept,287,Feare.
A07975,HOPE,kept,66,Hope.
A07975,CONSCIENCE,kept,342,Consc. | Con.
A07975,DESPAIR,kept,112,Desp. | Desp
A07975,__crowd__,dropped_short,5,Compl.
A07978,WORTHGOOD,kept,988,WORTHGOOD. | Worth. | Wor. | Wort. | • ort.
A07978,BELLAMIE,kept,1381,Bella. | Bel. | Bell. | Bella ▪
A07978,UNCLE,kept,480,Vnc. | Vncle. | V • c.
A07978,1 TENANT,kept,270,1 Ten. | 1. Ten. | 1 Neig. | 1. Neigh.
A07978,2 TENANT,kept,200,2 Ten. | 2 Ten | 2. Ten. | 2 Neig.
A07978,CICELY,kept,2066,Cice. | •• ce.
A07978,KEEPER,kept,1065,Keep. | Kee.
A07978,SLIP,kept,1092,Slip. | Sl. | Slip
A07978,FRANK,kept,1896,Fr. | Fran. | Frank. | Fra. | Fra
A07978,GEORGE,kept,1346,George. | Geo. | Geor. | Ge.
A07978,STITCHWELL,kept,728,Stitch. | Stich. | Stit. | St. | Short.
A07978,MISTRESS STITCHWELL,kept,1410,Mris. St. | Wife. | Wif.
A07978,CHANGELOVE,kept,984,Chang. | Cha. | Change. | Chang ▪ | Chan.
A07978,ROBIN,kept,394,Tap. | Tapst. | Tapster.
A07978,JAMES,kept,562,Iam.
A07978,SAM,kept,1399,Sam.
A07978,WENCH,kept,49,Wench.
A07978,HOSTESS,kept,49,Hostesse. | Host.
A07978,PORTER,kept,70,Port. | Porter. | Por.
A07978,SERVANT,kept,57,Serv. | Ser. | Seru.
A07978,__crowd__,kept,43,Within.
A07979,MACARIO,kept,862,Maca. | Mac.
A07979,INFELICE,kept,1069,Inf. | Infe.
A07979,CORVINO,kept,2650,Cor. | Corv. | Coru.
A07979,SPURIO,kept,1838,Spu. | Spur. | Spv.
A07979,NOTHO,kept,1141,Not. | Nnt.
A07979,FIDELIO,kept,1387,Fid.
A07979,BENEVENTI,kept,590,Beneventi. | Ben. | Bene.
A07979,VITTORIO,dropped_short,32,Vit. | Vitt.
A07979,POLEMICI,kept,659,Pole.
A07979,MELISSA,kept,557,Mel. | Meli.
A07979,AMANDA,kept,1145,Am. | Ama. | Amb.
A07979,CARDENTE,kept,986,Card. | Car.
A07979,BONARDO,kept,250,Bon. | Non.
A07979,LADY,dropped_short,15,Lady.
A08009,WILL SUMMERS,kept,2901,Will. Summer. | Will Summer. | Will Summers. | Wil Summer. | Wil. Summer. | Will Su ̄ mer. | WilSummer.
A08009,SUMMER,kept,3586,"Summer. | Su ̄ mer. | Sum, | Summers:"
A08009,VERTUMNUS,kept,353,Vertum. | Vertumnus.
A08009,VER,kept,1003,Ver.
A08009,WINTER,kept,1861,Winter.
A08009,AUTUMN,kept,911,Autumne. | Aut.
A08009,SOLSTITIUM,kept,226,Solstitium. | Solst.
A08009,SOL,kept,444,Sol.
A08009,ORION,kept,813,Orion.
A08009,HARVEST,kept,887,Haruest.
A08009,BACCHUS,kept,950,Bacchus. | Bac.
A08009,CHRISTMAS,kept,762,Christmas.
A08009,BACKWINTER,kept,284,Back-winter.
A08009,__crowd__,dropped_short,15,All.
A08065,PETRONIUS,kept,1599,Petronius. | Petro. | Pet. | Petron: | Petro: | Petro • | Petro;
A08065,ANTONIUS,kept,1106,Anto. | Ant. | Anto: | Anton:
A08065,POPPAEA,kept,775,"Poppea, | Pop. | Poppea: | Pop: | Popp. | POppea: | Poppe: | Poppae: | Poppa:"
A08065,NYMPHIDIUS,kept,1503,Nim. | Nimph: | Nimphi: | Nimp: | Nim: | Nymph: | Nimph.
A08065,NERO,kept,4013,"Nero, | Nero. | Nero: | Nero;"
A08065,TIGELLINUS,kept,534,Tigell. | Tigel: | Tigil: | Tegil: | Tigell:
A08065,EPAPHRODITUS,kept,445,Epaph: | Epaph.
A08065,NEOPHILUS,kept,262,Neoph: | Neoph.
A08065,SENECA,kept,756,Seneca | Senec. | Senec:
A08065,SCAEVINUS,kept,2524,Sceu. | Scen. | Sceuin: | Sceui: | Sceuin | Sceui. | Scen: | Serui.
A08065,LUCAN,kept,696,Lucan. | Luca: | Luca. | Lucan: | Luc:
A08065,FLAVIUS,kept,255,Flaui: | Flaui. | Flau: | Plaui:
A08065,SERVANT,dropped_short,8,"Seruant,"
A08065,CORNUTUS,kept,275,Corn: | Cornu:
A08065,PISO,kept,595,"Piſo, | Piſo: | Piſa: | Piſo."
A08065,MILICHUS,kept,618,Meli. | Melis: | Melic: | Meli | Meli: | Meli;
A08065,1 ROMAN,kept,251,1 Rom. | 1 Ro. | 1. Rom. | 1 Rom:
A08065,2 ROMAN,kept,251,2 Rom. | 2 Ro. | 2. Rom. | 2. Rom: | 2 Rom:
A08065,3 ROMAN,kept,118,3 Rom. | 3. Rom.
A08065,4 ROMAN,kept,48,4 Rom. | 4. Rom.
A08065,ROMAN,kept,180,Rom:
A08065,WOMAN,kept,180,Wom:
A08065,MAN,kept,160,Man: | Man.
A08065,YOUNG MAN,kept,103,Yong:
A08065,1 FRIEND,kept,88,1. Friend.
A08065,2 FRIEND,kept,78,2. Friend.
A08065,ENANTHE,kept,98,Enan:
A08065,PHYSICIAN,dropped_short,6,Phiſi:
A08065,MESSENGER,kept,93,A meſſ: | Meſſ:
A08065,GALBA'S FRIEND,kept,51,Gal:
A08065,__crowd__,dropped_short,12,"3, & 4. Rom. | 2, 3, & 4."
A08262,CORNWALL,kept,1245,"Corn. | Corne. | corn. | Cornwel, | Cornw. | Corn"
A08262,MARTIANUS,kept,575,"Mar. | Mar, | Mart. | M • r."
A08262,ELIDURE,kept,1281,Elid. | Elyd. | Elidu. | Elidure. | Elydure. | Eli.
A08262,VIGENIUS,kept,904,Vig. | Vige. | vig. | vige.
A08262,PERIDURE,kept,878,Perid | Perid. | Peri. | perid. | peri.
A08262,SYCOPHANT,kept,1226,Sicoph. | Sicop. | Sico. | sicop. | sico. | sicoph. | sioo. | Sich.
A08262,ARCHIGALLO,kept,796,Arch. | Archi.
A08262,MORGAN,kept,259,Morg. | Morgan. | Morg | Mor.
A08262,MALGO,kept,183,"Malgo. | Malg. | Maglo. | Malg, | Mal. | M • l."
A08262,RAFE,dropped_short,12,Rafe.
A08262,WENCH,kept,82,Wench.
A08262,CLOWN,kept,1326,"clown. | Clown. | Clow. | Clowne. | Clow, | Clo. | clow. | clo. | C."
A08262,SOMEBODY,kept,1257,Somb. | Sombod. | Sombo. | Sombody | Somebody. | Som. | som. | Someb.
A08262,NOBODY,kept,2125,Nobod. | Nobody. | Nobo. | Nobody | No-body. | nobo. | nobody. | no. | No. | Nob.
A08262,SERVANT,kept,310,Seru.
A08262,QUEEN,kept,778,Queene | Queene. | Queen. | Quee. | Q. | queene. | que • ne.
A08262,LADY ELIDURE,kept,1488,Lady | Lady. | La.
A08262,MAN,kept,48,Man | Man.
A08262,WIFE,dropped_short,26,Wife | Wife.
A08262,1 MAN,kept,51,1 Man. | 1 Man
A08262,2 MAN,kept,74,2 Man. | 2 Man
A08262,PRENTICE,dropped_short,11,Prent.
A08262,BRAGGART,kept,192,Brag: | Brag. | Bra.
A08262,CONSTABLE,dropped_short,9,Const.
A08262,1 PORTER,kept,103,1 Porter | 1. Port.
A08262,2 PORTER,kept,53,2 Porter. | 2. Port. | 2. Por.
A08262,1 KEEPER,dropped_short,37,1
A08262,2 KEEPER,dropped_short,18,2
A08262,3 KEEPER,dropped_short,7,3
A08262,__crowd__,dropped_short,23,All. | Both. | Clo. No.
A08360,VIDENA,kept,1096,Viden.
A08360,FERREX,kept,543,Ferrex. | Fer • ex.
A08360,GORBODUC,kept,1681,Gorboduc.
A08360,AROSTUS,kept,1508,Arostus. | Arestus. | Arostus
A08360,PHILANDER,kept,1443,Philander.
A08360,EUBULUS,kept,3008,Eubulus.
A08360,CHORUS,kept,698,Chorus.
A08360,HERMON,kept,766,Hermon.
A08360,DORDAN,kept,554,Dordan.
A08360,PORREX,kept,1109,Porrex | Porrex.
A08360,TYNDAR,kept,187,Tyndar.
A08360,NUNTIUS,kept,218,Nuntius.
A08360,MARCELLA,kept,714,Marcella.
A08360,CLOTYN,kept,207,Clotyn.
A08360,MANDUD,kept,201,Mandud.
A08360,GWENARD,kept,174,Gwenard.
A08360,FERGUS,kept,337,Fergus.
A08361,VIDENA,kept,1087,V Iden. | Viden. | VId.
A08361,FERREX,kept,544,Ferrex. | FErrex. | Ferrox.
A08361,GORBODUC,kept,1668,GOrb. | Gorb. | Gorboduc. | Gorbodue. | Gord. | Gorbod.
A08361,AROSTUS,kept,1492,"Arostus. | Aros. | ARostus. | Arostus,"
A08361,PHILANDER,kept,1442,Philand. | Phil.
A08361,EUBULUS,kept,2909,Eub. | Eubulus. | Evb.
A08361,CHORUS,kept,794,Chorus. | Chor.
A08361,HERMON,kept,775,Hermon.
A08361,DORDAN,kept,555,Dordan.
A08361,PORREX,kept,1105,POrrex. | Porrex.
A08361,TYNDAR,kept,186,Tyndar.
A08361,NUNTIUS,kept,130,Nun.
A08361,MARCELLA,kept,711,Marcella.
A08361,CLOTYN,kept,202,CLot. | Clotyn. | Cloyton.
A08361,MANDUD,kept,200,Mand. | Mandud.
A08361,GWENARD,kept,171,Gwena. | Gwen. | Gwenard.
A08361,FERGUS,kept,425,Ferg. | Fergus. | Fergus
A08469,SHERIFF,kept,187,Sheriffe. | Sher.
A08469,HERBERT,kept,39,Herb.
A08469,POWYS,kept,628,Pow. | Powis | Powesse | Powe • | Lord Po.
A08469,BAILIFF,dropped_short,11,Bayl. | Bay. | Ba.
A08469,DAVY,kept,106,Dauy | Da.
A08469,OWEN,kept,64,Owen
A08469,GOUGH,dropped_short,22,Gough
A08469,MAYOR,kept,278,Maior | Mai. | Ma.
A08469,SERGEANT,kept,92,Ser.
A08469,1 JUDGE,kept,324,1. Iud. | 1. Iud | 1. Iudge
A08469,2 JUDGE,kept,46,2. Iud. | 2. Iudge | 2 Iudge. | 2. Iu.
A08469,JUDGE,kept,330,Iudge | Iudge.
A08469,1 JUSTICE,dropped_short,8,1 Iust.
A08469,2 JUSTICE,dropped_short,9,2 Iust.
A08469,SUFFOLK,kept,416,Suffolke | Suf. | Suf | Suff.
A08469,ROCHESTER,kept,1536,Bishop | Bish. | Roch. | Rock
A08469,SIR JOHN,kept,2221,sir Ihon | Sir Iohn | sir I • hn | sir Iohn | sir Iohn. | sir. Iohn | s • r Iohn | Priest | Priest. | Wroth. | Wrotham
A08469,BUTLER,kept,227,But. | Butler
A08469,HENRY V,kept,2838,Har. | Harry | Harry. | King | King. | K. Hen.
A08469,HUNTINGTON,kept,205,Hunt.
A08469,1 SOLDIER,kept,88,1 | Soul. | Souldier
A08469,2 SOLDIER,kept,54,2 | 2. soul.
A08469,4 SOLDIER,kept,93,4
A08469,OLD MAN,kept,100,Old man | Olde man. | Olde man
A08469,OLDCASTLE,kept,2615,Cob. | Cobham | Old. | Cobh. | Old-castle | Oldca. | Old • a. | Old • a | Old-ca. | Old castle | L. Cobh.
A08469,HARPOOLE,kept,1860,Harp. | Harpoole | Harp | Harp aside.
A08469,SUMNER,kept,353,Sum. | Som.
A08469,CONSTABLE,kept,483,Con. | Constable | Const.
A08469,ALEMAN,kept,111,Ale man | Aleman.
A08469,DOLL,kept,376,Dol. | Dol | Doll | Doll. | Doll to the Priest
A08469,ACTON,kept,501,Acton | Act.
A08469,MURLEY,kept,1126,"Mu. | Murl. | Murley | Murly. | Murly | Mur. | Mur | Mur, | Mar."
A08469,BEVERLEY,kept,80,Beuerley | Beuer.
A08469,BOURNE,kept,77,Bourne
A08469,SCROOP,kept,275,Scroop. | Scroop | Scroope | Scrope | S • roope
A08469,CAMBRIDGE,kept,895,Cam. | Camb.
A08469,GREY,kept,91,Gray | G • i •
A08469,CHARTRES,kept,64,Chart. | Char.
A08469,LADY COBHAM,kept,490,Lady cobh. | Lady Cob. | Lady Cobh. | Lady Co. | Lady Old. | Lady | Lady.
A08469,LADY POWYS,kept,89,Lady Po. | L • dy Po.
A08469,DICK,kept,109,Dicke
A08469,TOM,kept,139,Tom.
A08469,LIEUTENANT,kept,184,Lieften. | Lief. | Lieft.
A08469,LORD WARDEN,kept,56,L. War. | L. Ward.
A08469,CROMER,kept,60,Croo. | Crom.
A08469,HOST,kept,261,Hoste | Host
A08469,IRISHMAN,kept,133,Irish man | Irishman. | Irishman | Irish.
A08469,CLUB,kept,198,Club calling | Club | Club.
A08469,KATE,kept,56,Kate
A08469,CARRIER,dropped_short,8,Carier
A08469,OSTLER,kept,111,Ostler | Hostler | Hostler.
A08469,ROBIN,dropped_short,2,Robin
A08469,LEE,kept,473,Lee. | Lee
A08469,GAOLER,dropped_short,25,Gaoler
A08469,OFFICER,kept,60,Officer | 3
A08469,SERVANT,dropped_short,15,seruant.
A08469,1 SERVANT,dropped_short,17,1. Ser.
A08469,2 SERVANT,dropped_short,26,2 seru.
A08469,__crowd__,dropped_short,7,All.
A08469,[unresolved] 〈◊〉,unresolved_excluded,21,〈◊〉
A08731,AGENOR,kept,322,AGENOR. | AG.
A08731,PHORMIO,kept,3771,"PH. | PH, | PHO."
A08731,LYSICLES,kept,4335,"LYS. | LY. | LYSICLES. | LY,"
A08731,CLEON,kept,1087,"CL. | CL,"
A08731,ERGASTO,kept,1631,ER.
A08731,IRENE,kept,1877,IR. | IR: | Ir. | IRENE. | JR.
A08731,HERMIONE,kept,3349,HER. | HER: | HE.
A08731,PHILLIDA,kept,71,PHI. | PHIL.
A08731,PINDARUS,kept,641,PIN. | Pin. | PIND.
A08731,MILESIA,kept,2283,MO. | MOO. | MI.
A08731,GHOST,kept,268,"GHO, | GHO. | GMO."
A08731,EUGENIO,kept,1147,EV. | Eu. | EU.
A08731,PHYSICIAN,kept,87,PHY.
A08731,SERVANT,kept,143,SER.
A08731,__crowd__,dropped_short,7,OMNES.
A09134,FORTUNIO,kept,955,"Fortunio. | Fortunio | Fortunio, | Fortunio ▪"
A09134,CRACKSTONE,kept,2899,"Crack-stone. | Crack-st. | Crack-st | Crack-st,"
A09134,ATTILIA,kept,1039,Attilia.
A09134,PEDANTE,kept,3176,Pedante. | Pedante | pedante.
A09134,FEDELE,kept,2425,"Fedele. | Fedele,"
A09134,VICTORIA,kept,1338,"Victoria. | Victoria, | Victoria"
A09134,PAMPHILA,kept,403,Pamphila. | Pamphil. | Pamphila | pamphila. | Pamphila ▪
A09134,MEDUSA,kept,2006,Medusa.
A09134,VIRGINIA,kept,307,Virginia.
A09134,WATCHMEN,dropped_short,2,Watchme ̄
A09134,SBIRRI,kept,288,Sbirri.
A09134,OTTAVIANO,kept,65,Ottaui.
A09134,[unresolved] Speake.,unresolved_excluded,50,Speake.
A09214,POGGLOSTUS,kept,1465,Pog. | POGGLOSTVS solus.
A09214,CROBOLUS,kept,2145,Cro. | Cro ▪ | Crob. | Cor. | Cra.
A09214,DROMODOTUS,kept,5217,Dro. | Dró. | Dor. | D.
A09214,PEDANTIUS,kept,7631,Ped. | P.
A09214,TUSCIDILLA,kept,270,Tus. | T.
A09214,LUDIO,kept,762,Lud.
A09214,BLETUS,kept,221,Ble. | Blet.
A09214,LYDIA,kept,466,Lyd. | L.
A09214,TYROPHAGUS,kept,804,Tyr. | Tra.
A09214,PARILLUS,kept,311,Par. | Pra.
A09214,GILBERT,kept,960,Gil. | G.
A09220,PAN,kept,245,Pan.
A09220,FAUNUS,kept,163,Faun.
A09220,SILVANUS,kept,96,Sil. | Sylu.
A09220,POMONA,kept,157,Pom.
A09220,FLORA,kept,669,Flor. | Flo. | Fl • . | Flora.
A09220,MUSES,kept,42,Mus.
A09220,RHANIS,kept,180,Rha.
A09220,JUNO,kept,1048,Iuno. | Iun. | Iuno
A09220,VENUS,kept,1603,Ven. | Ven ▪ | Ve • . | Venus | Ven. ex abrupto.
A09220,PALLAS,kept,736,Pall. | Pal.
A09220,PARIS,kept,1383,Par. | Paris. | Fabu la. | •• r
A09220,OENONE,kept,757,Oen. | Oenone. | OENONES | Oen ▪ | Incipit Oenone.
A09220,HOBBINOL,kept,172,Hob.
A09220,DIGGON,kept,115,Dig.
A09220,THENOT,kept,129,The.
A09220,MERCURY,kept,967,Mer. | Mer
A09220,SHEPHERDS,kept,41,Shep. | Pasto.
A09220,THESTYLIS,kept,49,Thest.
A09220,NYMPH,kept,114,Nym.
A09220,VULCAN,kept,246,• ul. | Vulc. | Vul. | Vulc
A09220,BACCHUS,kept,118,Bac.
A09220,PLUTO,kept,51,Plut. | Plu.
A09220,NEPTUNE,kept,68,Nep.
A09220,JUPITER,kept,268,Iup. | Iou.
A09220,SATURN,kept,40,Sat. | Sa • .
A09220,APOLLO,kept,342,Apol. | Apo. | Ap.
A09220,MARS,dropped_short,24,Mar. | Mar
A09220,DIANA,kept,531,Dia. | Dian.
A09220,CLOTHO,kept,86,Cloth.
A09220,LACHESIS,kept,53,Lach.
A09220,ATROPOS,kept,54,Atrop. | Atr. | Atr • .
A09220,__crowd__,kept,78,Ambo simul. | Ambo. | Tres simul. | Gods. | Gods | dau ̄ ce.
A09221,MULY MAHAMET,kept,2831,Muly Mah. | Moore. | More. | Mah. | Mu. Ma. | Muly Ma. | Moore
A09221,MULY MAHAMET SETH,kept,386,Muly Xe. | Muly.
A09221,SON,kept,122,The Moores sonne.
A09221,ABDELMELEC,kept,1228,Abdel. | Abdilm. | Abdil. | Abdelm.
A09221,CALCEPIUS,kept,291,Bassa. | Bas | Bas.
A09221,ABDIL RAYES,kept,99,Abdil Rayes | Abd. Ra. | Queene.
A09221,RUBIN,kept,142,Rubyn. | Rub. Ar. | Rub.
A09221,ZAREO,kept,419,Zareo | Zareo.
A09221,MESSENGER,kept,83,Mes.
A09221,DIEGO,kept,158,Dieg. | Diego. | Die.
A09221,BISHOP,kept,162,Bishop. | Bish.
A09221,STUKELEY,kept,1211,Stuk. | Stuk | Stukley
A09221,HERCULES,kept,166,Herc.
A09221,CALYPOLIS,kept,136,Caly. | Calyp. | Calip.
A09221,SEBASTIAN,kept,1751,Sebast. | Seb. | Sebast
A09221,JONAS,kept,69,Ionas | Ionas.
A09221,LEGATE,kept,92,Legate.
A09221,AMBASSADOR,kept,208,Embas. | Emb.
A09221,2 AMBASSADOR,kept,68,The other.
A09221,CHRISTOPHERO,dropped_short,9,Chri.
A09221,GOVERNOR,kept,220,Gouer. | Gouern.
A09221,CAPTAIN,kept,67,Cap.
A09221,ANOTHER CAPTAIN,kept,54,Ano. Capt.
A09221,CELYBIN,kept,263,Celybin. | Cely. | Cely
A09221,AVEIRO,kept,59,Auero.
A09221,BOY,kept,48,Boy.
A09221,PORTUGAL,kept,49,Port.
A09221,ATTENDANT,kept,115,"One. | One,"
A09222,PRESENTER,kept,377,The Presenters Speech.
A09222,ASTRAEA,kept,47,Astraea with hir sheephook on the top of the pageant.
A09222,SUPERSTITION,dropped_short,18,Superstition. A Friar sitting by the fountaine.
A09222,IGNORANCE,dropped_short,33,Ignorance. A Priest.
A09222,EUPHROSYNE,kept,70,Euphrosyne.
A09222,AGLAIA,dropped_short,13,Aglaia.
A09222,THALIA,dropped_short,17,Thalia.
A09222,CHARITY,kept,44,Charitie.
A09222,HOPE,dropped_short,16,Hope.
A09222,FAITH,dropped_short,15,Faith.
A09222,HONOUR,kept,57,Honor.
A09222,CHAMPION,kept,79,Champion.
A09222,1 MALCONTENT,dropped_short,30,1. Malecontent.
A09222,2 MALCONTENT,dropped_short,16,2. Malecontent.
A09222,TIME,dropped_short,32,Time.
A09223,LONDON,kept,95,London.
A09223,MAGNANIMITY,kept,44,Magnanimity.
A09223,LOYALTY,dropped_short,30,Loyaltie.
A09223,COUNTRY,kept,50,The Cuntry
A09223,THAMES,kept,48,The Thames.
A09223,SOLDIER,kept,45,The Souldier.
A09223,SAILOR,kept,46,The Sayler.
A09223,SCIENCE,kept,55,Science.
A09223,1 NYMPH,kept,45,The first Nymphe.
A09223,2 NYMPH,kept,45,The Second Nymph.
A09223,3 NYMPH,dropped_short,25,The third Nymph.
A09223,4 NYMPH,dropped_short,28,The fourt Nymphe.
A09224,QUEEN MOTHER,kept,433,The Queene Mother. | Manet Queene Mother. | Q. Mother. | Moth. | Q. Mot.
A09224,EDWARD I,kept,5570,Longsh. | Edw. | Long. | Longshankes. | Longsh | Lon. | Iong. | Lorg. | Long | Edward. | Edward | K. Edrard. | King. | King | Ki.
A09224,GLOUCESTER,kept,694,Glocest. | Gloce. | Clocester. | Gloster. | Glo. | Gl | Glost. | Gl. | Gloste
A09224,LANCASTER,kept,486,Edmund. | Edmund | D. Edmund | D. Edmund. | D. Edm. | Edm. | Lancaster.
A09224,SUSSEX,kept,203,Sussex.
A09224,DAVID,kept,647,Dauid | Dauid. | Da •… . | Dauy Edward
A09224,QUEEN ELEANOR,kept,2844,Qu. Eli. | Q. El. | Qu. Elin. | Q. Eli. | Queene. | Quee. | Qu. Eli | Q Eli. | Qu Eli. | Qu. El. | Q. Elinor | Q. Elinor. | Qu. Elinor. | Qu. Elia. | Veniacion
A09224,JOAN,kept,650,Ione.
A09224,LLEWELYN,kept,2885,Llu. | Lluel. | Lluellen. | Lluel | Llue. | Lluellen | Liuellen.
A09224,RICE,kept,131,Rice. | Rice ap Mer.
A09224,OWEN,kept,116,Owen. | Ow.
A09224,FRIAR,kept,2155,Friar. | Fri. | Fr. | Frier. | Frier | Frier lies downe. | Frier strikes. | Frier kneeles.
A09224,NOVICE,kept,410,Nouice. | Nou | Nouice | Noui.
A09224,GUENTHIAN,kept,271,Guenth. | Guen. | Guenther.
A09224,MEREDITH,kept,376,Meredith. | Mered. | Mered | Mere. | Mer.
A09224,HARPER,kept,338,Harper. | Harp.
A09224,BALIOL,kept,516,Baliol. | Balioll.
A09224,ELINOR DE MONTFORT,kept,552,Elinor. | Eli. | Eli
A09224,MAYORESS,kept,226,Maris. | L. Maris.
A09224,MORTIMER,kept,1100,Mort. | Morti. | Morti | Mortimor. | Mortim. | Potter. | Potter strikes.
A09224,POTTER'S WIFE,kept,247,Potterswife. | Pot •… wife. | Po •… terswife. | Po •… swife.
A09224,SOLDIER,kept,116,Sold | Sold •… .
A09224,KATHERINA,dropped_short,22,Kath. Spain. | Kather. | Kath.
A09224,VERSSES,kept,285,Versses. | Versses
A09224,JOHN,kept,192,Iohn.
A09224,FARMER,kept,344,Farmer. | Farmer | Far.
A09224,PEDLER,dropped_short,12,Pedler.
A09224,BISHOP,dropped_short,16,Bishop.
A09224,LORD,kept,50,Lorde.
A09224,SPENCER,dropped_short,16,Spenc.
A09224,1 MESSENGER,dropped_short,15,1. M •… s.
A09224,2 MESSENGER,kept,42,2 Messeng
A09224,MESSENGER,kept,43,Messenger.
A09224,__crowd__,kept,169,Omnes. | Mantle Barrons. | Al •… the Sold
A09228,BATHSHEBA,kept,812,Bethsabe. | Beth. | Bethsa.
A09228,DAVID,kept,4319,Da. | Dauid. | Dau.
A09228,HUSHAI,kept,866,Cus. | Cusay.
A09228,JOAB,kept,1770,Ioab.
A09228,ABISHAI,kept,123,Abis. | Abisa. | Abyshai. | Abisay.
A09228,URIAH,kept,728,"Vrias. | Vrias,"
A09228,HANUN,kept,133,Hanon. | Hannon.
A09228,MAACAH,kept,56,Mach.
A09228,AMNON,kept,237,Ammo. | Ammon. | Am.
A09228,JONADAB,kept,509,Ionad. | Iona. | Ion. | Ionadab.
A09228,TAMAR,kept,284,Thamar. | Tham. | Thama.
A09228,JETHRAI,dropped_short,21,Iethray.
A09228,ABSALOM,kept,1883,Abs. | Absa.
A09228,NATHAN,kept,524,Nathan. | Nath. | Nat.
A09228,SERVANT,kept,40,Seruus.
A09228,ADONIJAH,kept,182,Adon. | Ado.
A09228,WIDOW,kept,245,Widdow. | Wid.
A09228,ZADOK,kept,107,Sadoc.
A09228,AHIMAAZ,kept,163,Ahimaas. | Ahim.
A09228,ITTAI,kept,203,Ith. | Ithay.
A09228,CONCUBINE,kept,45,Concub.
A09228,1 CONCUBINE,dropped_short,24,1.
A09228,2 CONCUBINE,kept,67,2.
A09228,AHITOPHEL,kept,308,Achi. | Achip. | Ach.
A09228,AMASA,kept,131,Amasa. | Ama.
A09228,ABIATHAR,dropped_short,7,Abia.
A09228,SHIMEI,kept,430,Semei.
A09228,JONATHAN,dropped_short,22,Ionat.
A09228,SOLDIER,kept,90,Sould.
A09228,SOLOMON,kept,297,Sal. | Salo.
A09228,MESSENGER,dropped_short,29,Mess.
A09228,__crowd__,dropped_short,6,All.
A09232,ANTIC,kept,192,Anticke. | Ant. | Anticke: | Ant:
A09232,FROLIC,kept,378,Frolicke: | Frollicke. | Frol. | Frol: | Frollicke:
A09232,FANTASTIC,kept,233,Fantas. | Fan. | Fantasticke: | Fantast: | Fan: | Fant:
A09232,CLUNCH,kept,177,Smith. | Smith:
A09232,MADGE,kept,564,Old woman: | Old wom: | Old w: | Ol.
A09232,CALYPHA,kept,293,1. Brother: | 1. Br. | 1. Br: | 1. Bro:
A09232,THELEA,kept,212,2. Brother: | 2. Bro: | 2. Br:
A09232,ERESTUS,kept,495,Old man: | Old m: | Old ma:
A09232,LAMPRISCUS,kept,285,Lamp: | Lampriscus: | Lampr:
A09232,HUANEBANGO,kept,641,Huan: | Huau: | Huanebango:
A09232,COREBUS,kept,514,Booby: | Corobus: | Core: | Coreb: | Cor: | Coreb.
A09232,SACRAPANT,kept,728,Sacrapant: | Sacr: | Sacra: | Sa: | Sac: | Adestes Daemones:
A09232,DELIA,kept,260,Delya: | Del: | Delia:
A09232,FRIAR,dropped_short,6,Fryer:
A09232,ECHO,dropped_short,4,Eccho:
A09232,EUMENIDES,kept,755,Eum: | Eum. | Eumen | Eumen: | Eumenid: | Eu:
A09232,WIGGEN,kept,259,VViggen: | VVig:
A09232,CHURCHWARDEN,kept,103,Simon: | Churchwa: | Churchwar:
A09232,SEXTON,kept,60,Sexton: | Sex:
A09232,VOICE,kept,77,Voice: | Voyce:
A09232,ZANTIPPA,kept,323,Zant: | Zantyppa: | Za: | Zan:
A09232,CELANTA,kept,174,Celant: | Clant: | Zelan: | Zela.
A09232,HEAD,dropped_short,34,Head:
A09232,JACK,kept,862,Iacke: | Iack:
A09232,HOSTESS,kept,74,Host: | Hostis:
A09232,__crowd__,dropped_short,22,All. | All: | Both:
A09613,PLEASANT,kept,502,Pleſant.
A09613,EMILY,kept,2254,Emily. | Emilie.
A09613,MACRELL,kept,1492,Macrell. | Macrell
A09613,ALBERTO,kept,798,Alberto.
A09613,FLAVIUS,kept,1027,Flavius. | Flarius.
A09613,STEPHANO,kept,104,Stephano Albertus Servant.
A09613,PHILOTUS,kept,771,"Philotus. | Philotus,"
A09613,PHILERNO,kept,981,Philerno. | Philerno
A09613,BRISILLA,kept,272,Briſilla.
A09613,MINISTER,kept,412,Miniſter.
A09613,WHORE,dropped_short,42,Huir.
A09613,MESSENGER,kept,196,The Meſsinger.
A09651,REVENGE,kept,2846,The Vyce. | Vyce. | Reuenge.
A09651,RUSTICUS,kept,462,"Ruſtycus. | Ruſticus. | Ruſticus,"
A09651,HODGE,kept,288,Hodge.
A09651,ORESTES,kept,2357,"Horeſtes. | Horeſtes | Horeſtes,"
A09651,IDUMEUS,kept,1348,"Idumeus. | Idumeus,"
A09651,COUNSEL,kept,451,Councell.
A09651,HALTERSICK,kept,475,Halterſycke. | Haulterſycke. | Halterſicke.
A09651,HEMPSTRING,kept,319,Hempſtringe. | Hempſtring.
A09651,NATURE,kept,283,Nature.
A09651,SOLDIER,kept,109,Sodyer. | Sodier.
A09651,AEGISTHUS,kept,454,Egiſtus. | Egyſtus.
A09651,CLYTEMNESTRA,kept,597,"Clytemneſtra. | Clytemneſtra,"
A09651,MESSENGER,kept,83,Meſſenger.
A09651,WOMAN,kept,128,Woman.
A09651,HERALD,kept,141,Harraulde. | Harraulld. | Harauld. | Harrauld.
A09651,FAME,kept,536,Fame.
A09651,PROVISION,kept,119,Prouicion. | Prouiſion.
A09651,NESTOR,kept,326,Neſtor.
A09651,MENELAUS,kept,382,Menalaus. | Menelaus.
A09651,HERMIONE,kept,85,Hermione.
A09651,NOBILITY,kept,115,Nobelles.
A09651,COMMONALTY,kept,77,Commons.
A09651,TRUTH,kept,242,Truth.
A09651,DUTY,kept,112,Dewtey.
A09651,__crowd__,dropped_short,43,Sodyeares. | Sodyers
A09857,GOURSEY,kept,2552,"Maister Goursey. | M. Gou. | M • . Gou. | M Gou | M Gou. | M. Gou | M. Gour. | M • Gou. | M. Go. | M. Gour | M, Gour. | M, Gou. | M • . Gour. | M • Gour. | M. Gor. | M Gour. | M. Go • . | M • . Go. | M • Go."
A09857,MISTRESS GOURSEY,kept,1368,"M • s. Gou. | Mi. Gou. | Mis. Gou. | Mis Gou. | Mi. Gou, | Mis. Gour. | M • s. Gour. | Mis Gour. | Mi. Gour. | Mi. Gou. I. | Mi. Go. | Mi. G. | Mis. Go. | Mi. Go"
A09857,BARNES,kept,2539,"M, Bar. | M. Bar. | M • . Bar. | M. Bar | M • . Ba. | M. Ba. | M. Ba | M Bar. | Ma. Bar. | Mas. Ba. | M Ba."
A09857,MISTRESS BARNES,kept,2009,"Ms. Bar. | Mis. Bar. | Mis Ba. | Mis Bar, | Mis Bar. | M • s. Bar. | Mi, Bar. | Mi Bar. | Mi. Bar. | Mi. Ba. | Mi Ba • | M. s. Bar. | M i. Bar. | Ent. Mi. Ba. | Mis. Ba. | Mi. B. | Ms. Ba. | Mi Ba. | Mis. Ba | Mi. Bar | M • s. Ba."
A09857,PHILIP,kept,4509,"Phil. | Phil, | Phi. | Phil • . | Phil | Ph • . | Phi | P • i. | Ph. | Phi, | Phill. | Phillip."
A09857,FRANK,kept,2138,"Fra. | Fran. | F • a. | Fra, | Frank | Fr. | Franke. | Fra • . | Fran"
A09857,COOMES,kept,3084,"Coom. | Com. | Comes. | Coo. | Coomes | Coom, | Coomes. | Co. | Coo, | Coom | Ent. Comes."
A09857,NICHOLAS,kept,1389,"Nicholas. | Nic. | Nich. | Nicho | Ni, | Ni. | Nich"
A09857,BOY,kept,968,"Boy. | Boy, | Bo. | Ent. Boy. | Boy | Bo | Bo ▪ | Enter Boy. | B."
A09857,MALL,kept,2380,Mall. | Mal. | Mall | M • ll. | M all | M all. | Mal ▪ | M • l. | Mal | Ma.
A09857,HODGE,kept,820,Hodg. | Hod. | Hodge. | Ho. | But.
A09857,SIR RALPH,kept,1125,S. Raph. | S. Ra. | Ra. | Rap. | Raph. | Rap | S. Rap.
A09857,LADY SMITH,kept,159,La.
A09857,WILL,kept,656,Wil. | Will. | Wil.. | W • l. | VVil.
A09857,__crowd__,dropped_short,6,All.
A09857,[unresolved] 〈◊〉 .,unresolved_excluded,57,〈◊〉 .
A10041,CAMBISES,kept,3158,"Cambiſes. | King. | King, | king. | king"
A10041,COUNSEL,kept,339,Councel.
A10041,LORD,kept,318,"Lord, | Lord. | Lord"
A10041,1 LORD,kept,142,firſt Lord.
A10041,2 LORD,kept,163,ſecond Lord.
A10041,3 LORD,dropped_short,35,third Lord. | third Lord
A10041,KNIGHT,kept,159,Knight. | knight.
A10041,SISAMNES,kept,990,"Siſamnes. | Siſamnes,"
A10041,RUF,kept,257,"Ruf. | Ruf,"
A10041,SNUF,kept,256,"Snuf. | ſnuf. | Snuf,"
A10041,HUF,kept,180,"Huf. | Huf,"
A10041,AMBIDEXTER,kept,2246,"Ambidexter. | Ambidexter, | Ambidexter"
A10041,MERETRIX,kept,337,"Meretrix. | Meretrix, | Meretrix"
A10041,SMALL ABILITY,kept,115,Small habilitie. | small habillitie.
A10041,SHAME,kept,132,Shame.
A10041,PRAXASPES,kept,440,Praxaſpes. | Praxaſpes
A10041,COMMONS' CRY,kept,67,Co ̄ mons cry.
A10041,COMMONS' COMPLAINT,kept,193,Commons complaint.
A10041,PROOF,kept,71,Proof.
A10041,TRIAL,dropped_short,22,Tryall.
A10041,OTIAN,kept,253,Otian.
A10041,EXECUTION,kept,61,Execution. | Execution
A10041,YOUNG CHILD,kept,52,Yung childe | Yung childe.
A10041,MOTHER,kept,321,Mother.
A10041,SMERDIS,kept,254,Smirdis.
A10041,ATTENDANCE,kept,84,Attendance.
A10041,DILIGENCE,kept,44,Diligence.
A10041,CRUELTY,kept,122,"Crueltie. | Crueltie,"
A10041,MURDER,kept,87,Murder.
A10041,HOB,kept,193,"Hob, | Hob | Hob."
A10041,LOB,kept,241,Lob.
A10041,MARIAN,kept,206,"Marian. | Marian, | Marian"
A10041,VENUS,kept,172,Venus.
A10041,CUPID,kept,66,Cupid. | Cupid
A10041,QUEEN,kept,550,Lady. | Queene.
A10041,MAID,kept,48,Maid
A10041,PREPARATION,kept,173,Preparation.
A10041,__crowd__,kept,108,All. | All | Bothe. | Bothe the Lords.
A10192,ABRAHAM,kept,2274,Abraham.
A10192,SARA,kept,618,Sara.
A10192,SATAN,kept,1153,Satan in the habit of a Monke. | Satan.
A10192,ANGEL,kept,238,The Angell. | Angell.
A10192,ISAAC,kept,779,Isaac.
A10192,SHEPHERDS,kept,428,Shepherds. | Shep. | The Shepherds. | Shepherds | Halfe the Shepherds. | The one halfe of them. | The other halfe. | The Companie. | The Company.
A10192,__crowd__,dropped_short,30,Abraham and Sara.
A10402.1,PROLOGUE,kept,381,Prolog.
A10402.1,SHOW,kept,207,Show.
A10402.1,SIMPLICIUS,kept,1752,Sim. | Simp. | Sim. 1.
A10402.1,BOY,kept,73,Boy within. | Boy.
A10402.1,1 SCHOLAR,kept,1145,1 Schol. | 1. Schol. | 1 | Schol.
A10402.1,2 SCHOLAR,kept,941,2 Schol. | 2. Schol. | 2
A10402.1,3 SCHOLAR,dropped_short,20,3
A10402.1,ARISTIPPUS,kept,2015,Aristip. | Arist.
A10402.1,WILD MAN,kept,887,Wila. | Wilde-man. | Wild-man. | Wilde-man: | Wilde man. | Wild.
A10402.1,MEDICO,kept,1296,Medico. | Med.
A10407,SIMO,kept,1337,Simo. | Sim.
A10407,BALLIO,kept,2802,Ball. | Ballio. | Ball
A10407,ASOTUS,kept,5399,Asot. | Aso. | As.
A10407,TYNDARUS,kept,3983,Tyn. | Tynd.
A10407,DIPSAS,kept,681,Dyp. | Dyps.
A10407,CHREMYLUS,kept,266,Chrem. | Chr.
A10407,EVADNE,kept,1252,Evad.
A10407,TECHMESSA,kept,1558,Tech. | Tec.
A10407,PAEGNIUM,kept,428,Paeg. | Paeg
A10407,PAMPHILUS,kept,1103,Pam. | Pamp.
A10407,PHRONESIUM,kept,273,Phron.
A10407,1 OFFICER,dropped_short,4,1. Offic.
A10407,2 OFFICER,dropped_short,22,2. Offic.
A10407,THRASYMACHUS,kept,211,Thras. | Thrasim.
A10407,HYPERBOLUS,kept,257,Hyper. | Hyp.
A10407,CHAERYLUS,kept,293,Chaer. | Char. | Chae.
A10407,BOMOLOCHUS,kept,307,Bom.
A10407,PHRYNE,kept,585,Phryn.
A10407,SEXTON,kept,1160,Sext. | Sex.
A10407,STAPHYLA,kept,132,Staph.
A10407,DEMETRIUS,kept,700,Dem. | Astrol.
A10407,PRIEST,kept,273,Priest.
A10407,__crowd__,dropped_short,33,Thr. Hyp. | Cher. Bom. | Both. | Pam. Tyn. Evad. Tech.
A10411.1,FLOWERDEW,kept,691,Flo. | Flowrd. | Flowerd. | Flow. | Flowr. | Flow
A10411.1,BIRD,kept,740,"Bird. | Bird,"
A10411.1,ROSCIUS,kept,1961,Rosc. | Rosci. | Ros.
A10411.1,DEFORMED,kept,80,Defor.
A10411.1,COMEDY,kept,396,Comed. | Come. | Com.
A10411.1,TRAGEDY,kept,397,Trag. | Trage.
A10411.1,SATIRE,kept,181,Satyre. | Sat.
A10411.1,MIME,kept,264,Mime.
A10411.1,COLAX,kept,5037,Colax. | Col. | Cola. | Colax | Col: | Cclax.
A10411.1,DYSCOLUS,kept,613,Dysco. | Dysc.
A10411.1,DEILUS,kept,338,Deilus. | Deil. | Deill. | Dei.
A10411.1,APHOBUS,kept,313,Apho.
A10411.1,ACOLASTUS,kept,468,Acolast. | Acola. | Aco. | Acol.
A10411.1,ANAISTHETUS,kept,596,Anai. | Ana. | Anais.
A10411.1,ANELEUTHERUS,kept,214,Aneleu. | Anel. | Aneil.
A10411.1,ASOTUS,kept,326,Asot.
A10411.1,BANAUSUS,kept,354,Banau. | Ban.
A10411.1,MICROPREPES,kept,358,Micro.
A10411.1,CHAUNUS,kept,512,Cau.
A10411.1,ORGYLUS,kept,424,Org. | Orgy. | Or.
A10411.1,AORGUS,kept,399,Aor.
A10411.1,ALAZON,kept,463,Alaz. | Ala.
A10411.1,EIRON,kept,703,Eir. | Eiron. | Eir: | Pen.
A10411.1,PHILOTIMIA,kept,305,Phil. | Philo. | Phylo.
A10411.1,LUPARUS,kept,229,Lupa. | Lup.
A10411.1,ANAISKYNTIA,dropped_short,21,Anaisk.
A10411.1,KATAPLECTUS,kept,91,Kata. | Katap.
A10411.1,NIMIS,kept,331,Nim. | Nimis.
A10411.1,NIHIL,kept,228,Nihil. | Nih.
A10411.1,PLUS,kept,185,"Plus. | Plus,"
A10411.1,PARUM,kept,234,Parum. | Par.
A10411.1,AGROICUS,kept,292,Agro.
A10411.1,BOMOLOCHUS,dropped_short,8,Bomo.
A10411.1,MEDIOCRITY,kept,900,Med. | Medi •… .
A10411.1,NYMPH,kept,146,Nym.
A10411.1,SHEPHERD,kept,105,Sheap. | Shep. | She.
A10411.2,DORYLAS,kept,2312,Dor. | Do. | Do | Dorylas. | Dir.
A10411.2,LAURINDA,kept,1644,Laur. | Lau. | Lvu.
A10411.2,THESTYLIS,kept,997,Thest. | The. | Thes.
A10411.2,MOPSUS,kept,1966,Mop.
A10411.2,JOCASTUS,kept,907,Io. | Iocast. | Iocas.
A10411.2,MEDORUS,kept,1044,Medo. | Med. | Me.
A10411.2,DAMON,kept,1252,Da. | Dam. | Da ▪
A10411.2,ALEXIS,kept,1051,Alex. | Ale. | Al. | Alexis.
A10411.2,URANIA,kept,777,Vra. | Vran. | Vr.
A10411.2,PILUMNUS,kept,1287,Pil. | Pi. | Pilum.
A10411.2,CORYMBUS,kept,469,Cor. | Co. | Corym.
A10411.2,AMYNTAS,kept,2359,"Amyn. | Amy. | Amyn, | Am. | Amynt."
A10411.2,AMARYLLIS,kept,2032,Ama. | Amar. | Amaril.
A10411.2,CLAIUS,kept,1657,Cla. | Cl. | Clai. | Claius.
A10411.2,BROMIUS,kept,219,Bro.
A10411.2,ECHO,kept,137,Echo. | Ec.
A10411.2,ELVES,kept,109,Elves | Elves. | Elve'. | Elves ▪
A10411.2,__crowd__,dropped_short,22,Both. | All.
A10411.2,[unresolved] Col.,unresolved_excluded,3,Col.
A10438,MELEBEA,kept,1866,Melebea | M | M. | Me
A10438,CALISTO,kept,2885,Calysto | Calisto | C. | C | Ca
A10438,SEMPRONIO,kept,1239,S | S.
A10438,CELESTINA,kept,1734,Ce | Ce.
A10438,PARMENO,kept,754,P. | P | p. | p
A10438,DANIO,kept,1027,Da | D
A10439,MESSENGER,kept,1268,¶ The messenger.
A10439,NATURE,kept,1452,¶Natura Naturata | ¶Nature. | ¶Nat •• e.
A10439,HUMANITY,kept,1461,¶Humanyte. | ¶Humany • t. | Humanyte. | Hu. | ¶Hu. | Hu | Hus | • u. | 〈◊〉 .
A10439,STUDIOUS DESIRE,kept,980,¶Studyous desire | ¶Studyous desire. | ¶Studyo • s desire. | Studyouse desyre. | ¶Studyous desyre. | St. | Stu. | Stu
A10439,SENSUAL APPETITE,kept,1787,¶Sensuall apetyte. | ¶Sensnall apetyte. | Sen. | Sen | • en. | •• n. | Seu.
A10439,TAVERNER,kept,586,Tauer ner. | Ta. | T • .
A10439,EXPERIENCE,kept,1906,Exꝑie ̄ s | E • . | Ex. | Expe.
A10439,IGNORANCE,kept,669,yng. | ¶yngnoraunce. | ¶yngnorau • ce.
A10439,DANCERS,dropped_short,14,¶The daunsers.
A10439,__crowd__,dropped_short,32,¶The daunsers & Sensuall • | ¶Humanyte & yngnorans.
A10440.1,MERCHANT,kept,1297,The marchaunt | March. | M
A10440.1,KNIGHT,kept,835,The knyght | Knyght | K
A10440.1,PLOWMAN,kept,1613,Plow. | P
A10440.2,MERCHANT,kept,1182,M
A10440.2,KNIGHT,kept,1425,K
A10440.2,PLOWMAN,kept,2397,P
A10495,ALERZO,kept,407,Alerzo. | Aler. | Al. | Ale.
A10495,FULGENTIO,kept,229,Ful. | Fu.
A10495,PANDOLPHO,kept,114,PAn. | Pan.
A10495,MACHVILE,kept,2336,Mach. | Mac. | Mach | Ma. | M.
A10495,ANTONIO,kept,1927,"Ant. | An. | Ant,"
A10495,EVADNE,kept,1034,Evad. | Erad. | Evad
A10495,NURSE,kept,390,Nur. | Nurs.
A10495,GIOVANNO,kept,2952,"Gio. | Gi. | Gi, | Gia. | Giovanno."
A10495,RAYMOND,kept,1094,Ray. | Ra.
A10495,LEONIS,kept,34,Leo.
A10495,GILBERTI,dropped_short,21,Gil.
A10495,FIRENZO,dropped_short,8,Fir.
A10495,PHILIPPA,kept,710,Phil. | Phi.
A10495,OLD TAILOR,kept,394,"Old. | Old, | Old Tay."
A10495,VIRMINE,kept,130,Virm.
A10495,1 TAILOR,kept,347,"1 Tay. | 1 Tay, | 1"
A10495,2 TAILOR,kept,134,2 Tay. | 2 Tay
A10495,3 TAILOR,kept,694,3 Tay. | 3 | 3.
A10495,GOVERNOR,kept,250,Gov. | Go.
A10495,OFFICER,dropped_short,32,Of.
A10495,SOLDIER,kept,44,Sol.
A10495,2 MESSENGER,kept,38,2 Mess.
A10495,AURISTELLA,kept,1054,Au. | Aur.
A10495,JUDGE,kept,93,Iud.
A10495,PETRUCCIO,kept,507,Pet. | Pet
A10495,CAPTAIN,kept,113,Capt. | Cap.
A10495,TROTTER,kept,68,Trot.
A10495,BANDIT,dropped_short,3,Ban.
A10495,3 BANDIT,dropped_short,5,3 Ban.
A10495,KING,kept,712,King.
A10495,__crowd__,kept,55,Within. | Lords. | Fu. Pa. Ale. | Aler. Ful. Pan. | All Tay. | Omnes.
A10495,[unresolved] Bra.,unresolved_excluded,2,Bra.
A10726,YORK,kept,1216,"Yorke. | York. | York | Yorke | York,"
A10726,WARWICK,kept,3068,Warwike. | War. | War | VVar.
A10726,EDWARD,kept,2501,Edw. | Edward | Edw | Ed | Edward. | Edw ▪ | K Edw. | K Edw | K Ed. | K Ed
A10726,RICHARD GLOUCESTER,kept,2124,Rich. | Rich | Glo. | Glo | Gloſt. | Gloſter.
A10726,MONTAGUE,kept,106,Mont | Mont. | Monta.
A10726,NORFOLK,dropped_short,30,Norf. | Norf
A10726,HENRY VI,kept,1659,King | King. | Hen. | K. Hen. | K Hen.
A10726,NORTHUMBERLAND,kept,259,Northu. | North. | N • rthum. | Northum. | Nor.
A10726,CLIFFORD,kept,1131,Clif. | Cliff. | Clif
A10726,WESTMORLAND,kept,66,Weſt. | West.
A10726,EXETER,kept,105,Exet.
A10726,MARGARET,kept,1434,Queene. | Quee. | Quee | Queen.
A10726,PRINCE EDWARD,kept,291,Prin. | Prince. | Prin | Prince Ed. | Prince Edw. | P. Ed.
A10726,MESSENGER,kept,440,Meſ.
A10726,POST,kept,47,Poſt. | Oxf poſt.
A10726,SIR JOHN MORTIMER,kept,151,Sir Iohn.
A10726,TUTOR,dropped_short,30,Tutor. | Tutor
A10726,RUTLAND,kept,170,Rut.
A10726,CLARENCE,kept,695,George. | Cla. | Cla | Cl • .
A10726,1 SOLDIER,kept,142,Sould | 1. Sould.
A10726,2 SOLDIER,kept,124,"2. Soul. | 2. Sol. | 2, Soul."
A10726,KEEPER,kept,146,Keeper.
A10726,LADY GREY,kept,216,La.
A10726,LEWIS,kept,310,Lewes. | Lew. | K Lewes.
A10726,OXFORD,kept,375,Ox. | Oxf. | Oxf ▪
A10726,BONA,kept,49,Bona. | Bona
A10726,HASTINGS,kept,40,Haſt.
A10726,RIVERS,kept,102,Riuers. | Riu. | Riu
A10726,MAYOR,kept,54,Mair.
A10726,HUNTSMAN,dropped_short,26,Huntſ
A10726,SOMERSET,kept,121,Sum | Sum.
A10726,SOMERVILLE,dropped_short,19,Sommer.
A10726,__crowd__,dropped_short,6,All.
A10730,RICHARD III,kept,5924,Rich. | Richard. | Ri. | Ric. | King. [Richard III] | Kin. [Richard III]
A10730,EDWARD V,kept,653,Kng. | King. [Edward V] | Kin. [Edward V]
A10730,CLARENCE GHOST,dropped_short,12,Ghoſt.
A10730,POETRY,kept,44,Poetrie. | Poet. | Poe.
A10730,TRUTH,kept,421,Truth. | Truth | Tru.
A10730,HASTINGS,kept,166,Haſtings. | Haſt. | Hast.
A10730,DORSET,kept,167,Marcus. | Mar. | Marc.
A10730,ELIZABETH,kept,220,Elizabeth. | Eliza. | Eliz.
A10730,SHORE,kept,1288,Shorſe. | Shore. | Shores. | Shores wife.
A10730,URSULA,dropped_short,29,Hurſ.
A10730,LODOWICK,kept,487,Lod. | Lo.
A10730,CITIZEN,kept,505,Citi. | Cit.
A10730,MORTON,kept,242,Mor. | Mort.
A10730,CATESBY,kept,287,Casbie. | Cateſ. | Cat. | Cate. | Catesbie.
A10730,PERCIVAL,kept,100,Perc. | Per.
A10730,PAGE,kept,1640,Page. | Pag.
A10730,RIVERS,kept,552,Riuers. | Riu.
A10730,GREY,kept,378,Gray.
A10730,VAUGHAN,dropped_short,31,Vaugh. | Vaughon.
A10730,HOST,kept,317,Oste. | Oſte. | Ost. | ſte.
A10730,BUCKINGHAM,kept,683,Buc. | Buckingham.
A10730,HAWTE,kept,50,Hapc. | Hap.
A10730,YORK,kept,203,Yorke. | York.
A10730,QUEEN,kept,816,Q. | Queene. | Queen.
A10730,MESSENGER,kept,680,Meſſen | Meſſ. | Meſſen.
A10730,CARDINAL,kept,228,Car. | Card.
A10730,SERVANT,kept,70,Seru.
A10730,BRAKENBURY,kept,104,Broken. | Bro.
A10730,TYRRELL,kept,284,Ter. | Terrell.
A10730,FORREST,kept,330,For. | Forest.
A10730,SLAUGHTER,kept,121,Well. | Will. | VVill.
A10730,DIGHTON,kept,108,Dout. | Dent. | Iack.
A10730,BANISTER,kept,42,Ban.
A10730,HERALD,dropped_short,35,Herald.
A10730,STANLEY,kept,815,Stand. | Standley. | Stan. | L. Stan.
A10730,GEORGE STANLEY,kept,158,George. | George Stan.
A10730,LOVELL,kept,162,Lou.
A10730,OXFORD,kept,396,Oxf.
A10730,BLUNT,kept,61,Blunt.
A10730,LANDOIS,kept,95,Lan.
A10730,RICHMOND,kept,216,Richm.
A10730,REPORT,kept,53,Report.
A10730,EDWARD IV,kept,583,King. [Edward IV]
A10730,__crowd__,kept,48,All. | Men. | Both.
A11145,KING,kept,2921,"K. | Kin. | Kin, | Kin ▪"
A11145,CARDINAL,kept,805,Car. | Card.
A11145,PAULINA,kept,979,Quee. | Q • ee. | Q •• e.
A11145,ONAELIA,kept,1684,Onae. | Ona. | One. | On •• . | On • e. | On • .
A11145,CORNEGO,kept,685,Corn. | Cor.
A11145,MEDINA,kept,1774,Med. | Maed. | M • d.
A11145,BALTHAZAR,kept,3140,Bal. | Balt. | ▪ Bal. | B • l. | Within Bal.
A11145,COCKADILLIO,kept,51,Cock. | Co • ck.
A11145,ALANZO,kept,47,Alanz.
A11145,DAENIA,kept,192,Daen. | Dan. | D • en. | D • n. | D •• n.
A11145,ALVA,kept,108,Alb.
A11145,MALATESTE,kept,872,Mal. | Mal
A11145,SEBASTIAN,kept,70,Seb. | S • b.
A11145,LOPEZ,kept,42,Lop. | L • p.
A11145,CARLO,kept,61,Carl.
A11145,RODERIGO,dropped_short,15,Rod. | Ro.
A11145,VALASCO,kept,38,Val. | • al.
A11145,POET,kept,244,Poet.
A11145,NO,dropped_short,5,No.
A11145,__crowd__,dropped_short,31,Omnes.
A11145,[unresolved] Quest.,unresolved_excluded,49,Quest.
A11145,[unresolved] Answ.,unresolved_excluded,51,Answ.
A11146,WOLSEY,kept,1911,"Woolsie. | Wool. | VVool. | Wol. | VVol. | Wolsie. | VVolsie: | VVolsie. | Wools: | Wools. | VVools, | Wool: | W • l. | VV • l. | W • l: | Car. | Card:"
A11146,BONIVET,kept,192,Boneuet. | Bonneuet. | Bone.
A11146,BONNER,kept,442,Bon. | Bon: | B • n. | B •• .
A11146,PARIS,kept,96,Paris. | Par.
A11146,COMPTON,kept,578,Cum. | Cump. | Comp: | Cumpt. | Compt. | Comp. | Compt: | Co.
A11146,KING,kept,8346,"King. | Kyng. | K • ng. | Kin. | Kin: | king. | king: | King, | K: | k. | K. | K, | Ki. | King | Ki • g. | K •• . | king, | kyng, | king | K • ng: | King: | En, Comp: | Ling. | 〈◊〉 ."
A11146,QUEEN JANE,kept,179,"Q: Iane, | Q: lane,"
A11146,DUDLEY,kept,126,Dud. | Dud: | Dudley: | Dudlye. | Dudly.
A11146,BRANDON,kept,601,Brand. | Bran. | Bran | Bra. | Brandon. | Bran: | 〈◊〉 Bran. | Bron. | Br.
A11146,WILL SOMERS,kept,3926,"Will. | Wil. | VVill. | Wills. | William: | William. | Wil, | Will, | VVill | Will • , | Will: | wil. | VVil. | Wil: | VVill: | wil: | Wils: | vvil: | VVyll: | VV: | Wil | VVil • . | W. | Wub."
A11146,1 LADY,dropped_short,17,1 Lad.
A11146,2 LADY,dropped_short,22,2 Lad
A11146,LADY MARY,kept,222,"La: Mary, | Lady Mary, | Lady Marie. | L. Marie. | L. Mary. | La. Mary. | Lady Mary. | La. Ma"
A11146,MARQUESS DORSET,kept,48,Marq. | Mar. | Ma.
A11146,COUNTESS,kept,50,"Count, | Countesse. | Count."
A11146,SEYMOUR,kept,159,Seym. | Sey. | Sem. | Semer: | Semer. | Se.
A11146,GARDINER,kept,796,Gard. | Gar. | Gard: | G •• :
A11146,GUARD,dropped_short,16,Guard:
A11146,GREY,kept,68,Gray. | Gr. | Gra.
A11146,PATCH,kept,239,Pat. | Patch. | Patch | Pach: | Page. | P • ag:
A11146,CAMPEIUS,kept,214,"Campe. | Campeu: | Campeus, | Campe, | Campe:"
A11146,CONSTABLE,kept,243,Constable. | Con.
A11146,1 WATCH,kept,205,1 Watch. | 1 Wat. | 1. Watch.
A11146,2 WATCH,kept,114,2 Wat. | 2 | 2. Watch. | 2. VVatch. | 2. Wat.
A11146,COBBLER,kept,625,Cob. | Cab.
A11146,DORMOUSE,dropped_short,19,Dor.
A11146,BLACK WILL,kept,452,Black VVill. | Blacke VVill. | Black. | Blacke Will. | Blacke VVil. | Blacke will. | Blac. | Blacke. | Blacke • il. | Blacke Wil.
A11146,PORTER,kept,83,Porter. | Port.
A11146,1 PRISONER,kept,163,1. Prisoner. | 1. Pri. | 1. Pri
A11146,2 PRISONER,dropped_short,15,2 Pris.
A11146,KATHERINE,kept,1222,Queene. | Queen | Queen. | Quee. | Que. | Queene | Queen • | Quee •• | Q • eene | Qu:
A11146,CRANMER,kept,726,Cran. | Cra ̄ . | Cra. | Cr. | Cra • .
A11146,ROOKSBY,dropped_short,33,Rookes.
A11146,BROWNE,kept,129,"Brown. | Browne. | Brow. | Browne, | Bro."
A11146,SERVANT,dropped_short,6,Seruant.
A11146,1 SERVANT,dropped_short,7,1. Ser.
A11146,2 SERVANT,dropped_short,8,2. Ser.
A11146,TYE,kept,452,Tye.
A11146,PRINCE EDWARD,kept,1498,Prince. | Pr. | Prin. | Pri. | Prin: | Prince
A11146,EMPEROR,kept,315,Empe: | Emp:
A11146,__crowd__,dropped_short,21,Bon & Gar. | All.
A11146,[unresolved] 〈◊〉,unresolved_excluded,28,〈◊〉
A11151,SIM,kept,1879,"Sim. | Sim | Sim: | Sim, | Clowne | Clow. | Sam."
A11151,TIM,kept,1683,Tim. | Tim | Tim:
A11151,MARY BLOODHOUND,kept,1400,Mary. | Mol. | Moll. | Moll | M • ll. | Mol
A11151,OLD BLOODHOUND,kept,2913,Blood. | Blood | Blod. | Bload.
A11151,WIDOW,kept,1557,"Wid. | Widdow. | Wid, | VVid. | Wid: | VViddow. | W • d."
A11151,MAID,kept,436,Maid. | Mayd. | Mayd | Mayd:
A11151,FILE,kept,84,Smith.
A11151,ALEXANDER,kept,2146,"Alex. | Alexander. | Alex | Alex, | Alexand. | Ale. | A 〈…〉 . | A 〈…〉"
A11151,CARVEGUT,kept,609,Captaine. | Cap. | Capt. | Cap
A11151,BOTTOM,kept,440,Lieu. | L • eu. | Lieu: | Li •• .
A11151,RANDALL,kept,1488,Rand. | Ran. | Randals. | Randall. | Ram.
A11151,YOUNG,kept,924,Ant. | Ant
A11151,JARVIS,kept,2227,Iar. | Iaruis. | Iarvis. | Lar.
A11151,JOHN,kept,288,Iohn. | Ioh.
A11151,EARLACK,kept,289,Eare. | Earla. | Earl.
A11151,SUE,kept,95,Sue.
A11151,COOT,kept,255,Bawd | Bawd.
A11151,DRAWER,kept,52,Draw.
A11151,BUSY,kept,177,Const. | Bussy. | Coast.
A11151,WATCH,dropped_short,15,Watch.
A11151,SIR MARMADUKE,dropped_short,32,Sir Marma. | Sir Mar.
A11151,AMBODEXTER,dropped_short,8,Ambodex.
A11151,__crowd__,dropped_short,24,Iohn. Iar. | Omnes.
A11151,[unresolved] B 〈…〉 d.,unresolved_excluded,4,B 〈…〉 d.
A11151,[unresolved] Ans.,unresolved_excluded,4,Ans.
A11152,ALURED,kept,656,King. | Al.
A11152,QUEEN,kept,677,Queen. | Quee. | Qu.
A11152,ELDRED,kept,1051,Ellred. | Elr. | El. | Eld. | Chris. | Crispia. | Crispian. | Crisp. | Crisp
A11152,OFFA,kept,1744,"Offa. | Crispi. | Cris. | Cri. | Cris,"
A11152,AMPHIABEL,kept,593,"Amphi. | Am. | Amph. | Amph,"
A11152,SIR HUGH,kept,1130,Hugh. | Hugh
A11152,MAXIMINUS,kept,1914,Max.
A11152,DIOCLETIAN,kept,1047,Dio. | Diocle. | Dioc. | Diocl.
A11152,LEODICE,kept,1805,"Leo. | Leo, | Leod."
A11152,ALBAN,kept,132,Alb. | Albon.
A11152,BASSIANUS,kept,276,Bass. | Bas.
A11152,RUTULLUS,kept,115,Rut.
A11152,SHOEMAKER,kept,1854,Shoo. | Shoo | Sho. | Sh • o. | Shooe. | Shoe.
A11152,SISLY,kept,1241,"Sis. | Wife. | Wife, | Wif. | Wise."
A11152,BARNABY,kept,2334,Bar.
A11152,RALPH,kept,144,Ralph. | Ral. | R • ph. | Raph.
A11152,WINIFRED,kept,1316,"Win. | Win,"
A11152,HOWELL,kept,87,Lord. | Lor.
A11152,ANGEL,kept,144,Ang.
A11152,NURSE,kept,1032,Nu. | Nurs. | Nurse. | Nur.
A11152,NUNTIUS,kept,69,Nun.
A11152,RODERICK,kept,294,Rod.
A11152,HULDRICK,kept,186,Hul.
A11152,LUTIUS,kept,168,Lut.
A11152,ROMAN,kept,51,Rom.
A11152,CAPTAIN,kept,76,Cap.
A11152,SERVANT,dropped_short,3,Ser.
A11152,1 SHOEMAKER,dropped_short,33,1.
A11152,2 SHOEMAKER,kept,60,2.
A11152,3 SHOEMAKER,dropped_short,24,3.
A11152,4 SHOEMAKER,kept,52,4.
A11152,__crowd__,kept,97,Both. | Bar. Raph. | All. | Within.
A11153,OLD FORSTER,kept,3229,"Old Foster. | O. Fost. | O. •• st. | O ▪ Fost. | O. Fost | O, Fost. | O. Fost, | 〈◊〉 ."
A11153,BRUNE,kept,2064,Br. | Bruine. | Bru. | • r.
A11153,RICHARD,kept,232,Ric. | Rich.
A11153,GEORGE,kept,213,Geor. | Geo. | G •• .
A11153,MISTRESS FORSTER,kept,1623,M. Fost. | M. 〈◊〉 .
A11153,ROBERT,kept,1849,Rob. | Reb.
A11153,STEPHEN,kept,4070,"Step. | Ste. | Ste,"
A11153,WIDOW,kept,2761,Wid. | Wife.
A11153,ROGER,kept,1598,Clow. | Clo.
A11153,DOCTOR,kept,336,Doct.
A11153,JOAN,dropped_short,35,Ioane.
A11153,BOXALL,kept,363,Host.
A11153,JACK,kept,103,Iack.
A11153,DICK,kept,48,Dick.
A11153,HUGH,kept,70,Hugh.
A11153,SPEEDWELL,kept,695,God. Sp. | Speed. | Speede.
A11153,LAMBSKIN,kept,1114,Lamb. | Lamb
A11153,JANE,kept,807,Iane. | Ian. | Iane
A11153,KEEPER,kept,386,Keep. | Keeper.
A11153,HENRY III,kept,427,King. | Kin.
A11153,MOUNTFORD,dropped_short,10,Moun.
A11153,ARUNDEL,kept,60,Arun.
A11153,__crowd__,dropped_short,7,Om.
A11153,[unresolved] 〈◊〉,unresolved_excluded,61,〈◊〉
A11155,RODERICK,kept,1681,Rodericke. | Rod. | Rod
A11155,LOTHARIO,kept,1327,"Lo. | Lo,"
A11155,MEDINA,kept,84,Med.
A11155,JULIANUS,kept,2631,Iul.
A11155,ANTONIO,kept,1844,Ant. | Aut. | A 〈…〉 .
A11155,LAZARELLO,kept,1455,Laz. | Laza. | Laz: | La. | La:
A11155,MALENA,kept,619,Mal. | Mal
A11155,JACINTA,kept,1383,Iac. | Iacin. | Iaci 〈…〉 . | Iao.
A11155,PEDRO,kept,214,Ped.
A11155,JAQUES,kept,1682,Iaq. | Iaq: | Clo. Ia. | Ia. | Iai | Iay. | I •• .
A11155,CLAVEELE,kept,57,Cla.
A11155,MARGARETTA,kept,1088,Mar. | Marg. | Ma.
A11155,ALONZO,kept,215,Alon. | Al • n.
A11155,DIONYSIA,kept,927,Dio. | Di • . | D •• .
A11155,MULY MUMEN,kept,534,Mull. | Mull: | Moore. | Mo.
A11155,ZACHARIA,kept,59,Zac.
A11155,MOORS,dropped_short,10,Moores. | Amb.
A11155,COB,kept,265,Cob. | C •• .
A11155,FIDELLA,kept,132,Fy. | Fyd. | Fud. | Fia.
A11155,PIAMENTELLI,kept,216,Pia.
A11155,SERVANT,dropped_short,27,Serv. | Ser.
A11155,__crowd__,dropped_short,25,Omn. | O 〈…〉 .
A11155,[unresolved] 〈◊〉 .,unresolved_excluded,36,〈◊〉 .
A11205,THYRSIS,kept,2349,Thy. | Thyr. | Th.
A11205,MONTANUS,kept,622,Mon. | Mo.
A11205,BOY,kept,93,Boy.
A11205,HYLAS,kept,873,Hy. | Hy
A11205,MYRTILLUS,kept,2236,Mi. | Mi | Ni.
A11205,NERINA,kept,1710,"Ne. | Me. | Me,"
A11205,DORINDA,kept,989,Do.
A11205,CHARINUS,kept,946,Cha.
A11205,DAPHNIS,kept,1195,Da.
A11205,SYLVIA,kept,1802,Syl. | Sy. | Sil.
A11205,DELIA,kept,531,Del. | De.
A11205,CLEANDER,kept,1320,Cle. | Cla. | Gle.
A11205,EUBULUS,kept,414,Eub. | • ub.
A11205,EUARCHUS,kept,1689,Eu. | Ev.
A11205,NUNTIUS,kept,54,Nun. | Mun.
A11205,CHORUS,dropped_short,8,Cho.
A11205,ALCON,kept,480,Al.
A11205,1 SHEPHERD,dropped_short,35,1 ſhep.
A11205,2 SHEPHERD,kept,61,2 ſhep. | 2. ſhep.
A11205,[unresolved] M.,unresolved_excluded,20,M.
A11262,ATE,kept,642,Atey. | Ate.
A11262,BRUTUS,kept,922,Brutus. | Bru. | Brut.
A11262,LOCRINE,kept,2276,Locrin. | Loc. | Locrine. | Locr. | Locri. | L • c. | Lo.
A11262,CAMBER,kept,400,Cam. | C • m.
A11262,ALBANACT,kept,792,Alba. | Alb. | Al.
A11262,ALBANACT GHOST,kept,38,Alba. ghost. | Ghoast.
A11262,CORINEUS,kept,1330,Corin. | Cori. | Cor.
A11262,CORINEUS GHOST,kept,320,Ghost.
A11262,GWENDOLINE,kept,1007,Guend. | Guen. | • uen.
A11262,ASSARACUS,kept,287,Assar. | Assa.
A11262,DEBON,dropped_short,31,Deb.
A11262,THRASYMACHUS,kept,985,Thrasi. | Thra.
A11262,STRUMBO,kept,1704,Strum. | Strumbo. | Stru.
A11262,TROMPART,kept,157,Trom. | Trum. | Tr • m.
A11262,DOROTHY,kept,134,Doro. | Dor.
A11262,HUMBER,kept,2258,Hum. | Humb.
A11262,HUBBA,kept,408,Hubba. | Hub.
A11262,ESTRILD,kept,887,Astr. | Estrild. | Estr. | Est.
A11262,SEGAR,kept,111,Seg. | Segar.
A11262,CAPTAIN,kept,141,Cap.
A11262,OLIVER,kept,101,Oliu. | Oli.
A11262,WILLIAM,dropped_short,35,VVil.
A11262,MARGERY,kept,67,Mar.
A11262,1 SOLDIER,kept,51,A sold. | 1. Sold. | 1. Sol.
A11262,2 SOLDIER,kept,40,Another sold. | 2. Sol.
A11262,PAGE,dropped_short,34,Page.
A11262,MADAN,dropped_short,31,Madan.
A11262,SABREN,kept,487,Sab. | Sa.
A11262,__crowd__,dropped_short,21,All.
A11264,WIDOW,kept,1669,Widow. | Wid. | Wid | Widd. | Widdow. | VVid. | VViddow. | W • d. | Wed.
A11264,SIR GODFREY,kept,2026,"Sir Godfrey. | Sir God. | Sir Godf. | Syr Godf. | Syr Godf, | Sir Godf | Sir Goaf. | Si. Go. | Sir Go."
A11264,EDMOND,kept,1158,"Edm, | Edm. | Ed •• nd. | Edn. | Ed • n. | Edm | Edm' | Ed •• . | Ed."
A11264,FRANCES,kept,179,Fran. | Franck. | Franke. | Frank. | Franck
A11264,MOLL,kept,797,"Mol. | Moll. | Moll, | Moll:"
A11264,PIEBOARD,kept,5365,"Pye. | Pie. | Pye-boord. | Py. | Pyb. | Pi • . | Pie, | Pib. | Pyb | P • b. | Peb. | Pie | Pye | Pit."
A11264,SKIRMISH,kept,589,"Skir. | Skirmish. | Skirm. | Sker. | S • ir. | Ski • m. | Skir,"
A11264,IDLE,kept,2007,Cap. | Capt. | Captain. | Captaine. | Cap: | Cap
A11264,OATH,kept,414,Corp. | Corpe. | Corpor. | Cor. | Corp
A11264,NICHOLAS,kept,840,Nich. | Nicho. | Nich • . | Nic. | • Nich. | Nic
A11264,SIMON,kept,186,"Sim. | Simon. | Sim,"
A11264,FRAILTY,kept,669,Frail. | F • ail. | Frai. | Frayl. | Fray. | Frail | Fra. | Fra • .
A11264,PENNYDUB,kept,269,Penny-dub. | Penny. | Penny | Penne. | Pen. | 〈◊〉 Penny. | Sir I oh.
A11264,TIPSTAFF,kept,97,Tip. | Tipst. | Tip
A11264,MUCKHILL,kept,320,Muck | Muck. | Muc.
A11264,PUTTOCK,kept,723,"Put. | Put, | Puttock. | Puttock ▪"
A11264,RAVENSHAW,kept,418,Rauen. | Ra • . | Rau. | Rauinsh. | Rauenshaw. | Raue. | Ra. | Ra | Ra • e • .
A11264,DOGSON,kept,49,Dog. | Dogs • n.
A11264,OFFICER,dropped_short,30,Offi.
A11264,GENTLEMAN,kept,210,Gentle. | Gent. | Gen.
A11264,SERVANT,kept,56,Ser. | Seru.
A11264,KEEPER,dropped_short,13,Keep. | Keep
A11264,SHERIFF,kept,64,Shir. | Sheriff.
A11264,NOBLEMAN,kept,494,Nob.
A11264,__crowd__,kept,38,All. | Both. | Pie. Skir. | Tipst. Penny. | Tip. Cap. | Mother and Franck. | Crie prisoners.
A11264,[unresolved] Sir.,unresolved_excluded,11,Sir.
A11265,HODGE,kept,1335,Hodge. | Hod. | Hodg.
A11265,1 CITIZEN,kept,319,1.
A11265,2 CITIZEN,kept,335,2.
A11265,CROMWELL,kept,3360,Crom. | Cro.
A11265,OLD CROMWELL,kept,364,Old. Cro. | Old Cro. | Old Crom. | Old Cro
A11265,BOWSER,kept,389,Bow.
A11265,BAGOT,kept,1110,Bag. | Ba.
A11265,FRISKIBALL,kept,878,Fri. | Fry. | Fris.
A11265,BANISTER,kept,124,Ban.
A11265,MISTRESS BANISTER,kept,438,Mist. Ba. | Mi. Ban. | Mi Ba. | Mi. Ba.
A11265,CHORUS,kept,307,Cho.
A11265,POST,dropped_short,21,Post. | Po.
A11265,GOVERNOR,kept,544,Gouer. | Gou. | Go.
A11265,BEDFORD,kept,668,Bed.
A11265,HOST,kept,53,Hoa.
A11265,MESSENGER,kept,193,Mes. | Mess.
A11265,STATES,dropped_short,7,Cit.
A11265,HALES,kept,497,Hales. | Hal. | Ha.
A11265,WOLSEY,kept,214,Wol.
A11265,MORE,kept,119,Mo. | More.
A11265,NORFOLK,kept,325,Nor. | Norf. | Norff.
A11265,GARDINER,kept,1091,Gar. | Gard.
A11265,SUFFOLK,kept,145,Suff. | Suf.
A11265,SEELY,kept,203,Seely. | Seelie.
A11265,SEELY'S WIFE,kept,86,Wife.
A11265,USHER,dropped_short,3,Vsher.
A11265,SERVANT,dropped_short,7,Ser.
A11265,1 WITNESS,dropped_short,15,1. wit.
A11265,2 WITNESS,kept,43,2. Wit. | 2. wit.
A11265,SERGEANT,dropped_short,14,Sar.
A11265,LIEUTENANT,dropped_short,33,Lieu.
A11265,__crowd__,dropped_short,9,Both wit.
A11267,HODGE,kept,1330,"Hodge. | Hod, | Hod. | Hod. - | Hodg."
A11267,1 CITIZEN,kept,323,1 | 1.
A11267,2 CITIZEN,kept,341,2 | 2.
A11267,CROMWELL,kept,3808,Crom. | Cro. | Cro | Crow.
A11267,OLD CROMWELL,kept,364,Old Crom. | Old Cro. | Old Crow.
A11267,BOWSER,kept,388,Bow.
A11267,BAGOT,kept,1097,Bag. | Ba.
A11267,FRISKIBALL,kept,881,Friſ. | Fri. | Fris.
A11267,BANISTER,kept,137,Ban. | Ba
A11267,MISTRESS BANISTER,kept,439,Miſt. Ba. | Mi. Ba.
A11267,CHORUS,kept,300,Cho. | Ch • .
A11267,POST,dropped_short,21,Poſt. | Po.
A11267,GOVERNOR,kept,535,Gouer. | Gou.
A11267,BEDFORD,kept,749,Bed. | • id.
A11267,HOST,kept,53,Hoa.
A11267,MESSENGER,kept,200,Meſ. | Meſſ. | Mſe.
A11267,STATES,dropped_short,7,C •• .
A11267,HALES,kept,503,Hales. | Hal. | Ha.
A11267,WOLSEY,kept,212,Wol. | Wel.
A11267,MORE,kept,123,Mo. | Moore.
A11267,NORFOLK,kept,346,"Nor. | Norf. | Nor,"
A11267,GARDINER,kept,1150,Gar. | Gard.
A11267,SUFFOLK,kept,155,Suff. | Suf.
A11267,SEELY,kept,204,Seely.
A11267,SEELY'S WIFE,kept,87,Wife.
A11267,USHER,dropped_short,3,Vſher.
A11267,SERVANT,dropped_short,21,Ser.
A11267,1 WITNESS,dropped_short,15,1 Wit.
A11267,2 WITNESS,kept,42,2 Wit.
A11267,LIEUTENANT,kept,42,Lieu.
A11267,SADLER,kept,50,Sad.
A11267,HARRY CROMWELL,dropped_short,19,Son.
A11267,HANGMAN,dropped_short,11,Hang.
A11267,OFFICER,dropped_short,8,Offi.
A11267,__crowd__,dropped_short,9,Both wit.
A11435,YOUNG BATEMAN,kept,1777,Y. Ba. | Y. Bat. | Y. ba.
A11435,ANNE,kept,2377,"A NNE, | An."
A11435,URSULA,kept,1699,Vrs. | Vrs
A11435,BOOT,kept,1153,Bo.
A11435,OLD BATEMAN,kept,960,O. Ba. | O. Bat.
A11435,CLIFTON,kept,1715,Clif. | Cilf.
A11435,HUFFIT,dropped_short,8,Sho.
A11435,MILES,kept,1056,Mi. | Mil. | Miles.
A11435,BALL,kept,1058,Bal. | Ball. | Ba.
A11435,JOSHUA,kept,1095,Iosh. | Ios. | Io. | Ios
A11435,GREY,kept,1006,Grey. | Gr. | Gray:
A11435,ARGYLL,kept,311,Arg. | Ar.
A11435,CROSS,kept,274,Cros. | Cro.
A11435,TRUMBALL,kept,83,Trum.
A11435,GERMAN,kept,155,Ger.
A11435,MARTIGUES,kept,292,Mor. | Mar.
A11435,DOYSEL,kept,99,Do. | Doy.
A11435,MONLUC,kept,172,Mon.
A11435,GHOST,kept,390,Gho. | Gh.
A11435,QUEEN ELIZABETH,kept,476,Qu.
A11435,MAYOR,kept,266,Ma.
A11435,PRATLE,kept,771,Pra.
A11435,MAGPIE,kept,108,Mag.
A11435,GOSSIP BARREN,kept,110,Barr. | Bar.
A11435,GOSSIP LONG,kept,37,Lon. | Long.
A11435,SOLDIER,dropped_short,4,Sol.
A11435,FRENCH LORD,dropped_short,8,F. Lo.
A11435,ENGLISH LORD,dropped_short,12,E. Lo.
A11435,__crowd__,dropped_short,18,Omnes. | Omn. | Omnes:
A11435,[unresolved] M.,unresolved_excluded,28,M.
A11909.1,MEGARA,kept,997,ME. | Meg.
A11909.1,AMPHITRYON,kept,3076,AM. | Am. | Am? | A. | A
A11909.1,LYCUS,kept,811,Ly. | LY.
A11909.1,HERCULES,kept,2272,Her. | HE. | He. | He | H.
A11909.1,THESEUS,kept,2123,The. | TH. | Th. | Theſens.
A11909.10,DEIANIRA,kept,4340,DEI. | DE. | De. | D. | Dei. | (De.
A11909.10,NURSE,kept,1509,Nv. | NV. | Nu. | N. | (NV.
A11909.10,HYLLUS,kept,1816,Hil. | Hyl. | Hi.
A11909.10,HERCULES,kept,3306,Her. | HE. | (Her.
A11909.10,ALCMENA,kept,1051,AL. | A. | Alc.
A11909.10,PHILOCTETES,kept,1837,PH. | Ph.
A11909.10,CHORUS,kept,316,Ch. | CH. | C.
A11909.2,TANTALUS,kept,348,Tan.
A11909.2,MEGAERA,kept,1205,Meg. | Meg
A11909.2,ATREUS,kept,2506,Atre. | Atr. | At. | Arr.
A11909.2,SERVANT,kept,893,Ser. | Sea.
A11909.2,THYESTES,kept,1959,Thy. | Th. | T.
A11909.2,PHYLISTHENES,kept,237,Phy. | P.
A11909.2,MESSENGER,kept,2502,Me. | Mc. | Mess.
A11909.2,CHORUS,kept,149,Ch. | Chor. | Cho.
A11909.3,OEDIPUS,kept,4198,Oed. | Oedip. | OEdi. | O Edi. | OEd.
A11909.3,ANTIGONE,kept,1403,Antig | Anti. | AN. | Ant.
A11909.3,NUNTIUS,kept,456,NV. | Nune.
A11909.3,JOCASTA,kept,3313,IOC. | Ioc.
A11909.3,POLYNICES,kept,553,POL. | Poly. | POLY. | Pol. | POC.
A11909.4,NURSE,kept,5585,NV. | Nu. | Nu | Nu • . | NVT.
A11909.4,PHAEDRA,kept,2994,PH. | Ph. | P.
A11909.4,HIPPOLYTUS,kept,1803,Hip. | HIP. | H.
A11909.4,THESEUS,kept,2781,Th. | TH. | TH
A11909.4,MESSENGER,kept,440,Nun. | NVN.
A11909.4,CHORUS,dropped_short,33,Ch.
A11909.5,OEDIPUS,kept,6235,"OE. | OED. | Oed. | Oe, | Oe. | OEd. | Oed"
A11909.5,JOCASTA,kept,560,IOC. | IO.
A11909.5,CREON,kept,2394,Cre. | Cr. | CRE. | CR.
A11909.5,TIRESIAS,kept,543,TY. | T Y.
A11909.5,MANTO,kept,545,M A. | MA.
A11909.5,OLD MAN,kept,506,SEN. | S. | SE.
A11909.5,PHORBAS,kept,136,PH. | P.
A11909.5,CHORUS,kept,120,CHO. | CHOR.
A11909.6,HECUBA,kept,1075,HEC. | Hec. | H.
A11909.6,WOMEN,kept,293,WO. | VVO.
A11909.6,CHORUS,dropped_short,23,Ch.
A11909.6,TALTHYBIUS,kept,367,Tal.
A11909.6,AGAMEMNON,kept,864,Ag. | Aga. | AG. | A.
A11909.6,PYRRHUS,kept,316,Pyr. | Pir. | PYR. | P.
A11909.6,CALCHAS,kept,162,Cal.
A11909.6,OLD MAN,kept,171,Sen.
A11909.6,ANDROMACHE,kept,3287,"And. | Andr. | And, | An. | An • . | And | An | Andr"
A11909.6,ULYSSES,kept,1173,VI. | Vli. | Vl. | Vliſſ.
A11909.6,ASTYANAX,dropped_short,3,Aſti.
A11909.6,HELENA,kept,300,• el. | Hele. | Hele
A11909.6,MESSENGER,kept,987,Nun | Nun. | Nu.
A11909.7,MEDEA,kept,5848,ME. | Me. | M.
A11909.7,NURSE,kept,481,NV. | N. | Nu ̄ . | Nut.
A11909.7,CREON,kept,526,CR. | C.
A11909.7,JASON,kept,666,IA.
A11909.7,CHORUS,dropped_short,19,Ch.
A11909.8,NURSE,kept,602,Nut. | Nu.
A11909.8,CLYTEMNESTRA,kept,2229,"Clit. | Cli. | Cl. | Cly. | Cly, | CLY. | CL. | CL"
A11909.8,AEGISTHUS,kept,620,Ae | Aeg. | Ae. | AEGI.
A11909.8,EURYBATES,kept,2350,Eu. | Euri. | Eury.
A11909.8,CASSANDRA,kept,1051,CAS. | CA. | C.
A11909.8,CHORUS,kept,591,CHO.
A11909.8,AGAMEMNON,kept,166,AG.
A11909.8,ELECTRA,kept,467,ELE. | ELEC. | EL. | E.
A11909.8,STROPHILUS,kept,163,STR.
A11909.9,OCTAVIA,kept,1255,Octauia. | Oct.
A11909.9,NURSE,kept,1354,Nutrix. | Nu. | Nut. | NV.
A11909.9,SENECA,kept,838,Se.
A11909.9,NERO,kept,1579,Ne. | Ne | Nero. | Ner. | Ner:
A11909.9,PREFECT,kept,128,Pre. | Prae. | Praef.
A11909.9,POPPAEA,kept,376,Po. | Pop.
A11909.9,MESSENGER,kept,255,Nun.
A11909.9,CHORUS,kept,787,Cho. | Ch. | Chor.
A11910,THYESTES,kept,895,Thyestes.
A11910,NURSE,kept,625,Nu. | Nu
A11910,CLYTEMNESTRA,kept,2230,Cly. | Cl. | Cl • : | Cly •
A11910,AEGISTHUS,kept,752,• eg. | A • g. | Aeg. | Aegist.
A11910,EURYBATES,kept,2426,Eury.
A11910,CASSANDRA,kept,1632,Cass. | Cassandra. | Ca.
A11910,AGAMEMNON,kept,176,Aga.
A11910,ELECTRA,kept,587,¶ Electra | Elec. | Elect. | Ele. | • ec
A11910,STROPHILUS,kept,171,St • o. | Stro •
A11910,CHORUS,kept,614,Cho.
A11911,CHORUS,kept,6147,Chorus. | CHORVS.
A11911,MEGARA,kept,2797,ME. | MEG. | Megara. | Me. | MEG | M. | M •… .
A11911,AMPHITRYON,kept,2916,AM. | Am. | AM | A.
A11911,LYCUS,kept,1286,LY. | Ly. | L.
A11911,HERCULES,kept,3948,H. | HE. | He. | He | Her. | Hercules. | HER. | Her
A11911,THESEUS,kept,4801,Th. | TH. | T. | THE. | THE
A11912,MEDEA,kept,8768,Medea. | Me. | MEDEA.
A11912,NURSE,kept,1479,Nu. | Nutrix. | Nu ̄ | Nut. | Ne.
A11912,CREON,kept,552,Cre.
A11912,JASON,kept,756,"Ia. | Ia,"
A11912,MESSENGER,kept,148,Nun.
A11912,CHORUS,dropped_short,36,"Cho. | C • o,"
A11914,TANTALUS,kept,344,Tan.
A11914,MEGAERA,kept,791,Meg.
A11914,ATREUS,kept,1777,Atre. | Atr. | At.
A11914,SERVANT,kept,575,Ser.
A11914,THYESTES,kept,2005,"Thy. | Th. | Thy, | Thyest."
A11914,PHYLISTHENES,kept,236,Phy. | Phyl. | Ph.
A11914,MESSENGER,kept,1761,Mess. | Me.
A11914,CHORUS,kept,151,Cho. | Ch. | Chor.
A11917,OCTAVIA,kept,1311,Octauia. | Oct.
A11917,NURSE,kept,1349,Nutrix. | Nut.
A11917,SENECA,kept,848,Seneca. | Se.
A11917,NERO,kept,1512,Nero. | Ne. | Nc. | Ner.
A11917,PREFECT,kept,161,Prefectus. | Prae. | Praef.
A11917,POPPAEA,kept,367,Poppea. | Pop.
A11917,MESSENGER,kept,196,Nunt.
A11917,CHORUS,kept,768,Chorus. | Cho. | Chor.
A11954.1,MASTER,dropped_short,19,Maſter. | Maſt.
A11954.1,BOATSWAIN,kept,368,Boteſ. | Bot.
A11954.1,MARINERS,dropped_short,8,Mari.
A11954.1,ALONSO,kept,755,Alon. | Alonſ. | Alo. | Al. | Ale.
A11954.1,SEBASTIAN,kept,705,Sebaſ. | Seb.
A11954.1,ANTONIO,kept,995,Anth. | An. | Ant. | Auth.
A11954.1,GONZALO,kept,1184,Gonz. | Gon. | Gen.
A11954.1,PROSPERO,kept,4642,Proſ. | Pro.
A11954.1,MIRANDA,kept,1005,Mira. | Mir.
A11954.1,ARIEL,kept,1236,Ari. | Ar. | Ariel | Ariell | Ariell. | Ariel.
A11954.1,CALIBAN,kept,1348,Cal.
A11954.1,FERDINAND,kept,979,Fer.
A11954.1,ADRIAN,kept,65,Adr. | Adri. | Ad.
A11954.1,FRANCISCO,kept,80,Fran. | Fr.
A11954.1,TRINCULO,kept,836,Tri. | Trin. | Tr.
A11954.1,STEPHANO,kept,1328,Ste. | St.
A11954.1,IRIS,kept,298,Iris. | Ir.
A11954.1,CERES,kept,111,Cer.
A11954.1,JUNO,kept,86,Iu.
A11954.1,__crowd__,dropped_short,4,Fer. Mir.
A11954.10,ORLANDO,kept,2396,Orlando. | Orlan. | Orl.
A11954.10,ADAM,kept,531,Adam. | Ad.
A11954.10,OLIVER,kept,1159,Oli. | Oliuer. | Ol. | Oliu.
A11954.10,DENNIS,dropped_short,18,Den.
A11954.10,CHARLES,kept,480,Cha. | Charles. | Char.
A11954.10,CELIA,kept,2106,Cel.
A11954.10,ROSALIND,kept,5830,Roſ. | Ros. | Roſ: | Roſa. | Roſ | Roſalind.
A11954.10,TOUCHSTONE,kept,2381,Clow. | Clo. | Clo • | Cle. | Cl •
A11954.10,LE BEAU,kept,373,Le Beu.
A11954.10,FREDERICK,kept,533,Duke. | Du. | Duk.
A11954.10,DUKE SENIOR,kept,909,Duk. Sen. | Du. Sen. | D. Sen. | Duke Sen. | Du Sen. | Du. Se.
A11954.10,1 LORD,kept,352,1. Lord. | 1. Lor. | 1. Lo.
A11954.10,2 LORD,kept,75,2. Lord. | 2. Lor.
A11954.10,LORD,dropped_short,6,Lord.
A11954.10,AMIENS,kept,140,Amien. | Amy.
A11954.10,CORIN,kept,597,Cor. | Corin. | Co.
A11954.10,SILVIUS,kept,546,Sil.
A11954.10,JAQUES,kept,1797,Iaq. | Iaq | Ia.
A11954.10,AUDREY,kept,150,Aud. | Awd.
A11954.10,PHOEBE,kept,698,Phe.
A11954.10,WILLIAM,kept,44,Will.
A11954.10,1 PAGE,kept,39,1. Pa.
A11954.10,2 PAGE,kept,152,2. Pa.
A11954.10,HYMEN,kept,168,Hymen. | Hy.
A11954.10,JAQUES DE BOYS,kept,128,2. Bro.
A11954.11,SLY,kept,528,Begger. | Beg.
A11954.11,HOSTESS,dropped_short,26,Hoſt.
A11954.11,LORD,kept,1066,Lo. | Lord.
A11954.11,HUNTSMAN,dropped_short,39,Huntſ.
A11954.11,1 HUNTSMAN,dropped_short,36,1. Hun. | 1. Huntſ.
A11954.11,2 HUNTSMAN,dropped_short,31,2. Hun. | 2. H.
A11954.11,SERVINGMAN,dropped_short,11,Ser.
A11954.11,PLAYERS,dropped_short,21,Players. | Flai.
A11954.11,1 PLAYER,dropped_short,8,Sincklo.
A11954.11,2 PLAYER,dropped_short,8,2. Player.
A11954.11,1 SERVANT,kept,129,1. Ser. | 1 Man. | 1. Man.
A11954.11,2 SERVANT,kept,102,2. Ser. | 2 M. | 2 Mar. | 2. Man.
A11954.11,3 SERVANT,kept,100,3. Ser. | 3. Man. | 3. man.
A11954.11,BARTHOLOMEW,kept,123,Lady. | La.
A11954.11,MESSENGER,kept,61,Meſ.
A11954.11,LUCENTIO,kept,1410,Luc. | Lucen. | Luc | Luc:
A11954.11,TRANIO,kept,2279,Tra. | Tranio. | Tran. | Tri.
A11954.11,BAPTISTA,kept,1312,Bap. | Bapt.
A11954.11,KATHERINA,kept,1775,Kate. | Ka. | Kat.
A11954.11,BIANCA,kept,512,Bian. | Bianca. | Bianc. | Bian ▪ | Bian
A11954.11,GREMIO,kept,1363,Gre. | Grem. | Gremio. | Cre. | Gra.
A11954.11,HORTENSIO,kept,1601,Hor. | Hort. | Horten.
A11954.11,BIONDELLO,kept,819,Bion. | Biond. | Bio.
A11954.11,PETRUCCIO,kept,4658,Petr. | Petru. | Pet. | Pet
A11954.11,GRUMIO,kept,1463,Gru. | Grumio. | Gru. :
A11954.11,CURTIS,kept,165,Curt. | Cur.
A11954.11,NATHANIEL,dropped_short,22,Nat. | Nath.
A11954.11,PHILIP,dropped_short,3,Phil.
A11954.11,JOSEPH,dropped_short,2,Ioſ.
A11954.11,NICHOLAS,dropped_short,26,Nicke. | Nick.
A11954.11,PETER,dropped_short,8,Peter.
A11954.11,PEDANT,kept,374,Ped. | Ped | Peda. | Pedan.
A11954.11,HABERDASHER,dropped_short,8,Fel.
A11954.11,TAILOR,kept,113,Tai. | Tail.
A11954.11,VINCENTIO,kept,352,Vin. | Vinc. | Ʋ in. | Ʋ inc. | Ven.
A11954.11,WIDOW,kept,76,Wid.
A11954.11,__crowd__,dropped_short,13,All. | All ſer. | Gru. Bion.
A11954.11,[unresolved] Par.,unresolved_excluded,9,Par.
A11954.12,BERTRAM,kept,2075,Roſ. | Roſ | Ro. | Ber. | Roſſill. | Roſſ. | Roſsill.
A11954.12,COUNTESS,kept,2214,Mother. | Mo. | Coun. | Cou. | Con. | Old. Cou. | Ol. Cou. | Lady. | La. | Old La. | Count. | Lad.
A11954.12,HELEN,kept,3552,Hell. | Hel. | Hell | Hel ▪
A11954.12,LAFEU,kept,2247,Laf. | Lafew. | L. Laf. | Ol. Laf. | Ol Laf. | Old Laf. | Ol. Lord
A11954.12,PAROLLES,kept,3055,Par. | Par | Paroll. | Parr.
A11954.12,PAGE,dropped_short,7,Pag.
A11954.12,KING,kept,2805,King. | Kin. | King
A11954.12,1 LORD DUMAINE,kept,897,1. Lo. G. | 1. Lor. G. | Lord. G. | L.G. | Lo. G. | Fren. G. | French G. | Cap. G. | Cay. G. | 1. G.
A11954.12,2 LORD DUMAINE,kept,1224,2. Lo. E. | L. 2. E. | French E. | Fren. E. | Cap. E. | C.E. | 1. Lord. E. | Lor. E. | Lo. E. | Lo E. | L.E. | Cap E.
A11954.12,1 LORD,dropped_short,17,1. Lord. | 1. Lo
A11954.12,2 LORD,dropped_short,5,2. Lo.
A11954.12,4 LORD,dropped_short,6,4. Lord.
A11954.12,STEWARD,kept,236,Ste. | Stew.
A11954.12,LAVACHE,kept,1840,Clo. | Clown. | Clo | Clow. | Clowne.
A11954.12,DUKE,kept,129,Duke.
A11954.12,WIDOW,kept,432,Widdow. | Wid.
A11954.12,DIANA,kept,1020,Diana. | Dia. | Dian. | Di. | Dia ▪
A11954.12,MARIANA,kept,175,Maria. | Mar.
A11954.12,INTERPRETER,kept,622,"Inter. | Int. | Interp. | Int, | Int Let. | 1. Sol. | Sol."
A11954.12,SERVANT,dropped_short,35,Ser.
A11954.12,GENTLEMAN,kept,131,Gent. | Gen.
A11954.12,__crowd__,dropped_short,25,Both. | All. | Bo.
A11954.12,[unresolved] Cap.,unresolved_excluded,2,Cap.
A11954.13,ORSINO,kept,1846,"Duke. | Du. | Du | Du,"
A11954.13,CURIO,kept,42,Cu. | Cur.
A11954.13,VALENTINE,kept,103,Val. | Ʋ al.
A11954.13,VIOLA,kept,2591,Vio. | Ʋ io. | Vi • ▪ | Vio
A11954.13,CAPTAIN,kept,241,Cap. | Cap
A11954.13,SIR TOBY,kept,2740,"Sir To. | To. | Tob. | To, | To"
A11954.13,MARIA,kept,1247,Mar. | Ma. | Ma
A11954.13,SIR ANDREW,kept,1216,"And. | An. | An | And,"
A11954.13,FESTE,kept,2196,Clo. | Clow. | Clo | Cl.
A11954.13,OLIVIA,kept,2322,Ol. | Ol
A11954.13,MALVOLIO,kept,2277,Mal. | Maluo. | Mall.
A11954.13,ANTONIO,kept,793,Ant.
A11954.13,SEBASTIAN,kept,836,Seb.
A11954.13,FABIAN,kept,874,Fab. | Fa.
A11954.13,SERVANT,dropped_short,21,Ser.
A11954.13,1 OFFICER,kept,100,1. Off. | 1 Offi.
A11954.13,2 OFFICER,dropped_short,19,2 Off. | 2. Off.
A11954.13,PRIEST,kept,57,Prieſt.
A11954.14,CAMILLO,kept,2102,"Cam. | Cam,"
A11954.14,ARCHIDAMUS,kept,181,Arch.
A11954.14,LEONTES,kept,4898,Leo. | Leo | Leon.
A11954.14,HERMIONE,kept,1577,Her. | Her
A11954.14,MAMILLIUS,kept,148,Mam.
A11954.14,POLIXENES,kept,2248,Pol. | Po.
A11954.14,1 LADY,kept,49,Lady.
A11954.14,2 LADY,dropped_short,21,2. Lady.
A11954.14,ANTIGONUS,kept,796,Antig. | Ant.
A11954.14,LORD,kept,412,Lord.
A11954.14,PAULINA,kept,2374,Paul. | Pau.
A11954.14,JAILER,kept,71,Gao.
A11954.14,EMILIA,kept,142,Emil.
A11954.14,SERVANT,kept,526,Ser. | Seru. | Seruant.
A11954.14,CLEOMENES,kept,143,Cleo.
A11954.14,DION,kept,187,Dion. | Dio.
A11954.14,OFFICER,kept,198,Officer. | Offic.
A11954.14,MARINER,kept,77,Mar.
A11954.14,SHEPHERD,kept,1075,Shep.
A11954.14,CLOWN,kept,1636,Clo. | Clowne. | Clow.
A11954.14,TIME,kept,267,Time.
A11954.14,AUTOLYCUS,kept,2069,Aut. | Autol. | Aut:
A11954.14,FLORIZEL,kept,1393,Flo. | Flo
A11954.14,PERDITA,kept,945,Perd. | Per.
A11954.14,MOPSA,kept,143,Mop. | Mop
A11954.14,DORCAS,kept,67,Dorcas | Dor. | Dor:
A11954.14,1 GENTLEMAN,kept,230,Gent. 1.
A11954.14,2 GENTLEMAN,kept,126,Gent. 2.
A11954.14,3 GENTLEMAN,kept,605,Gent. 3.
A11954.14,__crowd__,kept,75,Lords. | Cleo Dio. | Song | Song.
A11954.15,KING JOHN,kept,3331,King Iohn. | K. Iohn. | K. Io. | Iohn. | Ioh. | Io. | Eng.
A11954.15,ELEANOR,kept,429,Elea. | Ele. | Eli. | Elen. | Elinor. | Old Qu. | Qu. Mo. | Qu. | Que. | Queen.
A11954.15,PEMBROKE,kept,605,Pem. | P.
A11954.15,ESSEX,dropped_short,25,Eſſex.
A11954.15,SALISBURY,kept,1225,Sal.
A11954.15,CHATILLON,kept,298,Chat.
A11954.15,ROBERT,kept,180,Robert. | Rob.
A11954.15,BASTARD,kept,4110,Philip. | Phil. | Baſt. | Bast. | Baſt | Ba.
A11954.15,LADY FALCONBRIDGE,kept,123,Lady.
A11954.15,GOURNEY,dropped_short,4,Gour.
A11954.15,KING PHILIP,kept,1533,Fran. | Fra. | France. | King. | Kin.
A11954.15,LOUIS,kept,1202,Lewis. | Lew. | Dol. | Dolph. | Daul.
A11954.15,AUSTRIA,kept,248,Auſt. | Auſ.
A11954.15,CONSTANCE,kept,2126,Conſt. | Con. | Co • ſ. | Conſ.
A11954.15,ARTHUR,kept,986,Arth. | Arthur. | Ar. | Art.
A11954.15,BLANCHE,kept,338,Blan. | Bla. | Blanch.
A11954.15,CITIZEN,kept,73,Cit.
A11954.15,FRENCH HERALD,kept,88,F. Her.
A11954.15,ENGLISH HERALD,kept,101,E. Har.
A11954.15,HUBERT,kept,1436,Hubert. | Hub. | Hub | Hu. | H
A11954.15,PANDULPH,kept,1275,Pan. | Pand.
A11954.15,MESSENGER,kept,211,Meſ.
A11954.15,PETER,dropped_short,8,Pet.
A11954.15,BIGOT,kept,56,Big.
A11954.15,EXECUTIONER,dropped_short,19,Exec.
A11954.15,MELUN,kept,309,Mel.
A11954.15,HENRY,kept,222,Hen.
A11954.15,__crowd__,dropped_short,6,Pem. Big.
A11954.16,RICHARD,kept,6004,King Richard. | King. | Kin. | Rich. | Ric. | Ri. | R • .
A11954.16,GAUNT,kept,1343,Gaunt. | Gau. | Ga.
A11954.16,BOLINGBROKE,kept,3096,Bul. | Bull. | Bullingbrooke. | 〈◊〉 .
A11954.16,MOWBRAY,kept,1072,Mow. | Mo.
A11954.16,DUCHESS OF YORK,kept,1196,Dut. | Duch. | Dutch.
A11954.16,MARSHAL,kept,205,Mar.
A11954.16,AUMERLE,kept,654,Aum. | Au.
A11954.16,1 HERALD,kept,48,1. Har.
A11954.16,2 HERALD,kept,48,3. Har.
A11954.16,BUSHY,kept,282,"Buſhy, | Buſh. | Buſh | Buſhie. | Bu."
A11954.16,GREEN,kept,236,Gree. | Gre. | Greene. | Gr.
A11954.16,BAGOT,kept,170,Bag. | Ba
A11954.16,YORK,kept,2253,Yor. | York. | Yorke.
A11954.16,QUEEN,kept,918,Qu.
A11954.16,NORTHUMBERLAND,kept,1120,Nor. | North.
A11954.16,ROSS,kept,175,Roſſ. | Roſ.
A11954.16,WILLOUGHBY,kept,97,Wil. | Willo.
A11954.16,PERCY,kept,353,Percie. | Per.
A11954.16,BERKELEY,kept,68,Bark.
A11954.16,SALISBURY,kept,157,Sal. | Salisb.
A11954.16,WELSH CAPTAIN,kept,119,Capt.
A11954.16,CARLISLE,kept,449,Carl. | Car.
A11954.16,SCROOPE,kept,289,Scroope.
A11954.16,LADY,dropped_short,27,La.
A11954.16,GARDENER,kept,409,Gard. | Gar. | G
A11954.16,FITZWATER,kept,220,Fitz. | Fitzw.
A11954.16,SURREY,kept,77,Surrey.
A11954.16,ABBOT,kept,70,Abbot.
A11954.16,EXTON,kept,178,Ext. | Ex. | Exton.
A11954.16,GROOM,kept,94,Groo.
A11954.16,KEEPER,dropped_short,39,Keep.
A11954.16,SERVANT,kept,119,Ser.
A11954.17,KING,kept,2581,King. | Kin. | K.
A11954.17,WESTMORLAND,kept,295,Weſt. | Weſtm.
A11954.17,FALSTAFF,kept,5493,Fal. | Falſt. | Falst. | Whew: | Rogues:
A11954.17,PRINCE,kept,4405,Prince. | Prin. | Pri.
A11954.17,POINS,kept,969,Pointz. | Poine • . | Poin. | Poy. | Poyn. | Po • n. | Poines. | Poynes.
A11954.17,WORCESTER,kept,1429,Wor. | Worc.
A11954.17,NORTHUMBERLAND,kept,170,Nor. | North.
A11954.17,HOTSPUR,kept,3991,Hot. | Hotſp.
A11954.17,BLUNT,kept,300,Blunt. | Blu.
A11954.17,1 CARRIER,kept,179,1. Car. | Car.
A11954.17,2 CARRIER,kept,139,2. Car.
A11954.17,OSTLER,dropped_short,2,Oſt.
A11954.17,GADSHILL,kept,344,Gad.
A11954.17,CHAMBERLAIN,kept,151,Cham.
A11954.17,BARDOLPH,kept,200,Bar. | Bard.
A11954.17,PETO,kept,89,Peto.
A11954.17,TRAVELLER,dropped_short,33,Tra.
A11954.17,LADY PERCY,kept,413,La. | Lady.
A11954.17,SERVANT,dropped_short,19,Ser.
A11954.17,FRANCIS,kept,86,Fran.
A11954.17,VINTNER,dropped_short,34,Vint.
A11954.17,HOSTESS,kept,405,Hoſt. | Hoſteſſe. | Foſteſſe. | Hosteſſe.
A11954.17,SHERIFF,kept,60,She.
A11954.17,MORTIMER,kept,447,Mort.
A11954.17,GLENDOWER,kept,606,Glend.
A11954.17,DOUGLAS,kept,342,Dow. | Dowg.
A11954.17,VERNON,kept,462,Vern. | Ver. | Ʋ ern.
A11954.17,ARCHBISHOP,kept,259,Arch.
A11954.17,SIR MICHAEL,kept,53,Sir Mich. | Sir M.
A11954.17,LANCASTER,kept,50,P. Ioh. | Ioh. | Iohn.
A11954.17,MESSENGER,kept,64,Meſſ. | Meſ.
A11954.17,__crowd__,dropped_short,1,Theeues.
A11954.18,LORD BARDOLPH,kept,700,L. Bar. | Bar.
A11954.18,PORTER,dropped_short,28,Por.
A11954.18,NORTHUMBERLAND,kept,822,Nor. | North.
A11954.18,TRAVERS,kept,114,Tra.
A11954.18,MORTON,kept,629,Mor.
A11954.18,FALSTAFF,kept,5389,Fal. | Falſt. | Falst. | Fal | Falſtaffe.
A11954.18,PAGE,kept,220,Pag. | Page.
A11954.18,CHIEF JUSTICE,kept,1130,Ch. Iuſt. | Iuſt. | Iust. | Iu. | Iuſt | Ch ▪ Iuſt. | Ch. Iust. | Ch. Iu. | Ch Iuſt.
A11954.18,SERVANT,kept,84,Ser.
A11954.18,ARCHBISHOP,kept,1090,Arch. | Ar. | Biſh.
A11954.18,MOWBRAY,kept,434,Mow.
A11954.18,HASTINGS,kept,415,Haſt. | Hast.
A11954.18,QUICKLY,kept,1394,Hosteſſe. | Hoſt. | Hoſteſſe. | Host.
A11954.18,FANG,kept,54,Fang. | Fang
A11954.18,SNARE,dropped_short,14,Snare. | Sn.
A11954.18,GOWER,dropped_short,32,Gow.
A11954.18,PRINCE,kept,2127,Prin. | Prince. | Pr. | P. Hen.
A11954.18,POINS,kept,550,Poin. | Poin | Pointz. | Poin. Letter.
A11954.18,BARDOLPH,kept,256,Bard.
A11954.18,LADY NORTHUMBERLAND,dropped_short,38,Wife.
A11954.18,LADY PERCY,kept,370,La. | Lady.
A11954.18,1 DRAWER,kept,50,1. Drawer. | 1. Draw.
A11954.18,2 DRAWER,kept,94,2. Draw.
A11954.18,DRAWER,dropped_short,10,Drawer.
A11954.18,DOLL,kept,606,Dol.
A11954.18,PISTOL,kept,561,Piſt. | Pist. | Piſtol.
A11954.18,PETO,kept,45,Peto.
A11954.18,KING,kept,2483,King. | 〈◊〉 . | • ng. | • i • g.
A11954.18,WARWICK,kept,575,War. | Warwicke. | Warw. | • r.
A11954.18,SHALLOW,kept,1537,Shal. | Shallow. | Shal | Shall.
A11954.18,SILENCE,kept,251,Sil.
A11954.18,MOULDY,kept,98,Moul. | Mould.
A11954.18,SHADOW,dropped_short,6,Shad.
A11954.18,WART,dropped_short,4,Wart.
A11954.18,FEEBLE,kept,94,Feeble.
A11954.18,BULLCALF,kept,109,Bul.
A11954.18,WESTMORLAND,kept,855,Weſt. | West.
A11954.18,LANCASTER,kept,814,Iohn. | Ioh.
A11954.18,COLEVILE,kept,64,Col.
A11954.18,GLOUCESTER,kept,117,Glo. | Glou.
A11954.18,CLARENCE,kept,164,Clar. | Cla.
A11954.18,HARCOURT,kept,64,Harc.
A11954.18,DAVY,kept,278,Dauie. | Dauy. | Da. | Dau.
A11954.18,BEADLE,kept,73,Off. | Officer.
A11954.18,1 GROOM,dropped_short,17,1. Groo.
A11954.18,2 GROOM,dropped_short,5,2. Groo.
A11954.18,MESSENGER,kept,57,Meſ. | Meſſ.
A11954.18,__crowd__,dropped_short,10,"Prin. Poin. | Iohn, &c."
A11954.19,CANTERBURY,kept,1675,Biſh. Cant. | B. Cant. | B. Can. | Cant. | Biſh. Can.
A11954.19,ELY,kept,243,Biſh. Ely. | Biſh. Ely : | B. Ely. | Biſh.
A11954.19,KING,kept,9371,"King. | K • . | Kin, | Kin. | England. | Eng."
A11954.19,EXETER,kept,911,Exeter. | Exe. | Exet.
A11954.19,WESTMORLAND,kept,145,Weſt. | • m.
A11954.19,GLOUCESTER,dropped_short,28,Glouc. | Gloſter. | Glou.
A11954.19,BEDFORD,kept,78,Bed | Bed. | Bedf. | Bedf
A11954.19,AMBASSADOR,kept,131,Amb.
A11954.19,NIM,kept,386,Nym. | Nym | Nim.
A11954.19,BARDOLPH,kept,227,Bar. | Bard.
A11954.19,PISTOL,kept,1135,Piſt. | Piſtoll. | Pi. | Pist.
A11954.19,HOSTESS,kept,366,Hoſt. | Hoſteſſe. | Woman.
A11954.19,BOY,kept,634,Boy.
A11954.19,SCROOPE,kept,90,Scro.
A11954.19,CAMBRIDGE,kept,107,Cam.
A11954.19,GREY,kept,82,Grey. | Gray. | Kni.
A11954.19,FRENCH KING,kept,179,France. | French King. | 〈◊〉 .
A11954.19,QUEEN ISABEL,kept,188,Quee.
A11954.19,DAUPHIN,kept,920,Dolphin. | Dolph. | Dolph | Dol.
A11954.19,CONSTABLE,kept,934,Const. | Conſt. | Con.
A11954.19,MESSENGER,kept,36,Meſſ. | Meſſeng.
A11954.19,FLUELLEN,kept,2544,Flu. | Flu | Welch.
A11954.19,GOWER,kept,518,Gower. | Gow. | Gour.
A11954.19,GOVERNOR,kept,56,Gouer.
A11954.19,JAMY,kept,99,Scot.
A11954.19,MACMORRIS,kept,204,Iriſh.
A11954.19,CATHERINE,kept,470,Kathe. | Kath. | Kat. | Kate.
A11954.19,ALICE,kept,163,Alice. | Lady.
A11954.19,BRITTANY,kept,64,Brit.
A11954.19,MONTJOY,kept,414,Mountioy. | Mount. | Mont. | Her. | Herald.
A11954.19,ORLEANS,kept,320,Orleance. | Orl.
A11954.19,RAMBURES,kept,68,Ramb. | Ram.
A11954.19,ERPINGHAM,kept,52,Erping. | Erp.
A11954.19,COURT,dropped_short,11,Court.
A11954.19,BATES,kept,169,Bates.
A11954.19,WILLIAMS,kept,634,Williams. | Will. | Wil.
A11954.19,GRANDPRE,kept,137,Grandpree.
A11954.19,SALISBURY,kept,75,Salisb. | Sal.
A11954.19,YORK,dropped_short,14,Yorke.
A11954.19,WARWICK,dropped_short,7,Warw.
A11954.19,BURGUNDY,kept,594,Bur. | Burg.
A11954.19,FRENCH SOLDIER,kept,108,French. | Fren. | Fre.
A11954.19,__crowd__,dropped_short,7,Gray. Scro. | Lords. | All.
A11954.2,VALENTINE,kept,2849,Valentine. | Ʋ al. | Val. | Valen. | Val
A11954.2,PROTEUS,kept,3302,Pro.
A11954.2,SPEED,kept,1472,Sp. | Speed. | Spee.
A11954.2,JULIA,kept,2423,Iul. | Iu.
A11954.2,LUCETTA,kept,566,Luc. | Lu.
A11954.2,ANTONIO,kept,264,Ant.
A11954.2,PANTHINO,kept,313,Pan. | Panth. | Pant.
A11954.2,SILVIA,kept,1151,Sil. | Silu.
A11954.2,LANCE,kept,1867,Launce. | Laun. | Lau. | La.
A11954.2,THURIO,kept,405,Thu. | Thur. | Th.
A11954.2,DUKE,kept,1552,Duk. | Duke. | Duk | Du.
A11954.2,1 OUTLAW,kept,153,1. Out-l. | 1. Out. | 1 Out.
A11954.2,2 OUTLAW,kept,101,2. Out. | 2 Out.
A11954.2,3 OUTLAW,kept,209,3. Out. | 3 Out.
A11954.2,HOST,kept,244,Ho.
A11954.2,EGLAMOUR,kept,193,Eg. | Egl.
A11954.2,__crowd__,dropped_short,6,Out-l.
A11954.20,BEDFORD,kept,601,Bedford. | Bed. | Bedf.
A11954.20,GLOUCESTER,kept,1400,Gloſt. | Glost. | Glo. | Glouceſter.
A11954.20,EXETER,kept,435,Exe. | Exet.
A11954.20,WINCHESTER,kept,724,Winch. | Win. | Winchest. | Car.
A11954.20,MESSENGER,kept,494,Meſſ. | Meſ.
A11954.20,2 MESSENGER,kept,52,2. Meſ.
A11954.20,3 MESSENGER,kept,312,3. Meſ. | 3. Meſſ.
A11954.20,CHARLES,kept,1027,Charles. | Charl. | Char. | Dolph.
A11954.20,ALENCON,kept,360,Alan. | Alanſon. | Alanſ.
A11954.20,RENE,kept,447,Reigneir. | Reig.
A11954.20,BASTARD,kept,222,Baſtard. | Baſt. | Bastard.
A11954.20,JOAN,kept,1966,Puzel. | Pucell. | Puc. | Pucel. | Pu. | Ioane.
A11954.20,1 WARDER,dropped_short,22,1. Warder.
A11954.20,2 WARDER,dropped_short,10,2. Warder.
A11954.20,1 SERVINGMAN,kept,48,Gloſt. 1. Man. | 1. Man. | 1. Seruing. | 1. Seru.
A11954.20,2 SERVINGMAN,dropped_short,12,2. Seruing. | 2. Seru.
A11954.20,3 SERVINGMAN,kept,75,3. Seru.
A11954.20,SERVINGMEN,dropped_short,18,Seruingmen.
A11954.20,WOODVILE,kept,38,Wooduile.
A11954.20,MAYOR,kept,152,Maior.
A11954.20,MASTER GUNNER,kept,139,M. Gunner.
A11954.20,BOY,dropped_short,33,Boy.
A11954.20,SALISBURY,kept,114,Salisb.
A11954.20,TALBOT,kept,3139,Talbot. | Tal. | Talb.
A11954.20,GARGRAVE,dropped_short,18,Gargraue.
A11954.20,GLANSDALE,dropped_short,9,Glanſdale.
A11954.20,SERGEANT,dropped_short,31,Ser.
A11954.20,SENTINEL,dropped_short,29,Sent.
A11954.20,BURGUNDY,kept,339,Bur. | Burg.
A11954.20,COUNTESS,kept,351,Count.
A11954.20,PORTER,dropped_short,3,Port.
A11954.20,YORK,kept,1394,Yorke. | York. | Yor. | Rich.
A11954.20,SUFFOLK,kept,1305,Suff. | Suf.
A11954.20,SOMERSET,kept,518,Som.
A11954.20,WARWICK,kept,541,War. | Warw.
A11954.20,VERNON,kept,237,Vernon. | Ver. | Vern. | Ʋ ern. | Ʋ er.
A11954.20,LAWYER,dropped_short,29,Lawyer.
A11954.20,MORTIMER,kept,656,Mort. | Mor.
A11954.20,KEEPER,dropped_short,30,Keeper.
A11954.20,KING,kept,1335,King. | K.
A11954.20,SOLDIER,kept,55,Sould. | Souldier.
A11954.20,CAPTAIN,kept,249,Capt. | Cap.
A11954.20,WATCH,dropped_short,10,Watch.
A11954.20,FASTOLF,kept,56,Falſt. | Fal.
A11954.20,BASSET,kept,192,Baſſ. | Baſ.
A11954.20,LUCY,kept,437,Lu. | Luc. | Lucy.
A11954.20,LEGATE,dropped_short,7,Legat.
A11954.20,SCOUT,dropped_short,31,Scout.
A11954.20,MARGARET,kept,257,Mar. | M.
A11954.20,SHEPHERD,kept,201,Shep.
A11954.20,JOHN TALBOT,kept,404,Iohn.
A11954.20,SERVANT,dropped_short,10,Seru.
A11954.20,__crowd__,dropped_short,8,All.
A11954.21,KING,kept,2493,King. | Kin. | K. | Ki.
A11954.21,GLOUCESTER,kept,2344,Glo. | Hum. | Humf. | Gloſt. | Gloſter. | Gloſt | Clo. Reads.
A11954.21,QUEEN,kept,2524,Queen. | Queene. | Qu. | Q.
A11954.21,SUFFOLK,kept,2287,Suffolke. | Suf. | Suff.
A11954.21,CARDINAL,kept,813,Win. | Car. | Card. | Beau. | Ca. | Ca •
A11954.21,SALISBURY,kept,722,Sal. | Salisbury. | Salisb.
A11954.21,WARWICK,kept,1057,War. | Warwicke. | Warw.
A11954.21,YORK,kept,3005,Yorke. | Yor. | York.
A11954.21,BUCKINGHAM,kept,555,Buc. | Buck.
A11954.21,SOMERSET,kept,178,Som. | Somerſet.
A11954.21,ELEANOR,kept,969,Elia. | Eli. | Elianor. | Duch.
A11954.21,HUME,kept,255,Hu. | Hume.
A11954.21,MESSENGER,kept,227,Meſſ. | Meſ.
A11954.21,1 PETITIONER,kept,64,1. Pet.
A11954.21,2 PETITIONER,kept,39,2. Pet.
A11954.21,PETER,kept,213,Peter.
A11954.21,HORNER,kept,172,Armorer.
A11954.21,BOLINGBROKE,kept,182,Bulling. | Bullin.
A11954.21,SPIRIT,kept,62,Spirit.
A11954.21,WITCH,dropped_short,27,Witch.
A11954.21,TOWNSMAN,dropped_short,29,One.
A11954.21,SIMPCOX,kept,165,Simpc.
A11954.21,SIMPCOX'S WIFE,kept,55,Wife.
A11954.21,MAYOR,dropped_short,15,Maior.
A11954.21,BEADLE,dropped_short,12,Beadle.
A11954.21,1 NEIGHBOR,dropped_short,21,1. Neighbor.
A11954.21,2 NEIGHBOR,dropped_short,8,2. Neighbor.
A11954.21,3 NEIGHBOR,dropped_short,14,3. Neighbor.
A11954.21,1 PRENTICE,dropped_short,11,1. Prent.
A11954.21,2 PRENTICE,dropped_short,14,2. Prent.
A11954.21,SERVANT,dropped_short,13,Seru.
A11954.21,HERALD,dropped_short,17,Her.
A11954.21,SHERIFF,dropped_short,33,Sh. | Sherife.
A11954.21,STANLEY,kept,60,Stanly. | Stanley.
A11954.21,POST,kept,45,Poſt.
A11954.21,1 MURDERER,dropped_short,32,1.
A11954.21,2 MURDERER,dropped_short,17,2.
A11954.21,VAUX,kept,84,Vaux.
A11954.21,LIEUTENANT,kept,502,Lieu.
A11954.21,1 GENTLEMAN,kept,56,1. Gent.
A11954.21,2 GENTLEMAN,dropped_short,10,2. Gent.
A11954.21,MASTER,dropped_short,9,Ma.
A11954.21,MATE,dropped_short,10,Mate.
A11954.21,WHITMORE,kept,144,Whitm. | Whit. | Whit ▪ | Wal.
A11954.21,BEVIS,kept,120,Beuis. | Beu. | Geo.
A11954.21,HOLLAND,kept,133,Hol. | Iohn.
A11954.21,CADE,kept,2174,Cade. | Cade
A11954.21,BUTCHER,kept,275,But. | Butch. | Butcher. | Dicke. | Dic. | Hut.
A11954.21,WEAVER,kept,105,Weauer. | Wea. | Smith.
A11954.21,CLERK,dropped_short,18,Clearke.
A11954.21,MICHAEL,dropped_short,20,Mich.
A11954.21,STAFFORD,kept,113,Staf. | Staff.
A11954.21,STAFFORD'S BROTHER,kept,46,Bro.
A11954.21,SAY,kept,362,Say.
A11954.21,SCALES,kept,65,Scales.
A11954.21,1 CITIZEN,dropped_short,38,1. Cit.
A11954.21,SOLDIER,dropped_short,4,Soul.
A11954.21,CLIFFORD,kept,795,Clif. | Clif | Old Clif.
A11954.21,YOUNG CLIFFORD,dropped_short,21,Yo. Clif. | Yo Clif.
A11954.21,IDEN,kept,428,Iden. | Id.
A11954.21,EDWARD,dropped_short,8,Edw.
A11954.21,RICHARD,kept,189,Rich. | Ric.
A11954.21,__crowd__,kept,107,All kneel. | All. | Both. | Commons within. | Within.
A11954.22,YORK,kept,1364,Yorke. | York. | Pl. | Plan. | Plant.
A11954.22,WARWICK,kept,3448,Warwicke. | Warw. | War. | Warwick.
A11954.22,EDWARD,kept,2099,Edw. | Edward. | Ed. | K. Edw. | K. Ed. | King Edw. | King Ed.
A11954.22,RICHARD,kept,3176,Rich. | Richard. | Ric.
A11954.22,MONTAGUE,kept,234,Mount.
A11954.22,NORFOLK,dropped_short,37,Nor. | Norf.
A11954.22,HENRY,kept,4274,Henry. | Hen. | K. Hen. | King. | K.
A11954.22,NORTHUMBERLAND,kept,235,Northumb. | North | North.
A11954.22,CLIFFORD,kept,1097,Clifford. | Cliff. | Clif.
A11954.22,WESTMORLAND,kept,94,Weſtm.
A11954.22,EXETER,kept,128,Exet. | Exeter.
A11954.22,MARGARET,kept,2264,Queene. | Quee. | Queen. | Qu. | Marg. | Mar.
A11954.22,PRINCE EDWARD,kept,358,Prince. | Prin. | Pr. Ed. | Pr. Edw. | Prince Ed. | Prin. Ed.
A11954.22,CLARENCE,kept,885,Cla. | Cla | Clarence. | Clar.
A11954.22,RUTLAND,kept,196,Rutland.
A11954.22,TUTOR,dropped_short,24,Tutor.
A11954.22,SIR JOHN,dropped_short,10,Iohn.
A11954.22,MESSENGER,kept,280,Gabriel. | Meſſ. | Meſ.
A11954.22,1 MESSENGER,dropped_short,6,Meſſ. 1.
A11954.22,2 MESSENGER,dropped_short,8,Meſſ. 2.
A11954.22,SON,kept,191,Son.
A11954.22,FATHER,kept,219,Fa. | Fath.
A11954.22,1 KEEPER,kept,158,Sink. | Sinklo. | Sin.
A11954.22,2 KEEPER,kept,112,Hum.
A11954.22,LADY GREY,kept,598,Wid. | Lady Grey. | Gray.
A11954.22,NOBLEMAN,dropped_short,16,Nob.
A11954.22,LEWIS,kept,518,Lewis. | Lew. | Lewes.
A11954.22,OXFORD,kept,279,Oxf.
A11954.22,BONA,kept,71,Bona.
A11954.22,POST,kept,223,Poſt. | Post. | Poſte.
A11954.22,SOMERSET,kept,262,Som. | Somerſ.
A11954.22,HASTINGS,kept,157,Hast. | Haſt.
A11954.22,1 WATCH,kept,63,1. Watch.
A11954.22,2 WATCH,kept,49,2. Watch.
A11954.22,3 WATCH,kept,76,3. Watch.
A11954.22,RIVERS,kept,55,Riu.
A11954.22,HUNTSMAN,dropped_short,18,Huntſman. | Huntſ.
A11954.22,LIEUTENANT,dropped_short,21,Lieu.
A11954.22,MAYOR,kept,44,Maior.
A11954.22,SOLDIER,dropped_short,18,Soul.
A11954.22,SOMERVILLE,kept,44,Someru.
A11954.22,__crowd__,dropped_short,5,All.
A11954.23,RICHARD,kept,8857,"Rich. | Rich ! | Ric. | Ri. | Richard. | Rich, | Glo. | King. | K."
A11954.23,EDWARD IV,kept,557,"Edw. | King. [Edward IV] | Kin. | King,"
A11954.23,CLARENCE,kept,1273,Cla. | Cia. | Clar.
A11954.23,BRAKENBURY,kept,230,Bra. | Lieu.
A11954.23,HASTINGS,kept,1122,Haſt. | Hast. | Ha.
A11954.23,ANNE,kept,1187,Anne. | An.
A11954.23,GENTLEMAN,dropped_short,13,Gen. | Gent.
A11954.23,RIVERS,kept,352,Riu. | Riuers.
A11954.23,GREY,kept,118,Gray. | Grey.
A11954.23,QUEEN,kept,2132,Qu. | Que. | Qu
A11954.23,BUCKINGHAM,kept,2814,Buc. | Buck. | Buck
A11954.23,STANLEY,kept,841,Der. | Darb. | Stan. | Sta. | Stanley.
A11954.23,MARGARET,kept,1763,Mar. | Margaret. | Q.M. | Q.M
A11954.23,DORSET,kept,122,Dorſ. | Dor.
A11954.23,CATESBY,kept,436,Cates. | Catesby. | Catesb. | Cat.
A11954.23,VAUGHAN,dropped_short,24,Ʋ augh. | Vaugh.
A11954.23,KEEPER,kept,70,Keep.
A11954.23,1 MURDERER,kept,396,1. Mur. | 1
A11954.23,2 MURDERER,kept,442,2. Mur. | 2
A11954.23,1 CITIZEN,kept,81,1 ▪ Cit. | 1.
A11954.23,2 CITIZEN,kept,95,2. Cit. | 2.
A11954.23,3 CITIZEN,kept,229,3. | 3
A11954.23,BOY,kept,147,Boy.
A11954.23,GIRL,dropped_short,31,Daugh.
A11954.23,DUCHESS OF YORK,kept,1093,Dut. | Dutch. | Dut : | Duch. Yorke. | Du. Y.
A11954.23,ARCHBISHOP,kept,80,Arch.
A11954.23,YORK,kept,341,Yorke. | Yor.
A11954.23,MESSENGER,kept,368,Meſ. | Meſſ.
A11954.23,PRINCE,kept,348,Prin. | Prince.
A11954.23,CARDINAL,kept,72,Card.
A11954.23,MAYOR,kept,115,Lo. Maior. | Maior. | Ma.
A11954.23,PURSUIVANT,dropped_short,20,Purſ.
A11954.23,PRIEST,dropped_short,17,Prieſt.
A11954.23,RATCLIFFE,kept,220,Rat. | Ra.
A11954.23,ELY,kept,48,Ely.
A11954.23,LOVELL,dropped_short,20,Lou. | Louell.
A11954.23,SCRIVENER,kept,118,Scr.
A11954.23,PAGE,kept,37,Page.
A11954.23,TYRREL,kept,272,Tyr. | Tir.
A11954.23,CHRISTOPHER,kept,59,"Chri. | Chri,"
A11954.23,SHERIFF,dropped_short,9,Sher.
A11954.23,RICHMOND,kept,693,Richm | Richm.
A11954.23,OXFORD,dropped_short,13,Oxf.
A11954.23,HERBERT,dropped_short,10,Her.
A11954.23,BLUNT,kept,68,Blunt.
A11954.23,SURREY,dropped_short,9,Sur.
A11954.23,NORFOLK,kept,85,Nor.
A11954.23,LORD,dropped_short,5,Lor.
A11954.23,GHOSTS,kept,340,Ghoſt. | Gho. | Gh. to Ri. | Ghoſt to Richm. | To Richm. | Ghoſt to Rich. | Haſt. to Rich.
A11954.23,__crowd__,kept,168,Both. | Chil. | Ʋ il. | Lords. | Ghoſts. | Ghoſts to Richm. | All to Richm. | All.
A11954.24,NORFOLK,kept,1446,Norf. | Nor. | Norfolke. | Norff.
A11954.24,BUCKINGHAM,kept,1499,Buckingham. | Buck. | Buc. | Buck ▪ | Buck
A11954.24,ABERGAVENNY,kept,114,Abur.
A11954.24,WOLSEY,kept,3220,Car. | Card. | Card | Wol. | Wolſ.
A11954.24,SECRETARY,dropped_short,8,Secr.
A11954.24,BRANDON,kept,83,Brandon. | Bran. | Bra.
A11954.24,SERGEANT,dropped_short,28,Sergeant.
A11954.24,KING,kept,3385,King. | Kin.
A11954.24,KATHERINE,kept,2602,Queen. | Qu. | Que. | Quee. | Kath.
A11954.24,SURREY,kept,966,Sur.
A11954.24,CHAMBERLAIN,kept,1088,L. Ch. | L. Cham. | Cham. | L. Cham
A11954.24,SANDYS,kept,337,L. San. | San.
A11954.24,LOVELL,kept,475,Louell. | Lou. | Lou ▪
A11954.24,GUILDFORD,kept,70,S. Hen. Guilf.
A11954.24,ANNE,kept,382,An. Bul. | An. B. | An. | Anne.
A11954.24,SERVANT,dropped_short,25,Seru.
A11954.24,1 GENTLEMAN,kept,688,1. | 1
A11954.24,2 GENTLEMAN,kept,538,2. | 2
A11954.24,3 GENTLEMAN,kept,451,3
A11954.24,VAUX,dropped_short,24,Vaux.
A11954.24,SUFFOLK,kept,624,Suff. | Suf.
A11954.24,CAMPEIUS,kept,383,Camp. | Camp | Cam.
A11954.24,GARDINER,kept,669,Gard. | Gar.
A11954.24,OLD LADY,kept,499,Old La. | Old L. | Old. L. | Lady.
A11954.24,SCRIBE,dropped_short,18,Scri. | Scribe.
A11954.24,CRIER,kept,386,Crier.
A11954.24,LINCOLN,kept,51,B. Lin. | Lin.
A11954.24,CROMWELL,kept,305,Crom.
A11954.24,GRIFFITH,kept,425,Grif.
A11954.24,PATIENCE,dropped_short,35,Pati. | Pat.
A11954.24,MESSENGER,dropped_short,28,Meſ.
A11954.24,CAPUCIUS,kept,65,Cap.
A11954.24,BOY,dropped_short,3,Boy.
A11954.24,DENNY,dropped_short,21,Den.
A11954.24,CRANMER,kept,1046,Cran.
A11954.24,GENTLEMAN,dropped_short,30,Gent. | Gent within.
A11954.24,KEEPER,kept,40,Keep.
A11954.24,BUTTS,kept,59,Buts. | Butts.
A11954.24,CHANCELLOR,kept,160,Chan.
A11954.24,PORTER,kept,277,Port. | Por.
A11954.24,PORTER'S MAN,kept,354,Man.
A11954.24,GARTER,dropped_short,21,Gart.
A11954.24,__crowd__,dropped_short,20,Both. | All. | Within.
A11954.24,[unresolved] • .,unresolved_excluded,51,• .
A11954.24,[unresolved] 4,unresolved_excluded,2,4
A11954.24,[unresolved] 5,unresolved_excluded,23,5
A11954.24,[unresolved] 6,unresolved_excluded,37,6
A11954.24,[unresolved] 7,unresolved_excluded,40,7
A11954.24,[unresolved] 8,unresolved_excluded,33,8
A11954.24,[unresolved] 9,unresolved_excluded,17,9
A11954.24,[unresolved] 10,unresolved_excluded,11,10
A11954.25,PANDARUS,kept,3159,Pan. | Pand. | Pand | Pand. within. | Pa.
A11954.25,TROILUS,kept,4072,Troylus. | Troy. | Tro.
A11954.25,AENEAS,kept,1059,Aene. | Aen. | Aeneus within. | Aeneas within.
A11954.25,CRESSIDA,kept,2130,Cre. | Creſ. | Cr • ſ.
A11954.25,ALEXANDER,kept,275,Man.
A11954.25,BOY,dropped_short,12,Boy.
A11954.25,AGAMEMNON,kept,1436,Agam. | Aga. | Ag.
A11954.25,NESTOR,kept,1134,Nestor. | Neſt. | Neſ. | Ne.
A11954.25,ULYSSES,kept,3579,Vlyſ. | Ʋ lyſ. | Ʋ lyſſes. | Ʋ liſ. | Vliſ. | Vliſ | Vl. | Vli.
A11954.25,MENELAUS,kept,78,Men. | Mene.
A11954.25,AJAX,kept,546,Aia. | Aiax.
A11954.25,THERSITES,kept,2113,Ther. | Ter.
A11954.25,ACHILLES,kept,1306,Achil. | Achi. | Ach.
A11954.25,PATROCLUS,kept,406,Pat. | Patr. | Patro.
A11954.25,PRIAM,kept,141,Pri. | Priam.
A11954.25,HECTOR,kept,1542,Hect. | Hect
A11954.25,HELEN,kept,230,Hel.
A11954.25,CASSANDRA,kept,263,Caſ. | Caſſa. | Caſſ.
A11954.25,PARIS,kept,725,Par. | Paris. | Paris within.
A11954.25,DEIPHOBUS,dropped_short,5,Dieph.
A11954.25,DIOMEDES,kept,714,Dio. | Diom.
A11954.25,SERVANT,kept,120,Ser.
A11954.25,CALCHAS,kept,232,Cal. | Chal.
A11954.25,ANDROMACHE,kept,115,And.
A11954.25,MARGARETON,dropped_short,14,Baſt.
A11954.25,GREEK,dropped_short,8,Gree.
A11954.25,SOLDIER,dropped_short,6,Sold.
A11954.25,__crowd__,dropped_short,8,All.
A11954.26,1 CITIZEN,kept,927,1. Citizen. | 1. Cit. | 1 Cit. | 1. | 1
A11954.26,2 CITIZEN,kept,732,2. Cit. | 2 Cit. | 2 Citizen. | 2. | 2
A11954.26,3 CITIZEN,kept,892,3. Cit. | 3 Cit. | 3
A11954.26,CITIZEN,dropped_short,20,Cit.
A11954.26,MENENIUS,kept,4351,Men. | Menen. | Mene. | Me.
A11954.26,CORIOLANUS,kept,6425,Mar. | Martius. | Mart. | Marcus Caius Coriolanus. | Coriol. | Corio. | Cor. | Cori.
A11954.26,MESSENGER,kept,408,Meſſ. | Meſ.
A11954.26,1 SENATOR,kept,199,1. Sen. | 1. Senat. | 1 Sen.
A11954.26,2 SENATOR,kept,55,2. Sen. | 2 Sen. | 2. Sena.
A11954.26,SENATOR,kept,161,Sen. | Senat. | Sena.
A11954.26,COMINIUS,kept,1950,"Com. | Com,"
A11954.26,LARTIUS,kept,385,Tit. | Titus Lartius. | Lartius. | Lar. | Lart. | Latius.
A11954.26,SICINIUS,kept,1884,"Sicin. | Scicin. | Scici. | Sicin, | Sic."
A11954.26,BRUTUS,kept,1569,Bru. | Brut. | Brutus. | Brut
A11954.26,AUFIDIUS,kept,2048,Auf. | Auffid. | Auffi. | Auff. | Aufid.
A11954.26,VOLUMNIA,kept,2486,"Ʋ olum. | Volum. | Volum, | Ʋ ol, | Vol."
A11954.26,VIRGILIA,kept,228,Virg. | Ʋ ir. | Vir. | Virgil. | Vlug.
A11954.26,GENTLEWOMAN,dropped_short,9,Gent.
A11954.26,VALERIA,kept,357,Val. | Ʋ al. | Valeria. | Valer.
A11954.26,1 SOLDIER,kept,39,1. Sol.
A11954.26,2 SOLDIER,dropped_short,2,2. Sol.
A11954.26,SOLDIER,dropped_short,17,Sould. | Sol. | Soul.
A11954.26,1 ROMAN,dropped_short,6,1. Rom.
A11954.26,2 ROMAN,dropped_short,3,2. Rom.
A11954.26,3 ROMAN,dropped_short,8,3. Rom.
A11954.26,LIEUTENANT,kept,87,Lieu.
A11954.26,HERALD,kept,40,Herauld.
A11954.26,1 OFFICER,kept,112,1. Off.
A11954.26,2 OFFICER,kept,189,2. Off.
A11954.26,OFFICER,dropped_short,3,Off.
A11954.26,ROMAN,kept,238,Rom.
A11954.26,VOLSCE,kept,97,Volce.
A11954.26,1 SERVINGMAN,dropped_short,31,1 Ser.
A11954.26,2 SERVINGMAN,kept,46,2 Ser.
A11954.26,AEDILE,kept,77,Aedile. | Edile. | Edi.
A11954.26,PATRICIAN,dropped_short,12,Patri.
A11954.26,NOBLE,dropped_short,4,Noble.
A11954.26,BOY,dropped_short,17,Boy.
A11954.26,1 CONSPIRATOR,kept,56,1. Con.
A11954.26,2 CONSPIRATOR,kept,38,2. Con.
A11954.26,3 CONSPIRATOR,kept,80,3. Con. | 3. Conſp.
A11954.26,1 WATCH,dropped_short,4,1. Wat.
A11954.26,2 WATCH,dropped_short,4,2. Wat.
A11954.26,1 LORD,kept,89,1. Lord. | 1 Lord.
A11954.26,2 LORD,kept,61,2 Lord. | 2. Lord.
A11954.26,3 LORD,dropped_short,12,3. Lord.
A11954.26,__crowd__,kept,297,All. | Both. | 2. Ladies. | All Ple. | Aediles. | Both Tri. | All Lords. | All Conſp. | All People. | Lords. | Omnes. | Tri.
A11954.27,SATURNINUS,kept,1543,"Saturninus. | Saturnine. | Sat. | Satu. | Satur. | King. | Empe,"
A11954.27,BASSIANUS,kept,663,Baſsianus. | Baſsia. | Baſs. | Baſſi.
A11954.27,CAPTAIN,kept,41,Cap.
A11954.27,TITUS,kept,5756,"Andronicus. | Tit. | Ti. | Titus. | Tit, | Ti | An."
A11954.27,TAMORA,kept,2051,Tam. | Tamo. | Tamora.
A11954.27,CHIRON,kept,409,Chi. | Chir. | Chiro.
A11954.27,DEMETRIUS,kept,1181,Dem. | Deme. | Demet.
A11954.27,LUCIUS,kept,1464,Luc. | Luci. | Lucius. | Lu. | 1. Sonne.
A11954.27,LAVINIA,kept,463,Laui. | Lau. | Lauin. | Lauinia.
A11954.27,MARCUS,kept,1634,Marc. | Mar. | Mar. An. | Mar
A11954.27,MUTIUS,dropped_short,25,Muti. | Mut.
A11954.27,MARTIUS,kept,240,Marti. | Martius. | Mart. | 2. Sonne.
A11954.27,QUINTUS,kept,204,Quin. | Quintus. | Quint.
A11954.27,AARON,kept,2823,"Aron. | Aron, | Aron | Moore."
A11954.27,MESSENGER,kept,56,Meſſ.
A11954.27,YOUNG LUCIUS,kept,273,Boy.
A11954.27,NURSE,kept,137,Nur. | Nurſe.
A11954.27,PUBLIUS,kept,113,Publ. | Pub.
A11954.27,CLOWN,kept,174,Clowne. | Clow. | Clo.
A11954.27,AEMILIUS,kept,134,Emil. | Emill. | Emi. | Emilli.
A11954.27,GOTH,kept,437,Goth.
A11954.27,TRIBUNES,dropped_short,19,Tribunes.
A11954.27,__crowd__,kept,47,Son. | Romans.
A11954.28,SAMPSON,kept,259,"Sampſon. | Samp. | Sam. | Sam,"
A11954.28,GREGORY,kept,150,Greg. | Gre. | Gr.
A11954.28,ABRAM,dropped_short,24,Abra.
A11954.28,BENVOLIO,kept,1157,Ben. | Ben
A11954.28,TYBALT,kept,263,Tyb. | Tib.
A11954.28,OFFICER,dropped_short,16,Offi.
A11954.28,CAPULET,kept,2141,Cap. | Capu. | 1. Capu. | Fa. | Fat.
A11954.28,LADY CAPULET,kept,900,Wife. | Wife | Cap. Wi. | Old La. | Old La: | La. | Lad. | Lady. | Mo. | M.
A11954.28,MONTAGUE,kept,300,Moun. | Mount.
A11954.28,LADY MONTAGUE,dropped_short,10,2. Wife.
A11954.28,PRINCE,kept,589,Prince. | Prin. | Pri.
A11954.28,ROMEO,kept,4670,Rom. | Ro. | Romeo. | Rome. | Rom
A11954.28,PARIS,kept,544,Par. | Pari. | Paris. | Pa.
A11954.28,SERVANT,kept,315,Ser. | Fel.
A11954.28,NURSE,kept,2360,Nurſe. | Nur. | Nurſ.
A11954.28,JULIET,kept,4294,Iuliet. | Iule. | Iuli. | Iul. | Iu. | Iui. | Iul: | Iuilet.
A11954.28,MERCUTIO,kept,2123,Mer. | Merc. | Mercu. | Hora.
A11954.28,COUSIN CAPULET,dropped_short,30,2. Capu. | 2. Cap. | 3. Cap.
A11954.28,1 SERVINGMAN,dropped_short,37,1. | 1
A11954.28,2 SERVINGMAN,dropped_short,3,2.
A11954.28,FRIAR,kept,2800,Fri. | Frier. | Law.
A11954.28,PETER,kept,264,Peter. | Pet.
A11954.28,CITIZEN,dropped_short,28,Citi.
A11954.28,BALTHASAR,kept,157,Man.
A11954.28,PAGE,kept,120,Page. | Boy.
A11954.28,APOTHECARY,kept,53,App.
A11954.28,FRIAR JOHN,kept,97,Iohn.
A11954.28,WATCH,kept,132,Watch. | Wat.
A11954.28,3 WATCH,dropped_short,26,3. Wat.
A11954.28,CONSTABLE,dropped_short,16,Con.
A11954.28,1 MUSICIAN,kept,71,Mu.
A11954.28,2 MUSICIAN,kept,42,2. M. | M. 2.
A11954.28,3 MUSICIAN,dropped_short,7,3. Mu.
A11954.29,POET,kept,724,Poet. | Po.
A11954.29,PAINTER,kept,447,Pain. | Pain | Painter.
A11954.29,MERCHANT,kept,63,Mer.
A11954.29,JEWELLER,kept,78,Iew. | Iewel.
A11954.29,TIMON,kept,6250,Tim. | Timo. | Timon. | Tim ▪ | Ti.
A11954.29,MESSENGER,kept,293,Meſ.
A11954.29,LUCILIUS,kept,60,Lucil.
A11954.29,OLD MAN,kept,209,Oldm. | Old.
A11954.29,APEMANTUS,kept,1775,"Ape. | Aper. | Ape, | Ap. | Apem."
A11954.29,ALCIBIADES,kept,1050,Alc. | Alci. | Al.
A11954.29,1 LORD,kept,1037,1. Lord | 1. Lord. | 1 Lord. | 1 L. | 1
A11954.29,2 LORD,kept,796,2. Lord. | 2 Lord. | 2
A11954.29,3 LORD,kept,200,3. Lord. | 3
A11954.29,4 LORD,dropped_short,18,4
A11954.29,VENTIDIUS,kept,59,Ventig. | Vint.
A11954.29,LUCULLUS,kept,373,Luc.
A11954.29,LUCIUS,kept,442,Lucius. | Luci.
A11954.29,CUPID,kept,48,Cup.
A11954.29,FLAVIUS,kept,1530,"Fla. | Stew. | Ste. | Ste,"
A11954.29,SENATOR,kept,283,Sen.
A11954.29,1 SENATOR,kept,205,1. Sen. | 1 Sen.
A11954.29,2 SENATOR,kept,50,2. Sen.
A11954.29,CAPHIS,kept,127,Cap. | Caph. | Ca.
A11954.29,1 VARRO'S SERVANT,kept,99,Var. | Varro. | 1. Varro. | 1. Var. | Ʋ ar. man.
A11954.29,2 VARRO'S SERVANT,kept,41,2. Varro. | 2. Var.
A11954.29,ISIDORE'S SERVANT,kept,40,Iſid. | Iſi.
A11954.29,FOOL,kept,183,Foole.
A11954.29,PAGE,kept,50,Page. | Boy.
A11954.29,FLAMINIUS,kept,218,Flam. | Flam | Flaminius within.
A11954.29,SERVILIUS,kept,79,Seruil.
A11954.29,SERVANT,kept,295,Ser. | Seru.
A11954.29,3 SERVANT,dropped_short,28,3. Ser.
A11954.29,SEMPRONIUS,kept,208,Semp.
A11954.29,TITUS,kept,90,Tit. | Titus.
A11954.29,HORTENSIUS,kept,67,Hort.
A11954.29,PHILOTUS,dropped_short,33,Phil. | Philo.
A11954.29,PHRYNIA,dropped_short,4,Phrin.
A11954.29,TIMANDRA,dropped_short,15,Timan.
A11954.29,SOLDIER,kept,84,Sol.
A11954.29,__crowd__,kept,133,All La. | All. | All Lor. | Both ▪ | Both. | Some ſpeake. | Some other.
A11954.3,SHALLOW,kept,975,Shallow. | Shal. | Sh. | Shall.
A11954.3,SLENDER,kept,1174,Slen. | Sl.
A11954.3,EVANS,kept,1825,Euans. | Euan. | Eu. | Eua. | Eua: | Euant.
A11954.3,PAGE,kept,1595,M r . Page. | M • . Page. | M. Page. | M. Pa. | Ma. Pa. | Page. | Pag. | M. Pag.
A11954.3,FALSTAFF,kept,3712,Fal. | Fa. | Fall.
A11954.3,BARDOLPH,kept,170,Bar. | Ba. | Bard.
A11954.3,PISTOL,kept,404,Piſt.
A11954.3,NIM,kept,246,Nym. | Nim. | Ni.
A11954.3,SIMPLE,kept,332,Sim. | Si. | Simp.
A11954.3,ANNE,kept,244,An. | Anne.
A11954.3,HOST,kept,858,Ho. | Hoſt. | Hoſt | Host.
A11954.3,QUICKLY,kept,2234,Qu. | Qui. | Qui | Qu ▪ | Qai.
A11954.3,RUGBY,kept,52,Ru. | Rug.
A11954.3,CAIUS,kept,794,Ca. | Caius. | Cai. | Cai
A11954.3,FENTON,kept,706,Fenton. | Fen. | Fen:
A11954.3,MISTRESS PAGE,kept,2199,Miſt. Page. | Miſ Page. | Miſ. Page. | Mi. Page. | Miſt. Pag. | Miſt. Page | Mist. Page. | Miſt. Pa. | Miſt Page.
A11954.3,MISTRESS FORD,kept,1339,Miſ Ford. | Miſ. Ford. | Mi. Ford. | Miſt. Ford. | M. Ford. | Mist. Ford. | Miſ Ford
A11954.3,FORD,kept,2585,Ford. | For. | Ford
A11954.3,ROBIN,kept,103,Robin. | Rob.
A11954.3,WILLIAM,kept,38,Will.
A11954.3,JOHN,dropped_short,16,1 Ser.
A11954.3,ROBERT,dropped_short,9,2 Ser.
A11954.3,SERVANT,dropped_short,4,Ser.
A11954.3,__crowd__,dropped_short,13,All. | M. Ford. M. Page.
A11954.30,FLAVIUS,kept,208,Flauius. | Fla.
A11954.30,MARULLUS,kept,231,Mur.
A11954.30,CARPENTER,dropped_short,4,Car.
A11954.30,COBBLER,kept,150,Cobl. | Cob.
A11954.30,CAESAR,kept,1143,Caeſ. | Caeſar.
A11954.30,CAESAR'S GHOST,dropped_short,17,Ghoſt.
A11954.30,ANTONY,kept,2381,Ant. | An. | 〈◊〉
A11954.30,CALPURNIA,kept,207,Calp. | Cal.
A11954.30,SOOTHSAYER,kept,132,Sooth. | South.
A11954.30,CASSIUS,kept,3767,Caſſi. | Caſſius. | Caſ. | Caſſ. | Caſſ | Caſſi ▪ | Caſſi
A11954.30,BRUTUS,kept,5829,Br. | Brut. | Bru. | Brutus.
A11954.30,CASCA,kept,1085,Cask. | Caska. | Cask
A11954.30,CICERO,kept,63,Cic.
A11954.30,CINNA,kept,225,Cinna. | Cin. | Cyn.
A11954.30,LUCIUS,kept,301,Luc.
A11954.30,DECIUS,kept,325,Decius. | Deci. | Dec.
A11954.30,METELLUS,kept,123,Metel. | Met.
A11954.30,TREBONIUS,kept,60,Treb.
A11954.30,PORTIA,kept,732,Por.
A11954.30,LIGARIUS,kept,112,Cai.
A11954.30,SERVANT,kept,214,Ser.
A11954.30,PUBLIUS,dropped_short,6,Pub.
A11954.30,ARTEMIDORUS,dropped_short,29,Art.
A11954.30,POPILIUS,dropped_short,11,Popil.
A11954.30,LEPIDUS,dropped_short,22,Lep.
A11954.30,1 PLEBEIAN,kept,129,1. Ple. | 1. | 1
A11954.30,2 PLEBEIAN,kept,148,2 Ple. | 2. Ple. | 2. | 2
A11954.30,3 PLEBEIAN,kept,132,3 Ple. | 3. Ple. | 3. | 3
A11954.30,4 PLEBEIAN,kept,136,4. Ple. | 4. | 4
A11954.30,CINNA THE POET,dropped_short,10,"Cinna,"
A11954.30,OCTAVIUS,kept,332,Octa. | Oct.
A11954.30,LUCILIUS,kept,88,Lucil.
A11954.30,PINDARUS,kept,121,Pin. | Pind.
A11954.30,POET,kept,54,Poet.
A11954.30,MESSENGER,kept,50,Meſſ. | Meſ.
A11954.30,MESSALA,kept,229,Meſſa.
A11954.30,VARRO,dropped_short,21,Var.
A11954.30,CLAUDIO,dropped_short,6,Claeu. | Clau.
A11954.30,TITINIUS,kept,239,Titin. | Tit.
A11954.30,CATO,kept,69,Cato.
A11954.30,1 SOLDIER,dropped_short,16,1. Sold.
A11954.30,2 SOLDIER,dropped_short,7,2. Sold.
A11954.30,SOLDIER,dropped_short,10,Sold.
A11954.30,CLITUS,kept,71,Clit. | Cly.
A11954.30,DARDANIUS,dropped_short,15,Dard.
A11954.30,VOLUMNIUS,dropped_short,17,Ʋ olum. | Volum. | Vol.
A11954.30,STRATO,kept,59,Stra.
A11954.30,__crowd__,kept,77,Ple. | All. | Both. | Tit. Meſſa.
A11954.31,1 WITCH,kept,417,1. | 1
A11954.31,2 WITCH,kept,174,2. | 2
A11954.31,3 WITCH,kept,173,3. | 3
A11954.31,DUNCAN,kept,476,King.
A11954.31,MALCOLM,kept,1509,"Mal. | Malc. | Malc,"
A11954.31,CAPTAIN,kept,234,Cap.
A11954.31,LENNOX,kept,503,Lenox. | Len.
A11954.31,ROSS,kept,913,"Roſſe. | Roſſ. | Roſſe, | Ro."
A11954.31,MACBETH,kept,5418,Macb. | Mac. | Ma • b. | Macb
A11954.31,BANQUO,kept,778,Banquo. | Banq. | Ban. | Banquo within.
A11954.31,ANGUS,kept,138,Ang.
A11954.31,LADY MACBETH,kept,1911,Lady. | La. | La: | Lad.
A11954.31,MESSENGER,kept,178,Meſſ. | Meſ.
A11954.31,FLEANCE,dropped_short,15,Fleance.
A11954.31,PORTER,kept,315,Porter. | Port.
A11954.31,MACDUFF,kept,1073,Macd.
A11954.31,DONALBAIN,kept,56,Donal. | Don.
A11954.31,OLD MAN,kept,82,Old man. | Old M.
A11954.31,SERVANT,dropped_short,30,Seruant. | Ser.
A11954.31,MURDERER,kept,71,Murth. | Mur.
A11954.31,1 MURDERER,dropped_short,40,1. Murth.
A11954.31,2 MURDERER,dropped_short,37,2. Murth.
A11954.31,HECATE,kept,266,Hec.
A11954.31,LORD,kept,158,Lord.
A11954.31,1 APPARITION,dropped_short,13,1 Appar.
A11954.31,2 APPARITION,dropped_short,23,2 Appar.
A11954.31,3 APPARITION,dropped_short,33,3 Appar.
A11954.31,LADY MACDUFF,kept,290,Wife.
A11954.31,SON,kept,143,Son.
A11954.31,DOCTOR,kept,324,Doct.
A11954.31,GENTLEWOMAN,kept,185,Gent.
A11954.31,MENTETH,kept,72,Ment.
A11954.31,CAITHNESS,kept,73,Cath.
A11954.31,SEYTON,kept,211,Sey. | Seyt.
A11954.31,SIWARD,dropped_short,25,Syew. | Syw.
A11954.31,YOUNG SIWARD,kept,44,Y. Sey.
A11954.31,SOLDIER,dropped_short,4,Sold.
A11954.31,__crowd__,kept,144,All. | Macb. and Lenox. | Lords.
A11954.32,BARNARDO,kept,172,Barnardo. | Bar. | Barn.
A11954.32,FRANCISCO,kept,54,Fran. | Fra.
A11954.32,HORATIO,kept,1754,Hor. | Hora. | Horat.
A11954.32,MARCELLUS,kept,412,Mar. | Marcell.
A11954.32,CLAUDIUS,kept,4308,King. | K. | Kin. | Kin
A11954.32,GERTRUDE,kept,1047,"Queen. | Qu. | Queene. | Queen,"
A11954.32,HAMLET,kept,10780,"Ham. | Ham | Ham, | Ha. | Hamlet. | Ham. within."
A11954.32,POLONIUS,kept,2707,"Pol. | Polon. | Pol,"
A11954.32,LAERTES,kept,1419,Laer. | La.
A11954.32,OPHELIA,kept,1176,"Ophel. | Ophe. | Ophe,"
A11954.32,GHOST,kept,681,Gho. | Ghoſt.
A11954.32,VOLTEMAND,kept,159,Volt.
A11954.32,REYNALDO,kept,65,Reynol.
A11954.32,ROSENCRANTZ,kept,689,Roſin. | Ro.
A11954.32,GUILDENSTERN,kept,328,Guil. | Guild.
A11954.32,1 PLAYER,kept,366,1. Player. | 1. Play. | 1 Play. | Play. | Player.
A11954.32,PLAYER QUEEN,kept,194,Bap. | Bapt.
A11954.32,LUCIANUS,kept,40,Lucian.
A11954.32,FORTINBRAS,kept,187,For. | Fortin.
A11954.32,CAPTAIN,dropped_short,5,Cap.
A11954.32,SAILOR,kept,231,Say.
A11954.32,MESSENGER,kept,109,Meſ.
A11954.32,SERVANT,dropped_short,9,Ser.
A11954.32,GENTLEMAN,dropped_short,5,Gen.
A11954.32,GRAVEDIGGER,kept,700,Clown. | Clo.
A11954.32,OTHER CLOWN,kept,100,Other.
A11954.32,PRIEST,kept,90,Prieſt.
A11954.32,OSRIC,kept,274,Oſr. | Oſricke.
A11954.32,AMBASSADOR,kept,40,Amb.
A11954.32,__crowd__,kept,62,Both. | All. | Al. | Hor. & Mar. within. | Gentlemen within.
A11954.33,KENT,kept,2202,Kent. | Lent.
A11954.33,GLOUCESTER,kept,2381,Glou. | Glo. | Gloſt.
A11954.33,EDMUND,kept,2509,Edm. | Baſt. | Bast.
A11954.33,LEAR,kept,5481,Lear. | Le. | Lea. | Lear | Lear ▪ | Kear.
A11954.33,GONERIL,kept,1352,Gon. | Gone. | Con.
A11954.33,REGAN,kept,1342,Reg. | Regn. | Reg | Reg ▪ | Regan. | Rega.
A11954.33,CORDELIA,kept,985,Cor. | Cord.
A11954.33,ALBANY,kept,851,Alb.
A11954.33,CORNWALL,kept,563,Corn. | Cornw.
A11954.33,BURGUNDY,kept,69,Bur.
A11954.33,FRANCE,kept,241,Fra.
A11954.33,EDGAR,kept,2599,Edg. | Edgar. | Egdar.
A11954.33,OSWALD,kept,503,Ste. | Stew.
A11954.33,KNIGHT,kept,105,Knigh. | Knight.
A11954.33,FOOL,kept,1580,Foole. | Fool.
A11954.33,GENTLEMAN,kept,347,Gent. | Gen. | Cent.
A11954.33,CURAN,kept,80,Cur.
A11954.33,SERVANT,kept,77,Seru. | Ser.
A11954.33,OLD MAN,kept,57,Oldm. | Old.
A11954.33,MESSENGER,kept,129,Meſ. | Meſſ.
A11954.33,CAPTAIN,dropped_short,4,Capt.
A11954.33,HERALD,dropped_short,16,Her.
A11954.34,RODERIGO,kept,869,Rodorigo. | Rodo. | Rod. | Rodo: | Rodori. | Rodor.
A11954.34,IAGO,kept,8478,Ia. | Iago. | Iag. | Iago ▪
A11954.34,BRABANTIO,kept,1083,Bra.
A11954.34,OTHELLO,kept,6287,Othello. | Othel. | Othe. | Oth. | Oth • .
A11954.34,CASSIO,kept,1959,"Caſſio. | Caſſi. | Caſ. | Caſſio, | Caſſio | Caſ | C •"
A11954.34,DESDEMONA,kept,2764,"Deſ. | Deſde. | Deſ,"
A11954.34,EMILIA,kept,1813,"Aemil. | Aemi. | Aem. | Aemil, | Aemil | Emil. | Aemil. within."
A11954.34,OFFICER,dropped_short,28,Officer.
A11954.34,DUKE,kept,451,Duke.
A11954.34,1 SENATOR,kept,183,1. Sen. | Sen.
A11954.34,2 SENATOR,kept,38,2. Sena.
A11954.34,SAILOR,dropped_short,24,Saylor within. | Sailor.
A11954.34,MESSENGER,kept,62,Meſſen. | Meſſ.
A11954.34,MONTANO,kept,414,Mon. | Monta. | Mont.
A11954.34,1 GENTLEMAN,dropped_short,20,1. Gent.
A11954.34,2 GENTLEMAN,kept,55,2
A11954.34,3 GENTLEMAN,kept,103,3
A11954.34,GENTLEMAN,kept,70,Gent.
A11954.34,HERALD,kept,104,Herald.
A11954.34,CLOWN,kept,231,Clo. | Clow.
A11954.34,MUSICIAN,dropped_short,23,Muſ.
A11954.34,BIANCA,kept,269,Bian. | Bianca.
A11954.34,LODOVICO,kept,530,Lodo. | Lod. | Lodoui.
A11954.34,GRATIANO,kept,165,Gra.
A11954.34,__crowd__,dropped_short,18,All. | Within.
A11954.35,ANTONY,kept,6006,"Ant. | Antho. | Anth. | Ant, | An. | Ant"
A11954.35,CLEOPATRA,kept,4764,Cleo. | Cleopa. | Cle.
A11954.35,CAESAR,kept,2890,Caeſ. | Caeſar. | Caeſar | C • eſ. | Caſ.
A11954.35,PHILO,kept,126,Philo.
A11954.35,DEMETRIUS,dropped_short,36,Dem.
A11954.35,CHARMIAN,kept,568,Char. | Cha. | Ch.
A11954.35,IRAS,kept,154,Iras.
A11954.35,ALEXAS,kept,282,Alex. | Alexas.
A11954.35,SOOTHSAYER,kept,215,Sooth. | Soot • ▪
A11954.35,ENOBARBUS,kept,2513,Enob. | Eno. | Enobar. | Enor.
A11954.35,MARDIAN,kept,120,Mar. | Mardi.
A11954.35,LEPIDUS,kept,395,Lep. | Lepi. | Lepidus.
A11954.35,POMPEY,kept,911,Pom. | Pompey. | Pomp.
A11954.35,MENECRATES,kept,85,Mene.
A11954.35,MENAS,kept,341,Men. | Menas.
A11954.35,VARRIUS,dropped_short,27,Var.
A11954.35,MAECENAS,kept,222,Mece. | Mec. | Mecenas. | Mece
A11954.35,AGRIPPA,kept,315,Agri. | Agrip. | Agr. | Agrip
A11954.35,OCTAVIA,kept,236,Octa. | Octaui. | Oct.
A11954.35,VENTIDIUS,kept,243,Ven. | Ʋ en.
A11954.35,SILLIUS,kept,68,Romaine. | Rom.
A11954.35,EROS,kept,343,Eros. | Ero.
A11954.35,CANIDIUS,kept,142,Cam. | Camid.
A11954.35,TAURUS,dropped_short,2,Tow.
A11954.35,SCARUS,kept,271,Scar.
A11954.35,DOLABELLA,kept,326,Dolla. | Dol. | Dola.
A11954.35,THIDIAS,kept,184,Thid.
A11954.35,AMBASSADOR,kept,110,Amb. | Am.
A11954.35,MESSENGER,kept,487,Meſ. | Meſſen. | Meſſ. | 1. Meſ. | 2. Meſ. | 3. Meſ.
A11954.35,SERVANT,dropped_short,11,Ser.
A11954.35,1 SERVANT,kept,192,1
A11954.35,2 SERVANT,kept,148,2
A11954.35,SOLDIER,kept,174,Soul. | Sol. | Sold.
A11954.35,1 SOLDIER,dropped_short,7,1. Sol.
A11954.35,2 SOLDIER,dropped_short,16,2. Sol.
A11954.35,3 SOLDIER,dropped_short,14,3
A11954.35,4 SOLDIER,dropped_short,6,4
A11954.35,SENTRY,kept,92,Cent.
A11954.35,1 WATCHMAN,dropped_short,8,1. Watch.
A11954.35,1 GUARD,kept,69,1. Guard. | 1. Guard
A11954.35,2 GUARD,dropped_short,2,2 Guard.
A11954.35,GUARDSMAN,dropped_short,21,Gardſ. | Guardſ.
A11954.35,DERCETUS,kept,159,Derceius. | Decre. | Dec.
A11954.35,DIOMEDES,kept,127,Dio. | Diom. | Diom
A11954.35,EGYPTIAN,kept,38,Aegyp. | Aegypt.
A11954.35,PROCULEIUS,kept,216,Pro.
A11954.35,SELEUCUS,dropped_short,26,Seleu. | Sel.
A11954.35,CLOWN,kept,256,Clow.
A11954.35,__crowd__,kept,54,Both. | Omnes. | All.
A11954.36,CYMBELINE,kept,1990,Cym.
A11954.36,QUEEN,kept,1210,Qu. | Queen.
A11954.36,POSTHUMUS,kept,3411,Poſt. | Post. | Poſth. | Posthmus. | Poſthu.
A11954.36,IMOGEN,kept,3966,Imo.
A11954.36,CLOTEN,kept,2080,Clot. | Clot | Clo.
A11954.36,PISANIO,kept,1614,Piſa. | Piſ. | P • ſ. | Piſan. | Piſae.
A11954.36,IACHIMO,kept,3307,Iach. | Iach' | Iachi. | Iac.
A11954.36,BELARIUS,kept,2873,Bel. | Bela.
A11954.36,GUIDERIUS,kept,1067,Guid. | Gui.
A11954.36,ARVIRAGUS,kept,941,Aruir. | Arui. | Aru.
A11954.36,LUCIUS,kept,858,Luc.
A11954.36,PHILARIO,kept,284,Phil. | Phi.
A11954.36,FRENCHMAN,kept,183,French.
A11954.36,CORNELIUS,kept,525,Cor. | Corn.
A11954.36,1 GENTLEMAN,kept,561,1. Gent. | 1
A11954.36,2 GENTLEMAN,dropped_short,4,2 Gent.
A11954.36,1 LORD,kept,167,1.
A11954.36,2 LORD,kept,431,2 | 2.
A11954.36,LADY,kept,68,La. | Lady.
A11954.36,MESSENGER,kept,45,Meſ.
A11954.36,1 SENATOR,kept,101,1. Sen.
A11954.36,2 SENATOR,dropped_short,1,2. Sen.
A11954.36,TRIBUNE,dropped_short,15,Tri.
A11954.36,CAPTAIN,kept,68,"Cap. | Cap,"
A11954.36,SOOTHSAYER,kept,178,Sooth.
A11954.36,LORD,kept,137,"Lord. | Lor. | Lo, | Lo."
A11954.36,GAOLER,kept,415,Gao.
A11954.36,2 GAOLER,dropped_short,4,2. Gao.
A11954.36,SICILIUS,kept,230,Sicil. | Sic.
A11954.36,MOTHER,kept,61,Moth. | Mo.
A11954.36,1 BROTHER,kept,65,1. Bro. | 1 Bro.
A11954.36,2 BROTHER,dropped_short,32,2 Bro.
A11954.36,JUPITER,kept,154,Iupiter.
A11954.36,__crowd__,kept,37,Both. | All. | Gui. Arui. | Brothers.
A11954.4,DUKE,kept,6748,Duke. | Duk. | Du.
A11954.4,ESCALUS,kept,1440,Eſc.
A11954.4,ANGELO,kept,2388,Ang. | An. | Ang
A11954.4,LUCIO,kept,2349,Luc. | Lucio.
A11954.4,1 GENTLEMAN,kept,172,1. Gent. | 1. Gen.
A11954.4,2 GENTLEMAN,kept,58,2. Gent.
A11954.4,MISTRESS OVERDONE,kept,233,Bawd. | Baw.
A11954.4,POMPEY,kept,1357,Clo. | Clow. | Clo:
A11954.4,CLAUDIO,kept,801,Cla. | Clau.
A11954.4,PROVOST,kept,1080,Pro.
A11954.4,FRIAR THOMAS,dropped_short,35,Fri.
A11954.4,ISABELLA,kept,3032,Iſa. | Iſab. | Iſa : | Iſ.
A11954.4,FRANCISCA,kept,77,Nun.
A11954.4,ELBOW,kept,612,Elb.
A11954.4,FROTH,kept,57,Fro. | Froth.
A11954.4,JUSTICE,dropped_short,10,Iust. | Iuſt.
A11954.4,SERVANT,dropped_short,34,Ser.
A11954.4,JULIET,kept,63,Iul.
A11954.4,MARIANA,kept,482,Mar.
A11954.4,ABHORSON,kept,105,Abh. | Ab.
A11954.4,MESSENGER,kept,41,Meſſ.
A11954.4,BARNARDINE,kept,116,Bar.
A11954.4,FRIAR PETER,kept,276,Peter.
A11954.4,__crowd__,dropped_short,7,Ang. Eſc.
A11954.5,EGEON,kept,1169,Marchant. | Mer. | Merch. | Mar. Fat. | Fa. | Fath. | Father. | Fat.
A11954.5,DUKE,kept,786,Duke. | Duk.
A11954.5,JAILER,dropped_short,4,Iaylor.
A11954.5,ANTIPHOLUS OF SYRACUSE,kept,2253,Ant. | Antip. | Antiph. | S. Anti. | S. Ant.
A11954.5,ANTIPHOLUS OF EPHESUS,kept,1545,Anti. | An. | E. Ant. | E. Anti. | E. An. | Eph. Am.
A11954.5,DROMIO OF SYRACUSE,kept,2363,"Dro. | Drom. | S. Dro. | S. Dr. | S. Dro, | S. Dromio. | S. Drom."
A11954.5,DROMIO OF EPHESUS,kept,1127,E. Dro. | E. Dr. | E. Drom. | E. Dromio. | E.D.
A11954.5,ADRIANA,kept,2114,Adr. | Adri. | Ad. | Adria.
A11954.5,LUCIANA,kept,769,Luc. | Luci. | Iulia.
A11954.5,LUCE,kept,64,Luce.
A11954.5,BALTHASAR,kept,205,Bal. | Baliz. | Balth.
A11954.5,ANGELO,kept,643,Angelo. | Ang. | Gold. | Goldſmith.
A11954.5,1 MERCHANT,kept,56,E. Mar.
A11954.5,2 MERCHANT,kept,268,Mar.
A11954.5,OFFICER,kept,96,Offi. | Off • i • . | Off.
A11954.5,COURTESAN,kept,298,Cur. | Curt.
A11954.5,PINCH,kept,103,Pinch.
A11954.5,ABBESS,kept,554,Ab. | Abb. | Abbeſſe.
A11954.5,MESSENGER,kept,46,Meſſ.
A11954.6,LEONATO,kept,2695,Leonato. | Leon. | Leo. | Leona. | Leonata.
A11954.6,MESSENGER,kept,231,Meſſ. | Meſſenger. | Meſſen.
A11954.6,BEATRICE,kept,2391,Bea. | Beat. | Beatrice. | Batrice. | Beatr.
A11954.6,HERO,kept,993,Hero. | Her. | Bero.
A11954.6,DON PEDRO,kept,2474,Pedro. | Pedr. | Ped. | Prince. | Prin. | Princ. | Pri.
A11954.6,BENEDICK,kept,3890,Bened. | Ben. | Bene. | Bene :
A11954.6,DON JOHN,kept,923,Iohn. | Ioh. | Baſt. | Baſta. | Baſtard. | Bast.
A11954.6,CLAUDIO,kept,2018,Clau. | Claudio. | Clau : | Claud. | Cla.
A11954.6,ANTONIO,kept,423,Old. | Brother. | Broth. | Brot. | Bro. | Ant. | Anth.
A11954.6,CONRADE,kept,252,Con. | Conr.
A11954.6,BORACHIO,kept,1020,Bor. | Bora. | Borachio.
A11954.6,MARGARET,kept,550,Mar. | Marg. | Marga.
A11954.6,BALTHASAR,kept,83,Balt. | Balth.
A11954.6,URSULA,kept,368,Vrſula. | Vrſu. | Ʋ rſula. | Vrſ. | Ʋ rſu.
A11954.6,BOY,dropped_short,6,Boy.
A11954.6,DOGBERRY,kept,1534,Dog. | Dogb. | Conſt. Dog. | Con. Do. | Con. Dog. | Conſt. | Kemp. | Kem. | Andrew. | Kee. | Keeper.
A11954.6,VERGES,kept,181,Verg. | Verges. | Ʋ erges. | Ver. | Cowley. | Couley. | Headb. | Head. | Con. 2.
A11954.6,1 WATCHMAN,kept,67,Watch. 1. | Watch 1.
A11954.6,2 WATCHMAN,kept,62,Watch 2. | Watch. 2.
A11954.6,WATCHMAN,kept,106,Watch.
A11954.6,FRIAR FRANCIS,kept,589,Fran. | Frier. | Fri.
A11954.6,SEXTON,kept,118,Sexton. | Sext. | Sex.
A11954.6,LORD,kept,69,Lord. | Lo.
A11954.7,FERDINAND,kept,2404,Ferdinand. | Ferd. | Fer. | Kin. | King. | Nau.
A11954.7,BEROWNE,kept,4954,Berowne. | Berow. | Ber. | Bero. | Be.
A11954.7,LONGAVILLE,kept,568,Longauill. | Longa. | Lon. | Long. | Lou.
A11954.7,DUMAINE,kept,380,Dumane. | Dum. | Duma. | Du.
A11954.7,DULL,kept,234,Conſt. | Con. | Dul. | Dull. | Anth.
A11954.7,COSTARD,kept,1554,Clow. | Clo. | Coſt.
A11954.7,ARMADO,kept,1716,Arma. | Ar. | Arm. | Brag. | Brag | Br. | Bra. | Brad.
A11954.7,MOTH,kept,1994,Boy. | Pag. | Pag | Page.
A11954.7,JAQUENETTA,kept,99,Maid. | Mai. | Iaqu. | Iaq.
A11954.7,PRINCESS,kept,2479,Queen. | Qu. | Quee. | Que. | Q. | Prin. | Princ. | Pri.
A11954.7,ROSALINE,kept,1381,Roſſa. | Roſa. | Roſ. | Ros. | La. Ro. | Lad. Ro.
A11954.7,KATHERINE,kept,309,Kath. | Kat. | Ka. | 2. Lad. | Lad. 2.
A11954.7,MARIA,kept,408,Maria. | Mar. | Mari. | La. Ma. | Lad. Ma. | 1 Lady. | Lad. 1. | La. 1. | Ma. | La.
A11954.7,BOYET,kept,587,Boyet. | Boiet. | Boi. | Bo. | Bro.
A11954.7,LORD,dropped_short,3,Lor.
A11954.7,MARCADE,dropped_short,18,Marc.
A11954.7,FORESTER,dropped_short,35,For.
A11954.7,HOLOFERNES,kept,1060,Hol. | Ped. | Peda. | Pedant. | Per.
A11954.7,NATHANIEL,kept,792,Nat. | Nath. | Curat. Nath. | Curat. | Cura. | Cur.
A11954.8,THESEUS,kept,1689,Theſeus. | The. | Theſ. | Duke. | Du. | Duk.
A11954.8,HIPPOLYTA,kept,257,Hip. | Dut.
A11954.8,EGEUS,kept,433,Ege. | Egeus.
A11954.8,HERMIA,kept,1284,Her.
A11954.8,LYSANDER,kept,1473,Lyſ. | Liſ. | Lyſa. | Lyſan.
A11954.8,DEMETRIUS,kept,1052,Dem. | Deme. | Demet. | De.
A11954.8,HELENA,kept,1819,Hel. | Hele. | Hell.
A11954.8,PHILOSTRATE,kept,41,Phi.
A11954.8,QUINCE,kept,961,Quin. | Qui. | Quince. | Peter. | Pet. | Pro. | Prol.
A11954.8,BOTTOM,kept,2072,Bot. | Bottome. | Bottom. | Clow. | Clowne. | Clo. | Clown. | Pir. | Pyra. | Pyr.
A11954.8,FLUTE,kept,352,Flu. | Flut. | Thiſ. | Thyſ. | This.
A11954.8,SNOUT,kept,159,"Tom Snowt, | Snowt. | Snout. | Sn. | Wall."
A11954.8,SNUG,kept,119,Snug. | Lyon.
A11954.8,STARVELING,kept,93,Star. | Staru. | Moon.
A11954.8,ROBIN,kept,1376,Rob. | Robin. | Puc. | Pucke. | Puck. | Puck | Pu. | Puk. | Ro.
A11954.8,OBERON,kept,1507,Ob. | Ober.
A11954.8,TITANIA,kept,1270,Tyta. | Tita. | Queen. | Que. | Qu.
A11954.8,FAIRY,kept,202,Fai. | Fair.
A11954.8,1 FAIRY,dropped_short,13,1. Fairy. | 1. Fai.
A11954.8,2 FAIRY,dropped_short,27,2. Fairy. | 2. Fai.
A11954.8,3 FAIRY,dropped_short,1,3. Fai.
A11954.8,PEASEBLOSSOM,dropped_short,4,Peaſ.
A11954.8,COBWEB,dropped_short,2,Cob.
A11954.8,MUSTARDSEED,dropped_short,5,Muſ.
A11954.8,__crowd__,dropped_short,7,All.
A11954.9,ANTONIO,kept,1439,Anthonio. | Anth. | Ant. | An. | Antho.
A11954.9,SALARINO,kept,931,Sal. | Salar. | Sala.
A11954.9,SOLANIO,kept,490,Sola. | Sol. | Salino.
A11954.9,BASSANIO,kept,2544,Baſſ. | Baſ. | Baſſ
A11954.9,LORENZO,kept,1346,Lor. | Loren. | Lorenſ.
A11954.9,GRATIANO,kept,1384,Grat. | Grati. | Gra. | Gra | Gre.
A11954.9,PORTIA,kept,4699,Portia. | Por. | Port. | Por | Pro.
A11954.9,NERISSA,kept,709,Ner. | Nerriſſa. | Nerriſ.
A11954.9,SERVINGMAN,dropped_short,35,Ser.
A11954.9,SHYLOCK,kept,2925,"Shy. | Iew. | Shy,"
A11954.9,MOROCCO,kept,811,Mor.
A11954.9,LANCELOT,kept,1474,Clo. | Clown. | Clow. | Clo | Lan. | Laun.
A11954.9,GOBBO,kept,293,Gob.
A11954.9,LEONARDO,dropped_short,11,Leon.
A11954.9,JESSICA,kept,664,Ieſ. | Ieſſ. | Ieſſi. | Ieſſica. | Ieſſi
A11954.9,ARAGON,kept,502,Ar.
A11954.9,MESSENGER,kept,130,Meſ.
A11954.9,TUBAL,kept,97,Tub.
A11954.9,BALTHASAR,dropped_short,7,Balth.
A11954.9,DUKE,kept,423,Duke. | Du. | Duk.
A11954.9,__crowd__,dropped_short,3,All.
A11959,1 SENTINEL,dropped_short,25,1.
A11959,2 SENTINEL,kept,200,2.
A11959,HORATIO,kept,1418,"Hor. | Horatio. | Horat. | Horatio,"
A11959,MARCELLUS,kept,406,Mar. | Marc.
A11959,CLAUDIUS,kept,1577,King | King. | Kiug | king
A11959,GERTRED,kept,633,Queene | Queene. | Que. | Que: | Qu.
A11959,HAMLET,kept,6318,"Ham. | Ham | Ham, | Ha."
A11959,CORAMBIS,kept,1604,"Cor. | Cor,"
A11959,LEARTES,kept,643,Lear. | Lea. | Leart.
A11959,OFELIA,kept,955,Ofel. | Ofe. | Of. | Ofelia
A11959,GHOST,kept,547,Ghost | Gho. | ghost | Gost. | Ghost.
A11959,MONTANO,dropped_short,30,Mon.
A11959,ROSSENCRAFT,kept,165,Ros. | Ross.
A11959,GILDERSTONE,kept,238,Guil. | Gil.
A11959,VOLTEMAR,kept,148,Uolt.
A11959,GENTLEMAN,kept,150,Gent. | Gen. | Gent ▪
A11959,PLAYER,kept,183,Players | Play. | players | Prol.
A11959,PLAYER DUKE,kept,166,Duke
A11959,PLAYER DUCHESS,kept,80,Dutchesse
A11959,LUCIANUS,kept,40,Murd.
A11959,FORTENBRASSE,kept,121,Fort.
A11959,GRAVEDIGGER,kept,440,Clowne | Clowne.
A11959,PRIEST,kept,52,Priest
A11959,AMBASSADOR,dropped_short,26,Ambass.
A11959,__crowd__,kept,49,All | All. | Both. | Both | Lords
A11966,KING HENRY,kept,2638,King. | King | Kin.
A11966,PRINCE,kept,4557,"Prince. | Prin. | Prin | Prin ▪ | Pri | Pr. | Prin,"
A11966,FALSTAFF,kept,5664,Falst. | Fal. | Fal • t. | Fal | Fat. | F • l. | Fa. | Falst | • a • .
A11966,POINS,kept,952,Poines. | Poynes. | Poy. | Po. | Po | Poin | Poin. | Poi | Poi. | Poy
A11966,HOTSPUR,kept,3992,Hotsp. | Hot. | Hot | H • t. | Hotsp | Hot ▪ | Per.
A11966,WORCESTER,kept,1454,Wor. | Worst. | Wor
A11966,NORTHUMBERLAND,kept,240,Nor. | North. | North | Nort.
A11966,WESTMORLAND,kept,301,West. | W • st.
A11966,BLUNT,kept,302,Blunt.
A11966,1 CARRIER,kept,176,1 Car. | 1 Car
A11966,2 CARRIER,kept,147,2 Car.
A11966,CARRIER,dropped_short,11,Car.
A11966,OSTLER,dropped_short,2,Ost.
A11966,GADSHILL,kept,332,Gadshill. | Gad | Gad. | Gad ▪ | Ga.
A11966,CHAMBERLAIN,kept,150,Cham. | Cham
A11966,BARDOLPH,kept,223,Bar. | Ross.
A11966,PETO,kept,68,Peto. | Peto | Pet • . | Pet.
A11966,TRAVELLER,dropped_short,34,Trauel. | Tra.
A11966,LADY PERCY,kept,430,Lady. | La. | La | L • .
A11966,SERVANT,dropped_short,19,Ser.
A11966,FRANCIS,kept,88,Fran.
A11966,VINTNER,dropped_short,35,Vint.
A11966,HOSTESS,kept,414,Host. | Hostesse. | Ho.
A11966,SHERIFF,kept,60,Sher. | She.
A11966,MORTIMER,kept,447,Mor. | Mor | M • r.
A11966,GLENDOWER,kept,617,"Glendow. | Glen. | Glen, | Glen"
A11966,DOUGLAS,kept,354,Doug. | Doug
A11966,MESSENGER,kept,66,Mes.
A11966,VERNON,kept,465,Ver.
A11966,ARCHBISHOP,kept,263,Arch. | Arch
A11966,SIR MICHAEL,kept,54,Sir M.
A11966,PRINCE JOHN,kept,64,P. Iohn. | Ioh. | Iohn of Lan | Iohn.
A11966,__crowd__,dropped_short,1,Theeues.
A11974,LORD BARDOLPH,kept,471,Bard. | Bar. [Lord Bardolph]
A11974,BARDOLPH,kept,320,Bar. | Bard | Bard: | Bardolfe | Bar | Bard. [Bardolph]
A11974,PORTER,dropped_short,33,Porter
A11974,NORTHUMBERLAND,kept,838,North. | Earle. | Earle
A11974,TRAVERS,kept,115,Trauers
A11974,MORTON,kept,359,Mour. | Vmfr.
A11974,FALSTAFF,kept,5555,Falst. | Falstaffe | Fal. | Fa. | Fal | Falst ▪ | Falst | F • l. | sir Iohn | Iohn | Old. | Eal. | 〈◊〉
A11974,PAGE,kept,214,Page | Boy. | Boy | Bo •
A11974,LORD CHIEF JUSTICE,kept,1204,Iustice | Iust. | Lo. | Lord
A11974,SERVANT,kept,87,seru.
A11974,ARCHBISHOP,kept,745,Bishop | Bish. | B • sh. | Bishop.
A11974,MOWBRAY,kept,295,Marsh. | Mowb. | Mowbray | Mow. | Mow | Moub. | Mou
A11974,HASTINGS,kept,398,Hast. | Hastings
A11974,QUICKLY,kept,1462,Hostesse | Host. | host. | host | Ho. | Quickly | Qui.
A11974,FANG,kept,47,Phang
A11974,SNARE,dropped_short,15,Snare
A11974,OFFICER,dropped_short,4,Offic.
A11974,GOWER,dropped_short,32,Gower
A11974,MESSENGER,kept,59,Mess. | Messenger
A11974,PRINCE,kept,2629,Prince. | Prince | Prin • e | Prin. | Har • . | Harry
A11974,POINS,kept,561,Poynes | Poynes. | Poyne | Poines | Poyns
A11974,LADY PERCY,kept,239,Wife | Kate
A11974,FRANCIS,kept,84,Francis | Fran. | Fr • ncis
A11974,DRAWER,kept,102,Draw. | Dra. | Roy
A11974,DOLL TEARSHEET,kept,661,Doll | Dol | Dol. | Doro. | Dorothy | Tere. | T • resh. | Whoore
A11974,PISTOL,kept,580,Pistol | Pist. | Pist | Pisto
A11974,PETO,kept,45,Peyto
A11974,SHALLOW,kept,1568,Sha. | Sha: | Shal. | Shal | Shall.
A11974,SILENCE,kept,262,Si. | Scil. | Scilens | S • lens | Silens
A11974,MOULDY,kept,98,Mouldy | Moul.
A11974,SHADOW,dropped_short,6,Shad.
A11974,WART,dropped_short,4,Wart
A11974,FEEBLE,kept,92,Feeble
A11974,BULLCALF,kept,109,Bul.
A11974,WESTMORLAND,kept,706,West. | We. | W • st. | •• st.
A11974,COLEVILE,kept,64,Cole. | Colle. | Col.
A11974,KING,kept,1914,King | Kin | King. | Ki.
A11974,WARWICK,kept,351,War.
A11974,GLOUCESTER,kept,113,Glo. | Hum. | Humph.
A11974,CLARENCE,kept,163,Clar. | Cla. | Tho.
A11974,PRINCE JOHN,kept,426,Lanc. | Iohn [Prince John] | 〈◊〉 [Prince John]
A11974,DAVY,kept,273,Dauy
A11974,BEADLE,kept,72,Sincklo | Sincklo. | Sinck.
A11974,__crowd__,dropped_short,13,"Prince, Poynes | Prin.ambo | Bro."
A11975,HENRY,kept,4401,King. | K. | Ki. | Kin. | Harry. | Har. | Hate.
A11975,EXETER,kept,961,Exeter. | Exe.
A11975,BISHOP (CANTERBURY),kept,492,Bi.
A11975,LORD,kept,54,Lord.
A11975,AMBASSADOR,kept,106,Ambassa. | Ambas.
A11975,BARDOLPH,kept,133,Bar.
A11975,NIM,kept,325,Nim. | Ni.
A11975,PISTOL,kept,820,Pist.
A11975,HOSTESS,kept,306,Host. | Hostes.
A11975,BOY,kept,209,Boy.
A11975,GLOUCESTER,kept,76,Glost. | Glos.
A11975,SCROPE,kept,94,Masha. | Mash.
A11975,CAMBRIDGE,kept,44,Cam.
A11975,GREY,dropped_short,35,Gray.
A11975,DAUPHIN,kept,154,Dolphin. | Dol.
A11975,CONSTABLE,kept,396,Con. | Const.
A11975,FLUELLEN,kept,1656,Flew. | Fleu. | Fle. | Fl.
A11975,GOWER,kept,327,Gower. | Go. | Gour. | Gow.
A11975,GOVERNOR,kept,66,Gouer.
A11975,CATHERINE,kept,244,Kate. | Ka.
A11975,ALICE,kept,92,"Allice. | Allice, | Lady."
A11975,BOURBON,kept,226,Bur. | Burbon. | Burb.
A11975,BURGUNDY,dropped_short,32,Duk.
A11975,ORLEANS,kept,95,Orleance. | Or. | Orle.
A11975,MESSENGER,dropped_short,15,Mess.
A11975,COURT,dropped_short,6,1. Soul.
A11975,WILLIAMS,kept,395,2. Soul. | 2. Sol. | 2. S. | Soul. | 2. L.
A11975,BATES,kept,92,3. Soul. | 3. Sol. | 3. S. | 3 Lord.
A11975,WARWICK,kept,80,War.
A11975,SALISBURY,dropped_short,24,Sal.
A11975,CLARENCE,dropped_short,26,Clar.
A11975,HERALD (MONTJOY),kept,177,Her. | Hera. | Heral. | Herald. | Herauld.
A11975,YORK,dropped_short,13,Yorke.
A11975,FRENCH KING,kept,98,Fran. | Fran | France.
A11975,FRENCH SOLDIER,kept,55,French.
A11975,[unresolved] Gebon.,unresolved_excluded,7,Gebon.
A11975,[unresolved] Ge.,unresolved_excluded,2,Ge.
A11978,KENT,kept,2519,Kent. | Ken.
A11978,GLOUCESTER,kept,2501,Glost. | Glo. | Gost.
A11978,EDMUND,kept,2351,"Bast. | Ba. | Bast, | Edmund,"
A11978,LEAR,kept,5411,"Lear. | Lear, | Lea. | Leir."
A11978,GONERIL,kept,1360,Gon. | Gonorill. | Gonor. | Gono.
A11978,REGAN,kept,1357,Reg. | Regan. | Rag. | Ragan. | Re.
A11978,CORDELIA,kept,830,Cor. | Cord.
A11978,ALBANY,kept,794,"Alb. | Duke,"
A11978,CORNWALL,kept,988,Corn. | Duke.
A11978,BURGUNDY,kept,68,Burg.
A11978,FRANCE,kept,248,Fra. | Fran.
A11978,EDGAR,kept,2844,Edgar. | Edg. | Ed.
A11978,OSWALD,kept,496,"Steward. | Stew. | Stew, | Ste. | Oswald. | Osw."
A11978,GENTLEMAN,kept,677,Gent. | Gen.
A11978,SERVANT,kept,191,seruant. | Seruant. | Seru.
A11978,1 SERVANT,dropped_short,24,1 Ser.
A11978,2 SERVANT,dropped_short,39,2 Ser. | 2 Seruant.
A11978,FOOL,kept,1532,Foole. | Fool.
A11978,CURAN,kept,77,Curan.
A11978,KNIGHT,dropped_short,25,Knight.
A11978,OLD MAN,kept,59,Old man | Old man.
A11978,DOCTOR,kept,125,Doct.
A11978,MESSENGER,dropped_short,8,Mes.
A11978,CAPTAIN,dropped_short,33,Cap. | Capt.
A11978,HERALD,kept,56,Her.
A11981,ANTONIO,kept,1449,A Nthonio. | Anth. | Ant. | An. | Antho.
A11981,SALARINO,kept,991,Salarino. | Salar. | Sal. | Saler.
A11981,SOLANIO,kept,424,Salanio. | Salan. | Sol.
A11981,BASSANIO,kept,2511,Baſſ. | Baſſ | Baſ.
A11981,LORENZO,kept,1317,Lor. | Loren. | Lo.
A11981,GRATIANO,kept,1357,Grat. | Gra.
A11981,PORTIA,kept,4708,Portia. | Por.
A11981,NERISSA,kept,697,Ner. | Neriſſa.
A11981,SERVINGMAN,dropped_short,36,Ser.
A11981,SHYLOCK,kept,2917,Shy. | Shyl. | Iew | Iew.
A11981,MOROCCO,kept,799,Moroc. | Mor.
A11981,LANCELOT,kept,1477,Clowne. | Clo. | Clown. | Clow. | Lance. | Lancelet. | Lan.
A11981,GOBBO,kept,293,"Gobbo. | Gob. | Gob,"
A11981,LEONARDO,dropped_short,11,Leon.
A11981,JESSICA,kept,666,Ieſſica. | Ieſ. | Ieſſ. | Ieſſi.
A11981,ARAGON,kept,496,Arra. | Arr. | Arrag.
A11981,MESSENGER,kept,129,Meſſ. | Meſſen.
A11981,TUBAL,kept,98,Tuball.
A11981,BALTHASAR,dropped_short,7,Bai.
A11981,DUKE,kept,558,Duke. | Du.
A11983,SHALLOW,kept,396,Shal. | Shal:
A11983,SLENDER,kept,480,Slen. | Slend.
A11983,EVANS,kept,796,Sir Hu. | S Hu. | S. Hu. | Sir Hu: | Hu. | Hir Hu.
A11983,PAGE,kept,834,Pag. | Pa. | Pa:
A11983,FALSTAFF,kept,2527,Fal. | Fal:
A11983,PISTOL,kept,245,Pist. | Pis.
A11983,NIM,kept,165,Nym.
A11983,MISTRESS FORD,kept,668,Mis. Ford. | Mis. For. | Mi. For. | Mis.
A11983,MISTRESS PAGE,kept,939,Mis. Pa. | Mi. Pa.
A11983,ANNE,kept,138,Anne. | An. | An:
A11983,SIMPLE,kept,224,Sim.
A11983,HOST,kept,750,Host. | Host:
A11983,BARDOLPH,kept,95,Bar. | Bar:
A11983,QUICKLY,kept,872,Quic. | Quic | Quic:
A11983,CAIUS,kept,479,Doct. | Doc.
A11983,RUGBY,dropped_short,22,Rug.
A11983,FORD,kept,1315,"Ford. | For. | Ford: | For, | Fo."
A11983,SERVANT,dropped_short,7,Ser.
A11983,FENTON,kept,377,Fen: | Fen.
A11983,[unresolved] Fai.,unresolved_excluded,8,Fai.
A11988,SHALLOW,kept,928,Shallow. | Shal. | Sh ▪ | Sh. | Shal
A11988,SLENDER,kept,1176,Slen. | Slen ▪ | Sl. | S • en.
A11988,EVANS,kept,1807,Euans. | Euan. | Euen. | Eu. | Eua. | Fuan. | Euan: | Euan • :
A11988,PAGE,kept,1366,Maſter Page. | M. Page. | M. Pa. | Ma. Pa. | Ma. Page. | Page. | Page
A11988,FALSTAFF,kept,3705,Fal. | Fa. | Fal ▪ | Fal | Fal:
A11988,BARDOLPH,kept,170,Bar. | Ba. | Bard.
A11988,PISTOL,kept,409,"Piſt. | Piſt, | Pist. | Piſtoll. | Biſt."
A11988,NIM,kept,242,Nym. | Ni. | Nim. | Ni
A11988,ANNE,kept,184,An. | Anne.
A11988,SIMPLE,kept,328,Sim. | Simp. | Simple | Si.
A11988,HOST,kept,863,Ho. | Hoſt. | Host.
A11988,QUICKLY,kept,2215,"Qu. | Qui. | Qu, | Qui,"
A11988,RUGBY,kept,53,Ru. | Rug. | Rug
A11988,CAIUS,kept,807,Ca. | Caius. | Cai. | Caius
A11988,FENTON,kept,761,Fenton. | Fen. | Fen
A11988,MISTRESS PAGE,kept,2306,Mi. Page. | Miſ. Page. | Miſ. Page | Miſ ▪ Page. | Miſt. Page. | Miſt. Pa. | M. P. | Miiſt. Pag. | Miſt Page. | Miſ Page. | Mis. Page.
A11988,MISTRESS FORD,kept,1291,Miſ. Ford. | Miſ. Fords | Miſ ▪ Ford. | M. Ford. | Mi Ford. | M. Ford | Miſt. Ford. | Miſ Ford. | Miſ. Ford | Mi. Ford. | Miſ. Frod. | Miſ. Ford ▪
A11988,FORD,kept,2582,Ford. | Ford:
A11988,ROBIN,kept,104,Robin. | Rob.
A11988,WILLIAM,kept,38,Will.
A11988,SERVANT,dropped_short,4,Ser.
A11988,1 SERVANT,dropped_short,16,1 Ser.
A11988,2 SERVANT,dropped_short,9,2 Ser.
A11988,__crowd__,dropped_short,11,All.
A11989,THESEUS,kept,1714,"Theseus. | The. | The, | The ▪ | Thes. | These. | Th. | Duk. | Duke."
A11989,HIPPOLYTA,kept,256,Hip. | Hyp. | Dutch. | Dutchesse. | Dut.
A11989,EGEUS,kept,343,"Ege. | Egeus. | Egeus,"
A11989,HERMIA,kept,1301,"Her. | Her, | Herm."
A11989,LYSANDER,kept,1420,"Lys. | Lysand. | Lis. | Lysand, | Lysan."
A11989,DEMETRIUS,kept,1078,Deme. | Dems. | Demet. | De. | Dem. | Deme ▪
A11989,HELENA,kept,1831,Hel. | Hele.
A11989,QUINCE,kept,982,"Quin. | Qui. | Quin, | Pro. | Prologue."
A11989,TITANIA,kept,1166,Quee. | Queene. | Tytania. | Tita. | Tyta. | Ty. | Ti. | Qu.
A11989,BOTTOM,kept,2066,Bot. | Bott. | Bot | Bo. | Cet. | Clown. | Clow. | Clo. | Pyra. | Py. | Pyr.
A11989,FLUTE,kept,362,Flu. | Fla. | Fl. | Flut. | Thys. | This. | Thy.
A11989,SNOUT,kept,157,Snowt. | Snout. | Sno. | Sn. | Wall. | Wal.
A11989,SNUG,kept,152,Snug. | Lyon.
A11989,STARVELING,kept,76,Star. | Moone. | Moon.
A11989,ROBIN,kept,1384,Robin. | Rob. | Robi. | Rob | Ro. | Puck. | Pu.
A11989,OBERON,kept,1627,Ob. | Oberon. | Ober.
A11989,FAIRY,kept,188,Fa.
A11989,1 FAIRY,dropped_short,30,1. Fai.
A11989,2 FAIRY,dropped_short,11,2. Fai.
A11989,3 FAIRY,dropped_short,1,3. Fai.
A11989,COBWEB,dropped_short,2,Cob.
A11989,PEASEBLOSSOM,dropped_short,2,Pea.
A11989,MUSTARDSEED,dropped_short,5,Must.
A11989,PHILOSTRATE,kept,184,Philostrate. | Philost. | Phil. | Phi.
A11989,__crowd__,dropped_short,18,All. | Fairies.
A11991,LEONATO,kept,2683,Leonato. | Leona. | Leo. | Leonato | Leon. | Leo | Lenoato | Leonata | L ••
A11991,MESSENGER,kept,231,Mess. | Messen. | Messenger
A11991,BEATRICE,kept,2397,Beatr. | Bea. | Beat. | Beatrice | Beat
A11991,HERO,kept,994,Hero
A11991,DON PEDRO,kept,2507,Pedro | Prince | Prince. | Prin • n | P.
A11991,BENEDICK,kept,3918,Bened. | Be. | Bene. | Ben. | Benedicke | B •• e.
A11991,DON JOHN,kept,924,Iohn | Bastard | Bast. | Bastar.
A11991,CLAUDIO,kept,2021,Clau. | Claudio | Claud. | Claud | C •• | Epitaph.
A11991,ANTONIO,kept,425,Old | brother | Brother | Antho. | Bro. | Brot.
A11991,CONRADE,kept,250,Con. | Con | Conr. | Conr
A11991,BORACHIO,kept,1026,Bor. | Bor | Borachio | Borac. | Bora. | Bar.
A11991,MARGARET,kept,553,Mar. | Marg. | Mar
A11991,BALTHASAR,kept,83,Balth. | Bal •• . | B •••• .
A11991,URSULA,kept,368,Vrsula | Ursula
A11991,BOY,dropped_short,6,Boy | Boy.
A11991,DOGBERRY,kept,1551,Dog. | Dogbery | Const and Dog. | Con and Do. | Const and Do. | Constable | Dogb. | Const. | Keeper | Kemp | Ke. | Kem. | Andrew
A11991,VERGES,kept,191,Uerges | Verges | Verges. | Headb. | Head. | Cowley | Couley | Con. 2
A11991,1 WATCHMAN,kept,56,Watch 1
A11991,2 WATCHMAN,kept,60,Watch 2
A11991,WATCHMAN,kept,120,Watch
A11991,FRIAR FRANCIS,kept,593,Fran. | Frier
A11991,SEXTON,kept,107,Sexton
A11991,LORD,dropped_short,16,Lord | Lo.
A11991,__crowd__,dropped_short,4,Both
A11992,RODERIGO,kept,731,Roderigo. | Rod. | Rod
A11992,IAGO,kept,8681,"Iag. | Ia. | la. | Iag ▪ | Iag, | Lag. | lag."
A11992,BRABANTIO,kept,1010,Brab. | Bra. | Cra.
A11992,OTHELLO,kept,6148,"Oth. | Otht ▪ | Oth, | O • h."
A11992,CASSIO,kept,1918,Cas. | 〈◊〉 .
A11992,DESDEMONA,kept,2575,Des. | Desd. | Des
A11992,EMILIA,kept,1587,Em. | Em
A11992,OFFICER,dropped_short,23,Officer.
A11992,DUKE,kept,508,Duke. | Du. | D • .
A11992,1 SENATOR,kept,106,1 Sena. | I Sena.
A11992,2 SENATOR,kept,40,2 Sena.
A11992,SAILOR,dropped_short,22,Sailor.
A11992,VOICE,dropped_short,6,One within.
A11992,MESSENGER,kept,93,Mes. | Mess.
A11992,MONTANO,kept,402,Montanio. | Mon.
A11992,1 GENTLEMAN,dropped_short,22,1 Gent.
A11992,2 GENTLEMAN,kept,139,2 Gent. | 2 Gen.
A11992,3 GENTLEMAN,kept,113,3 Gent.
A11992,GENTLEMAN,dropped_short,5,Ge • t.
A11992,CLOWN,kept,201,"Clo. | Cl • . | Clo,"
A11992,MUSICIAN,dropped_short,24,"Boy. | Boy,"
A11992,BIANCA,kept,269,Bian. | Bi • n.
A11992,LODOVICO,kept,547,Lod.
A11992,GRATIANO,kept,155,Grat. | Gra.
A11992,__crowd__,dropped_short,12,All.
A11994,RICHARD,kept,5526,King Richard. | King. | King | king | Rich. | Ric.
A11994,GAUNT,kept,1570,Gaunt. | Gaunt | Gaun.
A11994,BOLINGBROKE,kept,2670,Bulling. | Bull. | Bul. | King H. | King H
A11994,MOWBRAY,kept,1103,Mo •• . | Mow. | Mowb. | Mow
A11994,DUCHESS OF GLOUCESTER,kept,495,Duchesse | Duch.
A11994,DUCHESS OF YORK,kept,745,Du.
A11994,LORD MARSHAL,kept,217,Mar. | Mart.
A11994,AUMERLE,kept,710,Aum. | Aum | Au. | A • m.
A11994,HERALD,kept,52,Herald
A11994,2 HERALD,kept,50,Herald 2
A11994,GREEN,kept,249,Greene. | Greene | Gree.
A11994,BUSHY,kept,275,Bush. | Bushie
A11994,BAGOT,kept,172,Bag. | Bagot
A11994,YORK,kept,2276,York • | Yorke | Yor. | Yorke. | yor. | York. | yorke
A11994,QUEEN,kept,959,Queene | Quee.
A11994,NORTHUMBERLAND,kept,1048,North. | N • rth.
A11994,ROSS,kept,182,Rosse
A11994,WILLOUGHBY,kept,105,Will. | Wil. | Willo.
A11994,SERVINGMAN,kept,44,Seruingman
A11994,PERCY,kept,359,H. Per. | H. Percie | Per. | Percie | L. Per.
A11994,BERKELEY,kept,70,Barkly | Bar.
A11994,WELSH CAPTAIN,kept,128,Welch.
A11994,SALISBURY,kept,160,Salis.
A11994,CARLISLE,kept,500,Carl. | Carleil | Car.
A11994,SCROOPE,kept,297,Scro. | Scroope
A11994,LADY,dropped_short,27,Lady
A11994,GARDENER,kept,426,Gard.
A11994,GARDENER'S MAN,kept,80,Man. | Man
A11994,FITZWATER,kept,220,Fitz.
A11994,LORD,kept,44,Another L.
A11994,SURREY,kept,76,Sur. | Sur
A11994,ABBOT,kept,73,Abbot.
A11994,EXTON,kept,187,Exton | Exton.
A11994,GROOM,kept,91,Groome. | Groom. | Groome
A11994,KEEPER,dropped_short,38,Keeper
A12001,RICHARD,kept,8237,Glo. | Gl. | Glo: | King | King. | King Ri. | K • ng | Ki • g | K • ng.
A12001,KING EDWARD,kept,521,Kin.
A12001,CLARENCE,kept,1227,Clar. | Cla.
A12001,BRAKENBURY,kept,325,Bro. | Brok. | Lieu.
A12001,HASTINGS,kept,1145,Hast. | Ha.
A12001,ANNE,kept,1098,Lady An. | La. | Lady | Lad. | Ld. | Duch. glo.
A12001,GENTLEMAN,dropped_short,13,Gent.
A12001,SERVANT,dropped_short,4,Ser.
A12001,QUEEN ELIZABETH,kept,1920,Qu. | 'Qu. | • Qu. | Qu | Q. | Qu ▪ | Quee.
A12001,MARGARET,kept,1726,Qu. Mar. | Qu. Ma. | Qu ▪ Ma. | Qu. M. | Q. Ma. | Q M. | Qu M. | Q. M. | Q. Mar.
A12001,RIVERS,kept,351,Ry. | Ryu. | Riu. | Ri. | Ri
A12001,GREY,kept,91,Gray | Gr. | Gray.
A12001,DORSET,kept,126,Dors. | Dor. | D • r.
A12001,BUCKINGHAM,kept,2536,Buck. | Buc. | Buch. | Buck ▪ | Buck
A12001,STANLEY,kept,846,"Dar. | Darby. | Dar, | Da • by. | Stan. | Sta. | Sta • ."
A12001,CATESBY,kept,497,"Cates. | Cat. | Cat ▪ | Cat, | Ca • es. | C •• es. | C • t,"
A12001,1 EXECUTIONER,kept,511,Execu. | Exec. | Exe. | 1
A12001,2 EXECUTIONER,kept,533,2 Exe. | 2
A12001,BOY,kept,194,Boy.
A12001,GIRL,kept,35,Gerl.
A12001,DUCHESS OF YORK,kept,1190,Dut. | Du. | Duch. | Dutch. | Duch. yor. | D • . yor. | D •• yor.
A12001,1 CITIZEN,dropped_short,7,1 Cit.
A12001,2 CITIZEN,dropped_short,8,2 Cit.
A12001,3 CITIZEN,kept,234,3 Cit. | 3
A12001,CARDINAL,kept,178,Car.
A12001,YORK,kept,335,Yor.
A12001,PRINCE,kept,357,Prin. | Pri. | Pri • . | Pri | • ri.
A12001,MAYOR,kept,133,Lo: M. | Mator. | Ma. | M • ior. | Maior. | Ma •• r. | Mayor. | M • yor.
A12001,MESSENGER,kept,315,Mes. | Mess. | M • s.
A12001,PURSUIVANT,dropped_short,21,Pur.
A12001,RATCLIFFE,kept,193,Ratl. | Rat. | R • t.
A12001,BISHOP OF ELY,dropped_short,39,Bi. | Bish. | By.
A12001,TYRREL,kept,375,Tyr. | Tir.
A12001,RICHMOND,kept,1062,Rich.
A12001,NORFOLK,kept,81,Norff. | Nor.
A12001,BLUNT,kept,40,Blunt.
A12001,CHRISTOPHER,kept,57,Christ. | S. Christ.
A12001,1 LORD,dropped_short,15,1 Lo.
A12001,2 LORD,dropped_short,10,2 Lo.
A12001,3 LORD,dropped_short,19,3 Lo.
A12001,LORD,dropped_short,14,Lo.
A12001,VAUGHAN,dropped_short,16,Vaugh.
A12001,GHOST,kept,414,Ghost | Ghost. | To Rich.
A12001,__crowd__,kept,64,Ambo | Ambo. | Am. | Ans. | All
A12001,[unresolved] Ano.,unresolved_excluded,11,Ano.
A12010,1 CAPULET SERVINGMAN,kept,161,1
A12010,2 CAPULET SERVINGMAN,kept,138,2
A12010,1 MONTAGUE SERVINGMAN,dropped_short,12,1 Moun:
A12010,2 MONTAGUE SERVINGMAN,dropped_short,5,2 Moun:
A12010,PRINCE,kept,384,Prince ▪ | Prin: | Pry:
A12010,LADY MONTAGUE,dropped_short,15,M: wife.
A12010,MONTAGUE,kept,121,Moun: | Mount:
A12010,BENVOLIO,kept,1160,Benuo: | Ben: | Benuoleo: | B • n: | Ben.
A12010,ROMEO,kept,3981,Romeo: | Rom: | Ro: | Rom ▪ | R • m: | • o:
A12010,CAPULET,kept,1756,Capu: | Cap: | Ca: | Cap. | Capo:
A12010,LADY CAPULET,kept,548,VVife: | VV: | Moth: | M •• : | Mo:
A12010,PARIS,kept,493,Paris: | Par:
A12010,SERVANT,kept,348,Ser: | Seru: | S • r: | Clowne:
A12010,NURSE,kept,1674,Nurce: | N • rce: | Nurse: | Nur: | Nu: | Nurs: | Nu • :
A12010,JULIET,kept,2707,Iuliet: | Iul: | Iuli: | Iu: | Iul ▪ | I • l: | In:
A12010,MERCUTIO,kept,1700,Mer: | Me: | M • : | Me. | M • r:
A12010,TYBALT,kept,189,Tib: | Ti: | Tibalt: | Tyb: | Tyb ▪
A12010,COUSIN CAPULET,dropped_short,17,Cos:
A12010,FRIAR LAWRENCE,kept,1998,Frier: | Fri: | Fr: | Fr. | Laur:
A12010,FRIAR JOHN,kept,64,Iohn:
A12010,PETER,dropped_short,33,Pet:
A12010,BOY,kept,56,Boy:
A12010,BALTHASAR,kept,179,Balt: | Bal • h: | Man: | Man. | Man
A12010,APOTHECARY,kept,57,Apo: | A • o:
A12010,1 MUSICIAN,kept,73,1.
A12010,2 MUSICIAN,dropped_short,7,2.
A12010,3 MUSICIAN,dropped_short,3,3.
A12010,WATCHMAN,dropped_short,13,Watch. | Watch:
A12010,CAPTAIN OF THE WATCH,dropped_short,33,Capt:
A12010,__crowd__,dropped_short,16,All cry:
A12016,SLY,kept,529,Begger. | Beg.
A12016,HOSTESS,dropped_short,26,Hoſt.
A12016,LORD,kept,1066,Lo. | Lord.
A12016,HUNTSMAN,dropped_short,38,Huntſ.
A12016,1 HUNTSMAN,dropped_short,36,1. Huntſ.
A12016,2 HUNTSMAN,dropped_short,29,2. Hun. | 2. H.
A12016,SERVINGMAN,dropped_short,11,Ser.
A12016,PLAYER,dropped_short,25,Play. | Sincklo.
A12016,2 PLAYER,dropped_short,8,2. Player.
A12016,1 SERVANT,kept,129,1 Ser. | 1. Ser. | 1 Man. | 1. Man.
A12016,2 SERVANT,kept,101,2 Ser. | 2 M. | 2. Man. | 2 Mar.
A12016,3 SERVANT,kept,100,3. Ser. | 3. Man. | 3 Man. | 3. Man
A12016,BARTHOLOMEW,kept,123,Lady | La. | Lady.
A12016,MESSENGER,kept,61,Meſſ.
A12016,LUCENTIO,kept,1405,Luc. | Lucen.
A12016,TRANIO,kept,2281,Tra. | Tranio. | Tran. | Tanio. | Tri. | Par.
A12016,BAPTISTA,kept,1303,Bap. | Bapt.
A12016,GREMIO,kept,1370,"Gre. | Grem. | Gremio. | Grem, | Gre, | Gra."
A12016,KATHERINA,kept,1778,Kate. | Kate | Ka. | Kat.
A12016,HORTENSIO,kept,1612,Hor. | Hor | Hort. | Horten.
A12016,BIANCA,kept,520,"Bian. | Bian, | Bianca. | Bianc."
A12016,BIONDELLO,kept,821,"Bion. | Bien. | Bion | Bihn. | Biond. | Biond | Biond, | Bio."
A12016,PETRUCHIO,kept,4669,Petr. | Pet. | Petru. | Pet: | Petr | Put.
A12016,GRUMIO,kept,1425,Gru. | Grue. | Grumio.
A12016,CURTIS,kept,171,Curt. | Cur.
A12016,NATHANIEL,dropped_short,22,Nat.
A12016,PHILIP,dropped_short,3,Phil.
A12016,JOSEPH,dropped_short,2,Ioſ.
A12016,NICHOLAS,dropped_short,26,Nicke. | Nick.
A12016,PETER,dropped_short,8,Peter.
A12016,PEDANT,kept,375,Ped. | Ped: | Peda. | Pedan.
A12016,TAILOR,kept,113,Tai. | Tail.
A12016,HABERDASHER,dropped_short,8,Fel.
A12016,VINCENTIO,kept,354,"Vin. | Vinc. | Ʋ in. | Ʋ inc. | Ʋ in,"
A12016,WIDOW,kept,76,Wid.
A12016,__crowd__,dropped_short,24,All. | All ſer. | Players. | Gru. Bion. | Gre. Tra.
A12017,SATURNINUS,kept,1564,"Saturninus. | Saturni. | Saturnine. | Saturn. | Satur. | Sat. | Emperour. | King. | King,"
A12017,BASSIANUS,kept,749,Bassianus. | Bascianus. | Bassianus • | Bass.
A12017,TITUS,kept,5307,Titus. | Titus | Tit. | Titus • | T.
A12017,LUCIUS,kept,1421,"Lucius. | Lucius, | Lucius • | Luc. | Luci. | Lu."
A12017,YOUNG LUCIUS,kept,339,Puer.
A12017,TAMORA,kept,2121,Tamora. | Queene. | Tam.
A12017,CHIRON,kept,375,Chiron. | Chi.
A12017,DEMETRIUS,kept,1174,Demetrius. | D • met. | Deme. | Demet. | Dmet. | Demetri.
A12017,MARCUS,kept,1640,Marcus. | Marcus An. | Marcus | Mar. | Marc. | M.
A12017,LAVINIA,kept,389,"Lauinia. | Laui. | Lauinea. | Lauinia,"
A12017,MUTIUS,dropped_short,25,Mutius.
A12017,MARTIUS,kept,234,Mart. | Martius. | 2. Sonne. | 2. sonne.
A12017,QUINTUS,kept,218,Quintus. | Quint. | 3. Sonne.
A12017,AARON,kept,2856,"Aron. | Moore. | Aron, | Moore • | A."
A12017,MESSENGER,kept,56,Messenger.
A12017,NURSE,kept,145,Nurse. | Nur. | N. | Nurs • .
A12017,PUBLIUS,kept,113,Publius. | Pub.
A12017,CLOWN,kept,183,Clowne. | Clow.
A12017,AEMILIUS,kept,135,Emillius. | Emil.
A12017,GOTH,kept,271,Goth • | Goth. | Got.
A12017,ROMAN LORD,kept,203,Romane Lord. | Romane.
A12017,__crowd__,dropped_short,32,Tribunes. | Chiron Demetrius •
A12021,TROILUS,kept,4274,"Troy. | Tro. | Tro • . | Troy: | Troyl. | Tro • l ▪ | T • oy: | Troy,"
A12021,PANDARUS,kept,3309,Pan. | Pa • de. | Pand. | Pan: | P • n. | Panda: | Pa. | Pand: | Pan | Pand
A12021,AENEAS,kept,1090,"Aene. | Aene, | Aeneas. | Aeneas | Eneas | Aen | Ene: | Aene:"
A12021,CRESSIDA,kept,2216,Cres. | Cr • s. | Cres: | C • es. | Cre. | Cress. | Cress: | C • es:
A12021,ALEXANDER,kept,396,Man. | Man
A12021,SERVANT,dropped_short,9,Man:
A12021,BOY,dropped_short,16,Boy:
A12021,AGAMEMNON,kept,1367,Aga. | Aga • em. | Agam. | Aga:
A12021,NESTOR,kept,1153,Nestor. | Nest. | Nest: | Nes.
A12021,ULYSSES,kept,3781,Vliss. | Vlisses. | Vlis. | Vlis: | Vl • ss. | Vliss | Vliss: | Vli. | Vlis ▪ | Vlis
A12021,MENELAUS,kept,78,Mene. | Men.
A12021,AJAX,kept,552,Aiax. | Aia: | Aiax: | Aia. | Aiax ▪
A12021,THERSITES,kept,2212,Ther. | Ther: | Thersi. | Thers. | The. | Thers: | Thier:
A12021,ACHILLES,kept,1318,Achil. | Achil: | Ach. | Achil | Ac • . | Ach • ll.
A12021,PATROCLUS,kept,429,Patro. | Patrocl. | Patr. | Pat.
A12021,PRIAM,kept,149,Priam. | Pria. | Priam
A12021,HECTOR,kept,1889,"Hect: | Hect. | Hect ▪ | Hect, | Hector. | Hec."
A12021,HELENUS,dropped_short,37,Hele.
A12021,HELEN,kept,194,Hel. | Hel: | Hell: | Hell. | Nel.
A12021,CASSANDRA,kept,251,"Cass. | Cas. | Cass,"
A12021,PARIS,kept,786,Par. | Paris: | Par: | Paris. | Paris
A12021,DIOMEDES,kept,747,Diom. | Di • m. | Dio. | Diom | Dio: | Dio • ed. | Di • . | Dis.
A12021,CALCHAS,kept,256,Cal | Calc. | Chal. | Cal.
A12021,ANDROMACHE,kept,109,"And. | And,"
A12021,MARGARETON,dropped_short,16,Bast.
A12021,MYRMIDON,dropped_short,8,One:
A12021,DEIPHOBUS,dropped_short,7,Dei • h.
A12021,__crowd__,dropped_short,7,All.
A12023,FATHER,kept,2200,Fath. | Fath | Fa. | 〈◊〉 . [Father]
A12023,UNCLE,kept,988,Vnck. | Unck. | Vnck | Vuck. | Uncl • . | Uncle. | Unc. | Unc • . | Vnc. | Vncle. | 〈◊〉 . [Uncle]
A12023,FLOWERDALE,kept,3568,"Flow. | Flow | Flo. | Flow, | 〈◊〉 . [Flowerdale]"
A12023,SIR LANCELOT,kept,2940,Lance. | Lanc. | Lanc • . | Lan. | Lane. | 〈◊〉 . [Sir Lancelot]
A12023,ARTICHOKE,kept,475,Arti. | Arty. | Art.
A12023,SIR ARTHUR,kept,489,Aur. | Arth. | Ar. | Arthur.
A12023,FRANCES,kept,405,Fran. | Frank. | Franck. | Fra ̄ . | 〈◊〉 . [Frances]
A12023,WEATHERCOCK,kept,726,Wea. | VVea. | Whe. | Wen. | 〈◊〉 . [Weathercock]
A12023,LUCE,kept,1081,Luce. | Luc. | Lu • . | Luee. | Lnce. | Lu • e. | Luc • . | 〈◊〉 . [Luce]
A12023,DAFFODIL,kept,241,Daff. | Daffidill. | Daf.
A12023,CIVET,kept,789,Ciuet. | Ciu. | Cyuet. | Ciuit. | Cin. | Ci • . | 〈◊〉 . [Civet]
A12023,DRAWER,kept,45,Draw.
A12023,SOLDIER,dropped_short,34,Sol.
A12023,OLIVER,kept,1448,Oly. | Oli. | O • . | 〈◊〉 . [Oliver]
A12023,DELIA,kept,546,Delia. | Deli. | Dali. | De • . | Deli | Dely. | 〈◊〉 . [Delia]
A12023,RAFE,kept,78,Rafe.
A12023,RUFFIAN,kept,71,Ruff.
A12023,CITIZEN,kept,142,Citiz. | 〈◊〉 . [Citizen]
A12023,CITIZEN'S WIFE,dropped_short,35,〈◊〉 . [Citizens Wife]
A12024,GOWER,kept,1052,Gower. | Go • r. | G • wer. | Thin.
A12024,ANTIOCHUS,kept,470,Ant • . | Ant. | Anti. | Antio. | Antin.
A12024,PERICLES,kept,4882,Peri. | Per. | Per • . | Pe. | • er. | Per | P • r. | P • ri. | P • . | 〈◊〉 .
A12024,DAUGHTER,dropped_short,18,D • ugh.
A12024,THALIARD,kept,132,Thali. | Th •• i. | Thaliard. | Thal.
A12024,MESSENGER,dropped_short,6,Mess.
A12024,1 LORD,kept,187,1. Lord.
A12024,2 LORD,kept,81,2. Lord.
A12024,3 LORD,dropped_short,26,3. Lord.
A12024,LORD,kept,65,Lord.
A12024,HELICANUS,kept,930,Hel. | H • ll. | Hell. | Helli. | Helly. | Hell • . | He • l. | Holl. | H • l. | Hel | • ell.
A12024,ESCANES,dropped_short,6,Escanes. | Escan.
A12024,CLEON,kept,884,Cleon. | Cl • . | Cle. | Cler. | C • e.
A12024,DIONYZA,kept,712,Dion. | Dyoniza. | Di. | Di • n.
A12024,1 FISHERMAN,kept,428,1.
A12024,2 FISHERMAN,kept,264,2.
A12024,3 FISHERMAN,kept,103,3.
A12024,SIMONIDES,kept,1117,King. | king. | Kin.
A12024,THAISA,kept,568,Thai. | Tha. | Tha • . | Tha | Th • . | Th. | T • . | Thar.
A12024,MARSHAL,dropped_short,5,M • rshal.
A12024,1 KNIGHT,dropped_short,35,1. Knight.
A12024,2 KNIGHT,dropped_short,10,2. Knight.
A12024,3 KNIGHT,dropped_short,7,3. knight.
A12024,LYCHORIDA,kept,74,Lychor. | Lycho.
A12024,1 SAILOR,kept,98,1. Sayl. | 1. Say. | • .
A12024,2 SAILOR,dropped_short,19,2. Sayl. | 2. Say.
A12024,SAILOR,dropped_short,6,Sayler.
A12024,CERIMON,kept,723,Cery. | C •• y. | Cer. | Cer • . | Ceri. | C • r. | C • .
A12024,PHILEMON,dropped_short,4,Phyl.
A12024,SERVANT,kept,50,S • ru. | Seru. | Ser. | Sir.
A12024,1 GENTLEMAN,kept,104,1. Gent. | 1. • ent.
A12024,2 GENTLEMAN,kept,106,2. Gent.
A12024,LEONINE,kept,146,Leon.
A12024,MARINA,kept,1332,Mari. | Ma • i ▪ | Mar. | M • ri. | Ma. | M • .
A12024,1 PIRATE,dropped_short,2,Pirat. 1.
A12024,2 PIRATE,dropped_short,4,Pira. 2.
A12024,3 PIRATE,dropped_short,11,Pirat. 3.
A12024,PANDER,kept,230,Pander. | Pand.
A12024,BOULT,kept,891,Boult. | Boul • . | Bo ••• . | Bo.
A12024,BAWD,kept,882,Ba • d. | Bawde. | Bawd. | Baud. | B • wd.
A12024,LYSIMACHUS,kept,758,Lysim. | Lys. | L • . | Li. | Ly. | Ly | Li | L • s. | Ly • . | L •• . | Lys
A12024,DIANA,kept,74,Dia.
A12024,__crowd__,kept,40,Knights. | Omnes. | Ambo. | O • n •
A12024,[unresolved] 4.,unresolved_excluded,1,4.
A12024,[unresolved] 5.,unresolved_excluded,1,5.
A12024,[unresolved] 6.,unresolved_excluded,1,6.
A12024,[unresolved] • . Gent.,unresolved_excluded,2,• . Gent.
A12030,OLIVER,kept,145,"Oliu. | Oliue, | Oliuer | Oli. | Oli ▪"
A12030,RALPH,kept,106,Raph. | Ralph.
A12030,SAM,kept,371,Sam. | Sa. | Sam ▪ | Sam-
A12030,WIFE,kept,1252,Wife. | Wi. | Wi:
A12030,HUSBAND,kept,2229,"Hus. | Hu. | Hu, | H- | Hus | Hu ▪ | Hu: | Sir Hu."
A12030,GENTLEMAN,kept,372,Gen. | Gent. | Ge.
A12030,1 GENTLEMAN,kept,62,1 Gent. | 1. Gen.
A12030,2 GENTLEMAN,dropped_short,29,2 Gen. | 2. Ge.
A12030,3 GENTLEMAN,dropped_short,8,3. Gen.
A12030,4 GENTLEMAN,kept,54,4. Gen. | 4 Gent.
A12030,SERVANT,kept,208,Ser. | Seru. | Ser | Se. | Ser:
A12030,1 SERVANT,kept,90,"1. Seru. | 1 Ser. | 1. Ser. | 1 ▪ Ser,"
A12030,MASTER,kept,534,Ma. | Mr. | Mr:
A12030,MAID,kept,61,M.
A12030,SON,kept,94,Son. | Sonne. | Son:
A12030,KNIGHT,kept,179,"Kni. | Knig. | Kni, | Knigh. | Kni"
A12030,__crowd__,kept,56,"Am. | Am ▪ | Ambo. | Ambo sir, | All."
A12030,[unresolved] 〈◊〉,unresolved_excluded,8,〈◊〉
A12074,CUPID,kept,208,Cupid.
A12074,OLD NONSUCH,kept,624,Old Lord. | Old Lord: | Old Lor. | Old Lor: | Old Lo. | Old. Lo.
A12074,VENTURE,kept,152,Venter. | Ven. | Ven: | Wen.
A12074,SIR TIMOTHY,kept,4394,"Kni. | Kni: | Kni ▪ | Kn. | Kn • : | Kni, | Kin. | K • . | K •• . | K • i. | Kn • . | Kn: | Knight. | Kni | 〈◊〉 :"
A12074,YOUNG NONSUCH,kept,4347,"Young Lord. | Young Lo. | Lor. | Lor: | Lor | Lor • | Lor, | Lo • . | L • d. | Slac. | Slac: | Sl • . | Sla. | Sla: | Sl •• . | Sl. | Slac; | Slacke. | Sa. | Cap. | Cap: | Cap ▪ | Cap"
A12074,WAGES,kept,3470,"VVag. | Wag. | Wag, | Wag: | Wag | Wa. | VVag | VVag: | Wa: | VVages. | VVag • s: | Wag ▪ | Wages. | W • ."
A12074,LADY TROUBLESOME,kept,3087,"La. | Lad. | Lady. | Lad: | La: | Ladie. | Lad | La, | 〈◊〉 ."
A12074,NEWCOME,kept,1405,"Nuc. | Nue. | Nue: | Nue • | Nue, | N • ue. | N • . | N • , | N • n. | Nun:"
A12074,PEG,kept,797,"Peg. | Peg: | Peg | Peg, | Reg:"
A12074,MISTRESS CORRECTION,kept,1295,"Mist: Cor. | Mist. Cor. | Mist. C • r. | Mi. Co. | Mi. Cor. | Mi, Cor. | Mi. Co: | Mist. Co • . | Mistris Cor. | Mistris Corr. | Mi: Cor. | Mi. C."
A12074,CORRECTION,kept,1141,"Mr. C. | M. C. | M, C. | M: C. | Ma. Cor. | Ma • st. C. | M. Cor. | Ma. C. | Maister Corr. | Maist. Corr. | Ma. Corr: | Ma. Cor: | M • . C. | Maist. Cor. | Mai. Cor. | Ma. Co: | Ma. Co."
A12074,NAN,kept,1707,"Nan: | Nan. | Nan, | Na. | Na • . | Na: | Na, | • an:"
A12074,BOY,kept,118,Boy: | Bo: | Boy.
A12074,SERVANT,kept,119,Ser. | Ser: | Man:
A12074,EXHIBITION,kept,69,Ex. | Exh. | Exh:
A12074,TOBIAS,dropped_short,27,1.
A12074,TIMOTHY SCHOOLBOY,dropped_short,34,2.
A12074,3 SCHOOLBOY,dropped_short,10,3.
A12074,4 SCHOOLBOY,dropped_short,13,4.
A12074,__crowd__,dropped_short,4,Omnes
A12074,[unresolved] L • .,unresolved_excluded,8,L • .
A12074,[unresolved] L •• .,unresolved_excluded,16,L •• .
A12074,[unresolved] 〈◊〉,unresolved_excluded,11,〈◊〉
A12078,ANTIFRONT,kept,3330,"Sig. | Fle. | Fle: | Flei: | Flei. | Fleir: | Fle, | Flei, | Fle"
A12078,LORD,kept,48,Lord. | Lor.
A12078,FLORIDA,kept,3577,"Flo. | Flo, | Flo; | Flo: | Flo | Flor. | Fl. | Fl: | Fl, | Flr."
A12078,FELECIA,kept,849,"Fel. | Fele. | Fe. | Fe: | Fel, | Fel: | Fal:"
A12078,FROMAGA,kept,678,"Fro. | From: | Fro: | From. | From,"
A12078,GENTLEMAN,kept,225,"Gent. | Gent, | Gen. | Gent"
A12078,SUSAN,kept,757,"Su. | Sus. | Su: | Sus: | Svs. | Su,"
A12078,NAN,kept,837,"Nan. | Nan: | Nan, | Na: | Na. | Nan | Na | Na,"
A12078,SPARK,kept,1131,"Spar. | Sp. | Spar, | Sp: | Sp, | Sp; | Spa. | Spa, | Spar:"
A12078,RUFFLE,kept,787,"Ruff: | Ruff. | Ruf; | Ruf: | Ruff, | Ruff"
A12078,PISO,kept,1560,"Piso. | Piso: | Pis. | Pis: | Pis, | Piso, | Piso"
A12078,HAVELITTLE,kept,553,"Kni: | Kni. | Kni,"
A12078,PETOUNE,kept,871,"Pet. | Pet: | Pet | Pet; | Pet, | Pet ▪"
A12078,SERVINGMAN,kept,103,"Seru. | Ser, | Ser. | Ser:"
A12078,ALUNIO,kept,276,"Al. | Alu: | Alu, | Alu."
A12078,MITTIMUS,dropped_short,14,Mitti:
A12078,CAIUS,kept,309,"Caius. | Caius, | Caius: | Cai: | Caius"
A12078,2 JUDGE,dropped_short,13,"2. Iudges. | 2, Iudg,"
A12078,JAILER,dropped_short,27,"Iaylor. | Iaylor,"
A12078,MESSENGER,dropped_short,31,"Mes. | Mes,"
A12078,__crowd__,kept,52,"Amb, | Ambo: | Both. | Both | Both: | Both, | Sp. & Ruf"
A12128,FULVIO,kept,665,"Fulv. | Fulv, | Ful. | Fu. | • ulv."
A12128,ORPIANO,kept,142,Orpiano. | Orp. | Orp:
A12128,MORELLO,kept,1729,"Mor. | Mo. | Mo, | Mor,"
A12128,GENTLEMAN,dropped_short,7,Gent.
A12128,EUGENIA,kept,1443,Eugen. | Eug. | Eu. | E • g.
A12128,DUKE,kept,2654,Duke. | Duke | 'Duke. | Du. | Duk. | D • . | Duke ▪
A12128,PERENOTTO,kept,596,Peren. | Per.
A12128,DONELLA,kept,1767,Don. | Done. | Donel. | Don | Jupit.
A12128,KATHERINA,kept,92,Kath. | Kat. | Cat.
A12128,MARDONA,kept,292,Mard. | Mar.
A12128,FIDELIA,kept,53,Fidel. | Fid. | Fide.
A12128,GRUTTI,kept,629,Grut. | Gr. | Gurt.
A12128,DONDOLO,kept,166,Dond. | Do • d.
A12128,ROLLIARDO,kept,4693,Roll. | R • ll. | Rol. | Roll
A12128,CARLO,kept,355,Serv. | Ser.
A12128,BONAMICO,kept,2208,Bon. | Bo. | B • . | Brn.
A12128,1 GUARD,kept,306,1. | 1
A12128,2 GUARD,kept,202,2.
A12128,3 GUARD,kept,162,3.
A12128,1 COURTIER,dropped_short,9,Court. 1.
A12128,AMBASSADOR,kept,116,Emb.
A12128,CASSIANA,kept,208,Cass.
A12128,__crowd__,kept,99,Ladyes. | Lad. | Grut. Dond. | Fulv. Orp. | Don. Grut. | D. G. | Do. Gr. | Don. Gru. | D. Gr. | Both. | All. | All 3. | 2. 3. | Omnes. | Cass. Kat.
A12129,WOODHAMORE,kept,583,Woodhamore. | Wood. | VVood. | Woo. | VVoo.
A12129,GOLDSWORTH,kept,1380,Golds. | Gol. | Go.
A12129,MISTRESS GOLDSWORTH,kept,583,Mis.
A12129,GERARD,kept,2448,Ge. | Ger.
A12129,YOUNGRAVE,kept,1951,Yon. | Yo.
A12129,SERVANT,kept,184,Ser.
A12129,SIMPLE,kept,1699,Sim. | Sim
A12129,THUMP,kept,444,Thu. | Thump | Thum. | Thump. | Th.
A12129,CAPERWIT,kept,2047,"Cap. | Ca. | Cap, | Cap"
A12129,PAGE,kept,657,Bir. | Bi. | Pag.
A12129,CHRYSOLINA,kept,1740,"Ch. | Chr. | Ch | Chr | Chry. | Chrys. | Chr,"
A12129,AURELIA,kept,1540,Au. | Aur. | Au | Aur ▪
A12129,EUGENIA,kept,1273,Eug. | Eugenia
A12129,THORNAY,kept,2594,Tho. | Thor.
A12129,DANCER,dropped_short,13,Dan.
A12129,MAID,dropped_short,3,Maid.
A12129,__crowd__,dropped_short,6,Om.
A12130,HARTWELL,kept,1919,Hartwell. | Hart. | Har.
A12130,CLOSE,kept,2106,Clo. | Clo: | Clos.
A12130,PLAYFAIR,kept,1601,Play.
A12130,HORNET,kept,2549,Horn. | Hor.
A12130,BELLAMY,kept,1448,Bell.
A12130,FRANCES,kept,1246,Fra. | Fran.
A12130,NURSE,kept,666,Nur. | Nurs.
A12130,STARTUP,kept,1354,Star. | Start. | Ztart.
A12130,DOCTOR,kept,239,Doct.
A12130,NIECE,kept,454,Neece. | Neec.
A12130,COUSIN,kept,834,Cous. | C • us.
A12130,SIR CLEMENT,kept,499,S r . Cle. | S r . Clem. | Clem. | Iust.
A12130,COUNTRYMAN,kept,103,Countr.
A12130,CONSTABLE,kept,102,Const. | Con.
A12130,PURSUIVANT,kept,42,Purs.
A12130,1 SERVANT,kept,327,1. | 1 Ser. | 1 Lo. | 1 Lo ▪ | 1 Lor.
A12130,2 SERVANT,kept,44,2. | 2 Serv. | 2 Lo.
A12130,3 SERVANT,kept,46,3. | 3 Lo.
A12130,1 WATCHMAN,dropped_short,25,1
A12130,2 WATCHMAN,dropped_short,33,2
A12130,3 WATCHMAN,dropped_short,15,3
A12130,1 LADY,dropped_short,23,1 La.
A12130,SERVANT,kept,68,Ser. | Serv.
A12130,SCRIVENER,dropped_short,9,Scri.
A12130,OFFICER,dropped_short,5,Officer.
A12130,__crowd__,kept,83,Lords. | Within. | With. | Omnes. | Ser. omnes.
A12130,[unresolved] L • .,unresolved_excluded,4,L • .
A12130,[unresolved] Count.,unresolved_excluded,114,Count.
A12130,[unresolved] War.,unresolved_excluded,76,War.
A12131,INGENUITY,kept,485,Ing. | In. | I •• .
A12131,RICHES,kept,1039,Ric. | Rich. | Ri. | Ri • .
A12131,GETTINGS,kept,839,"Get. | Ge. | Get,"
A12131,CLOD,kept,1243,Clo. | Clod. | Cl.
A12131,COURTIER,kept,854,Cour. | Cou. | Co. | Col.
A12131,SOLDIER,kept,855,Sol. | So.
A12131,HONOUR,kept,365,Ho.
A12131,__crowd__,dropped_short,4,Co. and So.
A12133,SOPHIA,kept,2725,"Que. | Queene. | Que, | Que | Sop."
A12133,PHILOCLES,kept,498,"Phi. | Phil. | Phil,"
A12133,LYSANDER,kept,705,Lisa. | Lisa ▪
A12133,CASSANDER,kept,1603,"Cas. | Cas, | Ca."
A12133,LYSIMACHUS,kept,1033,Lisi. | Lis. | Lisi
A12133,ANTIGONUS,kept,193,Ant. | Ant
A12133,SELEUCUS,kept,2303,"Sel. | S • l. | Leo. | Leo ▪ | Leo,"
A12133,ARCADIUS,kept,2900,"Arc. | Arc, | Aarc. | Dem. | Dem, | De."
A12133,MACARIUS,kept,884,"Mac. | Mac,"
A12133,POLYDORA,kept,1557,"Pol. | Pol,"
A12133,CHARILLA,kept,267,Cha.
A12133,SERVANT,kept,64,Ser.
A12133,NESTORIUS,kept,78,Nes.
A12133,EUBULUS,kept,820,Eub. | Fub. | Enb. | Eu.
A12133,BISHOP,kept,104,Bish. | Bis.
A12133,SOLDIER,dropped_short,9,Sol.
A12133,FORTUNE,kept,184,For.
A12133,FAME,dropped_short,30,Fa.
A12133,LOVE,kept,116,Love. | Lov.
A12133,HONOUR,kept,55,Hon.
A12133,MESSENGER,dropped_short,6,Mes.
A12133,__crowd__,kept,58,Omn. | O • nes ▪ | Omnes. | Phi. Lis.
A12136,SIR SOLITARY,kept,1597,S Ol. | Sol. | Sir Sol. | Ol. | Sir. [Sir Solitary] | Plo. [Sir Solitary]
A12136,DORMANT,kept,635,Dor. | Do.
A12136,OLDRAT,kept,258,Old. | Old
A12136,CONFIDENT,kept,2656,Con. | Co. | Confident?
A12136,LADY PLOT,kept,447,La. Plott. | La. Pl. | Plo. | Plo | La. [Lady Plot]
A12136,BELLAMIA,kept,2112,"Bel. | Bel | Bel, | Bellamia | La. | Per. | Per,"
A12136,WAITING-WOMAN,dropped_short,26,Wo.
A12136,PAGE,kept,349,Pa. | Pag.
A12136,FITZAVARICE,kept,3178,"Lo. | Lo,"
A12136,VAINMAN,kept,594,"Va. | Va,"
A12136,PUMICESTONE,kept,1056,Pu. | P • s.
A12136,SCRIVENER,kept,303,"Scr. | Scr | Scr,"
A12136,JACINTHA,kept,1386,Ia. | Ia ▪
A12136,SIR WALTER,kept,1986,Sir. | Sir | Sir. Wal. | Sir W.
A12136,CAPTAIN,kept,724,Cap.
A12136,OFFICER,dropped_short,10,Off. | Off
A12136,SHERIFF,kept,65,She.
A12136,__crowd__,dropped_short,29,Both. | Within. | Sir. Cap. | Sir W. La.
A12137,WILDING,kept,4166,"W Ild. | Wi. | Wi, | Wi | Wil. | VVi."
A12137,PENELOPE,kept,1157,"Pen. | Pene. | Pe. | Pene,"
A12137,MISTRESS WILDING,kept,1272,Mi. | Mi. Wi.
A12137,HAZARD,kept,4176,"Ha. | Ha | Ha, | Ha ▪"
A12137,1 OFFICER,dropped_short,7,1 Off.
A12137,2 OFFICER,dropped_short,26,2 Off.
A12137,BEAUMONT,kept,1360,Bea. | Beo. | Beo | Be. | Bea | Bu. | Ber.
A12137,ACRELESS,kept,184,"Acr. | Acr, | Acr"
A12137,LITTLESTOCK,kept,117,Lit.
A12137,SELLAWAY,kept,154,"Sel. | Sel, | Sel"
A12137,OLD BARNACLE,kept,1851,Bar. | Ba. | Bar | Vn.
A12137,PAGE,kept,706,Pag. | Pa.
A12137,DRAWER,dropped_short,28,Dr. | Da.
A12137,FIDDLER,dropped_short,29,Fi.
A12137,YOUNG BARNACLE,kept,1268,Ne. | Ni.
A12137,DWINDLE,kept,131,Dw. | Dwi.
A12137,LEONORA,kept,979,"Leo. | Leo,"
A12137,VIOLANTE,kept,876,Vio. | Vi.
A12137,SERVANT,kept,137,Ser. | Ke.
A12137,HURRY,kept,1017,Hu.
A12137,PROBE,dropped_short,27,Pr. | Sur.
A12137,BOX-KEEPER,dropped_short,12,Bo.
A12137,__crowd__,dropped_short,20,A.L.S. | A.S.L.
A12138,SORANZO,kept,308,"Sor. | Sor, | Soren. | Soren: | Soran. | Soran, | Soranz. | Soranz, | Soranzo."
A12138,GIOTTO,kept,217,Giotto. | Giot. | Gi •… t. | Gitto. | Gio. | Gi.
A12138,LODWICK,kept,3401,"Lodw. | Lodw, | Lodw: | Lodw; | Lodw | Lod. | Lod: | Lod, | Loaw. | L •… dw | L •… w."
A12138,GRIMUNDO,kept,2046,"Grim, | Grim. | Grim: | Gri. | Gri:"
A12138,GENTLEMAN,dropped_short,10,Gent.
A12138,DUKE,kept,1867,"Duke, | Duke | Duke. | Duke: | Du. | Duk. | Duke ▪"
A12138,FABRICCIO,kept,71,"Fabr, | Fabr."
A12138,FOSCARI,kept,3289,"Fosc: | Fosc. | Fosc ▪ | Fose: | Fosc, | Fo •… cari. | Frsc. | Fisc, | F •… sc, | Fos •… . | Fos."
A12138,DULCINO,kept,2102,"Dulc. | Dulc: | Dulc, | Dule: | Dul. | Dulc | Leo."
A12138,SERVANT,kept,74,Ser. | Ser: | Serv. | S •… r.
A12138,JACOMO,kept,2086,"Jac. | Iac. | Iac: | Jac, | Jacom, | Iacomo: | Iac, | Iacom: | Iacom. | Jacom. | •… ac. | Iaco. | Iac ▪"
A12138,BUTLER,dropped_short,2,B •… tl.
A12138,CLEONA,kept,1348,"Cleon. | Cleona. | Cleo. | Cle. | Cleon, | Cl. | Cle: | Cleona, | Cleon: | Cleona ▪ | Cleon | Cleona | Cleona: | Cle •… na:"
A12138,ASTELLA,kept,303,"Astel. | Ast. | Ast ▪ | Astella, | Astel: | Astella:"
A12138,BELINDA,kept,1189,"Bel. | Belind: | Bel | B •… l. | Belind. | B •… ind. | Belinda. | Bel, | Belinda:"
A12138,1 LADY,dropped_short,14,1. Lady?
A12138,PIERO,kept,731,"Piero: | Pier. | Piero. | Piero, | Pior. | Pi."
A12138,VALENTIO,kept,287,Val. | Wal.
A12138,SILVANUS,kept,66,Silv.
A12138,ABBOT,kept,331,"Abb. | Abbot. | Abb, | Ab."
A12138,[unresolved] 〈◊〉 ▪,unresolved_excluded,5,〈◊〉 ▪
A12140,TRIER,kept,1290,"T Ryer, | Tr."
A12140,LACY,kept,712,"Lacy, | La. | Lac."
A12140,VENTURE,kept,1201,Ven.
A12140,JARVIS,kept,148,Ser.
A12140,BONVILE,kept,1945,Lo. | Lo: | Lor.
A12140,PAGE,kept,414,Pa. | Pa ▪
A12140,RIDER,kept,618,Rid. | Ri.
A12140,MISTRESS BONAVENT,kept,1035,M. Bon. | M. B. | M. Bo. | Bon.
A12140,CAROL,kept,4569,"Car. | Ca. | Ca,"
A12140,FAIRFIELD,kept,1790,Fa. | Fa | Fr.
A12140,BONAVENT,kept,744,Bo.
A12140,JULIETTA,kept,1908,Iu. | Iu
A12140,WAITING-WOMAN,kept,42,Wait. | Wa. | W.
A12140,MILKMAID,dropped_short,11,Milk. | Mil.
A12140,JOCKEY,dropped_short,30,Io.
A12140,KEEPER,dropped_short,5,Ke.
A12140,1 GENTLEMAN,dropped_short,17,1 | 1.
A12140,2 GENTLEMAN,dropped_short,14,2 | 2.
A12140,3 GENTLEMAN,dropped_short,6,3
A12140,__crowd__,dropped_short,17,Omnes.
A12141,VOLTERRE,kept,1605,"Volterre. | Vol. | Volt. | Vol,"
A12141,ORSEOLLO,kept,1780,"Ors. | Ors, | Or. | Ors"
A12141,CONTARINI,kept,2022,"Con. | Con: | Con,"
A12141,COMACCIO,kept,1471,Com.
A12141,GIOTTO,kept,2585,Gio. | Geo.
A12141,DUCHESS,kept,1483,"Dutch. | Dut. | Dutch | Dutch,"
A12141,LAURA,kept,896,"Lau. | Lau, | Laura."
A12141,DANALO,kept,94,Dan. | Danda.
A12141,CARINTHA,kept,609,Car.
A12141,DE PAZZI,kept,2852,"De. | De, | Dep. | Paz."
A12141,CRISPINO,kept,268,Cris.
A12141,SANCHO,kept,184,San.
A12141,OFFICER,kept,113,Offi.
A12141,SERVANT,dropped_short,12,Serv.
A12141,__crowd__,dropped_short,15,"All. | Lords,"
A12141,[unresolved] Bo.,unresolved_excluded,1,Bo.
A12142,ARETINA,kept,2625,Are. | Ar. | Aret. | Are
A12142,STEWARD,kept,1239,"S Tew. | Ste. | St. | St, | Se."
A12142,BORNWELL,kept,2734,Bor. | Bo. | B • r. | Bor | Born.
A12142,DECOY,kept,118,Decoy. | Dec.
A12142,KICKSHAW,kept,2430,Alex. | Ale. | Al. | Al | Al ▪ | Kic.
A12142,LITTLEWORTH,kept,1180,Lit. | Li.
A12142,SERVANT,kept,204,Ser.
A12142,CELESTINA,kept,4577,Cel. | Ce. | Cel
A12142,HAIRCUT,kept,643,Ha. | Hair. | Haire ▪ | Hai.
A12142,FREDERICK,kept,1218,Fr. | Fre.
A12142,MARIANA,kept,127,Ma. | Mar.
A12142,ISABELLA,kept,72,Is.
A12142,GENTLEWOMAN,kept,44,Gen.
A12142,SCENTLOVE,kept,508,Sent. | Sen.
A12142,LORD,kept,1829,Lor. | Lo. | Lord ▪ | Lo
A12142,SECRETARY,kept,55,Sec. | Secr.
A12142,__crowd__,dropped_short,17,Al. Lit. | Both. | Is. M.
A12142,[unresolved] 〈◊〉,unresolved_excluded,22,〈◊〉
A12142,[unresolved] 〈◊〉 .,unresolved_excluded,9,〈◊〉 .
A12143,CLARIANA,kept,3094,"Cla. | Cla, | Cla | Clar. | Cl. | Cal."
A12143,BELLAMENTE,kept,3261,Bel. | Bël. | Be.
A12143,MILENA,kept,176,Mil | Mil. | Mi.
A12143,HIPPOLITO,kept,4202,"Hip. | Hi. | Hi, | Hip | Hi ▪"
A12143,COURTIER,kept,177,Cour. | Co.
A12143,1 COURTIER,dropped_short,11,1. Co.
A12143,2 COURTIER,kept,101,2 Co. | 2. Co. | 2. C. | 2.
A12143,3 COURTIER,dropped_short,12,3.
A12143,DUKE,kept,858,Du.
A12143,EUBELLA,kept,929,Eu | Eu. | b Eu.
A12143,SEBASTIAN,kept,1404,Seb. | Seb
A12143,BOVALDO,kept,1580,Bo. | Bon.
A12143,FENCER,kept,64,Fen. | Fe.
A12143,PAGE,kept,287,Pag. | Pa.
A12143,FIDDLER,dropped_short,20,Fi.
A12143,JUGGLER,dropped_short,13,Iu.
A12143,GROOM,kept,154,Gro. | Gro-
A12143,SERVANT,kept,243,Ser.
A12143,__crowd__,dropped_short,5,1.3.
A12145,SEBASTIANO,kept,1286,"Seb. | Seb, | 〈◊〉 [Sebastiano] | Se • ."
A12145,ANTONIO,kept,2314,"Ant. | Anto, | Anto. | A • t • . | Ant • . | • nt."
A12145,VILAREZO,kept,1791,"Vil. | Vila. | Vila, | Vil, | 〈◊〉 [Vilarezo]"
A12145,VILLANDRAS,dropped_short,17,Vill. | 〈◊〉 [Villandras] | V •• .
A12145,SERVANT,dropped_short,21,Ser. | I. Ser.
A12145,MONTENEGRO,kept,2365,"Count. | Count | Coun. | Coant. | Cou. | Count ▪ | Co • nt. | Co • t. | Mont. | Mount. | Moun. | Mount, | Mo • . | Moun • . | Mou. | 〈◊〉 [Montenegro]"
A12145,CATALINA,kept,2489,"Cata. | Cata, | Cata | Cat. | Cat ▪ | Caf. | C 〈…〉 | Ca 〈…〉 | 〈◊〉 [Catalina]"
A12145,BERINTHIA,kept,1285,Ber. | Ber | 〈◊〉 [Berinthia]
A12145,VALASCO,kept,1272,Val. | Vala. | 〈◊〉 [Valasco] | 〈◊〉 .
A12145,ANSILVA,kept,910,"Ans. | Ans, | A • s."
A12145,DIEGO,kept,1043,Die. | 〈◊〉 [Diego]
A12145,CASTABELLA,kept,939,"Cast. | Cas • . | Cast | Cast, | C • st."
A12145,SHARKINO,kept,1222,Sh.
A12145,SCARABEO,kept,39,Sca.
A12145,SERVINGMAN,kept,98,1 | 1.
A12145,PEDRO,kept,134,2 | 2.
A12145,JAMES,kept,106,3 | 3. | •
A12145,MAID,kept,155,Ma.
A12145,SFORZA,kept,446,S • or. | Sfor. | Sf.
A12148,AURELIO,kept,3796,Aur. | Au. | Bor. | Bo.
A12148,PISAURO,kept,2325,Pis. | Pis: | Pi. | Pis
A12148,PIMPONIO,kept,1902,Pim. | Pim
A12148,LUCIO,kept,342,Luc. | Lu. | Lu:
A12148,PIETRO,kept,86,Pie.
A12148,JULIO,kept,837,Iu. | Ju.
A12148,MERCUTIO,kept,1927,Mer. | Me.
A12148,DUCHESS,kept,1981,Dut. | Du.
A12148,URSINI,kept,1391,Vrs. | Urs. | Ors.
A12148,CORNELIA,kept,1226,Cor. | Cor
A12148,MELINDA,kept,169,Mel. | Mil.
A12148,LAURA,kept,117,Lau. | Laus
A12148,ASCANIO,kept,779,Ase. | As.
A12148,GRUTTI,kept,160,Gr.
A12148,FERRARA,kept,1097,Fer.
A12148,1 SERVANT,dropped_short,37,1. Ser.
A12148,2 SERVANT,dropped_short,27,2. Ser.
A12148,__crowd__,dropped_short,4,Both.
A12148,[unresolved] In.,unresolved_excluded,19,In.
A12149,BASILIUS,kept,1249,Bas. | Bas
A12149,PHILANAX,kept,1230,"Philon. | Philon | Philon, | Phil."
A12149,CALANDER,kept,182,Cal. | Cala. | Calo.
A12149,GYNECIA,kept,1387,Gyne. | Gy.
A12149,PHILOCLEA,kept,942,"Phi. | Phi, | Ph • ."
A12149,PYROCLES,kept,3168,"Pyr. | Py. | Pyr, | P • ."
A12149,PAMELA,kept,1281,Pam. | Pam | Pan. | Pum.
A12149,MOPSA,kept,730,Mop.
A12149,MUSIDORUS,kept,2401,"Mus. | Mus | Mus,"
A12149,DAMETAS,kept,2301,"Dame. | Dam. | Dam | Dam, | Drm."
A12149,MISO,kept,313,Mi. | Miso. | Mis. | Mis
A12149,CAPTAIN,kept,777,"Cap. | Cap | Cap, | Cap •"
A12149,1 REBEL,dropped_short,26,1.
A12149,2 REBEL,kept,246,2.
A12149,3 REBEL,kept,221,3.
A12149,4 REBEL,kept,72,4.
A12149,THUMB,kept,324,Thu. | Th. | Th •
A12149,SHEPHERD,dropped_short,4,Shep.
A12149,MESSENGER,dropped_short,8,Mess.
A12149,SIMPATHUS,kept,146,Sim. | Sin.
A12149,EUARCHUS,kept,639,Euax. | Eu. | Evar. | Eva. | Ev.
A12149,__crowd__,dropped_short,31,Omnes. | Within. | Reb.
A12150,KING,kept,3393,King. | King | King ▪
A12150,DUKE,kept,1625,Duke | Duke. | Duk. | D ••• ▪ | Duk • .
A12150,RIVIERO,kept,1154,Rivi. | R • vi. | Riv. | Rivi ▪
A12150,ANDRUGIO,kept,263,Andr.
A12150,THEODOSIA,kept,769,Theo. | Theod.
A12150,MONTALTO,kept,3386,"Montal. | Monta. | Mont. | Mon. | Mont, | Mont ▪"
A12150,OCTAVIO,kept,1126,Octav. | Octa.
A12150,GUIDO,kept,677,"Guido. | Guid. | Gu. | Gui. | Guid, | Guid"
A12150,ALOISIO,kept,160,Aloi. | Alo.
A12150,ALEXIO,kept,88,Alex. | Ale.
A12150,BOMBO,kept,1725,Bom. | B • m.
A12150,IACAMO,kept,254,Iacam. | Iaca. | Iac.
A12150,DOMITILLA,kept,2477,Domit. | Dom.
A12150,SIMPHOROSA,kept,660,Simp. | Sim.
A12150,PIETRO,dropped_short,29,Piet. | Pie.
A12150,1 LADY,dropped_short,15,1 lady. | 1 Lady.
A12150,2 LADY,dropped_short,9,2 Lady.
A12150,COURTIER,dropped_short,13,Court.
A12150,SERVANT,dropped_short,7,Ser.
A12150,__crowd__,dropped_short,8,Both. | Gui. Aloi. Alex.
A12151,ARCHIMAGUS,kept,1974,Ar. | Arc. | A •… c. | Arc
A12151,1 PRIEST,kept,88,1. | 1
A12151,2 PRIEST,kept,144,2. | 2
A12151,3 PRIEST,dropped_short,5,3.
A12151,PRIEST,kept,95,Pr. | Prie.
A12151,ENDARIUS,kept,145,End. | En.
A12151,FERCHUS,kept,612,Fer. | Fc.
A12151,CONALLUS,kept,903,Con. | Con
A12151,LEOGARIUS,kept,1503,Leo. | Kin. | King. | Ki.
A12151,QUEEN,kept,136,Queen. | Quee. | Que. | Qu.
A12151,CORYBREUS,kept,1687,Cor. | Cori.
A12151,PATRICK,kept,1755,Patr. | Pat.
A12151,DICHU,kept,437,Dic. | Dich.
A12151,ETHNE,kept,402,Eth.
A12151,FEDELLA,kept,285,"Fed. | Fed,"
A12151,RODAMANT,kept,1919,Rod. | Rod | Ro.
A12151,EMERIA,kept,1663,Em. | Eme. | Em
A12151,MILCHO,kept,766,Mil.
A12151,BARD,kept,1383,Bar. | Bar | Ba. | Ba ▪
A12151,VICTOR,kept,221,Ang. Vict. | Vict.
A12151,JUPITER,kept,99,Jupe.
A12151,1 SOLDIER,kept,135,1 Sould. | 1. Soul. | 1 Souldier.
A12151,2 SOLDIER,kept,229,2 Sould. | 2. Sould. | 2 Souldier. | 2 Souldier | 2 So.
A12151,SERVANT,kept,75,Ser.
A12151,__crowd__,dropped_short,20,Omnes. | End. Fer.
A12151,[unresolved] Co.,unresolved_excluded,9,Co.
A12151,[unresolved] Fero.,unresolved_excluded,10,Fero.
A12151,[unresolved] Prin.,unresolved_excluded,7,Prin.
A12151,[unresolved] E •… .,unresolved_excluded,2,E •… .
A12152,ANTONIO,kept,1579,Antonio. | Ant.
A12152,GASPARO,kept,2992,Gasp.
A12152,INFORTUNIO,kept,2815,Infor. | Inf. | Iuf.
A12152,SELINA,kept,1535,Sel. | Seli. | Sil.
A12152,GORGON,kept,2580,Gorg. | Gor.
A12152,RUFALDO,kept,1997,Ruf.
A12152,BUBULCUS,kept,2520,Bub.
A12152,HILARIA,kept,348,Hil. | Hi.
A12152,CORNELIO,kept,1143,Cor. | Corn.
A12152,JENKIN,kept,2198,Ien.
A12152,JOCARELLO,kept,153,Ioc.
A12152,SERVANT,kept,48,Ser.
A12152,DELIA,kept,137,Del.
A12152,MEDULLA,kept,132,Med.
A12152,OLD MAN,kept,63,Old.
A12152,OLD MAN'S SON,kept,49,Old mans son.
A12152,GENTLEMAN,kept,181,Gent.
A12152,INGENIOLO,kept,153,Ing. | Inge.
A12152,1 SHEPHERD,kept,156,1. Shep.
A12152,2 SHEPHERD,kept,48,2. Shep.
A12152,3 SHEPHERD,dropped_short,17,3. Shep.
A12152,SHEPHERD,kept,112,Shep.
A12152,FELICE,kept,306,Fel.
A12152,ECHO,dropped_short,32,Eccho. | Ecc.
A12152,BUTLER,dropped_short,35,But.
A12152,__crowd__,dropped_short,3,All.
A12152,[unresolved] Cla.,unresolved_excluded,55,Cla.
A12152,[unresolved] Offe.,unresolved_excluded,47,Offe.
A12152,[unresolved] Cle.,unresolved_excluded,47,Cle.
A12154,PISANO,kept,804,"Pisano. | Pis. | Pi. | Pis, | Pis | Pie."
A12154,PETRUCCIO,kept,486,Pet. | Pe.
A12154,COSMO,kept,1223,Cos. | Co.
A12154,LORENZO,kept,4137,Lor. | Lo. | Lo
A12154,DUKE,kept,1804,Du. | Duk.
A12154,ALONSO,kept,175,Al. | Alon.
A12154,FREDERICO,dropped_short,22,Fr. | Fred. | Fre.
A12154,FLORIO,kept,552,Flo.
A12154,DEPAZZI,kept,1765,Dep. | Depazzi.
A12154,SCIARRHA,kept,4450,"Sciarrha. | Sci. | Sci, | Sc. | Sci | Sci ▪"
A12154,AMIDEA,kept,1859,"Am. | Ami. | Am, | Am"
A12154,SERVANT,dropped_short,23,Serv. | Ser. | Genu.
A12154,ROGERO,kept,983,Ro.
A12154,MOTHER,kept,102,Mor.
A12154,ORIANA,kept,374,Ori. | Oria.
A12154,LUST,kept,95,Lust.
A12154,1 GENTLEMAN,dropped_short,26,1 Gen. | 1
A12154,2 GENTLEMAN,dropped_short,23,2 Gen. | 2
A12154,3 GENTLEMAN,dropped_short,2,3
A12154,4 GENTLEMAN,dropped_short,2,4
A12154,5 GENTLEMAN,dropped_short,6,5
A12154,__crowd__,dropped_short,17,All. | All gentl.
A12154,[unresolved] Tu.,unresolved_excluded,21,Tu.
A12154,[unresolved] 〈◊〉 .,unresolved_excluded,85,〈◊〉 .
A12155,BELFARE,kept,1375,Belfare. | Bel. | Bel
A12155,ISAAC,kept,907,Isa. | Is. | Isa
A12155,SERVANT,kept,63,Ser. | Seruant.
A12155,BEAUFORD,kept,4307,"Beau. | Bea. | Beau, | Bea,"
A12155,CAPTAIN,kept,1083,Cap. | Cap
A12155,MARWOOD,kept,1113,Mar. | Ma. | Mar
A12155,JUSTICE,kept,1496,Iust. | Iust
A12155,MILISENT,kept,1311,Mil.
A12155,CAMELION,kept,417,Cam.
A12155,RAWBONE,kept,1613,Raw. | Rawbone.
A12155,JANE,kept,575,Ian. | Iane. | Iane | Ian • .
A12155,CARDONA,kept,470,Car. | Car
A12155,KEEPER,kept,211,Keeper. | Kee.
A12155,HAVER,kept,487,Hau. | Hau | Han.
A12155,LODAM,kept,1908,Lod. | Lod
A12155,GRATIANA,kept,1123,Grats. | Grati. | Grat. | Grat | Gra.
A12155,SURGEON,kept,66,Sur.
A12155,PHYSICIAN,kept,123,Phi. | Phy.
A12155,OFFICER,kept,37,Officer. | Off • .
A12155,__crowd__,dropped_short,7,Officers. | Omnes.
A12155,[unresolved] Rel.,unresolved_excluded,11,Rel.
A12155,[unresolved] Rea.,unresolved_excluded,10,Rea.
A12157,SIR GEORGE,kept,726,Sir Geo: | Sir Geo. | Geo. | Geo: | Rich. | Ric.
A12157,WORTHY,kept,1136,Mr. Worthy. | M. Wor: | Wor. | Worth. | Wo. | Wor:
A12157,WHIBBLE,kept,199,Whib. | Whi. | Wh. | VVhib: | VVhib.
A12157,FOWLER,kept,4354,"Fow. | Fow, | Fow: | Fowl. | Pow."
A12157,AIMWELL,kept,2392,Aym. | Aymw. | Aym:
A12157,CLARE,kept,609,Clare. | Cla. | Cl. | Clare | Cla.. | Cla: | Clar:
A12157,VIOLETTA,kept,780,Vio. | Viol. | Vi. | Vio:
A12157,PENELOPE,kept,1170,"Penel. | Pen. | Pen, | Pen | Pen: | Pe. | Per."
A12157,BRAINS,kept,1771,Bra. | Br. | Bra:
A12157,SENSIBLE,kept,158,Sen. | Sens. | Sen:
A12157,SIR NICHOLAS,kept,1659,Nic. | Ni. | Nic:
A12157,TUTOR,kept,1065,"Tu. | Tut. | Tu | Tut, | Tut:"
A12157,WINNIFRIDE,kept,69,Win.
A12157,MANLY,kept,225,Man. | Manl. | Man:
A12157,SERVANT,dropped_short,29,Ser. | Serv.
A12157,SERGEANT,dropped_short,12,Serg.
A12157,MESSENGER,dropped_short,9,Mes.
A12157,BOY,dropped_short,3,Boy.
A12157,BRAINS' BROTHER,kept,331,Bre.
A12157,1 GENTLEMAN,kept,127,1.
A12157,2 GENTLEMAN,kept,80,2.
A12157,GENTLEMAN,dropped_short,4,Gent.
A12157,__crowd__,dropped_short,20,Both: | Ric. Wor. | Geo. VVor. | Man. Cla.
A12158,ALBERTO,kept,441,A Lberto. | Al. | Alb.
A12158,CESARIO,kept,2755,Pr. | Pri.
A12158,JULIO,kept,561,Iu. | Ju. | Iulio. | Iul. | Jul. | •… u. | •… ul.
A12158,FABIO,kept,812,Fa. | Fab.
A12158,ALPHONSO,kept,693,Alp. | Alph. | Alp
A12158,VITTORI,kept,3159,Vi. | Vi | Vit.
A12158,MAURITIO,kept,578,Ma.
A12158,CAPTAIN,kept,380,Ca. | Cap.
A12158,CASSANDRA,kept,1139,Cass. | Cas. | •… as.
A12158,KING OF NAPLES,kept,121,King. | King | Nap. | Na.
A12158,KING OF SICILY,kept,1407,Ki. | Kin. | Ki | K. of Sci. | Sicil.
A12158,HORATIO,kept,754,Hor. | Ho. | Ho ▪
A12158,TRIVULSI,kept,63,Tr. | Tri.
A12158,ROSINDA,kept,1499,Ros. | Ro. | Ros •… | •… os.
A12158,FLAVIA,kept,489,Fla.
A12158,PAZZORELLO,kept,1541,Paz. | Paz | •… az. | •… az | Paz ▪
A12158,PAGE,kept,1429,Pag. | Pa.
A12158,1 SOLDIER,dropped_short,9,1. So.
A12158,MESSENGER,kept,37,Mess. | Mes. | Mes
A12158,SERVANT,kept,54,Ser.
A12158,__crowd__,dropped_short,21,Omnes Sol. | Ki. Hor. | Ki. Pr. | Both Kings. | Vit. Alp. Cas.
A12158,[unresolved] In.,unresolved_excluded,42,In.
A12158,[unresolved] Fr.,unresolved_excluded,56,Fr.
A12548,PALSGRAVE,kept,2102,Palsgraue. | Palgr: | Palsgr. | Palsg: | Palsg. | Palsgr: | Pals. | Pal. | Passgr. | Pa.
A12548,SAVOY,kept,188,Sauoy. | Sa.
A12548,BOHEMIA,kept,106,Bohem.
A12548,BRANDENBURG,kept,48,Marqu: | Marq: | Brandenb:
A12548,COLOGNE,kept,258,Cullen. | Cul.
A12548,BASTARD,kept,925,Bastard. | Bast. | Bast: | Ba.
A12548,SAXONY,kept,1314,Saxon. | Saxon: | Sax: | Sax. | Saxon | Poyt.
A12548,MAINZ,kept,323,Mentz. | Men. | Ment. | Me.
A12548,TRIER,kept,195,Trier.
A12548,PETER,kept,196,Peter.
A12548,OLD FITZWATERS,kept,871,Old Fitz: | Old Fyth. | Old. | O. Fyth. | O. Fyt. | O. Fy. | Old Fitzw: | Old Fi. | Old Fitz. | O. Fytz. | O. F. | Old Fitzw. | Old Fytzw: | Old-Fyztw: | Old Fytzw.
A12548,YOUNG FITZWATERS,kept,1646,Y. Fyt. | Y. Fyth. | Y. Eyth. | Y. • yt. | Y. Fy. | Y. Fith. | Y. Fytz. | Y. Eytz. | Y. Frytz. | Y. Fitz. | Y. Ftyh. | Y. Fytz: | Y.Fytzw: | Y.Fitz. | Y. Fytzw: | Y. Fytzw.
A12548,STEWARD,kept,273,Stew. | Steward. | Ste.
A12548,PAGE,kept,293,Page. | Pag. | P • ge.
A12548,FLORAMELL,kept,1282,Flo. | Flora. | Flor. | Floramell. | Floram. | Floramel.
A12548,CLINTON,kept,499,Clyn. | Clynton. | Clinton. | Clint. | Clint:
A12548,BISHOP,kept,95,Bish. | Bishop.
A12548,KING,kept,1148,"King. | King | King: | K. Clynton,"
A12548,LORD,dropped_short,25,Lord.
A12548,MESSENGER,dropped_short,11,Messenger | Messenger.
A12548,VANDOME,kept,143,Van. | Vand. | Vandome. | Vandome:
A12548,MENDOZA,kept,202,Mend. | Mendo: | Mendozze. | Mendoz.
A12548,FRENCH KING,kept,1175,F. King. | F.K. | F. K. | F. King | F.King. | French King:
A12548,QUEEN,kept,615,Qu. | Queene. | Quee. | Quee •• . | F. Queene. | Q. Poytiers
A12548,ARTOIS,kept,487,Artoise. | Art. | Arto. | Artoy. | Artoyse. | Art:
A12548,SERVANT,kept,50,Seruant. | Seru.
A12548,HERALD,dropped_short,8,Herald.
A12548,ENGLISHMAN,kept,328,English: | Englishman. | English. | Englishm:
A12548,FRENCHMAN,kept,268,French: | Frenchman. | French. | Frenchm. | Frenchm:
A12548,__crowd__,dropped_short,2,Old Fyth. & Y. Fyt.
A12548,[unresolved] Fitz.,unresolved_excluded,12,Fitz.
A12578,LOVE,kept,511,Loue. | Lou.
A12578,FORTUNE,kept,328,For. | Fortune. | Fort.
A12578,DEATH,kept,526,Death.
A12578,ERASTUS,kept,2743,Erast. | Erastus. | Era. | Eras.
A12578,PERSEDA,kept,1910,"Per. | Perse. | Perse,"
A12578,MESSENGER,dropped_short,11,Messen.
A12578,PISTON,kept,1939,Piston. | Pist. | Pyst. | Pist
A12578,PHILIPPO,kept,445,Phil. | Phylip. | Phyllyp. | Phyl. | Philip. | Philp.
A12578,CYPRUS,kept,272,Cipris. | Cip. | Cypr. | Cipr. | Cyp.
A12578,ENGLISHMAN,kept,119,Englishman. | English.
A12578,FRENCHMAN,kept,53,French-man. | French.
A12578,SPANIARD,kept,63,Spaniard.
A12578,TURK,dropped_short,8,Turke.
A12578,BRUSOR,kept,883,Bruser. | Bru. | Brusor. | Brus.
A12578,BASILISCO,kept,2452,Basi. | Bas. | Ba.
A12578,LUCINA,kept,400,Luci. | Lucina.
A12578,FERDINANDO,kept,318,Ferdi. | Fer. | Fern.
A12578,CRIER,kept,100,Cryer. | Cry.
A12578,SOLIMAN,kept,3680,Soly. | Soli. | Solim.
A12578,AMURATH,kept,144,Amura. | Amu. | Amur.
A12578,HALEB,kept,303,Haleb.
A12578,GUELPIO,dropped_short,33,Guelp. | Guel.
A12578,JULIO,kept,53,Iulio. | Julio.
A12578,MARSHAL,kept,140,Marshall. | Mar. | Marsh.
A12578,WITNESS,kept,102,Witnesse. | Witn.
A12578,1 WITNESS,dropped_short,13,1. Wit. | 1. Witn.
A12578,2 WITNESS,dropped_short,13,2. Wit. | 2. Witn.
A12578,CAPTAIN,dropped_short,8,Capt.
A12578,__crowd__,dropped_short,23,Witnesses.
A12954,MENANDER,kept,7349,MEN. | ME. | MAENAN. | MAEN. | M • | M • .
A12954,HIPPONAX,kept,383,HYP. | HIP. | HIP: | H • .
A12954,EUPHORBUS,kept,711,EV. | EVPH. | EVP. | EVP | EV •
A12954,LAELIO,kept,517,"LAE. | LAE,"
A12954,PHEUDIPPE,kept,2585,PHE. | PHEV. | PH. | PHE
A12954,HYARCHUS,dropped_short,23,HYAR. | HYA.
A12954,PERILLUS,kept,854,PER.
A12954,MALINDO,kept,1412,MAL. | MA.
A12954,HIRUDO,kept,882,HY.
A12954,SERVANT,dropped_short,23,SER.
A12954,LUCILLA,kept,786,LV. | Lv. | LVC.
A12954,LESBIA,kept,134,LES. | LE.
A12954,FAVORINA,kept,2586,FAV. | FAVO. | FA. | FA | FV.
A12954,LICTOR,dropped_short,1,LIC.
A12954,MESSENGER,dropped_short,32,MES.
A12954,CASSIUS,kept,414,CAS.
A12954,SOLDIER,dropped_short,15,SOV.
A12954,TITIO,kept,149,TI.
A12954,GRACCHUS,kept,2033,GRA. | GR. | GR
A12954,AMILCAR,kept,6026,AMIL. | AMI. | AM. | A • . | A • i.
A12954,PRIEST,dropped_short,7,SACE.
A12954,MAN,kept,301,MAN.
A12954,BUFFONE,kept,180,BV. | BVF. | BV • .
A12954,GLAUCUS,kept,111,GLA. | GLA:
A12954,__crowd__,kept,99,OMN. | OM. | Omn. Magi • r. | Om. Mag. | HIP. EVP. | LVC. MAN. | LAE. PE. | AMB. | AMBO. | HIP. HY.
A12954,[unresolved] STI.,unresolved_excluded,4,STI.
A12954,[unresolved] No:,unresolved_excluded,7,No:
A12954,[unresolved] PE.,unresolved_excluded,54,PE.
A12969,DICCON,kept,3723,Diccon | Diccon.
A12969,HODGE,kept,3425,Hodge | H •• ge | Ho • ge
A12969,TIB,kept,535,"Tib, | Tyb. | T • b, | Tyb | • yb"
A12969,GAMMER,kept,2298,• a ̄ mer | Ga ̄ mer | ••• mer
A12969,COCK,kept,413,Cocke.
A12969,CHAT,kept,1890,"Chat. | Chat, | Chal. | Chat | Chat ▪"
A12969,DOCTOR RAT,kept,1381,D. Rat. | D Rat.
A12969,BAILIFF,kept,1494,Bailie. | Baily. | Bayly. | Ba • l • . | Bayly
A12969,[unresolved] 〈◊〉,unresolved_excluded,86,〈◊〉
A13062,COLLECTOR,kept,92,Collector.
A13062,JACK STRAW,kept,736,Iacke Strawe. | Iacke Straw.
A13062,WAT TYLER,kept,397,Wat Tyler. | VVat Tyler. | Wat Tiler.
A13062,TOM MILLER,kept,544,Tom Miller.
A13062,PARSON BALL,kept,414,Parſon Ball. | Ball.
A13062,NOBS,kept,384,Nobs.
A13062,TREASURER,kept,237,Lord Treaſorer. | Treaſorer.
A13062,ARCHBISHOP,kept,372,Archbiſhop. | Biſhop.
A13062,SECRETARY,kept,212,Secretarie.
A13062,MESSENGER,dropped_short,23,Meſſenger.
A13062,HOB CARTER,kept,103,Hob Carter.
A13062,QUEEN MOTHER,kept,232,Queene Mother. | Queene.
A13062,SALISBURY,kept,129,County Salsburie.
A13062,USHER,kept,156,Ʋ ſher.
A13062,KING,kept,1544,King.
A13062,MORTON,kept,584,Morton.
A13062,SPENCER,kept,73,Spencer.
A13062,NEWTON,kept,608,Sir Newton. | Newton.
A13062,MAYOR,kept,666,Lord Maior. | Maior.
A13062,__crowd__,kept,65,Southwarkemen.
A13125,JOLAS,kept,1320,"JOLAS, | JOL. | JoL. | JO •… ."
A13125,JOLINA,kept,150,JOLIN.
A13125,1 SERVANT,dropped_short,23,1 SERV.
A13125,2 SERVANT,dropped_short,34,2 SERV.
A13125,3 SERVANT,dropped_short,8,3 SERV.
A13125,SERVANT,dropped_short,13,SERV.
A13125,ZIRIFF,kept,4367,ZIR. | ZIR | ZOR.
A13125,KING,kept,1321,KING.
A13125,AGLAURA,kept,2101,AGL. | AG •… .
A13125,QUEEN,kept,1538,QU. | ORB.
A13125,LADY,dropped_short,11,LA.
A13125,THERSAMES,kept,2713,THER. | THERS.
A13125,ARIASPES,kept,1534,ARIASP. | ARI.
A13125,HUNTSMAN,dropped_short,10,HUNT. | HUNTS.
A13125,ORSAMES,kept,1377,ORS. | OR.
A13125,1 COURTIER,kept,217,1 COURT. | 1. COURT. | 1. COURT
A13125,2 COURTIER,kept,250,2 COURT. | 2. COUR. | 2. COURT.
A13125,3 COURTIER,dropped_short,32,3. COURT.
A13125,PHILAN,kept,394,PHI. | PH.
A13125,SEMANTHE,kept,464,SEM.
A13125,ORITHIE,kept,381,ORI.
A13125,BOY,dropped_short,13,BOY.
A13125,PASITHAS,kept,130,PAS.
A13125,ANDRAGES,kept,85,AND.
A13125,LORD,dropped_short,10,LO. | Lo.
A13125,__crowd__,dropped_short,7,JOL. ARI.
A13125,[unresolved] 〈◊〉 .,unresolved_excluded,2,〈◊〉 .
A13125,[unresolved] EXP.,unresolved_excluded,10,EXP.
A13345,ATLAS,kept,447,At. | Atlas
A13345,LIGHTFOOT,kept,1715,Li. | Li
A13345,HADDIT,kept,2430,Had. | Ha. | Had | Ha
A13345,PLAYER,kept,451,Pla.
A13345,MARIA,kept,1304,"Ma. | Ma,"
A13345,ALBERT,kept,1651,Alb. | Alb | Al.
A13345,CARRACUS,kept,2598,Ca. | Car.
A13345,HOG,kept,1260,"Hog. | Hog, | Hogge | Ho. | Ho"
A13345,PETER,kept,464,Pe. | Pet.
A13345,YOUNG WEALTHY,kept,1806,"We. | Wel. | We,"
A13345,OLD WEALTHY,kept,275,Lo.
A13345,REBECCA,kept,397,Re.
A13345,FATHER,kept,312,Fa. | Fa
A13345,SERVANT,kept,105,Ser.
A13345,NURSE,kept,163,Nu. | Nur.
A13345,PRIEST,dropped_short,35,Prie. | Pri.
A13345,__crowd__,dropped_short,11,Omnes | Om.
A13345,[unresolved] Bazon,unresolved_excluded,110,Bazon
A13358,TAPSTER,kept,132,Tapſter.
A13358,SLY,kept,392,Slie. | Slie
A13358,LORD,kept,775,Lord.
A13358,SERVINGMAN,kept,66,Seruingman. | One.
A13358,MESSENGER,dropped_short,16,Meſ.
A13358,SANDER,kept,1459,San.
A13358,2 PLAYER,dropped_short,10,The other.
A13358,BOY,kept,450,B • y. | Boy.
A13358,WILL,kept,66,Wil. | Will.
A13358,TOM,kept,67,Tom.
A13358,POLIDOR,kept,1315,Pol. | Poli.
A13358,AURELIUS,kept,1418,Aurel.
A13358,ALFONSO,kept,1008,Alfon. | Alfonſo.
A13358,VALERIA,kept,544,Val. | Valer | Vale.
A13358,FERANDO,kept,2126,Feran.
A13358,KATE,kept,1011,Kate. | Kate
A13358,EMELIA,kept,262,Eme. | Emel.
A13358,PHYLEMA,kept,609,Phyle. | Phile. | Phylo.
A13358,HABERDASHER,dropped_short,8,Habar.
A13358,TAILOR,kept,60,Taylor. | Tailor.
A13358,DUKE,kept,515,Duke. | Duke
A13360,TAPSTER,kept,133,Tapſter. | Tapſter
A13360,SLY,kept,395,Slie | Slie. | Sli. | Sil.
A13360,LORD,kept,777,Lord | Lord.
A13360,SERVINGMAN,kept,65,Seruing man. | One. | One | Another
A13360,MESSENGER,dropped_short,16,Meſ.
A13360,SANDER,kept,1475,San. | San | San:
A13360,BOY,kept,460,"Boy. | Boy | Boy,"
A13360,WILL,kept,53,Wil.
A13360,TOM,kept,66,Tom.
A13360,POLIDOR,kept,1310,Pol. | Poli. | Pol: | Pol ▪
A13360,AURELIUS,kept,1422,Aurel. | Aurel: | Aur.
A13360,ALFONSO,kept,1030,Alfon. | Alfon: | Alfonſo. | Alfo. | Alfon | Alf. | Alſon.
A13360,VALERIA,kept,543,Val. | Valer. | Vale. | Val:
A13360,FERANDO,kept,2144,Feran. | Fera. | Feran: | Fera: | Feran
A13360,KATE,kept,1004,Kate. | Kate
A13360,EMELIA,kept,258,Emel: | Eme: | Emel. | Eme.
A13360,PHYLEMA,kept,612,Phil: | Phile: | Phylo. | Phyle. | Phi.
A13360,HABERDASHER,dropped_short,8,Haber.
A13360,TAILOR,kept,60,Taylor | Taylor. | Tailor | Tailor.
A13360,DUKE,kept,496,Duke. | Duke
A13360,[unresolved] Manent,unresolved_excluded,7,Manent
A13384,CUPID,kept,713,CVPID
A13384,SILVIA,kept,1400,Sil. | Sil:
A13384,DAPHNE,kept,3356,Da: | Dap: | Daph.
A13384,THIRSIS,kept,3347,Thir: | Thi: | Th:
A13384,AMINTA,kept,2097,Am: | Ami: | Am?
A13384,CHORUS,kept,2763,Chorus. | Cho: | Chor:
A13384,NERINA,kept,429,Ner:
A13384,MESSENGER,kept,579,Nun:
A13384,ELPINO,kept,689,Elp:
A13393.1,ALEXIS,kept,321,ALEXIS.
A13393.1,CLITON,kept,348,CLITON. | CLITON
A13393.1,LUSTFUL SHEPHERD,kept,111,Lustfull Sheepheard. | Lust. Shepheard. | Lust. shepheard. | Lust. shepheard
A13393.1,CLOE,kept,724,CLOE. | CLOE
A13393.1,LYSANDER,kept,977,LYSANDER. | Lysander. | Lysander | LYSANDER
A13393.1,DAPHNES,kept,234,DAPHNES. | DAPHNE.
A13393.1,FRANCISCO,kept,338,FRANCISCO. | FRAN. | FRANC.
A13393.1,GLORIANA,kept,618,GLORIANA.
A13393.1,LEON,kept,233,LEON.
A13393.1,SCRUB,kept,349,SCRVB. | SCRUB.
A13393.1,1 VILLAIN,dropped_short,6,1. VILLANE.
A13393.1,2 VILLAIN,dropped_short,2,2. VILLANE.
A13393.1,CLAUDIA,kept,101,CLAVDIA. | CLAUDIA. | Clau.
A13393.1,FLORIDA,kept,168,FLORIDA.
A13393.1,__crowd__,dropped_short,24,Leonand Alexis. | Leon and Alexis. | OMNES.
A13611,SOSIA,kept,308,Soſia. | So.
A13611,SIMO,kept,5443,Simo. | Si. | Si
A13611,DAVUS,kept,4102,Dauus. | Da. | Da: | ( Da.
A13611,MYSIS,kept,847,My.
A13611,PAMPHILUS,kept,2850,Pamph. | Pam. | Pamp.
A13611,BYRRIA,kept,375,Byr.
A13611,CHARINUS,kept,971,"Ca. | Car. | Car, | Car | Car:"
A13611,LESBIA,kept,51,Lesb.
A13611,GLYCERIUM,dropped_short,24,Glycer.
A13611,CHREMES,kept,1041,Chr. | Ch. | Chre.
A13611,CRITO,kept,498,Cr.
A13611,DROMO,dropped_short,10,Dro. | Dr.
A13664,MULCIBER,kept,556,Mulciber.
A13664,THERSITES,kept,4446,Thersites. | Thersites
A13664,MATER,kept,1208,Mater | Mater.
A13664,MILES,kept,647,Miles.
A13664,TELEMACHUS,kept,98,Telemachus. | Telemachus
A13802,ALBUMAZAR,kept,3140,ALBVMAZAR. | ALB. | AL.
A13802,RONCA,kept,1966,RONC. | RON. | RO. | Ron.
A13802,HARPAX,kept,257,HARP. | HAR. | HA.
A13802,FURBO,kept,151,FVRB. | FVR.
A13802,PANDOLFO,kept,3393,"PAN. | Pan. | PA. | PANDOLFO. | PA,"
A13802,CRICCA,kept,2665,CRI. | CRIC. | CR.
A13802,TRINCALO,kept,4670,TRINCALA. | TRINC. | TRIN. | TRI. | TR. | TRINCALO
A13802,ARMELLINA,kept,569,ARM. | AR.
A13802,LELIO,kept,947,LE. | LEL.
A13802,EUGENIO,kept,350,EV. | EVG. | EVG
A13802,FLAVIA,kept,454,FLA. | FL.
A13802,SULPITIA,kept,810,SVL. | SV.
A13802,BEVILONA,kept,491,BE. | BEV.
A13802,ANTONIO,kept,1519,ANTONIO. | ANT. | AN.
A13804,LINGUA,kept,2725,LING. | LING ▪ | LING | LIN. | L •• .
A13804,AUDITUS,kept,1348,AVD. | AV.
A13804,MENDACIO,kept,3722,"MEN. | MEND. | MEND: | —MEN. | MENDAT, | MENDA. | MEN | MEN:"
A13804,TACTUS,kept,3016,TACT. | TAC. | TA.
A13804,OLFACTUS,kept,653,OLF. | OEF. | OLF | OLE.
A13804,VISUS,kept,1129,"VIS. | Vis. | VIS: | VIS,"
A13804,GUSTUS,kept,673,GVST. | GVS.
A13804,APPETITUS,kept,2156,"APP. | APP | AP. | AP, | App."
A13804,PHANTASTES,kept,2702,PHAN. | PH. | PHA. | PHA | PH | P • .
A13804,HEURESIS,kept,839,HEV. | HEVR.
A13804,COMMUNIS SENSUS,kept,2139,"COM. S. | COM S. | COM. SEN. | COM. SE. | COM. | CO. SE. | COM SEN. | COM SE. | COM, SEN"
A13804,MEMORIA,kept,1231,"MEM. | MEM,"
A13804,ANAMNESTES,kept,2419,"AN. | ANA. | ANAM. | ANA,"
A13804,1 ART,kept,69,1. Ar.
A13804,2 ART,dropped_short,16,2 art.
A13804,3 ART,dropped_short,15,3. art.
A13804,4 ART,dropped_short,13,4. art.
A13804,5 ART,dropped_short,28,5.
A13804,6 ART,dropped_short,11,6 art.
A13804,7 ART,kept,30,7. art.
A13804,8 ART,dropped_short,12,8. art.
A13804,9 ART,dropped_short,7,9. art.
A13804,10 ART,kept,41,10. art.
A13804,LUMEN,kept,169,LVMEN.
A13804,COELUM,kept,94,COEL.
A13804,HERALD,kept,64,HERAVLD. | HER.
A13804,BOY,kept,144,A BOY. | BOY. | I. BOY.
A13804,ODOR,kept,47,ODOR.
A13804,TOBACCO,kept,47,TOB.
A13804,CRAPULA,kept,393,"CRAP. | CRA. | CRA,"
A13804,SOMNUS,kept,583,SOM. | SOMNVS. | SOM
A13804,[unresolved] MERD.,unresolved_excluded,32,MERD.
A13840,D'AMVILLE,kept,6191,D'amuille. | D'am. | Dam. | D'am | D'amville. | D'am: | Da'm.
A13840,BORACHIO,kept,1090,Bor. | Bor | Bora.
A13840,CHARLEMONT,kept,2729,Char. | Charl.
A13840,MONTFERRERS,kept,300,Mont.
A13840,BELFOREST,kept,804,Bel. | Belf. | Bel | Belfo.
A13840,CASTABELLA,kept,1848,Casta. | Casta | Cast. | Caste. | Costa.
A13840,SNUFFE,kept,1380,Lang. | Lan. | Snu. | Snuffe. | Snuff. | Len.
A13840,LEVIDULCIA,kept,1799,Leuid. | Leuidulcia. | Leu. | Le • id. | Leui. | Leut.
A13840,ROUSARD,kept,423,Rousard! | Rous. | Rou. | Rousa. | Rusa.
A13840,SEBASTIAN,kept,1320,Seba. | Seba | Sebast.
A13840,FRESCO,kept,698,Fresco. | Fres. | Fris. | Frisco. | Frisc. | Frise. | • res.
A13840,CATAPLASMA,kept,406,Cataplasma. | Catap. | Cata.
A13840,SOQUETTE,kept,210,Soqu. | Saq. | Sequ.
A13840,SERVANT,kept,166,Ser. | Seru. | Serua. | 1 Ser.
A13840,1 SERVANT,dropped_short,37,1.
A13840,2 SERVANT,kept,49,2.
A13840,3 SERVANT,dropped_short,12,3.
A13840,SOLDIER,kept,94,Soul.
A13840,WATCHMAN,kept,57,Watch.
A13840,DOCTOR,kept,129,Doctor. | Docto.
A13840,1 JUDGE,kept,294,1. Iudg. | 1. Iud.
A13840,2 JUDGE,kept,189,2. Iudg. | 2. Iud.
A13840,JUDGE,kept,128,Iudge. | Iudg.
A13840,EXECUTIONER,dropped_short,12,Exec • .
A13840,__crowd__,dropped_short,15,Iudges. | All.
A13840,[unresolved] 〈◊〉 .,unresolved_excluded,31,〈◊〉 .
A13843,VINDICE,kept,7290,"Vindi. | Vind. | Vin. | Vind | Vi. | Vind, | Vin,"
A13843,HIPPOLITO,kept,1637,Hip. | Hipo. | Hip
A13843,GRATIANA,kept,901,Moth. | Mo. | Mot. | Mother. | Moth
A13843,CASTIZA,kept,676,Cast.
A13843,DUKE,kept,715,Duke. | Duk. | Duk
A13843,DUCHESS,kept,725,"Duch. | Duc, | Dut. | Dutch."
A13843,LUSSURIOSO,kept,2973,"Luss. | Lu. | Luss | Lus. | Lus: | Lus | Luss,"
A13843,SPURIO,kept,792,Spu. | Spi. | Sp. | Spuri. | Spur.
A13843,JUNIOR,kept,541,Iuni. | Iunio. | Iunior.
A13843,AMBITIOSO,kept,934,Ambi. | Amb. | Am. | Amb
A13843,SUPERVACUO,kept,607,Super. | Sup. | Superv.
A13843,ANTONIO,kept,518,"L. Ant. | Ant. | L. Anto. | L. Ant | L. Ant, | Anto. | And,"
A13843,PIERO,kept,83,Piero | Pier. | Piero. | Pie.
A13843,DONDOLO,kept,72,"Don. | Don. Madona,"
A13843,1 JUDGE,kept,100,1. Iudg. | 1. Iud. | 1. Iud
A13843,2 JUDGE,dropped_short,21,2. Iud.
A13843,JUDGE,kept,53,Iud.
A13843,1 NOBLE,kept,189,"1. Noble. | 1. Nob. | 1, Nob. | 1."
A13843,2 NOBLE,kept,96,"2. Noble. | 2. Nob. | 2. Nob, | 2, Nob. | 2."
A13843,3 NOBLE,kept,51,"3. Nob. | 3, Nob. | 3."
A13843,4 NOBLE,dropped_short,30,4.
A13843,NOBLE,kept,124,Nob. | Nobl. | Noble.
A13843,1 OFFICER,kept,189,1. Offi. | 1. Off. | 1. Off
A13843,2 OFFICER,kept,49,2. Offi. | 2. Off.
A13843,3 OFFICER,dropped_short,16,3. Offi. | 3. Off.
A13843,OFFICER,kept,107,Off. | Offi.
A13843,KEEPER,dropped_short,39,Keep. | Keeper.
A13843,SERVANT,kept,40,Ser.
A13843,1 SERVANT,dropped_short,12,1. Ser.
A13843,2 SERVANT,dropped_short,5,2. Ser.
A13843,GENTLEMAN,dropped_short,9,Gentle.
A13843,__crowd__,dropped_short,8,All. | Both.
A13846,MERCURY,kept,71,MERCVRY.
A13846,CHORUS,kept,41,CHORVS.
A13846,PUBLIUS,kept,426,Pub. | Pub
A13846,PLATONICUS,kept,438,Pla.
A13846,CUPID,kept,53,CVPID.
A13846,DIANA,dropped_short,31,DIANA.
A13846,PEACE,kept,114,Peace | Peace. | Peace gives them their Charge.
A13846,__crowd__,kept,123,CVPID and DIANA. | Two 2 | All 5 | The 5. Deities thus resolue them | The foure Gods. | The foure Gods | The 5. in the lower Clowde. | The foure God;
A13848,CIRCE,kept,152,Cir: | Circe: | Circe.
A13848,LANIER,kept,44,M r . Laneere. | Mr Laneere.
A13848,MRS SHEPHERD,dropped_short,17,M irs Sheperd.
A13848,CHORUS,kept,44,Cho:
A13848,CUPID,kept,42,Cupid:
A13848,JUPITER,kept,45,Iupiter. | Iupiter:
A13848,PALLAS,dropped_short,25,Pallas:
A13848,__crowd__,dropped_short,36,The Spheres. | Both:
A13962,LUST,kept,1420,Luſte.
A13962,JUST,kept,1629,Iuſte.
A13962,STURDINESS,kept,351,Sturdi. | Sturdi nes. | Sturdi ▪
A13962,INCLINATION,kept,2885,Inclina. | Inclina | Incli. | Inclina tion. | Inclina ▪ | In • lina. | Inclin. | Incli ▪
A13962,ELATION,kept,87,Elation | Elation ▪ | Elation.
A13962,GREEDY-GUT,kept,244,Gredy. | Gredy ▪
A13962,SAPIENCE,kept,332,Sapie ̄ ce
A13962,TRUST,kept,504,Truſte. | Truſte ▪
A13962,CONTENTATION,kept,236,Conten.
A13962,TREASURE,kept,310,Treaſur
A13962,PLEASURE,kept,214,Pleaſur
A13962,VISITATION,kept,320,Viſita.
A13962,TIME,kept,349,"Time. | Time ▪ | Time,"
A13962,CONSOLATION,kept,162,Conſo.
A14193,ROISTER,kept,3542,R. Royster. | R. Roister. | R. R. | R Royster. | RR. | R R.
A14193,MERRYGREEK,kept,6735,M. Mery. | M. M. | Math. Mer. | M Mery. | • . Mery. | M. Mery ▪ | MM. | M. M
A14193,MUMBLECRUST,kept,692,M. Mumbl. | M. Mumb. | M. Mu ̄ b. | Madge. | Mar.
A14193,TIBET,kept,1185,Tib Talk. | Tib. Talk. | T •• Talk. | Tib. T. | Tibet. | Tib. | T • .
A14193,ANNOT,kept,221,An. Alyface | An. Alyface. | An. Alyfac. | An. Al. | An. Aly. | An. • . | Annot Aly. | An. Aliface.
A14193,DOBINET,kept,857,D. Dou. | D. Dough.
A14193,HARPAX,dropped_short,24,Harpax.
A14193,CUSTANCE,kept,2841,C. Custa ̄ ce. | C. Custance. | C. Cust. | C. C. | CC. | C. Custa ̄ ce ▪ | C. Custa ̄ ce
A14193,TRUEPENNY,kept,436,Trupeny. | Trupenie. | Trup. | Trupen.
A14193,SCRIVENER,kept,561,Scriuener. | Scri.
A14193,SIM SURESBY,kept,585,Sim Sure. | Sym Surs. | S. Suresby | Sym S. | Sym. S. | Sim S. | S. S. | Sun Sure.
A14193,TRISTRAM TRUSTY,kept,448,T. • Trusty. | T. Trusty. | T. T. | T. Trustie. | T. Trust. | Tristram. | T. Tr.
A14193,GOODLUCK,kept,472,G. Goodl. | Ga. Good. | G. Good. | Ga. Goodl. | G. Goodluck.
A14193,__crowd__,kept,60,Cantet. | Oes 〈◊〉 | Tib. An. | Tris. & Cu. | Oe ̄ s pariter. | Omnes.
A14193,[unresolved] C. Custa ̄ ce. (R. R.,unresolved_excluded,1,C. Custa ̄ ce. (R. R.
A14599,WALLACE,kept,4486,Wal. | Wall. | VVal. | VVall. | Wa. | VVa. | Y. Wal. | Wal. Laverek
A14599,OLD WALLACE,kept,355,O. Wal. | O. W. | O. Wa.
A14599,SELBY,kept,831,Sel. | Selby. | O. Sel.
A14599,YOUNG SELBY,kept,289,Y. Sel.
A14599,HASLERIG,kept,778,Haſ. | Has.
A14599,JEFFREY,kept,527,Ieof. | Jeof. | Sir Ief. | Sir Jef. | Ieff. | Jef. | Ief. | Sir Jeff. | Jeff. | Ie. | Je.
A14599,GRIMSBY,kept,662,Gri. | Grim. | Gr.
A14599,PEGGIE,kept,521,Peg.
A14599,GRAHAME,kept,399,Gra. | Io. Gra.
A14599,KING,kept,1278,King. | K. | Kin. | Edw.
A14599,PERCY,kept,333,Per. | Percy.
A14599,BRUCE,kept,668,Bruce. | Bru. | Br.
A14599,ELEANOR,kept,69,Elenor. | Ellin. | Ell. | El.
A14599,COMIN,kept,239,Com. | Coming.
A14599,MENTEITH,kept,615,Men. | Ment.
A14599,MOUNTFORD,kept,95,Mount. | Moun. | Mo. | Mou.
A14599,GLASCO,kept,240,"Glaſ. | Gla. | Gla,"
A14599,DOUGLAS,kept,38,Doug. | Doug
A14599,BOLT,kept,1340,Bolt. | Bol. | Bo.
A14599,CLIFFORD,kept,993,Cli. | Cliff. | Clif. | Clif
A14599,BEAUMONT,kept,198,Beau. | Bea.
A14599,RUGECROSSE,kept,98,Ruge. | Ru.
A14599,FRIAR,kept,204,Fri. | Fryer.
A14599,SEBASTIAN,kept,55,Seb.
A14599,GENERAL,kept,180,Gen. | Generall.
A14599,GENTLEMAN,dropped_short,14,Gent.
A14599,HERALD,kept,42,Herald.
A14599,MESSENGER,dropped_short,30,Meſ. | Meſſ. | Meſſenger.
A14599,1 SOLDIER,dropped_short,8,1 So.
A14599,2 SOLDIER,dropped_short,10,2 So.
A14599,SOLDIER,kept,54,Soul.
A14599,1 GALLANT,dropped_short,12,1 Gall. | 1 Gal.
A14599,2 GALLANT,dropped_short,17,2 Gall. | 2 Gal.
A14599,__crowd__,kept,111,Omnes. | Omn. | Om. | Omu. | Within. | A cry within. | Both: | Both. | Men. Om. | Com. Ment. | Gra. Fri.
A14599,[unresolved] Mack.,unresolved_excluded,22,Mack.
A14599,[unresolved] Cow.,unresolved_excluded,14,Cow.
A14599,[unresolved] Alarum.,unresolved_excluded,7,Alarum.
A14625,INFIDELITY,kept,6210,Infideli tie. | Infide litie. | Infideli ▪ | Infideli. | Infide. | Infi ••• litie | Infideli
A14625,MARY,kept,3091,Marye Magda lene. | Mary. | Mary | Marie. | Mary ▪
A14625,PRIDE,kept,973,Pride. | Pride of lyfe. | Pryde. | Pride
A14625,CUPIDITY,kept,670,Cupiditi | Cupidit ▪
A14625,CARNAL CONCUPISCENCE,kept,923,Carnall co ̄ cupis cence. | Earnall concu. | Car. con | Concu piscence ▪ | Car. con cupisce ̄ ce | Car. con cupiscece | Concu piscence. | Concu piscence: | Carnall concu. | Concu pisce ̄ ce.
A14625,SIMON,kept,1017,Simon y e pharisie. | Simon. | Simon | Symon.
A14625,MALICIOUS JUDGMENT,kept,1518,Malicioꝰ iugeme ̄ t | Malicioꝰ iudge. | Malicioꝰ iugem • t | Malicioꝰ iudge:
A14625,CHRIST,kept,2549,Christ Iesus. | Christ | Christ. | Iesus Christ.
A14625,FAITH,kept,276,Faith. | Fayth.
A14625,REPENTANCE,kept,539,Repen tance.
A14625,JUSTIFICATION,kept,352,Iustifica ion. | Iustifica tion.
A14625,LOVE,kept,133,Loue.
A14625,__crowd__,dropped_short,35,Diuels.
A14625,[unresolved] 〈◊〉,unresolved_excluded,32,〈◊〉
A14627,WORLDLY MAN,kept,2928,Vvorldly man: | VVorldly man. | Vvorldly man. | Vorldly man. | Vvordly man. | Vvorldlyman. | All braue Vvorldly man. | Let the Vvorldly man looke ſudenly about him.
A14627,HEAVENLY MAN,kept,1006,¶Heauenly man. | Heuenly man. | Heauenly man. | Enter Heauenly man.
A14627,CONTENTATION,kept,673,Contentation.
A14627,TEMERITY,kept,315,"Temeritie. | Temeritie, | Temeritie"
A14627,COVETOUS,kept,4021,"¶ Enter Couetouſe the Vice alone. | Couetouſe. | Couetouſe, | Enter Couetouſe. | Couetouſe"
A14627,INCONSIDERATION,kept,301,Inconſideration.
A14627,PRECIPITATION,kept,778,Precipitation.
A14627,ENOUGH,kept,800,"Poorly arayed Inough. | Inough. | Inough,"
A14627,TENANT,kept,609,Tenant. | Tenant
A14627,SERVANT,kept,284,Enter poorly Seruant. | Seruant. | Seruant
A14627,HIRELING,kept,534,Enter Hireling. | Hireling. | Hireling
A14627,PROPHET,kept,139,Prophet without. | Prophet.
A14627,GOD'S PLAGUE,kept,236,Enter Gods plague and ſtand behinde him a while before he ſpeak.
A14627,IGNORANCE,kept,416,"Ignorance. | Ignorance | Ignorance, | Enter Ignorance."
A14627,PHYSICIAN,kept,265,Phiſicion. | Phiſition.
A14627,SATAN,kept,402,Enter heer Sathan.
A14627,REST,kept,64,Reſt.
A14627,__crowd__,kept,161,"All. | All three. | ¶ Enter Temeritie, Inconſideration, and Precipi tation ſinging this Song."
A14713,BARNABAS,kept,1053,Barn • bas. | Barna bas. | • arna •• s.
A14713,ISMAEL,kept,463,ismael • | Ismae • | • smael | Ismael | • smael. | Isma ••
A14713,DALILA,kept,933,"Dalila | • alila. | Dalila. | Dalil • | Dalila,"
A14713,EULALIA,kept,324,•• lalia. | eulalia. | • ulalia.
A14713,XANTIPPE,kept,449,Xa ̄ tippe | • a ̄ tippe
A14713,INIQUITY,kept,684,• niqui. | Iniqui. | Iniqui | Iniqu • | Iniqui • | Iniqu ••
A14713,DANIEL,kept,542,"Dan ••• "" | •• dge. | • udge. | Iudg • | Iudge"
A14713,WORLDLY SHAME,kept,252,Worldly shame. | Worldly shame
A14715,HELP,kept,1364,Helpe. | • elpe. | 〈◊〉 [Help]
A14715,PROFIT,kept,436,Profyte. | Profite. | • rofite. | 〈◊〉 [Profit]
A14715,COURAGE,kept,3959,Corage. | • orage. | •• rage. | 〈◊〉 [Courage] | •••• e. [Courage]
A14715,FURTHERANCE,kept,621,Further. | • urther. | ••••• r. [Furtherance] | 〈◊〉 [Furtherance]
A14715,GREEDINESS,kept,1407,Greedines | • reedines | •• eedines | Greedines.
A14715,NEIGHBOR,kept,502,• eighbor. | Neighbor.
A14715,COURTIER,kept,841,Courtyer. | • ourtyer.
A14715,TENANT,kept,352,Tenaunt.
A14715,WANTON,kept,928,Wanton. | 〈◊〉 [Wanton]
A14715,WASTEFUL,kept,960,Wastful. | Wastfull. | • astful.
A14715,DEBTOR,kept,261,Debtor.
A14715,SERGEANT,kept,117,Sergeant.
A14715,CHRISTIANITY,kept,572,•• ristian. | Christian. | • hristian.
A14715,FAITHFUL FEW,kept,1373,• aythfull. | Faythfull. | •• ythfull. | Faythfull | ••• thfull.
A14715,DESPAIR,kept,51,Dispaire.
A14715,AUTHORITY,kept,346,Authori. | Autho. | • uthori. | ••• hour.
A14715,CORRECTION,kept,46,Correcti.
A14715,__crowd__,dropped_short,8,• ro. Fur.
A14846,GOOD COUNSEL,kept,1640,Good cou ̄ sell. | Good counsell | Good counsel. | Good councell
A14846,JUVENTUS,kept,2967,Iuuen tus. | iuue ̄ tus | Iuuen tus | Inune tus. | Iuune tus. | Iuuen tuss.
A14846,KNOWLEDGE,kept,560,"Know ledge, | Know lddge. | Know ledge | Know ledge."
A14846,DEVIL,kept,279,Deuell.
A14846,HYPOCRISY,kept,2661,Hipocry sye | Hipocry cye. | Hipocry sye. | Hipocry sie. | Hipocry sie | Hipocri sie. | Hipocri sye. | Hipocri ▪
A14846,FELLOWSHIP,kept,293,Felow shyp | Fellow shyp. | Felow ship. | Felow ship | Felow shyp.
A14846,ABOMINABLE LIVING,kept,345,abhomi nable li uyng. | abhomi nable ly uing. | abhomy nable. | abbomi nable ly uing. | abbomi nable li uing.
A14846,GOD'S MERCIFUL PROMISES,kept,156,Gods mercy full pro myses.
A14869,ROMELIO,kept,5835,"Rom. | Rom | Ro. | Rom,"
A14869,PROSPERO,kept,263,Prospero. | Pros. | Pro. | Pros | Prosp. | Pras.
A14869,CONTARINO,kept,2365,Con. | Cont. | Con | Cont | Contar. | Centar. | Conta. | Com.
A14869,CONTILUPO,kept,450,Contil. | Contil | Conti.
A14869,LEONORA,kept,2169,Leon. | Leo. | Leo | Leon
A14869,JOLENTA,kept,1442,Jol. | Iol. | Iol | Iolen. | Jolen. | Iolen | Io.
A14869,ERCOLE,kept,1527,Erco. | Erc. | Ercol. | Er. | Erc
A14869,CRISPIANO,kept,1785,Crisp | Crisp. | Cri. | Cris. | Cris | Cr.
A14869,SANITONELLA,kept,1225,San. | San | Sa.
A14869,JULIO,kept,859,Iul. | Iul | Jul. | Iulio | Jul | Iu.
A14869,ARIOSTO,kept,2003,Ari. | Ar. | Ario. | Ario | Ariost. | Ari
A14869,CAPUCHIN,kept,698,Cap. | Capu. | Capu | Cap
A14869,WINIFRED,kept,854,Win. | Win | Wayt. | Wait. | Wai. | Wa.
A14869,ANGIOLELLA,kept,165,Angi. | Angio. | Angi
A14869,1 SURGEON,kept,297,1 Sur. | 1. Sur. | 1. Su.
A14869,2 SURGEON,kept,337,2. Sur. | 2 Sur. | 2. Su | 2. Su.
A14869,SURGEON,kept,199,Sur. | Sur
A14869,1 OFFICER,dropped_short,9,1. Of.
A14869,2 OFFICER,dropped_short,21,2 Of.
A14869,MARSHAL,dropped_short,25,Mar.
A14869,SERVANT,dropped_short,23,Ser.
A14869,HERALD,dropped_short,9,Herauld.
A14869,__crowd__,dropped_short,5,Both. | Combatants.
A14871,THETIS,kept,101,Thetis.
A14871,OCEANUS,kept,270,Oceanus.
A14871,EDWARD III,kept,71,Edward the Third.
A14871,LEARNING,kept,138,The Speech of Learning.
A14871,__crowd__,dropped_short,7,The Kings.
A14872,DELIO,kept,1316,Delio. | Del.
A14872,ANTONIO,kept,3197,Ant. | A • t. | Ant
A14872,BOSOLA,kept,5926,Bos.
A14872,CARIOLA,kept,505,Car. | Cariola. | Carolia. | Car • | Cari.
A14872,FERDINAND,kept,3414,Ferd. | Fer. | Fred. | Ford. | Berd.
A14872,SILVIO,kept,138,Sil.
A14872,CASTRUCCIO,kept,215,Cast.
A14872,RODERIGO,kept,63,Rod.
A14872,CARDINAL,kept,1790,Card.
A14872,GRISOLAN,dropped_short,30,Gris.
A14872,DUCHESS,kept,3950,"Duch. | Duch, | Dutch. | Dutch | Duch"
A14872,OLD LADY,kept,42,Old Lady. | Old La.
A14872,SERVANT,kept,337,Seruant. | Seru. | Ser.
A14872,2 SERVANT,dropped_short,27,2. Seru. | 2. Ser.
A14872,JULIA,kept,916,"Iul. | Iul, | Iu • ."
A14872,1 OFFICER,kept,39,1. Offi.
A14872,2 OFFICER,dropped_short,30,2. Offi.
A14872,3 OFFICER,dropped_short,11,3. Offi.
A14872,4 OFFICER,dropped_short,21,4. Offi.
A14872,MALATESTE,kept,147,Mal.
A14872,PESCARA,kept,443,Pes. | Pesc.
A14872,1 PILGRIM,kept,126,1. Pilg. | 1. Pil.
A14872,2 PILGRIM,kept,87,2. Pilg. | 2. Pil.
A14872,1 MADMAN,kept,78,1. Mad-man. | 1. Mad. | 1.
A14872,2 MADMAN,kept,56,2. Mad. | 2.
A14872,3 MADMAN,kept,81,3. Mad. | 3.
A14872,4 MADMAN,kept,113,4. Mad. | 4.
A14872,EXECUTIONER,dropped_short,12,Ex • c. | Exec.
A14872,DOCTOR,kept,315,Doctor. | Doc. | Doct.
A14872,ECHO,dropped_short,33,Eccho.
A14872,__crowd__,dropped_short,3,Rod. Gris.
A14875,LODOVICO,kept,1788,"LODOVICO. | LODO. | LOD. | LOD: | LOD,"
A14875,ANTONELLI,kept,169,ANTO. | AN. | ANT.
A14875,GASPARO,kept,275,GAS. | GASP.
A14875,BRACHIANO,kept,2523,BRA. | BRAC.
A14875,VITTORIA,kept,2164,VIT. | VITTO.
A14875,FLAMINEO,kept,7968,"FLA. | FLA: | FLAM. | FLAN. | FL. | FLV. | FLO. | FLA,"
A14875,CAMILLO,kept,440,CAM. | CAM: | CAMIL.
A14875,ZANCHE,kept,359,ZAN.
A14875,CORNELIA,kept,995,COR.
A14875,FRANCISCO,kept,3005,FRAN. | FRA. | FRA | MOO. | MOORE.
A14875,ISABELLA,kept,628,ISAB. | ISA.
A14875,GIOVANNI,kept,456,GIO.
A14875,MARCELLO,kept,359,MAR. | MRA.
A14875,MONTICELSO,kept,1949,MONT. | MON.
A14875,DOCTOR,dropped_short,32,DOCT. | DOC.
A14875,CONJUROR,kept,356,CON.
A14875,LAWYER,kept,202,LAVV.
A14875,FRENCH AMBASSADOR,dropped_short,20,FR. EMB. | FRE.
A14875,ENGLISH AMBASSADOR,kept,75,ENG. | ENG. EMB.
A14875,SAVOY AMBASSADOR,dropped_short,4,SAV.
A14875,ARAGON,dropped_short,22,ARRAGON.
A14875,CARDINAL,kept,62,A CAR. | CAR.
A14875,SERVANT,kept,100,SER.
A14875,MATRON,dropped_short,26,MAT.
A14875,HORTENSIO,kept,129,HOR.
A14875,PEDRO,dropped_short,18,PED.
A14875,YOUNG LORD,dropped_short,11,Y. LORD.
A14875,PAGE,dropped_short,5,PAGE.
A14875,ARMORER,dropped_short,5,ARM.
A14875,PHYSICIAN,dropped_short,2,PHYS.
A14875,COURTIER,dropped_short,30,COVR | COVR.
A14875,WOMAN,dropped_short,8,WOM.
A14875,__crowd__,dropped_short,28,OMNES. | OMN. | VIT. & MOO. | BOTH. | ENG. and EMB. | ENG. and E.
A15045.1,PHALLAX,kept,1409,Phal. | PHal. | Phal
A15045.1,PROMOS,kept,1566,PRo. | Pro.
A15045.1,MAYOR,kept,56,Ma. | MAy. | May.
A15045.1,SHERIFF,kept,40,"Shri. | Shriefe,"
A15045.1,LAMIA,kept,1229,"Lamia, a Curtizane, | La. | LA."
A15045.1,ROSKO,kept,1256,"ROſ. | Roſ. | Roſ, | Rosko, | Ro."
A15045.1,CASSANDRA,kept,1795,CAſſ. | Caſſ. | Caſ. | CAſ.
A15045.1,ANDRUGIO,kept,634,AN. | An.
A15045.1,GRIMBALL,kept,698,Gri. | GRi. | Gri | GRym. | Grim. | Grym.
A15045.1,ROWKE,kept,86,Row.
A15045.1,DALIA,kept,407,DA. | Da.
A15045.1,GANIO,kept,42,GA. | Ga.
A15045.1,GAOLER,kept,280,GAy. | Gay.
A15045.1,HANGMAN,kept,66,Han.
A15045.1,RAPAX,kept,118,Ra.
A15045.1,BILLMAN,dropped_short,9,Byl.
A15045.1,BEADLE,dropped_short,14,Be.
A15045.1,POLINA,kept,315,PO.
A15045.1,SERGEANT,dropped_short,13,Serg.
A15045.1,1 HACKSTER,kept,178,HAc. (Firſt Hackſter.)
A15045.1,2 HACKSTER,dropped_short,24,Second. nackster.
A15045.1,WOMAN,dropped_short,30,VVo. (A woman.)
A15045.1,CATCHPOLE,dropped_short,23,Ca. (A ſcoffing catch pole.)
A15045.1,PREACHER,dropped_short,22,Prea. (The prea cher.)
A15045.1,ROGUE,dropped_short,12,Rog. (A poors Roge.)
A15045.1,OFFICER,kept,60,Of. (A chur lish officer.)
A15045.1,BOY,dropped_short,15,Boy.
A15045.1,__crowd__,dropped_short,9,"Al ſpeake,"
A15045.2,POLINA,kept,600,¶ Polina | Poli. | Po. | PO.
A15045.2,ROSKO,kept,483,ROſ. | Roſ. | Ros.
A15045.2,PHALLAX,kept,947,PHal. | Phal. | PHal. (Phallax.)
A15045.2,DOWE,dropped_short,17,Dow.
A15045.2,BEADLE,kept,73,BE. | Be.
A15045.2,KING,kept,1617,KYng. | King. | KIng. | Kin | KIng | Kyng.
A15045.2,CASSANDRA,kept,983,Caſ. | CAſ. (Caſsandra.) | CAſ.
A15045.2,PROMOS,kept,583,PRo. | Pro.
A15045.2,MAYOR,kept,48,MA.
A15045.2,USHER,dropped_short,3,The Kings Gentleman Vsher.
A15045.2,LAMIA,kept,249,LA. | La.
A15045.2,APIO,kept,48,APio. | Apio.
A15045.2,BRUNO,dropped_short,31,Bruno.
A15045.2,1 SINGER,kept,101,Firſt ſings. | First. | Firſt.
A15045.2,2 SINGER,dropped_short,28,Second ſin. | Seconde. | Second.
A15045.2,3 SINGER,dropped_short,21,Third ſin. | Thirde.
A15045.2,4 SINGER,dropped_short,21,Fourth ſin. | Fowrth. | Fowrth
A15045.2,OFFICER,dropped_short,16,OFficer. | Off.
A15045.2,CRIER,kept,217,Cry.
A15045.2,ULRICO,kept,646,VL. | Vl. | VI. | Vlrico.
A15045.2,JOHN ADROYNES,kept,881,JOhn. | Iohn. | Iohn Adroines | Iohn | IOhn. | Clow.
A15045.2,GRIPAX,kept,72,Gri.
A15045.2,RAPAX,kept,110,Ra.
A15045.2,GRESCO,kept,239,Greſco. | Greſ. | GReſ.
A15045.2,ANDRUGIO,kept,1304,AN. | An.
A15045.2,1 BILLMAN,dropped_short,14,Byl. (Firſt Bilm)
A15045.2,2 BILLMAN,dropped_short,3,Byl. (Seco ̄ d Bilm)
A15045.2,3 BILLMAN,dropped_short,10,Byl. (Third Bil.)
A15045.2,BILLMAN,dropped_short,19,BYl. (A Bylma ̄ .)
A15045.2,MARSHAL,kept,81,Mar.
A15045.2,GANIO,kept,44,GA. | Ga.
A15045.2,__crowd__,kept,123,All ſpeake. | All. | Both. | Thes both. | Laſt two. | The laſt two. | The quire all. | The Quyre. | All the company. | Company.
A15045.2,[unresolved] Se.,unresolved_excluded,37,Se.
A15045.2,[unresolved] PI.,unresolved_excluded,14,PI.
A15045.2,[unresolved] Pi.,unresolved_excluded,14,Pi.
A15045.2,[unresolved] Sec.,unresolved_excluded,14,Sec.
A15352,SCARBOROW,kept,4482,"Scar. | Scarb. | Sca. | scar. | sca. | scar | Scar, | scar,"
A15352,ILFORD,kept,4858,"Ilford. | Ilf. | Ilf, | Il. | Ilf"
A15352,WENTLOE,kept,864,Went. | Wen. | went. | Went: | Went | Wentlo. | We. | wont.
A15352,BARTLEY,kept,357,Bart. | Bar. | Bat. | Ba.
A15352,CLOWN,kept,490,Clow. | Clo.
A15352,HARCOP,kept,944,Har. | Hra.
A15352,CLARE,kept,1254,"Clar. | Cla. | Clare, | Cl."
A15352,BUTLER,kept,4498,"But. | But, | Butler. | but. | Bu. | Bue. | But | But: | But ▪"
A15352,LORD FAULCONBRIDGE,kept,824,"Lord. | Lord | Lo. | Lor. | Lo,"
A15352,SIR WILLIAM,kept,341,"S. Will. | S. wil. | sir wil. | S. will. | Syr willi ▪ | Sir wil. | Syr wil. | sir Wil. | sir Will. | Will, | Willi. | willi. | VVill. | will. | sir Wil"
A15352,HUNSDON,dropped_short,26,Hunsd. | Huns.
A15352,BAXTER,dropped_short,33,Bax. | Baxt.
A15352,THOMAS,kept,1471,Tho. | Thom. | Tho | Tho:
A15352,JOHN,kept,1252,Io. | Ioh. | Iohn | Iohn. | Irhn
A15352,KATHERINE,kept,237,Kat. | Ka. | Kath. | Wife. | Ca.
A15352,SISTER,kept,565,Sist. | Sist | sist. | Si.
A15352,DRAWER,kept,154,Drawer | Draw. | Dr.
A15352,SERVANT,kept,63,Ser.
A15352,GRIPE,kept,132,Grip. | Gri.
A15352,BOY,kept,62,Boy.
A15352,DOCTOR,kept,425,Doct. | Doc. | Do.
A15352,CHILD,dropped_short,3,Child.
A15352,__crowd__,kept,45,All. | All | both | Both. | With. But. | Went. Bart. | Brother and sister.
A15352,[unresolved] 1.,unresolved_excluded,13,1.
A15352,[unresolved] 2,unresolved_excluded,8,2
A15352,[unresolved] Man.,unresolved_excluded,3,Man.
A15498,CUPID,kept,691,Cupid.
A15498,GISMUND,kept,3175,"Gismund. | Gis. | Gismund | Gis | Gis, | Cis."
A15498,TANCRED,kept,2835,Tancred. | Tanc. | Tan. | Tancred | T •… . | Tans.
A15498,1 CHORUS,kept,551,Chor. 1. | Chor. 1 | Chorus primus. | Chorus. 1. | Cho. 1. | Ch. 1.
A15498,2 CHORUS,kept,499,Chor. 2 | Chor. 2. | Cho. 2. | Cho 2.
A15498,3 CHORUS,kept,458,Chor. 3 | Chor. 3. | Cho. 3.
A15498,4 CHORUS,kept,421,Chor. 4 | Chor. 4. | Cho. 4. | Ch. 4.
A15498,CHORUS,kept,89,Chor. | Cho.
A15498,LUCRECE,kept,1246,"Luc. | Lucr. | Luc,"
A15498,GUISZARD,kept,1200,Guis. | Guiz.
A15498,RENUCHIO,kept,1612,Renu. | Ren.
A15498,JULIO,kept,572,I •… l. | Iul. | Iu. | Iul | Iu •… .
A15498,[unresolved] 〈◊〉 .,unresolved_excluded,5,〈◊〉 .
A15515,CERES,kept,80,CERES. | Ceres:
A15515,MERCURY,kept,1208,Mercurie: | Mer: | Mer. | Mar: | M • r:
A15515,ZELOTA,kept,250,Zelota: | Ze: | z: | Zel: | Zelot:
A15515,RALPH,kept,2348,Raph: | R: | Ra: | Rap: | Raph | Rahh:
A15515,SATEROS,kept,1260,Sat: | Sat. | Sat; | Sat | S • t: | Sa • : | Sa • ; | Sa: | Soul: | Sould: | Souldier: | Soldier: | Sould | So ▪ | Sou. | Soul.
A15515,CONTEMPT,kept,558,Cont: | Cont. | Contimpt: | Contempt: | Cont; | Con ▪ | Con:
A15515,SCHOLAR,kept,423,Schol: | Scholler: | Scholl: | Sch:
A15515,COURTIER,kept,102,Cour: | Courtier:
A15515,COUNTRY GENTLEMAN,kept,257,Countrie Gentleman: | Countr: | Contr: | Count: | C • unt:
A15515,EMNIUS,kept,508,Emn: | Emnius: | Emnius. | Em:
A15515,THALIA,kept,347,Thalia: | Thal: | Tha:
A15515,CLIO,kept,164,Clio: | Cleo:
A15515,MELPOMENE,kept,199,Melpomine: | Melpom: | Mel: | Melp: | Melpo: | Mil:
A15515,ECHO,dropped_short,17,Eccho: | Eicho:
A15515,CHARON,kept,270,Charon: | Cha: | Ch:
A15515,CODRUS,kept,55,Codr: | Codrus: | Co:
A15515,PORTER,kept,124,Porter: | Por:
A15515,HERALD,kept,174,Her:
A15515,VENUS,kept,930,Venus: | Ven: | Ve.
A15515,MARS,kept,1057,Mars: | Mars. | Ma:
A15515,FOLLY,kept,86,Follie:
A15515,DUKE,kept,781,Duke. | Duke: | Duk: | Du: | Du. | D ;
A15515,RUINA,kept,173,Ru: | Ru. | Ina:
A15515,PRIEST,kept,123,Pri:
A15515,PRISONER,dropped_short,9,Pris.
A15515,MESSENGER,kept,324,Mess: | Messen:
A15515,__crowd__,kept,64,All three: | All: | A small voice: | A great voice: | A voice hastilie: | voice:
A15515,[unresolved] C:,unresolved_excluded,88,C:
A15515,[unresolved] Mal.,unresolved_excluded,37,Mal.
A15515,[unresolved] New:,unresolved_excluded,8,New:
A15516,PEDLER,kept,6064,Pedler. | Ped. | Ped | P.
A15516,MAID,kept,581,Mayd. | Ma.
A15516,MOTHER,kept,451,Mother. | Moth. | Mo.
A15516,FATHER,kept,547,Father. | Fa.
A15516,DAUGHTER,kept,73,Daugh. | D.
A15516,MARINER,kept,969,Mar.
A15516,TRAVELLER,kept,830,Tra.
A15516,ARTIFICER,kept,1108,Arti. | Art.
A15516,LANDLORD,kept,250,Land.
A15516,INTERPRETER,kept,1118,Inter. | Interp. | In.
A15516,JUSTICE,kept,645,Iust.
A15516,JUDGE,kept,306,Iudge. | Iud.
A15516,__crowd__,kept,96,All.
A15517,LONDON,kept,173,London speaketh.
A15517,POLICY,kept,2524,"Pollicie. | Pol. | pol. | pol, | pol: | pol"
A15517,POMP,kept,1225,"Pom. | pom. | pom, | pomp, | Pom"
A15517,PLEASURE,kept,1185,"Plea. | plea. | ple. | plea, | ple, | ple | Ple."
A15517,WIT,kept,818,"Wit. | wit. | VVit. | Wit· | Wit | wit | Wit,"
A15517,WILL,kept,555,"Wil. | VVil. | Wil, | wil. | VVil | W • l."
A15517,WEALTH,kept,461,"Wea. | VVea. | weal. | wea. | weal,"
A15517,SIMPLICITY,kept,4863,"Simp. | Sim. | simp. | sim. | Simp | simp | Sim, | sim, | Simp, | simp, | Simp ▪"
A15517,SIMONY,kept,183,simo. | Simo.
A15517,PENURY,kept,336,Pen. | pen.
A15517,NEMO,kept,1862,"Ne. | Ne,"
A15517,FRAUD,kept,1557,"Frau. | Frau, | Fra."
A15517,USURY,kept,699,"Vsu. | Vsu, | vsurie. | Vsu"
A15517,DISSIMULATION,kept,423,Dis.
A15517,CONSCIENCE,kept,721,"Con. | Con, | Con:"
A15517,LOVE,kept,415,"Loue. | Loue, | loue."
A15517,LUCRE,kept,504,"Lucre. | Luc. | Lucre, | Lu."
A15517,SORROW,kept,83,Sor.
A15517,FALSEHOOD,kept,62,Falsh.
A15517,HONEST INDUSTRY,kept,40,ho. Indust.
A15517,PURE ZEAL,kept,37,P.Zeal.
A15517,SINCERITY,kept,51,Sincer.
A15517,DILIGENCE,kept,598,Dil.
A15517,CONSTABLE,dropped_short,31,"A Constable, | Const, | Const."
A15517,FEALTY,kept,465,"Fea. | Fea: | Feal. | Feal,"
A15517,SHEALTY,kept,549,Shea. | shea. | sheal. | Sheal.
A15517,SPANISH PRIDE,kept,50,S. Pride.
A15517,DESIRE,kept,76,Desire.
A15517,DELIGHT,dropped_short,24,Delight.
A15517,DEVOTION,kept,154,Deuo. | Deuot. | Del.
A15517,[unresolved] D. Dea.,unresolved_excluded,37,D. Dea.
A15519,LOVE,kept,344,Loue.
A15519,CONSCIENCE,kept,1729,Con.
A15519,FAME,kept,61,Fame.
A15519,DISSIMULATION,kept,1658,Dissim. | Dis • im. | Dissim
A15519,SIMPLICITY,kept,3518,simp. | simp | Sim. | Simpl. | Sim • l. | Simp.
A15519,FRAUD,kept,893,Fraud. | Fraud
A15519,USURY,kept,879,Vsurie. | Vsur. | Vsu. | Vsury.
A15519,SIMONY,kept,1135,Sym. | Symo. | sym.
A15519,LUCRE,kept,2375,Luc. | Lucar. | Luc
A15519,MERCADORUS,kept,1173,Merc. | Merca. | M • rca. | Mer. | 〈◊〉 .
A15519,ARTIFEX,kept,322,Art.
A15519,LAWYER,kept,211,Law.
A15519,SINCERITY,kept,713,Sinc. | Sinc | Sincer. | sinc. | 〈◊〉
A15519,HOSPITALITY,kept,226,Hospi. | Hosp. | Hos.
A15519,NEMO,kept,97,Nemo.
A15519,PETER PLEASEMAN,kept,245,Peter.
A15519,GERONTUS,kept,1199,"Geron, | G • ron. | Geron."
A15519,TOM BEGGAR,kept,280,Tom. | Tom
A15519,WILY WILL,kept,155,Will.
A15519,JUDGE,kept,797,Iudge.
A15519,DILIGENCE,kept,247,Dili.
A15519,BEADLE,kept,53,Bedle.
A15519,CLERK,kept,60,Clarke.
A15519,COGGIN,kept,134,Cog.
A15519,__crowd__,dropped_short,12,All.
A15549,PLAYER,dropped_short,7,Play.
A15549,PROLOGUE,kept,606,Prol.
A15549,JUGGLER,kept,161,Iuggler.
A15549,CHURMS,kept,2598,Churms. | Churms ▪ | Churmes. | Chur. | Churms
A15549,GRIPE,kept,1801,Gripe. | Gr.
A15549,PLODALL,kept,623,Ploddall. | P. Ploddall. | Ploddal.
A15549,OLD MAN,dropped_short,30,Old man. | Oldman.
A15549,WILL CRICKET,kept,3340,Will. Cr. | Will. | Wil. | Will. Cric. | Will | VVill. | VVil.
A15549,LELIA,kept,1443,Lelia. | Lelia | Lilea.
A15549,NURSE,kept,1550,"Nurſe. | Nurſe, | Nur."
A15549,SOPHOS,kept,1820,Sophos.
A15549,ROBIN GOODFELLOW,kept,1750,Robin Goodfellow. | Robin. | Rob.
A15549,MOTHER MIDNIGHT,kept,491,Mother M. | Moth. M.
A15549,PEG,kept,554,Pegge. | Peg.
A15549,PETER PLODALL,kept,627,Peter. | Peter
A15549,FORTUNATUS,kept,1997,Fortu. | Fortunatus. | Fort. | Fortunat.
A15549,SYLVANUS,kept,104,Syluanus.
A15549,CLERK,kept,167,Clearke. | Cleark.
A15549,__crowd__,dropped_short,5,Both. | All.
A15549,[unresolved] 〈◊〉,unresolved_excluded,24,〈◊〉
A15676,GRACCUS,kept,1829,Gra. | Grac. | Grae. | Grac: | Gracc. | Gra:
A15676,ACUTUS,kept,3276,Acut. | Acu. | Accut. | Accu. | Acut: | Acut; | Ac. | Acc: | Accu: | Accut: | Acu:
A15676,BOSS,kept,983,Boſſ. | Boſ. | Bo. | Boſſe. | Bos | Bos: | Bos. | Bos;
A15676,GENTLEMAN,kept,54,"Gent. | Gent, | Gent;"
A15676,SERVULUS,kept,404,"Sernu. | Sern. | Seru: | Seru. | Seru, | Serr. | Serr, | Serr: | Ser:"
A15676,BOY,kept,223,Boy. | Boy: | Boy
A15676,SCILICET,kept,1383,"Scil. | Scil: | Scel: | Scillicet: | Scil, | Scil"
A15676,PHILAUTUS,kept,706,"Phy. | Phy: | Phy, | Phi. | Phil:"
A15676,HOSTESS,kept,2253,"Hoſt. | Hoſt: | Hoſtes. | Hoſtes: | Hoſtis | Hoſtis: | Hoſtis. | Hoſtis; | Hoſt; | Hosty. | Hoſtis, | Hoſt, | Host:"
A15676,CITY WIFE,kept,1285,City w: | Citie wi: | City w. | Citty wife. | Citty w. | Cittie w. | Citty wi. | Cittie wife. | Cittie wi: | Citty wife: | Cittie wife: | Cittie w | Citty w: | Cittiy wife. | Cit. w. | Cit. wif. | Cit. w: | Cittie wife | Wife:
A15676,PRENTICE,dropped_short,27,Pren. | Pre.
A15676,LENTULUS,kept,634,Len. | Lent.
A15676,TULLY,kept,764,Tul. | Tull: | Tul: | Tull. | Tully:
A15676,FLAMINIUS,kept,373,Flam.
A15676,FLAVIA,kept,825,Flau: | Fla. | Flau. | Fla: | Fl.
A15676,TERENTIA,kept,705,Teren. | Terent. | Teren: | Ter. | Tere: | Tere. | Ter:
A15676,CICERO,kept,293,Cicero. | Cice.
A15676,CAESAR,kept,379,Caeſ. | Caeſ:
A15676,GETICA,kept,199,Get. | Getica: | Get | Get:
A15676,CORNUTUS,kept,207,Cornu. | Cornu: | Cor. | Corn. | Cor: | Corn:
A15676,FRIAR,kept,158,Fryer.
A15676,CONSTABLE,dropped_short,37,Conſt.
A15676,1 PORTER,dropped_short,13,1 Por:
A15676,2 PORTER,dropped_short,13,2. Por:
A15676,DRAWER,dropped_short,13,Draw.
A15676,__crowd__,dropped_short,32,Omn. | Omnes | Both. | Porters.
A15707,SWORD,kept,414,"Sword. | Sworde. | Sword,"
A15707,RAPIER,kept,460,"Rapier. | Rap. | Rapier,"
A15707,DAGGER,kept,1002,Dagger. | Dag. | Dagg.
A15814,AVARICE,kept,392,Aua. | Coue.
A15814,HOMICIDE,kept,217,Ho. | Hom. | Homi.
A15814,TRUTH,kept,674,Truth. | Tru.
A15814,BEECH,kept,333,Beech. | Be • c • . | Be • ch.
A15814,MERRY,kept,2316,Mer. | M • r. | M • . | Merry sigh.
A15814,RACHEL,kept,1334,Rach. | Rachell. | Rac • . | R • ch. | Ra. | Rach | Ent. Rach.
A15814,WILLIAMS,kept,411,Wil. | VVil. | VVil •
A15814,WINCHESTER,dropped_short,27,VVin.
A15814,PANDINO,kept,331,Pan. | Pand.
A15814,ARMENIA,kept,315,Ar. | A • m.
A15814,FALLERIO,kept,2962,Fall. | Fal. | Fal • . | F • ll. | Fall • | Fal | Fal •
A15814,ALLENSO,kept,2640,Allenso. | Alle. | Allen. | Alen. | Ale • . | Al • n. | Allen • | A • len. | Allen | Al. | Alb.
A15814,SOSTRATA,kept,416,Sostr. | Sost. | Sos.
A15814,PERTILLO,kept,282,Per.
A15814,SCRIVENER,dropped_short,32,Scriue. | Scri.
A15814,1 RUFFIAN,kept,110,1. Ruffin. | 1. Ruff.
A15814,2 RUFFIAN,kept,200,2. Ruff. | 2. Ruff •
A15814,RUFFIAN,dropped_short,22,Ruff.
A15814,1 MURDERER,kept,542,1. Mur. | 1. mur. | 1. mu. | 1. m.
A15814,2 MURDERER,kept,458,2. Mur. | 2. m. | 2. mur. | 2. mu.
A15814,MURDERER,kept,132,Mur. | • . mu.
A15814,DUKE,kept,847,Duke. | Duk • . | Du.
A15814,TURQUALO,kept,72,Tarq. | Tu • q. | Turq •
A15814,VESUVIO,kept,270,Vesu. | V • su. | Vesuu.
A15814,ALBERTO,kept,80,Alber.
A15814,COWLEY,kept,447,Cow. | C • w. | Co.
A15814,1 NEIGHBOR,kept,325,1. | 1. neigh.
A15814,2 NEIGHBOR,kept,353,2. | 2 | 2. neigh. | 2 • neigh.
A15814,3 NEIGHBOR,kept,471,3. | 3. Neig. | 3. neigh.
A15814,NEIGHBOR,kept,250,Neigh. | Nei.
A15814,1 WATCHMAN,kept,71,1. VVat. | 1. wat.
A15814,2 WATCHMAN,kept,40,2. Wat. | 2. wat.
A15814,3 WATCHMAN,kept,49,3. wat.
A15814,GENTLEMAN,kept,302,Gen. | Gent. | G • nt.
A15814,LONEY,kept,283,Loney sleeping. | Lo. | Lo •• y. | Lon.
A15814,MAID,kept,75,Maid. | Mai. | Ma.
A15814,SALTER,kept,64,Sal. | Salt.
A15814,1 HOUSEKEEPER,dropped_short,10,1. housekeeper •
A15814,2 HOUSEKEEPER,dropped_short,8,2. house.
A15814,WOMAN,dropped_short,8,Ent. wom.
A15814,CONSTABLE,kept,252,Con.
A15814,OFFICER,kept,68,Officer. | Offi.
A15814,__crowd__,kept,37,Both. | Nei. Beech. | Pan. Ar.
A15873,FALLACY,kept,3270,Fallacy. | Fal. | Fall.
A15873,AMBIGUITY,kept,2622,Amb. | Ambig. | Ambi. | Ambigu.
A15873,DISCOURSE,kept,1487,Disc. | Dis.
A15873,TOPICUS,kept,412,Top. | Topi. | Topicus. | Topic.
A15873,DEMONSTRATION,kept,337,Demon. | Demo. | Dem.
A15873,INTELLIGENCE,kept,168,Intel. | Int. | Intell.
A15873,INVENTION,kept,492,Invent. | Inven. | Inv.
A15873,JUDICIUM,kept,960,Iudic. | Iud. | Jud.
A15873,AMICO,dropped_short,35,Amico.
A15873,DISTINCTION,kept,1334,Dist. | Distin. | Distinct. | Distinc.
A15873,DEFINITION,kept,667,Defi. | Defin.
A15873,DIVISION,kept,379,Divis. | Divi. | Div.
A15873,DESCRIPTION,kept,454,Descr. | Desc. | Des. | Descrip.
A15873,OPPOSITION,kept,957,Opp. | Oppo. | Oppos.
A15873,PROPOSITION,kept,360,Prop. | Propo. | Pro.
A15873,CONTRADICTION,kept,260,Contra. | Cont. | Con.
A15873,IGNORANCE,kept,431,Ignor. | Ign. | Ig. | Ignor Elen. | Ing.
A15873,REDUCTION,kept,61,Reduc. | Red.
A15873,CONVERSION,kept,342,Conv.
A15873,AEQUIPOLLENCY,kept,259,Aequip. | Aequi. | Equip.
A15873,ANALYSIS,kept,183,Anal.
A15873,CONCLUSION,dropped_short,9,Conc.
A15873,[unresolved] 〈◊〉 .,unresolved_excluded,57,〈◊〉 .
A15979,JUSTICE,kept,359,Iustice
A15979,INJURY,kept,1569,Iniuri. | Iniury | Iniuri:
A15979,ALBION,kept,152,Albion.
A15979,DIVISION,kept,879,Diuisy on | diuisio ̄ . | Diuisy on.
A16527.1,SOLON,kept,3205,SOLON. | Sol.
A16527.1,AESOP,kept,803,Aeſop.
A16527.1,CROESUS,kept,4955,Croe. | Craeſ. | Croeſ. | Croeſus.
A16527.1,ADRASTUS,kept,2278,Adraſ. | Adra. | Adraſt. | Adrast.
A16527.1,MYSIAN,kept,304,Cor.
A16527.1,ATYS,kept,570,Atis.
A16527.1,CAELIA,kept,1406,Caelia.
A16527.1,SANDANIS,kept,675,San. | Sand.
A16527.1,HARPAGUS,kept,1578,Har. | Harpa.
A16527.1,CYRUS,kept,925,Cyr.
A16527.1,NUNTIUS,kept,2058,Nun.
A16527.1,CHORUS,kept,482,Chorus. | Chor. | Cho.
A16527.2,DARIUS,kept,3586,DARIVS. | Dar.
A16527.2,PARMENIO,kept,1389,Parm. | Parm | Par. | Pa.
A16527.2,ALEXANDER,kept,1403,Alex. | Al.
A16527.2,STATIRA REGINA,kept,1212,Stat. Reg. | St. Reg. | Sta. Reg.
A16527.2,STATIRA VIRGO,kept,123,Sta. Virg. | Stat. Virg. | St. Virg. | St. Vir.
A16527.2,SISIGAMBIS,kept,1037,Siſ. | Siſi.
A16527.2,HEPHESTION,kept,477,Hep. | He.
A16527.2,BESSUS,kept,691,Beſ. | Boſ.
A16527.2,NABARZANES,kept,844,Na.
A16527.2,TIRIOTES,kept,604,Tir. | Ti.
A16527.2,ARTABAZUS,kept,269,Art.
A16527.2,POLYSTRATUS,kept,795,Po. | Pol.
A16527.2,NUNTIUS,kept,1267,Nun.
A16527.2,CHORUS,kept,56,Cho. | Chor.
A16527.3,GHOST OF ALEXANDER,kept,2021,The Ghoſt of Alexander the Great.
A16527.3,EUMENES,kept,3466,"Eum. | Eu. | Eume. | Eum,"
A16527.3,PTOLEMY,kept,936,Ptol.
A16527.3,MELEAGER,kept,454,Meleag. | Me.
A16527.3,PERDICCAS,kept,1337,Perd. | Perdi. | Per. | Pe.
A16527.3,ANTIGONUS,kept,865,Ant. | An. | Antig.
A16527.3,SELEUCUS,kept,2292,Sel. | Seleue. | Seleuc.
A16527.3,LYSIMACHUS,kept,1849,Liſ | Lyſim. | Lyſi. | Liſim. | Liſi. | Liſ. | Lyſ.
A16527.3,ROXANE,kept,1305,Rox.
A16527.3,OLYMPIAS,kept,2010,Olym. | Olimp. | Olimpias
A16527.3,CASSANDER,kept,1578,Caſſ. | Caſs. | Caſ.
A16527.3,PHOCION,kept,1122,Phoc. | Pho. | Ph.
A16527.3,ARIDAEUS,kept,1070,Ari. | Ariſt.
A16527.3,PHILASTRUS,kept,339,Phil. | Phi.
A16527.3,CHORUS,kept,448,Cho. | Ch. | Chor.
A16527.3,NUNTIUS,kept,1153,Nun. | Nu.
A16527.4,JUNO,kept,1895,Iuno.
A16527.4,ANTONY,kept,1342,Ant. | Anto. | An. | Anton.
A16527.4,CAESAR,kept,3809,Caeſar. | Caeſar | Caeſ. | Caeſ
A16527.4,DECIUS BRUTUS,kept,1287,Dec. | D. Bru. | D. Br. | D. Brut. | Decius.
A16527.4,CICERO,kept,1909,Ci. | Cic. | Cicer.
A16527.4,MARCUS BRUTUS,kept,3118,Marc. Brut. | Brut. | Bru. | M. Bru. | M. Br. | M. Brut.
A16527.4,CASSIUS,kept,2613,Ca Caſſ. | Caſſ. | Caſs. | C. Caſs. | C. Caſſ. | C Caſs.
A16527.4,PORTIA,kept,1127,Port. | Por.
A16527.4,CALPHURNIA,kept,1352,Cal. | Calp. | Calph.
A16527.4,CHORUS,kept,968,Chor. | Cho.
A16527.4,NUNTIUS,kept,1040,Nun. | Nu.
A16564.1,SOLON,kept,3244,Solon.
A16564.1,AESOP,kept,782,Aeſope. | Aeſope
A16564.1,CROESUS,kept,4611,"Croe. | ""Croe. | Croe | Croeſus."
A16564.1,ADRASTUS,kept,2309,Adraſt. | Adrast.
A16564.1,ATYS,kept,570,Atis.
A16564.1,CAELIA,kept,1420,Coelia.
A16564.1,SANDANIS,kept,690,"San. | San | ""San. | "" San."
A16564.1,HARPAGUS,kept,1646,Harp.
A16564.1,CYRUS,kept,954,Cyrus. | Cyr. | Cry.
A16564.1,NUNTIUS,kept,2063,Nunt.
A16564.1,CHORUS,kept,812,"Cho. | Chor. | ""Cho."
A16564.2,DARIUS,kept,2331,Darius. | Dar.
A16564.2,PARMENIO,kept,1460,Parm. | Par. | Pa.
A16564.2,ALEXANDER,kept,1412,Alex.
A16564.2,STATIRA REGINA,kept,1201,Sta. Reg. | Stat. Reg.
A16564.2,STATIRA VIRGO,kept,124,Stat. Vir.
A16564.2,SISIGAMBIS,kept,995,Siſ. | Sis.
A16564.2,HEPHESTION,kept,390,Hep.
A16564.2,NABARZANES,kept,856,Nar.
A16564.2,BESSUS,kept,583,Beſ.
A16564.2,TIRIOTES,kept,576,Tir.
A16564.2,ARTABAZUS,kept,278,Art.
A16564.2,POLYSTRATUS,kept,812,Po. | Poll.
A16564.2,NUNTIUS,kept,1271,Nun.
A16564.2,CHORUS,kept,57,"Cho. | ""Cho."
A16564.3,GHOST OF ALEXANDER,kept,2037,The Ghoſt of ALEXANDER the Great.
A16564.3,ANTIGONUS,kept,1005,"Anti. | Ant. | ""Anti. | ""Ant."
A16564.3,PTOLEMY,kept,987,Ptol.
A16564.3,EUMENES,kept,3508,"Eum. | ""Eum."
A16564.3,MELEAGER,kept,469,Meleag. | Me.
A16564.3,PERDICCAS,kept,1282,Perd. | Per.
A16564.3,SELEUCUS,kept,2325,Sel. | Seleu.
A16564.3,LYSIMACHUS,kept,1872,Lyſi. | Lyſim. | Lyſ.
A16564.3,ROXANE,kept,1323,Rox.
A16564.3,OLYMPIAS,kept,2044,Olymp. | Olym. | Olympias
A16564.3,CASSANDER,kept,1625,Caſſ.
A16564.3,PHOCION,kept,1115,Pho. | Phoc.
A16564.3,ARIDAEUS,kept,1088,Ar.
A16564.3,PHILASTRUS,kept,347,Phil.
A16564.3,NUNTIUS,kept,1298,"Nun. | Nuntius, Philaſtrus, Chorus."
A16564.3,CHORUS,kept,464,Cho.
A16564.4,ANTONY,kept,1346,Ant.
A16564.4,CAESAR,kept,3882,Caeſ. | Caeſar
A16564.4,DECIUS BRUTUS,kept,1309,Dec. | Dec. Brut.
A16564.4,CICERO,kept,1946,Cic.
A16564.4,MARCUS BRUTUS,kept,3340,"Marc. Brut. | Brut. | Brut, | Mar. Brut. | Mar. Bru."
A16564.4,CASSIUS,kept,2417,Ca. Caſsius. | Caſſ. | Caſ. | Ca. Caſſ. | Cai. Caſſ. | Cai. Caſ.
A16564.4,PORTIA,kept,1131,Port. | Por.
A16564.4,CALPHURNIA,kept,1368,Cal.
A16564.4,CHORUS,kept,979,Chor. | Cho.
A16564.4,NUNTIUS,kept,1052,Nun.
A16900,CHALLENER,kept,890,Chal. | Chal | Cham. | Cham | Cha. | cha.
A16900,VALLENGER,kept,1381,"Val. | val. | va. | v • . | val, | Va. | va | va,"
A16900,GODFREY,kept,1086,God. | god. | God
A16900,ANNABELLE,kept,836,Ana | Ana. | ana.
A16900,MESSENGER,dropped_short,18,Meſ.
A16900,WOMAN,dropped_short,41,Wom. | Wem.
A16900,SENTLOE,kept,577,Sent. | sen • . | sent.
A16900,BLUNT,kept,677,Blu. | Blunt. | Blu • t. | B u •• . | Blu | Blo.
A16900,FLORENCE,kept,1037,Flo. | flo. | fl • . | Flo
A16900,FROG,kept,483,Frog. | frog.
A16900,EUSTACE,kept,539,"Euſt. | Eu. | euſt. | Euſt | euſt,"
A16900,DOCTOR,kept,494,Doct. | doct.
A16900,DOUCE,kept,83,Douce. | Dous. | D • u • . | Dowce. | dou • .
A16900,MOTHER,kept,122,Mo. | Moth.
A16900,CONSTABLE,kept,86,Con.
A16900,HARBART,kept,245,Harb. | Har.
A16900,KING,kept,702,King. | Kin. | king. | King
A16900,KEEPER,dropped_short,18,keep. | Keep.
A16900,[unresolved] Ia.,unresolved_excluded,44,Ia.
A16923,JOYLESS,kept,1827,"Ioy. | Ioy | Ioy, | Joy."
A16923,BLAZE,kept,1284,Bla. | Blaz.
A16923,DOCTOR,kept,2406,Doct. | Doct | Doct:
A16923,BARBARA,kept,1329,"Bar. | Bar,"
A16923,MARTHA,kept,603,Mar.
A16923,LETOY,kept,4158,Let. | Let
A16923,PEREGRINE,kept,1210,Per. | Per:
A16923,DIANA,kept,2101,Dia. | Dia
A16923,QUAILPIPE,kept,311,Qua. | Quai. | Chap.
A16923,BYPLAY,kept,2120,Bip. | By. | Byp. | Bypt. | Byp:
A16923,GENTLEMAN,kept,526,Gent.
A16923,1 SERVANT,dropped_short,4,1 Ser.
A16923,2 SERVANT,kept,51,2 Ser. | 2.
A16923,SERVANT,kept,68,Ser. | Re.
A16923,LADY,kept,229,La. | La
A16923,WOMAN,kept,149,Wom.
A16923,1 WOMAN,dropped_short,22,1 Wom.
A16923,2 WOMAN,dropped_short,40,2 Wom.
A16923,3 WOMAN,dropped_short,8,3 Wom.
A16923,1 OLD MAN,dropped_short,6,1 Old.
A16923,2 OLD MAN,dropped_short,8,2 Old.
A16923,3 OLD MAN,dropped_short,9,3 Old.
A16923,OLD MAN,kept,159,Old.
A16923,LAWYER,kept,497,Law. | Law
A16923,POET,kept,274,Poet.
A16923,CAPTAIN,kept,223,Cap. | Capt.
A16923,BUFF WOMAN,kept,90,Buff.
A16923,BEGGAR,kept,146,Beg.
A16923,GALLANT,kept,180,Gal.
A16923,OFFICER,dropped_short,2,Off.
A16923,SWORDMAN,dropped_short,28,Sword.
A16923,CITIZEN,kept,244,Cit.
A16923,MAID,kept,238,Maid. | Mayd.
A16923,CONSTABLE,kept,85,Con.
A16923,WATCHMAN,kept,137,Watch. | Wat. | Wat: | Wat ▪
A16923,MAN-SCOLD,kept,141,Mansc.
A16923,1 COURTIER,kept,192,1 Cour.
A16923,2 COURTIER,kept,44,2 Cour.
A16923,3 COURTIER,kept,82,3 Cour.
A16923,CARMAN,kept,138,Car.
A16923,SEDANMAN,kept,123,Sed.
A16923,PROJECTOR,kept,296,Pro. | Pro:
A16923,BALLAD-SELLER,dropped_short,4,Bal:
A16923,TRUELOCK,kept,128,True. | Tru.
A16923,__crowd__,dropped_short,19,All. 3. | Omnes.
A16924,TRIDEWELL,kept,3175,Tri. | Tri | Trid. | Tr • . | T • i.
A16924,LUCKLESS,kept,1899,Luc | Luc. | Lu. | Lu • .
A16924,ANVILE,kept,2166,An. | Anv. | A • . | A • l.
A16924,WIDGINE,kept,3365,Wid. | VVid. | Wid ▪ | Widg. | Wid
A16924,PATE,kept,1497,Pa. | Pate. | Pat. | Pa
A16924,TRAINWELL,kept,2292,Tra. | T • a. | Tra | Tray.
A16924,BEAVIS,kept,1156,Be. | Bea. | B • a.
A16924,FITCHOW,kept,2862,Fit. | Fitc. | Fir. | Fit
A16924,HOWDEE,kept,1640,Ho. | How. | Ho • .
A16924,MAID,dropped_short,18,May. | Ma.
A16924,CONSTANCE,kept,1435,Con | Con.
A16924,SQUELCH,kept,3771,Squ. | Sq • . | • qu. | Squ | S • u.
A16924,BULLFINCH,kept,839,Bul. | Bu •• . | Bull. | Bull
A16924,NONSENSE,kept,554,Non. | N •• . | Nons. | N • n.
A16924,VEXHEM,kept,353,Vex.
A16924,HOLDUP,kept,1197,Hold. | Hol. | Hel.
A16924,CLERK,kept,149,Cl • . | Cle.
A16924,SERVANT,kept,55,Clea.
A16924,__crowd__,kept,70,All. | How. Wid. Bull. Anv. | Tri. Tra. | Omnes.
A16924,[unresolved] Hum.,unresolved_excluded,17,Hum.
A16924,[unresolved] S • n.,unresolved_excluded,7,S • n.
A17029,ANGLER,dropped_short,6,Ang.
A17029,NETTER,kept,293,Net.
A17460,LANDOFF,kept,1717,"Land. | Lan. | Lan,"
A17460,BERNARD,kept,1473,Ber. | Bern.
A17460,DORIGENE,kept,2977,Dor. | Dori.
A17460,DORILUS,kept,1742,Doril.
A17460,JULIA,kept,1925,"Iul. | Iulia. | Iuli. | Iule | Iul, | Iul"
A17460,FREDERICK,kept,3048,"Fre. | Fred. | Frede. | Fre, | •… re."
A17460,RAYMOND,kept,2742,"Ray. | Ray,"
A17460,SMIRK,kept,2827,"Smirke. | Smi. | Smir. | Smirke | Smirk. | Smir, | Smi, | Smi"
A17460,FERDINAND,kept,879,Ferd. | Fer.
A17460,RANOFF,kept,1295,Ran. | Ranoff. | Ranof.
A17460,CALLOW,kept,987,Call. | Cal.
A17460,CORNELIUS,kept,563,Cor.
A17460,DUKE,kept,2594,Duke. | Duk. | Duke | Du. | Duck.
A17460,LODWICK,kept,312,Lod.
A17460,MESSENGER,dropped_short,20,Mess.
A17460,HOST,kept,123,Host.
A17460,DRAWER,dropped_short,35,Drawer.
A17460,LADY,kept,47,Lady.
A17460,SPIRIT,kept,70,Spi. | Spir. | Spirit
A17460,JUDGE,dropped_short,12,Iudge.
A17460,1 JUDGE,dropped_short,20,1 Iudg. | 1. Iudg.
A17460,2 JUDGE,dropped_short,13,2 Iudg.
A17460,CLERK,kept,138,Clarke.
A17460,CAROLUS,kept,294,Caro. | Car. | Caro
A17460,DOCTOR,kept,78,Doct.
A17460,ATTENDANT,dropped_short,20,Attend. | Att.
A17460,GUIDO,kept,81,Guido
A17460,PEDRO,dropped_short,26,Pedro.
A17460,GROOM,kept,67,Groome. | Groome | Groo.
A17460,ENVY,dropped_short,17,Enuie.
A17460,PLEASURE,dropped_short,16,Plea.
A17460,PAGE,kept,62,Page
A17460,__crowd__,kept,38,All | All. | Groomes. | Bishops.
A17460,[unresolved] Roy.,unresolved_excluded,29,Roy.
A17460,[unresolved] Bar.,unresolved_excluded,7,Bar.
A17871,FLORA,kept,166,Flora | Flora. | Flor. | Flo.
A17871,ZEPHYRUS,kept,214,Zeph. | Zep. | Ze.
A17871,NIGHT,kept,1309,Night | Night. | N.
A17871,HESPERUS,kept,294,Hesp. | Hesp | Hesperus
A17871,CANTUS,kept,48,Can.
A17871,TENOR,dropped_short,31,Ten.
A17871,BASSUS,dropped_short,28,Bas.
A17871,SILVAN,dropped_short,22,Sil. | Sil
A17871,HOUR,kept,47,Howre | How.
A17871,1 SINGER,kept,39,1
A17871,2 SINGER,kept,35,2
A17871,CHORUS,kept,34,Cho. | Chorus. | Chorus
A17871,__crowd__,dropped_short,14,Ten: Siluan. | Bas. Howre.
A17879.1,CYNIC,kept,302,Cynick | Cyn. | Cynick.
A17879.1,TRAVELLER,kept,474,Trauell. | Trau. | Traueller.
A17879.1,KEEPER,kept,78,Keeper.
A17879.1,GARDENER,kept,488,Gard. | Gardiner. | GARDINER.
A17879.1,SILVANUS,kept,107,SILVANVS.
A17879.2,ORPHEUS,kept,869,ORPHEVS. | Orpheus. | Orph. | Orp.
A17879.2,MANIA,kept,95,Mania.
A17879.2,ENTHEUS,kept,349,Enth. | Entheus. | Eutheus.
A17879.2,PROMETHEUS,kept,239,Prom. | Prometh. | Pro. | Promet.
A17879.2,CHORUS,kept,87,CHORVS.
A17879.2,SIBYL,kept,163,SIB. | Syb.
A17961.1,MERCURY,kept,2001,Mercury. | Merc. | Merc:
A17961.1,MOMUS,kept,3375,Mom •… . | Mom.
A17961.1,PLUTUS,kept,467,Plut.
A17961.1,POVERTY,kept,298,P •… v.
A17961.1,FORTUNE,kept,310,Fort.
A17961.1,PLEASURE,kept,360,Hedone. | Plea.
A17968,LYSANDER,kept,4911,Lyſ. | Lyſan.
A17968,MARIANA,kept,752,"Mariana. | Mari. | Mar. | Mari, | Ma."
A17968,KING,kept,2380,King. | Kin. | Ki.
A17968,DUKE,kept,4491,Duke. | Du. | Duke | Duk.
A17968,UTRANTE,kept,507,Ʋ tran. | Vtran.
A17968,IACOMO,kept,2302,Iaco. | Iacom. | Iac. | Iaſ.
A17968,CLARINDA,kept,4089,Clar. | Cla. | Cl. | Clarin.
A17968,BERNARDO,kept,379,Ber.
A17968,CLEONARDA,kept,3788,Cleo. | Cle. | Cleo
A17968,GERARD,kept,119,Ger.
A17968,HERMIT,kept,1713,Her. | Enter Hermit.
A17968,1 SERVANT,kept,70,1.
A17968,2 SERVANT,kept,80,2.
A17968,HUNTSMAN,dropped_short,10,Huntſ.
A17968,SERVANT,kept,83,Seru. | Ser.
A17968,EXECUTIONER,dropped_short,7,Exec.
A17968,PRIEST,dropped_short,21,Prieſt.
A17968,MESSENGER,dropped_short,13,Meſ.
A17968,__crowd__,kept,84,"Clar. Lyſander, | Lyſ. Cleo."
A17968,[unresolved] Fran.,unresolved_excluded,2,Fran.
A18083,MOLOPS,kept,751,Mol | Mol.
A18083,PHILOTAS,kept,794,Phil.
A18083,STRATOCLES,kept,618,Stra. | Str. | Strat.
A18083,LEOCRATES,kept,546,Leoc. | Leocr. | Leoc
A18083,ARCHIPPUS,kept,414,Archip. | Arch. | Arch ▪
A18083,ARSAMNES,kept,1513,Arsam. | Ars.
A18083,CRATANDER,kept,3763,Crat. | Cra. | Crat
A18083,PRAXASPES,kept,539,Prax.
A18083,HYDARNES,kept,275,Hyd.
A18083,MASISTES,kept,505,Masist. | Mas.
A18083,ORONTES,kept,143,Oron.
A18083,ATOSSA,kept,1576,Atos.
A18083,MANDANE,kept,305,Mand. | Mand ▪
A18083,ARIENE,kept,231,Arie.
A18083,PHOCION,kept,416,Pho.
A18083,HIPPIAS,kept,168,Hip ▪ | Hip.
A18083,CHORUS,kept,88,Cho: | Cho.
A18083,SERVANT,dropped_short,16,Serv.
A18083,MESSENGER,dropped_short,31,Mess.
A18083,SOLDIER,dropped_short,5,Sould.
A18083,1 PRIEST,kept,88,I. Priest. | i. Priest. | 1. Priest.
A18083,2 PRIEST,kept,71,2. Priest.
A18083,__crowd__,dropped_short,31,Omnes. | Omn. | Pho. Hip. | Slaves within.
A18083,[unresolved] Thil.,unresolved_excluded,16,Thil.
A18331,CALISTO,kept,13866,CAlisto. | Calisto. | Calist. | Cal. | C Alisto.
A18331,MELIBEA,kept,10394,Melib. | Melib • a. | Melibea. | M Elibea. | Melibea | Mel.
A18331,SEMPRONIO,kept,11314,Sempronio. | Sempr. | Semp. | S Empronio. | Sempro. | Sem. | Sempronino. | Sempr • nio.
A18331,CELESTINA,kept,30312,Celestina. | Celest. | Celestina | C Elestina. | Cel. | Celest | Celesti • a. | Celesti. | Celestin.
A18331,ELICIA,kept,4745,Elicia. | E Licia.
A18331,PARMENO,kept,10283,Parme. | Parmo. | Par. | Parm. | Parmeno. | P Armeno.
A18331,CRITO,dropped_short,9,Crite.
A18331,LUCRECIA,kept,1822,Lucrecia. | Lurcecia. | Lucre.
A18331,ALISA,kept,1167,Alisa. | A Lisa.
A18331,AREUSA,kept,5245,Areusa.
A18331,PLEBERIO,kept,3842,Pleberio. | P Leberio.
A18331,TRISTAN,kept,1527,Tristan.
A18331,SOSIA,kept,1984,Sosia. | S Osia.
A18331,CENTURIO,kept,1541,Centurio. | Cent.
A18331,__crowd__,kept,40,Melibea and Lucrecia.
A18331,[unresolved] 〈◊〉 .,unresolved_excluded,33,〈◊〉 .
A18400,RINALDO,kept,3492,Ryn. | Ry. | Rin. | Ri • . | Rinal. | Rein. | Rinaldo solus. | Ri • al.
A18400,FORTUNIO,kept,445,For. | Fort. | Fortunio.
A18400,VALERIO,kept,4290,Val. | Ual. | Vale. | Uall. | Vall. | V • l. | Ualerio.
A18400,GOSTANZO,kept,4202,"Gost. | Gost,"
A18400,MARC ANTONIO,kept,1110,Mar. | M • r. | Marc. | Marc-Ant. | Marc. An. | Mar Ant.
A18400,GAZETTA,kept,412,Gaze. | Gaz. | Gazet.
A18400,BELLANORA,kept,185,Bell.
A18400,CORNELIO,kept,2350,Cor. | Cornelio. | Cor • lio. | Corn. | Corn • lio.
A18400,GRATIANA,kept,116,Gra. | Grat.
A18400,PAGE,kept,926,Page. | Pag.
A18400,DARIOTTO,kept,757,Dar. | Dari. | Dario. | Da • iot. | Dariot.
A18400,CLAUDIO,kept,261,Clau. | Cl • u.
A18400,POCK,kept,263,Poc. | Foc. | Pock.
A18400,NOTARY,kept,369,Not. | Notary. | Nota. | Not • .
A18400,DRAWER,dropped_short,10,Drawer.
A18400,__crowd__,dropped_short,29,Omn. | O • n. | Omnes. | Om.
A18400,[unresolved] 〈◊〉 .,unresolved_excluded,29,〈◊〉 .
A18400,[unresolved] • ll.,unresolved_excluded,12,• ll.
A18400,[unresolved] G • ll.,unresolved_excluded,8,G • ll.
A18402,AEGIALE,kept,1183,Aegiale. | Aegi. | Aeg •… . | Aegi | Ae. | Aeg •… le. | Ac. | A •… gi.
A18402,PEGO,kept,601,"Pego. | `Pe. | Pe. | P •… go. | Peg •… . | Pe,"
A18402,IRUS,kept,6018,Irus. | Jrus. | Irus | Ir. | I •… us. | Count. | Co. | Count | C •… unt. | C •… . | Cou. | Connt. | Cou •… t. | Leon.. | Le. | Leon. | L •… . | L •… on. | Co •… | C •… t. | Leon | Clean. | C •… an. | Cle. | •… lean | •… lean. | C •… | Cl •… . | 〈◊〉 . [Irus]
A18402,ELIMINE,kept,1358,Eli. | El •… . | Eli | Fl. | El. | 〈◊〉 | 〈◊〉 . [Elimine]
A18402,MENIPPUS,kept,142,Mem. | Me.
A18402,PSAMATHIS,kept,1147,Sa. | S •… . | Sama.
A18402,DRUSO,kept,71,Dru. | Druso.
A18402,MARTIA,kept,344,"Mar. | Ma. | Mar,"
A18402,PORUS,kept,255,Po. | Porus. | P •… . | Po ▪ | Po
A18402,BRAGADINO,kept,431,Bra. | Br. | Brag. | B •… ag.
A18402,HERALD,kept,51,He.
A18402,CLEARCHUS,kept,66,Clear. | Cl.
A18402,1 LORD,dropped_short,7,•… Lo.
A18402,2 LORD,dropped_short,15,2. Lord.
A18402,JAQUINE,kept,66,Iaquine. | Ia.
A18402,PTOLEMY,kept,756,Pto. | Ptolo.
A18402,DORICLES,kept,85,Do. | D •… .
A18402,ANTISTENES,kept,146,An.
A18402,EURIBATES,kept,131,Gen. | Eu. | Euri. | Euge.
A18402,1 GUARD,kept,58,1. Gard. | 1. Ga.
A18402,2 GUARD,dropped_short,7,2. Gard.
A18402,RHESUS,kept,112,Rhe.
A18402,BION,kept,89,Bion. | Bi.
A18402,BEBRYCIUS,kept,127,Be. | Bebri. | Be ▪
A18402,ASPATIA,kept,158,As. | Aspa.
A18402,IANTHE,dropped_short,29,〈◊〉 . [Ianthe]
A18402,__crowd__,dropped_short,7,Ambo.
A18403,BUSSY,kept,4863,Buss. | D'Amb. | D' Amb. | Buc. | Bus. | D' Am.
A18403,MONSIEUR,kept,3375,Mons. | Mon.
A18403,MAFFE,kept,360,Maff.
A18403,HENRY,kept,1182,Henr. | Hen.
A18403,GUISE,kept,458,Guis. | Gui.
A18403,MONTSOREAU,kept,2243,Mont.
A18403,ELEANOR,kept,47,Duch. | Ely.
A18403,TAMYRA,kept,3129,Tam. | Tamy. | Ta. | Count.
A18403,BEAUPRE,kept,55,Beaup. | Be.
A18403,BARRISOR,kept,209,Bar.
A18403,L'ANOU,kept,142,L' An. | L'An. | L' An | L An.
A18403,PYRRHOT,kept,67,Pyr. | Pry.
A18403,BRISAC,dropped_short,31,Bris.
A18403,MELYNELL,dropped_short,23,Mely.
A18403,MESSENGER,kept,809,Nun.
A18403,BEAUMOND,kept,42,Beau.
A18403,PERO,kept,444,Per. | Pero.
A18403,COMOLET,kept,1353,Com. | Commolet. | Vmb.
A18403,ANNABEL,kept,43,An.
A18403,CHARLOTTE,kept,58,Char.
A18403,BEHEMOTH,kept,343,Beh. | Sp.
A18403,CARTOPHYLAX,dropped_short,29,Car. | Cart.
A18403,PAGE,dropped_short,4,Pa.
A18403,1 MURDERER,dropped_short,8,1.
A18403,__crowd__,dropped_short,4,Omn.
A18403,[unresolved] Pre.,unresolved_excluded,11,Pre.
A18404.1,SAVOY,kept,3176,Sau. | Sauoy. | Sau:
A18404.1,RONCAS,kept,500,Ro • . | Ron.
A18404.1,ROCHETTE,kept,137,Roch.
A18404.1,BRETON,kept,79,Bret. | Bret
A18404.1,HENRY,kept,2494,Hen. | Henr. | Hen:
A18404.1,LA FIN,kept,1436,Laf. | Laffi. | Laff. | Laff
A18404.1,ROISEAU,kept,304,Rois. | Ruis.
A18404.1,PICOTE,kept,498,Pic. | Py.
A18404.1,BIRON,kept,4731,Byr. | Bir. | Byr: | Bry • n:
A18404.1,BELIEVRE,kept,75,Bel. | Bel
A18404.1,BRULART,kept,34,Bru.
A18404.1,D'AUMALE,kept,224,D'Aum. | D'Au.
A18404.1,ALBERT,kept,170,Alb. | Alber.
A18404.1,MANSFELD,kept,75,Mans.
A18404.1,ORANGE,dropped_short,24,Or. | Ore.
A18404.1,NEMOURS,dropped_short,6,Nem.
A18404.1,SOISSONS,dropped_short,8,Sois.
A18404.1,LA BROSSE,kept,171,Labross.
A18404.1,CREQUI,kept,1694,Cre.
A18404.1,D'AVERGNE,kept,117,D' Au. | D'Au: | D'Auer.
A18404.1,D'AUMONT,dropped_short,7,D' Aum.
A18404.1,EPERNON,kept,213,Esp: | Esp.
A18404.1,1 LADY,kept,82,1. | 1
A18404.1,2 LADY,kept,88,"2. | 2, | 2"
A18404.1,3 LADY,dropped_short,33,3 | 3.
A18404.2,HENRY,kept,3676,Hen. | Hen: | Hen
A18404.2,JANIN,kept,874,"Iani. | Ian: | Ian. | Ianin. | Ianin: | Ian,"
A18404.2,VIDAME,kept,126,Vid. | Vid:
A18404.2,EPERNON,kept,657,Esp. | Espa. | Esp:
A18404.2,BIRON,kept,8235,Byr. | Byr: | By • : | Byron: | 2. | 3. | 4. | 5.
A18404.2,LA FIN,kept,371,Laff: | Laff. | Laf. | Laf •• .
A18404.2,D'AUVERGNE,kept,357,D'Au: | D' Au. | D' Au | D Au. | D'Au. | D' Au: | D'Av:
A18404.2,CHANCELLOR,kept,859,Chan: | Chan. | Cha ▪ | Cha. | 1. | Chan | Ch • .
A18404.2,D'ESCURES,kept,502,Desc. | D'esc. | Des. | Desc:
A18404.2,CUPID,kept,795,Cup.
A18404.2,LA BRUNEL,kept,173,La Brun. | Brunel. | Bru:
A18404.2,MESSENGER,dropped_short,15,Mes.
A18404.2,VITRY,kept,603,Vyt. | Vit. | Vit:
A18404.2,PRALIN,kept,125,Pra. | Pral: | Pra:
A18404.2,SOISSONS,kept,249,Soiss. | Soiss: | Soi.
A18404.2,CAPTAIN,kept,237,Cap.
A18404.2,MARY,kept,56,Queene: | Qu: | Que.
A18404.2,MONTIGNY,kept,52,Montig.
A18404.2,VARENNES,dropped_short,6,Var.
A18404.2,SPANISH AMBASSADOR,kept,98,Amba: | Amb.
A18404.2,HARLAY,kept,316,Har: | Har. | Harl. | Har | Harl:
A18404.2,POTIER,kept,89,Pot.
A18404.2,FLEURY,kept,47,Fleu. | Flen.
A18404.2,SISTER,dropped_short,9,Sist.
A18404.2,ARCHBISHOP,dropped_short,34,Arch. | Arch:
A18404.2,EXECUTIONER,dropped_short,36,Hang:
A18404.2,SOLDIER,kept,97,Soldi:
A18404.2,__crowd__,dropped_short,5,All: | Omnes.
A18407,TOUCHSTONE,kept,4773,Touch-ſtone. | Touch. | Tou. | Touch-stone. | Touch: | M. Touch. | Touch | Touc.
A18407,QUICKSILVER,kept,4376,Quick. | Qui. | Quic. | Quickeſiluer.
A18407,GOLDING,kept,1684,Golding. | Gold. | Goul. | Gou. | Gould. | Gon. | Gould
A18407,PAGE,dropped_short,15,Page.
A18407,GERTRUDE,kept,2814,"Gir. | Cir. | Gyr. | Gry. | Gyrt. | Gry, | Gert."
A18407,MILDRED,kept,366,"Mil. | Milared, | Mil | Myl. | Mild."
A18407,POLDAVY,kept,89,Pold.
A18407,BEATRICE,dropped_short,4,Bett.
A18407,SIR PETRONEL,kept,2255,Sir Petro. | Sir Pet. | Petr. | Pet. | Petro. | Petrenell. | Petronell. | Per.
A18407,MISTRESS TOUCHSTONE,kept,573,Miſtris Touch. | Miſt. Touch. | Miſt. Tou. | Mi. Tou. | Mistris Touch. | Mistris. Touch. | Miſtris Touchstone. | Mistris Touchstone. | Miſtris. Touch.
A18407,SECURITY,kept,2693,Secu. | Securitie. | Secur. | Billingſgate. | See.
A18407,SINDEFY,kept,460,Synd. | Hyn. | Synnedefie. | Sinnedefie. | Sinne. | Synde. | Syn. | Sin.
A18407,WINIFRED,kept,370,Win. | Wynn. | Wyn. | VVyn.
A18407,BRAMBLE,kept,294,Bram. | Bra ̄ .
A18407,MESSENGER,dropped_short,13,Meſſ.
A18407,SEAGULL,kept,557,Sea. | Sca.
A18407,SPENDALL,kept,109,"Spoyl. | Spend, | Spend."
A18407,COACHMAN,dropped_short,33,Coach.
A18407,HAMLET,dropped_short,24,Ham.
A18407,POTKIN,dropped_short,21,Pot.
A18407,FOND,kept,56,Fond.
A18407,GAZER,kept,68,Gaz.
A18407,SCRIVENER,dropped_short,7,Scriue.
A18407,DRAWER,kept,361,Draw.
A18407,SCAPETHRIFT,kept,59,Scap.
A18407,SLITGUT,kept,697,Slit.
A18407,1 GENTLEMAN,kept,75,1. Gent. | 1. Gen.
A18407,2 GENTLEMAN,kept,60,2. Gent. | 2. Gen.
A18407,CONSTABLE,kept,118,Conſta. | Conſt. | Con.
A18407,WOLF,kept,581,Woolfe. | Wolfe. | Wolſe. | Woolf. | VVoolfe. | Wol. | Wolf.
A18407,HOLDFAST,kept,57,Hold.
A18407,FRIEND,kept,105,Friend. | Frien. | Frie. | Fri. | Frin.
A18407,1 PRISONER,kept,209,Pri. 1. | Priſ. 1.
A18407,TOBY,kept,199,Pri. 2. | Priſ. | Priſ. 2.
A18407,__crowd__,kept,59,Ambo. | Omnes. | All. | Qui. & Pet. | VVin. & Syn.
A18407,[unresolved] Pandar.,unresolved_excluded,46,Pandar.
A18413,STROZZA,kept,3401,Strozza. | Stroz. | Stro. | Str. | •… ro. | S •… ro. | Stt.
A18413,POGGIO,kept,1525,Pog. | Po. | Pogio.
A18413,CYNANCHE,kept,641,Cyn. | Cy.
A18413,VINCENTIO,kept,3534,Vin. | Uin. | Vin | Vi •… . | Vi. | Van. | Vit.
A18413,ALFONSO,kept,1397,Alph. | Alp. | Al. | A •… p. | Al •… .
A18413,SARPEGO,kept,610,Sar. | Sarp. | Sar •… .
A18413,MEDICE,kept,1064,Med. | Med: | Mid. | Me.
A18413,BASSIOLO,kept,3527,Bas. | Bass. | Basis. | Bassi. | B •… ss. | B •… ss | Basse. | Ba. | Bass
A18413,LASSO,kept,805,Lass. | L •… ss. | Las. | L •… s.
A18413,2 PAGE,dropped_short,3,2 Pag.
A18413,MARGARET,kept,2820,Mar. | Ma •… . | M •… r. | Ma.
A18413,ENCHANTER,kept,70,Ench. | En.
A18413,CORTEZZA,kept,1393,Co. | Cor. | Corteza | Cort. | Cort: | C •… t. | •… or.
A18413,FUNGUS,kept,188,Fun.
A18413,1 PAGE,dropped_short,18,1. Bug.
A18413,SERVANT,dropped_short,14,Ser.
A18413,HUNTSMAN,dropped_short,10,Hunt.
A18413,BENEVENIUS,kept,429,Ben. | Beue.
A18413,JULIO,kept,148,Iulio | Iul. | Iu •… io
A18413,__crowd__,dropped_short,8,Stro. Vin.
A18413,[unresolved] O •… n,unresolved_excluded,9,O •… n
A18413,[unresolved] 〈◊〉 .,unresolved_excluded,45,〈◊〉 .
A18415,LORENZO,kept,2667,Lor. | Lorenzo | Lor
A18415,ANGELO,kept,3653,Ang. | Ang
A18415,GASPARO,kept,348,Gasp. | G • sp.
A18415,AEMILIA,kept,763,Aemi. | Aem. | Amil.
A18415,AURELIO,kept,653,Aur. | Aure. | Anr.
A18415,LODOVICO,kept,5348,Lod. | Lodo. | Lon.
A18415,GIACONO,kept,155,Giac.
A18415,FRANCISCHINA,kept,265,Fran. | Franc. | F • anc. | Fr • n.
A18415,QUINTILIANO,kept,4297,Quint. | Quin. | Qu • nt.
A18415,INNOCENTIO,kept,1027,Innoc. | Inno. | Inn.
A18415,FANNIO,kept,361,Fann. | Fann
A18415,TEMPERANCE,kept,970,Tem. | Temp.
A18415,LUCRETIA,kept,599,Lucr.
A18415,LEONORO,kept,766,Leo. | L • o.
A18415,GIOVANELLI,kept,277,Gio. | Giou. | Geo.
A18415,TAILOR,kept,89,Tailor. | Tay.
A18415,SON,kept,58,Boy.
A18415,CUTHBERT,kept,116,Cut.
A18415,HONORIO,kept,933,Hon. | H • n. | Hono. | Hon:
A18415,LIONEL,kept,96,Lyon. | Lyo. | Lio.
A18415,DRAWER,kept,51,Draw. | Drawer.
A18415,MESSENGER,dropped_short,10,M • ss. | Mess.
A18415,__crowd__,dropped_short,21,Amb. | Omnes. | Ambo.
A18421,BALIGNY,kept,2350,Baligny. | Bal. | Bal | B • l.
A18421,RENEL,kept,1529,Rene. | Ren. | R • n.
A18421,MONSIEUR,kept,1009,Mors. | Mons. | Mon.
A18421,EPERNON,kept,81,Esper. | Esp.
A18421,CLERMONT,kept,6395,Cler. | Cl • r. | Cher.
A18421,GUISE,kept,1737,Guise. | Guis • . | G • i.
A18421,TAMYRA,kept,856,Tamy. | Tam. | T • my.
A18421,MONTSOREAU,kept,552,Mont.
A18421,SOLDIER,dropped_short,29,Sould. | Soul.
A18421,HENRY,kept,514,Hen.
A18421,MAILLARD,kept,1121,Mail. | M • il. | M •• l. | Maill. | Ma • l. | Mail
A18421,CHALON,kept,437,Chal.
A18421,AUMALE,kept,1016,Aum. | A • m.
A18421,CHARLOTTE,kept,525,Char. | Charl.
A18421,MESSENGER,kept,166,Messen. | Mess. | M • ss.
A18421,1 SOLDIER,kept,106,1
A18421,2 SOLDIER,dropped_short,36,2
A18421,USHER,dropped_short,22,Vsh.
A18421,COUNTESS,kept,718,Count. | Coun. | C • un.
A18421,GHOST OF BUSSY,kept,519,Vmb.
A18421,__crowd__,dropped_short,26,Ambo. | Om • es. | Om. | Omnes.
A18423,PROBERIO,kept,4103,"Pro. | Pro, | Prob."
A18423,SIMPLO,kept,3335,"Simp. | Sim. | Sim, | Simplo. | Sim"
A18423,NOVERINDO,kept,1961,Nover. | Nov. | Nou. | Nove. | Nov • .
A18423,ANTONIO,kept,3866,Ant. | Anto. | Anto
A18423,HERMITO,kept,1630,Sir Hermito. | Her.
A18423,SECURUS,kept,1159,Secu. | Sec • | S • cu. | Se • u. | • ecu.
A18423,HORTANO,kept,1335,Hor. | Hort.
A18423,RUSTICO,kept,2076,Rust.
A18423,ACUTO,kept,762,Acu.
A18423,VULCANO,kept,1357,Vul.
A18423,FRITH,kept,70,Frith.
A18423,SPURCO,kept,135,Spur ▪ | Spur.
A18423,SPERATO,kept,400,Sper ▪ | Spe. | Sper.
A18423,GULATO,kept,484,Gula.
A18423,INFAELICTO,kept,959,Infae. | Infael. | Inf • .
A18423,INSATIATO,kept,3172,Insati. | Insat. | Insa. | Ins • .
A18423,LAMIA,kept,729,La. | L • .
A18423,MURETO,kept,279,Mure.
A18423,MALINGUA,kept,478,Mali.
A18423,GRANATO,kept,565,Gra.
A18423,SUSANNA,kept,183,Susan. | Susa. | Sus.
A18423,CORRASO,kept,76,Corra.
A18423,FURIOSO,kept,286,Furio.
A18423,PHANTASTICO,kept,271,P • an. | Phan.
A18423,PESTIFERO,kept,421,Pest. | Pestif.
A18423,STERCORATO,dropped_short,27,Ostler. | Stere.
A18423,CAMERADO,kept,104,Came. | Cam.
A18423,PURGATO,kept,577,Pur. | Pu • .
A18423,PARVAGRACIO,kept,691,Par. | Parv.
A18423,LEVITIA,kept,1448,"Lev. | Lev, | L • v."
A18424,CATO,kept,3090,"Cat. | Cato. | Cat, | Ca."
A18424,ATHENODORUS,kept,270,Ath. | Athen.
A18424,PORCIUS,kept,305,Porc. | Por.
A18424,STATILIUS,kept,326,Stat. | Sta. | Sta
A18424,MINUTIUS,kept,85,Min.
A18424,CAESAR,kept,2676,Caes. | Caes:
A18424,METELLUS,kept,210,Met.
A18424,1 CITIZEN,dropped_short,3,1
A18424,2 CITIZEN,dropped_short,7,2
A18424,3 CITIZEN,dropped_short,2,3
A18424,4 CITIZEN,dropped_short,18,4
A18424,5 CITIZEN,dropped_short,16,5
A18424,6 CITIZEN,dropped_short,14,6
A18424,POMPEY,kept,3745,"Pomp. | Pom. | Pom,"
A18424,ANTONIUS,kept,310,Anth. | Ant. | An.
A18424,1 CONSUL,kept,99,1 Cons.
A18424,2 CONSUL,kept,99,2 Cons.
A18424,SENATOR,dropped_short,3,Gen.
A18424,OPHIONEUS,kept,878,Oph.
A18424,FRONTO,kept,638,Fron. | Fro.
A18424,CRASSINIUS,kept,220,Crass.
A18424,VIBIUS,kept,293,Vib.
A18424,ACILIUS,kept,64,Acil.
A18424,GABINIUS,kept,195,Gab.
A18424,DEMETRIUS,kept,409,Dem.
A18424,BRUTUS,kept,319,Bru.
A18424,IBERIA,kept,49,Hib. | Ibir. | Iber.
A18424,THESSALY,kept,47,Thess.
A18424,CILICIA,kept,38,Cil.
A18424,EPIRUS,dropped_short,34,Epir.
A18424,THRACE,kept,47,Thra. | Tra.
A18424,MASTER,dropped_short,31,Mast.
A18424,SOOTHSAYER,kept,261,Sooth.
A18424,1 SCOUT,dropped_short,12,1 Scou.
A18424,2 SCOUT,kept,61,2 Scou.
A18424,MARCELLUS,dropped_short,28,Mar.
A18424,CORNELIA,kept,462,Cor. | Corn. | Cor ▪
A18424,1 LENTULUS,kept,215,1 L • n. | 1 Len. | 1 Lent. | 1 Len ▪
A18424,2 LENTULUS,kept,103,2 Lent. | 2 Len.
A18424,SEXTUS,dropped_short,28,Sep.
A18424,SENTINEL,kept,167,Sen. | Sent.
A18424,ACHILLAS,kept,52,Ach.
A18424,CLEANTHES,dropped_short,27,Cle.
A18424,PAGE,dropped_short,4,Pag.
A18424,__crowd__,kept,275,Omnes. | Omn. | The Ruffians. | Sen. and • eop. | O •• . | Amb. Len. | Sept. Cyr. | Omn. 3 | All kneeling. | Omn. 3. | All the souldiers.
A18425,CATO,kept,3085,Cat. | Cato. | Ca.
A18425,ATHENODORUS,kept,275,Ath. | Athen.
A18425,PORCIUS,kept,304,Porc. | Por.
A18425,STATILIUS,kept,319,Stat. | Sta. | Sta
A18425,MINUTIUS,kept,83,Min.
A18425,CAESAR,kept,2674,Caeſ. | Caeſ:
A18425,METELLUS,kept,212,Met.
A18425,1 CITIZEN,dropped_short,3,1
A18425,2 CITIZEN,dropped_short,7,2
A18425,3 CITIZEN,dropped_short,2,3
A18425,4 CITIZEN,dropped_short,19,4
A18425,5 CITIZEN,dropped_short,16,5
A18425,6 CITIZEN,dropped_short,14,6
A18425,POMPEY,kept,3749,"Pomp. | Pom. | Pom | Pom,"
A18425,ANTONIUS,kept,308,Anth. | Ant. | An.
A18425,1 CONSUL,kept,96,1 Conſ.
A18425,2 CONSUL,kept,100,"2 Conſ. | 2 Conſ,"
A18425,SENATOR,dropped_short,8,Gen.
A18425,OPHIONEUS,kept,870,Oph. | Oph ▪
A18425,FRONTO,kept,637,Fron. | Fro.
A18425,CRASSINIUS,kept,218,Craſſ.
A18425,VIBIUS,kept,297,Vib.
A18425,ACILIUS,kept,61,Acil.
A18425,GABINIUS,kept,198,Gab. | Gab
A18425,DEMETRIUS,kept,403,Dem.
A18425,BRUTUS,kept,305,B •• . | Bru. | Bru
A18425,IBERIA,kept,47,Hib. | Ibir. | Iber.
A18425,THESSALY,kept,47,Theſſ.
A18425,CILICIA,kept,38,Cil.
A18425,EPIRUS,dropped_short,32,Epir.
A18425,THRACE,kept,46,Thra. | Tra.
A18425,MASTER,dropped_short,31,Maſt.
A18425,SOOTHSAYER,kept,259,Sooth.
A18425,1 SCOUT,dropped_short,13,1 Scou.
A18425,2 SCOUT,kept,61,2 Scou.
A18425,MARCELLUS,dropped_short,28,Mar.
A18425,CORNELIA,kept,461,Cor. | Corn.
A18425,1 LENTULUS,kept,212,1 Len. | 1 Lent. | 1 Len
A18425,2 LENTULUS,kept,107,2 Lent. | 2 Len.
A18425,SEXTUS,dropped_short,28,Sep.
A18425,SENTINEL,kept,164,Sen. | Sent.
A18425,ACHILLAS,kept,50,Ach.
A18425,CLEANTHES,dropped_short,38,Cle.
A18425,PAGE,dropped_short,4,Pag
A18425,__crowd__,kept,286,Omnes. | Omn. | The Ruffians. | Sen. and Peop. | Amb. | Amb. Len. | Sept. Cyr. | Omn. 3 | Omn. 3. | All the ſouldiers.
A18426,LYSANDER,kept,3521,Lysand. | Lys. | Lysand | Lysan.
A18426,THARSALIO,kept,7167,"Thar. | Thars. | Thar,"
A18426,CYNTHIA,kept,1350,Cynth. | Cyn.
A18426,LYCUS,kept,1953,Lyc.
A18426,REBUS,kept,150,Peb. | Reb.
A18426,HIARBAS,kept,72,Hiar.
A18426,PSORABEUS,kept,65,Pso. | Psor.
A18426,EUDORA,kept,1214,Eud.
A18426,ARGUS,kept,655,Arg.
A18426,HYLUS,kept,257,Hyl. | Hym.
A18426,ARSACE,kept,713,Ars. | Arsa.
A18426,THOMASINE,dropped_short,35,Tom.
A18426,STHENIA,kept,540,Sthe. | Sth.
A18426,IANTHE,kept,285,Ian. | Iant.
A18426,CLINIAS,kept,115,Clin.
A18426,LAODICE,dropped_short,23,Laod.
A18426,ERO,kept,1135,Ero. | Ero
A18426,CAPTAIN,kept,478,Cap.
A18426,1 SOLDIER,kept,405,1.
A18426,2 SOLDIER,kept,413,2.
A18426,GUARD,dropped_short,8,Guard.
A18426,GOVERNOR,kept,797,"Gouer. | Gouer,"
A18426,SOLDIER,dropped_short,4,Soul.
A18426,__crowd__,dropped_short,13,Lye. Arg. | Omn.
A18426,[unresolved] Lurd.,unresolved_excluded,9,Lurd.
A18426,[unresolved] Musique:,unresolved_excluded,10,Musique:
A18427,BOSTOCK,kept,2044,"Bos. | Bo. | Bo,"
A18427,SIR MARMADUKE,kept,685,Mar. | Ma.
A18427,SIR AMBROSE,kept,664,Am. | Ste.
A18427,SOLOMON,kept,328,"Sol. | So. | Sol,"
A18427,WINFIELD,kept,2273,Co. | Cor.
A18427,FRESHWATER,kept,1871,"Fre. | Fr. | Fr,"
A18427,LA FRISK,kept,997,Mon. | Dan. | Moun. | Mo. | Cu.
A18427,GUDGEON,kept,127,Gud.
A18427,RAINBOW,kept,1957,Lor. | Lo. | Lo
A18427,BARKER,kept,1355,Ba. | Bar.
A18427,ROSAMUND,kept,1096,Ros. | Ro.
A18427,HONORIA,kept,1166,Hon. | Ho.
A18427,SCUTILLA,kept,328,Scu. | Sciu. | Scin. | Sc.
A18427,LUCINA,kept,2354,Luc. | Lu. | Lue.
A18427,VENUS,kept,175,Ve. | Ven.
A18427,DIANA,kept,118,Dia.
A18427,__crowd__,dropped_short,13,"Both. | Mar. Am. | Omnes,"
A18589,FAME,kept,550,FAME.
A18589,CHESTER,kept,405,CHESTER.
A18589,BRITAIN,kept,162,BRITAINE.
A18589,CAMBRIA,kept,234,CAMBRIA.
A18589,RUMOUR,kept,264,RVMOR.
A18589,PEACE,kept,304,PEACE.
A18589,PLENTY,kept,208,PLENTIE.
A18589,ENVY,kept,396,Enuie. | E.
A18589,LOVE,kept,328,Loue. | L.
A18589,JOY,kept,497,IOY.
A18596,HOFFMAN,kept,5182,"Hoffman. | Hoff. | Ho. | Hoff | Clois. | Clo. | S • rl. | Sarl. | Sarl, | Sarx. | Hoffman, | Hoff,"
A18596,LORRIQUE,kept,3431,"Lo. | Lor. | Lor | Lor, | Ler."
A18596,CHARLES,kept,279,Otho
A18596,FERDINAND,kept,1340,"Ferd. | Fer. | Ferd, | Fer, | For,"
A18596,LODOWICK,kept,681,"Lodo. | Lod. | Lod,"
A18596,RODERICK,kept,681,Rodo. | Rod. | Red. | Rod
A18596,JEROME,kept,1336,"Ie. | Ier. | Ierom. | Ier, | ler."
A18596,MATHIAS,kept,976,Mat. | Mat
A18596,LUCIBELLA,kept,1445,"Luci. | Luc. | Luc | Lu • . | Luc,"
A18596,STILT,kept,821,"Stilt. | Silt. | Stils. | Stilt,"
A18596,HERALD,kept,75,Her.
A18596,AUSTRIA,kept,355,Aust.
A18596,SAXONY,kept,1140,Sax. | Sax | Saxo. | Sax • . | Sax: | Saz.
A18596,CAPTAIN STILT,kept,483,Old Stilt. | O. Stilt. | O Stilt. | O. Stilt • | O. S.
A18596,FIBS,kept,38,Fibs.
A18596,MARTHA,kept,1378,Mar. | Mar | Ma • .
A18596,LORD,kept,160,"Lord. | Lord,"
A18596,__crowd__,dropped_short,20,Om.
A18729,CUPID,kept,229,Cupid.
A18729,PHILOSOPHER,kept,439,Philosopher.
A18729,WANTONNESS,kept,218,Wantonnesse.
A18729,RIOT,kept,429,Riotte. | Ri • tte.
A18729,MANHOOD,kept,664,Manhode. | Manhoode.
A18729,BEAUTY,kept,246,Beautie.
A18729,GOOD FAVOUR,kept,496,Good fauoure.
A18729,DESERT,kept,372,Dezart.
A18729,GOOD FORTUNE,kept,511,Good fortune.
A19182,PRODIGALITY,kept,1410,Prod. | Pro.
A19182,POSTILION,kept,171,Post.
A19182,HOST,kept,232,Host.
A19182,VIRTUE,kept,465,Vertue. | Ver. | Vert.
A19182,EQUITY,kept,177,Equity. | Equit.
A19182,TENACITY,kept,1034,Ten. | Tin.
A19182,VANITY,kept,946,Van. | Va.
A19182,OSTLER,dropped_short,2,Ostler.
A19182,CHAMBERLAIN,dropped_short,2,Chamberl.
A19182,MONEY,kept,892,Money. | Mon. | Mony.
A19182,FORTUNE,kept,525,Fortune. | For.
A19182,DANDALINE,kept,358,Dan. | Dand.
A19182,DICK,kept,335,Dick.
A19182,TOM TOSS,kept,278,Tom. | Tom Tosse.
A19182,LIBERALITY,kept,759,Lib. | 〈◊〉 .
A19182,WELDON,kept,220,Cap.
A19182,COURTIER,kept,56,Court.
A19182,CONSTABLE,kept,120,Con. | Const.
A19182,SHERIFF,kept,217,Sherif.
A19182,2 SUITOR,kept,43,2. Suiter. | 2. Suit.
A19182,3 SUITOR,kept,51,3. Suiter. | 3. Suit.
A19182,TIPSTAFF,kept,44,Tip.
A19182,JUDGE,kept,200,Iudge. | Iudg.
A19182,CLERK,kept,161,Clerk.
A19182,CRIER,dropped_short,12,Cryer.
A19182,__crowd__,dropped_short,10,Dick and Tom.
A19183,ARTHUR,kept,3600,Arthur. | Ar. | Yong Ar. | Yon. Ar. | Yong. Ar.
A19183,LUSAM,kept,637,Lusam. | Lu. | Yon. Lu. | Yon. Lus. | Yong Lu. | Yong Lus.
A19183,FULLER,kept,2981,Ful. | Fuller.
A19183,ANSELM,kept,1974,An. | Anselme. | Ansel. | Ans.
A19183,OLD ARTHUR,kept,1161,Old Ar. | Old Ar | Old Arth. | Old. Ar. | Old Arthur.
A19183,OLD LUSAM,kept,1126,Old Lu. | Old. Lu. | Old Lus. | Old. Lus. | Ol. Lu. | Old Lu
A19183,MISTRESS ARTHUR,kept,2696,Mist. Ar. | Mist. | Mis. Ar. | Mis Ar. | Mis. | Mis: Ar: | Mis: Ar. | Mi. Ar.
A19183,PIPKIN,kept,1403,Pip.
A19183,AMINADAB,kept,1921,Ami. | Amina.
A19183,1 BOY,kept,80,1. Boy. | I. Boy. | Boy.
A19183,2 BOY,dropped_short,28,2. Boy. | 2. Bay.
A19183,REASON,kept,1256,• Iust. | Iust. | Iust: | Inst.
A19183,MARY,kept,1100,Ma. | Mary. | Ma:
A19183,BRABO,kept,809,Bra. | Bar.
A19183,SPLAY,kept,405,Splay. | Spl.
A19183,MAID,kept,43,Mayd.
A19183,SERVANT,dropped_short,17,Within.
A19183,HUGH,kept,165,Hu. | Hue.
A19183,__crowd__,dropped_short,16,All.
A19183,[unresolved] A • .,unresolved_excluded,7,A • .
A19183,[unresolved] ••• y.,unresolved_excluded,2,••• y.
A19260,SPENDALL,kept,3561,"Francis. | Fran. | Spend. | Spen. | Spend, | Sp • nd. | Spe • . | Spend ▪"
A19260,BALANCE,kept,62,Ball. | Balla.
A19260,GERALDINE,kept,969,Gerald. | Ger. | Geral.
A19260,LONGFIELD,kept,644,Long. | Lon.
A19260,WENCH,kept,69,Wench. | Wench
A19260,GERTRUDE,kept,1452,Gart. | Gart
A19260,BOY,kept,90,Boy. | Boy
A19260,SIR LIONEL,kept,2202,Sir Lion. | Lyonell. | Lyonell | Lyon. | Lyo. | Lyo | Ly.
A19260,STAINES,kept,3241,Staines. | Sta. | Stay. | Sta | Sat.
A19260,BUBBLE,kept,2409,Bub. | Bu. | Bubb.
A19260,MESSENGER,kept,58,Mes.
A19260,2 MESSENGER,kept,42,2. Mes.
A19260,BLANK,kept,180,Bla.
A19260,RASH,kept,2728,Rash.
A19260,SWEATMAN,kept,336,Sweat. | Sweat ▪
A19260,DRAWER,kept,53,Dra.
A19260,TICKLEMAN,kept,347,Tickle. | Tickl • . | Tick. | Tick
A19260,PURSENET,kept,256,Purs. | Purss.
A19260,SWAGGERER,dropped_short,25,Swag.
A19260,JOYCE,kept,2362,Ioyce | Ioy. | Ioyce. | Joy. | Ioy
A19260,SERVANT,kept,86,Seruant. | Ser.
A19260,SPRINKLE,dropped_short,28,Sprin.
A19260,SCATTERGOOD,kept,962,Scat. | S • at. | Scat ▪ | Scatt. | S • a • . | Scatterg. | Sc • tt.
A19260,NINNYHAMMER,dropped_short,26,Nin.
A19260,AMBUSH,dropped_short,14,Amb.
A19260,1 SERGEANT,dropped_short,33,1. Ser. | 1. Sar.
A19260,2 SERGEANT,dropped_short,23,2. Ser. | 2. Sar.
A19260,SERGEANT,kept,43,Sar. | Serg.
A19260,LODGE,kept,60,Lodge. | Lodg.
A19260,LOCKFAST,kept,173,Hold.
A19260,FOX,kept,76,Fox.
A19260,PRISONER,kept,118,Pris. | Bris.
A19260,RAYSBY,kept,733,Wid. | W • d.
A19260,PHYLLIS,kept,63,Phil. | Phillis | Phill.
A19260,BASKETHILT,dropped_short,40,Bask. | Basket.
A19260,OLD GERALDINE,kept,59,Old Ger.
A19260,__crowd__,dropped_short,24,Omnes. | All speake. | Spend. & Sta. | Gart. & Ioyce
A19346,ELVIRA,kept,769,ELVIRA.
A19346,COUNT,kept,1085,COUNT.
A19346,CIMENA,kept,3510,CIMENA.
A19346,INFANTA,kept,1265,INFANTA.
A19346,LEONORA,kept,420,LEONORA.
A19346,PAGE,dropped_short,6,PAGE.
A19346,DON DIEGO,kept,1541,D. DIEGO. | DIEGO.
A19346,RODERIGO,kept,2545,RODERIGO. | RODERIGO
A19346,DON ARIAS,kept,300,D. ARIAS.
A19346,BOY,dropped_short,18,BOY.
A19346,KING,kept,1517,KING.
A19346,DON SANCHO,kept,488,D. SANCHO. | D. SANGHO.
A19346,DON ALONSO,kept,33,D. ALONSO | D. ALONSO.
A19347,INFANTA,kept,1104,INFANTA. | IN.
A19347,CIMENA,kept,1787,CIM. | CIM ▪ | CI.
A19347,DON SANCHO,kept,1098,SAN. | D. SAN.
A19347,KING,kept,3103,KING. | K. | L.
A19347,DON DIEGO,kept,151,DIE. | D. DIE.
A19347,DON ARIAS,kept,70,ARI. | AR. | D. ARI.
A19347,RODERIGO,kept,1986,RO. | RO
A19347,SPHERANTI,kept,703,SPHR. | SPHE. | SPH. | SP. | S. P.
A19347,CELIMANT,kept,605,CEL.
A19347,SERIFFA,kept,750,SER.
A19347,PAGE,dropped_short,15,PAGE.
A19347,BOY,kept,77,The Boy ſings.
A19479,CALLIDORA,kept,1804,Cal. | Call. | C Al.
A19479,ALUPIS,kept,4815,Alu. | Al. | Alup. | Al
A19479,PALAEMON,kept,1861,Pa. | Pal. | Ra. | Fa. | P A.
A19479,MELARNUS,kept,995,Mel. | Mel ▪
A19479,TRUGA,kept,989,Tru. | Trug.
A19479,HYLACE,kept,858,"Hyl. | Hy. | Hyl, | Hil."
A19479,AEGON,kept,1000,Aegon. | Aeg. | Aegon
A19479,BELLULA,kept,1048,"Bell. | Bel, | Bel. | Bell, | Ball."
A19479,APHRON,kept,1671,"Aph. | Ap. | Apu. | Aph,"
A19479,DEMOPHIL,kept,583,Dem. | D Emo. | Dem
A19479,SPODAIA,kept,239,Spo. | Sp.
A19479,PHILISTUS,kept,521,Phi. | Ph.
A19479,CLARIANA,kept,989,Cla. | Cl. | Cl ▪
A19479,FLORELLUS,kept,2676,Flo. | A.
A19479,MAID,kept,164,M.
A19479,__crowd__,dropped_short,2,All.
A19738,CYRUS,kept,2359,"Cyrus. | Cyr. | Cy. | Cyr, | Cry."
A19738,HYSTASPAS,kept,423,Hiſt.
A19738,CHRYSANTAS,kept,367,Chriſ. | Chr. | Cri.
A19738,ARASPAS,kept,2253,"Ara. | Araſ. | Ara, | Ard."
A19738,PANTHEA,kept,1829,Pan. | Pan
A19738,NICASIA,kept,96,Ni. | Nic.
A19738,GOBRYAS,kept,877,Go. | Gob. | Gob ▪
A19738,ANTIOCHUS,kept,982,Ant. | An. | Anot.
A19738,CTESIPHON,kept,1250,Cteſ. | Ct ſ. | Cte. | Cte ▪ | C e.
A19738,NOBLES,kept,89,"Nob. | Nob,"
A19738,ALEXANDRA,kept,397,"Alex. | Alex,"
A19738,LIBANIO,kept,906,Lib. | Lab.
A19738,DINON,kept,271,Dinon.
A19738,MAGICIAN,kept,219,"Mag. | Mag, | Ma."
A19738,HYRCANUS,kept,218,Hir.
A19738,ARISTOBULUS,kept,48,Ariſt.
A19738,ABRADATAS,kept,269,Ab. | Abra. | Abr.
A19738,CAPTAIN,kept,161,Captain. | Cap.
A19738,__crowd__,dropped_short,1,All.
A19750,JULIO,kept,5136,Iulio. | Julio. | Iulio | Iul. | Jul. | Jullio.
A19750,CLARIFLORA,kept,653,Whore. | Whor. | Monk. | Monkey. | Munk. | Clar. | Cla.
A19750,DURABLE,kept,252,Bawd. | Puſs. | Puſſe.
A19750,STULTISSIMO,kept,1738,Stult. | Stultiſ. | Stu. | Stul.
A19750,FUB,kept,687,Fub.
A19750,FRANCISCUS,kept,3247,"Fran. | Fran,"
A19750,CHRYSIPPUS,kept,699,Chriſ. | Criſ.
A19750,CORNELIA,kept,373,Corn. | Cor.
A19750,ANTONIO,kept,1019,Anth. | Ant. | Anto. | Antonio. | Anton.
A19750,TOMASO,kept,922,Tom. | Toma. | Tomaſo. | Tomd. | Tom:
A19750,ARBACES,kept,403,Arb. | Arba.
A19750,LODOWICK,kept,2276,Lod. | Lodw. | Lodo. | Lod
A19750,VALENTIUS,kept,1674,Vallen. | Vall. | Val. | Ʋ al.
A19750,SHEPHERD,kept,216,Shep. | Sheph.
A19750,PHEMONE,kept,155,Phe. | Phem.
A19750,GENTLEMAN,dropped_short,35,1 Gent. | Gent.
A19750,SIBYLLA,kept,76,Doct. wife. | Wife.
A19750,VANDERMAN,kept,599,Doct. | Doctor. | Doc.
A19750,TIMOTHY,kept,217,Draw.
A19750,FIDDLER,kept,122,Fid. | Fidler.
A19750,BOY,dropped_short,6,Boy.
A19750,FIRST BOY,dropped_short,26,1 Boy.
A19750,SECOND BOY,dropped_short,34,2 Boy.
A19750,THIRD BOY,dropped_short,20,3 Boy.
A19750,MERCER,kept,178,Mer.
A19750,MERCER'S MAN,kept,247,Mercers man. | Mer. man.
A19750,BARBER,kept,398,Barb.
A19750,FIRST SERGEANT,kept,241,1. Serg. | 1 Serg. | 1 Sergeant.
A19750,SECOND SERGEANT,kept,89,2 Serg. | 2 Ser.
A19750,SERGEANT,kept,58,Serg.
A19750,CONSTABLE,dropped_short,9,Conſtable.
A19750,DUKE,kept,786,Duke. | Duk.
A19750,FIRST SENATOR,dropped_short,9,Pri. Sen. | 1 Sen.
A19750,SECOND SENATOR,kept,63,2 Sen.
A19750,CLERK,dropped_short,1,Clark.
A19750,COUNTRY FELLOW,kept,215,Country fel. | Count. fel. | Country fellow. | Count. fellow.
A19750,FIRST COUNTRYMAN,dropped_short,6,1 Count.
A19750,SECOND COUNTRYMAN,dropped_short,8,2 Count.
A19750,__crowd__,dropped_short,34,All. | Amb. | Bread.
A19755,KING OF LYDIA,kept,592,King. | Kin.
A19755,TYMETHES,kept,2009,Tym. | Tim. | Tim
A19755,LAPYRUS,kept,749,Lap. | Lap
A19755,ARMATRITES,kept,2238,Arm. | Arma. | Tyr. | Try.
A19755,ZENARCHUS,kept,1007,Zen. | Len.
A19755,MAZERES,kept,1392,Maz. | Max. | Maz
A19755,YOUNG QUEEN,kept,1778,Que. | Qu. [Young Queen]
A19755,OLD QUEEN,kept,599,Qu. | Que. [Old Queen]
A19755,ROXANO,kept,2341,Rox.
A19755,AMPHRIDOTE,kept,503,Amp. | Am.
A19755,FIDELIO,kept,50,Fid.
A19755,AMORPHO,dropped_short,14,Amor. | Amo. | Amorp.
A19755,SERTORIO,dropped_short,11,Sex.
A19755,LODOVICO,dropped_short,30,Lod.
A19755,LADY,dropped_short,18,La.
A19755,FIRST SOLDIER,dropped_short,17,The. 1.
A19755,SECOND SOLDIER,dropped_short,2,The. 2.
A19755,FIRST SHEPHERD,kept,79,Shep. 1. | She. 1.
A19755,SECOND SHEPHERD,kept,82,Shep. 2. | She. 2.
A19755,CLOWN,kept,525,Clo.
A19755,FIRST SERVANT,dropped_short,5,Ser. 1.
A19755,SECOND SERVANT,dropped_short,4,Ser. 2.
A19755,THIRD SERVANT,dropped_short,9,Ser. 3.
A19755,FOURTH SERVANT,dropped_short,11,Ser. 4.
A19755,SERVANT,dropped_short,38,Ser.
A19755,__crowd__,dropped_short,38,Omn. | Both. | Ambo.
A19757,WARD,kept,3980,"Ward. | War. | Ward, | VVard | VVard. | VVard, | VVar. | Ward | W • rd."
A19757,GISMUND,kept,643,Gism. | Gis. | Sis.
A19757,ALBERT,kept,105,Alb. | Al.
A19757,FERDINAND,kept,971,Ferd. | Fer.
A19757,SAILOR,kept,130,Sail.
A19757,FIRST SAILOR,kept,241,1. Sail. | 1 Sail.
A19757,SECOND SAILOR,kept,91,2. Sail. | 2 Sail.
A19757,LEMOT,kept,353,Lem.
A19757,ALIZIA,kept,465,Aliz. | Page. | Frans.
A19757,DAVY,kept,98,Davi.
A19757,GALLOP,kept,1573,Gallop. | G • ll • p. | Gallip. | Gall. | Gal.
A19757,CAROLO,dropped_short,15,2. Gent.
A19757,FRANCISCO,kept,1055,Fran. | Fra. | Fr. | Fr • n.
A19757,DANSIKER,kept,869,Dans. | Dan. | Das.
A19757,LIEUTENANT,kept,100,Leif. | Leis. | Lif. | List. | Lief.
A19757,RABSHAKE,kept,1601,Rub. | Rab. | Rabsh.
A19757,AGAR,kept,761,Ag. | Agar.
A19757,VOADA,kept,1003,Vo. | Voad. | Voad
A19757,SARES,kept,188,Sar. | Sares.
A19757,BENWASH,kept,1940,Iew. | I • w. | Ben.
A19757,RAYMOND,kept,426,Ray.
A19757,FIRST SON,dropped_short,24,1. Son.
A19757,YOUNG RAYMOND,kept,153,2. Son.
A19757,CROSMAN,kept,419,Cros.
A19757,GOVERNOR,kept,452,Gou. | Gov. | Gover.
A19757,CHORUS,kept,686,Chorus. | Chorus
A19757,FIRST OFFICER,kept,90,1. Offi | 1. Offi. | 1. Offic. | 1. Off.
A19757,SECOND OFFICER,kept,61,2. Offi. | 2. Offic.
A19757,MUFTI,kept,55,Muff.
A19757,MULLI,dropped_short,27,Mul.
A19757,SURGEON,dropped_short,11,Surg.
A19757,TURK,dropped_short,34,Turk.
A19757,__crowd__,kept,70,"Omn. | Omnes. | Omn, | Within. | Alb. Ferd. | Sar. Om. | Sailers. | Ianisa."
A19757,[unresolved] Lor.,unresolved_excluded,8,Lor.
A19816.1,PROCULEIUS,kept,824,Proc. | Pro.
A19816.1,CAESAR,kept,572,Caes.
A19816.1,ARIUS,kept,627,Arius. | Ari.
A19816.1,PHILOSTRATUS,kept,37,Phi.
A19816.1,CLEOPATRA,kept,550,Cleo. | Cle.
A19816.1,SELEUCUS,kept,323,Seleu. | Sel.
A19816.1,DOLABELLA,kept,624,Dol.
A19816.1,RODON,kept,1863,Rod.
A19816.1,TITIUS,kept,470,Tit.
A19816.1,CHORUS,kept,136,Chor. | Cho.
A19816.1,NUNTIUS,kept,2245,Nun.
A19829,HYMEN,kept,272,Hym.
A19829,ENVY,kept,154,Enuie.
A19829,AVARICE,dropped_short,30,Auarice.
A19829,JEALOUSY,kept,37,Iealousie.
A19829,PALAEMON,kept,1647,Pal. | Pa. | Pa:
A19829,THYRSIS,kept,3041,Thi. | Thir.
A19829,CLARINDO,kept,2355,Cla.
A19829,CLORIS,kept,1446,Clo.
A19829,PHYLLIS,kept,660,Phi. | Phil.
A19829,LYDIA,kept,1080,Lid. | Lia.
A19829,DORCAS,kept,420,Dor.
A19829,SILVANUS,kept,360,Sil.
A19829,MONTANUS,kept,744,Mon.
A19829,CHARINUS,kept,420,Char. | Cha.
A19829,MEDORUS,kept,490,Med.
A19829,CHORUS,kept,199,Cho.
A19834.1,CLEOPATRA,kept,3053,CLEOPATRA. | Cleopatra. | Cleo.
A19834.1,CHORUS,kept,2026,"CHORVS, | CHORVS. | Chor. | Cho."
A19834.1,CAESAR,kept,747,CAESAR. PROCVLEIVS. | Caes.
A19834.1,PROCULEIUS,kept,831,Proc. | Pro.
A19834.1,ARIUS,kept,628,Arius. | Ari.
A19834.1,PHILOSTRATUS,dropped_short,36,Phi.
A19834.1,SELEUCUS,kept,320,Seleus. | Sel.
A19834.1,DOLABELLA,kept,621,Dol.
A19834.1,RODON,kept,1865,Rod.
A19834.1,TITIUS,kept,471,Tit.
A19834.1,NUNTIUS,kept,2301,Nvntivs. | Nun.
A19835,ERGASTUS,kept,1405,Erg. | Er.
A19835,MELIBAEUS,kept,1655,Mel. | Meli. | Me. | Mal.
A19835,COLAX,kept,1020,"Col. | Col,"
A19835,TECHNE,kept,2504,"Tec. | Tec, | Tech. | Te."
A19835,CARINUS,kept,632,Car. | Ca.
A19835,AMYNTAS,kept,2574,Am.
A19835,SILVIA,kept,1635,Sil.
A19835,CLORIS,kept,1867,Clo. | Cl.
A19835,PALAEMON,kept,1389,Pal. | Pa.
A19835,MYRTILLUS,kept,1370,Mir. | Mil. | Mi.
A19835,ALCON,kept,1708,Alc. | Al.
A19835,LINCUS,kept,960,"Lin. | Lin,"
A19835,DAPHNE,kept,109,Daph. | Da. | Dap.
A19835,AMARYLLIS,kept,582,Ama.
A19835,DORINDA,kept,826,Do.
A19835,MONTANUS,kept,74,Mon. | Mo.
A19835,ACRISIUS,kept,56,Acry. | Acr.
A19835,PISTOPHOENAX,kept,99,Pis.
A19838,SOMNUS,kept,863,Somnus.
A19838,IRIS,kept,214,Iris.
A19838,FIRST GRACE,kept,34,1
A19838,SECOND GRACE,kept,34,2
A19838,THIRD GRACE,kept,204,3
A19876,FORESTE,kept,4685,"F OREST. | Foreſ. | Foreſt. | FORES. | Foreſ | Fores. | Foreſ, | Foreſte. | Foreſte | Foreſte,"
A19876,LUCIO,kept,1809,Lucio. | Lucio | Luc.
A19876,DUKE,kept,2872,Duke. | Duke
A19876,CASTRUCCIO,kept,2327,"Caſt. | Caſt, | Caſt"
A19876,DORIDO,kept,1228,"Dorid. | DORIDO, | Dorid | Dorido. | Dor. | Dor"
A19876,MONK,kept,151,"Monke. | Monke, | Monks."
A19876,COSIMO,kept,493,Cosi. | Coſ. | Cos.
A19876,LOTHARIO,kept,560,Lotha. | Loth.
A19876,BORACHIO,kept,1135,Bor. | Bora. | Bora
A19876,LUINNA,kept,769,"Luin. | Luin, | Lucin."
A19876,CORSA,kept,1030,Corſa. | Corſa | Corsa. | Cor.
A19876,GENTLEMAN,dropped_short,39,Gent.
A19876,DUARTE,kept,161,Dua. | Duar. | Duarte.
A19876,SERVANT,dropped_short,7,Ser.
A19876,__crowd__,dropped_short,29,Foreſ. Lucio. | Lucio. Foreſte.
A19877,MERVOLLE,kept,1448,Meruolle. | Mer.
A19877,ALTAMONT,kept,4162,Altamont. | Alta. | Alt. | Altamont
A19877,FLORELLO,kept,2178,Florello. | Florel. | Flo: | Flor. | Flo. | Florellll. | Flor • llo.
A19877,ROSSA,kept,289,Roſſa: | Roſſa. | Roſſa ▪ | Roſsa.
A19877,MOLARD,kept,152,Molard. | Molard
A19877,ALTEZA,kept,2201,Alteza. | Alteza | Altera. | Alteza.. | Alte.
A19877,NIENTE,kept,166,Niente. | Nienie.
A19877,CHARINTHA,kept,801,Charintha. | Charin. | Charintha·
A19877,SCOPERTA,kept,934,Scoperta. | Scopertae. | Scoperta: | Scop. | Sco. | Scoperta
A19877,SCIOLTO,kept,2294,Sciolto. | Scioeto. | Sciol • o. | Seiolto. | Scio. | Sciolto | Sciol •• . | Sciolto ▪
A19877,BESOGNIA,kept,122,Beſognia. | Beſogniae.
A19877,DANDOLO,kept,377,Dandolo. | Dan. | Dandolo
A19877,STOCCATA,kept,176,Stoccata. | Stoc.
A19877,PUNTO,kept,209,Punt • . | Punto.
A19877,WOMAN,dropped_short,11,Woman.
A19877,__crowd__,dropped_short,4,"Roſſa, Molard."
A19877,[unresolved] 〈◊〉,unresolved_excluded,5,〈◊〉
A19877,[unresolved] 〈◊〉 .,unresolved_excluded,4,〈◊〉 .
A19880,CONCORD,kept,103,Concord.
A19880,GENIUS,kept,52,Genius.
A19880,__crowd__,dropped_short,29,Both.
A19881,PARADINE,kept,4050,Paradine. | Parad. | Par.
A19881,GRIMOLD,kept,2720,Grimo. | Grim. | Gri.
A19881,GONDIBERT,kept,349,Gondib. | Gond.
A19881,HERMEGILD,kept,4854,Herm. | Hermig. | Her. | Hermeg. | Hermegild
A19881,ALBOVINE,kept,2613,Albou. | Albo. | Albou | Alb.
A19881,FROLLO,kept,191,Frollo. | Frol.
A19881,CONRAD,kept,139,Conr. | Conrad.
A19881,VOLTERRI,kept,226,Vollterri. | Vollt. | Vollter.
A19881,GOVERNOR,kept,315,Gouernour. | Gouer. | Gouern. | Gou. | Gouernor.
A19881,RHODOLINDA,kept,1663,Rhodo. | Rho. | Rhod.
A19881,VALDAURA,kept,990,Vald. | Valda. | Valdau.
A19881,CUNIMOND,kept,402,Cuny. | Cuni. | Cun. | Cunym.
A19881,THESINA,kept,747,Theſi. | Theſ. | Theſina. | Th • ſ.
A19881,GENTLEMAN,dropped_short,24,Gent. | Gentlem.
A19881,PAGE,dropped_short,19,Page.
A19881,__crowd__,dropped_short,6,Within.
A19882,PRIESTS OF MARS,dropped_short,31,Prieſts of Mars.
A19882,PRIESTS OF VENUS,dropped_short,32,Prieſts of Venus.
A19882,PRIESTS OF APOLLO,dropped_short,27,Prieſts of Apollo.
A19882,__crowd__,dropped_short,29,Chorus of all.
A19888,SLIGHTALL,kept,5059,Slightall. | Sl. | Sl
A19888,ANNE,kept,1738,An. | Anne.
A19888,CHANGEABLE,kept,2931,"Chan. | Chan | Chan, | Ch. | Di. | Di"
A19888,MISTRESS CHANGEABLE,kept,1433,"Wi. | Wi, | Wife. | Wif. | Wo. [Mistress Changeable]"
A19888,TREATWELL,kept,473,Tre.
A19888,USURER,kept,700,Ʋ ſu. | Vſu. | Ʋ ſe.
A19888,SCRIVENER,kept,466,Scri.
A19888,ROGER,kept,1300,Rog.
A19888,GEOFFREY,kept,539,Gef.
A19888,FIRST GENTLEMAN,kept,258,Gen. 1.
A19888,SECOND GENTLEMAN,kept,222,Gen. 2.
A19888,SCALES,kept,1232,Lo. | Lord. | Lor.
A19888,BERNARD,kept,658,Ber.
A19888,JOHN,kept,1598,Io. | Iohn.
A19888,NAN,kept,742,Wo. | Wi. [Nan]
A19888,CONSTABLE,kept,321,Con.
A19888,HUSBAND,kept,576,Huſ. | Husb. | Hus.
A19888,__crowd__,dropped_short,5,Both. | All.
A19975,OCTAVIO,kept,2394,Octa. | Oct. | Oct
A19975,HIPPOLITO,kept,656,Hip. | Hip ▪
A19975,FRANCISCO,kept,955,Fran. | Fra. | Fr.
A19975,FLORIMELL,kept,2813,"Flo. | Flo, | Flo ▪ | Fio. | • lo. | Flo | Elo. | F •• ▪"
A19975,HORTENSIO,kept,1276,Hort. | Hor. | Hort
A19975,ANTONIO,kept,739,Ant. | Ant | Anth.
A19975,HERMIA,kept,250,Her. | Herm.
A19975,LUCIDA,kept,148,Luc. | Lnc. | Lucid.
A19975,ASPERO,kept,2179,Aſp.
A19975,PAGE,kept,1126,"Page. | Pag. | Pa. | Pa | Pa,"
A19975,BOY,kept,835,Boy. | Boy ▪ | Boy | Pa. [Aspero's Boy]
A19975,FLAMINEO,kept,48,Fla. | Flamineo.
A19975,ASSISTANCE,kept,305,Aſſ.
A19975,JULIO,kept,55,Iul.
A19975,LORD,kept,70,Lord | Lord.
A19975,MESSENGER,dropped_short,31,Meſſ.
A19975,__crowd__,dropped_short,8,Ambo. | Brothers.
A19975,[unresolved] 〈◊〉,unresolved_excluded,30,〈◊〉
A19976,FIRST GENTLEMAN,kept,216,1
A19976,SECOND GENTLEMAN,kept,290,2
A19976,THIRD GENTLEMAN,kept,118,3
A19976,PROLOGUE,kept,664,Prol. | Pro. | Prologue.
A19976,BASILIUS,kept,1762,"Baſil: | Baſi. | Baſil. | Baſ. | Ba | Ba. | Duke. | Duk. | Duke | Duk, | duk | duke: | duke | duk: | K. | da, | Du: | du:"
A19976,GYNECIA,kept,927,"Gy. | Gyn. | Gyne. | Gry: | Dutches. | Dute. | Dut. | Dutch. | Dut: | dut: | Dut, | dut; | dut, | dut. | Du. | D."
A19976,HIPPOLITA,kept,1131,"Hip. | Hippol. | Hip: | Hip, | hip: | Hippo:"
A19976,VIOLETTA,kept,1376,Viol. | Ʋ iol. | Ʋ ilet. | Ʋ iol: | Viol: | Ʋ il. | Ʋ io. | Vio. | Vi.
A19976,KALANDER,kept,464,"Kal, | kal. | Ka. | Kal: | Kal. | 1 Cap. | 1 Capt. | 1 Cap, | 1 cap:"
A19976,PHILANAX,kept,347,"Phi. | Phil. | Phil: | Phi: | phil: | 2 Cap. | 2 Cap | 2 Cap, | 2 cap: | 2 cap."
A19976,DAMETAS,kept,3032,"Dame. | Dam. | Da. | Dametas. | Dam: | Dame: | Da: | Dametas | dam: | da. | da: | dam. | dam, | Damet."
A19976,MANASSES,kept,1941,"Manaſ. | Manaſ | Ma. | Manaſ: | Ma: | Man. | Ma | Mana. | Manaſs. | Man | Man: | man. | man, | man | man: | mun:"
A19976,AMINTOR,kept,738,Amin. | Am. | Amin: | Am: | Ami. | A 〈…〉 i. | Ami | Amint. | Ilipo. | Ilip. | Aunt | Aunt:
A19976,JULIO,kept,865,"Iuiso. | Iulio. | Iul. | Iulio | Iul: | Iulio: | Juli. | Iuli. | Jui. | Julio. | Iulo. | Iulio, | iulio: | iulo. | iuli, | iuli. | iu. | iu: | iuli:"
A19976,LYSANDER,kept,2306,Liſan. | Liſa. | Liſan: | Li: | Li. | Liſ. | Laſan. | Liſan | liſan: | Liſand. | Liſand: | Liſa:
A19976,DEMETRIUS,kept,1811,"Deme. | Dem. | Dem: | Deme: | De. | Demet. | De: | deme: | dem: | de, | Dor. | Dor, | dorus, | Amt. | Amt, | Da,"
A19976,PAGE,kept,457,Page. | Page
A19976,BOY,kept,490,Boy. | Boy | boy. | boy:
A19976,MISO,kept,1235,"Miſo. | Miſo | miſo. | miſo: | Mi. | mi. | miſ. | miſ, | Miſ. | Mis. | Miſe. | miſ: | muſo"
A19976,MOPSA,kept,618,"Mopſ. | Mop. | Mop, | mop. | mop, | Mop: | mo, | mep:"
A19976,WIFE,kept,263,"wife. | wife, | wife | Wife: | Wife | wife:"
A19976,"[unresolved] m,",unresolved_excluded,13,"m,"
A19977,HORATIO,kept,1966,Hor. | Ho.
A19977,LURDO,kept,2282,"Lu. | Lur. | Lur | Lnr. | Lu: | Lo. | Lur, | Lu. ▪ | Lau."
A19977,FERNEZE,kept,1449,"Fer. | Fe. | Duke. | Duk. | Du. | Du, | Du"
A19977,ANGELO,kept,55,Ang. | An. | Aug. | Au.
A19977,PAGE,kept,905,"Pa. | Pag. | Page. | Pa | Pa,"
A19977,POLYMETES,kept,2945,Poly. | Pol. | Po. | Poll. | Po
A19977,EMILIA,kept,2273,"Em. | Emi. | Em | Em, | Fm. | Em ▪"
A19977,JOCULO,kept,882,Joc. | Ioc. | Io. | Jo.
A19977,JULIO,kept,1139,Iul. | Jul. | Iu. | Ju. | In. | Inl.
A19977,ADAM,kept,594,Adam. | Adam | Ad.
A19977,COUNTESS,kept,604,Count. | Coun. | Cou. | Con. | Co. | Count
A19977,WINIFRED,kept,399,Wi. | Win. | Wen.
A19977,FIRST GENTLEWOMAN,dropped_short,9,1 Gen.
A19977,SECOND GENTLEWOMAN,dropped_short,36,2 Gen. | 2 Gent.
A19977,THIRD GENTLEWOMAN,dropped_short,12,3 Gent.
A19977,__crowd__,dropped_short,3,Lur. Hor.
A19977,[unresolved] Ang. to vs. Du.,unresolved_excluded,2,Ang. to vs. Du.
A20062,DUKE,kept,1828,Duke | Duke. | Duk. | Du. | Duk:
A20062,HIPPOLITO,kept,3247,"Hipolito | Hip: | Hip. | Hip | Hipo. | Hip,"
A20062,MATHEO,kept,1432,"Matheo | Mat: | Math. | Mathew | Mathaeo | Matheo. | Mat. | Mat, | Ma."
A20062,FUSTIGO,kept,1655,Fust. | Fu. | Fist. | Fustigo | Fust: | Fnst. | Fus. | F • u.
A20062,PORTER,kept,67,Porter
A20062,VIOLA,kept,1898,Viola | Vio: | Wife | Wife. | Wi. | Wif. | Wif | Mist.
A20062,BENEDICT,kept,720,Doctor | Doc. | Do • . | Do.
A20062,DOCTOR'S MAN,kept,67,"Doc. man, | Doc. man."
A20062,FIRST SERVANT,dropped_short,13,1 Ser.
A20062,SECOND SERVANT,dropped_short,18,2 Ser. | 2 Servants
A20062,INFELICE,kept,77,Inf. | Infae.
A20062,CASTRUCCIO,kept,908,Cast: | Cast. | Cast | Castr. | Ca •• .
A20062,FLUELLO,kept,956,Flu: | Flu.
A20062,PIORATTO,kept,478,Pio: | Pio. | Pior. | Pi.
A20062,GEORGE,kept,1153,George | Geor. | Geo. | Ge. | Geo
A20062,FIRST PRENTICE,kept,88,1. prentise | 1. Pr.
A20062,SECOND PRENTICE,kept,237,2. prentise | 2. Pren. | 2. Pr. | 2. pren. | 2. Pre. | 2. pr.
A20062,CANDIDO,kept,2343,Cand. | Can. | Gan.
A20062,ROGER,kept,805,"Ro. | Ro | Rog. | Rog,"
A20062,BELLAFRONT,kept,2691,Bell | Bell. | Bel. | Be • . | • el | Bel ▪ | Belle. | Hell.
A20062,OFFICER,kept,150,Off. | Off
A20062,FINGERLOCK,kept,228,Bawd. | Baw. | Ba.
A20062,SERVANT,kept,464,Ser.
A20062,CRAMBO,kept,185,Cram. | Cramb.
A20062,POH,dropped_short,35,Po. | Poh. | Poli.
A20062,ANSELMO,kept,684,Ans. | Ansel.
A20062,TOWNE,kept,338,Tow.
A20062,SINEZI,dropped_short,10,Sin.
A20062,FIRST MADMAN,kept,498,1. Mad. | 1. Ma.
A20062,SECOND MADMAN,kept,253,2. Mad.
A20062,THIRD MADMAN,kept,94,3. Mad.
A20062,__crowd__,kept,120,All | All three | Omni. | Omn. | Om. | Onm. | Both.
A20065,LODOVICO,kept,2717,Lodouico. | Lodo. | Lod.
A20065,CAROLO,kept,440,Carolo. | Caro. | Car.
A20065,FONTINELLE,kept,50,Fontinell. | Fon. | Font. | Fron. | Fro.
A20065,ASTOLFO,kept,217,Astolfo. | Aslol. | Asto. | Ast.
A20065,BERALDO,kept,128,Bercaldo. | Bert. | Berc. | Ber.
A20065,BRIAN,kept,432,Bryan. | Bry.
A20065,ANTONIO,kept,55,Ant. | An.
A20065,BELLAFRONT,kept,2372,Bella. | Bela. | Bel. | Bell. | Bel | Bolla.
A20065,HIPPOLITO,kept,2234,Hip.
A20065,INFELICE,kept,868,Insae. | Infae | Infae. | Infa.
A20065,ORLANDO,kept,4736,"Orla. | Orl, | Orl. | Orlando. | Orl | O 〈…〉 ."
A20065,FIRST SERVINGMAN,dropped_short,35,1.
A20065,SECOND SERVINGMAN,dropped_short,14,2.
A20065,CANDIDO,kept,1661,Cand. | Can.
A20065,WIFE,kept,275,Bride. | Wife.
A20065,LUKE,dropped_short,4,Luke.
A20065,PRENTICE,dropped_short,5,1. Prent.
A20065,MATHEO,kept,2851,Mat. | Math. | Mat
A20065,SERVANT,dropped_short,9,Seruant. | Ser.
A20065,HORSELEECH,kept,206,Hors. | Hos.
A20065,BOTS,kept,803,Bots. | Boss.
A20065,DUKE,kept,1187,Duke.
A20065,FIRST VINTNER,dropped_short,22,1. Uint.
A20065,SECOND VINTNER,dropped_short,2,2. Uint.
A20065,CONSTABLE,kept,215,Const.
A20065,BILLMEN,dropped_short,2,Billmen.
A20065,FIRST MASTER,kept,725,1. Master.
A20065,DOROTHEA,kept,151,Dor. | Cor.
A20065,PENELOPE,kept,214,Pen.
A20065,CATYRINA,kept,364,Cat.
A20065,__crowd__,kept,213,Omnes. | Both. | Mat. and Front. | Lod. and Car.
A20065,[unresolved] Long.,unresolved_excluded,2,Long.
A20066,PLUTO,kept,1390,Plu. | Pln. | Plu: | Plut. | Pl • . | Luc: | Luc.
A20066,CHARON,kept,352,Cha. | Char. | Ch • . | Cha:
A20066,PRODIGAL,kept,76,Prod: | Prod.
A20066,RUFFMAN,kept,1435,Ruff. | Ruf. | Ruff: | Ruff ▪ | Ru.
A20066,SHACKLESOUL,kept,1936,Shack. | Shac. | Shac: | Sha: | Shak. | Sha • . | Shas: | Sha. | S •• ck. | Sbac. | Rush. | Rush:
A20066,GRUMBALL,kept,794,Lur. | Lur:
A20066,OCTAVIO,kept,1504,Oct. | Oct: | Octa.
A20066,ASTOLFO,kept,160,Ast. | Ast:
A20066,NARCISSO,kept,133,Nar. | Nar: | N •• :
A20066,JOVINELLI,kept,516,Iou. | Iou: | Ion. | Io:
A20066,ALFONSO,kept,2963,"K. | King. | Kin. | Kin: | Ki. | Ki: | K: | K, | K • n. | Kin"
A20066,BRISCO,kept,373,Bris. | Bris: | Br. | Bri: | Bri. | Rris: | Rus. | Pris. | Pris:
A20066,SPENDOLA,kept,179,Spen. | Sp • n. | Spen: | Sp •• .
A20066,SPIRIT,dropped_short,9,Spir.
A20066,ERMENHILD,kept,376,Erm: | Erm. | Er. | Eri.
A20066,SCUMBROTH,kept,2148,Scum. | Scum: | Scu. | Scu: | S • u. | Scu. 4. | Suc.
A20066,ALPHEGE,kept,80,Alph: | Alp.
A20066,PRIOR,kept,370,Pri. | Pri:
A20066,CLEMENT,kept,1558,Sub. | Sub:
A20066,SOLDIER,kept,217,Sol. | Sol: | Sold.
A20066,SCHOLAR,kept,71,Scho. | Sch:
A20066,MARINER,kept,147,Seap. | Seaf: | Sea:
A20066,BARTERVILE,kept,2377,Bart. | Bart: | Barr. | Bar: | Bar. | B • r. | Rar:
A20066,BRAVO,kept,323,Bra.
A20066,INNOCENTIO,kept,125,1. Gent. | 1. Gent: | 1. Gen.
A20066,GENTLEMAN,kept,100,2. Gent.
A20066,FIRST SERVANT,kept,51,1. Ser.
A20066,CARLO,dropped_short,5,Car. | 2. Ser.
A20066,GLITTERBACK,kept,133,Glitt: | Glitt. | Gl •• : | G •• t: | Gilt. | G • it. | Glit. | Giltt.
A20066,FIRST VOICE,dropped_short,1,1.
A20066,SECOND VOICE,dropped_short,1,2.
A20066,FARNESE,kept,207,Far.
A20066,FIRST PILGRIM,kept,41,"1, Pil. | 1. Pil."
A20066,ZANY,kept,103,Zany.
A20066,FRIAR,kept,75,Fri.
A20066,CALABRIA,kept,230,Cala. | Cal. | Cal • b.
A20066,FIRST DEVIL,kept,133,1. Diu.
A20066,THIRD DEVIL,dropped_short,11,3. Diu.
A20066,RAVAILLAC,kept,134,Rauill. | Rau.
A20066,FAWKES,kept,158,Fau. | Faul. | Fan.
A20066,PURITAN,kept,98,Pur.
A20066,MINOS,kept,116,Min. | Min: | M.
A20066,RHADAMANTH,dropped_short,18,Rhad. | Rhad:
A20066,AEACUS,kept,42,Aeac.
A20066,THIRD JUDGE,dropped_short,23,3. Iud. | 3. Iud:
A20066,JUDGE,dropped_short,12,Iudg.
A20066,FURY,kept,80,Fury. | Fur. | Fur: | • ur.
A20066,__crowd__,kept,386,Omn. | Omni. | Omn: | O •• . | Others. | All. | Both. | Diu. | Florish. | Ttu ̄ pets.
A20066,[unresolved] Fire.,unresolved_excluded,10,Fire.
A20066,[unresolved] Suf.,unresolved_excluded,10,Suf.
A20066,[unresolved] Au.,unresolved_excluded,12,Au.
A20066,[unresolved] 〈◊〉 .,unresolved_excluded,11,〈◊〉 .
A20066,[unresolved] Fl • t.,unresolved_excluded,1,Fl • t.
A20066,[unresolved] A • r.,unresolved_excluded,10,A • r.
A20066,[unresolved] Om • :,unresolved_excluded,4,Om • :
A20066,[unresolved] Ru •• :,unresolved_excluded,7,Ru •• :
A20066,[unresolved] A ••,unresolved_excluded,4,A ••
A20069,SAINT GEORGE,dropped_short,20,Saint George. | S George. | S. George.
A20069,SAINT ANDREW,dropped_short,6,Saint An drew.
A20069,GENIUS,kept,537,Genius.
A20069,FAME,kept,81,Fama.
A20069,EUPHROSYNE,dropped_short,31,Euphrosine.
A20069,SYLVANUS,kept,597,Syluanus.
A20069,CHORUS,kept,501,Chor.
A20069,__crowd__,dropped_short,6,Both. | Charites Horae.
A20076,FIRST OLD MAN,kept,326,1
A20076,SECOND OLD MAN,kept,589,2
A20076,FORTUNATUS,kept,4465,"Fortunatus. | Fortun. | Fort. | Fortu. | Fortunat. | For. | Fort,"
A20076,ECHO,kept,46,"Eccho | Eccho. | Eccho, | Ec cho,"
A20076,HENRY V,kept,113,1. King. | 1.
A20076,BARBAROSSA,dropped_short,32,The second King.
A20076,LOUIS,dropped_short,3,The third King.
A20076,GREGORY,dropped_short,27,Monck. | Mon.
A20076,FORTUNE,kept,1133,Fortune.
A20076,AMPEDO,kept,1186,Ampe. | Amped. | Amp.
A20076,SHADOW,kept,2321,Shad. | Sha. | Sha
A20076,ANDELOCIA,kept,5395,Andelo. | Andel. | And. | Ande. | A •• e. | A ••• l. | An.
A20076,VIRTUE,kept,780,Vertue. | Vert. | Ver.
A20076,VICE,kept,294,Vice.
A20076,PRIEST,kept,110,Priest.
A20076,CHORUS,kept,571,Chorus.
A20076,SULTAN,kept,674,Sould.
A20076,NOBLES,dropped_short,25,Nob. | Nobl.
A20076,ORLEANS,kept,810,Orle.
A20076,BOY,dropped_short,5,Boy.
A20076,GALLOWAY,kept,297,Gall. | Gallow.
A20076,CYPRUS,kept,627,Cypr. | Cyp.
A20076,AGRIPYNE,kept,1775,Agrip. | Agri. | Agr.
A20076,CORNWALL,kept,137,Cornew. | Cornw.
A20076,LONGAVILLE,kept,426,Longa. | Long. | Lon.
A20076,CHESTER,dropped_short,35,Chest.
A20076,LINCOLN,kept,144,Lincol.
A20076,ATHELSTANE,kept,763,Athelst. | Athe.
A20076,INSULTADO,kept,89,Insultad.
A20076,MONTROSE,kept,376,Montr.
A20076,QUIRE,kept,78,Quire.
A20076,FIRST VERSE,dropped_short,26,1. Verse.
A20076,SECOND VERSE,dropped_short,23,2. Verse.
A20076,THIRD VERSE,dropped_short,25,3. Verse.
A20076,__crowd__,kept,227,All. | All the Kings. | The rest. | All Kings. | The Kings. | Th'other. | Both. | Athelst. & Agrip.
A20077,GWALTER,kept,5295,"Marquesse. | Marq. | Mar. | Mar, | Marq"
A20077,PAVIA,kept,150,Pau. | Pa.
A20077,MARIO,kept,311,Mari. | Ma.
A20077,LEPIDO,kept,170,Lepi. | Lep.
A20077,JANICOLA,kept,1095,Ian. | Ia. | Ian | Lan.
A20077,GRISSIL,kept,2082,Gri. | Gris. | Gris | Grissi. | Gri ▪
A20077,BABULO,kept,1905,"Bab. | Ba. | Bab | Ba,"
A20077,LAUREO,kept,635,Lau. | Eau.
A20077,FARNESE,kept,1353,Far. | Fa. | Farn. | Far | Fa | Fra. | Par.
A20077,RHYS,kept,468,Ric. | Rice. | Ri.
A20077,URCENZE,kept,316,Vrc.
A20077,EMULO,kept,223,Emu. | Emu
A20077,SIR OWEN,kept,2472,"S. O. | S. Ow. | S.O. | Sir O. | S. Own. | Sir. O. | S Ow. | S. Ow, | S. ow. | S. owe. | ow. | Owen. | Ow. | owen. | owe. | Owe."
A20077,GWENTHIAN,kept,1105,Gwe. | Gw. | Gwen. | Gwe
A20077,ONOPHRIO,kept,213,Ono. | On.
A20077,JULIA,kept,1128,Iul. | Iu.
A20077,FURIO,kept,536,"Fur. | Fu. | Fu, | Fu"
A20077,BOY,kept,47,Boy.
A20077,BEGGAR,kept,144,Beg. | 1 Beg.
A20077,__crowd__,kept,91,All. | Both. | Mario Lepi. | All 3. | Both | Le. Mar.
A20081,FIRST GENTLEWOMAN,kept,100,1 | 1.
A20081,SECOND GENTLEWOMAN,kept,520,2 | 2.
A20081,SIR QUINTILIAN,kept,1799,Sir quin. | Sir Quint. | Sir Quin. | Sir quint. | Sir qui. | Sir quin | Sir quinti. | Sir qu • n. | Sir quin:
A20081,SIR ADAM,kept,293,Sir Adam | Sir Adam. | Sir Ad. | Sir Ada. | Sir Ad • m. | Sir Ada
A20081,FLASH,kept,356,Flash. | Fla. | Peter Flash.
A20081,SIR VAUGHAN,kept,3724,Sir Vaughen. | Sir Vaug. | Sir Vau. | Sir Vaughan. | Sir Vaugh. | Sir Vou. | Vaug. | Vaugh; | Vaugh. | Sir Van. | Sir Vau | S • r Vau. | S • r V • u | S • r Vaug. | Sir Va • . | Sir Va • | Sir Va | S •• Vaugh. | S • r Va • . | Sir Va. | S •• Vau. | Si • Vau.
A20081,MINIVER,kept,872,Mineu. | Min. | Mi •• | Min | Mi. | Mini. | Mi • i.
A20081,TERRILL,kept,1557,Teri. | Ter. | T • r.
A20081,CRISPINUS,kept,1259,Cris. | Cri. | Cr • . | Cir.
A20081,HORACE,kept,2583,Hor. | Ho. | H • r. | Ho • . | Hor • . | Hor | • Hor. | Hor • ce.
A20081,ASINIUS,kept,1477,Asini. | Asin. | Asi. | As. | As • . | As • ni. | Asi
A20081,DEMETRIUS,kept,411,Dem. | D • me.
A20081,BLUNT,kept,138,Blun. | Blum. | Blu. | Bin.
A20081,TUCCA,kept,5328,"Tuc. | Tuc | Tuc, | Tuc ▪ | Tu. | Tucca."
A20081,KING,kept,1284,King. | Kin. | King | Ki.
A20081,CELESTINE,kept,571,Cae • . | Cael. | Cal. | Cae. | C •• ▪
A20081,PETULA,dropped_short,33,1 Lady. | Petu.
A20081,DICACHE,kept,170,Dicach. | Dica.
A20081,PHILOCALIA,dropped_short,43,Philoca. | Philo.
A20081,BOY,dropped_short,28,Boy.
A20081,SERVANT,dropped_short,9,Ser.
A20081,OFFICERS,dropped_short,9,Officers.
A20081,__crowd__,kept,70,"Omnes. | Omne • . | All. | Both. | A • l the men. | Crisp. & Deme. | Sir Ad. & Sir quint. | Ladies, | Ladies. | Ladi • s. | L ••• es."
A20083,OATLEY,kept,1507,L. Maior. | L. Maior | L. Ma. | L. Mai. | Maior. | L. maior | L. ma. | L. Ma | Lord Maior. | M.
A20083,LINCOLN,kept,1285,Lincolne. | Lincol. | Linc. | Lin. | Li. | Lin | Linc
A20083,LOVELL,dropped_short,34,Louell.
A20083,LACY,kept,1026,"Lacie. | Lacy , | Lacy. | Hans. | Haunce. | Hauns. | Hans | Hauns"
A20083,ASKEW,kept,93,Askew. | Askew
A20083,EYRE,kept,3307,Eyre. | Eire. | Aire. | Eyre | Ayre
A20083,MARGERY,kept,1100,Wife. | VVife. | VVi. | Wife | Eyres Wife.
A20083,HODGE,kept,1222,Hodge. | Hodge | Hod | Hodg. | Hod. | Roger. | Rog. | H.
A20083,FIRK,kept,2975,Firke | Firk. | Firke. | Fyrk. | Fyrke. | Fir. | Firk | Fi.
A20083,JANE,kept,517,Iane. | Iane
A20083,RALPH,kept,978,"Raph. | Rafe. | Rafe | Raph | Rafe,"
A20083,DODGER,kept,294,Dodger | Dodger. | Dod.
A20083,SYBIL,kept,777,Sibil | Sibill | Sibill. | Sibil. | Sib
A20083,ROSE,kept,573,Rose | Rose.
A20083,HAMMON,kept,1282,Hammon. | Ham. | Hamond. | Hamon | Ham
A20083,WARNER,kept,58,Warner. | War. | VVar. | VVar
A20083,BOY,kept,51,Boy.
A20083,SKIPPER,kept,89,Skip.
A20083,SCOTT,kept,50,Scot.
A20083,SERVINGMAN,kept,202,Ser. | Seru. | S.
A20083,PRENTICE,dropped_short,17,Prent.
A20083,FIRST PRENTICE,dropped_short,25,I. Pren.
A20083,KING,kept,874,"King | King Lincolne,"
A20083,NOBLEMAN,kept,76,Noble man | Nob
A20083,__crowd__,kept,130,Al • . | All. | All | All of Hamons side | Both
A20083,[unresolved] 〈…〉,unresolved_excluded,26,〈…〉
A20088,MALEVENTO,kept,1215,Malevento. | Mal.
A20088,BILBO,kept,1955,Bilb. | Bil. | Bii. | Bilbo. | Clo.
A20088,CORDOLENTE,kept,1453,Cor. | Cord. | Gor.
A20088,TORMIELLA,kept,1367,Tor. | Torm. | Tar.
A20088,GAZETTO,kept,1543,Gaz.
A20088,DON JOHN,kept,1832,"Iohn. | Ioh. | Io. | Ioh, | Ioh"
A20088,PACHECO,kept,211,Pach. | Pa.
A20088,IAGO,kept,179,Iago. | Iag.
A20088,KING,kept,3898,King. | King | K. | Kin.
A20088,VALASCO,kept,1171,Valase. | Val. | Valasc. | Va.
A20088,MARTINES,kept,244,Mar. | Mart.
A20088,ALPHONSO,kept,75,Alph.
A20088,DILDOMAN,kept,877,"Lad. | La. | Lady | Lady. | Lad,"
A20088,LAZARILLO,kept,105,Laz.
A20088,OFFICER,kept,78,Off. | Offi.
A20088,FIRST GENTLEMAN,kept,106,1. Gent.
A20088,SECOND GENTLEMAN,dropped_short,26,2. Gent.
A20088,DOCTOR,kept,262,Do. | Doct. | Doctor.
A20088,QUEEN,kept,797,Qu. | Q. | Qn.
A20088,COXCOMB,kept,277,Cox.
A20088,__crowd__,kept,36,Omn.
A20090,ENVY,kept,170,ENVY.
A20090,VIRTUE,kept,54,VERTVE.
A20090,__crowd__,dropped_short,8,OMNES.
A20092,EMPRESS,kept,2259,Empr. | Emp. | Empe. | Emp:
A20092,FIRST KING,kept,485,1. King. | 1. King | 1 King. | 1 Ki. | 1. Ki. | 1. K •… ng.
A20092,SECOND KING,kept,386,2. King. | 2. King | 2 Ki. | 2 King.
A20092,SATYRANE,kept,2797,3. King. | 3. King | 3. Kidg | 3. King ▪ | 3. Kin. | 3. Ring. | 3. King: | 3. Ki. | 3 Ki.
A20092,COMO,kept,2163,1. Card. | 1 Card. | 1. Car. | Como. | Com. | Com
A20092,SECOND CARDINAL,kept,56,2. Card. | 2. Car.
A20092,THIRD CARDINAL,dropped_short,8,3. Card.
A20092,FOURTH CARDINAL,dropped_short,12,4. Card. | 4. Card:
A20092,TITANIA,kept,3233,Tita. | Titan. | Titani. | Tyta: | Tyta. | Tita: | Tita ▪ | Tit. | Ti. | Tyt. | Ttian.
A20092,FIDELI,kept,1116,Fid. | Fidel. | Fid: | F •… d.
A20092,FLORIMELL,kept,866,Flor. | Flory. | Flor: | Flo.
A20092,ELFIRON,kept,177,Elfyr. | Elfi. | Elf. | Elf:
A20092,PARTHENOPHILL,kept,444,Parth. | Parth | Parthe. | Parth: | Path.
A20092,AURA,dropped_short,20,Aur.
A20092,PARIDEL,kept,2364,Par. | Pari. | Pari: | Par: | Pary. | Pary: | Paryd. | Peri: | Pa. | Pai.
A20092,PLAIN-DEALING,kept,1929,Plain. | Plaine. | Plai. | Pla. | Play. | Pl. | Pay.
A20092,CAMPEIUS,kept,682,Camp. | Camp •… ius. | C •… mp. | Campcius.
A20092,ROPUS,kept,81,Rop. | Rop: | Ro:
A20092,CONJURER,kept,68,Con. | Coniur.
A20092,ALBANOIS,kept,238,Alba.
A20092,PALMIO,kept,211,Pal. | Palm.
A20092,RAGAZZONI,kept,37,Rag. | Ragaz.
A20092,COUSIN,kept,208,Cox: | Coz: | Crz:
A20092,GENTLEMAN,kept,200,Gent. | Gent ▪ | Gen.
A20092,HERALD,kept,145,Herald.
A20092,TRUTH,kept,192,Truth. | Tru. | Yruth. | Tr •… :
A20092,TIME,kept,692,"Time. | Time: | Time, | Tim."
A20092,PRIESTS,dropped_short,8,Sacr. Omn.
A20092,__crowd__,kept,198,Omn. | Omnes | Omu ▪ | Om. | All three. | All 3. | Card. omn. | Card. omnes. | Card. Omn. | Tres. | Both.
A20092,[unresolved] 〈◊〉 .,unresolved_excluded,2,〈◊〉 .
A20092,[unresolved] •… King.,unresolved_excluded,15,•… King.
A20092,[unresolved] Lup.,unresolved_excluded,2,Lup.
A20092,[unresolved] Uolu:,unresolved_excluded,29,Uolu:
A20092,[unresolved] Cex.,unresolved_excluded,7,Cex.
A20092,[unresolved] 4. Foo •… men,unresolved_excluded,1,4. Foo •… men
A20093,FLORENCE,kept,1102,"Flo. | Flo, | Flor."
A20093,PISA,kept,293,Pisa. | Pis.
A20093,VANNI,kept,1248,Nico. | Nic. | Nicol. | Nie. | Nichol. | Nicho. | Tor. [Nicoletto]
A20093,TREBATIO,kept,51,Treb. | Tre.
A20093,MUTIO,kept,281,Mutio. | Mut.
A20093,PHILIPPO,kept,112,Phil. | Phi.
A20093,TORNELLI,kept,50,Tor.
A20093,TORRENTI,kept,1275,Torr. | Tor. [Torrenti]
A20093,TIBALDO,kept,1016,Tib. | Tibal.
A20093,ALPHONSINA,kept,1997,Alph. | Alp.
A20093,DARIENE,kept,131,Dari. | Darie. | Dare. | Dar.
A20093,CARGO,kept,345,"Cargo. | Carg. | Car, | Car. | Caego."
A20093,ANGELO,kept,1202,"Ang. | Ang, | Ang"
A20093,BAPTISTA,kept,379,Bap. | Bapt.
A20093,PIERO,kept,333,Pier. | Pie. | Piero.
A20093,JASPERO,kept,137,Iasp.
A20093,JACOMO,kept,2173,Gent. | Gen.
A20093,STEWARD,kept,68,Stew. | Ste. | St.
A20093,MONTINELLO,kept,74,Mont.
A20093,BUZARDO,kept,85,Buz. | Buz
A20093,NURSE,kept,118,Nurs.
A20093,FIRST GALLANT,kept,49,1. Gal. | 1. Gall.
A20093,SECOND GALLANT,dropped_short,14,2. Gal. | 2. Gall.
A20093,FOURTH GALLANT,dropped_short,29,4. Gal.
A20093,BROTHER,kept,649,Broth. | Bro. | Br.
A20093,FIAMETTA,kept,637,Fia. | Fya.
A20093,ALISANDRA,kept,159,Aless.
A20093,BROKER,kept,72,Brok. | Rroak.
A20093,SOLDIER,kept,271,Soul. | So.
A20093,SERVANT,dropped_short,32,Serv. | Ser.
A20093,APOTHECARY,kept,98,Apot. | Apo.
A20093,GOLDSMITH,kept,86,Gold. | Golds.
A20093,FRIAR,kept,202,Fryar. | Fryer. | Fry.
A20093,__crowd__,dropped_short,34,Omnes. | Amb.
A20093,[unresolved] Alb.,unresolved_excluded,13,Alb.
A20093,[unresolved] Break.,unresolved_excluded,9,Break.
A20096,NORTHUMBERLAND,kept,1259,Nor: | Nor. | North. | Nort. | Nor | No.
A20096,SUFFOLK,kept,356,"Suff: | Suff. | Suff,"
A20096,WYATT,kept,2466,Wiat. | Wyat. | Wia: | W •… at. | Wia. | Wia •… . | VVia: | UUiat: | Wiat: | VVia. | Wyat: | Wya. | Wi •… . | W 〈◊〉 : | 〈◊〉 [Wyatt]
A20096,DOCTOR,dropped_short,19,Doct:
A20096,PREACHER,dropped_short,18,Pre.
A20096,GUILDFORD,kept,1475,Guil: | Gui: | Gui. | Guil. | Gui •… | G •… : | Guils: | G •… l: | Guilfor: | Guilf. | Guilf: | Guilfo: | 〈◊〉 . [Guildford] | 〈◊〉 : [Guildford] | 〈◊〉 [Guildford]
A20096,JANE,kept,727,"Ian: | Ian. | Ian, | Iane. | Iane: | 〈◊〉 . [Jane] | 〈◊〉 : [Jane]"
A20096,ARUNDEL,kept,847,Aru: | Arun. | Arun: | Aru. | Arun | A •… : | 〈◊〉 : [Arundel]
A20096,MARY,kept,628,Mary. | Mar. | Mary: | Mar: | Ma. | Ma: | Ma •… . | M •… .
A20096,BEDINGFIELD,dropped_short,34,Ben. | Ben:
A20096,BRETT,kept,557,Bre: | Bre. | Bret. | Br •… : | B •… e. | Br. | Br: | B •… . | B •… : | Br •…
A20096,TREASURER,kept,224,Tre: | Tre. | Trea.
A20096,PORTER,kept,118,Por. | Por:
A20096,WINCHESTER,kept,592,Win. | Win: | VVin: | Winc. | 〈◊〉 . [Winchester] | 〈◊〉 : [Winchester] | 〈◊〉 [Winchester]
A20096,CLOWN,kept,394,Clo: | Clo. | C •… o. | 〈◊〉 [Clown] | 〈◊〉 : [Clown] | 〈◊〉 . [Clown]
A20096,COUNTRYMAN,dropped_short,26,Man. | 〈◊〉 . [Countryman]
A20096,HERALD,dropped_short,25,He. | Her:
A20096,AMBROSE,kept,89,Amb. | Am: | Am.
A20096,ROSE,dropped_short,5,Ro.
A20096,HOLMES,kept,241,Hoom. | Hom: | Hom. | Ho: | H •… .
A20096,SHERIFF,kept,67,Sher: | She: | She.
A20096,NORFOLK,kept,264,Norf. | Norf: | Norfol. | N 〈◊〉 : [Norfolk]
A20096,LIEUTENANT,kept,106,"Lef | Lief. | Leef: | Lif. | Lie: | 〈◊〉 [Lieutenant] | 〈◊〉 , [Lieutenant]"
A20096,HARPER,kept,49,Har: | Har.
A20096,RODSTON,kept,47,Rod:
A20096,ISLEY,kept,41,Isely: | Isl. | Isl:
A20096,PEMBROKE,kept,203,Pem. | Pem: | Pemb:
A20096,MESSENGER,dropped_short,12,Mes.
A20096,CLERK,kept,159,"Clark: | Clark, | Clarke:"
A20096,ELLEN,dropped_short,12,Lad: | Lady:
A20096,HEADSMAN,dropped_short,25,Head •… . | Heds. | 〈◊〉 : [Headsman] | 〈◊〉 [Headsman]
A20096,ROOSE,dropped_short,10,〈◊〉 : [Roose]
A20096,SOLDIER,kept,54,〈◊〉 : [Soldier] | 〈◊〉 [Soldier]
A20096,__crowd__,kept,75,Omnes. | Om. | Omnes: | Om •… es. | Both | Sol: | Solo | Sol. | Within. | 〈◊〉 . [Soldiers]
A20098,FEATHERSTONE,kept,1020,Feth. | Feth | Fet. | Fe. | Within Fether.
A20098,GREENSHIELD,kept,1720,Gree. | G • ee. | Green. | Gre. | Green | Gree
A20098,INNOCENCE,kept,120,Cha. | Cham. | Ch • er.
A20098,MAYBERRY,kept,3180,"May. | Ma. | Mai. | Mayb. | M • y | May,"
A20098,BELLAMONT,kept,5232,"Bella. | Bel. | Bell. | Bel, | Bell | Be. | Bel | Bell, | Pel."
A20098,PHILIP,kept,752,Phil. | Phillip. | Phi. | Pil.
A20098,FIRST SERGEANT,kept,45,1. Ser.
A20098,SECOND SERGEANT,dropped_short,7,2. Ser.
A20098,SERVINGMAN,kept,92,Ser.
A20098,MAN,dropped_short,38,"Seru. | Seru, | Seru ▪"
A20098,DOLL,kept,3066,"Doll. | Doll | Dol. | Dol | Doll, | Dol • e | Do. | Dol ▪"
A20098,CHARTLEY,kept,97,Chart. | Char.
A20098,LEVERPOOL,kept,206,Leuer. | Leur. | Leu. | L • ue.
A20098,DRAWER,kept,47,Draw.
A20098,PRENTICE,kept,156,Prent. | Pren.
A20098,MOLL,kept,726,Wife. | Wif. | VVif. | VVife. | Wife | Misters May. | Mist. May. | Mi. May. | Mi. Me.
A20098,HORNET,kept,367,Horn. | Hor. | Harn.
A20098,HANS,kept,298,Hans. | H • ns | Han.
A20098,ALUM,kept,228,Allo. | Allom. | Al | Al.
A20098,JENKINS,kept,1583,"Captaine. | Capt. | Cap. | C • p. | Capt,"
A20098,KATE,kept,1092,Kate. | Kat. | Rat. | Ra.
A20098,TAILOR,dropped_short,22,Tay.
A20098,LEAP-FROG,kept,62,Frog. | Fro. | Leap.
A20098,SQUIRREL,kept,456,Squi. | Squir | Squir.
A20098,FULL-MOON,kept,211,Full. | Ful.
A20098,BAWD,kept,373,Baud. | • aud.
A20098,MUSICIAN,kept,127,Musi. | Mu.
A20098,HOSTESS,kept,82,Hostice. | Host. | Host ▪
A20098,__crowd__,kept,136,"Omn. | Om. | Omnes. | All. | Both: | Both. | Both, | Feth Gree. | Feth. Green."
A20100,BIRDLIME,kept,3811,B Irdlime. | Bird. | Bir. | B • rd. | Bird: | Btrd. | Biod. | Bi.
A20100,TAILOR,kept,102,Taylour. | Taylor. | Tay.
A20100,PRENTICE,dropped_short,21,Prent. | Pr.
A20100,MOLL,kept,753,"Ma. Wife. | M. Wife. | M. Wife | Ma. Wife | Ma. Wif. | Mist. Iust. | Mist, Iust. | Mist Iust. | Mistris. Iust."
A20100,JUSTINIANO,kept,5882,"Iust. | Iusti. | Iust ▪ | Par. | Par: | Par, | Par | P • r. | Prr. | Pa."
A20100,TENTERHOOK,kept,1060,Ten. | Tenter. | Tent. | Tent: | Ten
A20100,CLARE,kept,2411,"Moll. | Mol. | Cla. | Clar. | Cla: | Clare. | Clare, | Mist. Ten. | Mist. Tent. | Mist. Te. | Mist. Tent: | M • st. Tent. | Mist Tent."
A20100,MONOPOLY,kept,2152,Mono. | Mony. | Mon. | Mo. | Mo: | mono. | m • no. | Monop.
A20100,SCRIVENER,dropped_short,11,Scriue.
A20100,PHILIP,dropped_short,6,Ser. | Seruant.
A20100,JUDITH,kept,903,Iud. | Iud | Mist Hony. | Mist. Hony. | Mist. Ho. | Mist. Honi.
A20100,MABEL,kept,488,Mab. | mab. | Mist Waf. | Mist waf. | Mist wafer. | Mist. Waf.
A20100,BONIFACE,kept,53,Bon.
A20100,HONEYSUCKLE,kept,1182,Hony. | Honr. | Hon. | Ho. | Honi. | H • ny. | Ho:
A20100,EARL,kept,1205,"Earle. | Earl. | Earl, | Ear. | Ear:"
A20100,SIR GOSLING,kept,635,Goz. | Goz | Sir. Goz. | Sir Goz. | Gaz.
A20100,LINSTOCK,kept,175,Lyn. | Lin. | Lynst.
A20100,WHIRLPOOL,kept,265,Whirl. | Whirle. | Whir. | Whrl. | whirle. | Whi.
A20100,HANS,dropped_short,20,Hans.
A20100,AMBUSH,kept,303,Amb. | Amb:
A20100,CLUTCH,dropped_short,3,Clouch.
A20100,BOY,kept,43,Boy. | Boy
A20100,WAFER,kept,384,"Wafer. | Waf. | waf. | wafer | VVaf. | Waf, | Wa."
A20100,LUCE,kept,466,Luce.
A20100,CHRISTIAN,dropped_short,9,Chri:
A20100,FIRST SERVINGMAN,kept,69,1 Ser. | 1. Ser.
A20100,SECOND SERVINGMAN,dropped_short,17,2 Ser.
A20100,THIRD SERVINGMAN,dropped_short,24,3 Ser.
A20100,CHAMBERLAIN,kept,248,Cham. | Cha.
A20100,THIRD WOMAN,dropped_short,6,3. Woman.
A20100,FIDDLER,dropped_short,16,Fid.
A20100,__crowd__,kept,171,"All 3. | Al. 3. | All3. | All 3, | All. 3. | Al 3. | Omni. | Omn. | Omt. | Omn, | All. | Both. | Boath. | Booth. | Hony & Waf. | waf. and Hony. | Tent. Hony. Waf. | Iud. and Mub."
A20100,[unresolved] M.,unresolved_excluded,8,M.
A20866,FOX,kept,1459,"Fox. | Fox: | Fox,"
A20866,CRANWELL,kept,767,Cran. | Cran ▪ | Cra. | Cranw. | Craenw.
A20866,CRANMER,kept,172,Cranm.
A20866,DUCHESS,kept,3719,"Dutch. | Dut. | Dutch ▪ | Dutch: | Dut: | Dutc. | Dutch | Dutches. | Dutch, | Du ▪ | Du."
A20866,BERTIE,kept,2551,"Ber. | Bert. | Berty. | Bert, | Bertie. | Bertie, | B • r. | Bart."
A20866,BEGGARS,dropped_short,4,Beg.
A20866,BONNER,kept,1768,Bonn ▪ | Bonn. | Bon. | Bon ▪ | Bonner.
A20866,SANDYS,kept,605,Sand. | Sands. | San.
A20866,PALATINE,kept,452,Palat. | Pals ▪ | Pals.
A20866,NORTHUMBERLAND,kept,114,North.
A20866,ERBACH,kept,72,Erba.
A20866,ARUNDEL,kept,60,Arun.
A20866,GARDINER,kept,248,Gard. | Gard ▪
A20866,CLUNY,kept,669,"Clu. | Clu ▪ | Clu: | C • u: | Clunie. | Clu | Clu,"
A20866,PAGET,kept,106,Paget. | Pag.
A20866,TILER,kept,188,"Til. | Tiler. | Tiler,"
A20866,JENKIN,kept,469,"Ien. | Ienk •• , | Ienkin. | Ienk. | Ienken."
A20866,NURSE,kept,116,Nurse. | Nurse:
A20866,MESSENGER,kept,102,Mess. | Messen. | Mes.
A20866,POST,kept,59,Post.
A20866,GOSLING,kept,338,Goseli. | Gosel. | Gose. | Gos. | Gos
A20866,CONSTABLE,kept,132,Consta | Consta ▪ | Con.
A20866,PERECELL,kept,374,Pere.
A20866,FIRST THIEF,kept,55,1. Thiefe. | 1. Theefe.
A20866,SECOND THIEF,dropped_short,25,2. Thiefe.
A20866,THIRD THIEF,dropped_short,4,3. Thiefe.
A20866,THIEF,dropped_short,25,Theefe.
A20866,SEXTON,dropped_short,20,Sex.
A20866,ERASMUS,kept,71,Eras. | Era. | Erasm.
A20866,BRUNSWICK,kept,281,Bruns. | Bru. | Brun. | Bruns | Bruns:
A20866,PORTGRAVE,kept,98,Port.
A20866,CAPTAIN,kept,132,Cap. | Cap:
A20866,FIRST CAPTAIN,dropped_short,31,1. Cap. | 1 Cap.
A20866,SECOND CAPTAIN,kept,73,2. Cap.
A20866,FIRST MOURNER,dropped_short,28,1. Mour.
A20866,SHERIFF,dropped_short,36,Sherife.
A20866,RIDLEY,kept,57,Ridley. | Rid.
A20866,LATIMER,kept,110,Lati. | Laty.
A20866,SOLDIER,dropped_short,17,Soul.
A20866,BURGOMASTER,kept,217,Burg. | Bur.
A20866,ATKINSON,kept,118,Atkin.
A20866,FIRST CITIZEN,dropped_short,27,1.
A20866,SECOND CITIZEN,dropped_short,20,2.
A20866,THIRD CITIZEN,kept,56,3.
A20866,FIRST OFFICER,dropped_short,19,1 Offic. | 1. Offi.
A20866,OFFICER,kept,37,Offi. | Offic.
A20866,KEEPER,kept,45,Keep.
A20866,GRINDAL,dropped_short,9,Grind.
A20866,STORY,dropped_short,6,Story.
A20866,COX,dropped_short,40,Cox.
A20866,SCORY,dropped_short,24,Scory.
A20866,ADMIRAL,kept,134,Admi. | Adm.
A20866,HUNSDON,kept,44,Huns. | Hunsd. | Hun.
A20866,CLINTON,kept,97,Clin. | Clint.
A20866,PRISONER,dropped_short,9,Pri.
A20866,__crowd__,dropped_short,12,All. | Watch.
A20867,DRUM,kept,628,Drum.
A20867,TWEEDLE,kept,270,Twedle. | Twed. | Twe. | Timo.
A20867,SIR EDWARD,kept,2006,Sir Ed. | S. Ed. | Ed. | Sir. Ed.
A20867,MAMMON,kept,1233,Mam. | Ma. | Ent. Ma.
A20867,FOOL,kept,60,Foole.
A20867,CAMELIA,kept,697,Came. | Camel. | Ca.
A20867,KATHERINE,kept,1069,Kath. | Kathe. | Ka.
A20867,FLAWNE,kept,209,Flawn. | Flawne. | Flawne
A20867,WINIFRED,kept,1126,Wini. | Wi. | Win. | Winif.
A20867,NED BRABANT,kept,1406,Bra. | Bra. Iu. | Br. Iu.
A20867,BRABANT SENIOR,kept,756,Bra. Sig. | Br. Sig. | Bra Sig.
A20867,PLANET,kept,1761,Pla. | Plan.
A20867,FIRST PAGE,dropped_short,10,Page. 1. | 1.
A20867,SECOND PAGE,dropped_short,18,2.
A20867,PUFF,kept,501,Puff. | Puffe. | Puf. | Puff:
A20867,ELLIS,kept,423,Ellis. | El. | Ellis
A20867,PAGE,kept,351,Page. | Pa.
A20867,MONSIEUR JOHN,kept,1196,Moun.
A20867,PASQUIL,kept,1462,Pasquil. | Pas. | Pasquill. | Pas. fureus.
A20867,COUNTRY WENCH,dropped_short,8,Coun. Mayd.
A20867,MISTRESS BRABANT,kept,56,Mist. Bra.
A20951,ARDEN,kept,2465,Arden. | Ard. | Ar.
A20951,FRANKLIN,kept,1455,Franklin | Fran. | Francklin. | Fra. | Fran | Farn.
A20951,ALICE,kept,5004,Ales. | Ales | Ale. | Al.
A20951,ADAM,kept,69,Adam. | Adam
A20951,MICHAEL,kept,1598,"Michael. | Michaell. | Mich. | Mic. | Mic, | Michaell"
A20951,MOSBY,kept,2348,"Mosbie, | Mosbie. | Mos. | Mosbie | Mos | Mo."
A20951,CLARKE,kept,466,Clark. | Cla. | Clarke. | Clarke
A20951,GREENE,kept,1226,"Gre. | Greene. | Gre | Gren. | Greene | Grene. | Gre, | Gie."
A20951,SUSAN,kept,171,Su. | Susan. | Susan
A20951,BRADSHAW,kept,464,Brad.
A20951,BLACK WILL,kept,2451,Will. | Will | Wil. | Wil
A20951,SHAKEBAG,kept,1065,Shak. | Sha. | Shake. | shak | sha. | shak. | Sh.
A20951,PRENTICE,kept,54,Prentise. | Pren.
A20951,CHEYNE,kept,184,Lord Che. | Lord C.
A20951,FERRYMAN,kept,265,Fer.
A20951,SAILOR,dropped_short,26,Sayler.
A20951,REEDE,kept,317,Rede | Rede.
A20951,MAYOR,kept,166,"Maior, | Maior | Maior. | Ma. | Mai."
A21136,FABELL,kept,1782,Fa. | Fab. | Fab
A21136,COREB,kept,205,Co. | Cor. | Cor
A21136,BLAGUE,kept,1241,Host. | Bla.
A21136,SIR ARTHUR,kept,1786,Clare. | Cla. | Clar. | Sir. Ar. | Sir Ar. | Sir Arth.
A21136,DORCAS,kept,133,Dor. | Lad. | Lady. | La. Cla.
A21136,MILLICENT,kept,830,Mill. | Milli. | Milla. | Mille.
A21136,HARRY,kept,148,"Har. | Har, | Ha. Cla."
A21136,SIR RICHARD,kept,1208,"Sir Moun. | Moun. | Mount. | Old Moun. | Old Mo. | Moun,"
A21136,SIR RALPH,kept,1087,Sir Ier. | Ier. | Sir Ra. | Sir Raph. | Sir Rap.
A21136,FRANK,kept,240,Yong Ier. | Frank. | Fr. | Fra. | Fran.
A21136,RAYMOND,kept,142,Ray.
A21136,BILBO,kept,273,Bil.
A21136,BANKS,kept,181,Banks. | Bank. | Ban.
A21136,SIR JOHN,kept,536,Sir Io. | Sir Ioh. | Prie. | Priest.
A21136,SMUG,kept,388,Smug. | Smu. | Sm. | Smi.
A21136,PRIORESS,kept,302,Pri. | Prio.
A21136,NUN,kept,38,Nun.
A21136,BRIAN,kept,439,Bri. | Bri
A21136,RALPH,dropped_short,42,Raph. | Ra.
A21136,SEXTON,kept,196,Sex.
A21136,HILDERSHAM,kept,184,Hild.
A21136,BENEDICK,dropped_short,11,Ben.
A21136,CHAMBERLAIN,dropped_short,39,Chamb. | Cham.
A21144,KING EDWARD,kept,6536,"King. | King: | K. Ed: | K. Ed. | Ki: | K. | K: | Kin: | Kin. | Ki. | K. E: | K: Ed: | Kin Ed: | Ki, E: | Ki: Edw: | Ed. | Ki. Ed: | Kin. Ed:"
A21144,PRINCE EDWARD,kept,2584,"Pri: | Pr. | Pr. E. | Pr. Ed: | Pri Ed: | Pr Ed: | Pri. | Pr: | Pr, | P:"
A21144,DERBY,kept,302,"Der. | Dar. | Dar | Dar: | Der: | De,"
A21144,AUDLEY,kept,813,"Aud: | Aud. | Au. | Au, | Au: | Aud, | An:"
A21144,ARTOIS,kept,424,Ar. | Art: | Art.
A21144,WARWICK,kept,821,War: | War. | VVar. | Wa:
A21144,LORRAINE,kept,112,Lor.
A21144,LODOWICK,kept,517,"Lor: | Lo: | Lo. | Lor,"
A21144,MONTAGUE,kept,78,Moun. | Mo.
A21144,MOUNTFORD,kept,107,Mo:
A21144,COUNTESS,kept,1702,"Cou: | Count, | Count: | Co: | Co. | Con: | Cont: | Coun: | Count."
A21144,KING DAVID,kept,203,K. Da: | K. D: | Da. | Da:
A21144,DOUGLAS,dropped_short,25,Dou: | Dug: | Du:
A21144,MESSENGER,kept,94,Meſ:
A21144,KING JOHN,kept,1456,King Iohn. | K. Io: | K Ioh: | Iohn. | Io: | Ioh: | Ioh. | En: Io:
A21144,BOHEMIA,dropped_short,24,King of Boheme.
A21144,POLISH CAPTAIN,dropped_short,30,Pol. Cap.
A21144,CHARLES,kept,512,Ch: | Ch.
A21144,PHILIP,kept,195,Ph: | Ph.
A21144,MARINER,kept,556,Mar. | Ma.
A21144,FIRST FRENCHMAN,kept,91,One: | One.
A21144,SECOND FRENCHMAN,kept,213,Two: | Two.
A21144,THIRD FRENCHMAN,dropped_short,24,Three: | Three.
A21144,FRENCHWOMAN,kept,300,Wo:
A21144,GOBIN,dropped_short,11,Go:
A21144,SALISBURY,kept,712,Sa: | Sa. | Sal:
A21144,VILLIERS,kept,347,Vil. | Vil:
A21144,POOR MAN,kept,58,Poore:
A21144,PERCY,kept,135,Per: | Per.
A21144,CAPTAIN,kept,91,Cap. | Cap:
A21144,HERALD,kept,271,He: | He.
A21144,ESQUIRE,dropped_short,13,Eſq.
A21144,QUEEN,kept,138,Qu: | Q | Q.
A21144,COPLAND,kept,40,Cop: | Cop.
A21144,__crowd__,kept,66,All Fra: | All:
A21144,[unresolved] So:,unresolved_excluded,15,So:
A21159,ARISTIPPUS,kept,1542,ARISTIPPVS. | ARIRTIPPVS. | ARISTIP. | ARISTIPPVS
A21159,CARISOPHUS,kept,1809,CARISOPHVS. | GARISOPH. | CARISPH. | CARYSOPHVS. | CARYSOPH | CARYSOPH. | CARISOPH. | CARISOPH
A21159,PYTHIAS,kept,2308,PITHIAS. | PITHIAS
A21159,DAMON,kept,2376,DAMON. | DAMON
A21159,STEPHANO,kept,1589,STEPHANO. | STEP •• NO.
A21159,JACK,kept,1464,IACKE. | • ACKE.
A21159,WILL,kept,1282,"VVYLL. | VVYLL, | • VYLL"
A21159,SNAP,kept,96,SNAP. | •• AP | •• AP.
A21159,DIONYSIUS,kept,1197,DYONYSIVS. | DIONYS. | DYONYS. | DYONISYVS. | DIONYSIVS. | DIONISIVS. | DIONIS. | DYONYSYVS.
A21159,EUBULUS,kept,1269,"EVBVLVS. | EVBVLVS,"
A21159,GROANO,kept,701,GRONOO. | GRONNO. | GRONO.
A21159,GRIM,kept,1440,GRIMME | GRIMME. | GRIMME ▪
A21159,MUSES,dropped_short,41,MVSES.
A21159,__crowd__,dropped_short,5,DAMON and PITHIAS.
A21238,ROXANE,kept,963,Roxane. | Roxa. | Rox.
A21238,OCCANON,kept,2029,Occan. | Occa.
A21238,ACHATES,kept,719,Acha. | Ach.
A21238,EAMBIA,kept,1818,Queen. | Qu.
A21238,GAUDINA,kept,1104,Gaudi. | Gaudin. | Gaud. | Gaudina. | Gaudi
A21238,ALEXANDRO,dropped_short,24,Alexandro.
A21238,CONTARENUS,kept,1363,Conta. | Cont. | Contar.
A21238,NIPHE,kept,147,Ni. | Niphe.
A21246.1,PAN,kept,1905,Pan.
A21246.1,SIBYL,kept,484,Syb.
A21246.1,ISABEL,kept,35,Iſab. | Iſa.
A21246.2,MELIBOEUS,kept,449,Mel.
A21246.2,NISA,kept,209,Niſ.
A21246.2,CUT,kept,205,Cut.
A21246.2,MUSICIAN,kept,147,Do.
A21328,WILLIAM,kept,2015,W. Conqueror. | W Con. | William. | VVilliam. | Rob. VVindsor. | Robert VVindsor. | Ro. VVinds. | Rob. windsor. | Robert Wind. | Robert. Wind. | Robert Windsor. | Sir Robert. | Robert. | Sir Rob. | Willi. | William | Welliam.
A21328,LUBECK,kept,1057,Marques. | Marques | Lubeck. | Lubek. | Lubeck | LuBeck.
A21328,DIROT,kept,37,D. Dirot.
A21328,MOUNTNEY,kept,899,Mountney. | L. Mountney. | Monntney.
A21328,VALINGFORD,kept,1107,Valingford. | Valinford. | Valingf | Valingf. | Validgford. | Valingford | Valing | Valing.
A21328,GODDARD,kept,959,Miller.
A21328,EM,kept,1475,Em. | Em
A21328,TROTTER,kept,559,Trotter. | Trot.
A21328,SUENO,kept,909,King of Denmarke. | King Den. | King of Denmark. | king Den. | Zweno. K. | Zweno.
A21328,BLANCHE,kept,242,Blanch. | Blaunch. | Blannch.
A21328,MARIANA,kept,746,Mariana. | Mariana
A21328,MANVILE,kept,831,Manuile.
A21328,MESSENGER,kept,74,Messenger. | Messen.
A21328,ROSILIO,dropped_short,29,Rocilia. | Rosilio.
A21328,SOLDIER,kept,88,Souldier.
A21328,DEMARCH,kept,251,Demarch.
A21328,CITIZEN,kept,214,Citizen. | Citizen
A21328,ELINOR,kept,124,Elner.
A21328,AMBASSADOR,kept,85,Embassador.
A21411,MAID,kept,67,Maide. | Maid.
A21411,SERVINGMAN,kept,127,"Man. | Man,"
A21411,HUMIL,kept,2045,Hum. | Humil. | Humyl. | Hu.
A21411,JAMES,kept,1276,Iames. | Iam. | Iames | Iame. | Iam •…
A21411,WAT,kept,131,Wat. | VVat | VVat.
A21411,FERRIS,kept,164,Fer. | Ferris.
A21411,TOUCH,kept,1007,"Tuch. | Tutch. | Tutch, | Tutc. | Tutch"
A21411,LADY VERGIR,kept,888,"Lady. | Lady, | Ladie."
A21411,SIR WILLIAM,kept,3688,"S. Wil. | S. Will. | Sir Wil. | Sir. Wil. | Sir William. | S. Wil | S Wil. | S. Vil. | S. VVil. | S. VVi. | Sir VVil. | S VVil. | S VVill. | S. William. | Sir William,"
A21411,TUMULT,kept,401,Earle. | Earl. | Earle | Ear.
A21411,TOURES,kept,1271,Tour. | Tou. | Toures.
A21411,FILBON,kept,532,Filb. | Filbon. | Fil.
A21411,MARY,kept,269,Mary. | Marie. | Mar.
A21411,TABITHA,kept,1332,"Tabith. | Tabitha. | Tab. | Tabit. | Tabith, | Tabi. | Tabithe. | Ta."
A21411,AUDITOR,kept,721,Audit. | Auditor. | Audi. | Aud.
A21411,SIR RAFE,kept,552,"S. Rafe, | S. Kafe. | S. Rafe. | S. Ra. | Sir Rafe. | S. Raf. | S Raf."
A21411,BOY,kept,302,"Boy. | Boy,"
A21411,JOHN,kept,161,Ioh. | Iohn.
A21411,MESSENGER,dropped_short,18,Mes.
A21411,NURSE,kept,110,"Nurs. | N •• se. | Nurs,"
A21411,MADGE,kept,104,Madge.
A21411,LORD,kept,65,Lo. | Lord.
A21411,SIR HENRY,kept,251,Henry. | Henrie.
A21411,MASTER,kept,204,M r . | M •… . | Mr.
A21411,GEORGE,kept,377,Gouernour. | Gouer.
A21411,GENTLEMAN,kept,226,Gentle. | Gent. | Gen. | Gentleman.
A21411,SERVANT,dropped_short,3,Seruant.
A21411,__crowd__,dropped_short,16,Ambo. | Within. | Boy. and Iohn.
A21411,[unresolved] S. 〈◊〉,unresolved_excluded,72,S. 〈◊〉
A68191,RODERICK,kept,1070,Rod. | Rod: | Rodor. | Ro.
A68191,FLANDERS,kept,67,Flaund. | Flaun. | Fland. | Flan.
A68191,LOUIS,kept,1319,Lew. | Fran.
A68191,NAVARRE,kept,1159,Nauar. | Nau. | Na. | Nau ▪
A68191,PEMBROKE,kept,4437,Pem. | Pemb.
A68191,BOURBON,kept,1132,Bur. | Burb. | Bur. Mordew:
A68191,PHILIP,kept,1908,Phil. | Phi.
A68191,FERDINAND,kept,1433,Ferd. | Fer.
A68191,BELLAMIRA,kept,510,"Bel. | Bell. | Bel,"
A68191,KATHARINE,kept,1835,Kath. | Kat.
A68191,PETER,kept,676,Pet. | Pe. | Peter.
A68191,BOWYER,kept,2224,Bow. | Bo.
A68191,BOW-WOW,kept,664,Clow.
A68191,PAINTER,kept,39,Payn.
A68191,CORE,kept,75,Lieu. | Core.
A68191,SERGEANT,dropped_short,11,Ser.
A68191,SOLDIER,dropped_short,21,Sol. | Soul.
A68191,NOD,kept,51,Nod.
A68191,THOMASIN,kept,74,Tom. | Tho.
A68191,FORESTER,kept,219,For. | Forr.
A68191,FISHERMAN,kept,127,Fiſher.
A68191,MESSENGER,kept,50,Meſſ. | Meſs.
A68191,__crowd__,dropped_short,12,Both. | All.
A68278.1,KING JOHN,kept,3161,K. John | Iohn | John | K Iohn | K. Iohn. | K. Iohn | Ion
A68278.1,ELEANOR,kept,774,Queene Elianor. | Q. Elinor. | Q. Elinor | Q. Elianor | Elianor | Q Elinor | Q Elianor | Elinor
A68278.1,CHATILLON,kept,310,Chatt. | Chattilion | Chatilion | Chattilion.
A68278.1,SALISBURY,kept,36,Salisbury.
A68278.1,NEWDIGATE,kept,77,Shrieue
A68278.1,ESSEX,kept,218,Eſſex
A68278.1,PHILIP THE BASTARD,kept,3000,"Philip | Phil. | Philip ▪ | Philip, | Bastard | Baſtard"
A68278.1,ROBERT,kept,531,Robert
A68278.1,MARGARET,kept,416,Mother. | Mother
A68278.1,KING PHILIP,kept,548,K Philip | K. Phil. | K. Philip | King
A68278.1,CONSTANCE,kept,740,Conſtance | Constance | Conſt.
A68278.1,ARTHUR,kept,937,Arthur | Arthur.
A68278.1,LOUIS,kept,178,Lewes | Lewe •
A68278.1,LIMOGES,kept,222,Lymoges
A68278.1,BLANCHE,kept,137,Blanch | Blaunch | Blanche
A68278.1,CITIZEN,kept,442,Citizen
A68278.1,ENGLISH HERALD,kept,43,Eng. Herold | En. Her.
A68278.1,FRENCH HERALD,kept,43,Fr. Herold | Fr. Her.
A68278.1,PANDULPH,kept,374,Card.
A68278.1,MESSENGER,dropped_short,33,Meſſ. Lewes
A68278.1,HUBERT,kept,643,Hubert
A68278.1,THOMAS,kept,169,Frier | Frier.
A68278.1,ANTHONY,kept,44,2. Frier
A68278.1,ALICE,kept,110,Nunne
A68278.1,PEMBROKE,kept,138,Pembrook | Pembrooke
A68278.1,PETER,kept,151,Peter
A68278.1,__crowd__,dropped_short,32,Citizens | Herolds | Iohn. Philip. | Attendants
A68468,PRIMERO,kept,1331,Prim. | Pri. | • ri. | Pri | Pri ▪ | Primero. | Prl. | P • i • .
A68468,FRIP,kept,2532,"Frip. | Frip | Frip ▪ | Frie. | Fri. | Fri | Prip. | Frip,"
A68468,TAILBY,kept,2173,Taylb. | Tayl. | Taylb | Tay. | Tayler. | Tabl. | Tal • . | Tayl | • ay. | Taylbe | Talb.
A68468,PURSENET,kept,3058,Purſn. | Purſu. | Pur. | Purſ. | Purs. | Puſn. | Purſ ▪ | Purſ
A68468,GOLDSTONE,kept,3382,Goldſt. | Goldst. | Goldſt ▪ | Gold. | Goold. | Gold | Gol. | Gol ▪ | Go. | Go
A68468,FITZGRAVE,kept,2087,Fitſ. | Fitſg. | Fit. | Fit'g. | Fuſg | Ftiſ. | Fitſ | Bow. | Bou. | Firſ.
A68468,ARTHUR,dropped_short,18,Art. | Ar.
A68468,KATHERINE,kept,469,Kath. | Kat. | Kath | Kathe.
A68468,NOVICE,kept,83,Nouice. | Nou. | Nou
A68468,NEWCUT,kept,688,"New. | Ne •• . | New, | New"
A68468,BUNGLER,kept,1048,Bung. | Bun. | Bu. | Bung ▪ | Bungl. | Bung
A68468,FULK,kept,41,Ful. | Fulk. | Fu.
A68468,VINTNER,kept,212,Vint. | Vin. | Uint.
A68468,DRAWER,dropped_short,8,Draw.
A68468,BOY,kept,298,Boy | Boy.
A68468,JACK,kept,208,Iacke. | Ia. | Ia
A68468,MARMADUKE,kept,65,Marm. | Mar.
A68468,MAN,dropped_short,17,Man.
A68468,PIAMONT,kept,343,Pia. | Piam. | Pya. | Pyam. | Pya
A68468,CONSTABLE,kept,63,Cunſt. | Cun.
A68468,FIRST COURTESAN,kept,402,1. Curti. | 1. Cur. | 1 Curt. | 1. Curt. | I. Cur.
A68468,SECOND COURTESAN,kept,304,"2. Curt. | 2. Curt, | 2, Curt. | 2. Cur. | 2. Curt ▪"
A68468,THIRD COURTESAN,dropped_short,5,3. Cur.
A68468,COURTESAN,kept,56,Curt. | Cur.
A68468,FIRST GALLANT,dropped_short,10,1. Gal.
A68468,SECOND GALLANT,dropped_short,16,2. Gal.
A68468,__crowd__,kept,44,All. | All Curt.
A68468,[unresolved] 1.,unresolved_excluded,666,1.
A68468,[unresolved] 2.,unresolved_excluded,202,2.
A68468,[unresolved] 1,unresolved_excluded,67,1
A68468,[unresolved] 3.,unresolved_excluded,96,3.
A68468,"[unresolved] 3,",unresolved_excluded,11,"3,"
A68468,[unresolved] 4.,unresolved_excluded,98,4.
A68468,[unresolved] 4,unresolved_excluded,10,4
A68468,[unresolved] 5.,unresolved_excluded,3,5.
A68468,[unresolved] •.,unresolved_excluded,10,• .
A68468,[unresolved] I.,unresolved_excluded,65,I.
A68468,[unresolved] • . Cur.,unresolved_excluded,64,• . Cur.
A68468,[unresolved] Pay •• .,unresolved_excluded,5,Pay •• .
A68655,SILIUS,kept,2802,Sil. | Sil
A68655,VALENS,kept,562,Val. | Vall.
A68655,PROCULUS,kept,218,Pro. | P • o.
A68655,VENERIA,kept,653,Bawd. | Bawd | Ba.
A68655,HEM,kept,84,Hem.
A68655,STITCH,kept,87,St. | Stitch.
A68655,CALPURNIA,kept,571,Cal. | Calph.
A68655,SAUFELLUS,kept,1303,Sauf. | Sauf
A68655,MESSALINA,kept,3123,"Emp. | Mess. | Mess,"
A68655,MNESTER,kept,832,Men. | Men
A68655,MONTANUS,kept,814,Mon. | Mon
A68655,LEPIDA,kept,1548,Lep. | Lep
A68655,FIRST DAME,kept,115,1.
A68655,SECOND DAME,kept,47,2.
A68655,THIRD DAME,dropped_short,31,3.
A68655,FOLIO,kept,135,Ser.
A68655,SILANA,kept,589,Syla. | Syl. | Syll.
A68655,MELA,kept,959,Mela. | Mel.
A68655,VIRGILIANUS,kept,196,Vir. | V • r.
A68655,CALPURNIANUS,kept,38,Calp.
A68655,NARCISSUS,kept,808,Nar. | N • r. | Nor.
A68655,PALLAS,kept,186,Pal. | Pall.
A68655,VIBIDIA,kept,196,Vib | Vib.
A68655,SULPITIUS,kept,61,Sul. | Sulp.
A68655,FIRST GUARD,dropped_short,6,1. Gua.
A68655,SECOND GUARD,dropped_short,10,2. Gua.
A68655,FIRST SPIRIT,kept,80,1. Spir.
A68655,SECOND SPIRIT,dropped_short,29,2. Spir.
A68655,EVODUS,kept,68,Evod.
A68655,__crowd__,dropped_short,12,Both. | All.
A68683,VASTER,kept,2891,Ʋ aſt. | Vaſt. | Ʋ ast. | Vast. | Vaſter.
A68683,ROBERT,kept,1150,Rob.
A68683,FLORENCE,kept,2057,Wife. | Wif. | VVife.
A68683,MARMAID,kept,248,Marm. | Mar.
A68683,BENJAMIN,kept,3887,Ben. | Bon.
A68683,CURFEW,kept,1182,Curf. | Cur.
A68683,VALENTINE,kept,1710,Valen. | Ʋ al. | Val. | Valent. | Val
A68683,GRIPE,kept,2222,Grip. | Gripe.
A68683,NICE,kept,1463,Nic. | Ni. | Nice. | N • c.
A68683,THIRSTY,kept,470,Thirst. | Thir. | Thirſt.
A68683,ANNE,kept,332,Anne. | Ann. | An.
A68683,GRIFFIN,kept,492,Griff. | Grif.
A68683,SAGER,kept,357,Sag.
A68683,BROMLEY,kept,882,Brom. | Bro.
A68683,BRACE,kept,721,Brac. | Bra. | Ab. | Abb. | Abbot.
A68683,MESSENGER,kept,42,Meſſ.
A68683,JAILER,kept,74,Iay.
A68683,CLERK,kept,56,Clark. | Clarke.
A68683,__crowd__,dropped_short,6,All.
A68726,FERDINAND,kept,2158,"Ferdinand. | Ferd. | Fer. | Ferd | King. | King, | Kin. | King ▪ | Nauar. | Nau. | Na."
A68726,BIRON,kept,4245,"Berowne. | Berow. | Bero. | Ber. | Ber, | Ber | Berow, | Be. | Bar."
A68726,LONGUEVILLE,kept,510,Longauill. | Longa. | Lon. | Long.
A68726,DUMAINE,kept,359,Dumaine. | Dum. | Duma. | Duman.
A68726,DULL,kept,239,Conſtab. | Conſt. | Antho. | Dul. | Dull.
A68726,COSTARD,kept,1201,Clowne. | Clow. | Coſt. | Clo. | Clown. | Cl.
A68726,ARMADO,kept,1760,Arma. | Arm. | Ar. | Bra. | Brag. | Braggart. | A. | B.
A68726,MOTH,kept,1404,Boy. | Pag. | Page.
A68726,JAQUENETTA,kept,85,Iaquenetta. | Iaque. | Iaq. | Iaqu. | Iaqu • . | Maide. | Maid. | Mayd.
A68726,PRINCESS,kept,1853,"Queene. | Quee. | Que. | Qu. | Queen. | Prince. | Princ. | Prin. | Prin, | Pri."
A68726,ROSALINE,kept,1083,Roſ. | Roſa. | R • ſa. | Ros. | Rosal. | Rosa. | Roſal.
A68726,KATHERINE,kept,324,Kather. | Kath. | Lady Ka. | Lad. | La.
A68726,MARIA,kept,239,Lady M • ria. | Maria. | Mar. | Mari. | Marg. | Ma. | 1. Lady.
A68726,BOYET,kept,986,"Boyet. | Boyet, | Boyet | Boye. | Boyet reedes. | Bo. | Bo"
A68726,LORD,dropped_short,6,Lor. | Lord.
A68726,FORESTER,kept,46,Forr. | For.
A68726,HOLOFERNES,kept,1055,Holo. | Ped. | Pedan. | Peda. | Pedant. | Poda.
A68726,NATHANIEL,kept,813,Nat. | Nath. | Curat Nath. | Curat. | Cura.
A68726,MARCADE,dropped_short,28,Marcad.
A68726,SECOND LADY,kept,82,2. Lad. | Lad. 2.
A68726,THIRD LADY,kept,109,3. Lad. | Lad. 3.
A68727,ANTONIO,kept,1243,An. | Anth. | Ant. | Antho.
A68727,SALARINO,kept,801,Salarino. | Salar. | Salari. | Saleri. | Salerio. | Sal.
A68727,SOLANIO,kept,424,Salanio. | Solanio. | Sol. | Sola. | Solan.
A68727,BASSANIO,kept,2519,Baſſ. | Baſ. | Baſſa.
A68727,LORENZO,kept,1142,Loren. | Lor. | Lorenſ.
A68727,GRATIANO,kept,1101,Gra. | Grati. | Gratia. | Grat.
A68727,PORTIA,kept,4731,Portia. | Por. | Portia
A68727,NERISSA,kept,700,Ner. | Nerriſsa | Nerriſſa. | Nerriſſa | Nerriſſ. | Nerryſſ. | Ner
A68727,SERVINGMAN,dropped_short,36,Ser.
A68727,SHYLOCK,kept,2936,Shy | Shy. | Shylocke. | Iew. | Jew. | Shyl. | Iewe. | Jewe.
A68727,MOROCCO,kept,345,Morocho. | Mor.
A68727,LANCELOT,kept,1421,Clowne. | Clow. | Clo. | Launcelet. | Launce. | Launc. | Lau. | Laun.
A68727,GOBBO,kept,292,Gobbo. | Gob. | Gobbe.
A68727,LEONARDO,dropped_short,11,Leon. | Leonar.
A68727,JESSICA,kept,555,Jeſſica. | Ieſſica. | Ieſ. | Ieſſ. | Jeſſi. | Ieſſi. | Ioſ.
A68727,ARAGON,kept,497,Arra. | Arr. | Arrag.
A68727,MESSENGER,kept,129,Meſſ. | Meſſen.
A68727,TUBAL,kept,99,Tuball.
A68727,DUKE,kept,379,Duk. | Duke.
A68727,BALTHASAR,dropped_short,7,Baltha.
A68727,__crowd__,dropped_short,3,All.
A68918,SATAN,kept,989,SATHAN.
A68918,PHILOLOGUS,kept,5421,Philologus. | PHILOLOGVS.
A68918,MATHETES,kept,383,Mathetes.
A68918,HYPOCRISY,kept,3134,HYPOCRISIE. | Hypocriſie. | Hypoctiſie. | Hypocryſie. | Hypoc • iſie.
A68918,AVARICE,kept,1188,Auarice.
A68918,TYRANNY,kept,1472,"Tyranny. | Tyrannye. | Tiranny. | Tirranny. | Tyranny,"
A68918,CACONOS,kept,648,Cacon.
A68918,CARDINAL,kept,936,Cardinall.
A68918,SUGGESTION,kept,1225,Suggeſtion. | Suggeſtion
A68918,SPIRIT,kept,145,Spirit.
A68918,CONSCIENCE,kept,1007,Conſcience.
A68918,GISBERTUS,kept,149,Gisbertus. | Giſbertus. | Gisbartus.
A68918,PAPHINITIUS,kept,47,Paphinitius.
A68918,HORROR,kept,272,Horror.
A68918,EUSEBIUS,kept,804,Euſebius.
A68918,THEOLOGUS,kept,1098,Theologus.
A68918,NUNTIUS,kept,156,NVNTIVS.
A68918,__crowd__,dropped_short,25,Ambo.
A68931,KING,kept,1713,King. | Ki. | King
A68931,QUEEN,kept,1170,Queene. | Queen | Queene | Queen.
A68931,GLOUCESTER,kept,1673,Humphrey. | Hum. | Humph. | Humphrey
A68931,CARDINAL,kept,511,Cardinal. | Card. | Cardinall. | Car. | Item.
A68931,BUCKINGHAM,kept,390,Buck. | Buck ▪ | Buck | Bu. | Buc.
A68931,SOMERSET,kept,173,Som. | Somer.
A68931,SALISBURY,kept,333,Salſb. | Salſ. | Salsb. | Sall. | Sals.
A68931,WARWICK,kept,909,War. | Warwicke
A68931,YORK,kept,1686,Yorke. | Yorke | York. | York
A68931,ELEANOR,kept,784,Elnor. | Elnor
A68931,MESSENGER,kept,107,Meſſen.
A68931,HUME,kept,191,ſir Iohn. | ſir Iohn
A68931,FIRST PETITIONER,kept,51,1 Peti. | 1 Peti
A68931,SECOND PETITIONER,kept,65,2 Peti. | 2 ▪ Peti.
A68931,PETER,kept,166,Peter Thump. | Peter | Peter.
A68931,SUFFOLK,kept,1724,Suffolke. | Suffolk. | Suff. | Suff | Suffolke | Suf. | Suff ▪
A68931,ARMORER,kept,174,Armor. | Armonrer | Arm.
A68931,WITCH,kept,38,Witch.
A68931,BOLINGBROKE,kept,125,Bullen | Bullen.
A68931,SPIRIT,kept,60,ſpirit. | ſpirite.
A68931,TOWNSMAN,dropped_short,38,One. | One
A68931,SIMPCOX,kept,137,poore man | poore. | Poore man
A68931,WIFE,dropped_short,10,Woman. | Woman
A68931,MAYOR,dropped_short,21,Mayor | Maior
A68931,BEADLE,dropped_short,12,Beadle
A68931,FIRST NEIGHBOR,dropped_short,21,1 Neighbor
A68931,SECOND NEIGHBOR,dropped_short,8,2 Neigh.
A68931,THIRD NEIGHBOR,dropped_short,17,3 Neigh.
A68931,FIRST PRENTICE,dropped_short,10,1 Prentiſe
A68931,SECOND PRENTICE,dropped_short,11,2 Pren.
A68931,THIRD PRENTICE,dropped_short,21,3 Pren.
A68931,PRENTICE,dropped_short,8,Pren.
A68931,SERVINGMAN,dropped_short,22,ſeruing. | Seruing.
A68931,HERALD,dropped_short,19,Herald.
A68931,SHERIFF,dropped_short,26,Shiriffe
A68931,STANLEY,dropped_short,33,Standly
A68931,VAUX,kept,63,Vawſe.
A68931,CAPTAIN,kept,183,Cap. | Cap ▪
A68931,WALTER,kept,87,Walter
A68931,FIRST PRISONER,dropped_short,9,1 Priſ.
A68931,SECOND PRISONER,dropped_short,14,2 Priſo.
A68931,MASTER,dropped_short,10,Maſter
A68931,GEORGE,kept,182,George. | George
A68931,NICK,kept,110,Nicke | Nick | Nicke.
A68931,CADE,kept,1523,Cade. | Cade
A68931,DICK,kept,131,Dicke | Dick
A68931,WILL,kept,59,Wil. | Will | Will.
A68931,ROBIN,dropped_short,26,Robin
A68931,HARRY,dropped_short,22,Harry
A68931,CLERK,dropped_short,27,Clarke | Clarke.
A68931,TOM,dropped_short,31,Tom. | Tom
A68931,STAFFORD,kept,93,Staf. | Stafford. | Staff.
A68931,SAY,kept,98,Say. | Say | Reade.
A68931,SCALES,kept,66,L. Scayles
A68931,FIRST CITIZEN,kept,41,1 Cutizen
A68931,SOLDIER,dropped_short,4,ſould.
A68931,SERGEANT,dropped_short,21,ſer.
A68931,CLIFFORD,kept,351,Cliff. | Clif.
A68931,IDEN,kept,261,Eyden | Eyden. | Eyd.
A68931,EDWARD,dropped_short,24,Edward | Edw.
A68931,RICHARD,kept,149,Richard | Rich.
A68931,YOUNG CLIFFORD,kept,166,Yong Clif. | yong Clif.
A68931,__crowd__,kept,45,All. | All | Both:
A68931,[unresolved] Reads,unresolved_excluded,39,Reads
A68931,[unresolved] Ail.,unresolved_excluded,4,Ail.
A68931,[unresolved] 2,unresolved_excluded,7,2
A69188,FIRST GENTLEMAN,kept,218,1
A69188,SECOND GENTLEMAN,kept,262,2
A69188,THIRD GENTLEMAN,kept,141,3
A69188,PROLOGUE,kept,479,Prol.
A69188,BASILIUS,kept,2113,Baſil. | Baſi. | Baſil ▪ | Ba. | Duke. | Duk. | Duk | King.
A69188,GYNECIA,kept,895,Gy. | Gyn. | Dutch. | Dut. | Du.
A69188,HIPPOLITA,kept,941,Hip.
A69188,VIOLETTA,kept,1374,Viol. | Vio. | Ʋ iol.
A69188,KALANDER,kept,476,1 Cap. | 1. Cap. | Kal. | Ka.
A69188,PHILANAX,kept,348,2 Cap. | 2. Cap. | Phil. | Phi.
A69188,DAMETAS,kept,2762,"Dam. | Dame. | Dam, | Damet. | Da. | Auri."
A69188,MANASSES,kept,2113,Man. | Manaſ. | Ma. | Max.
A69188,AMINTOR,kept,945,Amin. | Am. | Ami.
A69188,JULIO,kept,870,Iulio. | Iul. | Iulio | Iuli. | Iul | Iu.
A69188,LYSANDER,kept,2401,Liſan. | Liſa. | Li. | Liſ. | Liſa
A69188,DEMETRIUS,kept,2126,Dem. | Demet. | Deme. | Den • . | De. | Dem | De •• . | Dor.
A69188,PAGE,kept,448,Page. | Pag.
A69188,BOY,kept,572,Boy.
A69188,MISO,kept,1278,Miſo. | Miſ. | Mi. | Mi
A69188,MOPSA,kept,674,Mop.
A69188,WIFE,kept,244,Wi. | Wife. | Wif.
A69188,[unresolved] •… .,unresolved_excluded,70,•… .
A72254,VENUS,kept,132,Venus. | Venus ſings.
A72254,THETIS,kept,80,Thetis. | Thet.
A72254,PHOEBUS,kept,622,Phoebus. | Phoebus ſpeaks. | Phoeb. ſpeaks.
A72254,PLACENTA,kept,2016,Pla. | Plac. | Pla:
A72254,ISABELLA,kept,233,Iſa. | Iſab.
A72254,CONSTANTINA,kept,482,Conſt. | Con. | Conſtan. | Con: | Const.
A72254,ANTEROS,kept,6938,"Ant. | Anter. | Ante. | Ante, | Ant: | Ant | An • . | An. | Ieoff • y."
A72254,LUCIUS,kept,2486,"Luc. | Luc, | Luci."
A72254,ENDYMION,kept,308,End. | Endy. | Endym.
A72254,LUSCINIO,dropped_short,4,Luſc.
A72254,PANDORA,kept,1407,Pan. | Pand. | Paud.
A72254,NEANDER,kept,1167,Nean. | Nea. | Nean: | Nean | Cleo.
A72254,LIVELY,kept,1483,Liu. | Liue. | Live. | Li.
A72254,GANYMEDE,kept,41,Gan. | Gan:
A72254,TEMPEST,dropped_short,29,Tem. | Temp.
A72254,ARTHUR,kept,111,Arth. Arm. | Art. Ar. | Arth. | Arthur. | Arm.
A72254,ZEALOUS,kept,157,Zealous Kn. | Zeal. | Zea. | Zeal:
A72254,STUTCHELL,kept,140,Stutch. | Stuch. | Stu. | Stutch:
A72254,HUGO,kept,73,Hug. | Hugo. | Hu.
A72254,LOVE-ALL,kept,3003,Lou. | Lou | Loue. | Love. | Lov. | Lou: | Lo. | Loveall. | Iack.
A72254,STIPES,kept,3339,"Sti. | Sti, | Stip. | Stip | Stip: | Stip,"
A72254,URSELY,kept,427,Vrſ. | Ʋ rſ. | Vrſe. | M rs Vrſe.
A72254,MERDA,kept,705,Mer. | Merd. | Merda.
A72254,HOOK,kept,1475,"Hook. | Hoo. | Hooke. | Hooke, | Hook: | Hooke | Ho."
A72254,HAMMERSHIN,kept,385,Ham. | Hamm.
A72254,MONGREL,kept,494,Mung. | Mun. | Mu.
A72254,NODDLE,kept,660,Nodd. | Nod. | Noddle. | Nod
A72254,WISEACRES,kept,312,Will. | Wiſe. | VViſe. | Wiſ.
A72254,FIRST TREBLE,kept,55,1. Treb.
A72254,SECOND TREBLE,dropped_short,37,2. Treb.
A72254,CHORUS,dropped_short,29,Chor.
A72254,FIRST RUSTIC,kept,265,1. Ruſt. | Ruſt. 1. | 1 Ruſt. | 1 Rust. | 1 Ruſſ. | 1 Rust:
A72254,SECOND RUSTIC,kept,141,2. Ruſt. | 2 Rust. | 2 Ruſt. | 2 Rust:
A72254,FIRST MAID,dropped_short,13,1. Mayd.
A72254,SECOND MAID,kept,61,2. Mayd.
A72254,FIRST ANCIENT,kept,38,1 Anc.
A72254,SECOND ANCIENT,kept,54,2 Anc.
A72254,LAURENTIO,kept,664,Laur. | Lau. | La.
A72254,BEDLAM,kept,73,Bedl. | Bedlam ſings.
A72254,TERPANDER,kept,585,Ter. | Ter:
A72254,BOY,dropped_short,2,Boy.
A72254,__crowd__,dropped_short,6,Amb. | All. | Omnes.
A72473.1,LITTLEWIT,kept,2383,LITT. | LIT. | IOH. | ION.
A72473.1,WIN,kept,725,WIN. | VVIN.
A72473.1,WINWIFE,kept,688,WIN-W. | WIN W. | WIN-W | WIN-VV.
A72473.1,QUARLOUS,kept,4122,QVAR. | QVA. | QVA
A72473.1,WASP,kept,3521,WAS. | WAS
A72473.1,COKES,kept,3417,COK. | COOK. | COK
A72473.1,MISTRESS OVERDO,kept,453,OVER. | OVE. | OVER
A72473.1,GRACE,kept,877,GRA.
A72473.1,PURECRAFT,kept,862,PVR.
A72473.1,BUSY,kept,1784,"BVS. | BVS, | BAS."
A72473.1,SOLOMON,dropped_short,2,SAL.
A72473.1,TRASH,kept,523,TRA.
A72473.1,LEATHERHEAD,kept,2074,LEA. | LAN. | (LAN. | LAN | • AN. | LAV:
A72473.1,OVERDO,kept,2267,IVS. | IVS | IVS·
A72473.1,COSTERMONGER,dropped_short,37,COS.
A72473.1,NIGHTINGALE,kept,899,NIG.
A72473.1,URSULA,kept,1672,"VRS. | VRS,"
A72473.1,MOONCALF,kept,318,MOO.
A72473.1,KNOCKEM,kept,1812,"KNO. | KNO,"
A72473.1,CORNCUTTER,dropped_short,8,COR.
A72473.1,TINDERBOX MAN,dropped_short,11,TIN.
A72473.1,EDGEWORTH,kept,1077,"EDG. | EDG,"
A72473.1,HAGGIS,kept,318,HAG.
A72473.1,BRISTLE,kept,957,BRI. | BRI
A72473.1,WHIT,kept,1112,"WHI. | WHI, | VVHI. | WHIT."
A72473.1,TROUBLEALL,kept,610,TRO.
A72473.1,POCHER,dropped_short,23,POC.
A72473.1,NORTHERN,dropped_short,36,NOR.
A72473.1,CUTTING,kept,189,CVT.
A72473.1,ALICE,kept,84,ALE.
A72473.1,FILCHER,kept,62,FIL.
A72473.1,SHARKWELL,kept,164,SHA. | SHA
A72473.1,PUPPET,kept,246,PVP. | PVS.
A72473.1,PUPPET LEANDER,kept,119,PVP. L. | PVP· L.
A72473.1,PUPPET COLE,kept,51,PVP. C.
A72473.1,PUPPET JONAS,dropped_short,29,PVP. Io: | PVP. I.
A72473.1,PUPPET PYTHIAS,kept,41,PVP. Pi. | PVP. P. | PVP. P
A72473.1,PUPPET DAMON,kept,124,PVP. Da. | PVP. D.
A72473.1,PUPPET HERO,kept,64,PVP. H.
A72473.1,__crowd__,kept,55,ALL | EDG. NIG. | PVP. Da. Pi. | PVP. P. D. | PVP. D. P.
A72473.1,[unresolved] ERA.,unresolved_excluded,3,ERA.
A72473.10,JACKMAN,kept,800,JACKMAN. | JACK. | JAC.
A72473.10,SECOND GYPSY,kept,507,2 GIPSIE. | 2 GIP.
A72473.10,PATRICO,kept,2160,PATRICO. | PATRICO | PATR. | PAT.
A72473.10,THIRD GYPSY,kept,1001,3. GIPSIE. | 3 GIPSIE. | 3 GIP.
A72473.10,CAPTAIN,kept,578,CAPTAINE.
A72473.10,FOURTH GYPSY,kept,304,4 GIPSIE. | 4 GIP.
A72473.10,FIFTH GYPSY,kept,70,5 GIPSIE. | 5 GIP.
A72473.10,FIRST GYPSY,kept,42,1 GIP.
A72473.10,COCKEREL,kept,290,COCK. | COC. | CO.
A72473.10,CLOD,kept,351,CLO. | CL. | CLO | CLOVV. | TOM. | TOM
A72473.10,TOWNSHEAD,kept,326,TOVV. | TO.
A72473.10,PUPPY,kept,608,PUP. | PU. | PVP.
A72473.10,PRUDENCE,dropped_short,25,PRU.
A72473.10,LONG MEG,kept,39,ME.
A72473.10,FRANCES,dropped_short,18,FRA.
A72473.10,CHRISTIAN,dropped_short,29,CHR.
A72473.10,__crowd__,dropped_short,13,BOTH. | ALL.
A72473.10,[unresolved] SO.,unresolved_excluded,5,SO.
A72473.10,[unresolved] BEVER.,unresolved_excluded,61,BEVER.
A72473.11,NOTCH,kept,901,NOTCH. | NOT.
A72473.11,SLUG,kept,193,SIVG. | SLVG.
A72473.11,GROOM,kept,366,GROOM. | GRO. | GR. | GROOME.
A72473.11,VAN GOOSE,kept,375,VAN. | NAN.
A72473.11,LADY,kept,72,LADY.
A72473.11,APOLLO,kept,971,APOLLO | Apollo. | APOLLO.
A72473.11,LINUS,dropped_short,1,LINVS.
A72473.11,ORPHEUS,dropped_short,1,ORPHEVS.
A72473.11,BRANCHUS,kept,66,BRANCHVS. | BRANCHUS.
A72473.11,IDMON,dropped_short,5,IDMON.
A72473.11,PHEMONOE,dropped_short,24,PHOEMONOE.
A72473.11,CHORUS,kept,294,CHORVS. | CHORUS.
A72473.11,JOVE,kept,56,JOVE.
A72473.11,EARTH,dropped_short,8,The Earth riſeth.
A72473.11,__crowd__,kept,184,APOLLO and CHORUS. | Earth with the reſt.
A72473.12,FAME,kept,447,FAME.
A72473.12,EARS,kept,315,EARES.
A72473.12,EYES,kept,358,EIES.
A72473.12,NOSE,kept,397,NOSE. | NOES.
A72473.12,CHRONOMASTIX,kept,440,CHRON. | CHRO.
A72473.12,VENUS,kept,49,VENUS. | VENVS.
A72473.12,SATURN,kept,97,SATURNE.
A72473.12,VOTARIES,kept,353,VOTARIES. | CHORUS. | CHORVS.
A72473.12,CUPID,kept,137,CUPID. | CUIPID.
A72473.12,SPORT,kept,308,SPORT.
A72473.12,DIANA,kept,88,DIANA.
A72473.12,HIPPOLYTUS,kept,121,HIPPOLITUS. | HIPPOLITVS.
A72473.13,COOK,kept,1048,COOKE.
A72473.13,POET,kept,834,POET.
A72473.13,CHILD,kept,161,CHILD.
A72473.13,APOLLO,kept,39,APOLLO.
A72473.13,CHORUS,kept,242,CHORVS.
A72473.13,PROTEUS,kept,243,PROTEVS.
A72473.13,PORTUNUS,kept,109,PORTVNVS.
A72473.13,SARON,kept,98,SARON.
A72473.13,SAILORS,dropped_short,14,SAYLORS.
A72473.14,FIRST NYMPH,kept,36,NYMPH I.
A72473.14,SECOND NYMPH,kept,39,NYMPH II.
A72473.14,THIRD NYMPH,kept,41,NYMPH III.
A72473.14,SHEPHERD,kept,521,SHEPHERD.
A72473.14,FENCER,kept,907,FENCER. | A Fencer flouriſhing.
A72473.14,PRIESTS,kept,401,HYMNE I. | HYMNE II. | HYMNE III. | HYMNE IIII.
A72473.14,CHORUS,kept,98,CHO.
A72473.15,CAPTAIN COX,kept,999,CAP. COXE.
A72473.16,JOHPHIEL,kept,1675,JOHPHIEL. | JOHPHIEL
A72473.16,MEREFOOL,kept,385,MERE-FOOLE.
A72473.16,SCOGAN,kept,68,SKOGAN. | SCOGAN.
A72473.16,SKELTON,kept,154,SKELTON.
A72473.16,CHORUS,kept,216,CHORVS.
A72473.16,PROTEUS,kept,242,PROTEVS.
A72473.16,PORTUNUS,kept,113,PORTVNVS.
A72473.16,SARON,kept,94,SARON.
A72473.17,EUPHEMUS,kept,278,EVPHEMVS | EVPHEMVS.
A72473.17,CHORUS,kept,274,CHORVS. | CHO. | SEME-CHO. | SEMI-CHO.
A72473.17,AMPHITRITE,kept,61,AMPHITRITE.
A72473.17,EUCLIA,kept,40,EVCLIAS Hymne.
A72473.17,JUPITER,dropped_short,10,JVP.
A72473.17,JUNO,dropped_short,14,JVN.
A72473.17,GENIUS,dropped_short,10,GEN.
A72473.17,HYMEN,dropped_short,1,HYM.
A72473.17,VENUS,kept,63,VENVS.
A72473.18,ZEPHYRUS,kept,94,ZEPHYRVS.
A72473.18,SPRING,kept,218,SPRING.
A72473.18,NAIADS,kept,41,FOVNTAINES.
A72473.18,POSTILION,kept,421,POSTILION.
A72473.18,JUNO,kept,46,JVNO.
A72473.18,IRIS,kept,42,IRIS.
A72473.18,FAME,kept,79,FAME.
A72473.18,CHORUS,kept,109,CHORVS. | CHORVS
A72473.18,POESY,dropped_short,6,POESY.
A72473.18,HISTORY,dropped_short,6,HISTORY.
A72473.18,ARCHITECTURE,dropped_short,7,ARCHITECTVRE.
A72473.18,SCULPTURE,dropped_short,9,SCVLPTVRE.
A72473.18,__crowd__,kept,122,"RIVERS, SPRING, FOVNTAINES. | RIVERS, FOVNTAINES."
A72473.19,DOUBT,dropped_short,34,DOVET. | Dou.
A72473.19,LOVE,kept,67,LOVE.
A72473.19,AFFECTIONS,kept,132,CHORVS.
A72473.19,ACCIDENCE,kept,747,ACCI. | ACC. | AC.
A72473.19,FITZALE,kept,457,FITZ.
A72473.19,GENTLEMAN,kept,441,Gentleman.
A72473.2,PUG,kept,1925,PVG. | PVG
A72473.2,SATAN,kept,1817,SAT. | DIV.
A72473.2,INIQUITY,kept,435,INI.
A72473.2,FITZDOTTREL,kept,5525,FIT. | FIT | FIT: | (FIT.
A72473.2,WITTIPOL,kept,4135,WIT. | VVIT. | WI.
A72473.2,ENGINE,kept,754,ING. | ING
A72473.2,MANLY,kept,903,MAN. | MAN
A72473.2,MISTRESS FITZDOTTREL,kept,959,M rs . FI. | M rs . FI | M. FI. | M rs . FIT.
A72473.2,MERECRAFT,kept,5483,MER. | MER: | MER
A72473.2,TRAINS,kept,95,TRA.
A72473.2,PLUTARCHUS,kept,344,PLV. | (PLV.
A72473.2,GILTHEAD,kept,512,GVI.
A72473.2,EVERILL,kept,967,EV. | EVE. | (EVE. | EVE:
A72473.2,PITFALL,kept,75,PIT.
A72473.2,TAILBUSH,kept,1004,TAY. | TAI.
A72473.2,LADY EITHERSIDE,kept,321,EIT. | EYT. | EI.
A72473.2,AMBLER,kept,787,AMB.
A72473.2,SLEDGE,dropped_short,35,SLE.
A72473.2,KEEPER,kept,43,KEE.
A72473.2,SHACKLES,kept,210,SHA.
A72473.2,SIR PAUL,kept,325,POV. | POV:
A72473.2,__crowd__,dropped_short,6,TRA. PIT. | SER.
A72473.20,FIRST TENOR,kept,57,1. TEN. | 1.
A72473.20,SECOND TENOR,kept,67,2. TEN. | 2.
A72473.20,BASS,kept,79,BAS.
A72473.20,VITRUVIUS,kept,466,VIT.
A72473.20,EROS,kept,210,ER. | EROS.
A72473.20,ANTEROS,kept,213,AN.
A72473.20,PHILALETHES,kept,498,Philalethes.
A72473.20,[unresolved] 〈◊〉 1.,unresolved_excluded,6,〈◊〉 1.
A72473.21,MORTIMER,kept,431,MORTIMER. | MOR.
A72473.21,ISABEL,kept,135,ISA.
A72473.22,COMPASS,kept,5350,COm. | Com. | Com
A72473.22,IRONSIDE,kept,1203,Iro. | Ir • .
A72473.22,PALATE,kept,639,Pal.
A72473.22,LOADSTONE,kept,878,Lad.
A72473.22,RUT,kept,1675,Rut.
A72473.22,POLISH,kept,2436,Pol. | Pol
A72473.22,SILKWORM,kept,742,Dia. | Silk. | Silke. | Sil.
A72473.22,PRACTICE,kept,831,Pra.
A72473.22,INTEREST,kept,2191,Int.
A72473.22,BIAS,kept,801,Bia. | Bias. | Bal.
A72473.22,TRYGUST,kept,1155,BOy. | Boy.
A72473.22,PROBEE,kept,487,Pro.
A72473.22,DAMN-PLAY,kept,444,Dam.
A72473.22,KEEP,kept,642,Kee. | Keep.
A72473.22,PLACENTIA,kept,62,Pla.
A72473.22,PLEASANCE,kept,210,Ple.
A72473.22,NEEDLE,kept,562,Nee.
A72473.22,ITEM,kept,352,Item. | Ite. | Iem. | Tim:
A72473.22,CHAIR,kept,403,CHa. | Cha.
A72473.22,VARLET,kept,43,Var.
A72473.22,__crowd__,dropped_short,10,All.
A72473.23,SIR HUGH,kept,1717,Hug. | Hugh. | Hugh:
A72473.23,TUB,kept,2496,Tub. | Tub
A72473.23,HILTS,kept,2333,Hil. | Hilt. | Hit.
A72473.23,CLENCH,kept,508,Cle.
A72473.23,MEDLEY,kept,1697,Med.
A72473.23,SCRIBEN,kept,475,Scri. | Scr. | Sc.
A72473.23,TO-PAN,kept,425,Pan. | Pan:
A72473.23,PUPPY,kept,2004,Pup. | Pup
A72473.23,TURF,kept,3184,Tur. | Turfe.
A72473.23,DAME TURF,kept,813,D. Tur. | D. Turfe.
A72473.23,CLAY,kept,367,Cla. | Clay.
A72473.23,MADGE,dropped_short,15,Mad.
A72473.23,JOAN,dropped_short,9,Io.
A72473.23,PREAMBLE,kept,1019,Pre.
A72473.23,METAPHOR,kept,1056,Met.
A72473.23,LADY TUB,kept,1746,Lad.
A72473.23,POL-MARTEN,kept,447,Pol.
A72473.23,WISPE,kept,171,Wiſ. | Did.
A72473.23,AUDREY,kept,801,Awd. | Awdrey:
A72473.23,JACK,kept,65,Iac.
A72473.23,FIRST GROOM,kept,55,Gro. 1.
A72473.23,SECOND GROOM,dropped_short,32,Gro. 2.
A72473.23,__crowd__,dropped_short,7,All.
A72473.23,[unresolved] Ite.,unresolved_excluded,15,Ite.
A72473.24,MARIAN,kept,1212,Mar. | Mor.
A72473.24,TUCK,kept,313,Tuc. | Tuck.
A72473.24,LITTLE JOHN,kept,199,Io. | Ioh. | Joh. | Jo.
A72473.24,GEORGE,kept,156,Geo.
A72473.24,MUCH,kept,66,Muc. | Mu. | Much.
A72473.24,AEGLAMOUR,kept,1238,Aeg. | Aegl. | Ear.
A72473.24,ROBIN,kept,848,Rob.
A72473.24,CLARION,kept,432,Cla. | Clar.
A72473.24,LIONEL,kept,457,Lio.
A72473.24,KAROLIN,kept,449,Kar. | Karol. | Car.
A72473.24,MELLIFLEUR,kept,137,Mel.
A72473.24,ALKEN,kept,674,Alken. | Alk.
A72473.24,SCATHLOCK,kept,200,Sca. | Scat. | Sea.
A72473.24,SCARLET,kept,40,Scar. | Skar.
A72473.24,AMIE,kept,550,Am.
A72473.24,MAUDLIN,kept,1294,Mau. | Maud. | Man.
A72473.24,DOUCE,kept,67,Dou.
A72473.24,LOREL,kept,353,Lor.
A72473.24,PUCK,kept,111,Puc. | Puck.
A72473.3,PENNYBOY JUNIOR,kept,4244,P. IV. | P.IV. | P.IN.
A72473.3,CANTER,kept,2366,P. CA. | P.CA. | P CA. | P. CAN. | P.CAN. | P. CA | P.C.
A72473.3,RICHER,kept,3637,P. SE. | P.SE. | P. Se. | P.Se. | P. SE | P. S.
A72473.3,LEATHERLEG,dropped_short,5,LET. | SHO.
A72473.3,FASHIONER,kept,299,FAS.
A72473.3,THOMAS,kept,1250,THO.
A72473.3,HABERDASHER,dropped_short,16,HAB.
A72473.3,LINENER,dropped_short,7,LIN.
A72473.3,SPURRIER,dropped_short,19,SPV.
A72473.3,NATHANIEL,kept,372,CLE. | CLA.
A72473.3,REGISTER,kept,245,REG.
A72473.3,COUNTRYWOMAN,dropped_short,26,WO.
A72473.3,CYMBAL,kept,1149,CYM. | CIM.
A72473.3,FITTON,kept,1134,"FIT. | FIT, | FI."
A72473.3,PICKLOCK,kept,1938,PIC. | PICK. | PIC
A72473.3,MIRTH,kept,996,MIRTH. | MIR. | MIRT.
A72473.3,CENSURE,kept,688,CENSVRE. | CEN.
A72473.3,EXPECTATION,kept,359,EXPECTATION. | EXPEC. | EXPECTA. | EXP.
A72473.3,TATTLE,kept,917,TATLE. | TAT.
A72473.3,PECUNIA,kept,543,PEC.
A72473.3,MORTGAGE,kept,44,MOR.
A72473.3,BAND,kept,174,BAN. | BAND.
A72473.3,STATUTE,kept,150,STA.
A72473.3,WAX,kept,59,WAX.
A72473.3,BROKER,kept,693,BRO.
A72473.3,PIEDMANTLE,kept,214,PYE.
A72473.3,LICKFINGER,kept,1286,LIC. | LIc. | (LIC.
A72473.3,ALMANAC,kept,684,ALM. | ALM
A72473.3,SHUNFIELD,kept,645,SHVN. | SHV.
A72473.3,MADRIGAL,kept,523,MAD.
A72473.3,DOPPER,kept,76,DOP.
A72473.3,SECOND CUSTOMER,dropped_short,22,C. 2.
A72473.3,FIRST CUSTOMER,dropped_short,14,CVS. 1.
A72473.3,FOURTH CUSTOMER,dropped_short,31,CVS. 4.
A72473.3,FIFTH CUSTOMER,dropped_short,3,CVS. 5.
A72473.3,PORTER,dropped_short,38,POR.
A72473.3,__crowd__,dropped_short,23,ALL. | REST. | CEN. TAT. | TRA.
A72473.3,[unresolved] SAT.,unresolved_excluded,4,SAT.
A72473.4,CHRISTMAS,kept,202,CHR. | CHRIST.
A72473.4,GAMBOL,kept,73,GAMB.
A72473.4,CAROL,kept,42,CAROL.
A72473.4,VENUS,kept,416,VEN.
A72473.4,OFFERING,kept,49,OFFERING. | OFFER.
A72473.4,NEW YEAR'S GIFT,dropped_short,7,NEVV-YEER.
A72473.4,CUPID,kept,37,CVPID.
A72473.5,MERCURY,kept,397,MERCVRY.
A72473.5,LETHE,kept,36,LETHE.
A72473.5,FIRST FATE,dropped_short,14,1. FATE.
A72473.5,SECOND FATE,dropped_short,33,2. FATE.
A72473.5,THIRD FATE,dropped_short,22,3. FATE.
A72473.5,CHORUS,kept,88,CHORVS.
A72473.5,CUPID,kept,204,CVPID— | CVPID.
A72473.5,__crowd__,dropped_short,32,FATES.
A72473.5,[unresolved] FATE.,unresolved_excluded,20,FATE.
A72473.6,DELIGHT,kept,182,"DELIGHT | DELIGHT,"
A72473.6,FANCY,kept,298,PHANT'SIE. | PHANT'SIE
A72473.6,WONDER,kept,217,WONDER
A72473.7,HERCULES,kept,310,HERCVLES. | HER.
A72473.7,FIRST PYGMY,kept,138,1. PIGMIE.
A72473.7,MERCURY,kept,380,MERCVRY. | MER.
A72473.8,GRIFFITH,kept,419,GRIF. | GRI. | GR.
A72473.8,JENKIN,kept,1193,JEN. | JEN
A72473.8,EVAN,kept,1023,EV. | EVAN. | EVA.
A72473.8,HOWELL,kept,235,HOVV. | HO. | HOVVELL.
A72473.8,RHYS,kept,209,RHE. | RH. | RHEESE.
A72473.8,FIRST WOMAN,kept,115,1 | 1 WO.
A72473.8,SECOND WOMAN,dropped_short,36,2
A72473.8,CHORUS,kept,58,Chorus | CHORVS.
A72473.9,FIRST HERALD,kept,641,1 HER. | 1 HE. | 1 HE
A72473.9,SECOND HERALD,kept,805,2 HER. | 2 HE.
A72473.9,PRINTER,kept,361,PRINT. | PRIN. | PR.
A72473.9,CHRONICLER,kept,232,CHRO. | CHR. | CH. | Chro.
A72473.9,FACTOR,kept,524,FACT. | FAC. | FA.
A72573,DILIGENCE,kept,2110,"DILIGENCE. | Diligence. | Dili. | Dil. | ¶Dil. | ¶Diligence. | Diligen ▪ | Diligence | ¶ Dili. | Diligen. | Dili, | ¶Diligen. | ¶Dilig."
A72573,REX HUMANITAS,kept,1532,Rex Humanitas. | Rex Hu. | ¶ Rex. | Rex. | ¶Rex. | ¶Rex Hu.
A72573,WANTONNESS,kept,1015,Wantonnes. | ¶ Wanton. | Want. | ¶Want. | Wan. | Wanton. | ¶ Wan. | ¶Wa ̄ . | ¶Wantonnes.
A72573,PLACEBO,kept,375,Placebo. | []Placebo. | ¶ Placebo. | ¶Placebo.
A72573,SOLACE,kept,871,Solace. | ¶ Solace. | Sol. | ¶Solace.
A72573,SENSUALITY,kept,861,Senſualitie. | Sen. | Senſ. | Se ̄ ſ. | ¶Se ̄ ſualitie. | ¶ Senſuall. | Senſua. | Senſuali.
A72573,HOMELINESS,kept,83,Hamlines. | Hamelines. | Hamelin.
A72573,DANGER,kept,66,Danger. | ¶Danger.
A72573,FUND-JONET,kept,79,Fund-Ionet. | Fund Ionet.
A72573,GOOD COUNSEL,kept,1863,Gude Counſall. | Gude-counſall. | Gude-counſell. | Gu. cou ̄ ſ. | Gud-coun. | Gude-coun. | Counſ. | Counſall. | Coun. | Counſell. | Counſal. | Gude-counſal.
A72573,FLATTERY,kept,1366,Flatterie. | Flat. | Flattrie. | Flatrie. | ¶Flattrie. | [] Flattrie. | Flat. fre. | Elat.
A72573,FALSET,kept,1697,Falſet. | ¶Falſet.
A72573,DECEIT,kept,1950,Diſſait. | Diſlait. | ¶Diſſait. | [] Diſſait. | Di. | []Diſ.
A72573,VERITY,kept,1061,Veritie. | Verity. | ¶Verity. | Verit.
A72573,SPIRITUALITY,kept,1321,Spritualitie. | Spirituali. | ¶Spritualitie. | ¶Spiritualitie. | Spi. | —Spiritualitie. | Spiritualitie. | Spr. | Spritual. | Spritu. | Spri. | Sp. | Spir. | [] Spiritualitie. | ¶Spir. | Sprituali. | Spritua. | Spiri. | Spiritu.
A72573,ABBOT,kept,268,Abbot.
A72573,PARSON,kept,549,Perſone. | Perſon. | Perſ. | Per. | [] Perſ.
A72573,CHASTITY,kept,658,Chaſtitie. | Chaſ. | Chaſt.
A72573,PRIORESS,kept,190,Priores. | ¶Priores. | Prio.
A72573,TEMPORALITY,kept,685,Tempora. | Temp. | ¶Tempor. | Temporalitie. | Temporal. | Tem. | Te ̄ . | Tompo. | ¶Temporalitie.
A72573,SOUTAR,kept,310,Sowtar. | ¶Sowtar.
A72573,TAILOR,kept,122,Taylour. | Tail. | Tailȝeour.
A72573,JENNY,kept,75,Iennie. | Ienny.
A72573,TAILOR'S WIFE,kept,238,Taylours wyfe. | Tayl. wyfe. | Taylour wyfe.
A72573,SOUTAR'S WIFE,kept,347,Sowt. wyfe. | Sowtars wyfe. | Sowters wyfe. | ¶Sowt. wyfe. | Sowtars wife.
A72573,VARLET,kept,195,Varlet.
A72573,CORRECTION,kept,3067,Divyne Correctioun. | Correctioun. | Correction. | Correct. | ¶Correctioun. | Cor. | Corr. | Correctioun | ¶Correct. | Correcti. | ¶Cor.
A72573,PAUPER,kept,1800,"Pauper, the pure man. | Pauper. | Paup. | [] Pau. | ¶Paup. | [] Paup. | [] Pauper. | Pau. | ¶Pauper. | Pa."
A72573,PARDONER,kept,953,Pardoner. | Pard. | Pardonner. | Par.
A72573,WILKIN,kept,194,Wilkin. | ¶Wilkin.
A72573,MERCHANT,kept,522,Merchand. | Mer. | Merchant. | Merch.
A72573,JOHN THE COMMONWEAL,kept,1506,Iohn. | Iohne. | Io. | Ioh.
A72573,FIRST SERGEANT,kept,329,Firſt Sergeant. | Firſt Serge. | ¶Firſt Sergeant. | Frſt Ser. | Firſt Segeant. | Fi. Serg. | Firſt Ser.
A72573,SECOND SERGEANT,kept,147,Secund Sergeant. | Secund Ser. | ¶Secund Sergeant. | Secu. Serge.
A72573,COVETICE,kept,65,Covence. | Covetice.
A72573,SCRIBE,kept,129,Scrybe. | Scribe. | ¶Scri. | Scri. | Scr.
A72573,ABBESS,kept,235,Abbaſſe. | Abbas.
A72573,THEFT,kept,633,Thift.
A72573,OPPRESSION,kept,236,Oppreſſioun.
A72573,DOCTOR,kept,624,Doctour. | Doctor.
A72573,FIRST LICENTIATE,kept,94,Firſt Licent. | Firſt Lice. | Fir. Li.
A72573,BACHELOR,kept,137,Batcheler.
A72573,FOLLY,kept,1874,Foly. | —Folie. | Folie. | Folie
A73704,MERCURY,kept,2038,Mercury. | Merc.
A73704,MOMUS,kept,3415,Momus. | Mom.
A73704,PLUTUS,kept,464,Plut.
A73704,POVERTY,kept,297,Pov.
A73704,FORTUNE,kept,302,Fort.
A73704,PLEASURE,kept,319,Plea.
A73704,GENIUS,kept,245,GENIVS.
A73704,KINGDOMS,kept,227,KINGDOMES. | KINGDOMES
A73704,CHORUS,kept,129,CHORVS of DRVIDS and RIVERS. | CHORVS.
A73704,ETERNITY,kept,140,ETERNITIE.
A73704,EUSEBIA,dropped_short,11,EVSEBIA. | EVS.
A73704,ALETHIA,dropped_short,13,ALETHIA. | AL.
A73704,SOPHIA,dropped_short,13,SOPHIA. | SO.
A73704,HOMONOIA,dropped_short,14,HOMONOIA. | HO.
A73704,DICAEARCHE,dropped_short,14,DICAEARCHES. | DI.
A73704,EUPHEMIA,dropped_short,15,EVPHEMIA. | EVP.
A73704,__crowd__,kept,43,EVS. ALE. SOP. | HOM. DIC. EVP.
B00230,FAME,kept,453,FAME.
B00230,EARS,kept,315,EARES. | ERRES. | EARSE. | EARES
B00230,EYES,kept,360,EIES. | EISE. | EYES. | EIES
B00230,NOSE,kept,405,NOSE.
B00230,CHRONOMASTIX,kept,441,CHRON. | CHRO.
B00230,VENUS,kept,49,VENVS.
B00230,SATURN,kept,98,SATVRNE.
B00230,VOTARIES,kept,353,VOTARIES. | CHORVS.
B00230,CUPID,kept,137,CVPID.
B00230,SPORT,kept,310,SPORT.
B00230,DIANA,kept,87,DIANA.
B00230,HIPPOLYTUS,kept,119,HIPPOLITVS. | HIPPOLTVS.
B01146,VULCAN,kept,43,Vul.
B01146,JOVE,kept,441,Ioue | Iov. | Iove.
B07101,OPINION,kept,407,Op.
B07101,CONFIDENCE,kept,94,"CONFIDENCE, | Co."
B07101,NOVELTY,kept,61,No.
B07101,ADMIRATION,dropped_short,21,Ad.
B07101,FANCY,kept,548,Ph.
B07101,JOLLITY,dropped_short,33,Iol.
B07101,LAUGHTER,kept,89,La.
B07101,IRENE,kept,130,Ir.
B07101,EUNOMIA,kept,95,Eu.
B07101,DICE,kept,97,Dich.
B07101,CHORUS,kept,71,CHO. | Cho. | CHOR.
B07101,GENIUS,kept,120,Gen.
B07101,CARPENTER,dropped_short,17,Car.
B07101,FIRST GUARD,dropped_short,3,1 Gu.
B07101,SECOND GUARD,dropped_short,5,2 Gu.
B07101,TAILOR,kept,178,Tay.
B07101,TAILOR'S WIFE,dropped_short,10,Tay. W.
B07101,PROPERTY MAN'S WIFE,dropped_short,41,Pro.
B07101,BLACKGUARD,dropped_short,34,Bla.
B07101,PAINTER,dropped_short,21,Pa.
B07101,FEATHER-MAKER,dropped_short,27,Fea.
B07101,EMBROIDERER'S WIFE,dropped_short,27,Emb.
B07101,AMPHILUCHE,kept,53,Am.
B07101,__crowd__,kept,39,Both. | Om. | Ir. Eu.
B07101,[unresolved] An.,unresolved_excluded,5,An.
B12027,ASALL,kept,340,Aſall. | Aſ. | Aſa.
B12027,ALLEGRE,kept,1228,Al.
B12027,KING,kept,4087,"Kin. | King. | King, | King | Kng."
B12027,POYET,kept,1389,"Cha. | Cha, | Chan. | Poyet"
B12027,TREASURER,kept,702,"Tre. | Trea. | Tre, | Tr."
B12027,MONTMORENCY,kept,675,"Con. | Con,"
B12027,SECRETARY,kept,257,Secr. | Sec. | Sec | S • c. | Se • .
B12027,CHABOT,kept,3414,"Adm. | Ad. | Adm | Adm,"
B12027,FATHER,kept,1587,Fa. | Fa
B12027,COURTIER,kept,110,Cour.
B12027,QUEEN,kept,1102,"Que. | Qu. | Qu,"
B12027,PROCTOR GENERAL,kept,2830,"Pro, | Pro. | Adv."
B12027,JUDGE,dropped_short,33,Iudg. | Jud. | Iud. | • Iud.
B12027,FIRST JUDGE,kept,96,1 Iu. | 1 Iud.
B12027,SECOND JUDGE,kept,41,2 Iu. | 2 Iud.
B12027,NOTARY,kept,42,No.
B12027,CAPTAIN,dropped_short,21,Cap.
B12027,WIFE,kept,961,Wife | Wif. | W • f.
B12027,__crowd__,kept,41,All. | Omnes | Both. | Within | Con. Tre.
B13574,ALICE,kept,1222,Alice. | Alice | Al.
B13574,VALENTINE,kept,1940,Val. | Ʋ al. | Vall. | Ʋ all.
B13574,HYLAS,kept,1619,Hylas | Hyl. | Hil.
B13574,MARY,kept,1205,Mary. | Mary | Mar. | Ma.
B13574,FRANCIS,kept,1758,Fran. | Fra.
B13574,CELLIDE,kept,1526,Cel. | Cell.
B13574,SEBASTIAN,kept,2107,Seb. | Seb
B13574,LANCELOT,kept,1176,Lan. | La.
B13574,THOMAS,kept,3961,"Thom. | Tho. | Tom. | Tom, | Tom | To. | Tho, | Toas."
B13574,DOROTHY,kept,1573,Dor. | Doll | Dol. | Doll. | Do.
B13574,SAMUEL,kept,511,"Sam. | Sam | Sam,"
B13574,FIRST PHYSICIAN,kept,94,1 Phiſ. | 1 Ph. | 1
B13574,SECOND PHYSICIAN,kept,112,2 Phiſ. | 2
B13574,THIRD PHYSICIAN,kept,110,3 Phiſ. | 3
B13574,SERVANT,kept,185,Ser.
B13574,MICHAEL,kept,1152,Mich. | Mich
B13574,FIDDLER,kept,126,Fidler | Fid.
B13574,NAN,kept,198,Maid | Maid.
B13574,MADGE,dropped_short,3,Madge
B13574,SAILOR,kept,42,Sayl. | Say.
B13574,OFFICER,dropped_short,5,Off.
B13574,KATE,kept,44,Moore.
B13574,ABBESS,kept,177,Ab. | Abb.
B13574,FIRST NUN,kept,36,1 Nun
B13574,SECOND NUN,dropped_short,4,2 Nun
B14287,MERCURY,kept,401,MERCVRY.
B14287,LETHE,kept,36,LETHE. | LETHE:
B14287,FIRST FATE,dropped_short,15,1. FATE.
B14287,SECOND FATE,dropped_short,33,2. FATE.
B14287,THIRD FATE,dropped_short,22,3. FATE.
B14287,CHORUS,kept,88,CHORVS.
B14287,CUPID,kept,205,CVPID | CVPID.
B14287,__crowd__,dropped_short,32,FATES.
B14287,[unresolved] FATE.,unresolved_excluded,22,FATE.
B14290,OVID,kept,1985,Ouid. | Ouid Iun. | Ouid Iu.
B14290,LUSCUS,kept,340,Luſ. | Lu.
B14290,OVID SENIOR,kept,587,"Ouid ſen. | Ouid ſe. | Ouid ſen,"
B14290,TUCCA,kept,4274,"Tucc. | Tucca. | Tuc. | Tu,"
B14290,LUPUS,kept,755,Lup. | Lupus.
B14290,FIRST PYRGUS,kept,328,Pyr. | Pyrg. | 1. Pyr. | 1. Pyrgus. | Pyrgus.
B14290,SECOND PYRGUS,kept,163,"2. Pyr. | 2. Pyrgus. | 2. Pyrg. | 2. Pyrgus,"
B14290,TIBULLUS,kept,1564,Tibull. | Tibullus. | Tibul. | Tib.
B14290,ALBIUS,kept,852,"Albius, | Albius. | Alb."
B14290,CRISPINUS,kept,2312,Criſpinus. | Criſp. | Crisp. | Cri. | Criſ. | Criſpiaus. | Crispinus.
B14290,CHLOE,kept,1354,Chloë. | Chlo. | Chl. | Clo. | Chloë
B14290,CYTHERIS,kept,451,Cyth. | Cith. | Cytheris. | Pall.
B14290,GALLUS,kept,786,Gall. | Gal. | Cor. Gallus. | Gallus. | Gallus
B14290,JULIA,kept,917,Iul. | Iulia.
B14290,PLAUTIA,kept,43,Plaut. | Plau. | Plautia.
B14290,PROPERTIUS,kept,84,Prop.
B14290,HERMOGENES,kept,183,Her. | Herm.
B14290,HORACE,kept,2411,Hor. | Horace.
B14290,ARISTIUS,kept,107,Ariſtius. | Ariſt. | Fuc.
B14290,MINOS,kept,114,Minos. | Min.
B14290,LICTOR,kept,120,Lict. | Lic. | Lictor.
B14290,HISTRIO,kept,379,Hist. | Hiſt | Histrio. | Hiſtrio. | Hiſt.
B14290,DEMETRIUS,kept,174,Demet. | Demetr.
B14290,MAECENAS,kept,195,Mecae. | Mecoenas. | Mecoe.
B14290,CAESAR,kept,1755,Caeſar. | Ceſ.
B14290,VIRGIL,kept,1410,Virgill. | Virg.
B14290,EQUES,dropped_short,7,Eques.
B14290,FIRST EQUES,dropped_short,15,Eques 1.
B14290,SECOND EQUES,dropped_short,8,Eques 2.
B14290,__crowd__,kept,83,Omnes. | Ambo. | Ambo | Equites. | Hor. Tib. Gall. Mec. Vir. | Mayde.
