work_id,title,author,genre_main,genre_source,genre_britdrama,genre_annals,edition_id,edition_year,deep_id,deep_row_basis,deep_row_realigned,deep_alt_rows_differ,company_brit_raw,company_brit_status,company_brit_base,company_brit_qualifiers,company_brit_components,company_annals_raw,company_annals_status,company_annals_base,company_annals_qualifiers,company_annals_components,company_titlepage_raw,company_titlepage_status,company_titlepage_base,company_titlepage_components,play_type_raw,play_type_main,closet_or_unacted_flag,theater_raw,theater_type_raw,date_annals_raw,date_annals_year,date_annals_low,date_annals_high,date_annals_flags,date_annals_missing,date_brit_raw,date_brit_year,date_brit_low,date_brit_high,date_brit_flags,date_brit_missing,date_annals_vs_brit,date_publication_raw,date_publication_display_raw,year_first_in_run,words_mean,included_share,outlier_share
73,1 Promos and Cassandra,"Whetstone, George",comedy,britdrama,comedy,comedy,124,1578,5014.01,deep_id match,,,Unacted,unacted,Unacted,,,Unacted (?),unacted,Unacted,(?),,None,missing (None),,,Unacted (?),Closet/Unacted,closet/unacted (per play_type),None,None,1578 [1576-1579],1578,1576,1579,,,1577 [1575-1578],1577,1575,1578,,,differ by 1,1578,1578,1578,10463,0.38048,0.61952
204,1 The Honest Whore (1 The Converted Courtesan) (The Patient Man and the Honest Whore),"Dekker, Thomas / Middleton, Thomas",comedy,britdrama,comedy,comedy,471,1604,362,deep_id match,,,Prince Henry's Men,clear,Prince Henry's Men,,,Prince Henry's Men,clear,Prince Henry's Men,,,None,missing (None),,,Adult Professional,Adult Professional,,None,None,1604,1604,,,,,1604,1604,,,,,same year,1604,1604,1604,23336,0.35113,0.62791
161,1 The Two Angry Women of Abingdon,"Porter, Henry",comedy,britdrama,comedy,comedy,363,1599,282,deep_id match,,,Admiral's (Nottingham's) Men,clear,Admiral's (Nottingham's) Men,,,Admiral's (Nottingham's) Men,clear,Admiral's (Nottingham's) Men,,,Admiral's (Nottingham's) Men,clear,Admiral's (Nottingham's) Men,,Adult Professional,Adult Professional,,None,None,1598(?),1598,,,queried,,1598 [1598-1599],1598,1598,1599,,,same year,1599,1599,1599,25481,0.19571,0.78439
74,2 Promos and Cassandra,"Whetstone, George",comedy,britdrama,comedy,comedy,125,1578,5014.02,deep_id match,,,Unacted,unacted,Unacted,,,Unacted (?),unacted,Unacted,(?),,None,missing (None),,,Unacted (?),Closet/Unacted,closet/unacted (per play_type),None,None,1578 [1576-1579],1578,1576,1579,,,1577 [1575-1578],1577,1575,1578,,,differ by 1,1578,1578,1578,9649,0.32573,0.67427
435,2 The Honest Whore (2 The Converted Courtesan),"Dekker, Thomas",comedy,britdrama,comedy,comedy,947,1630,755,deep_id match,,,Prince Henry's Men,clear,Prince Henry's Men,,,Prince Henry's Men,clear,Prince Henry's Men,,,None,missing (None),,,Adult Professional,Adult Professional,,None,None,1605 [1604-c.1605],1605,1604,1605,circa-limit,,1605 [1604-1608],1605,1604,1608,,,same year,1630,1630,1630,23074,0.29726,0.6822
433,A Chaste Maid in Cheapside,"Middleton, Thomas",comedy,britdrama,comedy,comedy,945,1630,753,deep_id match,,,Lady Elizabeth's Men,clear,Lady Elizabeth's Men,,,Lady Elizabeth's Men,clear,Lady Elizabeth's Men,,,Lady Elizabeth's Men,clear,Lady Elizabeth's Men,,Adult Professional,Adult Professional,,Swan;Outdoor Professional,Outdoor,1613,1613,,,,,1613,1613,,,,,same year,1630,1630,1630,16682,0.20537,0.67648
481,A Fine Companion,"Marmion, Shackerley",comedy,britdrama,comedy,comedy,1004,1633,818,deep_id match,,,Prince Charles's Men (second),clear,Prince Charles's Men (second),,,Prince Charles's Men (second),clear,Prince Charles's Men (second),,,Prince Charles's Men (second),clear,Prince Charles's Men (second),,Adult Professional,Adult Professional,,before the Court;Salisbury Court;Whitehall;Indoor Professional,Indoor,1633 [1632-1633],1633,1632,1633,,,1632 [1632-1633],1632,1632,1633,,,differ by 1,1633,1633,1633,22572,0.46757,0.53243
412,A Game at Chess,"Middleton, Thomas",comedy,britdrama,comedy,satire,904,1625,726,deep_id match,,,King's Men,clear,King's Men,,,King's Men,clear,King's Men,,,None,missing (None),,,Adult Professional,Adult Professional,,Globe;Outdoor Professional,Outdoor,"1624 [licensed for stage, Jun 12]",1624,,,month licensed,,1624 [Aug],1624,,,month,,same year,1625,[1625],1625,17314,0.11124,0.83233
276,"A Mad World, My Masters","Middleton, Thomas",comedy,britdrama,comedy,comedy,651,1608,530,deep_id match,,,Children of Paul's (second),clear,Children of Paul's (second),,,Children of Paul's (second),clear,Children of Paul's (second),,,Children of Paul's (second),clear,Children of Paul's (second),,Boys Professional; Adult Professional,Boys Professional,,None,None,1606 [1604-1607],1606,1604,1607,,,1605 [1605-1606],1605,1605,1606,,,differ by 1,1608,1608,1608,17775,0.44304,0.502
493,A Maidenhead Well Lost,"Heywood, Thomas",comedy,britdrama,comedy,comedy,1019,1634,836,deep_id match,,,Queen Henrietta Maria's Men,clear,Queen Henrietta Maria's Men,,,Queen Henrietta Maria's Men,clear,Queen Henrietta Maria's Men,,,Queen Henrietta Maria's Men,clear,Queen Henrietta Maria's Men,,Adult Professional,Adult Professional,,Phoenix/Cockpit;Indoor Professional,Indoor,1633 [c.1625-1634],1633,1625,1634,circa-limit,,1629 [1625-1634],1629,1625,1634,,,differ by 4,1634,1634,1634,13271,0.48278,0.51722
476,A Match at Midnight,"R., W.",comedy,britdrama,comedy,comedy,999,1633,813,deep_id match,,,Red Bull (Revels) Company (first) (?),uncertain,Red Bull (Revels) Company (first),(?),,Red Bull (Revels) Company (first) (?),uncertain,Red Bull (Revels) Company (first),(?),,Children of the Queen's Revels,clear,Children of the Queen's Revels,,Adult Professional; Boys Professional,Boys Professional,,None,None,1622 [1621-1623],1622,1621,1623,,,1622 [1621-1623],1622,1621,1623,,,same year,1633,1633,1633,18419,0.46115,0.53885
170,A Midsummer Night's Dream,"Shakespeare, William",comedy,britdrama,comedy,comedy,385,1600,297,deep_id match,,,Lord Chamberlain's (Hunsdon's) Men,clear,Lord Chamberlain's (Hunsdon's) Men,,,Lord Chamberlain's (Hunsdon's) Men,clear,Lord Chamberlain's (Hunsdon's) Men,,,Lord Chamberlain's (Hunsdon's) Men,clear,Lord Chamberlain's (Hunsdon's) Men,,Adult Professional,Adult Professional,,None,None,1596 [1594-1596],1596,1594,1596,,,1595 [1594-1598],1595,1594,1598,,,differ by 1,1600,1600,1600,16183,0.36742,0.63258
561,A New Trick to Cheat the Devil,"Davenport, Robert",comedy,britdrama,comedy,comedy,1110,1639,928,deep_id match,,,Queen Henrietta Maria's Men (?); Lady Elizabeth's Men (?),multiple (;),Queen Henrietta Maria's Men; Lady Elizabeth's Men,(?) (?),Queen Henrietta Maria's Men | Lady Elizabeth's Men,Queen Henrietta Maria's Men (?),uncertain,Queen Henrietta Maria's Men,(?),,None,missing (None),,,Adult Professional,Adult Professional,,None,None,1625 [c.1624-1639],1625,1624,1639,circa-limit,,1626 [1624-1634],1626,1624,1634,,,differ by 1,1639,1639,1639,19968,0.64994,0.35006
474,A New Way to Pay Old Debts,"Massinger, Philip",comedy,britdrama,comedy,comedy,997,1633,811,deep_id match,,,Queen Henrietta Maria's Men,clear,Queen Henrietta Maria's Men,,,Queen Henrietta Maria's Men,clear,Queen Henrietta Maria's Men,,,Queen Henrietta Maria's Men,clear,Queen Henrietta Maria's Men,,Adult Professional,Adult Professional,,Phoenix/Cockpit;Indoor Professional,Indoor,1625,1625,,,,,1626 [1626-1632],1626,1626,1632,,,differ by 1,1633,1633,1633,19712,0.14844,0.60456
460,"A New Wonder, A Woman Never Vexed","Heywood, Thomas / Rowley, William",comedy,britdrama,comedy,comedy,978,1632,789,deep_id match,,,Unknown,unknown,Unknown,,,Unknown,unknown,Unknown,,,None,missing (None),,,Adult Professional,Adult Professional,,None,None,1611 [1611-1614],1611,1611,1614,,,1624 [1611-1626],1624,1611,1626,,,differ by 13,1632,1632,1632,22024,0.46903,0.50885
617,A Tale of a Tub,"Jonson, Ben",comedy,britdrama,comedy,comedy,1173,1640,5124.20,deep_id match,,,Queen Henrietta Maria's Men,clear,Queen Henrietta Maria's Men,,,Queen Henrietta Maria's Men,clear,Queen Henrietta Maria's Men,,,None,missing (None),,,Adult Professional,Adult Professional,,None,None,"1633 [licensed for stage, May 7]",1633,,,month licensed,,1633 [May],1633,,,month,,same year,1641,1641,1640,21533,0.69874,0.27836
262,A Trick to Catch the Old One,"Middleton, Thomas",comedy,britdrama,comedy,comedy,614,1608,506,deep_id match,,title_page_company_display; theater,Children of Paul's (second),clear,Children of Paul's (second),,,Children of Paul's (second),clear,Children of Paul's (second),,,Children of Paul's (second),clear,Children of Paul's (second),,Boys Professional,Boys Professional,,None,None,1605,1605,,,,,1605 [1604-1606],1605,1604,1606,,,same year,1608,1608,1608,18050,0.56,0.41263
299,A Woman Is a Weathercock,"Field, Nathan",comedy,britdrama,comedy,comedy,697,1612,575,deep_id match,,,Children of the Queens Revels (Children of the Whitefriars) (?),uncertain,Children of the Queens Revels (Children of the Whitefriars),(?),,Children of the Queen's Revels,clear,Children of the Queen's Revels,,,Children of the Queen's Revels,clear,Children of the Queen's Revels,,Boys Professional,Boys Professional,,before the Court;Whitefriars;Whitehall;Indoor Professional,Indoor,1609 [1609-1610],1609,1609,1610,,,1609 [Dec] [1609-1610],1609,1609,1610,month,,same year,1612,1612,1612,15996,0.31958,0.58665
330,Albumazar,"Tomkis, Thomas",comedy,britdrama,comedy,comedy,745,1615,625,deep_id match,,,n/a,missing (n/a),,,,n/a,missing (n/a),,,,n/a,missing (n/a),,,University,University/Inns of Court,,before the Court;at University;,None,1615 [Mar 9],1615,,,month,,1615 [Mar],1615,,,month,,same year,1615,1615,1615,21274,0.2331,0.7669
219,All Fools,"Chapman, George",comedy,britdrama,comedy,comedy,518,1605,407,deep_id match,Y,theater,Children of the Queen's Revels,clear,Children of the Queen's Revels,,,Children of the Queen's Revels,clear,Children of the Queen's Revels,,,None,missing (None),,,Boys Professional,Boys Professional,,before the Court;Blackfriars;Indoor Professional,Indoor,1601,1601,,,,,1604 [late],1604,,,season,,differ by 3,1605,1605,1605,18937,0.42013,0.57987
356,Amends for Ladies,"Field, Nathan",comedy,britdrama,comedy,comedy,798,1618,658,deep_id match,,,Children of the Queen's Revels,clear,Children of the Queen's Revels,,,Children of the Queen's Revels (?),uncertain,Children of the Queen's Revels,(?),,Lady Elizabeth's Men; Prince Charles's Men (first),multiple (;),Lady Elizabeth's Men; Prince Charles's Men (first),Lady Elizabeth's Men | Prince Charles's Men (first),Boys Professional; Adult Professional,Adult Professional,,Blackfriars;Indoor Professional,Indoor,1611 [c.1610-1611],1611,1610,1611,circa-limit,,1610 [1610-1611],1610,1610,1611,,,differ by 1,1618,1618,1618,17565,0.27891,0.69405
91,Andria (The Woman from Andros),"Terence (Publius Terentius Afer)Kyffin, Maurice",comedy,britdrama,comedy,comedy,153,1588,126,deep_id match,,,n/a,missing (n/a),,,,n/a,missing (n/a),,,,n/a,missing (n/a),,,Closet Translation,Translation,closet/unacted (per play_type),None,None,1588,1588,,,,,1587 [Dec],1587,,,month,,differ by 1,1588,1588,1588,15423,0.51864,0.48136
184,Antonio and Mellida,"Marston, John",comedy,britdrama,comedy,,418,1602,325,deep_id match,Y,,Children of Paul's (second),clear,Children of Paul's (second),,,Children of Paul's (second),clear,Children of Paul's (second),,,Children of Paul's (second),clear,Children of Paul's (second),,Boys Professional,Boys Professional,,None,None,1599 [1599-1600],1599,1599,1600,,,1599 [autumn] [1599-1601],1599,1599,1601,season,,same year,1602,1602,1602,14208,0.35093,0.61543
414,Apollo Shroving,"Hawkins, William",comedy,britdrama,comedy,comedy,907,1627,730,deep_id match,,,n/a,missing (n/a),,,,n/a,missing (n/a),,,,n/a,missing (n/a),,,Boys Nonprofessional/School,Boys Nonprofessional/School,,None,None,1627 [Feb 6],1627,,,month,,1627 [Feb],1627,,,month,,same year,1627,1627,1627,22883,0.76091,0.21689
431,"Aristippus, or The Jovial Philosopher","Randolph, Thomas",comedy,annals,entertainment; academic entertainment,comedy,934,1630,5093.01,deep_id match,,,n/a,missing (n/a),,,,n/a,missing (n/a),,,,n/a,missing (n/a),,,University,University/Inns of Court,,None,None,1626 [1625-1626],1626,1625,1626,,,1626 [Nov(?)],1626,,,month queried-bracket,,same year,1630,1630,1630,8560,0.44054,0.55946
394,As You Like It,"Shakespeare, William",comedy,britdrama,comedy,comedy,868,1623,5081.10,deep_id match,,,Lord Chamberlain's (Hunsdon's) Men,clear,Lord Chamberlain's (Hunsdon's) Men,,,Lord Chamberlain's (Hunsdon's) Men,clear,Lord Chamberlain's (Hunsdon's) Men,,,None,missing (None),,,Adult Professional,Adult Professional,,None,None,1599 [1598-1599],1599,1598,1599,,,1600 [1598-1600],1600,1598,1600,,,differ by 1,1623,1623,1623,21347,0.54626,0.43088
455,Bartholomew Fair,"Jonson, Ben",comedy,britdrama,comedy,comedy,971,1631,5124.001,deep_id match,,,Lady Elizabeth's Men,clear,Lady Elizabeth's Men,,,Lady Elizabeth's Men,clear,Lady Elizabeth's Men,,,Lady Elizabeth's Men,clear,Lady Elizabeth's Men,,Adult Professional,Adult Professional,,None,None,1614 [Oct 31],1614,,,month,,1614 [Oct],1614,,,month,,same year,1631,1631,1631,35212,0.27698,0.70902
84,"Campaspe (Alexander, Campaspe, and Diogenes)","Lyly, John",comedy,britdrama,comedy,comedy;classical legend,140,1584,115,deep_id match,,,Children of the Chapel (first) (Oxford's Boys),clear,Children of the Chapel (first) (Oxford's Boys),,,Children of the Chapel (first) (Oxford's Boys),clear,Children of the Chapel (first) (Oxford's Boys),,,Children of the Chapel (first); Children of Paul's (first),multiple (;),Children of the Chapel (first); Children of Paul's (first),Children of the Chapel (first) | Children of Paul's (first),Boys Professional,Boys Professional,,before the Court;,None,c.1583,1583,,,circa,,1583,1583,,,,,same year,1584,1584,1584,13169,0.27496,0.72504
462,"Changes, or Love in a Maze","Shirley, James",comedy,britdrama,comedy,comedy,980,1632,792,deep_id match,,,King's Revels Company (?); Prince Charles's Men (second) (?),multiple (;),King's Revels Company; Prince Charles's Men (second),(?) (?),King's Revels Company | Prince Charles's Men (second),King's Revels Company (?); Prince Charles's Men (second) (?),multiple (;),King's Revels Company; Prince Charles's Men (second),(?) (?),King's Revels Company | Prince Charles's Men (second),King's Revels Company,clear,King's Revels Company,,Boys Professional,Professional,,Salisbury Court;Indoor Professional,Indoor,"1632 [licensed for stage, Jan 10]",1632,,,month licensed,,1632 [Jan 10],1632,,,month,,same year,1632,1632,1632,19249,0.25466,0.69396
542,Covent Garden,"Nabbes, Thomas",comedy,britdrama,comedy,comedy,1082,1638,906,deep_id match,Y,,Queen Henrietta Maria's Men,clear,Queen Henrietta Maria's Men,,,Queen Henrietta Maria's Men,clear,Queen Henrietta Maria's Men,,,Queen Henrietta Maria's Men,clear,Queen Henrietta Maria's Men,,Adult Professional,Adult Professional,,None,None,1633,1633,,,,,1634 [Feb] [1633-1634],1634,1633,1634,month,,differ by 1,1638,1638,1638,17247,0.28306,0.71694
247,Cupid's Whirligig,"Sharpham, Edward",comedy,britdrama,comedy,comedy,581,1607,478,deep_id match,,,Children of the King's Revels,clear,Children of the King's Revels,,,Children of the King's Revels,clear,Children of the King's Revels,,,Children of the King's Revels,clear,Children of the King's Revels,,Boys Professional,Boys Professional,,None,None,1607,1607,,,,,1607,1607,,,,,same year,1607,1607,1607,22690,0.34844,0.63001
181,"Cynthia's Revels, or The Fountain of Self-Love","Jonson, Ben",comedy,annals,satire,comedy,413,1616,5074.06,deep_id match,,,Children of the Chapel (second),clear,Children of the Chapel (second),,,Children of the Chapel (second),clear,Children of the Chapel (second),,,Children of the Chapel (second),clear,Children of the Chapel (second),,Boys Professional,Boys Professional,,None,None,1600 [1600-1601],1600,1600,1601,,,1600 [1600-1601],1600,1600,1601,,,same year,1601,1601,1616,33539,0.35347,0.64653
58,Damon and Pithias,"Edwards, Richard",comedy,britdrama,comedy,tragicomedy,100,1571,89,deep_id match,,,Children of the Chapel (first) (Oxford's Boys),clear,Children of the Chapel (first) (Oxford's Boys),,,Children of the Chapel (first) (Oxford's Boys),clear,Children of the Chapel (first) (Oxford's Boys),,,Children of the Chapel (first),clear,Children of the Chapel (first),,Boys Nonprofessional/School,Boys Nonprofessional/School,,before the Court;,None,1564 [1564-1568],1564,1564,1568,,,1564 [Christmas 1564-1565],1564,1564,1565,season,,same year,1571,1571,1571,18229,0.21559,0.72796
217,Eastward Ho,"Chapman, George / Jonson, Ben / Marston, John",comedy,britdrama,comedy,comedy,514,1605,403,deep_id match,,,Children of the Queen's Revels,clear,Children of the Queen's Revels,,,Children of the Queen's Revels,clear,Children of the Queen's Revels,,,Children of the Queen's Revels,clear,Children of the Queen's Revels,,Boys Professional,Boys Professional,,Blackfriars;Indoor Professional,Indoor,1605,1605,,,,,1605 [1604-1605],1605,1604,1605,,,same year,1605,1605,1605,23682,0.18651,0.53517
99,"Endymion, the Man in the Moon","Lyly, John",comedy,britdrama,comedy,comedy;classical legend,167,1591,133,deep_id match,,,Children of Paul's (first),clear,Children of Paul's (first),,,Children of Paul's (first),clear,Children of Paul's (first),,,Children of Paul's (first),clear,Children of Paul's (first),,Boys Professional,Boys Professional,,before the Court;,None,1588 [Feb 2(?)],1588,,,month queried-bracket,,1588 [1585-1588],1588,1585,1588,,,same year,1591,1591,1591,18710,0.05612,0.94388
336,"Englishmen for My Money, or A Woman Will Have Her Will","Haughton, William",comedy,britdrama,comedy,comedy,762,1616,642,deep_id match,,,Admiral's (Nottingham's) Men,clear,Admiral's (Nottingham's) Men,,,Admiral's (Nottingham's) Men,clear,Admiral's (Nottingham's) Men,,,None,missing (None),,,Adult Professional,Adult Professional,,None,None,"1598 [Feb 18-May 9, payment]",1598,,,month payment,,1598 [spring],1598,,,season,,same year,1616,1616,1616,21461,0.02288,0.88332
304,"Epicene, or The Silent Woman","Jonson, Ben",comedy,britdrama,comedy,comedy,704,1616,5074.13,deep_id match,,,Children of the Queen's Revels,clear,Children of the Queen's Revels,,,Children of the Queen's Revels,clear,Children of the Queen's Revels,,,Children of the Queen's Revels,clear,Children of the Queen's Revels,,Boys Professional,Boys Professional,,None,None,1609,1609,,,,,1610 [Jan] [1609-1610],1610,1609,1610,month,,differ by 1,1616,1616,1616,28265,0.22473,0.53182
163,Every Man Out of His Humor,"Jonson, Ben",comedy,britdrama,comedy,comedy,365,1600,284,deep_id match,,,Lord Chamberlain's (Hunsdon's) Men,clear,Lord Chamberlain's (Hunsdon's) Men,,,Lord Chamberlain's (Hunsdon's) Men,clear,Lord Chamberlain's (Hunsdon's) Men,,,None,missing (None),,,Adult Professional,Adult Professional,,None,None,1599,1599,,,,,1599 [late],1599,,,season,,same year,1600,1600,1600,36739,0.29456,0.57146
176,Every Man in His Humor,"Jonson, Ben",comedy,britdrama,comedy,comedy,404,1601,313,deep_id match,,,Lord Chamberlain's (Hunsdon's) Men,clear,Lord Chamberlain's (Hunsdon's) Men,,,Lord Chamberlain's (Hunsdon's) Men,clear,Lord Chamberlain's (Hunsdon's) Men,,,Lord Chamberlain's (Hunsdon's) Men,clear,Lord Chamberlain's (Hunsdon's) Men,,Adult Professional,Adult Professional,,None,None,1598,1598,,,,,1598 [Sep],1598,,,month,,same year,1601,1601,1601,25456,0.32825,0.65289
283,Every Woman in Her Humor,Anonymous,comedy,britdrama,comedy,comedy,665,1609,545,deep_id match,,,Children of the King's Revels,clear,Children of the King's Revels,,,Children of the King's Revels (?),uncertain,Children of the King's Revels,(?),,None,missing (None),,,Boys Professional,Boys Professional,,None,None,1607 [1599-1608],1607,1599,1608,,,1607 [1606-1608],1607,1606,1608,,,same year,1609,1609,1609,17202,0.2577,0.68585
113,"Fair Em, the Miller's Daughter of Manchester",Anonymous,comedy,britdrama,comedy,comedy;romance,205,1591,164,deep_id match,,,Derby's (Strange's) Men,clear,Derby's (Strange's) Men,,,Derby's (Strange's) Men,clear,Derby's (Strange's) Men,,,Derby's (Strange's) Men,clear,Derby's (Strange's) Men,,Adult Professional,Adult Professional,,None,None,1590 [c.1589-1591],1590,1589,1591,circa-limit,,1590 [1589-1591],1590,1589,1591,,,same year,1591,[1591?],1591,11559,0.17631,0.82369
86,Fedele and Fortunia (Two Italian Gentlemen),"Pasqualigo, Luigi / Munday, Anthony",comedy,britdrama,comedy,comedy,147,1585,121,deep_id match,,,Children of the Chapel (first) (Oxford's Boys),clear,Children of the Chapel (first) (Oxford's Boys),,,Unknown,unknown,Unknown,,,None,missing (None),,,Boys Professional; Translation,Boys Professional,,before the Court;,None,1584 [1579-1584],1584,1579,1584,,,1583 [1579-1584],1583,1579,1584,,,differ by 1,1585,1585,1585,14960,0.20388,0.76444
121,Friar Bacon and Friar Bongay,"Greene, Robert",comedy,britdrama,comedy,comedy,232,1594,185,deep_id match,,,Queen Elizabeth's Men,clear,Queen Elizabeth's Men,,,Derby’s (Strange’s) Men (by 1592),clear,Derby's (Strange's) Men,(by 1592),,Queen Elizabeth's Men,clear,Queen Elizabeth's Men,,Adult Professional,Adult Professional,,None,None,1589 [1586-1590],1589,1586,1590,,,1589 [1588-1592],1589,1588,1592,,,same year,1594,1594,1594,15779,0.52937,0.47063
105,Gallathea,"Lyly, John",comedy,britdrama,comedy,comedy;classical legend,179,1592,140,deep_id match,,,Children of Paul's (first) (?),uncertain,Children of Paul's (first),(?),,Children of Paul's (first),clear,Children of Paul's (first),,,Children of Paul's (first),clear,Children of Paul's (first),,Boys Professional,Boys Professional,,before the Court;,None,1585 [1583-1585],1585,1583,1585,,,1584 [1584-1585],1584,1584,1585,,,differ by 1,1592,1592,1592,13314,0.4828,0.4807
67,Gammer Gurton's Needle,"Stevenson, William",comedy,britdrama,comedy,comedy,117,1575,95,deep_id match,,,n/a,missing (n/a),,,,n/a,missing (n/a),,,,n/a,missing (n/a),,,University,University/Inns of Court,,at University;,None,1553 [c.1552-1563],1553,1552,1563,circa-limit,,1553 [1551-1554],1553,1551,1554,,,same year,1575,1575,1575,14392,0.1373,0.8627
323,"Greene's Tu Quoque, or The City Gallant","Cooke, John",comedy,britdrama,comedy,comedy,732,1614,611,deep_id match,,,Queen Anne's Men,clear,Queen Anne's Men,,,Queen Anne's Men,clear,Queen Anne's Men,,,Queen Anne's Men,clear,Queen Anne's Men,,Adult Professional,Adult Professional,,None,None,1611,1611,,,,,1611,1611,,,,,same year,1614,1614,1614,22978,0.44604,0.53216
354,Hans Beer-Pot (See Me and See Me Not),"Belchier, Dabridgcourt",comedy,britdrama,comedy,comedy;dialogue,796,1618,655,deep_id match,,,n/a,missing (n/a),,,,n/a,missing (n/a),,,,n/a,missing (n/a),,,Closet/Unacted (?),Closet/Unacted,closet/unacted (per play_type),None,None,1618,1618,,,,,1617 [Nov],1617,,,month,,differ by 1,1618,1618,1618,12900,0.22264,0.77736
461,Holland's Leaguer,"Marmion, Shackerley",comedy,britdrama,comedy,comedy,979,1632,791,deep_id match,,,Prince Charles's Men (second),clear,Prince Charles's Men (second),,,Prince Charles's Men (second),clear,Prince Charles's Men (second),,,Prince Charles's Men (second),clear,Prince Charles's Men (second),,Adult Professional,Adult Professional,,Salisbury Court;Indoor Professional,Indoor,1631 [Dec],1631,,,month,,1631 [Dec],1631,,,month,,same year,1632,1632,1632,20176,0.34402,0.63204
191,How a Man May Choose a Good Wife from a Bad,Anonymous,comedy,britdrama,comedy,comedy,434,1602,335,deep_id match,,,Worcester's Men,clear,Worcester's Men,,,Worcester's Men,clear,Worcester's Men,,,Worcester's Men,clear,Worcester's Men,,Adult Professional,Adult Professional,,None,None,1602 [c.1601-1602],1602,1601,1602,circa-limit,,1601 [1595-1602],1601,1595,1602,,,differ by 1,1602,1602,1602,21251,0.27787,0.69917
268,Humor Out of Breath,"Day, John",comedy,britdrama,comedy,comedy,630,1608,522,deep_id match,,,Children of the King's Revels,clear,Children of the King's Revels,,,Children of the King's Revels,clear,Children of the King's Revels,,,Children of the King's Revels,clear,Children of the King's Revels,,Boys Professional,Boys Professional,,None,None,1608 [1607-1608],1608,1607,1608,,,1607 [1606-1608],1607,1606,1608,,,differ by 1,1608,1608,1608,13761,0.35463,0.64537
517,Hyde Park,"Shirley, James",comedy,britdrama,comedy,comedy,1050,1637,870,deep_id match,,,Queen Henrietta Maria's Men,clear,Queen Henrietta Maria's Men,,,Queen Henrietta Maria's Men,clear,Queen Henrietta Maria's Men,,,Queen Henrietta Maria's Men,clear,Queen Henrietta Maria's Men,,Adult Professional,Adult Professional,,Phoenix/Cockpit;Indoor Professional,Indoor,"1632 [licensed for stage, Apr 20]",1632,,,month licensed,,1632 [Apr],1632,,,month,,same year,1637,1637,1637,15983,0.24989,0.75011
305,"If It Be Not Good, the Devil Is in It (If This Be Not a Good Play, the Devil Is in It)","Dekker, Thomas",comedy,britdrama,comedy,comedy,707,1612,582,deep_id match,,,Queen Anne's Men,clear,Queen Anne's Men,,,Queen Anne's Men,clear,Queen Anne's Men,,,Queen Anne's Men,clear,Queen Anne's Men,,Adult Professional,Adult Professional,,Red Bull;Outdoor Professional,Outdoor,1611 [1611-1612],1611,1611,1612,,,1611 [1611-1612],1611,1611,1612,,,same year,1612,1612,1612,21521,0.56689,0.43311
177,Jack Drum's Entertainment (Katherine and Pasquil),"Marston, John",comedy,britdrama,comedy,comedy,407,1601,314,deep_id match,,,Children of Paul's (second),clear,Children of Paul's (second),,,Children of Paul's (second),clear,Children of Paul's (second),,,Children of Paul's (second),clear,Children of Paul's (second),,Boys Professional,Boys Professional,,None,None,1600,1600,,,,,1600,1600,,,,,same year,1601,1601,1601,15968,0.37156,0.62844
267,Law Tricks,"Day, John",comedy,britdrama,comedy,comedy,629,1608,521,deep_id match,,,Children of the Queen's Revels,clear,Children of the Queen's Revels,,,Children of the King's Revels,clear,Children of the King's Revels,,,Children of the Queen's Revels,clear,Children of the Queen's Revels,,Boys Professional,Boys Professional,,None,None,1604 [1604-1607],1604,1604,1607,,,1604 [1604-1605],1604,1604,1605,,,same year,1608,1608,1608,15291,0.35622,0.64378
174,Look About You,Anonymous,comedy,britdrama,comedy,comedy,397,1600,306,deep_id match,,,Admiral's (Nottingham's) Men,clear,Admiral's (Nottingham's) Men,,,Admiral's (Nottingham's) Men,clear,Admiral's (Nottingham's) Men,,,Admiral's (Nottingham's) Men,clear,Admiral's (Nottingham's) Men,,Adult Professional,Adult Professional,,None,None,1599 [c.1597-1599],1599,1597,1599,circa-limit,,1599 [1598-1600],1599,1598,1600,,,same year,1600,1600,1600,24757,0.05946,0.12025
150,Love's Labor's Lost,"Shakespeare, William",comedy,britdrama,comedy,comedy,315,1598,256,deep_id match,,,Lord Chamberlain's (Hunsdon's) Men,clear,Lord Chamberlain's (Hunsdon's) Men,,,Unknown,unknown,Unknown,,,None,missing (None),,,Adult Professional,Adult Professional,,before the Court;,None,c.1595,1595,,,circa,,1596 [1594-1597],1596,1594,1597,,,differ by 1,1598,1598,1598,18245,0.29986,0.67427
297,May Day,"Chapman, George",comedy,britdrama,comedy,comedy,695,1611,573,deep_id match,,,Children of the Queen's Revels,clear,Children of the Queen's Revels,,,Children of the Chapel (second),clear,Children of the Chapel (second),,,None,missing (None),,,Boys Professional,Boys Professional,,Blackfriars;Indoor Professional,Indoor,1602 [1601-1602],1602,1601,1602,,,1604 [1601-1608],1604,1601,1608,,,differ by 2,1611,1611,1611,22735,0.37779,0.62221
244,Michaelmas Term,"Middleton, Thomas",comedy,britdrama,comedy,comedy,575,1607,466,deep_id match,,,Children of Paul's (second),clear,Children of Paul's (second),,,Children of Paul's (second),clear,Children of Paul's (second),,,Children of Paul's (second),clear,Children of Paul's (second),,Boys Professional,Boys Professional,,None,None,1606 [1604-1606],1606,1604,1606,,,1604 [1604-1607],1604,1604,1607,,,differ by 2,1607,1607,1607,19312,0.13277,0.86723
106,Midas,"Lyly, John",comedy,britdrama,comedy,comedy,181,1592,141,deep_id match,,,Children of Paul's (first),clear,Children of Paul's (first),,,Children of Paul's (first),clear,Children of Paul's (first),,,Children of Paul's (first),clear,Children of Paul's (first),,Boys Professional,Boys Professional,,before the Court;,None,1589,1589,,,,,1589 [1589-1590],1589,1589,1590,,,same year,1592,1592,1592,15356,0.46067,0.53933
558,Monsieur Thomas (Father's Own Son),"Fletcher, John",comedy,britdrama,comedy,comedy,1104,1639,922,deep_id match,,,Unknown,unknown,Unknown,,,Lady Elizabeth's Men (?),uncertain,Lady Elizabeth's Men,(?),,None,missing (None),,,Adult Professional,Adult Professional,,Blackfriars;Indoor Professional,Indoor,1615 [1610-c.1616],1615,1610,1616,circa-limit,,1615 [1613-1619],1615,1613,1619,,,same year,1639,1639,1639,20668,0.28319,0.69281
125,Mother Bombie,"Lyly, John",comedy,britdrama,comedy,comedy,239,1594,192,deep_id match,,,Children of Paul's (first),clear,Children of Paul's (first),,,Children of Paul's (first),clear,Children of Paul's (first),,,Children of Paul's (first),clear,Children of Paul's (first),,Boys Professional,Boys Professional,,None,None,1591 [1587-1591],1591,1587,1591,,,1589 [1587-1590],1589,1587,1590,,,differ by 2,1594,1594,1594,16553,0.41769,0.58231
168,Much Ado About Nothing,"Shakespeare, William",comedy,britdrama,comedy,comedy,381,1600,295,deep_id match,,,Lord Chamberlain's (Hunsdon's) Men,clear,Lord Chamberlain's (Hunsdon's) Men,,,Lord Chamberlain's (Hunsdon's) Men,clear,Lord Chamberlain's (Hunsdon's) Men,,,Lord Chamberlain's (Hunsdon's) Men,clear,Lord Chamberlain's (Hunsdon's) Men,,Adult Professional,Adult Professional,,None,None,1598,1598,,,,,1598,1598,,,,,same year,1600,1600,1600,20857,0.50026,0.49974
250,Northward Ho,"Dekker, Thomas / Webster, John",comedy,britdrama,comedy,comedy,590,1607,488,deep_id match,,,Children of Paul's (second),clear,Children of Paul's (second),,,Children of Paul's (second),clear,Children of Paul's (second),,,Children of Paul's (second),clear,Children of Paul's (second),,Boys Professional,Boys Professional,,None,None,1605,1605,,,,,1605,1605,,,,,same year,1607,1607,1607,20739,0.28386,0.66826
230,"Parasitaster, or The Fawn","Marston, John",comedy,britdrama,comedy,comedy,542,1606,427,deep_id match,,,Children of the Queen's Revels,clear,Children of the Queen's Revels,,,Children of the Queen's Revels,clear,Children of the Queen's Revels,,,Children of the Queen's Revels; Children of Paul's (second),multiple (;),Children of the Queen's Revels; Children of Paul's (second),Children of the Queen's Revels | Children of Paul's (second),Boys Professional,Boys Professional,,Blackfriars;Paul's;Indoor Professional,Indoor,1604,1604,,,,,1605 [1603-1606],1605,1603,1606,,,differ by 1,1606,1606,1606,22311,0.27081,0.72919
198,Patient Grissel,"Dekker, Thomas / Chettle, Henry / Haughton, William",comedy,britdrama,comedy,comedy,456,1603,353,deep_id match,,,Admiral's (Nottingham's) Men,clear,Admiral's (Nottingham's) Men,,,Admiral's (Nottingham's) Men,clear,Admiral's (Nottingham's) Men,,,Admiral's (Nottingham's) Men,clear,Admiral's (Nottingham's) Men,,Adult Professional,Adult Professional,,None,None,"1600 [Oct 16-Dec 29, payment]",1600,,,month payment,,1600 [Feb],1600,,,month,,same year,1603,1603,1603,19632,0.12475,0.85019
186,"Poetaster, or The Arraignment","Jonson, Ben",comedy,britdrama,comedy,comedy,422,1602,327,deep_id match,,,Children of the Chapel (second),clear,Children of the Chapel (second),,,Children of the Chapel (second),clear,Children of the Chapel (second),,,Children of the Chapel (second),clear,Children of the Chapel (second),,Boys Professional,Boys Professional,,Blackfriars;Indoor Professional,Indoor,1601,1601,,,,,1601 [autumn],1601,,,season,,same year,1602,1602,1602,24739,0.69748,0.28239
46,Ralph Roister Doister,"Udall, Nicholas",comedy,britdrama,comedy,comedy,83,1566,71,deep_id match,,,n/a,missing (n/a),,,,n/a,missing (n/a),,,,n/a,missing (n/a),,,Interlude,Interlude,,None,None,1552 [1552-1554(?)],1552,1552,1554,queried-limit,,1552 [1550-1553],1552,1550,1553,,,same year,1566,[1566?],1566,19368,0.12825,0.84609
292,"Ram Alley, or Merry Tricks","Barry, Lording",comedy,britdrama,comedy,comedy,683,1611,562,deep_id match,,,Children of the King's Revels,clear,Children of the King's Revels,,,Children of the King's Revels,clear,Children of the King's Revels,,,Children of the King's Revels,clear,Children of the King's Revels,,Boys Professional,Boys Professional,,None,None,1608 [1608-1610(?)],1608,1608,1610,queried-limit,,1608 [1607-1608],1608,1607,1608,,,same year,1611,1611,1611,20691,0.50036,0.4762
598,Rule a Wife and Have a Wife,"Fletcher, John",comedy,britdrama,comedy,comedy,1152,1640,985,deep_id match,,,King's Men,clear,King's Men,,,King's Men,clear,King's Men,,,King's Men,clear,King's Men,,Adult Professional,Adult Professional,,None,None,"1624 [licensed for stage, Oct 19]",1624,,,month licensed,,1624 [Oct],1624,,,month,,same year,1640,1640,1640,18557,0.34979,0.62348
82,Sappho and Phao,"Lyly, John",comedy,britdrama,comedy,comedy;classical legend,135,1584,111,deep_id match,,,Children of the Chapel (first) (Oxford's Boys),clear,Children of the Chapel (first) (Oxford's Boys),,,Children of the Chapel (first) (Oxford's Boys); Children of Paul's (first),multiple (;),Children of the Chapel (first) (Oxford's Boys); Children of Paul's (first),,Children of the Chapel (first) (Oxford's Boys) | Children of Paul's (first),Children of the Chapel (first); Children of Paul's (first),multiple (;),Children of the Chapel (first); Children of Paul's (first),Children of the Chapel (first) | Children of Paul's (first),Boys Professional,Boys Professional,,before the Court;,None,c.1583,1583,,,circa,,1584 [early],1584,,,season,,differ by 1,1584,1584,1584,13486,0.43979,0.56021
195,"Satiromastix, or The Untrussing of the Humorous Poet","Dekker, Thomas",comedy,britdrama,comedy,comedy,444,1602,344,deep_id match,,,Lord Chamberlain's (Hunsdon's) Men and Children of Paul's (second),multiple (and),Lord Chamberlain's (Hunsdon's) Men and Children of Paul's (second),,Lord Chamberlain's (Hunsdon's) Men | Children of Paul's (second),Lord Chamberlain's (Hunsdon's) Men and Children of Paul's (second),multiple (and),Lord Chamberlain's (Hunsdon's) Men and Children of Paul's (second),,Lord Chamberlain's (Hunsdon's) Men | Children of Paul's (second),Children of Paul's (second); Lord Chamberlain's (Hunsdon's) Men,multiple (;),Children of Paul's (second); Lord Chamberlain's (Hunsdon's) Men,Children of Paul's (second) | Lord Chamberlain's (Hunsdon's) Men,Adult Professional; Boys Professional,Boys Professional,,None,None,1601,1601,,,,,1601 [autumn],1601,,,season,,same year,1602,1602,1602,21675,0.33901,0.59322
228,Sir Giles Goosecap,"Chapman, George",comedy,britdrama,comedy,comedy,538,1606,421,deep_id match,,,Children of the Chapel (second),clear,Children of the Chapel (second),,,Children of the Chapel (second) (?),uncertain,Children of the Chapel (second),(?),,Children of the Chapel (second),clear,Children of the Chapel (second),,Boys Professional,Boys Professional,,None,None,1602 [Sep 18],1602,,,month,,1602 [1601-1603],1602,1601,1603,,,same year,1606,1606,1606,20368,0.17459,0.29119
173,Summer's Last Will and Testament,"Nashe, Thomas",comedy,britdrama,comedy,comedy,396,1600,305,deep_id match,,,Unknown,unknown,Unknown,,,Unknown,unknown,Unknown,,,None,missing (None),,,Adult (?) or Boys (?) Professional,Boys Professional,,None,None,1592,1592,,,,,1592,1592,,,,,same year,1600,1600,1600,16500,0.28279,0.68558
60,Supposes,"Gascoigne, George / Ariosto, Ludovico",comedy,britdrama,comedy,comedy,103,1573,5006.01,deep_id match,,,n/a,missing (n/a),,,,n/a,missing (n/a),,,,n/a,missing (n/a),,,Inns of Court; Translation,Translation,,None,None,1566,1566,,,,,1566,1566,,,,,same year,1573,1573,1573,17939,0.22532,0.72122
353,"Technogamia, or The Marriages of the Arts","Holyday, Barten",comedy,britdrama,comedy,morality,794,1618,653,deep_id match,,,n/a,missing (n/a),,,,n/a,missing (n/a),,,,n/a,missing (n/a),,,University,University/Inns of Court,,at University;,None,1618 [Feb 13],1618,,,month,,1618 [Feb],1618,,,month,,same year,1618,1618,1618,31161,0.34623,0.62293
303,The Alchemist,"Jonson, Ben",comedy,britdrama,comedy,comedy,701,1612,579,deep_id match,,,King's Men,clear,King's Men,,,King's Men,clear,King's Men,,,None,missing (None),,,Adult Professional,Adult Professional,,None,None,1610,1610,,,,,1610,1610,,,,,same year,1612,1612,1612,26190,0.37885,0.54708
586,The Antipodes,"Brome, Richard",comedy,annals,not in BritDrama,comedy,1140,1640,969,deep_id match,,,not in BritDrama,not in BritDrama,,,,Queen Henrietta Maria's Men,clear,Queen Henrietta Maria's Men,,,Queen Henrietta Maria's Men,clear,Queen Henrietta Maria's Men,,Adult Professional,Adult Professional,,Salisbury Court;Indoor Professional,Indoor,1638 [1636-1638],1638,1636,1638,,,not in BritDrama,,,,,not in BritDrama,,1640,1640,1640,22031,0.4786,0.49857
549,The Ball,"Shirley, James",comedy,britdrama,comedy,comedy,1095,1639,911,deep_id match,,,Queen Henrietta Maria's Men,clear,Queen Henrietta Maria's Men,,,Queen Henrietta Maria's Men,clear,Queen Henrietta Maria's Men,,,Queen Henrietta Maria's Men,clear,Queen Henrietta Maria's Men,,Adult Professional,Adult Professional,,Phoenix/Cockpit;Indoor Professional,Indoor,"1632 [licensed for stage, Nov 16]",1632,,,month licensed,,1632 [Nov],1632,,,month,,same year,1639,1639,1639,17374,0.25711,0.71429
479,The Bird in a Cage (The Beauties),"Shirley, James",comedy,britdrama,comedy,comedy,1002,1633,816,deep_id match,,,Queen Henrietta Maria's Men,clear,Queen Henrietta Maria's Men,,,Queen Henrietta Maria's Men,clear,Queen Henrietta Maria's Men,,,None,missing (None),,,Adult Professional,Adult Professional,,Phoenix/Cockpit;Indoor Professional,Indoor,"1633 [licensed for stage, Jun 21] [incorrect]",1633,,,month licensed marked-incorrect,,1633 [Jan],1633,,,month,,same year,1633,1633,1633,18412,0.40327,0.59673
146,The Blind Beggar of Alexandria (Irus),"Chapman, George",comedy,britdrama,comedy,comedy,310,1598,249,deep_id match,Y,,Admiral's (Nottingham's) Men,clear,Admiral's (Nottingham's) Men,,,Admiral's (Nottingham's) Men,clear,Admiral's (Nottingham's) Men,,,Admiral's (Nottingham's) Men,clear,Admiral's (Nottingham's) Men,,Adult Professional,Adult Professional,,None,None,1596 [Feb 12],1596,,,month,,1596 [Feb],1596,,,month,,same year,1598,1598,1598,13034,0.30689,0.69311
281,The Case Is Altered,"Jonson, Ben",comedy,britdrama,comedy,comedy,663,1609,541,deep_id match,,,Pembroke's Men,clear,Pembroke's Men,,,Unknown,unknown,Unknown,,,Children of the Queen's Revels,clear,Children of the Queen's Revels,,Boys Professional,Boys Professional,,None,None,1597 [1597-1598; interpolations later],1597,1597,1598,,,1597 [revised c.1600],1597,,,revised,,same year,1609,1609,1609,17675,0.30359,0.66851
568,The City Match,"Mayne, Jasper",comedy,britdrama,comedy,comedy,1118,1639,939,deep_id match,,,King's Men,clear,King's Men,,,"Private, then King's Men",multiple (then),"Private, then King's Men",,Private | King's Men,King's Men,clear,King's Men,,University; Private (Nonprofessional); Adult Professional,University/Inns of Court,,before the Court;Blackfriars;Whitehall;Indoor Professional,Indoor,1637 [1637-1638(?)],1637,1637,1638,queried-limit,,1636 [Sep],1636,,,month,,differ by 1,1639,1639,1639,20083,0.56018,0.34168
393,The Comedy of Errors,"Shakespeare, William",comedy,britdrama,comedy,comedy,866,1623,5081.05,deep_id match,,,Pembroke's Men (?),uncertain,Pembroke's Men,(?),,Derby's (Strange's) Men (?),uncertain,Derby's (Strange's) Men,(?),,None,missing (None),,,Adult Professional,Adult Professional,,None,None,1592 [c.1590-1593],1592,1590,1593,circa-limit,,1592 [1589-1593],1592,1589,1593,,,same year,1623,1623,1623,14412,0.37448,0.44567
592,The Constant Maid (Love Will Find Out the Way),"Shirley, James",comedy,annals,not in BritDrama,comedy,1146,1640,978,deep_id match,Y,,not in BritDrama,not in BritDrama,,,,Ogilby's Men (?),uncertain,Ogilby's Men,(?),,None,missing (None),,,Adult Professional,Adult Professional,,None,None,1638 [1630(?)-1640],1638,1630,1640,queried-limit,,not in BritDrama,,,,,not in BritDrama,,1640,1640,1640,15731,0.22046,0.62342
457,The Devil Is an Ass,"Jonson, Ben",comedy,britdrama,comedy,comedy,973,1631,5124.003,deep_id match,,,King's Men,clear,King's Men,,,King's Men,clear,King's Men,,,King's Men,clear,King's Men,,Adult Professional,Adult Professional,,None,None,1616 [Oct-Nov (?)],1616,,,month queried-bracket,,1616,1616,,,,,same year,1631,1631,1631,26612,0.52082,0.47918
214,The Dutch Courtesan (Cockle de Moye),"Marston, John",comedy,britdrama,comedy,comedy,501,1605,391,deep_id match,Y,theater,Children of the Queen's Revels,clear,Children of the Queen's Revels,,,Children of the Queen's Revels,clear,Children of the Queen's Revels,,,Children of the Queen's Revels,clear,Children of the Queen's Revels,,Boys Professional,Boys Professional,,Blackfriars;Indoor Professional,Indoor,1605 [1603-1605],1605,1603,1605,,,1604 [summer] [1603-1605],1604,1603,1605,season,,differ by 1,1605,1605,1605,17794,0.25334,0.74666
515,The Elder Brother,"Fletcher, John / Massinger, Philip",comedy,britdrama,comedy,comedy,1046,1637,865,deep_id match,,,King's Men,clear,King's Men,,,King's Men,clear,King's Men,,,King's Men,clear,King's Men,,Adult Professional,Adult Professional,,Blackfriars;Indoor Professional,Indoor,1625(?),1625,,,queried,,1618 [1615-1625],1618,1615,1625,,,differ by 7,1637,1637,1637,19130,0.27987,0.72013
521,The Example,"Shirley, James",comedy,britdrama,comedy,comedy,1054,1637,874,deep_id match,,,Queen Henrietta Maria's Men,clear,Queen Henrietta Maria's Men,,,Queen Henrietta Maria's Men,clear,Queen Henrietta Maria's Men,,,Queen Henrietta Maria's Men,clear,Queen Henrietta Maria's Men,,Adult Professional,Adult Professional,,Phoenix/Cockpit;Indoor Professional,Indoor,"1634 [licensed for stage, Jun 24]",1634,,,month licensed,,1634 [Jun],1634,,,month,,same year,1637,1637,1637,17731,0.19407,0.72167
242,The Fair Maid of the Exchange,Anonymous,comedy,britdrama,comedy,comedy,570,1607,461,deep_id match,,,Unknown,unknown,Unknown,,,Unknown,unknown,Unknown,,,None,missing (None),,,Adult Professional,Adult Professional,,None,None,1602 [1601-1602],1602,1601,1602,,,1602 [1601-1607],1602,1601,1607,,,same year,1607,1607,1607,20607,0.41248,0.58752
263,The Family of Love,"Barry, Lording",comedy,britdrama,comedy,comedy,616,1608,509,deep_id match,,,Children of the King's Revels,clear,Children of the King's Revels,,,Admiral's (Nottingham's) Men (?),uncertain,Admiral's (Nottingham's) Men,(?),,Children of the King's Revels,clear,Children of the King's Revels,,Boys Professional,Boys Professional,,None,None,1603 [c.1603-1607],1603,1603,1607,circa-limit,,1607 [1606-1607],1607,1606,1607,,,differ by 4,1608,1608,1608,19712,0.72534,0.27466
532,The Fancies Chaste and Noble,"Ford, John",comedy,britdrama,comedy,,1067,1638,883,deep_id match,Y,theater,Queen Henrietta Maria's Men,clear,Queen Henrietta Maria's Men,,,Queen Henrietta Maria's Men,clear,Queen Henrietta Maria's Men,,,Queen Henrietta Maria's Men,clear,Queen Henrietta Maria's Men,,Adult Professional,Professional,,Phoenix/Cockpit;Indoor Professional,Indoor,1635 [1635-1636],1635,1635,1636,,,1636 [1635-1636],1636,1635,1636,,,differ by 1,1638,1638,1638,17869,0.19268,0.80732
255,The Fleer,"Sharpham, Edward",comedy,britdrama,comedy,comedy,596,1607,495,deep_id match,,,Children of the Queen's Revels,clear,Children of the Queen's Revels,,,Children of the Queen's Revels,clear,Children of the Queen's Revels,,,Children of the Queen's Revels,clear,Children of the Queen's Revels,,Boys Professional,Boys Professional,,Blackfriars;Indoor Professional,Indoor,1606,1606,,,,,1606 [spring],1606,,,season,,same year,1607,1607,1607,15797,0.30924,0.59448
523,The Gamester,"Shirley, James",comedy,britdrama,comedy,comedy,1056,1637,876,deep_id match,,,Queen Henrietta Maria's Men,clear,Queen Henrietta Maria's Men,,,Queen Henrietta Maria's Men,clear,Queen Henrietta Maria's Men,,,Queen Henrietta Maria's Men,clear,Queen Henrietta Maria's Men,,Adult Professional,Adult Professional,,Phoenix/Cockpit;Indoor Professional,Indoor,"1633 [licensed for stage, Nov 11]",1633,,,month licensed,,1633 [Nov],1633,,,month,,same year,1637,1637,1637,19482,0.33261,0.59075
226,The Gentleman Usher (Vincentio and Margaret),"Chapman, George",comedy,britdrama,comedy,,533,1606,419,deep_id match,Y,,Unknown (boy company),unknown,Unknown,(boy company),,Children of the Chapel (second) or Children of Paul’s (second),multiple (or),Children of the Chapel (second) or Children of Paul's (second),,Children of the Chapel (second) | Children of Paul's (second),None,missing (None),,,Boys Professional,Boys Professional,,None,None,1602 [c.1602-1603],1602,1602,1603,circa-limit,,1602 [1602-1605],1602,1602,1605,,,same year,1606,1606,1606,20591,0.5007,0.47467
429,The Grateful Servant (The Faithful Servant),"Shirley, James",comedy,britdrama,comedy,tragicomedy,928,1630,750,deep_id match,,,Queen Henrietta Maria's Men,clear,Queen Henrietta Maria's Men,,,Queen Henrietta Maria's Men,clear,Queen Henrietta Maria's Men,,,Queen Henrietta Maria's Men,clear,Queen Henrietta Maria's Men,,Adult Professional,Adult Professional,,Phoenix/Cockpit;Indoor Professional,Indoor,"1629 [licensed for stage, Nov 3]",1629,,,month licensed,,1629 [Nov],1629,,,month,,same year,1630,1630,1630,18874,0.55346,0.44654
505,The Great Duke of Florence,"Massinger, Philip",comedy,britdrama,comedy,tragicomedy,1036,1636,853,deep_id match,,,Queen Henrietta Maria's Men,clear,Queen Henrietta Maria's Men,,,Queen Henrietta Maria's Men,clear,Queen Henrietta Maria's Men,,,Queen Henrietta Maria's Men,clear,Queen Henrietta Maria's Men,,Adult Professional,Adult Professional,,Phoenix/Cockpit;Indoor Professional,Indoor,"1627 [licensed for stage, Jul 5]",1627,,,month licensed,,1627 [Jul],1627,,,month,,same year,1636,1636,1636,18310,0.59514,0.40486
384,The Heir,"May, Thomas",comedy,britdrama,comedy,comedy,850,1622,706,deep_id match,,,Red Bull (Revels) Company (first),clear,Red Bull (Revels) Company (first),,,Red Bull (Revels) Company (first),clear,Red Bull (Revels) Company (first),,,Red Bull (Revels) Company (first),clear,Red Bull (Revels) Company (first),,Adult Professional,Adult Professional,,None,None,1620,1620,,,,,1620,1620,,,,,same year,1622,1622,1622,16320,0.18364,0.78646
321,The Hog Hath Lost His Pearl,"Tailor, Robert",comedy,britdrama,comedy,comedy,730,1614,609,deep_id match,,,n/a,missing (n/a),,,,n/a,missing (n/a),,,,n/a,missing (n/a),,,Private,Nonprofessional,,None,None,1613 [Feb 21],1613,,,month,,1613 [Feb],1613,,,month,,same year,1614,1614,1614,16506,0.2347,0.73519
594,The Hollander (Love's Trial),"Glapthorne, Henry",comedy,britdrama,comedy,comedy,1148,1640,980,deep_id match,,,Queen Henrietta Maria's Men,clear,Queen Henrietta Maria's Men,,,Queen Henrietta Maria's Men,clear,Queen Henrietta Maria's Men,,,Beeston's Boys,clear,Beeston's Boys,,Boys Professional,Boys Professional,,before the Court;Phoenix/Cockpit;Indoor Professional,Indoor,"1636 [licensed for stage, Mar 12]",1636,,,month licensed,,1636 [Mar],1636,,,month,,same year,1640,1640,1640,19806,0.5469,0.42916
337,The Honest Lawyer,"S., S.",comedy,britdrama,comedy,comedy,765,1616,645,deep_id match,,,Queen Anne's Men,clear,Queen Anne's Men,,,Queen Anne's Men,clear,Queen Anne's Men,,,Queen Anne's Men,clear,Queen Anne's Men,,Adult Professional,Adult Professional,,None,None,1615 [c.1614-1615],1615,1614,1615,circa-limit,,1614 [1612-1615],1614,1612,1615,,,differ by 1,1616,1616,1616,20590,0.33128,0.66872
577,The Humorous Courtier (The Duke),"Shirley, James",comedy,britdrama,comedy,comedy,1130,1640,952,deep_id match,,,Queen Henrietta Maria's Men,clear,Queen Henrietta Maria's Men,,,Queen Henrietta Maria's Men,clear,Queen Henrietta Maria's Men,,,None,missing (None),,,Adult Professional,Adult Professional,,Phoenix/Cockpit;Indoor Professional,Indoor,"1631 [licensed for stage, May 17]",1631,,,month licensed,,1631 [May],1631,,,month,,same year,1640,1640,1640,15816,0.74836,0.25164
235,The Isle of Gulls,"Day, John",comedy,britdrama,comedy,comedy,555,1606,443,deep_id match,,,Children of the Queen's Revels,clear,Children of the Queen's Revels,,,Children of the Queen's Revels,clear,Children of the Queen's Revels,,,Children of the Queen's Revels,clear,Children of the Queen's Revels,,Boys Professional,Boys Professional,,Blackfriars;Indoor Professional,Indoor,1606,1606,,,,,1606 [Feb],1606,,,month,,same year,1606,1606,1606,20980,0.38098,0.61902
469,The Jealous Lovers,"Randolph, Thomas",comedy,britdrama,comedy,comedy,987,1632,800,deep_id match,,,n/a,missing (n/a),,,,n/a,missing (n/a),,,,n/a,missing (n/a),,,University,University/Inns of Court,,before the Court;at University;,None,1632 [Mar 20],1632,,,month,,1632 [Mar],1632,,,month,,same year,1632,1632,1632,23222,0.32073,0.63664
580,"The Knave in Grain, New Vamped","D., J.",comedy,britdrama,comedy,comedy,1133,1640,962,deep_id match,,,Unknown,unknown,Unknown,,,Red Bull Company (second),clear,Red Bull Company (second),,,None,missing (None),,,Adult Professional,Adult Professional,,Fortune;Outdoor Professional,Outdoor,c.1625 [revised c.1632],1625,,,circa revised,,1626 [1625-1639],1626,1625,1639,,,differ by 1,1640,1640,1640,22628,0.39186,0.60814
316,The Knight of the Burning Pestle,"Beaumont, Francis",comedy,britdrama,comedy,romance;burlesque,724,1613,604,deep_id match,,,Children of the Queen's Revels,clear,Children of the Queen's Revels,,,Children of the Queen's Revels (?),uncertain,Children of the Queen's Revels,(?),,None,missing (None),,,Boys Professional; Adult Professional,Boys Professional,,None,None,1607,1607,,,,,1607,1607,,,,,same year,1613,1613,1613,20788,0.18631,0.52328
518,The Lady of Pleasure,"Shirley, James",comedy,britdrama,comedy,comedy,1051,1637,871,deep_id match,,,Queen Henrietta Maria's Men,clear,Queen Henrietta Maria's Men,,,Queen Henrietta Maria's Men,clear,Queen Henrietta Maria's Men,,,Queen Henrietta Maria's Men,clear,Queen Henrietta Maria's Men,,Adult Professional,Adult Professional,,Phoenix/Cockpit;Indoor Professional,Indoor,"1635 [licensed for stage, Oct 15]",1635,,,month licensed,,1635 [Oct],1635,,,month,,same year,1637,1637,1637,20241,0.44099,0.51114
555,The Lady's Trial,"Ford, John",comedy,annals,not in BritDrama,comedy,1101,1639,918,deep_id match,Y,theater,not in BritDrama,not in BritDrama,,,,Beeston's Boys,clear,Beeston's Boys,,,Beeston's Boys,clear,Beeston's Boys,,Boys Professional,Professional,,Phoenix/Cockpit;Indoor Professional,Indoor,"1638 [licensed for stage, May 3]",1638,,,month licensed,,not in BritDrama,,,,,not in BritDrama,,1639,1639,1639,16880,0.2032,0.7968
494,The Late Lancashire Witches,"Heywood, Thomas / Brome, Richard",comedy,britdrama,comedy,topical play,1020,1634,837,deep_id match,,,King's Men,clear,King's Men,,,King's Men,clear,King's Men,,,King's Men,clear,King's Men,,Adult Professional,Adult Professional,,Globe;Outdoor Professional,Outdoor,1634,1634,,,,,1634 [Aug],1634,,,month,,same year,1634,1634,1634,21472,0.21065,0.78935
222,The London Prodigal,Anonymous,comedy,britdrama,comedy,comedy,521,1605,410,deep_id match,,,King's Men,clear,King's Men,,,King's Men,clear,King's Men,,,King's Men,clear,King's Men,,Adult Professional,Adult Professional,,None,None,1604 [1603-1605],1604,1603,1605,,,1604 [1603-1605],1604,1603,1605,,,same year,1605,1605,1605,15811,0.25071,0.71798
616,"The Magnetic Lady, or Humors Reconciled","Jonson, Ben",comedy,britdrama,comedy,comedy,1172,1640,5124.19,deep_id match,,,King's Men,clear,King's Men,,,King's Men,clear,King's Men,,,None,missing (None),,,Adult Professional,Adult Professional,,None,None,"1632 [licensed for stage, Oct 12]",1632,,,month licensed,,1632 [Oct],1632,,,month,,same year,1641,1641,1640,22308,0.55182,0.42577
164,The Maid's Metamorphosis,Anonymous,comedy,annals,pastoral; romance,comedy,370,1600,287,deep_id match,,,Children of Paul's (second),clear,Children of Paul's (second),,,Children of Paul's (second),clear,Children of Paul's (second),,,Children of Paul's (second),clear,Children of Paul's (second),,Boys Professional,Boys Professional,,None,None,1600 [1599-1600],1600,1599,1600,,,1600,1600,,,,,same year,1600,1600,1600,13806,0.6051,0.3949
172,The Merchant of Venice (The Jew of Venice),"Shakespeare, William",comedy,britdrama,comedy,comedy,391,1600,301,deep_id match,,,Lord Chamberlain's (Hunsdon's) Men,clear,Lord Chamberlain's (Hunsdon's) Men,,,Lord Chamberlain's (Hunsdon's) Men,clear,Lord Chamberlain's (Hunsdon's) Men,,,Lord Chamberlain's (Hunsdon's) Men,clear,Lord Chamberlain's (Hunsdon's) Men,,Adult Professional,Adult Professional,,None,None,1596 [1596-1598],1596,1596,1598,,,1596 [1596-1598],1596,1596,1598,,,same year,1600,1600,1600,19281,0.3839,0.50941
264,The Merry Devil of Edmonton,Anonymous,comedy,britdrama,comedy,comedy,617,1608,511,deep_id match,,,Lord Chamberlain's (Hunsdon's) Men,clear,Lord Chamberlain's (Hunsdon's) Men,,,Lord Chamberlain's (Hunsdon's) Men,clear,Lord Chamberlain's (Hunsdon's) Men,,,King's Men,clear,King's Men,,Adult Professional,Adult Professional,,Globe;Outdoor Professional,Outdoor,1602 [1599-1604],1602,1599,1604,,,1603 [1602-1604],1603,1602,1604,,,differ by 1,1608,1608,1608,11640,0.17431,0.69613
187,The Merry Wives of Windsor,"Shakespeare, William",comedy,britdrama,comedy,comedy,427,1623,5081.03,deep_id match,,,Lord Chamberlain's (Hunsdon's) Men,clear,Lord Chamberlain's (Hunsdon's) Men,,,Lord Chamberlain's (Hunsdon's) Men,clear,Lord Chamberlain's (Hunsdon's) Men,,,None,missing (None),,,Adult Professional,Adult Professional,,None,None,1597 [Apr 23],1597,,,month,,1597 [1597-1602] [revised after 1606],1597,1597,1602,revised,,same year,1602,1602,1623,20959,0.18727,0.71702
442,"The New Inn, or The Light Heart","Jonson, Ben",comedy,britdrama,comedy,comedy,956,1631,767,deep_id match,,,King's Men,clear,King's Men,,,King's Men,clear,King's Men,,,King's Men,clear,King's Men,,Adult Professional,Adult Professional,,None,None,"1629 [licensed for stage, Jan 19]",1629,,,month licensed,,1629 [Jan],1629,,,month,,same year,1631,1631,1631,21519,0.13495,0.84126
574,"The Night Walker, or The Little Thief","Fletcher, John / Shirley, James",comedy,britdrama,comedy,comedy,1127,1640,947,deep_id match,,,Lady Elizabeth's Men,clear,Lady Elizabeth's Men,,,Lady Elizabeth's Men (?),uncertain,Lady Elizabeth's Men,(?),,Queen Henrietta Maria's Men,clear,Queen Henrietta Maria's Men,,Adult Professional,Adult Professional,,Phoenix/Cockpit;Indoor Professional,Indoor,"c.1611(?) [revised by Shirley and re-licensed for stage, May 11, 1633]",1611,,,circa queried month licensed revised,,1615 [1613-1616] [revised 1633],1615,1613,1616,revised,,differ by 4,1640,1640,1640,19544,0.30674,0.64081
463,The Northern Lass,"Brome, Richard",comedy,britdrama,comedy,comedy,981,1632,793,deep_id match,,,King's Men,clear,King's Men,,,King's Men,clear,King's Men,,,King's Men,clear,King's Men,,Adult Professional,Adult Professional,,Blackfriars;Globe;Indoor Professional;Outdoor Professional,Both Indoor and Outdoor,"1629 [licensed for stage, Jul 29]",1629,,,month licensed,,1629 [Jul],1629,,,month,,same year,1632,1632,1632,26919,0.26134,0.72027
575,The Opportunity,"Shirley, James",comedy,britdrama,comedy,comedy,1128,1640,950,deep_id match,,,Queen Henrietta Maria's Men,clear,Queen Henrietta Maria's Men,,,Queen Henrietta Maria's Men,clear,Queen Henrietta Maria's Men,,,Queen Henrietta Maria's Men,clear,Queen Henrietta Maria's Men,,Adult Professional,Adult Professional,,Phoenix/Cockpit;Indoor Professional,Indoor,"1634 [licensed for stage, Nov 29]",1634,,,month licensed,,1634 [Nov],1634,,,month,,same year,1640,1640,1640,18023,0.91566,0.08434
243,The Phoenix,"Middleton, Thomas",comedy,britdrama,comedy,comedy,573,1607,464,deep_id match,,,Children of Paul's (second),clear,Children of Paul's (second),,,Children of Paul's (second),clear,Children of Paul's (second),,,Children of Paul's (second),clear,Children of Paul's (second),,Boys Professional,Boys Professional,,before the Court;,None,1604 [1603-1604],1604,1603,1604,,,1604 [Feb] [1603-1604],1604,1603,1604,month,,same year,1607,1607,1607,19629,0.55179,0.399
15,The Play of the Weather,"Heywood, John",comedy,britdrama,comedy,comedy;interlude,22,1544,18,deep_id match,,,n/a,missing (n/a),,,,n/a,missing (n/a),,,,n/a,missing (n/a),,,Interlude,Interlude,,None,None,1528 [1519-1528],1528,1519,1528,,,1528 [1519-1528],1528,1519,1528,,,same year,1533,1533,1544,10522,0.23826,0.71469
251,"The Puritan, or The Widow of Watling Street (The Puritan Widow)","Middleton, Thomas",comedy,britdrama,comedy,comedy,591,1607,489,deep_id match,,,Children of Paul's (second),clear,Children of Paul's (second),,,Children of Paul's (second),clear,Children of Paul's (second),,,Children of Paul's (second),clear,Children of Paul's (second),,Boys Professional,Boys Professional,,None,None,1606,1606,,,,,1606 [1606-1607],1606,1606,1607,,,same year,1607,1607,1607,18219,0.51496,0.45914
465,The Rival Friends,"Hausted, Peter",comedy,britdrama,comedy,tragicomedy,983,1632,795,deep_id match,,,n/a,missing (n/a),,,,n/a,missing (n/a),,,,n/a,missing (n/a),,,University,University/Inns of Court,,before the Court;at University;,None,1632 [Mar 19],1632,,,month,,1632 [Mar],1632,,,month,,same year,1632,1632,1632,30968,0.23398,0.75097
298,"The Roaring Girl, or Moll Cutpurse","Dekker, Thomas / Middleton, Thomas",comedy,britdrama,comedy,comedy,696,1611,574,deep_id match,,,Prince Henry's Men,clear,Prince Henry's Men,,,Prince Henry's Men,clear,Prince Henry's Men,,,Prince Henry's Men,clear,Prince Henry's Men,,Adult Professional,Adult Professional,,Fortune;Outdoor Professional,Outdoor,1611,1611,,,,,1611 [probably in spring],1611,,,season,,same year,1611,1611,1611,23444,0.1681,0.81027
538,The Royal Master,"Shirley, James",comedy,annals,not in BritDrama,comedy,1075,1638,896,deep_id match,,,not in BritDrama,not in BritDrama,,,,Ogilby's Men; Queen Henrietta Maria's Men,multiple (;),Ogilby's Men; Queen Henrietta Maria's Men,,Ogilby's Men | Queen Henrietta Maria's Men,None,missing (None),,,Adult Professional,Adult Professional,,"St. Werburgh Street, Dublin;Indoor Professional",Indoor,"1637 [licensed for stage, Apr 23, 1638]",1637,,,month licensed,,not in BritDrama,,,,,not in BritDrama,,1638,1638,1638,17696,0.74893,0.25107
441,The School of Compliment (Love Tricks),"Shirley, James",comedy,britdrama,comedy,comedy,954,1631,765,deep_id match,,,Lady Elizabeth's Men,clear,Lady Elizabeth's Men,,,Lady Elizabeth's Men,clear,Lady Elizabeth's Men,,,Queen Henrietta Maria's Men,clear,Queen Henrietta Maria's Men,,Adult Professional,Adult Professional,,Phoenix/Cockpit;Indoor Professional,Indoor,"1625 [licensed for stage, Feb 11]",1625,,,month licensed,,1625 [Feb],1625,,,month,,same year,1631,1631,1631,21539,0.31896,0.65815
334,The Scornful Lady,"Beaumont, Francis / Fletcher, John",comedy,britdrama,comedy,comedy,753,1616,633,deep_id match,,,Children of the Queen's Revels,clear,Children of the Queen's Revels,,,Children of the Queen's Revels (?),uncertain,Children of the Queen's Revels,(?),,Children of the Queen's Revels,clear,Children of the Queen's Revels,,Boys Professional; Adult Professional,Boys Professional,,Blackfriars;Indoor Professional,Indoor,1613 [1613-1616],1613,1613,1616,,,1610 [1609-1612],1610,1609,1612,,,differ by 3,1616,1616,1616,22770,0.39095,0.54506
175,"The Shoemaker's Holiday, or The Gentle Craft","Dekker, Thomas",comedy,britdrama,comedy,comedy,398,1600,307,deep_id match,,,Admiral's (Nottingham's) Men,clear,Admiral's (Nottingham's) Men,,,Admiral's (Nottingham's) Men,clear,Admiral's (Nottingham's) Men,,,Admiral's (Nottingham's) Men,clear,Admiral's (Nottingham's) Men,,Adult Professional,Adult Professional,,before the Court;,None,"1599 [Jul 15, payment]",1599,,,month payment,,1599 [summer],1599,,,season,,same year,1600,1600,1600,18730,0.0779,0.9221
556,"The Sophister (Fallacy, or The Troubles of Great Hermenia)","Zouche, Richard",comedy,britdrama,comedy,morality,1102,1639,919,deep_id match,,,n/a,missing (n/a),,,,n/a,missing (n/a),,,,n/a,missing (n/a),,,University,University/Inns of Court,,None,None,1614 [c.1614-1620],1614,1614,1620,circa-limit,,1620 [1610-1631],1620,1610,1631,,,differ by 6,1639,1639,1639,15616,0.15747,0.81064
456,The Staple of News,"Jonson, Ben",comedy,britdrama,comedy,comedy,972,1631,5124.004,deep_id match,,,King's Men,clear,King's Men,,,King's Men,clear,King's Men,,,King's Men,clear,King's Men,,Adult Professional,Adult Professional,,None,None,1626 [Feb],1626,,,month,,1626 [Feb],1626,,,month,,same year,1631,1631,1631,24689,0.257,0.743
120,The Taming of a Shrew,Anonymous,comedy,britdrama,comedy,comedy,226,1594,181,deep_id match,,,Unknown,unknown,Unknown,,,Queen Elizabeth's Men (?),uncertain,Queen Elizabeth's Men,(?),,Pembroke's Men,clear,Pembroke's Men,,Adult Professional,Adult Professional,,None,None,1592 [c.1592-1594],1592,1592,1594,circa-limit,,1594 [April] [1592-1594],1594,1592,1594,month,,differ by 2,1594,1594,1594,12239,0.15565,0.84435
120.5,The Taming of the Shrew,"Shakespeare, William",comedy,britdrama,comedy,comedy,229,1623,5081.11,deep_id match,,,Pembroke's Men,clear,Pembroke's Men,,,Sussex's Men (?); Lord (Hunsdon's) Chamberlain's Men (?),multiple (;),Sussex's Men; Lord (Hunsdon's) Chamberlain's Men,(?) (?),Sussex's Men | Lord (Hunsdon's) Chamberlain's Men,None,missing (None),,,Adult Professional,Adult Professional,,None,None,1592 [c.1590-1604],1592,1590,1604,circa-limit,,1592 [1589-1592],1592,1589,1592,,,same year,1623,1623,1623,20457,0.149,0.851
390,The Tempest,"Shakespeare, William",comedy,britdrama,comedy,comedy,860,1623,5081.01,deep_id match,,,King's Men,clear,King's Men,,,King's Men,clear,King's Men,,,None,missing (None),,,Adult Professional,Adult Professional,,None,None,1611,1611,,,,,1611 [1610-1611],1611,1610,1611,,,same year,1623,1623,1623,16056,0.24109,0.72876
391,The Two Gentlemen of Verona,"Shakespeare, William",comedy,britdrama,comedy,comedy,862,1623,5081.02,deep_id match,,,Lord Chamberlain's (Hunsdon's) Men (?),uncertain,Lord Chamberlain's (Hunsdon's) Men,(?),,Unknown,unknown,Unknown,,,None,missing (None),,,Adult Professional,Adult Professional,,None,None,1593 [c.1593-1594],1593,1593,1594,circa-limit,,1594 [1587-1598],1594,1587,1598,,,differ by 1,1623,1623,1623,16892,0.17227,0.79635
285,The Two Maids of More-Clacke,"Armin, Robert",comedy,britdrama,comedy,comedy,672,1609,552,deep_id match,,,Children of the King's Revels,clear,Children of the King's Revels,,,Children of the King's Revels,clear,Children of the King's Revels,,,Children of the King's Revels,clear,Children of the King's Revels,,Boys Professional,Boys Professional,,None,None,1606 [c.1606-1608],1606,1606,1608,circa-limit,,1608 [1607-1608],1608,1607,1608,,,differ by 2,1609,1609,1609,16182,0.24484,0.63422
364,"The Two Merry Milkmaids, or The Best Words Wear the Garland","Cumber, John",comedy,britdrama,comedy,comedy,822,1620,686,deep_id match,,,Red Bull (Revels) Company (first),clear,Red Bull (Revels) Company (first),,,Red Bull (Revels) Company (first),clear,Red Bull (Revels) Company (first),,,Red Bull (Revels) Company (first),clear,Red Bull (Revels) Company (first),,Adult Professional,Adult Professional,,before the Court;,None,1619 [1619-1620],1619,1619,1620,,,1619,1619,,,,,same year,1620,1620,1620,26552,0.52109,0.44215
425,The Wedding,"Shirley, James",comedy,britdrama,comedy,comedy,920,1629,742,deep_id match,,,Queen Henrietta Maria's Men,clear,Queen Henrietta Maria's Men,,,Queen Henrietta Maria's Men,clear,Queen Henrietta Maria's Men,,,Queen Henrietta Maria's Men,clear,Queen Henrietta Maria's Men,,Adult Professional,Adult Professional,,Phoenix/Cockpit;Indoor Professional,Indoor,1626,1626,,,,,1626 [1626-1629],1626,1626,1629,,,same year,1629,1629,1629,17874,0.39001,0.55617
301,The Widow's Tears,"Chapman, George",comedy,britdrama,comedy,comedy,699,1612,577,deep_id match,,,Children of the Queen's Revels,clear,Children of the Queen's Revels,,,Children of the Queen's Revels (?),uncertain,Children of the Queen's Revels,(?),,None,missing (None),,,Boys Professional,Boys Professional,,Blackfriars;Whitefriars;Indoor Professional,Indoor,1604 [1604-1605],1604,1604,1605,,,1605 [1603-1605],1605,1603,1605,,,differ by 1,1612,1612,1612,21063,0.20999,0.71932
535,The Wise Woman of Hogsdon,"Heywood, Thomas",comedy,britdrama,comedy,comedy,1071,1638,889,deep_id match,,,Unknown,unknown,Unknown,,,Queen Anne's Men,clear,Queen Anne's Men,,,None,missing (None),,,Adult Professional,Adult Professional,,None,None,c.1604(?),1604,,,circa queried,,1623 [1613-1638],1623,1613,1638,,,differ by 19,1638,1638,1638,17500,0.33463,0.58286
477,The Witty Fair One,"Shirley, James",comedy,britdrama,comedy,comedy,1000,1633,814,deep_id match,,,Queen Henrietta Maria's Men,clear,Queen Henrietta Maria's Men,,,Queen Henrietta Maria's Men,clear,Queen Henrietta Maria's Men,,,Queen Henrietta Maria's Men,clear,Queen Henrietta Maria's Men,,Adult Professional,Adult Professional,,Phoenix/Cockpit;Indoor Professional,Indoor,"1628 [licensed for stage, Oct 3]",1628,,,month licensed,,1628 [Oct],1628,,,month,,same year,1633,1633,1633,16661,0.36096,0.57788
245,The Woman Hater (The Hungry Courtier),"Beaumont, Francis / Fletcher, John",comedy,britdrama,comedy,comedy,577,1607,469,deep_id match,,,Children of Paul's (second),clear,Children of Paul's (second),,,Children of Paul's (second),clear,Children of Paul's (second),,,Children of Paul's (second),clear,Children of Paul's (second),,Boys Professional; Adult Professional,Boys Professional,,None,None,1606,1606,,,,,1606 [1604-1607],1606,1604,1607,,,same year,1607,1607,1607,22474,0.45604,0.54396
144,The Woman in the Moon,"Lyly, John",comedy,britdrama,comedy,comedy,298,1597,239,deep_id match,,,Children of Paul's (first),clear,Children of Paul's (first),,,Unknown,unknown,Unknown,,,None,missing (None),,,Boys Professional,Boys Professional,,before the Court;,None,1593 [1590-1595],1593,1590,1595,,,1588 [1587-1590],1588,1587,1590,,,differ by 5,1597,1597,1597,12326,0.39575,0.60425
508,The Wonder of A Kingdom,"Dekker, Thomas",comedy,britdrama,comedy,comedy,1039,1636,857,deep_id match,,,Prince Charles's Men (first) (?),uncertain,Prince Charles's Men (first),(?),,Queen Henrietta Maria's Men,clear,Queen Henrietta Maria's Men,,,None,missing (None),,,Adult Professional,Adult Professional,,None,None,1631 [1619-1631],1631,1619,1631,,,1622 [1619-1631],1622,1619,1631,,,differ by 9,1636,1636,1636,15014,0.56714,0.43286
37,Thersites,"Udall, Nicholas",comedy,britdrama,comedy,interlude,66,1562,57,deep_id match,,,n/a,missing (n/a),,,,n/a,missing (n/a),,,,n/a,missing (n/a),,,Interlude,Interlude,,None,None,1537 [Oct 12-24],1537,,,month,,1537 [Oct] [1530-1537],1537,1530,1537,month,,same year,1562,[1562?],1562,7169,0.36184,0.56605
540,Tottenham Court,"Nabbes, Thomas",comedy,britdrama,comedy,,1077,1638,899,deep_id match,Y,title_page_company_display; theater,Prince Charles's Men (second),clear,Prince Charles's Men (second),,,Prince Charles's Men (second) (?); King's Revels Company (?),multiple (;),Prince Charles's Men (second); King's Revels Company,(?) (?),Prince Charles's Men (second) | King's Revels Company,None,missing (None),,,Adult Professional,Adult Professional,,Salisbury Court;Indoor Professional,Indoor,1634 [1633-1634],1634,1633,1634,,,1633 [May] [1633-1634],1633,1633,1634,month,,differ by 1,1638,1638,1638,16434,0.33406,0.60655
396,"Twelfth Night, or What You Will","Shakespeare, William",comedy,britdrama,comedy,comedy,872,1623,5081.13,deep_id match,,,Lord Chamberlain's (Hunsdon's) Men,clear,Lord Chamberlain's (Hunsdon's) Men,,,Lord Chamberlain's (Hunsdon's) Men,clear,Lord Chamberlain's (Hunsdon's) Men,,,None,missing (None),,,Adult Professional,Adult Professional,,None,None,1601 [1601-1602],1601,1601,1602,,,1601 [1600-1602],1601,1600,1602,,,same year,1623,1623,1623,19442,0.07751,0.81818
259,"Volpone, or The Fox","Jonson, Ben",comedy,britdrama,comedy,comedy,606,1616,5074.12,deep_id match,,,King's Men,clear,King's Men,,,King's Men,clear,King's Men,,,King's Men,clear,King's Men,,Adult Professional,Adult Professional,,None,None,1606 [1605-1606],1606,1605,1606,,,1606 [1605-1606],1606,1605,1606,,,same year,1607,1607,1616,26193,0.31833,0.64307
257,Westward Ho,"Dekker, Thomas / Webster, John",comedy,britdrama,comedy,comedy,602,1607,501,deep_id match,,,Children of Paul's (second),clear,Children of Paul's (second),,,Children of Paul's (second),clear,Children of Paul's (second),,,Children of Paul's (second),clear,Children of Paul's (second),,Boys Professional,Boys Professional,,None,None,1604,1604,,,,,1604,1604,,,,,same year,1607,1607,1607,22263,0.22221,0.73319
252,What You Will,"Marston, John",comedy,britdrama,comedy,,592,1607,490,deep_id match,Y,,Children of Paul's (second) (?),uncertain,Children of Paul's (second),(?),,Children of Paul's (second) (?),uncertain,Children of Paul's (second),(?),,None,missing (None),,,Boys Professional,Professional,,None,None,1601,1601,,,,,1601,1601,,,,,same year,1607,1607,1607,16853,0.23242,0.76758
234,Wily Beguiled,Anonymous,comedy,britdrama,comedy,comedy,548,1606,434,deep_id match,,,Unknown,unknown,Unknown,,,Children of Paul's (second) (?),uncertain,Children of Paul's (second),(?),,None,missing (None),,,Boys Professional,Boys Professional,,None,None,1602 [1601-1602],1602,1601,1602,,,1602 [1601-1606],1602,1601,1606,,,same year,1606,1606,1606,19740,0.22482,0.77518
591,Wit in a Constable,"Glapthorne, Henry",comedy,annals,not in BritDrama,comedy,1145,1640,977,deep_id match,,,not in BritDrama,not in BritDrama,,,,Beeston's Boys,clear,Beeston's Boys,,,Beeston's Boys,clear,Beeston's Boys,,Boys Professional,Boys Professional,,Phoenix/Cockpit;Indoor Professional,Indoor,1638 [1636-1638; revised 1639],1638,1636,1638,revised,,not in BritDrama,,,,,not in BritDrama,,1640,1640,1640,15585,0.41842,0.54867
266,Your Five Gallants (The Five Witty Gallants),"Middleton, Thomas",comedy,britdrama,comedy,comedy,628,1608,520,deep_id match,,,Children of the Queen's Revels,clear,Children of the Queen's Revels,,,Children of Paul's (second) (?),uncertain,Children of Paul's (second),(?),,None,missing (None),,,Boys Professional,Boys Professional,,Blackfriars;Indoor Professional,Indoor,1607,1607,,,,,1607 [1605-1608],1607,1605,1608,,,same year,1608,[1608],1608,19811,0.29832,0.70168
153,1 Edward the Fourth,"Heywood, Thomas",history,britdrama,history,history,345,1600,5049.01,deep_id match,,,Derby's (Strange's) Men,clear,Derby's (Strange's) Men,,,Derby's (Strange's) Men,clear,Derby's (Strange's) Men,,,None,missing (None),,,Adult Professional,Adult Professional,,None,None,1599 [1592-1599],1599,1592,1599,,,1599 [Aug],1599,,,month,,same year,1599,1599,1600,22469,0.39837,0.60163
145,1 Henry the Fourth,"Shakespeare, William",history,britdrama,history,history,300,1598,241,deep_id match,,,Lord Chamberlain's (Hunsdon's) Men,clear,Lord Chamberlain's (Hunsdon's) Men,,,Lord Chamberlain's (Hunsdon's) Men,clear,Lord Chamberlain's (Hunsdon's) Men,,,None,missing (None),,,Adult Professional,Adult Professional,,None,None,1597 [c.1596-1597],1597,1596,1597,circa-limit,,1597 [1596-1597],1597,1596,1597,,,same year,1598,1598,1598,24115,0.20751,0.5067
399,1 Henry the Sixth,"Anonymous / Marlowe, Christopher / Shakespeare, William / Nashe, Thomas",history,britdrama,history,history,878,1623,5081.20,deep_id match,,,Derby's (Strange's) Men,clear,Derby's (Strange's) Men,,,Derby's (Strange's) Men,clear,Derby's (Strange's) Men,,,None,missing (None),,,Adult Professional,Adult Professional,,None,None,1590,1590,,,,,1592 [Mar],1592,,,month,,differ by 2,1623,1623,1623,20495,0.55174,0.35331
215,"1 If You Know Not Me You Know Nobody, or The Troubles of Queen Elizabeth","Heywood, Thomas",history,britdrama,history,history,503,1605,392,deep_id match,,,Queen Anne's Men,clear,Queen Anne's Men,,,Queen Anne's Men,clear,Queen Anne's Men,,,None,missing (None),,,Adult Professional,Adult Professional,,None,None,1604 [1604-1605; revised c.1632],1604,1604,1605,revised,,1604 [1603-1605],1604,1603,1605,,,same year,1605,1605,1605,11198,0.35024,0.56394
166,1 Sir John Oldcastle,"Wilson, Robert / Drayton, Michael / Munday, Anthony / Hathaway, Richard",history,britdrama,history,history,376,1600,291,deep_id match,,,Admiral's (Nottingham's) Men,clear,Admiral's (Nottingham's) Men,,,Admiral's (Nottingham's) Men,clear,Admiral's (Nottingham's) Men,,,Admiral's (Nottingham's) Men,clear,Admiral's (Nottingham's) Men,,Adult Professional,Adult Professional,,None,None,"1599 [Oct 16, payment]",1599,,,month payment,,1599 [Nov],1599,,,month,,same year,1600,1600,1600,20954,0.19004,0.78606
101,1 The Troublesome Reign of King John,Anonymous,history,britdrama,history,history,170,1591,5021.01,deep_id match,,,Queen Elizabeth's Men,clear,Queen Elizabeth's Men,,,Queen Elizabeth's Men,clear,Queen Elizabeth's Men,,,None,missing (None),,,Adult Professional,Adult Professional,,None,None,1591,1591,,,,,1589 [1587-1591],1589,1587,1591,,,differ by 2,1591,1591,1591,13400,0.61993,0.38007
154,2 Edward the Fourth,"Heywood, Thomas",history,britdrama,history,history,351,1600,5049.02,deep_id match,,,Derby's (Strange's) Men,clear,Derby's (Strange's) Men,,,Derby's (Strange's) Men,clear,Derby's (Strange's) Men,,,None,missing (None),,,Adult Professional,Adult Professional,,None,None,1599 [1592-1599],1599,1592,1599,,,1599 [Aug],1599,,,month,,same year,1599,1599,1600,24054,0.40675,0.53263
167,2 Henry the Fourth,"Shakespeare, William",history,britdrama,history,history,378,1600,293,deep_id match,,,Lord Chamberlain's (Hunsdon's) Men,clear,Lord Chamberlain's (Hunsdon's) Men,,,Lord Chamberlain's (Hunsdon's) Men,clear,Lord Chamberlain's (Hunsdon's) Men,,,Lord Chamberlain's (Hunsdon's) Men,clear,Lord Chamberlain's (Hunsdon's) Men,,Adult Professional,Adult Professional,,None,None,1597 [c.1597-1598],1597,1597,1598,circa-limit,,1597 [1596-1600],1597,1596,1600,,,same year,1600,1600,1600,23556,0.2137,0.55676
119,2 Henry the Sixth (The First Part of the Contention betwixt the Two Famous Houses of York and Lancaster),"Anonymous / Marlowe, Christopher / Shakespeare, William",history,britdrama,history,history,222,1600,180,deep_id match,,,Pembroke's Men (?),uncertain,Pembroke's Men,(?),,Pembroke's Men,clear,Pembroke's Men,,,None,missing (None),,,Adult Professional,Adult Professional,,None,None,c.1590,1590,,,circa,,1591 [1587-1592],1591,1587,1592,,,differ by 1,1594,1594,1600,16092,0.34272,0.59352
224,2 If You Know Not Me You Know Nobody (The Second Part of Queen Elizabeth's Troubles),"Heywood, Thomas",history,britdrama,history,history,527,1606,412,deep_id match,,,Queen Anne's Men,clear,Queen Anne's Men,,,Queen Anne's Men,clear,Queen Anne's Men,,,None,missing (None),,,Adult Professional,Adult Professional,,None,None,1605 [1604-1605; revised c.1632],1605,1604,1605,revised,,1604 [1603-1605],1604,1603,1605,,,differ by 1,1606,1606,1606,21543,0.25331,0.72631
102,2 The Troublesome Reign of King John,Anonymous,history,britdrama,history,history,174,1611,5022.02,deep_id match,,,Queen Elizabeth's Men,clear,Queen Elizabeth's Men,,,Queen Elizabeth's Men,clear,Queen Elizabeth's Men,,,None,missing (None),,,Adult Professional,Adult Professional,,None,None,1591,1591,,,,,1589 [1587-1591],1589,1587,1591,,,differ by 2,1591,1591,1611,9548,0.68622,0.31378
138,3 Henry the Sixth (The True Tragedy of Richard Duke of York and the Good King Henry the Sixth),"Anonymous / Marlowe, Christopher / Shakespeare, William",history,britdrama,history,history,268,1623,5081.22,deep_id match,,,Pembroke's Men,clear,Pembroke's Men,,,Pembroke's Men,clear,Pembroke's Men,,,None,missing (None),,,Adult Professional,Adult Professional,,None,None,c.1591,1591,,,circa,,1591 [1587-1592],1591,1587,1592,,,same year,1595,1595,1623,23306,0.38256,0.57462
192,"A Larum for London, or The Siege of Antwerp",Anonymous,history,britdrama,history,history,441,1602,342,deep_id match,,,Lord Chamberlain's (Hunsdon's) Men,clear,Lord Chamberlain's (Hunsdon's) Men,,,Lord Chamberlain's (Hunsdon's) Men,clear,Lord Chamberlain's (Hunsdon's) Men,,,Lord Chamberlain's (Hunsdon's) Men,clear,Lord Chamberlain's (Hunsdon's) Men,,Adult Professional,Adult Professional,,None,None,1599 [c.1594-1600],1599,1594,1600,circa-limit,,1599 [summer] [1594-1600],1599,1594,1600,season,,same year,1602,1602,1602,12240,0.12361,0.87639
112,Edward the First,"Peele, George",history,britdrama,history,history,203,1593,162,deep_id match,,,Unknown,unknown,Unknown,,,Queen Elizabeth's Men (?),uncertain,Queen Elizabeth's Men,(?),,None,missing (None),,,Adult Professional,Adult Professional,,None,None,1591 [1590-1593],1591,1590,1593,,,1591 [1590-1593],1591,1590,1593,,,same year,1593,1593,1593,21321,0.48905,0.51095
129,Edward the Second,"Marlowe, Christopher",history,britdrama,history,history,245,1594,197,deep_id match,,,Pembroke's Men,clear,Pembroke's Men,,,Pembroke's Men,clear,Pembroke's Men,,,Pembroke's Men,clear,Pembroke's Men,,Adult Professional,Adult Professional,,None,None,1592 [1591-1593],1592,1591,1593,,,1592 [1591-1593],1592,1591,1593,,,same year,1594,1594,1594,20423,0.41331,0.51065
482,Fuimus Troes (The True Trojans),"Fisher, Jasper",history,britdrama,history,history,1005,1633,819,deep_id match,,,n/a,missing (n/a),,,,n/a,missing (n/a),,,,n/a,missing (n/a),,,University,University/Inns of Court,,at University;,None,1625 [c.1611-1633],1625,1611,1633,circa-limit,,1619 [1607-1624],1619,1607,1624,,,differ by 6,1633,1633,1633,16534,0.35648,0.64352
400,Henry the Eighth (All Is True),"Shakespeare, William / Fletcher, John",history,britdrama,history,history,880,1623,5081.24,deep_id match,,,King's Men,clear,King's Men,,,King's Men,clear,King's Men,,,None,missing (None),,,Adult Professional,Adult Professional,,None,None,1613 [Jun],1613,,,month,,1612 [1611-1613],1612,1611,1613,,,differ by 1,1623,1623,1623,23549,0.31071,0.68929
165,Henry the Fifth,"Shakespeare, William",history,britdrama,history,history,371,1600,288,deep_id match,,,Lord Chamberlain's (Hunsdon's) Men,clear,Lord Chamberlain's (Hunsdon's) Men,,,Lord Chamberlain's (Hunsdon's) Men,clear,Lord Chamberlain's (Hunsdon's) Men,,,Lord Chamberlain's (Hunsdon's) Men,clear,Lord Chamberlain's (Hunsdon's) Men,,Adult Professional,Adult Professional,,None,None,1599,1599,,,,,1599,1599,,,,,same year,1600,1600,1600,12250,0.47918,0.44024
114,Jack Straw,Anonymous,history,britdrama,history,history,207,1593,166,deep_id match,,,Unknown,unknown,Unknown,,,Unknown,unknown,Unknown,,,None,missing (None),,,Adult Professional,Adult Professional,,None,None,1591 [1590-1593],1591,1590,1593,,,1590 [1580-1593],1590,1580,1593,,,differ by 1,1593,1593,1593,7875,0.50616,0.49384
398,King John,"Shakespeare, William",history,britdrama,history,history,876,1623,5081.15,deep_id match,,,Lord Chamberlain's (Hunsdon's) Men,clear,Lord Chamberlain's (Hunsdon's) Men,,,Lord Chamberlain's (Hunsdon's) Men,clear,Lord Chamberlain's (Hunsdon's) Men,,,None,missing (None),,,Adult Professional,Adult Professional,,None,None,1591 [1590-1591],1591,1590,1591,,,1596 [1594-1598],1596,1594,1598,,,differ by 5,1623,1623,1623,20419,0.55556,0.39439
615,Mortimer His Fall,"Jonson, Ben",history,annals,not in BritDrama,history,1171,1640,5124.18,deep_id match,,,not in BritDrama,not in BritDrama,,,,Unacted,unacted,Unacted,,,None,missing (None),,,Unacted (?); Professional (?),Closet/Unacted,closet/unacted (per play_type),None,None,1637 [1595-1637],1637,1595,1637,,,not in BritDrama,,,,,not in BritDrama,,1641,1641,1640,555,0.0,1.0
141,Richard the Second,"Shakespeare, William",history,annals,tragedy; history,history,273,1597,217,deep_id match,,,Lord Chamberlain's (Hunsdon's) Men,clear,Lord Chamberlain's (Hunsdon's) Men,,,Lord Chamberlain's (Hunsdon's) Men,clear,Lord Chamberlain's (Hunsdon's) Men,,,Lord Chamberlain's (Hunsdon's) Men,clear,Lord Chamberlain's (Hunsdon's) Men,,Adult Professional,Adult Professional,,None,None,1595,1595,,,,,1595 [1595-1597],1595,1595,1597,,,same year,1597,1597,1597,20546,0.16777,0.71089
142,Richard the Third,"Shakespeare, William",history,annals,tragedy; history,history,287,1623,5081.23,deep_id match,,,Derby's (Strange's) Men (?),uncertain,Derby's (Strange's) Men,(?),,Derby's (Strange's) Men (?); Pembroke's Men (?),multiple (;),Derby's (Strange's) Men; Pembroke's Men,(?) (?),Derby's (Strange's) Men | Pembroke's Men,None,missing (None),,,Adult Professional,Adult Professional,,None,None,1592 [1591-1592],1592,1591,1592,,,1593 [autumn] [1591-1597],1593,1591,1597,season,,differ by 1,1597,1597,1623,28137,0.33849,0.64392
274,The Conspiracy of Charles Duke of Byron,"Chapman, George",history,britdrama,history,tragedy,647,1608,5069.01,deep_id match,,,Children of the Queen's Revels,clear,Children of the Queen's Revels,,,Children of the Queen's Revels,clear,Children of the Queen's Revels,,,None,missing (None),,,Boys Professional,Boys Professional,,None,None,1608 [1607-1608],1608,1607,1608,,,1608 [1607-1608],1608,1607,1608,,,same year,1608,1608,1608,16355,0.20917,0.79083
451,The Duchess of Suffolk,"Drue, Thomas",history,britdrama,history,history,966,1631,781,deep_id match,,,Prince Palatine's (Palsgrave's) Men,clear,Prince Palatine's (Palsgrave's) Men,,,Prince Palatine's (Palsgrave's) Men,clear,Prince Palatine's (Palsgrave's) Men,,,None,missing (None),,,Adult Professional,Adult Professional,,None,None,"1624 [licensed for stage, Jan 2]",1624,,,month licensed,,1624 [Jan],1624,,,month,,same year,1631,1631,1631,16252,0.51464,0.48536
256,The Famous History of Sir Thomas Wyatt,"Heywood, Thomas / Dekker, Thomas / Chettle, Henry / Webster, John",history,britdrama,history,history,600,1607,499,deep_id match,,,Worcester's Men,clear,Worcester's Men,,,Queen Anne's Men,clear,Queen Anne's Men,,,Queen Anne's Men,clear,Queen Anne's Men,,Adult Professional,Adult Professional,,None,None,1602,1602,,,,,1601 [autumn],1601,,,season,,differ by 1,1607,1607,1607,10780,0.27338,0.72662
160,The Love of King David and Fair Bathsheba,"Peele, George",history,annals,biblical play; history,history,361,1599,280,deep_id match,,,Queen Elizabeth's Men (?),uncertain,Queen Elizabeth's Men,(?),,Unknown,unknown,Unknown,,,None,missing (None),,,Adult Professional,Adult Professional,,None,None,1594 [1593-1594],1594,1593,1594,,,1590 [1584-1594],1590,1584,1594,,,differ by 4,1599,1599,1599,14798,0.73618,0.26382
140,The Reign of King Edward the Third,"Anonymous / Shakespeare, William",history,britdrama,history,history,271,1596,215,deep_id match,,,Derby's (Strange's) Men (?),uncertain,Derby's (Strange's) Men,(?),,Admiral's (Nottingham's) Men (?),uncertain,Admiral's (Nottingham's) Men,(?),,None,missing (None),,,Adult Professional,Adult Professional,,None,None,1590 [c.1590-1595],1590,1590,1595,circa-limit,,1593 [1590-1594],1593,1590,1594,,,differ by 3,1596,1596,1596,19434,0.493,0.48081
213,The True Chronicle of King Leir (King Lear and his Three Daughters),Anonymous,history,britdrama,history,history,500,1605,390,deep_id match,,,Queen Elizabeth's Men (?),uncertain,Queen Elizabeth's Men,(?),,Queen Elizabeth's Men (?),uncertain,Queen Elizabeth's Men,(?),,None,missing (None),,,Adult Professional,Adult Professional,,None,None,1590 [c.1588-1594],1590,1588,1594,circa-limit,,1589 [1586-1594],1589,1586,1594,,,differ by 1,1605,1605,1605,21026,0.11667,0.86127
126,The True Tragedy of Richard the Third,Anonymous,history,annals,tragedy; history,history,242,1594,194,deep_id match,,,Queen Elizabeth's Men,clear,Queen Elizabeth's Men,,,Queen Elizabeth's Men,clear,Queen Elizabeth's Men,,,Queen Elizabeth's Men,clear,Queen Elizabeth's Men,,Adult Professional,Adult Professional,,None,None,1591 [1588-1594],1591,1588,1594,,,1589 [1588-1591],1589,1588,1591,,,differ by 2,1594,1594,1594,19508,0.25272,0.72242
520,The Valiant Scot,"W., J.",history,britdrama,history,tragedy,1053,1637,873,deep_id match,,,Unknown,unknown,Unknown,,,Unknown,unknown,Unknown,,,None,missing (None),,,Adult Professional,Adult Professional,,None,None,1626 [1625-1626],1626,1625,1626,,,1626 [1607-1637],1626,1607,1637,,,same year,1637,1637,1637,15771,0.6862,0.3138
327,The Valiant Welshman (Caradoc the Great),"A., R.",history,britdrama,history,history,740,1615,619,deep_id match,,,Prince Henry's Men,clear,Prince Henry's Men,,,Prince Henry's Men,clear,Prince Henry's Men,,,Prince Henry's Men,clear,Prince Henry's Men,,Adult Professional,Adult Professional,,None,None,1612 [1610-1615],1612,1610,1615,,,1611 [1610-1612],1611,1610,1612,,,differ by 1,1615,1615,1615,15773,0.37266,0.62734
189,Thomas Lord Cromwell,"S., W.",history,britdrama,history,history,431,1602,332,deep_id match,,,Lord Chamberlain's (Hunsdon's) Men,clear,Lord Chamberlain's (Hunsdon's) Men,,,Lord Chamberlain's (Hunsdon's) Men,clear,Lord Chamberlain's (Hunsdon's) Men,,,Lord Chamberlain's (Hunsdon's) Men,clear,Lord Chamberlain's (Hunsdon's) Men,,Adult Professional,Adult Professional,,None,None,1600 [c.1599-1602],1600,1599,1602,circa-limit,,1601 [1599-1602],1601,1599,1602,,,differ by 1,1602,1602,1602,13098,0.23271,0.76729
212,When You See Me You Know Me (Henry the Eighth),"Rowley, Samuel",history,britdrama,history,history,496,1605,386,deep_id match,,,Prince Henry's Men,clear,Prince Henry's Men,,,Prince Henry's Men,clear,Prince Henry's Men,,,Prince Henry's Men,clear,Prince Henry's Men,,Adult Professional,Adult Professional,,None,None,1604,1604,,,,,1604 [1604-1605],1604,1604,1605,,,same year,1605,1605,1605,23719,0.52152,0.41587
32,Robin Hood (Robin Hood and the Friar) (Robin Hood and the Potter),Anonymous,interlude,annals,romance; folk romance,interlude,57,1590,5004.01,deep_id match,,,n/a,missing (n/a),,,,n/a,missing (n/a),,,,n/a,missing (n/a),,,Interlude,Nonprofessional,,None,None,1560,1560,,,,,1560 ([May? Nov?] [1553-1569],1560,1553,1569,month queried-bracket,,same year,1560,[1560?],1590,1461,0.65298,0.34702
453,Albion's Triumph,"Townshend, Aurelian",masque,britdrama,masque,masque,969,1631,783,deep_id match,,,n/a,missing (n/a),,,,n/a,missing (n/a),,,,n/a,missing (n/a),,,Occasional,Occasional,,before the Court;,None,1632 [Jan 8],1632,,,month,,1632 [Jan 8],1632,,,month,,same year,1631,1631,1631,1968,0.24593,0.75407
526,Britannia Triumphans (Britain Triumphing),"Davenant, William",masque,annals,not in BritDrama,masque,1061,1637,880,deep_id match,,,not in BritDrama,not in BritDrama,,,,n/a,missing (n/a),,,,n/a,missing (n/a),,,Occasional,Occasional,,before the Court;Whitehall;,None,"1638 [licensed for performance, Jan 8]",1638,,,month licensed,,not in BritDrama,,,,,not in BritDrama,,1637,1637,1637,3331,0.56079,0.1384
452,Chloridia: Rites to Chloris and Her Nymphs,"Jonson, Ben",masque,britdrama,masque,masque,967,1631,782,deep_id match,,,n/a,missing (n/a),,,,n/a,missing (n/a),,,,n/a,missing (n/a),,,Occasional,Nonprofessional,,before the Court;,None,1631 [Feb 22],1631,,,month,,1631 [Feb 22],1631,,,month,,same year,1631,[1631],1631,1186,1.0,0.0
606,Christmas His Masque (Christmas His Show),"Jonson, Ben",masque,britdrama,masque,masque,1162,1641,5124.01,deep_id match,,,n/a,missing (n/a),,,,n/a,missing (n/a),,,,n/a,missing (n/a),,,Occasional,Occasional,,before the Court;,None,1616 [Christmas; January 1617],1616,,,month season,,1616 [Christmas 1616-1617],1616,1616,1617,season,,same year,1641,1641,1641,1906,0.49843,0.50157
496,Coelum Britannicum (The British Heaven),"Carew, Thomas",masque,britdrama,masque,masque,1022,1634,839,deep_id match,,,n/a,missing (n/a),,,,n/a,missing (n/a),,,,n/a,missing (n/a),,,Occasional,Occasional,,before the Court;Whitehall;,None,1634 [Feb 18],1634,,,month,,1634 [Feb 18],1634,,,month,,same year,1634,1634,1634,7553,0.20482,0.73044
609,For the Honor of Wales,"Jonson, Ben",masque,britdrama,masque,masque,1165,1641,5124.05,deep_id match,,,n/a,missing (n/a),,,,n/a,missing (n/a),,,,n/a,missing (n/a),,,Occasional,Occasional,,None,None,1618 [Feb 17],1618,,,month,,1618 [Feb 17],1618,,,month,,same year,1641,1641,1641,3274,0.0,1.0
237,"Hymenaei, or the Solemnities of Masque and Barriers at a Marriage (Truth versus Opinion)","Jonson, Ben",masque,britdrama,masque,masque,558,1606,449,deep_id match,,,n/a,missing (n/a),,,,n/a,missing (n/a),,,,n/a,missing (n/a),,,Occasional,Occasional,,before the Court;,None,1606 [Jan 5],1606,,,month,,1606 [Jan 6],1606,,,month,,same year,1606,1606,1606,4034,0.0,1.0
437,Love's Triumph Through Callipolis,"Jonson, Ben",masque,britdrama,masque,masque,949,1630,760,deep_id match,,,n/a,missing (n/a),,,,n/a,missing (n/a),,,,n/a,missing (n/a),,,Occasional,Occasional,,before the Court;,None,1631 [Jan 9],1631,,,month,,1631 [Jan 9],1631,,,month,,same year,1630,1630,1630,837,0.4994,0.5006
350,Lovers Made Men (The Masque at Lord Hay's),"Jonson, Ben",masque,britdrama,masque,masque,789,1617,648,deep_id match,,,n/a,missing (n/a),,,,n/a,missing (n/a),,,,n/a,missing (n/a),,,Occasional,Occasional,,None,None,1617 [Feb 22],1617,,,month,,1617 [Feb 22],1617,,,month,,same year,1617,1617,1617,854,0.50117,0.49883
527,"Luminalia, or The Festival of Light","Davenant, William",masque,annals,not in BritDrama,masque,1062,1637,881,deep_id match,,,not in BritDrama,not in BritDrama,,,,n/a,missing (n/a),,,,n/a,missing (n/a),,,Occasional,Occasional,,before the Court;,None,1638 [Feb 6],1638,,,month,,not in BritDrama,,,,,not in BritDrama,,1637,1637,1637,1319,0.0,1.0
348,Mercury Vindicated from the Alchemists at Court,"Jonson, Ben",masque,britdrama,masque,masque,785,1616,5074.33,deep_id match,,,n/a,missing (n/a),,,,n/a,missing (n/a),,,,n/a,missing (n/a),,,Occasional,Occasional,,before the Court;,None,1616 [Jan 1],1616,,,month,,1615 [Jan 6],1615,,,month,,differ by 1,1616,1616,1616,2848,0.0,1.0
514,Microcosmus,"Nabbes, Thomas",masque,britdrama,masque,morality;masque,1045,1637,864,deep_id match,Y,theater,King's Revels Company (?),uncertain,King's Revels Company,(?),,Queen Henrietta Maria's Men,clear,Queen Henrietta Maria's Men,,,None,missing (None),,,Occasional; Adult Professional,Occasional,,Salisbury Court;Indoor Professional,Indoor,1637,1637,,,,,1636 [spring] [1629-1637],1636,1629,1637,season,,differ by 1,1637,1637,1637,10274,0.3322,0.6678
407,Neptune's Triumph for the Return of Albion,"Jonson, Ben",masque,britdrama,masque,masque,894,1624,717,deep_id match,,,n/a,missing (n/a),,,,n/a,missing (n/a),,,,n/a,missing (n/a),,,Occasional,Occasional,,before the Court;,None,1624 [Jan 6 (projected)],1624,,,month,,1624 [Jan 6 (projected)],1624,,,month,,same year,1624,[1624],1624,2134,0.75726,0.24274
610,News from the New World Discovered in the Moon,"Jonson, Ben",masque,britdrama,masque,masque,1166,1641,5124.06,deep_id match,,,n/a,missing (n/a),,,,n/a,missing (n/a),,,,n/a,missing (n/a),,,Occasional,Occasional,,before the Court;,None,1620 [Jan 7],1620,,,month,,1620 [Jan 6],1620,,,month,,same year,1641,1641,1641,2818,0.0,1.0
611,"Pan's Anniversary, or The Shepherds' Holiday","Jonson, Ben",masque,annals,pastoral; masque,masque,1167,1641,5124.11,deep_id match,,,n/a,missing (n/a),,,,n/a,missing (n/a),,,,n/a,missing (n/a),,,Occasional,Occasional,,before the Court;,None,1620 [Jun 19(?)] [incorrect],1620,,,month queried-bracket marked-incorrect,,1621 [Jan 6],1621,,,month,,differ by 1,1641,1641,1641,2024,1.0,0.0
608,Pleasure Reconciled to Virtue,"Jonson, Ben",masque,britdrama,masque,masque,1164,1641,5124.04,deep_id match,,,n/a,missing (n/a),,,,n/a,missing (n/a),,,,n/a,missing (n/a),,,Occasional,Occasional,,before the Court;,None,1618 [Jan 6],1618,,,month,,1618 [Jan 6],1618,,,month,,same year,1641,1641,1641,2185,0.42838,0.33181
571,Salmacida Spolia,"Davenant, William",masque,annals,not in BritDrama,masque,1124,1639,944,deep_id match,,,not in BritDrama,not in BritDrama,,,,n/a,missing (n/a),,,,n/a,missing (n/a),,,Occasional,Occasional,,before the Court;Whitehall;,None,1640 [Jan 21],1640,,,month,,not in BritDrama,,,,,not in BritDrama,,1639,1639,1639,1271,0.0,1.0
454,Tempe Restored  (Tempe Restauratum),"Townshend, Aurelian",masque,britdrama,masque,masque,970,1631,785,deep_id match,,,n/a,missing (n/a),,,,n/a,missing (n/a),,,,n/a,missing (n/a),,,Occasional,Occasional,,before the Court;Whitehall;,None,1632 [Feb 14],1632,,,month,,1632 [Feb 14],1632,,,month,,same year,1631,1631,1631,964,0.47822,0.52178
291,"Tethys' Festival, or The Queen's Wake (Tethyos Epinicia)","Daniel, Samuel",masque,britdrama,masque,masque,682,1610,5071.01,deep_id match,,,n/a,missing (n/a),,,,n/a,missing (n/a),,,,n/a,missing (n/a),,,Occasional,Occasional,,before the Court;Whitehall;,None,1610 [Jun 5],1610,,,month,,1610 [Jun 5],1610,,,month,,same year,1610,1610,1610,1068,1.0,0.0
411,The Fortunate Isles and Their Union,"Jonson, Ben",masque,britdrama,masque,masque,901,1625,724,deep_id match,,,n/a,missing (n/a),,,,n/a,missing (n/a),,,,n/a,missing (n/a),,,Occasional,Occasional,,before the Court;,None,1625 [Jan 9],1625,,,month,,1625 [Jan 9],1625,,,month,,same year,1625,[1625],1625,2995,0.50518,0.49482
349,The Golden Age Restored,"Jonson, Ben",masque,britdrama,masque,masque,787,1616,5074.34,deep_id match,,,n/a,missing (n/a),,,,n/a,missing (n/a),,,,n/a,missing (n/a),,,Occasional,Occasional,,before the Court;,None,1615 [Jan 6] [incorrect],1615,,,month marked-incorrect,,1616 [Jan 1],1616,,,month,,differ by 1,1616,1616,1616,1348,1.0,0.0
585,The Gypsies Metamorphosed,"Jonson, Ben",masque,britdrama,masque,masque,1139,1641,5124.07,deep_id match,,,n/a,missing (n/a),,,,n/a,missing (n/a),,,,n/a,missing (n/a),,,Occasional,Occasional,,before the Court;,None,1621 [Aug 3; Aug 5; Sep],1621,,,month,,1621 [Aug 3],1621,,,month,,same year,1640,1640,1641,8823,0.22566,0.67233
358,"The Inner-Temple Masque, or The Masque of Heroes","Middleton, Thomas",masque,britdrama,masque,masque,806,1619,668,deep_id match,,,n/a,missing (n/a),,,,n/a,missing (n/a),,,,n/a,missing (n/a),,,Inns of Court; Occasional,Occasional,,None,None,1619 [Jan 6-Feb 2],1619,,,month,,1619 [Jan],1619,,,month,,same year,1619,1619,1619,2275,0.40352,0.59648
319,The Lord's Masque (Wedding Masque of Stars and Statues Made Human),"Campion, Thomas",masque,britdrama,masque,masque;wedding masque,728,1613,5073.02,deep_id match,,,n/a,missing (n/a),,,,n/a,missing (n/a),,,,n/a,missing (n/a),,,Occasional,Occasional,,before the Court;Whitehall;,None,1613 [Feb 14],1613,,,month,,1613 [Feb 14],1613,,,month,,same year,1613,1613,1613,2153,0.49001,0.50999
271,The Masque at Lord Haddington's Marriage (The Hue and Cry after the Fugitive Cupid),"Jonson, Ben",masque,britdrama,masque,masque;wedding masque,638,1616,5074.25,deep_id match,,,n/a,missing (n/a),,,,n/a,missing (n/a),,,,n/a,missing (n/a),,,Occasional,Occasional,,before the Court;,None,1608 [Feb 9],1608,,,month,,1608 [Feb 9],1608,,,month,,same year,1608,1608,1616,1800,0.24,0.76
238,The Masque at Lord Hay's Marriage (Apollo's Knights),"Campion, Thomas",masque,britdrama,masque,masque;wedding masque,561,1607,450,deep_id match,,,n/a,missing (n/a),,,,n/a,missing (n/a),,,,n/a,missing (n/a),,,Occasional,Occasional,,before the Court;Whitehall;,None,1607 [Jan 6],1607,,,month,,1607 [Jan 6],1607,,,month,,same year,1607,1607,1607,2468,0.20624,0.79376
62,The Masque for Lord Montacute (The Montague Masque) (Wedding Masque of Venetians),"Gascoigne, George",masque,britdrama,masque,masque;wedding masque,110,1575,5007.01,deep_id match,,,n/a,missing (n/a),,,,n/a,missing (n/a),,,,n/a,missing (n/a),,,Occasional,Occasional,,None,None,1572,1572,,,,,1572 [Sep or Oct],1572,,,month,,same year,1573,1573,1575,3977,0.0,1.0
381,The Masque of Augurs,"Jonson, Ben",masque,britdrama,masque,masque,847,1641,5124.08,deep_id match,,,n/a,missing (n/a),,,,n/a,missing (n/a),,,,n/a,missing (n/a),,,Occasional,Occasional,,None,None,1622 [Jan 6],1622,,,month,,1622 [Jan 6],1622,,,month,,same year,1622,[1622],1641,3115,0.48764,0.34157
270,The Masque of Beauty,"Jonson, Ben",masque,britdrama,masque,masque,634,1608,5068.02,deep_id match,,,n/a,missing (n/a),,,,n/a,missing (n/a),,,,n/a,missing (n/a),,,Occasional,Occasional,,before the Court;Whitehall;,None,1608 [Jan 10],1608,,,month,,1608 [Jan 10],1608,,,month,,same year,1608,1608,1608,1516,1.0,0.0
269,The Masque of Blackness (The Twelfth Night's Revels),"Jonson, Ben",masque,britdrama,masque,masque,631,1608,5068.01,deep_id match,,,n/a,missing (n/a),,,,n/a,missing (n/a),,,,n/a,missing (n/a),,,Occasional,Occasional,,before the Court;Whitehall;,None,1605 [Jan 6],1605,,,month,,1605 [Jan 6],1605,,,month,,same year,1608,1608,1608,1492,0.33311,0.66689
280,The Masque of Queens,"Jonson, Ben",masque,britdrama,masque,masque,661,1616,5074.26,deep_id match,,,n/a,missing (n/a),,,,n/a,missing (n/a),,,,n/a,missing (n/a),,,Occasional,Occasional,,before the Court;Whitehall;,None,1609 [Feb 2],1609,,,month,,1609 [Feb 2],1609,,,month,,same year,1609,1609,1616,1922,0.50624,0.26119
309,The Masque of the Inner Temple and Gray's Inn (Wedding Masque of Olympian Knights),"Beaumont, Francis",masque,britdrama,masque,masque,712,1613,589,deep_id match,,,n/a,missing (n/a),,,,n/a,missing (n/a),,,,n/a,missing (n/a),,,Inns of Court; Occasional,Occasional,,before the Court;Whitehall;,None,1613 [Feb 20],1613,,,month,,1613 [Feb 20],1613,,,month,,same year,1613,[1613],1613,1283,1.0,0.0
488,The Triumph of Peace,"Shirley, James",masque,britdrama,masque,masque,1012,1633,826,deep_id match,,,n/a,missing (n/a),,,,n/a,missing (n/a),,,,n/a,missing (n/a),,,Inns of Court; Occasional,Occasional,,before the Court;Whitehall;,None,1634 [Feb 3],1634,,,month,,1634 [Feb 3],1634,,,month,,same year,1633,1633,1633,2688,0.19568,0.80432
502,The Triumphs of the Prince d'Amour,"Davenant, William",masque,britdrama,masque,masque,1031,1635,846,deep_id match,,,n/a,missing (n/a),,,,n/a,missing (n/a),,,,n/a,missing (n/a),,,Inns of Court; Occasional,Occasional,,before the Court;,None,1636 [Feb 23 or 24],1636,,,month,,1636 [Feb 24],1636,,,month,,same year,1635,1635,1635,1074,0.0,1.0
607,The Vision of Delight,"Jonson, Ben",masque,britdrama,masque,masque,1163,1641,5124.03,deep_id match,,,n/a,missing (n/a),,,,n/a,missing (n/a),,,,n/a,missing (n/a),,,Occasional,Occasional,,before the Court;,None,1617 [Jan 6],1617,,,month,,1617 [Jan 6],1617,,,month,,same year,1641,1641,1641,1679,0.0,1.0
207,The Vision of the Twelve Goddesses (The Masque at Hampton Court),"Daniel, Samuel",masque,britdrama,masque,masque,486,1604,379,deep_id match,,,n/a,missing (n/a),,,,n/a,missing (n/a),,,,n/a,missing (n/a),,,Occasional,Occasional,,before the Court;,None,1604 [Jan 8],1604,,,month,,1604 [Jan 8],1604,,,month,,same year,1604,1604,1604,1458,0.32442,0.67558
365,The World Tossed at Tennis,"Middleton, Thomas / Rowley, William",masque,britdrama,masque,masque,823,1620,687,deep_id match,,,Prince Charles's Men (first),clear,Prince Charles's Men (first),,,Prince Charles's Men (first),clear,Prince Charles's Men (first),,,Prince Charles's Men (first),clear,Prince Charles's Men (first),,Occasional; Adult Professional,Occasional,,None,None,1620,1620,,,,,1620,1620,,,,,same year,1620,1620,1620,7942,0.36842,0.63158
385,Time Vindicated to Himself and to His Honors,"Jonson, Ben",masque,britdrama,masque,masque,852,1623,709,deep_id match,,,n/a,missing (n/a),,,,n/a,missing (n/a),,,,n/a,missing (n/a),,,Occasional,Occasional,,before the Court;,None,1623 [Jan 19],1623,,,month,,1623 [Jan 19],1623,,,month,,same year,1623,[1623],1623,3121,0.50433,0.49567
115,A Knack to Know a Knave,Anonymous,moral,britdrama,moral,comedy,209,1594,168,deep_id match,,,Derby's (Strange's) Men,clear,Derby's (Strange's) Men,,,Derby's (Strange's) Men,clear,Derby's (Strange's) Men,,,Derby's (Strange's) Men,clear,Derby's (Strange's) Men,,Adult Professional,Adult Professional,,None,None,1592 [Jun 10],1592,,,month,,1592 [Jun],1592,,,month,,same year,1594,1594,1594,16386,0.27414,0.66331
118,A Looking Glass for London and England,"Lodge, Thomas / Greene, Robert",moral,annals,biblical play; moral,morality,216,1594,174,deep_id match,,,Derby's (Strange's) Men,clear,Derby's (Strange's) Men,,,Queen Elizabeth's Men (?),uncertain,Queen Elizabeth's Men,(?),,None,missing (None),,,Adult Professional,Adult Professional,,None,None,1588 [1587-1588],1588,1587,1588,,,1589 [1589-1591],1589,1589,1591,,,differ by 1,1594,1594,1594,19150,0.53687,0.41217
38,Albion Knight,Anonymous,moral,britdrama,moral,morality;interlude,67,1566,58,deep_id match,,,n/a,missing (n/a),,,,n/a,missing (n/a),,,,n/a,missing (n/a),,,Interlude,Interlude,,None,None,1537 [c.1537-1566],1537,1537,1566,circa-limit,,1565 [1537-1538 or 1559-1565],1565,1537,1565,alternative-limits,,differ by 28,1566,[1566?],1566,2994,0.0,1.0
72,All for Money,"Lupton, Thomas",moral,britdrama,moral,satire;morality,123,1578,103,deep_id match,,,n/a,missing (n/a),,,,n/a,missing (n/a),,,,n/a,missing (n/a),,,Interlude,Interlude,,None,None,1577 [1559-1577],1577,1559,1577,,,1577 [1559-1577],1577,1559,1577,,,same year,1578,1578,1578,15709,0.56165,0.43835
57,Enough Is as Good as a Feast,"Wager, William",moral,britdrama,moral,morality,99,1570,88,deep_id match,,,n/a,missing (n/a),,,,n/a,missing (n/a),,,,n/a,missing (n/a),,,Interlude,Interlude,,None,None,1560 [c.1559-c.1570],1560,1559,1570,circa-limit,,1568 [1563-1570],1568,1563,1570,,,differ by 8,1570,1570,1570,14409,0.51968,0.48032
290,"Histriomastix, or The Player Whipped","Marston, John",moral,britdrama,moral,comedy,681,1610,561,deep_id match,,,Unknown,unknown,Unknown,,,Children of Paul's (second) (?),uncertain,Children of Paul's (second),(?),,None,missing (None),,,Boys Professional,Boys Professional,,None,None,1599 [1598-1599],1599,1598,1599,,,1601 [Christmas 1601-1602] [1600-1603],1601,1600,1603,season,,differ by 2,1610,1610,1610,12498,0.52088,0.31917
30,Impatient Poverty,Anonymous,moral,britdrama,moral,morality;interlude,53,1561,45,deep_id match,,,n/a,missing (n/a),,,,n/a,missing (n/a),,,,n/a,missing (n/a),,,Interlude,Interlude,,None,None,1547 [c.1547-1558],1547,1547,1558,circa-limit,,1556 [1554-1558],1556,1554,1558,,,differ by 9,1560,1560,1561,7149,0.49713,0.50287
50,Like Will to Like (Quoth the Devil to the Collier),"Fulwell, Ulpian",moral,britdrama,moral,morality;interlude,89,1587,78,deep_id match,,,n/a,missing (n/a),,,,n/a,missing (n/a),,,,n/a,missing (n/a),,,Interlude,Interlude,,None,None,1568 [1562-1568],1568,1562,1568,,,1568 [Sep] [1562-1568],1568,1562,1568,month,,same year,1568,1568,1587,11525,0.3941,0.47557
239,"Lingua, or The Combat of the Tongue and the Five Senses for Superiority","Tomkis, Thomas",moral,annals,comedy; allegory,morality,562,1607,451,deep_id match,,,n/a,missing (n/a),,,,n/a,missing (n/a),,,,n/a,missing (n/a),,,University,University/Inns of Court,,None,None,1607 [1602-1607],1607,1602,1607,,,1606 [1602-1607],1606,1602,1607,,,differ by 1,1607,1607,1607,25502,0.17732,0.72583
41,Lusty Juventus,"Wever, R.",moral,britdrama,moral,morality,74,1565,66,deep_id match,,,n/a,missing (n/a),,,,n/a,missing (n/a),,,,n/a,missing (n/a),,,Interlude,Interlude,,None,None,1550 [1547-1553],1550,1547,1553,,,1551 [1550-1553],1551,1550,1553,,,differ by 1,1551,[1551?],1565,9224,0.54597,0.45403
31,Nice Wanton,Anonymous,moral,britdrama,moral,morality,54,1560,46,deep_id match,,,n/a,missing (n/a),,,,n/a,missing (n/a),,,,n/a,missing (n/a),,,Interlude,Interlude,,None,None,1550 [1547-1553],1550,1547,1553,,,1550 [1547-1553],1550,1547,1553,,,same year,1560,1560,1560,4720,0.5072,0.4928
124,The Cobbler's Prophecy,"Wilson, Robert",moral,britdrama,moral,comedy,238,1594,191,deep_id match,,,Queen Elizabeth's Men (?),uncertain,Queen Elizabeth's Men,(?),,Unknown,unknown,Unknown,,,None,missing (None),,,Adult Professional,Adult Professional,,None,None,1590 [c.1589-1593],1590,1589,1593,circa-limit,,1592 [1589-1593],1592,1589,1593,,,differ by 2,1594,1594,1594,11913,0.666,0.334
78,The Conflict of Conscience,"Woodes, Nathaniel",moral,britdrama,moral,morality,131,1581,110,deep_id match,,,n/a,missing (n/a),,,,n/a,missing (n/a),,,,n/a,missing (n/a),,,Interlude,Interlude,,None,None,1572 [1570-1581],1572,1570,1581,,,1572 [1570-1581],1572,1570,1581,,,same year,1581,1581,1581,20549,0.81488,0.18512
190,The Contention between Liberality and Prodigality,Anonymous,moral,britdrama,moral,morality;interlude,433,1602,334,deep_id match,,,Children of the Chapel (second),clear,Children of the Chapel (second),,,Children of the Chapel (second),clear,Children of the Chapel (second),,,None,missing (None),,,Boys Professional,Boys Professional,,before the Court;,None,1601 [Feb 22],1601,,,month,,1601 [Feb],1601,,,month,,same year,1602,1602,1602,9779,0.20247,0.53124
473,The Contention for Honor and Riches,"Shirley, James",moral,britdrama,moral,morality,995,1633,810,deep_id match,,,n/a,missing (n/a),,,,n/a,missing (n/a),,,,n/a,missing (n/a),,,Private,Private,,None,None,1631 [c.1625-1632; adapted 1658],1631,1625,1632,circa-limit revised,,1629 [1628-1632],1629,1628,1632,,,differ by 2,1633,1633,1633,5574,0.09634,0.90366
54,The Disobedient Child,"Ingelend, Thomas",moral,britdrama,moral,interlude,94,1570,83,deep_id match,,,n/a,missing (n/a),,,,n/a,missing (n/a),,,,n/a,missing (n/a),,,Interlude,Interlude,,None,None,1560 [c.1559-1570],1560,1559,1570,circa-limit,,1550 [1533-1553],1550,1533,1553,,,differ by 10,1570,[1570?],1570,12045,0.27995,0.72005
47,The Life and Repentance of Mary Magdalene,"Wager, Lewis",moral,britdrama,moral,interlude;biblical play,84,1566,72,deep_id match,,,n/a,missing (n/a),,,,n/a,missing (n/a),,,,n/a,missing (n/a),,,Interlude,Interlude,,None,None,1558 [c.1550-1566],1558,1550,1566,circa-limit,,1550 [1547-1553 or 1558-1562],1550,1547,1562,alternative-limits,,differ by 8,1566,1566,1566,18705,0.502,0.44512
55,The Marriage of Wit and Science,Anonymous,moral,britdrama,moral,morality;interlude,95,1570,84,deep_id match,,,Children of Paul's (first)(?),uncertain,Children of Paul's (first),(?),,n/a,missing (n/a),,,,n/a,missing (n/a),,,Interlude(?); Boys Nonprofessional/School(?),Interlude,,None,None,1568 [before 1569],1568,,,,,1568 [1567-1569],1568,1567,1569,,,same year,1570,[1570],1570,11038,0.13173,0.68663
76.5,The Most Virtuous and Godly Susanna,"Garter, Thomas",moral,britdrama,moral,morality;interlude,129,1578,107,deep_id match,,,n/a,missing (n/a),,,,n/a,missing (n/a),,,,n/a,missing (n/a),,,Interlude,Interlude,,None,None,1569 [1563-1569],1569,1563,1569,,,1578 [Aug 18],1578,,,month,,differ by 9,1578,1578,1578,14586,0.27595,0.72405
547,The Muses' Looking Glass,"Randolph, Thomas",moral,britdrama,moral,comedy,1087,1638,5111.01,deep_id match,,,King's Revels Company,clear,King's Revels Company,,,King's Revels Company,clear,King's Revels Company,,,None,missing (None),,,Boys Professional,Boys Professional,,None,None,"1630 [licensed for stage, Nov 25]",1630,,,month licensed,,1630 [summer] [perhaps revised after 1632],1630,,,season revised,,same year,1638,1638,1638,18895,0.16295,0.67277
134,The Pedlar's Prophecy,Anonymous,moral,britdrama,moral,morality,261,1595,208,deep_id match,,,n/a,missing (n/a),,,,n/a,missing (n/a),,,,n/a,missing (n/a),,,Interlude,Interlude,,None,None,1561 [1561-c.1563],1561,1561,1563,circa-limit,,1561 [1560-1563],1561,1560,1563,,,same year,1595,1595,1595,13562,0.37472,0.5901
4,The Summoning of Everyman,Anonymous,moral,annals,not in BritDrama,morality,9,1534,7,deep_id match,,,not in BritDrama,not in BritDrama,,,,n/a,missing (n/a),,,,n/a,missing (n/a),,,Interlude,Interlude,,None,None,c.1519,1519,,,circa,,not in BritDrama,,,,,not in BritDrama,,1518,[1518?],1534,6820,0.789,0.211
85,The Three Ladies of London,"Wilson, Robert",moral,britdrama,moral,morality,146,1592,120,deep_id match,,,Leicester's Men,clear,Leicester's Men,,,Unknown,unknown,Unknown,,,None,missing (None),,,Adult Professional,Adult Professional,,None,None,c.1581,1581,,,circa,,1581,1581,,,,,same year,1584,1584,1592,18417,0.65548,0.34452
24,"The Three Laws of Nature, Moses, and Christ, Corrupted by the Sodomites, Pharisees, and Papists","Bale, John",moral,britdrama,moral,morality,40,1548,34,deep_id match,,,n/a,missing (n/a),,,,n/a,missing (n/a),,,,n/a,missing (n/a),,,Interlude,Interlude,,None,None,1538 [revised c.1547 and 1562],1538,,,revised,,1538 [perhaps at New Year],1538,,,season,,same year,1548,[1548?],1548,15015,0.9342,0.0658
93,The Three Lords and Three Ladies of London,"Wilson, Robert",moral,britdrama,moral,morality,155,1590,128,deep_id match,,,Queen Elizabeth's Men (?),uncertain,Queen Elizabeth's Men,(?),,Queen Elizabeth's Men (?),uncertain,Queen Elizabeth's Men,(?),,None,missing (None),,,Adult Professional,Adult Professional,,None,None,1588 [1588-1590],1588,1588,1590,,,1588 [1588-1590],1588,1588,1590,,,same year,1590,1590,1590,20157,0.53594,0.46406
70,The Tide Tarrieth No Man,"Wapull, George",moral,britdrama,moral,morality,121,1576,101,deep_id match,,,n/a,missing (n/a),,,,n/a,missing (n/a),,,,n/a,missing (n/a),,,Interlude,Interlude,,None,None,1576,1576,,,,,1576 [1560-1576],1576,1560,1576,,,same year,1576,1576,1576,14851,0.36509,0.60158
49,The Trial of Treasure,"Wager, William",moral,britdrama,moral,morality;interlude,86,1567,75,deep_id match,,,n/a,missing (n/a),,,,n/a,missing (n/a),,,,n/a,missing (n/a),,,Interlude,Interlude,,None,None,1567,1567,,,,,1567 [1563-1567],1567,1563,1567,,,same year,1567,1567,1567,9378,0.05289,0.94711
27,Wealth and Health,Anonymous,moral,britdrama,moral,morality;interlude,45,1565,39,deep_id match,,,n/a,missing (n/a),,,,n/a,missing (n/a),,,,n/a,missing (n/a),,,Interlude,Interlude,,None,None,1554 [1553-c.1555],1554,1553,1555,circa-limit,,1554 [1554-1557],1554,1554,1557,,,same year,1565,[1565?],1565,7630,0.80079,0.19921
8,1 Gentleness and Nobility,"Rastell, John",other/multi,none,not in BritDrama,dialogue,13,1525,5001.01,deep_id match,,,not in BritDrama,not in BritDrama,,,,n/a,missing (n/a),,,,n/a,missing (n/a),,,Interlude,Interlude,,None,None,1527 [c.1527-1530],1527,1527,1530,circa-limit,,not in BritDrama,,,,,not in BritDrama,,1525,[c.1525],1525,3664,0.0,1.0
17,1 Nature,"Medwall, Henry",other/multi,none,not in BritDrama,morality;interlude,27,1530,5002.01,deep_id match,,,n/a,missing (n/a),,,,n/a,missing (n/a),,,,n/a,missing (n/a),,,Interlude,Interlude,,None,None,c.1496,1496,,,circa,,1496 [1490s],1496,,,decade,,same year,1530,[1530-34?],1530,10259,0.04757,0.95243
593,1 Saint Patrick for Ireland,"Shirley, James",other/multi,none,not in BritDrama,,1147,1640,979,deep_id match,Y,,not in BritDrama,not in BritDrama,,,,Ogilby's Men,clear,Ogilby's Men,,,None,missing (None),,,Adult Professional,Adult Professional,,None,None,1639 [c.1637-1640],1639,1637,1640,circa-limit,,not in BritDrama,,,,,not in BritDrama,,1640,1640,1640,16730,0.17663,0.82337
9,2 Gentleness and Nobility,"Rastell, John",other/multi,none,not in BritDrama,dialogue,14,1525,5001.02,deep_id match,,,not in BritDrama,not in BritDrama,,,,n/a,missing (n/a),,,,n/a,missing (n/a),,,Interlude,Interlude,,None,None,1527 [c.1527-1530],1527,1527,1530,circa-limit,,not in BritDrama,,,,,not in BritDrama,,1525,[c.1525],1525,5394,0.0,1.0
18,2 Nature,"Medwall, Henry",other/multi,none,not in BritDrama,morality;interlude,28,1530,5002.02,deep_id match,,,n/a,missing (n/a),,,,n/a,missing (n/a),,,,n/a,missing (n/a),,,Interlude,Interlude,,None,None,c.1496,1496,,,circa,,1496 [1490s],1496,,,decade,,same year,1530,[1530-34?],1530,8287,0.23615,0.76385
326,"A Merry Dialogue between Band, Cuff, and Ruff",Anonymous,other/multi,none,entertainment; academic entertainment,comedy;dialogue,738,1615,617,deep_id match,,,n/a,missing (n/a),,,,n/a,missing (n/a),,,,n/a,missing (n/a),,,University,University/Inns of Court,,at University;,None,1615,1615,,,,,1614 [1613-1615],1614,1613,1615,,,differ by 1,1615,1615,1615,1597,0.0,1.0
16,A Play of Love,"Heywood, John",other/multi,none,not in BritDrama,disputation,25,1534,21,deep_id match,,,n/a,missing (n/a),,,,n/a,missing (n/a),,,,n/a,missing (n/a),,,Inns of Court (?),University/Inns of Court,,None,None,1534 [1533-1534],1534,1533,1534,,,1529,1529,,,,,differ by 5,1534,1534,1534,12985,0.31236,0.68764
541,Aglaura,"Suckling, John",other/multi,none,not in BritDrama,tragicomedy;tragedy,1078,1638,902,deep_id match,,,not in BritDrama,not in BritDrama,,,,King's Men,clear,King's Men,,,None,missing (None),,,Adult Professional,Adult Professional,,None,None,1637,1637,,,,,not in BritDrama,,,,,not in BritDrama,,1638,1638,1638,14846,0.3964,0.6036
564,Albertus Wallenstein,"Glapthorne, Henry",other/multi,none,not in BritDrama,history;foreign history,1113,1639,933,deep_id match,,,not in BritDrama,not in BritDrama,,,,King's Men,clear,King's Men,,,King's Men,clear,King's Men,,Adult Professional,Adult Professional,,Globe;Outdoor Professional,Outdoor,1634 [1634-1639] [incorrect],1634,1634,1639,marked-incorrect,,not in BritDrama,,,,,not in BritDrama,,1639,1639,1639,10648,0.28747,0.66238
529,Apollo and Daphne,"Heywood, Thomas",other/multi,none,classical legend or myth,dialogue,1064,1637,5105.02,deep_id match,,,n/a,missing (n/a),,,,n/a,missing (n/a),,,,n/a,missing (n/a),,,Closet/Unacted (?),Closet/Unacted,closet/unacted (per play_type),None,None,1635,1635,,,,,1635 [1630-1637],1635,1630,1637,,,same year,1637,1637,1637,3385,0.41388,0.58612
208,Arches of Triumph (The Royal Entry of King James I into London),"Dekker, Thomas / Jonson, Ben / Middleton, Thomas / Harrison, Stephen / Ruytinck, Simon / Cool, Jacob / Thorius, Raphael",other/multi,none,entertainment; royal entertainment or entry,entertainment,489,1604,381,deep_id match,,,n/a,missing (n/a),,,,n/a,missing (n/a),,,,n/a,missing (n/a),,,Occasional,Occasional,,before the Court;,None,1604 [Mar 15],1604,,,month,,1604 [Mar 15],1604,,,month,,same year,1604,1604,1604,3342,0.17714,0.82286
419,Britannia's Honor,"Dekker, Thomas",other/multi,none,civic play; pageant,civic pageant,913,1628,733,deep_id match,,,n/a,missing (n/a),,,,n/a,missing (n/a),,,,n/a,missing (n/a),,,Occasional,Occasional,,None,None,1628 [Oct 29],1628,,,month,,1628 [Oct 29],1628,,,month,,same year,1628,1628,1628,1562,0.0,1.0
288,Chester's Triumph (St George's Day Entertainment),"Amory, Robert / Davies, Richard",other/multi,none,civic play; pageant,entertainment,679,1610,559,deep_id match,,,n/a,missing (n/a),,,,n/a,missing (n/a),,,,n/a,missing (n/a),,,Occasional,Occasional,,before the Court;,None,1610 [Apr 23],1610,,,month,,1610 [Apr 23],1610,,,month,,same year,1610,1610,1610,3334,0.28524,0.56629
295,Chruso-Thriambos: The Triumphs of Gold,"Munday, Anthony",other/multi,none,civic play; pageant,civic pageant,688,1611,568,deep_id match,,,n/a,missing (n/a),,,,n/a,missing (n/a),,,,n/a,missing (n/a),,,Occasional,Occasional,,None,None,1611 [Oct 29],1611,,,month,,1611 [Oct 29],1611,,,month,,same year,1611,1611,1611,2797,0.0,1.0
335,"Chrysanaleia: The Golden Fishing, or Honor of Fishmongers","Munday, Anthony",other/multi,none,civic play; pageant,civic pageant,761,1616,641,deep_id match,,,n/a,missing (n/a),,,,n/a,missing (n/a),,,,n/a,missing (n/a),,,Occasional,Occasional,,None,None,1616 [Oct 29],1616,,,month,,1616 [Oct 29],1616,,,month,,same year,1616,1616,1616,1410,0.0,1.0
338,"Civitatis Amor (Water Pageant for Prince Charles: London and Neptune, Hope and Peace)","Middleton, Thomas",other/multi,none,entertainment; royal entertainment or entry,entertainment,766,1616,647,deep_id match,,,n/a,missing (n/a),,,,n/a,missing (n/a),,,,n/a,missing (n/a),,,Occasional,Occasional,,before the Court;Whitehall;,None,1616 [Nov 4],1616,,,month,,1616 [Oct 31],1616,,,month,,same year,1616,1616,1616,626,0.0,1.0
524,Comus (The Masque at Ludlow Castle),"Milton, John",other/multi,none,pastoral; masque,masque;morality,1057,1637,877,deep_id match,,,n/a,missing (n/a),,,,n/a,missing (n/a),,,,n/a,missing (n/a),,,Occasional,Occasional,,None,None,1634 [Sep 29],1634,,,month,,1634 [Sep 29],1634,,,month,,same year,1637,1637,1637,7464,0.60182,0.39818
100,Descensus Astraeae (The Descent of Astraea),"Peele, George",other/multi,none,civic play; pageant,civic pageant,169,1591,134,deep_id match,,,n/a,missing (n/a),,,,n/a,missing (n/a),,,,n/a,missing (n/a),,,Occasional,Occasional,,None,None,1591 [Oct 29],1591,,,month,,1591 [Oct 29],1591,,,month,,same year,1591,[1591],1591,1068,0.0,1.0
322,Himatia-Poleos: The Triumphs of Old Drapery,"Munday, Anthony",other/multi,none,civic play; pageant,civic pageant,731,1614,610,deep_id match,,,n/a,missing (n/a),,,,n/a,missing (n/a),,,,n/a,missing (n/a),,,Occasional,Occasional,,None,None,1614 [Oct 29],1614,,,month,,1614 [Oct 29],1614,,,month,,same year,1614,1614,1614,1362,0.0,1.0
51,Jacob and Esau,"Udall, Nicholas",other/multi,none,biblical play,interlude;biblical play,91,1568,80,deep_id match,,,n/a,missing (n/a),,,,n/a,missing (n/a),,,,n/a,missing (n/a),,,Interlude,Interlude,,None,None,1554 [c.1550-1557],1554,1550,1557,circa-limit,,1553 [1553-1557],1553,1553,1557,,,differ by 1,1558,[1558],1568,16867,0.40653,0.59347
528,Jupiter and Io,"Heywood, Thomas",other/multi,none,classical legend or myth,dialogue,1063,1637,5105.01,deep_id match,,,n/a,missing (n/a),,,,n/a,missing (n/a),,,,n/a,missing (n/a),,,Closet/Unacted (?),Closet/Unacted,closet/unacted (per play_type),None,None,1635,1635,,,,,1635 [1630-1637],1635,1630,1637,,,same year,1637,1637,1637,5173,0.63136,0.36864
466,"Londini Artium et Scientiarum Scaturigo, or London's Fountain of Arts and Sciences","Heywood, Thomas",other/multi,none,civic play; pageant,civic pageant,984,1632,796,deep_id match,,,n/a,missing (n/a),,,,n/a,missing (n/a),,,,n/a,missing (n/a),,,Occasional,Occasional,,None,None,1632 [Oct 29],1632,,,month,,1632 [Oct 29],1632,,,month,,same year,1632,1632,1632,1689,0.0,0.66607
483,Londini Emporia (London's Markets),"Heywood, Thomas",other/multi,none,civic play; pageant,civic pageant,1006,1633,820,deep_id match,,,n/a,missing (n/a),,,,n/a,missing (n/a),,,,n/a,missing (n/a),,,Occasional,Occasional,,None,None,1633 [Oct 29],1633,,,month,,1633 [Oct 29],1633,,,month,,same year,1633,1633,1633,1636,0.0,0.70171
522,"Londini Speculum, or London's Mirror","Heywood, Thomas",other/multi,none,not in BritDrama,civic pageant,1055,1637,875,deep_id match,,,not in BritDrama,not in BritDrama,,,,n/a,missing (n/a),,,,n/a,missing (n/a),,,Occasional,Occasional,,None,None,1637 [Oct 30],1637,,,month,,not in BritDrama,,,,,not in BritDrama,,1637,1637,1637,1391,0.32638,0.67362
566,"Londini Status Pacatus, or London's Peaceable Estate","Heywood, Thomas",other/multi,none,not in BritDrama,civic pageant,1116,1639,937,deep_id match,,,not in BritDrama,not in BritDrama,,,,n/a,missing (n/a),,,,n/a,missing (n/a),,,Occasional,Occasional,,None,None,1639 [Oct 29],1639,,,month,,not in BritDrama,,,,,not in BritDrama,,1639,1639,1639,1914,0.0,1.0
448,London's Ius Honorarium (London's Law of Honor),"Heywood, Thomas",other/multi,none,civic play; pageant,civic pageant,963,1631,777,deep_id match,,,n/a,missing (n/a),,,,n/a,missing (n/a),,,,n/a,missing (n/a),,,Occasional,Occasional,,None,None,1631 [Oct 29],1631,,,month,,1631 [Oct 29],1631,,,month,,same year,1631,1631,1631,1556,0.33676,0.34126
289,London's Love to Prince Henry (Water Pageant of Corinea and Amphion),"Munday, Anthony",other/multi,none,entertainment; royal entertainment or entry,entertainment,680,1610,560,deep_id match,,,n/a,missing (n/a),,,,n/a,missing (n/a),,,,n/a,missing (n/a),,,Occasional,Occasional,,before the Court;,None,1610 [May 31],1610,,,month,,1610 [May 31],1610,,,month,,same year,1610,1610,1610,434,0.0,1.0
421,"London's Tempe, or The Field of Happiness","Dekker, Thomas",other/multi,none,civic play; pageant,civic pageant,915,1629,736,deep_id match,,,n/a,missing (n/a),,,,n/a,missing (n/a),,,,n/a,missing (n/a),,,Occasional,Occasional,,None,None,1629 [Oct 29],1629,,,month,,1629 [Oct 29],1629,,,month,,same year,1629,1629,1629,1493,0.31949,0.68051
332,Metropolis Coronata: The Triumphs of Ancient Drapery,"Munday, Anthony",other/multi,none,civic play; pageant,civic pageant,750,1615,630,deep_id match,,,n/a,missing (n/a),,,,n/a,missing (n/a),,,,n/a,missing (n/a),,,Occasional,Occasional,,None,None,1615 [Oct 30],1615,,,month,,1615 [Oct 30],1615,,,month,,same year,1615,1615,1615,1757,0.46557,0.53443
409,Monuments of Honor,"Webster, John",other/multi,none,civic play; pageant,civic pageant,898,1624,721,deep_id match,,,n/a,missing (n/a),,,,n/a,missing (n/a),,,,n/a,missing (n/a),,,Occasional,Occasional,,None,None,1624 [Oct 29],1624,,,month,,1624 [Oct 29],1624,,,month,,same year,1624,1624,1624,1061,0.0,1.0
229,Nobody and Somebody,Anonymous,other/multi,none,history; satire,history;pseudo-history,540,1606,425,deep_id match,,,Queen Anne's Men,clear,Queen Anne's Men,,,Queen Anne's Men (?),uncertain,Queen Anne's Men,(?),,Queen Anne's Men,clear,Queen Anne's Men,,Adult Professional,Adult Professional,,None,None,1605 [1603-1606],1605,1603,1606,,,1605 [1603-1606],1605,1603,1606,,,same year,1606,[1606],1606,15510,0.03308,0.80574
546,"Porta Pietatis, or The Port or Harbor of Piety","Heywood, Thomas",other/multi,none,not in BritDrama,civic pageant,1086,1638,910,deep_id match,,,not in BritDrama,not in BritDrama,,,,n/a,missing (n/a),,,,n/a,missing (n/a),,,Occasional,Occasional,,None,None,1638 [Oct 29],1638,,,month,,not in BritDrama,,,,,not in BritDrama,,1638,1638,1638,1562,0.36044,0.32074
342,Prince Henry's Barriers  (The Lady of the Lake) (Merlin and Meliadus),"Jonson, Ben",other/multi,none,entertainment; tournament,entertainment,773,1616,5074.27,deep_id match,,,n/a,missing (n/a),,,,n/a,missing (n/a),,,,n/a,missing (n/a),,,Occasional,Occasional,,before the Court;,None,1610 [Jan 6],1610,,,month,,1610 [Jan 6],1610,,,month,,same year,1616,1616,1616,274,0.0,1.0
355,"Siderothriambos, or Steel and Iron Triumphing","Munday, Anthony",other/multi,none,civic play; pageant,civic pageant,797,1618,656,deep_id match,,,n/a,missing (n/a),,,,n/a,missing (n/a),,,,n/a,missing (n/a),,,Occasional,Occasional,,None,None,1618 [Oct 29],1618,,,month,,1618 [Oct 29],1618,,,month,,same year,1618,1618,1618,707,0.0,1.0
366,"Tes Irenes Trophaea, or The Triumphs of Peace","Squire, John",other/multi,none,civic play; pageant,civic pageant,824,1620,689,deep_id match,,,n/a,missing (n/a),,,,n/a,missing (n/a),,,,n/a,missing (n/a),,,Occasional,Occasional,,None,None,1620 [Oct 30],1620,,,month,,1620 [Oct 30],1620,,,month,,same year,1620,1620,1620,1188,0.49832,0.50168
10,The Beauty and Good Properties of Women (Calisto and Melebea) (Celestina),"Rastell, John",other/multi,none,not in BritDrama,interlude;romance,15,1525,11,deep_id match,,,not in BritDrama,not in BritDrama,,,,n/a,missing (n/a),,,,n/a,missing (n/a),,,Interlude,Interlude,,None,None,1527 [c.1527-1530],1527,1527,1530,circa-limit,,not in BritDrama,,,,,not in BritDrama,,1525,[c.1525],1525,8968,0.10682,0.83764
313,The Brazen Age (The Age of Brass),"Heywood, Thomas",other/multi,none,classical legend or myth,classical legend,719,1613,595,deep_id match,,,Queen Anne's Men,clear,Queen Anne's Men,,,Queen Anne's Men (and King's Men [?]),multiple (;),Queen Anne's Men; King's Men,(?),Queen Anne's Men | King's Men,None,missing (None),,,Adult Professional,Adult Professional,,None,None,1611 [1610-1611],1611,1610,1611,,,1611,1611,,,,,same year,1613,1613,1613,19987,0.60014,0.39986
576,The Bride,"Nabbes, Thomas",other/multi,none,not in BritDrama,,1129,1640,951,deep_id match,Y,theater,not in BritDrama,not in BritDrama,,,,Beeston's Boys,clear,Beeston's Boys,,,Beeston's Boys,clear,Beeston's Boys,,Boys Professional,Boys Professional,,Phoenix/Cockpit;Indoor Professional,Indoor,1638 [Summer],1638,,,season,,not in BritDrama,,,,,not in BritDrama,,1640,1640,1640,15298,0.3858,0.6142
22,The Chief Promises of God unto Man (God's Promises),"Bale, John",other/multi,none,biblical play,mystery,37,1547,31,deep_id match,,,n/a,missing (n/a),,,,n/a,missing (n/a),,,,n/a,missing (n/a),,,Interlude,Interlude,,None,None,1538,1538,,,,,1538,1538,,,,,same year,1547,[1547?],1547,8487,0.87722,0.12278
432,The Conceited Pedlar (The University Pedlar),"Randolph, Thomas",other/multi,none,entertainment; academic entertainment,monologue,941,1630,5093.02,deep_id match,,,n/a,missing (n/a),,,,n/a,missing (n/a),,,,n/a,missing (n/a),,,University,University/Inns of Court,,None,None,1627 [Nov 1],1627,,,month,,1627 [Nov 1],1627,,,month,,same year,1630,1630,1630,3717,0.0,1.0
200,The Coronation Triumph (The Royal Entry of King James I into London),"Jonson, Ben",other/multi,none,entertainment; royal entertainment or entry,entertainment,459,1604,5059.01,deep_id match,,,n/a,missing (n/a),,,,n/a,missing (n/a),,,,n/a,missing (n/a),,,Occasional,Occasional,,None,None,1604 [Mar 15],1604,,,month,,1604 [Mar 15],1604,,,month,,same year,1604,1604,1604,2085,0.26619,0.73381
370,The Entertainment at Bunhill on the Shooting Day (The Archer),"Middleton, Thomas",other/multi,none,entertainment; civic play,civic pageant,829,1621,5078.02,deep_id match,,,n/a,missing (n/a),,,,n/a,missing (n/a),,,,n/a,missing (n/a),,,Occasional,Occasional,,None,None,1621 [1620-1621],1621,1620,1621,,,1620 [Sep(?)],1620,,,month queried-bracket,,differ by 1,1621,1621,1621,469,0.0,1.0
75,The Entertainment at Norwich (Royal Entry of Queen Elizabeth),"Garter, Bernard / Goldingham, William",other/multi,none,entertainment; royal entertainment or entry,entertainment,126,1578,104,deep_id match,,,n/a,missing (n/a),,,,n/a,missing (n/a),,,,n/a,missing (n/a),,,Occasional,Occasional,,before the Court;,None,1578 [Aug],1578,,,month,,1578 [Aug 16],1578,,,month,,same year,1578,[1578],1578,7416,0.13376,0.86624
374,The Entertainment at Sir Francis Jones's Welcome (Comus the Great Sir of Feasts) (The Servant of Comus),"Middleton, Thomas",other/multi,none,entertainment; civic play,civic pageant,833,1621,5078.06,deep_id match,,,n/a,missing (n/a),,,,n/a,missing (n/a),,,,n/a,missing (n/a),,,Occasional,Occasional,,None,None,1621 [1620-1621],1621,1620,1621,,,1620 [late Oct or early Nov],1620,,,month season,,differ by 1,1621,1621,1621,1237,0.0,0.65319
376,The Entertainment at Sir Francis Jones's at Easter (The Four Seasons),"Middleton, Thomas",other/multi,none,entertainment; civic play,civic pageant,835,1621,5078.08,deep_id match,,,n/a,missing (n/a),,,,n/a,missing (n/a),,,,n/a,missing (n/a),,,Occasional,Occasional,,None,None,1621 [1620-1621],1621,1620,1621,,,1621 [Apr 5],1621,,,month,,same year,1621,1621,1621,1101,0.0,0.68392
369,The Entertainment at Sir William Cokayne's in Easter Week (The Cock),"Middleton, Thomas",other/multi,none,entertainment; civic play,civic pageant,828,1621,5078.01,deep_id match,,,n/a,missing (n/a),,,,n/a,missing (n/a),,,,n/a,missing (n/a),,,Occasional,Occasional,,None,None,1621 [1620-1621],1621,1620,1621,,,1620 [Apr 17 or 18],1620,,,month,,differ by 1,1621,1621,1621,644,0.0,0.47826
371,The Entertainment at the Conduit Head (The Water Nymph),"Middleton, Thomas",other/multi,none,entertainment; civic play,civic pageant,830,1621,5078.03,deep_id match,,,n/a,missing (n/a),,,,n/a,missing (n/a),,,,n/a,missing (n/a),,,Occasional,Occasional,,None,None,1621 [1620-1621],1621,1620,1621,,,1620 [Sep 18(?)],1620,,,month queried-bracket,,differ by 1,1621,1621,1621,413,0.0,1.0
372,The Entertainment for the General Training (Pallas),"Middleton, Thomas",other/multi,none,entertainment; civic play,civic pageant,831,1621,5078.04,deep_id match,,,n/a,missing (n/a),,,,n/a,missing (n/a),,,,n/a,missing (n/a),,,Occasional,Occasional,,None,None,1621 [1620-1621],1621,1620,1621,,,1620 [late Sep(?)],1620,,,month season queried-bracket,,differ by 1,1621,1621,1621,746,0.0,0.0
76,The Entertainment in Suffolk and Norfolk (Royal Entry of Queen Elizabeth into Norwich),"Churchyard, Thomas",other/multi,none,entertainment; royal entertainment or entry,entertainment,128,1578,106,deep_id match,,,n/a,missing (n/a),,,,n/a,missing (n/a),,,,n/a,missing (n/a),,,Occasional,Occasional,,before the Court;,None,1578 [Aug],1578,,,month,,1578 [Aug 18],1578,,,month,,same year,1578,[1578],1578,6478,0.38021,0.54353
77,The Entertainment of the French Ambassadors (The Fortress of Perfect Beauty) (Tilt of the Foster-Children of Desire),"Goldwell, Henry",other/multi,none,tilt,entertainment;tilt,130,1581,108,deep_id match,,,n/a,missing (n/a),,,,n/a,missing (n/a),,,,n/a,missing (n/a),,,Occasional,Occasional,,before the Court;,None,1581 [May 15-16],1581,,,month,,1581 [Apr 16 and May 15-16],1581,,,month,,same year,1581,[1581],1581,5199,0.0,0.91306
377,The Entertainment of the Lords of the Council by Sheriff Allen (Flora's Welcome),"Middleton, Thomas",other/multi,none,entertainment; civic play,civic pageant,836,1621,5078.09,deep_id match,,,n/a,missing (n/a),,,,n/a,missing (n/a),,,,n/a,missing (n/a),,,Occasional,Occasional,,None,None,1621 [1620-1621],1621,1620,1621,,,1621 [Apr 16],1621,,,month,,same year,1621,1621,1621,430,0.0,1.0
378,The Entertainment of the Lords of the Council by Sheriff Ducie (Flora's Servants),"Middleton, Thomas",other/multi,none,entertainment; civic play,civic pageant,837,1621,5078.10,deep_id match,,,n/a,missing (n/a),,,,n/a,missing (n/a),,,,n/a,missing (n/a),,,Occasional,Occasional,,None,None,1621 [1620-1621],1621,1620,1621,,,1621 [Apr 21],1621,,,month,,same year,1621,1621,1621,529,0.0,1.0
21,The Four P's,"Heywood, John",other/multi,none,not in BritDrama,comedy;interlude,33,1544,27,deep_id match,,,n/a,missing (n/a),,,,n/a,missing (n/a),,,,n/a,missing (n/a),,,Interlude,Interlude,,None,None,1520 [c.1520-1522],1520,1520,1522,circa-limit,,1528 [late 1520s],1528,,,season decade,,differ by 8,1544,[1544?],1544,9011,0.39141,0.50072
294,"The Golden Age, or The Lives of Jupiter and Saturn","Heywood, Thomas",other/multi,none,classical legend or myth,classical legend,687,1611,567,deep_id match,,,Queen Anne's Men,clear,Queen Anne's Men,,,Queen Anne's Men,clear,Queen Anne's Men,,,Queen Anne's Men,clear,Queen Anne's Men,,Adult Professional,Adult Professional,,Red Bull;Outdoor Professional,Outdoor,1610 [1609-1611],1610,1609,1611,,,1611,1611,,,,,differ by 1,1611,1611,1611,17771,0.77807,0.22193
329,"The Hector of Germany, or The Palsgrave, Prime Elector","Smith, William",other/multi,none,history; pseudo-history,history;pseudo-history,744,1615,623,deep_id match,,,n/a,missing (n/a),,,,n/a,missing (n/a),,,,n/a,missing (n/a),,,Private,Nonprofessional,,Red Bull;Curtain;Outdoor Professional,Outdoor,1614 [c.1614-1615],1614,1614,1615,circa-limit,,1613 [1613-1615],1613,1613,1615,,,differ by 1,1615,1615,1615,15275,0.23175,0.67293
20,The Interlude of Youth,Anonymous,other/multi,none,not in BritDrama,morality;interlude,32,1565,26,deep_id match,,,n/a,missing (n/a),,,,n/a,missing (n/a),,,,n/a,missing (n/a),,,Interlude,Interlude,,None,None,1514 [1513-1514],1514,1513,1514,,,1513 [c.1513-1514],1513,1513,1514,circa-limit,,differ by 1,1530,[c.1530],1565,5014,0.30096,0.49242
202,The Magnificent Entertainment Given to King James (The Royal Entry of King James I into London),"Dekker, Thomas / Jonson, Ben / Middleton, Thomas / Ruytinck, Simon / Cool, Jacob / Thorius, Raphael",other/multi,none,pageant; civic play; entertainment; royal entertainment or entry,entertainment,465,1604,356,deep_id match,,,n/a,missing (n/a),,,,n/a,missing (n/a),,,,n/a,missing (n/a),,,Occasional,Occasional,,before the Court;,None,1604 [Mar 15],1604,,,month,,1603 [planned for May],1603,,,month,,differ by 1,1604,1604,1604,2723,0.0,0.80426
612,The Masque of Owls,"Jonson, Ben",other/multi,none,entertainment,entertainment,1168,1641,5124.12,deep_id match,,,n/a,missing (n/a),,,,n/a,missing (n/a),,,,n/a,missing (n/a),,,Occasional,Occasional,,None,None,1624 [Aug 19],1624,,,month,,1624 [Aug 19],1624,,,month,,same year,1641,1641,1641,997,0.0,1.0
6,The Nature of the Four Elements (Natura Naturata),"Rastell, John",other/multi,none,not in BritDrama,morality;interlude,11,1520,9,deep_id match,,,not in BritDrama,not in BritDrama,,,,n/a,missing (n/a),,,,n/a,missing (n/a),,,Interlude,Interlude,,None,None,1517 [c.1517-c.1518],1517,1517,1518,circa-limit,,not in BritDrama,,,,,not in BritDrama,,1520,[1520?],1520,9570,0.16907,0.83093
87,The Pageant before Woolstone Dixie,"Peele, George",other/multi,none,civic play; pageant,civic pageant,148,1585,122,deep_id match,,,n/a,missing (n/a),,,,n/a,missing (n/a),,,,n/a,missing (n/a),,,Occasional,Occasional,,None,None,1585 [Oct 29],1585,,,month,,1585 [Oct 29],1585,,,month,,same year,1585,1585,1585,924,0.0,1.0
96,The Pageant for John Allot,"Nelson, Thomas",other/multi,none,civic play; pageant,civic pageant,164,1590,131,deep_id match,,,n/a,missing (n/a),,,,n/a,missing (n/a),,,,n/a,missing (n/a),,,Occasional,Occasional,,None,None,1590 [Oct 29],1590,,,month,,1590 [Oct 29],1590,,,month,,same year,1590,1590,1590,1083,0.0,1.0
14,"The Pardoner and the Friar, the Curate, and Neighbor Pratte","Heywood, John",other/multi,none,not in BritDrama,comedy;interlude,19,1533,15,deep_id match,,,n/a,missing (n/a),,,,n/a,missing (n/a),,,,n/a,missing (n/a),,,Interlude,Interlude,,None,None,1519 [1513-1521],1519,1513,1521,,,1528 [late 1520s],1528,,,season decade,,differ by 9,1533,1533,1533,5242,0.60359,0.39641
511,The Presentment of Bushell's Rock (Royal Entertainment at Enstone),"Jordan, Thomas / Bushell, Thomas (mining entrepreneur)",other/multi,none,entertainment; royal entertainment or entry,entertainment,1042,1636,860,deep_id match,,,n/a,missing (n/a),,,,n/a,missing (n/a),,,,n/a,missing (n/a),,,Occasional,Occasional,,before the Court;,None,1636 [Aug 23],1636,,,month,,1636 [Aug 23],1636,,,month,,same year,1636,1636,1636,1158,0.50432,0.49568
88,The Queen's Entertainment at Woodstock,Anonymous,other/multi,none,entertainment; royal entertainment or entry,entertainment,149,1585,123,deep_id match,,,n/a,missing (n/a),,,,n/a,missing (n/a),,,,n/a,missing (n/a),,,Occasional,Occasional,,None,None,1575 [Sep],1575,,,month,,1575 [Sep],1575,,,month,,same year,1585,[1585],1585,8331,0.18017,0.75933
111.1,The Royal Entertainment at Bisham Abbey,Anonymous,other/multi,none,entertainment; royal entertainment or entry,entertainment,200,1592,5026.01,deep_id match,,,n/a,missing (n/a),,,,n/a,missing (n/a),,,,n/a,missing (n/a),,,Occasional,Occasional,,None,None,1592 [Aug 21],1592,,,month,,1592 [Aug 11 or 21 ],1592,,,month,,same year,1592,1592,1592,2706,1.0,0.0
318,The Royal Entertainment at Caversham,"Campion, Thomas",other/multi,none,entertainment; masque; royal entertainment or entry,entertainment,727,1613,5073.01,deep_id match,,,n/a,missing (n/a),,,,n/a,missing (n/a),,,,n/a,missing (n/a),,,Occasional,Occasional,,before the Court;,None,1613 [Apr 27-28],1613,,,month,,1613 [Apr 27-28],1613,,,month,,same year,1613,1613,1613,1972,0.0,1.0
103,The Royal Entertainment at Cowdray,Anonymous,other/multi,none,entertainment; royal entertainment or entry,entertainment,177,1591,137,deep_id match,,,n/a,missing (n/a),,,,n/a,missing (n/a),,,,n/a,missing (n/a),,,Occasional,Occasional,,before the Court;,None,1591 [Aug 14],1591,,,month,,1591 [Aug 14-20],1591,,,month,,same year,1591,1591,1591,2101,0.2118,0.6416
339,The Royal Entertainment at Highgate (The Penates),"Jonson, Ben",other/multi,none,entertainment; royal entertainment or entry,entertainment,767,1616,5074.19,deep_id match,,,n/a,missing (n/a),,,,n/a,missing (n/a),,,,n/a,missing (n/a),,,Occasional,Occasional,,before the Court;,None,1604 [May 1],1604,,,month,,1604 [May 1],1604,,,month,,same year,1616,1616,1616,2073,0.47419,0.52581
111.3,The Royal Entertainment at Rycote,Anonymous,other/multi,none,entertainment; royal entertainment or entry,entertainment,202,1592,5026.03,deep_id match,,,n/a,missing (n/a),,,,n/a,missing (n/a),,,,n/a,missing (n/a),,,Occasional,Occasional,,before the Court;,None,1592 [Sep 28; Oct 1; Oct 2],1592,,,month,,1592 [Sep 28 to Oct 2],1592,,,month,,same year,1592,1592,1592,1578,0.0,1.0
111.2,The Royal Entertainment at Sudeley Castle,Anonymous,other/multi,none,entertainment; royal entertainment or entry,entertainment,201,1592,5026.02,deep_id match,,,n/a,missing (n/a),,,,n/a,missing (n/a),,,,n/a,missing (n/a),,,Occasional,Occasional,,before the Court;,None,1592 [Sep 10; Sep 11],1592,,,month,,1592 [Sep],1592,,,month,,same year,1592,1592,1592,1193,1.0,0.0
341,"The Royal Entertainment at Theobalds, 1607 (The Genius)","Jonson, Ben",other/multi,none,entertainment; royal entertainment or entry,entertainment,771,1616,5074.21,deep_id match,,,n/a,missing (n/a),,,,n/a,missing (n/a),,,,n/a,missing (n/a),,,Occasional,Occasional,,before the Court;,None,1607 [May 22],1607,,,month,,1607 [May 22],1607,,,month,,same year,1616,1616,1616,474,0.0,1.0
201,The Royal Entertainment of the Queen and Prince at Althorp (The Satyr),"Jonson, Ben",other/multi,none,entertainment; royal entertainment or entry,entertainment,462,1604,5059.02,deep_id match,,,n/a,missing (n/a),,,,n/a,missing (n/a),,,,n/a,missing (n/a),,,Occasional,Occasional,,before the Court;,None,1603 [Jun 25],1603,,,month,,1603 [June 25 and 27],1603,,,month,,same year,1604,1604,1604,1976,0.25202,0.49798
340,"The Royal Entertainment of the Two Kings of Great Britain and Denmark (The Entertainment at Theobalds, 1606) (The Hours)","Jonson, Ben",other/multi,none,entertainment; royal entertainment or entry,entertainment,769,1616,5074.20,deep_id match,,,n/a,missing (n/a),,,,n/a,missing (n/a),,,,n/a,missing (n/a),,,Occasional,Occasional,,before the Court;,None,1606 [Jul 24],1606,,,month,,1606 [Jul 24],1606,,,month,,same year,1616,1616,1616,63,0.0,1.0
487,The Royal Entry of King Charles I into Edinburgh (The Entertainment at Edinburgh),"Drummond, William / Adamson, John / Crawford, Thomas",other/multi,none,entertainment; royal entertainment or entry,entertainment,1011,1633,825,deep_id match,,,n/a,missing (n/a),,,,n/a,missing (n/a),,,,n/a,missing (n/a),,,Occasional,Occasional,,before the Court;,None,1633 [Jun 15],1633,,,month,,1633 [Jun 15],1633,,,month,,same year,1633,1633,1633,2999,0.18873,0.81127
618,"The Sad Shepherd, or A Tale of Robin Hood","Jonson, Ben",other/multi,none,not in BritDrama,comedy;pastoral,1174,1641,5124.21,deep_id match,,,not in BritDrama,not in BritDrama,,,,Unacted,unacted,Unacted,,,None,missing (None),,,Unacted; Professional (?),Professional,closet/unacted (per play_type),None,None,1637 [c.1612-1637],1637,1612,1637,circa-limit,,not in BritDrama,,,,,not in BritDrama,,1641,1641,1641,9224,0.36503,0.63497
367,The Sun in Aries,"Middleton, Thomas",other/multi,none,civic play; pageant,civic pageant,825,1621,690,deep_id match,,,n/a,missing (n/a),,,,n/a,missing (n/a),,,,n/a,missing (n/a),,,Occasional,Occasional,,None,None,1621 [Oct 29],1621,,,month,,1621 [Oct 29],1621,,,month,,same year,1621,1621,1621,1454,0.0,0.65337
23,"The Temptation of Our Lord and Saviour, Jesus Christ, by Satan in the Desert","Bale, John",other/multi,none,biblical play,mystery,39,1547,33,deep_id match,,,n/a,missing (n/a),,,,n/a,missing (n/a),,,,n/a,missing (n/a),,,Interlude,Interlude,,None,None,1538,1538,,,,,1538,1538,,,,,same year,1547,[1547?],1547,4027,0.87013,0.12987
495,The Triumphs of Fame and Honor,"Taylor, John",other/multi,none,civic play; pageant,civic pageant,1021,1634,838,deep_id match,,,n/a,missing (n/a),,,,n/a,missing (n/a),,,,n/a,missing (n/a),,,Occasional,Occasional,,None,None,1634 [Oct 29],1634,,,month,,1634 [Oct 29],1634,,,month,,same year,1634,1634,1634,1861,0.0,0.73133
413,The Triumphs of Health and Prosperity,"Middleton, Thomas",other/multi,none,civic play; pageant,civic pageant,906,1626,729,deep_id match,,,n/a,missing (n/a),,,,n/a,missing (n/a),,,,n/a,missing (n/a),,,Occasional,Occasional,,None,None,1626 [Oct 30],1626,,,month,,1626 [Oct 30],1626,,,month,,same year,1626,1626,1626,773,0.0,0.51746
351,The Triumphs of Honor and Industry,"Middleton, Thomas",other/multi,none,civic play; pageant,civic pageant,791,1617,649,deep_id match,,,n/a,missing (n/a),,,,n/a,missing (n/a),,,,n/a,missing (n/a),,,Occasional,Occasional,,None,None,1617 [Oct 29],1617,,,month,,1617 [Oct 29],1617,,,month,,same year,1617,1617,1617,699,0.0,0.0
383,The Triumphs of Honor and Virtue,"Middleton, Thomas",other/multi,none,civic play; pageant,civic pageant,849,1622,705,deep_id match,,,n/a,missing (n/a),,,,n/a,missing (n/a),,,,n/a,missing (n/a),,,Occasional,Occasional,,None,None,1622 [Oct 29],1622,,,month,,1622 [Oct 29],1622,,,month,,same year,1622,1622,1622,1222,0.0,0.66694
387,The Triumphs of Integrity,"Middleton, Thomas",other/multi,none,civic play; pageant,civic pageant,856,1623,712,deep_id match,,,n/a,missing (n/a),,,,n/a,missing (n/a),,,,n/a,missing (n/a),,,Occasional,Occasional,,None,None,1623 [Oct 20],1623,,,month,,1623 [Oct 29],1623,,,month,,same year,1623,1623,1623,1201,0.0,0.33722
359,The Triumphs of Love and Antiquity,"Middleton, Thomas",other/multi,none,civic play; pageant,civic pageant,807,1619,669,deep_id match,,,n/a,missing (n/a),,,,n/a,missing (n/a),,,,n/a,missing (n/a),,,Occasional,Occasional,,None,None,1619 [Oct 29],1619,,,month,,1619 [Oct 29],1619,,,month,,same year,1619,1619,1619,1791,0.0,0.26019
218,The Triumphs of Reunited Britannia,"Munday, Anthony",other/multi,none,civic play; pageant,civic pageant,517,1605,406,deep_id match,,,n/a,missing (n/a),,,,n/a,missing (n/a),,,,n/a,missing (n/a),,,Occasional,Occasional,,None,None,1605 [Oct 29],1605,,,month,,1605 [Nov 1],1605,,,month,,same year,1605,[1605],1605,2375,0.0,1.0
311,The Triumphs of Truth,"Munday, Anthony / Middleton, Thomas",other/multi,none,civic play; pageant,civic pageant,717,1613,593,deep_id match,Y,,n/a,missing (n/a),,,,n/a,missing (n/a),,,,n/a,missing (n/a),,,Occasional,Occasional,,None,None,1613 [Oct 29],1613,,,month,,1613 [Oct 29],1613,,,month,,same year,1613,1613,1613,3842,0.0,0.75482
581,The Unfortunate Mother,"Nabbes, Thomas",other/multi,none,not in BritDrama,,1134,1640,963,deep_id match,Y,,not in BritDrama,not in BritDrama,,,,Unacted,unacted,Unacted,,,None,missing (None),,,Unacted; Professional (?),Closet/Unacted,closet/unacted (per play_type),None,None,1639(?),1639,,,queried,,not in BritDrama,,,,,not in BritDrama,,1640,1640,1640,12800,0.69273,0.30727
241,The Whore of Babylon,"Dekker, Thomas",other/multi,none,history; allegory,history;allegory,569,1607,460,deep_id match,,,Prince Henry's Men,clear,Prince Henry's Men,,,Prince Henry's Men,clear,Prince Henry's Men,,,Prince Henry's Men,clear,Prince Henry's Men,,Adult Professional,Adult Professional,,None,None,1606 [c.1606-1607],1606,1606,1607,circa-limit,,1606 [1606-1607],1606,1606,1607,,,same year,1607,1607,1607,21028,0.51717,0.48283
302,Troia Nova Triumphans (London Triumphing),"Dekker, Thomas",other/multi,none,civic play; pageant,civic pageant,700,1612,578,deep_id match,,,n/a,missing (n/a),,,,n/a,missing (n/a),,,,n/a,missing (n/a),,,Occasional,Occasional,,None,None,1612 [Oct 29],1612,,,month,,1612 [Oct 29],1612,,,month,,same year,1612,1612,1612,2289,0.20358,0.20664
361,Two Wise Men and All the Rest Fools,Anonymous,other/multi,none,satire; dialogue,comedy;dialogue,813,1619,675,deep_id match,,,n/a,missing (n/a),,,,n/a,missing (n/a),,,,n/a,missing (n/a),,,Private (?); University (?),Nonprofessional,,None,None,1619 [1613-1619],1619,1613,1619,,,1619 [1613-1619],1619,1613,1619,,,same year,1619,1619,1619,34173,0.35601,0.62924
426,"Wine, Beer, and Ale Together by the Ears (Wine, Beer, Ale, and Tobacco Contending for Superiority)",Anonymous,other/multi,none,dialogue,entertainment,923,1629,745,deep_id match,,,n/a,missing (n/a),,,,n/a,missing (n/a),,,,n/a,missing (n/a),,,University (?),University/Inns of Court,,None,None,1625 [1624-1626(?)],1625,1624,1626,queried-limit,,1625 [1624-1629],1625,1624,1629,,,same year,1629,1629,1629,4765,0.0,0.90052
331,"Work for Cutlers (Sword, Rapier, and Dagger)",Anonymous,other/multi,none,entertainment; academic entertainment,comedy;dialogue,749,1615,629,deep_id match,,,n/a,missing (n/a),,,,n/a,missing (n/a),,,,n/a,missing (n/a),,,University,University/Inns of Court,,at University;,None,1615 [1614-1615],1615,1614,1615,,,1614 [1614-1615],1614,1614,1615,,,differ by 1,1615,1615,1615,1842,1.0,0.0
417,Aminta,"Tasso, Torquato / Reynolds, Henry",pastoral,britdrama,pastoral,pastoral,910,1628,731,deep_id match,,,n/a,missing (n/a),,,,n/a,missing (n/a),,,,n/a,missing (n/a),,,Closet Translation,Translation,closet/unacted (per play_type),None,None,1628,1628,,,,,1627 [Nov],1627,,,month,,differ by 1,1628,1628,1628,16259,0.39,0.58171
530,"Amphrisa, or The Forsaken Shepherdess (Polopaea and Alope)","Heywood, Thomas",pastoral,britdrama,pastoral,dialogue,1065,1637,5105.03,deep_id match,,,n/a,missing (n/a),,,,n/a,missing (n/a),,,,n/a,missing (n/a),,,Closet/Unacted (?),Closet/Unacted,closet/unacted (per play_type),None,None,1635,1635,,,,,1635 [1630-1637],1635,1630,1637,,,same year,1637,1637,1637,2311,0.40805,0.59195
548,"Amyntas, or The Impossible Dowry","Randolph, Thomas",pastoral,britdrama,pastoral,pastoral,1091,1638,5111.02,deep_id match,,,King's Revels Company,clear,King's Revels Company,,,King's Revels Company,clear,King's Revels Company,,,None,missing (None),,,Boys Professional,Boys Professional,,before the Court;Whitehall;,None,"1630 [licensed for stage, Nov 26]",1630,,,month licensed,,1630 [Nov],1630,,,month,,same year,1638,1638,1638,20633,0.68798,0.31202
325,Hymen's Triumph,"Daniel, Samuel",pastoral,annals,pastoral; tragicomedy,pastoral,736,1615,616,deep_id match,,,n/a,missing (n/a),,,,n/a,missing (n/a),,,,n/a,missing (n/a),,,Occasional,Occasional,,before the Court;,None,1614 [Feb 2],1614,,,month,,1614 [Feb],1614,,,month,,same year,1615,1615,1615,15301,0.12437,0.87563
183,"Il Pastor Fido, or The Faithful Shepherd","Dymoke, Tailboys / Guarini, Giovanni Battista",pastoral,britdrama,pastoral,pastoral,416,1602,323,deep_id match,,,n/a,missing (n/a),,,,n/a,missing (n/a),,,,n/a,missing (n/a),,,Closet (?) Translation,Translation,closet/unacted (per play_type),None,None,1601,1601,,,,,1601 [1590-1601],1601,1590,1601,,,same year,1602,1602,1602,35550,0.31046,0.66068
600,Love Crowns the End,"Tatham, John",pastoral,britdrama,pastoral,pastoral,1154,1640,5130.01,deep_id match,,,n/a,missing (n/a),,,,n/a,missing (n/a),,,,n/a,missing (n/a),,,Boys Nonprofessional/School,Boys Nonprofessional/School,,None,None,1632,1632,,,,,1632,1632,,,,,same year,1640,1640,1640,4541,0.34354,0.65646
178,Love's Metamorphosis,"Lyly, John",pastoral,annals,pastoral; comedy,pastoral,409,1601,317,deep_id match,,,Children of Paul's (first),clear,Children of Paul's (first),,,Children of Paul's (first),clear,Children of Paul's (first),,,Children of the Chapel (second); Children of Paul's (first),multiple (;),Children of the Chapel (second); Children of Paul's (first),Children of the Chapel (second) | Children of Paul's (first),Boys Professional,Boys Professional,,None,None,1590 [c.1588-1590],1590,1588,1590,circa-limit,,1590 [1585-1590],1590,1585,1590,,,same year,1601,1601,1601,10147,0.76565,0.23435
539,Love's Riddle,"Cowley, Abraham",pastoral,britdrama,pastoral,pastoral,1076,1638,898,deep_id match,,,n/a,missing (n/a),,,,n/a,missing (n/a),,,,n/a,missing (n/a),,,Boys Nonprofessional/School; Unacted,Nonprofessional,closet/unacted (per play_type),None,None,1633 [c.1633-1636],1633,1633,1636,circa-limit,,1634 [1630-1636],1634,1630,1636,,,differ by 1,1638,1638,1638,20522,0.44406,0.55594
97,Phillis and Amyntas (Ivychurch) (Amyntas' Pastoral),"Fraunce, Abraham / Tasso, Torquato",pastoral,britdrama,pastoral,pastoral,165,1591,5020.01,deep_id match,,,n/a,missing (n/a),,,,n/a,missing (n/a),,,,n/a,missing (n/a),,,Closet Translation,Translation,closet/unacted (per play_type),None,None,1591,1591,,,,,1591 [Feb],1591,,,month,,same year,1591,1591,1591,15193,0.57158,0.39545
449,Rhodon and Iris,"Knevet, Ralph",pastoral,britdrama,pastoral,pastoral,964,1631,778,deep_id match,,,n/a,missing (n/a),,,,n/a,missing (n/a),,,,n/a,missing (n/a),,,Occasional,Occasional,,None,None,1631 [May 3],1631,,,month,,1631 [May],1631,,,month,,same year,1631,1631,1631,13235,0.5623,0.4377
443,Sicelides (The Sicilians),"Fletcher, Phineas",pastoral,britdrama,pastoral,piscatory,957,1631,768,deep_id match,,,n/a,missing (n/a),,,,n/a,missing (n/a),,,,n/a,missing (n/a),,,University,University/Inns of Court,,at University;,None,1615 [Mar 13],1615,,,month,,1615 [Mar],1615,,,month,,same year,1631,1631,1631,20692,0.36038,0.63962
83,The Arraignment of Paris,"Peele, George",pastoral,britdrama,pastoral,pastoral;classical legend,139,1584,114,deep_id match,,,Children of the Chapel (first) (Oxford's Boys),clear,Children of the Chapel (first) (Oxford's Boys),,,Children of the Chapel (first) (Oxford's Boys),clear,Children of the Chapel (first) (Oxford's Boys),,,Children of the Chapel (first),clear,Children of the Chapel (first),,Boys Professional,Boys Professional,,before the Court;,None,1581 [c.1581-1584],1581,1581,1584,circa-limit,,1584 [early] [1581-1584],1584,1581,1584,season,,differ by 3,1584,1584,1584,10426,0.76626,0.23374
287,The Faithful Shepherdess,"Fletcher, John",pastoral,annals,pastoral; tragicomedy,pastoral,675,1610,555,deep_id match,,,Children of the Queen's Revels,clear,Children of the Queen's Revels,,,Children of the Queen's Revels,clear,Children of the Queen's Revels,,,None,missing (None),,,Boys Professional; Adult Professional,Boys Professional,,None,None,1608 [1608-1609],1608,1608,1609,,,1608 [1607-1608],1608,1607,1608,,,same year,1610,[1610?],1610,19923,0.75511,0.24489
227,The Queen's Arcadia (Arcadia Reformed),"Daniel, Samuel",pastoral,britdrama,pastoral,pastoral,534,1606,420,deep_id match,,,n/a,missing (n/a),,,,n/a,missing (n/a),,,,n/a,missing (n/a),,,University,University/Inns of Court,,before the Court;at University;,None,1605 [Aug 30],1605,,,month,,1605 [Aug],1605,,,month,,same year,1606,1606,1606,20199,0.26724,0.73276
499,The Shepherds' Holiday,"Rutter, Joseph",pastoral,britdrama,pastoral,pastoral,1028,1635,843,deep_id match,,,Queen Henrietta Maria's Men,clear,Queen Henrietta Maria's Men,,,Queen Henrietta Maria's Men,clear,Queen Henrietta Maria's Men,,,Queen Henrietta Maria's Men,clear,Queen Henrietta Maria's Men,,Adult Professional,Adult Professional,,before the Court;Whitehall;,None,1634 [1633-1635],1634,1633,1635,,,1633 [1629-1635],1633,1629,1635,,,differ by 1,1635,1635,1635,18986,0.30754,0.69246
531,A Shoemaker a Gentleman,"Rowley, William",romance,britdrama,romance,comedy,1066,1638,882,deep_id match,,,Prince Charles's Men (first),clear,Prince Charles's Men (first),,,Queen Anne's Men,clear,Queen Anne's Men,,,None,missing (None),,,Adult Professional,Adult Professional,,Red Bull;Outdoor Professional,Outdoor,1608 [1607-1609],1608,1607,1609,,,1618 [1617-1619],1618,1617,1619,,,differ by 10,1638,1638,1638,20054,0.17528,0.82472
156,"Alphonsus, King of Aragon","Greene, Robert",romance,britdrama,romance,romance,357,1599,275,deep_id match,,,Queen Elizabeth's Men (?),uncertain,Queen Elizabeth's Men,(?),,Queen Elizabeth's Men (?),uncertain,Queen Elizabeth's Men,(?),,None,missing (None),,,Adult Professional,Adult Professional,,None,None,1587 [1587-1588],1587,1587,1588,,,1587 [1587-1589],1587,1587,1589,,,same year,1599,1599,1599,10929,0.22756,0.77244
188,"Blurt, Master Constable, or The Spaniard's Night Walk",Anonymous,romance,britdrama,romance,comedy,430,1602,331,deep_id match,,,Children of Paul's (second),clear,Children of Paul's (second),,,Children of Paul's (second),clear,Children of Paul's (second),,,Children of Paul's (second),clear,Children of Paul's (second),,Boys Professional,Boys Professional,,None,None,1601 [1601-1602],1601,1601,1602,,,1601 [winter] [1601-1602],1601,1601,1602,season,,same year,1602,1602,1602,16714,0.5289,0.41504
406,"Cymbeline, King of Britain","Shakespeare, William",romance,britdrama,romance,tragicomedy,892,1623,5081.36,deep_id match,,,King's Men,clear,King's Men,,,King's Men,clear,King's Men,,,None,missing (None),,,Adult Professional,Adult Professional,,None,None,1609 [c.1608-1611],1609,1608,1611,circa-limit,,1610 [1609-1611],1610,1609,1611,,,differ by 1,1623,1623,1623,26792,0.35231,0.62989
158,"George a Green, the Pinner of Wakefield","Greene, Robert",romance,britdrama,romance,comedy;romance,359,1599,277,deep_id match,,,Sussex's Men,clear,Sussex's Men,,,Sussex's Men (by 1593),clear,Sussex's Men,(by 1593),,Sussex's Men,clear,Sussex's Men,,Adult Professional,Adult Professional,,None,None,1590 [1587-1591],1590,1587,1591,,,1591 [Oct] [1587-1592],1591,1587,1592,month,,differ by 1,1599,1599,1599,7960,0.12387,0.87613
151,Mucedorus (and Amadine),Anonymous,romance,britdrama,romance,comedy;romance,319,1598,258,deep_id match,,,Unknown,unknown,Unknown,,,Unknown,unknown,Unknown,,,None,missing (None),,,Adult Professional,Adult Professional,,None,None,1590 [1588-1598; revised 1610],1590,1588,1598,revised,,1591 [1590-1598],1591,1590,1598,,,differ by 1,1598,1598,1598,10801,0.46033,0.40339
162,Old Fortunatus,"Dekker, Thomas",romance,britdrama,romance,comedy,364,1600,283,deep_id match,,,Admiral's (Nottingham's) Men,clear,Admiral's (Nottingham's) Men,,,Admiral's (Nottingham's) Men,clear,Admiral's (Nottingham's) Men,,,Admiral's (Nottingham's) Men,clear,Admiral's (Nottingham's) Men,,Adult Professional,Adult Professional,,before the Court;,None,"1599 [Nov 9-30, payment]",1599,,,month payment,,1599 [Dec],1599,,,month,,same year,1600,1600,1600,23707,0.18615,0.5449
123,Orlando Furioso,"Greene, Robert",romance,britdrama,romance,comedy;romance,236,1594,189,deep_id match,,,Queen Elizabeth's Men (on tour); Admiral's (Nottingham's) Men (in London),multiple (;),Queen Elizabeth's Men; Admiral's (Nottingham's) Men,(on tour) (in London),Queen Elizabeth's Men | Admiral's (Nottingham's) Men,Queen Elizabeth's Men and Derby's (Strange's) Men,multiple (and),Queen Elizabeth's Men and Derby's (Strange's) Men,,Queen Elizabeth's Men | Derby's (Strange's) Men,None,missing (None),,,Adult Professional,Adult Professional,,before the Court;,None,1591,1591,,,,,1591 [perhaps Feb] [1588-1592],1591,1588,1592,month,,same year,1594,1594,1594,10723,0.4551,0.50023
284,"Pericles, Prince of Tyre","Shakespeare, William / Wilkins, George",romance,britdrama,romance,tragicomedy,666,1609,546,deep_id match,,,King's Men,clear,King's Men,,,King's Men,clear,King's Men,,,King's Men,clear,King's Men,,Adult Professional,Adult Professional,,Globe;Outdoor Professional,Outdoor,1608 [1606-1608],1608,1606,1608,,,1607 [1606-1608],1607,1606,1608,,,differ by 1,1609,1609,1609,17720,0.08476,0.86033
333,The Four Prentices of London,"Heywood, Thomas",romance,britdrama,romance,romance,751,1615,631,deep_id match,,,Worcester's Men,clear,Worcester's Men,,,Admiral's (Nottingham's) Men,clear,Admiral's (Nottingham's) Men,,,Queen Anne's Men,clear,Queen Anne's Men,,Adult Professional,Adult Professional,,Red Bull;Outdoor Professional,Outdoor,1594,1594,,,,,1602 [autumn] [1601-1607],1602,1601,1607,season,,differ by 8,1615,1615,1615,21537,0.29637,0.65831
137,The Old Wives Tale,"Peele, George",romance,britdrama,romance,romance,264,1595,211,deep_id match,,,Queen Elizabeth's Men,clear,Queen Elizabeth's Men,,,Queen Elizabeth's Men,clear,Queen Elizabeth's Men,,,Queen Elizabeth's Men,clear,Queen Elizabeth's Men,,Adult Professional,Adult Professional,,None,None,1590 [c.1588-1594],1590,1588,1594,circa-limit,,1592 [1588-1595],1592,1588,1595,,,differ by 2,1595,1595,1595,7606,0.20287,0.79713
516,The Royal King and the Loyal Subject,"Heywood, Thomas",romance,britdrama,romance,tragicomedy,1049,1637,869,deep_id match,,,Unknown,unknown,Unknown,,,Worcester's Men (?),uncertain,Worcester's Men,(?),,Queen Henrietta Maria's Men,clear,Queen Henrietta Maria's Men,,Adult Professional,Adult Professional,,None,None,1602 [1602-1618],1602,1602,1618,,,1606 [1605-1618],1606,1605,1618,,,differ by 4,1637,1637,1637,19465,0.17883,0.79414
149,The Scottish History of James the Fourth,"Greene, Robert",romance,britdrama,romance,history,314,1598,255,deep_id match,,,Unknown,unknown,Unknown,,,Queen Elizabeth's Men (?),uncertain,Queen Elizabeth's Men,(?),,None,missing (None),,,Adult Professional,Adult Professional,,None,None,c.1590,1590,,,circa,,1590 [1588-1592],1590,1588,1592,,,same year,1598,1598,1598,19865,0.20388,0.72197
545,The Seven Champions of Christendom,"Kirke, John",romance,britdrama,romance,romance,1085,1638,909,deep_id match,,,Red Bull Company (second),clear,Red Bull Company (second),,,Prince Charles's Men (second) (?),uncertain,Prince Charles's Men (second),(?),,None,missing (None),,,Adult Professional,Adult Professional,,Red Bull;Phoenix/Cockpit;Indoor Professional;Outdoor Professional,Both Indoor and Outdoor,1635 [1634-1638],1635,1634,1638,,,1634 [spring] [1625-1634],1634,1625,1634,season,,differ by 1,1638,1638,1638,21224,0.04665,0.88117
439,The Spanish Bawd (Calisto and Meliboea) (Celestina),"Mabbe, James / Rojas, Fernando de",romance,annals,tragicomedy; literary play,romance,952,1631,763,deep_id match,,,n/a,missing (n/a),,,,n/a,missing (n/a),,,,n/a,missing (n/a),,,Closet Translation,Translation,closet/unacted (per play_type),None,None,1631,1631,,,,,1598 [Oct] [1595-1611],1598,1595,1611,month,,differ by 33,1631,1631,1631,97726,0.28305,0.70722
584,The Strange Discovery,"Gough, J.",romance,britdrama,romance,tragicomedy,1137,1640,967,deep_id match,,,n/a,missing (n/a),,,,n/a,missing (n/a),,,,n/a,missing (n/a),,,Closet (?),Closet/Unacted,closet/unacted (per play_type),None,None,1640 [1624-1640],1640,1624,1640,,,1635 [1606-1640],1635,1606,1640,,,differ by 5,1640,1640,1640,21952,0.23078,0.76922
210,The Trial of Chivalry (This Gallant Cavaliero Dick Bowyer),Anonymous,romance,britdrama,romance,history;pseudo-history,494,1605,383,deep_id match,,title_page_company_display,Derby's (Strange's) Men,clear,Derby's (Strange's) Men,,,Derby's (Strange's) Men,clear,Derby's (Strange's) Men,,,Derby's (Strange's) Men,clear,Derby's (Strange's) Men,,Adult Professional,Adult Professional,,None,None,1601 [1599-1604],1601,1599,1604,,,1599 [1599-1600],1599,1599,1600,,,differ by 2,1605,1605,1605,18931,0.18087,0.81913
397,The Winter's Tale,"Shakespeare, William",romance,britdrama,romance,tragicomedy,874,1623,5081.14,deep_id match,,,King's Men,clear,King's Men,,,King's Men,clear,King's Men,,,None,missing (None),,,Adult Professional,Adult Professional,,None,None,1610 [c.1610-1611],1610,1610,1611,circa-limit,,1611,1611,,,,,differ by 1,1623,1623,1623,24516,0.19583,0.80417
221,"1 Jeronimo, with the Wars of Portugal",Anonymous,tragedy,britdrama,tragedy,history;pseudo-history,520,1605,409,deep_id match,,,Unknown,unknown,Unknown,,,King's Men (?); Unknown,multiple (;),King's Men; Unknown,(?),King's Men | Unknown,None,missing (None),,,Adult Professional,Adult Professional,,None,None,1604 [1600-1605],1604,1600,1605,,,1600 [1587-1605],1600,1587,1605,,,differ by 4,1605,1605,1605,8901,0.78081,0.21919
94,1 Tamburlaine the Great,"Marlowe, Christopher",tragedy,britdrama,tragedy,romance,156,1590,5017.01,deep_id match,,,Admiral's (Nottingham's) Men,clear,Admiral's (Nottingham's) Men,,,Admiral's (Nottingham's) Men,clear,Admiral's (Nottingham's) Men,,,None,missing (None),,,Adult Professional,Adult Professional,,None,None,1587 [1587-1588],1587,1587,1588,,,1587,1587,,,,,same year,1590,1590,1590,17201,0.76129,0.23871
95,2 Tamburlaine the Great,"Marlowe, Christopher",tragedy,britdrama,tragedy,romance,160,1590,5017.02,deep_id match,,,Admiral's (Nottingham's) Men,clear,Admiral's (Nottingham's) Men,,,Admiral's (Nottingham's) Men,clear,Admiral's (Nottingham's) Men,,,None,missing (None),,,Adult Professional,Adult Professional,,None,None,1588 [1587-1588],1588,1587,1588,,,1587 [autumn],1587,,,season,,differ by 1,1590,1590,1590,17527,0.47264,0.52736
300,A Christian Turned Turk (The Two Famous Pirates),"Daborne, Robert",tragedy,britdrama,tragedy,tragedy,698,1612,576,deep_id match,,,Unknown,unknown,Unknown,,,King's Men (?); Children of the Queen's Revels (?),multiple (;),King's Men; Children of the Queen's Revels,(?) (?),King's Men | Children of the Queen's Revels,None,missing (None),,,Boys Professional,Boys Professional,,None,None,1610 [1609-1612],1610,1609,1612,,,1611 [1610-1612],1611,1610,1612,,,differ by 1,1612,1612,1612,18654,0.23652,0.68387
258,A Woman Killed with Kindness,"Heywood, Thomas",tragedy,britdrama,tragedy,tragedy,603,1607,502,deep_id match,,,Worcester's Men,clear,Worcester's Men,,,Worcester's Men,clear,Worcester's Men,,,None,missing (None),,,Adult Professional,Adult Professional,,None,None,"1603 [Feb 12-Mar 6, payment]",1603,,,month payment,,1603 [Feb-Mar],1603,,,month,,same year,1607,1607,1607,16181,0.24232,0.66584
272,A Yorkshire Tragedy,"Middleton, Thomas",tragedy,britdrama,tragedy,tragedy,640,1608,523,deep_id match,,,King's Men,clear,King's Men,,,King's Men,clear,King's Men,,,King's Men,clear,King's Men,,Adult Professional,Professional,,Globe;Outdoor Professional,Outdoor,1606 [1605-1608],1606,1605,1608,,,1605 [1605-1608],1605,1605,1608,,,differ by 1,1608,1608,1608,5655,0.63749,0.36251
71,Abraham's Sacrifice,"Golding, Arthur / Beza, Theodore",tragedy,annals,biblical play,tragedy,122,1577,102,deep_id match,,,n/a,missing (n/a),,,,n/a,missing (n/a),,,,n/a,missing (n/a),,,Closet Translation,Translation,closet/unacted (per play_type),None,None,1575,1575,,,,,1575 [Aug],1575,,,month,,same year,1577,1577,1577,8000,0.11675,0.88325
42,Agamemnon (Seneca's Eighth Tragedy),"Seneca, Lucius Annaeus / Studley, John",tragedy,britdrama,tragedy,tragedy,76,1566,67,deep_id match,,,n/a,missing (n/a),,,,n/a,missing (n/a),,,,n/a,missing (n/a),,,Closet Translation,Translation,closet/unacted (per play_type),None,None,1566,1566,,,,,1566 [Feb],1566,,,month,,same year,1566,1566,1566,13750,0.53491,0.46509
489,Alaham,"Greville, Fulke",tragedy,britdrama,tragedy,tragedy,1015,1633,5101.01,deep_id match,,,n/a,missing (n/a),,,,n/a,missing (n/a),,,,n/a,missing (n/a),,,Closet,Closet/Unacted,closet/unacted (per play_type),None,None,1600 [c.1598-c.1600],1600,1598,1600,circa-limit,,1600 [1598-1600],1600,1598,1600,,,same year,1633,1633,1633,21531,0.28406,0.69337
422,"Albovine, King of the Lombards","Davenant, William",tragedy,britdrama,tragedy,tragedy,916,1629,737,deep_id match,,,Unacted,unacted,Unacted,,,Unacted,unacted,Unacted,,,None,missing (None),,,Unacted (?); Professional (?),Closet/Unacted,closet/unacted (per play_type),None,None,1628 [1626-1629],1628,1626,1629,,,1626 [1626-1629],1626,1626,1629,,,differ by 2,1629,1629,1629,19095,0.1524,0.82158
471,All's Lost by Lust,"Rowley, William",tragedy,britdrama,tragedy,tragedy,993,1633,807,deep_id match,,,Prince Charles's Men (first),clear,Prince Charles's Men (first),,,Prince Charles's Men (first),clear,Prince Charles's Men (first),,,Lady Elizabeth's Men; Queen Henrietta Maria's Men,multiple (;),Lady Elizabeth's Men; Queen Henrietta Maria's Men,Lady Elizabeth's Men | Queen Henrietta Maria's Men,Adult Professional,Adult Professional,,Phoenix/Cockpit;Indoor Professional,Indoor,1619 [c.1619-1620(?)],1619,1619,1620,circa-limit queried-limit,,1619 [1619-1620(?)],1619,1619,1620,queried-limit,,same year,1633,1633,1633,16032,0.39028,0.60972
450,"Antigone, the Theban Princess","May, Thomas",tragedy,britdrama,tragedy,tragedy,965,1631,780,deep_id match,,,n/a,missing (n/a),,,,n/a,missing (n/a),,,,n/a,missing (n/a),,,Closet/Unacted,Closet/Unacted,closet/unacted (per play_type),None,None,1627 [1627-1631],1627,1627,1631,,,1627 [1627-1631],1627,1627,1631,,,same year,1631,1631,1631,11505,0.60374,0.39626
185,Antonio's Revenge (2 Antonio and Mellida),"Marston, John",tragedy,britdrama,tragedy,,420,1602,326,deep_id match,Y,,Children of Paul's (second),clear,Children of Paul's (second),,,Children of Paul's (second),clear,Children of Paul's (second),,,Children of Paul's (second),clear,Children of Paul's (second),,Boys Professional,Boys Professional,,None,None,1600 [1600-1601],1600,1600,1601,,,1600 [early winter] [1600-1601],1600,1600,1601,season,,same year,1602,1602,1602,14607,0.51571,0.48429
108,Antonius (Antony),"Herbert, Mary Sidney / Garnier, RobertSidney Herbert, Mary",tragedy,britdrama,tragedy,tragedy,187,1595,146,deep_id match,,,n/a,missing (n/a),,,,n/a,missing (n/a),,,,n/a,missing (n/a),,,Closet Translation,Translation,closet/unacted (per play_type),None,None,1590,1590,,,,,1590 [Nov],1590,,,month,,same year,1592,1592,1595,14339,0.61776,0.38224
405,Antony and Cleopatra,"Shakespeare, William",tragedy,britdrama,tragedy,tragedy,890,1623,5081.35,deep_id match,,,King's Men,clear,King's Men,,,King's Men,clear,King's Men,,,None,missing (None),,,Adult Professional,Adult Professional,,None,None,1607 [c.1606-1608],1607,1606,1608,circa-limit,,1606 [1606-1607],1606,1606,1607,,,differ by 1,1623,1623,1623,23786,0.21025,0.74788
65,Appius and Virginia,"B., R.",tragedy,britdrama,tragedy,morality,114,1575,94,deep_id match,,,n/a,missing (n/a),,,,n/a,missing (n/a),,,,n/a,missing (n/a),,,Interlude,Interlude,,None,None,1564 [1559-1567],1564,1559,1567,,,1566 [1559-1567],1566,1559,1567,,,differ by 2,1575,1575,1575,7517,0.19848,0.80152
246,Bussy D'Ambois,"Chapman, George",tragedy,britdrama,tragedy,,579,1607,472,deep_id match,Y,theater,Children of Paul's (second),clear,Children of Paul's (second),,,Children of Paul's (second),clear,Children of Paul's (second),,,None,missing (None),,,Boys Professional,Boys Professional,,Paul's;Indoor Professional,Indoor,1604 [1604-1605],1604,1604,1605,,,1604,1604,,,,,same year,1607,1607,1607,19597,0.22039,0.77961
444,Caesar and Pompey (The Wars of Caesar and Pompey),"Chapman, George",tragedy,britdrama,tragedy,history,958,1631,769,deep_id match,,theater,Unacted (?),unacted,Unacted,(?),,Unacted (?),unacted,Unacted,(?),,None,missing (None),,,Adult Professional (?); Unacted (?),Adult Professional,closet/unacted (per play_type),None,None,"1605 [1602-1605; Act 2, sc. 1 written 1610-1611(?)]",1605,1602,1605,secondary-dates-ignored,,1606 [1599-1631],1606,1599,1631,,,differ by 1,1631,1631,1631,16590,0.41127,0.58873
56,"Cambises, King of Persia","Preston, Thomas",tragedy,britdrama,tragedy,tragedy,96,1570,85,deep_id match,,,n/a,missing (n/a),,,,n/a,missing (n/a),,,,n/a,missing (n/a),,,Interlude,Interlude,,None,None,1561 [c.1558-1569],1561,1558,1569,circa-limit,,1569 [autumn] [1559-1569],1569,1559,1569,season,,differ by 8,1570,[1570?],1570,13041,0.2667,0.6942
296,Catiline His Conspiracy,"Jonson, Ben",tragedy,britdrama,tragedy,tragedy,690,1611,570,deep_id match,,,King's Men,clear,King's Men,,,King's Men,clear,King's Men,,,None,missing (None),,,Adult Professional,Adult Professional,,None,None,1611,1611,,,,,1611,1611,,,,,same year,1611,1611,1611,28488,0.87925,0.12075
550,"Chabot, Admiral of France","Chapman, George / Shirley, James",tragedy,britdrama,tragedy,tragedy,1096,1639,912,deep_id match,,,Unknown,unknown,Unknown,,,Lady Elizabeth's Men (?),uncertain,Lady Elizabeth's Men,(?),,Queen Henrietta Maria's Men,clear,Queen Henrietta Maria's Men,,Adult Professional,Adult Professional,,Phoenix/Cockpit;Indoor Professional,Indoor,"1612 [1611-1613; revised by Shirley and licensed for stage, Apr 29, 1635]",1612,1611,1613,month licensed revised,,1612 [1611-1634] [revised 1635],1612,1611,1634,revised,,same year,1639,1639,1639,18673,0.07819,0.92181
132,Cleopatra,"Daniel, Samuel",tragedy,britdrama,tragedy,tragedy,251,1594,5027.01,deep_id match,,,n/a,missing (n/a),,,,n/a,missing (n/a),,,,n/a,missing (n/a),,,Closet,Closet/Unacted,closet/unacted (per play_type),None,None,1593 [revised 1607],1593,,,revised,,1593 [1590-1593],1593,1590,1593,,,same year,1594,1594,1594,12988,0.57553,0.42447
553,"Cleopatra, Queen of Egypt","May, Thomas",tragedy,britdrama,tragedy,tragedy,1099,1639,913,deep_id match,,,Unknown,unknown,Unknown,,,Unknown,unknown,Unknown,,,None,missing (None),,,Unknown; Professional (?); Nonprofessional (?),Unknown,,None,None,1626,1626,,,,,1626,1626,,,,,same year,1639,1639,1639,14412,0.49063,0.50937
401,Coriolanus,"Shakespeare, William",tragedy,britdrama,tragedy,tragedy,882,1623,5081.26,deep_id match,,,King's Men,clear,King's Men,,,King's Men,clear,King's Men,,,None,missing (None),,,Adult Professional,Adult Professional,,None,None,1608,1608,,,,,1608 [1607-1609],1608,1607,1609,,,same year,1623,1623,1623,26577,0.68514,0.31486
116,Cornelia (Pompey the Great His Fair Cornelia's Tragedy),"Garnier, Robert / Kyd, Thomas",tragedy,britdrama,tragedy,tragedy,210,1594,169,deep_id match,,,n/a,missing (n/a),,,,n/a,missing (n/a),,,,n/a,missing (n/a),,,Closet (?) Translation,Translation,closet/unacted (per play_type),None,None,1594,1594,,,,,1594,1594,,,,,same year,1594,1594,1594,15102,0.64852,0.35148
209,Croesus,"Alexander, William",tragedy,britdrama,tragedy,tragedy,491,1604,5060.01,deep_id match,,,n/a,missing (n/a),,,,n/a,missing (n/a),,,,n/a,missing (n/a),,,Closet,Closet/Unacted,closet/unacted (per play_type),None,None,1604,1604,,,,,1604 [Apr],1604,,,month,,same year,1604,1604,1604,22613,0.23809,0.74037
328,Cupid's Revenge,"Beaumont, Francis / Fletcher, John",tragedy,britdrama,tragedy,tragedy,741,1615,620,deep_id match,,,Children of the Queen's Revels,clear,Children of the Queen's Revels,,,Children of the Queen's Revels,clear,Children of the Queen's Revels,,,Children of the Queen's Revels,clear,Children of the Queen's Revels,,Boys Professional,Boys Professional,,None,None,1608 [c.1607-1608],1608,1607,1608,circa-limit,,1607 [1606-1611],1607,1606,1611,,,differ by 1,1615,1615,1615,20427,0.36413,0.63587
314,"Cynthia's Revenge, or Maenander's Ecstasy","Stephens, John",tragedy,britdrama,tragedy,tragedy,720,1613,598,deep_id match,,,n/a,missing (n/a),,,,n/a,missing (n/a),,,,n/a,missing (n/a),,,Closet,Closet/Unacted,closet/unacted (per play_type),None,None,1613,1613,,,,,1613,1613,,,,,same year,1613,1613,1613,33282,0.30163,0.68379
196,Darius,"Alexander, William",tragedy,britdrama,tragedy,,446,1604,5060.02,deep_id match,,,n/a,missing (n/a),,,,n/a,missing (n/a),,,,n/a,missing (n/a),,,Closet,Closet/Unacted,closet/unacted (per play_type),None,None,1603,1603,,,,,1603 [1602-1603],1603,1602,1603,,,same year,1603,1603,1604,17149,0.20421,0.76599
128,"Dido, Queen of Carthage","Marlowe, Christopher / Nashe, Thomas",tragedy,britdrama,tragedy,tragedy,244,1594,196,deep_id match,,,Children of the Chapel (first) (Oxford's Boys),clear,Children of the Chapel (first) (Oxford's Boys),,,Children of the Chapel (first) (Oxford's Boys),clear,Children of the Chapel (first) (Oxford's Boys),,,Children of the Chapel (first),clear,Children of the Chapel (first),,Boys Professional,Boys Professional,,None,None,1586 [c.1585-1586; possibly 1591],1586,1585,1586,circa-limit,,1588 [1587-1590],1588,1587,1590,,,differ by 2,1594,1594,1594,13539,0.59155,0.40845
205,Doctor Faustus,"Anonymous / Marlowe, Christopher",tragedy,britdrama,tragedy,tragedy,476,1604,369,deep_id match,,,Unknown,unknown,Unknown,,,Admiral's (Nottingham's) Men (by 1594),clear,Admiral's (Nottingham's) Men,(by 1594),,Admiral's (Nottingham's) Men,clear,Admiral's (Nottingham's) Men,,Adult Professional,Adult Professional,,None,None,1592 [1592-1593],1592,1592,1593,,,1588 [1587-1589] [revised 1602],1588,1587,1589,revised,,differ by 4,1604,1604,1604,11247,0.4322,0.5678
39,Ferrex and Porrex (Gorboduc),"Norton, Thomas / Sackville, Thomas",tragedy,britdrama,tragedy,tragedy,68,1565,59,deep_id match,,,n/a,missing (n/a),,,,n/a,missing (n/a),,,,n/a,missing (n/a),,,Inns of Court,University/Inns of Court,,before the Court;Whitehall;,None,1562 [Jan 18],1562,,,month,,1562 [Jan],1562,,,month,,same year,1565,1565,1565,14449,0.23946,0.72545
197,"Hamlet, Prince of Denmark","Shakespeare, William",tragedy,britdrama,tragedy,tragedy,453,1623,5081.32,deep_id match,,,Lord Chamberlain's (Hunsdon's) Men,clear,Lord Chamberlain's (Hunsdon's) Men,,,Lord Chamberlain's (Hunsdon's) Men,clear,Lord Chamberlain's (Hunsdon's) Men,,,None,missing (None),,,Adult Professional,Adult Professional,,None,None,1601 [1600-1601],1601,1600,1601,,,1600 [1600-1602],1600,1600,1602,,,differ by 1,1603,1603,1623,27817,0.25423,0.74577
513,Hannibal and Scipio,"Nabbes, Thomas",tragedy,britdrama,tragedy,tragedy,1044,1637,863,deep_id match,Y,theater,Queen Henrietta Maria's Men,clear,Queen Henrietta Maria's Men,,,Queen Henrietta Maria's Men,clear,Queen Henrietta Maria's Men,,,Queen Henrietta Maria's Men,clear,Queen Henrietta Maria's Men,,Adult Professional,Adult Professional,,Phoenix/Cockpit;Indoor Professional,Indoor,1635,1635,,,,,1635,1635,,,,,same year,1637,1637,1637,15397,0.22491,0.77509
34,Hercules Furens (Mad Hercules) (Seneca's First Tragedy),"Heywood, Jasper / Seneca, Lucius Annaeus",tragedy,annals,tragedy; literary play,tragedy,59,1561,51,deep_id match,,,n/a,missing (n/a),,,,n/a,missing (n/a),,,,n/a,missing (n/a),,,Closet Translation,Translation,closet/unacted (per play_type),None,None,1561,1561,,,,,1561,1561,,,,,same year,1561,1561,1561,14044,0.75057,0.24943
81,Hercules Oetaeus (Hercules on Mount Oeta) (Seneca's Tenth Tragedy),"Seneca, Lucius Annaeus / Studley, John",tragedy,britdrama,tragedy,tragedy,134,1581,5015.10,deep_id match,,,n/a,missing (n/a),,,,n/a,missing (n/a),,,,n/a,missing (n/a),,,Closet Translation,Translation,closet/unacted (per play_type),None,None,1566,1566,,,,,1566 [summer],1566,,,season,,same year,1581,1581,1581,21947,0.84057,0.15943
382,Herod and Antipater,"Markham, Gervase / Sampson, William",tragedy,britdrama,tragedy,tragedy,848,1622,703,deep_id match,,,Red Bull (Revels) Company (first),clear,Red Bull (Revels) Company (first),,,Red Bull (Revels) Company (first),clear,Red Bull (Revels) Company (first),,,Red Bull (Revels) Company (first),clear,Red Bull (Revels) Company (first),,Adult Professional,Adult Professional,,Red Bull;Outdoor Professional,Outdoor,1622 [c.1619-1622],1622,1619,1622,circa-limit,,1619 [1619-1620],1619,1619,1620,,,differ by 3,1622,1622,1622,21708,0.45334,0.54666
80,Hippolytus (Seneca's Fourth Tragedy),"Seneca, Lucius Annaeus / Studley, John",tragedy,britdrama,tragedy,tragedy,133,1581,5015.04,deep_id match,,,n/a,missing (n/a),,,,n/a,missing (n/a),,,,n/a,missing (n/a),,,Closet Translation,Translation,closet/unacted (per play_type),None,None,1567,1567,,,,,1567 [Jan],1567,,,month,,same year,1581,1581,1581,15084,0.27526,0.72474
438,"Hoffman, or A Revenge for a Father","Chettle, Henry",tragedy,britdrama,tragedy,tragedy,951,1631,761,deep_id match,,,Admiral's (Nottingham's) Men,clear,Admiral's (Nottingham's) Men,,,Admiral's (Nottingham's) Men,clear,Admiral's (Nottingham's) Men,,,None,missing (None),,,Adult Professional,Adult Professional,,Phoenix/Cockpit;Indoor Professional,Indoor,"1602 [Dec 29, payment]",1602,,,month payment,,1603 [early],1603,,,season,,differ by 1,1631,1631,1631,19448,0.45948,0.46329
560,Imperiale,"Freeman, Ralph",tragedy,annals,not in BritDrama,tragedy,1106,1639,924,deep_id match,,,not in BritDrama,not in BritDrama,,,,n/a,missing (n/a),,,,n/a,missing (n/a),,,Closet (?),Closet/Unacted,closet/unacted (per play_type),None,None,1639,1639,,,,,not in BritDrama,,,,,not in BritDrama,,1639,1639,1639,14120,0.28576,0.71424
61,Jocasta,"Gascoigne, George / Kinwelmershe, Francis / Yelverton, ChristopherEuripides / Dolce, Lodovico",tragedy,britdrama,tragedy,tragedy,106,1573,5006.02,deep_id match,,,n/a,missing (n/a),,,,n/a,missing (n/a),,,,n/a,missing (n/a),,,Inns of Court; Translation,Translation,,None,None,1566,1566,,,,,1566 [1566-1567],1566,1566,1567,,,same year,1573,1573,1573,21947,0.34187,0.65813
261,Julius Caesar,"Alexander, William",tragedy,britdrama,tragedy,tragedy,611,1607,5061.03,deep_id match,,,n/a,missing (n/a),,,,n/a,missing (n/a),,,,n/a,missing (n/a),,,Closet,Closet/Unacted,closet/unacted (per play_type),None,None,1607,1607,,,,,1607,1607,,,,,same year,1607,1607,1607,24464,0.65541,0.34459
403,Julius Caesar,"Shakespeare, William",tragedy,britdrama,tragedy,tragedy,886,1623,5081.30,deep_id match,,,Lord Chamberlain's (Hunsdon's) Men,clear,Lord Chamberlain's (Hunsdon's) Men,,,Lord Chamberlain's (Hunsdon's) Men,clear,Lord Chamberlain's (Hunsdon's) Men,,,None,missing (None),,,Adult Professional,Adult Professional,,None,None,1599 [1598-1599],1599,1598,1599,,,1599 [Aug-Sep],1599,,,month,,same year,1623,1623,1623,19158,0.5855,0.38819
265,King Lear,"Shakespeare, William",tragedy,britdrama,tragedy,tragedy,623,1608,517,deep_id match,,,King's Men,clear,King's Men,,,King's Men,clear,King's Men,,,King's Men,clear,King's Men,,Adult Professional,Adult Professional,,before the Court;Globe;Whitehall;Outdoor Professional,Outdoor,1605 [1605-1606],1605,1605,1606,,,1605 [1605-1606] [revised early 1610],1605,1605,1606,season revised,,same year,1608,1608,1608,24385,0.22596,0.63199
136,"Locrine, the Eldest Son of King Brutus","S., W.",tragedy,britdrama,tragedy,history;pseudo-history,263,1595,210,deep_id match,,,Unknown,unknown,Unknown,,,Unknown,unknown,Unknown,,,None,missing (None),,,Adult Professional,Adult Professional,,None,None,c.1594,1594,,,circa,,1591 [1590-1594],1591,1590,1594,,,differ by 3,1595,1595,1595,15336,0.37911,0.62089
418,"Lodovic Sforza, Duke of Milan","Gomersall, Robert",tragedy,britdrama,tragedy,tragedy,911,1628,732,deep_id match,,,n/a,missing (n/a),,,,n/a,missing (n/a),,,,n/a,missing (n/a),,,Closet/Unacted (?),Closet/Unacted,closet/unacted (per play_type),None,None,1628 [1622-1628],1628,1622,1628,,,1628 [Feb] [1622-1628],1628,1622,1628,month,,same year,1628,1628,1628,15756,0.59419,0.37586
573,Love's Cruelty,"Shirley, James",tragedy,britdrama,tragedy,tragedy,1126,1640,946,deep_id match,,,Queen Henrietta Maria's Men,clear,Queen Henrietta Maria's Men,,,Queen Henrietta Maria's Men,clear,Queen Henrietta Maria's Men,,,Queen Henrietta Maria's Men,clear,Queen Henrietta Maria's Men,,Adult Professional,Adult Professional,,Phoenix/Cockpit;Indoor Professional,Indoor,"1631 [licensed for stage, Nov 14]",1631,,,month licensed,,1631 [Nov],1631,,,month,,same year,1640,1640,1640,16421,0.69478,0.30522
478,Love's Sacrifice,"Ford, John",tragedy,britdrama,tragedy,tragedy,1001,1633,815,deep_id match,Y,theater,Queen Henrietta Maria's Men,clear,Queen Henrietta Maria's Men,,,Queen Henrietta Maria's Men,clear,Queen Henrietta Maria's Men,,,Queen Henrietta Maria's Men,clear,Queen Henrietta Maria's Men,,Adult Professional,Professional,,Phoenix/Cockpit;Indoor Professional,Indoor,1632 [1632-1633],1632,1632,1633,,,1632 [1626-1633],1632,1626,1633,,,same year,1633,1633,1633,20288,0.70869,0.29131
404,Macbeth,"Shakespeare, William / Middleton, Thomas",tragedy,britdrama,tragedy,tragedy,888,1623,5081.31,deep_id match,,,King's Men,clear,King's Men,,,King's Men,clear,King's Men,,,None,missing (None),,,Adult Professional,Adult Professional,,None,None,1606,1606,,,,,1606 [1606-1611],1606,1606,1611,,,same year,1623,1623,1623,16459,0.2118,0.7882
107,Master Arden of Faversham in Kent,"Anonymous / Kyd, Thomas / Shakespeare, William / Watson, Thomas",tragedy,britdrama,tragedy,tragedy,183,1592,142,deep_id match,,,Pembroke's Men (?),uncertain,Pembroke's Men,(?),,Unknown,unknown,Unknown,,,None,missing (None),,,Adult Professional,Adult Professional,,None,None,1591 [1588-1592],1591,1588,1592,,,1590 [1587-1592],1590,1587,1592,,,differ by 1,1592,1592,1592,19609,0.17568,0.82432
44,Medea (Seneca's Seventh Tragedy),"Seneca, Lucius Annaeus / Studley, John",tragedy,britdrama,tragedy,tragedy,79,1566,69,deep_id match,,,n/a,missing (n/a),,,,n/a,missing (n/a),,,,n/a,missing (n/a),,,Closet Translation,Translation,closet/unacted (per play_type),None,None,1566,1566,,,,,1566 [Jun],1566,,,month,,same year,1566,1566,1566,15253,0.37665,0.5926
578,"Messalina, the Roman Empress","Richards, Nathaniel",tragedy,britdrama,tragedy,tragedy,1131,1640,953,deep_id match,,,King's Revels Company,clear,King's Revels Company,,,King's Revels Company,clear,King's Revels Company,,,King's Revels Company,clear,King's Revels Company,,Adult Professional,Adult Professional,,None,None,1635 [1634-1636],1635,1634,1636,,,1635 [1634-1636],1635,1634,1636,,,same year,1640,1640,1640,15661,0.45591,0.54409
278,Mustapha,"Greville, Fulke",tragedy,britdrama,tragedy,tragedy,656,1633,5101.02,deep_id match,,,n/a,missing (n/a),,,,n/a,missing (n/a),,,,n/a,missing (n/a),,,Closet,Closet/Unacted,closet/unacted (per play_type),None,None,1596 [c.1594-c.1596],1596,1594,1596,circa-limit,,1596 [1594-1600] [revised c. 1607-1610],1596,1594,1600,secondary-dates-ignored revised,,same year,1609,1609,1633,20710,0.69488,0.30512
410,Nero (Piso's Conspiracy),Anonymous,tragedy,britdrama,tragedy,tragedy,899,1624,722,deep_id match,,,Unknown,unknown,Unknown,,,Unknown,unknown,Unknown,,,None,missing (None),,,Unknown; Professional (?); Nonprofessional (?),Unknown,,None,None,1619,1619,,,,,1619 [1605-1623],1619,1605,1623,,,same year,1624,1624,1624,17382,0.60425,0.39575
45,Octavia (Seneca's Ninth Tragedy),"Seneca, Lucius Annaeus / Nuce, ThomasPseudo-Seneca",tragedy,britdrama,tragedy,tragedy,81,1566,70,deep_id match,,,n/a,missing (n/a),,,,n/a,missing (n/a),,,,n/a,missing (n/a),,,Closet Translation,Translation,closet/unacted (per play_type),None,None,1566,1566,,,,,1566 [summer],1566,,,season,,same year,1566,[1566],1566,11508,0.26434,0.73566
36,Oedipus (Seneca's Fifth Tragedy),"Seneca, Lucius Annaeus / Neville, Alexander",tragedy,britdrama,tragedy,tragedy,65,1581,5015.05,deep_id match,,,n/a,missing (n/a),,,,n/a,missing (n/a),,,,n/a,missing (n/a),,,Closet Translation,Translation,closet/unacted (per play_type),None,None,1563,1563,,,,,1560 [1560-1563],1560,1560,1563,,,differ by 3,1563,1563,1581,12868,0.46355,0.53645
485,Orestes,"Goffe, Thomas",tragedy,britdrama,tragedy,tragedy,1008,1633,822,deep_id match,,,n/a,missing (n/a),,,,n/a,missing (n/a),,,,n/a,missing (n/a),,,University,University/Inns of Court,,at University;,None,1617 [c.1613-c.1618],1617,1613,1618,circa-limit,,1620 [1609-1623],1620,1609,1623,,,differ by 3,1633,1633,1633,18601,0.46831,0.53169
379,"Othello, the Moor of Venice","Shakespeare, William",tragedy,britdrama,tragedy,tragedy,839,1623,5081.34,deep_id match,,,King's Men,clear,King's Men,,,King's Men,clear,King's Men,,,None,missing (None),,,Adult Professional,Adult Professional,,None,None,1604 [c.1603-1604],1604,1603,1604,circa-limit,,1604 [1601-1604],1604,1601,1604,,,same year,1622,1622,1623,25772,0.25097,0.74903
143,Romeo and Juliet,"Shakespeare, William",tragedy,britdrama,tragedy,tragedy,294,1623,5081.28,deep_id match,,,Lord Chamberlain's (Hunsdon's) Men,clear,Lord Chamberlain's (Hunsdon's) Men,,,Lord Chamberlain's (Hunsdon's) Men (?),uncertain,Lord Chamberlain's (Hunsdon's) Men,(?),,None,missing (None),,,Adult Professional,Adult Professional,,None,None,1596 [1594-1596],1596,1594,1596,,,1595 [1593-1596],1595,1593,1596,,,differ by 1,1597,1597,1623,23837,0.34908,0.65092
216,Sejanus His Fall,"Jonson, Ben",tragedy,britdrama,tragedy,tragedy,512,1616,5074.11,deep_id match,,,King's Men,clear,King's Men,,,King's Men,clear,King's Men,,,King's Men,clear,King's Men,,Adult Professional,Adult Professional,,None,None,1603,1603,,,,,1603,1603,,,,,same year,1605,1605,1616,25820,0.74919,0.23071
599,"Sicily and Naples, or The Fatal Union","Harding, Samuel",tragedy,annals,not in BritDrama,tragedy,1153,1640,986,deep_id match,,,not in BritDrama,not in BritDrama,,,,n/a,missing (n/a),,,,n/a,missing (n/a),,,University; Unacted,University/Inns of Court,closet/unacted (per play_type),None,None,1640,1640,,,,,not in BritDrama,,,,,not in BritDrama,,1640,1640,1640,18937,0.34235,0.57982
109,Soliman and Perseda (Zulziman),Anonymous,tragedy,britdrama,tragedy,tragedy,188,1592,147,deep_id match,,,Unknown,unknown,Unknown,,,Unknown,unknown,Unknown,,,None,missing (None),,,Adult Professional,Adult Professional,,None,None,1592 [c.1589-1592],1592,1589,1592,circa-limit,,1588 [1588-1589],1588,1588,1589,,,differ by 4,1592,[1592?],1592,17537,0.22877,0.71512
104,Tancred and Gismund (Gismond of Salerne),"Wilmot, Robert / Hatton, Christopher / Noel, HenryAl., G.Stafford, Roderick",tragedy,britdrama,tragedy,tragedy,178,1591,138,deep_id match,,,n/a,missing (n/a),,,,n/a,missing (n/a),,,,n/a,missing (n/a),,,Inns of Court,University/Inns of Court,,before the Court;,None,1567 [1567-1568; revised 1591],1567,1567,1568,revised,,1568 [Apr] [1566 or 1568-1569],1568,1568,1569,month alternative-limits,,differ by 1,1591,1591,1591,14347,0.2434,0.7566
260,The Alexandraean Tragedy,"Alexander, William",tragedy,britdrama,tragedy,tragedy,608,1607,5061.01,deep_id match,,,n/a,missing (n/a),,,,n/a,missing (n/a),,,,n/a,missing (n/a),,,Closet,Closet/Unacted,closet/unacted (per play_type),None,None,1607 [1605-1607],1607,1605,1607,,,1607,1607,,,,,same year,1607,1607,1607,26573,0.16566,0.7969
293,"The Atheist's Tragedy, or The Honest Man's Revenge","Tourneur, Cyril",tragedy,britdrama,tragedy,tragedy,686,1611,565,deep_id match,,,Unknown,unknown,Unknown,,,King's Men (?),uncertain,King's Men,(?),,None,missing (None),,,Adult Professional,Adult Professional,,None,None,1611 [1607-1611],1611,1607,1611,,,1610 [1610-1611],1610,1610,1611,,,differ by 1,1611,1611,1611,20169,0.29149,0.70851
127,The Battle of Alcazar,"Peele, George",tragedy,britdrama,tragedy,history;foreign history,243,1594,195,deep_id match,,,Unknown,unknown,Unknown,,,Admiral's (Nottingham's) Men (by 1594),clear,Admiral's (Nottingham's) Men,(by 1594),,Admiral's (Nottingham's) Men,clear,Admiral's (Nottingham's) Men,,Adult Professional,Adult Professional,,None,None,1589 [1588-1589],1589,1588,1589,,,1588 [1588-1589],1588,1588,1589,,,differ by 1,1594,1594,1594,10855,0.13883,0.86117
567,The Bloody Banquet,"Dekker, Thomas / Middleton, Thomas",tragedy,britdrama,tragedy,tragedy,1117,1639,938,deep_id match,,,Queen Anne's Men (?),uncertain,Queen Anne's Men,(?),,Beeston's Boys (?),uncertain,Beeston's Boys,(?),,None,missing (None),,,Boys Professional,Boys Professional,,None,None,1639 [c.1617-1639],1639,1617,1639,circa-limit,,1610 [1605-1613(?)],1610,1605,1613,queried-limit,,differ by 29,1639,1639,1639,14105,0.25395,0.64155
565,"The Bloody Brother (Rollo, Duke of Normandy)","Fletcher, John / Field, Nathan / Massinger, Philip",tragedy,britdrama,tragedy,tragedy,1114,1639,935,deep_id match,,,King's Men,clear,King's Men,,,King's Men (?),uncertain,King's Men,(?),,None,missing (None),,,Adult Professional,Adult Professional,,None,None,1617 [revised 1627-1630],1617,,,secondary-dates-ignored revised,,1617 [1617-1620],1617,1617,1620,,,same year,1639,1639,1639,19108,0.43401,0.56599
480,The Broken Heart,"Ford, John",tragedy,britdrama,tragedy,tragedy,1003,1633,817,deep_id match,Y,theater,King's Men,clear,King's Men,,,King's Men,clear,King's Men,,,King's Men,clear,King's Men,,Adult Professional,Professional,,Blackfriars;Indoor Professional,Indoor,1630 [c.1630-1633],1630,1630,1633,circa-limit,,1629 [1625-1633],1629,1625,1633,,,differ by 1,1633,1633,1633,18737,0.21129,0.6856
537,The Conspiracy (Pallantus and Eudora),"Killigrew, Henry",tragedy,britdrama,tragedy,tragicomedy,1073,1638,893,deep_id match,,,King's Men,clear,King's Men,,,"Private, then King's Men",multiple (then),"Private, then King's Men",,Private | King's Men,None,missing (None),,,Private; Adult Professional,Adult Professional,,None,None,1635 [Jan 8(?)],1635,,,month queried-bracket,,1635 [Jan],1635,,,month,,same year,1638,1638,1638,31287,0.22364,0.74376
458,"The Courageous Turk, or Amurath the First","Goffe, Thomas",tragedy,britdrama,tragedy,tragedy,975,1632,787,deep_id match,,,n/a,missing (n/a),,,,n/a,missing (n/a),,,,n/a,missing (n/a),,,University,University/Inns of Court,,at University;,None,1619 [Feb 24],1619,,,month,,1619 [Feb],1619,,,month,,same year,1632,1632,1632,14483,0.4787,0.5213
427,The Cruel Brother,"Davenant, William",tragedy,britdrama,tragedy,tragedy,926,1630,748,deep_id match,,,King's Men,clear,King's Men,,,King's Men,clear,King's Men,,,King's Men,clear,King's Men,,Adult Professional,Adult Professional,,Blackfriars;Indoor Professional,Indoor,"1627 [licensed for stage, Jan 12]",1627,,,month licensed,,1627 [Jan],1627,,,month,,same year,1630,1630,1630,17308,0.53992,0.43321
180,"The Death of Robert, Earl of Huntingdon (2 Robin Hood)","Munday, Anthony / Chettle, Henry",tragedy,britdrama,tragedy,history,411,1601,319,deep_id match,,,Admiral's (Nottingham's) Men,clear,Admiral's (Nottingham's) Men,,,Admiral's (Nottingham's) Men,clear,Admiral's (Nottingham's) Men,,,Admiral's (Nottingham's) Men,clear,Admiral's (Nottingham's) Men,,Adult Professional,Adult Professional,,None,None,"1598 [Feb 20-Mar 8, payment]",1598,,,month payment,,1598 [Mar],1598,,,month,,same year,1601,1601,1601,21783,0.11087,0.8671
254,"The Devil's Charter, or Pope Alexander the Sixth","Barnes, Barnabe",tragedy,britdrama,tragedy,tragedy,595,1607,493,deep_id match,,,King's Men,clear,King's Men,,,King's Men,clear,King's Men,,,King's Men,clear,King's Men,,Adult Professional,Adult Professional,,before the Court;,None,1606,1606,,,,,1606 [1599-1607],1606,1599,1607,,,same year,1607,1607,1607,22118,0.40053,0.59947
389,The Duchess of Malfi,"Webster, John",tragedy,britdrama,tragedy,tragedy,858,1623,714,deep_id match,,,King's Men,clear,King's Men,,,King's Men,clear,King's Men,,,King's Men,clear,King's Men,,Adult Professional,Adult Professional,,Blackfriars;Globe;Indoor Professional;Outdoor Professional,Both Indoor and Outdoor,1614 [1612-1614; revised 1617-23(?)],1614,1612,1614,revised queried-bracket,,1613 [1612-1614],1613,1612,1614,,,differ by 1,1623,1623,1623,23205,0.6368,0.3632
386,The Duke of Milan,"Massinger, Philip",tragedy,britdrama,tragedy,tragedy,854,1623,710,deep_id match,,,King's Men,clear,King's Men,,,King's Men,clear,King's Men,,,King's Men,clear,King's Men,,Adult Professional,Adult Professional,,Blackfriars;Indoor Professional,Indoor,1621 [1621-1623],1621,1621,1623,,,1621 [1621-1622],1621,1621,1622,,,same year,1623,1623,1623,20731,0.61102,0.38898
464,The Fatal Dowry,"Field, Nathan / Massinger, Philip",tragedy,britdrama,tragedy,tragedy,982,1632,794,deep_id match,,,King's Men,clear,King's Men,,,King's Men,clear,King's Men,,,King's Men,clear,King's Men,,Adult Professional,Adult Professional,,Blackfriars;Indoor Professional,Indoor,1619 [1617-1619],1619,1617,1619,,,1619 [1616-1620],1619,1616,1620,,,same year,1632,1632,1632,20596,0.28253,0.71747
315,The Insatiate Countess,"Marston, John / Machin, Lewis / Barkstead, William",tragedy,britdrama,tragedy,tragedy,721,1613,599,deep_id match,,title_page_company_display,Children of the Queen's Revels (?); Children of the King's Revels (?),multiple (;),Children of the Queen's Revels; Children of the King's Revels,(?) (?),Children of the Queen's Revels | Children of the King's Revels,Children of the Queen's Revels,clear,Children of the Queen's Revels,,,None,missing (None),,,Boys Professional,Boys Professional,,Whitefriars;Indoor Professional,Indoor,1607 [c.1607-1608; revised 1609-1613],1607,1607,1608,circa-limit secondary-dates-ignored revised,,1610 [1608-1613],1610,1608,1613,,,differ by 3,1613,1613,1613,19879,0.29664,0.67906
48,The Interlude of Vice (Orestes),"Pickering, John",tragedy,britdrama,tragedy,morality;interlude,85,1567,74,deep_id match,,,n/a,missing (n/a),,,,n/a,missing (n/a),,,,n/a,missing (n/a),,,Interlude,Interlude,,None,None,1567,1567,,,,,1567 [1559-1567],1567,1559,1567,,,same year,1567,1567,1567,11992,0.29361,0.70639
475,The Jew of Malta,"Marlowe, Christopher",tragedy,britdrama,tragedy,tragedy,998,1633,812,deep_id match,,,Unknown,unknown,Unknown,,,Derby's (Strange's) Men (by 1592),clear,Derby's (Strange's) Men,(by 1592),,Queen Henrietta Maria's Men,clear,Queen Henrietta Maria's Men,,Adult Professional,Adult Professional,,before the Court;Phoenix/Cockpit;Whitehall;Indoor Professional,Indoor,1589 [c.1589-1590],1589,1589,1590,circa-limit,,1589 [1589-1590],1589,1589,1590,,,same year,1633,1633,1633,18305,0.32603,0.67397
562,The Maid's Revenge,"Shirley, James",tragedy,britdrama,tragedy,tragedy,1111,1639,931,deep_id match,,,Queen Henrietta Maria's Men,clear,Queen Henrietta Maria's Men,,,Queen Henrietta Maria's Men,clear,Queen Henrietta Maria's Men,,,Queen Henrietta Maria's Men,clear,Queen Henrietta Maria's Men,,Adult Professional,Adult Professional,,Phoenix/Cockpit;Indoor Professional,Indoor,"1626 [licensed for stage, Feb 9]",1626,,,month licensed,,1626 [Feb],1626,,,month,,same year,1639,1639,1639,17416,0.46044,0.53956
357,The Maid's Tragedy,"Beaumont, Francis / Fletcher, John",tragedy,britdrama,tragedy,tragedy,800,1619,660,deep_id match,,,King's Men,clear,King's Men,,,King's Men,clear,King's Men,,,King's Men,clear,King's Men,,Adult Professional,Adult Professional,,Blackfriars;Indoor Professional,Indoor,1610 [c.1610-1611],1610,1610,1611,circa-limit,,1611 [1610-1611],1611,1610,1611,,,differ by 1,1619,1619,1619,20954,0.36141,0.61544
133,The Massacre at Paris,"Marlowe, Christopher",tragedy,britdrama,tragedy,history;foreign history,260,1596,207,deep_id match,,,Derby's (Strange's) Men,clear,Derby's (Strange's) Men,,,Derby's (Strange's) Men,clear,Derby's (Strange's) Men,,,Admiral's (Nottingham's) Men,clear,Admiral's (Nottingham's) Men,,Adult Professional,Adult Professional,,None,None,1593 [Jan 26; Jan 30],1593,,,month,,1593 [Jan] [1589-1593],1593,1589,1593,month,,same year,1596,[1596],1596,9614,0.20637,0.79363
249,The Miseries of Enforced Marriage,"Wilkins, George",tragedy,britdrama,tragedy,domestic drama,586,1607,484,deep_id match,,,King's Men,clear,King's Men,,,King's Men,clear,King's Men,,,King's Men,clear,King's Men,,Adult Professional,Adult Professional,,None,None,1606 [1605-1606],1606,1605,1606,,,1606 [1605-1607],1606,1605,1607,,,same year,1607,1607,1607,23503,0.38055,0.60005
89,The Misfortunes of Arthur (Certain Devices and Shows Presented to Her Majesty),"Hughes, Thomas / Fulbecke, William",tragedy,britdrama,tragedy,tragedy,150,1587,124,deep_id match,,,n/a,missing (n/a),,,,n/a,missing (n/a),,,,n/a,missing (n/a),,,Inns of Court,University/Inns of Court,,before the Court;,None,1588 [Feb 28],1588,,,month,,1588 [Feb],1588,,,month,,same year,1587,1587,1587,17368,0.25535,0.74465
490,"The Noble Spanish Soldier (The Noble Soldier, or A Contract Broken Justly Revenged)","Dekker, Thomas",tragedy,britdrama,tragedy,history;pseudo-history;foreign history,1016,1634,832,deep_id match,,,Unknown,unknown,Unknown,,,Admiral's (Nottingham's) Men (?),uncertain,Admiral's (Nottingham's) Men,(?),,None,missing (None),,,Adult Professional,Adult Professional,,None,None,1622,1622,,,,,1622 [1621-1631],1622,1621,1631,,,same year,1634,1634,1634,13587,0.44366,0.55634
569,The Phoenix in Her Flames,"Lower, William",tragedy,annals,not in BritDrama,tragedy,1120,1639,941,deep_id match,,,not in BritDrama,not in BritDrama,,,,Unacted (?),unacted,Unacted,(?),,None,missing (None),,,Unacted (?); Professional (?),Professional,closet/unacted (per play_type),None,None,1639 [c.1622-1639],1639,1622,1639,circa-limit,,not in BritDrama,,,,,not in BritDrama,,1639,1639,1639,22829,0.60414,0.37369
447,"The Raging Turk, or Bajazet the Second","Goffe, Thomas",tragedy,britdrama,tragedy,tragedy,961,1631,775,deep_id match,,,n/a,missing (n/a),,,,n/a,missing (n/a),,,,n/a,missing (n/a),,,University,University/Inns of Court,,at University;,None,1618 [c.1613-c.1618],1618,1613,1618,circa-limit,,1617 [1613-1618(?)],1617,1613,1618,queried-limit,,differ by 1,1631,1631,1631,25621,0.20128,0.79872
273,The Rape of Lucrece,"Heywood, Thomas",tragedy,britdrama,tragedy,tragedy,642,1608,525,deep_id match,,,Queen Anne's Men,clear,Queen Anne's Men,,,Queen Anne's Men,clear,Queen Anne's Men,,,Queen Anne's Men,clear,Queen Anne's Men,,Adult Professional,Adult Professional,,Red Bull;Outdoor Professional,Outdoor,1607 [1606-1608],1607,1606,1608,,,1607 [1607-1608],1607,1607,1608,,,same year,1608,1608,1608,19668,0.446,0.50285
582,The Rebellion,"Rawlins, Thomas",tragedy,britdrama,tragedy,tragedy,1135,1640,964,deep_id match,,,King's Revels Company,clear,King's Revels Company,,,King's Revels Company,clear,King's Revels Company,,,King's Revels Company,clear,King's Revels Company,,Adult Professional,Adult Professional,,None,None,1638 [1637-1639],1638,1637,1639,,,1633 [1629-1636],1633,1629,1636,,,differ by 5,1640,1640,1640,15822,0.16003,0.83997
307,The Revenge of Bussy D'Ambois,"Chapman, George",tragedy,britdrama,tragedy,tragedy,710,1613,585,deep_id match,,,Children of the Queen's Revels,clear,Children of the Queen's Revels,,,Children of the Queen's Revels,clear,Children of the Queen's Revels,,,None,missing (None),,,Boys Professional,Boys Professional,,Whitefriars;Indoor Professional,Indoor,1610 [c.1610-1611],1610,1610,1611,circa-limit,,1610 [1609-1612],1610,1609,1612,,,same year,1613,1613,1613,19449,0.38712,0.61288
253,The Revenger's Tragedy,"Middleton, Thomas",tragedy,britdrama,tragedy,tragedy,594,1607,491,deep_id match,,,King's Men,clear,King's Men,,,King's Men,clear,King's Men,,,King's Men,clear,King's Men,,Adult Professional,Adult Professional,,None,None,1606 [1605-1606],1606,1605,1606,,,1606 [1604-1607],1606,1604,1607,,,same year,1607,1607,1607,19582,0.72204,0.27796
110,The Spanish Tragedy (Hieronimo is Mad Again),"Kyd, Thomas",tragedy,britdrama,tragedy,tragedy,190,1592,150,deep_id match,,,Unknown,unknown,Unknown,,,Derby's (Strange's) Men,clear,Derby's (Strange's) Men,,,None,missing (None),,,Adult Professional,Adult Professional,,None,None,1587 [1585-1589; revised c.1597(?) and 1601-2],1587,1585,1589,revised,,1587 [1585-1591],1587,1585,1591,,,same year,1592,[1592],1592,20651,0.24202,0.75798
275,The Tragedy of Charles Duke of Byron,"Chapman, George",tragedy,britdrama,tragedy,tragedy,649,1608,5069.02,deep_id match,,,Children of the Queen's Revels,clear,Children of the Queen's Revels,,,Children of the Queen's Revels,clear,Children of the Queen's Revels,,,None,missing (None),,,Boys Professional,Boys Professional,,None,None,1608 [1607-1608],1608,1607,1608,,,1608 [1607-1608],1608,1607,1608,,,same year,1608,1608,1608,18386,0.44958,0.49402
498,The Traitor,"Shirley, James",tragedy,britdrama,tragedy,tragedy,1027,1635,842,deep_id match,,,Queen Henrietta Maria's Men,clear,Queen Henrietta Maria's Men,,,Queen Henrietta Maria's Men,clear,Queen Henrietta Maria's Men,,,Queen Henrietta Maria's Men,clear,Queen Henrietta Maria's Men,,Adult Professional,Adult Professional,,None,None,"1631 [licensed for stage, May 4]",1631,,,month licensed,,1631 [May],1631,,,month,,same year,1635,1635,1635,18908,0.65988,0.34012
286,The Turk (Muleasses the Turk),"Mason, John",tragedy,britdrama,tragedy,tragedy,673,1610,553,deep_id match,,,Children of the King's Revels,clear,Children of the King's Revels,,,Children of the King's Revels,clear,Children of the King's Revels,,,Children of the King's Revels,clear,Children of the King's Revels,,Boys Professional,Boys Professional,,None,None,1607 [1607-1608],1607,1607,1608,,,1607 [1607-1608],1607,1607,1608,,,same year,1610,1610,1610,17080,0.32547,0.67453
559,The Unnatural Combat,"Massinger, Philip",tragedy,britdrama,tragedy,tragedy,1105,1639,923,deep_id match,,,King's Men,clear,King's Men,,,King's Men,clear,King's Men,,,King's Men,clear,King's Men,,Adult Professional,Adult Professional,,Globe;Outdoor Professional,Outdoor,1624 [1624-1625],1624,1624,1625,,,1626 [summer] [1623-1639],1626,1623,1639,season,,differ by 2,1639,1639,1639,18434,0.22182,0.77818
380,The Virgin Martyr,"Dekker, Thomas / Massinger, Philip",tragedy,britdrama,tragedy,tragedy,843,1622,698,deep_id match,,,Red Bull (Revels) Company (first),clear,Red Bull (Revels) Company (first),,,Red Bull (Revels) Company (first),clear,Red Bull (Revels) Company (first),,,Red Bull (Revels) Company (first),clear,Red Bull (Revels) Company (first),,Adult Professional,Adult Professional,,None,None,"1620 [licensed for stage, Oct 6; revised and re-licensed for stage, Jul 7, 1624]",1620,,,month licensed revised,,1620 [Oct],1620,,,month,,same year,1622,1622,1622,21041,0.3948,0.6052
510,"The Vow Breaker, or The Fair Maid of Clifton","Sampson, William",tragedy,britdrama,tragedy,history;tragedy,1041,1636,859,deep_id match,,,n/a,missing (n/a),,,,n/a,missing (n/a),,,,n/a,missing (n/a),,,Nonprofessional (?),Nonprofessional,,None,None,1625 [1625(?)-1636],1625,1625,1636,queried-limit,,1628 [c.1628-1636],1628,1628,1636,circa-limit,,differ by 3,1636,1636,1636,17610,0.47172,0.47263
131,"The Wars of Cyrus, King of Persia",Anonymous,tragedy,britdrama,tragedy,history,250,1594,205,deep_id match,,,Children of the Chapel (first) (Oxford's Boys),clear,Children of the Chapel (first) (Oxford's Boys),,,Children of the Chapel (first) (Oxford's Boys),clear,Children of the Chapel (first) (Oxford's Boys),,,Children of the Chapel (first),clear,Children of the Chapel (first),,Boys Professional,Boys Professional,,None,None,1588 [1587-1594],1588,1587,1594,,,1588 [1587-1590],1588,1587,1590,,,same year,1594,1594,1594,12903,0.80896,0.19104
306,The White Devil (Vittoria Corombona),"Webster, John",tragedy,britdrama,tragedy,tragedy,708,1612,583,deep_id match,,,Queen Anne's Men,clear,Queen Anne's Men,,,Queen Anne's Men,clear,Queen Anne's Men,,,Queen Anne's Men,clear,Queen Anne's Men,,Adult Professional,Adult Professional,,None,None,1612 [Winter 1612-1613],1612,1612,1613,season,,1612 [1611-1612],1612,1611,1612,,,same year,1612,1612,1612,24108,0.67227,0.32773
231,"The Wonder of Women, or Sophonisba","Marston, John",tragedy,britdrama,tragedy,tragedy,544,1606,428,deep_id match,,theater,Children of the Queen's Revels,clear,Children of the Queen's Revels,,,Children of the Queen's Revels,clear,Children of the Queen's Revels,,,None,missing (None),,,Boys Professional,Boys Professional,,Blackfriars;Indoor Professional,Indoor,1605 [1605-1606],1605,1605,1606,,,1605 [1605-1606],1605,1605,1606,,,same year,1606,1606,1606,12645,0.19518,0.80482
122,"The Wounds of Civil War, or Marius and Scilla","Lodge, Thomas",tragedy,britdrama,tragedy,history,235,1594,188,deep_id match,,,Admiral's (Nottingham's) Men,clear,Admiral's (Nottingham's) Men,,,Admiral's (Nottingham's) Men (by 1594),clear,Admiral's (Nottingham's) Men,(by 1594),,Admiral's (Nottingham's) Men,clear,Admiral's (Nottingham's) Men,,Adult Professional,Adult Professional,,None,None,1588 [1586-1591],1588,1586,1591,,,1588 [1587-1588],1588,1587,1588,,,same year,1594,1594,1594,19300,0.83674,0.16326
79,Thebais (Seneca's Third Tragedy),"Seneca, Lucius Annaeus / Newton, Thomas",tragedy,britdrama,tragedy,tragedy,132,1581,5015.03,deep_id match,,,n/a,missing (n/a),,,,n/a,missing (n/a),,,,n/a,missing (n/a),,,Closet Translation,Translation,closet/unacted (per play_type),None,None,1581,1581,,,,,1581,1581,,,,,same year,1581,1581,1581,11535,0.44352,0.55648
368,Thierry and Theodoret,"Anonymous / Fletcher, John / Massinger, Philip",tragedy,britdrama,tragedy,tragedy,826,1621,691,deep_id match,,,King's Men,clear,King's Men,,,King's Men,clear,King's Men,,,King's Men,clear,King's Men,,Adult Professional,Adult Professional,,Blackfriars;Indoor Professional,Indoor,1617 [1613-1621],1617,1613,1621,,,1617 [1613-1621],1617,1613,1621,,,same year,1621,1621,1621,19106,0.26772,0.62813
29,Thyestes (Seneca's Second Tragedy),"Heywood, Jasper / Seneca, Lucius Annaeus",tragedy,britdrama,tragedy,tragedy,50,1560,43,deep_id match,,,n/a,missing (n/a),,,,n/a,missing (n/a),,,,n/a,missing (n/a),,,Closet Translation,Translation,closet/unacted (per play_type),None,None,1560,1560,,,,,1560 [Mar],1560,,,month,,same year,1560,1560,1560,12280,0.4605,0.5395
402,Timon of Athens,"Shakespeare, William / Middleton, Thomas",tragedy,britdrama,tragedy,tragedy,884,1623,5081.29,deep_id match,,,King's Men,clear,King's Men,,,Unacted (?),unacted,Unacted,(?),,None,missing (None),,,Adult Professional,Adult Professional,,None,None,1607 [c.1606-c.1608],1607,1606,1608,circa-limit,,1607 [1605-1608],1607,1605,1608,,,same year,1623,1623,1623,17621,0.22939,0.7133
117,Titus Andronicus,"Peele, George / Shakespeare, William",tragedy,britdrama,tragedy,tragedy,211,1594,171,deep_id match,,,Pembroke's Men (?),uncertain,Pembroke's Men,(?),,Pembroke's Men; Sussex's Men,multiple (;),Pembroke's Men; Sussex's Men,,Pembroke's Men | Sussex's Men,Derby's (Strange's) Men; Pembroke's Men; Sussex's Men,multiple (;),Derby's (Strange's) Men; Pembroke's Men; Sussex's Men,Derby's (Strange's) Men | Pembroke's Men | Sussex's Men,Adult Professional,Adult Professional,,None,None,1594 [Jan 23 (24); poss. written 1590-1592],1594,,,secondary-dates-ignored month,,1592 [1584-1594],1592,1584,1594,,,differ by 2,1594,1594,1594,19208,0.39192,0.60808
28,Troas (Seneca's Sixth Tragedy),"Heywood, Jasper / Seneca, Lucius Annaeus",tragedy,britdrama,tragedy,tragedy,49,1581,5015.06,deep_id match,,,n/a,missing (n/a),,,,n/a,missing (n/a),,,,n/a,missing (n/a),,,Closet Translation,Translation,closet/unacted (per play_type),None,None,1559,1559,,,,,1558,1558,,,,,differ by 1,1559,1559,1581,13839,0.96271,0.03729
279,Troilus and Cressida,"Shakespeare, William",tragedy,britdrama,tragedy,tragedy,658,1623,5081.25,deep_id match,,,Lord Chamberlain's (Hunsdon's) Men,clear,Lord Chamberlain's (Hunsdon's) Men,,,Lord Chamberlain's (Hunsdon's) Men,clear,Lord Chamberlain's (Hunsdon's) Men,,,None,missing (None),,,Adult Professional,Adult Professional,,None,None,1602 [1602-1603],1602,1602,1603,,,1602 [1601-1603],1602,1601,1603,,,same year,1609,1609,1623,25558,0.71434,0.24728
182,Two Lamentable Tragedies,"Yarington, Robert",tragedy,britdrama,tragedy,tragedy,415,1601,322,deep_id match,,,Unknown,unknown,Unknown,,,Admiral's (Nottingham's) Men (?),uncertain,Admiral's (Nottingham's) Men,(?),,None,missing (None),,,Adult Professional,Adult Professional,,None,None,1594 [1594-c.1598],1594,1594,1598,circa-limit,,1595 [1594-1598],1595,1594,1598,,,differ by 1,1601,1601,1601,18140,0.37767,0.48655
525,1 The Cid (The Valiant Cid),"Rutter, Joseph / Corneille, Pierre",tragicomedy,annals,not in BritDrama,tragicomedy,1059,1637,878,deep_id match,,,not in BritDrama,not in BritDrama,,,,Beeston's Boys,clear,Beeston's Boys,,,Beeston's Boys,clear,Beeston's Boys,,Boys Professional; Translation,Boys Professional,,before the Court;Phoenix/Cockpit;Indoor Professional,Indoor,1637 [1637-1638],1637,1637,1638,,,not in BritDrama,,,,,not in BritDrama,,1637,1637,1637,13419,0.4826,0.5174
596,2 The Cid,"Rutter, Joseph / Desfontaines, Nicolas-Marc",tragicomedy,annals,not in BritDrama,tragicomedy,1150,1640,983,deep_id match,,,not in BritDrama,not in BritDrama,,,,Unacted (?),unacted,Unacted,(?),,None,missing (None),,,Closet/Unacted (?); Professional (?); Nonprofessional (?),Nonprofessional,closet/unacted (per play_type),None,None,1638 [1637-1639],1638,1637,1639,,,not in BritDrama,,,,,not in BritDrama,,1640,1640,1640,11642,0.08787,0.91213
509,A Challenge for Beauty,"Heywood, Thomas",tragicomedy,britdrama,tragicomedy,tragicomedy,1040,1636,858,deep_id match,,,King's Men,clear,King's Men,,,King's Men,clear,King's Men,,,King's Men,clear,King's Men,,Adult Professional,Adult Professional,,Blackfriars;Globe;Indoor Professional;Outdoor Professional,Both Indoor and Outdoor,1635 [1634-1636],1635,1634,1636,,,1634 [1634-1636],1634,1634,1636,,,differ by 1,1636,1636,1636,17741,0.30173,0.69827
360,A King and No King,"Beaumont, Francis / Fletcher, John",tragicomedy,britdrama,tragicomedy,tragicomedy,808,1619,670,deep_id match,,,King's Men,clear,King's Men,,,King's Men,clear,King's Men,,,King's Men,clear,King's Men,,Adult Professional,Adult Professional,,Globe;Outdoor Professional,Outdoor,1611,1611,,,,,1611,1611,,,,,same year,1619,1619,1619,24008,0.30631,0.67519
139,A Knack to Know an Honest Man,Anonymous,tragicomedy,britdrama,tragicomedy,tragicomedy,270,1596,214,deep_id match,,,Admiral's (Nottingham's) Men,clear,Admiral's (Nottingham's) Men,,,Admiral's (Nottingham's) Men,clear,Admiral's (Nottingham's) Men,,,None,missing (None),,,Adult Professional,Adult Professional,,None,None,1594 [Oct 23],1594,,,month,,1594 [Oct],1594,,,month,,same year,1596,1596,1596,12840,0.46028,0.53972
501,"Adrasta, or The Woman's Spleen and Love's Conquest","Jones, John",tragicomedy,britdrama,tragicomedy,tragicomedy,1030,1635,845,deep_id match,,,n/a,missing (n/a),,,,n/a,missing (n/a),,,,n/a,missing (n/a),,,Closet/Unacted,Closet/Unacted,closet/unacted (per play_type),None,None,1635,1635,,,,,1635,1635,,,,,same year,1635,1635,1635,23083,0.57389,0.42611
395,All's Well That Ends Well,"Shakespeare, William / Middleton, Thomas",tragicomedy,britdrama,tragicomedy,comedy,870,1623,5081.12,deep_id match,,,King's Men,clear,King's Men,,,Lord Chamberlain's (Hunsdon's) Men,clear,Lord Chamberlain's (Hunsdon's) Men,,,None,missing (None),,,Adult Professional,Adult Professional,,None,None,1603 [1603-1604],1603,1603,1604,,,1605 [c.1601-1608],1605,1601,1608,circa-limit,,differ by 2,1623,1623,1623,22560,0.48072,0.49699
440,Match Me in London,"Dekker, Thomas",tragicomedy,britdrama,tragicomedy,tragicomedy,953,1631,764,deep_id match,,,Red Bull (Revels) Company (first),clear,Red Bull (Revels) Company (first),,,Queen Anne's Men (?),uncertain,Queen Anne's Men,(?),,None,missing (None),,,Adult Professional,Adult Professional,,Red Bull;Phoenix/Cockpit;Indoor Professional;Outdoor Professional,Both Indoor and Outdoor,"1611 [c.1611-c.1613; re-licensed for stage, Aug 21, 1623]",1611,1611,1613,circa-limit month licensed,,1621 [1621-1622],1621,1621,1622,,,differ by 10,1631,1631,1631,17652,0.30648,0.69352
392,Measure for Measure,"Shakespeare, William / Middleton, Thomas",tragicomedy,britdrama,tragicomedy,comedy,864,1623,5081.04,deep_id match,,,King's Men,clear,King's Men,,,King's Men,clear,King's Men,,,None,missing (None),,,Adult Professional,Adult Professional,,None,None,1604,1604,,,,,1603 [1603-1604],1603,1603,1604,,,differ by 1,1623,1623,1623,21307,0.74393,0.25607
363,"Philaster, or Love Lies a-Bleeding","Beaumont, Francis / Fletcher, John",tragicomedy,britdrama,tragicomedy,tragicomedy,815,1620,678,deep_id match,,,King's Men,clear,King's Men,,,King's Men,clear,King's Men,,,King's Men,clear,King's Men,,Adult Professional,Adult Professional,,Globe;Outdoor Professional,Outdoor,1609 [May(?)],1609,,,month queried-bracket,,1609 [1608-1610],1609,1608,1610,,,same year,1620,1620,1620,19550,0.329,0.671
583,The Arcadia,"Shirley, James",tragicomedy,annals,pastoral; romance,tragicomedy,1136,1640,966,deep_id match,,,Queen Henrietta Maria's Men,clear,Queen Henrietta Maria's Men,,,Queen Henrietta Maria's Men,clear,Queen Henrietta Maria's Men,,,Queen Henrietta Maria's Men,clear,Queen Henrietta Maria's Men,,Adult Professional,Adult Professional,,Phoenix/Cockpit;Indoor Professional,Indoor,1640,1640,,,,,1635 [summer] [1630-1636],1635,1630,1636,season,,differ by 5,1640,1640,1640,17530,0.25003,0.74997
408,The Bondman (The Noble Bondman),"Massinger, Philip",tragicomedy,britdrama,tragicomedy,tragicomedy,896,1624,718,deep_id match,,,Lady Elizabeth's Men,clear,Lady Elizabeth's Men,,,Lady Elizabeth's Men,clear,Lady Elizabeth's Men,,,Lady Elizabeth's Men,clear,Lady Elizabeth's Men,,Adult Professional,Adult Professional,,Phoenix/Cockpit;Indoor Professional,Indoor,"1623 [licensed for stage, Dec 3]",1623,,,month licensed,,1623 [Dec],1623,,,month,,same year,1624,1624,1624,19761,0.10151,0.84773
572,The Coronation,"Shirley, James",tragicomedy,britdrama,tragicomedy,comedy,1125,1640,945,deep_id match,,,Queen Henrietta Maria's Men,clear,Queen Henrietta Maria's Men,,,Queen Henrietta Maria's Men,clear,Queen Henrietta Maria's Men,,,Queen Henrietta Maria's Men,clear,Queen Henrietta Maria's Men,,Adult Professional,Adult Professional,,Phoenix/Cockpit;Indoor Professional,Indoor,"1635 [licensed for stage, Feb 6]",1635,,,month licensed,,1635 [Feb],1635,,,month,,same year,1640,1640,1640,16330,0.12217,0.87783
423,The Deserving Favorite,"Carlell, Lodowick",tragicomedy,britdrama,tragicomedy,tragicomedy,917,1629,738,deep_id match,,,King's Men,clear,King's Men,,,King's Men,clear,King's Men,,,King's Men,clear,King's Men,,Adult Professional,Adult Professional,,before the Court;Blackfriars;Indoor Professional,Indoor,1629 [c.1622-1629],1629,1622,1629,circa-limit,,1629 [1625-1629],1629,1625,1629,,,same year,1629,1629,1629,25785,0.55451,0.44549
388,The Devil's Law Case (When Women Go to Law the Devil Is Full of Business),"Webster, John",tragicomedy,britdrama,tragicomedy,tragicomedy,857,1623,713,deep_id match,,,Queen Anne's Men,clear,Queen Anne's Men,,,Queen Anne's Men,clear,Queen Anne's Men,,,Queen Anne's Men,clear,Queen Anne's Men,,Adult Professional,Adult Professional,,None,None,1619 [1617-1621],1619,1617,1621,,,1618 [1617-1619],1618,1617,1619,,,differ by 1,1623,1623,1623,22447,0.42286,0.57714
277,The Dumb Knight,"Markham, Gervase / Machin, Lewis",tragicomedy,britdrama,tragicomedy,comedy,653,1608,532,deep_id match,,,Children of the King's Revels,clear,Children of the King's Revels,,,Children of the King's Revels,clear,Children of the King's Revels,,,Children of the King's Revels,clear,Children of the King's Revels,,Boys Professional,Boys Professional,,None,None,1608 [1607-1608],1608,1607,1608,,,1607 [1607-1608],1607,1607,1608,,,differ by 1,1608,1608,1608,18184,0.19044,0.78212
459,The Emperor of the East,"Massinger, Philip",tragicomedy,britdrama,tragicomedy,tragicomedy,977,1632,788,deep_id match,,,King's Men,clear,King's Men,,,King's Men,clear,King's Men,,,King's Men,clear,King's Men,,Adult Professional,Adult Professional,,Blackfriars;Globe;Indoor Professional;Outdoor Professional,Both Indoor and Outdoor,"1631 [licensed for stage, Mar 11]",1631,,,month licensed,,1631 [Mar],1631,,,month,,same year,1632,1632,1632,19594,0.22844,0.77156
484,The English Traveller,"Heywood, Thomas",tragicomedy,britdrama,tragicomedy,tragicomedy,1007,1633,821,deep_id match,,,Lady Elizabeth's Men,clear,Lady Elizabeth's Men,,,Queen Henrietta Maria's Men,clear,Queen Henrietta Maria's Men,,,Queen Henrietta Maria's Men,clear,Queen Henrietta Maria's Men,,Adult Professional,Adult Professional,,Phoenix/Cockpit;Indoor Professional,Indoor,c.1627,1627,,,circa,,1624 [1623-1624],1624,1623,1624,,,differ by 3,1633,1633,1633,20731,0.1888,0.74049
211,The Fair Maid of Bristol,Anonymous,tragicomedy,britdrama,tragicomedy,comedy,495,1605,385,deep_id match,,,King's Men,clear,King's Men,,,King's Men,clear,King's Men,,,None,missing (None),,,Adult Professional,Adult Professional,,before the Court;,None,1604 [1603-1604],1604,1603,1604,,,1604 [1604-1605],1604,1604,1605,,,same year,1605,1605,1605,9084,0.33399,0.66601
428,The Just Italian,"Davenant, William",tragicomedy,britdrama,tragicomedy,comedy,927,1630,749,deep_id match,,,King's Men,clear,King's Men,,,King's Men,clear,King's Men,,,King's Men,clear,King's Men,,Adult Professional,Adult Professional,,Blackfriars;Indoor Professional,Indoor,"1629 [licensed for stage, Oct 2]",1629,,,month licensed,,1629 [Oct],1629,,,month,,same year,1630,1630,1630,15336,0.29278,0.70722
590,The Ladies' Privilege (The Lady's Privilege),"Glapthorne, Henry",tragicomedy,annals,not in BritDrama,tragicomedy,1144,1640,976,deep_id match,,,not in BritDrama,not in BritDrama,,,,Beeston's Boys,clear,Beeston's Boys,,,Beeston's Boys,clear,Beeston's Boys,,Boys Professional,Boys Professional,,before the Court;Phoenix/Cockpit;Whitehall;Indoor Professional,Indoor,1637 [1637-1640],1637,1637,1640,,,not in BritDrama,,,,,not in BritDrama,,1640,1640,1640,15413,0.44566,0.55434
534,The Lost Lady,"Berkeley, William",tragicomedy,annals,not in BritDrama,tragicomedy,1070,1638,887,deep_id match,,,not in BritDrama,not in BritDrama,,,,King's Men,clear,King's Men,,,None,missing (None),,,Adult Professional,Professional,,None,None,1637 [1637-1638],1637,1637,1638,,,not in BritDrama,,,,,not in BritDrama,,1638,1638,1638,20993,0.28633,0.68942
420,The Lover's Melancholy,"Ford, John",tragicomedy,britdrama,tragicomedy,tragicomedy,914,1629,734,deep_id match,Y,theater,King's Men,clear,King's Men,,,King's Men,clear,King's Men,,,King's Men,clear,King's Men,,Adult Professional,Adult Professional,,Blackfriars;Globe;Indoor Professional;Outdoor Professional,Both Indoor and Outdoor,"1628 [licensed for stage, Nov 24]",1628,,,month licensed,,1628 [Nov],1628,,,month,,same year,1629,1629,1629,18104,0.47034,0.50155
470,The Maid of Honor,"Massinger, Philip",tragicomedy,britdrama,tragicomedy,tragicomedy,992,1632,806,deep_id match,,,Queen Henrietta Maria's Men,clear,Queen Henrietta Maria's Men,,,Red Bull (Revels) Company (first) (?),uncertain,Red Bull (Revels) Company (first),(?),,Queen Henrietta Maria's Men,clear,Queen Henrietta Maria's Men,,Adult Professional,Adult Professional,,Phoenix/Cockpit;Indoor Professional,Indoor,"1621 [1621-1622; prologue, 1629/30(?)]",1621,1621,1622,queried-bracket,,1630 [early],1630,,,season,,differ by 9,1632,1632,1632,18532,0.2984,0.7016
203,The Malcontent,"Marston, John",tragicomedy,britdrama,tragicomedy,tragicomedy,468,1604,359,deep_id match,Y,,Children of the Chapel (second),clear,Children of the Chapel (second),,,Children of the Queen's Revels,clear,Children of the Queen's Revels,,,None,missing (None),,,Adult Professional; Boys Professional,Adult Professional,,None,None,1604 [1602-1604],1604,1602,1604,,,1603 [1602-1604],1603,1602,1604,,,differ by 1,1604,1604,1604,14226,0.78497,0.21503
430,"The Renegado, or The Gentleman of Venice","Massinger, Philip",tragicomedy,britdrama,tragicomedy,tragicomedy,930,1630,752,deep_id match,,,Lady Elizabeth's Men,clear,Lady Elizabeth's Men,,,Lady Elizabeth's Men,clear,Lady Elizabeth's Men,,,Queen Henrietta Maria's Men,clear,Queen Henrietta Maria's Men,,Adult Professional,Adult Professional,,Phoenix/Cockpit;Indoor Professional,Indoor,"1624 [licensed for stage, Sep 17] [incorrect]",1624,,,month licensed marked-incorrect,,1624 [Apr],1624,,,month,,same year,1630,1630,1630,19441,0.12793,0.79564
570,The Royal Slave,"Cartwright, William",tragicomedy,britdrama,tragicomedy,tragicomedy,1121,1639,942,deep_id match,,,King's Men,clear,King's Men,,,"University, then King's Men",multiple (then),"University, then King's Men",,University | King's Men,King's Men,clear,King's Men,,University (Nonprofessional); Adult Professional,University/Inns of Court,,before the Court;at University;,None,1636 [Aug 30],1636,,,month,,1636 [Aug],1636,,,month,,same year,1639,1639,1639,13808,0.24725,0.75275
492,The Two Noble Kinsmen,"Shakespeare, William / Fletcher, John",tragicomedy,britdrama,tragicomedy,tragicomedy,1018,1634,835,deep_id match,,,King's Men,clear,King's Men,,,King's Men,clear,King's Men,,,King's Men,clear,King's Men,,Adult Professional,Adult Professional,,Blackfriars;Indoor Professional,Indoor,1613 [1613-1614],1613,1613,1614,,,1613 [autumn] [1613-1614],1613,1613,1614,season,,same year,1634,1634,1634,23372,0.41237,0.5252
519,The Young Admiral,"Shirley, James",tragicomedy,britdrama,tragicomedy,tragicomedy,1052,1637,872,deep_id match,,,Queen Henrietta Maria's Men,clear,Queen Henrietta Maria's Men,,,Queen Henrietta Maria's Men,clear,Queen Henrietta Maria's Men,,,Queen Henrietta Maria's Men,clear,Queen Henrietta Maria's Men,,Adult Professional,Adult Professional,,Phoenix/Cockpit;Indoor Professional,Indoor,"1633 [licensed for stage, Jul 3]",1633,,,month licensed,,1633 [Jul],1633,,,month,,same year,1637,1637,1637,17561,0.36051,0.63949
