edition_id_effective,file,work_id,old_ids,unit_ids,title,author,year_effective,year_effective_raw,deep_id_effective,edition_effective_basis,genre_deep,play_type_deep,tcp,source_sha256,witness_role,witness_selection_status,n_nodes_total,n_chars_total,roles,relations,sections,languages,missing_gaps,metadata_repaired,metadata_added_from,line_rule,frames,corpus_version,builder_version,n_nodes[texts],sha256[texts],n_nodes[texts_analysis_en],sha256[texts_analysis_en],n_nodes[texts_no_prologue_epilogue],sha256[texts_no_prologue_epilogue]
9,9__A00471.txt,4,A00471,A00471,The Summoning of Everyman,Anonymous,1534,1534,7,original DEEP row,not in BritDrama,Interlude;Nonprofessional,A00471,ebd282118107eed760a899f4acd3b93eaa8d7fdbc552f7465f85ade3572b0671,,,921,34636,dramatic_body=921,,body=921,en=921,,False,,structural,on,corpus-v3-2026-09-08,build_corpus-2026-09-08.v8,921,ccdef9aa4c79d18a49a07d4874d33e23038b79a9a30c836f1590d40b36fb2282,921,ccdef9aa4c79d18a49a07d4874d33e23038b79a9a30c836f1590d40b36fb2282,921,ccdef9aa4c79d18a49a07d4874d33e23038b79a9a30c836f1590d40b36fb2282
11,11__A10439.txt,6,A10439,A10439,The Nature of the Four Elements (Natura Naturata),"Rastell, John",1520,1520,9,original DEEP row,not in BritDrama,Interlude;Nonprofessional,A10439,32cca871b6435deff6d39a5c7c2bd4ddfafa22795fe0b5e029eec600255c47f8,,,1391,48376,dramatic_body=1391,,body=1391,en=1391,,False,,structural,on,corpus-v3-2026-09-08,build_corpus-2026-09-08.v8,1391,407784eb8a2ad4dff8fe09c95450db2105d48e02ecacc21ced6bbe1a0aba3036,1391,407784eb8a2ad4dff8fe09c95450db2105d48e02ecacc21ced6bbe1a0aba3036,1391,407784eb8a2ad4dff8fe09c95450db2105d48e02ecacc21ced6bbe1a0aba3036
13,13__A10440.1.txt,8,A10440.1,A10440.1.1,1 Gentleness and Nobility,"Rastell, John",1525,1525,5001.01,original DEEP row,not in BritDrama,Interlude;Nonprofessional,A10440,dee84eef972cb50e24f3216babfe18525003255e83b651a5229b6cf36015db43,,,470,18268,dramatic_body=470,,body=470,en=470,,False,,structural,on,corpus-v3-2026-09-08,build_corpus-2026-09-08.v8,470,97ecdab11d1933839a83610078e660fa23152333d4e8e83675340863cfd31250,470,97ecdab11d1933839a83610078e660fa23152333d4e8e83675340863cfd31250,470,97ecdab11d1933839a83610078e660fa23152333d4e8e83675340863cfd31250
14,14__A10440.2.txt,9,A10440.2,A10440.1.2;A10440.1.3,2 Gentleness and Nobility,"Rastell, John",1525,1525,5001.02,original DEEP row,not in BritDrama,Interlude;Nonprofessional,A10440,dee84eef972cb50e24f3216babfe18525003255e83b651a5229b6cf36015db43,,,704,27885,dramatic_body=627;epilogue=77,,body=704,en=704,,False,,structural,on,corpus-v3-2026-09-08,build_corpus-2026-09-08.v8,704,8772dbaaedf3d3c9a0efcbc3c952364d4a465a12d2d85299cc5c47f6e40de851,704,8772dbaaedf3d3c9a0efcbc3c952364d4a465a12d2d85299cc5c47f6e40de851,627,f0345deb702a3f93090d34cc53ccada759109b31abdd9314a2fe2bda83b71dc0
15,15__A10438.txt,10,A10438,A10438,The Beauty and Good Properties of Women (Calisto and Melebea) (Celestina),"Rastell, John",1525,1525,11,original DEEP row,not in BritDrama,Interlude;Nonprofessional,A10438,ea8ae9b383080c5422819ccdd58b17326de65a3e7c5c0e965892fe516da84e9e,,,1116,44436,dramatic_body=1116,,body=1116,en=1116,,False,,structural,on,corpus-v3-2026-09-08,build_corpus-2026-09-08.v8,1116,bca5b36c7fa337fbff7f43bb757ae9724a377bf2277bc8539cd1c110c0afd098,1116,bca5b36c7fa337fbff7f43bb757ae9724a377bf2277bc8539cd1c110c0afd098,1116,bca5b36c7fa337fbff7f43bb757ae9724a377bf2277bc8539cd1c110c0afd098
19,19__A03175.txt,14,A03175,A03175,"The Pardoner and the Friar, the Curate, and Neighbor Pratte","Heywood, John",1533,1533,15,original DEEP row,not in BritDrama,Interlude;Nonprofessional,A03175,4df5cc61c799044d51f5043312de5deccd10b1341e518efb0ecb494565f3083a,,,645,27254,dramatic_body=645,,body=645,en=645,,False,,structural,on,corpus-v3-2026-09-08,build_corpus-2026-09-08.v8,645,8b6d11c82458017f221d2fc0ce3df568939693ea49a9fdf40b66b1c926455a35,645,8b6d11c82458017f221d2fc0ce3df568939693ea49a9fdf40b66b1c926455a35,645,8b6d11c82458017f221d2fc0ce3df568939693ea49a9fdf40b66b1c926455a35
22,22__A03181.txt,15,A03181,A03181,The Play of the Weather,"Heywood, John",1544,1544,18,original DEEP row,comedy,Interlude;Nonprofessional,A03181,7fdd21e65db8df6dcd76b7cec8dfea3fe69d26ca1f0e74ebb0effcbecff2143a,,,1242,53454,dramatic_body=1242,,body=1242,en=1242,,False,,structural,on,corpus-v3-2026-09-08,build_corpus-2026-09-08.v8,1242,0b678cfb4caeb136d07ba6063333bfd97395aca304531489c5a6c86e6f2d3c57,1242,0b678cfb4caeb136d07ba6063333bfd97395aca304531489c5a6c86e6f2d3c57,1242,0b678cfb4caeb136d07ba6063333bfd97395aca304531489c5a6c86e6f2d3c57
25,25__A03179.txt,16,A03179,A03179,A Play of Love,"Heywood, John",1534,1534,21,original DEEP row,not in BritDrama,University/Inns of Court;Nonprofessional,A03179,56fa99e3921474ed0637c1fefbd76aed92bb18a5a0a532afe7def6f99476eb69,,,1595,65097,dramatic_body=1595,,body=1595,en=1595,,False,,structural,on,corpus-v3-2026-09-08,build_corpus-2026-09-08.v8,1595,ee1702b0ce21363a0633465525f060b213f2422f8dfe777b1db1fbf0e953e556,1595,ee1702b0ce21363a0633465525f060b213f2422f8dfe777b1db1fbf0e953e556,1595,ee1702b0ce21363a0633465525f060b213f2422f8dfe777b1db1fbf0e953e556
27,27__A07395.1.txt,17,A07395.1,A07395.2.1,1 Nature,"Medwall, Henry",1530,[1530-34?],5002.01,"reviewed date resolution (deep_date_range_includes_header_date); raw [1530-34?]; header '1534', sourceDesc 'between 1529 and 1535]'",not in BritDrama,Interlude;Nonprofessional,A07395,92978e526e819188a351f4b8d95a198c89ba85e7b91a91e900ba38bf67fda8eb,,,1459,52078,dramatic_body=1459,,body=1459,en=1459,,False,,structural,on,corpus-v3-2026-09-08,build_corpus-2026-09-08.v8,1459,2f3e1576bd41497b5f7251e6d5a0a8e43e5a2787321b7074faf364ac2bf1ab7d,1459,2f3e1576bd41497b5f7251e6d5a0a8e43e5a2787321b7074faf364ac2bf1ab7d,1459,2f3e1576bd41497b5f7251e6d5a0a8e43e5a2787321b7074faf364ac2bf1ab7d
28,28__A07395.2.txt,18,A07395.2,A07395.2.2,2 Nature,"Medwall, Henry",1530,[1530-34?],5002.02,"reviewed date resolution (deep_date_range_includes_header_date); raw [1530-34?]; header '1534', sourceDesc 'between 1529 and 1535]'",not in BritDrama,Interlude;Nonprofessional,A07395,92978e526e819188a351f4b8d95a198c89ba85e7b91a91e900ba38bf67fda8eb,,,1268,39162,dramatic_body=1268,,body=1268,en=1268,,False,,structural,on,corpus-v3-2026-09-08,build_corpus-2026-09-08.v8,1268,074c56c44aa3c94e6f2c2e5a8df365042974eab8ac2a84841dfdbcbd70750f61,1268,074c56c44aa3c94e6f2c2e5a8df365042974eab8ac2a84841dfdbcbd70750f61,1268,074c56c44aa3c94e6f2c2e5a8df365042974eab8ac2a84841dfdbcbd70750f61
32,32__A04054.txt,20,A04054,A04054,The Interlude of Youth,Anonymous,1565,1565,26,original DEEP row,not in BritDrama,Interlude;Nonprofessional,A04054,fa2c1f399665386d13e4fc2318005e1751c24c9970b8dbfb8c5d0d9d05aa7d34,,,787,23657,poem=787,,body=787,en=787,,False,,structural,on,corpus-v3-2026-09-08,build_corpus-2026-09-08.v8,787,c6f10590376ed5a777b9fe27ad88924b7214d8c4028b199c75a219d1bc342f53,787,c6f10590376ed5a777b9fe27ad88924b7214d8c4028b199c75a219d1bc342f53,787,c6f10590376ed5a777b9fe27ad88924b7214d8c4028b199c75a219d1bc342f53
33,33__A03177.txt,21,A03177,A03177,The Four P's,"Heywood, John",1544,1544,27,original DEEP row,not in BritDrama,Interlude;Nonprofessional,A03177,2bfcb3062f7797051336b38ef225c740c8e0454e48ac72d95c6d6f1995f9cac8,,,1236,44716,dramatic_body=1236,,body=1236,en=1236,,False,,structural,on,corpus-v3-2026-09-08,build_corpus-2026-09-08.v8,1236,3b8805991aff9df49ff9aad085b83c4c0e64e11a75972849ff0f586137611581,1236,3b8805991aff9df49ff9aad085b83c4c0e64e11a75972849ff0f586137611581,1236,3b8805991aff9df49ff9aad085b83c4c0e64e11a75972849ff0f586137611581
37,37__A02906.txt,22,A02906,A02906,The Chief Promises of God unto Man (God's Promises),"Bale, John",1547,1547,31,original DEEP row,biblical play,Interlude;Nonprofessional,A02906,377e399bc834305a498b4309833e830f03613fdd388c52748ab7088123cd0744,,,959,48140,dramatic_body=889;epilogue=35;prologue=35,,body=959,en=959,,False,,structural,on,corpus-v3-2026-09-08,build_corpus-2026-09-08.v8,959,825fe3b486b5c62032c8fd8126804da0af7c940b427915d366297b8518aa3491,959,825fe3b486b5c62032c8fd8126804da0af7c940b427915d366297b8518aa3491,889,5fa80435e7f27c7e58f23ab09f643381360bc0beca7b2d05b0a296844a2372ca
39,39__A02658.txt,23,A02658,A02658,"The Temptation of Our Lord and Saviour, Jesus Christ, by Satan in the Desert","Bale, John",1547,1547,33,original DEEP row,biblical play,Interlude;Nonprofessional,A02658,ac23cdc0b0ab02eeeb46273518592d6caedbc27d642bcee9724a4934dd79ecc2,,,433,21561,dramatic_body=398;prologue=35,,body=398;front=35,en=433,,False,,structural,on,corpus-v3-2026-09-08,build_corpus-2026-09-08.v8,433,ad7885e4f6840c92ba102f0243790251c36dba1dda24a31c799f5b0d007bd613,433,ad7885e4f6840c92ba102f0243790251c36dba1dda24a31c799f5b0d007bd613,398,6a85becd8872c478a41367d864620a29ccd05e6937bbdcc6e0afbab48c982712
40,40__A02738.txt,24,A02738,A02738,"The Three Laws of Nature, Moses, and Christ, Corrupted by the Sodomites, Pharisees, and Papists","Bale, John",1548,1548,34,original DEEP row,moral,Interlude;Nonprofessional,A02738,fc8c06c925d02f8481f399c766aee2a96f8e525116cfbd677a4a68452d671b15,,,1918,82161,dramatic_body=1823;prologue=35;song=60,,back=60;body=1858,en=1918,,False,,structural,on,corpus-v3-2026-09-08,build_corpus-2026-09-08.v8,1918,55c942e33dc1eda15fba1c16a5183c96de1c68173f51e3356edd521a8b007d70,1918,55c942e33dc1eda15fba1c16a5183c96de1c68173f51e3356edd521a8b007d70,1883,579a04141152c9353f04e447a065effa4b0856ce5de073020605556db8b521a5
41,41__A02749.txt,24,A02749,A02749,"The Three Laws of Nature, Moses, and Christ, Corrupted by the Sodomites, Pharisees, and Papists","Bale, John",1562,1562,35,original DEEP row,moral,Interlude;Nonprofessional,A02749,a005cad1b2eb28153d04285168b75353e38861b71ee243b1de3af145cb2b14ff,,,1948,80177,dramatic_body=1889;song=59,,body=1948,en=1948,,False,,structural,on,corpus-v3-2026-09-08,build_corpus-2026-09-08.v8,1948,fa0531f9a39558e11909a623e9fddcb811c219dc70fd923558a51c6b33ae9a66,1948,fa0531f9a39558e11909a623e9fddcb811c219dc70fd923558a51c6b33ae9a66,1948,fa0531f9a39558e11909a623e9fddcb811c219dc70fd923558a51c6b33ae9a66
45,45__A04052.txt,27,A04052,A04052,Wealth and Health,Anonymous,1565,1565,39,original DEEP row,moral,Interlude;Nonprofessional,A04052,a63676ced875aaf0d2c44734d2bf073f254ed2b08c8dac29dadcca754aa03690,,,951,36808,dramatic_body=951,,body=951,en=951,,False,,structural,on,corpus-v3-2026-09-08,build_corpus-2026-09-08.v8,951,53b0a1ec9b60b81e9fecf96a1a8aab79e62c9d9a2bbcda5424d52392d56a8cfb,951,53b0a1ec9b60b81e9fecf96a1a8aab79e62c9d9a2bbcda5424d52392d56a8cfb,951,53b0a1ec9b60b81e9fecf96a1a8aab79e62c9d9a2bbcda5424d52392d56a8cfb
49,49__A11909.6.txt,28,A11909.6,A11909.6,Troas (Seneca's Sixth Tragedy),"Heywood, JasperSeneca, Lucius Annaeus",1581,1581,5015.06,original DEEP row,tragedy,Translation;Nonprofessional;Closet/Unacted,A11909,f6ac469f8a71698be978984f35a2b93762e2a81bd61502b828e9fe74c1882e3e,,,1385,75162,dramatic_body=1385,,body=1385,en=1385,,False,,structural,on,corpus-v3-2026-09-08,build_corpus-2026-09-08.v8,1385,172886860cecb6171a0e1c48d6b890be2320346fec9c3d774eaef92247ae2a55,1385,172886860cecb6171a0e1c48d6b890be2320346fec9c3d774eaef92247ae2a55,1385,172886860cecb6171a0e1c48d6b890be2320346fec9c3d774eaef92247ae2a55
50,50__A11914.txt,29,A11914,A11914,Thyestes (Seneca's Second Tragedy),"Heywood, JasperSeneca, Lucius Annaeus",1560,1560,43,original DEEP row,tragedy,Translation;Nonprofessional;Closet/Unacted,A11914,f1ed177dd25aa800474c996612ed5248e385aa6e8ec5d5e9f50d27f6443088d9,,,1054,66730,chorus=148;dramatic_body=906,,body=1054,en=1054,,False,,structural,on,corpus-v3-2026-09-08,build_corpus-2026-09-08.v8,1054,e25688e79700f5305528c3d223ade7013939f9dcbf66450fad9e996c85511a64,1054,e25688e79700f5305528c3d223ade7013939f9dcbf66450fad9e996c85511a64,1054,e25688e79700f5305528c3d223ade7013939f9dcbf66450fad9e996c85511a64
51,51__A11909.2.txt,29,A11909.2,A11909.2,Thyestes (Seneca's Second Tragedy),"Heywood, JasperSeneca, Lucius Annaeus",1581,1581,5015.02,original DEEP row,tragedy,Translation;Nonprofessional;Closet/Unacted,A11909,f6ac469f8a71698be978984f35a2b93762e2a81bd61502b828e9fe74c1882e3e,,,1253,66675,dramatic_body=1253,,body=1253,en=1253,,False,,structural,on,corpus-v3-2026-09-08,build_corpus-2026-09-08.v8,1253,b2e9f5ba8edd54c43a3e1477329f60092229a1d855f77e27b2a930abcf678198,1253,b2e9f5ba8edd54c43a3e1477329f60092229a1d855f77e27b2a930abcf678198,1253,b2e9f5ba8edd54c43a3e1477329f60092229a1d855f77e27b2a930abcf678198
53,53__A04055.txt,30,A04055,A04055,Impatient Poverty,Anonymous,1561,1561,45,original DEEP row,moral,Interlude;Nonprofessional,A04055,ec67e10b24cd8a5154e78b57219cb9875a39d180ef3394e4374e66ac20572dfa,,,983,35739,dramatic_body=983,,body=983,en=983,,False,,structural,on,corpus-v3-2026-09-08,build_corpus-2026-09-08.v8,983,58f38408b765a5b67c1fad620919a5abe5cc8d3711dae5bfa7a7b8f4d2018f99,983,58f38408b765a5b67c1fad620919a5abe5cc8d3711dae5bfa7a7b8f4d2018f99,983,58f38408b765a5b67c1fad620919a5abe5cc8d3711dae5bfa7a7b8f4d2018f99
54,54__A14713.txt,31,A14713,A14713,Nice Wanton,Anonymous,1560,1560,46,original DEEP row,moral,Interlude;Nonprofessional,A14713,feb80c61c9049e36b0bb4b2546a321ad39302af2da9543b8508985afb8a33700,,,578,23676,dramatic_body=534;prologue=24;song=20,,body=578,en=578,,False,,structural,on,corpus-v3-2026-09-08,build_corpus-2026-09-08.v8,578,6aa5d25c6e6790821e7039590ca06886dfbf31dc25deb887c86b57f68ecc2b35,578,6aa5d25c6e6790821e7039590ca06886dfbf31dc25deb887c86b57f68ecc2b35,554,a4e08acb113470253473ef3aedf2a05680e7a543d86964a828395463b172f432
57,57__A03571.1.txt,32,A03571.1,A03571.2,Robin Hood (Robin Hood and the Friar) (Robin Hood and the Potter),Anonymous,1590,1590,5004.01,original DEEP row,romance; folk romance,Nonprofessional;Interlude,A03571,a860199bc8a01cdf849bf3f30a7f61748d704cb6c08e80f4b17e458952818d4b,,,203,6995,dramatic_body=203,,body=203,en=203,,False,,structural,on,corpus-v3-2026-09-08,build_corpus-2026-09-08.v8,203,255e50b08bdb2453efc0854460cc31bf29e9726a46224eb88287e5b30baeb448,203,255e50b08bdb2453efc0854460cc31bf29e9726a46224eb88287e5b30baeb448,203,255e50b08bdb2453efc0854460cc31bf29e9726a46224eb88287e5b30baeb448
59,59__A11911.txt,34,A11911,A11911,Hercules Furens (Mad Hercules) (Seneca's First Tragedy),"Heywood, JasperSeneca, Lucius Annaeus",1561,1561,51,original DEEP row,tragedy; literary play,Translation;Nonprofessional;Closet/Unacted,A11911,e9d17d52118622f200010dd5a893523ac3a416afefd95d6bfe77f9f1cdd505c1,,,2612,128615,dramatic_body=2612,,body=2612,en=1232;la=1380,,False,,structural,on,corpus-v3-2026-09-08,build_corpus-2026-09-08.v8,2612,3cee33c0b312bc50931c6aead1e5687520a5996df4e5dc17d2287f8915200bdc,1232,892489b8d8699bb021382fe2ceb373f402d9006a6e961640cd0ffeffab5ecaac,1232,892489b8d8699bb021382fe2ceb373f402d9006a6e961640cd0ffeffab5ecaac
60,60__A11909.1.txt,34,A11909.1,A11909.1,Hercules Furens (Mad Hercules) (Seneca's First Tragedy),"Heywood, JasperSeneca, Lucius Annaeus",1581,1581,5015.01,original DEEP row,tragedy; literary play,Translation;Nonprofessional;Closet/Unacted,A11909,f6ac469f8a71698be978984f35a2b93762e2a81bd61502b828e9fe74c1882e3e,,,1378,76986,dramatic_body=1378,,body=1378,en=1378,,False,,structural,on,corpus-v3-2026-09-08,build_corpus-2026-09-08.v8,1378,c63dd2d005d68e9778c28720ae1a12e4b47c85bb87a6c592ee0721a82d0ace28,1378,c63dd2d005d68e9778c28720ae1a12e4b47c85bb87a6c592ee0721a82d0ace28,1378,c63dd2d005d68e9778c28720ae1a12e4b47c85bb87a6c592ee0721a82d0ace28
65,65__A11909.5.txt,36,A11909.5,A11909.5,Oedipus (Seneca's Fifth Tragedy),"Seneca, Lucius AnnaeusNeville, Alexander",1581,1581,5015.05,original DEEP row,tragedy,Translation;Nonprofessional;Closet/Unacted,A11909,f6ac469f8a71698be978984f35a2b93762e2a81bd61502b828e9fe74c1882e3e,,,1202,69751,dramatic_body=1202,,body=1202,en=1202,,False,,structural,on,corpus-v3-2026-09-08,build_corpus-2026-09-08.v8,1202,2e8cd3d4bcec0519ba88779950df847988399d74caf689e9016e2ed21fbd7473,1202,2e8cd3d4bcec0519ba88779950df847988399d74caf689e9016e2ed21fbd7473,1202,2e8cd3d4bcec0519ba88779950df847988399d74caf689e9016e2ed21fbd7473
66,66__A13664.txt,37,A13664,A13664,Thersites,"Udall, Nicholas",1562,1562,57,original DEEP row,comedy,Interlude;Nonprofessional,A13664,707b5003c551ccbe90d54db1a401e1dfb6ae8812dcee2032a7a977f6981ba20b,,,918,36450,dramatic_body=918,,body=918,en=918,,False,,structural,on,corpus-v3-2026-09-08,build_corpus-2026-09-08.v8,918,f440fea2fe45874c6c089682f27028962e6bb491c860ff58463f48b1099e025b,918,f440fea2fe45874c6c089682f27028962e6bb491c860ff58463f48b1099e025b,918,f440fea2fe45874c6c089682f27028962e6bb491c860ff58463f48b1099e025b
67,67__A15979.txt,38,A15979,A15979,Albion Knight,Anonymous,1566,1566,58,original DEEP row,moral,Interlude;Nonprofessional,A15979,db80c5de4bfa73a638d7bc47483bd5ba9c7810898cc5add3e7d23ced3b75c1a6,,,403,15211,dramatic_body=403,,body=403,en=403,,False,,structural,on,corpus-v3-2026-09-08,build_corpus-2026-09-08.v8,403,21a3f5d7d470fcc5e23fcde309deaf74d374c6b3322ffca55ae787e8e0e0aa39,403,21a3f5d7d470fcc5e23fcde309deaf74d374c6b3322ffca55ae787e8e0e0aa39,403,21a3f5d7d470fcc5e23fcde309deaf74d374c6b3322ffca55ae787e8e0e0aa39
68,68__A08360.txt,39,A08360,A08360,Ferrex and Porrex (Gorboduc),"Norton, ThomasSackville, Thomas",1565,1565,59,original DEEP row,tragedy,University/Inns of Court;Nonprofessional,A08360,87ee84c5a051eb0009c6b6550ea25f73fd947423762dac8dcb7cfddd244de5fd,,,1805,79703,dramatic_body=1805,,body=1805,en=1805,,False,,structural,on,corpus-v3-2026-09-08,build_corpus-2026-09-08.v8,1805,f0069154c3e3354c2f46ee7b398ea77f0f496b8cb33ec22b389f1851bfeba2cf,1805,f0069154c3e3354c2f46ee7b398ea77f0f496b8cb33ec22b389f1851bfeba2cf,1805,f0069154c3e3354c2f46ee7b398ea77f0f496b8cb33ec22b389f1851bfeba2cf
69,69__A08361.txt,39,A08361,A08361,Ferrex and Porrex (Gorboduc),"Norton, ThomasSackville, Thomas",1570,[1570],60,"reviewed date resolution (source_header_internal_date_conflict); raw [1570]; header '1560', sourceDesc '[1570]'",tragedy,University/Inns of Court;Nonprofessional,A08361,e16d1faffa17666d01d2fd8981986ea3b04fa59425a188d7e7f1f8459e7849bf,,,1794,79261,dramatic_body=1794,,body=1794,en=1794,,True,,structural,on,corpus-v3-2026-09-08,build_corpus-2026-09-08.v8,1794,c04f746cb0df5c6c33b3b065866f3f5ec2080361c30b1c09329ba87f7023f5df,1794,c04f746cb0df5c6c33b3b065866f3f5ec2080361c30b1c09329ba87f7023f5df,1794,c04f746cb0df5c6c33b3b065866f3f5ec2080361c30b1c09329ba87f7023f5df
74,74__A14846.txt,41,A14846,A14846,Lusty Juventus,"Wever, R.",1565,1565,66,original DEEP row,moral,Interlude;Nonprofessional,A14846,5aa54baa908aba5971957a8444341a4fed2fa679aeda8ffd2b5fe1e507e9b950,,,1167,48143,dramatic_body=1167,,body=1167,en=1167,,False,,structural,on,corpus-v3-2026-09-08,build_corpus-2026-09-08.v8,1167,c4164ec9c9ffd7ae25c40c885eeda304a975bd013f682578ca38bcf4030be92a,1167,c4164ec9c9ffd7ae25c40c885eeda304a975bd013f682578ca38bcf4030be92a,1167,c4164ec9c9ffd7ae25c40c885eeda304a975bd013f682578ca38bcf4030be92a
76,76__A11910.txt,42,A11910,A11910,Agamemnon (Seneca's Eighth Tragedy),"Seneca, Lucius AnnaeusStudley, John",1566,1566,67,original DEEP row,tragedy,Translation;Nonprofessional;Closet/Unacted,A11910,e4763c7f3ecda69612ee5a2b195637e05d11555116ca373e18227543d65bd450,,,2602,76412,chorus=404;dramatic_body=2198,,body=2602,en=2602,,False,,structural,on,corpus-v3-2026-09-08,build_corpus-2026-09-08.v8,2602,6cb08f24a0c5708f66897427c2597ae06f5934a33aea54632df741e2cfb5ff31,2602,6cb08f24a0c5708f66897427c2597ae06f5934a33aea54632df741e2cfb5ff31,2602,6cb08f24a0c5708f66897427c2597ae06f5934a33aea54632df741e2cfb5ff31
77,77__A11909.8.txt,42,A11909.8,A11909.8,Agamemnon (Seneca's Eighth Tragedy),"Seneca, Lucius AnnaeusStudley, John",1581,1581,5015.08,original DEEP row,tragedy,Translation;Nonprofessional;Closet/Unacted,A11909,f6ac469f8a71698be978984f35a2b93762e2a81bd61502b828e9fe74c1882e3e,,,1368,76988,dramatic_body=1368,,body=1368,en=1368,,False,,structural,on,corpus-v3-2026-09-08,build_corpus-2026-09-08.v8,1368,735428d66114b8bd4c33792bb7cbbb599c98d93ecb829f6825c407719c7fae6a,1368,735428d66114b8bd4c33792bb7cbbb599c98d93ecb829f6825c407719c7fae6a,1368,735428d66114b8bd4c33792bb7cbbb599c98d93ecb829f6825c407719c7fae6a
79,79__A11912.txt,44,A11912,A11912,Medea (Seneca's Seventh Tragedy),"Seneca, Lucius AnnaeusStudley, John",1566,1566,69,original DEEP row,tragedy,Translation;Nonprofessional;Closet/Unacted,A11912,4f6ae2b6303f35789896c729968a69340338c7213bb903969683d22ab786cd37,,,2724,84925,chorus=382;dramatic_body=2342,,body=2724,en=2724,,False,,structural,on,corpus-v3-2026-09-08,build_corpus-2026-09-08.v8,2724,9706db4402fa37fb985e5053726d482f2846f8bd9185ad213ab5e0c0ae912e4f,2724,9706db4402fa37fb985e5053726d482f2846f8bd9185ad213ab5e0c0ae912e4f,2724,9706db4402fa37fb985e5053726d482f2846f8bd9185ad213ab5e0c0ae912e4f
80,80__A11909.7.txt,44,A11909.7,A11909.7,Medea (Seneca's Seventh Tragedy),"Seneca, Lucius AnnaeusStudley, John",1581,1581,5015.07,original DEEP row,tragedy,Translation;Nonprofessional;Closet/Unacted,A11909,f6ac469f8a71698be978984f35a2b93762e2a81bd61502b828e9fe74c1882e3e,,,1504,85504,dramatic_body=1504,,body=1504,en=1504,,False,,structural,on,corpus-v3-2026-09-08,build_corpus-2026-09-08.v8,1504,77bba25d30529d3e87d26963fc2338038ff9cd5ada5a5105f9869c278640dc18,1504,77bba25d30529d3e87d26963fc2338038ff9cd5ada5a5105f9869c278640dc18,1504,77bba25d30529d3e87d26963fc2338038ff9cd5ada5a5105f9869c278640dc18
81,81__A11917.txt,45,A11917,A11917,Octavia (Seneca's Ninth Tragedy),"Seneca, Lucius AnnaeusNuce, ThomasPseudo-Seneca",1566,1566,70,original DEEP row,tragedy,Translation;Nonprofessional;Closet/Unacted,A11917,a2bd098c737a8b607346327e1a920865f7d53f62a40630b1c3bf1610a1380a40,,,1588,66821,dramatic_body=1588,,body=1588,en=1588,,False,,structural,on,corpus-v3-2026-09-08,build_corpus-2026-09-08.v8,1588,68903046d7b33ea254340d1c3c8ac51122baaa210d0715fc486a14d049d343c0,1588,68903046d7b33ea254340d1c3c8ac51122baaa210d0715fc486a14d049d343c0,1588,68903046d7b33ea254340d1c3c8ac51122baaa210d0715fc486a14d049d343c0
82,82__A11909.9.txt,45,A11909.9,A11909.9,Octavia (Seneca's Ninth Tragedy),"Seneca, Lucius AnnaeusNuce, ThomasPseudo-Seneca",1581,1581,5015.09,original DEEP row,tragedy,Translation;Nonprofessional;Closet/Unacted,A11909,f6ac469f8a71698be978984f35a2b93762e2a81bd61502b828e9fe74c1882e3e,,,1589,66317,dramatic_body=1589,,body=1589,en=1589,,False,,structural,on,corpus-v3-2026-09-08,build_corpus-2026-09-08.v8,1589,746cb2f77c3ff357f7fcaed0c1637d79c4754caab1b7b16fd92c25e150fbde62,1589,746cb2f77c3ff357f7fcaed0c1637d79c4754caab1b7b16fd92c25e150fbde62,1589,746cb2f77c3ff357f7fcaed0c1637d79c4754caab1b7b16fd92c25e150fbde62
83,83__A14193.txt,46,A14193,A14193,Ralph Roister Doister,"Udall, Nicholas",1566,1566,71,original DEEP row,comedy,Interlude;Nonprofessional,A14193,57bc7963c8fa1996addb69cc26ed99caaaeddba648d73c1f061857a2e6d7d901,,,2285,97788,dramatic_body=2224;prologue=28;song=33,,back=33;body=2224;front=28,en=2285,,False,,structural,on,corpus-v3-2026-09-08,build_corpus-2026-09-08.v8,2285,30f52d38698f89ccebec52a920be38027193853ca5c8237314271da740a91c48,2285,30f52d38698f89ccebec52a920be38027193853ca5c8237314271da740a91c48,2257,67735ee4f7026d0030689e1d6f1cf62400c055dfffd55822935c993c25eaa5f0
84,84__A14625.txt,47,A14625,A14625,The Life and Repentance of Mary Magdalene,"Wager, Lewis",1566,1566,72,original DEEP row,moral,Interlude;Nonprofessional,A14625,13f5ca7b23269ceb94c6e28c091cca69d2a81b3251848e55b710679a0a71e63b,,,2134,98039,dramatic_body=2048;prologue=86,,body=2134,en=2134,,False,,structural,on,corpus-v3-2026-09-08,build_corpus-2026-09-08.v8,2134,269ebab10ba615fd9b802afae6a350d1e1a78c3ec615b037d9d34371a970e526,2134,269ebab10ba615fd9b802afae6a350d1e1a78c3ec615b037d9d34371a970e526,2048,13db41d44565e229f11e81021d1ffc8f545187e1866da7d70f61e73fc3c219f5
85,85__A09651.txt,48,A09651,A09651,The Interlude of Vice (Orestes),"Pickering, John",1567,1567,74,original DEEP row,tragedy,Interlude;Nonprofessional,A09651,95bffa26de004bc23e268dacd7810d278ce4a087c691b1b10e0aae9b4a98d4f8,,,1205,61564,dramatic_body=1205,,body=1205,en=1205,,False,,structural,on,corpus-v3-2026-09-08,build_corpus-2026-09-08.v8,1205,d191b8baa8838db2bb4e716ce02bb84d95b53131512f2d2b7b201f467072c181,1205,d191b8baa8838db2bb4e716ce02bb84d95b53131512f2d2b7b201f467072c181,1205,d191b8baa8838db2bb4e716ce02bb84d95b53131512f2d2b7b201f467072c181
86,86__A13962.txt,49,A13962,A13962,The Trial of Treasure,"Wager, William",1567,1567,75,original DEEP row,moral,Interlude;Nonprofessional,A13962,4a63c20ef69e49a56af807c7006d1bd37bc4695ad9d70e411a07c3bc577c83f2,,,1133,50699,dramatic_body=1077;prologue=56,,body=1133,en=1133,,False,,structural,on,corpus-v3-2026-09-08,build_corpus-2026-09-08.v8,1133,12d17c7762fd548e4bbe3725ca8304e1706f0a75714b5658314369cc4d469259,1133,12d17c7762fd548e4bbe3725ca8304e1706f0a75714b5658314369cc4d469259,1077,f3c9e49e349620e935920a8da2bc1170cad6533c93ea3fa9b68e54acf6be160a
89,89__A01353.txt,50,A01353,A01353,Like Will to Like (Quoth the Devil to the Collier),"Fulwell, Ulpian",1587,1587,78,original DEEP row,moral,Interlude;Nonprofessional,A01353,f60f4be9fab6ba7dda628fe22aed0c5e29738fec1bce4d5d4d6a9222b290b318,,,1277,58090,dramatic_body=1176;prologue=36;song=65,,back=36;body=1205;front=36,en=1277,,False,,structural,on,corpus-v3-2026-09-08,build_corpus-2026-09-08.v8,1277,8c87cb9dab12e4528de7c4a9a388379e5fb63811fb15cc4a10dbfeade86a5153,1277,8c87cb9dab12e4528de7c4a9a388379e5fb63811fb15cc4a10dbfeade86a5153,1241,f9311ecc12682ecdbf420302de7d0bf4fa4e05bc8d10ba429b1df6076bdeb303
91,91__A04206.txt,51,A04206,A04206,Jacob and Esau,"Udall, Nicholas",1568,1568,80,original DEEP row,biblical play,Interlude;Nonprofessional,A04206,6791229d8d45438f401d8ba8b6a7edee49a1f583f876ce191827aa5c4f40d335,,,1780,84947,dramatic_body=1759;prologue=21,,body=1780,en=1780,,False,,structural,on,corpus-v3-2026-09-08,build_corpus-2026-09-08.v8,1780,8a865ab94b927454e2fed52a1d9de0deede435433cfae59855a26045d36c4b73,1780,8a865ab94b927454e2fed52a1d9de0deede435433cfae59855a26045d36c4b73,1759,d37f1221f0a5ef6eb133b69adf182e143cdcbd3eff0f1bab2eef43ab64f85cd3
94,94__A04027.txt,54,A04027,A04027,The Disobedient Child,"Ingelend, Thomas",1570,1570,83,original DEEP row,moral,Interlude;Nonprofessional,A04027,c2c277e7667dada7f3a5aaf2f9bcaeaa441175c858401045655cdd0fc40c5df9,,,1538,63782,dramatic_body=1458;epilogue=40;prologue=40,,back=40;body=1458;front=40,en=1538,,False,,structural,on,corpus-v3-2026-09-08,build_corpus-2026-09-08.v8,1538,3e9194217e73a33d11b966a230386e59cf7117a9f84baf48ce24e116e0106a1d,1538,3e9194217e73a33d11b966a230386e59cf7117a9f84baf48ce24e116e0106a1d,1458,12e7dc27818417c719f7a3992bcb6bbacb9ec586396978c9d6acfc2a08d01ea9
95,95__A07052.txt,55,A07052,A07052,The Marriage of Wit and Science,Anonymous,1570,1570,84,original DEEP row,moral,Interlude;Nonprofessional;Boys Nonprofessional/School;,A07052,78f6a517b2b8971278f99da8a867a2385066e99d83c32e5e6dae8af46387235d,,,1154,55975,dramatic_body=1154,,body=1154,en=1154,,False,,structural,on,corpus-v3-2026-09-08,build_corpus-2026-09-08.v8,1154,fa3a853041b4d4b72ab8054b5fb9c330933f8b7af17c3e701fa33f07ff18fcf9,1154,fa3a853041b4d4b72ab8054b5fb9c330933f8b7af17c3e701fa33f07ff18fcf9,1154,fa3a853041b4d4b72ab8054b5fb9c330933f8b7af17c3e701fa33f07ff18fcf9
96,96__A10041.txt,56,A10041,A10041,"Cambises, King of Persia","Preston, Thomas",1570,1570,85,original DEEP row,tragedy,Interlude;Nonprofessional,A10041,598f9466e04484acf20e8abfa73cc8de87b883d8ecd705c97aefcc17385b02ec,,,1250,65705,dramatic_body=1193;epilogue=21;prologue=36,,body=1214;front=36,en=1250,,False,,structural,on,corpus-v3-2026-09-08,build_corpus-2026-09-08.v8,1250,2d87e387fa3a44164a7592ea09915a440defdbe0814b99679e8e489c1f230a09,1250,2d87e387fa3a44164a7592ea09915a440defdbe0814b99679e8e489c1f230a09,1193,6cb4416e9d1ba8cd8b66d278310b0aab3f99154bb4cbfbd2ed1602af4e1d6e36
99,99__A14627.txt,57,A14627,A14627,Enough Is as Good as a Feast,"Wager, William",1570,1570,88,original DEEP row,moral,Interlude;Nonprofessional,A14627,343eba781cda1fc9c437006db6d1dd52c7d6c1e09745b409b09ea42f9acb4aae,,,1550,73033,dramatic_body=1458;prologue=92,,body=1458;front=92,en=1550,,False,,structural,on,corpus-v3-2026-09-08,build_corpus-2026-09-08.v8,1550,e6976ec8568a068664c57fa871081594f74ad68b7448ed075eed724d654d9f70,1550,e6976ec8568a068664c57fa871081594f74ad68b7448ed075eed724d654d9f70,1458,639ae868c6a2f05d2adaca2c4d9eb1e0182125d9f8d3153804eb9c0738aa04da
100,100__A21159.txt,58,A21159,A21159,Damon and Pithias,"Edwards, Richard",1571,1571,89,original DEEP row,comedy,Boys Nonprofessional/School;Nonprofessional,A21159,8006904492937df9e26c441c7f5df2452d140e5f1653b2176262347f692e1a1d,,,1824,96198,dramatic_body=1702;prologue=46;song=76,,body=1824,en=1824,,False,,structural,on,corpus-v3-2026-09-08,build_corpus-2026-09-08.v8,1824,0ddaa72cbf3fc94da481025a0c3a4d74351a37ab137b2e80fd0d36d22c5b919b,1824,0ddaa72cbf3fc94da481025a0c3a4d74351a37ab137b2e80fd0d36d22c5b919b,1778,065f161afad825677fb406f0d5b4022f85ca54b2adfd0a628e2c0b8fcf23659c
103,103__A01513.1.txt,60,A01513.1,A01513.1,Supposes,"Gascoigne, GeorgeAriosto, Ludovico",1573,1573,5006.01,original DEEP row,comedy,Translation;Nonprofessional;University/Inns of Court,A01513,3a7613ab438a03ce3dfaba673a0d04e3ebd93f3080c4cc5f1edb24997330ee94,,,711,93056,dramatic_body=710;prologue=1,,body=711,en=711,,False,,structural,on,corpus-v3-2026-09-08,build_corpus-2026-09-08.v8,711,80e437a809b8986b8e0034edd097ea09877cf88693d2e52043cee3f9d0f56e9a,711,80e437a809b8986b8e0034edd097ea09877cf88693d2e52043cee3f9d0f56e9a,710,b97ef2408fb07dd289593490c5984741f03eed907e09339f11265c39a09ce674
104,104__A01514.2.txt,60,A01514.2,A01514.3,Supposes,"Gascoigne, GeorgeAriosto, Ludovico",1575,1575,5007.02,original DEEP row,comedy,Translation;Nonprofessional;University/Inns of Court,A01514,237e372c92eb48a2865de1228b28ffe1a7ac82c2aab0cb731d9bb2d8220c35bf,,,709,92952,dramatic_body=708;prologue=1,,body=708;front=1,en=709,,False,,structural,on,corpus-v3-2026-09-08,build_corpus-2026-09-08.v8,709,531c671de77103bfae23cd0330f950ccf4b13dd7adb4776e325e69cb165199bf,709,531c671de77103bfae23cd0330f950ccf4b13dd7adb4776e325e69cb165199bf,708,817beea2b5f3564af1e5b854315a2f65e005a4f0d2c73ee49dc54ba91c104cc0
106,106__A01513.2.txt,61,A01513.2,A01513.2,Jocasta,"Gascoigne, GeorgeKinwelmershe, FrancisYelverton, ChristopherEuripidesDolce, Lodovico",1573,1573,5006.02,original DEEP row,tragedy,Translation;Nonprofessional;University/Inns of Court,A01513,3a7613ab438a03ce3dfaba673a0d04e3ebd93f3080c4cc5f1edb24997330ee94,,,2795,120624,dramatic_body=2755;epilogue=40,,body=2795,en=2795,,False,,structural,on,corpus-v3-2026-09-08,build_corpus-2026-09-08.v8,2795,f70e8e0eb7765e96bbcb7838fbbcb766864f2e068964e4a354dbc0eafa1a1dc6,2795,f70e8e0eb7765e96bbcb7838fbbcb766864f2e068964e4a354dbc0eafa1a1dc6,2755,5d650999425bb23a23d61e595f0bff2c188257fe5d1974610a031372a3118ff8
107,107__A01514.3.txt,61,A01514.3,A01514.4,Jocasta,"Gascoigne, GeorgeKinwelmershe, FrancisYelverton, ChristopherEuripidesDolce, Lodovico",1575,1575,5007.03,original DEEP row,tragedy,Translation;Nonprofessional;University/Inns of Court,A01514,237e372c92eb48a2865de1228b28ffe1a7ac82c2aab0cb731d9bb2d8220c35bf,,,4158,185118,chorus=67;dramatic_body=2690;epilogue=40;poem=1361,,body=4158,en=4158,,False,,structural,on,corpus-v3-2026-09-08,build_corpus-2026-09-08.v8,4158,bb63c9ca98bf61193a9a493870540fca453a51b2d3faf22c8b3c047c05780d3c,4158,bb63c9ca98bf61193a9a493870540fca453a51b2d3faf22c8b3c047c05780d3c,4118,24e6901e3985116c72cfcb76343822af10ecaa01c804f1fbb60fd1d4277378b9
110,110__A01514.1.txt,62,A01514.1,A01514.1.1,The Masque for Lord Montacute (The Montague Masque) (Wedding Masque of Venetians),"Gascoigne, George",1575,1575,5007.01,original DEEP row,masque,Occasional;Nonprofessional,A01514,237e372c92eb48a2865de1228b28ffe1a7ac82c2aab0cb731d9bb2d8220c35bf,,,376,21445,dramatic_body=346;speech=30,,body=376,en=376,,False,,structural,on,corpus-v3-2026-09-08,build_corpus-2026-09-08.v8,376,709bb0ead2ed6ec3bced13a1e72fee7dffbe3169f3a96a1d0ec48e3134f8af4b,376,709bb0ead2ed6ec3bced13a1e72fee7dffbe3169f3a96a1d0ec48e3134f8af4b,376,709bb0ead2ed6ec3bced13a1e72fee7dffbe3169f3a96a1d0ec48e3134f8af4b
114,114__A00456.txt,65,A00456,A00456,Appius and Virginia,"B., R.",1575,1575,94,original DEEP row,tragedy,Interlude,A00456,af00096c737946cdefbb368737847b5ef45f1a6776906a57dab18aa16fd91743,,,854,39758,dramatic_body=723;prologue=38;song=93,,body=816;front=38,en=854,,False,,structural,on,corpus-v3-2026-09-08,build_corpus-2026-09-08.v8,854,cf2b71c9b26ed42aa146dea959c433244662012fdafab09b71aa7fca1fc9d35c,854,cf2b71c9b26ed42aa146dea959c433244662012fdafab09b71aa7fca1fc9d35c,816,70e75fa1ffae5ae6becc5fffbc1d0e6a40e2e8937bc75c9ed588e0ea272f7651
117,117__A12969.txt,67,A12969,A12969,Gammer Gurton's Needle,"Stevenson, William",1575,1575,95,original DEEP row,comedy,University/Inns of Court;Nonprofessional,A12969,95716babb6deca4df963382dc650893a580db78756b889cf00480c410062545e,,,1371,70988,dramatic_body=1308;prologue=20;song=43,,body=1371,en=1371,,False,,structural,on,corpus-v3-2026-09-08,build_corpus-2026-09-08.v8,1371,92fe146d5d59223b8d2c1a75a93fb819de10c611bc813934a9d6655f26026e63,1371,92fe146d5d59223b8d2c1a75a93fb819de10c611bc813934a9d6655f26026e63,1351,42c0cf6bfc27cb5986f109888a4d40422623774ac499fd49d2fc5b8988787858
121,121__A14715.txt,70,A14715,A14715,The Tide Tarrieth No Man,"Wapull, George",1576,1576,101,original DEEP row,moral,Interlude;Nonprofessional,A14715,ebfe636ee51ecd0fdfd8a2f535dd036bbdb175824ff73999b6cc2c2141ca6beb,,,1871,77488,dramatic_body=1747;prologue=56;song=68,,body=1815;front=56,en=1871,,False,,structural,on,corpus-v3-2026-09-08,build_corpus-2026-09-08.v8,1871,e97c316a2c4d5500c0eaabcfb7f4cf78c534ed262f486f32ec8e7259832884b9,1871,e97c316a2c4d5500c0eaabcfb7f4cf78c534ed262f486f32ec8e7259832884b9,1815,a9ae4051cbd3f2a2608b5b86b9d1635b4963481f6aa0b57ad2450965c7c08677
122,122__A10192.txt,71,A10192,A10192,Abraham's Sacrifice,"Golding, ArthurBeza, Theodore",1577,1577,102,original DEEP row,biblical play,Translation;Nonprofessional;Closet/Unacted,A10192,889134a11fc813c683c957aa42bff156cd7b979c9a0c4538442b0557802206de,,,1070,41017,dramatic_body=968;epilogue=48;prologue=54,,body=1070,en=1070,,False,,structural,on,corpus-v3-2026-09-08,build_corpus-2026-09-08.v8,1070,0767d5a75afc078abd628ba8ad5cb406b432bebcb0bd0979784f8467ad4489c2,1070,0767d5a75afc078abd628ba8ad5cb406b432bebcb0bd0979784f8467ad4489c2,968,3d58270cfbad8b059fd1fc4c3fdecc6a62a37cbe533c06ef325076b7007ec5be
123,123__A06480.txt,72,A06480,A06480,All for Money,"Lupton, Thomas",1578,1578,103,original DEEP row,moral,Interlude;Nonprofessional,A06480,3ae5199db148e3f4dc4a36d236210c02d71aa8040b5615e5dafda057a673bcfc,,,1571,82184,dramatic_body=1473;prologue=98,,body=1473;front=98,en=1571,,False,,structural,on,corpus-v3-2026-09-08,build_corpus-2026-09-08.v8,1571,37494b9b7d4a543361205aec80a50d27d787e0dee03fcdfa912f61acf00604f8,1571,37494b9b7d4a543361205aec80a50d27d787e0dee03fcdfa912f61acf00604f8,1473,191d86f3f65463fcfda979953423e9a0e789da78ff2f688a8191eb8084a77172
124,124__A15045.1.txt,73,A15045.1,A15045.1.1,1 Promos and Cassandra,"Whetstone, George",1578,1578,5014.01,original DEEP row,comedy,Closet/Unacted,A15045,8c25fd741dde3e51578c2652139259039115156569f25c0a0b7a30cdc5999de4,,,1172,55907,dramatic_body=1172,,body=1172,en=1172,A15045.1.1=2,False,,structural,on,corpus-v3-2026-09-08,build_corpus-2026-09-08.v8,1172,a9562ba3a3804d7d4a57b1046ccdecc4ce21fb1bc30e23bc488724d138bffe93,1172,a9562ba3a3804d7d4a57b1046ccdecc4ce21fb1bc30e23bc488724d138bffe93,1172,a9562ba3a3804d7d4a57b1046ccdecc4ce21fb1bc30e23bc488724d138bffe93
125,125__A15045.2.txt,74,A15045.2,A15045.1.2,2 Promos and Cassandra,"Whetstone, George",1578,1578,5014.02,original DEEP row,comedy,Closet/Unacted,A15045,8c25fd741dde3e51578c2652139259039115156569f25c0a0b7a30cdc5999de4,,,1177,52551,dramatic_body=1177,,body=1177,en=1177,,False,,structural,on,corpus-v3-2026-09-08,build_corpus-2026-09-08.v8,1177,f49cb80488f17ad1a0268313d022858e4c8fec503ac1d31c76c6ba4ea6e4538c,1177,f49cb80488f17ad1a0268313d022858e4c8fec503ac1d31c76c6ba4ea6e4538c,1177,f49cb80488f17ad1a0268313d022858e4c8fec503ac1d31c76c6ba4ea6e4538c
126,126__A01506.txt,75,A01506,A01506,The Entertainment at Norwich (Royal Entry of Queen Elizabeth),"Garter, BernardGoldingham, William",1578,1578,104,original DEEP row,entertainment; royal entertainment or entry,Occasional;Nonprofessional,A01506,e4a56dd9a99cfc52b3868be34bf482d0d6d7f94bcfbb55b4c2b3a7f7c0d6f9f0,,,458,63397,dramatic_body=192;song=42;speech=224,translation=6,body=458,en=379;la=79,A01506=1,False,,structural,on,corpus-v3-2026-09-08,build_corpus-2026-09-08.v8,458,cb6516a8c52d3228aa2eb1a891226d6e323e8faa6619afe5fa2d2858d44a1fec,379,fc62ae9bf6e9d66b80bbff271a976214c436de0dda8fcf7ec651c5b0cf5fced9,379,fc62ae9bf6e9d66b80bbff271a976214c436de0dda8fcf7ec651c5b0cf5fced9
128,128__A18729.txt,76,A18729,A18729,The Entertainment in Suffolk and Norfolk (Royal Entry of Queen Elizabeth into Norwich),"Churchyard, Thomas",1578,1578,106,original DEEP row,entertainment; royal entertainment or entry,Occasional;Nonprofessional,A18729,54be33ea091a4e8a85b331a4231c2af9de574d6805d7e8f2298057bf8ec509d5,,,718,34217,dramatic_body=385;speech=333,,body=718,en=718,,False,,structural,on,corpus-v3-2026-09-08,build_corpus-2026-09-08.v8,718,0baa7f2c5f426a4950bd8f0e850a68b02caf5ccc312e01b1ff33cb6c260db6fc,718,0baa7f2c5f426a4950bd8f0e850a68b02caf5ccc312e01b1ff33cb6c260db6fc,718,0baa7f2c5f426a4950bd8f0e850a68b02caf5ccc312e01b1ff33cb6c260db6fc
129,129__A01509.txt,76.5,A01509,A01509,The Most Virtuous and Godly Susanna,"Garter, Thomas",1578,1578,107,original DEEP row,moral,Interlude;Nonprofessional,A01509,9940408f70039a47403b2c8682e6775b408ea87266d7e3ca86e28273b7b9f598,,,1468,74565,dramatic_body=1444;prologue=24,,body=1468,en=1468,,False,,structural,on,corpus-v3-2026-09-08,build_corpus-2026-09-08.v8,1468,8e7db4af49bde143486404e2a778cd1569d19d8e0974288f020dc6622dd900b0,1468,8e7db4af49bde143486404e2a778cd1569d19d8e0974288f020dc6622dd900b0,1444,75bd65595c9a5d50ce8b2b623d8f667ff74c3f892038b3e3ba93df065b168de1
130,130__A01848.txt,77,A01848,A01848,The Entertainment of the French Ambassadors (The Fortress of Perfect Beauty) (Tilt of the Foster-Children of Desire),"Goldwell, Henry",1581,1581,108,original DEEP row,tilt,Occasional;Nonprofessional,A01848,f6567ebd7ace4748b31176e2a364428aa3084090d8567c60c70dd8b489b75dd4,,,37,29770,speech=37,,body=37,en=37,,False,,structural,on,corpus-v3-2026-09-08,build_corpus-2026-09-08.v8,37,6f2260d09aaad23082034afc93888c394d029320c9e67482650c3f8142e44352,37,6f2260d09aaad23082034afc93888c394d029320c9e67482650c3f8142e44352,37,6f2260d09aaad23082034afc93888c394d029320c9e67482650c3f8142e44352
131,131__A68918.txt,78,A68918,A68918,The Conflict of Conscience,"Woodes, Nathaniel",1581,1581,110,original DEEP row,moral,Interlude;Nonprofessional,A68918,6eaaec9e777642fe47458cea7de73312b1363c7380e7c7c7c0814c3bfd3b4095,,,2135,111113,dramatic_body=2065;prologue=70,,body=2065;front=70,en=2135,,False,,structural,on,corpus-v3-2026-09-08,build_corpus-2026-09-08.v8,2135,017d887e6af9ca2b24dfc9ae1c3d44c6f8a723cbe09c0ab7bd27744b26239287,2135,017d887e6af9ca2b24dfc9ae1c3d44c6f8a723cbe09c0ab7bd27744b26239287,2065,1e914420c9b628a702b4f2dd34a8a2ca0a55cb317ee1362ed4b24fdd72b760f3
132,132__A11909.3.txt,79,A11909.3,A11909.3,Thebais (Seneca's Third Tragedy),"Seneca, Lucius AnnaeusNewton, Thomas",1581,1581,5015.03,original DEEP row,tragedy,Translation;Nonprofessional;Closet/Unacted,A11909,f6ac469f8a71698be978984f35a2b93762e2a81bd61502b828e9fe74c1882e3e,,,1055,63130,dramatic_body=1055,,body=1055,en=1055,,False,,structural,on,corpus-v3-2026-09-08,build_corpus-2026-09-08.v8,1055,68ee1c6de8f025760a60d2082027ca789719ee1d7e461fc63b9b013e5e02c0ef,1055,68ee1c6de8f025760a60d2082027ca789719ee1d7e461fc63b9b013e5e02c0ef,1055,68ee1c6de8f025760a60d2082027ca789719ee1d7e461fc63b9b013e5e02c0ef
133,133__A11909.4.txt,80,A11909.4,A11909.4,Hippolytus (Seneca's Fourth Tragedy),"Seneca, Lucius AnnaeusStudley, John",1581,1581,5015.04,original DEEP row,tragedy,Translation;Nonprofessional;Closet/Unacted,A11909,f6ac469f8a71698be978984f35a2b93762e2a81bd61502b828e9fe74c1882e3e,,,1524,85650,dramatic_body=1524,,body=1524,en=1524,,False,,structural,on,corpus-v3-2026-09-08,build_corpus-2026-09-08.v8,1524,5b2c3ae217a61052e38306c464e62c6a9b3b38d48b7d12ebc9e35989557cc266,1524,5b2c3ae217a61052e38306c464e62c6a9b3b38d48b7d12ebc9e35989557cc266,1524,5b2c3ae217a61052e38306c464e62c6a9b3b38d48b7d12ebc9e35989557cc266
134,134__A11909.10.txt,81,A11909.10,A11909.10,Hercules Oetaeus (Hercules on Mount Oeta) (Seneca's Tenth Tragedy),"Seneca, Lucius AnnaeusStudley, John",1581,1581,5015.10,original DEEP row,tragedy,Translation;Nonprofessional;Closet/Unacted,A11909,f6ac469f8a71698be978984f35a2b93762e2a81bd61502b828e9fe74c1882e3e,,,2171,119930,dramatic_body=2171,,body=2171,en=2171,,False,DEEP official export https://deepplaybooks.org/assets/data/item_data.json @ 2026-09-07T02:16:06.368380+00:00 sha256 10005117a761,structural,on,corpus-v3-2026-09-08,build_corpus-2026-09-08.v8,2171,ec0245cd892a5a86f807634057bd405957bfec4f81f86e1512b7936ff7717739,2171,ec0245cd892a5a86f807634057bd405957bfec4f81f86e1512b7936ff7717739,2171,ec0245cd892a5a86f807634057bd405957bfec4f81f86e1512b7936ff7717739
135,135__A06625.txt,82,A06625,A06625,Sappho and Phao,"Lyly, John",1584,1584,111,original DEEP row,comedy,Boys Professional;Professional,A06625,e459868097b69b702869973abc9df326cb9859b5c1f13d8e50b24cb4a127127d,,,525,72163,dramatic_body=522;epilogue=1;prologue=2,,body=523;front=2,en=525,,False,,structural,on,corpus-v3-2026-09-08,build_corpus-2026-09-08.v8,525,e3261d22608a6916d33b967b92787d7affbd0b67e25858e9573a5ee57e296eab,525,e3261d22608a6916d33b967b92787d7affbd0b67e25858e9573a5ee57e296eab,522,9f6b2e693a5839574554f2c6932584ac2e4bbf2c6f001fae6345e50414069b21
139,139__A09220.txt,83,A09220,A09220,The Arraignment of Paris,"Peele, George",1584,1584,114,original DEEP row,pastoral,Boys Professional;Professional,A09220,d01bbbf2342c01c9cc288a0ba87e7529fb579663c9151f718f966d0e784e8ead,,,1273,56735,dramatic_body=1186;epilogue=2;prologue=29;song=56,,body=1273,en=1261;la=12,,False,,structural,on,corpus-v3-2026-09-08,build_corpus-2026-09-08.v8,1273,45b9e590a12906b9914c7e3caf06908620ba10fe14fc96d3e84e112ffec8fbda,1261,bc48bc507bf53cc59856f011016150d258e03c34a449d39a2ccfdf088122819c,1230,bca100fc85af7e0a88a749df26458b4de2c752e8e0034f970d2f13e8daaf3859
140,140__A06583.txt,84,A06583,A06583,"Campaspe (Alexander, Campaspe, and Diogenes)","Lyly, John",1584,1584,115,original DEEP row,comedy,Boys Professional;Professional,A06583,a1d8c9b67a38e5ef62238babf97361bb2178a457cf7cd21c9c2a473671e2ab14,,,580,71349,dramatic_body=576;epilogue=2;prologue=2,,back=2;body=576;front=2,en=580,,False,,structural,on,corpus-v3-2026-09-08,build_corpus-2026-09-08.v8,580,d215df0b7b4899503502ee969337ab94ccf732f5d0ed6e96967e2af3d40b6c53,580,d215df0b7b4899503502ee969337ab94ccf732f5d0ed6e96967e2af3d40b6c53,576,b3846d3eee09dd993b156f1bf43c809728f10cfe82712c70c28e9d5d4a3ec764
146,146__A15519.txt,85,A15519,A15519,The Three Ladies of London,"Wilson, Robert",1592,1592,120,original DEEP row,moral,Adult Professional;Professional,A15519,4f40f973ed3237cc59f928dd17cf3591edf2b1b904e3758eac6a0801331d40df,,,1660,96004,dramatic_body=1660,,body=1660,en=1660,,False,,structural,on,corpus-v3-2026-09-08,build_corpus-2026-09-08.v8,1660,de625ad353f67b5c4365ce7f13b1c78f923f848b923e792d0420b21db36d506e,1660,de625ad353f67b5c4365ce7f13b1c78f923f848b923e792d0420b21db36d506e,1660,de625ad353f67b5c4365ce7f13b1c78f923f848b923e792d0420b21db36d506e
147,147__A09134.txt,86,A09134,A09134,Fedele and Fortunia (Two Italian Gentlemen),"Pasqualigo, LuigiMunday, Anthony",1585,1585,121,original DEEP row,comedy,Boys Professional;Professional;Translation,A09134,42b167c736c0d28b0e54d83de83ce36d359e803eedc8793579d237b0de9c3246,,,1536,78718,dramatic_body=1536,,body=1536,en=1536,,False,,structural,on,corpus-v3-2026-09-08,build_corpus-2026-09-08.v8,1536,95b5c8ebbe50e1cc58b8c416f3a7a22ab8da52591c4ed27b0726d5554c87a0e9,1536,95b5c8ebbe50e1cc58b8c416f3a7a22ab8da52591c4ed27b0726d5554c87a0e9,1536,95b5c8ebbe50e1cc58b8c416f3a7a22ab8da52591c4ed27b0726d5554c87a0e9
148,148__A09223.txt,87,A09223,A09223,The Pageant before Woolstone Dixie,"Peele, George",1585,1585,122,original DEEP row,civic play; pageant,Occasional;Nonprofessional,A09223,c0447645eafcfe9f8158ba5fda1cd795ef8b68df6684677b45bd405531bbc370,,,126,5352,dramatic_body=73;speech=53,,body=126,en=126,,False,,structural,on,corpus-v3-2026-09-08,build_corpus-2026-09-08.v8,126,1be7d03e54dd0bf4e2d04c2927ac67f29fce18ca6efba5f0b4b2a55992570fff,126,1be7d03e54dd0bf4e2d04c2927ac67f29fce18ca6efba5f0b4b2a55992570fff,126,1be7d03e54dd0bf4e2d04c2927ac67f29fce18ca6efba5f0b4b2a55992570fff
149,149__A21238.txt,88,A21238,A21238,The Queen's Entertainment at Woodstock,Anonymous,1585,1585,123,original DEEP row,entertainment; royal entertainment or entry,Occasional;Nonprofessional,A21238,112f178dd8742c676fa106a8c2bf76dea5f279b1a2a8c5531af19f5996a92a3a,,,991,43484,dramatic_body=967;song=24,,body=991,en=991,,False,,structural,on,corpus-v3-2026-09-08,build_corpus-2026-09-08.v8,991,03babdece94f90403fac96c84c05c435b549a219a0a2865e76449f17867232b2,991,03babdece94f90403fac96c84c05c435b549a219a0a2865e76449f17867232b2,991,03babdece94f90403fac96c84c05c435b549a219a0a2865e76449f17867232b2
150,150__A03804.txt,89,A03804,A03804,The Misfortunes of Arthur (Certain Devices and Shows Presented to Her Majesty),"Hughes, ThomasFulbecke, William",1587,1587,124,original DEEP row,tragedy,University/Inns of Court;Nonprofessional,A03804,2e0954997c9bcc46054cbda4a43a3d64ca065e97a203fa156c76c2cf87c3884b,,,2160,98667,dramatic_body=2013;epilogue=52;speech=95,,body=2160,en=2160,,False,,structural,on,corpus-v3-2026-09-08,build_corpus-2026-09-08.v8,2160,c7263a468832f0e15585170c9ccca9606dd2ced511285333f03f3d034de67126,2160,c7263a468832f0e15585170c9ccca9606dd2ced511285333f03f3d034de67126,2108,63253601f8b350a19562120e641afe21b0560982e6815144420afa05e2828771
153,153__A13611.txt,91,A13611,A13611,Andria (The Woman from Andros),"Terence (Publius Terentius Afer)Kyffin, Maurice",1588,1588,126,original DEEP row,comedy,Translation;Nonprofessional;Closet/Unacted,A13611,3625e35b9570c1011695b7d595beed24af7119e97bbd91e6a36371d354d481e2,,,774,78329,dramatic_body=774,,body=774,en=774,,False,,structural,on,corpus-v3-2026-09-08,build_corpus-2026-09-08.v8,774,c74bdf031880a93b2660ed6eba8880b0ad655d15dba512e7efee60121f2cefa6,774,c74bdf031880a93b2660ed6eba8880b0ad655d15dba512e7efee60121f2cefa6,774,c74bdf031880a93b2660ed6eba8880b0ad655d15dba512e7efee60121f2cefa6
155,155__A15517.txt,93,A15517,A15517,The Three Lords and Three Ladies of London,"Wilson, Robert",1590,1590,128,original DEEP row,moral,Adult Professional;Professional,A15517,f2021fc93b7cd374d7406d96d43866fea8345229be2253181feb44234d3c8e5e,,,1756,106610,dramatic_body=1756,,body=1756,en=1756,,False,,structural,on,corpus-v3-2026-09-08,build_corpus-2026-09-08.v8,1756,5857dacc9af5f166175a703ca2d30c438058ee0e221a348342f2df4652bd3804,1756,5857dacc9af5f166175a703ca2d30c438058ee0e221a348342f2df4652bd3804,1756,5857dacc9af5f166175a703ca2d30c438058ee0e221a348342f2df4652bd3804
156,156__A07004.1.txt,94,A07004.1,A07004.1,1 Tamburlaine the Great,"Marlowe, Christopher",1590,1590,5017.01,original DEEP row,tragedy,Adult Professional;Professional,A07004,53c535a59d7ed7d4ea31ea172f342bcccd210af96c1cab23bd652950fb9c5f12,,,2274,97029,dramatic_body=2266;prologue=8,,body=2274,en=2274,,False,,structural,on,corpus-v3-2026-09-08,build_corpus-2026-09-08.v8,2274,c772787587c8cad79cdfd1336b4c441e21cef2cf062e32113ea9c7c0da95c8f8,2274,c772787587c8cad79cdfd1336b4c441e21cef2cf062e32113ea9c7c0da95c8f8,2266,87a5ac71ec0123bc973a292048e2f887665866502a9c3df14aa9536d220f0cfe
160,160__A07004.2.txt,95,A07004.2,A07004.3,2 Tamburlaine the Great,"Marlowe, Christopher",1590,1590,5017.02,original DEEP row,tragedy,Adult Professional;Professional,A07004,53c535a59d7ed7d4ea31ea172f342bcccd210af96c1cab23bd652950fb9c5f12,,,2295,98010,dramatic_body=2286;prologue=9,,body=2295,en=2295,,False,,structural,on,corpus-v3-2026-09-08,build_corpus-2026-09-08.v8,2295,243987f6e5ae76425f80a22a57d5f41cdd392589579c595d42106409f489909f,2295,243987f6e5ae76425f80a22a57d5f41cdd392589579c595d42106409f489909f,2286,ee4bcb4a5540d3b69a479662b4bf744a51096fb903f4611c02e8380a702f6b76
164,164__A08058.txt,96,A08058,A08058,The Pageant for John Allot,"Nelson, Thomas",1590,1590,131,original DEEP row,civic play; pageant,Occasional;Nonprofessional,A08058,471ee114c69f4fd8f25dbf5391a58dda07a4ab82359b0d7901104571e57c1939,,,127,5990,dramatic_body=124;epilogue=3,,body=127,en=127,,False,,structural,on,corpus-v3-2026-09-08,build_corpus-2026-09-08.v8,127,71679832d9f3940d8ff809404cfef962e9363c6c86b2e738d07d6e25f6e293ce,127,71679832d9f3940d8ff809404cfef962e9363c6c86b2e738d07d6e25f6e293ce,124,ef44146e54b34b6c27f8e261f5829c4fa8efac3d120bb94ffa4d5f253100d781
165,165__A01227.1.txt,97,A01227.1,A01227.1;A01227.2,Phillis and Amyntas (Ivychurch) (Amyntas' Pastoral),"Fraunce, AbrahamTasso, Torquato",1591,1591,5020.01,original DEEP row,pastoral,Translation;Nonprofessional;Closet/Unacted,A01227,fe54a3ec900e0349e80b503ef53e31a59a27a69d8285876b4d1c84ed10c92a2c,,,1469,84723,dramatic_body=1376;prologue=93,,body=1469,en=1469,,False,,structural,on,corpus-v3-2026-09-08,build_corpus-2026-09-08.v8,1469,5d772a3eeef71b1daa3abd4f1c61a60e8b20e780698595f91fa6d147f0e1c2d9,1469,5d772a3eeef71b1daa3abd4f1c61a60e8b20e780698595f91fa6d147f0e1c2d9,1376,abfc5d49a1e3db422c242ce6d9af857b93eeaa6a7917d58d3203270e0eae67b9
167,167__A06589.txt,99,A06589,A06589,"Endymion, the Man in the Moon","Lyly, John",1591,1591,133,original DEEP row,comedy,Boys Professional;Professional,A06589,5238a59b58d2971222776b191f7f61e9e404194dc49ece01f678a9986b703283,,,717,102898,dramatic_body=713;epilogue=2;prologue=2,,back=2;body=713;front=2,en=717,,False,,structural,on,corpus-v3-2026-09-08,build_corpus-2026-09-08.v8,717,7b6bed68ea3d224099da3f30cd14fdcd60140a6e6870f4c032e852d16f28e4b4,717,7b6bed68ea3d224099da3f30cd14fdcd60140a6e6870f4c032e852d16f28e4b4,713,35b20bbda669128e9137d64fea2672ea2f14c9b7491ed3906ba8a33807eb770f
169,169__A09222.txt,100,A09222,A09222,Descensus Astraeae (The Descent of Astraea),"Peele, George",1591,1591,134,original DEEP row,civic play; pageant,Occasional;Nonprofessional,A09222,2a63550cca23bbe29923efcdc59484601551f25ad80a1c949f7c9a8975d2c78d,,,146,6385,dramatic_body=117;speech=29,,body=146,en=146,,False,,structural,on,corpus-v3-2026-09-08,build_corpus-2026-09-08.v8,146,db1b82e5a5d4a9dfb3b96c7e66c34546444ee8a995578ddfdf403a21fc0a1e4a,146,db1b82e5a5d4a9dfb3b96c7e66c34546444ee8a995578ddfdf403a21fc0a1e4a,146,db1b82e5a5d4a9dfb3b96c7e66c34546444ee8a995578ddfdf403a21fc0a1e4a
170,170__A68278.1.txt,101,A68278.1,A68278.1,1 The Troublesome Reign of King John,Anonymous,1591,1591,5021.01,original DEEP row,history,Adult Professional;Professional,A68278,a5975cf4780289ec532ee7a0b925a1ef52c26240127fdc96d8b4696f1a7ea944,,,1551,73426,dramatic_body=1551,,body=1551,en=1551,,False,,structural,on,corpus-v3-2026-09-08,build_corpus-2026-09-08.v8,1551,1ebf83b7a2ae8314d79fc68399fd80ab80568cc0ee254604cb728aa5bf7b0678,1551,1ebf83b7a2ae8314d79fc68399fd80ab80568cc0ee254604cb728aa5bf7b0678,1551,1ebf83b7a2ae8314d79fc68399fd80ab80568cc0ee254604cb728aa5bf7b0678
171,171__A04520.1.txt,101,A04520.1,A04520.1,1 The Troublesome Reign of King John,Anonymous,1611,1611,5022.01,original DEEP row,history,Adult Professional;Professional,A04520,f10c8a393ec792be5cdbcb9eee1e520a48f01371a73b0f07b7e8033f308da776,,,1630,77006,dramatic_body=1630,,body=1630,en=1630,,False,,structural,on,corpus-v3-2026-09-08,build_corpus-2026-09-08.v8,1630,55e01cb0b8e539b72773b855b156dec1eb43e3e03d4af9414c6e1133a92a3875,1630,55e01cb0b8e539b72773b855b156dec1eb43e3e03d4af9414c6e1133a92a3875,1630,55e01cb0b8e539b72773b855b156dec1eb43e3e03d4af9414c6e1133a92a3875
174,174__A04520.2.txt,102,A04520.2,A04520.3,2 The Troublesome Reign of King John,Anonymous,1611,1611,5022.02,original DEEP row,history,Adult Professional;Professional,A04520,f10c8a393ec792be5cdbcb9eee1e520a48f01371a73b0f07b7e8033f308da776,,,1161,51828,dramatic_body=1161,,body=1161,en=1161,,False,,structural,on,corpus-v3-2026-09-08,build_corpus-2026-09-08.v8,1161,cc63e63c90cfd4d43d93dd97665c2aed334aae7e53b5546718736caab60655cb,1161,cc63e63c90cfd4d43d93dd97665c2aed334aae7e53b5546718736caab60655cb,1161,cc63e63c90cfd4d43d93dd97665c2aed334aae7e53b5546718736caab60655cb
177,177__A17029.txt,103,A17029,A17029,The Royal Entertainment at Cowdray,Anonymous,1591,1591,137,original DEEP row,entertainment; royal entertainment or entry,Occasional;Nonprofessional,A17029,edf276d6367dcbc95ff69276f6cde7b8415629a13e73930dfd906da4ad0bca75,,,54,11647,dramatic_body=6;song=41;speech=7,,body=54,en=52;la=2,,False,,structural,on,corpus-v3-2026-09-08,build_corpus-2026-09-08.v8,54,efc3a2483ea55e1709a5d03c7f4a59bdfd8bb14f73ca9aed3c59e7dea070abe6,52,4a9800d13c9054add2bc83160e2f838d957ed4fc257b058ec0cfd9ff0b2eef86,52,4a9800d13c9054add2bc83160e2f838d957ed4fc257b058ec0cfd9ff0b2eef86
178,178__A15498.txt,104,A15498,A15498,Tancred and Gismund (Gismond of Salerne),"Wilmot, RobertHatton, ChristopherNoel, HenryAl., G.Stafford, Roderick",1591,1591,138,original DEEP row,tragedy,University/Inns of Court;Nonprofessional,A15498,8d07308cbf500d1c266c96a28479544455bdcb44b223fa52dbced38771bf9543,,,1828,77718,dramatic_body=1796;epilogue=32,,body=1828,en=1828,,False,,structural,on,corpus-v3-2026-09-08,build_corpus-2026-09-08.v8,1828,783693bdd81bd8015a9d5a1069245b9245527ae86a27a33df9867ef04ba80a60,1828,783693bdd81bd8015a9d5a1069245b9245527ae86a27a33df9867ef04ba80a60,1796,c12d17ab6141cf40b2cd3b25c5fc4e9b739012a0ad03e5cc35bdf84181633db0
179,179__A06619.txt,105,A06619,A06619,Gallathea,"Lyly, John",1592,1592,140,original DEEP row,comedy,Boys Professional;Professional,A06619,1e28bcac2926189b601471447c6fb25dcb1608f0a0d0d548a1349e7c0f5d4b77,,,493,71882,dramatic_body=490;epilogue=1;prologue=2,,body=491;front=2,en=493,,False,,structural,on,corpus-v3-2026-09-08,build_corpus-2026-09-08.v8,493,d09030d78d5543c5c675adf94aecde02a8018f574a49183d573c3e4ca541e8e0,493,d09030d78d5543c5c675adf94aecde02a8018f574a49183d573c3e4ca541e8e0,490,e82783377be64c6218625270045723e55cf89c1f52fee3db28f24fd57c7f6d8a
181,181__A06621.txt,106,A06621,A06621,Midas,"Lyly, John",1592,1592,141,original DEEP row,comedy,Boys Professional;Professional,A06621,3bcf3da923e42d87bcd3d4c60a619172cf449a7d973790a3688866ed726e7988,,,549,81971,dramatic_body=544;prologue=5,,body=544;front=5,en=549,,False,,structural,on,corpus-v3-2026-09-08,build_corpus-2026-09-08.v8,549,afd756895149f0ac5533114a616f2324bed026df60da30e5f0e337f05c18930c,549,afd756895149f0ac5533114a616f2324bed026df60da30e5f0e337f05c18930c,544,8fca3c517811e71e3621d741d69b8a5982de77364a59ed3a62dd9a8d60964e82
183,183__A20951.txt,107,A20951,A20951,Master Arden of Faversham in Kent,"AnonymousKyd, ThomasShakespeare, WilliamWatson, Thomas",1592,1592,142,original DEEP row,tragedy,Adult Professional;Professional,A20951,73301197e0a92a624b57e6ce7ee31e072a0d650bab68ba0039a92fd7a88429bb,,,2417,101669,dramatic_body=2417,,body=2417,en=2417,,False,,structural,on,corpus-v3-2026-09-08,build_corpus-2026-09-08.v8,2417,8a16ef48209182926239d8e1570bb4f3605f85faaf790ddad0af30251b06e382,2417,8a16ef48209182926239d8e1570bb4f3605f85faaf790ddad0af30251b06e382,2417,8a16ef48209182926239d8e1570bb4f3605f85faaf790ddad0af30251b06e382
187,187__A01502.txt,108,A01502,A01502,Antonius (Antony),"Herbert, Mary SidneyGarnier, RobertSidney Herbert, Mary",1595,1595,146,original DEEP row,tragedy,Translation;Nonprofessional;Closet/Unacted,A01502,60c969a7f55eeb12fcc1bdc9becd623fffb2ebe170afe1c3a57ddacceb0314b7,,,2031,80480,dramatic_body=2031,,body=2031,en=2031,,False,,structural,on,corpus-v3-2026-09-08,build_corpus-2026-09-08.v8,2031,f69faa7e4a167ba786ad85f26d0117262a203ce5653b1c3746529784268e1c28,2031,f69faa7e4a167ba786ad85f26d0117262a203ce5653b1c3746529784268e1c28,2031,f69faa7e4a167ba786ad85f26d0117262a203ce5653b1c3746529784268e1c28
188,188__A12578.txt,109,A12578,A12578,Soliman and Perseda (Zulziman),Anonymous,1592,1592,147,original DEEP row,tragedy,Adult Professional;Professional,A12578,bc605b88957470f8c97b5ef2a17738da844c9b97da0fb97f5742a4df96d5d180,,,2264,95355,dramatic_body=2264,,body=2264,en=2264,,False,,structural,on,corpus-v3-2026-09-08,build_corpus-2026-09-08.v8,2264,2372439928de76761bbd2b9f3001182c54247b5554ac534edc535a4bcceaf730,2264,2372439928de76761bbd2b9f3001182c54247b5554ac534edc535a4bcceaf730,2264,2372439928de76761bbd2b9f3001182c54247b5554ac534edc535a4bcceaf730
190,190__A04942.txt,110,A04942,A04942,The Spanish Tragedy (Hieronimo is Mad Again),"Kyd, Thomas",1592,1592,150,original DEEP row,tragedy,Adult Professional;Professional,A04942,0e4fdd6230b67c766384c1a1fd9affcd6f7795a1ef2cd6012d347d0f197f17f7,,,2743,113914,dramatic_body=2743,,body=2743,en=2743,,False,,structural,on,corpus-v3-2026-09-08,build_corpus-2026-09-08.v8,2743,9fa411bd72aed07f6c89644deaa4c7900a97b2d2cb077538ebf8d1d54ac70b9f,2743,9fa411bd72aed07f6c89644deaa4c7900a97b2d2cb077538ebf8d1d54ac70b9f,2743,9fa411bd72aed07f6c89644deaa4c7900a97b2d2cb077538ebf8d1d54ac70b9f
200,200__A21246.1.txt,111.1,A21246.1,A21246.1.1,The Royal Entertainment at Bisham Abbey,Anonymous,1592,1592,5026.01,original DEEP row,entertainment; royal entertainment or entry,Occasional;Nonprofessional,A21246,fef06cbe44248e8de14f7b5a56c620dbeafbe65bdadd8f9aa5f7d4aa818b6c22,,,88,15182,dramatic_body=87;speech=1,,body=88,en=88,,False,,structural,on,corpus-v3-2026-09-08,build_corpus-2026-09-08.v8,88,6c4c315d861d1a9f2c8c6f2084f41aedace11fe9da6d349d96b11c2cfa5cafb7,88,6c4c315d861d1a9f2c8c6f2084f41aedace11fe9da6d349d96b11c2cfa5cafb7,88,6c4c315d861d1a9f2c8c6f2084f41aedace11fe9da6d349d96b11c2cfa5cafb7
201,201__A21246.2.txt,111.2,A21246.2,A21246.1.2,The Royal Entertainment at Sudeley Castle,Anonymous,1592,1592,5026.02,original DEEP row,entertainment; royal entertainment or entry,Occasional;Nonprofessional,A21246,fef06cbe44248e8de14f7b5a56c620dbeafbe65bdadd8f9aa5f7d4aa818b6c22,,,48,6724,dramatic_body=48,,body=48,en=48,,False,,structural,on,corpus-v3-2026-09-08,build_corpus-2026-09-08.v8,48,eeb491384074acf88da9dcc61791cb0d822472eead3089cf924fa6ca3a0c51b5,48,eeb491384074acf88da9dcc61791cb0d822472eead3089cf924fa6ca3a0c51b5,48,eeb491384074acf88da9dcc61791cb0d822472eead3089cf924fa6ca3a0c51b5
202,202__A21246.3.txt,111.3,A21246.3,A21246.1.0,The Royal Entertainment at Rycote,Anonymous,1592,1592,5026.03,original DEEP row,entertainment; royal entertainment or entry,Occasional;Nonprofessional,A21246,fef06cbe44248e8de14f7b5a56c620dbeafbe65bdadd8f9aa5f7d4aa818b6c22,,,9,8649,dramatic_body=3;speech=6,,body=9,en=9,,False,,structural,on,corpus-v3-2026-09-08,build_corpus-2026-09-08.v8,9,71e6984d0b00e00c5bf59a67ae324dc86c342eef2c7f83e7fafc475b79df9edb,9,71e6984d0b00e00c5bf59a67ae324dc86c342eef2c7f83e7fafc475b79df9edb,9,71e6984d0b00e00c5bf59a67ae324dc86c342eef2c7f83e7fafc475b79df9edb
203,203__A09224.txt,112,A09224,A09224,Edward the First,"Peele, George",1593,1593,162,original DEEP row,history,Adult Professional;Professional,A09224,e352942bf69d2be1ebbbe595040f903a9bd08853129d49d6616994b7f43fad52,,,2232,114568,dramatic_body=2232,,body=2232,en=2232,,False,,structural,on,corpus-v3-2026-09-08,build_corpus-2026-09-08.v8,2232,606e860006de9328ba6d47181081e0ff8649f34cdec94ffb873a9725c7772426,2232,606e860006de9328ba6d47181081e0ff8649f34cdec94ffb873a9725c7772426,2232,606e860006de9328ba6d47181081e0ff8649f34cdec94ffb873a9725c7772426
205,205__A21328.txt,113,A21328,A21328,"Fair Em, the Miller's Daughter of Manchester",Anonymous,1591,1591,164,original DEEP row,comedy,Adult Professional;Professional,A21328,05bdff186e0bffb882a3736537917f3e7bb0b515abadb00cdc36c30bc72f81b0,,,1473,61954,dramatic_body=1473,,body=1473,en=1473,,False,,structural,on,corpus-v3-2026-09-08,build_corpus-2026-09-08.v8,1473,28b9084c3129e8ec8b65b2307cc4f3c21a101a6c8d9e4ba9b819fd2cab976ecc,1473,28b9084c3129e8ec8b65b2307cc4f3c21a101a6c8d9e4ba9b819fd2cab976ecc,1473,28b9084c3129e8ec8b65b2307cc4f3c21a101a6c8d9e4ba9b819fd2cab976ecc
207,207__A13062.txt,114,A13062,A13062,Jack Straw,Anonymous,1593,1593,166,original DEEP row,history,Adult Professional;Professional,A13062,565dff184bdf1d27d24703ecc7e7434cf4115c4d215628798de10a30bc31a8a0,,,843,41807,dramatic_body=843,,body=843,en=843,,False,,structural,on,corpus-v3-2026-09-08,build_corpus-2026-09-08.v8,843,de4249c5dd099c11474a638a3c7aa804a6eca9f2bf7ab382ff7900e6b7436615,843,de4249c5dd099c11474a638a3c7aa804a6eca9f2bf7ab382ff7900e6b7436615,843,de4249c5dd099c11474a638a3c7aa804a6eca9f2bf7ab382ff7900e6b7436615
209,209__A04888.txt,115,A04888,A04888,A Knack to Know a Knave,Anonymous,1594,1594,168,original DEEP row,moral,Adult Professional;Professional,A04888,0106326e595663c3c876083c2d89b12c81344a4fc6027cf39bffada1d3713fc4,,,1723,84962,dramatic_body=1723,,body=1723,en=1723,,False,,structural,on,corpus-v3-2026-09-08,build_corpus-2026-09-08.v8,1723,a00b98b6f3e349e9f3068fafd6e9156af70b36fe4f8ec61a6f3683f0ce9e0ee6,1723,a00b98b6f3e349e9f3068fafd6e9156af70b36fe4f8ec61a6f3683f0ce9e0ee6,1723,a00b98b6f3e349e9f3068fafd6e9156af70b36fe4f8ec61a6f3683f0ce9e0ee6
210,210__A01500.txt,116,A01500,A01500,Cornelia (Pompey the Great His Fair Cornelia's Tragedy),"Garnier, RobertKyd, Thomas",1594,1594,169,original DEEP row,tragedy,Translation;Nonprofessional;Closet/Unacted,A01500,35388f2dbfa3393875fbe2c48621573b090e64e48265fcfea45b13b1003808cf,,,2058,86351,dramatic_body=2058,,body=2058,en=2058,,False,,structural,on,corpus-v3-2026-09-08,build_corpus-2026-09-08.v8,2058,a545b36f439e8f7828fac5340f41522cf93c6a27fa52d5d8514d66f5c6609e27,2058,a545b36f439e8f7828fac5340f41522cf93c6a27fa52d5d8514d66f5c6609e27,2058,a545b36f439e8f7828fac5340f41522cf93c6a27fa52d5d8514d66f5c6609e27
211,211__A12017.txt,117,A12017,A12017,Titus Andronicus,"Peele, GeorgeShakespeare, William",1594,1594,171,original DEEP row,tragedy,Adult Professional;Professional,A12017,86ec11262b8a2424745374e56132954f9979fdf00419c4f09ce14c6ceca5dbc6,,,2431,103961,dramatic_body=2431,,body=2431,en=2431,,False,,structural,on,corpus-v3-2026-09-08,build_corpus-2026-09-08.v8,2431,bae804377ae1d90e6b0fac3f8cc06fe44f73610309cc4088a5ca4d56272d527f,2431,bae804377ae1d90e6b0fac3f8cc06fe44f73610309cc4088a5ca4d56272d527f,2431,bae804377ae1d90e6b0fac3f8cc06fe44f73610309cc4088a5ca4d56272d527f
214,214__A11954.27.txt,117,A11954.27,A11954.27,Titus Andronicus,"Peele, GeorgeShakespeare, WilliamMiddleton, Thomas",1623,1623,5081.27,original DEEP row,tragedy,Adult Professional;Professional,A11954,77d50ab149976a6b0ccf2edfa8ec157a3894f62e44214f6072d1019968d110b1,,,2569,107650,dramatic_body=2569,,body=2569,en=2569,,False,,structural,on,corpus-v3-2026-09-08,build_corpus-2026-09-08.v8,2569,94cac574bed17df7c03cb796fd7c22c6c30785d842a4b6244356a74571d86592,2569,94cac574bed17df7c03cb796fd7c22c6c30785d842a4b6244356a74571d86592,2569,94cac574bed17df7c03cb796fd7c22c6c30785d842a4b6244356a74571d86592
216,216__A06185.txt,118,A06185,A06185,A Looking Glass for London and England,"Lodge, ThomasGreene, Robert",1594,1594,174,original DEEP row,biblical play; moral,Adult Professional;Professional,A06185,ac48514b8b5842d6b5d8db8ede4597a1bd7c2691e2f11da398a34f7f3d4c1ad3,,,1802,101809,dramatic_body=1802,,body=1802,en=1802,,False,,structural,on,corpus-v3-2026-09-08,build_corpus-2026-09-08.v8,1802,396bf8f3f1a1d07940fdb69d318da9c5cf89eb2ef848a4e813d107dfd1289086,1802,396bf8f3f1a1d07940fdb69d318da9c5cf89eb2ef848a4e813d107dfd1289086,1802,396bf8f3f1a1d07940fdb69d318da9c5cf89eb2ef848a4e813d107dfd1289086
222,222__A68931.txt,119,A68931,A68931,2 Henry the Sixth (The First Part of the Contention betwixt the Two Famous Houses of York and Lancaster),"AnonymousMarlowe, ChristopherShakespeare, William",1600,1600,180,original DEEP row,history,Adult Professional;Professional,A68931,1e6f34a4ee1d9686417f386e5bf323b443549b3b3cf8f66dae28f89d3f43c066,,,1760,85460,dramatic_body=1760,,body=1760,en=1760,,False,,structural,on,corpus-v3-2026-09-08,build_corpus-2026-09-08.v8,1760,f6ab160d7e41478f2ae4e38d0163652fd342e36ee22ef8fc4460ed16affad3a0,1760,f6ab160d7e41478f2ae4e38d0163652fd342e36ee22ef8fc4460ed16affad3a0,1760,f6ab160d7e41478f2ae4e38d0163652fd342e36ee22ef8fc4460ed16affad3a0
224,224__A11954.21.txt,119,A11954.21,A11954.21,2 Henry the Sixth (The First Part of the Contention betwixt the Two Famous Houses of York and Lancaster),"AnonymousMarlowe, ChristopherShakespeare, William",1623,1623,5081.21,original DEEP row,history,Adult Professional;Professional,A11954,77d50ab149976a6b0ccf2edfa8ec157a3894f62e44214f6072d1019968d110b1,,,2868,133496,dramatic_body=2868,,body=2868,en=2868,,False,,structural,on,corpus-v3-2026-09-08,build_corpus-2026-09-08.v8,2868,fb31b4b35b4899df79dbc4df4c7e4e691c2cf64fc1a62013efcd4ebdf1363fce,2868,fb31b4b35b4899df79dbc4df4c7e4e691c2cf64fc1a62013efcd4ebdf1363fce,2868,fb31b4b35b4899df79dbc4df4c7e4e691c2cf64fc1a62013efcd4ebdf1363fce
226,226__A13358.txt,120,A13358,A13358,The Taming of a Shrew,Anonymous,1594,1594,181,original DEEP row,comedy,Adult Professional;Professional,A13358,b1329a1fdfd79b88ce1fb4b99f14903271cee83bc3ca6b50d9b3367d8457e93c,,,1504,62812,dramatic_body=1504,,body=1504,en=1504,,False,,structural,on,corpus-v3-2026-09-08,build_corpus-2026-09-08.v8,1504,0120cb73f4817ee798acfa4ed10611e3f8ab13aaaa452f70dd9345f6939d4dfd,1504,0120cb73f4817ee798acfa4ed10611e3f8ab13aaaa452f70dd9345f6939d4dfd,1504,0120cb73f4817ee798acfa4ed10611e3f8ab13aaaa452f70dd9345f6939d4dfd
228,228__A13360.txt,120,A13360,A13360,The Taming of a Shrew,Anonymous,1607,1607,183,original DEEP row,comedy,Adult Professional;Professional,A13360,1bff4bf2a844ff49a9df83fbcccc8a9584c208fa8adf0e8e6b2f920772b16d81,,,1493,62744,dramatic_body=1493,,body=1493,en=1493,,False,,structural,on,corpus-v3-2026-09-08,build_corpus-2026-09-08.v8,1493,99afb024ad0e9fcaacfd357d8383a7bb9c5364fafae41bef6c2bb19d64a1769d,1493,99afb024ad0e9fcaacfd357d8383a7bb9c5364fafae41bef6c2bb19d64a1769d,1493,99afb024ad0e9fcaacfd357d8383a7bb9c5364fafae41bef6c2bb19d64a1769d
229,229__A11954.11.txt,120.5,A11954.11,A11954.11,The Taming of the Shrew,"Shakespeare, William",1623,1623,5081.11,original DEEP row,comedy,Adult Professional;Professional,A11954,77d50ab149976a6b0ccf2edfa8ec157a3894f62e44214f6072d1019968d110b1,,,2333,107831,dramatic_body=2333,,body=2333,en=2333,,False,,structural,on,corpus-v3-2026-09-08,build_corpus-2026-09-08.v8,2333,07d43a2e00122500d1cfcbf7f3719c9d00d6690ffd036bd7786280bb8c44a825,2333,07d43a2e00122500d1cfcbf7f3719c9d00d6690ffd036bd7786280bb8c44a825,2333,07d43a2e00122500d1cfcbf7f3719c9d00d6690ffd036bd7786280bb8c44a825
230,230__A12016.txt,120.5,A12016,A12016,The Taming of the Shrew,"Shakespeare, William",1631,1631,184,original DEEP row,comedy,Adult Professional;Professional,A12016,d0dbdb4144f692f036630b877c8c28998ad7cd8a9bd685ab50678c7d53423da2,,,2335,107719,dramatic_body=2335,,body=2335,en=2335,,False,,structural,on,corpus-v3-2026-09-08,build_corpus-2026-09-08.v8,2335,107531f479f940db7b9d00f3fd5f8e5dda1f5c6209df74e95b019e1be36d1020,2335,107531f479f940db7b9d00f3fd5f8e5dda1f5c6209df74e95b019e1be36d1020,2335,107531f479f940db7b9d00f3fd5f8e5dda1f5c6209df74e95b019e1be36d1020
232,232__A02127.txt,121,A02127,A02127,Friar Bacon and Friar Bongay,"Greene, Robert",1594,1594,185,original DEEP row,comedy,Adult Professional;Professional,A02127,66568c6f72a2b81f225b953d0a5c0e36a398c7af9c92c4f64e4f96d5bbd4b6b4,,,1790,85657,dramatic_body=1790,,body=1790,en=1790,,False,,structural,on,corpus-v3-2026-09-08,build_corpus-2026-09-08.v8,1790,67c0ccd14ae6816e4fb584e7a525b0a4c436b1d14aa08b0d1fa494b1041b275f,1790,67c0ccd14ae6816e4fb584e7a525b0a4c436b1d14aa08b0d1fa494b1041b275f,1790,67c0ccd14ae6816e4fb584e7a525b0a4c436b1d14aa08b0d1fa494b1041b275f
233,233__A02128.txt,121,A02128,A02128,Friar Bacon and Friar Bongay,"Greene, Robert",1630,1630,186,original DEEP row,comedy,Adult Professional;Professional,A02128,d4bee4e982764850406ba222edd1deea1a8257be1cf6982fe25b783deb458c51,,,1848,88968,dramatic_body=1848,,body=1848,en=1848,,False,,structural,on,corpus-v3-2026-09-08,build_corpus-2026-09-08.v8,1848,944487146c2d21937226053ecf30545872d3dc2c1d7d7a2f2f33a214f8de3848,1848,944487146c2d21937226053ecf30545872d3dc2c1d7d7a2f2f33a214f8de3848,1848,944487146c2d21937226053ecf30545872d3dc2c1d7d7a2f2f33a214f8de3848
235,235__A06184.txt,122,A06184,A06184,"The Wounds of Civil War, or Marius and Scilla","Lodge, Thomas",1594,1594,188,original DEEP row,tragedy,Adult Professional;Professional,A06184,46d2cd6f326d14a7db459b512f7fe28b796d4ec2fda04a328a1e3f1f3ee1f56f,,,2414,109232,dramatic_body=2414,,body=2414,en=2414,A06184=1,False,,structural,on,corpus-v3-2026-09-08,build_corpus-2026-09-08.v8,2414,92ff8869a43fe62b3f1ada153c2f246a34b1bfb32b844c4d8eb30d0a1e246970,2414,92ff8869a43fe62b3f1ada153c2f246a34b1bfb32b844c4d8eb30d0a1e246970,2414,92ff8869a43fe62b3f1ada153c2f246a34b1bfb32b844c4d8eb30d0a1e246970
236,236__A02125.txt,123,A02125,A02125,Orlando Furioso,"Greene, Robert",1594,1594,189,original DEEP row,romance,Adult Professional;Professional,A02125,6b05c56b8cd665ff18da51a0d889fc512a21bd6fe254992a1bfcadd35e56bc37,,,1362,59382,dramatic_body=1362,,body=1362,en=1352;la=10,,False,,structural,on,corpus-v3-2026-09-08,build_corpus-2026-09-08.v8,1362,63bbed6bdb0da5185d71e7050105e0a8f0bbe4f03ec619731fc13f8e796ab743,1352,e879a0059dc743f6a3a988e505473cd76d9b7150c1f635ce230b11654cbb068b,1352,e879a0059dc743f6a3a988e505473cd76d9b7150c1f635ce230b11654cbb068b
238,238__A15515.txt,124,A15515,A15515,The Cobbler's Prophecy,"Wilson, Robert",1594,1594,191,original DEEP row,moral,Adult Professional;Professional,A15515,c0a1c0ac3501d16d5599e73ff73d828eb6932b5f8c48bd3a629f32be9db5e672,,,1355,63252,dramatic_body=1341;song=14,,body=1355,en=1355,A15515=1,False,,structural,on,corpus-v3-2026-09-08,build_corpus-2026-09-08.v8,1355,43e7c0b1b58b69e922f76a12ab2902020d93d4cd65c614b9aa4fd53f02c830fd,1355,43e7c0b1b58b69e922f76a12ab2902020d93d4cd65c614b9aa4fd53f02c830fd,1355,43e7c0b1b58b69e922f76a12ab2902020d93d4cd65c614b9aa4fd53f02c830fd
239,239__A06622.txt,125,A06622,A06622,Mother Bombie,"Lyly, John",1594,1594,192,original DEEP row,comedy,Boys Professional;Professional,A06622,b92d9645fd50a5d52e5e1ca0a549a52876ae7cbd710d1a08112040c64539873d,,,910,86635,dramatic_body=835;song=75,,body=910,en=910,,False,,structural,on,corpus-v3-2026-09-08,build_corpus-2026-09-08.v8,910,94c0dd8cc6ae76f6985e8f0a331565eecfb9342768aa2f1d33224682849df527,910,94c0dd8cc6ae76f6985e8f0a331565eecfb9342768aa2f1d33224682849df527,910,94c0dd8cc6ae76f6985e8f0a331565eecfb9342768aa2f1d33224682849df527
242,242__A10730.txt,126,A10730,A10730,The True Tragedy of Richard the Third,Anonymous,1594,1594,194,original DEEP row,tragedy; history,Adult Professional;Professional,A10730,d7ba661da8e98415c8982d96c4a87787c6771ed684c4369ad23b8902bfc56346,,,1208,103693,dramatic_body=1208,,body=1208,en=1208,A10730=1,False,,structural,on,corpus-v3-2026-09-08,build_corpus-2026-09-08.v8,1208,9af9dfc9d55b8412ae236409ca37a9144b52b51ce78499a8a44a91a351f3aae0,1208,9af9dfc9d55b8412ae236409ca37a9144b52b51ce78499a8a44a91a351f3aae0,1208,9af9dfc9d55b8412ae236409ca37a9144b52b51ce78499a8a44a91a351f3aae0
243,243__A09221.txt,127,A09221,A09221,The Battle of Alcazar,"Peele, George",1594,1594,195,original DEEP row,tragedy,Adult Professional;Professional,A09221,24d173806e6788d311c11aea068b088d2cd8abde38238108f143d7f239797448,,,1454,61273,dramatic_body=1454,,body=1454,en=1454,,False,,structural,on,corpus-v3-2026-09-08,build_corpus-2026-09-08.v8,1454,2536e2cdba2603a9f15c375ac22fae4620dc00320e69e9b8dcd3a404f37db517,1454,2536e2cdba2603a9f15c375ac22fae4620dc00320e69e9b8dcd3a404f37db517,1454,2536e2cdba2603a9f15c375ac22fae4620dc00320e69e9b8dcd3a404f37db517
244,244__A07023.txt,128,A07023,A07023,"Dido, Queen of Carthage","Marlowe, ChristopherNashe, Thomas",1594,1594,196,original DEEP row,tragedy,Boys Professional;Professional,A07023,1263b36efb4d2db02a5e05bf75a50add412656b2a74c0bd50f689da49eca4815,,,1734,73333,dramatic_body=1734,,body=1734,en=1734,,False,,structural,on,corpus-v3-2026-09-08,build_corpus-2026-09-08.v8,1734,c4e3268103b38e8255b23bb94b53106dc9e01b4bd14909ce00048d800e443233,1734,c4e3268103b38e8255b23bb94b53106dc9e01b4bd14909ce00048d800e443233,1734,c4e3268103b38e8255b23bb94b53106dc9e01b4bd14909ce00048d800e443233
245,245__A07018.txt,129,A07018,A07018,Edward the Second,"Marlowe, Christopher",1594,1594,197,original DEEP row,history,Adult Professional;Professional,A07018,930736501956c116eeb7bc22039176862086999d0f334d18793bc981e95652db,,,2651,110492,dramatic_body=2651,,body=2651,en=2651,,False,,structural,on,corpus-v3-2026-09-08,build_corpus-2026-09-08.v8,2651,0f32480fdf308a8ce453426b52cb27c2ef409fb5f0dd5bbb52fe0abb4cf3a276,2651,0f32480fdf308a8ce453426b52cb27c2ef409fb5f0dd5bbb52fe0abb4cf3a276,2651,0f32480fdf308a8ce453426b52cb27c2ef409fb5f0dd5bbb52fe0abb4cf3a276
250,250__A19738.txt,131,A19738,A19738,"The Wars of Cyrus, King of Persia",Anonymous,1594,1594,205,original DEEP row,tragedy,Boys Professional;Professional,A19738,700fbfc33ee5d62b4b024b3442608e56243f70f64e5547d7248df790a78d3f84,,,1707,71843,dramatic_body=1707,,body=1707,en=1707,,False,,structural,on,corpus-v3-2026-09-08,build_corpus-2026-09-08.v8,1707,21f2f16f6857ba59532a9c0c1538f718567b2270969048d5b22cc8e859d6bdca,1707,21f2f16f6857ba59532a9c0c1538f718567b2270969048d5b22cc8e859d6bdca,1707,21f2f16f6857ba59532a9c0c1538f718567b2270969048d5b22cc8e859d6bdca
251,251__A19816.1.txt,132,A19816.1,A19816.3,Cleopatra,"Daniel, Samuel",1594,1594,5027.01,original DEEP row,tragedy,Closet/Unacted;Nonprofessional,A19816,a3eb46c21b91acaa708ca26f241fa270d1a0d6e457fe0b69882068cd0c067532,,,1708,72154,chorus=314;dramatic_body=1275;speech=119,,body=1708,en=1708,,False,,structural,on,corpus-v3-2026-09-08,build_corpus-2026-09-08.v8,1708,ee4e0a5c1402b5566d5f00427be46698112a71ddf8850f72c2df51a566955de9,1708,ee4e0a5c1402b5566d5f00427be46698112a71ddf8850f72c2df51a566955de9,1708,ee4e0a5c1402b5566d5f00427be46698112a71ddf8850f72c2df51a566955de9
254,254__A19834.1.txt,132,A19834.1,A19834.4,Cleopatra,"Daniel, Samuel",1599,1599,5047.01,original DEEP row,tragedy,Closet/Unacted;Nonprofessional,A19834,2a4b974c9741c2e105b251244c56ea90a00d6fc146bbdfcfd80886c15191fab7,,,1753,72330,dramatic_body=1753,,body=1753,en=1753,,False,,structural,on,corpus-v3-2026-09-08,build_corpus-2026-09-08.v8,1753,b8c0d22f9ba73e1e6a3fb83a27cf27b2e5f9d3edfbde1840fbcd5d1bcbb9b71f,1753,b8c0d22f9ba73e1e6a3fb83a27cf27b2e5f9d3edfbde1840fbcd5d1bcbb9b71f,1753,b8c0d22f9ba73e1e6a3fb83a27cf27b2e5f9d3edfbde1840fbcd5d1bcbb9b71f
260,260__A07003.txt,133,A07003,A07003,The Massacre at Paris,"Marlowe, Christopher",1596,[1596],207,"reviewed date resolution (same_edition_different_catalogue_dating); raw [1596]; header '1594', sourceDesc '[1594?]'",tragedy,Adult Professional;Professional,A07003,9c79d9c93d11e44e98eb9aa43d60b61716bd409852364f3367068bce21e373e2,,,1174,51345,dramatic_body=1174,,body=1174,en=1174,,False,,structural,on,corpus-v3-2026-09-08,build_corpus-2026-09-08.v8,1174,f62bed96b2ba693f67876602f49d58dcb16fee8117c4bb5684e1790cbd57de3a,1174,f62bed96b2ba693f67876602f49d58dcb16fee8117c4bb5684e1790cbd57de3a,1174,f62bed96b2ba693f67876602f49d58dcb16fee8117c4bb5684e1790cbd57de3a
261,261__A15516.txt,134,A15516,A15516,The Pedlar's Prophecy,Anonymous,1595,1595,208,original DEEP row,moral,Interlude;Nonprofessional,A15516,2cd77d4015cf603082b2ac0b06edfa8708d3f14123d32b74a878665ea7fad717,,,1568,71945,dramatic_body=1475;epilogue=16;prologue=77,,body=1568,en=1568,,False,,structural,on,corpus-v3-2026-09-08,build_corpus-2026-09-08.v8,1568,42b62de726365faf2b75f9f6e4f7879fdf73a643457df2d2c5554a7b8940a216,1568,42b62de726365faf2b75f9f6e4f7879fdf73a643457df2d2c5554a7b8940a216,1475,458a52abe5e4757bd8b28b465b4f534679caacfccc41b8122f60f470e8f3d6b3
263,263__A11262.txt,136,A11262,A11262,"Locrine, the Eldest Son of King Brutus","S., W.",1595,1595,210,original DEEP row,tragedy,Adult Professional;Professional,A11262,de578cfcbcae2ffaf703e9a2a41e7fcc15024e49c9922044fe820ef490413dc8,,,1880,86831,dramatic_body=1880,,body=1880,en=1880,,False,,structural,on,corpus-v3-2026-09-08,build_corpus-2026-09-08.v8,1880,9e0ea9ff31daf979eb0ef9b7f38b77f096861f5c623bf8cfae99f7d7411d92ad,1880,9e0ea9ff31daf979eb0ef9b7f38b77f096861f5c623bf8cfae99f7d7411d92ad,1880,9e0ea9ff31daf979eb0ef9b7f38b77f096861f5c623bf8cfae99f7d7411d92ad
264,264__A09232.txt,137,A09232,A09232,The Old Wives Tale,"Peele, George",1595,1595,211,original DEEP row,romance,Adult Professional;Professional,A09232,2c4869683721dbe4c4d7d01e20fa6d59e992550b5c528fc5ac129fbcd719d287,,,542,39714,dramatic_body=542,,body=542,en=542,,False,,structural,on,corpus-v3-2026-09-08,build_corpus-2026-09-08.v8,542,99e5cb97bb7fa13b5f185d38de73cba7f80a04b1d84b6183c3b7fced388d4c16,542,99e5cb97bb7fa13b5f185d38de73cba7f80a04b1d84b6183c3b7fced388d4c16,542,99e5cb97bb7fa13b5f185d38de73cba7f80a04b1d84b6183c3b7fced388d4c16
265,265__A10726.txt,138,A10726,A10726,3 Henry the Sixth (The True Tragedy of Richard Duke of York and the Good King Henry the Sixth),"AnonymousMarlowe, ChristopherShakespeare, William",1595,1595,212,original DEEP row,history,Adult Professional;Professional,A10726,e9ea6059eb1eed8751839291fc396929001fc058ea714aa0f36b241039d4084c,,,2063,89154,dramatic_body=2063,,body=2063,en=2063,,False,,structural,on,corpus-v3-2026-09-08,build_corpus-2026-09-08.v8,2063,acf014d78045c346e9870d2806d067a60e6a1167fceae8df0ba0f0f01d740335,2063,acf014d78045c346e9870d2806d067a60e6a1167fceae8df0ba0f0f01d740335,2063,acf014d78045c346e9870d2806d067a60e6a1167fceae8df0ba0f0f01d740335
268,268__A11954.22.txt,138,A11954.22,A11954.22,3 Henry the Sixth (The True Tragedy of Richard Duke of York and the Good King Henry the Sixth),"AnonymousMarlowe, ChristopherShakespeare, William",1623,1623,5081.22,original DEEP row,history,Adult Professional;Professional,A11954,77d50ab149976a6b0ccf2edfa8ec157a3894f62e44214f6072d1019968d110b1,,,2963,128194,dramatic_body=2963,,body=2963,en=2963,,False,,structural,on,corpus-v3-2026-09-08,build_corpus-2026-09-08.v8,2963,afee980069b596f5f0ee9c746623b23c92f38fcfa1bfb3773a76039ed1c40031,2963,afee980069b596f5f0ee9c746623b23c92f38fcfa1bfb3773a76039ed1c40031,2963,afee980069b596f5f0ee9c746623b23c92f38fcfa1bfb3773a76039ed1c40031
270,270__A04889.txt,139,A04889,A04889,A Knack to Know an Honest Man,Anonymous,1596,1596,214,original DEEP row,tragicomedy,Adult Professional;Professional,A04889,fe2ed4b66750d6abeff3b5a3b1dad32d989c5e28608a5ce9a5cb126252f98d90,,,1614,70169,dramatic_body=1614,,body=1614,en=1614,,False,,structural,on,corpus-v3-2026-09-08,build_corpus-2026-09-08.v8,1614,83bf6c0407ab6df00462dd66fefad5992956362214c8340233d0aa00d5f8b815,1614,83bf6c0407ab6df00462dd66fefad5992956362214c8340233d0aa00d5f8b815,1614,83bf6c0407ab6df00462dd66fefad5992956362214c8340233d0aa00d5f8b815
271,271__A21144.txt,140,A21144,A21144,The Reign of King Edward the Third,"AnonymousShakespeare, William",1596,1596,215,original DEEP row,history,Adult Professional;Professional,A21144,1f55cb332e698204bb9968a8fca3304f63e06d86ab74722f83c3eda94e08c091,,,2503,106330,dramatic_body=2503,,body=2503,en=2503,,False,,structural,on,corpus-v3-2026-09-08,build_corpus-2026-09-08.v8,2503,a343f5a39a9f5b1efb109e9501fcc5b3a0fa2bccb4627e68b5678da0ca42e1d0,2503,a343f5a39a9f5b1efb109e9501fcc5b3a0fa2bccb4627e68b5678da0ca42e1d0,2503,a343f5a39a9f5b1efb109e9501fcc5b3a0fa2bccb4627e68b5678da0ca42e1d0
273,273__A11994.txt,141,A11994,A11994,Richard the Second,"Shakespeare, William",1597,1597,217,original DEEP row,tragedy; history,Adult Professional;Professional,A11994,9a19982999451c97c8d75490974c89063cfaf378a19d8de5908a155da89577b6,,,2605,111042,dramatic_body=2605,,body=2605,en=2605,,False,,structural,on,corpus-v3-2026-09-08,build_corpus-2026-09-08.v8,2605,1fdf5dfeb20a57b971d908d2e9c13981c234011031386d3c29e9622bb10a79bf,2605,1fdf5dfeb20a57b971d908d2e9c13981c234011031386d3c29e9622bb10a79bf,2605,1fdf5dfeb20a57b971d908d2e9c13981c234011031386d3c29e9622bb10a79bf
278,278__A11954.16.txt,141,A11954.16,A11954.16,Richard the Second,"Shakespeare, William",1623,1623,5081.16,original DEEP row,tragedy; history,Adult Professional;Professional,A11954,77d50ab149976a6b0ccf2edfa8ec157a3894f62e44214f6072d1019968d110b1,,,2735,117541,dramatic_body=2735,,body=2735,en=2735,,False,,structural,on,corpus-v3-2026-09-08,build_corpus-2026-09-08.v8,2735,34b0489891f6efe5886fdcc3f2d459b6cf94ee2dd3363239d37f3e9ba0954dc6,2735,34b0489891f6efe5886fdcc3f2d459b6cf94ee2dd3363239d37f3e9ba0954dc6,2735,34b0489891f6efe5886fdcc3f2d459b6cf94ee2dd3363239d37f3e9ba0954dc6
281,281__A12001.txt,142,A12001,A12001,Richard the Third,"Shakespeare, William",1597,1597,225,original DEEP row,tragedy; history,Adult Professional;Professional,A12001,3743af14e37612d37b1927d96e107755e378dfc742b22fd4121fe027543af228,,,3422,143595,dramatic_body=3422,,body=3422,en=3422,,False,,structural,on,corpus-v3-2026-09-08,build_corpus-2026-09-08.v8,3422,518bcfa675365d936d334ea1b5eacc88156a22644eba4732fded2995b8613244,3422,518bcfa675365d936d334ea1b5eacc88156a22644eba4732fded2995b8613244,3422,518bcfa675365d936d334ea1b5eacc88156a22644eba4732fded2995b8613244
287,287__A11954.23.txt,142,A11954.23,A11954.23,Richard the Third,"Shakespeare, William",1623,1623,5081.23,original DEEP row,tragedy; history,Adult Professional;Professional,A11954,77d50ab149976a6b0ccf2edfa8ec157a3894f62e44214f6072d1019968d110b1,,,3656,153359,dramatic_body=3656,,body=3656,en=3656,,False,,structural,on,corpus-v3-2026-09-08,build_corpus-2026-09-08.v8,3656,5e0a3915181588db2360a040c1cac3e43fd77d16201ffc81724a8fb09997d364,3656,5e0a3915181588db2360a040c1cac3e43fd77d16201ffc81724a8fb09997d364,3656,5e0a3915181588db2360a040c1cac3e43fd77d16201ffc81724a8fb09997d364
291,291__A12010.txt,143,A12010,A12010,Romeo and Juliet,"Shakespeare, William",1597,1597,233,original DEEP row,tragedy,Adult Professional;Professional,A12010,95ac59760235c334f68d57c29c06080567ddce568d277b1285fbf02e73ecb164,,,1970,90847,dramatic_body=1958;prologue=12,,body=1958;front=12,en=1970,,False,,structural,on,corpus-v3-2026-09-08,build_corpus-2026-09-08.v8,1970,10bc5a1bcf6e705863d6f31fbd683a66eeb91cbf2679daef481a08bb08f9b643,1970,10bc5a1bcf6e705863d6f31fbd683a66eeb91cbf2679daef481a08bb08f9b643,1958,5661649e2c2601a7da3dfb5be37a98f072b458b376b983faf172e222a11b3864
294,294__A11954.28.txt,143,A11954.28,A11954.28,Romeo and Juliet,"Shakespeare, William",1623,1623,5081.28,original DEEP row,tragedy,Adult Professional;Professional,A11954,77d50ab149976a6b0ccf2edfa8ec157a3894f62e44214f6072d1019968d110b1,,,2828,126052,dramatic_body=2828,,body=2828,en=2828,,False,,structural,on,corpus-v3-2026-09-08,build_corpus-2026-09-08.v8,2828,e775ed862ba4e65c27ed00a196fd3b9f5bfa9c70437af8b491d20d93e42d250b,2828,e775ed862ba4e65c27ed00a196fd3b9f5bfa9c70437af8b491d20d93e42d250b,2828,e775ed862ba4e65c27ed00a196fd3b9f5bfa9c70437af8b491d20d93e42d250b
298,298__A06629.txt,144,A06629,A06629,The Woman in the Moon,"Lyly, John",1597,1597,239,original DEEP row,comedy,Boys Professional;Professional,A06629,b1fe570d7e835be171a84ca379bfd1c0d2d8adbb335b73cb766d9edf3277310c,,,1550,66245,dramatic_body=1531;prologue=19,,body=1531;front=19,en=1550,A06629=1,False,,structural,on,corpus-v3-2026-09-08,build_corpus-2026-09-08.v8,1550,a00b91e198206b6a1e1006630f4964f35f71ddef336adaa1487d55948f312dd6,1550,a00b91e198206b6a1e1006630f4964f35f71ddef336adaa1487d55948f312dd6,1531,787f4ac22c46ac981bc84868589edc0d2577e04e93d3d2e06cb8e85c7367a84d
300,300__A11966.txt,145,A11966,A11966,1 Henry the Fourth,"Shakespeare, William",1598,1598,241,original DEEP row,history,Adult Professional;Professional,A11966,390ea56f264991638235532302daa7a0bf6be2c1cb4a38148391d47dfd5c66ba,,,2145,126410,dramatic_body=2145,,body=2145,en=2145,,False,,structural,on,corpus-v3-2026-09-08,build_corpus-2026-09-08.v8,2145,ae2f41c09ea285706a191abdbb02c950218dfe17290b3cac5e31253b64138e22,2145,ae2f41c09ea285706a191abdbb02c950218dfe17290b3cac5e31253b64138e22,2145,ae2f41c09ea285706a191abdbb02c950218dfe17290b3cac5e31253b64138e22
306,306__A11954.17.txt,145,A11954.17,A11954.17,1 Henry the Fourth,"Shakespeare, William",1623,1623,5081.17,original DEEP row,history,Adult Professional;Professional,A11954,77d50ab149976a6b0ccf2edfa8ec157a3894f62e44214f6072d1019968d110b1,,,2205,127873,dramatic_body=2205,,body=2205,en=2205,,False,,structural,on,corpus-v3-2026-09-08,build_corpus-2026-09-08.v8,2205,7939bfe293ca3168c3c23c06a7b69d132cb6b90c7a6e86be02f2493f6603d9d4,2205,7939bfe293ca3168c3c23c06a7b69d132cb6b90c7a6e86be02f2493f6603d9d4,2205,7939bfe293ca3168c3c23c06a7b69d132cb6b90c7a6e86be02f2493f6603d9d4
310,310__A18402.txt,146,A18402,A18402,The Blind Beggar of Alexandria (Irus),"Chapman, George",1598,1598,249,original DEEP row,comedy,Adult Professional;Professional,A18402,5f3520a03aac3c11b0425b2076dd2c696999a9074bcd0055913cfe89076927d7,,,1377,67303,dramatic_body=1377,,body=1377,en=1377,,True,,structural,on,corpus-v3-2026-09-08,build_corpus-2026-09-08.v8,1377,e0e64b2ac63bda7f8b58b1580644647e05bb6c06554aca4c564c13ff351e7102,1377,e0e64b2ac63bda7f8b58b1580644647e05bb6c06554aca4c564c13ff351e7102,1377,e0e64b2ac63bda7f8b58b1580644647e05bb6c06554aca4c564c13ff351e7102
314,314__A02168.txt,149,A02168,A02168,The Scottish History of James the Fourth,"Greene, Robert",1598,1598,255,original DEEP row,romance,Adult Professional;Professional,A02168,f0afc37d4207473ae017dc99f5cd06f4d8a1cfccec5a1f2d0ed43321e127c169,,,2211,105726,chorus=90;dramatic_body=2121,,body=2211,en=2211,,False,,structural,on,corpus-v3-2026-09-08,build_corpus-2026-09-08.v8,2211,53ef2c16b24f4a751c8ccee1fabc59cb244b7b33554672357e8466d7e1aa282f,2211,53ef2c16b24f4a751c8ccee1fabc59cb244b7b33554672357e8466d7e1aa282f,2211,53ef2c16b24f4a751c8ccee1fabc59cb244b7b33554672357e8466d7e1aa282f
315,315__A68726.txt,150,A68726,A68726,Love's Labor's Lost,"Shakespeare, William",1598,1598,256,original DEEP row,comedy,Adult Professional;Professional,A68726,ba2ad5e7a676403f0a16dae38f5620e0cb4175746a71eb147b77f7986b5e34c1,,,1931,97972,dramatic_body=1931,,body=1931,en=1931,,False,,structural,on,corpus-v3-2026-09-08,build_corpus-2026-09-08.v8,1931,ecf0f32733bdfc3538973fdb7a6e2fad26ab280a040afada02b5662324abe3b0,1931,ecf0f32733bdfc3538973fdb7a6e2fad26ab280a040afada02b5662324abe3b0,1931,ecf0f32733bdfc3538973fdb7a6e2fad26ab280a040afada02b5662324abe3b0
316,316__A11954.7.txt,150,A11954.7,A11954.7,Love's Labor's Lost,"Shakespeare, William",1623,1623,5081.07,original DEEP row,comedy,Adult Professional;Professional,A11954,77d50ab149976a6b0ccf2edfa8ec157a3894f62e44214f6072d1019968d110b1,,,2269,113040,dramatic_body=2269,,body=2269,en=2269,,False,,structural,on,corpus-v3-2026-09-08,build_corpus-2026-09-08.v8,2269,c45910443661c4ed5a6adfddbda71fab3c0f0518f664569f8b1ccb08980aec1c,2269,c45910443661c4ed5a6adfddbda71fab3c0f0518f664569f8b1ccb08980aec1c,2269,c45910443661c4ed5a6adfddbda71fab3c0f0518f664569f8b1ccb08980aec1c
319,319__A07859.txt,151,A07859,A07859,Mucedorus (and Amadine),Anonymous,1598,1598,258,original DEEP row,romance,Adult Professional;Professional,A07859,d345521961193271d2fe553108f182991b11c3bc3856fdcc3060896b6744fddc,,,1179,56180,dramatic_body=1179,,body=1179,en=1179,,False,,structural,on,corpus-v3-2026-09-08,build_corpus-2026-09-08.v8,1179,12d22aab53ebeb6024059be07fd1e0efa827a6d8a86add5ffff95526e5bfd537,1179,12d22aab53ebeb6024059be07fd1e0efa827a6d8a86add5ffff95526e5bfd537,1179,12d22aab53ebeb6024059be07fd1e0efa827a6d8a86add5ffff95526e5bfd537
345,345__A03224.1.txt,153,A03224.1,A03224.1.1,1 Edward the Fourth,"Heywood, Thomas",1600,1600,5049.01,original DEEP row,history,Adult Professional;Professional,A03224,f9460a9c2a1348e2cda84947b580445fcd763fc0303f5924bf932bb63edff5c2,,,2345,117946,dramatic_body=2345,,body=2345,en=2345,,False,,structural,on,corpus-v3-2026-09-08,build_corpus-2026-09-08.v8,2345,15db0efef80bdc1e365f8c31cc7a99033c335b2ab34c417f90f83ab9cfe1b32c,2345,15db0efef80bdc1e365f8c31cc7a99033c335b2ab34c417f90f83ab9cfe1b32c,2345,15db0efef80bdc1e365f8c31cc7a99033c335b2ab34c417f90f83ab9cfe1b32c
351,351__A03224.2.txt,154,A03224.2,A03224.1.2,2 Edward the Fourth,"Heywood, Thomas",1600,1600,5049.02,original DEEP row,history,Adult Professional;Professional,A03224,f9460a9c2a1348e2cda84947b580445fcd763fc0303f5924bf932bb63edff5c2,,,3010,128238,dramatic_body=3010,,body=3010,en=3010,,False,,structural,on,corpus-v3-2026-09-08,build_corpus-2026-09-08.v8,3010,c9cb82c93b22ae8204c64391392dd271948cae103db40fec4f44ada2bd6141eb,3010,c9cb82c93b22ae8204c64391392dd271948cae103db40fec4f44ada2bd6141eb,3010,c9cb82c93b22ae8204c64391392dd271948cae103db40fec4f44ada2bd6141eb
357,357__A02091.txt,156,A02091,A02091,"Alphonsus, King of Aragon","Greene, Robert",1599,1599,275,original DEEP row,romance,Adult Professional;Professional,A02091,e385d506abeb76bb84fc38b9be7670887b43236653a437f10e4f166a23eb687a,,,1419,59481,dramatic_body=1419,,body=1419,en=1419,,False,,structural,on,corpus-v3-2026-09-08,build_corpus-2026-09-08.v8,1419,dfc9dccf6c63cfa29d5272b21ba44c2e865a2a7a17cc0f7c1ce81d03aa32db72,1419,dfc9dccf6c63cfa29d5272b21ba44c2e865a2a7a17cc0f7c1ce81d03aa32db72,1419,dfc9dccf6c63cfa29d5272b21ba44c2e865a2a7a17cc0f7c1ce81d03aa32db72
359,359__A02070.txt,158,A02070,A02070,"George a Green, the Pinner of Wakefield","Greene, Robert",1599,1599,277,original DEEP row,romance,Adult Professional;Professional,A02070,cc96a88a0f4605bebcd2f41a7331dd10cdc34bd88c1a4a55e5e65a7083ce60dc,,,1043,41619,dramatic_body=1043,,body=1043,en=1043,,False,,structural,on,corpus-v3-2026-09-08,build_corpus-2026-09-08.v8,1043,bd9dfb701d37b3233c95474b6acdece2d92417b2f7fe717296c1e912acaf0d6f,1043,bd9dfb701d37b3233c95474b6acdece2d92417b2f7fe717296c1e912acaf0d6f,1043,bd9dfb701d37b3233c95474b6acdece2d92417b2f7fe717296c1e912acaf0d6f
361,361__A09228.txt,160,A09228,A09228,The Love of King David and Fair Bathsheba,"Peele, George",1599,1599,280,original DEEP row,biblical play; history,Adult Professional;Professional,A09228,d0c0676e385a028f36833dea9c6651033c61e9f6f8fac611688b7ce0b7940f85,,,1919,81661,dramatic_body=1886;prologue=23;song=10,,body=1919,en=1919,,False,,structural,on,corpus-v3-2026-09-08,build_corpus-2026-09-08.v8,1919,40fa4bbff04993f3ffa66904bb487b9b117cf45040fcab8091c510363859a184,1919,40fa4bbff04993f3ffa66904bb487b9b117cf45040fcab8091c510363859a184,1896,49c7aec31617f612ed86183b7b920c5f9ebcfbb51adee1077e3a30c9d165a0e5
363,363__A09857.txt,161,A09857,A09857,1 The Two Angry Women of Abingdon,"Porter, Henry",1599,1599,282,original DEEP row,comedy,Adult Professional;Professional,A09857,a4486cd4e9c4adb73fb2957ba576af6e1e427334bac45fa7d5b7950b015f0676,,,2678,127571,dramatic_body=2677;prologue=1,,body=2677;front=1,en=2678,,False,,structural,on,corpus-v3-2026-09-08,build_corpus-2026-09-08.v8,2678,690c2bb9276713c6b9224c7cedff3108895e78a5cae0d4f7ec0ccbb18d847842,2678,690c2bb9276713c6b9224c7cedff3108895e78a5cae0d4f7ec0ccbb18d847842,2677,2c93c29c7312a41bdc3636504da868835d5c91d90a3d3ceb70e5154a31b86548
364,364__A20076.txt,162,A20076,A20076,Old Fortunatus,"Dekker, Thomas",1600,1600,283,original DEEP row,romance,Adult Professional;Professional,A20076,f7a3a8c062288a2c95fa5324b3fafea120cd7c7265b69bef5ec87d5aa494a44e,,,2298,129631,dramatic_body=2192;epilogue=26;prologue=68;song=12,,body=2230;front=68,en=2298,,False,,structural,on,corpus-v3-2026-09-08,build_corpus-2026-09-08.v8,2298,2506489fa6e9e1f1cb4d3f8458bdb4e25aa54c637e93b414a8c9327d5756a48c,2298,2506489fa6e9e1f1cb4d3f8458bdb4e25aa54c637e93b414a8c9327d5756a48c,2204,d6c7b82703f22ef587186dbf2829a06d9dde5be2b56cbbf3495a4af339d64cde
365,365__A04648.txt,163,A04648,A04648,Every Man Out of His Humor,"Jonson, Ben",1600,1600,284,original DEEP row,comedy,Adult Professional;Professional,A04648,c02752e65dfca85e79ecc536513b60ed1d6b54f9b21cfae1598190a37c9f512d,,,2266,197897,dramatic_body=1989;induction=277,,body=2266,en=2266,,False,,structural,on,corpus-v3-2026-09-08,build_corpus-2026-09-08.v8,2266,67e46c40c11425b710dd55e4fcd4cf949d177fa18c12de39fea7209815bb4ef1,2266,67e46c40c11425b710dd55e4fcd4cf949d177fa18c12de39fea7209815bb4ef1,2266,67e46c40c11425b710dd55e4fcd4cf949d177fa18c12de39fea7209815bb4ef1
368,368__A04632.2.txt,163,A04632.2,A04632.2,Every Man Out of His Humor,"Jonson, Ben",1616,1616,5074.02,corrected from DEEP official export (edition-representative record; title-page state unverified),comedy,Adult Professional;Professional,A04632,89e919d1d63db5097d168e5749be7da7b3268e27f05c0c1ca53ffc0921fac5bc,,,2188,197013,dramatic_body=2188,,body=2188,en=2188,,False,,structural,on,corpus-v3-2026-09-08,build_corpus-2026-09-08.v8,2188,8da94a04c60150f8774ffc3e23e42a84399d399fd6e21c5d5a3a1e78f42a334a,2188,8da94a04c60150f8774ffc3e23e42a84399d399fd6e21c5d5a3a1e78f42a334a,2188,8da94a04c60150f8774ffc3e23e42a84399d399fd6e21c5d5a3a1e78f42a334a
370,370__A06742.txt,164,A06742,A06742,The Maid's Metamorphosis,Anonymous,1600,1600,287,original DEEP row,pastoral; romance,Boys Professional;Professional,A06742,b9c6d269e114554975c86fb4363fbd6052072c4900f7c0fe7f7b49958ad08468,,,1771,73269,dramatic_body=1757;prologue=14,,body=1771,en=1771,,False,,structural,on,corpus-v3-2026-09-08,build_corpus-2026-09-08.v8,1771,2c22bcd310867946af608c5d40b44f3e78ba8d1f0ebdde0de0d6e4a057dc2e12,1771,2c22bcd310867946af608c5d40b44f3e78ba8d1f0ebdde0de0d6e4a057dc2e12,1757,739cbaffc4ae1357913dd16744127b104db93955c07e4783f54647a257435b15
371,371__A11975.txt,165,A11975,A11975,Henry the Fifth,"Shakespeare, William",1600,1600,288,original DEEP row,history,Adult Professional;Professional,A11975,451dfa0a730729700e8988f51082b4d1c7f4dbc2c284c37f69f7ebf363182af5,,,1623,64638,dramatic_body=1623,,body=1623,en=1623,,False,,structural,on,corpus-v3-2026-09-08,build_corpus-2026-09-08.v8,1623,d7a37fae5af8c7ef3bcc2be3e5283536a8665d8dc5ebe94b0fff88f02c6f5027,1623,d7a37fae5af8c7ef3bcc2be3e5283536a8665d8dc5ebe94b0fff88f02c6f5027,1623,d7a37fae5af8c7ef3bcc2be3e5283536a8665d8dc5ebe94b0fff88f02c6f5027
374,374__A11954.19.txt,165,A11954.19,A11954.19,Henry the Fifth,"Shakespeare, William",1623,1623,5081.19,original DEEP row,history,Adult Professional;Professional,A11954,77d50ab149976a6b0ccf2edfa8ec157a3894f62e44214f6072d1019968d110b1,,,2325,139545,dramatic_body=2291;prologue=34,,body=2325,en=2325,,False,,structural,on,corpus-v3-2026-09-08,build_corpus-2026-09-08.v8,2325,3a2d6f129778cd0519f9744d295581e1a12982bc079b0a0b94ba3cb18fe47d6d,2325,3a2d6f129778cd0519f9744d295581e1a12982bc079b0a0b94ba3cb18fe47d6d,2291,e1275b81c4ecfa7ee0fbbca3edbc8f9d5d23774a40438e067618e4a4edce6135
376,376__A08469.txt,166,A08469,A08469,1 Sir John Oldcastle,"Wilson, RobertDrayton, MichaelMunday, AnthonyHathaway, Richard",1600,1600,291,original DEEP row,history,Adult Professional;Professional,A08469,28e7ece438db57ac712d4d9373d248e10d500d790621e37fee489bb29b1a7356,,,2154,111628,dramatic_body=2140;prologue=14,,body=2140;front=14,en=2154,,False,,structural,on,corpus-v3-2026-09-08,build_corpus-2026-09-08.v8,2154,8bc06d98512cfa4656b57ebf38ce3bf0143008ccc4a4117514af17b97584025d,2154,8bc06d98512cfa4656b57ebf38ce3bf0143008ccc4a4117514af17b97584025d,2140,79659a08d4a651c6e5bfc5539f14e5c8ebafc1e9fcf6bf8df2c7b5ba644036da
378,378__A11974.txt,167,A11974,A11974,2 Henry the Fourth,"Shakespeare, William",1600,1600,293,original DEEP row,history,Adult Professional;Professional,A11974,7a82a40d17e8f3fdc17fe261c93c036d808e9c13dc027a6bbb0ac8497823e5b6,,,1874,124892,dramatic_body=1871;epilogue=3,,back=3;body=1871,en=1874,,False,,structural,on,corpus-v3-2026-09-08,build_corpus-2026-09-08.v8,1874,5755bba574a4a50169b9d16ad27efa26b8f981a18f59fa52020251e5de64b50d,1874,5755bba574a4a50169b9d16ad27efa26b8f981a18f59fa52020251e5de64b50d,1871,925351be1f2a164bdaa99773d843e7ec17bca848f8759015c8da9e21eaf67556
379,379__A11954.18.txt,167,A11954.18,A11954.18,2 Henry the Fourth,"Shakespeare, William",1623,1623,5081.18,original DEEP row,history,Adult Professional;Professional,A11954,77d50ab149976a6b0ccf2edfa8ec157a3894f62e44214f6072d1019968d110b1,,,2228,137445,dramatic_body=2225;epilogue=3,,body=2228,en=2228,,False,,structural,on,corpus-v3-2026-09-08,build_corpus-2026-09-08.v8,2228,efcae47c27bc46a648524495fbbfc80de969bec64e54efee07f2579a8958ae2d,2228,efcae47c27bc46a648524495fbbfc80de969bec64e54efee07f2579a8958ae2d,2225,6192992010ba47042cd7b83936cbedcfc3a47134f8e6614ed460ffdacd74f6e9
381,381__A11991.txt,168,A11991,A11991,Much Ado About Nothing,"Shakespeare, William",1600,1600,295,original DEEP row,comedy,Adult Professional;Professional,A11991,4093871e5b95faa61f1e68e38ae47af6c33aa17271615883e9660034ad75d30d,,,1507,108008,dramatic_body=1507,,body=1507,en=1507,,False,,structural,on,corpus-v3-2026-09-08,build_corpus-2026-09-08.v8,1507,25926dafda9c8ccd13fc1c88ed123117995e153e91f615a4d5db25fb04a7a84d,1507,25926dafda9c8ccd13fc1c88ed123117995e153e91f615a4d5db25fb04a7a84d,1507,25926dafda9c8ccd13fc1c88ed123117995e153e91f615a4d5db25fb04a7a84d
382,382__A11954.6.txt,168,A11954.6,A11954.6,Much Ado About Nothing,"Shakespeare, William",1623,1623,5081.06,original DEEP row,comedy,Adult Professional;Professional,A11954,77d50ab149976a6b0ccf2edfa8ec157a3894f62e44214f6072d1019968d110b1,,,1503,108132,dramatic_body=1503,,body=1503,en=1503,,False,,structural,on,corpus-v3-2026-09-08,build_corpus-2026-09-08.v8,1503,c1fef5e802c96877edb84aa0f4529739c6966b41a92e887096d2df1c7a639d2e,1503,c1fef5e802c96877edb84aa0f4529739c6966b41a92e887096d2df1c7a639d2e,1503,c1fef5e802c96877edb84aa0f4529739c6966b41a92e887096d2df1c7a639d2e
385,385__A11989.txt,170,A11989,A11989,A Midsummer Night's Dream,"Shakespeare, William",1600,1600,297,original DEEP row,comedy,Adult Professional;Professional,A11989,e437bd27914a1a508ccc68f114d8fff82d784fff19c6e1c931864d084021d40c,,,1862,87696,dramatic_body=1862,,body=1862,en=1862,,False,,structural,on,corpus-v3-2026-09-08,build_corpus-2026-09-08.v8,1862,c497cb39ced63107691ea6b5ebe29c5ce6f87bc50fee57b842b874c7b5a44811,1862,c497cb39ced63107691ea6b5ebe29c5ce6f87bc50fee57b842b874c7b5a44811,1862,c497cb39ced63107691ea6b5ebe29c5ce6f87bc50fee57b842b874c7b5a44811
387,387__A11954.8.txt,170,A11954.8,A11954.8,A Midsummer Night's Dream,"Shakespeare, William",1623,1623,5081.08,original DEEP row,comedy,Adult Professional;Professional,A11954,77d50ab149976a6b0ccf2edfa8ec157a3894f62e44214f6072d1019968d110b1,,,1871,86480,dramatic_body=1871,,body=1871,en=1871,,False,,structural,on,corpus-v3-2026-09-08,build_corpus-2026-09-08.v8,1871,8ba9c2c909c9b580502e58bffa7cd0564ea4d27011c422ba381dbdbc8f77d752,1871,8ba9c2c909c9b580502e58bffa7cd0564ea4d27011c422ba381dbdbc8f77d752,1871,8ba9c2c909c9b580502e58bffa7cd0564ea4d27011c422ba381dbdbc8f77d752
391,391__A68727.txt,172,A68727,A68727,The Merchant of Venice (The Jew of Venice),"Shakespeare, William",1600,1600,301,original DEEP row,comedy,Adult Professional;Professional,A68727,7dbcde8111fd7f170cf089887c92463a89a6ca322c582ec69a92f3a9517cd0a2,,,1912,101028,dramatic_body=1912,,body=1912,en=1912,,False,,structural,on,corpus-v3-2026-09-08,build_corpus-2026-09-08.v8,1912,0eb19f1785b44fdf8089887517b36ef4b83783a8e90bcd16fd5661c756f06c49,1912,0eb19f1785b44fdf8089887517b36ef4b83783a8e90bcd16fd5661c756f06c49,1912,0eb19f1785b44fdf8089887517b36ef4b83783a8e90bcd16fd5661c756f06c49
392,392__A11981.txt,172,A11981,A11981,The Merchant of Venice (The Jew of Venice),"Shakespeare, William",1619,1619,302,original DEEP row,comedy,Adult Professional;Professional,A11981,124af5611b3ee20ee4b1dc77b15b7affd061db351a853406babf37d49d013f62,,,2277,109819,dramatic_body=2277,,body=2277,en=2277,,False,,structural,on,corpus-v3-2026-09-08,build_corpus-2026-09-08.v8,2277,248d8f98bfe207f41ff749c26cece157052a4302e04fe552c662e191830d9266,2277,248d8f98bfe207f41ff749c26cece157052a4302e04fe552c662e191830d9266,2277,248d8f98bfe207f41ff749c26cece157052a4302e04fe552c662e191830d9266
393,393__A11954.9.txt,172,A11954.9,A11954.9,The Merchant of Venice (The Jew of Venice),"Shakespeare, William",1623,1623,5081.09,original DEEP row,comedy,Adult Professional;Professional,A11954,77d50ab149976a6b0ccf2edfa8ec157a3894f62e44214f6072d1019968d110b1,,,2270,108944,dramatic_body=2270,,body=2270,en=2270,,False,,structural,on,corpus-v3-2026-09-08,build_corpus-2026-09-08.v8,2270,e80fee3a0fc2153ba991671206fb9b79cde12135fc61b6057c8ae3ce1ea38b54,2270,e80fee3a0fc2153ba991671206fb9b79cde12135fc61b6057c8ae3ce1ea38b54,2270,e80fee3a0fc2153ba991671206fb9b79cde12135fc61b6057c8ae3ce1ea38b54
396,396__A08009.txt,173,A08009,A08009,Summer's Last Will and Testament,"Nashe, Thomas",1600,1600,305,original DEEP row,comedy,Boys Professional;Professional;Adult Professional,A08009,63ca01b80845921046671c7b59774b1172bce54ab6811c22864a08108875cd6b,,,1224,90513,dramatic_body=1220;epilogue=3;prologue=1,,back=3;body=1221,en=1224,,False,,structural,on,corpus-v3-2026-09-08,build_corpus-2026-09-08.v8,1224,2ccbc23dc060bab1ab3a09e9bfba6b3e3a33d1817a7f9468cee308836f0bd6a2,1224,2ccbc23dc060bab1ab3a09e9bfba6b3e3a33d1817a7f9468cee308836f0bd6a2,1220,e42ad1b42795997fb639c4502184a5018e7c532929095596af7df3bd0c662de0
397,397__A06333.txt,174,A06333,A06333,Look About You,Anonymous,1600,1600,306,original DEEP row,comedy,Adult Professional;Professional,A06333,77954f48c3e6ed1e6aa86ba76cc92f562ab8702ce2d67618f1e79b0993ac28fd,,,2860,129974,dramatic_body=2860,,body=2860,en=2860,,False,,structural,on,corpus-v3-2026-09-08,build_corpus-2026-09-08.v8,2860,64476281a123f1ad53eeda3702d711bb4f44a931fb025b5af925198fe90d76bf,2860,64476281a123f1ad53eeda3702d711bb4f44a931fb025b5af925198fe90d76bf,2860,64476281a123f1ad53eeda3702d711bb4f44a931fb025b5af925198fe90d76bf
398,398__A20083.txt,175,A20083,A20083,"The Shoemaker's Holiday, or The Gentle Craft","Dekker, Thomas",1600,1600,307,original DEEP row,comedy,Adult Professional;Professional,A20083,853c1f613860148c39744941906dc6a858c46c82cd30d1524faeb9c88fa4f07d,,,1522,98677,dramatic_body=1468;prologue=18;song=36,,body=1522,en=1522,,False,,structural,on,corpus-v3-2026-09-08,build_corpus-2026-09-08.v8,1522,68ab0fc8f5530505afbb630d2b9ae4dbe546952efbac8aa06372916590ce1ec3,1522,68ab0fc8f5530505afbb630d2b9ae4dbe546952efbac8aa06372916590ce1ec3,1504,492643844e9122a63071dcc91ef6a70799f024fecf4ee38ad1f11534d1aca980
404,404__A04647.txt,176,A04647,A04647,Every Man in His Humor,"Jonson, Ben",1601,1601,313,original DEEP row,comedy,Adult Professional;Professional,A04647,d75d5fdc0c011fb50556444060ed03a6cc5114ec5418dcdc0000121c469d1b81,,,1668,132310,dramatic_body=1668,,body=1668,en=1668,,False,,structural,on,corpus-v3-2026-09-08,build_corpus-2026-09-08.v8,1668,a031d069377aa018f1c5bbe67be418dd540c5040cdd1a7b96a26f57b6c86edb8,1668,a031d069377aa018f1c5bbe67be418dd540c5040cdd1a7b96a26f57b6c86edb8,1668,a031d069377aa018f1c5bbe67be418dd540c5040cdd1a7b96a26f57b6c86edb8
405,405__A04632.1.txt,176,A04632.1,A04632.1,Every Man in His Humor,"Jonson, Ben",1616,1616,5074.01,corrected from DEEP official export (edition-representative record; title-page state unverified),comedy,Adult Professional;Professional,A04632,89e919d1d63db5097d168e5749be7da7b3268e27f05c0c1ca53ffc0921fac5bc,,,1734,139863,dramatic_body=1704;prologue=30,,body=1734,en=1734,,False,,structural,on,corpus-v3-2026-09-08,build_corpus-2026-09-08.v8,1734,71a0fd03b47521025966bc56f5e791776b6e9b5448eff9fbe0cf3bcfb5d16fcb,1734,71a0fd03b47521025966bc56f5e791776b6e9b5448eff9fbe0cf3bcfb5d16fcb,1704,bdc9bc09c54ad096f6a128ac7bd19ada78a93480069d0a7ccf4498380a8c74ee
407,407__A20867.txt,177,A20867,A20867,Jack Drum's Entertainment (Katherine and Pasquil),"Marston, John",1601,1601,314,original DEEP row,comedy,Boys Professional;Professional,A20867,742fc7851e401b3ceadad73328e4bd624869357c0122fcac5af9fc24b4b46e93,,,1563,86289,dramatic_body=1563,,body=1563,en=1563,,False,,structural,on,corpus-v3-2026-09-08,build_corpus-2026-09-08.v8,1563,7ad0d0ef3dc82119f2c90178838fabe97488cd89b8de9405fa340596137e8b90,1563,7ad0d0ef3dc82119f2c90178838fabe97488cd89b8de9405fa340596137e8b90,1563,7ad0d0ef3dc82119f2c90178838fabe97488cd89b8de9405fa340596137e8b90
409,409__A06620.txt,178,A06620,A06620,Love's Metamorphosis,"Lyly, John",1601,1601,317,original DEEP row,pastoral; comedy,Boys Professional;Professional,A06620,116f896570e1771fa0f301aa6139e7aa9f9c3c7e478173120e0f22ab4d4fe1b0,,,438,55925,dramatic_body=438,,body=438,en=438,,False,,structural,on,corpus-v3-2026-09-08,build_corpus-2026-09-08.v8,438,dd3664b11bcd4303d63e3d6f4b599dbaa2033f6b3693201be0a627f72827f199,438,dd3664b11bcd4303d63e3d6f4b599dbaa2033f6b3693201be0a627f72827f199,438,dd3664b11bcd4303d63e3d6f4b599dbaa2033f6b3693201be0a627f72827f199
411,411__A07897.txt,180,A07897,A07897,"The Death of Robert, Earl of Huntingdon (2 Robin Hood)","Munday, AnthonyChettle, Henry",1601,1601,319,original DEEP row,tragedy,Adult Professional;Professional,A07897,220eb98e42eb5b603a479230376ce02dbc0c7ec4dd5a2e4c9b24b89c98b1b54c,,,2789,116931,dramatic_body=2785;epilogue=4,,body=2789,en=2789,,False,,structural,on,corpus-v3-2026-09-08,build_corpus-2026-09-08.v8,2789,62a50ac111949f60156798d9a70916ff0d6665be91d0aa025d308e65b5e33772,2789,62a50ac111949f60156798d9a70916ff0d6665be91d0aa025d308e65b5e33772,2785,68e99aa5e8a57e12d5fb5aeca111d4b15542813c32c8bb92209a5b5b94da5522
413,413__A04632.3.txt,181,A04632.3,A04632.3,"Cynthia's Revels, or The Fountain of Self-Love","Jonson, Ben",1616,1616,5074.06,corrected from DEEP official export (edition-representative record; title-page state unverified),satire,Boys Professional;Professional,A04632,89e919d1d63db5097d168e5749be7da7b3268e27f05c0c1ca53ffc0921fac5bc,,,2174,188593,dramatic_body=2115;epilogue=22;prologue=20;song=17,,back=22;body=2152,en=2174,,False,,structural,on,corpus-v3-2026-09-08,build_corpus-2026-09-08.v8,2174,b8ffb7399cb6c08c823c910527530d6f43afe3fece51c373b6100738e10a2b56,2174,b8ffb7399cb6c08c823c910527530d6f43afe3fece51c373b6100738e10a2b56,2132,2021aad6be096cc40e50216309d1be339d5f3ee2f92e451e8704b01e987f7f4f
415,415__A15814.txt,182,A15814,A15814,Two Lamentable Tragedies,"Yarington, Robert",1601,1601,322,original DEEP row,tragedy,Adult Professional;Professional,A15814,8e918e85cf26fd6f6d2bab6d00bf705424815e4b1a0df46643c52d9ac39f983f,,,2351,99559,dramatic_body=2351,,body=2351,en=2351,,False,,structural,on,corpus-v3-2026-09-08,build_corpus-2026-09-08.v8,2351,5200175e6cba46bc8cdc07934cf0531a54e281432843e084dbcc0b035f99500f,2351,5200175e6cba46bc8cdc07934cf0531a54e281432843e084dbcc0b035f99500f,2351,5200175e6cba46bc8cdc07934cf0531a54e281432843e084dbcc0b035f99500f
416,416__A02284.txt,183,A02284,A02284,"Il Pastor Fido, or The Faithful Shepherd","Dymoke, TailboysGuarini, Giovanni Battista",1602,1602,323,original DEEP row,pastoral,Translation;Nonprofessional;Closet/Unacted,A02284,85af8257ac0ed60b041194ecf9f3542bc5004cb0f3d87f71366324f5fa5c93b0,,,4604,191310,chorus=51;dramatic_body=4553,,body=4604,en=4604,,False,,structural,on,corpus-v3-2026-09-08,build_corpus-2026-09-08.v8,4604,f23dbce348851b0597f0a64f2bad94de037d47aa8c889c8c6c2aacc4418bccd8,4604,f23dbce348851b0597f0a64f2bad94de037d47aa8c889c8c6c2aacc4418bccd8,4604,f23dbce348851b0597f0a64f2bad94de037d47aa8c889c8c6c2aacc4418bccd8
418,418__A07063.txt,184,A07063,A07063,Antonio and Mellida,"Marston, John",1602,1602,325,original DEEP row,comedy,Boys Professional;Professional,A07063,276aef8fda676a7164ea70c6d35725650814816aa27648e65fb34a40c5b2f814,,,1422,79415,dramatic_body=1342;epilogue=1;induction=56;prologue=23,,back=1;body=1342;front=79,en=1422,,True,,structural,on,corpus-v3-2026-09-08,build_corpus-2026-09-08.v8,1422,825720e66b619b9617004cc8e4cbe087a0ff234be0764ccb0a4487d36c5d7f8f,1422,825720e66b619b9617004cc8e4cbe087a0ff234be0764ccb0a4487d36c5d7f8f,1398,af95a75e8166a4fcb354ae2ff4c67d5c4e9e27b462f31336296748f88d9e8090
420,420__A07064.txt,185,A07064,A07064,Antonio's Revenge (2 Antonio and Mellida),"Marston, John",1602,1602,326,original DEEP row,tragedy,Boys Professional;Professional,A07064,8d021e8f2fbbd3443d6eb764b862c15e1f39b6f5f4095486e2878542491747f3,,,1834,81898,dramatic_body=1801;prologue=33,,body=1834,en=1834,,True,,structural,on,corpus-v3-2026-09-08,build_corpus-2026-09-08.v8,1834,bf8866a594afe19a4fa1a69654d3c08c536cfab174151ffa35abf8ade7acc04d,1834,bf8866a594afe19a4fa1a69654d3c08c536cfab174151ffa35abf8ade7acc04d,1801,009d100d2f1fd27ed37974a4b4b98803f56c8b212b3aa5e1511454c089670d72
422,422__B14290.txt,186,B14290,B14290,"Poetaster, or The Arraignment","Jonson, Ben",1602,1602,327,original DEEP row,comedy,Boys Professional;Professional,B14290,8fb9355f44de1c5e8c082728ed612c0e26ded3f297d59ffc59e72d0f53b714c1,,,2117,137756,dramatic_body=2028;induction=61;prologue=28,,body=2117,en=2117,,False,,structural,on,corpus-v3-2026-09-08,build_corpus-2026-09-08.v8,2117,9b5c784bffccde57ade7a114006c68f244efb7cabf63c8ed63703327a5a1ba8d,2117,9b5c784bffccde57ade7a114006c68f244efb7cabf63c8ed63703327a5a1ba8d,2089,8a9abda96177e10e4c85bb5937a11ef220bb149166293232b1349cb40f628651
423,423__A04632.4.txt,186,A04632.4,A04632.4,"Poetaster, or The Arraignment","Jonson, Ben",1616,1616,5074.08,corrected from DEEP official export (edition-representative record; title-page state unverified),comedy,Boys Professional;Professional,A04632,89e919d1d63db5097d168e5749be7da7b3268e27f05c0c1ca53ffc0921fac5bc,,,2540,157113,dramatic_body=2265;epilogue=247;prologue=28,,back=247;body=2293,en=2540,,False,,structural,on,corpus-v3-2026-09-08,build_corpus-2026-09-08.v8,2540,99c034ee8f756ed0e6db95d8fb5c3d51a11f127f673306e5f86dd74cd0d05e6b,2540,99c034ee8f756ed0e6db95d8fb5c3d51a11f127f673306e5f86dd74cd0d05e6b,2265,809afd58b0d8fb8cf5c3ca0fe579dc20bf9c2d82ad006882f50d70e7d4721ece
425,425__A11983.txt,187,A11983,A11983,The Merry Wives of Windsor,"Shakespeare, William",1602,1602,328,original DEEP row,comedy,Adult Professional;Professional,A11983,a851958dcf4cdaf0d8aec47687835fa8d58a5d269abdf1361de91a49a2e8bd53,,,1290,56938,dramatic_body=1290,,body=1290,en=1290,,False,,structural,on,corpus-v3-2026-09-08,build_corpus-2026-09-08.v8,1290,fb275e8b5bf992bc2030909f1b1991eb7bf5f1119374b62ed92bd21972e65a58,1290,fb275e8b5bf992bc2030909f1b1991eb7bf5f1119374b62ed92bd21972e65a58,1290,fb275e8b5bf992bc2030909f1b1991eb7bf5f1119374b62ed92bd21972e65a58
427,427__A11954.3.txt,187,A11954.3,A11954.3,The Merry Wives of Windsor,"Shakespeare, William",1623,1623,5081.03,original DEEP row,comedy,Adult Professional;Professional,A11954,77d50ab149976a6b0ccf2edfa8ec157a3894f62e44214f6072d1019968d110b1,,,1328,111178,dramatic_body=1328,,body=1328,en=1328,,False,,structural,on,corpus-v3-2026-09-08,build_corpus-2026-09-08.v8,1328,18408f22c5bcda1aa570d6ed7feb0a0beb9b0592b9e7779559fc64b501ac55b9,1328,18408f22c5bcda1aa570d6ed7feb0a0beb9b0592b9e7779559fc64b501ac55b9,1328,18408f22c5bcda1aa570d6ed7feb0a0beb9b0592b9e7779559fc64b501ac55b9
428,428__A11988.txt,187,A11988,A11988,The Merry Wives of Windsor,"Shakespeare, William",1630,1630,330,original DEEP row,comedy,Adult Professional;Professional,A11988,2c879676bf4cf938508d8fde9d7342c8dae0fc304ae3fc24c2a15288b9bfbae3,,,1324,111395,dramatic_body=1324,,body=1324,en=1324,,False,,structural,on,corpus-v3-2026-09-08,build_corpus-2026-09-08.v8,1324,1ba29c915969e603100e63e65293b92f7c696fe397064369c829500d594e5d2c,1324,1ba29c915969e603100e63e65293b92f7c696fe397064369c829500d594e5d2c,1324,1ba29c915969e603100e63e65293b92f7c696fe397064369c829500d594e5d2c
430,430__A07492.txt,188,A07492,A07492,"Blurt, Master Constable, or The Spaniard's Night Walk",Anonymous,1602,1602,331,original DEEP row,romance,Boys Professional;Professional,A07492,949f740e0f937f62a02b0b151d15cff21f029e0970cf566372189e157a58224a,,,1183,89237,dramatic_body=1183,,body=1183,en=1183,,False,,structural,on,corpus-v3-2026-09-08,build_corpus-2026-09-08.v8,1183,cce4d189a0b61c091806386ae2b2fe27dd90640535b9615e2de1ef1500db4363,1183,cce4d189a0b61c091806386ae2b2fe27dd90640535b9615e2de1ef1500db4363,1183,cce4d189a0b61c091806386ae2b2fe27dd90640535b9615e2de1ef1500db4363
431,431__A11265.txt,189,A11265,A11265,Thomas Lord Cromwell,"S., W.",1602,1602,332,original DEEP row,history,Adult Professional;Professional,A11265,5a30a74b1fd017758475741ec9dd507e1b5fce829036e28e779cdddc5e86dca8,,,1487,68428,dramatic_body=1487,,body=1487,en=1487,A11265=1,False,,structural,on,corpus-v3-2026-09-08,build_corpus-2026-09-08.v8,1487,3cf8703299319849e64848469c05423502ac21a36e84f92da6f162a84f2bae9b,1487,3cf8703299319849e64848469c05423502ac21a36e84f92da6f162a84f2bae9b,1487,3cf8703299319849e64848469c05423502ac21a36e84f92da6f162a84f2bae9b
432,432__A11267.txt,189,A11267,A11267,Thomas Lord Cromwell,"S., W.",1613,1613,333,original DEEP row,history,Adult Professional;Professional,A11267,e0c956461d94d2008134b6d32ff367b8096402fe4c4d40fce2e8c8671499720b,,,1581,72020,dramatic_body=1581,,body=1581,en=1581,,False,,structural,on,corpus-v3-2026-09-08,build_corpus-2026-09-08.v8,1581,33c90e4f715bde83b00be64ca35f3e594ac59a703cbcb76af006bf11b7d3b2c1,1581,33c90e4f715bde83b00be64ca35f3e594ac59a703cbcb76af006bf11b7d3b2c1,1581,33c90e4f715bde83b00be64ca35f3e594ac59a703cbcb76af006bf11b7d3b2c1
433,433__A19182.txt,190,A19182,A19182,The Contention between Liberality and Prodigality,Anonymous,1602,1602,334,original DEEP row,moral,Boys Professional;Professional,A19182,c5edcbbab3c061a7849a2099e3d57f341b2a9a48eb5e2a33b9e0d0c1d77642dc,,,1240,53121,dramatic_body=1075;epilogue=6;prologue=29;song=130,,body=1211;front=29,en=1240,,False,,structural,on,corpus-v3-2026-09-08,build_corpus-2026-09-08.v8,1240,6f13ac4af2e261ab610a9adcd58e7df87a8b50430263166fcec4d39b142defd7,1240,6f13ac4af2e261ab610a9adcd58e7df87a8b50430263166fcec4d39b142defd7,1205,001efed3d41ec1ef329cd78dd5555465308dcd805aa1f97298205d98908fb592
434,434__A19183.txt,191,A19183,A19183,How a Man May Choose a Good Wife from a Bad,Anonymous,1602,1602,335,original DEEP row,comedy,Adult Professional;Professional,A19183,9f2ab4945e4d50b01fe04914032baa4867231a93e93be9c19d5b9aa4f400f561,,,2501,109867,dramatic_body=2501,,body=2501,en=2501,,False,,structural,on,corpus-v3-2026-09-08,build_corpus-2026-09-08.v8,2501,de08ef9dd5c417fd5c9d5c92e3e10acc98342e3c1ea7b4b4330b3b6b85fb2411,2501,de08ef9dd5c417fd5c9d5c92e3e10acc98342e3c1ea7b4b4330b3b6b85fb2411,2501,de08ef9dd5c417fd5c9d5c92e3e10acc98342e3c1ea7b4b4330b3b6b85fb2411
441,441__A06270.txt,192,A06270,A06270,"A Larum for London, or The Siege of Antwerp",Anonymous,1602,1602,342,original DEEP row,history,Adult Professional;Professional,A06270,2bf9d58c14dd6ebb8cbaa09dde41a7e9290e4a291d9f6df1ffa6a9d9706b16b4,,,1571,67214,dramatic_body=1535;epilogue=16;prologue=20,,body=1551;front=20,en=1571,,False,,structural,on,corpus-v3-2026-09-08,build_corpus-2026-09-08.v8,1571,d02ce76757d366bacbbd37ab70014fcc449eae5a8e6eaf25d134094e858ef7f9,1571,d02ce76757d366bacbbd37ab70014fcc449eae5a8e6eaf25d134094e858ef7f9,1535,bc1eed2b1bbcab0313a5b39eb224d1476ff17b84a5181aa40d3f1953f1409139
444,444__A20081.txt,195,A20081,A20081,"Satiromastix, or The Untrussing of the Humorous Poet","Dekker, Thomas",1602,1602,344,original DEEP row,comedy,Boys Professional;Adult Professional;Professional,A20081,d3295e62c1c7cbd4037da94306ca45219f15edc8315ff4022b1563df45367433,,,1556,117090,dramatic_body=1555;epilogue=1,,body=1556,en=1556,,False,,structural,on,corpus-v3-2026-09-08,build_corpus-2026-09-08.v8,1556,4bb1bd9126d8d66196489a5d59b58ffd8a06397d1fc714305864e25236a19095,1556,4bb1bd9126d8d66196489a5d59b58ffd8a06397d1fc714305864e25236a19095,1555,ac2973557eb236248c25725c57816196652a2927a4b3bc211c60d835d2181adf
446,446__A16527.6.txt,196,A16527.6,A16527.2,Darius,"Alexander, William",1604,1604,5060.02,"reviewed date resolution (play_printing_date_vs_collection_issue_date); raw 1604; header '1607', sourceDesc '1607.'",tragedy,Closet/Unacted;Nonprofessional,A16527,bf8e68cd5eff6bc37c40d7283ab2a1228480a1aca01c82fc181755d0958c6c3d,,,2226,96093,chorus=430;dramatic_body=1796,,body=2226,en=2226,,True,DEEP official export https://deepplaybooks.org/assets/data/item_data.json accessed 2026-09-07 sha256 10005117a761 (ChatGPT corpus_v1 review official_reconnections.json); replaces corrupt local rows A16527.1/.2 (duplicates of 5061.01),structural,on,corpus-v3-2026-09-08,build_corpus-2026-09-08.v8,2226,1ab19092124b0332a6f32407d6297961326de29629b07d0df52e78a942bbf143,2226,1ab19092124b0332a6f32407d6297961326de29629b07d0df52e78a942bbf143,2226,1ab19092124b0332a6f32407d6297961326de29629b07d0df52e78a942bbf143
448,448__A16564.2.txt,196,A16564.2,A16564.2,Darius,"Alexander, William",1637,1637,5106.02,original DEEP row,tragedy,Closet/Unacted;Nonprofessional,A16564,5ab0ba6afa1349afc186e1b4c719b624c0a27ac0133995c52986144db73b069b,,,2227,97666,chorus=430;dramatic_body=1797,,body=2227,en=2227,,False,,structural,on,corpus-v3-2026-09-08,build_corpus-2026-09-08.v8,2227,0cfa85aa936be910728405a04f8451bd8b546b0a767f090a45328fa391873d4b,2227,0cfa85aa936be910728405a04f8451bd8b546b0a767f090a45328fa391873d4b,2227,0cfa85aa936be910728405a04f8451bd8b546b0a767f090a45328fa391873d4b
449,449__A11959.txt,197,A11959,A11959,"Hamlet, Prince of Denmark","Shakespeare, William",1603,1603,347,original DEEP row,tragedy,Adult Professional;Professional,A11959,932e9c57991e0223046641b988532b11f57f93f89ff8b9e9566b97e47de4f3e3,,,2103,85262,dramatic_body=2103,,body=2103,en=2103,,False,,structural,on,corpus-v3-2026-09-08,build_corpus-2026-09-08.v8,2103,051a5ddf753f9f07cf5e3fc351a0a8942689dcff380d62dedb57d20ccd8198ac,2103,051a5ddf753f9f07cf5e3fc351a0a8942689dcff380d62dedb57d20ccd8198ac,2103,051a5ddf753f9f07cf5e3fc351a0a8942689dcff380d62dedb57d20ccd8198ac
453,453__A11954.32.txt,197,A11954.32,A11954.32,"Hamlet, Prince of Denmark","Shakespeare, William",1623,1623,5081.32,original DEEP row,tragedy,Adult Professional;Professional,A11954,77d50ab149976a6b0ccf2edfa8ec157a3894f62e44214f6072d1019968d110b1,,,3210,149419,dramatic_body=3210,,body=3210,en=3210,,False,,structural,on,corpus-v3-2026-09-08,build_corpus-2026-09-08.v8,3210,5a7024b2b06c027a3f40447ca382e4b5904a9e9b63f0a31cefe7d21fbccdf7fe,3210,5a7024b2b06c027a3f40447ca382e4b5904a9e9b63f0a31cefe7d21fbccdf7fe,3210,5a7024b2b06c027a3f40447ca382e4b5904a9e9b63f0a31cefe7d21fbccdf7fe
456,456__A20077.txt,198,A20077,A20077,Patient Grissel,"Dekker, ThomasChettle, HenryHaughton, William",1603,1603,353,original DEEP row,comedy,Adult Professional;Professional,A20077,9afc1f2b966ab999cea328eef54cc4632584b0dc22582ff49fd3d75019da79e6,,,1778,104508,dramatic_body=1778,,body=1778,en=1778,,False,,structural,on,corpus-v3-2026-09-08,build_corpus-2026-09-08.v8,1778,a7f64ce03f0b1b5d0cf3cb81ebda4ff05ff1f5a5146bfe62ba47c8ef6281c5c7,1778,a7f64ce03f0b1b5d0cf3cb81ebda4ff05ff1f5a5146bfe62ba47c8ef6281c5c7,1778,a7f64ce03f0b1b5d0cf3cb81ebda4ff05ff1f5a5146bfe62ba47c8ef6281c5c7
457,457__A09613.txt,199,A09613,A09613,Philotus,Anonymous,1603,1603,354,original DEEP row,comedy,Closet/Unacted;Nonprofessional,A09613,30c1d021d7c750156a6f7774a8fe001d6a0500d7f2b0d1916d200cc312480e9a,,,1364,46125,dramatic_body=1364,,body=1364,sco=1364,,False,,structural,on,corpus-v3-2026-09-08,build_corpus-2026-09-08.v8,1364,083b8a6cea86fb6299643a7653dbfd0fc18f8311849f0b5862d42307d1bd9429,0,,0,
459,459__A04637.1.txt,200,A04637.1,A04637.1,The Coronation Triumph (The Royal Entry of King James I into London),"Jonson, Ben",1604,1604,5059.01,original DEEP row,entertainment; royal entertainment or entry,Occasional;Nonprofessional,A04637,7e1ce0a36cf31631d5b7701f6f10fe0ade8d6368fd2d8190e3d7c7644ba2b4b5,,,257,11356,dramatic_body=195;speech=62,,body=257,en=257,,False,,structural,on,corpus-v3-2026-09-08,build_corpus-2026-09-08.v8,257,663e1b12ab0002494345d70fed623567c369bab0b67ec5af0f359b15ab5765e5,257,663e1b12ab0002494345d70fed623567c369bab0b67ec5af0f359b15ab5765e5,257,663e1b12ab0002494345d70fed623567c369bab0b67ec5af0f359b15ab5765e5
460,460__A04632.10.txt,200,A04632.10,A04632.11,The Coronation Triumph (The Royal Entry of King James I into London),"Jonson, Ben",1616,1616,5074.17,corrected from DEEP official export (edition-representative record; title-page state unverified),entertainment; royal entertainment or entry,Occasional;Nonprofessional,A04632,89e919d1d63db5097d168e5749be7da7b3268e27f05c0c1ca53ffc0921fac5bc,,,132,6014,dramatic_body=100;speech=32,,body=132,en=132,A04632.11=6,False,,structural,on,corpus-v3-2026-09-08,build_corpus-2026-09-08.v8,132,e58896d82e72b03176d166b5cb15d7920fc6d9e95e909a1c70bedb413888bf60,132,e58896d82e72b03176d166b5cb15d7920fc6d9e95e909a1c70bedb413888bf60,132,e58896d82e72b03176d166b5cb15d7920fc6d9e95e909a1c70bedb413888bf60
462,462__A04637.2.txt,201,A04637.2,A04637.3,The Royal Entertainment of the Queen and Prince at Althorp (The Satyr),"Jonson, Ben",1604,1604,5059.02,original DEEP row,entertainment; royal entertainment or entry,Occasional;Nonprofessional,A04637,7e1ce0a36cf31631d5b7701f6f10fe0ade8d6368fd2d8190e3d7c7644ba2b4b5,,,267,10751,dramatic_body=255;song=12,,body=267,en=267,,False,,structural,on,corpus-v3-2026-09-08,build_corpus-2026-09-08.v8,267,293043d6d65296fc4ba3a6cb5227243d9e7f4ed4a403bc91e78d764c5cb1f6b8,267,293043d6d65296fc4ba3a6cb5227243d9e7f4ed4a403bc91e78d764c5cb1f6b8,267,293043d6d65296fc4ba3a6cb5227243d9e7f4ed4a403bc91e78d764c5cb1f6b8
463,463__A04632.11.txt,201,A04632.11,A04632.13.0,The Royal Entertainment of the Queen and Prince at Althorp (The Satyr),"Jonson, Ben",1616,1616,5074.18,corrected from DEEP official export (edition-representative record; title-page state unverified),entertainment; royal entertainment or entry,Occasional;Nonprofessional,A04632,89e919d1d63db5097d168e5749be7da7b3268e27f05c0c1ca53ffc0921fac5bc,,,263,8688,dramatic_body=263,,body=263,en=263,,False,,structural,on,corpus-v3-2026-09-08,build_corpus-2026-09-08.v8,263,437f225ebd0358fcf7b396fce988a9c0725183d459ba8daf1b14926982918578,263,437f225ebd0358fcf7b396fce988a9c0725183d459ba8daf1b14926982918578,263,437f225ebd0358fcf7b396fce988a9c0725183d459ba8daf1b14926982918578
465,465__A20069.txt,202,A20069,A20069,The Magnificent Entertainment Given to King James (The Royal Entry of King James I into London),"Dekker, ThomasJonson, BenMiddleton, ThomasRuytinck, SimonCool, JacobThorius, Raphael",1604,1604,356,original DEEP row,pageant; civic play; entertainment; royal entertainment or entry,Occasional;Nonprofessional,A20069,d469de8798d17cb372192e6841206fe4b99951c389e51a5681bcbf9ae169b5f1,,,310,19347,dramatic_body=187;song=64;speech=59,,body=310,en=301;la=9,,False,,structural,on,corpus-v3-2026-09-08,build_corpus-2026-09-08.v8,310,0d901a5f9059d11225f61358dc703f83c00056c7f918653b3a9dca52b7820e13,301,b1d5baf044ad9a51882278b385ffbf324d69d744ae6f75ce3f1bbeb215e57761,301,b1d5baf044ad9a51882278b385ffbf324d69d744ae6f75ce3f1bbeb215e57761
468,468__A07071.txt,203,A07071,A07071,The Malcontent,"Marston, John",1604,1604,359,original DEEP row,tragicomedy,Adult Professional;Professional;Boys Professional,A07071,46a4801fcb3548956ad5b3be546df46731bf57b4b5b95a79e770029bf94834a1,,,1217,79028,dramatic_body=1217,,body=1217,en=1217,,True,,structural,on,corpus-v3-2026-09-08,build_corpus-2026-09-08.v8,1217,a3cfe4f3301001bffe04a79044e5224c74b7f53f42d157004f9cb82a46c5e774,1217,a3cfe4f3301001bffe04a79044e5224c74b7f53f42d157004f9cb82a46c5e774,1217,a3cfe4f3301001bffe04a79044e5224c74b7f53f42d157004f9cb82a46c5e774
470,470__A07074.txt,203,A07074,A07074,The Malcontent,"Marston, JohnWebster, John",1604,1604,361,original DEEP row,tragicomedy,Adult Professional;Professional;Boys Professional,A07074,4c52c5667619099b64f343aad2cfc42a2f09d12a39d6b037fd9481f5724378ba,,,1559,106405,dramatic_body=1545;prologue=14,,body=1559,en=1559,,False,,structural,on,corpus-v3-2026-09-08,build_corpus-2026-09-08.v8,1559,b1483e94d6124be7c966f050b87a81d48782a8f366ac21bd61c30252dc0e7a63,1559,b1483e94d6124be7c966f050b87a81d48782a8f366ac21bd61c30252dc0e7a63,1545,bdac1c468085f12510fef5d235b1230e6eec2c0cf68514468080375fce34a389
471,471__A20062.txt,204,A20062,A20062,1 The Honest Whore (1 The Converted Courtesan) (The Patient Man and the Honest Whore),"Dekker, ThomasMiddleton, Thomas",1604,1604,362,original DEEP row,comedy,Adult Professional;Professional,A20062,60a63bb66a98939b59c096d78f17f76ded0c93446f5c82f78f13484f494cdc2a,,,2258,123208,dramatic_body=2258,,body=2258,en=2258,,False,,structural,on,corpus-v3-2026-09-08,build_corpus-2026-09-08.v8,2258,a09f61da2eab94fc1dd34505b37bf3555e8f5c73ca8469cfdfb9493981a9660d,2258,a09f61da2eab94fc1dd34505b37bf3555e8f5c73ca8469cfdfb9493981a9660d,2258,a09f61da2eab94fc1dd34505b37bf3555e8f5c73ca8469cfdfb9493981a9660d
476,476__A07009.txt,205,A07009,A07009,Doctor Faustus,"AnonymousMarlowe, Christopher",1604,1604,369,original DEEP row,tragedy,Adult Professional;Professional,A07009,247c57e25a9e2075e6ed0a59f383a4b8a3487a03298cfc080eebc7ffc4be9361,,,1065,61126,dramatic_body=1065,,body=1065,en=1065,,False,,structural,on,corpus-v3-2026-09-08,build_corpus-2026-09-08.v8,1065,da5ed0f51f02f407d92b2bf87a7f39178fde9ce4e35d7263dd5e4690acc7ff26,1065,da5ed0f51f02f407d92b2bf87a7f39178fde9ce4e35d7263dd5e4690acc7ff26,1065,da5ed0f51f02f407d92b2bf87a7f39178fde9ce4e35d7263dd5e4690acc7ff26
486,486__A19837.txt,207,A19837,A19837,The Vision of the Twelve Goddesses (The Masque at Hampton Court),"Daniel, Samuel",1604,1604,379,original DEEP row,masque,Occasional;Nonprofessional,A19837,efa0562277add8926f397ecf140fbe51f52fa1abc4f8f758a74fb70e8866de84,,,127,8719,dramatic_body=77;speech=50,,body=127,en=127,,False,,structural,on,corpus-v3-2026-09-08,build_corpus-2026-09-08.v8,127,7a7700be248b1b22f6b3dfcfd02a16a0cd5fbc7d9fc363d87f716616be55e6a7,127,7a7700be248b1b22f6b3dfcfd02a16a0cd5fbc7d9fc363d87f716616be55e6a7,127,7a7700be248b1b22f6b3dfcfd02a16a0cd5fbc7d9fc363d87f716616be55e6a7
487,487__A19838.txt,207,A19838,A19838,The Vision of the Twelve Goddesses (The Masque at Hampton Court),"Daniel, Samuel",1604,1604,380,original DEEP row,masque,Occasional;Nonprofessional,A19838,272b8e1f04c1434cd82e442e2891acf61f5c33a0d150c8d6e96a5b952e42ca6b,,,130,8753,dramatic_body=130,,body=130,en=130,,False,,structural,on,corpus-v3-2026-09-08,build_corpus-2026-09-08.v8,130,87ef07aefe4b8eaeb63f812757add1e3def8f8659641bbaf08b93786b6e300ff,130,87ef07aefe4b8eaeb63f812757add1e3def8f8659641bbaf08b93786b6e300ff,130,87ef07aefe4b8eaeb63f812757add1e3def8f8659641bbaf08b93786b6e300ff
489,489__A02732.txt,208,A02732,A02732,Arches of Triumph (The Royal Entry of King James I into London),"Dekker, ThomasJonson, BenMiddleton, ThomasHarrison, StephenRuytinck, SimonCool, JacobThorius, Raphael",1604,1604,381,original DEEP row,entertainment; royal entertainment or entry,Occasional;Nonprofessional,A02732,52300c709e7ea9b257e7d2c3ada26d202b2e09bdb646590da365aefc8c0a88b3,,,300,19310,dramatic_body=296;speech=4,translation=2,body=300,en=299;la=1,,False,,structural,on,corpus-v3-2026-09-08,build_corpus-2026-09-08.v8,300,78a7166463a1ff6cf2d4bf87d3d9b394d85c4bfb356ca2f036486c8dfdd9e485,299,c77c86b92c17aa1d7a39283aec526d0cd385a4d8806f43c86f68438cf3eca1fd,299,c77c86b92c17aa1d7a39283aec526d0cd385a4d8806f43c86f68438cf3eca1fd
491,491__A16527.5.txt,209,A16527.5,A16527.1,Croesus,"Alexander, William",1604,1604,5060.01,"reviewed date resolution (play_printing_date_vs_collection_issue_date); raw 1604; header '1607', sourceDesc '1607.'",tragedy,Closet/Unacted;Nonprofessional,A16527,bf8e68cd5eff6bc37c40d7283ab2a1228480a1aca01c82fc181755d0958c6c3d,,,2948,127095,chorus=390;dramatic_body=2558,,body=2948,en=2948,,True,DEEP official export https://deepplaybooks.org/assets/data/item_data.json accessed 2026-09-07 sha256 10005117a761 (ChatGPT corpus_v1 review official_reconnections.json); replaces corrupt local rows A16527.1/.2 (duplicates of 5061.01),structural,on,corpus-v3-2026-09-08,build_corpus-2026-09-08.v8,2948,c79d30d08eb7726256b67aadca53d6f07f1b31b4e9d27221dbec58e6c0ecb25c,2948,c79d30d08eb7726256b67aadca53d6f07f1b31b4e9d27221dbec58e6c0ecb25c,2948,c79d30d08eb7726256b67aadca53d6f07f1b31b4e9d27221dbec58e6c0ecb25c
493,493__A16564.1.txt,209,A16564.1,A16564.1,Croesus,"Alexander, William",1637,1637,5106.01,original DEEP row,tragedy,Closet/Unacted;Nonprofessional,A16564,5ab0ba6afa1349afc186e1b4c719b624c0a27ac0133995c52986144db73b069b,,,2971,130298,chorus=390;dramatic_body=2581,,body=2971,en=2971,,False,,structural,on,corpus-v3-2026-09-08,build_corpus-2026-09-08.v8,2971,7c8e48b7a166ac872a07dab0390cdd00e4c9f85d82cb68116cc57c8dd981b512,2971,7c8e48b7a166ac872a07dab0390cdd00e4c9f85d82cb68116cc57c8dd981b512,2971,7c8e48b7a166ac872a07dab0390cdd00e4c9f85d82cb68116cc57c8dd981b512
494,494__A68191.txt,210,A68191,A68191,The Trial of Chivalry (This Gallant Cavaliero Dick Bowyer),Anonymous,1605,1605,383,original DEEP row,romance,Adult Professional;Professional,A68191,868f087c4e32ecad611934b29045fee8f458d1663491944593ba46921aa70952,representative_proposed,confirmed,2219,104562,dramatic_body=2219,,body=2219,en=2219,,False,,structural,on,corpus-v3-2026-09-08,build_corpus-2026-09-08.v8,2219,3fc93622779a0a960a70101434e9c2fdf2594d01ce8bd39db7c4927c10a0e4f3,2219,3fc93622779a0a960a70101434e9c2fdf2594d01ce8bd39db7c4927c10a0e4f3,2219,3fc93622779a0a960a70101434e9c2fdf2594d01ce8bd39db7c4927c10a0e4f3
495,495__A16900.txt,211,A16900,A16900,The Fair Maid of Bristol,Anonymous,1605,1605,385,original DEEP row,tragicomedy,Adult Professional;Professional,A16900,67f2c4cae99b65f19ab410f87e5307905da6d359f51752e85e4b81a1e6617618,,,1166,47257,dramatic_body=1166,,body=1166,en=1166,,False,,structural,on,corpus-v3-2026-09-08,build_corpus-2026-09-08.v8,1166,eafc17a4ad9873ef51e30d2566c42baa3427bb3dbe7d8e6382f974fd6815981a,1166,eafc17a4ad9873ef51e30d2566c42baa3427bb3dbe7d8e6382f974fd6815981a,1166,eafc17a4ad9873ef51e30d2566c42baa3427bb3dbe7d8e6382f974fd6815981a
496,496__A11146.txt,212,A11146,A11146,When You See Me You Know Me (Henry the Eighth),"Rowley, Samuel",1605,1605,386,original DEEP row,history,Adult Professional;Professional,A11146,fce769d6164ca8fd7e8bedd1114bfc95ec9c454a9d4373df40c2042604e94ca0,,,2412,127478,dramatic_body=2412,,body=2412,en=2412,,False,,structural,on,corpus-v3-2026-09-08,build_corpus-2026-09-08.v8,2412,80e92820909aa876c124d977c86845616af508d21ab342affaaa7b5879dce81b,2412,80e92820909aa876c124d977c86845616af508d21ab342affaaa7b5879dce81b,2412,80e92820909aa876c124d977c86845616af508d21ab342affaaa7b5879dce81b
500,500__A05206.txt,213,A05206,A05206,The True Chronicle of King Leir (King Lear and his Three Daughters),Anonymous,1605,1605,390,original DEEP row,history,Adult Professional;Professional,A05206,faa9510188dc57cebcc4ed373adac2cd54815933f764ddae88c4854727f39041,,,2502,110471,dramatic_body=2502,,body=2502,en=2502,,False,,structural,on,corpus-v3-2026-09-08,build_corpus-2026-09-08.v8,2502,2249b503826e3f315d66a9809e3e45754aa0a72d48eb2790cd02c46f1e48ee58,2502,2249b503826e3f315d66a9809e3e45754aa0a72d48eb2790cd02c46f1e48ee58,2502,2249b503826e3f315d66a9809e3e45754aa0a72d48eb2790cd02c46f1e48ee58
501,501__A07065.txt,214,A07065,A07065,The Dutch Courtesan (Cockle de Moye),"Marston, John",1605,1605,391,original DEEP row,comedy,Boys Professional;Professional,A07065,b2d8e6f1e03431820e7b71bf97adda8d8e4fc4846277faef750026a9306e4c74,,,1254,94049,dramatic_body=1228;prologue=18;song=8,,body=1236;front=18,en=1254,,True,,structural,on,corpus-v3-2026-09-08,build_corpus-2026-09-08.v8,1254,232b56612acad68c2661b6d427327d389881bfde1fcbe74a63d9e43e5336c57b,1254,232b56612acad68c2661b6d427327d389881bfde1fcbe74a63d9e43e5336c57b,1236,5087b7adb7553de99bca9e1cda67334eb748818f182fd28f4db81379c0e553ad
503,503__A03208.txt,215,A03208,A03208,"1 If You Know Not Me You Know Nobody, or The Troubles of Queen Elizabeth","Heywood, Thomas",1605,1605,392,original DEEP row,history,Adult Professional;Professional,A03208,f49bbca4c475f1530412a52f30b05238f6245a9773aca42aaba8304f7d4ad23d,,,1435,60373,dramatic_body=1435,,body=1435,en=1435,,False,,structural,on,corpus-v3-2026-09-08,build_corpus-2026-09-08.v8,1435,68cea4ca572ef5d338b816591090836b4ff0ddf9ca9b9630e0e7bb617f9a9eeb,1435,68cea4ca572ef5d338b816591090836b4ff0ddf9ca9b9630e0e7bb617f9a9eeb,1435,68cea4ca572ef5d338b816591090836b4ff0ddf9ca9b9630e0e7bb617f9a9eeb
512,512__A04632.5.txt,216,A04632.5,A04632.5,Sejanus His Fall,"Jonson, Ben",1616,1616,5074.11,corrected from DEEP official export (edition-representative record; title-page state unverified),tragedy,Adult Professional;Professional,A04632,89e919d1d63db5097d168e5749be7da7b3268e27f05c0c1ca53ffc0921fac5bc,,,3686,145787,dramatic_body=3686,,body=3686,en=3686,,False,,structural,on,corpus-v3-2026-09-08,build_corpus-2026-09-08.v8,3686,4208e6f0f555ff178840ba34e8b8a35da37b3d2c131c7236b7080f016e0b9f5d,3686,4208e6f0f555ff178840ba34e8b8a35da37b3d2c131c7236b7080f016e0b9f5d,3686,4208e6f0f555ff178840ba34e8b8a35da37b3d2c131c7236b7080f016e0b9f5d
514,514__A18407.txt,217,A18407,A18407,Eastward Ho,"Chapman, GeorgeJonson, BenMarston, John",1605,1605,403,original DEEP row,comedy,Boys Professional;Professional,A18407,6a86687c4f344894b418945202a40c15b3afd99a66d1c13204ade4581224959b,,,1010,127323,dramatic_body=1010,,body=1010,en=1010,A18407=3,False,,structural,on,corpus-v3-2026-09-08,build_corpus-2026-09-08.v8,1010,afec4cb6f951a20be1db2287d0b12405c3b579eb8bc1a4e14f755067ce3a49f4,1010,afec4cb6f951a20be1db2287d0b12405c3b579eb8bc1a4e14f755067ce3a49f4,1010,afec4cb6f951a20be1db2287d0b12405c3b579eb8bc1a4e14f755067ce3a49f4
517,517__A07907.txt,218,A07907,A07907,The Triumphs of Reunited Britannia,"Munday, Anthony",1605,1605,406,original DEEP row,civic play; pageant,Occasional;Nonprofessional,A07907,c29dc5e4dc923b1f86cda33c2dfe5a3ccbb35a6798e84ff3a2f95bd899ec22a6,,,314,13649,dramatic_body=314,,body=314,en=314,,False,,structural,on,corpus-v3-2026-09-08,build_corpus-2026-09-08.v8,314,a7c18385af32d3176afddc12e82b0a28c5d1d0006bc6c94c95ffd31185d1e6bb,314,a7c18385af32d3176afddc12e82b0a28c5d1d0006bc6c94c95ffd31185d1e6bb,314,a7c18385af32d3176afddc12e82b0a28c5d1d0006bc6c94c95ffd31185d1e6bb
518,518__A18400.txt,219,A18400,A18400,All Fools,"Chapman, George",1605,1605,407,original DEEP row,comedy,Boys Professional;Professional,A18400,8b414a3ada2553844a4b5789ee8d116593d9e815eae27c0117628d11c83b41db,,,2044,101322,dramatic_body=1996;epilogue=11;prologue=37,,back=11;body=1996;front=37,en=2044,,True,,structural,on,corpus-v3-2026-09-08,build_corpus-2026-09-08.v8,2044,e2fa50521014b8d70592505082cadc13501f516e2720a9c21ad1eb06a7568cf5,2044,e2fa50521014b8d70592505082cadc13501f516e2720a9c21ad1eb06a7568cf5,1996,b4c248fb94ef911563174e7d2e6c868a59e661dc6dc137d21228f3efaae8db58
520,520__A04941.txt,221,A04941,A04941,"1 Jeronimo, with the Wars of Portugal",Anonymous,1605,1605,409,original DEEP row,tragedy,Adult Professional;Professional,A04941,bcd3435d0da2d351b88014fbbc634d7d6c3ba27d543cc624c43e6dc131bd21c8,,,1265,48392,dramatic_body=1265,,body=1265,en=1265,,False,,structural,on,corpus-v3-2026-09-08,build_corpus-2026-09-08.v8,1265,802702d232275f93a9f21fc8bc1e9b6088167f05d8cb82a6309bbc44da9227d4,1265,802702d232275f93a9f21fc8bc1e9b6088167f05d8cb82a6309bbc44da9227d4,1265,802702d232275f93a9f21fc8bc1e9b6088167f05d8cb82a6309bbc44da9227d4
521,521__A12023.txt,222,A12023,A12023,The London Prodigal,Anonymous,1605,1605,410,original DEEP row,comedy,Adult Professional;Professional,A12023,3fc366239bdbf089075b82dc874d7c10b20f61a36ffeb21e190a381b4d891238,,,1589,80655,dramatic_body=1589,,body=1589,en=1589,,False,,structural,on,corpus-v3-2026-09-08,build_corpus-2026-09-08.v8,1589,1014526b65e3d0f1a94db325eaf97570e6a33c099806e615ee93508ee079e987,1589,1014526b65e3d0f1a94db325eaf97570e6a33c099806e615ee93508ee079e987,1589,1014526b65e3d0f1a94db325eaf97570e6a33c099806e615ee93508ee079e987
527,527__A03217.txt,224,A03217,A03217,2 If You Know Not Me You Know Nobody (The Second Part of Queen Elizabeth's Troubles),"Heywood, Thomas",1606,1606,412,original DEEP row,history,Adult Professional;Professional,A03217,ae405432b219366984a150170426b9289e59d97bcb0284d345f4b6c92f66ea53,,,2240,114655,dramatic_body=2240,,body=2240,en=2240,,False,,structural,on,corpus-v3-2026-09-08,build_corpus-2026-09-08.v8,2240,2a483321ffc252813caf4c60508a511367797a37e62dd2758db692b54bdc1184,2240,2a483321ffc252813caf4c60508a511367797a37e62dd2758db692b54bdc1184,2240,2a483321ffc252813caf4c60508a511367797a37e62dd2758db692b54bdc1184
533,533__A18413.txt,226,A18413,A18413,The Gentleman Usher (Vincentio and Margaret),"Chapman, George",1606,1606,419,original DEEP row,comedy,Boys Professional;Professional,A18413,7541a27232881a444eb4ebfa722e6666f7e00e3c808a00494b2d711bc9fa1cd3,,,2576,107888,dramatic_body=2576,,body=2576,en=2576,,True,,structural,on,corpus-v3-2026-09-08,build_corpus-2026-09-08.v8,2576,37793ab48095ce3e38f2a2f731b129523c728e56fc1e274d524c52def6466c1b,2576,37793ab48095ce3e38f2a2f731b129523c728e56fc1e274d524c52def6466c1b,2576,37793ab48095ce3e38f2a2f731b129523c728e56fc1e274d524c52def6466c1b
534,534__A19835.txt,227,A19835,A19835,The Queen's Arcadia (Arcadia Reformed),"Daniel, Samuel",1606,1606,420,original DEEP row,pastoral,University/Inns of Court;Nonprofessional,A19835,6ec60afe1f6a646fd9f44d10533dc5a0d0759a1fb3d6aea234333fd9699047fb,,,2536,107586,dramatic_body=2536,,body=2536,en=2536,,False,,structural,on,corpus-v3-2026-09-08,build_corpus-2026-09-08.v8,2536,7a03f0074de745126e5e80238f2088a1c8abaf52acdeeba873cf8dd814bf5f32,2536,7a03f0074de745126e5e80238f2088a1c8abaf52acdeeba873cf8dd814bf5f32,2536,7a03f0074de745126e5e80238f2088a1c8abaf52acdeeba873cf8dd814bf5f32
538,538__A01911.txt,228,A01911,A01911,Sir Giles Goosecap,"Chapman, George",1606,1606,421,original DEEP row,comedy,Boys Professional;Professional,A01911,1c99aab67940fb5bcdcae44d7ec10aa29ae187bec0b7b5a936db856279a1de62,,,1487,107625,dramatic_body=1487,,body=1487,en=1487,,False,,structural,on,corpus-v3-2026-09-08,build_corpus-2026-09-08.v8,1487,0b79b624283a6248ea06b0a2b41a02016797a863b4190a9958753b9de46e3499,1487,0b79b624283a6248ea06b0a2b41a02016797a863b4190a9958753b9de46e3499,1487,0b79b624283a6248ea06b0a2b41a02016797a863b4190a9958753b9de46e3499
540,540__A08262.txt,229,A08262,A08262,Nobody and Somebody,Anonymous,1606,1606,425,original DEEP row,history; satire,Adult Professional;Professional,A08262,8184797ef0cc5caf49fd2d38e1463f588fda29f34bde719b445acb5144e2fa50,,,1980,84806,dramatic_body=1968;epilogue=3;prologue=9,,body=1971;front=9,en=1980,,False,,structural,on,corpus-v3-2026-09-08,build_corpus-2026-09-08.v8,1980,bd3ac4bac85ac37970e6132ddaef463f8d1e43ea74bb95dfd37df8092276542a,1980,bd3ac4bac85ac37970e6132ddaef463f8d1e43ea74bb95dfd37df8092276542a,1968,4c86afb6e5b88fcdc6468e631ddddc7be7e98ba4989a6f727a5c92927c4e4671
542,542__A07077.txt,230,A07077,A07077,"Parasitaster, or The Fawn","Marston, John",1606,1606,427,original DEEP row,comedy,Boys Professional;Professional,A07077,b6fada6ab503a25eb592c5779696aa3dc55d980ec326643c713ab23607b257ca,,,1432,122637,dramatic_body=1377;epilogue=20;prologue=35,,back=20;body=1377;front=35,en=1432,,False,,structural,on,corpus-v3-2026-09-08,build_corpus-2026-09-08.v8,1432,d44296b9adce4d51ec63969296772dfb0b0829fe88a8ac2f41a2acd8ee4f3878,1432,d44296b9adce4d51ec63969296772dfb0b0829fe88a8ac2f41a2acd8ee4f3878,1377,090dcaa92143849623444984d7d29831f5dd3dcba2f6d5d10f3e08f9e8e2e2fc
544,544__A07083.txt,231,A07083,A07083,"The Wonder of Women, or Sophonisba","Marston, John",1606,1606,428,original DEEP row,tragedy,Boys Professional;Professional,A07083,4a355a3b46bf4ff5cd41fafc569ec9ad880a632e914a9f037377ce2db4cfc9ca,,,1785,70186,dramatic_body=1741;epilogue=16;prologue=28,,body=1757;front=28,en=1785,,False,,structural,on,corpus-v3-2026-09-08,build_corpus-2026-09-08.v8,1785,443f5bbe5fc31a958bb0a3310e1303d75cb2dd222a52de9ac0d1d1a248fbfbaf,1785,443f5bbe5fc31a958bb0a3310e1303d75cb2dd222a52de9ac0d1d1a248fbfbaf,1741,641effb3a813358f10e425efc3da46ddecfd851c0059efa3192cd200b3c7b334
548,548__A15549.txt,234,A15549,A15549,Wily Beguiled,Anonymous,1606,1606,434,original DEEP row,comedy,Boys Professional;Professional,A15549,21f83e6b8920c91ec3eb3fb6dd1329cd6bb428b074139f08e310a61fa5a6edb2,,,1949,102671,dramatic_body=1862;epilogue=18;prologue=37;song=32,,back=18;body=1894;front=37,en=1949,,False,,structural,on,corpus-v3-2026-09-08,build_corpus-2026-09-08.v8,1949,beadc79e5c6a5f614d745b2310c9900a914c007f45de08e45714d9f9ce2d9953,1949,beadc79e5c6a5f614d745b2310c9900a914c007f45de08e45714d9f9ce2d9953,1894,465e658ef4039c7f970d6e3f4ef67252bed582cd1e265c417839c197e6ea62e0
555,555__A19976.txt,235,A19976,A19976,The Isle of Gulls,"Day, John",1606,1606,443,original DEEP row,comedy,Boys Professional;Professional,A19976,09508eed0aa59004dd5371e6d66bbb37ef98845595441b55f51054f3c37207bc,,,1347,112322,dramatic_body=1283;prologue=64,,body=1347,en=1347,,False,,structural,on,corpus-v3-2026-09-08,build_corpus-2026-09-08.v8,1347,af5933ce835bf8f20167dd8d574be1f9ad40bb43f498c0ea49c18f0e16c4204c,1347,af5933ce835bf8f20167dd8d574be1f9ad40bb43f498c0ea49c18f0e16c4204c,1283,f7eac8f7cfe87c719f8729f80aa55f7a91a363eaf5cc9a143edb87d3acdf00c4
556,556__A69188.txt,235,A69188,A69188.1,The Isle of Gulls,"Day, John",1633,1633,444,original DEEP row,comedy,Boys Professional;Professional,A69188,69a29e138b09afdd7c69e1d8d92afec0b6bdd6cf3514bd0d8885e9e300939a22,,,1386,116468,dramatic_body=1322;induction=40;prologue=24,,body=1322;front=64,en=1386,,False,,structural,on,corpus-v3-2026-09-08,build_corpus-2026-09-08.v8,1386,48256b77b2de02ea81f1185ca70db4013c14c4fc956f337738f932aeefc503af,1386,48256b77b2de02ea81f1185ca70db4013c14c4fc956f337738f932aeefc503af,1362,c8ce598e4ed9886710192a595a818a23ffa632619dffec219c57a71168b2328d
558,558__A04654.txt,237,A04654,A04654,"Hymenaei, or the Solemnities of Masque and Barriers at a Marriage (Truth versus Opinion)","Jonson, Ben",1606,1606,449,original DEEP row,masque,Occasional;Nonprofessional,A04654,e1bb964718e67cf5d1b4fb0d4e48b226eb03210acd57989327befc7955e87f0b,,,598,22895,dramatic_body=424;song=174,,body=598,en=598,,False,,structural,on,corpus-v3-2026-09-08,build_corpus-2026-09-08.v8,598,7ffcc94d8c4280fea907bee00e3caae5347619be8f247b1ddb3d44a4c47e5a30,598,7ffcc94d8c4280fea907bee00e3caae5347619be8f247b1ddb3d44a4c47e5a30,598,7ffcc94d8c4280fea907bee00e3caae5347619be8f247b1ddb3d44a4c47e5a30
559,559__A04632.17.txt,237,A04632.17,A04632.14.3,"Hymenaei, or the Solemnities of Masque and Barriers at a Marriage (Truth versus Opinion)","Jonson, Ben",1616,1616,5074.24,corrected from DEEP official export (edition-representative record; title-page state unverified),masque,Occasional;Nonprofessional,A04632,89e919d1d63db5097d168e5749be7da7b3268e27f05c0c1ca53ffc0921fac5bc,,,292,11561,dramatic_body=262;song=30,,body=292,en=292,A04632.14.3=10,False,,structural,on,corpus-v3-2026-09-08,build_corpus-2026-09-08.v8,292,582a7b914504266b9027d8aaf6febcaf97096a985f0ccdf6c356954c6b6e5566,292,582a7b914504266b9027d8aaf6febcaf97096a985f0ccdf6c356954c6b6e5566,292,582a7b914504266b9027d8aaf6febcaf97096a985f0ccdf6c356954c6b6e5566
561,561__A17871.txt,238,A17871,A17871,The Masque at Lord Hay's Marriage (Apollo's Knights),"Campion, Thomas",1607,1607,450,original DEEP row,masque,Occasional;Nonprofessional,A17871,d01554a8571ca4a55df7828d236d03eeaa6d242f82925c756e46bf44590d65e2,,,326,14153,dramatic_body=261;song=65,,body=326,en=326,,False,,structural,on,corpus-v3-2026-09-08,build_corpus-2026-09-08.v8,326,d0b3f78357d6954261cfba28759fa7138ad582b247a21c1e40f8a273eca9eaf9,326,d0b3f78357d6954261cfba28759fa7138ad582b247a21c1e40f8a273eca9eaf9,326,d0b3f78357d6954261cfba28759fa7138ad582b247a21c1e40f8a273eca9eaf9
562,562__A13804.txt,239,A13804,A13804,"Lingua, or The Combat of the Tongue and the Five Senses for Superiority","Tomkis, Thomas",1607,1607,451,original DEEP row,comedy; allegory,University/Inns of Court;Nonprofessional,A13804,0555ca9739b933ede90d351eff0002760b4f65b696897d87a65c5f19c923d722,,,1995,141216,dramatic_body=1973;epilogue=9;prologue=13,,body=1995,en=1995,,False,,structural,on,corpus-v3-2026-09-08,build_corpus-2026-09-08.v8,1995,0b11558dc10d83c68f2ae60fcd4c4ad021e7aff0f3f83950f7950aa19606e1f4,1995,0b11558dc10d83c68f2ae60fcd4c4ad021e7aff0f3f83950f7950aa19606e1f4,1973,4969f385283fea46ce0ba24e5e1f928e2ed6a1ba3f9fc57dfa1373cc63a00a5b
569,569__A20092.txt,241,A20092,A20092,The Whore of Babylon,"Dekker, Thomas",1607,1607,460,original DEEP row,history; allegory,Adult Professional;Professional,A20092,4f3c9c5b9f1a14da579e00a2a29824a25a9e1eb5fb7b5f5b7bc3eb0648927271,,,2690,116197,dramatic_body=2664;prologue=26,,body=2664;front=26,en=2690,,False,,structural,on,corpus-v3-2026-09-08,build_corpus-2026-09-08.v8,2690,614efcd24bc9ac2c36fc8b233a2a5fe521b6579984fe486984aedad40be39601,2690,614efcd24bc9ac2c36fc8b233a2a5fe521b6579984fe486984aedad40be39601,2664,34712205f1fff214589576241550a2f48f8e990b47431ffa1e67d175062156e3
570,570__A03197.txt,242,A03197,A03197,The Fair Maid of the Exchange,Anonymous,1607,1607,461,original DEEP row,comedy,Adult Professional;Professional,A03197,c973e093f6f91091a67815fe83416183ae6db1ca53df6ebf43a47f486e150652,,,2357,109622,dramatic_body=2343;prologue=14,,body=2343;front=14,en=2357,,False,,structural,on,corpus-v3-2026-09-08,build_corpus-2026-09-08.v8,2357,8263f8d8c788b0dec5821ba31f4e928f5ae31e64d1525dd088b078035215bd88,2357,8263f8d8c788b0dec5821ba31f4e928f5ae31e64d1525dd088b078035215bd88,2343,c68392794d6ab8c26a50333132dbd896696834bff3b4f35441db93035eee3bed
573,573__A07507.txt,243,A07507,A07507,The Phoenix,"Middleton, Thomas",1607,1607,464,original DEEP row,comedy,Boys Professional;Professional,A07507,fdc8d4fb9edb23c9d13be2ec1da5c8eb0e773f74f69cdd87955bd75e26412e0e,,,1671,104669,dramatic_body=1630;epilogue=19;prologue=22,,back=41;body=1630,en=1671,,False,,structural,on,corpus-v3-2026-09-08,build_corpus-2026-09-08.v8,1671,9e47109bae0b95786352819f400e7e41383862c77d02fc8c23cfcaadb5030f8d,1671,9e47109bae0b95786352819f400e7e41383862c77d02fc8c23cfcaadb5030f8d,1630,33cf429b9a6b6f00ce8558bfa2e90f69ec6a3d4de31797b420de117f8f934c5c
575,575__A07505.txt,244,A07505,A07505,Michaelmas Term,"Middleton, Thomas",1607,1607,466,original DEEP row,comedy,Boys Professional;Professional,A07505,9d2721e2d75f0a96753630b966b934a33ac4962f533a3c53dc26507146be872f,,,1420,103224,dramatic_body=1420,,body=1420,en=1420,,False,,structural,on,corpus-v3-2026-09-08,build_corpus-2026-09-08.v8,1420,0c3ccd59249824c9168e773945fb0a86798f58009e458899df89ef7ab2d0b8d2,1420,0c3ccd59249824c9168e773945fb0a86798f58009e458899df89ef7ab2d0b8d2,1420,0c3ccd59249824c9168e773945fb0a86798f58009e458899df89ef7ab2d0b8d2
577,577__A06458.txt,245,A06458,A06458,The Woman Hater (The Hungry Courtier),"Beaumont, FrancisFletcher, John",1607,1607,469,original DEEP row,comedy,Boys Professional;Professional;Adult Professional,A06458,0c5761c95cbd630f1ec77d0f264968de2abd02e669273d269aeb1070c319409c,,,1470,119320,dramatic_body=1469;prologue=1,,body=1469;front=1,en=1470,,False,,structural,on,corpus-v3-2026-09-08,build_corpus-2026-09-08.v8,1470,c07436d3fcef60437a9f6ddd4aedcf12ae6e31fce62718378acfd25f64b3731a,1470,c07436d3fcef60437a9f6ddd4aedcf12ae6e31fce62718378acfd25f64b3731a,1469,5a2d516e5c59099c58815a0f6824db2af8fae7b30816e88b8e801e4f5f58de80
579,579__A18403.txt,246,A18403,A18403,Bussy D'Ambois,"Chapman, George",1607,1607,472,original DEEP row,tragedy,Boys Professional;Professional,A18403,a99b59beb95f8f058124f3479b688a2675279052023cef8f9b8681c4c01b028a,,,2416,106807,dramatic_body=2416,,body=2416,en=2416,,True,,structural,on,corpus-v3-2026-09-08,build_corpus-2026-09-08.v8,2416,cc9747d580cac0daf6bca43f2004c6007280d735929e58f87b62a12f0c0a2ea7,2416,cc9747d580cac0daf6bca43f2004c6007280d735929e58f87b62a12f0c0a2ea7,2416,cc9747d580cac0daf6bca43f2004c6007280d735929e58f87b62a12f0c0a2ea7
581,581__A12074.txt,247,A12074,A12074,Cupid's Whirligig,"Sharpham, Edward",1607,1607,478,original DEEP row,comedy,Boys Professional;Professional,A12074,30378927e59f09abbd1347b730d645a7048a658b3bc72bc9771b816ddefd15d6,,,1112,118562,dramatic_body=1086;prologue=26,,body=1112,en=1112,A12074=1,False,,structural,on,corpus-v3-2026-09-08,build_corpus-2026-09-08.v8,1112,ba414967268a67c0d7c03539e3bf3a504832b9b1c46c0997d804df54564c32cf,1112,ba414967268a67c0d7c03539e3bf3a504832b9b1c46c0997d804df54564c32cf,1086,0652433d59f580dfa99c29bb232a53c50ac2d8d89b6936f9614fc190aa7716f6
586,586__A15352.txt,249,A15352,A15352,The Miseries of Enforced Marriage,"Wilkins, George",1607,1607,484,original DEEP row,tragedy,Adult Professional;Professional,A15352,16975378a0bfc8f3b43f62d68cfecfd1fbc2a0ee955e6492b01327904879d2c1,,,2130,122867,dramatic_body=2130,,body=2130,en=2130,,False,,structural,on,corpus-v3-2026-09-08,build_corpus-2026-09-08.v8,2130,ca24b0e2c679e342a6b55333f9104cc6245992c38eef4103dfae48ecb41e99e0,2130,ca24b0e2c679e342a6b55333f9104cc6245992c38eef4103dfae48ecb41e99e0,2130,ca24b0e2c679e342a6b55333f9104cc6245992c38eef4103dfae48ecb41e99e0
590,590__A20098.txt,250,A20098,A20098,Northward Ho,"Dekker, ThomasWebster, John",1607,1607,488,original DEEP row,comedy,Boys Professional;Professional,A20098,3dc447c22ac596202ef4722eac4e1d76f9949a194ac6fbf21069a0d2617482e3,,,1066,109235,dramatic_body=1066,,body=1066,en=1066,,False,,structural,on,corpus-v3-2026-09-08,build_corpus-2026-09-08.v8,1066,c31aece41321df1cace71da78d1e2d7bc46ce7c226c89ec3d4cb4212d2f6a7a5,1066,c31aece41321df1cace71da78d1e2d7bc46ce7c226c89ec3d4cb4212d2f6a7a5,1066,c31aece41321df1cace71da78d1e2d7bc46ce7c226c89ec3d4cb4212d2f6a7a5
591,591__A11264.txt,251,A11264,A11264,"The Puritan, or The Widow of Watling Street (The Puritan Widow)","Middleton, Thomas",1607,1607,489,original DEEP row,comedy,Boys Professional;Professional,A11264,6968ebfd388bd578e31114372bb542a1f978fb4c774305894d0954142d79c7bc,,,1039,96793,dramatic_body=1039,,body=1039,en=1039,,False,,structural,on,corpus-v3-2026-09-08,build_corpus-2026-09-08.v8,1039,4d762fe92e68df00d0a5f909dd3291dac7be211300c9b7b44fa41c4accb3692b,1039,4d762fe92e68df00d0a5f909dd3291dac7be211300c9b7b44fa41c4accb3692b,1039,4d762fe92e68df00d0a5f909dd3291dac7be211300c9b7b44fa41c4accb3692b
592,592__A07081.txt,252,A07081,A07081,What You Will,"Marston, John",1607,1607,490,original DEEP row,comedy,Professional;Boys Professional,A07081,2009a9dea1d6b2d747fa5f34627009d9fb5c864120e2e5f54fedc1ba301fa76b,,,1554,92758,dramatic_body=1453;induction=75;prologue=26,,body=1554,en=1554,,True,,structural,on,corpus-v3-2026-09-08,build_corpus-2026-09-08.v8,1554,71e28bfe97ef01f3287c3a520fd4f6204be30d31327f0468292d4e44b00e21ac,1554,71e28bfe97ef01f3287c3a520fd4f6204be30d31327f0468292d4e44b00e21ac,1528,57ba9879dbface3ff9a02c2619854be3ad58dc3a491bbf5604a1e6663ac15051
594,594__A13843.txt,253,A13843,A13843,The Revenger's Tragedy,"Middleton, Thomas",1607,1607,491,original DEEP row,tragedy,Adult Professional;Professional,A13843,37499a3aacae7c7782c4224d8df08249ee14d71b86e8ce9af592fc43b90525e8,,,2634,105626,dramatic_body=2634,,body=2634,en=2634,,False,,structural,on,corpus-v3-2026-09-08,build_corpus-2026-09-08.v8,2634,310cda3f58f42525ae4f8a77d19154db4b7be555409dfb0cc56f704f354af731,2634,310cda3f58f42525ae4f8a77d19154db4b7be555409dfb0cc56f704f354af731,2634,310cda3f58f42525ae4f8a77d19154db4b7be555409dfb0cc56f704f354af731
595,595__A04539.txt,254,A04539,A04539,"The Devil's Charter, or Pope Alexander the Sixth","Barnes, Barnabe",1607,1607,493,original DEEP row,tragedy,Adult Professional;Professional,A04539,d8089edbdd9972989159fcbfacdbdb776bb19ce542ff4845450df0083f47fabe,,,2860,125734,dramatic_body=2816;epilogue=15;prologue=29,,body=2860,en=2860,,False,,structural,on,corpus-v3-2026-09-08,build_corpus-2026-09-08.v8,2860,b6c37b289e475d31fc9010c309a5d5f4e55b96dad6e159863bf0e1ab317e4958,2860,b6c37b289e475d31fc9010c309a5d5f4e55b96dad6e159863bf0e1ab317e4958,2816,c3eb8f71770e807f09bc738370f21c45bbddbc9655dc88bf0ca5873e9e83e112
596,596__A12078.txt,255,A12078,A12078,The Fleer,"Sharpham, Edward",1607,1607,495,original DEEP row,comedy,Boys Professional;Professional,A12078,98d008ca8ff4833e2241241d0b0a956e7ed7c4fa471ed931c37d9714ac30f2e1,,,952,83410,dramatic_body=952,,body=952,en=952,,False,,structural,on,corpus-v3-2026-09-08,build_corpus-2026-09-08.v8,952,ec753d57f8998fe5c3106d307969b832257a0faa2e722673b0b1c4f9a25337ff,952,ec753d57f8998fe5c3106d307969b832257a0faa2e722673b0b1c4f9a25337ff,952,ec753d57f8998fe5c3106d307969b832257a0faa2e722673b0b1c4f9a25337ff
600,600__A20096.txt,256,A20096,A20096,The Famous History of Sir Thomas Wyatt,"Heywood, ThomasDekker, ThomasChettle, HenryWebster, John",1607,1607,499,original DEEP row,history,Adult Professional;Professional,A20096,99109c9aed577bff5961d4c8a896b411dc0759a262c7ca385d376d32004fdf33,,,1378,57192,dramatic_body=1378,,body=1378,en=1378,,False,,structural,on,corpus-v3-2026-09-08,build_corpus-2026-09-08.v8,1378,8fe3b34c670f0779b4e5676faa26c22dd032de78786a7c605a2db7c3af979f7f,1378,8fe3b34c670f0779b4e5676faa26c22dd032de78786a7c605a2db7c3af979f7f,1378,8fe3b34c670f0779b4e5676faa26c22dd032de78786a7c605a2db7c3af979f7f
602,602__A20100.txt,257,A20100,A20100,Westward Ho,"Dekker, ThomasWebster, John",1607,1607,501,original DEEP row,comedy,Boys Professional;Professional,A20100,bb83f2aee097d6e482b253ed66f9654d825c3ce9e81c6a23f0db324046a07f5e,,,1167,117809,dramatic_body=1157;song=10,,body=1167,en=1167,,False,,structural,on,corpus-v3-2026-09-08,build_corpus-2026-09-08.v8,1167,7d40cf4596d8e716b26648fe18a6f08240a63871daabcd7144057f953f05492f,1167,7d40cf4596d8e716b26648fe18a6f08240a63871daabcd7144057f953f05492f,1167,7d40cf4596d8e716b26648fe18a6f08240a63871daabcd7144057f953f05492f
603,603__A03256.txt,258,A03256,A03256,A Woman Killed with Kindness,"Heywood, Thomas",1607,1607,502,original DEEP row,tragedy,Adult Professional;Professional,A03256,5b27130bffcbaada992ece9ef8a2d65c6656802f363bac4396986ab47c68b575,,,1956,83777,dramatic_body=1942;prologue=14,,body=1942;front=14,en=1956,,False,,structural,on,corpus-v3-2026-09-08,build_corpus-2026-09-08.v8,1956,767621a13de939d97586d76ecc6020386d78e33c1e9acd6db1b95c7e5772acd6,1956,767621a13de939d97586d76ecc6020386d78e33c1e9acd6db1b95c7e5772acd6,1942,6b639945a53fb23f7ec1389fea4dcb1b57c0b7d7920c2f8d161edd1a0c050ccb
606,606__A04632.6.txt,259,A04632.6,A04632.6,"Volpone, or The Fox","Jonson, Ben",1616,1616,5074.12,corrected from DEEP official export (edition-representative record; title-page state unverified),comedy,Adult Professional;Professional,A04632,89e919d1d63db5097d168e5749be7da7b3268e27f05c0c1ca53ffc0921fac5bc,,,3743,143928,dramatic_body=3707;prologue=36,,body=3743,en=3743,,False,,structural,on,corpus-v3-2026-09-08,build_corpus-2026-09-08.v8,3743,e9b1c160b8018d0fa49e651e7ed127782d74fab9d058de085223e4b98f957c76,3743,e9b1c160b8018d0fa49e651e7ed127782d74fab9d058de085223e4b98f957c76,3707,89e6e14d5ee949be0a3df3af21b45a3d22ffd078057305c53052ed0f2f3caaaf
608,608__A16527.1.txt,260,A16527.1,A16527.3,The Alexandraean Tragedy,"Alexander, William",1607,1607,5061.01,original DEEP row,tragedy,Closet/Unacted;Nonprofessional,A16527,bf8e68cd5eff6bc37c40d7283ab2a1228480a1aca01c82fc181755d0958c6c3d,,,3484,152258,chorus=433;dramatic_body=3051,,body=3484,en=3484,,False,,structural,on,corpus-v3-2026-09-08,build_corpus-2026-09-08.v8,3484,3fcb8da73a40108283254a13348c091093aa2d6cd04ee5a068df72406cc2cab2,3484,3fcb8da73a40108283254a13348c091093aa2d6cd04ee5a068df72406cc2cab2,3484,3fcb8da73a40108283254a13348c091093aa2d6cd04ee5a068df72406cc2cab2
610,610__A16564.3.txt,260,A16564.3,A16564.3,The Alexandraean Tragedy,"Alexander, William",1637,1637,5106.03,original DEEP row,tragedy,Closet/Unacted;Nonprofessional,A16564,5ab0ba6afa1349afc186e1b4c719b624c0a27ac0133995c52986144db73b069b,,,3482,153265,chorus=432;dramatic_body=3050,,body=3482,en=3482,,False,,structural,on,corpus-v3-2026-09-08,build_corpus-2026-09-08.v8,3482,b63d0dd2902aec0e38513d88ffcba436c974e29b0e4e4aa9d9c2b1ce3d80d0c1,3482,b63d0dd2902aec0e38513d88ffcba436c974e29b0e4e4aa9d9c2b1ce3d80d0c1,3482,b63d0dd2902aec0e38513d88ffcba436c974e29b0e4e4aa9d9c2b1ce3d80d0c1
611,611__A16527.3.txt,261,A16527.3,A16527.4,Julius Caesar,"Alexander, William",1607,1607,5061.03,original DEEP row,tragedy,Closet/Unacted;Nonprofessional,A16527,bf8e68cd5eff6bc37c40d7283ab2a1228480a1aca01c82fc181755d0958c6c3d,,,3214,140804,chorus=427;dramatic_body=2787,,body=3214,en=3214,,False,,structural,on,corpus-v3-2026-09-08,build_corpus-2026-09-08.v8,3214,4bb9c4fad66d7fd128f62fde22af120fb7b3ec8ee5553aa9b4ac6ae542fd2321,3214,4bb9c4fad66d7fd128f62fde22af120fb7b3ec8ee5553aa9b4ac6ae542fd2321,3214,4bb9c4fad66d7fd128f62fde22af120fb7b3ec8ee5553aa9b4ac6ae542fd2321
613,613__A16564.4.txt,261,A16564.4,A16564.4,Julius Caesar,"Alexander, William",1637,1637,5106.04,original DEEP row,tragedy,Closet/Unacted;Nonprofessional,A16564,5ab0ba6afa1349afc186e1b4c719b624c0a27ac0133995c52986144db73b069b,,,3211,141033,chorus=428;dramatic_body=2783,,body=3211,en=3211,,False,,structural,on,corpus-v3-2026-09-08,build_corpus-2026-09-08.v8,3211,ee852fc8f3c23538888f200cf78be79ff7e9031f72d15f772bb092060f1a2a4c,3211,ee852fc8f3c23538888f200cf78be79ff7e9031f72d15f772bb092060f1a2a4c,3211,ee852fc8f3c23538888f200cf78be79ff7e9031f72d15f772bb092060f1a2a4c
614,614__A07511.txt,262,A07511,A07511,A Trick to Catch the Old One,"Middleton, Thomas",1608,1608,506,original DEEP row,comedy,Boys Professional;Professional,A07511,984520250bf7e3bd51c75e0233af22bca60be9c4a29a26201c21dd3187819daf,,,1269,95959,dramatic_body=1269,,body=1269,en=1269,,False,,structural,on,corpus-v3-2026-09-08,build_corpus-2026-09-08.v8,1269,4ab8799910672118b98eddba9320d27d0238e678280d88acc313bdbc4f4b0055,1269,4ab8799910672118b98eddba9320d27d0238e678280d88acc313bdbc4f4b0055,1269,4ab8799910672118b98eddba9320d27d0238e678280d88acc313bdbc4f4b0055
616,616__A07495.txt,263,A07495,A07495,The Family of Love,"Barry, Lording",1608,1608,509,original DEEP row,comedy,Boys Professional;Professional,A07495,eaf10caaf8ca2859a409f7c0787f50f8dc572e2da7d930ce87a9f39aea48cb05,,,1120,107001,dramatic_body=1091;epilogue=14;prologue=15,,body=1105;front=15,en=1120,A07495=1,False,,structural,on,corpus-v3-2026-09-08,build_corpus-2026-09-08.v8,1120,92d031140e0a2af103eb0eca6abdd4163c0391b4598e1c11fe5ad882f6661c1d,1120,92d031140e0a2af103eb0eca6abdd4163c0391b4598e1c11fe5ad882f6661c1d,1091,b246a4ccd370babcc28948d906a22bbec3f95a1607d4d6fad6cb759c0aa9628a
617,617__A21136.txt,264,A21136,A21136,The Merry Devil of Edmonton,Anonymous,1608,1608,511,original DEEP row,comedy,Adult Professional;Professional,A21136,779fcedeb0a588cdbe218f9d9fe2ce96ef9262044b9f2db8861acf41d7c95832,,,1203,62299,dramatic_body=1162;prologue=41,,body=1203,en=1203,,False,,structural,on,corpus-v3-2026-09-08,build_corpus-2026-09-08.v8,1203,73221be5b1ccc135d759587166b0ea8bd1092df451444930d4f022017708d98b,1203,73221be5b1ccc135d759587166b0ea8bd1092df451444930d4f022017708d98b,1162,4fa545f4326b2085dca9e12ba01a579d0e55ba78bd12895a1d501c830006932c
623,623__A11978.txt,265,A11978,A11978,King Lear,"Shakespeare, William",1608,1608,517,original DEEP row,tragedy,Adult Professional;Professional,A11978,ee678800fb36c91b1864302f87e025b184ea039adff53c0bc1d5ae99cab55531,,,2345,130625,dramatic_body=2345,,body=2345,en=2345,,False,,structural,on,corpus-v3-2026-09-08,build_corpus-2026-09-08.v8,2345,21f7993139ad01b73e9e53510c8a21280efe46ec3594c279766953c58c81ca7c,2345,21f7993139ad01b73e9e53510c8a21280efe46ec3594c279766953c58c81ca7c,2345,21f7993139ad01b73e9e53510c8a21280efe46ec3594c279766953c58c81ca7c
625,625__A11954.33.txt,265,A11954.33,A11954.33,King Lear,"Shakespeare, William",1623,1623,5081.33,original DEEP row,tragedy,Adult Professional;Professional,A11954,77d50ab149976a6b0ccf2edfa8ec157a3894f62e44214f6072d1019968d110b1,,,2720,125337,dramatic_body=2720,,body=2720,en=2720,,False,,structural,on,corpus-v3-2026-09-08,build_corpus-2026-09-08.v8,2720,b89e7cfba5e26c39d50be09ff490afb419ea55f3f9a3a7eb4c3e4b104266718e,2720,b89e7cfba5e26c39d50be09ff490afb419ea55f3f9a3a7eb4c3e4b104266718e,2720,b89e7cfba5e26c39d50be09ff490afb419ea55f3f9a3a7eb4c3e4b104266718e
628,628__A68468.txt,266,A68468,A68468,Your Five Gallants (The Five Witty Gallants),"Middleton, Thomas",1608,1608,520,original DEEP row,comedy,Boys Professional;Professional,A68468,6de5750683f9b2c2603f6564f0c935d0d8a14c532f8622fa05adc04709d8bca8,,,1744,106134,dramatic_body=1744,,body=1744,en=1744,,False,,structural,on,corpus-v3-2026-09-08,build_corpus-2026-09-08.v8,1744,427b1dfbc4eee0e6f8a2a24fdb4edb956fc6316cf574d232898ed44dabd8774f,1744,427b1dfbc4eee0e6f8a2a24fdb4edb956fc6316cf574d232898ed44dabd8774f,1744,427b1dfbc4eee0e6f8a2a24fdb4edb956fc6316cf574d232898ed44dabd8774f
629,629__A19977.txt,267,A19977,A19977,Law Tricks,"Day, John",1608,1608,521,original DEEP row,comedy,Boys Professional;Professional,A19977,cad6e4a86c9372cf69dea98cd9beac0ee61a30300278bdbff569e76d69aeeb1c,,,1749,83330,dramatic_body=1739;epilogue=10,,body=1749,en=1749,,False,,structural,on,corpus-v3-2026-09-08,build_corpus-2026-09-08.v8,1749,91e12b9589fc1a87cefb2e364cbedcf87f42bbd5608e96bc295747d4fbc00f89,1749,91e12b9589fc1a87cefb2e364cbedcf87f42bbd5608e96bc295747d4fbc00f89,1739,a76ccc17fb8cd4de1a13a903ce455cc822bd01c127e6d3fb59348011d39bb454
630,630__A19975.txt,268,A19975,A19975,Humor Out of Breath,"Day, John",1608,1608,522,original DEEP row,comedy,Boys Professional;Professional,A19975,223420e7ea2d83d7a484716c112097dcf6644c0b314e01c13366e169a6d23b34,,,1319,72660,dramatic_body=1319,,body=1319,en=1319,,False,,structural,on,corpus-v3-2026-09-08,build_corpus-2026-09-08.v8,1319,17bcfd2f782e980bde83ec31717537aabd1e311ec08343b55da509903b252e07,1319,17bcfd2f782e980bde83ec31717537aabd1e311ec08343b55da509903b252e07,1319,17bcfd2f782e980bde83ec31717537aabd1e311ec08343b55da509903b252e07
631,631__A04643.1.txt,269,A04643.1,A04643.1,The Masque of Blackness (The Twelfth Night's Revels),"Jonson, Ben",1608,1608,5068.01,original DEEP row,masque,Occasional;Nonprofessional,A04643,b39f13f0ea3f0728c92a183fa9c1ffcedc6029fd7410f8a9d2843cb8f05807bf,,,212,8611,dramatic_body=97;song=115,,body=212,en=212,,False,,structural,on,corpus-v3-2026-09-08,build_corpus-2026-09-08.v8,212,2c90bbfc143be80d43f4f066ca75c7f0d18a34c62b107c9aed53b432e8237ab7,212,2c90bbfc143be80d43f4f066ca75c7f0d18a34c62b107c9aed53b432e8237ab7,212,2c90bbfc143be80d43f4f066ca75c7f0d18a34c62b107c9aed53b432e8237ab7
632,632__A04632.15.txt,269,A04632.15,A04632.14.1,The Masque of Blackness (The Twelfth Night's Revels),"Jonson, Ben",1616,1616,5074.22,corrected from DEEP official export (edition-representative record; title-page state unverified),masque,Occasional;Nonprofessional,A04632,89e919d1d63db5097d168e5749be7da7b3268e27f05c0c1ca53ffc0921fac5bc,,,123,5388,dramatic_body=123,,body=123,en=123,A04632.14.1=3,False,,structural,on,corpus-v3-2026-09-08,build_corpus-2026-09-08.v8,123,bf5613f47d2d12728567b844b88cb0045b31ed28948fad616636b8b3540a9b8f,123,bf5613f47d2d12728567b844b88cb0045b31ed28948fad616636b8b3540a9b8f,123,bf5613f47d2d12728567b844b88cb0045b31ed28948fad616636b8b3540a9b8f
634,634__A04643.2.txt,270,A04643.2,A04643.2,The Masque of Beauty,"Jonson, Ben",1608,1608,5068.02,original DEEP row,masque,Occasional;Nonprofessional,A04643,b39f13f0ea3f0728c92a183fa9c1ffcedc6029fd7410f8a9d2843cb8f05807bf,,,200,8412,dramatic_body=144;song=56,,body=200,en=200,,False,,structural,on,corpus-v3-2026-09-08,build_corpus-2026-09-08.v8,200,2a259ed717876af32371307ccb3a8c6c06019aed9639adfe326fb47308d87571,200,2a259ed717876af32371307ccb3a8c6c06019aed9639adfe326fb47308d87571,200,2a259ed717876af32371307ccb3a8c6c06019aed9639adfe326fb47308d87571
635,635__A04632.16.txt,270,A04632.16,A04632.14.2,The Masque of Beauty,"Jonson, Ben",1616,1616,5074.23,corrected from DEEP official export (edition-representative record; title-page state unverified),masque,Occasional;Nonprofessional,A04632,89e919d1d63db5097d168e5749be7da7b3268e27f05c0c1ca53ffc0921fac5bc,,,197,8398,dramatic_body=152;song=45,,body=197,en=197,A04632.14.2=3,False,,structural,on,corpus-v3-2026-09-08,build_corpus-2026-09-08.v8,197,1ba952e9d634b067ac08faa7882a041060bda54cce834a350049d216fa12b381,197,1ba952e9d634b067ac08faa7882a041060bda54cce834a350049d216fa12b381,197,1ba952e9d634b067ac08faa7882a041060bda54cce834a350049d216fa12b381
638,638__A04632.18.txt,271,A04632.18,A04632.14.4,The Masque at Lord Haddington's Marriage (The Hue and Cry after the Fugitive Cupid),"Jonson, Ben",1616,1616,5074.25,corrected from DEEP official export (edition-representative record; title-page state unverified),masque,Occasional;Nonprofessional,A04632,89e919d1d63db5097d168e5749be7da7b3268e27f05c0c1ca53ffc0921fac5bc,,,231,9866,dramatic_body=187;song=44,,body=231,en=231,A04632.14.4=2,False,,structural,on,corpus-v3-2026-09-08,build_corpus-2026-09-08.v8,231,ad26fbafd30f9b3541c13237e9981bc4336c368b9bb1eef850d75960a66fa128,231,ad26fbafd30f9b3541c13237e9981bc4336c368b9bb1eef850d75960a66fa128,231,ad26fbafd30f9b3541c13237e9981bc4336c368b9bb1eef850d75960a66fa128
640,640__A12030.txt,272,A12030,A12030,A Yorkshire Tragedy,"Middleton, Thomas",1608,1608,523,original DEEP row,tragedy,Professional;Adult Professional,A12030,9a56dcc5b9153ac87b3440f7d7b75d79c967a69541ba57e40146464e5ccab16e,,,580,30000,dramatic_body=580,,body=580,en=580,,False,,structural,on,corpus-v3-2026-09-08,build_corpus-2026-09-08.v8,580,eba6d83972e40f4f70982492c99036888bcc0cb9ead890acdd7e642e5b378016,580,eba6d83972e40f4f70982492c99036888bcc0cb9ead890acdd7e642e5b378016,580,eba6d83972e40f4f70982492c99036888bcc0cb9ead890acdd7e642e5b378016
642,642__A03244.txt,273,A03244,A03244,The Rape of Lucrece,"Heywood, Thomas",1608,1608,525,original DEEP row,tragedy,Adult Professional;Professional,A03244,5285246cd9c4986be26ac808ae9b78ddc42e278354e903600e152fb4255e1067,,,2159,105903,dramatic_body=2159,,body=2159,en=2159,,False,,structural,on,corpus-v3-2026-09-08,build_corpus-2026-09-08.v8,2159,0f56a5e0cee9d1096a1280e4866fc2026dd298b550ad59cd89d17d679ded49d2,2159,0f56a5e0cee9d1096a1280e4866fc2026dd298b550ad59cd89d17d679ded49d2,2159,0f56a5e0cee9d1096a1280e4866fc2026dd298b550ad59cd89d17d679ded49d2
647,647__A18404.1.txt,274,A18404.1,A18404.1,The Conspiracy of Charles Duke of Byron,"Chapman, George",1608,1608,5069.01,original DEEP row,history,Boys Professional;Professional,A18404,1e57f7ce551beae2a0057d45b012137dfda86330d570d74f355417fbbb8feeaf,,,2090,90289,dramatic_body=2066;prologue=24,,body=2066;front=24,en=2090,,False,,structural,on,corpus-v3-2026-09-08,build_corpus-2026-09-08.v8,2090,817903b478cce5c0b7dcbc99425f6d1e71cf56529f7ae3297e17b7060ab897a0,2090,817903b478cce5c0b7dcbc99425f6d1e71cf56529f7ae3297e17b7060ab897a0,2066,a788fe1f91abe977943fb34ab79f48e051afbbc7367716ce478b92ca4c5fc5f0
649,649__A18404.2.txt,275,A18404.2,A18404.2,The Tragedy of Charles Duke of Byron,"Chapman, George",1608,1608,5069.02,original DEEP row,tragedy,Boys Professional;Professional,A18404,1e57f7ce551beae2a0057d45b012137dfda86330d570d74f355417fbbb8feeaf,,,2381,101247,dramatic_body=2381,,body=2381,en=2381,,False,,structural,on,corpus-v3-2026-09-08,build_corpus-2026-09-08.v8,2381,101030bb3c8165905036a87793554c5c430e53f1c8e983a083d129cb90e31b58,2381,101030bb3c8165905036a87793554c5c430e53f1c8e983a083d129cb90e31b58,2381,101030bb3c8165905036a87793554c5c430e53f1c8e983a083d129cb90e31b58
651,651__A07504.txt,276,A07504,A07504,"A Mad World, My Masters","Middleton, Thomas",1608,1608,530,original DEEP row,comedy,Boys Professional;Professional;Adult Professional,A07504,8717fc946a0003e412ecbeb563fdd1b26581adf75f6b868b1c203a72c97a9ee2,,,1374,95373,dramatic_body=1374,,body=1374,en=1374,,False,,structural,on,corpus-v3-2026-09-08,build_corpus-2026-09-08.v8,1374,7b23360641cc3d8cef218b2717135e0e671974682da7feaa7d00cd5dc3626041,1374,7b23360641cc3d8cef218b2717135e0e671974682da7feaa7d00cd5dc3626041,1374,7b23360641cc3d8cef218b2717135e0e671974682da7feaa7d00cd5dc3626041
653,653__A06975.txt,277,A06975,A06975,The Dumb Knight,"Markham, GervaseMachin, Lewis",1608,1608,532,original DEEP row,tragicomedy,Boys Professional;Professional,A06975,b9eee1f3b7b00317a7b6cc1deecef30a9acd0d7a4439ea1b427ddd9d7fbfb237,,,1991,98899,dramatic_body=1991,,body=1991,en=1991,,False,,structural,on,corpus-v3-2026-09-08,build_corpus-2026-09-08.v8,1991,c4547c621e8f50e316c55a76d27cfdb22027c1724809959c4fbedfd4f09ad50f,1991,c4547c621e8f50e316c55a76d27cfdb22027c1724809959c4fbedfd4f09ad50f,1991,c4547c621e8f50e316c55a76d27cfdb22027c1724809959c4fbedfd4f09ad50f
656,656__A02226.2.txt,278,A02226.2,A02226.5,Mustapha,"Greville, Fulke",1633,1633,5101.02,original DEEP row,tragedy,Closet/Unacted;Nonprofessional,A02226,afd1f7de1b392cab31de6cccf375081ae20b986b12739651e29210b72d2fdecc,,,2652,119464,chorus=691;dramatic_body=1961,,body=2652,en=2652,,False,,structural,on,corpus-v3-2026-09-08,build_corpus-2026-09-08.v8,2652,0b9c36cfe7f4e050c71dd61f5e58ddb95ed38546c8761dc9f3ed6bba59458a68,2652,0b9c36cfe7f4e050c71dd61f5e58ddb95ed38546c8761dc9f3ed6bba59458a68,2652,0b9c36cfe7f4e050c71dd61f5e58ddb95ed38546c8761dc9f3ed6bba59458a68
657,657__A12021.txt,279,A12021,A12021,Troilus and Cressida,"Shakespeare, William",1609,1609,538,original DEEP row,tragedy,Adult Professional;Professional,A12021,160b38c7bcaed72a2486dc68aad8e600ba44c5f0a782f1d241ecced6e447683d,,,2848,133623,dramatic_body=2848,,body=2848,en=2848,,False,,structural,on,corpus-v3-2026-09-08,build_corpus-2026-09-08.v8,2848,70246058f7599384e91dafe3c10f7e9f8e6b036a1f7c5e021e5ba699233bf0d5,2848,70246058f7599384e91dafe3c10f7e9f8e6b036a1f7c5e021e5ba699233bf0d5,2848,70246058f7599384e91dafe3c10f7e9f8e6b036a1f7c5e021e5ba699233bf0d5
658,658__A11954.25.txt,279,A11954.25,A11954.25,Troilus and Cressida,"Shakespeare, William",1623,1623,5081.25,original DEEP row,tragedy,Adult Professional;Professional,A11954,77d50ab149976a6b0ccf2edfa8ec157a3894f62e44214f6072d1019968d110b1,,,2964,138903,dramatic_body=2933;prologue=31,,body=2964,en=2964,,False,,structural,on,corpus-v3-2026-09-08,build_corpus-2026-09-08.v8,2964,90fbe0865e0c09d93d6c348e6f7b625fa548f7c38b2b73bc89130e5d3d43dcfa,2964,90fbe0865e0c09d93d6c348e6f7b625fa548f7c38b2b73bc89130e5d3d43dcfa,2933,ccd0bd630e41d83f343e1b0b73307dfbd929452a8c2afd5bf7fbc4ebeed3a49d
661,661__A04632.19.txt,280,A04632.19,A04632.14.5,The Masque of Queens,"Jonson, Ben",1616,1616,5074.26,corrected from DEEP official export (edition-representative record; title-page state unverified),masque,Occasional;Nonprofessional,A04632,89e919d1d63db5097d168e5749be7da7b3268e27f05c0c1ca53ffc0921fac5bc,,,270,10402,dramatic_body=42;song=228,,body=270,en=270,A04632.14.5=6,False,,structural,on,corpus-v3-2026-09-08,build_corpus-2026-09-08.v8,270,848a347de68e49418a5a6f454c34eb72992c5d73253d7cf5f965a07ce75d295d,270,848a347de68e49418a5a6f454c34eb72992c5d73253d7cf5f965a07ce75d295d,270,848a347de68e49418a5a6f454c34eb72992c5d73253d7cf5f965a07ce75d295d
663,663__A04638.txt,281,A04638,A04638,The Case Is Altered,"Jonson, Ben",1609,1609,541,original DEEP row,comedy,Boys Professional;Professional,A04638,30c2e3ce43f14a5d4aad49f3756d95eee0ca2b68faec5c51f355027f39b2c1a3,,,1879,94229,dramatic_body=1879,,body=1879,en=1879,A04638=2,False,,structural,on,corpus-v3-2026-09-08,build_corpus-2026-09-08.v8,1879,2a83626928df579a500ab9772ca55790078755b645b0e6036dbc3f20d24fd502,1879,2a83626928df579a500ab9772ca55790078755b645b0e6036dbc3f20d24fd502,1879,2a83626928df579a500ab9772ca55790078755b645b0e6036dbc3f20d24fd502
665,665__A15676.txt,283,A15676,A15676,Every Woman in Her Humor,Anonymous,1609,1609,545,original DEEP row,comedy,Boys Professional;Professional,A15676,d6239fce1ac09bc68a70c68f394808206da89b06f97aaea85080703d4dff1077,,,1219,91656,dramatic_body=1217;prologue=2,,body=1219,en=1219,,False,,structural,on,corpus-v3-2026-09-08,build_corpus-2026-09-08.v8,1219,67ef82d4ae6fdaae646c97775f8114eceafa496bd23a57a6e374e2705e701e29,1219,67ef82d4ae6fdaae646c97775f8114eceafa496bd23a57a6e374e2705e701e29,1217,9c1d1ad31d4f066315a2e5dc8920d4df5b0252cecb00820997c8334837d441f6
666,666__A12024.txt,284,A12024,A12024,"Pericles, Prince of Tyre","Shakespeare, WilliamWilkins, George",1609,1609,546,original DEEP row,romance,Adult Professional;Professional,A12024,49567ca2ce7136f3225ce7f79d711b0e36b2ab915a8d43c4939ec45ce74841bf,,,1806,94954,dramatic_body=1788;epilogue=18,,body=1806,en=1806,,False,,structural,on,corpus-v3-2026-09-08,build_corpus-2026-09-08.v8,1806,405b022d0944c2c857e7c4ccd9063354eb7d2ffaf3cdb2352e47df4a8086c8e6,1806,405b022d0944c2c857e7c4ccd9063354eb7d2ffaf3cdb2352e47df4a8086c8e6,1788,9512899c3328a9305044204a6172c92c6745a53cbf6bcb43d3ee13fe00d2d972
672,672__A21411.txt,285,A21411,A21411,The Two Maids of More-Clacke,"Armin, Robert",1609,1609,552,original DEEP row,comedy,Boys Professional;Professional,A21411,66ea94f24b14f83a1007644ecee92b64742f058aa3d57283298c10485c20be58,,,1803,86890,dramatic_body=1803,,body=1803,en=1803,,False,,structural,on,corpus-v3-2026-09-08,build_corpus-2026-09-08.v8,1803,765c1091da49da9ebbb2ff1fc222709a1eacb574fda25e46c9fd87c02010f32c,1803,765c1091da49da9ebbb2ff1fc222709a1eacb574fda25e46c9fd87c02010f32c,1803,765c1091da49da9ebbb2ff1fc222709a1eacb574fda25e46c9fd87c02010f32c
673,673__A07217.txt,286,A07217,A07217,The Turk (Muleasses the Turk),"Mason, John",1610,1610,553,original DEEP row,tragedy,Boys Professional;Professional,A07217,0c106e2d6d370936a95809449063357d35313f243c85055268d7043135c68d02,,,2042,93492,dramatic_body=2001;epilogue=19;prologue=22,,body=2042,en=2042,,False,,structural,on,corpus-v3-2026-09-08,build_corpus-2026-09-08.v8,2042,718367dbd3014452ee65aa433eedc693acf13dfc47a017c71ba203cebbb1173d,2042,718367dbd3014452ee65aa433eedc693acf13dfc47a017c71ba203cebbb1173d,2001,cb0a354f2c5571866b2d5b86638f5625d1fb561567834a2ca462e769cc87a92c
675,675__A00962.txt,287,A00962,A00962,The Faithful Shepherdess,"Fletcher, John",1610,1610,555,original DEEP row,pastoral; tragicomedy,Boys Professional;Professional;Adult Professional,A00962,244b500964c9cf76558d9b206163f2abdacf104b45af0d44f7da2f22e9daa6b0,,,2762,106675,dramatic_body=2762,,body=2762,en=2762,,False,,structural,on,corpus-v3-2026-09-08,build_corpus-2026-09-08.v8,2762,d4c78594a3de781e641d6d3346ac7d84ac3f901798f036ddf2828b361db135cb,2762,d4c78594a3de781e641d6d3346ac7d84ac3f901798f036ddf2828b361db135cb,2762,d4c78594a3de781e641d6d3346ac7d84ac3f901798f036ddf2828b361db135cb
679,679__A18589.txt,288,A18589,A18589,Chester's Triumph (St George's Day Entertainment),"Amory, RobertDavies, Richard",1610,1610,559,original DEEP row,civic play; pageant,Occasional;Nonprofessional,A18589,3b7e4b6a59f96013b0b02115a3c02473c744596d2026caa1c5ad5cb9b8e3a33e,,,444,19465,dramatic_body=444,,body=444,en=444,,False,,structural,on,corpus-v3-2026-09-08,build_corpus-2026-09-08.v8,444,711d5f3b5480cdcb0e7708f853411ad84d6b9ed9bb83b9ee1aad401540403fe8,444,711d5f3b5480cdcb0e7708f853411ad84d6b9ed9bb83b9ee1aad401540403fe8,444,711d5f3b5480cdcb0e7708f853411ad84d6b9ed9bb83b9ee1aad401540403fe8
680,680__A03019.txt,289,A03019,A03019,London's Love to Prince Henry (Water Pageant of Corinea and Amphion),"Munday, Anthony",1610,1610,560,original DEEP row,entertainment; royal entertainment or entry,Occasional;Nonprofessional,A03019,41b52f3926c465c4a2912833d2c96d760dd3ef897eea30b8ee713de8b7f40675,,,6,2594,speech=6,,body=6,en=6,,False,,structural,on,corpus-v3-2026-09-08,build_corpus-2026-09-08.v8,6,05dede1a6450c00c285142aafc363d0125edf98a79ab79a00979fe65e859e208,6,05dede1a6450c00c285142aafc363d0125edf98a79ab79a00979fe65e859e208,6,05dede1a6450c00c285142aafc363d0125edf98a79ab79a00979fe65e859e208
681,681__A03405.txt,290,A03405,A03405,"Histriomastix, or The Player Whipped","Marston, John",1610,1610,561,original DEEP row,moral,Boys Professional;Professional,A03405,9011c18e12132a9a1f336fdf1fcda472ade7d5d4a9b3c609f5a5587780e5e515,,,1681,71632,dramatic_body=1681,,body=1681,en=1681,,False,,structural,on,corpus-v3-2026-09-08,build_corpus-2026-09-08.v8,1681,8cd0a6a0ad4c289c3ac30fd9cf8e8b2f52453a6abee88b865cea8ddb542a465b,1681,8cd0a6a0ad4c289c3ac30fd9cf8e8b2f52453a6abee88b865cea8ddb542a465b,1681,8cd0a6a0ad4c289c3ac30fd9cf8e8b2f52453a6abee88b865cea8ddb542a465b
682,682__A03022.1.txt,291,A03022.1,A03022.2,"Tethys' Festival, or The Queen's Wake (Tethyos Epinicia)","Daniel, Samuel",1610,1610,5071.01,original DEEP row,masque,Occasional;Nonprofessional,A03022,09de94fdca428a934b8c0c2fdaada69393732b0ed74432d7a4131fc2df11ae9a,,,160,6066,dramatic_body=160,,body=160,en=160,,False,,structural,on,corpus-v3-2026-09-08,build_corpus-2026-09-08.v8,160,53d8df03b09657b7722a2f80f9fc871f38bbafad74acea97aace316a70e5e99f,160,53d8df03b09657b7722a2f80f9fc871f38bbafad74acea97aace316a70e5e99f,160,53d8df03b09657b7722a2f80f9fc871f38bbafad74acea97aace316a70e5e99f
683,683__A04881.txt,292,A04881,A04881,"Ram Alley, or Merry Tricks","Barry, Lording",1611,1611,562,original DEEP row,comedy,Boys Professional;Professional,A04881,00d2baa336f8b3f1f2c336de51d4cff934017b09133ff1efedc12ab2dc73c420,,,2928,109805,dramatic_body=2876;epilogue=18;prologue=34,,back=18;body=2876;front=34,en=2928,,False,,structural,on,corpus-v3-2026-09-08,build_corpus-2026-09-08.v8,2928,0ead98115f1ad683ced923228f3db46d65d3871e951acf43712a60cee339e3aa,2928,0ead98115f1ad683ced923228f3db46d65d3871e951acf43712a60cee339e3aa,2876,b0a26190030d13fd3a2e87d66ceb40932e1e333d4ac3fb187dfa06e631b75b78
686,686__A13840.txt,293,A13840,A13840,"The Atheist's Tragedy, or The Honest Man's Revenge","Tourneur, Cyril",1611,1611,565,original DEEP row,tragedy,Adult Professional;Professional,A13840,de6c122e5e870a03c50a9db64d925006e1ad9533677dba5d4d3361af80023109,,,1794,113081,dramatic_body=1794,,body=1794,en=1794,,False,,structural,on,corpus-v3-2026-09-08,build_corpus-2026-09-08.v8,1794,345d40e9e793a831851b5b7ef671a855ca15bc84ecb8936236df4380ad8a65c9,1794,345d40e9e793a831851b5b7ef671a855ca15bc84ecb8936236df4380ad8a65c9,1794,345d40e9e793a831851b5b7ef671a855ca15bc84ecb8936236df4380ad8a65c9
687,687__A03205.txt,294,A03205,A03205,"The Golden Age, or The Lives of Jupiter and Saturn","Heywood, Thomas",1611,1611,567,original DEEP row,classical legend or myth,Adult Professional;Professional,A03205,c338075d11ca4f6d39b68875c7db68ac880e84f059962039a37d0af2e6052d1c,,,2209,97991,dramatic_body=2209,,body=2209,en=2209,,False,,structural,on,corpus-v3-2026-09-08,build_corpus-2026-09-08.v8,2209,8887816982b69889787dd8c448859999f4ea40aa2334fc5215ea2b9ea75abf18,2209,8887816982b69889787dd8c448859999f4ea40aa2334fc5215ea2b9ea75abf18,2209,8887816982b69889787dd8c448859999f4ea40aa2334fc5215ea2b9ea75abf18
688,688__A07895.txt,295,A07895,A07895,Chruso-Thriambos: The Triumphs of Gold,"Munday, Anthony",1611,1611,568,original DEEP row,civic play; pageant,Occasional;Nonprofessional,A07895,962940d43b239451f83cd69bcfbd4f872d05df5fe8e4bbb736a6e74dabd4db82,,,264,16236,dramatic_body=262;speech=2,,body=264,en=264,,False,,structural,on,corpus-v3-2026-09-08,build_corpus-2026-09-08.v8,264,565a3d7c652ce0ba0ba7b50e6b6c2059ab2c911490482b122d3ce924687afc9b,264,565a3d7c652ce0ba0ba7b50e6b6c2059ab2c911490482b122d3ce924687afc9b,264,565a3d7c652ce0ba0ba7b50e6b6c2059ab2c911490482b122d3ce924687afc9b
690,690__A04640.txt,296,A04640,A04640,Catiline His Conspiracy,"Jonson, Ben",1611,1611,570,original DEEP row,tragedy,Adult Professional;Professional,A04640,f826681e9fd28ac39f9249c1bcbacd62415702cca1041325941d96cdf1fb234d,,,3976,156803,dramatic_body=3976,,body=3976,en=3976,,False,,structural,on,corpus-v3-2026-09-08,build_corpus-2026-09-08.v8,3976,0ad96064118069452571053e5437360fc866f6786933ae5a828e6353c74ffa73,3976,0ad96064118069452571053e5437360fc866f6786933ae5a828e6353c74ffa73,3976,0ad96064118069452571053e5437360fc866f6786933ae5a828e6353c74ffa73
691,691__A04632.9.txt,296,A04632.9,A04632.9,Catiline His Conspiracy,"Jonson, Ben",1616,1616,5074.16,corrected from DEEP official export (edition-representative record; title-page state unverified),tragedy,Adult Professional;Professional,A04632,89e919d1d63db5097d168e5749be7da7b3268e27f05c0c1ca53ffc0921fac5bc,,,2598,103407,dramatic_body=2598,,body=2598,en=2598,A04632.9=28,False,,structural,on,corpus-v3-2026-09-08,build_corpus-2026-09-08.v8,2598,57daed934347e821b2cca9cfa53048cd9d877eb77001999ad91e8abb475d35c1,2598,57daed934347e821b2cca9cfa53048cd9d877eb77001999ad91e8abb475d35c1,2598,57daed934347e821b2cca9cfa53048cd9d877eb77001999ad91e8abb475d35c1
695,695__A18415.txt,297,A18415,A18415,May Day,"Chapman, George",1611,1611,573,original DEEP row,comedy,Boys Professional;Professional,A18415,9b05ae236077562d9a3baee39604bb3bdf42ca6517583f6ad8bd6d54f062c765,,,1123,120179,dramatic_body=1123,,body=1123,en=1123,,False,,structural,on,corpus-v3-2026-09-08,build_corpus-2026-09-08.v8,1123,03ba48ca8312c78c806cbe3ceeed3a691309edf4473fbfd71badd8ed8bd07ce8,1123,03ba48ca8312c78c806cbe3ceeed3a691309edf4473fbfd71badd8ed8bd07ce8,1123,03ba48ca8312c78c806cbe3ceeed3a691309edf4473fbfd71badd8ed8bd07ce8
696,696__A07524.txt,298,A07524,A07524,"The Roaring Girl, or Moll Cutpurse","Dekker, ThomasMiddleton, Thomas",1611,1611,574,original DEEP row,comedy,Adult Professional;Professional,A07524,eefc3ba75c485117f2b4be8a477b10101896e61663738fde83180c9faf6519f6,,,2401,124592,dramatic_body=2334;epilogue=37;prologue=30,,back=37;body=2334;front=30,en=2401,,False,,structural,on,corpus-v3-2026-09-08,build_corpus-2026-09-08.v8,2401,cd8be727fc52a266b3a0fb1e1ea75b3329f2983dd573fca429fb2b4f527884c7,2401,cd8be727fc52a266b3a0fb1e1ea75b3329f2983dd573fca429fb2b4f527884c7,2334,6df31103b498f1de830082d19f738bdcbec2fa875cefce4c0b97f46e72375a48
697,697__A00725.txt,299,A00725,A00725,A Woman Is a Weathercock,"Field, Nathan",1612,1612,575,original DEEP row,comedy,Boys Professional;Professional,A00725,3fabbc71d45a413bb809e6d3b706e05014c82ad85b96a49bd9b5649989124ed9,,,1718,84550,dramatic_body=1704;song=14,,body=1718,en=1718,,False,,structural,on,corpus-v3-2026-09-08,build_corpus-2026-09-08.v8,1718,47eb4656440a592e9f513f64081ade72560ddfdcd544cfcc164451e9f6c7d42a,1718,47eb4656440a592e9f513f64081ade72560ddfdcd544cfcc164451e9f6c7d42a,1718,47eb4656440a592e9f513f64081ade72560ddfdcd544cfcc164451e9f6c7d42a
698,698__A19757.txt,300,A19757,A19757,A Christian Turned Turk (The Two Famous Pirates),"Daborne, Robert",1612,1612,576,original DEEP row,tragedy,Boys Professional;Professional,A19757,65cc9774d180f6fa974cd661681f1f7aa05057d5297eddc4234ca4b6922afddc,,,1942,100415,dramatic_body=1904;epilogue=14;prologue=24,,body=1918;front=24,en=1942,,False,,structural,on,corpus-v3-2026-09-08,build_corpus-2026-09-08.v8,1942,cebf4aae8a187ae56d7b0fd4147c8696cff988cc25736e17b86577b2834feaf8,1942,cebf4aae8a187ae56d7b0fd4147c8696cff988cc25736e17b86577b2834feaf8,1904,d7e9f6270eebb13a38b13d1c7b4ecc28c1d374d94ccfab93e29e4871e756cb5f
699,699__A18426.txt,301,A18426,A18426,The Widow's Tears,"Chapman, George",1612,1612,577,original DEEP row,comedy,Boys Professional;Professional,A18426,85a05ec715f02fdde9dd9220a3e0ef9d2ab4e69096a2254d56716d8a68cff8ae,,,1382,116022,dramatic_body=1382,,body=1382,en=1382,A18426=1,False,,structural,on,corpus-v3-2026-09-08,build_corpus-2026-09-08.v8,1382,a44c543a6a0229fe58d3f94e256c31a1d5f169230eaabc43e7435d044a0ad6a8,1382,a44c543a6a0229fe58d3f94e256c31a1d5f169230eaabc43e7435d044a0ad6a8,1382,a44c543a6a0229fe58d3f94e256c31a1d5f169230eaabc43e7435d044a0ad6a8
700,700__A20090.txt,302,A20090,A20090,Troia Nova Triumphans (London Triumphing),"Dekker, Thomas",1612,1612,578,original DEEP row,civic play; pageant,Occasional;Nonprofessional,A20090,423adb2d28feb0a8e14dc037d82d4e994715f8eec6e69a544d5329e66bfbd6d9,,,305,12858,dramatic_body=34;speech=271,,body=305,en=305,,False,,structural,on,corpus-v3-2026-09-08,build_corpus-2026-09-08.v8,305,2fb1868e610bceffef39bad396579984e6586b28ba6bec5a3e3b50506e22d6dc,305,2fb1868e610bceffef39bad396579984e6586b28ba6bec5a3e3b50506e22d6dc,305,2fb1868e610bceffef39bad396579984e6586b28ba6bec5a3e3b50506e22d6dc
701,701__A04636.txt,303,A04636,A04636,The Alchemist,"Jonson, Ben",1612,1612,579,original DEEP row,comedy,Adult Professional;Professional,A04636,bc7ca0da868846014919c763195edea9123cdc7a1ccda11e7ae197108832d114,,,4043,142486,dramatic_body=4019;prologue=24,,body=4019;front=24,en=4043,,False,,structural,on,corpus-v3-2026-09-08,build_corpus-2026-09-08.v8,4043,846bdc327438643310afc542f388cd8d58c3bb6402049b500752a6363831f710,4043,846bdc327438643310afc542f388cd8d58c3bb6402049b500752a6363831f710,4019,3cf6254e8d9566104985ef814f191204ee283e6755d133f3afbc3fb8aa1ff493
702,702__A04632.8.txt,303,A04632.8,A04632.8,The Alchemist,"Jonson, Ben",1616,1616,5074.15,corrected from DEEP official export (edition-representative record; title-page state unverified),comedy,Adult Professional;Professional,A04632,89e919d1d63db5097d168e5749be7da7b3268e27f05c0c1ca53ffc0921fac5bc,,,3061,108913,dramatic_body=3037;prologue=24,,body=3061,en=3061,A04632.8=20,False,,structural,on,corpus-v3-2026-09-08,build_corpus-2026-09-08.v8,3061,7ca3dd21428087d779a1f2a2fd37f8e4f96f16cdd293ec771b46b3a7985f44b1,3061,7ca3dd21428087d779a1f2a2fd37f8e4f96f16cdd293ec771b46b3a7985f44b1,3037,68c5f0045598fd4b0afb64a003908c4b3faa8762a6d69ccbfeba189e2cc28604
704,704__A04632.7.txt,304,A04632.7,A04632.7,"Epicene, or The Silent Woman","Jonson, Ben",1616,1616,5074.13,corrected from DEEP official export (edition-representative record; title-page state unverified),comedy,Boys Professional;Professional,A04632,89e919d1d63db5097d168e5749be7da7b3268e27f05c0c1ca53ffc0921fac5bc,,,1494,153205,dramatic_body=1451;prologue=43,,body=1494,en=1494,,False,,structural,on,corpus-v3-2026-09-08,build_corpus-2026-09-08.v8,1494,bde8a0dad5c64b83f25de23a9ed714135564cc575853fba8a693fa7d7ba9a359,1494,bde8a0dad5c64b83f25de23a9ed714135564cc575853fba8a693fa7d7ba9a359,1451,540b1fa3d57cb5d7af130d63a173732bf322efc9fdb84f357a5b1166b91c60ea
705,705__A04645.txt,304,A04645,A04645,"Epicene, or The Silent Woman","Jonson, Ben",1620,1620,580,original DEEP row,comedy,Boys Professional;Professional,A04645,18e237c2f94d552a6d736563a6c723821302d61a627ee87b39991d6d218d8f5b,,,1350,138896,dramatic_body=1307;prologue=43,,body=1350,en=1350,A04645=4,False,,structural,on,corpus-v3-2026-09-08,build_corpus-2026-09-08.v8,1350,c255be4879062139eee7c7f0af1a9d53165466d7c228afba3dba50b0350c76f1,1350,c255be4879062139eee7c7f0af1a9d53165466d7c228afba3dba50b0350c76f1,1307,a573e897b93ee401f9e39296f890c5697818743462e7e65a29a5997b29381880
707,707__A20066.txt,305,A20066,A20066,"If It Be Not Good, the Devil Is in It (If This Be Not a Good Play, the Devil Is in It)","Dekker, Thomas",1612,1612,582,original DEEP row,comedy,Adult Professional;Professional,A20066,a80689f1f7585b5e1d50cbf59f159b85a3c37361e748e87781ec9e4a44f2e568,,,2692,117617,dramatic_body=2628;epilogue=18;prologue=46,,back=18;body=2628;front=46,en=2692,,False,,structural,on,corpus-v3-2026-09-08,build_corpus-2026-09-08.v8,2692,9b34ad458f672c98f28d2029086876cf0e437e6066e4a51534b222ab57323319,2692,9b34ad458f672c98f28d2029086876cf0e437e6066e4a51534b222ab57323319,2628,2dc7d40b1af481a6604e1f6f72c53dc8fb43559254dc0c6f00a52eaef2321f0b
708,708__A14875.txt,306,A14875,A14875,The White Devil (Vittoria Corombona),"Webster, John",1612,1612,583,original DEEP row,tragedy,Adult Professional;Professional,A14875,e0b2c5e646522155522a9e2504bf77290957e6c646b3db2e161b0847717fc170,,,3125,132307,dramatic_body=3125,,body=3125,en=3125,,False,,structural,on,corpus-v3-2026-09-08,build_corpus-2026-09-08.v8,3125,45b3b37412a19794c6dd6978a06b121fce6618e0b7d98d208e02a99d5ef8c784,3125,45b3b37412a19794c6dd6978a06b121fce6618e0b7d98d208e02a99d5ef8c784,3125,45b3b37412a19794c6dd6978a06b121fce6618e0b7d98d208e02a99d5ef8c784
710,710__A18421.txt,307,A18421,A18421,The Revenge of Bussy D'Ambois,"Chapman, George",1613,1613,585,original DEEP row,tragedy,Boys Professional;Professional,A18421,3aba7b5603409041c4b4698132318b89c342c9f855d0221654e8b73cb598b0f4,,,2612,107455,dramatic_body=2612,,body=2612,en=2612,,False,,structural,on,corpus-v3-2026-09-08,build_corpus-2026-09-08.v8,2612,7be708caad0cdf0a68e524b377afa1ad2d72cf75d160c95902b889c523f43748,2612,7be708caad0cdf0a68e524b377afa1ad2d72cf75d160c95902b889c523f43748,2612,7be708caad0cdf0a68e524b377afa1ad2d72cf75d160c95902b889c523f43748
712,712__A06150.txt,309,A06150,A06150,The Masque of the Inner Temple and Gray's Inn (Wedding Masque of Olympian Knights),"Beaumont, Francis",1613,1613,589,original DEEP row,masque,Occasional;Nonprofessional;University/Inns of Court,A06150,09f51662bc1f9daa48ea24c65095de070b14c00a4e5e238b1eeadeeb5ed59a3e,,,175,7045,dramatic_body=136;song=39,,body=175,en=175,,False,,structural,on,corpus-v3-2026-09-08,build_corpus-2026-09-08.v8,175,ea661e696eee5d5ce471dfc3bdbe2b0fb194536b443de7ee50c2056881f517c4,175,ea661e696eee5d5ce471dfc3bdbe2b0fb194536b443de7ee50c2056881f517c4,175,ea661e696eee5d5ce471dfc3bdbe2b0fb194536b443de7ee50c2056881f517c4
717,717__A07518.txt,311,A07518,A07518,The Triumphs of Truth,"Munday, AnthonyMiddleton, Thomas",1613,1613,593,original DEEP row,civic play; pageant,Occasional;Nonprofessional,A07518,83d3652747ff53db2015b24203b45969bb35799aac5073532f92c537ab7357ea,,,477,21383,dramatic_body=464;song=13,,back=13;body=464,en=477,,True,,structural,on,corpus-v3-2026-09-08,build_corpus-2026-09-08.v8,477,0cea54af259469c697fff86719401d3d5604c17a509e42798e3663431e5f3b28,477,0cea54af259469c697fff86719401d3d5604c17a509e42798e3663431e5f3b28,477,0cea54af259469c697fff86719401d3d5604c17a509e42798e3663431e5f3b28
719,719__A03189.txt,313,A03189,A03189,The Brazen Age (The Age of Brass),"Heywood, Thomas",1613,1613,595,original DEEP row,classical legend or myth,Adult Professional;Professional,A03189,6c9ce8c2d90496222e8899759ffb5273d352f198f1606f1ec630e7b16c3d7fd5,,,2677,112215,dramatic_body=2677,,body=2677,en=2677,,False,,structural,on,corpus-v3-2026-09-08,build_corpus-2026-09-08.v8,2677,f59fc3f593de29e02c31458180e7339f912d51176dda4ea0465f396230702c45,2677,f59fc3f593de29e02c31458180e7339f912d51176dda4ea0465f396230702c45,2677,f59fc3f593de29e02c31458180e7339f912d51176dda4ea0465f396230702c45
720,720__A12954.txt,314,A12954,A12954,"Cynthia's Revenge, or Maenander's Ecstasy","Stephens, John",1613,1613,598,original DEEP row,tragedy,Closet/Unacted;Nonprofessional,A12954,4ded43ef51a013cfa9c77cd16e520013586c2e0aaf2b99b33c818c00ea42a055,,,5003,199453,dramatic_body=5003,,body=5003,en=5003,,False,,structural,on,corpus-v3-2026-09-08,build_corpus-2026-09-08.v8,5003,3291314413b859856ecc4b24371a3a16a92f7f4f07b4292df6591ba2b862fbd1,5003,3291314413b859856ecc4b24371a3a16a92f7f4f07b4292df6591ba2b862fbd1,5003,3291314413b859856ecc4b24371a3a16a92f7f4f07b4292df6591ba2b862fbd1
721,721__A07067.txt,315,A07067,A07067,The Insatiate Countess,"Marston, JohnMachin, LewisBarkstead, William",1613,1613,599,original DEEP row,tragedy,Boys Professional;Professional,A07067,b99a4687a1858a855b664088713b3144604f5fa2c905264f89b82fe88698391c,,,2253,109247,dramatic_body=2253,,body=2253,en=2253,,False,,structural,on,corpus-v3-2026-09-08,build_corpus-2026-09-08.v8,2253,7c6b0a6a2d288be723e18ec2bbd3a9ba3bc84f4d82f5a7bc8c2745df236a12f7,2253,7c6b0a6a2d288be723e18ec2bbd3a9ba3bc84f4d82f5a7bc8c2745df236a12f7,2253,7c6b0a6a2d288be723e18ec2bbd3a9ba3bc84f4d82f5a7bc8c2745df236a12f7
724,724__A06252.txt,316,A06252,A06252,The Knight of the Burning Pestle,"Beaumont, Francis",1613,1613,604,original DEEP row,comedy,Boys Professional;Professional;Adult Professional,A06252,6bbc3752116058086922e20785bf92fdd48044f3e8954c995924a2984ed3d537,,,1791,110124,dramatic_body=1718;epilogue=2;prologue=71,,body=1791,en=1791,,False,,structural,on,corpus-v3-2026-09-08,build_corpus-2026-09-08.v8,1791,5d109d26c3a0185c2ffeb1d170f7a4609e7236ae39be25f04559afdc9533d763,1791,5d109d26c3a0185c2ffeb1d170f7a4609e7236ae39be25f04559afdc9533d763,1718,46b6ec945389431e5fd156bccf86c3ca63d629886c8eae077ca2e0d3d02e22b4
727,727__A17879.1.txt,318,A17879.1,A17879.1,The Royal Entertainment at Caversham,"Campion, Thomas",1613,1613,5073.01,original DEEP row,entertainment; masque; royal entertainment or entry,Occasional;Nonprofessional,A17879,b39a419f1bfa7f5f0be87c72f1098e88ed3380c15c0cb647ceefd71b1406687d,,,154,11098,dramatic_body=61;song=91;speech=2,,body=154,en=154,,False,,structural,on,corpus-v3-2026-09-08,build_corpus-2026-09-08.v8,154,adab20f78ed8ffe28d8a4e16029f9a8e3af137df2d3391b40faa252a6593e2d2,154,adab20f78ed8ffe28d8a4e16029f9a8e3af137df2d3391b40faa252a6593e2d2,154,adab20f78ed8ffe28d8a4e16029f9a8e3af137df2d3391b40faa252a6593e2d2
728,728__A17879.2.txt,319,A17879.2,A17879.2,The Lord's Masque (Wedding Masque of Stars and Statues Made Human),"Campion, Thomas",1613,1613,5073.02,original DEEP row,masque,Occasional;Nonprofessional,A17879,b39a419f1bfa7f5f0be87c72f1098e88ed3380c15c0cb647ceefd71b1406687d,,,315,12540,dramatic_body=200;song=115,,body=315,en=315,,False,,structural,on,corpus-v3-2026-09-08,build_corpus-2026-09-08.v8,315,e12cecc7540e7c061a804cf08ae94b9234d6795ab7bd4404828ad4bd9654f9ee,315,e12cecc7540e7c061a804cf08ae94b9234d6795ab7bd4404828ad4bd9654f9ee,315,e12cecc7540e7c061a804cf08ae94b9234d6795ab7bd4404828ad4bd9654f9ee
730,730__A13345.txt,321,A13345,A13345,The Hog Hath Lost His Pearl,"Tailor, Robert",1614,1614,609,original DEEP row,comedy,Nonprofessional;Private,A13345,56a2eee9d576df46518ff42c752c39cfeec526214762d447a8572b204de32834,,,1509,88358,dramatic_body=1459;epilogue=18;prologue=32,,back=18;body=1459;front=32,en=1509,,False,,structural,on,corpus-v3-2026-09-08,build_corpus-2026-09-08.v8,1509,3db28cbf3a3db3056bd35a21d4cae016f74697e53bd76b049bb0669f7dd56441,1509,3db28cbf3a3db3056bd35a21d4cae016f74697e53bd76b049bb0669f7dd56441,1459,bf2ad6835969bac532c857184f61f075834d7db9be435060e9f41b121f4c8108
731,731__A07903.txt,322,A07903,A07903,Himatia-Poleos: The Triumphs of Old Drapery,"Munday, Anthony",1614,1614,610,original DEEP row,civic play; pageant,Occasional;Nonprofessional,A07903,1ed0f7958071baea07ae9dbb2477949320c2df18f006c4b521541e98b2a0482c,,,118,7722,speech=118,,body=118,en=118,,False,,structural,on,corpus-v3-2026-09-08,build_corpus-2026-09-08.v8,118,a03a180eb37b8415537413befc7640ef0b60763986cb247927904b723a669e40,118,a03a180eb37b8415537413befc7640ef0b60763986cb247927904b723a669e40,118,a03a180eb37b8415537413befc7640ef0b60763986cb247927904b723a669e40
732,732__A19260.txt,323,A19260,A19260,"Greene's Tu Quoque, or The City Gallant","Cooke, John",1614,1614,611,original DEEP row,comedy,Adult Professional;Professional,A19260,1ced7c99973861ba55b72e28e3bbbed9a62a9bcd41f661d8736e28f79ce72e00,,,2157,120819,dramatic_body=2157,,body=2157,en=2157,,False,,structural,on,corpus-v3-2026-09-08,build_corpus-2026-09-08.v8,2157,29d8bf9f8ba1e2ef1b7779fae1189239b075e059d0603760b2ae9e92f5aff6b9,2157,29d8bf9f8ba1e2ef1b7779fae1189239b075e059d0603760b2ae9e92f5aff6b9,2157,29d8bf9f8ba1e2ef1b7779fae1189239b075e059d0603760b2ae9e92f5aff6b9
736,736__A19829.txt,325,A19829,A19829,Hymen's Triumph,"Daniel, Samuel",1615,1615,616,original DEEP row,pastoral; tragicomedy,Occasional;Nonprofessional,A19829,06f501ba1902db7038ed828e5a79d5c33a6499f27002c48451943ef4dbc5be4b,,,1950,81209,dramatic_body=1843;prologue=59;song=48,,body=1891;front=59,en=1950,,False,,structural,on,corpus-v3-2026-09-08,build_corpus-2026-09-08.v8,1950,008b002a1dae0e8e9bb801acc58d2b0912d65108910d42eba41ce33c69dea846,1950,008b002a1dae0e8e9bb801acc58d2b0912d65108910d42eba41ce33c69dea846,1891,9f9dc17a8068074e4f16d63541ee285105a52eb2fbec36ad00acbf8f697ff161
738,738__A03424.txt,326,A03424,A03424,"A Merry Dialogue between Band, Cuff, and Ruff",Anonymous,1615,1615,617,original DEEP row,entertainment; academic entertainment,University/Inns of Court;Nonprofessional,A03424,f7014a33f6d5453f6a297b7c59484a547409620ee3f35dcdedf95ecaa2c1a7b9,,,79,8225,dramatic_body=79,,body=79,en=79,,False,,structural,on,corpus-v3-2026-09-08,build_corpus-2026-09-08.v8,79,8b783dab945fe91426942f38c3d9b72917d7a9c8d6f5b9a1b11936b4d266f6e8,79,8b783dab945fe91426942f38c3d9b72917d7a9c8d6f5b9a1b11936b4d266f6e8,79,8b783dab945fe91426942f38c3d9b72917d7a9c8d6f5b9a1b11936b4d266f6e8
739,739__A03438.txt,326,A03438,A03438,"A Merry Dialogue between Band, Cuff, and Ruff",Anonymous,1615,1615,618,original DEEP row,entertainment; academic entertainment,University/Inns of Court;Nonprofessional,A03438,b26c95bfc00f735e0fee940d2cc0cf9414bc1c6b199baa2863462e513060cda0,,,82,8283,dramatic_body=82,,body=82,en=82,,False,,structural,on,corpus-v3-2026-09-08,build_corpus-2026-09-08.v8,82,495e2cf7a8d6303fd7e397aa15b62095cdb26bc6ca2082bfeb3bd1b9687a6f1d,82,495e2cf7a8d6303fd7e397aa15b62095cdb26bc6ca2082bfeb3bd1b9687a6f1d,82,495e2cf7a8d6303fd7e397aa15b62095cdb26bc6ca2082bfeb3bd1b9687a6f1d
740,740__A05801.txt,327,A05801,A05801,The Valiant Welshman (Caradoc the Great),"A., R.",1615,1615,619,original DEEP row,history,Adult Professional;Professional,A05801,203bbff2b9561b4cb6469cd1d62d5c19bf59c80dfca288d3cbd9bd6bdee793e2,,,1852,89119,dramatic_body=1848;epilogue=4,,body=1852,en=1852,,False,,structural,on,corpus-v3-2026-09-08,build_corpus-2026-09-08.v8,1852,ef4b2d0ecea7e2e62f19dd54b2db4b10f514ae9688ecb4d8e775c36c59cabf91,1852,ef4b2d0ecea7e2e62f19dd54b2db4b10f514ae9688ecb4d8e775c36c59cabf91,1848,5ff273cdf8a397a5a6b38911824604833a86188e5a723e6f9423c99c98291083
741,741__A06177.txt,328,A06177,A06177,Cupid's Revenge,"Beaumont, FrancisFletcher, John",1615,1615,620,original DEEP row,tragedy,Boys Professional;Professional,A06177,64017995b06488aa14f65d65f301d144093ac43935192678da52502f5529e94d,,,2211,104782,dramatic_body=2211,,body=2211,en=2211,,False,,structural,on,corpus-v3-2026-09-08,build_corpus-2026-09-08.v8,2211,ab24b77350dda3b66b2b785a7465dd417676f2ff646ca431075f67b4bf963864,2211,ab24b77350dda3b66b2b785a7465dd417676f2ff646ca431075f67b4bf963864,2211,ab24b77350dda3b66b2b785a7465dd417676f2ff646ca431075f67b4bf963864
744,744__A12548.txt,329,A12548,A12548,"The Hector of Germany, or The Palsgrave, Prime Elector","Smith, William",1615,1615,623,original DEEP row,history; pseudo-history,Nonprofessional;Private,A12548,410c775da099a03cd0ebb848491e3e52c22db8ea27be1eb3b81c130c835cd726,,,1975,81941,dramatic_body=1939;prologue=36,,body=1975,en=1975,,False,,structural,on,corpus-v3-2026-09-08,build_corpus-2026-09-08.v8,1975,a75eed6fc1a16cc7851b1b81490d11a320192bbbcd4bf19f9e74fbc4bce585cf,1975,a75eed6fc1a16cc7851b1b81490d11a320192bbbcd4bf19f9e74fbc4bce585cf,1939,91df2577acc2ac893f13b19d64469e5bddb2090df09035d522ffb1f2d450e4f7
745,745__A13802.txt,330,A13802,A13802,Albumazar,"Tomkis, Thomas",1615,1615,625,original DEEP row,comedy,University/Inns of Court;Nonprofessional,A13802,5f561d39d6b2f997e4d5d543f34b61af31b6345eae6ded103727c8050c92041a,,,2904,121382,dramatic_body=2878;epilogue=10;prologue=16,,body=2904,en=2904,,False,,structural,on,corpus-v3-2026-09-08,build_corpus-2026-09-08.v8,2904,917c0d5ee090e9fa1965987f97c1fa3c8f95420796f7129429ac3d941a168ee9,2904,917c0d5ee090e9fa1965987f97c1fa3c8f95420796f7129429ac3d941a168ee9,2878,5aacd0cc83d01666fa3736c8998a3060d6ded3e54317cc492128e07b6a31d55e
749,749__A15707.txt,331,A15707,A15707,"Work for Cutlers (Sword, Rapier, and Dagger)",Anonymous,1615,1615,629,original DEEP row,entertainment; academic entertainment,University/Inns of Court;Nonprofessional,A15707,979a0e4584d3c25714c745500a086131b699ed0d7b0c37d659d3f9a47ad6f6f4,,,100,9692,dramatic_body=100,,body=100,en=100,,False,,structural,on,corpus-v3-2026-09-08,build_corpus-2026-09-08.v8,100,a2d10581b393187d5aa3fede59c7e6ccc9fbbf9b9ee145b48ceedb0ae279a7e0,100,a2d10581b393187d5aa3fede59c7e6ccc9fbbf9b9ee145b48ceedb0ae279a7e0,100,a2d10581b393187d5aa3fede59c7e6ccc9fbbf9b9ee145b48ceedb0ae279a7e0
750,750__A07904.txt,332,A07904,A07904,Metropolis Coronata: The Triumphs of Ancient Drapery,"Munday, Anthony",1615,1615,630,original DEEP row,civic play; pageant,Occasional;Nonprofessional,A07904,2dc1ab9a6ec66118f23628da7c413bfd90d828b6303458f85e55b107f8116592,,,220,9887,dramatic_body=79;song=24;speech=117,,body=220,en=220,,False,,structural,on,corpus-v3-2026-09-08,build_corpus-2026-09-08.v8,220,d335ce9d6b02161fa67a3eee6aef7fc287e14005477f403ecaaad8bc46df0109,220,d335ce9d6b02161fa67a3eee6aef7fc287e14005477f403ecaaad8bc46df0109,220,d335ce9d6b02161fa67a3eee6aef7fc287e14005477f403ecaaad8bc46df0109
751,751__A03202.txt,333,A03202,A03202,The Four Prentices of London,"Heywood, Thomas",1615,1615,631,original DEEP row,romance,Adult Professional;Professional,A03202,debc4be3cb129dacb49c6cf1d0d38c993d2a33fa0ce210f0ae85d93445764b71,,,2653,117193,dramatic_body=2635;prologue=18,,body=2635;front=18,en=2653,,False,,structural,on,corpus-v3-2026-09-08,build_corpus-2026-09-08.v8,2653,c49a6849799422579bb0da6e7637e5b8eed1a42616d8aa3fdafdb898e578bd20,2653,c49a6849799422579bb0da6e7637e5b8eed1a42616d8aa3fdafdb898e578bd20,2635,e9edbe50701b76a61a3a9be4c5bbbfc5b7e02da12c331e59b045f65492938c9d
753,753__A06389.txt,334,A06389,A06389,The Scornful Lady,"Beaumont, FrancisFletcher, John",1616,1616,633,original DEEP row,comedy,Boys Professional;Professional;Adult Professional,A06389,d613e8159145cceb3949d1fef85b0d3fd988d27360e860c72bd491fdadd50149,,,1368,117938,dramatic_body=1368,,body=1368,en=1368,,False,,structural,on,corpus-v3-2026-09-08,build_corpus-2026-09-08.v8,1368,90cccf503a4fe1570f46039707a61f63817d22dc2142d5fe6e6e592a816b4c8d,1368,90cccf503a4fe1570f46039707a61f63817d22dc2142d5fe6e6e592a816b4c8d,1368,90cccf503a4fe1570f46039707a61f63817d22dc2142d5fe6e6e592a816b4c8d
761,761__A68488.txt,335,A68488,A68488,"Chrysanaleia: The Golden Fishing, or Honor of Fishmongers","Munday, Anthony",1616,1616,641,original DEEP row,civic play; pageant,Occasional;Nonprofessional,A68488,9362176451efa6995d1f0981b633915ecc5756f66a60b2dcccf3d835f99c4c3b,,,217,8215,dramatic_body=217,,body=217,en=217,,False,,structural,on,corpus-v3-2026-09-08,build_corpus-2026-09-08.v8,217,300cc6178390f8e62314ff9cd8920c39441bc1cf131e9abc12a313698532e4f3,217,300cc6178390f8e62314ff9cd8920c39441bc1cf131e9abc12a313698532e4f3,217,300cc6178390f8e62314ff9cd8920c39441bc1cf131e9abc12a313698532e4f3
762,762__A02800.txt,336,A02800,A02800,"Englishmen for My Money, or A Woman Will Have Her Will","Haughton, William",1616,1616,642,original DEEP row,comedy,Adult Professional;Professional,A02800,daa21f66fdd3af90e5a17a75e36f4397bea3b3173290bec87aa600c5cbf34590,,,2098,113878,dramatic_body=2098,,body=2098,en=2098,,False,,structural,on,corpus-v3-2026-09-08,build_corpus-2026-09-08.v8,2098,212452ed49963f5a431bac54526c824ca36b5b409c3079d1523c88c4988edd55,2098,212452ed49963f5a431bac54526c824ca36b5b409c3079d1523c88c4988edd55,2098,212452ed49963f5a431bac54526c824ca36b5b409c3079d1523c88c4988edd55
765,765__A68683.txt,337,A68683,A68683,The Honest Lawyer,"S., S.",1616,1616,645,original DEEP row,comedy,Adult Professional;Professional,A68683,6b49df3bdb41748dba1779b3f67446c4e4abdff71892d7a2cc5309d15095b593,,,2078,112157,dramatic_body=2068;epilogue=10,,back=10;body=2068,en=2078,,False,,structural,on,corpus-v3-2026-09-08,build_corpus-2026-09-08.v8,2078,ebb3a046eb94e82d4f3b5024dd34804f63d7d879af393ddd7c2809f9f800f346,2078,ebb3a046eb94e82d4f3b5024dd34804f63d7d879af393ddd7c2809f9f800f346,2068,1a250264f78025be389250837a8f17013f481a7280bb4a5260196cbd4c6f6f51
766,766__A07494.txt,338,A07494,A07494,"Civitatis Amor (Water Pageant for Prince Charles: London and Neptune, Hope and Peace)","Middleton, Thomas",1616,1616,647,original DEEP row,entertainment; royal entertainment or entry,Occasional;Nonprofessional,A07494,51d254aebe051e62f0d1bfb36a489917dd28d09d371b8ef1187330a66da9fdaa,,,83,3480,dramatic_body=70;song=13,,body=83,en=83,,False,,structural,on,corpus-v3-2026-09-08,build_corpus-2026-09-08.v8,83,afaf9b5b67ab5463095cfe81e8fca8458f932a351cc2512ede0f60025aaed590,83,afaf9b5b67ab5463095cfe81e8fca8458f932a351cc2512ede0f60025aaed590,83,afaf9b5b67ab5463095cfe81e8fca8458f932a351cc2512ede0f60025aaed590
767,767__A04632.12.txt,339,A04632.12,A04632.13.1,The Royal Entertainment at Highgate (The Penates),"Jonson, Ben",1616,1616,5074.19,corrected from DEEP official export (edition-representative record; title-page state unverified),entertainment; royal entertainment or entry,Occasional;Nonprofessional,A04632,89e919d1d63db5097d168e5749be7da7b3268e27f05c0c1ca53ffc0921fac5bc,,,168,11498,dramatic_body=148;song=20,,body=168,en=168,,False,,structural,on,corpus-v3-2026-09-08,build_corpus-2026-09-08.v8,168,38d6a1683845fc7aae4ea283f703c7864901b091606c0e0435cdaf320f3a8181,168,38d6a1683845fc7aae4ea283f703c7864901b091606c0e0435cdaf320f3a8181,168,38d6a1683845fc7aae4ea283f703c7864901b091606c0e0435cdaf320f3a8181
769,769__A04632.13.txt,340,A04632.13,A04632.13.2,"The Royal Entertainment of the Two Kings of Great Britain and Denmark (The Entertainment at Theobalds, 1606) (The Hours)","Jonson, Ben",1616,1616,5074.20,corrected from DEEP official export (edition-representative record; title-page state unverified),entertainment; royal entertainment or entry,Occasional;Nonprofessional,A04632,89e919d1d63db5097d168e5749be7da7b3268e27f05c0c1ca53ffc0921fac5bc,,,20,883,dramatic_body=20,,body=20,en=8;la=12,,False,,structural,on,corpus-v3-2026-09-08,build_corpus-2026-09-08.v8,20,50d030b5ff279a36ab4414638d45f9ca441a4fd216b061769b5911311e1c67dd,8,fa6924a4266da61bb64c62a147e055a9ca53645010055c42b1653ba2677d4d5a,8,fa6924a4266da61bb64c62a147e055a9ca53645010055c42b1653ba2677d4d5a
771,771__A04632.14.txt,341,A04632.14,A04632.13.3,"The Royal Entertainment at Theobalds, 1607 (The Genius)","Jonson, Ben",1616,1616,5074.21,corrected from DEEP official export (edition-representative record; title-page state unverified),entertainment; royal entertainment or entry,Occasional;Nonprofessional,A04632,89e919d1d63db5097d168e5749be7da7b3268e27f05c0c1ca53ffc0921fac5bc,,,66,2644,dramatic_body=66,,body=66,en=66,A04632.13.3=1,False,,structural,on,corpus-v3-2026-09-08,build_corpus-2026-09-08.v8,66,86bf8935c5a2627ad7d5f225073c8e3dc80fba0abee12287791289ce2dfc460d,66,86bf8935c5a2627ad7d5f225073c8e3dc80fba0abee12287791289ce2dfc460d,66,86bf8935c5a2627ad7d5f225073c8e3dc80fba0abee12287791289ce2dfc460d
773,773__A04632.20.txt,342,A04632.20,A04632.14.6,Prince Henry's Barriers  (The Lady of the Lake) (Merlin and Meliadus),"Jonson, Ben",1616,1616,5074.27,corrected from DEEP official export (edition-representative record; title-page state unverified),entertainment; tournament,Occasional;Nonprofessional,A04632,89e919d1d63db5097d168e5749be7da7b3268e27f05c0c1ca53ffc0921fac5bc,,,34,1472,dramatic_body=34,,body=34,en=34,A04632.14.6=9,False,,structural,on,corpus-v3-2026-09-08,build_corpus-2026-09-08.v8,34,18fbeb1d0ee2a074e4ce4783f27e9480b76eac96480e92b90d2ceb5bccd10429,34,18fbeb1d0ee2a074e4ce4783f27e9480b76eac96480e92b90d2ceb5bccd10429,34,18fbeb1d0ee2a074e4ce4783f27e9480b76eac96480e92b90d2ceb5bccd10429
785,785__A04632.26.txt,348,A04632.26,A04632.14.10.0,Mercury Vindicated from the Alchemists at Court,"Jonson, Ben",1616,1616,5074.33,corrected from DEEP official export (edition-representative record; title-page state unverified),masque,Occasional;Nonprofessional,A04632,89e919d1d63db5097d168e5749be7da7b3268e27f05c0c1ca53ffc0921fac5bc,,,157,15594,dramatic_body=157,,body=157,en=157,A04632.14.10.0=2,False,,structural,on,corpus-v3-2026-09-08,build_corpus-2026-09-08.v8,157,d3538762d77c420dda30a0623b4b7d743f1184067dbdb2f166ffabd6dc011f9a,157,d3538762d77c420dda30a0623b4b7d743f1184067dbdb2f166ffabd6dc011f9a,157,d3538762d77c420dda30a0623b4b7d743f1184067dbdb2f166ffabd6dc011f9a
787,787__A04632.27.txt,349,A04632.27,A04632.14.10.1,The Golden Age Restored,"Jonson, Ben",1616,1616,5074.34,corrected from DEEP official export (edition-representative record; title-page state unverified),masque,Occasional;Nonprofessional,A04632,89e919d1d63db5097d168e5749be7da7b3268e27f05c0c1ca53ffc0921fac5bc,,,215,7321,dramatic_body=215,,body=215,en=215,,False,,structural,on,corpus-v3-2026-09-08,build_corpus-2026-09-08.v8,215,0fa4c192510edc2967c7f508f35fc44d2a7efdff517d03afcacd8afae1d34bd4,215,0fa4c192510edc2967c7f508f35fc44d2a7efdff517d03afcacd8afae1d34bd4,215,0fa4c192510edc2967c7f508f35fc44d2a7efdff517d03afcacd8afae1d34bd4
789,789__B14287.txt,350,B14287,B14287,Lovers Made Men (The Masque at Lord Hay's),"Jonson, Ben",1617,1617,648,original DEEP row,masque,Occasional;Nonprofessional,B14287,52ccc7ed82d8b7bb1e589a1b428d7ea4a56bfdb24ffc0a7e328ceed5f3c34b83,,,134,4565,dramatic_body=134,,body=134,en=134,,False,,structural,on,corpus-v3-2026-09-08,build_corpus-2026-09-08.v8,134,f1824a6febc4266876eb4cf3e3d1add5342c03428ac7aa42347e6845d85cdc42,134,f1824a6febc4266876eb4cf3e3d1add5342c03428ac7aa42347e6845d85cdc42,134,f1824a6febc4266876eb4cf3e3d1add5342c03428ac7aa42347e6845d85cdc42
790,790__A72473.6.txt,350,A72473.6,A72473.2.1.2,Lovers Made Men (The Masque at Lord Hay's),"Jonson, Ben",1641,1641,5124.02,original DEEP row,masque,Occasional;Nonprofessional,A72473,36e65b7aa2a2551e3dc4dcf841030efdbfc576b59ba3869ed1a0b3b9e307ca33,,,134,4538,dramatic_body=134,,body=134,en=134,,False,,structural,on,corpus-v3-2026-09-08,build_corpus-2026-09-08.v8,134,293f9539f1af2e3e529eff1045ba513b6e0e0778367212b416486d28af7d9522,134,293f9539f1af2e3e529eff1045ba513b6e0e0778367212b416486d28af7d9522,134,293f9539f1af2e3e529eff1045ba513b6e0e0778367212b416486d28af7d9522
791,791__A07513.txt,351,A07513,A07513,The Triumphs of Honor and Industry,"Middleton, Thomas",1617,1617,649,original DEEP row,civic play; pageant,Occasional;Nonprofessional,A07513,74de733a99ed75d1be1c606ac5d9444a250f6fdfed6671097e609e4c4b6c6385,,,79,4712,dramatic_body=27;speech=52,translation=2,body=79,en=77;es=1;fr=1,,False,,structural,on,corpus-v3-2026-09-08,build_corpus-2026-09-08.v8,79,d9c0465cc7b01548e41ca6ccee37b375ce5ed6c817b484f0a5b368714125d636,77,11fef60223ee4d821ba5c216833186a7094ff264b3e3d96f10f597f3d2f61427,77,11fef60223ee4d821ba5c216833186a7094ff264b3e3d96f10f597f3d2f61427
794,794__A03496.txt,353,A03496,A03496,"Technogamia, or The Marriages of the Arts","Holyday, Barten",1618,1618,653,original DEEP row,comedy,University/Inns of Court;Nonprofessional,A03496,27932f22a0c5fc9ab03de7f7999a6ad70f14236fd0c8ba34bab7839255e4135b,,,1612,172752,dramatic_body=1532;epilogue=36;poem=18;prologue=26,,back=36;body=1550;front=26,en=1612,,False,,structural,on,corpus-v3-2026-09-08,build_corpus-2026-09-08.v8,1612,a419154e74ac51180f6b662048f3357259a588e56fc5e38808979cf99376bfb4,1612,a419154e74ac51180f6b662048f3357259a588e56fc5e38808979cf99376bfb4,1550,c5517b8ef1eb5605f0d86b502769aaa535125ec09a7fc0c5ccda5c4a3dee5f80
796,796__A07637.txt,354,A07637,A07637,Hans Beer-Pot (See Me and See Me Not),"Belchier, Dabridgcourt",1618,1618,655,original DEEP row,comedy,Closet/Unacted;Nonprofessional,A07637,e0e3f9eab419c83a7a2d0cde93cb860ca92c76f3499923e9d647337cc2cd3f1b,,,1670,69693,dramatic_body=1581;prologue=26;song=48;speech=15,,body=1644;front=26,en=1670,,False,,structural,on,corpus-v3-2026-09-08,build_corpus-2026-09-08.v8,1670,86ef390369549bbb1b51fafac8c6d816bfe2d461260d61f88c572901eb30f01c,1670,86ef390369549bbb1b51fafac8c6d816bfe2d461260d61f88c572901eb30f01c,1644,1b98d153ad3da8a3f0846e24c63dbe2836c41e5cd9c8b010d802bf9ae72fb8d4
797,797__A07906.txt,355,A07906,A07906,"Siderothriambos, or Steel and Iron Triumphing","Munday, Anthony",1618,1618,656,original DEEP row,civic play; pageant,Occasional;Nonprofessional,A07906,a7fcc1740aaae2470c9d81f56d113e264557ea1e905a215d060e75ce07ebc6e2,,,108,3922,dramatic_body=36;speech=72,,body=108,en=108,,False,,structural,on,corpus-v3-2026-09-08,build_corpus-2026-09-08.v8,108,9995c3679bf30af62057e1f5306076c48c19cae6e54349e89340e1ccac311626,108,9995c3679bf30af62057e1f5306076c48c19cae6e54349e89340e1ccac311626,108,9995c3679bf30af62057e1f5306076c48c19cae6e54349e89340e1ccac311626
798,798__A00723.txt,356,A00723,A00723,Amends for Ladies,"Field, Nathan",1618,1618,658,original DEEP row,comedy,Adult Professional;Professional;Boys Professional,A00723,ade0bc5e6851c3b9ac7a3c36a28c2401d995b66a85970a5bda2e1389cfa498d1,,,1681,91893,dramatic_body=1681,,body=1681,en=1681,,False,,structural,on,corpus-v3-2026-09-08,build_corpus-2026-09-08.v8,1681,95e88fda498e33c7a71405ab972a202fd8f82d8315e536b1d602cc6c5a03b367,1681,95e88fda498e33c7a71405ab972a202fd8f82d8315e536b1d602cc6c5a03b367,1681,95e88fda498e33c7a71405ab972a202fd8f82d8315e536b1d602cc6c5a03b367
800,800__A06289.txt,357,A06289,A06289,The Maid's Tragedy,"Beaumont, FrancisFletcher, John",1619,1619,660,original DEEP row,tragedy,Adult Professional;Professional,A06289,3d78b9566d2f2e9313d7385fa0e344dd3cd8b85a76cec79bdb99f96f67511969,,,2747,107193,dramatic_body=2747,,body=2747,en=2747,,False,,structural,on,corpus-v3-2026-09-08,build_corpus-2026-09-08.v8,2747,78d738f2014ba72dc6d320d51f4030f02adf458b83fd01e519ad47292837ff20,2747,78d738f2014ba72dc6d320d51f4030f02adf458b83fd01e519ad47292837ff20,2747,78d738f2014ba72dc6d320d51f4030f02adf458b83fd01e519ad47292837ff20
806,806__A07503.txt,358,A07503,A07503,"The Inner-Temple Masque, or The Masque of Heroes","Middleton, Thomas",1619,1619,668,original DEEP row,masque,Occasional;Nonprofessional;University/Inns of Court,A07503,d5dc0e8767f86a5cd30806a255394da83aa10a5941a68625af8d1e9dbdb729a3,,,228,12888,dramatic_body=225;song=3,,body=228,en=228,,False,,structural,on,corpus-v3-2026-09-08,build_corpus-2026-09-08.v8,228,6730d0f55d448f01a3d755af91ee7c113c74a59126f882b1f5ab55526c1d0e4b,228,6730d0f55d448f01a3d755af91ee7c113c74a59126f882b1f5ab55526c1d0e4b,228,6730d0f55d448f01a3d755af91ee7c113c74a59126f882b1f5ab55526c1d0e4b
807,807__A07517.txt,359,A07517,A07517,The Triumphs of Love and Antiquity,"Middleton, Thomas",1619,1619,669,original DEEP row,civic play; pageant,Occasional;Nonprofessional,A07517,7f88467c80828d817fb63e250db8dbe8d1351370aafe3d9d805cb68d89b9108f,,,226,10081,dramatic_body=87;speech=139,,body=226,en=226,,False,,structural,on,corpus-v3-2026-09-08,build_corpus-2026-09-08.v8,226,15ab1461748130ef04d558094c8048bf6407934167f9ce735b6f1cd21666179a,226,15ab1461748130ef04d558094c8048bf6407934167f9ce735b6f1cd21666179a,226,15ab1461748130ef04d558094c8048bf6407934167f9ce735b6f1cd21666179a
808,808__A06207.txt,360,A06207,A06207,A King and No King,"Beaumont, FrancisFletcher, John",1619,1619,670,original DEEP row,tragicomedy,Adult Professional;Professional,A06207,dc0dd8edc25b264fd70e7dcb5ec4c9dc7f9a369c3560ffd5eed73536d4352a22,,,2704,123241,dramatic_body=2704,,body=2704,en=2704,A06207=2,False,,structural,on,corpus-v3-2026-09-08,build_corpus-2026-09-08.v8,2704,1a8807f3844bae4bda1f6928661648aa9d89e7039917ddead842cfada83b7766,2704,1a8807f3844bae4bda1f6928661648aa9d89e7039917ddead842cfada83b7766,2704,1a8807f3844bae4bda1f6928661648aa9d89e7039917ddead842cfada83b7766
813,813__A18423.txt,361,A18423,A18423,Two Wise Men and All the Rest Fools,Anonymous,1619,1619,675,original DEEP row,satire; dialogue,Nonprofessional;Private;University/Inns of Court,A18423,78d34dc0ef7f7a47976ea9a33bed84174cc6f5e1c46f7efe9fa9173b062c0419,,,871,176657,dramatic_body=869;epilogue=1;prologue=1,,back=1;body=869;front=1,en=871,,False,,structural,on,corpus-v3-2026-09-08,build_corpus-2026-09-08.v8,871,42862eb25f2121c2082f51ce7ae744657eb89ce88e0cddfb0a4ba4bf6aa025f5,871,42862eb25f2121c2082f51ce7ae744657eb89ce88e0cddfb0a4ba4bf6aa025f5,869,492eb45059fee6543e24ca9231eb86eafe7efde2b58449afa26f667e2b5a5b83
815,815__A06343.txt,363,A06343,A06343,"Philaster, or Love Lies a-Bleeding","Beaumont, FrancisFletcher, John",1620,1620,678,original DEEP row,tragicomedy,Adult Professional;Professional,A06343,cd1804a1d44238097ca3a8679f74f0389b1f3b8c2a3c1953ba48d2addd656cf3,,,1776,102482,dramatic_body=1776,,body=1776,en=1776,,False,,structural,on,corpus-v3-2026-09-08,build_corpus-2026-09-08.v8,1776,5b4fad53df497f519409205033a06f8cd7ff55ea464ba9e7db7490502247472d,1776,5b4fad53df497f519409205033a06f8cd7ff55ea464ba9e7db7490502247472d,1776,5b4fad53df497f519409205033a06f8cd7ff55ea464ba9e7db7490502247472d
822,822__A17460.txt,364,A17460,A17460,"The Two Merry Milkmaids, or The Best Words Wear the Garland","Cumber, John",1620,1620,686,original DEEP row,comedy,Adult Professional;Professional,A17460,67baf5d0d4009b9accf4b0c767e0ecc8e8bfbd412742946543c6dfd7bf5e5da9,,,2698,138244,dramatic_body=2676;prologue=22,,body=2676;front=22,en=2698,,False,,structural,on,corpus-v3-2026-09-08,build_corpus-2026-09-08.v8,2698,6069a04bb9ea1bafcd0fd907a69d838442ad7978e7e79d7a71cfce37ae7cfeca,2698,6069a04bb9ea1bafcd0fd907a69d838442ad7978e7e79d7a71cfce37ae7cfeca,2676,7ae24f4b5ae01fbee418556689c910254242e771acbaef6f31c2d830b845d717
823,823__A07525.txt,365,A07525,A07525,The World Tossed at Tennis,"Middleton, ThomasRowley, William",1620,1620,687,original DEEP row,masque,Occasional;Adult Professional;Professional,A07525,0e87bcfcb2362404c7e98e0df76a7652c7d3bebc8865b9a08034afc12a23b50f,,,953,44816,dramatic_body=927;epilogue=8;prologue=18,,back=8;body=927;front=18,en=953,,False,,structural,on,corpus-v3-2026-09-08,build_corpus-2026-09-08.v8,953,b6e341a908a1bcce9b820dd45cb32c0a4c4dbd9bcfedf59e82255485f9026382,953,b6e341a908a1bcce9b820dd45cb32c0a4c4dbd9bcfedf59e82255485f9026382,927,e47f9915fa2b5f396813918129757f7182202d5527241826bfd5a6af0242e040
824,824__A12813.txt,366,A12813,A12813,"Tes Irenes Trophaea, or The Triumphs of Peace","Squire, John",1620,1620,689,original DEEP row,civic play; pageant,Occasional;Nonprofessional,A12813,02385d1d3ff780807bace14c666ca212822601fac9dad64cbf22a51b22bfd51d,,,146,6528,song=4;speech=142,,body=146,en=146,,False,,structural,on,corpus-v3-2026-09-08,build_corpus-2026-09-08.v8,146,59288bbea2e1162107e5f9ed7758b5f35f5dd9249baeffe0838ec2ea5465805b,146,59288bbea2e1162107e5f9ed7758b5f35f5dd9249baeffe0838ec2ea5465805b,146,59288bbea2e1162107e5f9ed7758b5f35f5dd9249baeffe0838ec2ea5465805b
825,825__A07510.txt,367,A07510,A07510,The Sun in Aries,"Middleton, Thomas",1621,1621,690,original DEEP row,civic play; pageant,Occasional;Nonprofessional,A07510,79f46a5cf06a33f7d942f39577152adf6c2874a4270e32d7617eecf08b6778d8,,,190,8407,dramatic_body=38;speech=152,,body=190,en=190,,False,,structural,on,corpus-v3-2026-09-08,build_corpus-2026-09-08.v8,190,d6f1466d7e4bb5f6f4a79d97800b2f13a16a62cebe9c384816fb2e05a6d90261,190,d6f1466d7e4bb5f6f4a79d97800b2f13a16a62cebe9c384816fb2e05a6d90261,190,d6f1466d7e4bb5f6f4a79d97800b2f13a16a62cebe9c384816fb2e05a6d90261
826,826__A00968.txt,368,A00968,A00968,Thierry and Theodoret,"AnonymousFletcher, JohnMassinger, Philip",1621,1621,691,original DEEP row,tragedy,Adult Professional;Professional,A00968,d830e55c468010e69de4bc57b54cf650c5bdd2bce7ba862cb136efc4613281fe,,,2474,101815,dramatic_body=2474,,body=2474,en=2474,,False,,structural,on,corpus-v3-2026-09-08,build_corpus-2026-09-08.v8,2474,30a7c9a130c237c5c171f1b0caf65fd7fd337647263c16b1a6549738f22ffd0d,2474,30a7c9a130c237c5c171f1b0caf65fd7fd337647263c16b1a6549738f22ffd0d,2474,30a7c9a130c237c5c171f1b0caf65fd7fd337647263c16b1a6549738f22ffd0d
828,828__A07502.1.txt,369,A07502.1,A07502.1,The Entertainment at Sir William Cokayne's in Easter Week (The Cock),"Middleton, Thomas",1621,1621,5078.01,original DEEP row,entertainment; civic play,Occasional;Nonprofessional,A07502,6a7e901f946c3e6e139cbe71859884ee92d6322da4b64ecab7666ebdbd156d62,,,90,3547,speech=90,,body=90,en=90,,False,,structural,on,corpus-v3-2026-09-08,build_corpus-2026-09-08.v8,90,5a0235f61d5948f297990f0d7f7ede9c807423a504eb4bcb18e7775f65b6a2db,90,5a0235f61d5948f297990f0d7f7ede9c807423a504eb4bcb18e7775f65b6a2db,90,5a0235f61d5948f297990f0d7f7ede9c807423a504eb4bcb18e7775f65b6a2db
829,829__A07502.2.txt,370,A07502.2,A07502.2.0,The Entertainment at Bunhill on the Shooting Day (The Archer),"Middleton, Thomas",1621,1621,5078.02,original DEEP row,entertainment; civic play,Occasional;Nonprofessional,A07502,6a7e901f946c3e6e139cbe71859884ee92d6322da4b64ecab7666ebdbd156d62,,,58,2593,speech=58,,body=58,en=58,,False,,structural,on,corpus-v3-2026-09-08,build_corpus-2026-09-08.v8,58,70097e008713bfd2f2d5bae5211bd6cfc26d0362e07086507a47e46706e4b7c6,58,70097e008713bfd2f2d5bae5211bd6cfc26d0362e07086507a47e46706e4b7c6,58,70097e008713bfd2f2d5bae5211bd6cfc26d0362e07086507a47e46706e4b7c6
830,830__A07502.3.txt,371,A07502.3,A07502.2.1,The Entertainment at the Conduit Head (The Water Nymph),"Middleton, Thomas",1621,1621,5078.03,original DEEP row,entertainment; civic play,Occasional;Nonprofessional,A07502,6a7e901f946c3e6e139cbe71859884ee92d6322da4b64ecab7666ebdbd156d62,,,52,2313,speech=52,,body=52,en=52,,False,,structural,on,corpus-v3-2026-09-08,build_corpus-2026-09-08.v8,52,8e1074f08af4e3a7382df19dc54c32eb427d1de2eb4a265ff21323e1589e1beb,52,8e1074f08af4e3a7382df19dc54c32eb427d1de2eb4a265ff21323e1589e1beb,52,8e1074f08af4e3a7382df19dc54c32eb427d1de2eb4a265ff21323e1589e1beb
831,831__A07502.4.txt,372,A07502.4,A07502.2.2,The Entertainment for the General Training (Pallas),"Middleton, Thomas",1621,1621,5078.04,original DEEP row,entertainment; civic play,Occasional;Nonprofessional,A07502,6a7e901f946c3e6e139cbe71859884ee92d6322da4b64ecab7666ebdbd156d62,,,96,4225,speech=96,,body=96,en=96,,False,,structural,on,corpus-v3-2026-09-08,build_corpus-2026-09-08.v8,96,87274a64382e7aae439b98eb367990b846bb076a6816288ef0d6882bf70d303e,96,87274a64382e7aae439b98eb367990b846bb076a6816288ef0d6882bf70d303e,96,87274a64382e7aae439b98eb367990b846bb076a6816288ef0d6882bf70d303e
833,833__A07502.6.txt,374,A07502.6,A07502.2.3,The Entertainment at Sir Francis Jones's Welcome (Comus the Great Sir of Feasts) (The Servant of Comus),"Middleton, Thomas",1621,1621,5078.06,original DEEP row,entertainment; civic play,Occasional;Nonprofessional,A07502,6a7e901f946c3e6e139cbe71859884ee92d6322da4b64ecab7666ebdbd156d62,,,135,7004,dramatic_body=79;speech=56,,body=135,en=135,,False,,structural,on,corpus-v3-2026-09-08,build_corpus-2026-09-08.v8,135,0f952456124a9734c60eecafcfef0eff404a455ec4bc7d52896936756a862196,135,0f952456124a9734c60eecafcfef0eff404a455ec4bc7d52896936756a862196,135,0f952456124a9734c60eecafcfef0eff404a455ec4bc7d52896936756a862196
835,835__A07502.8.txt,376,A07502.8,A07502.2.4.1,The Entertainment at Sir Francis Jones's at Easter (The Four Seasons),"Middleton, Thomas",1621,1621,5078.08,original DEEP row,entertainment; civic play,Occasional;Nonprofessional,A07502,6a7e901f946c3e6e139cbe71859884ee92d6322da4b64ecab7666ebdbd156d62,,,14,6273,song=2;speech=12,,body=14,en=14,,False,,structural,on,corpus-v3-2026-09-08,build_corpus-2026-09-08.v8,14,49303a411fb40c4dc612a4fbb74f917ff0476f160527aa3b3fdce07b610bb131,14,49303a411fb40c4dc612a4fbb74f917ff0476f160527aa3b3fdce07b610bb131,14,49303a411fb40c4dc612a4fbb74f917ff0476f160527aa3b3fdce07b610bb131
836,836__A07502.9.txt,377,A07502.9,A07502.2.4.2,The Entertainment of the Lords of the Council by Sheriff Allen (Flora's Welcome),"Middleton, Thomas",1621,1621,5078.09,original DEEP row,entertainment; civic play,Occasional;Nonprofessional,A07502,6a7e901f946c3e6e139cbe71859884ee92d6322da4b64ecab7666ebdbd156d62,,,56,2404,speech=56,,body=56,en=56,,False,,structural,on,corpus-v3-2026-09-08,build_corpus-2026-09-08.v8,56,3ba86683fb8290dbf0e708d171387478c829113544ad2af4b5fe98190159825b,56,3ba86683fb8290dbf0e708d171387478c829113544ad2af4b5fe98190159825b,56,3ba86683fb8290dbf0e708d171387478c829113544ad2af4b5fe98190159825b
837,837__A07502.10.txt,378,A07502.10,A07502.2.4.3,The Entertainment of the Lords of the Council by Sheriff Ducie (Flora's Servants),"Middleton, Thomas",1621,1621,5078.10,original DEEP row,entertainment; civic play,Occasional;Nonprofessional,A07502,6a7e901f946c3e6e139cbe71859884ee92d6322da4b64ecab7666ebdbd156d62,,,70,2965,dramatic_body=60;speech=10,,body=70,en=70,,False,,structural,on,corpus-v3-2026-09-08,build_corpus-2026-09-08.v8,70,6efa91b20f4ad73085c27860c4cacb7584691ea925cb707c88123c3f07f3fe0e,70,6efa91b20f4ad73085c27860c4cacb7584691ea925cb707c88123c3f07f3fe0e,70,6efa91b20f4ad73085c27860c4cacb7584691ea925cb707c88123c3f07f3fe0e
838,838__A11992.txt,379,A11992,A11992,"Othello, the Moor of Venice","Shakespeare, William",1622,1622,694,original DEEP row,tragedy,Adult Professional;Professional,A11992,8b16b18b582d37bf5db8bef9db501b853d2417c9c37ac962ba610c6935735be9,,,2997,129505,dramatic_body=2997,,body=2997,en=2997,,False,,structural,on,corpus-v3-2026-09-08,build_corpus-2026-09-08.v8,2997,1964092962afd745a81a1c89872ae3821038f9b0414e3a5db4c30ea1001bdb6c,2997,1964092962afd745a81a1c89872ae3821038f9b0414e3a5db4c30ea1001bdb6c,2997,1964092962afd745a81a1c89872ae3821038f9b0414e3a5db4c30ea1001bdb6c
839,839__A11954.34.txt,379,A11954.34,A11954.34,"Othello, the Moor of Venice","Shakespeare, William",1623,1623,5081.34,original DEEP row,tragedy,Adult Professional;Professional,A11954,77d50ab149976a6b0ccf2edfa8ec157a3894f62e44214f6072d1019968d110b1,,,3204,138126,dramatic_body=3204,,body=3204,en=3204,,False,,structural,on,corpus-v3-2026-09-08,build_corpus-2026-09-08.v8,3204,e3504bbdae3d3cf243a742022e89bf8690aeb5678bf5ff7c5bf0982f26b7cc5f,3204,e3504bbdae3d3cf243a742022e89bf8690aeb5678bf5ff7c5bf0982f26b7cc5f,3204,e3504bbdae3d3cf243a742022e89bf8690aeb5678bf5ff7c5bf0982f26b7cc5f
843,843__A07249.txt,380,A07249,A07249,The Virgin Martyr,"Dekker, ThomasMassinger, Philip",1622,1622,698,original DEEP row,tragedy,Adult Professional;Professional,A07249,3217dbe82979133269d93672dd4a36f1df0bca042e7210efd4877e6c9018e986,,,2731,113469,dramatic_body=2731,,body=2731,en=2731,,False,,structural,on,corpus-v3-2026-09-08,build_corpus-2026-09-08.v8,2731,756ff44fc39016cf0acda979a6e3442e07a95ec0a4673d93013ba7fb58cb260b,2731,756ff44fc39016cf0acda979a6e3442e07a95ec0a4673d93013ba7fb58cb260b,2731,756ff44fc39016cf0acda979a6e3442e07a95ec0a4673d93013ba7fb58cb260b
847,847__A72473.12.txt,381,A72473.12,A72473.2.1.8,The Masque of Augurs,"Jonson, Ben",1641,1641,5124.08,original DEEP row,masque,Occasional;Nonprofessional,A72473,36e65b7aa2a2551e3dc4dcf841030efdbfc576b59ba3869ed1a0b3b9e307ca33,,,252,16384,dramatic_body=184;song=68,,body=252,en=252,,False,,structural,on,corpus-v3-2026-09-08,build_corpus-2026-09-08.v8,252,a3b5bdb04d602983743e1039af2c2925c07635b2820f7184a22600410988204b,252,a3b5bdb04d602983743e1039af2c2925c07635b2820f7184a22600410988204b,252,a3b5bdb04d602983743e1039af2c2925c07635b2820f7184a22600410988204b
848,848__A06982.txt,382,A06982,A06982,Herod and Antipater,"Markham, GervaseSampson, William",1622,1622,703,original DEEP row,tragedy,Adult Professional;Professional,A06982,27991b8c3ed5da3c6159c1b9cb1114df9e90db3ac519e45d7f9dbf408c292a37,,,3054,120317,dramatic_body=3022;epilogue=10;prologue=22,,back=10;body=3022;front=22,en=3054,,False,,structural,on,corpus-v3-2026-09-08,build_corpus-2026-09-08.v8,3054,8d2a8be7e248b86e3b8fff120d2f720cd596206f3cd13c01847594fcf7353f09,3054,8d2a8be7e248b86e3b8fff120d2f720cd596206f3cd13c01847594fcf7353f09,3022,14f4a182f4d99456369f3d3b942a10edf012859f3f7f592679b9b3a3ca37ca93
849,849__A07515.txt,383,A07515,A07515,The Triumphs of Honor and Virtue,"Middleton, Thomas",1622,1622,705,original DEEP row,civic play; pageant,Occasional;Nonprofessional,A07515,2481b5d5ca2bbb164804525e04cd73632761b01b9354fce197f82ecb30c2564b,,,158,6933,dramatic_body=158,,body=158,en=158,,False,,structural,on,corpus-v3-2026-09-08,build_corpus-2026-09-08.v8,158,6a0457498f6091a5359cfd712f533460888d8148177150cc347d5a930c203469,158,6a0457498f6091a5359cfd712f533460888d8148177150cc347d5a930c203469,158,6a0457498f6091a5359cfd712f533460888d8148177150cc347d5a930c203469
850,850__A07326.txt,384,A07326,A07326,The Heir,"May, Thomas",1622,1622,706,original DEEP row,comedy,Adult Professional;Professional,A07326,5fd00c0c567fa10a7fa2800d14d2b323eb572969fe8b40a2889ec6eb5570a28a,,,2066,84828,dramatic_body=2060;epilogue=6,,back=6;body=2060,en=2066,,False,,structural,on,corpus-v3-2026-09-08,build_corpus-2026-09-08.v8,2066,fbdf9d6739482e56a0ba6ed74bb503fcbf6f348060cb7e53a6eb94a2884f6a39,2066,fbdf9d6739482e56a0ba6ed74bb503fcbf6f348060cb7e53a6eb94a2884f6a39,2060,0ac17426fcd669460212eec68be90d9f254696002a6805124bd01a3a76b8cefc
852,852__B00230.txt,385,B00230,B00230,Time Vindicated to Himself and to His Honors,"Jonson, Ben",1623,1623,709,original DEEP row,masque,Occasional;Nonprofessional,B00230,434698229f0f8e120e2c19d7e3ece57c3e2cef3581910dd8899beab11fde1bee,,,455,16755,dramatic_body=455,,body=455,en=455,,False,,structural,on,corpus-v3-2026-09-08,build_corpus-2026-09-08.v8,455,0f262a6e3de871ff5bd1347267696d71feef78eca3ab2d9be315524a358fc6a6,455,0f262a6e3de871ff5bd1347267696d71feef78eca3ab2d9be315524a358fc6a6,455,0f262a6e3de871ff5bd1347267696d71feef78eca3ab2d9be315524a358fc6a6
853,853__A72473.13.txt,385,A72473.13,A72473.2.1.9,Time Vindicated to Himself and to His Honors,"Jonson, Ben",1641,1641,5124.09,original DEEP row,masque,Occasional;Nonprofessional,A72473,36e65b7aa2a2551e3dc4dcf841030efdbfc576b59ba3869ed1a0b3b9e307ca33,,,454,16758,dramatic_body=454,,body=454,en=454,,False,,structural,on,corpus-v3-2026-09-08,build_corpus-2026-09-08.v8,454,7873b6415959151369fec353bbf2f7f92e4d47c354df27d0c4edcef65e678d24,454,7873b6415959151369fec353bbf2f7f92e4d47c354df27d0c4edcef65e678d24,454,7873b6415959151369fec353bbf2f7f92e4d47c354df27d0c4edcef65e678d24
854,854__A07237.txt,386,A07237,A07237,The Duke of Milan,"Massinger, Philip",1623,1623,710,original DEEP row,tragedy,Adult Professional;Professional,A07237,5362adc29e86ff8634a49ecba45ada341fbf330d2948eba11bb2131f20d2c632,,,2989,111192,dramatic_body=2989,,body=2989,en=2989,,False,,structural,on,corpus-v3-2026-09-08,build_corpus-2026-09-08.v8,2989,b567d1078122494284c84c36d81f8e48086d526507c23649e7bb425755bd37fb,2989,b567d1078122494284c84c36d81f8e48086d526507c23649e7bb425755bd37fb,2989,b567d1078122494284c84c36d81f8e48086d526507c23649e7bb425755bd37fb
856,856__A07516.txt,387,A07516,A07516,The Triumphs of Integrity,"Middleton, Thomas",1623,1623,712,original DEEP row,civic play; pageant,Occasional;Nonprofessional,A07516,8f67fa09eb476b8f5b5c29f52195c831fd3ca7669c167bf0fe26f984c06a34e5,,,155,6879,speech=155,,body=155,en=155,,False,,structural,on,corpus-v3-2026-09-08,build_corpus-2026-09-08.v8,155,639e9eec15bc057a9aa7ff3034a7a395091721f8e76a47a4b460d47db4f7f008,155,639e9eec15bc057a9aa7ff3034a7a395091721f8e76a47a4b460d47db4f7f008,155,639e9eec15bc057a9aa7ff3034a7a395091721f8e76a47a4b460d47db4f7f008
857,857__A14869.txt,388,A14869,A14869,The Devil's Law Case (When Women Go to Law the Devil Is Full of Business),"Webster, John",1623,1623,713,original DEEP row,tragicomedy,Adult Professional;Professional,A14869,09e981f4b582d3e99c91c6367672b2ed6eb4fbe4072da384e2c48b32b1588731,,,3065,120356,dramatic_body=3065,,body=3065,en=3065,,False,,structural,on,corpus-v3-2026-09-08,build_corpus-2026-09-08.v8,3065,af7f2a98db06d6935bf875d16b6654886a29ce8dbc20dc9e149ee066fe15418b,3065,af7f2a98db06d6935bf875d16b6654886a29ce8dbc20dc9e149ee066fe15418b,3065,af7f2a98db06d6935bf875d16b6654886a29ce8dbc20dc9e149ee066fe15418b
858,858__A14872.txt,389,A14872,A14872,The Duchess of Malfi,"Webster, John",1623,1623,714,original DEEP row,tragedy,Adult Professional;Professional,A14872,2539b1cdc418db657ab76383fcde2d47ab1d9647a58d9429bd92600db063bc84,,,3354,127400,dramatic_body=3354,,body=3354,en=3354,,False,,structural,on,corpus-v3-2026-09-08,build_corpus-2026-09-08.v8,3354,5e015ca6079d77ad242889bc84dd3b8609c43b73f207cbecc82f68fd98c84795,3354,5e015ca6079d77ad242889bc84dd3b8609c43b73f207cbecc82f68fd98c84795,3354,5e015ca6079d77ad242889bc84dd3b8609c43b73f207cbecc82f68fd98c84795
860,860__A11954.1.txt,390,A11954.1,A11954.1,The Tempest,"Shakespeare, William",1623,1623,5081.01,original DEEP row,comedy,Adult Professional;Professional,A11954,77d50ab149976a6b0ccf2edfa8ec157a3894f62e44214f6072d1019968d110b1,,,2061,86943,dramatic_body=2041;epilogue=20,,body=2061,en=2061,,False,,structural,on,corpus-v3-2026-09-08,build_corpus-2026-09-08.v8,2061,9c64fbed0996c3e40788b9d8d11e487120a2a2d99748ad8e8f5224b8f90761ac,2061,9c64fbed0996c3e40788b9d8d11e487120a2a2d99748ad8e8f5224b8f90761ac,2041,b9dabeed78fcf48e8dc928c7b07da504f538efce987eb61b64dbb8066b3d3cbb
862,862__A11954.2.txt,391,A11954.2,A11954.2,The Two Gentlemen of Verona,"Shakespeare, William",1623,1623,5081.02,original DEEP row,comedy,Adult Professional;Professional,A11954,77d50ab149976a6b0ccf2edfa8ec157a3894f62e44214f6072d1019968d110b1,,,2039,89925,dramatic_body=2039,,body=2039,en=2039,,False,,structural,on,corpus-v3-2026-09-08,build_corpus-2026-09-08.v8,2039,a7e9288912f2f43bd01ff59953bd1ae35773e0465c9bc393d267c9ba1a280fc2,2039,a7e9288912f2f43bd01ff59953bd1ae35773e0465c9bc393d267c9ba1a280fc2,2039,a7e9288912f2f43bd01ff59953bd1ae35773e0465c9bc393d267c9ba1a280fc2
864,864__A11954.4.txt,392,A11954.4,A11954.4,Measure for Measure,"Shakespeare, WilliamMiddleton, Thomas",1623,1623,5081.04,original DEEP row,tragicomedy,Adult Professional;Professional,A11954,77d50ab149976a6b0ccf2edfa8ec157a3894f62e44214f6072d1019968d110b1,,,2248,113908,dramatic_body=2248,,body=2248,en=2248,,False,,structural,on,corpus-v3-2026-09-08,build_corpus-2026-09-08.v8,2248,baa57de478f36a262129073bcec5ec6be0676ca021e2464ccc7fd0a865e5fd11,2248,baa57de478f36a262129073bcec5ec6be0676ca021e2464ccc7fd0a865e5fd11,2248,baa57de478f36a262129073bcec5ec6be0676ca021e2464ccc7fd0a865e5fd11
866,866__A11954.5.txt,393,A11954.5,A11954.5,The Comedy of Errors,"Shakespeare, William",1623,1623,5081.05,original DEEP row,comedy,Adult Professional;Professional,A11954,77d50ab149976a6b0ccf2edfa8ec157a3894f62e44214f6072d1019968d110b1,,,1641,75117,dramatic_body=1641,,body=1641,en=1641,,False,,structural,on,corpus-v3-2026-09-08,build_corpus-2026-09-08.v8,1641,8116636aae7c801b396fdba6c5365f7c140a21448d561cbe4dfe8af3be62f435,1641,8116636aae7c801b396fdba6c5365f7c140a21448d561cbe4dfe8af3be62f435,1641,8116636aae7c801b396fdba6c5365f7c140a21448d561cbe4dfe8af3be62f435
868,868__A11954.10.txt,394,A11954.10,A11954.10,As You Like It,"Shakespeare, William",1623,1623,5081.10,original DEEP row,comedy,Adult Professional;Professional,A11954,77d50ab149976a6b0ccf2edfa8ec157a3894f62e44214f6072d1019968d110b1,,,1812,111853,dramatic_body=1812,,body=1812,en=1812,,False,,structural,on,corpus-v3-2026-09-08,build_corpus-2026-09-08.v8,1812,4ec201d10ed1fc94e04c4f8879cfbb0cc17715f45091e750167f940903b5fb0a,1812,4ec201d10ed1fc94e04c4f8879cfbb0cc17715f45091e750167f940903b5fb0a,1812,4ec201d10ed1fc94e04c4f8879cfbb0cc17715f45091e750167f940903b5fb0a
870,870__A11954.12.txt,395,A11954.12,A11954.12,All's Well That Ends Well,"Shakespeare, WilliamMiddleton, Thomas",1623,1623,5081.12,original DEEP row,tragicomedy,Adult Professional;Professional,A11954,77d50ab149976a6b0ccf2edfa8ec157a3894f62e44214f6072d1019968d110b1,,,2149,119538,dramatic_body=2149,,body=2149,en=2149,,False,,structural,on,corpus-v3-2026-09-08,build_corpus-2026-09-08.v8,2149,21e4de84929687d06c6881326e1667b640f95f78ab9170a1c3e5ae410acbaffc,2149,21e4de84929687d06c6881326e1667b640f95f78ab9170a1c3e5ae410acbaffc,2149,21e4de84929687d06c6881326e1667b640f95f78ab9170a1c3e5ae410acbaffc
872,872__A11954.13.txt,396,A11954.13,A11954.13,"Twelfth Night, or What You Will","Shakespeare, William",1623,1623,5081.13,original DEEP row,comedy,Adult Professional;Professional,A11954,77d50ab149976a6b0ccf2edfa8ec157a3894f62e44214f6072d1019968d110b1,,,1661,101476,dramatic_body=1661,,body=1661,en=1661,,False,,structural,on,corpus-v3-2026-09-08,build_corpus-2026-09-08.v8,1661,273eaed0047c4753f218d81a1a0d6552cd1d36d9ee28f5469edb081ab7fcde28,1661,273eaed0047c4753f218d81a1a0d6552cd1d36d9ee28f5469edb081ab7fcde28,1661,273eaed0047c4753f218d81a1a0d6552cd1d36d9ee28f5469edb081ab7fcde28
874,874__A11954.14.txt,397,A11954.14,A11954.14,The Winter's Tale,"Shakespeare, William",1623,1623,5081.14,original DEEP row,romance,Adult Professional;Professional,A11954,77d50ab149976a6b0ccf2edfa8ec157a3894f62e44214f6072d1019968d110b1,,,2751,132601,dramatic_body=2751,,body=2751,en=2751,,False,,structural,on,corpus-v3-2026-09-08,build_corpus-2026-09-08.v8,2751,9b8492d18256e2b3c87774982058503dd63c0c0f7fd9ddde31a371dd8f8a24e0,2751,9b8492d18256e2b3c87774982058503dd63c0c0f7fd9ddde31a371dd8f8a24e0,2751,9b8492d18256e2b3c87774982058503dd63c0c0f7fd9ddde31a371dd8f8a24e0
876,876__A11954.15.txt,398,A11954.15,A11954.15,King John,"Shakespeare, William",1623,1623,5081.15,original DEEP row,history,Adult Professional;Professional,A11954,77d50ab149976a6b0ccf2edfa8ec157a3894f62e44214f6072d1019968d110b1,,,2633,111013,dramatic_body=2633,,body=2633,en=2633,,False,,structural,on,corpus-v3-2026-09-08,build_corpus-2026-09-08.v8,2633,3153caa5bdff35ec9f0a5517962256535a2d478c0b84e5820fcf2335d716f838,2633,3153caa5bdff35ec9f0a5517962256535a2d478c0b84e5820fcf2335d716f838,2633,3153caa5bdff35ec9f0a5517962256535a2d478c0b84e5820fcf2335d716f838
878,878__A11954.20.txt,399,A11954.20,A11954.20,1 Henry the Sixth,"AnonymousMarlowe, ChristopherShakespeare, WilliamNashe, Thomas",1623,1623,5081.20,original DEEP row,history,Adult Professional;Professional,A11954,77d50ab149976a6b0ccf2edfa8ec157a3894f62e44214f6072d1019968d110b1,,,2697,114292,dramatic_body=2697,,body=2697,en=2697,,False,,structural,on,corpus-v3-2026-09-08,build_corpus-2026-09-08.v8,2697,b06b7a18665d6c8476abe8ce840e4baf943cd255d3957b5495f7e43bdbe00ece,2697,b06b7a18665d6c8476abe8ce840e4baf943cd255d3957b5495f7e43bdbe00ece,2697,b06b7a18665d6c8476abe8ce840e4baf943cd255d3957b5495f7e43bdbe00ece
880,880__A11954.24.txt,400,A11954.24,A11954.24,Henry the Eighth (All Is True),"Shakespeare, WilliamFletcher, John",1623,1623,5081.24,original DEEP row,history,Adult Professional;Professional,A11954,77d50ab149976a6b0ccf2edfa8ec157a3894f62e44214f6072d1019968d110b1,,,3219,126895,dramatic_body=3173;epilogue=14;prologue=32,,body=3219,en=3219,,False,,structural,on,corpus-v3-2026-09-08,build_corpus-2026-09-08.v8,3219,d884c4b770baf8273fc8d4eff8eb4b2211da523cb81880565f431582d1c578ef,3219,d884c4b770baf8273fc8d4eff8eb4b2211da523cb81880565f431582d1c578ef,3173,e244a2ded670486f2ca0200962f0c319b85c1e0358f8e48b363d7e81ac2332cb
882,882__A11954.26.txt,401,A11954.26,A11954.26,Coriolanus,"Shakespeare, William",1623,1623,5081.26,original DEEP row,tragedy,Adult Professional;Professional,A11954,77d50ab149976a6b0ccf2edfa8ec157a3894f62e44214f6072d1019968d110b1,,,3202,143651,dramatic_body=3202,,body=3202,en=3202,,False,,structural,on,corpus-v3-2026-09-08,build_corpus-2026-09-08.v8,3202,4c4ef71381521376658209d5a5444669b3d501ed04e050433a0b78eb06491d1c,3202,4c4ef71381521376658209d5a5444669b3d501ed04e050433a0b78eb06491d1c,3202,4c4ef71381521376658209d5a5444669b3d501ed04e050433a0b78eb06491d1c
884,884__A11954.29.txt,402,A11954.29,A11954.29,Timon of Athens,"Shakespeare, WilliamMiddleton, Thomas",1623,1623,5081.29,original DEEP row,tragedy,Adult Professional;Professional,A11954,77d50ab149976a6b0ccf2edfa8ec157a3894f62e44214f6072d1019968d110b1,,,2223,96064,dramatic_body=2223,,body=2223,en=2223,,False,,structural,on,corpus-v3-2026-09-08,build_corpus-2026-09-08.v8,2223,f641de18f0a225e61f26e6a87a2afaa0ab806ea5a827d88dac69788b59239719,2223,f641de18f0a225e61f26e6a87a2afaa0ab806ea5a827d88dac69788b59239719,2223,f641de18f0a225e61f26e6a87a2afaa0ab806ea5a827d88dac69788b59239719
886,886__A11954.30.txt,403,A11954.30,A11954.30,Julius Caesar,"Shakespeare, William",1623,1623,5081.30,original DEEP row,tragedy,Adult Professional;Professional,A11954,77d50ab149976a6b0ccf2edfa8ec157a3894f62e44214f6072d1019968d110b1,,,2510,102459,dramatic_body=2510,,body=2510,en=2510,,False,,structural,on,corpus-v3-2026-09-08,build_corpus-2026-09-08.v8,2510,a9cb87f7dc27b4f2f9bc9986e25f81ae0620e4893a294c386567a396afbbf06b,2510,a9cb87f7dc27b4f2f9bc9986e25f81ae0620e4893a294c386567a396afbbf06b,2510,a9cb87f7dc27b4f2f9bc9986e25f81ae0620e4893a294c386567a396afbbf06b
888,888__A11954.31.txt,404,A11954.31,A11954.31,Macbeth,"Shakespeare, WilliamMiddleton, Thomas",1623,1623,5081.31,original DEEP row,tragedy,Adult Professional;Professional,A11954,77d50ab149976a6b0ccf2edfa8ec157a3894f62e44214f6072d1019968d110b1,,,2309,90478,dramatic_body=2309,,body=2309,en=2309,,False,,structural,on,corpus-v3-2026-09-08,build_corpus-2026-09-08.v8,2309,03bd2e8b4c8a86f744f39d57b9311c73a31b16485692a5e19791867b5da61ddd,2309,03bd2e8b4c8a86f744f39d57b9311c73a31b16485692a5e19791867b5da61ddd,2309,03bd2e8b4c8a86f744f39d57b9311c73a31b16485692a5e19791867b5da61ddd
890,890__A11954.35.txt,405,A11954.35,A11954.35,Antony and Cleopatra,"Shakespeare, William",1623,1623,5081.35,original DEEP row,tragedy,Adult Professional;Professional,A11954,77d50ab149976a6b0ccf2edfa8ec157a3894f62e44214f6072d1019968d110b1,,,3290,129027,dramatic_body=3290,,body=3290,en=3290,,False,,structural,on,corpus-v3-2026-09-08,build_corpus-2026-09-08.v8,3290,33eb873f9ed135a563890f26f7ea11e0c9a80af3c5dd138ac32a6cadd1671a38,3290,33eb873f9ed135a563890f26f7ea11e0c9a80af3c5dd138ac32a6cadd1671a38,3290,33eb873f9ed135a563890f26f7ea11e0c9a80af3c5dd138ac32a6cadd1671a38
892,892__A11954.36.txt,406,A11954.36,A11954.36,"Cymbeline, King of Britain","Shakespeare, William",1623,1623,5081.36,original DEEP row,romance,Adult Professional;Professional,A11954,77d50ab149976a6b0ccf2edfa8ec157a3894f62e44214f6072d1019968d110b1,,,3358,144909,dramatic_body=3334;song=24,,body=3358,en=3358,,False,,structural,on,corpus-v3-2026-09-08,build_corpus-2026-09-08.v8,3358,1da931d04c196a04342e0abafc33c1f5036be7895a08ab3d2a82dcb1c5c8656e,3358,1da931d04c196a04342e0abafc33c1f5036be7895a08ab3d2a82dcb1c5c8656e,3358,1da931d04c196a04342e0abafc33c1f5036be7895a08ab3d2a82dcb1c5c8656e
894,894__A04656.txt,407,A04656,A04656,Neptune's Triumph for the Return of Albion,"Jonson, Ben",1624,1624,717,original DEEP row,masque,Occasional;Nonprofessional,A04656,325685a2c965b3d0450d9444c1572fb2cda86e36d691eea05f221cc5c83a0a53,,,307,11638,dramatic_body=307,,body=307,en=307,,False,,structural,on,corpus-v3-2026-09-08,build_corpus-2026-09-08.v8,307,da9b6808a78a54ee12b37141cba5a6d7fcbf3753f2e4216a8083fe0e1cb0bc19,307,da9b6808a78a54ee12b37141cba5a6d7fcbf3753f2e4216a8083fe0e1cb0bc19,307,da9b6808a78a54ee12b37141cba5a6d7fcbf3753f2e4216a8083fe0e1cb0bc19
895,895__A72473.14.txt,407,A72473.14,A72473.2.1.10,Neptune's Triumph for the Return of Albion,"Jonson, Ben",1641,1641,5124.10,original DEEP row,masque,Occasional;Nonprofessional,A72473,36e65b7aa2a2551e3dc4dcf841030efdbfc576b59ba3869ed1a0b3b9e307ca33,,,354,15296,dramatic_body=248;song=106,,body=354,en=354,,False,,structural,on,corpus-v3-2026-09-08,build_corpus-2026-09-08.v8,354,2b1589604bd5882683c7a3c81932f5e58d0e7b88e5c24ce83032a6e4b5b97bb6,354,2b1589604bd5882683c7a3c81932f5e58d0e7b88e5c24ce83032a6e4b5b97bb6,354,2b1589604bd5882683c7a3c81932f5e58d0e7b88e5c24ce83032a6e4b5b97bb6
896,896__A07234.txt,408,A07234,A07234,The Bondman (The Noble Bondman),"Massinger, Philip",1624,1624,718,original DEEP row,tragicomedy,Adult Professional;Professional,A07234,4fdbbbfe2f392c1be74d844a3495555cc73e94caa097e4cf32ed2b04206fa053,,,2934,108435,dramatic_body=2934,,body=2934,en=2934,,False,,structural,on,corpus-v3-2026-09-08,build_corpus-2026-09-08.v8,2934,7579c10d7b034cb1aa6705bc49505a6257b7d441284240cc47b8b2acd4da8f57,2934,7579c10d7b034cb1aa6705bc49505a6257b7d441284240cc47b8b2acd4da8f57,2934,7579c10d7b034cb1aa6705bc49505a6257b7d441284240cc47b8b2acd4da8f57
898,898__A14871.txt,409,A14871,A14871,Monuments of Honor,"Webster, John",1624,1624,721,original DEEP row,civic play; pageant,Occasional;Nonprofessional,A14871,ab7e17f50df3edea1d43962c8d19968993246d8c42ac93c2a8edc363a0c4dc04,,,139,6074,dramatic_body=65;speech=74,,body=139,en=139,,False,,structural,on,corpus-v3-2026-09-08,build_corpus-2026-09-08.v8,139,9bbdcb9e3523850e54ecaa9f32ae091578224b908cfa46dbd23425e4c6993492,139,9bbdcb9e3523850e54ecaa9f32ae091578224b908cfa46dbd23425e4c6993492,139,9bbdcb9e3523850e54ecaa9f32ae091578224b908cfa46dbd23425e4c6993492
899,899__A08065.txt,410,A08065,A08065,Nero (Piso's Conspiracy),Anonymous,1624,1624,722,original DEEP row,tragedy,Unknown;Nonprofessional;Professional,A08065,3645e1a4d07dad68c51ac6f5a82522b3688145414ff23ed9ed2bf2d72611339d,,,2295,96313,dramatic_body=2295,,body=2295,en=2295,,False,,structural,on,corpus-v3-2026-09-08,build_corpus-2026-09-08.v8,2295,b27a644503432d98bcadabc0ae55b930ec72283f2126a71701e61c425683c0fe,2295,b27a644503432d98bcadabc0ae55b930ec72283f2126a71701e61c425683c0fe,2295,b27a644503432d98bcadabc0ae55b930ec72283f2126a71701e61c425683c0fe
901,901__A04652.txt,411,A04652,A04652,The Fortunate Isles and Their Union,"Jonson, Ben",1625,1625,724,original DEEP row,masque,Occasional;Nonprofessional,A04652,a94e6d77bd4c5c2e3ae53719e7b26f80c2b26232a8589214612b0a9659ad1e85,,,469,16205,dramatic_body=457;song=12,,body=469,en=469,,False,,structural,on,corpus-v3-2026-09-08,build_corpus-2026-09-08.v8,469,998a12d6aa0e235d806e60b60df97f42b0fed0e3eb45a8d956cd08e885af54fc,469,998a12d6aa0e235d806e60b60df97f42b0fed0e3eb45a8d956cd08e885af54fc,469,998a12d6aa0e235d806e60b60df97f42b0fed0e3eb45a8d956cd08e885af54fc
902,902__A72473.17.txt,411,A72473.17,A72473.2.1.13,The Fortunate Isles and Their Union,"Jonson, Ben",1641,1641,5124.13,original DEEP row,masque,Occasional;Nonprofessional,A72473,36e65b7aa2a2551e3dc4dcf841030efdbfc576b59ba3869ed1a0b3b9e307ca33,,,472,16360,dramatic_body=390;song=82,,body=472,en=472,,False,,structural,on,corpus-v3-2026-09-08,build_corpus-2026-09-08.v8,472,8ba5d17034fa34cab82f6eb02fb6dbb78ac9cfeabba43f011e75000195be3ec9,472,8ba5d17034fa34cab82f6eb02fb6dbb78ac9cfeabba43f011e75000195be3ec9,472,8ba5d17034fa34cab82f6eb02fb6dbb78ac9cfeabba43f011e75000195be3ec9
904,904__A07498.txt,412,A07498,A07498,A Game at Chess,"Middleton, Thomas",1625,1625,726,original DEEP row,comedy,Adult Professional;Professional,A07498,1acba45f31d6bca934425ccabf8e38a7265c77dbe9a2c5a638bb92bc707a535a,,,2394,96399,dramatic_body=2374;epilogue=10;prologue=10,,back=10;body=2374;front=10,en=2394,,False,,structural,on,corpus-v3-2026-09-08,build_corpus-2026-09-08.v8,2394,bdc2083404ef2fe48fcb6c1363408c742a8ab4d56a1de41b363ec176af185e5c,2394,bdc2083404ef2fe48fcb6c1363408c742a8ab4d56a1de41b363ec176af185e5c,2374,73221540798c5110bb611ada1d9f16ae5c3e173870f1bfd6547297722b66b789
906,906__A07512.txt,413,A07512,A07512,The Triumphs of Health and Prosperity,"Middleton, Thomas",1626,1626,729,original DEEP row,civic play; pageant,Occasional;Nonprofessional,A07512,f239272fb804acdaea805e74db03cbec57d603817ffe3d06b4136d585ae1bdc6,,,100,4362,speech=100,,body=100,en=100,,False,,structural,on,corpus-v3-2026-09-08,build_corpus-2026-09-08.v8,100,191b4adb9353941f237f8a8caa754cfd8e01244af78f2d34412fe374d7fd3af4,100,191b4adb9353941f237f8a8caa754cfd8e01244af78f2d34412fe374d7fd3af4,100,191b4adb9353941f237f8a8caa754cfd8e01244af78f2d34412fe374d7fd3af4
907,907__A02827.txt,414,A02827,A02827,Apollo Shroving,"Hawkins, William",1627,1627,730,original DEEP row,comedy,Boys Nonprofessional/School;Nonprofessional,A02827,fbdc984f6619b67b28c02a28106c4f53cf4943793faeb7f4eb455e7d74383044,,,1229,122246,dramatic_body=1149;epilogue=10;prologue=70,,body=1229,en=1229,,False,,structural,on,corpus-v3-2026-09-08,build_corpus-2026-09-08.v8,1229,bb94b7bb8d53902177ea748a4f87b3ea0dd267cac33f2139e7872d93c18258ad,1229,bb94b7bb8d53902177ea748a4f87b3ea0dd267cac33f2139e7872d93c18258ad,1149,d7b647dfe8948bb6853892f7c1e3385973ec5605a695a8f63a42470d52e9a2ee
910,910__A13384.txt,417,A13384,A13384,Aminta,"Tasso, TorquatoReynolds, Henry",1628,1628,731,original DEEP row,pastoral,Translation;Nonprofessional;Closet/Unacted,A13384,398c1153e03256e1198c049ddc4de4dc20b27d885b8a891b3a0db06ac15aff5f,,,2104,86918,dramatic_body=1881;epilogue=142;prologue=81,,body=2023;front=81,en=2104,,False,,structural,on,corpus-v3-2026-09-08,build_corpus-2026-09-08.v8,2104,4dcf66c2f6455ff1b92e2aa3084f7ca990faaa69329f9bead8d32e615c68b40e,2104,4dcf66c2f6455ff1b92e2aa3084f7ca990faaa69329f9bead8d32e615c68b40e,1881,1a2bc9da569cde08b65852db672cf91dc50a664fa09990e86a67789592395d0a
911,911__A01853.txt,418,A01853,A01853,"Lodovic Sforza, Duke of Milan","Gomersall, Robert",1628,1628,732,original DEEP row,tragedy,Closet/Unacted;Nonprofessional,A01853,ac5681ba19763fe920947b04ea1a479e7ba46b3abc1c903b132a40a1663caee3,,,2125,84959,dramatic_body=2077;epilogue=16;prologue=12;song=20,,body=2125,en=2125,,False,,structural,on,corpus-v3-2026-09-08,build_corpus-2026-09-08.v8,2125,b6d8993bbb73a789f3ed57b29e145acc73ad8e3009ba6a90204612db8bdcf436,2125,b6d8993bbb73a789f3ed57b29e145acc73ad8e3009ba6a90204612db8bdcf436,2097,a3559700c45c09afd399e9249b8988d86a77101a2633c47ab57cc8efa88f15f6
912,912__A01851.1.txt,418,A01851.1,A01851.2,"Lodovic Sforza, Duke of Milan","Gomersall, Robert",1633,1633,5100.01,original DEEP row,tragedy,Closet/Unacted;Nonprofessional,A01851,d26cae9e436747c5acd80510c909ef58bce5cd67f403f25fac68502ca734f3a6,,,2191,87320,dramatic_body=2064;epilogue=16;prologue=12;song=99,,body=2191,en=2191,,False,,structural,on,corpus-v3-2026-09-08,build_corpus-2026-09-08.v8,2191,8b866604cb42ff15202b481f9327641f32541a5bfd1e602370235c3915ef5986,2191,8b866604cb42ff15202b481f9327641f32541a5bfd1e602370235c3915ef5986,2163,941b514f7dbcea60ba0811b11fa4a7c52b4466f639c690ed068d9d9f297db45e
913,913__A20053.txt,419,A20053,A20053,Britannia's Honor,"Dekker, Thomas",1628,1628,733,original DEEP row,civic play; pageant,Occasional;Nonprofessional,A20053,f6d0db884bb960d88540c53ea2dc732ebde8842db6d766b7072ffa36475a4523,,,184,9987,dramatic_body=134;speech=50,translation=1,body=184,en=183;fr=1,,False,,structural,on,corpus-v3-2026-09-08,build_corpus-2026-09-08.v8,184,d6c7997fd4e87a93ab0cafc2807cfe07e7a86cb9ec03807e4e338800f277ec85,183,ad1a673f7af5e8ee21756ae27080e0f60e87047eee77e196c1d6d888c6a2480c,183,ad1a673f7af5e8ee21756ae27080e0f60e87047eee77e196c1d6d888c6a2480c
914,914__A01055.txt,420,A01055,A01055,The Lover's Melancholy,"Ford, John",1629,1629,734,original DEEP row,tragicomedy,Adult Professional;Professional,A01055,873d8dc1359ac8f44f680397bda2c4d9fd6e6d932b94e1e1e27e7c4e673c30bc,,,2333,100126,dramatic_body=2307;epilogue=8;prologue=18,,back=8;body=2307;front=18,en=2333,A01055=1,True,,structural,on,corpus-v3-2026-09-08,build_corpus-2026-09-08.v8,2333,86af5a050de0dacc8c40481cdfcdbc7b663257e0476b46a7d1d5a46d7e83d9de,2333,86af5a050de0dacc8c40481cdfcdbc7b663257e0476b46a7d1d5a46d7e83d9de,2307,a35432f0dc5f61654f7e13ac038d0a455ffca224cf85d9744a04a9255ba235a5
915,915__B01146.txt,421,B01146,B01146,"London's Tempe, or The Field of Happiness","Dekker, Thomas",1629,1629,736,original DEEP row,civic play; pageant,Occasional;Nonprofessional,B01146,e80ae7b19cb946fcabf294dea242c0977119af0dc191b4f9546496e746f1006b,,,183,8586,dramatic_body=61;speech=122,,body=183,en=183,,False,,structural,on,corpus-v3-2026-09-08,build_corpus-2026-09-08.v8,183,5b46f717ff0d691ec23f8e2204fddcd204f8443fe272d34cbfee0f59b4f22ff1,183,5b46f717ff0d691ec23f8e2204fddcd204f8443fe272d34cbfee0f59b4f22ff1,183,5b46f717ff0d691ec23f8e2204fddcd204f8443fe272d34cbfee0f59b4f22ff1
916,916__A19881.txt,422,A19881,A19881,"Albovine, King of the Lombards","Davenant, William",1629,1629,737,original DEEP row,tragedy,Closet/Unacted;Professional,A19881,5c5f42037fb45db9b4143309394221ce1cf1f9ab64800dd26ff7ba37b6aacb6f,,,2705,106544,dramatic_body=2705,,body=2705,en=2705,,False,,structural,on,corpus-v3-2026-09-08,build_corpus-2026-09-08.v8,2705,678efa757d880d88c67b3e1f1defb7746e0a99e5580cd2d294f7018bfa510e38,2705,678efa757d880d88c67b3e1f1defb7746e0a99e5580cd2d294f7018bfa510e38,2705,678efa757d880d88c67b3e1f1defb7746e0a99e5580cd2d294f7018bfa510e38
917,917__A17968.txt,423,A17968,A17968,The Deserving Favorite,"Carlell, Lodowick",1629,1629,738,original DEEP row,tragicomedy,Adult Professional;Professional,A17968,4ffc5258b8dc9224fd2e90bbe65c1f119714e0865c088ebf0fa66e04a0eb9b52,,,3141,134155,dramatic_body=3113;epilogue=8;prologue=20,,body=3121;front=20,en=3141,,False,,structural,on,corpus-v3-2026-09-08,build_corpus-2026-09-08.v8,3141,1d1ca9668e30ab2eda50f9d8565fd82d8fcd21de97460cdbbb421e5871f8bf61,3141,1d1ca9668e30ab2eda50f9d8565fd82d8fcd21de97460cdbbb421e5871f8bf61,3113,afc2f003fec065c495cba0f4360267254c2912265fa207096c7abee69c071597
920,920__A12155.txt,425,A12155,A12155,The Wedding,"Shirley, James",1629,1629,742,original DEEP row,comedy,Adult Professional;Professional,A12155,80f4f5d2b3d87343dbae39b428f0edad486d45cc690ed8de2c5b6724bbea88f9,,,2321,95693,dramatic_body=2318;epilogue=3,,body=2321,en=2321,,False,,structural,on,corpus-v3-2026-09-08,build_corpus-2026-09-08.v8,2321,e89df8f7a3f37ccfdc003806788c7b6c110351bf58c1badfbc1ef02e6a5e353b,2321,e89df8f7a3f37ccfdc003806788c7b6c110351bf58c1badfbc1ef02e6a5e353b,2318,5001d4daceff37841170f3b3d3cdc6e4a94e5492a2c1cc02ac1822619881158b
923,923__A01424.txt,426,A01424,A01424,"Wine, Beer, and Ale Together by the Ears (Wine, Beer, Ale, and Tobacco Contending for Superiority)",Anonymous,1629,1629,745,original DEEP row,dialogue,University/Inns of Court;Nonprofessional,A01424,7685bc07bf9763745ac3515d5093bbabc8ef6ca97fd46ef6113292a1eb5ae2bc,,,231,25522,dramatic_body=231,,body=231,en=228;la=3,,False,,structural,on,corpus-v3-2026-09-08,build_corpus-2026-09-08.v8,231,d1d7cdf9d455bb315010291508f28abd8191347667ee9c7d9dad1bb5bdff1ec9,228,de6ec74ef9cddc43db623b2364d3b0d136f1cb0bfcdccb079ae090564b2bd269,228,de6ec74ef9cddc43db623b2364d3b0d136f1cb0bfcdccb079ae090564b2bd269
924,924__A01425.txt,426,A01425,A01425,"Wine, Beer, and Ale Together by the Ears (Wine, Beer, Ale, and Tobacco Contending for Superiority)",Anonymous,1630,1630,746,original DEEP row,dialogue,University/Inns of Court;Nonprofessional,A01425,927c6d9548c88b5bb63f350668127de036541c67b32313c03fd7216cba360135,,,290,32625,dramatic_body=290,,body=290,en=290,,False,,structural,on,corpus-v3-2026-09-08,build_corpus-2026-09-08.v8,290,595d5f9f2304da629d795aaf55dae9882ee9a75756a69d91e401fcb23cb525f9,290,595d5f9f2304da629d795aaf55dae9882ee9a75756a69d91e401fcb23cb525f9,290,595d5f9f2304da629d795aaf55dae9882ee9a75756a69d91e401fcb23cb525f9
926,926__A19876.txt,427,A19876,A19876,The Cruel Brother,"Davenant, William",1630,1630,748,original DEEP row,tragedy,Adult Professional;Professional,A19876,a398ad4f201c6a4a48952df2caea2cc63d5ce0dd934c440e02de6e16d44a4e1b,,,2456,95925,dramatic_body=1895;song=561,,body=2456,en=2456,,False,,structural,on,corpus-v3-2026-09-08,build_corpus-2026-09-08.v8,2456,5eab5b8ccbe69422f7b2552b74151d8b45ffbbedb01c11a9a0536681c5b13aac,2456,5eab5b8ccbe69422f7b2552b74151d8b45ffbbedb01c11a9a0536681c5b13aac,2456,5eab5b8ccbe69422f7b2552b74151d8b45ffbbedb01c11a9a0536681c5b13aac
927,927__A19877.txt,428,A19877,A19877,The Just Italian,"Davenant, William",1630,1630,749,original DEEP row,tragicomedy,Adult Professional;Professional,A19877,ebb2a99631cba61ce99a37091a035c9de7c17d358d9c90c4c622754fddbf0780,,,2204,85547,dramatic_body=2204,,body=2204,en=2204,,False,,structural,on,corpus-v3-2026-09-08,build_corpus-2026-09-08.v8,2204,82bf01e3cbfc0e15a44845767c22612c1f2305fb2026c74b2345ce3807f76004,2204,82bf01e3cbfc0e15a44845767c22612c1f2305fb2026c74b2345ce3807f76004,2204,82bf01e3cbfc0e15a44845767c22612c1f2305fb2026c74b2345ce3807f76004
928,928__A12138.txt,429,A12138,A12138,The Grateful Servant (The Faithful Servant),"Shirley, James",1630,1630,750,original DEEP row,comedy,Adult Professional;Professional,A12138,e71123fef774dafb3844150da598c4085fa9eeef98f893d5d687a7fab82a0c07,,,2350,100520,dramatic_body=2350,,body=2350,en=2350,,False,,structural,on,corpus-v3-2026-09-08,build_corpus-2026-09-08.v8,2350,1afd5131e5a4622a7709df990e9dc4fd85fdc1f76c3dc459128f66de4dd9a7a7,2350,1afd5131e5a4622a7709df990e9dc4fd85fdc1f76c3dc459128f66de4dd9a7a7,2350,1afd5131e5a4622a7709df990e9dc4fd85fdc1f76c3dc459128f66de4dd9a7a7
930,930__A07246.txt,430,A07246,A07246,"The Renegado, or The Gentleman of Venice","Massinger, Philip",1630,1630,752,original DEEP row,tragicomedy,Adult Professional;Professional,A07246,e76674d53d0aad0711a68e98b18051aa0dbcf757d373d99ce1aa1c0156a5b246,,,2828,106328,dramatic_body=2828,,body=2828,en=2828,,False,,structural,on,corpus-v3-2026-09-08,build_corpus-2026-09-08.v8,2828,412994d2a3589d531d738867fd7dbf70b26dcbaa4f93f9a857e07cad5aa90d84,2828,412994d2a3589d531d738867fd7dbf70b26dcbaa4f93f9a857e07cad5aa90d84,2828,412994d2a3589d531d738867fd7dbf70b26dcbaa4f93f9a857e07cad5aa90d84
934,934__A10402.1.txt,431,A10402.1,A10402.1,"Aristippus, or The Jovial Philosopher","Randolph, Thomas",1630,1630,5093.01,original DEEP row,entertainment; academic entertainment,University/Inns of Court;Nonprofessional,A10402,6db01376f41cca391cad64e07e539d7e7329dc5cbddabe91a7ef629211b48e6b,,,409,47139,dramatic_body=409,,body=409,en=409,,False,,structural,on,corpus-v3-2026-09-08,build_corpus-2026-09-08.v8,409,141b40104223fe0ad60db98d0d0240b2ba3a2950a6f8045ec21f515b75f69745,409,141b40104223fe0ad60db98d0d0240b2ba3a2950a6f8045ec21f515b75f69745,409,141b40104223fe0ad60db98d0d0240b2ba3a2950a6f8045ec21f515b75f69745
941,941__A10402.2.txt,432,A10402.2,A10402.2,The Conceited Pedlar (The University Pedlar),"Randolph, Thomas",1630,1630,5093.02,original DEEP row,entertainment; academic entertainment,University/Inns of Court;Nonprofessional,A10402,6db01376f41cca391cad64e07e539d7e7329dc5cbddabe91a7ef629211b48e6b,,,194,20310,dramatic_body=194,,body=194,en=194,,False,,structural,on,corpus-v3-2026-09-08,build_corpus-2026-09-08.v8,194,5105827825066bd3c899059b2857ffdf5cfdb73bfa47bbf92384a4aa19b83a36,194,5105827825066bd3c899059b2857ffdf5cfdb73bfa47bbf92384a4aa19b83a36,194,5105827825066bd3c899059b2857ffdf5cfdb73bfa47bbf92384a4aa19b83a36
945,945__A07493.txt,433,A07493,A07493,A Chaste Maid in Cheapside,"Middleton, Thomas",1630,1630,753,original DEEP row,comedy,Adult Professional;Professional,A07493,2a760a8a0e0a2801b5b1c994152f57f5daa89577140d959fe550f47aac8a7d2f,,,2047,89287,dramatic_body=2047,,body=2047,en=2047,,False,,structural,on,corpus-v3-2026-09-08,build_corpus-2026-09-08.v8,2047,70ea14f919f9cc82e2b62e5e32c7a2c6f1f0ebfbe2114ec7118d2768973615af,2047,70ea14f919f9cc82e2b62e5e32c7a2c6f1f0ebfbe2114ec7118d2768973615af,2047,70ea14f919f9cc82e2b62e5e32c7a2c6f1f0ebfbe2114ec7118d2768973615af
947,947__A20065.txt,435,A20065,A20065,2 The Honest Whore (2 The Converted Courtesan),"Dekker, Thomas",1630,1630,755,original DEEP row,comedy,Adult Professional;Professional,A20065,41280ef2de3390884e5586aa951d389af859a5e5152bf4b1cd1f2cf104236809,,,2012,121409,dramatic_body=2012,,body=2012,en=2012,,False,,structural,on,corpus-v3-2026-09-08,build_corpus-2026-09-08.v8,2012,de5707f256334343a79d880564ef5efe17a69775e697baee2f014089cf5b064a,2012,de5707f256334343a79d880564ef5efe17a69775e697baee2f014089cf5b064a,2012,de5707f256334343a79d880564ef5efe17a69775e697baee2f014089cf5b064a
949,949__A04655.txt,437,A04655,A04655,Love's Triumph Through Callipolis,"Jonson, Ben",1630,1630,760,original DEEP row,masque,Occasional;Nonprofessional,A04655,470fd21bce5dda5219e117de51794ae9c3664c7243fd1ad7656d6600126d9ea9,,,121,4714,dramatic_body=77;song=44,,body=121,en=121,,False,,structural,on,corpus-v3-2026-09-08,build_corpus-2026-09-08.v8,121,241fbefb3c35261cd380eb6589e827ca2965a659e631f1e3f6e4fe744ad4f46c,121,241fbefb3c35261cd380eb6589e827ca2965a659e631f1e3f6e4fe744ad4f46c,121,241fbefb3c35261cd380eb6589e827ca2965a659e631f1e3f6e4fe744ad4f46c
950,950__A72473.18.txt,437,A72473.18,A72473.2.1.14,Love's Triumph Through Callipolis,"Jonson, Ben",1641,1641,5124.14,original DEEP row,masque,Occasional;Nonprofessional,A72473,36e65b7aa2a2551e3dc4dcf841030efdbfc576b59ba3869ed1a0b3b9e307ca33,,,122,4657,dramatic_body=110;song=12,,body=122,en=122,,False,,structural,on,corpus-v3-2026-09-08,build_corpus-2026-09-08.v8,122,c8140c57b5e15382c5f53d9766e31f5116b03d88af5997acf5509d50d72c3061,122,c8140c57b5e15382c5f53d9766e31f5116b03d88af5997acf5509d50d72c3061,122,c8140c57b5e15382c5f53d9766e31f5116b03d88af5997acf5509d50d72c3061
951,951__A18596.txt,438,A18596,A18596,"Hoffman, or A Revenge for a Father","Chettle, Henry",1631,1631,761,original DEEP row,tragedy,Adult Professional;Professional,A18596,6ccf6836465a668b1f275d2b4710377b40630029035696daa9ee6689a4f71dc6,,,2251,105570,dramatic_body=2251,,body=2251,en=2251,,False,,structural,on,corpus-v3-2026-09-08,build_corpus-2026-09-08.v8,2251,2a291028ceacb5219834d250c4eaddf4ea40b7b3b0d56debf9bb428f9984761a,2251,2a291028ceacb5219834d250c4eaddf4ea40b7b3b0d56debf9bb428f9984761a,2251,2a291028ceacb5219834d250c4eaddf4ea40b7b3b0d56debf9bb428f9984761a
952,952__A18331.txt,439,A18331,A18331,The Spanish Bawd (Calisto and Meliboea) (Celestina),"Mabbe, JamesRojas, Fernando de",1631,1631,763,original DEEP row,tragicomedy; literary play,Translation;Nonprofessional;Closet/Unacted,A18331,4450c644bfb7c991ead8937d6596c06cbe5a2f74736f546486973d4cbbc68f22,,,1320,521558,dramatic_body=1314;prologue=6,,body=1314;front=6,en=1320,,False,,structural,on,corpus-v3-2026-09-08,build_corpus-2026-09-08.v8,1320,939a2f8d8a392ec9ee5f8fb22169bf9ff8c97cfd03ae9376bef0b121733a2b59,1320,939a2f8d8a392ec9ee5f8fb22169bf9ff8c97cfd03ae9376bef0b121733a2b59,1314,afe836bd9ab2b7e66c7e74e96a2f5540e0b1ee13692dacb76a535fde889dc65a
953,953__A20088.txt,440,A20088,A20088,Match Me in London,"Dekker, Thomas",1631,1631,764,original DEEP row,tragicomedy,Adult Professional;Professional,A20088,b93383dfeae24c697f8689c0a6d333895e02d1e5f6d27798b241327d49c41b7c,,,2216,92648,dramatic_body=2216,,body=2216,en=2216,,False,,structural,on,corpus-v3-2026-09-08,build_corpus-2026-09-08.v8,2216,f9448511bc7a43320da433eb5fa4f634ddfbddf7ee1f3b561e257a9345462f9d,2216,f9448511bc7a43320da433eb5fa4f634ddfbddf7ee1f3b561e257a9345462f9d,2216,f9448511bc7a43320da433eb5fa4f634ddfbddf7ee1f3b561e257a9345462f9d
954,954__A12152.txt,441,A12152,A12152,The School of Compliment (Love Tricks),"Shirley, James",1631,1631,765,original DEEP row,comedy,Adult Professional;Professional,A12152,ac79c2092d8af457b99d111ebd4b09c708005617bf7034186c15f4b20888b74d,,,1580,114645,dramatic_body=1554;prologue=26,,body=1554;front=26,en=1580,,False,,structural,on,corpus-v3-2026-09-08,build_corpus-2026-09-08.v8,1580,2fc764c4223362b87856e54577cbdac674edde4500b1ab36f87a2d288ea633d3,1580,2fc764c4223362b87856e54577cbdac674edde4500b1ab36f87a2d288ea633d3,1554,33ccc9e33ea24743c4a66da92664c0712244ac5bde67913fb5b5366a52102848
956,956__A04658.txt,442,A04658,A04658,"The New Inn, or The Light Heart","Jonson, Ben",1631,1631,767,original DEEP row,comedy,Adult Professional;Professional,A04658,96627a7f0c2dc3b63a97fe02f643f2bbbb38d94fab749e21b002a6b59782aea0,,,3126,116772,dramatic_body=3060;epilogue=40;prologue=26,,back=40;body=3060;front=26,en=3126,,False,,structural,on,corpus-v3-2026-09-08,build_corpus-2026-09-08.v8,3126,035f3ebac8fbbcacea9d3cb0f091b37cd1dd6081fea8311337d3d8cb3b94bf55,3126,035f3ebac8fbbcacea9d3cb0f091b37cd1dd6081fea8311337d3d8cb3b94bf55,3060,669ae857ec1a032a3dc1c43979da7d2290088211fad43ac716051573dda44b30
957,957__A00979.txt,443,A00979,A00979,Sicelides (The Sicilians),"Fletcher, Phineas",1631,1631,768,original DEEP row,pastoral,University/Inns of Court;Nonprofessional,A00979,d0474a444590c4dab37911ae1acc18f402aacf159c68e502f7f8907148f004de,,,2299,111572,dramatic_body=2269;epilogue=16;prologue=14,,body=2285;front=14,en=2299,,False,,structural,on,corpus-v3-2026-09-08,build_corpus-2026-09-08.v8,2299,409f513ee115c5e892cb8458f98f054f787d2bca30e1245e55db0c36e3df234d,2299,409f513ee115c5e892cb8458f98f054f787d2bca30e1245e55db0c36e3df234d,2269,dcd587b4fbbb5c61b673f806e2eb2a2c69a3ac8768013ede98ad9e6387b36233
958,958__A18425.txt,444,A18425,A18425,Caesar and Pompey (The Wars of Caesar and Pompey),"Chapman, George",1631,1631,769,original DEEP row,tragedy,Adult Professional;Professional;Closet/Unacted,A18425,fad21ce3a7f590f521abc01801643c7b6cc000e22118dc045e3a1033cd547d86,representative_proposed,confirmed,2239,91664,dramatic_body=2239,,body=2239,en=2239,,False,,structural,on,corpus-v3-2026-09-08,build_corpus-2026-09-08.v8,2239,34807cfb31200ce2cf90a0047a1271e6485cbde92ea95ebf94c53e7c9c2e4874,2239,34807cfb31200ce2cf90a0047a1271e6485cbde92ea95ebf94c53e7c9c2e4874,2239,34807cfb31200ce2cf90a0047a1271e6485cbde92ea95ebf94c53e7c9c2e4874
961,961__A01839.txt,447,A01839,A01839,"The Raging Turk, or Bajazet the Second","Goffe, Thomas",1631,1631,775,original DEEP row,tragedy,University/Inns of Court;Nonprofessional,A01839,81acbfbdd111787c02eaa1a307c72e19210953dcd34f9586a5899d262ddba859,,,3555,142770,dramatic_body=3555,,body=3555,en=3555,,False,,structural,on,corpus-v3-2026-09-08,build_corpus-2026-09-08.v8,3555,9ced9bceef2ffdcec40238ebd0b4319b04f08030f9f01e4136fbda47cd8ccaa3,3555,9ced9bceef2ffdcec40238ebd0b4319b04f08030f9f01e4136fbda47cd8ccaa3,3555,9ced9bceef2ffdcec40238ebd0b4319b04f08030f9f01e4136fbda47cd8ccaa3
963,963__A03234.txt,448,A03234,A03234,London's Ius Honorarium (London's Law of Honor),"Heywood, Thomas",1631,1631,777,original DEEP row,civic play; pageant,Occasional;Nonprofessional,A03234,818cd1d4bcde3e9239e12e16bf159b286a51e9863392bdd1d5f3e36de1a960ad,,,207,9025,speech=207,,body=207,en=207,,False,,structural,on,corpus-v3-2026-09-08,build_corpus-2026-09-08.v8,207,205d7702913f8b96f88217ac13e18ee2910a30b643637bf27e6b91b8a29c8482,207,205d7702913f8b96f88217ac13e18ee2910a30b643637bf27e6b91b8a29c8482,207,205d7702913f8b96f88217ac13e18ee2910a30b643637bf27e6b91b8a29c8482
964,964__A04896.txt,449,A04896,A04896,Rhodon and Iris,"Knevet, Ralph",1631,1631,778,original DEEP row,pastoral,Occasional;Nonprofessional,A04896,5d20989c27ca96c2cffaa97e5aafdceb4dbcd13f88d02b54619498e0db6b3434,,,1793,75547,dramatic_body=1757;epilogue=6;prologue=30,,back=6;body=1757;front=30,en=1793,,False,,structural,on,corpus-v3-2026-09-08,build_corpus-2026-09-08.v8,1793,caafdb91aa9d677513d349d219d37b4997f34ed360ee7e4e68581b7e36048027,1793,caafdb91aa9d677513d349d219d37b4997f34ed360ee7e4e68581b7e36048027,1757,ec0618cb4d1a9b7fdd19f27f8930047e321edb98b1809f981f50346beb6c4b92
965,965__A07329.txt,450,A07329,A07329,"Antigone, the Theban Princess","May, Thomas",1631,1631,780,original DEEP row,tragedy,Closet/Unacted;Nonprofessional,A07329,0e2ae483f88d6a8b99dbd69cf4ebbb2fdf3242f88acfe9f6b7aab6c7a1e410c1,,,1628,64831,dramatic_body=1628,,body=1628,en=1628,,False,,structural,on,corpus-v3-2026-09-08,build_corpus-2026-09-08.v8,1628,82a2a549e6f4c589bcdc5ba280719ae0d809e5a14f9b36f685c248db0943a518,1628,82a2a549e6f4c589bcdc5ba280719ae0d809e5a14f9b36f685c248db0943a518,1628,82a2a549e6f4c589bcdc5ba280719ae0d809e5a14f9b36f685c248db0943a518
966,966__A20866.txt,451,A20866,A20866,The Duchess of Suffolk,"Drue, Thomas",1631,1631,781,original DEEP row,history,Adult Professional;Professional,A20866,e072cc4c73285160fdfd6a45b74e7bb4063a561ebbd924c8112a2af485a71ef0,,,2142,88754,dramatic_body=2142,,body=2142,en=2142,,False,,structural,on,corpus-v3-2026-09-08,build_corpus-2026-09-08.v8,2142,35ce66b5084c75133847229c723678401a90f2a3dec2df8ee38b8269142be54b,2142,35ce66b5084c75133847229c723678401a90f2a3dec2df8ee38b8269142be54b,2142,35ce66b5084c75133847229c723678401a90f2a3dec2df8ee38b8269142be54b
967,967__A04644.txt,452,A04644,A04644,Chloridia: Rites to Chloris and Her Nymphs,"Jonson, Ben",1631,1631,782,original DEEP row,masque,Nonprofessional;Occasional,A04644,2db46b6b2a9e9490f0c587b343667d435a6bfb7ac06e6957621c0b217c800b39,,,123,6561,dramatic_body=1;song=122,,body=123,en=123,,False,,structural,on,corpus-v3-2026-09-08,build_corpus-2026-09-08.v8,123,8a957854f5a891b87eed89267ff554b61f5367fac9ae46932eb8578a4745e5ef,123,8a957854f5a891b87eed89267ff554b61f5367fac9ae46932eb8578a4745e5ef,123,8a957854f5a891b87eed89267ff554b61f5367fac9ae46932eb8578a4745e5ef
968,968__A72473.19.txt,452,A72473.19,A72473.2.1.15,Chloridia: Rites to Chloris and Her Nymphs,"Jonson, Ben",1641,1641,5124.15,original DEEP row,masque,Occasional;Nonprofessional,A72473,36e65b7aa2a2551e3dc4dcf841030efdbfc576b59ba3869ed1a0b3b9e307ca33,,,125,6606,dramatic_body=40;song=85,,body=125,en=125,,False,,structural,on,corpus-v3-2026-09-08,build_corpus-2026-09-08.v8,125,51cf9a8253238b87e8a2c21d6d61f02b5ad4ab87de8c0a2b718a74b740bf8721,125,51cf9a8253238b87e8a2c21d6d61f02b5ad4ab87de8c0a2b718a74b740bf8721,125,51cf9a8253238b87e8a2c21d6d61f02b5ad4ab87de8c0a2b718a74b740bf8721
969,969__A13846.txt,453,A13846,A13846,Albion's Triumph,"Townshend, Aurelian",1631,1631,783,original DEEP row,masque,Occasional;Nonprofessional,A13846,7b38aeed000c131a9e704d6a6b6517844df4ee226de524f5f153044dd8b47c61,,,213,10650,dramatic_body=213,,body=213,en=213,,False,,structural,on,corpus-v3-2026-09-08,build_corpus-2026-09-08.v8,213,58409ab4ce10c8fcbad37d390a39178a754f267fe32c80d3fa42c5a66c8d67d2,213,58409ab4ce10c8fcbad37d390a39178a754f267fe32c80d3fa42c5a66c8d67d2,213,58409ab4ce10c8fcbad37d390a39178a754f267fe32c80d3fa42c5a66c8d67d2
970,970__A13848.txt,454,A13848,A13848,Tempe Restored  (Tempe Restauratum),"Townshend, Aurelian",1631,1631,785,original DEEP row,masque,Occasional;Nonprofessional,A13848,7aa66fcec355a070affcdeb65a4acd8ffc3387d1535620c414e21b893fe19f7f,,,141,5291,dramatic_body=141,,body=141,en=141,,False,,structural,on,corpus-v3-2026-09-08,build_corpus-2026-09-08.v8,141,3ef84e17cb3706e022e97c32da8259600c3f97c5e27901e5d46fb15594e47dae,141,3ef84e17cb3706e022e97c32da8259600c3f97c5e27901e5d46fb15594e47dae,141,3ef84e17cb3706e022e97c32da8259600c3f97c5e27901e5d46fb15594e47dae
971,971__A72473.1.txt,455,A72473.1,A72473.1.1,Bartholomew Fair,"Jonson, Ben",1631,1631,5124.001,"reviewed date resolution (play_printing_date_vs_collection_issue_date); raw 1631; header '1641', sourceDesc '1640 [i.e. 1641]'",comedy,Adult Professional;Professional,A72473,36e65b7aa2a2551e3dc4dcf841030efdbfc576b59ba3869ed1a0b3b9e307ca33,representative_proposed,confirmed,1651,188899,dramatic_body=1628;epilogue=12;induction=11,,back=12;body=1628;front=11,en=1651,,False,,structural,on,corpus-v3-2026-09-08,build_corpus-2026-09-08.v8,1651,e3731b0888e634b37d8d9c26b96d2f64fec2a3ac4901563411f3d0340edac550,1651,e3731b0888e634b37d8d9c26b96d2f64fec2a3ac4901563411f3d0340edac550,1639,94b74c055952e72c8c8ab3ff509390d7c56d01fd38b922749087d4290554294e
972,972__A72473.4.txt,456,A72473.4,A72473.1.2,The Staple of News,"Jonson, Ben",1631,1631,5124.004,"reviewed date resolution (play_printing_date_vs_collection_issue_date); raw 1631; header '1641', sourceDesc '1640 [i.e. 1641]'",comedy,Adult Professional;Professional,A72473,36e65b7aa2a2551e3dc4dcf841030efdbfc576b59ba3869ed1a0b3b9e307ca33,representative_proposed,confirmed,3381,134639,dramatic_body=3317;epilogue=14;induction=25;song=25,,back=14;body=3342;front=25,en=3381,,False,,structural,on,corpus-v3-2026-09-08,build_corpus-2026-09-08.v8,3381,de0c352a5506c23d7ed747f8dc0df995051cfabaa463cf013a969a25d9ca6245,3381,de0c352a5506c23d7ed747f8dc0df995051cfabaa463cf013a969a25d9ca6245,3367,2e11ede8f588ee9f7244567f65bb534c23a371ff295db07fbe93ead045336d79
973,973__A72473.3.txt,457,A72473.3,A72473.1.3,The Devil Is an Ass,"Jonson, Ben",1631,1631,5124.003,"reviewed date resolution (play_printing_date_vs_collection_issue_date); raw 1631; header '1641', sourceDesc '1640 [i.e. 1641]'",comedy,Adult Professional;Professional,A72473,36e65b7aa2a2551e3dc4dcf841030efdbfc576b59ba3869ed1a0b3b9e307ca33,representative_proposed,confirmed,3721,141570,dramatic_body=3689;epilogue=6;prologue=26,,back=6;body=3689;front=26,en=3721,,False,,structural,on,corpus-v3-2026-09-08,build_corpus-2026-09-08.v8,3721,1b5ae551ca6735cc724417700c8cfb3845a0d9c2ff67ec0cc07f6db110a83faf,3721,1b5ae551ca6735cc724417700c8cfb3845a0d9c2ff67ec0cc07f6db110a83faf,3689,69d120aa05d97aa97f7b7216988710282aa2beeed6bf40be3567ea73786cb93b
975,975__A01836.txt,458,A01836,A01836,"The Courageous Turk, or Amurath the First","Goffe, Thomas",1632,1632,787,original DEEP row,tragedy,University/Inns of Court;Nonprofessional,A01836,83654a1299c2c11f46f9d1d61e2673f6387c3c3987d6aeb77cde91402edd4291,,,1896,80973,dramatic_body=1828;prologue=48;song=20,,body=1848;front=48,en=1896,,False,,structural,on,corpus-v3-2026-09-08,build_corpus-2026-09-08.v8,1896,4a6d9624b6c0bb33dbabdb84e5e15c7709c14274bd2aa7922e7d70b2a3fc5613,1896,4a6d9624b6c0bb33dbabdb84e5e15c7709c14274bd2aa7922e7d70b2a3fc5613,1848,08d265c97569b0a28c2accdae59764991584ae020f595859f01fa6e15ca00d9c
977,977__A07238.txt,459,A07238,A07238,The Emperor of the East,"Massinger, Philip",1632,1632,788,original DEEP row,tragicomedy,Adult Professional;Professional,A07238,b26200511063f3b86d88e69abd89922f9afba42b8ae857b42d4036b44b9c2556,,,2883,107204,dramatic_body=2825;epilogue=14;prologue=44,,back=14;body=2825;front=44,en=2883,,False,,structural,on,corpus-v3-2026-09-08,build_corpus-2026-09-08.v8,2883,ba84b1232ea078c7d94bb26959df56cd50adbd5407d6e3380b7a38c053418db2,2883,ba84b1232ea078c7d94bb26959df56cd50adbd5407d6e3380b7a38c053418db2,2825,e83cb727f1f1938e94dd28c3f5425ea86baa2d772da331445e153e8491984b2b
978,978__A11153.txt,460,A11153,A11153,"A New Wonder, A Woman Never Vexed","Heywood, ThomasRowley, William",1632,1632,789,original DEEP row,comedy,Adult Professional;Professional,A11153,5654a4e8b5c10394220956ddfab96bfe9a48fc6f48f759f2c2e9a4619753d666,,,2782,115900,dramatic_body=2782,,body=2782,en=2782,,False,,structural,on,corpus-v3-2026-09-08,build_corpus-2026-09-08.v8,2782,61836b37bfab8765e93294a53b09b89f4482566b5a9c93a54a6e7e72d9b1990b,2782,61836b37bfab8765e93294a53b09b89f4482566b5a9c93a54a6e7e72d9b1990b,2782,61836b37bfab8765e93294a53b09b89f4482566b5a9c93a54a6e7e72d9b1990b
979,979__A07025.txt,461,A07025,A07025,Holland's Leaguer,"Marmion, Shackerley",1632,1632,791,original DEEP row,comedy,Adult Professional;Professional,A07025,3823815eb707aa9dd5b5f5289afe2b480eaeb27a3fd0e26429f036c61f17badd,,,2857,106838,dramatic_body=2841;prologue=16,,body=2841;front=16,en=2857,,False,,structural,on,corpus-v3-2026-09-08,build_corpus-2026-09-08.v8,2857,1b2971db2c63872837e1292ba550c14c28ce6e18c725f87f0fb148debe718b8d,2857,1b2971db2c63872837e1292ba550c14c28ce6e18c725f87f0fb148debe718b8d,2841,6df0ad95c3bfd1d9afd0c72a6d42ecc0af6fbdf34dce5290399c49805aed301b
980,980__A12129.txt,462,A12129,A12129,"Changes, or Love in a Maze","Shirley, James",1632,1632,792,original DEEP row,comedy,Professional;Boys Professional,A12129,b96961765e29975f25bdabca172e583bf18b73d7dda6b4882ef60edeee4f9543,,,2565,101429,dramatic_body=2513;epilogue=18;prologue=20;song=14,,back=18;body=2527;front=20,en=2565,,False,,structural,on,corpus-v3-2026-09-08,build_corpus-2026-09-08.v8,2565,b3bdb79e273522171a59ab8e3aecb466d2b78f5065e157634603a7b761720cd1,2565,b3bdb79e273522171a59ab8e3aecb466d2b78f5065e157634603a7b761720cd1,2527,c7f6fb4e6b5d44afe8488ebb2bd87ee93d0f4524c47512d6aff90b5befe52994
981,981__A16924.txt,463,A16924,A16924,The Northern Lass,"Brome, Richard",1632,1632,793,original DEEP row,comedy,Adult Professional;Professional,A16924,8bdddab8c777a9634a81605cc05df426c5c7bf8581306ae05acd4810329f52e7,,,1354,140873,dramatic_body=1334;prologue=20,,body=1334;front=20,en=1354,,False,,structural,on,corpus-v3-2026-09-08,build_corpus-2026-09-08.v8,1354,08e1e6a162d92dd92395d6d29ac4cba9a2e78c01692ce336e43ef179efc7cfc0,1354,08e1e6a162d92dd92395d6d29ac4cba9a2e78c01692ce336e43ef179efc7cfc0,1334,5bef5fe51e96fd0d3f74497b751c84734e7afa958ba6a79b97b4448397eaa0ed
982,982__A07251.txt,464,A07251,A07251,The Fatal Dowry,"Field, NathanMassinger, Philip",1632,1632,794,original DEEP row,tragedy,Adult Professional;Professional,A07251,d15af873d301b9df10fdb7f8139830cb1b7150bfd6539863308005ea7fd48bca,,,2784,110374,dramatic_body=2738;song=46,,body=2738;front=46,en=2784,,False,,structural,on,corpus-v3-2026-09-08,build_corpus-2026-09-08.v8,2784,56bf6b72b98944ad535cd111e0998c801d1e60767d363ee25687a5a30d07385a,2784,56bf6b72b98944ad535cd111e0998c801d1e60767d363ee25687a5a30d07385a,2784,56bf6b72b98944ad535cd111e0998c801d1e60767d363ee25687a5a30d07385a
983,983__A72254.txt,465,A72254,A72254,The Rival Friends,"Hausted, Peter",1632,1632,795,original DEEP row,comedy,University/Inns of Court;Nonprofessional,A72254,e7e64e444f0138ff928255068a0855a72066e19c5a8577c0981fb673abcc19e0,,,3711,163358,dramatic_body=3592;epilogue=24;induction=71;prologue=10;song=14,,back=24;body=3606;front=81,en=3711,,False,,structural,on,corpus-v3-2026-09-08,build_corpus-2026-09-08.v8,3711,8dae1743b145a35cb32bd670cf576b7db513f3550ea773632600101a8820dd60,3711,8dae1743b145a35cb32bd670cf576b7db513f3550ea773632600101a8820dd60,3677,ceff91494674b90ab296c8893326d83ed3e4e5cf6812042aa616136fcce75924
984,984__A03228.txt,466,A03228,A03228,"Londini Artium et Scientiarum Scaturigo, or London's Fountain of Arts and Sciences","Heywood, Thomas",1632,1632,796,original DEEP row,civic play; pageant,Occasional;Nonprofessional,A03228,f4b475b0cbf09eb24d96cdb9f80377950c78b6568afb50f822abc0a55b8eb4ab,,,226,9770,speech=226,,body=226,en=226,,False,,structural,on,corpus-v3-2026-09-08,build_corpus-2026-09-08.v8,226,5373c50daf591b13c7be6da952a9a101f261bdf1ed94a61a8446af356991d11b,226,5373c50daf591b13c7be6da952a9a101f261bdf1ed94a61a8446af356991d11b,226,5373c50daf591b13c7be6da952a9a101f261bdf1ed94a61a8446af356991d11b
987,987__A10407.txt,469,A10407,A10407,The Jealous Lovers,"Randolph, Thomas",1632,1632,800,original DEEP row,comedy,University/Inns of Court;Nonprofessional,A10407,3ff786cc463038c7fff57e6978c16085c4b326efbc258541ac5fb08df0f6263a,,,3058,125631,dramatic_body=3049;epilogue=9,,body=3058,en=3058,,False,,structural,on,corpus-v3-2026-09-08,build_corpus-2026-09-08.v8,3058,ad25734f561389998715f9bc844b25a930cb50da5e2998e4e3793486c691ecd8,3058,ad25734f561389998715f9bc844b25a930cb50da5e2998e4e3793486c691ecd8,3049,a8442a7890ce5948ef87ea41263b7ef58c2dfe44e44214d08695f292b0a3a4dd
992,992__A07240.txt,470,A07240,A07240,The Maid of Honor,"Massinger, Philip",1632,1632,806,original DEEP row,tragicomedy,Adult Professional;Professional,A07240,8073fec26fc2cb2fbc692a42fa4499dbc4c281400bcbd94733c1b1d41137f8d8,,,2791,99575,dramatic_body=2791,,body=2791,en=2791,,False,,structural,on,corpus-v3-2026-09-08,build_corpus-2026-09-08.v8,2791,44257c5f58beb1714021874ecfeeb41a932de3a631dca0425ff879ec5771e885,2791,44257c5f58beb1714021874ecfeeb41a932de3a631dca0425ff879ec5771e885,2791,44257c5f58beb1714021874ecfeeb41a932de3a631dca0425ff879ec5771e885
993,993__A11155.txt,471,A11155,A11155,All's Lost by Lust,"Rowley, William",1633,1633,807,original DEEP row,tragedy,Adult Professional;Professional,A11155,0e742ad677055840bbb879b672991e099b29aca2f5029a5b0f4757cf20aa50a1,,,2066,84348,dramatic_body=2045;prologue=21,,body=2045;front=21,en=2066,,False,,structural,on,corpus-v3-2026-09-08,build_corpus-2026-09-08.v8,2066,310aa3d08129d334c22a58df435a5fd8eefa83e228082e582dd8140922c282c0,2066,310aa3d08129d334c22a58df435a5fd8eefa83e228082e582dd8140922c282c0,2045,ed6bf09dd1f161f5336e0096b2e74fce4380b225b7120dcd6af3271a493a9b29
995,995__A12131.txt,473,A12131,A12131,The Contention for Honor and Riches,"Shirley, James",1633,1633,810,original DEEP row,moral,Private;Nonprofessional,A12131,1ce6afccf52301c3aa104a6f001d055ca53de374ef1c8428503461f6ab69bf2d,,,628,30095,dramatic_body=628,,body=628,en=628,,False,,structural,on,corpus-v3-2026-09-08,build_corpus-2026-09-08.v8,628,9e5ef99c38d0db1ef44fbb0ced0809efde8e91a91f6d79dc73b6c91ba0406c2e,628,9e5ef99c38d0db1ef44fbb0ced0809efde8e91a91f6d79dc73b6c91ba0406c2e,628,9e5ef99c38d0db1ef44fbb0ced0809efde8e91a91f6d79dc73b6c91ba0406c2e
997,997__A07241.txt,474,A07241,A07241,A New Way to Pay Old Debts,"Massinger, Philip",1633,1633,811,original DEEP row,comedy,Adult Professional;Professional,A07241,4c5d3ccbd08c17b1ae268baf6589477a975ef31240542db8d6d13d5280c28d4e,,,2826,105610,dramatic_body=2817;epilogue=9,,body=2826,en=2826,,False,,structural,on,corpus-v3-2026-09-08,build_corpus-2026-09-08.v8,2826,696fe0a1ee902038927c492832358feb3ac18578ef2d790991e7c594a44c0b0c,2826,696fe0a1ee902038927c492832358feb3ac18578ef2d790991e7c594a44c0b0c,2817,b341a7e54d4a77531335106aeb6215be3ac977e0b5e635b39950050c524616e6
998,998__A06991.txt,475,A06991,A06991,The Jew of Malta,"Marlowe, Christopher",1633,1633,812,original DEEP row,tragedy,Adult Professional;Professional,A06991,de7d6e421208fc6ea602517791fd6ecdb6218587f06e34b1b58f3a080579793b,,,2407,97562,dramatic_body=2363;epilogue=14;prologue=30,,body=2363;front=44,en=2407,,False,,structural,on,corpus-v3-2026-09-08,build_corpus-2026-09-08.v8,2407,2e8e5f10a503ab49ca4edd5796e47e9022e555358990b677798214f66f21ed2a,2407,2e8e5f10a503ab49ca4edd5796e47e9022e555358990b677798214f66f21ed2a,2363,ef07b172906d30bff185519757d5fb039d6784c201aa56f7eb8dcf6e8d0ab101
999,999__A11151.txt,476,A11151,A11151,A Match at Midnight,"R., W.",1633,1633,813,original DEEP row,comedy,Boys Professional;Adult Professional;Professional,A11151,1073069538f985208fad57e1482ee723b215ecb5bb9310d362fa5027bb89a032,,,1218,98444,dramatic_body=1218,,body=1218,en=1218,,False,,structural,on,corpus-v3-2026-09-08,build_corpus-2026-09-08.v8,1218,a3e7b8c74a3efd3a78ec118d6a341866e8eaae780d4d23dc84702ba1eba4c7be,1218,a3e7b8c74a3efd3a78ec118d6a341866e8eaae780d4d23dc84702ba1eba4c7be,1218,a3e7b8c74a3efd3a78ec118d6a341866e8eaae780d4d23dc84702ba1eba4c7be
1000,1000__A12157.txt,477,A12157,A12157,The Witty Fair One,"Shirley, James",1633,1633,814,original DEEP row,comedy,Adult Professional;Professional,A12157,7a80af4180efb9d425334239f2461a83043b2948f9dd0562d6cc290a459386cb,,,1531,88829,dramatic_body=1531,,body=1531,en=1531,A12157=1,False,,structural,on,corpus-v3-2026-09-08,build_corpus-2026-09-08.v8,1531,70bf6d40be95c41a2ef128ba295610e1e4b44968668df81c0c6566c207ddaf63,1531,70bf6d40be95c41a2ef128ba295610e1e4b44968668df81c0c6566c207ddaf63,1531,70bf6d40be95c41a2ef128ba295610e1e4b44968668df81c0c6566c207ddaf63
1001,1001__A01056.txt,478,A01056,A01056,Love's Sacrifice,"Ford, John",1633,1633,815,original DEEP row,tragedy,Professional;Adult Professional,A01056,d3509474cfb649c53b70fad5bccd53e0e6eb2d2eb8ba47a617833e26b6b55a4d,,,2317,109383,dramatic_body=2317,,body=2317,en=2317,,True,,structural,on,corpus-v3-2026-09-08,build_corpus-2026-09-08.v8,2317,cbeec307ccbf4c80a600637de4c6258e3602f0dabc65a5bcd0e0b1edce7c273a,2317,cbeec307ccbf4c80a600637de4c6258e3602f0dabc65a5bcd0e0b1edce7c273a,2317,cbeec307ccbf4c80a600637de4c6258e3602f0dabc65a5bcd0e0b1edce7c273a
1002,1002__A12128.txt,479,A12128,A12128,The Bird in a Cage (The Beauties),"Shirley, James",1633,1633,816,original DEEP row,comedy,Adult Professional;Professional,A12128,987b4f163c9e8904ad7c2475c20b4dc575990c9c4a11051074dfd6c2ad51d4b9,,,1847,98288,dramatic_body=1847,,body=1847,en=1847,,False,,structural,on,corpus-v3-2026-09-08,build_corpus-2026-09-08.v8,1847,93d5440043923ed297ed4d634e9aeef6edadfe575cb01a904f4aaebe71f6e972,1847,93d5440043923ed297ed4d634e9aeef6edadfe575cb01a904f4aaebe71f6e972,1847,93d5440043923ed297ed4d634e9aeef6edadfe575cb01a904f4aaebe71f6e972
1003,1003__A01046.txt,480,A01046,A01046,The Broken Heart,"Ford, John",1633,1633,817,original DEEP row,tragedy,Professional;Adult Professional,A01046,fdad1e374cc2b90707332d007231e042e2600d426e16711b7bb6920dc50cdbce,,,2896,105221,dramatic_body=2836;prologue=18;song=42,,body=2878;front=18,en=2896,,True,,structural,on,corpus-v3-2026-09-08,build_corpus-2026-09-08.v8,2896,b2a248e07dca4823e146fe08ed0758cf30617578501ff8b0c16b6d77c4e302d4,2896,b2a248e07dca4823e146fe08ed0758cf30617578501ff8b0c16b6d77c4e302d4,2878,25949743754717e6b80c99d3bdc262ac2aad5f6db5aa2a2b5f446b534fb25cd3
1004,1004__A07024.txt,481,A07024,A07024,A Fine Companion,"Marmion, Shackerley",1633,1633,818,original DEEP row,comedy,Adult Professional;Professional,A07024,68b72bcaea0a57e03f7c9ee75c72f6a34eba9b4ae2b4740ce0567f0e2d336b05,,,1768,119232,dramatic_body=1693;prologue=75,,body=1768,en=1768,,False,,structural,on,corpus-v3-2026-09-08,build_corpus-2026-09-08.v8,1768,4529782604e81188fb9ae923972c27ec5a758450653db19fde2b98f9e729617f,1768,4529782604e81188fb9ae923972c27ec5a758450653db19fde2b98f9e729617f,1693,ff46fc2ee0b8ae5fb8fe559ac8f6ec8c2f2a645e1383841e1d8eb6c46956b02a
1005,1005__A00760.txt,482,A00760,A00760,Fuimus Troes (The True Trojans),"Fisher, Jasper",1633,1633,819,original DEEP row,history,University/Inns of Court;Nonprofessional,A00760,970d8db9196d40d123d8bdc10f650ffa9bce2bada3523923e825a90887d5939f,,,2309,96160,dramatic_body=2243;song=66,,body=2309,en=2309,,False,,structural,on,corpus-v3-2026-09-08,build_corpus-2026-09-08.v8,2309,1ba3f61fded44e08a2b703602825d35ed17e4e3e14b022b7d2400cdf9e9481ef,2309,1ba3f61fded44e08a2b703602825d35ed17e4e3e14b022b7d2400cdf9e9481ef,2309,1ba3f61fded44e08a2b703602825d35ed17e4e3e14b022b7d2400cdf9e9481ef
1006,1006__A03229.txt,483,A03229,A03229,Londini Emporia (London's Markets),"Heywood, Thomas",1633,1633,820,original DEEP row,civic play; pageant,Occasional;Nonprofessional,A03229,9b1ef579a6c56ce93968c0640940a7a03fff2c22a90f57724de9dbf7794f2fe7,,,204,9062,speech=204,,body=204,en=204,,False,,structural,on,corpus-v3-2026-09-08,build_corpus-2026-09-08.v8,204,9f482fbbc038e44a2f3caabcbec8163a09eb5d1dd07341fdd59949b66478672e,204,9f482fbbc038e44a2f3caabcbec8163a09eb5d1dd07341fdd59949b66478672e,204,9f482fbbc038e44a2f3caabcbec8163a09eb5d1dd07341fdd59949b66478672e
1007,1007__A03195.txt,484,A03195,A03195,The English Traveller,"Heywood, Thomas",1633,1633,821,original DEEP row,tragicomedy,Adult Professional;Professional,A03195,ca10f8e313d8789e88b8bbf6649faed87141bdb6ce9d0b466e7e4b8f653e1655,,,2736,113007,dramatic_body=2720;prologue=16,,body=2720;front=16,en=2736,,False,,structural,on,corpus-v3-2026-09-08,build_corpus-2026-09-08.v8,2736,dd2b40a2508a52bf9e50de56817196ff9130f4d2617103ab10466c2dea8f21a8,2736,dd2b40a2508a52bf9e50de56817196ff9130f4d2617103ab10466c2dea8f21a8,2720,3adedfb14e2115cbf70ebdf8e162dd75c33d7014fa679148755e384b78471ac6
1008,1008__A01840.txt,485,A01840,A01840,Orestes,"Goffe, Thomas",1633,1633,822,original DEEP row,tragedy,University/Inns of Court;Nonprofessional,A01840,0bf0393fc572c1d42005a0929950969630ac31bb4e7f0c45a0214a2f824435fc,,,2363,101207,dramatic_body=2339;prologue=24,,body=2339;front=24,en=2363,A01840=1,False,,structural,on,corpus-v3-2026-09-08,build_corpus-2026-09-08.v8,2363,d794d088d19a89437bc373d420d75f73d21b944df781c2efd4cec21d04e42052,2363,d794d088d19a89437bc373d420d75f73d21b944df781c2efd4cec21d04e42052,2339,1d1974035afe6a289aa7e4f1928dd8391a82e365ceeb76351833126ab1402c6c
1011,1011__A18463.txt,487,A18463,A18463,The Royal Entry of King Charles I into Edinburgh (The Entertainment at Edinburgh),"Drummond, WilliamAdamson, JohnCrawford, Thomas",1633,1633,825,original DEEP row,entertainment; royal entertainment or entry,Occasional;Nonprofessional,A18463,d3d80a7b5ccd3af1e18ec6f23734c25aab02c6745339daa7906b243091175f14,,,336,17543,speech=336,,body=336,en=336,,False,,structural,on,corpus-v3-2026-09-08,build_corpus-2026-09-08.v8,336,5fd3e5de607a8079b49632e0c5aaf8d088f437770b1c1efcbec6b82f6c8b1c36,336,5fd3e5de607a8079b49632e0c5aaf8d088f437770b1c1efcbec6b82f6c8b1c36,336,5fd3e5de607a8079b49632e0c5aaf8d088f437770b1c1efcbec6b82f6c8b1c36
1012,1012__B07101.txt,488,B07101,B07101,The Triumph of Peace,"Shirley, James",1633,1633,826,original DEEP row,masque,Occasional;Nonprofessional;University/Inns of Court,B07101,04ff4deb1b8128e44e08c049dee45a4b3f9ec8d00e3b31b7508117002d843e05,,,413,14829,dramatic_body=263;song=150,,body=413,en=413,,False,,structural,on,corpus-v3-2026-09-08,build_corpus-2026-09-08.v8,413,8d3fb2f4be6e04ee1c8777434500edf6cfa6b9c7ee139480b465707eec115dbe,413,8d3fb2f4be6e04ee1c8777434500edf6cfa6b9c7ee139480b465707eec115dbe,413,8d3fb2f4be6e04ee1c8777434500edf6cfa6b9c7ee139480b465707eec115dbe
1015,1015__A02226.1.txt,489,A02226.1,A02226.4,Alaham,"Greville, Fulke",1633,1633,5101.01,original DEEP row,tragedy,Closet/Unacted;Nonprofessional,A02226,afd1f7de1b392cab31de6cccf375081ae20b986b12739651e29210b72d2fdecc,,,2710,120399,chorus=432;dramatic_body=2123;prologue=155,,body=2710,en=2710,,False,,structural,on,corpus-v3-2026-09-08,build_corpus-2026-09-08.v8,2710,9ffd9a4f0222a44691ee8dae52119aeec1958b6a6c3bfa3f43d03064a39083c8,2710,9ffd9a4f0222a44691ee8dae52119aeec1958b6a6c3bfa3f43d03064a39083c8,2555,7a4855c39a49f820ad3c89c2d6fa092c052cea4b366ef2f0d577d4198ea1d11b
1016,1016__A11145.txt,490,A11145,A11145,"The Noble Spanish Soldier (The Noble Soldier, or A Contract Broken Justly Revenged)","Dekker, Thomas",1634,1634,832,original DEEP row,tragedy,Adult Professional;Professional,A11145,23e96bcb81039c7ccc7405bc6b9c604e9159acec49bd07022ae8073a7ccf17f5,,,1717,73601,dramatic_body=1700;song=17,,body=1717,en=1717,,False,,structural,on,corpus-v3-2026-09-08,build_corpus-2026-09-08.v8,1717,1dec4d2ddcde87d259396a1498aa48105b7ac2288f62c247f3c55360065534ed,1717,1dec4d2ddcde87d259396a1498aa48105b7ac2288f62c247f3c55360065534ed,1717,1dec4d2ddcde87d259396a1498aa48105b7ac2288f62c247f3c55360065534ed
1018,1018__A00969.txt,492,A00969,A00969,The Two Noble Kinsmen,"Shakespeare, WilliamFletcher, John",1634,1634,835,original DEEP row,tragicomedy,Adult Professional;Professional,A00969,9dacc606c526b1911543f75405105e8cdad02c26c6a2772048570598734243f2,,,3187,122878,dramatic_body=3137;epilogue=18;prologue=32,,back=18;body=3137;front=32,en=3187,,False,,structural,on,corpus-v3-2026-09-08,build_corpus-2026-09-08.v8,3187,64fb33dae77a6f8605074750570e143131e7c05ce2ce2d4c07f7f4905dd31578,3187,64fb33dae77a6f8605074750570e143131e7c05ce2ce2d4c07f7f4905dd31578,3137,13229b9c519b4a83858c305ac83a4772f57cf955f0dfb9ba40421aeb86e670ef
1019,1019__A03240.txt,493,A03240,A03240,A Maidenhead Well Lost,"Heywood, Thomas",1634,1634,836,original DEEP row,comedy,Adult Professional;Professional,A03240,92c78f86980a5c9d71e93a7fa186232ea7385ca75f2d6e2d611cf13c9a06c0c0,,,1816,71665,dramatic_body=1790;epilogue=10;prologue=16,,back=10;body=1790;front=16,en=1816,,False,,structural,on,corpus-v3-2026-09-08,build_corpus-2026-09-08.v8,1816,5cf38a5da8d73faad8b3ef5aa34a9162e91e5dd8b6054443f858c2dd12396f30,1816,5cf38a5da8d73faad8b3ef5aa34a9162e91e5dd8b6054443f858c2dd12396f30,1790,c64d524064d2059f054016a325d2d442d85501cfc8b6b9e03589e7794d3e6feb
1020,1020__A03258.txt,494,A03258,A03258,The Late Lancashire Witches,"Heywood, ThomasBrome, Richard",1634,1634,837,original DEEP row,comedy,Adult Professional;Professional,A03258,2187a659d6c62f8ecada595ffd5e6ca32f46d4631c0e550762ca53db93dc8b7c,,,1807,110082,dramatic_body=1762;epilogue=18;prologue=11;song=16,,back=34;body=1762;front=11,en=1807,,False,,structural,on,corpus-v3-2026-09-08,build_corpus-2026-09-08.v8,1807,02666196d47a460954282cb6a02d33630fe1159f1ed6b076615f15b89d4f15d5,1807,02666196d47a460954282cb6a02d33630fe1159f1ed6b076615f15b89d4f15d5,1778,e9b7480c9b80e9747ec105d8af469ccdc69f1719113fbb61285efa844e1194e7
1021,1021__A73300.txt,495,A73300,A73300,The Triumphs of Fame and Honor,"Taylor, John",1634,1634,838,original DEEP row,civic play; pageant,Occasional;Nonprofessional,A73300,47bdf9a5da382bb2f5226aa8ef72a37848c26d72f72be642645d795fe4ee742f,,,246,10677,dramatic_body=246,,body=246,en=246,,False,,structural,on,corpus-v3-2026-09-08,build_corpus-2026-09-08.v8,246,072aacad02c837f36157d428979e1293052442a484b105f1a8dee8c9d4529333,246,072aacad02c837f36157d428979e1293052442a484b105f1a8dee8c9d4529333,246,072aacad02c837f36157d428979e1293052442a484b105f1a8dee8c9d4529333
1022,1022__A73704.txt,496,A73704,A73704,Coelum Britannicum (The British Heaven),"Carew, Thomas",1634,1634,839,original DEEP row,masque,Occasional;Nonprofessional,A73704,b935b849d3c4550d7e04ebc28a3030c7d25f59c9a6cbbf9c167c83c406267c39,,,635,44907,dramatic_body=467;song=168,,body=635,en=635,,False,,structural,on,corpus-v3-2026-09-08,build_corpus-2026-09-08.v8,635,9a4038159a8a9d762471c0b4110a15ecb16206301acec19ae3f7e0e3a976e2ed,635,9a4038159a8a9d762471c0b4110a15ecb16206301acec19ae3f7e0e3a976e2ed,635,9a4038159a8a9d762471c0b4110a15ecb16206301acec19ae3f7e0e3a976e2ed
1023,1023__A17961.1.txt,496,A17961.1,A17961.2,Coelum Britannicum (The British Heaven),"Carew, Thomas",1640,1640,5126.01,original DEEP row,masque,Occasional;Nonprofessional,A17961,6a6cc245018a574d9afd305fe73f31216afcabe4c83d4fd2ec7da6ee7252999c,,,632,44984,dramatic_body=468;song=164,,body=632,en=632,,False,,structural,on,corpus-v3-2026-09-08,build_corpus-2026-09-08.v8,632,383c8c7646746e8cfb90672a982a4e4c7d69752ae42bca41b39f6deb07dba2ae,632,383c8c7646746e8cfb90672a982a4e4c7d69752ae42bca41b39f6deb07dba2ae,632,383c8c7646746e8cfb90672a982a4e4c7d69752ae42bca41b39f6deb07dba2ae
1027,1027__A12154.txt,498,A12154,A12154,The Traitor,"Shirley, James",1635,1635,842,original DEEP row,tragedy,Adult Professional;Professional,A12154,419623a0e93319be43aca37e17c1e40fff8c4eca4c32191b7ae5f269a7013652,,,2593,101790,dramatic_body=2593,,body=2593,en=2593,,False,,structural,on,corpus-v3-2026-09-08,build_corpus-2026-09-08.v8,2593,68235ab79eeb6c57f5f819a126661745c8783eac3ed11257dbb6264dc98af53b,2593,68235ab79eeb6c57f5f819a126661745c8783eac3ed11257dbb6264dc98af53b,2593,68235ab79eeb6c57f5f819a126661745c8783eac3ed11257dbb6264dc98af53b
1028,1028__A11205.txt,499,A11205,A11205,The Shepherds' Holiday,"Rutter, Joseph",1635,1635,843,original DEEP row,pastoral,Adult Professional;Professional,A11205,3932d374227160609d6e557c4fc0d9bb80167163fbbd59bc485007beb04a8430,,,2531,98563,dramatic_body=2491;epilogue=8;prologue=32,,body=2531,en=2531,,False,,structural,on,corpus-v3-2026-09-08,build_corpus-2026-09-08.v8,2531,eea3ff0d408ff97bbfb9f1b18614707cf8f61e1f3e1113c302f93c8651cc29ae,2531,eea3ff0d408ff97bbfb9f1b18614707cf8f61e1f3e1113c302f93c8651cc29ae,2491,65c6d2ef597a16f1fcff56c326c30f99e6aa13be5e972c3e4f0473c0bec910dc
1030,1030__A04604.txt,501,A04604,A04604,"Adrasta, or The Woman's Spleen and Love's Conquest","Jones, John",1635,1635,845,original DEEP row,tragicomedy,Closet/Unacted;Nonprofessional,A04604,e0b2840341ea2931d22dad690e6450cd82947c82f8ad2b821400fc88a7d70e21,,,2177,127688,dramatic_body=2092;epilogue=24;prologue=16;song=45,,back=24;body=2137;front=16,en=2177,,False,,structural,on,corpus-v3-2026-09-08,build_corpus-2026-09-08.v8,2177,f1c265b4da1ca3da6101e27ae985c14bef5f24ab9ce2b27b6e6c860b4461296c,2177,f1c265b4da1ca3da6101e27ae985c14bef5f24ab9ce2b27b6e6c860b4461296c,2137,103d102f01d990f682816535a4586929fb5e17ad6d1b05c635d79d292a5b7381
1031,1031__A19882.txt,502,A19882,A19882,The Triumphs of the Prince d'Amour,"Davenant, William",1635,1635,846,original DEEP row,masque,Occasional;Nonprofessional;University/Inns of Court,A19882,0c606afa925d8f2a05acc0e9cb188f8b79c7cb75caf4874d6006fd89f4742363,,,150,5962,dramatic_body=46;song=104,,body=150,en=150,,False,,structural,on,corpus-v3-2026-09-08,build_corpus-2026-09-08.v8,150,f8c0f2dfa3c47bcdb8b561fdfca2b4ef141323a42a66c5ef58836483edbeb02e,150,f8c0f2dfa3c47bcdb8b561fdfca2b4ef141323a42a66c5ef58836483edbeb02e,150,f8c0f2dfa3c47bcdb8b561fdfca2b4ef141323a42a66c5ef58836483edbeb02e
1036,1036__A07239.txt,505,A07239,A07239,The Great Duke of Florence,"Massinger, Philip",1636,1636,853,original DEEP row,comedy,Adult Professional;Professional,A07239,7e1bdcf0ef37ae13346e6e277dfa9f5a76cfb63858566f051b440a8323b22967,,,2725,98494,dramatic_body=2725,,body=2725,en=2725,,False,,structural,on,corpus-v3-2026-09-08,build_corpus-2026-09-08.v8,2725,0bbabdf9046a0b7587e3c1c50d2010dff06f9dcc097d69295a95a0cf737eeddc,2725,0bbabdf9046a0b7587e3c1c50d2010dff06f9dcc097d69295a95a0cf737eeddc,2725,0bbabdf9046a0b7587e3c1c50d2010dff06f9dcc097d69295a95a0cf737eeddc
1039,1039__A20093.txt,508,A20093,A20093,The Wonder of A Kingdom,"Dekker, Thomas",1636,1636,857,original DEEP row,comedy,Adult Professional;Professional,A20093,ece50b47d2326204102aa7a0a8a398a53477ac909cfbfe26cdd1151f2ff5f0a6,,,1865,79965,dramatic_body=1844;prologue=21,,body=1844;front=21,en=1865,,False,,structural,on,corpus-v3-2026-09-08,build_corpus-2026-09-08.v8,1865,eb40df8e777f5cb895f8a306fcf9f66652cda2f9a7b83f2ef616c100b183089e,1865,eb40df8e777f5cb895f8a306fcf9f66652cda2f9a7b83f2ef616c100b183089e,1844,ce198de034113148999f865c5ca7ad29260d3fa4774eb071a925aa86ee1911dd
1040,1040__A03190.txt,509,A03190,A03190,A Challenge for Beauty,"Heywood, Thomas",1636,1636,858,original DEEP row,tragicomedy,Adult Professional;Professional,A03190,1dcc0b294307743832b384d3a3006827362c60722dc5e9a4f391a99a8b825b7f,,,2084,95900,dramatic_body=2050;epilogue=6;prologue=28,,back=6;body=2050;front=28,en=2084,,False,,structural,on,corpus-v3-2026-09-08,build_corpus-2026-09-08.v8,2084,68f534c94b18045bade0edc46e836c8e82e50269f901c4e85b0a8e4832b19230,2084,68f534c94b18045bade0edc46e836c8e82e50269f901c4e85b0a8e4832b19230,2050,ca5b43761dd89a62f4b245b24fc3afd634eb136a4541e9bc1aa657d6d3ca923d
1041,1041__A11435.txt,510,A11435,A11435,"The Vow Breaker, or The Fair Maid of Clifton","Sampson, William",1636,1636,859,original DEEP row,tragedy,Nonprofessional,A11435,91fa52fe34dd64c3f79324f82f625ab85608a1ff3afa2fd307d23407009405f7,,,1890,97475,dramatic_body=1864;prologue=26,,body=1864;front=26,en=1890,,False,,structural,on,corpus-v3-2026-09-08,build_corpus-2026-09-08.v8,1890,95e3728971c37beab669a81fac96ceec79605c2a5549b4413e1db0d333496adf,1890,95e3728971c37beab669a81fac96ceec79605c2a5549b4413e1db0d333496adf,1864,a74745e3300451d4dab4dced278f4c7d6842e83b29e4a92edd893b67d0ce8219
1042,1042__A17342.txt,511,A17342,A17342,The Presentment of Bushell's Rock (Royal Entertainment at Enstone),"Jordan, ThomasBushell, Thomas (mining entrepreneur)",1636,1636,860,original DEEP row,entertainment; royal entertainment or entry,Occasional;Nonprofessional,A17342,d490a6a2e3f65df576879b0366af3e823e1d5424b7b07d0d38c7034af4bbce10,representative_proposed,confirmed,166,6303,dramatic_body=70;song=96,,body=166,en=166,,False,,structural,on,corpus-v3-2026-09-08,build_corpus-2026-09-08.v8,166,2a8df2ec6f643e4912b98484f458866a93d9654a8994b7e527ffed9c1bed6202,166,2a8df2ec6f643e4912b98484f458866a93d9654a8994b7e527ffed9c1bed6202,166,2a8df2ec6f643e4912b98484f458866a93d9654a8994b7e527ffed9c1bed6202
1044,1044__A07974.txt,513,A07974,A07974,Hannibal and Scipio,"Nabbes, Thomas",1637,1637,863,original DEEP row,tragedy,Adult Professional;Professional,A07974,5bf95bb48179407c696e4987f4b331981723a8fa33e5b6ed7619a18482b11c08,,,2332,88554,dramatic_body=2294;epilogue=8;prologue=30,,body=2302;front=30,en=2332,,True,,structural,on,corpus-v3-2026-09-08,build_corpus-2026-09-08.v8,2332,a9b9c5e4a8116c47dded5ff73cd682c623e053106f86952347121d368183f191,2332,a9b9c5e4a8116c47dded5ff73cd682c623e053106f86952347121d368183f191,2294,0ecf18704610aeff014ac8b934e9cae2b40ceb64b6de0ce5f05260ace8c1a71e
1045,1045__A07975.txt,514,A07975,A07975,Microcosmus,"Nabbes, Thomas",1637,1637,864,original DEEP row,masque,Occasional;Adult Professional;Professional,A07975,8f3be37eaad584b371ea33d900500f82ba53b5be682d92d3075449ae0cbf0823,,,1219,58858,dramatic_body=1171;song=48,,body=1219,en=1219,,True,,structural,on,corpus-v3-2026-09-08,build_corpus-2026-09-08.v8,1219,95dc0d961d9717b736588e5836ecb31c2d08098307d96b4823787329603a01b9,1219,95dc0d961d9717b736588e5836ecb31c2d08098307d96b4823787329603a01b9,1219,95dc0d961d9717b736588e5836ecb31c2d08098307d96b4823787329603a01b9
1046,1046__A00960.txt,515,A00960,A00960,The Elder Brother,"Fletcher, JohnMassinger, Philip",1637,1637,865,original DEEP row,comedy,Adult Professional;Professional,A00960,cda4834c298dd831de20e79205f3d8fded99165ec0807039b3ac8f441467e065,,,2647,103037,dramatic_body=2623;epilogue=8;prologue=16,,body=2631;front=16,en=2647,,False,,structural,on,corpus-v3-2026-09-08,build_corpus-2026-09-08.v8,2647,f9796df793d7e9216bbc96d0bc0df05423e1b6c2722907674bb7f08314718037,2647,f9796df793d7e9216bbc96d0bc0df05423e1b6c2722907674bb7f08314718037,2623,e2bd4ec0eb81c35259cd2b52430b77a725743fc47e624b29c893d1d79a404012
1049,1049__A03248.txt,516,A03248,A03248,The Royal King and the Loyal Subject,"Heywood, Thomas",1637,1637,869,original DEEP row,romance,Adult Professional;Professional,A03248,b3e1add870167e88ab104c96f9d45213cc62f3c9a4e970f341b6cbfc3a7c4b32,,,2160,103279,dramatic_body=2124;epilogue=14;prologue=22,,body=2138;front=22,en=2160,,False,,structural,on,corpus-v3-2026-09-08,build_corpus-2026-09-08.v8,2160,fe99ab28b0e59463bb1b183821d7ae8747664a0c07577215b45cb41a9a5bf9a7,2160,fe99ab28b0e59463bb1b183821d7ae8747664a0c07577215b45cb41a9a5bf9a7,2124,391b97653a245c0bfaea3fa3e54f4787300d6ee16905753b934b81ae9eb76107
1050,1050__A12140.txt,517,A12140,A12140,Hyde Park,"Shirley, James",1637,1637,870,original DEEP row,comedy,Adult Professional;Professional,A12140,de6e9237fd3fa412ee5891c3e5fed5ea47ef4ad203077b6ed19d07b032fbd228,,,2374,83742,dramatic_body=2374,,body=2374,en=2374,,False,,structural,on,corpus-v3-2026-09-08,build_corpus-2026-09-08.v8,2374,581b01220a872acf49672cce81418433953b91e4cfdc8ec87d8577b385abb6e5,2374,581b01220a872acf49672cce81418433953b91e4cfdc8ec87d8577b385abb6e5,2374,581b01220a872acf49672cce81418433953b91e4cfdc8ec87d8577b385abb6e5
1051,1051__A12142.txt,518,A12142,A12142,The Lady of Pleasure,"Shirley, James",1637,1637,871,original DEEP row,comedy,Adult Professional;Professional,A12142,7d3d9aab15fb14d562a1ee678aded638ebb0d358380ace244313af136947797a,,,3020,108602,dramatic_body=3020,,body=3020,en=3020,,False,,structural,on,corpus-v3-2026-09-08,build_corpus-2026-09-08.v8,3020,2b0bb89dcb20a34fe15c754e44758b0a281d55c607a79edaf59b98d458b6d697,3020,2b0bb89dcb20a34fe15c754e44758b0a281d55c607a79edaf59b98d458b6d697,3020,2b0bb89dcb20a34fe15c754e44758b0a281d55c607a79edaf59b98d458b6d697
1052,1052__A12158.txt,519,A12158,A12158,The Young Admiral,"Shirley, James",1637,1637,872,original DEEP row,tragicomedy,Adult Professional;Professional,A12158,8900b80ba72780cbb3f426ed3951f35d9902ab83efa1816ad77bec0770d392b4,,,2398,94473,dramatic_body=2398,,body=2398,en=2398,,False,,structural,on,corpus-v3-2026-09-08,build_corpus-2026-09-08.v8,2398,1309268418cda2566132b9e9a42ed35b56ef1f020a2cc389e8ece7cd078a5a1f,2398,1309268418cda2566132b9e9a42ed35b56ef1f020a2cc389e8ece7cd078a5a1f,2398,1309268418cda2566132b9e9a42ed35b56ef1f020a2cc389e8ece7cd078a5a1f
1053,1053__A14599.txt,520,A14599,A14599,The Valiant Scot,"W., J.",1637,1637,873,original DEEP row,history,Adult Professional;Professional,A14599,6f167e2faa566dd8fa0edc2f6fd0661f38fa1eaaf870d42c2bc84bb6b73b6e00,,,2086,85319,dramatic_body=2086,,body=2086,en=2086,,False,,structural,on,corpus-v3-2026-09-08,build_corpus-2026-09-08.v8,2086,f273e15288a98efe9acd6399a5d64c617abe5c5f4566bd99674e9f4fb1e8b049,2086,f273e15288a98efe9acd6399a5d64c617abe5c5f4566bd99674e9f4fb1e8b049,2086,f273e15288a98efe9acd6399a5d64c617abe5c5f4566bd99674e9f4fb1e8b049
1054,1054__A12136.txt,521,A12136,A12136,The Example,"Shirley, James",1637,1637,874,original DEEP row,comedy,Adult Professional;Professional,A12136,32234bd2d536608f4cd8920f2c2c34639c28d03395d5c16acc5a400483ba7b69,,,2487,95547,dramatic_body=2435;epilogue=10;prologue=42,,back=10;body=2435;front=42,en=2487,,False,,structural,on,corpus-v3-2026-09-08,build_corpus-2026-09-08.v8,2487,e46e3750b556a246daf7b56eb0c5e2ed543321f3a4d63fdc68578e77c9a4b9af,2487,e46e3750b556a246daf7b56eb0c5e2ed543321f3a4d63fdc68578e77c9a4b9af,2435,e4297e381c2bebc88bf761c38d627e384f5a1283e39ef49e16e5a4e5ef56fd64
1055,1055__A03230.txt,522,A03230,A03230,"Londini Speculum, or London's Mirror","Heywood, Thomas",1637,1637,875,original DEEP row,not in BritDrama,Occasional;Nonprofessional,A03230,f92d6175be33d9a6f7bcbd2c4821fa7de095399cbdbc31b970c1663182260319,,,186,8159,speech=186,,body=186,en=186,,False,,structural,on,corpus-v3-2026-09-08,build_corpus-2026-09-08.v8,186,e336acf7893d2234170632e6cd08bede05e35bb3bca5c7879699297479038442,186,e336acf7893d2234170632e6cd08bede05e35bb3bca5c7879699297479038442,186,e336acf7893d2234170632e6cd08bede05e35bb3bca5c7879699297479038442
1056,1056__A12137.txt,523,A12137,A12137,The Gamester,"Shirley, James",1637,1637,876,original DEEP row,comedy,Adult Professional;Professional,A12137,6bf970a1928a228cb458a1647a30435fe4ee4f43273b0e9320cd6499e81385ff,,,2701,103599,dramatic_body=2701,,body=2701,en=2701,,False,,structural,on,corpus-v3-2026-09-08,build_corpus-2026-09-08.v8,2701,1ba85d6f3e05e25ba4a2974d1abba56b2f4152138e5693e487729d45ebf14f51,2701,1ba85d6f3e05e25ba4a2974d1abba56b2f4152138e5693e487729d45ebf14f51,2701,1ba85d6f3e05e25ba4a2974d1abba56b2f4152138e5693e487729d45ebf14f51
1057,1057__A07555.txt,524,A07555,A07555,Comus (The Masque at Ludlow Castle),"Milton, John",1637,1637,877,original DEEP row,pastoral; masque,Occasional;Nonprofessional,A07555,d8c8ca5480531bb61bc2f8e7a294937d08feba024abc67a17ec543def6358df8,,,1040,41934,dramatic_body=1040,,body=1040,en=1040,,False,,structural,on,corpus-v3-2026-09-08,build_corpus-2026-09-08.v8,1040,a58a371b92cc47bf45cc9e81bfd2f9889321af6f5bb702acafe4e9ee8afe8892,1040,a58a371b92cc47bf45cc9e81bfd2f9889321af6f5bb702acafe4e9ee8afe8892,1040,a58a371b92cc47bf45cc9e81bfd2f9889321af6f5bb702acafe4e9ee8afe8892
1059,1059__A19346.txt,525,A19346,A19346,1 The Cid (The Valiant Cid),"Rutter, JosephCorneille, Pierre",1637,1637,878,original DEEP row,not in BritDrama,Boys Professional;Professional;Translation,A19346,50dd43893eb7781604142aac27c0b7f2c9172651270178768d16e5c1f757c7ea,,,1713,70827,dramatic_body=1713,,body=1713,en=1713,,False,,structural,on,corpus-v3-2026-09-08,build_corpus-2026-09-08.v8,1713,088be5dbfa7bbad3a749fae8934eb9bbfff61fda26cd81c062eb26fc51d52552,1713,088be5dbfa7bbad3a749fae8934eb9bbfff61fda26cd81c062eb26fc51d52552,1713,088be5dbfa7bbad3a749fae8934eb9bbfff61fda26cd81c062eb26fc51d52552
1061,1061__A04599.txt,526,A04599,A04599,Britannia Triumphans (Britain Triumphing),"Davenant, William",1637,1637,880,original DEEP row,not in BritDrama,Occasional;Nonprofessional,A04599,079723907a4fdfa50fd54bf0d0de5230e58ff3dfca70474e55a58a7eb5227616,,,440,18622,dramatic_body=362;song=78,,body=440,en=440,,False,,structural,on,corpus-v3-2026-09-08,build_corpus-2026-09-08.v8,440,a0cf499b9294b6e30be6ef9d97ca6a258165b95e4af1abccc5ae35ceac2b801a,440,a0cf499b9294b6e30be6ef9d97ca6a258165b95e4af1abccc5ae35ceac2b801a,440,a0cf499b9294b6e30be6ef9d97ca6a258165b95e4af1abccc5ae35ceac2b801a
1062,1062__A06453.txt,527,A06453,A06453,"Luminalia, or The Festival of Light","Davenant, William",1637,1637,881,original DEEP row,not in BritDrama,Occasional;Nonprofessional,A06453,54bcb7b1625fafeca6db445f951d39af2b315e012ef84affa4da9961de7b5b5e,,,191,7498,song=191,,body=191,en=191,,False,,structural,on,corpus-v3-2026-09-08,build_corpus-2026-09-08.v8,191,d1e75271b40680533bd56fc3eef4f6889b11ddf08eb8542c6e2a1e63a8afadc8,191,d1e75271b40680533bd56fc3eef4f6889b11ddf08eb8542c6e2a1e63a8afadc8,191,d1e75271b40680533bd56fc3eef4f6889b11ddf08eb8542c6e2a1e63a8afadc8
1063,1063__A03241.1.txt,528,A03241.1,A03241.19,Jupiter and Io,"Heywood, Thomas",1637,1637,5105.01,original DEEP row,classical legend or myth,Closet/Unacted;Nonprofessional,A03241,cee4c2a82bfa0edfc353b9e646e1b447ea67b7d16e390483f432533267455143,,,729,28167,dramatic_body=729,,body=729,en=729,,False,,structural,on,corpus-v3-2026-09-08,build_corpus-2026-09-08.v8,729,f43c494e34eede49b47e3fa4ad598bb9432c4e2c831542fa51f427ac9642a0d9,729,f43c494e34eede49b47e3fa4ad598bb9432c4e2c831542fa51f427ac9642a0d9,729,f43c494e34eede49b47e3fa4ad598bb9432c4e2c831542fa51f427ac9642a0d9
1064,1064__A03241.2.txt,529,A03241.2,A03241.20,Apollo and Daphne,"Heywood, Thomas",1637,1637,5105.02,original DEEP row,classical legend or myth,Closet/Unacted;Nonprofessional,A03241,cee4c2a82bfa0edfc353b9e646e1b447ea67b7d16e390483f432533267455143,,,458,18291,dramatic_body=458,,body=458,en=458,,False,,structural,on,corpus-v3-2026-09-08,build_corpus-2026-09-08.v8,458,1e10e1b160583989c54e5e8f067f8012ec52369dff046b92ef61f531fb100aaf,458,1e10e1b160583989c54e5e8f067f8012ec52369dff046b92ef61f531fb100aaf,458,1e10e1b160583989c54e5e8f067f8012ec52369dff046b92ef61f531fb100aaf
1065,1065__A03241.3.txt,530,A03241.3,A03241.21,"Amphrisa, or The Forsaken Shepherdess (Polopaea and Alope)","Heywood, Thomas",1637,1637,5105.03,original DEEP row,pastoral,Closet/Unacted;Nonprofessional,A03241,cee4c2a82bfa0edfc353b9e646e1b447ea67b7d16e390483f432533267455143,,,345,12753,dramatic_body=345,,body=345,en=345,,False,,structural,on,corpus-v3-2026-09-08,build_corpus-2026-09-08.v8,345,86cbf8bfdce3ddd1141ace90478ac30e8233ebb5d9f73ac56d9b38c5ea83084f,345,86cbf8bfdce3ddd1141ace90478ac30e8233ebb5d9f73ac56d9b38c5ea83084f,345,86cbf8bfdce3ddd1141ace90478ac30e8233ebb5d9f73ac56d9b38c5ea83084f
1066,1066__A11152.txt,531,A11152,A11152,A Shoemaker a Gentleman,"Rowley, William",1638,1638,882,original DEEP row,romance,Adult Professional;Professional,A11152,4bc8c1c88718017a1431289a5bf6f6a3bbf9632b90e12e9008e274169856d501,,,2245,108256,dramatic_body=2245,,body=2245,en=2245,A11152=1,False,,structural,on,corpus-v3-2026-09-08,build_corpus-2026-09-08.v8,2245,ad40cdc6d4a52501880f2bdfe9597c3704fdb001a17f7d3fa44ce8e74ea5a457,2245,ad40cdc6d4a52501880f2bdfe9597c3704fdb001a17f7d3fa44ce8e74ea5a457,2245,ad40cdc6d4a52501880f2bdfe9597c3704fdb001a17f7d3fa44ce8e74ea5a457
1067,1067__A01049.txt,532,A01049,A01049,The Fancies Chaste and Noble,"Ford, John",1638,1638,883,original DEEP row,comedy,Professional;Adult Professional,A01049,d704384e8400f269672bd2bdc2021cf22b1809d0ba9af3011fa71e96a0bf19eb,,,2399,100234,dramatic_body=2391;epilogue=8,,back=8;body=2391,en=2399,,True,,structural,on,corpus-v3-2026-09-08,build_corpus-2026-09-08.v8,2399,d8cca2543e64e4e779346867f597b44e7ef6b9ef5c3c5eb6457f0bb053dab699,2399,d8cca2543e64e4e779346867f597b44e7ef6b9ef5c3c5eb6457f0bb053dab699,2391,8716002f8a1b82abb6147fafbcf4a042b23304ee94ae255812730fafa999ec10
1070,1070__A08731.txt,534,A08731,A08731,The Lost Lady,"Berkeley, William",1638,1638,887,original DEEP row,not in BritDrama,Professional;Adult Professional,A08731,5433587d5601dda10bf5f49a7f814d853da3eeeed9d0eef8b9afa5581271d6c7,,,2654,112709,dramatic_body=2654,,body=2654,en=2654,,False,,structural,on,corpus-v3-2026-09-08,build_corpus-2026-09-08.v8,2654,888b81efe1fe239b825b10946c2d4294b9ee2033afe1f08f3ec1224ada41877f,2654,888b81efe1fe239b825b10946c2d4294b9ee2033afe1f08f3ec1224ada41877f,2654,888b81efe1fe239b825b10946c2d4294b9ee2033afe1f08f3ec1224ada41877f
1071,1071__A03255.txt,535,A03255,A03255,The Wise Woman of Hogsdon,"Heywood, Thomas",1638,1638,889,original DEEP row,comedy,Adult Professional;Professional,A03255,b97626b80802c2199ca6450db3bc737aaebfb3b132abb2d546c089540ba39993,,,1437,90508,dramatic_body=1437,,body=1437,en=1437,,False,,structural,on,corpus-v3-2026-09-08,build_corpus-2026-09-08.v8,1437,0a7f0cef5f9047d69507c57eb9d16ba4776fc4e4361e46f3b14e5cbe9a573441,1437,0a7f0cef5f9047d69507c57eb9d16ba4776fc4e4361e46f3b14e5cbe9a573441,1437,0a7f0cef5f9047d69507c57eb9d16ba4776fc4e4361e46f3b14e5cbe9a573441
1073,1073__A04824.txt,537,A04824,A04824,The Conspiracy (Pallantus and Eudora),"Killigrew, Henry",1638,1638,893,original DEEP row,tragedy,Adult Professional;Professional;Private,A04824,764aed3730d743f5e2e6b159c6aa840b873d1bfaee266fc4e39054f83f15761d,,,1709,166225,dramatic_body=1661;epilogue=15;prologue=33,,body=1709,en=1709,,False,,structural,on,corpus-v3-2026-09-08,build_corpus-2026-09-08.v8,1709,a5979cbe0f284f6088e1f306b78608ee3f9105ac365d5e710c33f01209d115a0,1709,a5979cbe0f284f6088e1f306b78608ee3f9105ac365d5e710c33f01209d115a0,1661,3d4076bf0e87057658ab0bf002ddd1ca5a007b7e0e1aae3e9c6dffcd1745aaa6
1075,1075__A12150.txt,538,A12150,A12150,The Royal Master,"Shirley, James",1638,1638,896,original DEEP row,not in BritDrama,Adult Professional;Professional,A12150,c079fbed7667867573b5f9e6df4bcf85ea7276c3fe5b9842270a0f9bd83646f5,,,2651,94167,dramatic_body=2615;epilogue=36,,back=36;body=2615,en=2651,,False,,structural,on,corpus-v3-2026-09-08,build_corpus-2026-09-08.v8,2651,b0f3aff071dee19af1d0c2acb474c55bc90cec2a2be3eeb3c64e58a8e4382a09,2651,b0f3aff071dee19af1d0c2acb474c55bc90cec2a2be3eeb3c64e58a8e4382a09,2615,872237d5e17dcecbd0ee6ad0dcd42fd8c9da66d4e9b8f10c5e692492cd3757c2
1076,1076__A19479.txt,539,A19479,A19479,Love's Riddle,"Cowley, Abraham",1638,1638,898,original DEEP row,pastoral,Nonprofessional;Boys Nonprofessional/School;Closet/Unacted,A19479,dc43b732ed7c6f3c6df1d48f1c2c8cfd060b4cde8573124e5b6a6cc1d4b81780,,,2746,108418,dramatic_body=2730;epilogue=16,,back=16;body=2730,en=2746,,False,,structural,on,corpus-v3-2026-09-08,build_corpus-2026-09-08.v8,2746,e727456aa9aa7f42adb936ae328a2c016e1f6e941071992765fcb7434d9d264d,2746,e727456aa9aa7f42adb936ae328a2c016e1f6e941071992765fcb7434d9d264d,2730,34f08705de6993a601eb11f167c2445328fb899bed9c19bcdae3cd62dae9388f
1077,1077__A07978.txt,540,A07978,A07978,Tottenham Court,"Nabbes, Thomas",1638,1638,899,original DEEP row,comedy,Adult Professional;Professional,A07978,5d853329659049b2fcfcb895c55b418d734210124639e526a3ddf4b179815c79,,,1859,92038,dramatic_body=1813;epilogue=10;prologue=28;song=8,,body=1831;front=28,en=1859,,True,,structural,on,corpus-v3-2026-09-08,build_corpus-2026-09-08.v8,1859,29bc4f9474fc6fa7e270f2729d381ba8677c8cb7a47631e110ae2a800c039b41,1859,29bc4f9474fc6fa7e270f2729d381ba8677c8cb7a47631e110ae2a800c039b41,1821,4ba2df1fde2815c88efe296ecce482d9f3afc90c6198e0a584ae28fa92b2a190
1078,1078__A13125.txt,541,A13125,A13125.1,Aglaura,"Suckling, John",1638,1638,902,original DEEP row,not in BritDrama,Adult Professional;Professional,A13125,5f5cf0d8207493b62a8e7d12325ea559c3950b941506e4f7183e14cd2d8ad4ce,,,1977,79576,dramatic_body=1901;epilogue=30;prologue=46,,back=30;body=1901;front=46,en=1977,,False,,structural,on,corpus-v3-2026-09-08,build_corpus-2026-09-08.v8,1977,9d5ef241f4d67514dee1354aa3a7fcb9fe984d71670970afae5882320625306e,1977,9d5ef241f4d67514dee1354aa3a7fcb9fe984d71670970afae5882320625306e,1901,4920c727e3ed1aad671665db0a9113bea59b795c20082993cb9c9fa13625a4dd
1082,1082__A07971.txt,542,A07971,A07971,Covent Garden,"Nabbes, Thomas",1638,1638,906,original DEEP row,comedy,Adult Professional;Professional,A07971,ecc11c755a4d7af4c7b90f0caa5026e29af97471d0d80b51331c1c6fbbe68eb3,,,1561,95887,dramatic_body=1523;epilogue=12;prologue=26,,body=1535;front=26,en=1561,,True,,structural,on,corpus-v3-2026-09-08,build_corpus-2026-09-08.v8,1561,5414187ed914f53db56a6a2139c304431078dc61f5862572a1e46c3142419a0b,1561,5414187ed914f53db56a6a2139c304431078dc61f5862572a1e46c3142419a0b,1523,4649108f73cc81e5fad73ebe84edd77ab484c5e7d8e88159ae908787a06878da
1085,1085__A04874.txt,545,A04874,A04874,The Seven Champions of Christendom,"Kirke, John",1638,1638,909,original DEEP row,romance,Adult Professional;Professional,A04874,3ac45314f63be340c14047f83ad155f0c829f60c6ffb6d529a5b99b9e8329ed5,,,2448,115819,dramatic_body=2448,,body=2448,en=2448,,False,,structural,on,corpus-v3-2026-09-08,build_corpus-2026-09-08.v8,2448,b78cdca90c2ce72f7d1ea28c9efbc4bbe7587f4b69a95165abd86627626597c3,2448,b78cdca90c2ce72f7d1ea28c9efbc4bbe7587f4b69a95165abd86627626597c3,2448,b78cdca90c2ce72f7d1ea28c9efbc4bbe7587f4b69a95165abd86627626597c3
1086,1086__A03242.txt,546,A03242,A03242,"Porta Pietatis, or The Port or Harbor of Piety","Heywood, Thomas",1638,1638,910,original DEEP row,not in BritDrama,Occasional;Nonprofessional,A03242,f2800cfd90c4e68ef67884c45880433427100e879745ff287db3be2427318f49,,,196,8817,speech=196,,body=196,en=196,,False,,structural,on,corpus-v3-2026-09-08,build_corpus-2026-09-08.v8,196,2ac3c95b613875cc6de7cb01814a301a391f08a45957e903a5e5d741ad1fdd34,196,2ac3c95b613875cc6de7cb01814a301a391f08a45957e903a5e5d741ad1fdd34,196,2ac3c95b613875cc6de7cb01814a301a391f08a45957e903a5e5d741ad1fdd34
1087,1087__A10411.1.txt,547,A10411.1,A10411.2,The Muses' Looking Glass,"Randolph, Thomas",1638,1638,5111.01,original DEEP row,moral,Boys Professional;Professional,A10411,29767074625faca9a79b35bc915859bf2a98d4b2deeb74814de86da26e6e36eb,,,2516,103569,dramatic_body=2502;epilogue=14,,back=14;body=2502,en=2516,,False,,structural,on,corpus-v3-2026-09-08,build_corpus-2026-09-08.v8,2516,16f7da48c271940a0297434e14b6eb9e9a4f61329f792dcc76e3b84938b2de38,2516,16f7da48c271940a0297434e14b6eb9e9a4f61329f792dcc76e3b84938b2de38,2502,3b890c70acd6036cd1fc271a15031c68042d08060469d4ac527bdbcf0c023ef4
1091,1091__A10411.2.txt,548,A10411.2,A10411.3,"Amyntas, or The Impossible Dowry","Randolph, Thomas",1638,1638,5111.02,original DEEP row,pastoral,Boys Professional;Professional,A10411,29767074625faca9a79b35bc915859bf2a98d4b2deeb74814de86da26e6e36eb,,,3189,111614,dramatic_body=3153;prologue=36,,body=3153;front=36,en=3189,,False,,structural,on,corpus-v3-2026-09-08,build_corpus-2026-09-08.v8,3189,ff7c25f9536344d36eb487d2c4a379c88ebe621023479a7a8f299cc348cad1b6,3189,ff7c25f9536344d36eb487d2c4a379c88ebe621023479a7a8f299cc348cad1b6,3153,4b2e7dd1abba843441da3048263be79cba23ef0665d69da431ea6b8a0f0ae7cc
1095,1095__A18427.txt,549,A18427,A18427,The Ball,"Shirley, James",1639,1639,911,original DEEP row,comedy,Adult Professional;Professional,A18427,9717618166328d7190fede26368c51d53d3c107e3b51ce62426416461b58dd28,,,2601,92185,dramatic_body=2601,,body=2601,en=2601,,False,,structural,on,corpus-v3-2026-09-08,build_corpus-2026-09-08.v8,2601,99e95c7a78a4bffc4a61f6f57a9578ca5eded82c9fe50d777fc7885149ee6934,2601,99e95c7a78a4bffc4a61f6f57a9578ca5eded82c9fe50d777fc7885149ee6934,2601,99e95c7a78a4bffc4a61f6f57a9578ca5eded82c9fe50d777fc7885149ee6934
1096,1096__B12027.txt,550,B12027,B12027,"Chabot, Admiral of France","Chapman, GeorgeShirley, James",1639,1639,912,original DEEP row,tragedy,Adult Professional;Professional,B12027,97e3fce1eae6d9079215cefaefa16075489b8b3b261acf6a14099c2ed14a3262,,,2225,102582,dramatic_body=2225,,body=2225,en=2225,,False,,structural,on,corpus-v3-2026-09-08,build_corpus-2026-09-08.v8,2225,7182de9ffe32c0514bbacc7c4b65bb43d26827f0f7883d3f743ed05f39600b4d,2225,7182de9ffe32c0514bbacc7c4b65bb43d26827f0f7883d3f743ed05f39600b4d,2225,7182de9ffe32c0514bbacc7c4b65bb43d26827f0f7883d3f743ed05f39600b4d
1099,1099__A07330.txt,553,A07330,A07330,"Cleopatra, Queen of Egypt","May, Thomas",1639,1639,913,original DEEP row,tragedy,Unknown;Nonprofessional;Professional,A07330,0b6d03b64949866f90a50ba5c079e3f3ee4cfebd44a28b76bf966a83dddcf7a0,,,2070,79466,dramatic_body=2070,,body=2070,en=2070,,False,,structural,on,corpus-v3-2026-09-08,build_corpus-2026-09-08.v8,2070,0a1aaf870ac95792363c91f7944e65e1c939d9921c3bafeb19fb6ea121acb3e4,2070,0a1aaf870ac95792363c91f7944e65e1c939d9921c3bafeb19fb6ea121acb3e4,2070,0a1aaf870ac95792363c91f7944e65e1c939d9921c3bafeb19fb6ea121acb3e4
1101,1101__A01052.txt,555,A01052,A01052,The Lady's Trial,"Ford, John",1639,1639,918,original DEEP row,not in BritDrama,Professional;Boys Professional,A01052,345c4872c9732abb54dcbe3d9859ec4da3ccf8303b37c3de36320d807be88511,,,2505,94733,dramatic_body=2475;epilogue=9;prologue=21,,body=2505,en=2505,,True,,structural,on,corpus-v3-2026-09-08,build_corpus-2026-09-08.v8,2505,3cbfd20ca941383e7dc703adc57f8277ab1bcfc6a8454c1f3a17403ebeaff650,2505,3cbfd20ca941383e7dc703adc57f8277ab1bcfc6a8454c1f3a17403ebeaff650,2475,24bec61eb4e57d93632055a20bda736d7ac1a1dd238ccf82e8b120ed518eaab2
1102,1102__A15873.txt,556,A15873,A15873,"The Sophister (Fallacy, or The Troubles of Great Hermenia)","Zouche, Richard",1639,1639,919,original DEEP row,comedy,University/Inns of Court;Nonprofessional,A15873,84fe14064e2c9758e7879b64b39fba136a537e36b42c91f115e82a33119ea37a,,,1440,87821,dramatic_body=1402;epilogue=12;prologue=26,,back=12;body=1402;front=26,en=1440,,False,,structural,on,corpus-v3-2026-09-08,build_corpus-2026-09-08.v8,1440,4d1b23189764530ebdfca77da99d65a4cb270cd49ea32596159a775cb4f12c92,1440,4d1b23189764530ebdfca77da99d65a4cb270cd49ea32596159a775cb4f12c92,1402,768fdecd70508211a65dec6ff618b77cafcf21db6bd4c254e180c365924efac8
1104,1104__B13574.txt,558,B13574,B13574,Monsieur Thomas (Father's Own Son),"Fletcher, John",1639,1639,922,original DEEP row,comedy,Adult Professional;Professional,B13574,d5a1a2918ff8d1b05578393e24a211c37bcedc3485db9022ccf1a7e81a7a203f,,,2999,108433,dramatic_body=2999,,body=2999,en=2999,,False,,structural,on,corpus-v3-2026-09-08,build_corpus-2026-09-08.v8,2999,52b9e0c64d364707d73151fcc81ac008a939dde09a801ef8e0e6c75a629b6d59,2999,52b9e0c64d364707d73151fcc81ac008a939dde09a801ef8e0e6c75a629b6d59,2999,52b9e0c64d364707d73151fcc81ac008a939dde09a801ef8e0e6c75a629b6d59
1105,1105__A07248.txt,559,A07248,A07248,The Unnatural Combat,"Massinger, Philip",1639,1639,923,original DEEP row,tragedy,Adult Professional;Professional,A07248,0939dd4a8bfc120fb8b55bc7d27ae32eaa5a601a1ecc9f1b981ac8beec4999b8,,,2626,98654,dramatic_body=2626,,body=2626,en=2626,,False,,structural,on,corpus-v3-2026-09-08,build_corpus-2026-09-08.v8,2626,2141cd7907e83aea5e43efe8d589cca00f7c5e114d43f20872a3a7e715f2a7cd,2626,2141cd7907e83aea5e43efe8d589cca00f7c5e114d43f20872a3a7e715f2a7cd,2626,2141cd7907e83aea5e43efe8d589cca00f7c5e114d43f20872a3a7e715f2a7cd
1106,1106__A01253.txt,560,A01253,A01253,Imperiale,"Freeman, Ralph",1639,1639,924,original DEEP row,not in BritDrama,Closet/Unacted;Nonprofessional,A01253,25235dfa094f6e30017f733471d36751862e6f04a2b18465f444864adc8ff445,,,1959,78679,dramatic_body=1959,,body=1959,en=1959,,False,,structural,on,corpus-v3-2026-09-08,build_corpus-2026-09-08.v8,1959,0edf57c4fbfc28453e330b5bc984621e8a690fa8f0f237f57a58913e59cd7bd9,1959,0edf57c4fbfc28453e330b5bc984621e8a690fa8f0f237f57a58913e59cd7bd9,1959,0edf57c4fbfc28453e330b5bc984621e8a690fa8f0f237f57a58913e59cd7bd9
1110,1110__A19888.txt,561,A19888,A19888,A New Trick to Cheat the Devil,"Davenport, Robert",1639,1639,928,original DEEP row,comedy,Adult Professional;Professional,A19888,8bc92252e10635dde92abb661a9c89932c70acb78895b58adc40e4c079d1af45,,,2794,107479,dramatic_body=2794,,body=2794,en=2794,,False,,structural,on,corpus-v3-2026-09-08,build_corpus-2026-09-08.v8,2794,96a2c89e74d0a2418d680d182571f83e963a3ec363e684d7ded21da98a013fca,2794,96a2c89e74d0a2418d680d182571f83e963a3ec363e684d7ded21da98a013fca,2794,96a2c89e74d0a2418d680d182571f83e963a3ec363e684d7ded21da98a013fca
1111,1111__A12145.txt,562,A12145,A12145,The Maid's Revenge,"Shirley, James",1639,1639,931,original DEEP row,tragedy,Adult Professional;Professional,A12145,3cb25e0b5284569c8f6dac8bde9344592d8b7f9029c6dc807b6469572207b294,,,2125,91888,dramatic_body=2125,,body=2125,en=2125,,False,,structural,on,corpus-v3-2026-09-08,build_corpus-2026-09-08.v8,2125,3ee9ffb387565a2645ed67cb82ef1d73dc25ff86a02d6bbf39768302d1658bed,2125,3ee9ffb387565a2645ed67cb82ef1d73dc25ff86a02d6bbf39768302d1658bed,2125,3ee9ffb387565a2645ed67cb82ef1d73dc25ff86a02d6bbf39768302d1658bed
1113,1113__A01777.txt,564,A01777,A01777,Albertus Wallenstein,"Glapthorne, Henry",1639,1639,933,original DEEP row,not in BritDrama,Adult Professional;Professional,A01777,8cb9b16d61146809870a8c299ed8df7549659b2fa23e76523f09209ec414d249,,,1500,60212,dramatic_body=1500,,body=1500,en=1500,A01777=9,False,,structural,on,corpus-v3-2026-09-08,build_corpus-2026-09-08.v8,1500,f9e7d307bec3ff923e09e7ad7ad9c02a7c994266c6fa7eb93ed4f8c709dd5b25,1500,f9e7d307bec3ff923e09e7ad7ad9c02a7c994266c6fa7eb93ed4f8c709dd5b25,1500,f9e7d307bec3ff923e09e7ad7ad9c02a7c994266c6fa7eb93ed4f8c709dd5b25
1114,1114__A00958.txt,565,A00958,A00958,"The Bloody Brother (Rollo, Duke of Normandy)","Fletcher, JohnField, NathanMassinger, Philip",1639,1639,935,original DEEP row,tragedy,Adult Professional;Professional,A00958,6c17e67faf4b0db20d7ddf45d4a0c7c53e99e0416b7bbee7cd4eaccc551f76b4,,,2532,102326,dramatic_body=2520;song=12,,body=2532,en=2532,,False,,structural,on,corpus-v3-2026-09-08,build_corpus-2026-09-08.v8,2532,15b9d632d87df0566c2d0b741a4eb21da88eebd68b30a0e3877e971c631fedb5,2532,15b9d632d87df0566c2d0b741a4eb21da88eebd68b30a0e3877e971c631fedb5,2532,15b9d632d87df0566c2d0b741a4eb21da88eebd68b30a0e3877e971c631fedb5
1115,1115__A00959.txt,565,A00959,A00959,"The Bloody Brother (Rollo, Duke of Normandy)","Fletcher, JohnField, NathanMassinger, Philip",1640,1640,936,original DEEP row,tragedy,Adult Professional;Professional,A00959,036e256b7ce45a66ab7838cd2366ace8686df6cd4957478f946d25a62eb4d187,,,2633,101987,dramatic_body=2633,,body=2633,en=2633,,False,,structural,on,corpus-v3-2026-09-08,build_corpus-2026-09-08.v8,2633,53226ddc2d622fb0bbf78458726ffd4faf095b2fdf61f4eebdfd4b9b217e5938,2633,53226ddc2d622fb0bbf78458726ffd4faf095b2fdf61f4eebdfd4b9b217e5938,2633,53226ddc2d622fb0bbf78458726ffd4faf095b2fdf61f4eebdfd4b9b217e5938
1116,1116__A03233.txt,566,A03233,A03233,"Londini Status Pacatus, or London's Peaceable Estate","Heywood, Thomas",1639,1639,937,original DEEP row,not in BritDrama,Occasional;Nonprofessional,A03233,f446bd85cc150fe9ea0882d4438a36b201302fd5c37803d0b4090a8d562f810d,,,252,11229,speech=252,,body=252,en=252,,False,,structural,on,corpus-v3-2026-09-08,build_corpus-2026-09-08.v8,252,48eb21c3fff0e9d1f379e1b271b8718e0b5aef9b2f4bd69ed09489556a4b3df1,252,48eb21c3fff0e9d1f379e1b271b8718e0b5aef9b2f4bd69ed09489556a4b3df1,252,48eb21c3fff0e9d1f379e1b271b8718e0b5aef9b2f4bd69ed09489556a4b3df1
1117,1117__A19755.txt,567,A19755,A19755,The Bloody Banquet,"Dekker, ThomasMiddleton, Thomas",1639,1639,938,original DEEP row,tragedy,Boys Professional;Professional,A19755,28e55491f669b4a897c61daab13643d6d146adc54d505fe2ba4ac8b5a7ffe965,,,1775,76405,dramatic_body=1775,,body=1775,en=1775,,False,,structural,on,corpus-v3-2026-09-08,build_corpus-2026-09-08.v8,1775,01a5acf9a5c9431971bae18ac557a5cf33fca70da74d6d9a2569e04eb3149fd9,1775,01a5acf9a5c9431971bae18ac557a5cf33fca70da74d6d9a2569e04eb3149fd9,1775,01a5acf9a5c9431971bae18ac557a5cf33fca70da74d6d9a2569e04eb3149fd9
1118,1118__A07367.txt,568,A07367,A07367,The City Match,"Mayne, Jasper",1639,1639,939,original DEEP row,comedy,University/Inns of Court;Nonprofessional;Adult Professional;Professional;Private,A07367,61eb31df7429d21844e4bc840b60a789d14be772dd78a533edc8b3336a869120,,,3231,106632,dramatic_body=3127;epilogue=46;prologue=44;song=14,,back=46;body=3141;front=44,en=3231,,False,,structural,on,corpus-v3-2026-09-08,build_corpus-2026-09-08.v8,3231,fcc6c257ffd14bc7fe8ce88cfd11161d7eef8ca65e14384232deaadf1a272e9c,3231,fcc6c257ffd14bc7fe8ce88cfd11161d7eef8ca65e14384232deaadf1a272e9c,3141,1fbf7fc36d186714e6060cd992fcce542a9c7d9ebfdc324bdee5f6eff880bab7
1120,1120__A06402.txt,569,A06402,A06402,The Phoenix in Her Flames,"Lower, William",1639,1639,941,original DEEP row,not in BritDrama,Professional;Closet/Unacted,A06402,35388eea386923bae83795f761d278551c7685bd9cb30b5dc70aff9cf2c7ad2e,,,2834,123933,dramatic_body=2802;epilogue=14;prologue=18,,body=2816;front=18,en=2834,,False,,structural,on,corpus-v3-2026-09-08,build_corpus-2026-09-08.v8,2834,d75e476f31cbda78f47b1038cd6f77d2180b293d636f38e39c5322e8020ce83b,2834,d75e476f31cbda78f47b1038cd6f77d2180b293d636f38e39c5322e8020ce83b,2802,f1b28bd1b21ca19c7e9bf64701543a6878e7631cc16b90d1b03571d667510faf
1121,1121__A18083.txt,570,A18083,A18083,The Royal Slave,"Cartwright, William",1639,1639,942,original DEEP row,tragicomedy,University/Inns of Court;Nonprofessional;Adult Professional;Professional,A18083,0fafcf7994f60f32296aed43f6fad8e227c41fa1a7abce2ea64a9130a69eeb59,,,1725,75821,dramatic_body=1582;epilogue=70;prologue=73,,back=70;body=1582;front=73,en=1725,,False,,structural,on,corpus-v3-2026-09-08,build_corpus-2026-09-08.v8,1725,60711f9050d6835c68e4759b2f92c8ba6fcbdedf6b4a5e7f29922badf01908b6,1725,60711f9050d6835c68e4759b2f92c8ba6fcbdedf6b4a5e7f29922badf01908b6,1582,2158218570e96f6cad5acd1a20cafca0c86a8dd5823b7e306bf9e2a259e7c905
1124,1124__A19880.txt,571,A19880,A19880,Salmacida Spolia,"Davenant, William",1639,1639,944,original DEEP row,not in BritDrama,Occasional;Nonprofessional,A19880,e13be3a0ee151add2fc15c70f7ab7274def19dd63a3ce88115de67368b7b0b30,,,157,7102,dramatic_body=156;speech=1,,body=157,en=157,,False,,structural,on,corpus-v3-2026-09-08,build_corpus-2026-09-08.v8,157,ea6cb99ceae5913b461bd646859d418b04ee3f85660a26ff459a281ebbf8041b,157,ea6cb99ceae5913b461bd646859d418b04ee3f85660a26ff459a281ebbf8041b,157,ea6cb99ceae5913b461bd646859d418b04ee3f85660a26ff459a281ebbf8041b
1125,1125__A12133.txt,572,A12133,A12133,The Coronation,"Shirley, James",1640,1640,945,original DEEP row,tragicomedy,Adult Professional;Professional,A12133,5401347753eb5bbce7656cc7f4a3aa240bf1c86b878dfd7da7d128e7609de074,,,2513,88282,dramatic_body=2455;epilogue=14;prologue=44,,body=2469;front=44,en=2513,,False,,structural,on,corpus-v3-2026-09-08,build_corpus-2026-09-08.v8,2513,344f2c15333bd95686ea4ecc2800751cef3c7feb555f07989d4cda9034710bd0,2513,344f2c15333bd95686ea4ecc2800751cef3c7feb555f07989d4cda9034710bd0,2455,c6e25fadf657006b903252659451af5f06dd22d3f101623e20a52f4261753eda
1126,1126__A12143.txt,573,A12143,A12143,Love's Cruelty,"Shirley, James",1640,1640,946,original DEEP row,tragedy,Adult Professional;Professional,A12143,9ea1c1ec027a8f4d6ca119f4197a876171b461bb1e9774b09cb58e233339a7f9,,,1971,85585,dramatic_body=1971,,body=1971,en=1971,,False,,structural,on,corpus-v3-2026-09-08,build_corpus-2026-09-08.v8,1971,89a0037b9743e3f5c4ec80c93c2251dc4c6c66490f886cf0fd862dd3aa289da1,1971,89a0037b9743e3f5c4ec80c93c2251dc4c6c66490f886cf0fd862dd3aa289da1,1971,89a0037b9743e3f5c4ec80c93c2251dc4c6c66490f886cf0fd862dd3aa289da1
1127,1127__A00966.txt,574,A00966,A00966,"The Night Walker, or The Little Thief","Fletcher, JohnShirley, James",1640,1640,947,original DEEP row,comedy,Adult Professional;Professional,A00966,e6a5ffb5bc8d1f0dd601a1065ee4fea92d65ba5795df9fb262b02b9f2c10bb47,,,2668,103425,dramatic_body=2668,,body=2668,en=2668,,False,,structural,on,corpus-v3-2026-09-08,build_corpus-2026-09-08.v8,2668,f1a3a7e492b07c3af4548b01b196516d13deb95086276bc5a75a74d6a5a7d086,2668,f1a3a7e492b07c3af4548b01b196516d13deb95086276bc5a75a74d6a5a7d086,2668,f1a3a7e492b07c3af4548b01b196516d13deb95086276bc5a75a74d6a5a7d086
1128,1128__A12148.txt,575,A12148,A12148,The Opportunity,"Shirley, James",1640,1640,950,original DEEP row,comedy,Adult Professional;Professional,A12148,f42380f78f14a44143f1b5badaef3f6aeac888b6e275ecb05b594218d8a6fb50,,,2522,95459,dramatic_body=2522,,body=2522,en=2522,,False,,structural,on,corpus-v3-2026-09-08,build_corpus-2026-09-08.v8,2522,be8cc7e11a635a4af15087bff39daf8039b88cf9085c1278b92914a34585443d,2522,be8cc7e11a635a4af15087bff39daf8039b88cf9085c1278b92914a34585443d,2522,be8cc7e11a635a4af15087bff39daf8039b88cf9085c1278b92914a34585443d
1129,1129__A07970.txt,576,A07970,A07970,The Bride,"Nabbes, Thomas",1640,1640,951,original DEEP row,not in BritDrama,Boys Professional;Professional,A07970,eed4549c8e6fd3d5fbe3d77e244ee0b8fa90a3c99dcff7a0be2dd2e11199a572,,,1837,83384,dramatic_body=1807;epilogue=8;prologue=22,,back=8;body=1807;front=22,en=1837,,True,,structural,on,corpus-v3-2026-09-08,build_corpus-2026-09-08.v8,1837,46258562f1b04b7c08855f1b96f8d57b5e4c170fea820e04c9657238f17a1a31,1837,46258562f1b04b7c08855f1b96f8d57b5e4c170fea820e04c9657238f17a1a31,1807,ee43316249d16d68d1ef553933d1ae7a9dbde1bcfbb3ed114d81476fc6752286
1130,1130__A12141.txt,577,A12141,A12141,The Humorous Courtier (The Duke),"Shirley, James",1640,1640,952,original DEEP row,comedy,Adult Professional;Professional,A12141,9eee876af8e63767813348bd52b7b0c4da01d567cfee5ffead701d70f308d285,,,2387,86570,dramatic_body=2387,,body=2387,en=2387,,False,,structural,on,corpus-v3-2026-09-08,build_corpus-2026-09-08.v8,2387,4b0b02c235f16ba7f68190592d38fc4109f0bbe302ef5e78150aabfd4bb25c00,2387,4b0b02c235f16ba7f68190592d38fc4109f0bbe302ef5e78150aabfd4bb25c00,2387,4b0b02c235f16ba7f68190592d38fc4109f0bbe302ef5e78150aabfd4bb25c00
1131,1131__A68655.txt,578,A68655,A68655,"Messalina, the Roman Empress","Richards, Nathaniel",1640,1640,953,original DEEP row,tragedy,Adult Professional;Professional,A68655,a9210e980008441ea42a492d5a4730c1aa105ba22f2f2732cd92b1cc7078747c,,,2233,88536,dramatic_body=2199;epilogue=8;prologue=26,,back=8;body=2199;front=26,en=2233,,False,,structural,on,corpus-v3-2026-09-08,build_corpus-2026-09-08.v8,2233,4a13eb32d5df4976701b8c5e1188e97cf7a82fb9694371263e4508f436d97576,2233,4a13eb32d5df4976701b8c5e1188e97cf7a82fb9694371263e4508f436d97576,2199,734d445dde0b57515d6147f7cbf02ce3446469b6b99de690f2592ea07d35aa9d
1133,1133__A19750.txt,580,A19750,A19750,"The Knave in Grain, New Vamped","D., J.",1640,1640,962,original DEEP row,comedy,Adult Professional;Professional,A19750,9cf455c3badc777b5a0d1c7075e60a20048a847caec60aed8b5874220a7c7e60,,,1895,121880,dramatic_body=1895,,body=1895,en=1895,,False,,structural,on,corpus-v3-2026-09-08,build_corpus-2026-09-08.v8,1895,dd8d077a9d7defdb00182c1ceed44106b59cd3915d70ad66c6a239be5095cedd,1895,dd8d077a9d7defdb00182c1ceed44106b59cd3915d70ad66c6a239be5095cedd,1895,dd8d077a9d7defdb00182c1ceed44106b59cd3915d70ad66c6a239be5095cedd
1134,1134__A07979.txt,581,A07979,A07979,The Unfortunate Mother,"Nabbes, Thomas",1640,1640,963,original DEEP row,not in BritDrama,Closet/Unacted;Professional,A07979,4887aedfbb9f00df5d902a4579dbefe68bb7bd1450ba7007d3da734f51d5f1ad,,,2073,72111,dramatic_body=2073,,body=2073,en=2073,,True,,structural,on,corpus-v3-2026-09-08,build_corpus-2026-09-08.v8,2073,d1b8041d06f2138b607c2f1c84c7ff905f4c77681bcd9f460517345fc2419716,2073,d1b8041d06f2138b607c2f1c84c7ff905f4c77681bcd9f460517345fc2419716,2073,d1b8041d06f2138b607c2f1c84c7ff905f4c77681bcd9f460517345fc2419716
1135,1135__A10495.txt,582,A10495,A10495,The Rebellion,"Rawlins, Thomas",1640,1640,964,original DEEP row,tragedy,Adult Professional;Professional,A10495,7b4f45017d06e76db1cda6cfc3abb955498b3e8f88455087aeb1499ed8de21dc,,,2108,85888,dramatic_body=2108,,body=2108,en=2108,A10495=1,False,,structural,on,corpus-v3-2026-09-08,build_corpus-2026-09-08.v8,2108,7213c50e411d62e08027fcaa7cf7a1827959059250326b27f01c9f228ff0201a,2108,7213c50e411d62e08027fcaa7cf7a1827959059250326b27f01c9f228ff0201a,2108,7213c50e411d62e08027fcaa7cf7a1827959059250326b27f01c9f228ff0201a
1136,1136__A12149.txt,583,A12149,A12149,The Arcadia,"Shirley, James",1640,1640,966,original DEEP row,pastoral; romance,Adult Professional;Professional,A12149,e9e777c104e7d7a192cf7daddcca0de67a104715d57764c857e9501456800548,,,2063,91901,dramatic_body=2063,,body=2063,en=2063,,False,,structural,on,corpus-v3-2026-09-08,build_corpus-2026-09-08.v8,2063,c7ad2592b29d2edcb1746e851d46865a4e266e348f4460e00148b8de29628908,2063,c7ad2592b29d2edcb1746e851d46865a4e266e348f4460e00148b8de29628908,2063,c7ad2592b29d2edcb1746e851d46865a4e266e348f4460e00148b8de29628908
1137,1137__A01989.txt,584,A01989,A01989,The Strange Discovery,"Gough, J.",1640,1640,967,original DEEP row,romance,Closet/Unacted;Nonprofessional,A01989,aeb76d65ca19cda82ba09b2f7b62480d2ed7f6b29192b631a6ab0c63f8477f24,,,2739,118687,dramatic_body=2706;prologue=21;song=12,,body=2739,en=2739,,False,,structural,on,corpus-v3-2026-09-08,build_corpus-2026-09-08.v8,2739,a9be342c0fde0f13828d00bc04b128f66b71f36719699d1d20c7ff929f9e294f,2739,a9be342c0fde0f13828d00bc04b128f66b71f36719699d1d20c7ff929f9e294f,2718,af85db70ebf7540c145c373b3d54f08fbd91858ce7addb5379a5dd317c142afd
1139,1139__A72473.11.txt,585,A72473.11,A72473.2.1.7,The Gypsies Metamorphosed,"Jonson, Ben",1641,1641,5124.07,original DEEP row,masque,Occasional;Nonprofessional,A72473,36e65b7aa2a2551e3dc4dcf841030efdbfc576b59ba3869ed1a0b3b9e307ca33,,,1218,46598,dramatic_body=929;epilogue=20;prologue=19;song=224;speech=26,,body=1218,en=1218,,False,,structural,on,corpus-v3-2026-09-08,build_corpus-2026-09-08.v8,1218,7e602622aba1a56aea90a96bff8604537746f5384e50610975cdb07b4227e883,1218,7e602622aba1a56aea90a96bff8604537746f5384e50610975cdb07b4227e883,1179,3031ebf0f9ef2209a65e8d4cb78f1a473e4ace0a1552448fa4d33b9eed6eed4d
1140,1140__A16923.txt,586,A16923,A16923,The Antipodes,"Brome, Richard",1640,1640,969,original DEEP row,not in BritDrama,Adult Professional;Professional,A16923,dc6d3a32a2c9f5c937286fdf96ba907f0abc4944d1d8e8b52ab21a9e8adc47e4,,,3081,118186,dramatic_body=3041;epilogue=10;prologue=30,,back=10;body=3041;front=30,en=3081,,False,,structural,on,corpus-v3-2026-09-08,build_corpus-2026-09-08.v8,3081,08d44921f811fcaae4021223293b0be4d3ff6b25e4ab47e27ce330d6712bc091,3081,08d44921f811fcaae4021223293b0be4d3ff6b25e4ab47e27ce330d6712bc091,3041,a9a34d7daa4bdc6a7a2db936a8b4a837fe61caaacb41bbd25dafa2f81cd99685
1144,1144__A01775.txt,590,A01775,A01775,The Ladies' Privilege (The Lady's Privilege),"Glapthorne, Henry",1640,1640,976,original DEEP row,not in BritDrama,Boys Professional;Professional,A01775,45daa2e9bacb3f6be32ece2ecb22b3a79624fd8612d7330326d54d4fe4d3241d,,,2164,86211,dramatic_body=2125;epilogue=9;prologue=30,,body=2134;front=30,en=2164,,False,,structural,on,corpus-v3-2026-09-08,build_corpus-2026-09-08.v8,2164,18991dea1f43f967daa0526152a76ea72c4aef7d45c915e85478c21875864fd2,2164,18991dea1f43f967daa0526152a76ea72c4aef7d45c915e85478c21875864fd2,2125,26aa3fc5a8931719cea41e4324edaf7897dceeefc2c8207948dd58e545fb5231
1145,1145__A01779.txt,591,A01779,A01779,Wit in a Constable,"Glapthorne, Henry",1640,1640,977,original DEEP row,not in BritDrama,Boys Professional;Professional,A01779,08b7772759b5fe6b3567304cb4713586be45b116593445c32c5817e2c21e7fe5,,,2178,84960,dramatic_body=2106;epilogue=16;prologue=26;song=30,,body=2136;front=42,en=2178,,False,,structural,on,corpus-v3-2026-09-08,build_corpus-2026-09-08.v8,2178,de348c3bae7d17d75709c29bab715bb669f511b21fdb735db032e8af06967c92,2178,de348c3bae7d17d75709c29bab715bb669f511b21fdb735db032e8af06967c92,2136,9f9f25367e6a84f9157d0b4ffdf8c7301e72f010a47835ee157b0fe8cbcdfcea
1146,1146__A12130.txt,592,A12130,A12130,The Constant Maid (Love Will Find Out the Way),"Shirley, James",1640,1640,978,original DEEP row,not in BritDrama,Adult Professional;Professional,A12130,0a28014c6efb97f87abfed8317ecf8e0d7d759d93fe3069f0e0d347aaa29d4b4,,,2281,83592,dramatic_body=2281,,body=2281,en=2281,,True,,structural,on,corpus-v3-2026-09-08,build_corpus-2026-09-08.v8,2281,296bd4f5bcdfe4cfa16abbc3fb05f693e9fa46c5b4729d91255ec1cd7fda1533,2281,296bd4f5bcdfe4cfa16abbc3fb05f693e9fa46c5b4729d91255ec1cd7fda1533,2281,296bd4f5bcdfe4cfa16abbc3fb05f693e9fa46c5b4729d91255ec1cd7fda1533
1147,1147__A12151.txt,593,A12151,A12151,1 Saint Patrick for Ireland,"Shirley, James",1640,1640,979,original DEEP row,not in BritDrama,Adult Professional;Professional,A12151,12e48f58c37d0f8cf82fbea5d59cf531bba5108b49a3017c152c2c02304aa6dc,,,2156,89044,dramatic_body=2116;epilogue=12;prologue=28,,body=2128;front=28,en=2156,,True,,structural,on,corpus-v3-2026-09-08,build_corpus-2026-09-08.v8,2156,99ff4675e0d67729b330fd1db40e7563aac20a5ab65b9f1e234d6f4e2ad80bb0,2156,99ff4675e0d67729b330fd1db40e7563aac20a5ab65b9f1e234d6f4e2ad80bb0,2116,73a4b740b263c94a1166074c9b265fb023fe0ed094ecb0a8c19684812cad7c36
1148,1148__A01773.txt,594,A01773,A01773,The Hollander (Love's Trial),"Glapthorne, Henry",1640,1640,980,original DEEP row,comedy,Boys Professional;Professional,A01773,5137f8aff84ffc84a77523530b30e7b61a94fb5350e0b7ce42536cd7e282893b,,,1690,108343,dramatic_body=1690,,body=1690,en=1690,,False,,structural,on,corpus-v3-2026-09-08,build_corpus-2026-09-08.v8,1690,de8e3d87b15e3c1b6dd91b807138ecf20ea91a5ed9dcf57470be1fe4db71ec62,1690,de8e3d87b15e3c1b6dd91b807138ecf20ea91a5ed9dcf57470be1fe4db71ec62,1690,de8e3d87b15e3c1b6dd91b807138ecf20ea91a5ed9dcf57470be1fe4db71ec62
1150,1150__A19347.txt,596,A19347,A19347,2 The Cid,"Rutter, JosephDesfontaines, Nicolas-Marc",1640,1640,983,original DEEP row,not in BritDrama,Nonprofessional;Professional;Closet/Unacted,A19347,fa9ea1a6c46d0be0a1a815f63e42b99850e3fc6cd3c307a64691b33ab5235281,,,1513,60859,dramatic_body=1513,,body=1513,en=1513,,False,,structural,on,corpus-v3-2026-09-08,build_corpus-2026-09-08.v8,1513,e55c5c4b1a6308ffad2ce2c2ee39ada9c3a3ada85f68ddaa9ced2eb2a8fca289,1513,e55c5c4b1a6308ffad2ce2c2ee39ada9c3a3ada85f68ddaa9ced2eb2a8fca289,1513,e55c5c4b1a6308ffad2ce2c2ee39ada9c3a3ada85f68ddaa9ced2eb2a8fca289
1152,1152__A00967.txt,598,A00967,A00967,Rule a Wife and Have a Wife,"Fletcher, John",1640,1640,985,original DEEP row,comedy,Adult Professional;Professional,A00967,2d9d8cf04abe441281f609605c76b86bef05e342212892d9cf8aee52dae0336a,,,2450,94917,dramatic_body=2416;epilogue=9;prologue=25,,back=9;body=2416;front=25,en=2450,,False,,structural,on,corpus-v3-2026-09-08,build_corpus-2026-09-08.v8,2450,c4e7be23ce79037ce3ee5b3330893e1d1debaee685afe4dd1c84814b16828e65,2450,c4e7be23ce79037ce3ee5b3330893e1d1debaee685afe4dd1c84814b16828e65,2416,6c2d1a7e87ca5ea8e3a8d6ae0fd0c2b8ee111f6cdb7ebfb2b2d138ff3a2d8b75
1153,1153__A02629.txt,599,A02629,A02629,"Sicily and Naples, or The Fatal Union","Harding, Samuel",1640,1640,986,original DEEP row,not in BritDrama,University/Inns of Court;Closet/Unacted;Nonprofessional,A02629,383ece88055b1b766cc2bf4c77b4c3d26e696d5260a7596580f7bf8ba3a087c0,,,2458,105062,dramatic_body=2444;epilogue=14,,body=2458,en=2458,,False,,structural,on,corpus-v3-2026-09-08,build_corpus-2026-09-08.v8,2458,c116ca180dad0610bee0b3cb18dd6a659d983cf1a05d4eb51aa1e518757456e1,2458,c116ca180dad0610bee0b3cb18dd6a659d983cf1a05d4eb51aa1e518757456e1,2444,90002a296e28cd6a62d969087a039fc3624254173593879851f5b121c121f597
1154,1154__A13393.1.txt,600,A13393.1,A13393.2,Love Crowns the End,"Tatham, John",1640,1640,5130.01,original DEEP row,pastoral,Boys Nonprofessional/School;Nonprofessional,A13393,dd25012b83e5f09e06e6d7205f690d8e5e52468f5d4c76e5975d9b26594640aa,,,596,24406,dramatic_body=568;prologue=14;song=14,,body=596,en=596,,False,,structural,on,corpus-v3-2026-09-08,build_corpus-2026-09-08.v8,596,b4327ad3bf3d9ac1defe080ac53f0e0d71ba5be33b16467354592a811cf8ed4e,596,b4327ad3bf3d9ac1defe080ac53f0e0d71ba5be33b16467354592a811cf8ed4e,582,6c3311438a1b0a09e0f65b9aebd0d00296e047a5899a33b9e5def7b9076445d8
1162,1162__A72473.5.txt,606,A72473.5,A72473.2.1.1,Christmas His Masque (Christmas His Show),"Jonson, Ben",1641,1641,5124.01,original DEEP row,masque,Occasional;Nonprofessional,A72473,36e65b7aa2a2551e3dc4dcf841030efdbfc576b59ba3869ed1a0b3b9e307ca33,,,159,9994,dramatic_body=135;epilogue=24,,body=159,en=159,,False,,structural,on,corpus-v3-2026-09-08,build_corpus-2026-09-08.v8,159,efba80aa18f706288ef4a7aa28a2c67ce942f9c662847d5d453c0c480afe2586,159,efba80aa18f706288ef4a7aa28a2c67ce942f9c662847d5d453c0c480afe2586,135,c94455d4da697d4520a0fc4b3038b4ce8086e2a97dae268895e203ce1e37c4c1
1163,1163__A72473.7.txt,607,A72473.7,A72473.2.1.3,The Vision of Delight,"Jonson, Ben",1641,1641,5124.03,original DEEP row,masque,Occasional;Nonprofessional,A72473,36e65b7aa2a2551e3dc4dcf841030efdbfc576b59ba3869ed1a0b3b9e307ca33,,,210,8977,dramatic_body=95;song=115,,body=210,en=210,,False,,structural,on,corpus-v3-2026-09-08,build_corpus-2026-09-08.v8,210,387486e27a0a9ef8e5a318d3169fd7bad9123b813827a59d5192e435b0d2cc27,210,387486e27a0a9ef8e5a318d3169fd7bad9123b813827a59d5192e435b0d2cc27,210,387486e27a0a9ef8e5a318d3169fd7bad9123b813827a59d5192e435b0d2cc27
1164,1164__A72473.8.txt,608,A72473.8,A72473.2.1.4,Pleasure Reconciled to Virtue,"Jonson, Ben",1641,1641,5124.04,original DEEP row,masque,Occasional;Nonprofessional,A72473,36e65b7aa2a2551e3dc4dcf841030efdbfc576b59ba3869ed1a0b3b9e307ca33,,,247,11725,dramatic_body=103;song=144,,body=247,en=247,,False,,structural,on,corpus-v3-2026-09-08,build_corpus-2026-09-08.v8,247,fbc9368e3bfb8e26ad896f6db1cf9a7c98d8844b54e6308de27a33d00c2cf646,247,fbc9368e3bfb8e26ad896f6db1cf9a7c98d8844b54e6308de27a33d00c2cf646,247,fbc9368e3bfb8e26ad896f6db1cf9a7c98d8844b54e6308de27a33d00c2cf646
1165,1165__A72473.9.txt,609,A72473.9,A72473.2.1.5,For the Honor of Wales,"Jonson, Ben",1641,1641,5124.05,original DEEP row,masque,Occasional;Nonprofessional,A72473,36e65b7aa2a2551e3dc4dcf841030efdbfc576b59ba3869ed1a0b3b9e307ca33,,,185,17350,dramatic_body=94;song=91,,body=185,en=185,,False,,structural,on,corpus-v3-2026-09-08,build_corpus-2026-09-08.v8,185,55daac19069c80b87cb97d577da5a348440ff5d30585d2b38921388899c4da80,185,55daac19069c80b87cb97d577da5a348440ff5d30585d2b38921388899c4da80,185,55daac19069c80b87cb97d577da5a348440ff5d30585d2b38921388899c4da80
1166,1166__A72473.10.txt,610,A72473.10,A72473.2.1.6,News from the New World Discovered in the Moon,"Jonson, Ben",1641,1641,5124.06,original DEEP row,masque,Occasional;Nonprofessional,A72473,36e65b7aa2a2551e3dc4dcf841030efdbfc576b59ba3869ed1a0b3b9e307ca33,,,188,15259,dramatic_body=135;song=53,,body=188,en=188,,False,,structural,on,corpus-v3-2026-09-08,build_corpus-2026-09-08.v8,188,2fc70e979bd8cc091c4ac123dfe6bbf0d216cc712c0455bbe0726a455754f12b,188,2fc70e979bd8cc091c4ac123dfe6bbf0d216cc712c0455bbe0726a455754f12b,188,2fc70e979bd8cc091c4ac123dfe6bbf0d216cc712c0455bbe0726a455754f12b
1167,1167__A72473.15.txt,611,A72473.15,A72473.2.1.11,"Pan's Anniversary, or The Shepherds' Holiday","Jonson, Ben",1641,1641,5124.11,original DEEP row,pastoral; masque,Occasional;Nonprofessional,A72473,36e65b7aa2a2551e3dc4dcf841030efdbfc576b59ba3869ed1a0b3b9e307ca33,,,142,11118,dramatic_body=142,,body=142,en=142,,False,,structural,on,corpus-v3-2026-09-08,build_corpus-2026-09-08.v8,142,c14f00915bca40d1ba2e2168b5323069a0cbe6424779d3e5e6e230cecd21fd95,142,c14f00915bca40d1ba2e2168b5323069a0cbe6424779d3e5e6e230cecd21fd95,142,c14f00915bca40d1ba2e2168b5323069a0cbe6424779d3e5e6e230cecd21fd95
1168,1168__A72473.16.txt,612,A72473.16,A72473.2.1.12,The Masque of Owls,"Jonson, Ben",1641,1641,5124.12,original DEEP row,entertainment,Occasional;Nonprofessional,A72473,36e65b7aa2a2551e3dc4dcf841030efdbfc576b59ba3869ed1a0b3b9e307ca33,,,177,5126,dramatic_body=177,,body=177,en=177,,False,,structural,on,corpus-v3-2026-09-08,build_corpus-2026-09-08.v8,177,baf4ca3ae77f69a20d9211130506b1f5cfdb8e9324871f7d501240a6eb7cd514,177,baf4ca3ae77f69a20d9211130506b1f5cfdb8e9324871f7d501240a6eb7cd514,177,baf4ca3ae77f69a20d9211130506b1f5cfdb8e9324871f7d501240a6eb7cd514
1171,1171__A72473.22.txt,615,A72473.22,A72473.2.3,Mortimer His Fall,"Jonson, Ben",1640,1640,5124.18,original DEEP row,not in BritDrama,Closet/Unacted;Professional,A72473,36e65b7aa2a2551e3dc4dcf841030efdbfc576b59ba3869ed1a0b3b9e307ca33,,,71,2975,dramatic_body=71,,body=71,en=71,,False,,structural,on,corpus-v3-2026-09-08,build_corpus-2026-09-08.v8,71,4e4566e40b5cf38f5ed688ea16017e570b130b4b0080b4d80e2ba67b0b7b384f,71,4e4566e40b5cf38f5ed688ea16017e570b130b4b0080b4d80e2ba67b0b7b384f,71,4e4566e40b5cf38f5ed688ea16017e570b130b4b0080b4d80e2ba67b0b7b384f
1172,1172__A72473.23.txt,616,A72473.23,A72473.3.1,"The Magnetic Lady, or Humors Reconciled","Jonson, Ben",1640,1640,5124.19,original DEEP row,comedy,Adult Professional;Professional,A72473,36e65b7aa2a2551e3dc4dcf841030efdbfc576b59ba3869ed1a0b3b9e307ca33,,,2834,121171,dramatic_body=2773;epilogue=8;induction=53,,back=8;body=2826,en=2834,,False,,structural,on,corpus-v3-2026-09-08,build_corpus-2026-09-08.v8,2834,0640f4e45bbc79df416d425afcb101aa6e7b3fc03ec54360ab61680ce520b8c0,2834,0640f4e45bbc79df416d425afcb101aa6e7b3fc03ec54360ab61680ce520b8c0,2826,9b20c37e51ca6f69f4f7cb0a109b8615e1202ef3f925291e69aad87d0d1e3d3d
1173,1173__A72473.24.txt,617,A72473.24,A72473.3.2,A Tale of a Tub,"Jonson, Ben",1640,1640,5124.20,original DEEP row,comedy,Adult Professional;Professional,A72473,36e65b7aa2a2551e3dc4dcf841030efdbfc576b59ba3869ed1a0b3b9e307ca33,,,2768,113369,dramatic_body=2740;epilogue=16;prologue=12,,back=16;body=2752,en=2768,,False,,structural,on,corpus-v3-2026-09-08,build_corpus-2026-09-08.v8,2768,9fe3eac49b3ad8a51b113e2f2b49a1223238ab55dd25c16e44dc235a03cb327f,2768,9fe3eac49b3ad8a51b113e2f2b49a1223238ab55dd25c16e44dc235a03cb327f,2740,4638092c41311f8b5e467bb4e67731370de115773a4f6d347d19fdfd4ef0ed22
1174,1174__A72473.25.txt,618,A72473.25,A72473.3.3,"The Sad Shepherd, or A Tale of Robin Hood","Jonson, Ben",1641,1641,5124.21,original DEEP row,not in BritDrama,Professional;Closet/Unacted,A72473,36e65b7aa2a2551e3dc4dcf841030efdbfc576b59ba3869ed1a0b3b9e307ca33,,,1226,49433,dramatic_body=1160;prologue=66,,body=1226,en=1226,,False,,structural,on,corpus-v3-2026-09-08,build_corpus-2026-09-08.v8,1226,199bbb36736677576eaf045f93f95946c7728d9a21ff500c122d09fc9b0649c3,1226,199bbb36736677576eaf045f93f95946c7728d9a21ff500c122d09fc9b0649c3,1160,9b44600dcf2d97c9bf9132c3be7592b1705cda4bc2714e6e5a9ad5e7736bf749
1404,1404__A09214.txt,1009,A09214,A09214,Pedantius,"Forsett, Edward",1631,1631,1198,original DEEP row,comedy,Latin;University/Inns of Court;Nonprofessional,A09214,ce3774ce48757c4732ef7784f6da5e397df9eef287584a92d1a28d34ef73a64e,,,675,130117,dramatic_body=675,,body=675,la=675,,False,,structural,on,corpus-v3-2026-09-08,build_corpus-2026-09-08.v8,675,7763c6d8c002d5f9abba74a70014574a965cd0a46c6b10d08698a92cbcedcc4b,0,,0,
