unit_id,parent_unit,tcp,source_file,source_sha256,unit_node_path,unit_child_range,kind,div_type,div_n,head,trailer_text,missing_gaps,missing_extent,n_sp,n_lines,chars_in_sp,chars_outside_sp_unclassified,div_paths_present,dropped_stage,dropped_note,has_front,has_back,front_div_types,well_formed,rule_version
A00456,,A00456,A00456.xml,af00096c737946cdefbb368737847b5ef45f1a6776906a57dab18aa16fd91743,/*/*[2]/*[2],,single,,,Sing heere.,¶ The end of the ſong. || The end of the ſong.,0,,131,816,36884,0,play;song,42,1,True,False,prologue;title_page,True,extract-2026-09-08.13
A00471,,A00471,A00471.xml,ebd282118107eed760a899f4acd3b93eaa8d7fdbc552f7465f85ade3572b0671,/*/*[2]/*[2],,single,,,,,0,,210,921,33716,0,morality_play,2,0,True,True,frontispiece;title_page,True,extract-2026-09-08.13
A00723,,A00723,A00723.xml,ade0bc5e6851c3b9ac7a3c36a28c2401d995b66a85970a5bda2e1389cfa498d1,/*/*[2]/*[2],,single,,,AMENDS FOR LADIES.,FINIS.,0,,675,1681,90213,0,act,119,0,True,False,title_page,True,extract-2026-09-08.13
A00725,,A00725,A00725.xml,3fabbc71d45a413bb809e6d3b706e05014c82ad85b96a49bd9b5649989124ed9,/*/*[2]/*[2],,single,,,A Woman's a Weather-cocke.,FINIS.,0,,712,1718,80746,2087,act;scene;song,113,0,True,False,dedication;dramatis_personae;encomium;title_page;to_the_reader,True,extract-2026-09-08.13
A00760,,A00760,A00760.xml,970d8db9196d40d123d8bdc10f650ffa9bce2bada3523923e825a90887d5939f,/*/*[2]/*[2],,single,,,"Mercury, conducting the Ghosts of Brennus and Camillus, in compleate armour, and with swords drawne.",FINIS.,0,,349,2309,85864,7988,play;scene;song,158,0,True,False,dramatis_personae;title_page,True,extract-2026-09-08.13
A00958,,A00958,A00958.xml,6c17e67faf4b0db20d7ddf45d4a0c7c53e99e0416b7bbee7cd4eaccc551f76b4,/*/*[2]/*[2],,single,,,"The drinking Song, to the second Act.",Finis. || FINIS.,0,,791,2532,97326,2469,scene;song,79,1,True,False,title_page,True,extract-2026-09-08.13
A00959,,A00959,A00959.xml,036e256b7ce45a66ab7838cd2366ace8686df6cd4957478f946d25a62eb4d187,/*/*[2]/*[2],,single,,,THE TRAGOEDY OF ROLLO Duke of NORMANDY.,Finis. || FINIS.,0,,792,2633,98962,393,scene,83,0,True,False,title_page,True,extract-2026-09-08.13
A00960,,A00960,A00960.xml,cda4834c298dd831de20e79205f3d8fded99165ec0807039b3ac8f441467e065,/*/*[2]/*[2],,single,,,The Elder Brother. A Comedie.,Finis Actus primi. || FINIS.,0,,740,2631,99389,325,epilogue;scene,68,0,True,False,dramatis_personae;prologue;title_page;to_the_reader,True,extract-2026-09-08.13
A00962,,A00962,A00962.xml,244b500964c9cf76558d9b206163f2abdacf104b45af0d44f7da2f22e9daa6b0,/*/*[2]/*[2],,single,,,The faithfull Shepheardesse.,FINIS.,0,,341,2762,100674,3240,scene,109,0,True,False,dedication;encomia;title_page;to_the_reader,True,extract-2026-09-08.13
A00966,,A00966,A00966.xml,e6a5ffb5bc8d1f0dd601a1065ee4fea92d65ba5795df9fb262b02b9f2c10bb47,/*/*[2]/*[2],,single,,,"THE NIGHT-VVALKER: OR, The little Theefe.",FINIS.,0,,1045,2668,100758,0,act;scene,137,0,True,False,dedication;dramatis_personae;title_page,True,extract-2026-09-08.13
A00967,,A00967,A00967.xml,2d9d8cf04abe441281f609605c76b86bef05e342212892d9cf8aee52dae0336a,/*/*[2]/*[2],,single,,,RVLE A WIFE and have a wife.,FINIS.,0,,891,2416,91066,0,act_and_scene,122,0,True,True,prologue;title_page,True,extract-2026-09-08.13
A00968,,A00968,A00968.xml,d830e55c468010e69de4bc57b54cf650c5bdd2bce7ba862cb136efc4613281fe,/*/*[2]/*[2],,single,,,THE TRAGEDIE OF THIERRIE AND THEODORET.,FINIS.,0,,804,2474,99342,0,scene,73,0,True,False,title_page,True,extract-2026-09-08.13
A00969,,A00969,A00969.xml,9dacc606c526b1911543f75405105e8cdad02c26c6a2772048570598734243f2,/*/*[2]/*[2],,single,,,The Two Noble Kinsmen.,,0,,833,3137,115966,1621,scene,101,11,True,True,prologue;title_page,True,extract-2026-09-08.13
A00979,,A00979,A00979.xml,d0474a444590c4dab37911ae1acc18f402aacf159c68e502f7f8907148f004de,/*/*[2]/*[2],,single,,,"SICELIDES,",Finis Actus Primi. || FINIS.,0,,699,2285,97657,10991,epilogue;scene,121,1,True,False,dramatis_personae;prologue;title_page,True,extract-2026-09-08.13
A01046,,A01046,A01046.xml,fdad1e374cc2b90707332d007231e042e2600d426e16711b7bb6920dc50cdbce,/*/*[2]/*[2],,single,,,THE BROKEN HEART.,FINIS.,0,,823,2878,100301,1241,scene;song,113,5,True,False,dedication;dramatis_personae;prologue;title_page,True,extract-2026-09-08.13
A01049,,A01049,A01049.xml,d704384e8400f269672bd2bdc2021cf22b1809d0ba9af3011fa71e96a0bf19eb,/*/*[2]/*[2],,single,,,ACT. I.,FINIS.,0,,821,2391,97486,0,act,79,0,True,True,title_page,True,extract-2026-09-08.13
A01052,,A01052,A01052.xml,345c4872c9732abb54dcbe3d9859ec4da3ccf8303b37c3de36320d807be88511,/*/*[2]/*[2],,single,,,PROLOGVE.,Mr. Bird.,0,,734,2505,90202,2027,act;epilogue;prologue,73,0,True,False,dedication;dramatis_personae;title_page,True,extract-2026-09-08.13
A01055,,A01055,A01055.xml,873d8dc1359ac8f44f680397bda2c4d9fd6e6d932b94e1e1e27e7c4e673c30bc,/*/*[2]/*[2],,single,,,THE LOVERS MELANCHOLY.,Finis Actus Primi. || Finis Actus secundi. || FINIS.,1,2 pages,801,2307,96114,576,act_and_scene,105,2,True,True,dedication;dramatis_personae;encomia;encomium;prologue;title_page,True,extract-2026-09-08.13
A01056,,A01056,A01056.xml,d3509474cfb649c53b70fad5bccd53e0e6eb2d2eb8ba47a617833e26b6b55a4d,/*/*[2]/*[2],,single,,,Loues Sacrifice.,FINIS.,0,,787,2317,107067,0,act,140,0,True,False,dedication;dramatis_personae;encomium;title_page,True,extract-2026-09-08.13
A01227.1,A01227,A01227,A01227.xml,fe54a3ec900e0349e80b503ef53e31a59a27a69d8285876b4d1c84ed10c92a2c,/*/*[2]/*[2]/*[1],,body_div,part,1,Amyntas Pastorall. The first part of the Countesse of Pembrokes Yuychurch.,FINIS.,0,,221,1469,68400,14855,prologue;scene,11,0,True,True,dedication;title_page,True,extract-2026-09-08.13
A01227.2,A01227,A01227,A01227.xml,fe54a3ec900e0349e80b503ef53e31a59a27a69d8285876b4d1c84ed10c92a2c,/*/*[2]/*[2]/*[2],,body_div,part,2,Phillis Funerall. The second part of the Countesse of Pembrokes Yuychurch.,FINIS.,0,,0,1198,0,68539,day,0,1,True,True,dedication;title_page,True,extract-2026-09-08.13
A01227.3,A01227,A01227,A01227.xml,fe54a3ec900e0349e80b503ef53e31a59a27a69d8285876b4d1c84ed10c92a2c,/*/*[2]/*[2]/*[3],,body_div,poem,,"The Lamentation of Corydon, for the loue of Alexis, verse for verse out of Latine.",FINIS.,0,,0,73,0,4251,poem,0,0,True,True,dedication;title_page,True,extract-2026-09-08.13
A01227.4,A01227,A01227,A01227.xml,fe54a3ec900e0349e80b503ef53e31a59a27a69d8285876b4d1c84ed10c92a2c,/*/*[2]/*[2]/*[4],,body_div,poem,,The beginning of Heliodorus his Aethiopical History.,"Carmen amat, quisquis carmine digna gerit. || FINIS.",0,,0,235,0,13552,poem,0,0,True,True,dedication;title_page,True,extract-2026-09-08.13
A01253,,A01253,A01253.xml,25235dfa094f6e30017f733471d36751862e6f04a2b18465f444864adc8ff445,/*/*[2]/*[2],,single,,,Actus Primus.,,0,,351,1959,76721,0,scene,30,0,True,False,argument;dramatis_personae;epigraph;title_page,True,extract-2026-09-08.13
A01353,,A01353,A01353.xml,f60f4be9fab6ba7dda628fe22aed0c5e29738fec1bce4d5d4d6a9222b290b318,/*/*[2]/*[2],,single,,,"The Song,",Finis. || FINIS. || AMEN.,0,,318,1205,52902,911,song;text,57,0,True,True,prologue;title_page,True,extract-2026-09-08.13
A01424,,A01424,A01424.xml,7685bc07bf9763745ac3515d5093bbabc8ef6ca97fd46ef6113292a1eb5ae2bc,/*/*[2]/*[2],,single,,,"WINE, BEERE, and ALE, TOGETHER BY THE EARES:",FINIS.,0,,210,231,25010,282,dialogue,18,1,True,False,dramatis_personae;title_page;to_the_reader,True,extract-2026-09-08.13
A01425,,A01425,A01425.xml,927c6d9548c88b5bb63f350668127de036541c67b32313c03fd7216cba360135,/*/*[2]/*[2],,single,,,"VVINE, BEERE, ALE, and TOBACCO, Contending for Superiority.",FINIS.,0,,284,290,31393,943,dialogue,21,0,True,False,dedication;dramatis_personae;title_page,True,extract-2026-09-08.13
A01500,,A01500,A01500.xml,35388f2dbfa3393875fbe2c48621573b090e64e48265fcfea45b13b1003808cf,/*/*[2]/*[2],,single,,,CORNELIA.,Tho: Kyd.,0,,198,2058,84294,0,act,2,0,True,False,argument;dedication;dramatis_personae;title_page,True,extract-2026-09-08.13
A01502,,A01502,A01502.xml,60c969a7f55eeb12fcc1bdc9becd623fffb2ebe170afe1c3a57ddacceb0314b7,/*/*[2]/*[2],,single,,,ANTONIVS,At Rams bury. 26. of Nouember. 1590.,0,,189,2031,78450,0,act,4,0,True,True,argument;dramatis_personae;title_page,True,extract-2026-09-08.13
A01506,,A01506,A01506.xml,e4a56dd9a99cfc52b3868be34bf482d0d6d7f94bcfbb55b4c2b3a7f7c0d6f9f0,/*/*[2]/*[2],,single,,,¶The first Pageante was in Saint Stephens Parish in this manner.,"B. G. || FINIS. || B. G. || FINIS. || B. G. || FINIS. || B. G. || Finis. || B. G. || FINIS. || B. G. || FINIS. || B. G. || Finis || Goldingham. || FINIS. || B. G. and spoken by himselfe, to whome hir Maiestie saide: VVe thanke you hartily. || FINIS. || B. G. || FINIS. || Stephani Limberti Carmen. ||",1,1 page,23,604,8905,76379,account;dialogue;inscription;masque;oration;pageant;part;poem;song;speech;translation,10,2,True,False,dedication;title_page,True,extract-2026-09-08.13
A01509,,A01509,A01509.xml,9940408f70039a47403b2c8682e6775b408ea87266d7e3ca86e28273b7b9f598,/*/*[2]/*[2],,single,,,¶The Prologue.,FINIS.,0,,317,1468,71678,1420,play;prologue,55,0,True,False,title_page,True,extract-2026-09-08.13
A01513.1,A01513,A01513,A01513.xml,3a7613ab438a03ce3dfaba673a0d04e3ebd93f3080c4cc5f1edb24997330ee94,/*/*[2]/*[2]/*[1],,body_div,play,,"SVPPOSES: A Comedie written in the Italian tongue by Ariosto, and Englished by George Gascoygne of Grayes Inne Esquire, ",Finis Actus. 1. || Finis. Actus. 2. || Finis. Actus. 3. || Finis Actus. 4. || FINIS.,0,,676,711,73343,19003,prologue;scene,63,1,True,True,errata;printer_to_the_reader;table_of_contents;title_page,True,extract-2026-09-08.13
A01513.2,A01513,A01513,A01513.xml,3a7613ab438a03ce3dfaba673a0d04e3ebd93f3080c4cc5f1edb24997330ee94,/*/*[2]/*[2]/*[2],,body_div,play,,"IOCASTA: A Tragedie vvritten in Greke by Euripides, translated and digested into Acte by George Gascoygne, and Francis K","Finis Actus primi▪ || Finis Actus secundi. || Finis Actus tertij. || Finis Actus quarti. || Finis Actus quinti. || Finis Epilogi,",0,,480,2815,105340,20025,argument;epilogue;part;scene,43,0,True,True,errata;printer_to_the_reader;table_of_contents;title_page,True,extract-2026-09-08.13
A01513.3,A01513,A01513,A01513.xml,3a7613ab438a03ce3dfaba673a0d04e3ebd93f3080c4cc5f1edb24997330ee94,/*/*[2]/*[2]/*[3],,body_div,colophon,,,,0,,0,1,0,46,colophon,0,0,True,True,errata;printer_to_the_reader;table_of_contents;title_page,True,extract-2026-09-08.13
A01513.4,A01513,A01513,A01513.xml,3a7613ab438a03ce3dfaba673a0d04e3ebd93f3080c4cc5f1edb24997330ee94,/*/*[2]/*[2]/*[4],,body_div,letters,,A discourse of the aduentures passed by Master F. I.,from my Chamber this tenth of August. 1572. Youres or not his owne. G. T. || More youres than his owne. F. I. || F. I. || S H E. || HE. F.I. || Tyll then and euer. HE. F. I. || Euen HE F. I. || F. I. || F. I. || F. I. || F.I. || F. I. || SHE. || F.I. || F. I. || F.I.,0,,0,439,0,168150,letters,0,0,True,True,errata;printer_to_the_reader;table_of_contents;title_page,True,extract-2026-09-08.13
A01513.5,A01513,A01513,A01513.xml,3a7613ab438a03ce3dfaba673a0d04e3ebd93f3080c4cc5f1edb24997330ee94,/*/*[2]/*[2]/*[5],,body_div,poem,,A translation of Ariosto allegorized.,Si fortunatus infoelix.,0,,0,38,0,2097,poem,0,0,True,True,errata;printer_to_the_reader;table_of_contents;title_page,True,extract-2026-09-08.13
A01513.6,A01513,A01513,A01513.xml,3a7613ab438a03ce3dfaba673a0d04e3ebd93f3080c4cc5f1edb24997330ee94,/*/*[2]/*[2]/*[6],,body_div,poems,,Written vppon a reconciliation betwene two freendes,Si fortunatus infoelix. || Si fortunatus infoelix. || Si fortunatus infoelix. || Si fortunatus infoelix. || Si fortunatus infoelix. || Si fortunatus infoelix. || Si fortunatus infoelix. || Si fortunatus infoelix. || Si fortunatus infoelix. || Si fortunatus infoelix. || Si fortunatus infoelix. || Si ,0,,0,4316,0,202030,commentary;poem;section,0,4,True,True,errata;printer_to_the_reader;table_of_contents;title_page,True,extract-2026-09-08.13
A01513.7,A01513,A01513,A01513.xml,3a7613ab438a03ce3dfaba673a0d04e3ebd93f3080c4cc5f1edb24997330ee94,/*/*[2]/*[2]/*[7],,body_div,addendum,,"This should haue bin placed in the dolorous discourse, before the Supplication to Care in Folio. 430.",,0,,0,56,0,2421,poem,0,0,True,True,errata;printer_to_the_reader;table_of_contents;title_page,True,extract-2026-09-08.13
A01513.8,A01513,A01513,A01513.xml,3a7613ab438a03ce3dfaba673a0d04e3ebd93f3080c4cc5f1edb24997330ee94,/*/*[2]/*[2]/*[8],,body_div,poem,,The reporters conclusion vnfinished.,FINIS.,0,,0,69,0,3512,poem,0,0,True,True,errata;printer_to_the_reader;table_of_contents;title_page,True,extract-2026-09-08.13
A01514.1.1,A01514.1,A01514,A01514.xml,237e372c92eb48a2865de1228b28ffe1a7ac82c2aab0cb731d9bb2d8220c35bf,/*/*[2]/*[2]/*[1]/*[2]/*,/*/*[2]/*[2]/*[1]/*[2]/* children 35-38,work_div,poem,,"¶ A deuiſe of a Marke for the right honorable Viſcount Mountacute, written vpon this occaſion, when the ſayde L. had pre",,0,,0,376,0,21070,poem,0,26,True,False,errata;table_of_contents,True,extract-2026-09-08.13
A01514.1.0,A01514.1,A01514,A01514.xml,237e372c92eb48a2865de1228b28ffe1a7ac82c2aab0cb731d9bb2d8220c35bf,/*/*[2]/*[2]/*[1]/*[2],all except /*/*[2]/*[2]/*[1]/*[2]/* children 35-38,residual,residual,,The Reporter.,"¶ And thus an ende of theſe fiue Theames, admounting to the number of .CCLVIII. verſes, deuiſed ryding by the way, writi || Finis || Finis. || quod Dixit & Dixit.",1,2 pages,0,2832,0,132030,envoy;part;poem,0,26,True,False,errata;table_of_contents,True,extract-2026-09-08.13
A01514.2,,A01514,A01514.xml,237e372c92eb48a2865de1228b28ffe1a7ac82c2aab0cb731d9bb2d8220c35bf,/*/*[2]/*[2]/*[2]/*[2],,group_text,,,Peroratio.,"FINIS. || FINIS. || Corected, perfected, and finiſhed.",0,,0,1481,0,65583,envoy;part;poem,0,65,True,False,dedication;title_page,True,extract-2026-09-08.13
A01514.3,,A01514,A01514.xml,237e372c92eb48a2865de1228b28ffe1a7ac82c2aab0cb731d9bb2d8220c35bf,/*/*[2]/*[2]/*[3]/*[2],,group_text,,,Suppoſes.,Finis Actus. 1. || Finis Actus. 2. || Finis Actus. 3. || Finis Actus. 4. || FINIS.,0,,675,708,76926,14003,scene,64,31,True,False,dramatis_personae;note;prologue;table_of_contents,True,extract-2026-09-08.13
A01514.4,,A01514,A01514.xml,237e372c92eb48a2865de1228b28ffe1a7ac82c2aab0cb731d9bb2d8220c35bf,/*/*[2]/*[2]/*[4]/*[2],,group_text,,,The firſt Acte.,Finis Actus primi. || Finis Actus ſecundi. || Finis Actus tertij. || Finis Actus. 4. || Finis Actus quarti. || Finis Actus quinti. || Finis Epilogi.,0,,475,4163,96379,90541,act;epilogue;note;poem;scene;stage_directions,49,69,True,False,argument;dramatis_personae;stage_directions,True,extract-2026-09-08.13
A01514.5,,A01514,A01514.xml,237e372c92eb48a2865de1228b28ffe1a7ac82c2aab0cb731d9bb2d8220c35bf,/*/*[2]/*[2]/*[5]/*[2],,group_text,,,"¶ The fruite of Fetters: vvith the complaint of the greene Knight, and his Farewell to Fanſie.",FINIS. || More youres than his owne. F. I. || F. I. || Colei: in engliſh: SHE. || HE. F.I. || Till then and euer. HE. F.I. || Euen HE F.I. || F. I. || F. I. || F. I. || F. I. || F. I. || Ferdinando Ieronimy. || Ferdinando. Ieronimy. || Ferdinando. Ieronimy. || Ferdinando. Ieronimy. || Ferdinando Ier,0,,0,1326,0,219234,epilogue;fable;instructions;poem,0,5,True,False,table_of_contents,True,extract-2026-09-08.13
A01773,,A01773,A01773.xml,5137f8aff84ffc84a77523530b30e7b61a94fb5350e0b7ce42536cd7e282893b,/*/*[2]/*[2],,single,,,The Hollander.,Explicit Actus primus. || Explicit Actus secund • s. || Explicit Actus tertius. || Explicit Actus quartus. || FINIS.,0,,673,1690,106654,0,act_and_scene,85,0,True,False,dedication;dramatis_personae;title_page,True,extract-2026-09-08.13
A01775,,A01775,A01775.xml,45daa2e9bacb3f6be32ece2ecb22b3a79624fd8612d7330326d54d4fe4d3241d,/*/*[2]/*[2],,single,,,The Ladies Priviledge.,The end of the fourth Act. || FINIS.,0,,346,2134,82040,716,act;act_and_scene;epilogue,62,0,True,False,dedication;dramatis_personae;prologue;title_page,True,extract-2026-09-08.13
A01777,,A01777,A01777.xml,8cb9b16d61146809870a8c299ed8df7549659b2fa23e76523f09209ec414d249,/*/*[2]/*[2],,single,,,Actus primus:,Explicit Actus primus. || Explicit Actus quartus. || FINIS.,9,2+ pages;2+ pages;1+ pages;1+ pages;2+ pages;1+ pages;1+ pages;2+ pages;2+ pages,231,1500,58713,0,scene,36,0,True,False,dedication;dramatis_personae;poem;title_page,True,extract-2026-09-08.13
A01779,,A01779,A01779.xml,08b7772759b5fe6b3567304cb4713586be45b116593445c32c5817e2c21e7fe5,/*/*[2]/*[2],,single,,,VVit in a Constable.,Explicit Actus primus. || Explicit Actus Secundus. || Explicit Actus terpius. || Explicit Actus Quartus. || FINIS.,0,,510,2136,80025,990,act;song,74,0,True,False,dedication;dramatis_personae;epilogue;prologue;title_page,True,extract-2026-09-08.13
A01836,,A01836,A01836.xml,83654a1299c2c11f46f9d1d61e2673f6387c3c3987d6aeb77cde91402edd4291,/*/*[2]/*[2],,single,,,"THE COVRAGIOVS TVRKF, OR, AMVRATH the first.",FINIS.,0,,228,1848,76794,322,scene;song,90,4,True,False,argument;dedication;dramatis_personae;prologue;title_page;to_the_author,True,extract-2026-09-08.13
A01839,,A01839,A01839.xml,81acbfbdd111787c02eaa1a307c72e19210953dcd34f9586a5899d262ddba859,/*/*[2]/*[2],,single,,,"THE RAGING TVRKE, Or the Tragedie of BAIAZET, the second of that name.",FINIS.,0,,655,3555,139216,0,scene,280,0,True,False,dedication;dramatis_personae;title_page,True,extract-2026-09-08.13
A01840,,A01840,A01840.xml,0bf0393fc572c1d42005a0929950969630ac31bb4e7f0c45a0214a2f824435fc,/*/*[2]/*[2],,single,,,The names of the Actors.,THE END.,1,2+ pages,421,2339,94768,3050,scene,121,0,True,False,prologue;title_page,True,extract-2026-09-08.13
A01848,,A01848,A01848.xml,f6567ebd7ace4748b31176e2a364428aa3084090d8567c60c70dd8b489b75dd4,/*/*[2]/*[2],,single,,,The seconde dayes sport.,Thine to command in all courteous manner. HENRIE GOLDVVIL.,0,,0,60,0,43271,conclusion;part,0,29,True,False,dedication;title_page,True,extract-2026-09-08.13
A01851.1,,A01851,A01851.xml,d26cae9e436747c5acd80510c909ef58bce5cd67f403f25fac68502ca734f3a6,/*/*[2]/*/*[1]/*[2],,group_text,,,An Elegy upon the death of Mris. ANNE KING.,,0,,0,460,0,17606,poem,0,0,True,False,bookseller_to_the_reader;title_page,True,extract-2026-09-08.13
A01851.2,,A01851,A01851.xml,d26cae9e436747c5acd80510c909ef58bce5cd67f403f25fac68502ca734f3a6,/*/*[2]/*/*[2]/*[2],,group_text,,,The Prologue.,Triulcio. || FINIS.,0,,268,2191,80966,4164,epilogue;poem;prologue;scene,82,0,True,False,argument;dedication;dramatis_personae;explanation_of_frontispiece;frontispiece;title_page,True,extract-2026-09-08.13
A01851.3,,A01851,A01851.xml,d26cae9e436747c5acd80510c909ef58bce5cd67f403f25fac68502ca734f3a6,/*/*[2]/*/*[3]/*[2],,group_text,,,THE LEVITES REVENGE.,FINIS. || FINIS. || R. GOMERSALL. || FINIS.,0,,0,3082,0,128217,canto;epitaph;poem;to_the_reader,0,0,True,False,dedication;encomium;epitaph;explanation_of_frontispiece;frontispiece;poem;title_page;to_the_reader,True,extract-2026-09-08.13
A01853,,A01853,A01853.xml,ac5681ba19763fe920947b04ea1a479e7ba46b3abc1c903b132a40a1663caee3,/*/*[2]/*[2],,single,,,The names of the Actors.,,0,,263,2125,78430,4405,epilogue;letter;prologue_to_drama;scene;song,76,0,True,True,argument;dedication;frontispiece;title_page,True,extract-2026-09-08.13
A01911,,A01911,A01911.xml,1c99aab67940fb5bcdcae44d7ec10aa29ae187bec0b7b5a936db856279a1de62,/*/*[2]/*[2],,single,,,"SIR GYLES GOOSECAPPE, KNIGHT.",Finis. Actus Primis || Finis Actus Quarti. || FINIS.,0,,915,1487,104217,1922,act;scene,62,3,True,False,dramatis_personae;title_page,True,extract-2026-09-08.13
A01989,,A01989,A01989.xml,aeb76d65ca19cda82ba09b2f7b62480d2ed7f6b29192b631a6ab0c63f8477f24,/*/*[2]/*[2],,single,,,"THE STRANGE DISCOVERY, A Trage-Comedie.",Finis actus primi. || Finis actus ſecundi. || Finis Actus tertii. || FINIS.,0,,633,2740,111183,4800,dramatis_personae;scene;song;verse_prologue,189,2,True,False,title_page,True,extract-2026-09-08.13
A02070,,A02070,A02070.xml,cc96a88a0f4605bebcd2f41a7331dd10cdc34bd88c1a4a55e5e65a7083ce60dc,/*/*[2]/*[2],,single,,,"A pleasant conceyted Comedie of George a Greene, the Pinner of Wakefield.",FINIS.,0,,348,1043,40577,0,play,54,0,True,False,title_page,True,extract-2026-09-08.13
A02091,,A02091,A02091.xml,e385d506abeb76bb84fc38b9be7670887b43236653a437f10e4f166a23eb687a,/*/*[2]/*[2],,single,,,"The Comicall Historie of Alphonsus, King of Arragon.",FINIS.,0,,171,1419,54458,3605,act,80,0,True,False,title_page,True,extract-2026-09-08.13
A02125,,A02125,A02125.xml,6b05c56b8cd665ff18da51a0d889fc512a21bd6fe254992a1bfcadd35e56bc37,/*/*[2]/*[2],,single,,,THE HISTORIE OF Orlando Furioso One of the twelue Pieres of France.,FINIS.,0,,356,1362,57484,537,play,77,0,True,False,title_page,True,extract-2026-09-08.13
A02127,,A02127,A02127.xml,66568c6f72a2b81f225b953d0a5c0e36a398c7af9c92c4f64e4f96d5bbd4b6b4,/*/*[2]/*[2],,single,,,THE HONOVRABLE Hiſtorie of Frier Bacon.,"Not thine nor his owne, Ed • ard L •• i • . || Finis Frier Bacon,",0,,545,1790,83868,0,play,67,1,True,False,title_page,True,extract-2026-09-08.13
A02128,,A02128,A02128.xml,d4bee4e982764850406ba222edd1deea1a8257be1cf6982fe25b783deb458c51,/*/*[2]/*[2],,single,,,THE HONORABLE HISTORY OF FRYER BACON.,FINIS.,0,,559,1848,86275,846,play,73,0,True,False,title_page,True,extract-2026-09-08.13
A02168,,A02168,A02168.xml,f0afc37d4207473ae017dc99f5cd06f4d8a1cfccec5a1f2d0ed43321e127c169,/*/*[2]/*[2],,single,,,"THE SCOTTISH Hystorie of Iames the fourth, slaine at Flodden.",FINIS.,0,,701,2211,103516,0,act;chorus;play,103,0,True,False,title_page,True,extract-2026-09-08.13
A02226.1,A02226,A02226,A02226.xml,afd1f7de1b392cab31de6cccf375081ae20b986b12739651e29210b72d2fdecc,/*/*[2]/*[2]/*[1],,body_div,treatise,,A TREATIE OF Humane Learning.,,0,,0,944,0,40372,treatise,0,0,True,False,table_of_contents;title_page,True,extract-2026-09-08.13
A02226.2,A02226,A02226,A02226.xml,afd1f7de1b392cab31de6cccf375081ae20b986b12739651e29210b72d2fdecc,/*/*[2]/*[2]/*[2],,body_div,treatise,,AN INQVISITION VPON FAME and HONOVR.,,1,2 pages,0,460,0,19993,treatise,0,0,True,False,table_of_contents;title_page,True,extract-2026-09-08.13
A02226.3,A02226,A02226,A02226.xml,afd1f7de1b392cab31de6cccf375081ae20b986b12739651e29210b72d2fdecc,/*/*[2]/*[2]/*[3],,body_div,treatise,,A TREATIE of WARRES.,FINIS.,0,,0,418,0,18105,treatise,0,0,True,False,table_of_contents;title_page,True,extract-2026-09-08.13
A02226.4,A02226,A02226,A02226.xml,afd1f7de1b392cab31de6cccf375081ae20b986b12739651e29210b72d2fdecc,/*/*[2]/*[2]/*[4],,body_div,play,,"She mistaking, kills Caines childe.",,0,,384,2730,99775,18286,chorus;imprimatur;part;prologue;scene,6,0,True,False,table_of_contents;title_page,True,extract-2026-09-08.13
A02226.5,A02226,A02226,A02226.xml,afd1f7de1b392cab31de6cccf375081ae20b986b12739651e29210b72d2fdecc,/*/*[2]/*[2]/*[5],,body_div,play,,MVSTAPHA,FINIS.,0,,287,2669,77417,39851,act;chorus;imprimatur;part;scene,1,0,True,False,table_of_contents;title_page,True,extract-2026-09-08.13
A02226.6,A02226,A02226,A02226.xml,afd1f7de1b392cab31de6cccf375081ae20b986b12739651e29210b72d2fdecc,/*/*[2]/*[2]/*[6],,body_div,sonnet_sequence,,SONNET I.,FINIS.,0,,0,2488,0,102665,sonnet,0,0,True,False,table_of_contents;title_page,True,extract-2026-09-08.13
A02226.7,A02226,A02226,A02226.xml,afd1f7de1b392cab31de6cccf375081ae20b986b12739651e29210b72d2fdecc,/*/*[2]/*[2]/*[7],,body_div,letters,,A LETTER TO AN HONORABLE LADY.,"Not finished. || Your very louing Cousin, FVLKE GREVILL. From Hackney this 20. of Nouember, 1609. || FINIS.",0,,0,61,0,81833,chapter;letter,0,0,True,False,table_of_contents;title_page,True,extract-2026-09-08.13
A02284,,A02284,A02284.xml,85af8257ac0ed60b041194ecf9f3542bc5004cb0f3d87f71366324f5fa5c93b0,/*/*[2]/*[2],,single,,,"PASTOR FIDO, OR The faithfull Shepheard.",An end of the firſt Act. || Finis Act. 2. || Finis Cho. Act. 4. || Finis Sce. 2. Act. 5. || Finis Scena 4. Acta. 5. || FINIS.,0,,909,4604,186707,0,chorus;scene,48,0,True,False,dramatis_personae;encomium;title_page,True,extract-2026-09-08.13
A02629,,A02629,A02629.xml,383ece88055b1b766cc2bf4c77b4c3d26e696d5260a7596580f7bf8ba3a087c0,/*/*[2]/*[2],,single,,,"SICILY and NAPLES, OR The Fatall Vnion.",FINIS.,0,,911,2458,102000,605,epilogue;scene,150,0,True,False,dramatis_personae;errata;poem;title_page;to_the_reader,True,extract-2026-09-08.13
A02658,,A02658,A02658.xml,ac23cdc0b0ab02eeeb46273518592d6caedbc27d642bcee9724a4934dd79ecc2,/*/*[2]/*[2],,single,,,Incipit Comoedia.,"Thus endeth thys brefe Comedy concernynge the temptacyon of Ieſus Chriſt in the wyldernes. Compyled by Iohan Bale, Anno ",0,,69,398,19485,0,play,5,0,True,False,preface;title_page,True,extract-2026-09-08.13
A02732,,A02732,A02732.xml,52300c709e7ea9b257e7d2c3ada26d202b2e09bdb646590da365aefc8c0a88b3,/*/*[2]/*[2],,single,,,The Deuice called Londinium.,,0,,15,356,12623,25159,section;subsection,1,0,True,True,dedication;ode;title_page,True,extract-2026-09-08.13
A02738,,A02738,A02738.xml,fc8c06c925d02f8481f399c766aee2a96f8e525116cfbd677a4a68452d671b15,/*/*[2]/*[1],,single,,,"A Comedye concernynge thre lawes, Compyled by Iohan Bale.",Finit Actus primus || Finit Actus tertius. || Finit Actus quartus. || Amen.,0,,326,1858,76346,1609,act;prologue,27,0,False,True,,True,extract-2026-09-08.13
A02749,,A02749,A02749.xml,a005cad1b2eb28153d04285168b75353e38861b71ee243b1de3af145cb2b14ff,/*/*[2]/*[1],,single,,,Actus Primus.,"¶ Finit Actus Primus. || Finis Actus tertius. || Finit Actus quartus. || Amen. || ¶ These Cōmaundementes nede not be rehersed in the Enterlude. || Amen. || THVS ENDETH this Cōmedye, concernynge thre Lawes, of Nature, Moyses, and Christ, corrupted by the Sodomytes, Pharysies,",0,,332,1948,75477,2753,act;decalogue_in_verse;song,17,5,False,True,,True,extract-2026-09-08.13
A02800,,A02800,A02800.xml,daa21f66fdd3af90e5a17a75e36f4397bea3b3173290bec87aa600c5cbf34590,/*/*[2]/*[2],,single,,,,FINIS.,0,,772,2098,111781,0,text,117,0,True,False,dramatis_personae;title_page,True,extract-2026-09-08.13
A02827,,A02827,A02827.xml,fbdc984f6619b67b28c02a28106c4f53cf4943793faeb7f4eb455e7d74383044,/*/*[2]/*[2],,single,,,Apollo Shrouing.,Finis Actus Secundi. || Finis Actus ter •… ij. || Finis Actus quarti. || Plaudite. || FINIS.,0,,875,1229,120586,432,epilogue;prologue;scene,65,0,True,False,author_to_printer;printer_to_author;title_page,True,extract-2026-09-08.13
A02906,,A02906,A02906.xml,377e399bc834305a498b4309833e830f03613fdd388c52748ab7088123cd0744,/*/*[2]/*[1],,single,,,Actus secundus.,Finit Actus primus. || Finit actus secundus. || Finit actus tertius. || Finit actus Quartus. || Finit actus Quintus. || Finit actus Sextus.,0,,139,959,43780,3402,act;epilogue;prologue,9,0,False,True,,True,extract-2026-09-08.13
A03019,,A03019,A03019.xml,41b52f3926c465c4a2912833d2c96d760dd3ef897eea30b8ee713de8b7f40675,/*/*[2]/*[2],,single,,,"LONDONS LOVE, TO THE ROYALL PRINCE HENRIE, meeting him on the Riuer of Thames (at his returne from Richmonde) with a wor",FINIS.,0,,0,44,0,15871,part;speech;triumph,0,1,True,False,dedication;illustration;title_page,True,extract-2026-09-08.13
A03022.1,,A03022,A03022.xml,09de94fdca428a934b8c0c2fdaada69393732b0ed74432d7a4131fc2df11ae9a,/*/*[2]/*[2]/*[1]/*,,group_text,,,The Names of such Noblemen as were imployed in seuer all places of Office or attendance at the creation of the PRINCE.,,0,,0,32,0,17566,part;text,0,0,False,False,,True,extract-2026-09-08.13
A03022.2,,A03022,A03022.xml,09de94fdca428a934b8c0c2fdaada69393732b0ed74432d7a4131fc2df11ae9a,/*/*[2]/*[2]/*[2]/*[2],,group_text,,,The discription of the first Scene.,,0,,0,184,0,18291,part;text,0,8,True,False,preface;title_page,True,extract-2026-09-08.13
A03175,,A03175,A03175.xml,4df5cc61c799044d51f5043312de5deccd10b1341e518efb0ecb494565f3083a,/*/*[2]/*[1],,single,,,¶ A mery play betwene the pardoner and the frere / the cura • e and neybour Pratte.,,0,,280,645,26610,0,play,1,0,False,True,,True,extract-2026-09-08.13
A03177,,A03177,A03177.xml,2bfcb3062f7797051336b38ef225c740c8e0454e48ac72d95c6d6f1995f9cac8,/*/*[2]/*[2],,single,,,,Finis.,0,,143,1236,43481,0,play,2,0,True,True,title_page,True,extract-2026-09-08.13
A03179,,A03179,A03179.xml,56fa99e3921474ed0637c1fefbd76aed92bb18a5a0a532afe7def6f99476eb69,/*/*[2]/*[2],,single,,,,AMEN.,0,,199,1595,63503,0,play,8,0,True,True,frontispiece;title_page,True,extract-2026-09-08.13
A03181,,A03181,A03181.xml,7fdd21e65db8df6dcd76b7cec8dfea3fe69d26ca1f0e74ebb0effcbecff2143a,/*/*[2]/*[2],,single,,,,,0,,164,1242,52213,0,text,22,0,True,False,title_page,True,extract-2026-09-08.13
A03189,,A03189,A03189.xml,6c9ce8c2d90496222e8899759ffb5273d352f198f1606f1ec630e7b16c3d7fd5,/*/*[2]/*[2],,single,,,"The Brazen Age, CONTAINING The labours and death of Hercules.",FINIS.,0,,555,2677,107162,2377,act_and_scene;play,143,0,True,False,dramatis_personae;title_page;to_the_reader,True,extract-2026-09-08.13
A03190,,A03190,A03190.xml,1dcc0b294307743832b384d3a3006827362c60722dc5e9a4f391a99a8b825b7f,/*/*[2]/*[2],,single,,,A Challenge for Beauty.,FINIS.,0,,785,2050,91018,1296,act,72,0,True,True,dramatis_personae;prologue;title_page,True,extract-2026-09-08.13
A03195,,A03195,A03195.xml,ca10f8e313d8789e88b8bbf6649faed87141bdb6ce9d0b466e7e4b8f653e1655,/*/*[2]/*[2],,single,,,THE ENGLISH TRAVELLER.,FINIS.,0,,888,2720,109549,0,scene,101,0,True,False,dedication;dramatis_personae;prologue;title_page;to_the_reader,True,extract-2026-09-08.13
A03197,,A03197,A03197.xml,c973e093f6f91091a67815fe83416183ae6db1ca53df6ebf43a47f486e150652,/*/*[2]/*[2],,single,,,¶ The faire Maide of the Exchange.,"Yours deuoted, Anthony Golding. || Not yours, but her owne. || FINIS.",0,,903,2343,106319,324,play,123,0,True,False,dramatis_personae;prologue;title_page,True,extract-2026-09-08.13
A03202,,A03202,A03202.xml,debc4be3cb129dacb49c6cf1d0d38c993d2a33fa0ce210f0ae85d93445764b71,/*/*[2]/*[2],,single,,,The foure Prentises OF LONDON.,FINIS.,0,,815,2635,111457,86,text,116,0,True,False,dramatis_personae;prologue;title_page;to_the_reader,True,extract-2026-09-08.13
A03205,,A03205,A03205.xml,c338075d11ca4f6d39b68875c7db68ac880e84f059962039a37d0af2e6052d1c,/*/*[2]/*[2],,single,,,"The Golden Age, With the liues of Iupiter and Saturne.",FINIS.,0,,569,2209,95783,0,act_and_scene,111,0,True,False,dramatis_personae;title_page;to_the_reader,True,extract-2026-09-08.13
A03208,,A03208,A03208.xml,f49bbca4c475f1530412a52f30b05238f6245a9773aca42aaba8304f7d4ad23d,/*/*[2]/*[2],,single,,,"If you knovv not me, You know no bodie: Or, The troubles of Queene ELIZABETH.",FINIS.,0,,541,1435,58939,0,play,143,0,True,False,title_page,True,extract-2026-09-08.13
A03217,,A03217,A03217.xml,ae405432b219366984a150170426b9289e59d97bcb0284d345f4b6c92f66ea53,/*/*[2]/*[2],,single,,,"The second Part of If you know not mee, you know no bodie: With the building of the Exchange.",FINIS.,0,,780,2240,112416,0,act,106,0,True,False,title_page,True,extract-2026-09-08.13
A03224.1.1,A03224.1,A03224,A03224.xml,f9460a9c2a1348e2cda84947b580445fcd763fc0303f5924bf932bb63edff5c2,/*/*[2]/*/*/*[5],,work_div,part,1,Here they sing the threemans Song.,FINIS.,0,,798,2345,115602,0,part,126,0,False,False,,True,extract-2026-09-08.13
A03224.1.2,A03224.1,A03224,A03224.xml,f9460a9c2a1348e2cda84947b580445fcd763fc0303f5924bf932bb63edff5c2,/*/*[2]/*/*/*[6],,work_div,part,2,THE SECOND PART of King Edward the Fourth.,FINIS.,0,,758,3011,125229,319,part,154,0,False,False,,True,extract-2026-09-08.13
A03224.1.0,A03224.1,A03224,A03224.xml,f9460a9c2a1348e2cda84947b580445fcd763fc0303f5924bf932bb63edff5c2,/*/*[2]/*/*,,residual,residual,,THE FIRST AND SECOND partes of King Edward the fourth.,,0,,0,1,0,203,play,280,0,False,False,,True,extract-2026-09-08.13
A03228,,A03228,A03228.xml,f4b475b0cbf09eb24d96cdb9f80377950c78b6568afb50f822abc0a55b8eb4ab,/*/*[2]/*[2],,single,,,So much for the Studies of the Braine.,FINIS.,0,,5,238,8859,10931,part;speech;text,0,11,True,False,dedication;title_page,True,extract-2026-09-08.13
A03229,,A03229,A03229.xml,9b1ef579a6c56ce93968c0640940a7a03fff2c22a90f57724de9dbf7794f2fe7,/*/*[2]/*[2],,single,,,"LONDONS EMPORIA, OR MERCATVRA.",FINIS.,0,,0,222,0,23269,oration;text,0,15,True,False,dedication;title_page,True,extract-2026-09-08.13
A03230,,A03230,A03230.xml,f92d6175be33d9a6f7bcbd2c4821fa7de095399cbdbc31b970c1663182260319,/*/*[2]/*[2],,single,,,The third Show.,FINIS.,0,,0,224,0,20914,part;speech;text,0,2,True,False,dedication;title_page,True,extract-2026-09-08.13
A03233,,A03233,A03233.xml,f446bd85cc150fe9ea0882d4438a36b201302fd5c37803d0b4090a8d562f810d,/*/*[2]/*[2],,single,,,Londini Status Pacatus: or Londons Peaceable Estate.,FINIS.,0,,4,272,7779,18813,show;speech;text,0,1,True,False,dedication;title_page,True,extract-2026-09-08.13
A03234,,A03234,A03234.xml,818cd1d4bcde3e9239e12e16bf159b286a51e9863392bdd1d5f3e36de1a960ad,/*/*[2]/*[2],,single,,,LONDONS Ius Honorarium.,FINIS.,0,,0,226,0,18960,text,0,6,True,False,dedication;title_page,True,extract-2026-09-08.13
A03240,,A03240,A03240.xml,92c78f86980a5c9d71e93a7fa186232ea7385ca75f2d6e2d611cf13c9a06c0c0,/*/*[2]/*[2],,single,,,A MAYDEN-HEAD VVELL LOST.,FINIS.,0,,745,1790,68148,548,act,100,0,True,True,dramatis_personae;prologue;title_page;to_the_reader,True,extract-2026-09-08.13
A03241.1,A03241,A03241,A03241.xml,cee4c2a82bfa0edfc353b9e646e1b447ea67b7d16e390483f432533267455143,/*/*[2]/*[2]/*[1],,body_div,dialogue,1,"The Argument of Eraſmus his Dialogue called NAIAGAION, or Naufragium.",,0,,123,515,18810,481,argument;body_of_dialogue,5,2,True,True,dedication;encomium;table_of_contents;title_page;to_the_reader,True,extract-2026-09-08.13
A03241.2,A03241,A03241,A03241.xml,cee4c2a82bfa0edfc353b9e646e1b447ea67b7d16e390483f432533267455143,/*/*[2]/*[2]/*[2],,body_div,dialogue,2,"The Argument to Eraſmus his Dialogue, entituled PROCVS & PVELLA.",,0,,248,754,25570,1058,argument;body_of_dialogue,2,1,True,True,dedication;encomium;table_of_contents;title_page;to_the_reader,True,extract-2026-09-08.13
A03241.3,A03241,A03241,A03241.xml,cee4c2a82bfa0edfc353b9e646e1b447ea67b7d16e390483f432533267455143,/*/*[2]/*[2]/*[3],,body_div,dialogue,3,The Argument of the Dialogue betwixt EARTH and AGE.,,0,,78,558,21805,629,argument;body_of_dialogue,0,1,True,True,dedication;encomium;table_of_contents;title_page;to_the_reader,True,extract-2026-09-08.13
A03241.4,A03241,A03241,A03241.xml,cee4c2a82bfa0edfc353b9e646e1b447ea67b7d16e390483f432533267455143,/*/*[2]/*[2]/*[4],,body_div,dialogue,4,"The Argument of the Dialogue intituled MISANTHROPOS, or the Man-Hater.",,0,,104,1475,59946,835,argument;body_of_dialogue,0,1,True,True,dedication;encomium;table_of_contents;title_page;to_the_reader,True,extract-2026-09-08.13
A03241.5,A03241,A03241,A03241.xml,cee4c2a82bfa0edfc353b9e646e1b447ea67b7d16e390483f432533267455143,/*/*[2]/*[2]/*[5],,body_div,dialogue,5,The Argument of the Dialogue intituled IVPITER and GANIMEDE.,,0,,33,135,5064,262,argument;body_of_dialogue,0,0,True,True,dedication;encomium;table_of_contents;title_page;to_the_reader,True,extract-2026-09-08.13
A03241.6,A03241,A03241,A03241.xml,cee4c2a82bfa0edfc353b9e646e1b447ea67b7d16e390483f432533267455143,/*/*[2]/*[2]/*[6],,body_div,dialogue,6,IVPITER and IVNO.,,0,,10,111,4530,244,argument;body_of_dialogue,0,0,True,True,dedication;encomium;table_of_contents;title_page;to_the_reader,True,extract-2026-09-08.13
A03241.7,A03241,A03241,A03241.xml,cee4c2a82bfa0edfc353b9e646e1b447ea67b7d16e390483f432533267455143,/*/*[2]/*[2]/*[7],,body_div,dialogue,7,IVPITER and CVPID.,,0,,11,65,2272,246,argument;body_of_dialogue,0,0,True,True,dedication;encomium;table_of_contents;title_page;to_the_reader,True,extract-2026-09-08.13
A03241.8,A03241,A03241,A03241.xml,cee4c2a82bfa0edfc353b9e646e1b447ea67b7d16e390483f432533267455143,/*/*[2]/*[2]/*[8],,body_div,dialogue,8,VULCAN and APOLLO,,0,,21,90,3181,253,argument;body_of_dialogue,0,0,True,True,dedication;encomium;table_of_contents;title_page;to_the_reader,True,extract-2026-09-08.13
A03241.9,A03241,A03241,A03241.xml,cee4c2a82bfa0edfc353b9e646e1b447ea67b7d16e390483f432533267455143,/*/*[2]/*[2]/*[9],,body_div,dialogue,9,MERCVRY and APOLLO.,,0,,8,64,2515,236,argument;body_of_dialogue,0,0,True,True,dedication;encomium;table_of_contents;title_page;to_the_reader,True,extract-2026-09-08.13
A03241.10,A03241,A03241,A03241.xml,cee4c2a82bfa0edfc353b9e646e1b447ea67b7d16e390483f432533267455143,/*/*[2]/*[2]/*[10],,body_div,dialogue,10,MERCVRY and MAIA.,,0,,4,78,2924,247,argument;body_of_dialogue,0,0,True,True,dedication;encomium;table_of_contents;title_page;to_the_reader,True,extract-2026-09-08.13
A03241.11,A03241,A03241,A03241.xml,cee4c2a82bfa0edfc353b9e646e1b447ea67b7d16e390483f432533267455143,/*/*[2]/*[2]/*[11],,body_div,dialogue,11,VULCAN and IUPITER.,,0,,9,60,2201,275,argument;body_of_dialogue,0,0,True,True,dedication;encomium;table_of_contents;title_page;to_the_reader,True,extract-2026-09-08.13
A03241.12,A03241,A03241,A03241.xml,cee4c2a82bfa0edfc353b9e646e1b447ea67b7d16e390483f432533267455143,/*/*[2]/*[2]/*[12],,body_div,dialogue,12,NEPTVNE and MERCVRY.,,0,,22,76,2622,259,argument;body_of_dialogue,0,1,True,True,dedication;encomium;table_of_contents;title_page;to_the_reader,True,extract-2026-09-08.13
A03241.13,A03241,A03241,A03241.xml,cee4c2a82bfa0edfc353b9e646e1b447ea67b7d16e390483f432533267455143,/*/*[2]/*[2]/*[13],,body_div,dialogue,13,DIOGENES and MAUSOLUS.,,0,,7,84,3098,244,argument;body_of_dialogue,0,0,True,True,dedication;encomium;table_of_contents;title_page;to_the_reader,True,extract-2026-09-08.13
A03241.14,A03241,A03241,A03241.xml,cee4c2a82bfa0edfc353b9e646e1b447ea67b7d16e390483f432533267455143,/*/*[2]/*[2]/*[14],,body_div,dialogue,14,CRATES and DIOGENES,,0,,13,102,4006,267,argument;body_of_dialogue,0,0,True,True,dedication;encomium;table_of_contents;title_page;to_the_reader,True,extract-2026-09-08.13
A03241.15,A03241,A03241,A03241.xml,cee4c2a82bfa0edfc353b9e646e1b447ea67b7d16e390483f432533267455143,/*/*[2]/*[2]/*[15],,body_div,dialogue,15,"CHARON, MENIPPVS, MERCVRY",,0,,27,67,2196,236,argument;body_of_dialogue,0,0,True,True,dedication;encomium;table_of_contents;title_page;to_the_reader,True,extract-2026-09-08.13
A03241.16,A03241,A03241,A03241.xml,cee4c2a82bfa0edfc353b9e646e1b447ea67b7d16e390483f432533267455143,/*/*[2]/*[2]/*[16],,body_div,dialogue,16,"MENIPPVS, AEACVS, PYTHAGORAS, EMPEDOCLES, and SOCRATES.",,0,,44,149,5340,255,argument;body_of_dialogue,0,0,True,True,dedication;encomium;table_of_contents;title_page;to_the_reader,True,extract-2026-09-08.13
A03241.17,A03241,A03241,A03241.xml,cee4c2a82bfa0edfc353b9e646e1b447ea67b7d16e390483f432533267455143,/*/*[2]/*[2]/*[17],,body_div,dialogue,17,"NEREVS, THERSITES, MENIPPVS.",,0,,14,45,1439,153,argument;body_of_dialogue,0,0,True,True,dedication;encomium;table_of_contents;title_page;to_the_reader,True,extract-2026-09-08.13
A03241.18,A03241,A03241,A03241.xml,cee4c2a82bfa0edfc353b9e646e1b447ea67b7d16e390483f432533267455143,/*/*[2]/*[2]/*[18],,body_div,dialogue,18,"IVPITER, MERCVRY, IVNO, PALLAS, VENVS, and PARIS.",,0,,75,493,19706,265,argument;body_of_dialogue,0,0,True,True,dedication;encomium;table_of_contents;title_page;to_the_reader,True,extract-2026-09-08.13
A03241.19,A03241,A03241,A03241.xml,cee4c2a82bfa0edfc353b9e646e1b447ea67b7d16e390483f432533267455143,/*/*[2]/*[2]/*[19],,body_div,dialogue,19,IVPITER and IO.,FINIS.,0,,155,747,27439,607,argument;body_of_dialogue,33,0,True,True,dedication;encomium;table_of_contents;title_page;to_the_reader,True,extract-2026-09-08.13
A03241.20,A03241,A03241,A03241.xml,cee4c2a82bfa0edfc353b9e646e1b447ea67b7d16e390483f432533267455143,/*/*[2]/*[2]/*[20],,body_div,dialogue,20,APOLLO and DAPHNE.,FINIS.,0,,83,496,17834,1344,argument;body_of_dialogue,17,0,True,True,dedication;encomium;table_of_contents;title_page;to_the_reader,True,extract-2026-09-08.13
A03241.21,A03241,A03241,A03241.xml,cee4c2a82bfa0edfc353b9e646e1b447ea67b7d16e390483f432533267455143,/*/*[2]/*[2]/*[21],,body_div,dialogue,21,The Argument of AMPHRISA the forſaken Shepheardeſſe.,FINIS.,0,,90,361,12409,572,argument;body_of_dialogue,10,0,True,True,dedication;encomium;table_of_contents;title_page;to_the_reader,True,extract-2026-09-08.13
A03241.22,A03241,A03241,A03241.xml,cee4c2a82bfa0edfc353b9e646e1b447ea67b7d16e390483f432533267455143,/*/*[2]/*[2]/*[22],,body_div,dialogue,22,"An Emblematicall Dialogue, interpreted from the Excellent and moſt learned D. Iac. Catzius; which ſheweth how Virgins in",FINIS.,0,,48,711,27221,13997,argument;epilogue;part,0,3,True,True,dedication;encomium;table_of_contents;title_page;to_the_reader,True,extract-2026-09-08.13
A03241.23,A03241,A03241,A03241.xml,cee4c2a82bfa0edfc353b9e646e1b447ea67b7d16e390483f432533267455143,/*/*[2]/*[2]/*[23],,body_div,poems,,"A ſpeech ſpoken to their two excellent Majeſties, at the firſt Play play'd by the Queenes Servants, in the new Theater a",,0,,0,620,0,26415,epilogue;part;poems;prologue,1,1,True,True,dedication;encomium;table_of_contents;title_page;to_the_reader,True,extract-2026-09-08.13
A03241.24,A03241,A03241,A03241.xml,cee4c2a82bfa0edfc353b9e646e1b447ea67b7d16e390483f432533267455143,/*/*[2]/*[2]/*[24],,body_div,elegies_and_epitaphs,,Funerall ELEGIES and EPITAPHS.,,0,,0,211,0,8851,elegy;epitaph,0,0,True,True,dedication;encomium;table_of_contents;title_page;to_the_reader,True,extract-2026-09-08.13
A03241.25,A03241,A03241,A03241.xml,cee4c2a82bfa0edfc353b9e646e1b447ea67b7d16e390483f432533267455143,/*/*[2]/*[2]/*[25],,body_div,epithalamiums,,Epithalamions or Nuptiall Songs.,,0,,0,190,0,7841,acrostic_epithalamium;acrostic_poem;poem,0,1,True,True,dedication;encomium;table_of_contents;title_page;to_the_reader,True,extract-2026-09-08.13
A03241.26,A03241,A03241,A03241.xml,cee4c2a82bfa0edfc353b9e646e1b447ea67b7d16e390483f432533267455143,/*/*[2]/*[2]/*[26],,body_div,epigrams,,EPIGRAMS.,,0,,0,382,0,14657,epigram,0,0,True,True,dedication;encomium;table_of_contents;title_page;to_the_reader,True,extract-2026-09-08.13
A03241.27,A03241,A03241,A03241.xml,cee4c2a82bfa0edfc353b9e646e1b447ea67b7d16e390483f432533267455143,/*/*[2]/*[2]/*[27],,body_div,poem,,In praiſe of Archery.,,0,,0,40,0,1689,poem,0,0,True,True,dedication;encomium;table_of_contents;title_page;to_the_reader,True,extract-2026-09-08.13
A03241.28,A03241,A03241,A03241.xml,cee4c2a82bfa0edfc353b9e646e1b447ea67b7d16e390483f432533267455143,/*/*[2]/*[2]/*[28],,body_div,poem,,"Upon a Booke late publiſhed by one Bird a Coachman, calld Byrds buſineſſe.",,0,,0,64,0,2202,poem,0,0,True,True,dedication;encomium;table_of_contents;title_page;to_the_reader,True,extract-2026-09-08.13
A03241.29,A03241,A03241,A03241.xml,cee4c2a82bfa0edfc353b9e646e1b447ea67b7d16e390483f432533267455143,/*/*[2]/*[2]/*[29],,body_div,poem,,"Againſt a baſe and infamous Balladder, who disperſt a ſcandalous riming Libell, in which hee malitiouſly traduced the no",FINIS.,0,,0,66,0,2930,poem,0,0,True,True,dedication;encomium;table_of_contents;title_page;to_the_reader,True,extract-2026-09-08.13
A03242,,A03242,A03242.xml,f2800cfd90c4e68ef67884c45880433427100e879745ff287db3be2427318f49,/*/*[2]/*[2],,single,,,Londini Porta Pietatis: Londons Gate to Piety.,FINIS.,0,,0,207,0,18972,speech;tableau;text,0,0,True,False,dedication;title_page,True,extract-2026-09-08.13
A03244,,A03244,A03244.xml,5285246cd9c4986be26ac808ae9b78ddc42e278354e903600e152fb4255e1067,/*/*[2]/*[2],,single,,,THE Rape of Lucrece.,,0,,799,2161,103745,128,play,130,0,True,False,dramatis_personae;title_page;to_the_reader,True,extract-2026-09-08.13
A03248,,A03248,A03248.xml,b3e1add870167e88ab104c96f9d45213cc62f3c9a4e970f341b6cbfc3a7c4b32,/*/*[2]/*[2],,single,,,"The Royall King, AND The Loyall Subiect.",FINIS.,0,,742,2138,99421,756,act;epilogue;scene,92,0,True,False,dramatis_personae;prologue;title_page,True,extract-2026-09-08.13
A03255,,A03255,A03255.xml,b97626b80802c2199ca6450db3bc737aaebfb3b132abb2d546c089540ba39993,/*/*[2]/*[2],,single,,,THE WISE-VVOMAN OF HOGSDON.,Explicit Actus primus. || Explicit Actus secundus. || Explicit Actus tertius. || Explicat Actus 5ꝰ.,0,,889,1437,89072,0,scene,112,0,True,True,dramatis_personae;title_page,True,extract-2026-09-08.13
A03256,,A03256,A03256.xml,5b27130bffcbaada992ece9ef8a2d65c6656802f363bac4396986ab47c68b575,/*/*[2]/*[2],,single,,,,FINIS.,0,,565,1942,81195,0,play,80,0,True,False,prologue;title_page,True,extract-2026-09-08.13
A03258,,A03258,A03258.xml,2187a659d6c62f8ecada595ffd5e6ca32f46d4631c0e550762ca53db93dc8b7c,/*/*[2]/*[2],,single,,,"ACTVS, I. SCENA, I.",FINIS.,0,,1012,1762,106273,289,act_and_scene,135,0,True,True,prologue;title_page,True,extract-2026-09-08.13
A03404,,A03404,A03404.xml,311fa37f5814ed5619aab12e059c94daebc089635643841783808c37b9995c43,/*/*[2]/*[2],,single,,,The Hiſtorie of the triall of Cheualry.,FINIS.,0,,778,2220,102338,85,play,119,0,True,False,title_page,True,extract-2026-09-08.13
A03405,,A03405,A03405.xml,9011c18e12132a9a1f336fdf1fcda472ade7d5d4a9b3c609f5a5587780e5e515,/*/*[2]/*[2],,single,,,HISTRIO-MASTIX.,Finis Actus primi. || FINIS.,0,,620,1681,67695,2257,act;scene,135,0,True,False,title_page,True,extract-2026-09-08.13
A03424,,A03424,A03424.xml,f7014a33f6d5453f6a297b7c59484a547409620ee3f35dcdedf95ecaa2c1a7b9,/*/*[2]/*[2],,single,,,"A Merrie Dialogue betvveene BAND, CVFFE, and RVFFE.",FINIS.,0,,79,79,8147,0,play,4,0,True,False,title_page,True,extract-2026-09-08.13
A03438,,A03438,A03438.xml,b26c95bfc00f735e0fee940d2cc0cf9414bc1c6b199baa2863462e513060cda0,/*/*[2]/*[2],,single,,,"A Merrie Dialogue betvveene BAND, CVFFE, and RVFFE.",FINIS.,0,,79,82,8202,0,dialogue,4,1,True,False,part;poem;title_page,True,extract-2026-09-08.13
A03496,,A03496,A03496.xml,27932f22a0c5fc9ab03de7f7999a6ad70f14236fd0c8ba34bab7839255e4135b,/*/*[2]/*[2],,single,,,ΤΕΧΝΟΓΑΜΙΑ: OR The Marriages of the Arts.,THE END.,0,,1161,1566,168547,5480,poem;scene,204,0,True,True,dramatis_personae;prologue;title_page,True,extract-2026-09-08.13
A03571.1,A03571,A03571,A03571.xml,a860199bc8a01cdf849bf3f30a7f61748d704cb6c08e80f4b17e458952818d4b,/*/*[2]/*[2]/*[1],,body_div,poem,,¶ Heere beginneth a little ieſt of Robin Hood and his merry men and of the proud Sheriffe of Notingham.,* Thus endeth the life of Robin hood.,0,,0,1810,0,50750,fitte,0,0,True,False,title_page,True,extract-2026-09-08.13
A03571.2,A03571,A03571,A03571.xml,a860199bc8a01cdf849bf3f30a7f61748d704cb6c08e80f4b17e458952818d4b,/*/*[2]/*[2]/*[2],,body_div,play,,"Heere beginneth the play of Robin Hood, very proper to be played in May games.",¶ Thus endeth the play of Robin hood.,0,,50,203,6793,0,play,0,0,True,False,title_page,True,extract-2026-09-08.13
A03804,,A03804,A03804.xml,2e0954997c9bcc46054cbda4a43a3d64ca065e97a203fa156c76c2cf87c3884b,/*/*[2]/*,,single,,,The argument of the Tragedie.,FINIS. || Thomas Hughes.,0,,302,2183,82123,25873,argument;epilogue;scene;speech,39,0,False,False,,True,extract-2026-09-08.13
A04027,,A04027,A04027.xml,c2c277e7667dada7f3a5aaf2f9bcaeaa441175c858401045655cdd0fc40c5df9,/*/*[2]/*[2],,single,,,¶ The Songe.,¶ God ſaue the Queene.,0,,201,1458,58208,803,interlude,20,0,True,True,dramatis_personae;prologue;title_page,True,extract-2026-09-08.13
A04052,,A04052,A04052.xml,a63676ced875aaf0d2c44734d2bf073f254ed2b08c8dac29dadcca754aa03690,/*/*[2]/*[2],,single,,,,FINIS.,0,,217,951,35361,497,play,17,0,True,False,title_page,True,extract-2026-09-08.13
A04054,,A04054,A04054.xml,fa2c1f399665386d13e4fc2318005e1751c24c9970b8dbfb8c5d0d9d05aa7d34,/*/*[2]/*[1],,single,,,❧ The Enterlude of Youth.,✿ Finis.,0,,160,787,22871,0,poem,0,2,False,True,,True,extract-2026-09-08.13
A04055,,A04055,A04055.xml,ec67e10b24cd8a5154e78b57219cb9875a39d180ef3394e4374e66ac20572dfa,/*/*[2]/*[2],,single,,,,,0,,279,983,34757,0,interlude,14,0,True,False,title_page,True,extract-2026-09-08.13
A04206,,A04206,A04206.xml,6791229d8d45438f401d8ba8b6a7edee49a1f583f876ce191827aa5c4f40d335,/*/*[2]/*[2],,single,,,The Historie of Jacob and Eſau.,Amen. || Thus endeth this Comedie or Enterlude of Iacob and Eſau.,0,,560,1780,78130,5038,prologue;scene,66,0,True,False,title_page,True,extract-2026-09-08.13
A04520.1,A04520,A04520,A04520.xml,f10c8a393ec792be5cdbcb9eee1e520a48f01371a73b0f07b7e8033f308da776,/*/*[2]/*[2]/*[1],,body_div,part,1,The troubleſome Raigne of King Iohn.,The end of the first Part.,0,,357,1630,75377,0,part,51,0,True,False,title_page,True,extract-2026-09-08.13
A04520.2,A04520,A04520,A04520.xml,f10c8a393ec792be5cdbcb9eee1e520a48f01371a73b0f07b7e8033f308da776,/*/*[2]/*[2]/*[2],,body_div,to_the_reader,,To the Gentlemen Readers.,,0,,0,15,0,645,to_the_reader,0,0,True,False,title_page,True,extract-2026-09-08.13
A04520.3,A04520,A04520,A04520.xml,f10c8a393ec792be5cdbcb9eee1e520a48f01371a73b0f07b7e8033f308da776,/*/*[2]/*[2]/*[3],,body_div,part,2,The ſecond part of The troubleſome Raigne of King Iohn. Containing The entrance of Lewis the French Kings ſonne: With th,FINIS.,0,,194,1161,50668,0,part,45,0,True,False,title_page,True,extract-2026-09-08.13
A04539,,A04539,A04539.xml,d8089edbdd9972989159fcbfacdbdb776bb19ce542ff4845450df0083f47fabe,/*/*[2]/*[2],,single,,,The Tragaedie of Alexander the 6.,FINIS.,0,,589,2861,121080,3593,epilogue;prologue;scene,220,0,True,False,dedication;title_page,True,extract-2026-09-08.13
A04599,,A04599,A04599.xml,079723907a4fdfa50fd54bf0d0de5230e58ff3dfca70474e55a58a7eb5227616,/*/*[2]/*[2],,single,,,The Subject of this Masque.,,0,,50,466,15178,12794,part;song;text,11,0,True,False,title_page,True,extract-2026-09-08.13
A04604,,A04604,A04604.xml,e0b2840341ea2931d22dad690e6450cd82947c82f8ad2b821400fc88a7d70e21,/*/*[2]/*[2],,single,,,"THE VVOMANS SPLEENE, AND LOVES CONQVEST: A Tragi-Comedie.",Yours more than mine. ALTHEA.,0,,609,2137,121381,280,scene;song,153,0,True,True,dedication;dramatis_personae;prologue;title_page,True,extract-2026-09-08.13
A04632.1,,A04632,A04632.xml,89e919d1d63db5097d168e5749be7da7b3268e27f05c0c1ca53ffc0921fac5bc,/*/*[2]/*[2]/*[1]/*[2],,group_text,,,EVERY MAN IN HIS HVMOVR. PROLOGVE.,From the wind-mill. || THE END.,0,,1086,1734,136781,1349,prologue;scene,70,0,True,True,dedication;dramatis_personae;title_page,True,extract-2026-09-08.13
A04632.2,,A04632,A04632.xml,89e919d1d63db5097d168e5749be7da7b3268e27f05c0c1ca53ffc0921fac5bc,/*/*[2]/*[2]/*[2]/*[2],,group_text,,,EVERY MAN OVT OF HIS HVMOVR.,"Yours, if his owne. || THE END.",0,,1581,2188,194826,0,part;scene,118,0,True,True,characters;dedication;dramatis_personae;title_page,True,extract-2026-09-08.13
A04632.3,,A04632,A04632.xml,89e919d1d63db5097d168e5749be7da7b3268e27f05c0c1ca53ffc0921fac5bc,/*/*[2]/*[2]/*[3]/*[2],,group_text,,,CYNTHIAS REVELS,,0,,1339,2152,184024,1462,scene;section,83,0,True,True,dedication;dramatis_personae;title_page,True,extract-2026-09-08.13
A04632.4,,A04632,A04632.xml,89e919d1d63db5097d168e5749be7da7b3268e27f05c0c1ca53ffc0921fac5bc,/*/*[2]/*[2]/*[4]/*[2],,group_text,,,POETASTER.,THE END.,0,,1090,2293,143298,1217,scene;section,46,9,True,True,dedication;dramatis_personae;title_page,True,extract-2026-09-08.13
A04632.5,,A04632,A04632.xml,89e919d1d63db5097d168e5749be7da7b3268e27f05c0c1ca53ffc0921fac5bc,/*/*[2]/*[2]/*[5]/*[2],,group_text,,,SEIANVS. Act. I.,THE END.,0,,947,3686,139045,3057,act,89,7,True,True,argument;dedication;dramatis_personae;title_page,True,extract-2026-09-08.13
A04632.6,,A04632,A04632.xml,89e919d1d63db5097d168e5749be7da7b3268e27f05c0c1ca53ffc0921fac5bc,/*/*[2]/*[2]/*[6]/*[2],,group_text,,,"VOLPONE, OR THE FOXE. THE ARGVMENT.",THE END.,0,,1407,3750,137696,2829,argument;prologue;scene,75,1,True,True,dedication;dramatis_personae;title_page,True,extract-2026-09-08.13
A04632.7,,A04632,A04632.xml,89e919d1d63db5097d168e5749be7da7b3268e27f05c0c1ca53ffc0921fac5bc,/*/*[2]/*[2]/*[7]/*[2],,group_text,,,"EPISCOENE, OR The silent Woman. PROLOGVE.",THE END.,0,,1426,1494,149803,1909,prologue;scene,63,1,True,True,dedication;dramatis_personae;title_page,True,extract-2026-09-08.13
A04632.8,,A04632,A04632.xml,89e919d1d63db5097d168e5749be7da7b3268e27f05c0c1ca53ffc0921fac5bc,/*/*[2]/*[2]/*[8]/*[2],,group_text,,,The Alchemist. THE ARGVMENT.,THE END.,20,1 page;1 page;1 page;1 page;1 page;1 page;1 page;1 page;1 page;1 page;1 page;1 page;1 page;1 page;1 page;1 page;1 page;1,1264,3073,104768,1608,argument;prologue;scene,40,1,True,True,dedication;dramatis_personae;title_page,True,extract-2026-09-08.13
A04632.9,,A04632,A04632.xml,89e919d1d63db5097d168e5749be7da7b3268e27f05c0c1ca53ffc0921fac5bc,/*/*[2]/*[2]/*[9]/*[2],,group_text,,,CATILINE. Act I.,THE END.,28,1 page;1 page;1 page;1 page;1 page;1 page;1 page;1 page;1 page;1 page;1 page;1 page;1 page;1 page;1 page;1 page;1 page;1,621,2598,95781,5029,act,30,0,True,True,dedication;dramatis_personae;title_page,True,extract-2026-09-08.13
A04632.10,,A04632,A04632.xml,89e919d1d63db5097d168e5749be7da7b3268e27f05c0c1ca53ffc0921fac5bc,/*/*[2]/*[2]/*[10]/*[2],,group_text,,,EPIGRAMMES.,THE END.,14,1 page;1 page;1 page;1 page;1 page;1 page;1 page;1 page;1 page;1 page;1 page;1 page;1 page;1 page,0,1989,0,84227,poem;text,0,0,True,False,dedication;title_page,True,extract-2026-09-08.13
A04632.11,,A04632,A04632.xml,89e919d1d63db5097d168e5749be7da7b3268e27f05c0c1ca53ffc0921fac5bc,/*/*[2]/*[2]/*[11]/*[2],,group_text,,,At Fen-Church.,THE END.,6,1 page;1 page;1 page;1 page;1 page;1 page,5,162,5883,17055,descriptions;inscription;speech;speeches;text,0,58,True,False,title_page,True,extract-2026-09-08.13
A04632.12,,A04632,A04632.xml,89e919d1d63db5097d168e5749be7da7b3268e27f05c0c1ca53ffc0921fac5bc,/*/*[2]/*[2]/*[12]/*[2],,group_text,,,A PANEGYRE.,,0,,0,163,0,7210,poem,0,0,True,False,title_page,True,extract-2026-09-08.13
A04632.13.1,A04632.13,A04632,A04632.xml,89e919d1d63db5097d168e5749be7da7b3268e27f05c0c1ca53ffc0921fac5bc,/*/*[2]/*[2]/*[13]/*[2]/*/*[28],,work_div,section,,"A PRIVATE ENTERTAINMENT of the KING and QVEENE, on May-day in the Morning, At Sir WILLIAM CORNVVALLEIS his house, at Hig",BEN. IONSON.,0,,11,169,10794,555,section,6,0,True,False,title_page,True,extract-2026-09-08.13
A04632.13.2,A04632.13,A04632,A04632.xml,89e919d1d63db5097d168e5749be7da7b3268e27f05c0c1ca53ffc0921fac5bc,/*/*[2]/*[2]/*[13]/*[2]/*/*[29],,work_div,section,,"The entertainment of the tvvo Kings of Great BRITAINE and DENMARKE at THEOBALDS, Iuly 24. 1606.",The Author B. I.,0,,0,47,0,2345,section;subsection,0,0,True,False,title_page,True,extract-2026-09-08.13
A04632.13.3,A04632.13,A04632,A04632.xml,89e919d1d63db5097d168e5749be7da7b3268e27f05c0c1ca53ffc0921fac5bc,/*/*[2]/*[2]/*[13]/*[2]/*/*[30],,work_div,section,,"An Entertainment of King IAMES and Queene ANNE, at THEOBALDS, When the House was deliuered vp, with the possession, to t",,1,1 page,11,66,2579,0,section,3,0,True,False,title_page,True,extract-2026-09-08.13
A04632.13.0,A04632.13,A04632,A04632.xml,89e919d1d63db5097d168e5749be7da7b3268e27f05c0c1ca53ffc0921fac5bc,/*/*[2]/*[2]/*[13]/*[2],,residual,residual,,A SATYRE.,,0,,16,264,8426,335,text,23,6,True,False,title_page,True,extract-2026-09-08.13
A04632.14.1,A04632.14,A04632,A04632.xml,89e919d1d63db5097d168e5749be7da7b3268e27f05c0c1ca53ffc0921fac5bc,/*/*[2]/*[2]/*[14]/*[2]/*[1],,work_div,masque,,"THE QVEENES MASQVES. The first, OF BLACKNESSE: Personated at the Court, at WHITE-HALL, on the Twelu'th night, 1605.",,3,1 page;1 page;1 page,6,127,5266,2099,masque,3,17,True,False,title_page,True,extract-2026-09-08.13
A04632.14.2,A04632.14,A04632,A04632.xml,89e919d1d63db5097d168e5749be7da7b3268e27f05c0c1ca53ffc0921fac5bc,/*/*[2]/*[2]/*[14]/*[2]/*[2],,work_div,masque,2,Their Persons were.,,3,1 page;1 page;1 page,12,205,6674,3339,masque,13,23,True,False,title_page,True,extract-2026-09-08.13
A04632.14.3,A04632.14,A04632,A04632.xml,89e919d1d63db5097d168e5749be7da7b3268e27f05c0c1ca53ffc0921fac5bc,/*/*[2]/*[2]/*[14]/*[2]/*[3],,work_div,masque,,"HYMENAEI, OR The solemnities of Masque and Barriers at a Marriage.",,10,1 page;1 page;1 page;1 page;1 page;1 page;1 page;1 page;1 page;1 page,20,305,10419,8866,masque,16,31,True,False,title_page,True,extract-2026-09-08.13
A04632.14.4,A04632.14,A04632,A04632.xml,89e919d1d63db5097d168e5749be7da7b3268e27f05c0c1ca53ffc0921fac5bc,/*/*[2]/*[2]/*[14]/*[2]/*[4],,work_div,masque,,THE DESCRIPTION OF THE MASQVE. With the Nuptiall songs. At the Lord Vicount HADINGTONS marriage at Court. On the Shroue-,,2,1 page;1 page,29,233,8271,4378,masque,7,19,True,False,title_page,True,extract-2026-09-08.13
A04632.14.5,A04632.14,A04632,A04632.xml,89e919d1d63db5097d168e5749be7da7b3268e27f05c0c1ca53ffc0921fac5bc,/*/*[2]/*[2]/*[14]/*[2]/*[5],,work_div,masque,,"THE MASQVE OF QVEENES, Celebrated From the house of FAME: By the QVEENE of great BRITAINE, with her Ladies. AT WHITE-HAL",,6,1 page;1 page;1 page;1 page;1 page;1 page,0,294,0,21599,masque;poem,3,54,True,False,title_page,True,extract-2026-09-08.13
A04632.14.6,A04632.14,A04632,A04632.xml,89e919d1d63db5097d168e5749be7da7b3268e27f05c0c1ca53ffc0921fac5bc,/*/*[2]/*[2]/*[14]/*[2]/*[6],,work_div,maque,,THE SPEECHES AT PRINCE HENRIES BARRIERS.,,9,1 page;1 page;1 page;1 page;1 page;1 page;1 page;1 page;1 page,1,34,1439,0,maque,0,0,True,False,title_page,True,extract-2026-09-08.13
A04632.14.7,A04632.14,A04632,A04632.xml,89e919d1d63db5097d168e5749be7da7b3268e27f05c0c1ca53ffc0921fac5bc,/*/*[2]/*[2]/*[14]/*[2]/*[7],,work_div,masque,,,,9,1 page;1 page;1 page;1 page;1 page;1 page;1 page;1 page;1 page,0,0,0,0,,0,0,True,False,title_page,True,extract-2026-09-08.13
A04632.14.8,A04632.14,A04632,A04632.xml,89e919d1d63db5097d168e5749be7da7b3268e27f05c0c1ca53ffc0921fac5bc,/*/*[2]/*[2]/*[14]/*[2]/*[8],,work_div,masque,,,,5,1 page;1 page;1 page;1 page;1 page,0,0,0,0,,0,0,True,False,title_page,True,extract-2026-09-08.13
A04632.14.9,A04632.14,A04632,A04632.xml,89e919d1d63db5097d168e5749be7da7b3268e27f05c0c1ca53ffc0921fac5bc,/*/*[2]/*[2]/*[14]/*[2]/*[9],,work_div,masque,,,,11,1 page;1 page;1 page;1 page;1 page;1 page;1 page;1 page;1 page;1 page;1 page,0,0,0,0,,0,0,True,False,title_page,True,extract-2026-09-08.13
A04632.14.10.1,A04632.14.10,A04632,A04632.xml,89e919d1d63db5097d168e5749be7da7b3268e27f05c0c1ca53ffc0921fac5bc,/*/*[2]/*[2]/*[14]/*[2]/*[10]/*[50],,work_div,masque,,"THE GOLDEN AGE RESTOR'D. In a Maske at Court, 1615. by the Lords, and Gentlemen, the Kings seruants. Lowd musique.",,0,,44,215,7107,0,masque,23,0,True,False,title_page,True,extract-2026-09-08.13
A04632.14.10.0,A04632.14.10,A04632,A04632.xml,89e919d1d63db5097d168e5749be7da7b3268e27f05c0c1ca53ffc0921fac5bc,/*/*[2]/*[2]/*[14]/*[2]/*[10],,residual,residual,,MERCVRIE VINDICATED FROM THE ALCHEMISTS AT COVRT BY Gentlemen the Kings Seruants.,The end.,2,1 page;1 page,66,157,15438,0,masque;part,47,0,True,False,title_page,True,extract-2026-09-08.13
A04633.1,,A04633,A04633.xml,79c965c8d6786d55d4adfa4630e7150d2dd48c8a0d0598e1bdbb4306558c3a00,/*/*[2]/*/*[1]/*[2],,group_text,,,THE INDVCTION. ON THE STAGE.,The end.,0,,1512,1635,186446,234,introduction;scene,123,9,True,True,dramatis_personae;prologue;title_page,True,extract-2026-09-08.13
A04633.2,,A04633,A04633.xml,79c965c8d6786d55d4adfa4630e7150d2dd48c8a0d0598e1bdbb4306558c3a00,/*/*[2]/*/*[2]/*[2],,group_text,,,THE DIVELL IS AN ASSE.,The End.,0,,1210,3697,136051,0,scene,139,46,True,True,dramatis_personae;prologue;title_page,True,extract-2026-09-08.13
A04633.3,,A04633,A04633.xml,79c965c8d6786d55d4adfa4630e7150d2dd48c8a0d0598e1bdbb4306558c3a00,/*/*[2]/*/*[3]/*[2],,group_text,,,The first Intermeane after the first Act.,THE END.,0,,1365,3348,127060,1141,interlude;scene;song;to_the_reader,95,54,True,True,dramatis_personae;introduction;prologue_for_court;prologue_for_stage;title_page,True,extract-2026-09-08.13
A04636,,A04636,A04636.xml,bc7ca0da868846014919c763195edea9123cdc7a1ccda11e7ae197108832d114,/*/*[2]/*[2],,single,,,THE ALCHEMIST.,The end.,0,,1666,4019,133903,3449,scene,29,0,True,False,argument;dedication;dramatis_personae;encomium;prologue;title_page;to_the_reader,True,extract-2026-09-08.13
A04637.1,,A04637,A04637.xml,7e1ce0a36cf31631d5b7701f6f10fe0ade8d6368fd2d8190e3d7c7644ba2b4b5,/*/*[2]/*[2]/*[1]/*,,group_text,,,❧ The Pegme at Fen-church,The end.,0,,11,286,11100,18666,part;speech;speeches,0,86,False,False,,True,extract-2026-09-08.13
A04637.2,,A04637,A04637.xml,7e1ce0a36cf31631d5b7701f6f10fe0ade8d6368fd2d8190e3d7c7644ba2b4b5,/*/*[2]/*[2]/*[2]/*[2],,group_text,,,A PANEGYRE.,,0,,0,162,0,7128,text,0,0,True,False,title_page,True,extract-2026-09-08.13
A04637.3,,A04637,A04637.xml,7e1ce0a36cf31631d5b7701f6f10fe0ade8d6368fd2d8190e3d7c7644ba2b4b5,/*/*[2]/*[2]/*[3]/*[2],,group_text,,,SONG.,FINIS.,0,,16,278,10193,1144,song;text,0,6,True,False,title_page,True,extract-2026-09-08.13
A04638,,A04638,A04638.xml,30c2e3ce43f14a5d4aad49f3756d95eee0ca2b68faec5c51f355027f39b2c1a3,/*/*[2]/*[2],,single,,,"A pleaſant Comedy called, the Caſe is Alterd.",,2,1 page;1 page,944,1879,90102,2249,scene,144,0,True,False,title_page,True,extract-2026-09-08.13
A04640,,A04640,A04640.xml,f826681e9fd28ac39f9249c1bcbacd62415702cca1041325941d96cdf1fb234d,/*/*[2]/*[2],,single,,,CATILINE.,The end.,0,,979,3976,152770,58,act,31,0,True,False,dedication;dramatis_personae;encomium;title_page;to_the_reader,True,extract-2026-09-08.13
A04643.1,A04643,A04643,A04643.xml,b39f13f0ea3f0728c92a183fa9c1ffcedc6029fd7410f8a9d2843cb8f05807bf,/*/*[2]/*[2]/*[1],,body_div,masque,,"THE QVEENES MASQVES. The first, of Blacknesse: personated at the Court, at White-Hall, on the Twelu'th night. 1605.",,0,,8,231,7038,8665,masque,10,23,True,False,title_page,True,extract-2026-09-08.13
A04643.2,A04643,A04643,A04643.xml,b39f13f0ea3f0728c92a183fa9c1ffcedc6029fd7410f8a9d2843cb8f05807bf,/*/*[2]/*[2]/*[2],,body_div,masque,,"THE SECOND MASQVE. Which was of Beauty; was presented in the same Court, at White-Hall, on the Sunday night, after the t",The end.,0,,11,221,6370,10958,masque,8,37,True,False,title_page,True,extract-2026-09-08.13
A04644,,A04644,A04644.xml,2db46b6b2a9e9490f0c587b343667d435a6bfb7ac06e6957621c0b217c800b39,/*/*[2]/*[2],,single,,,CHLORIDIA.,The End.,0,,45,151,6439,5449,part;song,14,0,True,True,title_page,True,extract-2026-09-08.13
A04645,,A04645,A04645.xml,18e237c2f94d552a6d736563a6c723821302d61a627ee87b39991d6d218d8f5b,/*/*[2]/*[2],,single,,,"EPICOENE, OR The ſilent VVoman.",THE END.,4,2 pages;2 pages;2 pages;2 pages,1289,1350,135819,1728,prologue;scene,62,0,True,False,dedication;dramatis_personae;title_page,True,extract-2026-09-08.13
A04647,,A04647,A04647.xml,d75d5fdc0c011fb50556444060ed03a6cc5114ec5418dcdc0000121c469d1b81,/*/*[2]/*[2],,single,,,EVERY MAN in his Humor.,FINIS.,0,,1097,1668,130643,0,scene,129,4,True,False,dramatis_personae;title_page,True,extract-2026-09-08.13
A04648,,A04648,A04648.xml,c02752e65dfca85e79ecc536513b60ed1d6b54f9b21cfae1598190a37c9f512d,/*/*[2]/*[2],,single,,,Euery man out of his Humor.,FINIS.,0,,1579,2272,192136,5191,induction;scene;to_the_reader,192,0,True,False,character_description;character_descriptions;dramatis_personae;publisher_to_the_reader;title_page,True,extract-2026-09-08.13
A04652,,A04652,A04652.xml,a94e6d77bd4c5c2e3ae53719e7b26f80c2b26232a8589214612b0a9659ad1e85,/*/*[2]/*[2],,single,,,The Antimasque followes.,The End.,0,,131,469,15347,390,part;text,15,1,True,False,title_page,True,extract-2026-09-08.13
A04654,,A04654,A04654.xml,e1bb964718e67cf5d1b4fb0d4e48b226eb03210acd57989327befc7955e87f0b,/*/*[2]/*[2],,single,,,HYMENAEI.,,0,,30,640,17226,24585,song;text,0,66,True,False,title_page,True,extract-2026-09-08.13
A04655,,A04655,A04655.xml,470fd21bce5dda5219e117de51794ae9c3664c7243fd1ad7656d6600126d9ea9,/*/*[2]/*[2],,single,,,To make the Spectators vnderstanders.,,0,,28,136,2696,4306,text,11,3,True,True,title_page,True,extract-2026-09-08.13
A04656,,A04656,A04656.xml,325685a2c965b3d0450d9444c1572fb2cda86e36d691eea05f221cc5c83a0a53,/*/*[2]/*[2],,single,,,NEPTVNES TRIVMPH.,The end.,0,,94,322,11332,1045,text,3,7,True,False,title_page,True,extract-2026-09-08.13
A04658,,A04658,A04658.xml,96627a7f0c2dc3b63a97fe02f643f2bbbb38d94fab749e21b002a6b59782aea0,/*/*[2]/*[2],,single,,,THE NEVV INNE.,,0,,1131,3060,110727,0,scene,33,0,True,True,act;argument;dedication;dramatis_personae;prologue;title_page,True,extract-2026-09-08.13
A04824,,A04824,A04824.xml,764aed3730d743f5e2e6b159c6aa840b873d1bfaee266fc4e39054f83f15761d,/*/*[2]/*[2],,single,,,The Introduction.,"FINIS. || Your Lord and friend, Timeus. || FINIS.",0,,773,1709,159449,5068,act;epilogue;introduction;prologue,214,0,True,False,title_page,True,extract-2026-09-08.13
A04874,,A04874,A04874.xml,3ac45314f63be340c14047f83ad155f0c829f60c6ffb6d529a5b99b9e8329ed5,/*/*[2]/*[2],,single,,,The ſeven Champions of Chriſtendome.,FINIS.,0,,659,2448,110183,3189,act,114,0,True,False,dedication;dramatis_personae;title_page,True,extract-2026-09-08.13
A04881,,A04881,A04881.xml,00d2baa336f8b3f1f2c336de51d4cff934017b09133ff1efedc12ab2dc73c420,/*/*[2]/*[2],,single,,,Ramme-Alley.,FINIS.,0,,912,2876,105040,0,act,106,0,True,True,dramatis_personae;prologue;title_page,True,extract-2026-09-08.13
A04888,,A04888,A04888.xml,0106326e595663c3c876083c2d89b12c81344a4fc6027cf39bffada1d3713fc4,/*/*[2]/*[2],,single,,,"A merie Knacke to knowe a Knaue,",Finis.,0,,393,1723,83240,0,text,61,0,True,True,title_page,True,extract-2026-09-08.13
A04889,,A04889,A04889.xml,fe2ed4b66750d6abeff3b5a3b1dad32d989c5e28608a5ce9a5cb126252f98d90,/*/*[2]/*[2],,single,,,"¶A pleaſant conceited Comoedie, called A knacke to know an honeſt Man.",Finis.,0,,532,1614,68556,0,play,104,0,True,False,title_page,True,extract-2026-09-08.13
A04896,,A04896,A04896.xml,5d20989c27ca96c2cffaa97e5aafdceb4dbcd13f88d02b54619498e0db6b3434,/*/*[2]/*[2],,single,,,RHODON AND IRIS.,"Your distressed sister, Violetta, Violetta.",0,,302,1757,72224,0,scene,84,0,True,True,dedication;dramatis_personae;encomium;prologue;title_page,True,extract-2026-09-08.13
A04941,,A04941,A04941.xml,bcd3435d0da2d351b88014fbbc634d7d6c3ba27d543cc624c43e6dc131bd21c8,/*/*[2]/*[2],,single,,,The First Part of Ieronimo.,Finis.,0,,475,1265,47128,0,text,90,0,True,False,title_page,True,extract-2026-09-08.13
A04942,,A04942,A04942.xml,0e4fdd6230b67c766384c1a1fd9affcd6f7795a1ef2cd6012d347d0f197f17f7,/*/*[2]/*[2],,single,,,ACTVS PRIMVS.,FINIS.,0,,684,2743,107854,3318,act,167,0,True,False,title_page,True,extract-2026-09-08.13
A05206,,A05206,A05206.xml,faa9510188dc57cebcc4ed373adac2cd54815933f764ddae88c4854727f39041,/*/*[2]/*[2],,single,,,The true Chronicle Historie of King Leir and his three daughters.,FINIS.,0,,609,2502,107930,40,scene,169,0,True,False,title_page,True,extract-2026-09-08.13
A05801,,A05801,A05801.xml,203bbff2b9561b4cb6469cd1d62d5c19bf59c80dfca288d3cbd9bd6bdee793e2,/*/*[2]/*[2],,single,,,THE VALIANT WELSHMAN.,FINIS.,0,,307,1852,87086,182,epilogue;scene,146,0,True,False,dramatis_personae;title_page;to_the_reader,True,extract-2026-09-08.13
A06150,,A06150,A06150.xml,09f51662bc1f9daa48ea24c65095de070b14c00a4e5e238b1eeadeeb5ed59a3e,/*/*[2]/*[2],,single,,,At the entrance of the King.,FINIS.,0,,17,199,5614,10400,part;text,0,0,True,False,dedication;introduction;title_page,True,extract-2026-09-08.13
A06177,,A06177,A06177.xml,64017995b06488aa14f65d65f301d144093ac43935192678da52502f5529e94d,/*/*[2]/*[2],,single,,,CVPIDS REVENG.,Finis Act. secundi. || Finis Actus quartus. || FINIS.,0,,922,2211,102382,190,act,108,0,True,False,printer_to_the_reader;title_page,True,extract-2026-09-08.13
A06184,,A06184,A06184.xml,46d2cd6f326d14a7db459b512f7fe28b796d4ec2fda04a328a1e3f1f3ee1f56f,/*/*[2]/*[2],,single,,,"The most Lamentable and true Tragedies of Marius and Scilla,","Rome the • Kalends of December. || Your vnfained frend, Cinna Consull. || Finis secundi Acti. || FINIS.",1,1 page,451,2414,105804,1015,act,98,0,True,False,title_page,True,extract-2026-09-08.13
A06185,,A06185,A06185.xml,ac48514b8b5842d6b5d8db8ede4597a1bd7c2691e2f11da398a34f7f3d4c1ad3,/*/*[2]/*[2],,single,,,A LOOKING GLASSE FOR London and England.,FINIS.,0,,518,1802,98870,1138,play,101,0,True,False,title_page,True,extract-2026-09-08.13
A06207,,A06207,A06207.xml,dc0dd8edc25b264fd70e7dcb5ec4c9dc7f9a369c3560ffd5eed73536d4352a22,/*/*[2]/*[2],,single,,,A King and NO KING.,Finis Actus Primi. || Finis Actus Secundi. || Finis Actus Tertij▪ || Finis Actus Quarti. || FINIS.,2,2 pages;2 pages,1116,2704,120538,0,act,67,0,True,False,dedication;title_page,True,extract-2026-09-08.13
A06252,,A06252,A06252.xml,6bbc3752116058086922e20785bf92fdd48044f3e8954c995924a2984ed3d537,/*/*[2]/*[2],,single,,,The famous Historie Of the Knight of the burning PESTLE.,Finis Actus tertij. Musicke. || Finis Act. 4. || FINIS.,0,,768,1791,107808,526,act;epilogue;prologue,132,0,True,False,dedication;title_page,True,extract-2026-09-08.13
A06270,,A06270,A06270.xml,2bf9d58c14dd6ebb8cbaa09dde41a7e9290e4a291d9f6df1ffa6a9d9706b16b4,/*/*[2]/*[2],,single,,,"A Larum for London, or the siedge of Antwerpe: with the vertuous actes and valorous deedes of the • ame Soldier.",FINIS,0,,451,1551,64765,0,epilogue;text,108,0,True,False,prologue;title_page,True,extract-2026-09-08.13
A06289,,A06289,A06289.xml,3d78b9566d2f2e9313d7385fa0e344dd3cd8b85a76cec79bdb99f96f67511969,/*/*[2]/*[2],,single,,,The Maydes Tragedy.,FINIS.,0,,951,2747,103612,835,act;masque,111,0,True,False,title_page,True,extract-2026-09-08.13
A06333,,A06333,A06333.xml,77954f48c3e6ed1e6aa86ba76cc92f562ab8702ce2d67618f1e79b0993ac28fd,/*/*[2]/*[2],,single,,,A pleaſaunt Commodye called Looke about you.,FJNIS. NOLI ALTVM SAPERE,0,,1289,2860,127115,0,dialogue,171,0,True,False,title_page,True,extract-2026-09-08.13
A06343,,A06343,A06343.xml,cd1804a1d44238097ca3a8679f74f0389b1f3b8c2a3c1953ba48d2addd656cf3,/*/*[2]/*[2],,single,,,PHYLASTER.,FINIS.,0,,816,1776,100231,476,act,119,0,True,False,dramatis_personae;title_page,True,extract-2026-09-08.13
A06389,,A06389,A06389.xml,d613e8159145cceb3949d1fef85b0d3fd988d27360e860c72bd491fdadd50149,/*/*[2]/*[2],,single,,,The Scornful Lady: A COMEDY.,Finis Actus secundi. || Finis Actus tertij. || Finis Actus Quarti. || FINIS.,0,,1133,1368,116571,0,scene,88,0,True,False,title_page,True,extract-2026-09-08.13
A06402,,A06402,A06402.xml,35388eea386923bae83795f761d278551c7685bd9cb30b5dc70aff9cf2c7ad2e,/*/*[2]/*[2],,single,,,The Phaenix in her Flames. A Tragedy.,Finis. Actus primi. || Finis Actus secundi. || Finis Actus tertij. || FINIS.,0,,497,2816,119670,665,act;act_and_scene;epilogue,112,1,True,False,dedication;dramatis_personae;prologue;title_page,True,extract-2026-09-08.13
A06453,,A06453,A06453.xml,54bcb7b1625fafeca6db445f951d39af2b315e012ef84affa4da9961de7b5b5e,/*/*[2]/*[2],,single,,,Nights firſt ſong.,FINIS.,0,,0,227,0,19600,masque,28,0,True,True,title_page,True,extract-2026-09-08.13
A06458,,A06458,A06458.xml,0c5761c95cbd630f1ec77d0f264968de2abd02e669273d269aeb1070c319409c,/*/*[2]/*[2],,single,,,The Woman Hater.,Finis Actus p • im • . || Finis Actus secun. || Finis Act. 3. || Finis Act. 4. || FINIS.,0,,919,1469,116220,89,scene,112,0,True,True,prologue;title_page,True,extract-2026-09-08.13
A06480,,A06480,A06480.xml,3ae5199db148e3f4dc4a36d236210c02d71aa8040b5615e5dafda057a673bcfc,/*/*[2]/*[2],,single,,,"Theologie commeth in a long ancient garment like a Prophet, and speaketh as doth folowe.","FINIS, || ꝑ T. Lupton.",0,,312,1473,75162,456,text,67,0,True,True,prologue;title_page,True,extract-2026-09-08.13
A06583,,A06583,A06583.xml,a1d8c9b67a38e5ef62238babf97361bb2178a457cf7cd21c9c2a473671e2ab14,/*/*[2]/*[2],,single,,,"Actus primus, Scaena prima.",,0,,569,576,65177,68,scene,48,0,True,True,prologue;title_page,True,extract-2026-09-08.13
A06589,,A06589,A06589.xml,5238a59b58d2971222776b191f7f61e9e404194dc49ece01f678a9986b703283,/*/*[2]/*[2],,single,,,Actus primus. Scaena prima.,FINIS.,0,,699,713,100711,0,scene,59,0,True,True,printer_to_the_reader;prologue;title_page,True,extract-2026-09-08.13
A06619,,A06619,A06619.xml,1e28bcac2926189b601471447c6fb25dcb1608f0a0d0d548a1349e7c0f5d4b77,/*/*[2]/*[2],,single,,,GALLATHEA.,FINIS.,0,,484,491,70375,0,epilogue;scene,68,0,True,False,prologue;title_page,True,extract-2026-09-08.13
A06620,,A06620,A06620.xml,116f896570e1771fa0f301aa6139e7aa9f9c3c7e478173120e0f22ab4d4fe1b0,/*/*[2]/*[2],,single,,,Loues Metamorphosis.,FINIS.,0,,432,438,55338,150,scene,33,0,True,False,title_page,True,extract-2026-09-08.13
A06621,,A06621,A06621.xml,3bcf3da923e42d87bcd3d4c60a619172cf449a7d973790a3688866ed726e7988,/*/*[2]/*[2],,single,,,Actus primus. Scaena prima.,FINIS.,0,,522,544,79835,0,scene,43,1,True,False,prologue;title_page,True,extract-2026-09-08.13
A06622,,A06622,A06622.xml,b92d9645fd50a5d52e5e1ca0a549a52876ae7cbd710d1a08112040c64539873d,/*/*[2]/*[2],,single,,,"A pleasant conceited Comoedie, called Mother Bombie.",FINIS.,0,,864,910,85726,0,scene;song,80,0,True,False,title_page,True,extract-2026-09-08.13
A06625,,A06625,A06625.xml,e459868097b69b702869973abc9df326cb9859b5c1f13d8e50b24cb4a127127d,/*/*[2]/*[2],,single,,,Actus primus. Schaena prima.,,0,,522,523,68264,882,epilogue;scene,38,0,True,True,prologue;title_page,True,extract-2026-09-08.13
A06629,,A06629,A06629.xml,b1fe570d7e835be171a84ca379bfd1c0d2d8adbb335b73cb766d9edf3277310c,/*/*[2]/*[2],,single,,,Act. 2.,Actus primi finis. || Actus 2. finis. || Finis Actus tertij. || FINIS.,1,1+ pages,584,1531,62920,1004,scene,120,0,True,False,prologue;title_page,True,extract-2026-09-08.13
A06742,,A06742,A06742.xml,b9c6d269e114554975c86fb4363fbd6052072c4900f7c0fe7f7b49958ad08468,/*/*[2]/*[2],,single,,,The Prologue.,The end of the firſt Act. || FINIS.,0,,626,1771,69214,2285,act;prologue,65,0,True,False,title_page,True,extract-2026-09-08.13
A06975,,A06975,A06975.xml,b9eee1f3b7b00317a7b6cc1deecef30a9acd0d7a4439ea1b427ddd9d7fbfb237,/*/*[2]/*[2],,single,,,Act. 1.,FINIS.,0,,625,1991,96909,0,scene,124,0,True,False,dedication;title_page,True,extract-2026-09-08.13
A06982,,A06982,A06982.xml,27991b8c3ed5da3c6159c1b9cb1114df9e90db3ac519e45d7f9dbf408c292a37,/*/*[2]/*[2],,single,,,The true TRAGEDY OF HEROD AND ANTIPATER.,Finis Actus primae. || Finis Actus secundae || Finis Actus tertiae. || Finis Actus quarti.,0,,812,3022,115846,0,act,140,0,True,True,prologue;title_page;to_the_reader,True,extract-2026-09-08.13
A06991,,A06991,A06991.xml,de7d6e421208fc6ea602517791fd6ecdb6218587f06e34b1b58f3a080579793b,/*/*[2]/*[2],,single,,,THE IEW OF MALTA.,FINIS.,0,,853,2363,93354,0,act,141,0,True,False,dedication;epilogue;prologue;title_page,True,extract-2026-09-08.13
A07003,,A07003,A07003.xml,9c79d9c93d11e44e98eb9aa43d60b61716bd409852364f3367068bce21e373e2,/*/*[2]/*[2],,single,,,THE MASSACRE AT PARIS. VVith the Death of the Duke of Guise.,FINIS.,0,,361,1174,50172,0,play,141,0,True,False,title_page,True,extract-2026-09-08.13
A07004.1,A07004,A07004,A07004.xml,53c535a59d7ed7d4ea31ea172f342bcccd210af96c1cab23bd652950fb9c5f12,/*/*[2]/*[2]/*[1],,body_div,play,,"The two tragical Discourses of mighty Tamburlaine, the Scythian Shepheard. &c.",Finis Actus 2. || Finis Actus tertii. || Finis Actus quarti. || Finis Actus quinti & vltimi huius primae partis.,0,,389,2274,93612,1144,prologue;scene,74,0,True,False,printer_to_the_reader;title_page,True,extract-2026-09-08.13
A07004.2,A07004,A07004,A07004.xml,53c535a59d7ed7d4ea31ea172f342bcccd210af96c1cab23bd652950fb9c5f12,/*/*[2]/*[2]/*[2],,body_div,illustration,,"Tamburlaine, the great.",,0,,0,0,0,0,,0,0,True,False,printer_to_the_reader;title_page,True,extract-2026-09-08.13
A07004.3,A07004,A07004,A07004.xml,53c535a59d7ed7d4ea31ea172f342bcccd210af96c1cab23bd652950fb9c5f12,/*/*[2]/*[2]/*[3],,body_div,part,2,"THE SECOND PART OF The bloody Conquests of mighty Tamburlaine. With his impassionate fury, for the death of his Lady and",Finis Actus primi. || Finis Actus quarti. || FINIS.,0,,363,2295,93851,1865,prologue;scene,72,0,True,False,printer_to_the_reader;title_page,True,extract-2026-09-08.13
A07009,,A07009,A07009.xml,247c57e25a9e2075e6ed0a59f383a4b8a3487a03298cfc080eebc7ffc4be9361,/*/*[2]/*[2],,single,,,The tragicall Historie of Doctor Faustus.,"Terminat hora diem, Terminat Author opus.",0,,409,1065,59824,238,play,111,0,True,False,title_page,True,extract-2026-09-08.13
A07018,,A07018,A07018.xml,930736501956c116eeb7bc22039176862086999d0f334d18793bc981e95652db,/*/*[2]/*[2],,single,,,"The troublesome raigne and lamentable death of Edward the second, king of England: with the tragicall fall of proud Mort","Your honors in all seruice,Lewne. || FINIS.",0,,949,2651,106866,976,play,113,0,True,True,title_page,True,extract-2026-09-08.13
A07023,,A07023,A07023.xml,1263b36efb4d2db02a5e05bf75a50add412656b2a74c0bd50f689da49eca4815,/*/*[2]/*[2],,single,,,The Tragedie of Dido Queene of Carthage.,FINIS.,0,,349,1734,71600,0,act;masque,56,0,True,False,title_page,True,extract-2026-09-08.13
A07024,,A07024,A07024.xml,68b72bcaea0a57e03f7c9ee75c72f6a34eba9b4ae2b4740ce0567f0e2d336b05,/*/*[2]/*[2],,single,,,A Fine Companion.,FINIS.,0,,872,1768,116924,541,prologue;scene,81,0,True,False,dedication;dramatis_personae;title_page,True,extract-2026-09-08.13
A07025,,A07025,A07025.xml,3823815eb707aa9dd5b5f5289afe2b480eaeb27a3fd0e26429f036c61f17badd,/*/*[2]/*[2],,single,,,HOLLANDS LEAGVER.,FINIS.,0,,901,2841,103295,0,scene,67,0,True,False,author_to_the_reader;dramatis_personae;prologue;title_page,True,extract-2026-09-08.13
A07052,,A07052,A07052.xml,78f6a517b2b8971278f99da8a867a2385066e99d83c32e5e6dae8af46387235d,/*/*[2]/*[2],,single,,,¶The players names.,FINIS.,0,,362,1154,54525,297,act;scene,11,0,True,False,title_page,True,extract-2026-09-08.13
A07063,,A07063,A07063.xml,276aef8fda676a7164ea70c6d35725650814816aa27648e65fb34a40c5b2f814,/*/*[2]/*[2],,single,,,ACTVS PRIMVS.,From Venice: PIERO SFORZA. || FINIS.,0,,484,1342,69554,137,act,68,0,True,True,dedication;introduction;prologue;text;title_page,True,extract-2026-09-08.13
A07064,,A07064,A07064.xml,8d021e8f2fbbd3443d6eb764b862c15e1f39b6f5f4095486e2878542491747f3,/*/*[2]/*[2],,single,,,Antonios Reuenge. ¶ The second part of the Historie of Antonio and Mellida.,FINIS ACTVS SECVNDI. || Explicit Actus tertius. || FINIS.,0,,498,1834,78628,1437,prologue;scene,124,0,True,False,title_page,True,extract-2026-09-08.13
A07065,,A07065,A07065.xml,b2d8e6f1e03431820e7b71bf97adda8d8e4fc4846277faef750026a9306e4c74,/*/*[2]/*[2],,single,,,THE Dutch Curtezan.Turpe eſt diffi • de • habere nug •••,Finis Actus Primi. || Finis Actus Secundi. || Finis Actis Ter ••• . || Finis Actus quartus,0,,781,1236,91830,172,act;scene;song,126,1,True,False,argument;dramatis_personae;prologue;title_page,True,extract-2026-09-08.13
A07067,,A07067,A07067.xml,b99a4687a1858a855b664088713b3144604f5fa2c905264f89b82fe88698391c,/*/*[2]/*[2],,single,,,THE INSATIATE Countesse.,Finis Actus primi. || Finis Actus secundi. || Finis Actus tertij. || Finis Acti Quarti. || FINIS.,0,,721,2253,106995,0,act_and_scene,148,0,True,False,title_page,True,extract-2026-09-08.13
A07071,,A07071,A07071.xml,46a4801fcb3548956ad5b3be546df46731bf57b4b5b95a79e770029bf94834a1,/*/*[2]/*[2],,single,,,THE MALCONTENT.,Finis actus tertij. || Finis.,0,,653,1217,77593,219,scene,110,16,True,False,dedication;dramatis_personae;title_page;to_the_reader,True,extract-2026-09-08.13
A07074,,A07074,A07074.xml,4c52c5667619099b64f343aad2cfc42a2f09d12a39d6b037fd9481f5724378ba,/*/*[2]/*[2],,single,,,THE MALECONTENT. 〈…〉,FINIS.,0,,891,1559,103898,949,introduction;poem;scene,139,17,True,False,dedication;dramatis_personae;title_page;to_the_reader,True,extract-2026-09-08.13
A07077,,A07077,A07077.xml,b6fada6ab503a25eb592c5779696aa3dc55d980ec326643c713ab23607b257ca,/*/*[2]/*[2],,single,,,The Fawne.,Actus tertii Finis. || Finis Actus quarti.,0,,871,1377,118808,0,act;scene,82,2,True,True,dramatis_personae;errata;prologue;title_page;to_the_reader,True,extract-2026-09-08.13
A07081,,A07081,A07081.xml,2009a9dea1d6b2d747fa5f34627009d9fb5c864120e2e5f54fedc1ba301fa76b,/*/*[2]/*[2],,single,,,What you will.,FINIS.,0,,700,1554,90053,1152,induction;prologue;scene,62,0,True,False,title_page,True,extract-2026-09-08.13
A07083,,A07083,A07083.xml,4a355a3b46bf4ff5cd41fafc569ec9ad880a632e914a9f037377ce2db4cfc9ca,/*/*[2]/*[2],,single,,,Actus Primi.,Actus Primi. FINIS. || Actus Secundi. Finis. || Actus Tertii FINIS. || Actus Quarti. FINIS.,0,,410,1757,66551,691,epilogue;scene,105,0,True,True,argument;prologue;title_page;to_the_reader,True,extract-2026-09-08.13
A07217,,A07217,A07217.xml,0c106e2d6d370936a95809449063357d35313f243c85055268d7043135c68d02,/*/*[2]/*[2],,single,,,"Mulleasses the Turke,",FINIS. || FINIS. || Finis Actus Primi. || Finis Actus Secundi. || Finis Actus 3. || Finis Actus quart. || FINIS.,0,,564,2043,89632,1919,act;epilogue;printers_note;prologue;scene,110,0,True,False,title_page,True,extract-2026-09-08.13
A07234,,A07234,A07234.xml,4fdbbbfe2f392c1be74d844a3495555cc73e94caa097e4cf32ed2b04206fa053,/*/*[2]/*[2],,single,,,The Bond-man.,FINIS.,0,,700,2934,105502,0,scene,110,0,True,False,dedication;dramatis_personae;title_page;to_the_reader,True,extract-2026-09-08.13
A07237,,A07237,A07237.xml,5362adc29e86ff8634a49ecba45ada341fbf330d2948eba11bb2131f20d2c632,/*/*[2]/*[2],,single,,,THE DVKE OF MILLAINE.,"Your Highnesse humble Seruant, Gaspero. || FINIS.",0,,654,2989,107837,367,scene,77,0,True,False,dedication;dramatis_personae;title_page;to_the_author,True,extract-2026-09-08.13
A07238,,A07238,A07238.xml,b26200511063f3b86d88e69abd89922f9afba42b8ae857b42d4036b44b9c2556,/*/*[2]/*[2],,single,,,The Emperour of the East. The Scaene Constantinople.,The end of the second Acte. || The ende of the third Act. || The • nde of the fourth act. || THE END.,0,,651,2825,101857,0,scene,96,0,True,True,dedication;dramatis_personae;encomia;prologue;title_page,True,extract-2026-09-08.13
A07239,,A07239,A07239.xml,7e1bdcf0ef37ae13346e6e277dfa9f5a76cfb63858566f051b440a8323b22967,/*/*[2]/*[2],,single,,,A COMICAL HISTORY OF THE GREAT DVKE OF FLORENCE.,Finis Actus primi. || Finis Actus secundi. || The end of the third Act. || The end of the fourth Act. || The end.,0,,648,2725,95770,0,scene,106,0,True,False,dedication;dramatis_personae;title_page;to_the_author,True,extract-2026-09-08.13
A07240,,A07240,A07240.xml,8073fec26fc2cb2fbc692a42fa4499dbc4c281400bcbd94733c1b1d41137f8d8,/*/*[2]/*[2],,single,,,THE MAIDE OF HONOVR. A Tragae-Comedy.,The end of the first Act. || The end of the second Act. || The end of the third Act. || The end of the fourth Act. || The END.,0,,721,2791,96785,0,scene,130,0,True,False,dedication;dramatis_personae;poem;title_page,True,extract-2026-09-08.13
A07241,,A07241,A07241.xml,4c5d3ccbd08c17b1ae268baf6589477a975ef31240542db8d6d13d5280c28d4e,/*/*[2]/*[2],,single,,,A NEW WAY TO PAY OLD DEBTS: A COMEDIE.,finis Actus tertii. || FINIS.,0,,842,2826,102412,373,epilogue;scene,122,0,True,False,dedication;dramatis_personae;encomium;title_page,True,extract-2026-09-08.13
A07246,,A07246,A07246.xml,e76674d53d0aad0711a68e98b18051aa0dbcf757d373d99ce1aa1c0156a5b246,/*/*[2]/*[2],,single,,,THE RENEGADO.,The end of the first act. || The end of the third Act. || The end of the fourth Act • || FINIS.,0,,639,2828,99974,3527,scene,144,0,True,False,dedication;dramatis_personae;encomium;title_page,True,extract-2026-09-08.13
A07248,,A07248,A07248.xml,0939dd4a8bfc120fb8b55bc7d27ae32eaa5a601a1ecc9f1b981ac8beec4999b8,/*/*[2]/*[2],,single,,,THE VNNATVRALL COMBAT.,FINIS. || T • O. WY`KES. IAN. 21. 1638.,0,,579,2627,94100,1940,imprimatur;scene,96,1,True,False,dedication;dramatis_personae;title_page,True,extract-2026-09-08.13
A07249,,A07249,A07249.xml,3217dbe82979133269d93672dd4a36f1df0bca042e7210efd4877e6c9018e986,/*/*[2]/*[2],,single,,,THE VIRGIN MARTIR.,Finis actus primus. || Finis Actus tertis. || The end of the fourth Act. || FINIS.,0,,887,2731,110739,0,act,123,0,True,False,dramatis_personae;title_page,True,extract-2026-09-08.13
A07251,,A07251,A07251.xml,d15af873d301b9df10fdb7f8139830cb1b7150bfd6539863308005ea7fd48bca,/*/*[2]/*[2],,single,,,The Fatall Dowry: A Tragedy.,FINIS.,0,,723,2738,106027,0,scene,121,0,True,False,dramatis_personae;song;songs;title_page,True,extract-2026-09-08.13
A07326,,A07326,A07326.xml,5fd00c0c567fa10a7fa2800d14d2b323eb572969fe8b40a2889ec6eb5570a28a,/*/*[2]/*[2],,single,,,AN EXCELLENT COMEDY CALLED the Heire.,"Yours or not, Philocles. || FINIS.",0,,733,2060,82524,0,act,91,0,True,True,encomium;title_page,True,extract-2026-09-08.13
A07329,,A07329,A07329.xml,0e2ae483f88d6a8b99dbd69cf4ebbb2fdf3242f88acfe9f6b7aab6c7a1e410c1,/*/*[2]/*[2],,single,,,THE TRAGEDY OF ANTIGONE The Theban Princeſſe.,Finis actui primis || FINIS.,0,,246,1628,63204,0,act;scene,58,0,True,True,argument;dedication;title_page,True,extract-2026-09-08.13
A07330,,A07330,A07330.xml,0b6d03b64949866f90a50ba5c079e3f3ee4cfebd44a28b76bf966a83dddcf7a0,/*/*[2]/*[2],,single,,,THE TRAGEDIE OF CEOPATRA.,FINIS.,0,,430,2070,77397,0,act,156,0,True,True,dedication;title_page,True,extract-2026-09-08.13
A07367,,A07367,A07367.xml,61eb31df7429d21844e4bc840b60a789d14be772dd78a533edc8b3336a869120,/*/*[2]/*[2],,single,,,ACTVS I.,FINIS.,0,,1157,3141,98182,1131,scene;song,115,0,True,True,dramatis_personae;prologue;title_page;to_the_reader,True,extract-2026-09-08.13
A07395.1,A07395,A07395,A07395.xml,92978e526e819188a351f4b8d95a198c89ba85e7b91a91e900ba38bf67fda8eb,/*/*[2]/*/*[1],,body_div,title_page,,,,0,,0,2,0,181,title_page,0,0,False,False,,True,extract-2026-09-08.13
A07395.2.1,A07395.2,A07395,A07395.xml,92978e526e819188a351f4b8d95a198c89ba85e7b91a91e900ba38bf67fda8eb,/*/*[2]/*/*[2]/*[2],,work_div,part,1,,¶ Thus endeth the fyrst parte.,0,,203,1459,50620,0,part,12,0,False,False,,True,extract-2026-09-08.13
A07395.2.2,A07395.2,A07395,A07395.xml,92978e526e819188a351f4b8d95a198c89ba85e7b91a91e900ba38bf67fda8eb,/*/*[2]/*/*[2]/*[3],,work_div,part,2,¶ The second part •… .,,0,,297,1268,35755,2140,part,16,0,False,False,,True,extract-2026-09-08.13
A07492,,A07492,A07492.xml,949f740e0f937f62a02b0b151d15cff21f029e0970cf566372189e157a58224a,/*/*[2]/*[2],,single,,,Blurt Master Constable.,FINIS.,0,,703,1183,88055,0,text,105,0,True,False,title_page,True,extract-2026-09-08.13
A07493,,A07493,A07493.xml,2a760a8a0e0a2801b5b1c994152f57f5daa89577140d959fe550f47aac8a7d2f,/*/*[2]/*[2],,single,,,A Chaſt Mayd in Cheape-ſide.,FINIS.,0,,1051,2047,86139,1102,act,134,0,True,False,dramatis_personae;title_page,True,extract-2026-09-08.13
A07494,,A07494,A07494.xml,51d254aebe051e62f0d1bfb36a489917dd28d09d371b8ef1187330a66da9fdaa,/*/*[2]/*[2],,single,,,The Citties Loue The Entertainment by Water at Chelſey and White-hall.,Tho. Middleton. || FINIS.,0,,6,103,2935,15045,part;text,8,0,True,False,illustration;title_page,True,extract-2026-09-08.13
A07495,,A07495,A07495.xml,eaf10caaf8ca2859a409f7c0787f50f8dc572e2da7d930ce87a9f39aea48cb05,/*/*[2]/*[2],,single,,,ACTVS PRIMVS.,Finis Act. Primi. || Finis Actus Secundi. || Finis Actus Tertij. || FINIS.,1,2 pages,704,1105,102300,2924,epilogue;scene,89,0,True,False,dramatis_personae;prologue;title_page;to_the_reader,True,extract-2026-09-08.13
A07498,,A07498,A07498.xml,1acba45f31d6bca934425ccabf8e38a7265c77dbe9a2c5a638bb92bc707a535a,/*/*[2]/*[2],,single,,,A Game at Cheſse.,Finit Actus Primus || Finit Actus Secundus. || Finit Actus Tertius. || Finit Actus Quartus.,0,,640,2374,92732,349,act;introduction;scene,66,0,True,True,poem;prologue;title_page,True,extract-2026-09-08.13
A07502.1,A07502,A07502,A07502.xml,6a7e901f946c3e6e139cbe71859884ee92d6322da4b64ecab7666ebdbd156d62,/*/*[2]/*[2]/*[1],,body_div,entertainment,1,HONOVRABLE ENTERTAINMENTS.,,0,,0,91,0,3952,entertainment,2,0,True,False,dedication;poem;title_page,True,extract-2026-09-08.13
A07502.2.1,A07502.2,A07502,A07502.xml,6a7e901f946c3e6e139cbe71859884ee92d6322da4b64ecab7666ebdbd156d62,/*/*[2]/*[2]/*[2]/*[6],,work_div,part,,"Vpon the renewing of that worthy and laudable Cuſtome of Uiſiting the Springs and Conduite Heads, for the Sweetneſſe and",,0,,0,52,0,2262,part,1,0,True,False,dedication;poem;title_page,True,extract-2026-09-08.13
A07502.2.2,A07502.2,A07502,A07502.xml,6a7e901f946c3e6e139cbe71859884ee92d6322da4b64ecab7666ebdbd156d62,/*/*[2]/*[2]/*[2]/*[7],,work_div,part,,"Vpon diſcontinuance, and to excite them to practiſe. A Speech intended for the generall Training, being appointed for th",,0,,0,96,0,4130,part,3,0,True,False,dedication;poem;title_page,True,extract-2026-09-08.13
A07502.2.3,A07502.2,A07502,A07502.xml,6a7e901f946c3e6e139cbe71859884ee92d6322da4b64ecab7666ebdbd156d62,/*/*[2]/*[2]/*[2]/*[8],,work_div,part,,At the Houſe of the Right Honorable Sir Francis Ihones.,,0,,20,137,2810,4409,part,7,0,True,False,dedication;poem;title_page,True,extract-2026-09-08.13
A07502.2.4.1,A07502.2.4,A07502,A07502.xml,6a7e901f946c3e6e139cbe71859884ee92d6322da4b64ecab7666ebdbd156d62,/*/*[2]/*[2]/*[2]/*[9],/*/*[2]/*[2]/*[2]/*[9] children 1-8,work_div,part,,The Inuention.,,0,,41,17,0,6576,part,6,0,True,False,dedication;poem;title_page,True,extract-2026-09-08.13
A07502.2.4.2,A07502.2.4,A07502,A07502.xml,6a7e901f946c3e6e139cbe71859884ee92d6322da4b64ecab7666ebdbd156d62,/*/*[2]/*[2]/*[2]/*[9],/*/*[2]/*[2]/*[2]/*[9] children 9-13,work_div,part,,"The Song of welcome, after which Flora thus Cloſes the Entertainment.",,0,,0,59,0,2851,part,6,0,True,False,dedication;poem;title_page,True,extract-2026-09-08.13
A07502.2.4.3,A07502.2.4,A07502,A07502.xml,6a7e901f946c3e6e139cbe71859884ee92d6322da4b64ecab7666ebdbd156d62,/*/*[2]/*[2]/*[2]/*[9],/*/*[2]/*[2]/*[2]/*[9] children 14-30,work_div,part,,,FINIS.,0,,12,71,2468,648,part,6,0,True,False,dedication;poem;title_page,True,extract-2026-09-08.13
A07502.2.0,A07502.2,A07502,A07502.xml,6a7e901f946c3e6e139cbe71859884ee92d6322da4b64ecab7666ebdbd156d62,/*/*[2]/*[2]/*[2],,residual,residual,2,The ſecond Entertainment.,,0,,0,58,0,2536,entertainment,18,0,True,False,dedication;poem;title_page,True,extract-2026-09-08.13
A07503,,A07503,A07503.xml,d5dc0e8767f86a5cd30806a255394da83aa10a5941a68625af8d1e9dbdb729a3,/*/*[2]/*[2],,single,,,THE INNER-TEMPLE MASQVE.,FINIS.,0,,66,228,9437,3224,text,15,0,True,False,dramatis_personae;poem;title_page,True,extract-2026-09-08.13
A07504,,A07504,A07504.xml,8717fc946a0003e412ecbeb563fdd1b26581adf75f6b868b1c203a72c97a9ee2,/*/*[2]/*[2],,single,,,"A mad VVorld, my Maſters.",Finit Actus Primus. || Finit Actus Secundus. || Finit Actus Tertius. || FINIS.,0,,974,1374,94000,0,act,97,0,True,False,title_page,True,extract-2026-09-08.13
A07505,,A07505,A07505.xml,9d2721e2d75f0a96753630b966b934a33ac4962f533a3c53dc26507146be872f,/*/*[2]/*[2],,single,,,Inductio.,Finis Actus ſes •• dus. || Finit Actus tertius. || Finis Actus Quartus. || FINIS,0,,1083,1420,98042,3763,act,91,0,True,False,title_page,True,extract-2026-09-08.13
A07507,,A07507,A07507.xml,fdc8d4fb9edb23c9d13be2ec1da5c8eb0e773f74f69cdd87955bd75e26412e0e,/*/*[2]/*[2],,single,,,THE Phoenix:,FINIS.,0,,1131,1630,101179,0,play,89,0,True,True,title_page,True,extract-2026-09-08.13
A07510,,A07510,A07510.xml,79f46a5cf06a33f7d942f39577152adf6c2874a4270e32d7617eecf08b6778d8,/*/*[2]/*[2],,single,,,THE SVNNE IN ARJES.,FINIS.,0,,1,196,1647,11913,text,0,0,True,True,dedication;title_page,True,extract-2026-09-08.13
A07511,,A07511,A07511.xml,984520250bf7e3bd51c75e0233af22bca60be9c4a29a26201c21dd3187819daf,/*/*[2]/*[2],,single,,,A Trick to catch the old one.,Theodorus Wit-good. || FINIS.,0,,1018,1269,94691,0,act,91,0,True,False,title_page,True,extract-2026-09-08.13
A07512,,A07512,A07512.xml,f239272fb804acdaea805e74db03cbec57d603817ffe3d06b4136d585ae1bdc6,/*/*[2]/*[2],,single,,,The Triumphes of Health and Proſperity.,FINIS.,0,,0,107,0,10233,text,0,0,True,False,dedication,True,extract-2026-09-08.13
A07513,,A07513,A07513.xml,74de733a99ed75d1be1c606ac5d9444a250f6fdfed6671097e609e4c4b6c6385,/*/*[2]/*[2],,single,,,The firſt Inuention.,FINIS.,0,,4,98,2244,10625,part;speech;triumph;version,0,0,True,False,dedication;title_page,True,extract-2026-09-08.13
A07515,,A07515,A07515.xml,2481b5d5ca2bbb164804525e04cd73632761b01b9354fce197f82ecb30c2564b,/*/*[2]/*[2],,single,,,THE TRIVMPHS OF Honor and Vertue.,FINIS.,0,,0,166,0,13817,poem;triumph,0,0,True,False,dedication;title_page,True,extract-2026-09-08.13
A07516,,A07516,A07516.xml,8f67fa09eb476b8f5b5c29f52195c831fd3ca7669c167bf0fe26f984c06a34e5,/*/*[2]/*[2],,single,,,"THE TRIVMPHS OF Integrity, or a Noble Solemnity through the City.",,0,,0,162,0,14047,solemnity,0,1,True,True,dedication;title_page,True,extract-2026-09-08.13
A07517,,A07517,A07517.xml,7f88467c80828d817fb63e250db8dbe8d1351370aafe3d9d805cb68d89b9108f,/*/*[2]/*[2],,single,,,The Triumphs of Loue and Antiquity.,FINIS.,0,,0,274,0,21101,poem;speech;summary_of_attendees;triumph,0,0,True,False,dedication;title_page,True,extract-2026-09-08.13
A07518,,A07518,A07518.xml,83d3652747ff53db2015b24203b45969bb35799aac5073532f92c537ab7357ea,/*/*[2]/*[2],,single,,,THE TRYVMPHS Of Truth.,,0,,22,488,20195,14754,triumph,1,1,True,True,dedication;title_page,True,extract-2026-09-08.13
A07524,,A07524,A07524.xml,eefc3ba75c485117f2b4be8a477b10101896e61663738fde83180c9faf6519f6,/*/*[2]/*[2],,single,,,The Roaring Girle.,,0,,1278,2334,119069,0,play,118,1,True,True,dedication;dramatis_personae;prologue;title_page,True,extract-2026-09-08.13
A07525,,A07525,A07525.xml,0e87bcfcb2362404c7e98e0df76a7652c7d3bebc8865b9a08034afc12a23b50f,/*/*[2]/*[2],,single,,,A COVRTLY MASQVE.,,0,,208,927,41421,1299,introduction;masque,36,0,True,True,dedication;dramatis_personae;prologue;title_page;to_the_reader,True,extract-2026-09-08.13
A07555,,A07555,A07555.xml,d8c8ca5480531bb61bc2f8e7a294937d08feba024abc67a17ec543def6358df8,/*/*[2]/*[2],,single,,,"A MASKE PERFORMED BEFORE the praesident of WALES at Ludlow, 1634.",The End.,0,,63,1040,36956,3939,masque,14,0,True,False,dedication;title_page,True,extract-2026-09-08.13
A07637,,A07637,A07637.xml,e0e3f9eab419c83a7a2d0cde93cb860ca92c76f3499923e9d647337cc2cd3f1b,/*/*[2]/*[2],,single,,,"See mee, and ſee mee not.",FINIS.,0,,338,1644,63718,3178,play;song;speech,52,0,True,False,dedication;dramatis_personae;prologue;title_page,True,extract-2026-09-08.13
A07859,,A07859,A07859.xml,d345521961193271d2fe553108f182991b11c3bc3856fdcc3060896b6744fddc,/*/*[2]/*[2],,single,,,"A most pleasant Comedie of Mucedorus the Kings sonne of Valentia, and Amadine, the kings daughter of Arragon.",FINIS.,0,,517,1179,54712,290,masque,79,0,True,False,dramatis_personae;title_page,True,extract-2026-09-08.13
A07895,,A07895,A07895.xml,962940d43b239451f83cd69bcfbd4f872d05df5fe8e4bbb736a6e74dabd4db82,/*/*[2]/*[2],,single,,,The Triumphs of Golde.,FINIS.,0,,18,271,13744,10007,part,0,2,True,False,title_page,True,extract-2026-09-08.13
A07897,,A07897,A07897.xml,220eb98e42eb5b603a479230376ce02dbc0c7ec4dd5a2e4c9b24b89c98b1b54c,/*/*[2]/*[2],,single,,,"THE DEATH OF ROBERT, EARLE OF HVNTINGTON.",FINIS.,0,,773,2789,112483,1660,epilogue;scene,153,0,True,False,title_page,True,extract-2026-09-08.13
A07903,,A07903,A07903.xml,1ed0f7958071baea07ae9dbb2477949320c2df18f006c4b521541e98b2a0482c,/*/*[2]/*[2],,single,,,"Himatia-Poleos. Or, The Olde Draperie and Clothing of ENGLAND.",FINIS.,0,,0,134,0,21503,conclusion;pageant_play;speech,0,4,True,False,title_page,True,extract-2026-09-08.13
A07904,,A07904,A07904.xml,2dc1ab9a6ec66118f23628da7c413bfd90d828b6303458f85e55b107f8116592,/*/*[2]/*[2],,single,,,The Shewes appointed for ſeruice on the LAND.,FINIS.,0,,6,230,2595,16920,part;speech;text,0,1,True,False,title_page,True,extract-2026-09-08.13
A07906,,A07906,A07906.xml,a7fcc1740aaae2470c9d81f56d113e264557ea1e905a215d060e75ce07ebc6e2,/*/*[2]/*[2],,single,,,Sidero-Thriambos.,FINIS.,0,,5,123,1389,12646,dialogue;narrative;speech,0,1,True,False,dedication;title_page,True,extract-2026-09-08.13
A07907,,A07907,A07907.xml,c29dc5e4dc923b1f86cda33c2dfe5a3ccbb35a6798e84ff3a2f95bd899ec22a6,/*/*[2]/*[2],,single,,,The Shippe called the Royall EXCHANGE.,FINIS. || FINIS. || FINIS.,0,,31,321,13336,11306,part;subpart;text,1,8,True,False,title_page,True,extract-2026-09-08.13
A07970,,A07970,A07970.xml,eed4549c8e6fd3d5fbe3d77e244ee0b8fa90a3c99dcff7a0be2dd2e11199a572,/*/*[2]/*[2],,single,,,The Bride.,,0,,648,1807,80308,0,scene,113,0,True,True,dedication;dramatis_personae;prologue;title_page,True,extract-2026-09-08.13
A07971,,A07971,A07971.xml,ecc11c755a4d7af4c7b90f0caa5026e29af97471d0d80b51331c1c6fbbe68eb3,/*/*[2]/*[2],,single,,,Act. 1. Scoen. 1.,FINIS.,0,,811,1535,92764,498,epilogue;scene,66,0,True,False,dedication;dramatis_personae;prologue;title_page,True,extract-2026-09-08.13
A07974,,A07974,A07974.xml,5bf95bb48179407c696e4987f4b331981723a8fa33e5b6ed7619a18482b11c08,/*/*[2]/*[2],,single,,,HANNIBALL AND SCIPIO.,FINIS.,0,,350,2302,82699,2241,epilogue;scene,85,0,True,False,dramatis_personae;letter;prologue;title_page,True,extract-2026-09-08.13
A07975,,A07975,A07975.xml,8f3be37eaad584b371ea33d900500f82ba53b5be682d92d3075449ae0cbf0823,/*/*[2]/*[2],,single,,,MICROCOSMVS.,The End.,0,,283,1219,56142,1498,act;dance;song,62,1,True,False,dedication;dramatis_personae;errata;title_page;to_the_author,True,extract-2026-09-08.13
A07978,,A07978,A07978.xml,5d853329659049b2fcfcb895c55b418d734210124639e526a3ddf4b179815c79,/*/*[2]/*[2],,single,,,Act. 1.,the end.,0,,796,1831,87316,1639,epilogue;scene;song,88,0,True,False,dedication;dramatis_personae;prologue;title_page,True,extract-2026-09-08.13
A07979,,A07979,A07979.xml,4887aedfbb9f00df5d902a4579dbefe68bb7bd1450ba7007d3da734f51d5f1ad,/*/*[2]/*[2],,single,,,THE Vnfortunate Mother. A Tragedy.,FINIS.,0,,527,2073,70039,0,act,87,0,True,False,author_to_the_reader;dedication;dramatis_personae;letter;title_page,True,extract-2026-09-08.13
A08009,,A08009,A08009.xml,63ca01b80845921046671c7b59774b1172bce54ab6811c22864a08108875cd6b,/*/*[2]/*[2],,single,,,SVMMERS last will and Testament.,,0,,201,1222,80619,5723,text,23,3,True,True,title_page,True,extract-2026-09-08.13
A08058,,A08058,A08058.xml,471ee114c69f4fd8f25dbf5391a58dda07a4ab82359b0d7901104571e57c1939,/*/*[2]/*[2],,single,,,"The Speech ſpoken by him that rideth on the Merman, viz.",FINIS.,0,,0,130,0,6431,poem,0,0,True,False,title_page,True,extract-2026-09-08.13
A08065,,A08065,A08065.xml,3645e1a4d07dad68c51ac6f5a82522b3688145414ff23ed9ed2bf2d72611339d,/*/*[2]/*[2],,single,,,THE TRAGEDIE OF NERO.,Finis Actus Primi. || Finis Actus Secundus. || Finis Actus Tertij. || Finis Actus Quarti. || FJNJS.,0,,461,2295,94019,0,act,118,0,True,False,title_page,True,extract-2026-09-08.13
A08262,,A08262,A08262.xml,8184797ef0cc5caf49fd2d38e1463f588fda29f34bde719b445acb5144e2fa50,/*/*[2]/*[2],,single,,,"NO-BODY, AND SOME-BODY.",FINIS.,0,,810,1971,81577,836,epilogue;text,84,0,True,True,prologue;title_page,True,extract-2026-09-08.13
A08360,,A08360,A08360.xml,87ee84c5a051eb0009c6b6550ea25f73fd947423762dac8dcb7cfddd244de5fd,/*/*[2]/*[2],,single,,,"¶The Order of the dōme ſhewe before the firſte Acte, and the Signification therof.",Your Maieſties faithfull and moſt humble Subiecte Dordan. || ¶The ende of the Tagedie of Kynge Gorboduc.,0,,104,1813,76850,5297,dumb_show;scene,10,0,True,False,argument;dramatis_personae;title_page,True,extract-2026-09-08.13
A08361,,A08361,A08361.xml,e16d1faffa17666d01d2fd8981986ea3b04fa59425a188d7e7f1f8459e7849bf,/*/*[2]/*[2],,single,,,"¶The order of the domme shew before the first act, and the sigsignification therof.",Your maiesties faithfull and most humble subiect Dordan.,0,,105,1799,76913,4777,dumb_show;scene,10,0,True,False,argument;dramatis_personae;title_page;to_the_reader,True,extract-2026-09-08.13
A08469,,A08469,A08469.xml,28e7ece438db57ac712d4d9373d248e10d500d790621e37fee489bb29b1a7356,/*/*[2]/*[2],,single,,,"The true and honorable Historie, of the life of Sir Iohn Oldcastle, the good Lord Cobham.",FINIS.,0,,903,2140,108892,0,play,153,0,True,False,prologue;title_page,True,extract-2026-09-08.13
A08731,,A08731,A08731.xml,5433587d5601dda10bf5f49a7f814d853da3eeeed9d0eef8b9afa5581271d6c7,/*/*[2]/*[2],,single,,,THE LOST LADY A Tragy-Comedy.,FINIS.,0,,683,2654,109976,80,scene,74,0,True,False,title_page,True,extract-2026-09-08.13
A09134,,A09134,A09134.xml,42b167c736c0d28b0e54d83de83ce36d359e803eedc8793579d237b0de9c3246,/*/*[2]/*,,single,,,"The pleasaunt and fine conceited Comoedie of two Italian Gentlemen, vvith the merie deuises of Captaine Crack-stone.","The first Act beeing ended, the Consorte of Musique soundeth a pleasant Galliard. || The second Act beeing ended, the Consorte soundeth again. || The third Act being doone, the Consort sounds a sollemne Dump. || The fourth Act being ended, the Consort soundeth a pleasant Allemaigne.",0,,461,1536,75450,1733,scene,84,0,False,False,,True,extract-2026-09-08.13
A09214,,A09214,A09214.xml,ce3774ce48757c4732ef7784f6da5e397df9eef287584a92d1a28d34ef73a64e,/*/*[2]/*[2],,single,,,PEDANTIVS. COMOEDIA Acta Cantabrigiae in COLL. TRIN.,FINIS.,0,,662,676,126273,3526,argument;scene,6,0,True,True,frontispiece;lists_of_tropes;title_page,True,extract-2026-09-08.13
A09220,,A09220,A09220.xml,d01bbbf2342c01c9cc288a0ba87e7529fb579663c9151f718f966d0e784e8ead,/*/*[2]/*[2],,single,,,THE ARAIGNEMENT OF PARIS.,explicit. Act. 4. || FINIS.,0,,329,1273,53226,2237,act;epilogue;prologue;scene;song,90,0,True,False,title_page,True,extract-2026-09-08.13
A09221,,A09221,A09221.xml,24d173806e6788d311c11aea068b088d2cd8abde38238108f143d7f239797448,/*/*[2]/*[2],,single,,,"The Tragicall battell of Alcazar in Barbarie. With the death of three Kings, and Captaine Stukley an Englishman.",Here endeth the tragicall battell of Alcazar.,0,,150,1454,59820,0,act,71,0,True,False,title_page,True,extract-2026-09-08.13
A09222,,A09222,A09222.xml,2a63550cca23bbe29923efcdc59484601551f25ad80a1c949f7c9a8975d2c78d,/*/*[2]/*[2],,single,,,A speech on the water deliuered in the morning at my Lord Maiors going to Westminster.,FINIS.,0,,15,146,4995,1245,speech;text,1,0,True,False,title_page,True,extract-2026-09-08.13
A09223,,A09223,A09223.xml,c0447645eafcfe9f8158ba5fda1cd795ef8b68df6684677b45bd405531bbc370,/*/*[2]/*[2],,single,,,A Speech spoken by him that rid on a Luzarne before the Pageant apparelled like a Moore.,Dixi.,0,,12,131,3081,2346,speech;speeches,0,0,True,False,title_page,True,extract-2026-09-08.13
A09224,,A09224,A09224.xml,e352942bf69d2be1ebbbe595040f903a9bd08853129d49d6616994b7f43fad52,/*/*[2]/*[2],,single,,,"THE Famous Chronicle historie of King Edwarde the first, sirnamed Edwarde Longshankes: with the sincking of Queene Elino",Finis.,0,,635,2232,112337,0,text,154,0,True,False,title_page,True,extract-2026-09-08.13
A09228,,A09228,A09228.xml,d0c0676e385a028f36833dea9c6651033c61e9f6f8fac611688b7ce0b7940f85,/*/*[2]/*[2],,single,,,"The loue of Dauid and faire Bersabe, with the Tragedie of Absolon.",FINIS.,0,,303,1919,78409,1334,play;prologue;song,113,0,True,False,title_page,True,extract-2026-09-08.13
A09232,,A09232,A09232.xml,2c4869683721dbe4c4d7d01e20fa6d59e992550b5c528fc5ac129fbcd719d287,/*/*[2]/*[2],,single,,,The old VViues Tale.,FINIS.,0,,299,542,38771,402,text,79,0,True,True,title_page,True,extract-2026-09-08.13
A09613,,A09613,A09613.xml,30c1d021d7c750156a6f7774a8fe001d6a0500d7f2b0d1916d200cc312480e9a,/*/*[2]/*[2],,single,,,Ane verie excellent and delectabill Treatiſe intitulit PHILOTVS.,FINIS.,0,,95,1380,44762,795,postscript;text,10,0,True,True,dramatis_personae;title_page,True,extract-2026-09-08.13
A09651,,A09651,A09651.xml,95bffa26de004bc23e268dacd7810d278ce4a087c691b1b10e0aae9b4a98d4f8,/*/*[2]/*[2],,single,,,,Finis. ꝙ. I. P.,0,,210,1205,60360,0,text,64,0,True,True,illustration;title_page,True,extract-2026-09-08.13
A09857,,A09857,A09857.xml,a4486cd4e9c4adb73fb2957ba576af6e1e427334bac45fa7d5b7950b015f0676,/*/*[2]/*[2],,single,,,The pleasant Comedy of the two angry Women of Abington.,FINIS.,0,,1156,2677,123486,0,play,81,0,True,False,dramatis_personae;prologue;title_page,True,extract-2026-09-08.13
A10041,,A10041,A10041.xml,598f9466e04484acf20e8abfa73cc8de87b883d8ecd705c97aefcc17385b02ec,/*/*[2]/*[2],,single,,,"A Commedy of Firſt enter Cambiſes the King, Knight and Councellor.",Amen.,0,,325,1214,61407,981,epilogue;play,80,2,True,True,dramatis_personae;prologue;title_page,True,extract-2026-09-08.13
A10192,,A10192,A10192.xml,889134a11fc813c683c957aa42bff156cd7b979c9a0c4538442b0557802206de,/*/*[2]/*[2],,single,,,THE PROLOGE.,FINIS. || All prayse and thanks bee giuen to God. Amen.,0,,140,1070,28813,11135,conclusion;prologue;text,10,0,True,False,argument;dramatis_personae;title_page;to_the_reader,True,extract-2026-09-08.13
A10402.1,A10402,A10402,A10402.xml,6db01376f41cca391cad64e07e539d7e7329dc5cbddabe91a7ef629211b48e6b,/*/*[2]/*[2]/*[1],,body_div,play,,THE PRAELVDIVM.,FINIS.,0,,215,409,46731,0,body_of_play;prelude,31,2,True,False,title_page,True,extract-2026-09-08.13
A10402.2,A10402,A10402,A10402.xml,6db01376f41cca391cad64e07e539d7e7329dc5cbddabe91a7ef629211b48e6b,/*/*[2]/*[2]/*[2],,body_div,monologue,,"THE PEDLER, AS IT WAS PRESENTED IN A STRANGE SHOVV.",FINIS.,0,,1,194,20117,0,monologue,8,0,True,False,title_page,True,extract-2026-09-08.13
A10407,,A10407,A10407.xml,3ff786cc463038c7fff57e6978c16085c4b326efbc258541ac5fb08df0f6263a,/*/*[2]/*[2],,single,,,The Jealous Lovers.,"Your admiring servant, T. R. || T. R. || T. R. || T. R. || T. R. || Thy true friend, T. R. || Edward Hiác. || Edward Fraunces. || Rich. Benefield, T. C. || Iames Duport. || Thom. Riley. || Car. Fotherbie, I. C. || Fr. Meares. || Ro. Randolph. aed. Chr. Oxon. || Thom. Vincent. || FINIS.",0,,830,3311,121240,11643,dramatis_personae;epilogue;poem;scene,102,1,True,False,dedication;title_page;to_the_reader,True,extract-2026-09-08.13
A10411.1.1,A10411.1,A10411,A10411.xml,29767074625faca9a79b35bc915859bf2a98d4b2deeb74814de86da26e6e36eb,/*/*[2]/*[2]/*[1]/*/*/*[32],,work_div,dialogue,,A Dialogue. Thirsis. Lalage.,,0,,10,48,1468,0,dialogue,0,0,False,False,,True,extract-2026-09-08.13
A10411.1.2,A10411.1,A10411,A10411.xml,29767074625faca9a79b35bc915859bf2a98d4b2deeb74814de86da26e6e36eb,/*/*[2]/*[2]/*[1]/*/*/*[33],,work_div,dialogue,,A Dialogue betwixt a Nymph and a Shepheard.,,0,,21,29,769,0,dialogue,0,0,False,False,,True,extract-2026-09-08.13
A10411.1.0,A10411.1,A10411,A10411.xml,29767074625faca9a79b35bc915859bf2a98d4b2deeb74814de86da26e6e36eb,/*/*[2]/*[2]/*[1]/*,,residual,residual,,ON THE INESTIMABLE CONTENT HE INIOYES IN THE MVSES; TO THOSE of his Friends that dehort him from POETRY.,FINIS.,0,,40,3362,19844,117076,answer;apology;eclogue;elegy;epigram;epitaph;ode;poem;song;text,0,0,False,False,,True,extract-2026-09-08.13
A10411.2,,A10411,A10411.xml,29767074625faca9a79b35bc915859bf2a98d4b2deeb74814de86da26e6e36eb,/*/*[2]/*[2]/*[2]/*[2],,group_text,,,THE MVSES LOOKING-GLASSE.,Finis Actus 1. || Finis Actus 2. || Finis Actus 3.,0,,609,2502,98950,1469,scene,38,0,True,True,title_page,True,extract-2026-09-08.13
A10411.3,,A10411,A10411.xml,29767074625faca9a79b35bc915859bf2a98d4b2deeb74814de86da26e6e36eb,/*/*[2]/*[2]/*[3]/*[2],,group_text,,,AMYNTAS.,Finis actus I. || Finis Actus secundi. || Finis Actus tertii. || Finis Actus quarti. || FINIS.,0,,1135,3153,105864,1290,scene,77,0,True,False,dramatis_personae;prologue;title_page,True,extract-2026-09-08.13
A10438,,A10438,A10438.xml,ea8ae9b383080c5422819ccdd58b17326de65a3e7c5c0e965892fe516da84e9e,/*/*[2]/*[1],,single,,,A new cōmodye in englysh in maner Of an enterlude ryght elygant & full of craft of rethoryk / wherein is shewd & dyscry,Amen.,0,,207,1116,43321,0,play,10,0,False,True,,True,extract-2026-09-08.13
A10439,,A10439,A10439.xml,32cca871b6435deff6d39a5c7c2bd4ddfafa22795fe0b5e029eec600255c47f8,/*/*[2]/*[2],,single,,,,,0,,227,1391,46812,174,interlude,9,0,True,False,introduction,True,extract-2026-09-08.13
A10440.1.1,A10440.1,A10440,A10440.xml,dee84eef972cb50e24f3216babfe18525003255e83b651a5229b6cf36015db43,/*/*[2]/*[2]/*/*[1],,work_div,part,,¶Of Gentylnes and Nobylyte.,Amen || Finis prime partis,0,,65,471,17799,257,part,2,0,True,False,frontispiece,True,extract-2026-09-08.13
A10440.1.2,A10440.1,A10440,A10440.xml,dee84eef972cb50e24f3216babfe18525003255e83b651a5229b6cf36015db43,/*/*[2]/*[2]/*/*[2],,work_div,part,,¶Secunda pars,Amen.,0,,82,627,24264,0,part,3,0,True,False,frontispiece,True,extract-2026-09-08.13
A10440.1.3,A10440.1,A10440,A10440.xml,dee84eef972cb50e24f3216babfe18525003255e83b651a5229b6cf36015db43,/*/*[2]/*[2]/*/*[3],,work_div,part,,The Philosopher,AMEN. || Iohēs rastell me fieri fecit || Cum priuilegio regali.,0,,0,77,0,2918,part,0,0,True,False,frontispiece,True,extract-2026-09-08.13
A10495,,A10495,A10495.xml,7b4f45017d06e76db1cda6cfc3abb955498b3e8f88455087aeb1499ed8de21dc,/*/*[2]/*[2],,single,,,THE REBELLION: A TRAGEDY.,FINIS.,1,1 page,636,2108,82468,1313,play;scene,177,0,True,False,dedication;dramatis_personae;encomium;location;minor_characters;title_page;to_the_reader,True,extract-2026-09-08.13
A10726,,A10726,A10726.xml,e9ea6059eb1eed8751839291fc396929001fc058ea714aa0f36b241039d4084c,/*/*[2]/*[2],,single,,,"The true Tragedie of Richard Duke of Yorke, and the good King Henry the Sixt.",FINIS.,0,,634,2064,87092,262,play,114,0,True,False,title_page,True,extract-2026-09-08.13
A10730,,A10730,A10730.xml,d7ba661da8e98415c8982d96c4a87787c6771ed684c4369ad23b8902bfc56346,/*/*[2]/*[2],,single,,,THE TRVE TRAGEDIE OF RICHARD THE THIRD.,FINIS.,1,2 pages,552,1208,102486,0,text,90,0,True,False,title_page,True,extract-2026-09-08.13
A11145,,A11145,A11145.xml,23e96bcb81039c7ccc7405bc6b9c604e9159acec49bd07022ae8073a7ccf17f5,/*/*[2]/*[2],,single,,,THE NOBLE SPANISH SOVLDIER:,FINIS.,0,,765,1717,71885,0,scene;song,95,0,True,False,dramatis_personae;printer_to_the_reader;title_page,True,extract-2026-09-08.13
A11146,,A11146,A11146.xml,fce769d6164ca8fd7e8bedd1114bfc95ec9c454a9d4373df40c2042604e94ca0,/*/*[2]/*[2],,single,,,"When you see me, You know me.",FINIS.,0,,887,2412,125067,0,play,116,0,True,False,title_page,True,extract-2026-09-08.13
A11151,,A11151,A11151.xml,1073069538f985208fad57e1482ee723b215ecb5bb9310d362fa5027bb89a032,/*/*[2]/*[2],,single,,,A MATCH AT MID-NIGHT.,FINIS.,0,,1069,1218,97227,0,act,116,0,True,False,dramatis_personae;title_page,True,extract-2026-09-08.13
A11152,,A11152,A11152.xml,4bc8c1c88718017a1431289a5bf6f6a3bbf9632b90e12e9008e274169856d501,/*/*[2]/*[2],,single,,,"A Shoo-maker, A Gentleman.",FINIS.,1,2+ pages,885,2245,106012,0,act,110,0,True,False,dramatis_personae;title_page;to_the_reader,True,extract-2026-09-08.13
A11153,,A11153,A11153.xml,5654a4e8b5c10394220956ddfab96bfe9a48fc6f48f759f2c2e9a4619753d666,/*/*[2]/*[2],,single,,,"A NEVV VVONDER, A VVOMAN NEVER VEXT.",FINIS.,0,,1027,2782,113119,0,act,107,0,True,False,title_page,True,extract-2026-09-08.13
A11155,,A11155,A11155.xml,0e742ad677055840bbb879b672991e099b29aca2f5029a5b0f4757cf20aa50a1,/*/*[2]/*[2],,single,,,ALL'S LOST BY LVST.,FINIS.,0,,715,2045,81334,0,act,98,0,True,False,argument;dramatis_personae;prologue;title_page,True,extract-2026-09-08.13
A11205,,A11205,A11205.xml,3932d374227160609d6e557c4fc0d9bb80167163fbbd59bc485007beb04a8430,/*/*[2]/*[2],,single,,,The Perſons of the Play.,"FINIS. || Obijt 1. Maij, 1633.",0,,594,2646,87419,13227,dramatis_personae;elegy;epilogue;epitaph;prologue;scene,51,0,True,False,dedication;encomium;title_page,True,extract-2026-09-08.13
A11262,,A11262,A11262.xml,de578cfcbcae2ffaf703e9a2a41e7fcc15024e49c9922044fe820ef490413dc8,/*/*[2]/*[2],,single,,,"The lamentable Tragedie of Locrine, the eldest sonne of King Brutus, discoursing the warres of the Britaines and Hunnes,",FINIS.,0,,275,1880,84395,557,scene,118,0,True,False,title_page,True,extract-2026-09-08.13
A11264,,A11264,A11264.xml,6968ebfd388bd578e31114372bb542a1f978fb4c774305894d0954142d79c7bc,/*/*[2]/*[2],,single,,,The Puritaine Widdow.,Deus dedit his quo • 〈◊〉 || FINIS.,0,,852,1039,95755,0,act,107,0,True,False,title_page,True,extract-2026-09-08.13
A11265,,A11265,A11265.xml,5a30a74b1fd017758475741ec9dd507e1b5fce829036e28e779cdddc5e86dca8,/*/*[2]/*[2],,single,,,The life and death of the Lord Cromwell.,,1,4 pages,433,1487,66942,0,play,117,0,True,False,title_page,True,extract-2026-09-08.13
A11267,,A11267,A11267.xml,e0c956461d94d2008134b6d32ff367b8096402fe4c4d40fce2e8c8671499720b,/*/*[2]/*[2],,single,,,The life and death of the Lord Cromwell.,FINIS.,0,,455,1581,70440,0,play,124,0,True,False,title_page,True,extract-2026-09-08.13
A11435,,A11435,A11435.xml,91fa52fe34dd64c3f79324f82f625ab85608a1ff3afa2fd307d23407009405f7,/*/*[2]/*[2],,single,,,Actus Primus Scena Prima.,FINIS. W. S.,0,,588,1864,94474,0,scene,107,0,True,False,dedication;illustration;poem;prologue;title_page,True,extract-2026-09-08.13
A11909.1,A11909,A11909,A11909.xml,f6ac469f8a71698be978984f35a2b93762e2a81bd61502b828e9fe74c1882e3e,/*/*[2]/*[2]/*[1],,body_div,tragedy,1,The Argument of this Tragedy.,"HERE ENDETH THE FIRST Tragedye of Seneca, called Hercules furens,",0,,122,1379,49446,27101,act;tragedy,12,0,True,True,dedication;table_of_contents;title_page,True,extract-2026-09-08.13
A11909.2,A11909,A11909,A11909.xml,f6ac469f8a71698be978984f35a2b93762e2a81bd61502b828e9fe74c1882e3e,/*/*[2]/*[2]/*[2],,body_div,tragedy,2,"THE SECOND TRAGEDIE OF SENECA ENTITVtuled Thyeſtes, faythfully Engliſhed by Iaſper Heywood Felow of Alſolne Colledge in ",FINIS.,0,,131,1254,51636,14865,act;scene;tragedy,13,0,True,True,dedication;table_of_contents;title_page,True,extract-2026-09-08.13
A11909.3,A11909,A11909,A11909.xml,f6ac469f8a71698be978984f35a2b93762e2a81bd61502b828e9fe74c1882e3e,/*/*[2]/*[2]/*[3],,body_div,tragedy,3,"THE THYRD TRAGEDY OF L. ANN AEVS Seneca: entituled Thebais, tranſlated out of Latin into Engliſhe, by Thomas Newton. 158","Thomas Newtonus, Ceſtreſhyrius. || FINIS.",0,,26,1056,56740,8068,act;tragedy,4,0,True,True,dedication;table_of_contents;title_page,True,extract-2026-09-08.13
A11909.4,A11909,A11909,A11909.xml,f6ac469f8a71698be978984f35a2b93762e2a81bd61502b828e9fe74c1882e3e,/*/*[2]/*[2]/*[4],,body_div,tragedy,4,"THE FOVRTH, AND MOST RVTHFVL TRAGEDY OF L. ANNAEVS SENECA, ENtituled HIPPOLYTVS; tranſlated into Engliſhe, by Ihon Studl",FINIS.,0,,110,1525,74232,11457,act;scene;tragedy,12,0,True,True,dedication;table_of_contents;title_page,True,extract-2026-09-08.13
A11909.5,A11909,A11909,A11909.xml,f6ac469f8a71698be978984f35a2b93762e2a81bd61502b828e9fe74c1882e3e,/*/*[2]/*[2]/*[5],,body_div,tragedy,5,"THE FIFTH TRAGEDY OF SENECA, ENGLISHED The yeare of our Lord M. D. LX.",All your Honours to commaund. Alexander Neuile. || FINIS.,0,,141,1205,56794,19326,act;dedication;preface;scene,13,0,True,True,dedication;table_of_contents;title_page,True,extract-2026-09-08.13
A11909.6,A11909,A11909,A11909.xml,f6ac469f8a71698be978984f35a2b93762e2a81bd61502b828e9fe74c1882e3e,/*/*[2]/*[2]/*[6],,body_div,tragedy,6,"THE SIXTE TRAGEDIE OF THE MOST GRAVE & prudēt Author LVCIVS ANNAEVS SENECA, entituled TROAS, vvith diuers and ſundrye A",FINIS.,0,,132,1477,47323,34309,act;argument;scene;to_the_reader,14,0,True,True,dedication;table_of_contents;title_page,True,extract-2026-09-08.13
A11909.7,A11909,A11909,A11909.xml,f6ac469f8a71698be978984f35a2b93762e2a81bd61502b828e9fe74c1882e3e,/*/*[2]/*[2]/*[7],,body_div,tragedy,7,"THE SEVENTH TRAGEDYE OF L. ANNAEVS SENECA, Entituled MEDEA: Tranſlated out of Latin into Engiiſhe, by IOHN STVDLEY.",FINIS.,0,,118,1525,40583,44359,act;tragedy,12,0,True,True,dedication;table_of_contents;title_page,True,extract-2026-09-08.13
A11909.8,A11909,A11909,A11909.xml,f6ac469f8a71698be978984f35a2b93762e2a81bd61502b828e9fe74c1882e3e,/*/*[2]/*[2]/*[8],,body_div,tragedy,8,"THE EYGHTH TRAGEDYE OF L. ANNAEVS SENECA, Entituled AGAMEMNON: Tranſlated out of Latin into Engliſhe, by IOHN STVDLEY.",FINIS.,0,,107,1370,44425,32541,act;scene;tragedy,14,0,True,True,dedication;table_of_contents;title_page,True,extract-2026-09-08.13
A11909.9,A11909,A11909,A11909.xml,f6ac469f8a71698be978984f35a2b93762e2a81bd61502b828e9fe74c1882e3e,/*/*[2]/*[2]/*[9],,body_div,tragedy,9,"THE NINTHE Tragedy of Lucius Annaeus Seneca, called Octauia. Tranſlated out of Latine into Engliſhe by T.N.",FINIS.,0,,129,1609,36463,29120,scene;tragedy,15,0,True,True,dedication;table_of_contents;title_page,True,extract-2026-09-08.13
A11909.10,A11909,A11909,A11909.xml,f6ac469f8a71698be978984f35a2b93762e2a81bd61502b828e9fe74c1882e3e,/*/*[2]/*[2]/*[10],,body_div,tragedy,10,"THE TENTH TRAGEDY OF L. ANNAE SENECA, Entituled HERCVLES OETAEVS: Tranſlated out of Latin into Engliſhe by I. S. *⁎*",FINIS.,0,,127,2173,73885,45625,act;tragedy,16,0,True,True,dedication;table_of_contents;title_page,True,extract-2026-09-08.13
A11910,,A11910,A11910.xml,e4763c7f3ecda69612ee5a2b195637e05d11555116ca373e18227543d65bd450,/*/*[2]/*[2],,single,,,¶The fyrste Acte.,FINIS.,0,,109,2602,51589,22222,act;chorus;scene,7,0,True,True,dedication;dramatis_personae;encomia;errata;poem;preface;title_page,True,extract-2026-09-08.13
A11911,,A11911,A11911.xml,e9d17d52118622f200010dd5a893523ac3a416afefd95d6bfe77f9f1cdd505c1,/*/*[2]/*[2],,single,,,ACTVS PRIMVS.,FINIS. || FINIS.,0,,270,2612,126004,0,act,17,0,True,True,argument;dedication;title_page,True,extract-2026-09-08.13
A11912,,A11912,A11912.xml,4f6ae2b6303f35789896c729968a69340338c7213bb903969683d22ab786cd37,/*/*[2]/*[2],,single,,,¶The fyrste Acte.,FINIS,0,,121,2724,60557,21645,act;chorus,5,0,True,False,dedication;dramatis_personae;poems;title_page;to_the_reader,True,extract-2026-09-08.13
A11914,,A11914,A11914.xml,f1ed177dd25aa800474c996612ed5248e385aa6e8ec5d5e9f50d27f6443088d9,/*/*[2]/*[2],,single,,,THYESTES OF Seneca.,FINIS.,0,,128,1054,39018,26659,act;chorus;scene,0,0,True,True,dedicatory_epistle;dramatis_personae;preface;title_page;translator_to_book,True,extract-2026-09-08.13
A11917,,A11917,A11917.xml,a2bd098c737a8b607346327e1a920865f7d53f62a40630b1c3bf1610a1380a40,/*/*[2]/*[2],,single,,,¶The fyrst Sceane.,FINIS.,0,,125,1588,36757,28477,scene,15,0,True,True,argument;dedication;illustration;title_page,True,extract-2026-09-08.13
A11954.1,A11954,A11954,A11954.xml,77d50ab149976a6b0ccf2edfa8ec157a3894f62e44214f6072d1019968d110b1,/*/*[2]/*[2]/*[1],,body_div,play,,THE TEMPEST.,FINIS.,0,,646,2061,84225,658,act;epilogue;scene,81,0,True,False,dedication;encomium;list_of_actors;poem;section;table_of_contents;title_page;to_the_reader,True,extract-2026-09-08.13
A11954.2,A11954,A11954,A11954.xml,77d50ab149976a6b0ccf2edfa8ec157a3894f62e44214f6072d1019968d110b1,/*/*[2]/*[2]/*[2],,body_div,play,,THE Two Gentlemen of Verona.,Finis. || FINIS.,0,,859,2039,87887,0,scene,43,0,True,False,dedication;encomium;list_of_actors;poem;section;table_of_contents;title_page;to_the_reader,True,extract-2026-09-08.13
A11954.3,A11954,A11954,A11954.xml,77d50ab149976a6b0ccf2edfa8ec157a3894f62e44214f6072d1019968d110b1,/*/*[2]/*[2]/*[3],,body_div,play,,THE Merry Wiues of Windſor.,Iohn Falſtaffe. || FINIS.,0,,1019,1328,109851,0,scene,45,0,True,False,dedication;encomium;list_of_actors;poem;section;table_of_contents;title_page;to_the_reader,True,extract-2026-09-08.13
A11954.4,A11954,A11954,A11954.xml,77d50ab149976a6b0ccf2edfa8ec157a3894f62e44214f6072d1019968d110b1,/*/*[2]/*[2]/*[4],,body_div,play,,"MEASVRE, For Meaſure.",FINIS.,0,,899,2248,111661,0,scene,93,0,True,False,dedication;encomium;list_of_actors;poem;section;table_of_contents;title_page;to_the_reader,True,extract-2026-09-08.13
A11954.5,A11954,A11954,A11954.xml,77d50ab149976a6b0ccf2edfa8ec157a3894f62e44214f6072d1019968d110b1,/*/*[2]/*[2]/*[5],,body_div,play,,The Comedie of Errors.,FINIS.,0,,607,1641,73036,441,act;scene,65,0,True,False,dedication;encomium;list_of_actors;poem;section;table_of_contents;title_page;to_the_reader,True,extract-2026-09-08.13
A11954.6,A11954,A11954,A11954.xml,77d50ab149976a6b0ccf2edfa8ec157a3894f62e44214f6072d1019968d110b1,/*/*[2]/*[2]/*[6],,body_div,play,,Much adoe about Nothing.,FINIS.,0,,975,1503,106630,0,act;scene,76,0,True,False,dedication;encomium;list_of_actors;poem;section;table_of_contents;title_page;to_the_reader,True,extract-2026-09-08.13
A11954.7,A11954,A11954,A11954.xml,77d50ab149976a6b0ccf2edfa8ec157a3894f62e44214f6072d1019968d110b1,/*/*[2]/*[2]/*[7],,body_div,play,,Loues Labour's loſt.,"Finis Actus Primus. || Thine in the deareſt deſigne of induſtrie, Don Adriana de Armatho. || FINIS.",0,,1041,2269,109520,1252,act,80,0,True,False,dedication;encomium;list_of_actors;poem;section;table_of_contents;title_page;to_the_reader,True,extract-2026-09-08.13
A11954.8,A11954,A11954,A11954.xml,77d50ab149976a6b0ccf2edfa8ec157a3894f62e44214f6072d1019968d110b1,/*/*[2]/*[2]/*[8],,body_div,play,,A MIDSOMMER Nights Dreame.,FINIS.,0,,506,1871,84610,0,act,104,0,True,False,dedication;encomium;list_of_actors;poem;section;table_of_contents;title_page;to_the_reader,True,extract-2026-09-08.13
A11954.9,A11954,A11954,A11954.xml,77d50ab149976a6b0ccf2edfa8ec157a3894f62e44214f6072d1019968d110b1,/*/*[2]/*[2]/*[9],,body_div,play,,The Merchant of Venice.,FINIS.,0,,636,2270,106675,0,act,96,0,True,False,dedication;encomium;list_of_actors;poem;section;table_of_contents;title_page;to_the_reader,True,extract-2026-09-08.13
A11954.10,A11954,A11954,A11954.xml,77d50ab149976a6b0ccf2edfa8ec157a3894f62e44214f6072d1019968d110b1,/*/*[2]/*[2]/*[10],,body_div,play,,As you Like it.,FINIS.,0,,813,1812,110042,0,scene,95,0,True,False,dedication;encomium;list_of_actors;poem;section;table_of_contents;title_page;to_the_reader,True,extract-2026-09-08.13
A11954.11,A11954,A11954,A11954.xml,77d50ab149976a6b0ccf2edfa8ec157a3894f62e44214f6072d1019968d110b1,/*/*[2]/*[2]/*[11],,body_div,play,,THE Taming of the Shrew.,FINIS.,0,,895,2333,105499,0,act;scene,117,0,True,False,dedication;encomium;list_of_actors;poem;section;table_of_contents;title_page;to_the_reader,True,extract-2026-09-08.13
A11954.12,A11954,A11954,A11954.xml,77d50ab149976a6b0ccf2edfa8ec157a3894f62e44214f6072d1019968d110b1,/*/*[2]/*[2]/*[12],,body_div,play,,"ALL'S Well, that Ends Well.","Your vnfortunate ſonne, Bertram. || Diana Capilet. || FINIS.",0,,935,2149,116747,643,act;scene,105,0,True,False,dedication;encomium;list_of_actors;poem;section;table_of_contents;title_page;to_the_reader,True,extract-2026-09-08.13
A11954.13,A11954,A11954,A11954.xml,77d50ab149976a6b0ccf2edfa8ec157a3894f62e44214f6072d1019968d110b1,/*/*[2]/*[2]/*[13],,body_div,play,,"Twelfe Night, Or what you will.","Finis, Actus primus. || Finis Actus Quartus. || FINIS.",0,,923,1661,98875,941,act;scene,109,0,True,False,dedication;encomium;list_of_actors;poem;section;table_of_contents;title_page;to_the_reader,True,extract-2026-09-08.13
A11954.14,A11954,A11954,A11954.xml,77d50ab149976a6b0ccf2edfa8ec157a3894f62e44214f6072d1019968d110b1,/*/*[2]/*[2]/*[14],,body_div,play,,The Winters Tale.,FINIS.,0,,748,2751,129851,0,scene,60,0,True,False,dedication;encomium;list_of_actors;poem;section;table_of_contents;title_page;to_the_reader,True,extract-2026-09-08.13
A11954.15,A11954,A11954,A11954.xml,77d50ab149976a6b0ccf2edfa8ec157a3894f62e44214f6072d1019968d110b1,/*/*[2]/*[2]/*[15],,body_div,play,,The life and death of King Iohn.,,0,,550,2633,108381,0,act;scene,77,0,True,False,dedication;encomium;list_of_actors;poem;section;table_of_contents;title_page;to_the_reader,True,extract-2026-09-08.13
A11954.16,A11954,A11954,A11954.xml,77d50ab149976a6b0ccf2edfa8ec157a3894f62e44214f6072d1019968d110b1,/*/*[2]/*[2]/*[16],,body_div,play,,The life and death of King Richard the Second.,FINIS.,0,,550,2735,114807,0,scene,98,0,True,False,dedication;encomium;list_of_actors;poem;section;table_of_contents;title_page;to_the_reader,True,extract-2026-09-08.13
A11954.17,A11954,A11954,A11954.xml,77d50ab149976a6b0ccf2edfa8ec157a3894f62e44214f6072d1019968d110b1,/*/*[2]/*[2]/*[17],,body_div,play,,"The Firſt Part of Henry the Fourth, with the Life and Death of HENRY Sirnamed HOT-SPVRRE.",FINIS.,0,,782,2205,125669,0,scene,120,0,True,False,dedication;encomium;list_of_actors;poem;section;table_of_contents;title_page;to_the_reader,True,extract-2026-09-08.13
A11954.18,A11954,A11954,A11954.xml,77d50ab149976a6b0ccf2edfa8ec157a3894f62e44214f6072d1019968d110b1,/*/*[2]/*[2]/*[18],,body_div,play,,"The Second Part of Henry the Fourth, Containing his Death: and the Coronation of King Henry the Fift.",FINIS.,0,,897,2228,131792,3426,epilogue;scene,90,0,True,False,dedication;encomium;list_of_actors;poem;section;table_of_contents;title_page;to_the_reader,True,extract-2026-09-08.13
A11954.19,A11954,A11954,A11954.xml,77d50ab149976a6b0ccf2edfa8ec157a3894f62e44214f6072d1019968d110b1,/*/*[2]/*[2]/*[19],,body_div,play,,The Life of Henry the Fift.,FINIS.,0,,737,2325,130048,7173,act;prologue;scene,129,0,True,False,dedication;encomium;list_of_actors;poem;section;table_of_contents;title_page;to_the_reader,True,extract-2026-09-08.13
A11954.20,A11954,A11954,A11954.xml,77d50ab149976a6b0ccf2edfa8ec157a3894f62e44214f6072d1019968d110b1,/*/*[2]/*[2]/*[20],,body_div,play,,The firſt Part of Henry the Sixt.,FINIS.,0,,661,2697,111596,0,act;scene,203,0,True,False,dedication;encomium;list_of_actors;poem;section;table_of_contents;title_page;to_the_reader,True,extract-2026-09-08.13
A11954.21,A11954,A11954,A11954.xml,77d50ab149976a6b0ccf2edfa8ec157a3894f62e44214f6072d1019968d110b1,/*/*[2]/*[2]/*[21],,body_div,play,,"The ſecond Part of Henry the Sixt, with the death of the Good Duke HVMFREY.",FINIS.,0,,790,2868,130629,0,scene,169,0,True,False,dedication;encomium;list_of_actors;poem;section;table_of_contents;title_page;to_the_reader,True,extract-2026-09-08.13
A11954.22,A11954,A11954,A11954.xml,77d50ab149976a6b0ccf2edfa8ec157a3894f62e44214f6072d1019968d110b1,/*/*[2]/*[2]/*[22],,body_div,play,,"The third Part of Henry the Sixt, with the death of the Duke of YORKE.",FINIS.,0,,814,2963,125232,0,scene,169,0,True,False,dedication;encomium;list_of_actors;poem;section;table_of_contents;title_page;to_the_reader,True,extract-2026-09-08.13
A11954.23,A11954,A11954,A11954.xml,77d50ab149976a6b0ccf2edfa8ec157a3894f62e44214f6072d1019968d110b1,/*/*[2]/*[2]/*[23],,body_div,play,,"The Tragedy of Richard the Third: with the Landing of Earle Richmond, and the Battell at Boſworth Field.",FINIS.,0,,1068,3656,147891,1813,scene,185,0,True,False,dedication;encomium;list_of_actors;poem;section;table_of_contents;title_page;to_the_reader,True,extract-2026-09-08.13
A11954.24,A11954,A11954,A11954.xml,77d50ab149976a6b0ccf2edfa8ec157a3894f62e44214f6072d1019968d110b1,/*/*[2]/*[2]/*[24],,body_div,play,,The Famous Hiſtory of the Life of King HENRY the Eight.,FINIS.,0,,716,3219,121127,2550,coronation;epilogue;play;scene,107,0,True,False,dedication;encomium;list_of_actors;poem;section;table_of_contents;title_page;to_the_reader,True,extract-2026-09-08.13
A11954.25,A11954,A11954,A11954.xml,77d50ab149976a6b0ccf2edfa8ec157a3894f62e44214f6072d1019968d110b1,/*/*[2]/*[2]/*[25],,body_div,play,,The Prologue.,FINIS.,0,,1142,2964,133534,2406,prologue;scene,163,0,True,False,dedication;encomium;list_of_actors;poem;section;table_of_contents;title_page;to_the_reader,True,extract-2026-09-08.13
A11954.26,A11954,A11954,A11954.xml,77d50ab149976a6b0ccf2edfa8ec157a3894f62e44214f6072d1019968d110b1,/*/*[2]/*[2]/*[26],,body_div,play,,The Tragedy of Coriolanus.,FINIS.,0,,1107,3202,140450,0,act;scene,182,0,True,False,dedication;encomium;list_of_actors;poem;section;table_of_contents;title_page;to_the_reader,True,extract-2026-09-08.13
A11954.27,A11954,A11954,A11954.xml,77d50ab149976a6b0ccf2edfa8ec157a3894f62e44214f6072d1019968d110b1,/*/*[2]/*[2]/*[27],,body_div,play,,The Lamentable Tragedy of Titus Andronicus.,FINIS.,0,,559,2569,105082,0,act;scene,122,0,True,False,dedication;encomium;list_of_actors;poem;section;table_of_contents;title_page;to_the_reader,True,extract-2026-09-08.13
A11954.28,A11954,A11954,A11954.xml,77d50ab149976a6b0ccf2edfa8ec157a3894f62e44214f6072d1019968d110b1,/*/*[2]/*[2]/*[28],,body_div,play,,THE TRAGEDIE OF ROMEO and IVLIET.,FINIS.,0,,834,2828,123225,0,scene,134,0,True,False,dedication;encomium;list_of_actors;poem;section;table_of_contents;title_page;to_the_reader,True,extract-2026-09-08.13
A11954.29,A11954,A11954,A11954.xml,77d50ab149976a6b0ccf2edfa8ec157a3894f62e44214f6072d1019968d110b1,/*/*[2]/*[2]/*[29],,body_div,play,,THE LIFE OF TYMON OF ATHENS.,FINIS.,0,,800,2223,93842,0,scene,110,0,True,False,dedication;encomium;list_of_actors;poem;section;table_of_contents;title_page;to_the_reader,True,extract-2026-09-08.13
A11954.30,A11954,A11954,A11954.xml,77d50ab149976a6b0ccf2edfa8ec157a3894f62e44214f6072d1019968d110b1,/*/*[2]/*[2]/*[30],,body_div,play,,THE TRAGEDIE OF IVLIVS CAESAR.,"Thy Louer, Artemidorus. || FINIS.",0,,788,2510,99950,0,act;scene,135,0,True,False,dedication;encomium;list_of_actors;poem;section;table_of_contents;title_page;to_the_reader,True,extract-2026-09-08.13
A11954.31,A11954,A11954,A11954.xml,77d50ab149976a6b0ccf2edfa8ec157a3894f62e44214f6072d1019968d110b1,/*/*[2]/*[2]/*[31],,body_div,play,,THE TRAGEDIE OF MACBETH.,FINIS.,0,,647,2309,88170,0,scene,160,0,True,False,dedication;encomium;list_of_actors;poem;section;table_of_contents;title_page;to_the_reader,True,extract-2026-09-08.13
A11954.32,A11954,A11954,A11954.xml,77d50ab149976a6b0ccf2edfa8ec157a3894f62e44214f6072d1019968d110b1,/*/*[2]/*[2]/*[32],,body_div,play,,"THE TRAGEDIE OF HAMLET, Prince of Denmarke.","Thine euermore moſt deere Lady, whilſt this Machine is to him, Hamlet. || He that thou knoweſt thine, Hamlet. || Hamlet. || FINIS.",0,,1092,3210,146210,0,act;scene,155,0,True,False,dedication;encomium;list_of_actors;poem;section;table_of_contents;title_page;to_the_reader,True,extract-2026-09-08.13
A11954.33,A11954,A11954,A11954.xml,77d50ab149976a6b0ccf2edfa8ec157a3894f62e44214f6072d1019968d110b1,/*/*[2]/*[2]/*[33],,body_div,play,,THE TRAGEDIE OF KING LEAR.,"Edgar. || Your (Wife, ſo I would ſay) affectionate Seruant. Gonerill. || FINIS.",0,,984,2720,122618,0,scene,157,0,True,False,dedication;encomium;list_of_actors;poem;section;table_of_contents;title_page;to_the_reader,True,extract-2026-09-08.13
A11954.34,A11954,A11954,A11954.xml,77d50ab149976a6b0ccf2edfa8ec157a3894f62e44214f6072d1019968d110b1,/*/*[2]/*[2]/*[34],,body_div,play,,"THE TRAGEDIE OF Othello, the Moore of Venice.",FINIS.,0,,1176,3204,134903,20,scene,111,0,True,False,dedication;encomium;list_of_actors;poem;section;table_of_contents;title_page;to_the_reader,True,extract-2026-09-08.13
A11954.35,A11954,A11954,A11954.xml,77d50ab149976a6b0ccf2edfa8ec157a3894f62e44214f6072d1019968d110b1,/*/*[2]/*[2]/*[35],,body_div,play,,"THE TRAGEDIE OF Anthonie, and Cleopatra.",FINIS.,0,,1175,3290,125738,0,scene,219,0,True,False,dedication;encomium;list_of_actors;poem;section;table_of_contents;title_page;to_the_reader,True,extract-2026-09-08.13
A11954.36,A11954,A11954,A11954.xml,77d50ab149976a6b0ccf2edfa8ec157a3894f62e44214f6072d1019968d110b1,/*/*[2]/*[2]/*[36],,body_div,play,,THE TRAGEDIE OF CYMBELINE.,Leonatus. || Leonatus-Poſthumus. || FINIS.,0,,854,3358,141552,0,scene;song,135,0,True,False,dedication;encomium;list_of_actors;poem;section;table_of_contents;title_page;to_the_reader,True,extract-2026-09-08.13
A11954.37,A11954,A11954,A11954.xml,77d50ab149976a6b0ccf2edfa8ec157a3894f62e44214f6072d1019968d110b1,/*/*[2]/*[2]/*[37],,body_div,colophon,,,,0,,0,1,0,85,colophon,0,0,True,False,dedication;encomium;list_of_actors;poem;section;table_of_contents;title_page;to_the_reader,True,extract-2026-09-08.13
A11959,,A11959,A11959.xml,932e9c57991e0223046641b988532b11f57f93f89ff8b9e9566b97e47de4f3e3,/*/*[2]/*,,single,,,The Tragicall Historie of HAMLET Prince of Denmarke.,Finis,0,,699,2103,83160,0,text,112,0,False,False,,True,extract-2026-09-08.13
A11966,,A11966,A11966.xml,390ea56f264991638235532302daa7a0bf6be2c1cb4a38148391d47dfd5c66ba,/*/*[2]/*[2],,single,,,THE HISTORIE OF Henry the fourth.,FINIS.,0,,777,2145,124266,0,play,114,0,True,False,title_page,True,extract-2026-09-08.13
A11974,,A11974,A11974.xml,7a82a40d17e8f3fdc17fe261c93c036d808e9c13dc027a6bbb0ac8497823e5b6,/*/*[2]/*[2],,single,,,"The second part of Henry the fourth, continuing to his death, and coronation of Henry the fift.",,0,,879,1871,119644,1687,part,81,0,True,True,title_page,True,extract-2026-09-08.13
A11975,,A11975,A11975.xml,451dfa0a730729700e8988f51082b4d1c7f4dbc2c284c37f69f7ebf363182af5,/*/*[2]/*[2],,single,,,The Chronicle Historie of Henry the fift: with his battel fought at Agin Court in France. Togither with Auncient Pistoll,FINIS.,0,,471,1623,63016,0,play,74,0,True,False,title_page,True,extract-2026-09-08.13
A11978,,A11978,A11978.xml,ee678800fb36c91b1864302f87e025b184ea039adff53c0bc1d5ae99cab55531,/*/*[2]/*[2],,single,,,"M. William Shak-speare HIS Historie, of King Lear.",FINIS.,0,,1038,2345,128281,0,text,116,0,True,False,title_page,True,extract-2026-09-08.13
A11981,,A11981,A11981.xml,124af5611b3ee20ee4b1dc77b15b7affd061db351a853406babf37d49d013f62,/*/*[2]/*[2],,single,,,The Comical Hiſtory of the Merchant of Venice.,FINIS.,0,,631,2277,107100,443,text,93,0,True,False,title_page,True,extract-2026-09-08.13
A11983,,A11983,A11983.xml,a851958dcf4cdaf0d8aec47687835fa8d58a5d269abdf1361de91a49a2e8bd53,/*/*[2]/*[2],,single,,,"A pleasant conceited Comedie, of Syr Iohn Falstaffe, and the merry Wiues of VVindsor.",FINIS.,0,,578,1290,55649,0,text,112,0,True,False,title_page,True,extract-2026-09-08.13
A11988,,A11988,A11988.xml,2c879676bf4cf938508d8fde9d7342c8dae0fc304ae3fc24c2a15288b9bfbae3,/*/*[2]/*[2],,single,,,THE MERRY VVIVES OF VVINSOR.,FINIS.,0,,1019,1324,110072,0,scene,45,0,True,False,title_page,True,extract-2026-09-08.13
A11989,,A11989,A11989.xml,e437bd27914a1a508ccc68f114d8fff82d784fff19c6e1c931864d084021d40c,/*/*[2]/*[2],,single,,,A MIDSOMMER NIGHTS DREAME.,FINIS.,0,,498,1862,85835,0,play,72,0,True,False,title_page,True,extract-2026-09-08.13
A11991,,A11991,A11991.xml,4093871e5b95faa61f1e68e38ae47af6c33aa17271615883e9660034ad75d30d,/*/*[2]/*[2],,single,,,Much adoe about Nothing.,FINIS.,0,,977,1507,106201,301,text,71,0,True,False,title_page,True,extract-2026-09-08.13
A11992,,A11992,A11992.xml,8b16b18b582d37bf5db8bef9db501b853d2417c9c37ac962ba610c6935735be9,/*/*[2]/*[2],,single,,,The Tragedy of Othello the Moore of Venice.,FINIS.,0,,1143,2997,125923,586,act,132,0,True,False,stationer_to_the_reader;title_page,True,extract-2026-09-08.13
A11994,,A11994,A11994.xml,9a19982999451c97c8d75490974c89063cfaf378a19d8de5908a155da89577b6,/*/*[2]/*[2],,single,,,,FINIS.,0,,522,2605,108438,0,text,69,0,True,False,title_page,True,extract-2026-09-08.13
A12001,,A12001,A12001.xml,3743af14e37612d37b1927d96e107755e378dfc742b22fd4121fe027543af228,/*/*[2]/*[2],,single,,,,FINIS.,0,,1046,3422,140174,0,text,155,0,True,False,title_page,True,extract-2026-09-08.13
A12010,,A12010,A12010.xml,95ac59760235c334f68d57c29c06080567ddce568d277b1285fbf02e73ecb164,/*/*[2]/*[2],,single,,,The most excellent Tragedie of Romeo and Iuliet.,FINIS.,0,,712,1958,87923,428,text,130,0,True,False,prologue;title_page,True,extract-2026-09-08.13
A12016,,A12016,A12016.xml,d0dbdb4144f692f036630b877c8c28998ad7cd8a9bd685ab50678c7d53423da2,/*/*[2]/*[2],,single,,,THE Taming of the Shrew.,FINIS.,0,,895,2335,105385,0,act;scene,115,0,True,False,title_page,True,extract-2026-09-08.13
A12017,,A12017,A12017.xml,86ec11262b8a2424745374e56132954f9979fdf00419c4f09ce14c6ceca5dbc6,/*/*[2]/*[2],,single,,,"The most Lamentable Romaine Tragedie of Titus Andronicus: As it was Plaide by the Right Honourable the Earle of Darbie, ",Finis the Tragedie of Titus Andronicus.,0,,542,2431,101403,128,play,96,0,True,False,title_page,True,extract-2026-09-08.13
A12021,,A12021,A12021.xml,160b38c7bcaed72a2486dc68aad8e600ba44c5f0a782f1d241ecced6e447683d,/*/*[2]/*[2],,single,,,The history of Troylus and Cresseida.,FINIS.,0,,1116,2848,130776,0,text,125,0,True,False,title_page,True,extract-2026-09-08.13
A12023,,A12023,A12023.xml,3fc366239bdbf089075b82dc874d7c10b20f61a36ffeb21e190a381b4d891238,/*/*[2]/*[2],,single,,,THE LONDON Prodigall.,FINIS.,0,,775,1589,79067,0,text,81,0,True,False,title_page,True,extract-2026-09-08.13
A12024,,A12024,A12024.xml,49567ca2ce7136f3225ce7f79d711b0e36b2ab915a8d43c4939ec45ce74841bf,/*/*[2]/*[2],,single,,,The Play of Pericles Prince o • Tyre. &c.,FINIS. || FINIS.,0,,633,1806,88286,4863,epilogue;play,86,0,True,False,title_page,True,extract-2026-09-08.13
A12030,,A12030,A12030.xml,9a56dcc5b9153ac87b3440f7d7b75d79c967a69541ba57e40146464e5ccab16e,/*/*[2]/*[2],,single,,,"ALL'S ONE, OR, One of the foure Plaies in one, called a York-shire Tragedy: as it was plaid by the Kings Maiesties Plaie",FINIS.,0,,219,580,29421,0,text,71,0,True,False,title_page,True,extract-2026-09-08.13
A12074,,A12074,A12074.xml,30378927e59f09abbd1347b730d645a7048a658b3bc72bc9771b816ddefd15d6,/*/*[2]/*[2],,single,,,CVPIDS Whirligig.,Finis Act. second. || FINIS,1,2 pages,932,1112,116290,1161,prologue;scene,126,0,True,False,dedication;dramatis_personae;title_page,True,extract-2026-09-08.13
A12078,,A12078,A12078.xml,98d008ca8ff4833e2241241d0b0a956e7ed7c4fa471ed931c37d9714ac30f2e1,/*/*[2]/*[2],,single,,,The Fleire.,Finis Actus Primi. || Finis Act: Secundi. || Euer at your disposure: lacke Haue-little Knight. || Yours in the moste affectionate degree of affection. Don Piso De Florence. || Finis Act. Tertii. || Yours Fleere a Florentine. || FINIS.,0,,875,952,82356,103,act;scene,76,0,True,False,publisher_to_the_reader;title_page,True,extract-2026-09-08.13
A12128,,A12128,A12128.xml,987b4f163c9e8904ad7c2475c20b4dc575990c9c4a11051074dfd6c2ad51d4b9,/*/*[2]/*[2],,single,,,THE BIRD IN A CAGE.,Finis Actus Quarti. || FINIS.,0,,975,1847,96237,205,scene,92,0,True,True,dedication;dramatis_personae;title_page,True,extract-2026-09-08.13
A12129,,A12129,A12129.xml,b96961765e29975f25bdabca172e583bf18b73d7dda6b4882ef60edeee4f9543,/*/*[2]/*[2],,single,,,"CHANGES OR, Loue in a Maze.",Sic explicit Actus secundus. || Sic explicit Actus Tertius. || Sic explicit Actus Quartus.,0,,1042,2527,96864,434,act;song,135,0,True,True,dedication;dramatis_personae;prologue;title_page,True,extract-2026-09-08.13
A12130,,A12130,A12130.xml,0a28014c6efb97f87abfed8317ecf8e0d7d759d93fe3069f0e0d347aaa29d4b4,/*/*[2]/*[2],,single,,,THE CONSTANT MAID.,FINIS.,0,,801,2281,81312,0,act,107,0,True,False,dramatis_personae;title_page,True,extract-2026-09-08.13
A12131,,A12131,A12131.xml,1ce6afccf52301c3aa104a6f001d055ca53de374ef1c8428503461f6ab69bf2d,/*/*[2]/*[2],,single,,,A CONTENTION FOR HONOR AND RICHES.,FINIS.,0,,206,628,29468,0,play,17,0,True,False,dedication;dramatis_personae;title_page,True,extract-2026-09-08.13
A12133,,A12133,A12133.xml,5401347753eb5bbce7656cc7f4a3aa240bf1c86b878dfd7da7d128e7609de074,/*/*[2]/*[2],,single,,,THE CORONATION.,FINIS.,0,,802,2469,83378,585,act;epilogue,94,0,True,False,dramatis_personae;prologue;title_page,True,extract-2026-09-08.13
A12136,,A12136,A12136.xml,32234bd2d536608f4cd8920f2c2c34639c28d03395d5c16acc5a400483ba7b69,/*/*[2]/*[2],,single,,,THE EXAMPLE,FINIS.,0,,824,2435,90398,421,act,113,0,True,True,prologue;title_page,True,extract-2026-09-08.13
A12137,,A12137,A12137.xml,6bf970a1928a228cb458a1647a30435fe4ee4f43273b0e9320cd6499e81385ff,/*/*[2]/*[2],,single,,,THE GAMESTER.,FINIS,0,,1033,2701,100899,0,act,94,0,True,True,title_page,True,extract-2026-09-08.13
A12138,,A12138,A12138.xml,e71123fef774dafb3844150da598c4085fa9eeef98f893d5d687a7fab82a0c07,/*/*[2]/*[2],,single,,,THE GRATEFVLL SERVANT.,FINIS.,0,,879,2350,98171,0,scene,108,0,True,False,dedication;dramatis_personae;encomium;title_page;to_the_reader,True,extract-2026-09-08.13
A12140,,A12140,A12140.xml,de6e9237fd3fa412ee5891c3e5fed5ea47ef4ad203077b6ed19d07b032fbd228,/*/*[2]/*[2],,single,,,HIDE PARKE.,FINIS.,0,,1022,2374,81369,0,act,106,0,True,False,dedication;dramatis_personae;title_page,True,extract-2026-09-08.13
A12141,,A12141,A12141.xml,9eee876af8e63767813348bd52b7b0c4da01d567cfee5ffead701d70f308d285,/*/*[2]/*[2],,single,,,THE HVMOROVS COVRTIER.,FINIS.,0,,917,2387,84184,0,act,99,0,True,False,dramatis_personae;publishers_advertisement;title_page,True,extract-2026-09-08.13
A12142,,A12142,A12142.xml,7d3d9aab15fb14d562a1ee678aded638ebb0d358380ace244313af136947797a,/*/*[2]/*[2],,single,,,The Lady of Pleasure.,FINIS.,0,,999,3020,105291,292,act,91,0,True,False,dedication;dramatis_personae;title_page,True,extract-2026-09-08.13
A12143,,A12143,A12143.xml,9ea1c1ec027a8f4d6ca119f4197a876171b461bb1e9774b09cb58e233339a7f9,/*/*[2]/*[2],,single,,,LOVES CRVELTY.,FINIS.,0,,837,1971,83615,0,act,74,0,True,False,dedication;title_page,True,extract-2026-09-08.13
A12145,,A12145,A12145.xml,3cb25e0b5284569c8f6dac8bde9344592d8b7f9029c6dc807b6469572207b294,/*/*[2]/*[2],,single,,,THE MAIDES REVENG.,FJNIS.,0,,797,2125,89764,0,scene,119,0,True,False,catalogue;dedication;dramatis_personae;title_page,True,extract-2026-09-08.13
A12148,,A12148,A12148.xml,f42380f78f14a44143f1b5badaef3f6aeac888b6e275ecb05b594218d8a6fb50,/*/*[2]/*[2],,single,,,THE OPPORTVNITIE.,FINIS.,0,,916,2522,92938,0,act;scene,114,0,True,False,dedication;dramatis_personae;title_page,True,extract-2026-09-08.13
A12149,,A12149,A12149.xml,e9e777c104e7d7a192cf7daddcca0de67a104715d57764c857e9501456800548,/*/*[2]/*[2],,single,,,A PASTORALL CALLED THE ARCADIA.,FINIS.,0,,855,2063,89839,0,act,90,0,True,False,dramatis_personae;title_page,True,extract-2026-09-08.13
A12150,,A12150,A12150.xml,c079fbed7667867573b5f9e6df4bcf85ea7276c3fe5b9842270a0f9bd83646f5,/*/*[2]/*[2],,single,,,THE FISRT ACT.,FINIS.,0,,856,2615,90122,42,act,107,0,True,True,dedication;encomium;title_page,True,extract-2026-09-08.13
A12151,,A12151,A12151.xml,12e48f58c37d0f8cf82fbea5d59cf531bba5108b49a3017c152c2c02304aa6dc,/*/*[2]/*[2],,single,,,Act. I.,FINIS.,0,,727,2128,85195,495,act;epilogue,114,0,True,False,dramatis_personae;prologue;title_page,True,extract-2026-09-08.13
A12152,,A12152,A12152.xml,ac79c2092d8af457b99d111ebd4b09c708005617bf7034186c15f4b20888b74d,/*/*[2]/*[2],,single,,,THE SCHOOLE OF COMPLEMENT.,FINIS.,0,,843,1554,111069,916,scene,110,0,True,False,dedication;dramatis_personae;prologue;title_page,True,extract-2026-09-08.13
A12154,,A12154,A12154.xml,419623a0e93319be43aca37e17c1e40fff8c4eca4c32191b7ae5f269a7013652,/*/*[2]/*[2],,single,,,THE TRAYTOR.,FINIS.,0,,906,2593,98129,1069,act,117,0,True,False,dedication;dramatis_personae;encomium;title_page,True,extract-2026-09-08.13
A12155,,A12155,A12155.xml,80f4f5d2b3d87343dbae39b428f0edad486d45cc690ed8de2c5b6724bbea88f9,/*/*[2]/*[2],,single,,,The Wedding.,,0,,1007,2321,93373,0,act;epilogue,126,0,True,False,dedication;dramatis_personae;encomia;encomium;title_page,True,extract-2026-09-08.13
A12157,,A12157,A12157.xml,7a80af4180efb9d425334239f2461a83043b2948f9dd0562d6cc290a459386cb,/*/*[2]/*[2],,single,,,THE VVITTY FAIRE ONE.,Explicit Actus primus. || FINIS.,1,2 pages,958,1531,86475,824,scene,103,0,True,True,dedication;dramatis_personae;title_page,True,extract-2026-09-08.13
A12158,,A12158,A12158.xml,8900b80ba72780cbb3f426ed3951f35d9902ab83efa1816ad77bec0770d392b4,/*/*[2]/*[2],,single,,,THE YOVNG ADMIRALL.,FINIS.,0,,955,2398,92076,0,act,105,1,True,False,dedication;dramatis_personae;title_page,True,extract-2026-09-08.13
A12548,,A12548,A12548.xml,410c775da099a03cd0ebb848491e3e52c22db8ea27be1eb3b81c130c835cd726,/*/*[2]/*[2],,single,,,Palsgraue.,W. S •• yth. || FINIS.,0,,644,1975,77358,2609,play;prologue,140,0,True,False,dedication;title_page,True,extract-2026-09-08.13
A12578,,A12578,A12578.xml,bc605b88957470f8c97b5ef2a17738da844c9b97da0fb97f5742a4df96d5d180,/*/*[2]/*[2],,single,,,THE Tragedie of Soliman and Perseda.,FINIS.,0,,604,2264,93092,0,act,143,0,True,True,title_page,True,extract-2026-09-08.13
A12813,,A12813,A12813.xml,02385d1d3ff780807bace14c666ca212822601fac9dad64cbf22a51b22bfd51d,/*/*[2]/*[2],,single,,,"Tes Irenes Trophaea. OR, The Triumphs of Peace.",FJNJS.,0,,0,157,0,15755,presentation;speech,0,0,True,False,dedication;title_page,True,extract-2026-09-08.13
A12954,,A12954,A12954.xml,4ded43ef51a013cfa9c77cd16e520013586c2e0aaf2b99b33c818c00ea42a055,/*/*[2]/*[2],,single,,,CINTHIAS REVENGE: OR MAENANDERS EXTASIE.,Finis Actus primi. || F •• is Actus secundi. || Finis Actus tertij. || Finis Actus quarti. || FINIS.,0,,554,5003,158903,35548,scene,45,0,True,False,argument;dedication;dramatis_personae;poem;title_page;to_the_reader,True,extract-2026-09-08.13
A12969,,A12969,A12969.xml,95716babb6deca4df963382dc650893a580db78756b889cf00480c410062545e,/*/*[2]/*[2],,single,,,¶The Prologue.,"Finis, Gurton. Perused and alowed, &c.",0,,504,1371,67279,2339,prologue;scene;song,20,0,True,True,dramatis_personae;title_page,True,extract-2026-09-08.13
A13062,,A13062,A13062.xml,565dff184bdf1d27d24703ecc7e7434cf4115c4d215628798de10a30bc31a8a0,/*/*[2]/*[2],,single,,,THE LIFE AND Death of Iacke Strawe.,Finis Actus Primus. || Finis Actus Secundus. || Finis Actus Tertius. || FINIS.,0,,177,843,38660,2305,act,43,0,True,True,title_page,True,extract-2026-09-08.13
A13125.1,,A13125,A13125.xml,5f5cf0d8207493b62a8e7d12325ea559c3950b941506e4f7183e14cd2d8ad4ce,/*/*[2]/*/*[1]/*[2],,group_text,,,AGLAURA.,,0,,466,1901,74449,0,scene,169,0,True,True,dramatis_personae;imprimatur;prologue;title_page,True,extract-2026-09-08.13
A13125.2,,A13125,A13125.xml,5f5cf0d8207493b62a8e7d12325ea559c3950b941506e4f7183e14cd2d8ad4ce,/*/*[2]/*/*[2]/*[2],,group_text,,,ACTUS V.,,0,,168,606,21398,56,scene,55,0,True,True,prologue;title_page,True,extract-2026-09-08.13
A13345,,A13345,A13345.xml,56a2eee9d576df46518ff42c752c39cfeec526214762d447a8572b204de32834,/*/*[2]/*[2],,single,,,THE HOGGE HATH loſt his Pearle.,FINIS.,0,,480,1459,80890,3801,act,111,0,True,True,dramatis_personae;prologue;title_page,True,extract-2026-09-08.13
A13358,,A13358,A13358.xml,b1329a1fdfd79b88ce1fb4b99f14903271cee83bc3ca6b50d9b3367d8457e93c,/*/*[2]/*[2],,single,,,"A Pleaſant conceited Hiſtorie, called The Taming of a Shrew.",FINIS.,0,,480,1504,61309,0,play,102,0,True,False,title_page,True,extract-2026-09-08.13
A13360,,A13360,A13360.xml,1bff4bf2a844ff49a9df83fbcccc8a9584c208fa8adf0e8e6b2f920772b16d81,/*/*[2]/*[2],,single,,,"G. STEEVENS ❧ A pleaſant conceited Hiſtorie, called, The Taming of a Shrew.",G. STEEVENS. || FINIS.,0,,483,1493,61252,0,text,102,0,True,False,title_page,True,extract-2026-09-08.13
A13384,,A13384,A13384.xml,398c1153e03256e1198c049ddc4de4dc20b27d885b8a891b3a0db06ac15aff5f,/*/*[2]/*[2],,single,,,Actus Primus.,FINIS.,0,,276,2337,76453,18594,poem;scene,10,0,True,False,dramatis_personae;errata;prologue;title_page,True,extract-2026-09-08.13
A13393.1,,A13393,A13393.xml,dd25012b83e5f09e06e6d7205f690d8e5e52468f5d4c76e5975d9b26594640aa,/*/*[2]/*/*[1]/*[2],,group_text,,,"A DIALOGVE betweene Momus, Tyme, and the Author.",Of your devoted Servant. || Io. Tatham. || FINIS. || Geo. Sparke.,0,,14,2806,12146,98075,dialogue;elegy;encomium;epitaph;epithalamium;ode;poem;prologue;song,0,0,True,False,dedication;encomium;imprimatur;title_page;to_the_reader,True,extract-2026-09-08.13
A13393.2,,A13393,A13393.xml,dd25012b83e5f09e06e6d7205f690d8e5e52468f5d4c76e5975d9b26594640aa,/*/*[2]/*/*[2]/*[2],,group_text,,,Love crownes the end.,,0,,182,596,22914,897,dialogue;prologue;song,72,0,True,True,title_page,True,extract-2026-09-08.13
A13611,,A13611,A13611.xml,3625e35b9570c1011695b7d595beed24af7119e97bbd91e6a36371d354d481e2,/*/*[2]/*[2],,single,,,¶The ſpeakers in this Comoedie.,FINIS.,0,,770,801,77556,4889,act;scene,94,71,True,False,argument;dedication;encomia;poem;preface;title_page;to_the_reader,True,extract-2026-09-08.13
A13664,,A13664,A13664.xml,707b5003c551ccbe90d54db1a401e1dfb6ae8812dcee2032a7a977f6981ba20b,/*/*[2]/*[2],,single,,,Thersites commeth in fyrste hauinge a clubbe vppon his necke,Amen.,0,,86,918,33992,1541,play,24,0,True,True,title_page,True,extract-2026-09-08.13
A13802,,A13802,A13802.xml,5f561d39d6b2f997e4d5d543f34b61af31b6345eae6ded103727c8050c92041a,/*/*[2]/*[2],,single,,,ALBVMAZAR.,Finis Act. 1. || Finis Act. 2. || Finis Act. 3. || Finis Act. 4. || FINIS.,0,,996,2904,118479,0,epilogue;prologue;scene,58,0,True,False,dramatis_personae;title_page,True,extract-2026-09-08.13
A13804,,A13804,A13804.xml,0555ca9739b933ede90d351eff0002760b4f65b696897d87a65c5f19c923d722,/*/*[2]/*[2],,single,,,Prologue.,Finis. Act. primi. || Finis. Act. secundi. || Finis. ACT. 3. || Finis Act. 4. || FINIS.,0,,947,1995,138281,941,epilogue;prologue;scene,146,0,True,False,dramatis_personae;title_page,True,extract-2026-09-08.13
A13840,,A13840,A13840.xml,de6c122e5e870a03c50a9db64d925006e1ad9533677dba5d4d3361af80023109,/*/*[2]/*[2],,single,,,THE ATHEIST'S Tragedie.,FINIS.,0,,784,1794,110874,414,act,222,0,True,False,dramatis_personae;title_page,True,extract-2026-09-08.13
A13843,,A13843,A13843.xml,37499a3aacae7c7782c4224d8df08249ee14d71b86e8ce9af592fc43b90525e8,/*/*[2]/*[2],,single,,,The Reuengers Tragaedie.,FINIS.,0,,1105,2634,102993,0,act,93,0,True,False,title_page,True,extract-2026-09-08.13
A13846,,A13846,A13846.xml,7b38aeed000c131a9e704d6a6b6517844df4ee226de524f5f153044dd8b47c61,/*/*[2]/*[2],,single,,,ALBIONS TRIVMPH.,,0,,76,221,6129,10154,;description_of_scene;scene_proper,17,1,True,True,title_page,True,extract-2026-09-08.13
A13848,,A13848,A13848.xml,7aa66fcec355a070affcdeb65a4acd8ffc3387d1535620c414e21b893fe19f7f,/*/*[2]/*[2],,single,,,The fugitive Favourite.,FINIS.,0,,19,167,2145,15396,argument;description_of_scene;part,1,0,True,True,title_page,True,extract-2026-09-08.13
A13962,,A13962,A13962.xml,4a63c20ef69e49a56af807c7006d1bd37bc4695ad9d70e411a07c3bc577c83f2,/*/*[2]/*[2],,single,,,¶Doe all thinges to edifie the Congregation.,Finis. || Finis.,0,,254,1133,46802,2765,play;prologue,49,0,True,False,frontispiece;title_page,True,extract-2026-09-08.13
A14193,,A14193,A14193.xml,57bc7963c8fa1996addb69cc26ed99caaaeddba648d73c1f061857a2e6d7d901,/*/*[2]/*[2],,single,,,Actus. j. Scaena. j.,Finis. || AMEN.,0,,1147,2224,92370,830,scene,66,2,True,True,prologue,True,extract-2026-09-08.13
A14599,,A14599,A14599.xml,6f167e2faa566dd8fa0edc2f6fd0661f38fa1eaaf870d42c2bc84bb6b73b6e00,/*/*[2]/*[2],,single,,,Actus I.,FINIS.,0,,953,2086,83234,0,act,133,0,True,False,dedication;title_page,True,extract-2026-09-08.13
A14625,,A14625,A14625.xml,13f5ca7b23269ceb94c6e28c091cca69d2a81b3251848e55b710679a0a71e63b,/*/*[2]/*[2],,single,,,An Enterlude of the Repentance,The ende of the Preface. || FINIS.,0,,354,2134,91957,3949,play;prologue,38,0,True,False,title_page,True,extract-2026-09-08.13
A14627,,A14627,A14627.xml,343eba781cda1fc9c437006db6d1dd52c7d6c1e09745b409b09ea42f9acb4aae,/*/*[2]/*[2],,single,,,Enter Worldly man ſtout and frolike.,¶ Finis.,0,,366,1458,67650,0,play,34,0,True,False,prologue;title_page,True,extract-2026-09-08.13
A14713,,A14713,A14713.xml,feb80c61c9049e36b0bb4b2546a321ad39302af2da9543b8508985afb8a33700,/*/*[2]/*[2],,single,,,¶The Prologue.,¶Finis. || ☞Finis.,0,,116,578,21363,1736,play;prologue;song,41,1,True,True,title_page,True,extract-2026-09-08.13
A14715,,A14715,A14715.xml,ebfe636ee51ecd0fdfd8a2f535dd036bbdb175824ff73999b6cc2c2141ca6beb,/*/*[2]/*[2],,single,,,Courage the Vice entreth.,Finis. || Finis. || FINIS.,0,,328,1815,70974,2131,masque;song,71,0,True,False,prologue;title_page,True,extract-2026-09-08.13
A14846,,A14846,A14846.xml,5aa54baa908aba5971957a8444341a4fed2fa679aeda8ffd2b5fe1e507e9b950,/*/*[2]/*[1],,single,,,¶The prologue of the messenger.,Finis,0,,173,1171,46977,313,play;title_page,20,2,False,True,,True,extract-2026-09-08.13
A14869,,A14869,A14869.xml,09e981f4b582d3e99c91c6367672b2ed6eb4fbe4072da384e2c48b32b1588731,/*/*[2]/*[2],,single,,,"The Deuil's Law Case. OR, When Women goe to Law, the Deuill is full of Businesse.",Finis Actus primi. || Explicit Actus secundi. || Explicit Acts Tertij. || Explicit Acti quarti. || FINIS.,0,,1026,3065,117292,0,act,103,0,True,False,dedication;dramatis_personae;title_page;to_the_reader,True,extract-2026-09-08.13
A14871,,A14871,A14871.xml,ab7e17f50df3edea1d43962c8d19968993246d8c42ac93c2a8edc363a0c4dc04,/*/*[2]/*[2],,single,,,Monuments of Honor.,FINIS.,0,,6,160,3227,16949,text,1,0,True,False,dedication;title_page,True,extract-2026-09-08.13
A14872,,A14872,A14872.xml,2539b1cdc418db657ab76383fcde2d47ab1d9647a58d9429bd92600db063bc84,/*/*[2]/*[2],,single,,,Actus Primus.,FINIS.,0,,1130,3354,122971,1076,scene,81,1,True,False,dedication;dramatis_personae;encomia;encomium;title_page;to_the_reader,True,extract-2026-09-08.13
A14875,,A14875,A14875.xml,e0b2c5e646522155522a9e2504bf77290957e6c646b3db2e161b0847717fc170,/*/*[2]/*[2],,single,,,"THE TRAGEDY OF PAVLO GIORDANO Vrsini Duke of Brachiano, and Vittoria Corombona.",,0,,1146,3127,129183,95,play,151,1,True,True,title_page;to_the_reader,True,extract-2026-09-08.13
A15045.1.1,A15045.1,A15045,A15045.xml,8c25fd741dde3e51578c2652139259039115156569f25c0a0b7a30cdc5999de4,/*/*[2]/*[2]/*/*[3],,work_div,part,1,Actus. 1.,FINIS. || G. W.,2,1 page;1 page,337,1172,53746,990,scene,76,6,True,True,dedication;introduction;printer_to_the_reader;title_page,True,extract-2026-09-08.13
A15045.1.2,A15045.1,A15045,A15045.xml,8c25fd741dde3e51578c2652139259039115156569f25c0a0b7a30cdc5999de4,/*/*[2]/*[2]/*/*[4],,work_div,part,2,❧ The ſeconde part of the Famous Hiſtorie of Promos and Caſſandra.,"Dated at his Royall Court, in Iulio, the. 6. of Februarie. || God ſaue the King. || FINIS. || G. Whetſtone.",0,,358,1177,51375,0,scene,72,1,True,True,dedication;introduction;printer_to_the_reader;title_page,True,extract-2026-09-08.13
A15352,,A15352,A15352.xml,16975378a0bfc8f3b43f62d68cfecfd1fbc2a0ee955e6492b01327904879d2c1,/*/*[2]/*[2],,single,,,The Miseries of inforst Mariage.,FINIS.,0,,1080,2130,119093,1645,text,130,0,True,False,title_page,True,extract-2026-09-08.13
A15498,,A15498,A15498.xml,8d07308cbf500d1c266c96a28479544455bdcb44b223fa52dbced38771bf9543,/*/*[2]/*[2],,single,,,The Tragedie of Tancred and Gismund.,Finis Actus 1. || Finis Actus 2. || Finis Actus 3. || Finis Actus 4. || FINIS.,0,,176,1843,69878,8923,epilogue;play;scene,42,7,True,True,dedication;letter;preface;title_page,True,extract-2026-09-08.13
A15515,,A15515,A15515.xml,c0a1c0ac3501d16d5599e73ff73d828eb6932b5f8c48bd3a629f32be9db5e672,/*/*[2]/*[2],,single,,,THE COBLERS Prophesie.,Fortuna Crudelis. || FINIS▪,1,2 pages,464,1355,61573,325,play;prophecy;song,97,0,True,False,title_page,True,extract-2026-09-08.13
A15516,,A15516,A15516.xml,2cd77d4015cf603082b2ac0b06edfa8708d3f14123d32b74a878665ea7fad717,/*/*[2]/*[2],,single,,,The Pedlers Prophecie.,FINIS.,0,,276,1568,66892,3486,prologue,23,0,True,False,title_page,True,extract-2026-09-08.13
A15517,,A15517,A15517.xml,f2021fc93b7cd374d7406d96d43866fea8345229be2253181feb44234d3c8e5e,/*/*[2]/*[2],,single,,,The pleasant and statelie Morall of the three Lords of London.,Finis. || FINIS.,0,,833,1756,104487,368,play;preface,112,0,True,False,dramatis_personae;title_page,True,extract-2026-09-08.13
A15519,,A15519,A15519.xml,4f40f973ed3237cc59f928dd17cf3591edf2b1b904e3758eac6a0801331d40df,/*/*[2]/*[2],,single,,,A pythie and pleasant Comoedie of the three Ladies of London.,FINIS. || Paule Bucke.,0,,491,1660,93066,1279,act,105,0,True,False,title_page;verse_prologue,True,extract-2026-09-08.13
A15549,,A15549,A15549.xml,21f83e6b8920c91ec3eb3fb6dd1329cd6bb428b074139f08e310a61fa5a6edb2,/*/*[2]/*[2],,single,,,WILY BEGVILDE.,FINIS.,0,,551,1894,96375,1066,play;song,113,0,True,True,dramatis_personae;prologue;title_page,True,extract-2026-09-08.13
A15676,,A15676,A15676.xml,d6239fce1ac09bc68a70c68f394808206da89b06f97aaea85080703d4dff1077,/*/*[2]/*[2],,single,,,Euerie Woman in her Humor.,FINIS,0,,752,1219,89414,1024,play,64,0,True,False,title_page,True,extract-2026-09-08.13
A15707,,A15707,A15707.xml,979a0e4584d3c25714c745500a086131b699ed0d7b0c37d659d3f9a47ad6f6f4,/*/*[2]/*[2],,single,,,"WORKE FOR Cutlers: or, a merry Dialogue betweene Sword, Rapier, and Dagger.",FINIS.,0,,91,100,9593,0,drama,4,0,True,False,title_page,True,extract-2026-09-08.13
A15814,,A15814,A15814.xml,8e918e85cf26fd6f6d2bab6d00bf705424815e4b1a0df46643c52d9ac39f983f,/*/*[2]/*[2],,single,,,Two Tragedies in one.,FINIS. Rob. Yarington.Laus Deo.,0,,540,2351,96270,939,play,151,0,True,False,title_page,True,extract-2026-09-08.13
A15873,,A15873,A15873.xml,84fe14064e2c9758e7879b64b39fba136a537e36b42c91f115e82a33119ea37a,/*/*[2]/*[2],,single,,,The Sophister. A Comedy.,,0,,514,1402,84792,0,scene,101,0,True,True,imprimatur;prologue;title_page,True,extract-2026-09-08.13
A15979,,A15979,A15979.xml,db80c5de4bfa73a638d7bc47483bd5ba9c7810898cc5add3e7d23ced3b75c1a6,/*/*[2]/*,,single,,,,,0,,64,403,14498,311,masque,4,0,False,False,,True,extract-2026-09-08.13
A16527.1,,A16527,A16527.xml,bf8e68cd5eff6bc37c40d7283ab2a1228480a1aca01c82fc181755d0958c6c3d,/*/*[2]/*[2]/*[1]/*[2],,group_text,,,THE TRAGEDIE of Croeſus.,W. A. || FINIS.,0,,128,2948,105320,18828,act;chorus;scene,11,0,True,False,dramatis_personae;preface,True,extract-2026-09-08.13
A16527.2,,A16527,A16527.xml,bf8e68cd5eff6bc37c40d7283ab2a1228480a1aca01c82fc181755d0958c6c3d,/*/*[2]/*[2]/*[2]/*[2],,group_text,,,THE TRAGEDY OF DARJƲS.,W. A. || Finis.,0,,155,2226,74510,19358,act;chorus;scene,13,0,True,False,dramatis_personae;encomium;preface;sonnet;title_page,True,extract-2026-09-08.13
A16527.3,,A16527,A16527.xml,bf8e68cd5eff6bc37c40d7283ab2a1228480a1aca01c82fc181755d0958c6c3d,/*/*[2]/*[2]/*[3]/*[2],,group_text,,,THE Alexandraean Tragedie.,FINIS.,0,,156,3484,123745,25030,act;chorus;scene,20,0,True,False,dramatis_personae;preface;title_page,True,extract-2026-09-08.13
A16527.4,,A16527,A16527.xml,bf8e68cd5eff6bc37c40d7283ab2a1228480a1aca01c82fc181755d0958c6c3d,/*/*[2]/*[2]/*[4]/*[2],,group_text,,,THE Tragedie of Caeſar.,FINIS.,0,,154,3214,114559,23032,act;chorus;scene,17,0,True,False,dramatis_personae;preface;title_page,True,extract-2026-09-08.13
A16564.1,,A16564,A16564.xml,5ab0ba6afa1349afc186e1b4c719b624c0a27ac0133995c52986144db73b069b,/*/*[2]/*/*[1]/*[2],,group_text,,,THE TRAGEDY OF CROESVS.,FINIS.,0,,127,2971,105252,22076,act;chorus;scene,9,0,True,False,dedication;dramatis_personae;encomium;preface;table_of_contents;title_page,True,extract-2026-09-08.13
A16564.2,,A16564,A16564.xml,5ab0ba6afa1349afc186e1b4c719b624c0a27ac0133995c52986144db73b069b,/*/*[2]/*/*[2]/*[2],,group_text,,,THE TRAGEDY OF DARIVS.,FINIS.,0,,148,2227,66662,28778,act;chorus;scene,11,0,True,False,dramatis_personae;preface,True,extract-2026-09-08.13
A16564.3,,A16564,A16564.xml,5ab0ba6afa1349afc186e1b4c719b624c0a27ac0133995c52986144db73b069b,/*/*[2]/*/*[3]/*[2],,group_text,,,THE ALEXANDRAEAN TRAGEDIE.,FINIS.,0,,156,3482,125508,24276,act;chorus;scene,18,0,True,False,dramatis_personae;preface,True,extract-2026-09-08.13
A16564.4,,A16564,A16564.xml,5ab0ba6afa1349afc186e1b4c719b624c0a27ac0133995c52986144db73b069b,/*/*[2]/*/*[4]/*[2],,group_text,,,THE TRAGEDY OF JVLIVS CAESAR.,FINIS.,0,,155,3211,104151,33672,act;chorus;scene,17,0,True,False,dramatis_personae;preface,True,extract-2026-09-08.13
A16900,,A16900,A16900.xml,67f2c4cae99b65f19ab410f87e5307905da6d359f51752e85e4b81a1e6617618,/*/*[2]/*[2],,single,,,The Faire maid of Briſtovv.,FJNIS.,0,,405,1166,46092,0,play,73,0,True,False,title_page,True,extract-2026-09-08.13
A16923,,A16923,A16923.xml,dc6d3a32a2c9f5c937286fdf96ba907f0abc4944d1d8e8b52ab21a9e8adc47e4,/*/*[2]/*[2],,single,,,The Antipodes.,,0,,1091,3041,112374,1016,scene,138,0,True,True,dedication;dramatis_personae;encomium;prologue;title_page,True,extract-2026-09-08.13
A16924,,A16924,A16924.xml,8bdddab8c777a9634a81605cc05df426c5c7bf8581306ae05acd4810329f52e7,/*/*[2]/*[2],,single,,,THE NORTHERN LASSE.,The end of the first Act. || The End of the second Act. || The end of the third Act. || The end of the fourth Act. || FINIS▪,0,,1085,1335,138674,167,scene,152,0,True,False,dedication;dramatis_personae;encomium;prologue;title_page,True,extract-2026-09-08.13
A17029,,A17029,A17029.xml,edf276d6367dcbc95ff69276f6cde7b8415629a13e73930dfd906da4ad0bca75,/*/*[2]/*[2],,single,,,THE HONORABLE Entertainment giuen to her Maieſtie in Progreſſe at Cowdray in Suſſex by the Lord Montecute Anno. 1591. Au,Elizabetha Deus nobis haec otia foecit.,0,,5,65,1532,12709,day;song;speech;text,0,0,True,False,title_page,True,extract-2026-09-08.13
A17342,,A17342,A17342.xml,d490a6a2e3f65df576879b0366af3e823e1d5424b7b07d0d38c7034af4bbce10,/*/*[2]/*[2],,single,,,The Hermits ſpeech aſcending out of the ground as the KING entred the Rock.,FINIS.,0,,0,244,0,9158,poem;sonnet,0,1,True,False,title_page,True,extract-2026-09-08.13
A17344,,A17344,A17344.xml,e7063c99590925c1c6a7a3c5eac292b6f567deca156bdef49986c53eb2e7d8eb,/*/*[2]/*[2],,single,,,The Hermits ſpeech aſcending out of the ground as the KING entred the Rock.,FINIS.,0,,0,245,0,9191,song;sonnet;speech,0,2,True,False,title_page,True,extract-2026-09-08.13
A17460,,A17460,A17460.xml,67baf5d0d4009b9accf4b0c767e0ecc8e8bfbd412742946543c6dfd7bf5e5da9,/*/*[2]/*[2],,single,,,A PLEASANT COMEDIE OF THE MERRIE MILK-MAIDS.,FINIS,0,,1254,2676,134579,0,scene,117,2,True,False,dramatis_personae;printer_to_the_reader;prologue;title_page,True,extract-2026-09-08.13
A17871,,A17871,A17871.xml,d01554a8571ca4a55df7828d236d03eeaa6d242f82925c756e46bf44590d65e2,/*/*[2]/*[2],,single,,,"THE Description of a Maske presented before the Kinges Maiestie at White Hall, on twelft night last, in honour of the Lo",FINIS.,0,,61,351,11674,12867,text,0,7,True,True,dedication;epigram;illustration;title_page,True,extract-2026-09-08.13
A17879.1,A17879,A17879,A17879.xml,b39a419f1bfa7f5f0be87c72f1098e88ed3380c15c0cb647ceefd71b1406687d,/*/*[2]/*[2]/*[1],,body_div,part,,"A RELATION OF THE LATE ROYALL ENTERTAINMENT GIVEN BY the Right Honorable, the Lord KNOVVLES, at Cawsome-House neere Redd","Thus ends this ample intertainment, which as it was most nobly performed, by the right honourable the Lord and Ladie of ",0,,31,171,7892,10334,part;speech,0,0,True,False,title_page,True,extract-2026-09-08.13
A17879.2,A17879,A17879,A17879.xml,b39a419f1bfa7f5f0be87c72f1098e88ed3380c15c0cb647ceefd71b1406687d,/*/*[2]/*[2]/*[2],,body_div,part,,"THE DESCRIPTION, SPEECHES, AND SONGS, OF THE LORDS MASKE, PRESENTED IN the Banquetting-house on the mariage night of the",,0,,37,333,10123,9413,part,0,0,True,False,title_page,True,extract-2026-09-08.13
A17961.1,,A17961,A17961.xml,6a6cc245018a574d9afd305fe73f31216afcabe4c83d4fd2ec7da6ee7252999c,/*/*[2]/*/*[1]/*[2],,group_text,,,The first of Iealousie. Dialogue.,,0,,75,3452,6667,124402,part;poem,3,0,True,False,errata;imprimatur;title_page,True,extract-2026-09-08.13
A17961.2,,A17961,A17961.xml,6a6cc245018a574d9afd305fe73f31216afcabe4c83d4fd2ec7da6ee7252999c,/*/*[2]/*/*[2]/*[2],,group_text,,,THE DESCRIPTION OF THE SCAENE.,,0,,37,644,38724,13863,text,16,0,True,True,title_page,True,extract-2026-09-08.13
A17968,,A17968,A17968.xml,4ffc5258b8dc9224fd2e90bbe65c1f119714e0865c088ebf0fa66e04a0eb9b52,/*/*[2]/*[2],,single,,,THE FAVORITE.,FINIS.,0,,793,3121,129753,368,act_and_scene;epilogue,128,0,True,False,dedication;dramatis_personae;prologue;title_page;to_the_reader,True,extract-2026-09-08.13
A18083,,A18083,A18083.xml,0fafcf7994f60f32296aed43f6fad8e227c41fa1a7abce2ea64a9130a69eeb59,/*/*[2]/*[2],,single,,,Act. 1.,Finis Act. 1. || Finis Act. 2. || Finis Act. 3. || Finis Act. 4. || FINIS.,0,,413,1582,65862,1910,scene,90,0,True,True,dramatis_personae;prologue;title_page,True,extract-2026-09-08.13
A18331,,A18331,A18331.xml,4450c644bfb7c991ead8937d6596c06cbe5a2f74736f546486973d4cbbc68f22,/*/*[2]/*[2],,single,,,"A COMEDIE, OR TRAGICKE COMEDIE OF CALISTO and MELIBEA.",The end of the first Act. || FINIS.,0,,1262,1336,509764,11389,act;text,21,0,True,True,dedication;dramatis_personae;errata;prologue;title_page,True,extract-2026-09-08.13
A18400,,A18400,A18400.xml,8b414a3ada2553844a4b5789ee8d116593d9e815eae27c0117628d11c83b41db,/*/*[2]/*[2],,single,,,All Fooles.,Finis Actus Prima. || Finis Actus secundi. || Finis Actus 3. || FINIS.,0,,628,1996,97160,0,act,74,2,True,True,dramatis_personae;prologue;title_page,True,extract-2026-09-08.13
A18402,,A18402,A18402.xml,5f3520a03aac3c11b0425b2076dd2c696999a9074bcd0055913cfe89076927d7,/*/*[2]/*[2],,single,,,Song.,FINIS.,0,,486,1377,65927,0,text,68,0,True,False,title_page,True,extract-2026-09-08.13
A18403,,A18403,A18403.xml,a99b59beb95f8f058124f3479b688a2675279052023cef8f9b8681c4c01b028a,/*/*[2]/*[2],,single,,,Bussy D'Ambois: A TRAGEDIE.,Finis Actus primi. || Finis Actus secundi. || Finis Actus terty. || Finis Actus Quarti. || Finis Actus Quinti & vltimi.,0,,541,2416,104392,0,act,68,2,True,False,title_page,True,extract-2026-09-08.13
A18404.1,,A18404,A18404.xml,1e57f7ce551beae2a0057d45b012137dfda86330d570d74f355417fbbb8feeaf,/*/*[2]/*[2]/*[1]/*,,group_text,,,BYRONS CONSPIRACIE.,"FINIS Actus 1. || FINIS. Actus Secundi. || Finis Actus Quinti, & vltimi.",0,,295,2066,86947,201,act_and_scene,61,0,False,False,,True,extract-2026-09-08.13
A18404.2,,A18404,A18404.xml,1e57f7ce551beae2a0057d45b012137dfda86330d570d74f355417fbbb8feeaf,/*/*[2]/*[2]/*[2]/*[2],,group_text,,,THE TRAGEDIE OF Charles Duke of Byron.,Finis Actus Secundi. || FINIS.,0,,388,2381,98867,0,act_and_scene,65,0,True,False,title_page,True,extract-2026-09-08.13
A18407,,A18407,A18407.xml,6a86687c4f344894b418945202a40c15b3afd99a66d1c13204ade4581224959b,/*/*[2]/*[2],,single,,,EAST-WARD HOE.,,3,1 page;1 page;1 page,784,1010,126282,32,act;scene,124,0,True,False,title_page;verse_prologue,True,extract-2026-09-08.13
A18413,,A18413,A18413.xml,7541a27232881a444eb4ebfa722e6666f7e00e3c808a00494b2d711bc9fa1cd3,/*/*[2]/*[2],,single,,,THE GENTLEMAN VSHER.,Fini •… Actus Primi. || Finis Actus secundi. || Finis Actus ter •… . || Fiuis Actus Quarti. || FINIS.,0,,977,2576,105313,0,act,113,0,True,False,title_page,True,extract-2026-09-08.13
A18415,,A18415,A18415.xml,9b05ae236077562d9a3baee39604bb3bdf42ca6517583f6ad8bd6d54f062c765,/*/*[2]/*[2],,single,,,MAY-DAY.,Finis Actus Primi. || Actus secundi Finis. || Finis Actus Tertij. || Finis Actus Quarti. || Finis Actus Quinti & vltimi.,0,,1020,1123,119057,0,act;scene,120,2,True,False,title_page,True,extract-2026-09-08.13
A18421,,A18421,A18421.xml,3aba7b5603409041c4b4698132318b89c342c9f855d0221654e8b73cb598b0f4,/*/*[2]/*[2],,single,,,THE REVENGE OF Bussy D'Ambois. A TRAGEDIE.,Finis Actus primi. || Finis Actus secundi. || Finis Actus tertij. || Finis Actus quarti. || FINIS.,0,,618,2612,104844,0,act,122,4,True,False,dedication;dramatis_personae;title_page,True,extract-2026-09-08.13
A18423,,A18423,A18423.xml,78d34dc0ef7f7a47976ea9a33bed84174cc6f5e1c46f7efe9fa9173b062c0419,/*/*[2]/*[2],,single,,,TVVO VVISE MEN AND ALL THE REST FOOLES.,,0,,790,869,160254,13792,scene,155,0,True,True,dramatis_personae;prologue;title_page,True,extract-2026-09-08.13
A18424,,A18424,A18424.xml,12426681ff8d36c97afdb37f5e16b9341ad1e497d5bcd4b301c03be4955e3a96,/*/*[2]/*[2],,single,,,ONELY A IVST MAN IS A FREE MAN.,FINIS.,0,,498,2239,85974,3388,scene,82,0,True,False,argument;dedication;title_page,True,extract-2026-09-08.13
A18425,,A18425,A18425.xml,fad21ce3a7f590f521abc01801643c7b6cc000e22118dc045e3a1033cd547d86,/*/*[2]/*[2],,single,,,ONELY A IVST MAN IS A FREE MAN.,FINIS.,0,,497,2239,86034,3392,act,82,0,True,False,argument;dedication;title_page,True,extract-2026-09-08.13
A18426,,A18426,A18426.xml,85a05ec715f02fdde9dd9220a3e0ef9d2ab4e69096a2254d56716d8a68cff8ae,/*/*[2]/*[2],,single,,,The VViddowes Teares. A COMEDIE.,Finis Actus Primi. || Finis Actus Secundi. || Finis Actus Teriij. || Finis Actus Quarti. || FINIS.,1,2 pages,883,1382,113432,1209,scene,96,0,True,False,dedication;dramatis_personae;title_page,True,extract-2026-09-08.13
A18427,,A18427,A18427.xml,9717618166328d7190fede26368c51d53d3c107e3b51ce62426416461b58dd28,/*/*[2]/*[2],,single,,,THE BALL.,FINIS.,0,,1105,2601,89585,0,act,99,0,True,False,dramatis_personae;title_page,True,extract-2026-09-08.13
A18463,,A18463,A18463.xml,d3d80a7b5ccd3af1e18ec6f23734c25aab02c6745339daa7906b243091175f14,/*/*[2]/*[2],,single,,,"The entertainement of the High and Mighty Monarch, Prince CHARLES, King of great Brittaine, France and Ireland, into his",FINIS.,0,,0,587,0,37540,epigram;panegyric;text,0,0,True,False,title_page,True,extract-2026-09-08.13
A18589,,A18589,A18589.xml,3b7e4b6a59f96013b0b02115a3c02473c744596d2026caa1c5ad5cb9b8e3a33e,/*/*[2]/*[2],,single,,,CHESTERS TRIVMPH IN HONOVR OF HER PRINCE.,ROBERT AMERIE. || FINIS.,0,,34,444,19022,0,triumph,9,0,True,True,blazon;dedication;description_of_triumphal_procession;title_page;to_the_reader,True,extract-2026-09-08.13
A18596,,A18596,A18596.xml,6ccf6836465a668b1f275d2b4710377b40630029035696daa9ee6689a4f71dc6,/*/*[2]/*[2],,single,,,The Tragedy of Hoffman.,FINIS.,0,,701,2251,103320,0,act,98,0,True,False,dedication;title_page,True,extract-2026-09-08.13
A18729,,A18729,A18729.xml,54be33ea091a4e8a85b331a4231c2af9de574d6805d7e8f2298057bf8ec509d5,/*/*[2]/*[2],,single,,,"¶The entertaynemente of the Queenes Maiestie into Suffolke, and Norffolke.",FINIS || ꝙ Tho. Churchyard. || FINIS. || Thomas Churchyarde.,0,,31,1398,17587,69132,entertainment;list_of_knights;part;poem;section;subsection;summary_of_royal_Progress,4,1,True,False,dedication;title_page;to_the_reader,True,extract-2026-09-08.13
A19182,,A19182,A19182.xml,c5edcbbab3c061a7849a2099e3d57f341b2a9a48eb5e2a33b9e0d0c1d77642dc,/*/*[2]/*[2],,single,,,THE CONTENTION betweene Liberalitie and Prodigalitie.,FINIS.,0,,459,1211,45523,5159,epilogue;scene;song,51,2,True,False,dramatis_personae;prologue;title_page,True,extract-2026-09-08.13
A19183,,A19183,A19183.xml,9f2ab4945e4d50b01fe04914032baa4867231a93e93be9c19d5b9aa4f400f561,/*/*[2]/*[2],,single,,,"A pleasant conceited Comedie, wherein is shewed how a man may chuse a good Wife from a bad.",FINIS.,0,,747,2501,107367,0,play,101,0,True,False,title_page,True,extract-2026-09-08.13
A19260,,A19260,A19260.xml,1ced7c99973861ba55b72e28e3bbbed9a62a9bcd41f661d8736e28f79ce72e00,/*/*[2]/*[2],,single,,,Greenes Tu Quoque.,"Your continuall close friend, Nan Tickle-man. || FINIS.",0,,1210,2157,118663,0,text,153,0,True,False,poem;title_page;to_the_reader,True,extract-2026-09-08.13
A19346,,A19346,A19346.xml,50dd43893eb7781604142aac27c0b7f2c9172651270178768d16e5c1f757c7ea,/*/*[2]/*[2],,single,,,A Tragicomedy.,FINIS.,0,,350,1713,69115,0,scene,28,0,True,True,dedication;dramatis_personae;frontispiece;title_page;to_the_reader,True,extract-2026-09-08.13
A19347,,A19347,A19347.xml,fa9ea1a6c46d0be0a1a815f63e42b99850e3fc6cd3c307a64691b33ab5235281,/*/*[2]/*[2],,single,,,The Second Part of The CID.,"Your moſt humble ſervant, RODERIGO. || FINIS.",0,,294,1513,57634,1713,scene,56,0,True,False,dedication;dramatis_personae;imprimatur;title_page,True,extract-2026-09-08.13
A19479,,A19479,A19479.xml,dc43b732ed7c6f3c6df1d48f1c2c8cfd060b4cde8573124e5b6a6cc1d4b81780,/*/*[2]/*[2],,single,,,Actus I.,Finis Actus primi. || Finis Actus secundi. || Finis Actus Tertij. || Finis Actus Quarti. || FINIS.,0,,711,2730,103121,1964,act_and_scene,86,0,True,True,dedication;dramatis_personae;illustration;title_page,True,extract-2026-09-08.13
A19738,,A19738,A19738.xml,700fbfc33ee5d62b4b024b3442608e56243f70f64e5547d7248df790a78d3f84,/*/*[2]/*[2],,single,,,The warres of Cyrus king of Perſia againſt Antiochus king of Aſsiria.,FINIS.,0,,369,1707,70137,0,act;entracte,57,0,True,False,title_page,True,extract-2026-09-08.13
A19750,,A19750,A19750.xml,9cf455c3badc777b5a0d1c7075e60a20048a847caec60aed8b5874220a7c7e60,/*/*[2]/*[2],,single,,,The Knave in Graine; OR New Vampt.,Yours deſpite your guts. S. S. || FINIS.,0,,1289,1895,119986,0,act,122,0,True,False,dramatis_personae;title_page;to_the_reader,True,extract-2026-09-08.13
A19755,,A19755,A19755.xml,28e55491f669b4a897c61daab13643d6d146adc54d505fe2ba4ac8b5a7ffe965,/*/*[2]/*[2],,single,,,"THE BLOODY BANQVET, A TRAGEDIE.",FINIS.,0,,724,1775,72768,1863,introduction;scene,154,0,True,False,dramatis_personae;title_page,True,extract-2026-09-08.13
A19757,,A19757,A19757.xml,65cc9774d180f6fa974cd661681f1f7aa05057d5297eddc4234ca4b6922afddc,/*/*[2]/*[2],,single,,,A Christian turn'd Turke.,FINIS.,0,,859,1918,96720,673,epilogue;scene,110,0,True,False,dramatis_personae;prologue;title_page;to_the_reader,True,extract-2026-09-08.13
A19811.1,A19811,A19811,A19811.xml,8f4d09c5b78b1479201671dd115bd520db5888a563e0b6f08690c687fefc4803,/*/*[2]/*[2]/*[1],,body_div,book,1,THE FIRST BOOKE.,The end of the first Booke.,0,,0,952,0,41290,book,0,40,True,False,dedication;illustration;title_page,True,extract-2026-09-08.13
A19811.2,A19811,A19811,A19811.xml,8f4d09c5b78b1479201671dd115bd520db5888a563e0b6f08690c687fefc4803,/*/*[2]/*[2]/*[2],,body_div,book,2,THE SECOND BOOKE.,The ende of the second Booke.,0,,0,936,0,40515,book,0,12,True,False,dedication;illustration;title_page,True,extract-2026-09-08.13
A19811.3,A19811,A19811,A19811.xml,8f4d09c5b78b1479201671dd115bd520db5888a563e0b6f08690c687fefc4803,/*/*[2]/*[2]/*[3],,body_div,book,3,THE ARGVMENT OF THE THIRD BOOKE.,The ende of the third Booke.,0,,0,736,0,32133,book,0,13,True,False,dedication;illustration;title_page,True,extract-2026-09-08.13
A19811.4,A19811,A19811,A19811.xml,8f4d09c5b78b1479201671dd115bd520db5888a563e0b6f08690c687fefc4803,/*/*[2]/*[2]/*[4],,body_div,book,4,THE FOVRTH BOOKE.,The ende of the fourth Booke.,0,,0,776,0,33179,book,0,35,True,False,dedication;illustration;title_page,True,extract-2026-09-08.13
A19811.5,A19811,A19811,A19811.xml,8f4d09c5b78b1479201671dd115bd520db5888a563e0b6f08690c687fefc4803,/*/*[2]/*[2]/*[5],,body_div,book,5,THE FIFT BOOKE.,The ende of the fift Booke.,0,,0,936,0,40259,book,0,23,True,False,dedication;illustration;title_page,True,extract-2026-09-08.13
A19811.6,A19811,A19811,A19811.xml,8f4d09c5b78b1479201671dd115bd520db5888a563e0b6f08690c687fefc4803,/*/*[2]/*[2]/*[6],,body_div,book,6,THE SIXT BOOKE.,The end of the Sixt Booke.,0,,0,920,0,39994,book,0,22,True,False,dedication;illustration;title_page,True,extract-2026-09-08.13
A19811.7,A19811,A19811,A19811.xml,8f4d09c5b78b1479201671dd115bd520db5888a563e0b6f08690c687fefc4803,/*/*[2]/*[2]/*[7],,body_div,book,7,THE SEVENTH BOOKE.,The end of the seauenth Booke.,0,,0,896,0,39022,book,0,37,True,False,dedication;illustration;title_page,True,extract-2026-09-08.13
A19811.8,A19811,A19811,A19811.xml,8f4d09c5b78b1479201671dd115bd520db5888a563e0b6f08690c687fefc4803,/*/*[2]/*[2]/*[8],,body_div,book,8,THE EIGHTTH BOOKE.,The ende of the eightth Booke.,0,,0,904,0,38503,book,0,12,True,False,dedication;illustration;title_page,True,extract-2026-09-08.13
A19816.1,,A19816,A19816.xml,a3eb46c21b91acaa708ca26f241fa270d1a0d6e457fe0b69882068cd0c067532,/*/*[2]/*/*[1]/*[2],,group_text,,,TO DELIA.,FINIS.,0,,0,768,0,33932,sonnet_sequence,0,0,True,True,dedication;errata;title_page,True,extract-2026-09-08.13
A19816.2,,A19816,A19816.xml,a3eb46c21b91acaa708ca26f241fa270d1a0d6e457fe0b69882068cd0c067532,/*/*[2]/*/*[2]/*[2],,group_text,,,THE COMPLAINT OF ROSAMOND.,FINIS.,0,,0,902,0,39166,complaint,0,0,True,False,title_page,True,extract-2026-09-08.13
A19816.3,,A19816,A19816.xml,a3eb46c21b91acaa708ca26f241fa270d1a0d6e457fe0b69882068cd0c067532,/*/*[2]/*/*[3]/*[2],,group_text,,,THE ARGVMENT.,FINIS.,0,,64,1711,51971,20825,act;argument;chorus;scene;speech,2,0,True,True,dedication;title_page,True,extract-2026-09-08.13
A19829,,A19829,A19829.xml,06f501ba1902db7038ed828e5a79d5c33a6499f27002c48451943ef4dbc5be4b,/*/*[2]/*[2],,single,,,ACT. I. SCEN. I.,FINIS.,0,,209,1892,66516,10386,scene;song,26,0,True,True,dedication;dramatis_personae;prologue;title_page,True,extract-2026-09-08.13
A19834.1,,A19834,A19834.xml,2a4b974c9741c2e105b251244c56ea90a00d6fc146bbdfcfd80886c15191fab7,/*/*[2]/*[2]/*[1]/*[2],,group_text,,,THE ARGVMENT OF THE FIRST BOOKE.,The end of the fourth booke. || The end of the fift Booke.,0,,0,5022,0,212919,book,1,44,True,False,title_page,True,extract-2026-09-08.13
A19834.2,,A19834,A19834.xml,2a4b974c9741c2e105b251244c56ea90a00d6fc146bbdfcfd80886c15191fab7,/*/*[2]/*[2]/*[2]/*[2],,group_text,,,MVSOPHILVS. CONTAINING A generall defence of all learning.,FINIS.,0,,6,1002,42055,0,text,0,1,True,False,dedication;title_page,True,extract-2026-09-08.13
A19834.3,,A19834,A19834.xml,2a4b974c9741c2e105b251244c56ea90a00d6fc146bbdfcfd80886c15191fab7,/*/*[2]/*[2]/*[3]/*[2],,group_text,,,A Letter sent from Octauia to her husband Marcus Antonius into Egypt.,FINIS.,0,,0,410,0,17488,letter,0,1,True,False,argument;dedication;title_page,True,extract-2026-09-08.13
A19834.4,,A19834,A19834.xml,2a4b974c9741c2e105b251244c56ea90a00d6fc146bbdfcfd80886c15191fab7,/*/*[2]/*[2]/*[4]/*[2],,group_text,,,THE TRAGEDIE OF CLEOPATRA.,FINIS.,0,,72,1753,69025,1553,act;scene,7,0,True,False,argument;dedication;dramatis_personae;title_page,True,extract-2026-09-08.13
A19834.5,,A19834,A19834.xml,2a4b974c9741c2e105b251244c56ea90a00d6fc146bbdfcfd80886c15191fab7,/*/*[2]/*[2]/*[5]/*,,group_text,,,THE COMPLAINT OF ROSAMOND.,FINIS.,0,,0,903,0,38968,text,0,0,False,False,,True,extract-2026-09-08.13
A19835,,A19835,A19835.xml,6ec60afe1f6a646fd9f44d10533dc5a0d0759a1fb3d6aea234333fd9699047fb,/*/*[2]/*[2],,single,,,THE QVEENES ARCADIA.,FINIS.,0,,330,2536,105051,0,scene,27,0,True,False,dedication;dramatis_personae;title_page,True,extract-2026-09-08.13
A19837,,A19837,A19837.xml,efa0562277add8926f397ecf140fbe51f52fa1abc4f8f758a74fb70e8866de84,/*/*[2]/*[2],,single,,,THE TRVE DISCRIPTION Of a Royall Maſque. Preſented at Hampton Court vpon Sunday night being the eight day of Ianuary. 16,FINIS.,0,,8,127,6393,2200,part;section,8,0,True,False,title_page,True,extract-2026-09-08.13
A19838,,A19838,A19838.xml,272b8e1f04c1434cd82e442e2891acf61f5c33a0d150c8d6e96a5b952e42ca6b,/*/*[2]/*[2],,single,,,,FINIS.,0,,10,130,8624,0,masque,21,0,True,False,dedication;title_page,True,extract-2026-09-08.13
A19876,,A19876,A19876.xml,a398ad4f201c6a4a48952df2caea2cc63d5ce0dd934c440e02de6e16d44a4e1b,/*/*[2]/*[2],,single,,,THE CRVELL BROTHER.,FINIS.,0,,635,2456,91982,1488,act;song,140,0,True,False,dedication;dramatis_personae;title_page,True,extract-2026-09-08.13
A19877,,A19877,A19877.xml,ebb2a99631cba61ce99a37091a035c9de7c17d358d9c90c4c622754fddbf0780,/*/*[2]/*[2],,single,,,THE IVST ITALIAN.,FINIS.,0,,785,2204,82848,496,scene,113,0,True,False,dedication;dramatis_personae;encomium;title_page,True,extract-2026-09-08.13
A19880,,A19880,A19880.xml,e13be3a0ee151add2fc15c70f7ab7274def19dd63a3ce88115de67368b7b0b30,/*/*[2]/*[2],,single,,,The Subject of the MASQVE.,FINIS.,0,,8,215,141,23067,argument;body_of_masque;names_of_masquers,20,0,True,False,title_page,True,extract-2026-09-08.13
A19881,,A19881,A19881.xml,5c5f42037fb45db9b4143309394221ce1cf1f9ab64800dd26ff7ba37b6aacb6f,/*/*[2]/*[2],,single,,,"THE TRAGEDY OF ALBOVINE, KING OF THE LOMBARDS.",FINIS.,0,,801,2705,103840,0,act,133,0,True,False,dedication;dramatis_personae;encomium;title_page,True,extract-2026-09-08.13
A19882,,A19882,A19882.xml,0c606afa925d8f2a05acc0e9cb188f8b79c7cb75caf4874d6006fd89f4742363,/*/*[2]/*[2],,single,,,"A MASQVE PRESENTED BY his HIGHNESSE, at his Pallace in the Middle-Temple, the 24th. of February, 1635.",FINIS.,0,,5,187,1866,12060,antimasque;dramatis_personae;text,0,0,True,False,privilege;title_page;to_the_reader,True,extract-2026-09-08.13
A19888,,A19888,A19888.xml,8bc92252e10635dde92abb661a9c89932c70acb78895b58adc40e4c079d1af45,/*/*[2]/*[2],,single,,,A New Tricke to Cheat the Divell.,FINIS.,0,,1075,2794,104686,0,scene,97,0,True,False,title_page;to_the_reader,True,extract-2026-09-08.13
A19975,,A19975,A19975.xml,223420e7ea2d83d7a484716c112097dcf6644c0b314e01c13366e169a6d23b34,/*/*[2]/*[2],,single,,,ACTƲS 1. Scena. 1.,Finis actus primi. || Finis actus Secundi. || Finis actus Tertii • ▪ || Finis actus Quarti. || FINIS.,0,,838,1319,70522,820,act,87,0,True,False,dedication;title_page,True,extract-2026-09-08.13
A19976,,A19976,A19976.xml,09508eed0aa59004dd5371e6d66bbb37ef98845595441b55f51054f3c37207bc,/*/*[2]/*[2],,single,,,The Ile of Gulls.,Finis Actus primi. || FINIS.,0,,994,1347,109739,1237,prologue;scene,85,0,True,True,title_page,True,extract-2026-09-08.13
A19977,,A19977,A19977.xml,cad6e4a86c9372cf69dea98cd9beac0ee61a30300278bdbff569e76d69aeeb1c,/*/*[2]/*[2],,single,,,"Law-tricks, OR Who would haue thought it.",FINIS.,0,,930,1749,81470,112,act;epilogue,72,0,True,False,dramatis_personae;title_page;to_the_reader,True,extract-2026-09-08.13
A20053,,A20053,A20053.xml,f6d0db884bb960d88540c53ea2dc732ebde8842db6d766b7072ffa36475a4523,/*/*[2]/*[2],,single,,,"The first Shew, is called a Sea-Consort.",FINIS.,0,,5,253,6009,17690,part;section;text,0,0,True,False,dedication;title_page,True,extract-2026-09-08.13
A20062,,A20062,A20062.xml,60a63bb66a98939b59c096d78f17f76ded0c93446f5c82f78f13484f494cdc2a,/*/*[2]/*[2],,single,,,The Honest Whore,FINIS.,0,,1185,2258,120257,694,scene,130,0,True,False,title_page,True,extract-2026-09-08.13
A20065,,A20065,A20065.xml,41280ef2de3390884e5586aa951d389af859a5e5152bf4b1cd1f2cf104236809,/*/*[2]/*[2],,single,,,THE HONEST VVHORE.,FINIS.,0,,1208,2012,119398,0,act,121,0,True,False,title_page,True,extract-2026-09-08.13
A20066,,A20066,A20066.xml,a80689f1f7585b5e1d50cbf59f159b85a3c37361e748e87781ec9e4a44f2e568,/*/*[2]/*[2],,single,,,"IF THIS BE NOT A GOOD PLAY, THE DIVELL IS IN IT.",FINIS.,0,,1284,2628,111905,0,play,170,0,True,True,dedication;prologue;title_page,True,extract-2026-09-08.13
A20069,,A20069,A20069.xml,d469de8798d17cb372192e6841206fe4b99951c389e51a5681bcbf9ae169b5f1,/*/*[2]/*[2],,single,,,"❧ A DEVICE (proiected downe, but till now not publisht,) that should haue serued at his Maiesties first accesse to the C",,0,,23,482,10886,63621,oration;part;section;speech;subsection,0,7,True,True,title_page,True,extract-2026-09-08.13
A20076,,A20076,A20076.xml,f7a3a8c062288a2c95fa5324b3fafea120cd7c7265b69bef5ec87d5aa494a44e,/*/*[2]/*[2],,single,,,THE COMEDIE OF Olde Fortunatus.,FINIS. || Tho. Dekker.,0,,828,2230,122631,765,epilogue;song;text,118,0,True,False,prologue;title_page,True,extract-2026-09-08.13
A20077,,A20077,A20077.xml,9afc1f2b966ab999cea328eef54cc4632584b0dc22582ff49fd3d75019da79e6,/*/*[2]/*[2],,single,,,The pleasant Commoedye of Patient Grissil.,FINIS.,0,,890,1778,101298,1433,text,110,0,True,False,title_page,True,extract-2026-09-08.13
A20081,,A20081,A20081.xml,d3295e62c1c7cbd4037da94306ca45219f15edc8315ff4022b1563df45367433,/*/*[2]/*[2],,single,,,The Vntrussing of the Humorous Poet.,FINIS.,0,,861,1556,115535,0,epilogue;text,90,0,True,False,dedication;dramatis_personae;errata;poem;title_page,True,extract-2026-09-08.13
A20083,,A20083,A20083.xml,853c1f613860148c39744941906dc6a858c46c82cd30d1524faeb9c88fa4f07d,/*/*[2]/*[2],,single,,,A pleasant Comedie of the Gentle Craft.,Farewell. || FINIS.,0,,785,1523,94918,3397,dedication;play;prologue;song,120,0,True,False,title_page,True,extract-2026-09-08.13
A20088,,A20088,A20088.xml,b93383dfeae24c697f8689c0a6d333895e02d1e5f6d27798b241327d49c41b7c,/*/*[2]/*[2],,single,,,MATCH MEE IN LONDON.,Finis Actus primi. || Finis Actus secundi. || Finis Actus tertij. || FINIS.,0,,1310,2216,90433,0,act,167,0,True,False,dedication;dramatis_personae;title_page,True,extract-2026-09-08.13
A20090,,A20090,A20090.xml,423adb2d28feb0a8e14dc037d82d4e994715f8eec6e69a544d5329e66bfbd6d9,/*/*[2]/*[2],,single,,,The first Triumph on the Land.,FINIS.,0,,7,349,1345,26570,part;section;text,0,5,True,False,dedication;title_page,True,extract-2026-09-08.13
A20092,,A20092,A20092.xml,4f3c9c5b9f1a14da579e00a2a29824a25a9e1eb5fb7b5f5b7bc3eb0648927271,/*/*[2]/*[2],,single,,,THE VVHORE of Babylon.,,0,,799,2664,112338,0,text,102,14,True,False,dramatis_personae;dumb_show;prologue;title_page;to_the_reader,True,extract-2026-09-08.13
A20093,,A20093,A20093.xml,ece50b47d2326204102aa7a0a8a398a53477ac909cfbfe26cdd1151f2ff5f0a6,/*/*[2]/*[2],,single,,,THE VVONDER OF A Kingdome.,FINIS.,0,,849,1844,77155,0,act,101,0,True,False,dramatis_personae;prologue;title_page,True,extract-2026-09-08.13
A20096,,A20096,A20096.xml,99109c9aed577bff5961d4c8a896b411dc0759a262c7ca385d376d32004fdf33,/*/*[2]/*[2],,single,,,THE Famous Historie of Sir Thomas Wyat.,FINIS.,0,,456,1378,55815,0,play,83,0,True,False,title_page,True,extract-2026-09-08.13
A20098,,A20098,A20098.xml,3dc447c22ac596202ef4722eac4e1d76f9949a194ac6fbf21069a0d2617482e3,/*/*[2]/*[2],,single,,,ACTVS PRIMVS.,FINIS.,0,,985,1066,108170,0,act;act_and_scene,101,0,True,False,title_page,True,extract-2026-09-08.13
A20100,,A20100,A20100.xml,bb83f2aee097d6e482b253ed66f9654d825c3ce9e81c6a23f0db324046a07f5e,/*/*[2]/*[2],,single,,,VVEST-VVARD HOE,Finis Act. Quint. || FINIS.,0,,994,1167,116379,264,scene;song,109,0,True,False,title_page,True,extract-2026-09-08.13
A20866,,A20866,A20866.xml,e072cc4c73285160fdfd6a45b74e7bb4063a561ebbd924c8112a2af485a71ef0,/*/*[2]/*[2],,single,,,THE DVTCHE • OF SVFFOLKE.,Finis Actus Primi. || Finis Actus Secundi. || Finis Actus Tertij. || Finis Actus Quarti. || FINIS.,0,,686,2142,86584,29,act,173,0,True,False,dramatis_personae;title_page,True,extract-2026-09-08.13
A20867,,A20867,A20867.xml,742fc7851e401b3ceadad73328e4bd624869357c0122fcac5af9fc24b4b46e93,/*/*[2]/*[2],,single,,,"❧ IOHN DRVMS Entertainment, or the Comedie of Pasquill and Katherine.",FINIS.,0,,573,1563,80801,3926,act;introduction,147,0,True,True,title_page,True,extract-2026-09-08.13
A20951,,A20951,A20951.xml,73301197e0a92a624b57e6ce7ee31e072a0d650bab68ba0039a92fd7a88429bb,/*/*[2]/*[2],,single,,,The Tragedy of M. Arden of Feueshame.,"Yours Michaell, or els not Michaell. || Yours Richard Greene. || FINIS.",0,,757,2417,98551,702,text,135,0,True,False,title_page,True,extract-2026-09-08.13
A21136,,A21136,A21136.xml,779fcedeb0a588cdbe218f9d9fe2ce96ef9262044b9f2db8861acf41d7c95832,/*/*[2]/*[2],,single,,,The merry Deuill of Edmonton.,FINIS.,0,,472,1203,59389,1708,act;prologue,68,0,True,False,title_page,True,extract-2026-09-08.13
A21144,,A21144,A21144.xml,1f55cb332e698204bb9968a8fca3304f63e06d86ab74722f83c3eda94e08c091,/*/*[2]/*[2],,single,,,THE RAIGNE OF K: Edward the third.,FINIS.,0,,442,2503,103828,0,text,111,0,True,False,title_page,True,extract-2026-09-08.13
A21159,,A21159,A21159.xml,8006904492937df9e26c441c7f5df2452d140e5f1653b2176262347f692e1a1d,/*/*[2]/*[2],,single,,,THE PROLOGVE.,EXIT. || Finis. || FINIS. || ¶FINIS. || ¶ FINIS.,0,,450,1824,84974,9401,play;prologue;song,66,0,True,False,title_page,True,extract-2026-09-08.13
A21238,,A21238,A21238.xml,112f178dd8742c676fa106a8c2bf76dea5f279b1a2a8c5531af19f5996a92a3a,/*/*[2]/*[2],,single,,,The Actors names.,Finis.,0,,85,991,41442,1052,masque;song,15,0,True,True,poem;poems;song;tale;text;title_page,True,extract-2026-09-08.13
A21246.1.1,A21246.1,A21246,A21246.xml,fef06cbe44248e8de14f7b5a56c620dbeafbe65bdadd8f9aa5f7d4aa818b6c22,/*/*[2]/*[2]/*/*[1],,work_div,pageant,,,,0,,29,104,14597,1689,pageant,0,0,True,False,title_page;to_the_reader,True,extract-2026-09-08.13
A21246.1.2,A21246.1,A21246,A21246.xml,fef06cbe44248e8de14f7b5a56c620dbeafbe65bdadd8f9aa5f7d4aa818b6c22,/*/*[2]/*[2]/*/*[2],,work_div,pageant,,The Song.,,0,,33,51,6677,458,pageant,1,0,True,False,title_page;to_the_reader,True,extract-2026-09-08.13
A21246.1.0,A21246.1,A21246,A21246.xml,fef06cbe44248e8de14f7b5a56c620dbeafbe65bdadd8f9aa5f7d4aa818b6c22,/*/*[2]/*[2]/*,,residual,residual,,"The 28. of September, her Maieſty went frō Oxforde to Ricort, where an olde gentleman, ſometimes a ſouldier, deliuered ",FINIS.,0,,4,15,3394,6341,letters_and_speeches;speech,1,1,True,False,title_page;to_the_reader,True,extract-2026-09-08.13
A21328,,A21328,A21328.xml,05bdff186e0bffb882a3736537917f3e7bb0b515abadb00cdc36c30bc72f81b0,/*/*[2]/*[2],,single,,,A Pleasant Commodie of faire Em the Millers daughter of Manchester. With the loue of 〈…〉 iam the Conquerour.,FINIS.,0,,426,1473,60482,0,scene,83,3,True,False,title_page,True,extract-2026-09-08.13
A21411,,A21411,A21411.xml,66ea94f24b14f83a1007644ecee92b64742f058aa3d57283298c10485c20be58,/*/*[2]/*[2],,single,,,The Historie of the two Maides of More-clacke. With the life and simple manner of IOHN i'the Hospitall.,FINIS.,0,,778,1803,85088,0,text,134,0,True,False,title_page;to_the_reader,True,extract-2026-09-08.13
A68191,,A68191,A68191.xml,868f087c4e32ecad611934b29045fee8f458d1663491944593ba46921aa70952,/*/*[2]/*[2],,single,,,The Hiſtorie of the triall of Cheualry.,FINIS.,0,,776,2219,102259,85,text,122,0,True,False,title_page,True,extract-2026-09-08.13
A68278.1,A68278,A68278,A68278.xml,a5975cf4780289ec532ee7a0b925a1ef52c26240127fdc96d8b4696f1a7ea944,/*/*[2]/*[2]/*,,body_div,play,,The troubleſome Raigne of King Iohn.,The ende of the firſt part.,0,,338,1551,71682,194,play,45,0,True,False,dedication;title_page,True,extract-2026-09-08.13
A68468,,A68468,A68468.xml,6de5750683f9b2c2603f6564f0c935d0d8a14c532f8622fa05adc04709d8bca8,/*/*[2]/*[2],,single,,,Your fiue Gallants.,Finis Actus 3. || FINIS.,0,,1352,1744,104062,329,scene,80,0,True,False,title_page,True,extract-2026-09-08.13
A68488,,A68488,A68488.xml,9362176451efa6995d1f0981b633915ecc5756f66a60b2dcccf3d835f99c4c3b,/*/*[2]/*[2],,single,,,The Reaſon of our preſent Shewe.,FINIS.,0,,0,233,0,20230,part;poem;text,0,7,True,False,dedication;title_page,True,extract-2026-09-08.13
A68655,,A68655,A68655.xml,a9210e980008441ea42a492d5a4730c1aa105ba22f2f2732cd92b1cc7078747c,/*/*[2]/*[2],,single,,,"THE TRAGEDY OF Messallina, The Roman Empresse.",,0,,472,2199,84838,0,scene,164,15,True,True,dedication;dramatis_personae;encomium;prologue;title_page,True,extract-2026-09-08.13
A68683,,A68683,A68683.xml,6b49df3bdb41748dba1779b3f67446c4e4abdff71892d7a2cc5309d15095b593,/*/*[2]/*[2],,single,,,THE HONEST LAWYER.,,0,,859,2068,107337,2293,act,160,0,True,True,title_page,True,extract-2026-09-08.13
A68726,,A68726,A68726.xml,ba2ad5e7a676403f0a16dae38f5620e0cb4175746a71eb147b77f7986b5e34c1,/*/*[2]/*[2],,single,,,The Song.,FINIS.,0,,888,1931,95977,65,play,65,0,True,False,title_page,True,extract-2026-09-08.13
A68727,,A68727,A68727.xml,7dbcde8111fd7f170cf089887c92463a89a6ca322c582ec69a92f3a9517cd0a2,/*/*[2]/*[2],,single,,,The comicall Hiſtory of the Merchant of Venice.,FINIS.,0,,592,1912,99033,84,play,76,0,True,False,title_page,True,extract-2026-09-08.13
A68918,,A68918,A68918.xml,6eaaec9e777642fe47458cea7de73312b1363c7380e7c7c7c0814c3bfd3b4095,/*/*[2]/*[2],,single,,,The Conflict of Conſcience.,FINIS.,0,,329,2065,98713,6166,scene,22,26,True,False,prologue;title_page,True,extract-2026-09-08.13
A68931,,A68931,A68931.xml,1e6f34a4ee1d9686417f386e5bf323b443549b3b3cf8f66dae28f89d3f43c066,/*/*[2]/*[2],,single,,,"The firſt part of the Contention of the two famous Houſes of Yorke and Lancaſter, with the death of the good Duke Humphr",FINIS.,0,,620,1760,83701,0,text,148,0,True,False,title_page,True,extract-2026-09-08.13
A69188.1,,A69188,A69188.xml,69a29e138b09afdd7c69e1d8d92afec0b6bdd6cf3514bd0d8885e9e300939a22,/*/*[2]/*/*[1]/*[2],,group_text,,,The Ile of Gulls.,FINIS.,0,,1000,1322,108255,55,act,82,0,True,False,preface;prologue;title_page,True,extract-2026-09-08.13
A69188.2,,A69188,A69188.xml,69a29e138b09afdd7c69e1d8d92afec0b6bdd6cf3514bd0d8885e9e300939a22,/*/*[2]/*/*[2]/*[2],,group_text,,,DAVIDS DESIRE to goe to Church.,,0,,0,32,0,49121,part;sermon,0,176,True,True,dedication;title_page,True,extract-2026-09-08.13
A69188.3,,A69188,A69188.xml,69a29e138b09afdd7c69e1d8d92afec0b6bdd6cf3514bd0d8885e9e300939a22,/*/*[2]/*/*[3]/*,,group_text,,,DAVIDS DESIRE to goe to Church.,"The ſame God ſo bleſſe vs and the ſeede that hath beene ſowne, &c. || FINIS.",0,,0,25,0,41253,sermon,0,118,False,False,,True,extract-2026-09-08.13
A72254,,A72254,A72254.xml,e7e64e444f0138ff928255068a0855a72066e19c5a8577c0981fb673abcc19e0,/*/*[2]/*[2],,single,,,"Actus primus, Scena prima.",Finis Actus Primi. || Finis. Actus Secundi. || Finis Actus tertij. || Finis Actus quarti.,0,,1420,3606,148976,5019,entracte;scene;song,219,4,True,True,dedication;dramatis_personae;encomium;introduction;preface;prologue;title_page,True,extract-2026-09-08.13
A72473.1.1,,A72473,A72473.xml,36e65b7aa2a2551e3dc4dcf841030efdbfc576b59ba3869ed1a0b3b9e307ca33,/*/*[2]/*/*[1]/*[2]/*[1]/*[2],,group_text,,,BARTHOLMEVV FAYRE.,The end.,0,,1503,1628,174665,2803,scene,104,0,True,True,dedication;dramatis_personae;induction;part;title_page,True,extract-2026-09-08.13
A72473.1.2,,A72473,A72473.xml,36e65b7aa2a2551e3dc4dcf841030efdbfc576b59ba3869ed1a0b3b9e307ca33,/*/*[2]/*/*[1]/*[2]/*[2]/*[2],,group_text,,,THE STAPLE OF NEWES.,THE END.,0,,1359,3343,127207,1140,intermean;scene;song;to_the_reader,123,2,True,True,dedication;dramatis_personae;induction;title_page,True,extract-2026-09-08.13
A72473.1.3,,A72473,A72473.xml,36e65b7aa2a2551e3dc4dcf841030efdbfc576b59ba3869ed1a0b3b9e307ca33,/*/*[2]/*/*[1]/*[2]/*[3]/*[2],,group_text,,,THE DIVELL IS AN ASSE.,The End.,0,,1188,3689,132464,3957,scene,145,0,True,True,dramatis_personae;prologue;title_page,True,extract-2026-09-08.13
A72473.2.1.1,A72473.2.1,A72473,A72473.xml,36e65b7aa2a2551e3dc4dcf841030efdbfc576b59ba3869ed1a0b3b9e307ca33,/*/*[2]/*/*[2]/*/*[1]/*/*/*[2],,work_div,masque,,"CHRISTMAS, HIS MASQUE; AS IT VVAS PRESENTED AT COVRT. 1616.",The End.,0,,42,160,4302,6931,epilogue;masque,11,0,False,False,,True,extract-2026-09-08.13
A72473.2.1.2,A72473.2.1,A72473,A72473.xml,36e65b7aa2a2551e3dc4dcf841030efdbfc576b59ba3869ed1a0b3b9e307ca33,/*/*[2]/*/*[2]/*/*[1]/*/*/*[3],,work_div,masque,,"THE FRONT BEFORE THE SCENE, was an Arch-Triumphall.",The End.,0,,47,142,4405,529,body_of_masque;title_page,9,0,False,False,,True,extract-2026-09-08.13
A72473.2.1.3,A72473.2.1,A72473,A72473.xml,36e65b7aa2a2551e3dc4dcf841030efdbfc576b59ba3869ed1a0b3b9e307ca33,/*/*[2]/*/*[2]/*/*[1]/*/*/*[4],,work_div,masque,,"THE VISION OF DELIGHT PRESENTED AT COVRT IN CHRISTMAS, 1617.","Here they Danc'd their going off, and Ended.",0,,6,210,3627,5141,masque,24,0,False,False,,True,extract-2026-09-08.13
A72473.2.1.4,A72473.2.1,A72473,A72473.xml,36e65b7aa2a2551e3dc4dcf841030efdbfc576b59ba3869ed1a0b3b9e307ca33,/*/*[2]/*/*[2]/*/*[1]/*/*/*[5],,work_div,masque,,PLEASURE RECONCILED TO VERTVE. A Maſque. AS IT WAS PRESENTED AT COVRT BEFORE KING IAMES. 1619.,The End.,0,,8,248,4445,7613,masque;song,14,0,False,False,,True,extract-2026-09-08.13
A72473.2.1.5,A72473.2.1,A72473,A72473.xml,36e65b7aa2a2551e3dc4dcf841030efdbfc576b59ba3869ed1a0b3b9e307ca33,/*/*[2]/*/*[2]/*/*[1]/*/*/*[6],,work_div,masque,,FOR THE HONOUR OF VVALES.,"God of his great goodneſſe grant it, and ſhow he is an errant knave, and no true Brittaine doe's not ſay Amen too with h",0,,110,185,17166,0,masque;song,10,0,False,False,,True,extract-2026-09-08.13
A72473.2.1.6,A72473.2.1,A72473,A72473.xml,36e65b7aa2a2551e3dc4dcf841030efdbfc576b59ba3869ed1a0b3b9e307ca33,/*/*[2]/*/*[2]/*/*[1]/*/*/*[7],,work_div,masque,,"NEWES FROM THE NEVV VVORLD DISCOVER'D IN THE MOONE. A Maſque, AS IT VVAS PRESENTED AT COVRT BEFORE KING IAMES. 1620.",The End.,0,,130,188,13583,1489,masque;songs,7,0,False,False,,True,extract-2026-09-08.13
A72473.2.1.7,A72473.2.1,A72473,A72473.xml,36e65b7aa2a2551e3dc4dcf841030efdbfc576b59ba3869ed1a0b3b9e307ca33,/*/*[2]/*/*[2]/*/*[1]/*/*/*[8],,work_div,masque,,THE PROLOGUE AT WINDSOR.,The End. || FINIS.,0,,154,1224,36492,9052,body_of_masque;epilogue;poem;prologue;song;title_page,24,0,False,False,,True,extract-2026-09-08.13
A72473.2.1.8,A72473.2.1,A72473,A72473.xml,36e65b7aa2a2551e3dc4dcf841030efdbfc576b59ba3869ed1a0b3b9e307ca33,/*/*[2]/*/*[2]/*/*[1]/*/*/*[9],,work_div,masque,,"THE MASQUE OF AUGURES. WITH THE SEVERALL ANTIMASQVES PRESENTED ON TWELFE-NIGHT, 1622.",The End.,0,,78,252,13841,2292,antimasque;ballad;song,15,24,False,False,,True,extract-2026-09-08.13
A72473.2.1.9,A72473.2.1,A72473,A72473.xml,36e65b7aa2a2551e3dc4dcf841030efdbfc576b59ba3869ed1a0b3b9e307ca33,/*/*[2]/*/*[2]/*/*[1]/*/*/*[10],,work_div,masque,,"TIME VINDICATED TO HIMSELFE, AND TO HIS HONORS.",The End.,0,,175,456,16305,66,masque,23,0,False,False,,True,extract-2026-09-08.13
A72473.2.1.10,A72473.2.1,A72473,A72473.xml,36e65b7aa2a2551e3dc4dcf841030efdbfc576b59ba3869ed1a0b3b9e307ca33,/*/*[2]/*/*[2]/*/*[1]/*/*/*[11],,work_div,masque,,NEPTUNES TRIUMPH FOR THE RETVRNE OF ALBION.,The End.,0,,116,355,14943,38,masque;song,15,0,False,False,,True,extract-2026-09-08.13
A72473.2.1.11,A72473.2.1,A72473,A72473.xml,36e65b7aa2a2551e3dc4dcf841030efdbfc576b59ba3869ed1a0b3b9e307ca33,/*/*[2]/*/*[2]/*/*[1]/*/*/*[12],,work_div,masque,,"PANS ANNIVERSARIE; OR, THE SHEPHERDS HOLY-DAY.",The End.,0,,28,143,10977,41,masque,9,0,False,False,,True,extract-2026-09-08.13
A72473.2.1.12,A72473.2.1,A72473,A72473.xml,36e65b7aa2a2551e3dc4dcf841030efdbfc576b59ba3869ed1a0b3b9e307ca33,/*/*[2]/*/*[2]/*/*[1]/*/*/*[13],,work_div,masque,,THE MASQUE OF OWLES AT KENELWORTH. Preſented by the Ghoſt of Captaine Coxe mounted in his Hoby-horſe. 1626.,The End.,0,,1,177,4950,0,masque,0,0,False,False,,True,extract-2026-09-08.13
A72473.2.1.13,A72473.2.1,A72473,A72473.xml,36e65b7aa2a2551e3dc4dcf841030efdbfc576b59ba3869ed1a0b3b9e307ca33,/*/*[2]/*/*[2]/*/*[1]/*/*/*[14],,work_div,masque,,"THE FORTUNATE ISLES, AND THEIR VNION. CELEBRATED IN A MASQVE Deſign'd for the Court, on the Twelfth night. 1626.",The End.,0,,131,472,15499,390,masque;song,13,0,False,False,,True,extract-2026-09-08.13
A72473.2.1.14,A72473.2.1,A72473,A72473.xml,36e65b7aa2a2551e3dc4dcf841030efdbfc576b59ba3869ed1a0b3b9e307ca33,/*/*[2]/*/*[2]/*/*[1]/*/*/*[15],,work_div,masque,,"LOVES TRIUMPH THROUGH CALLIPOLIS. Performed in a Maſque at Court. 1630. By his Majeſtie, with the Lords, and Gentlemen a",After this they dance their going out and end. || The End.,0,,29,141,3969,3947,masque_proper;preface,11,2,False,False,,True,extract-2026-09-08.13
A72473.2.1.15,A72473.2.1,A72473,A72473.xml,36e65b7aa2a2551e3dc4dcf841030efdbfc576b59ba3869ed1a0b3b9e307ca33,/*/*[2]/*/*[2]/*/*[1]/*/*/*[16],,work_div,masque,,CHLORIDIA. RITES TO CHLORIS AND HER NYMPHS. Perſonated in a Maſque at Court. By the Queenes Majeſtie And her Ladyes. At ,The End.,0,,45,140,6482,4186,antimasque;masque;song,15,0,False,False,,True,extract-2026-09-08.13
A72473.2.2,,A72473,A72473.xml,36e65b7aa2a2551e3dc4dcf841030efdbfc576b59ba3869ed1a0b3b9e307ca33,/*/*[2]/*/*[2]/*/*[2]/*[2],,group_text,,,Complement.,"The reſt of this Song is loſt. || Perform'd, the xxi. of May. 1633.",0,,146,4809,27007,165027,after_dinner;dialogue;elegy;epigram;epitaph;epithalamium;mind;ode;part;poem;song;sonnet;speech;strain;verse_letter;version,13,18,True,False,title_page;to_the_reader,True,extract-2026-09-08.13
A72473.2.3,,A72473,A72473.xml,36e65b7aa2a2551e3dc4dcf841030efdbfc576b59ba3869ed1a0b3b9e307ca33,/*/*[2]/*/*[2]/*/*[3]/*[2],,group_text,,,MORTIMER HIS FALL.,,0,,7,72,2905,33,;act,2,0,True,False,arguments;dramatis_personae;title_page,True,extract-2026-09-08.13
A72473.3.1,,A72473,A72473.xml,36e65b7aa2a2551e3dc4dcf841030efdbfc576b59ba3869ed1a0b3b9e307ca33,/*/*[2]/*/*[3]/*/*[1]/*[2],,group_text,,,"THE MAGNETICK LADY: OR, HUMORS RECONCIL'D.",The end.,0,,978,2826,117895,71,induction;scene,25,0,True,True,dramatis_personae;title_page,True,extract-2026-09-08.13
A72473.3.2,,A72473,A72473.xml,36e65b7aa2a2551e3dc4dcf841030efdbfc576b59ba3869ed1a0b3b9e307ca33,/*/*[2]/*/*[3]/*/*[2]/*[2],,group_text,,,A TALE OF A TUB.,The end.,0,,875,2752,109395,534,motion;prologue;scene,36,1,True,True,dramatis_personae;title_page,True,extract-2026-09-08.13
A72473.3.3,,A72473,A72473.xml,36e65b7aa2a2551e3dc4dcf841030efdbfc576b59ba3869ed1a0b3b9e307ca33,/*/*[2]/*/*[3]/*/*[3]/*[2],,group_text,,,"THE SAD SHEPHERD; OR, A TALE OF Robin-hood.",The End.,0,,320,1229,45285,10741,argument;prologue;scene,35,1,True,False,dramatis_personae;title_page,True,extract-2026-09-08.13
A72473.4.1,,A72473,A72473.xml,36e65b7aa2a2551e3dc4dcf841030efdbfc576b59ba3869ed1a0b3b9e307ca33,/*/*[2]/*/*[4]/*/*[1]/*[2],,group_text,,,HORATIUS DE ARTE POETICA.,FINIS. || FINIS.,0,,0,1155,0,50577,version,0,0,True,False,title_page,True,extract-2026-09-08.13
A72473.4.2,,A72473,A72473.xml,36e65b7aa2a2551e3dc4dcf841030efdbfc576b59ba3869ed1a0b3b9e307ca33,/*/*[2]/*/*[4]/*/*[2]/*[2],,group_text,,,"CHAPTER I. Of Grammar, and the Parts.","The End,",0,,0,711,0,97367,chapter;text,0,24,True,False,preface;quotations;title_page,True,extract-2026-09-08.13
A72473.4.3,,A72473,A72473.xml,36e65b7aa2a2551e3dc4dcf841030efdbfc576b59ba3869ed1a0b3b9e307ca33,/*/*[2]/*/*[4]/*/*[3]/*[2],,group_text,,,"EXPLORATA: OR, DISCOƲERIES.",FINIS. *⁎*,0,,0,203,0,155147,book,0,254,True,False,quotation;title_page,True,extract-2026-09-08.13
A72573.1,A72573,A72573,A72573.xml,69be5f4187d726da4dc0cb61554c14a7d38707e638f12053a0096c6f118e4286,/*/*[2]/*[2]/*,,body_div,play,,"ANE Pleaſant Satyre of the thrie ESTAITIS IN COMMENDATIOVN of vertew and vituperatioun of vyce, as follovvis.","The END of the firſt part of the SATYRE. || Rex ſapiens aeterne Deus genitorque benigne, Sit tibi perpetuo gloria, laus & honor.",0,,690,4608,165524,0,part,97,0,True,True,title_page,True,extract-2026-09-08.13
A73300,,A73300,A73300.xml,47bdf9a5da382bb2f5226aa8ef72a37848c26d72f72be642645d795fe4ee742f,/*/*[2]/*[2],,single,,,THE TRIVMPHS OF FAME AND HONOUR.,FINIS.,0,,6,260,10432,11829,argument;byline;part,1,0,True,False,dedication;title_page,True,extract-2026-09-08.13
A73704,,A73704,A73704.xml,b935b849d3c4550d7e04ebc28a3030c7d25f59c9a6cbbf9c167c83c406267c39,/*/*[2]/*[2],,single,,,THE DESCRIPTION OF THE SCAENE.,,0,,77,637,43408,3476,masque;song,24,0,True,False,title_page,True,extract-2026-09-08.13
B00230,,B00230,B00230.xml,434698229f0f8e120e2c19d7e3ece57c3e2cef3581910dd8899beab11fde1bee,/*/*[2]/*[2],,single,,,TIME ƲINDICATED.,The end.,0,,175,455,16301,0,masque,21,0,True,False,title_page,True,extract-2026-09-08.13
B01146,,B01146,B01146.xml,e80ae7b19cb946fcabf294dea242c0977119af0dc191b4f9546496e746f1006b,/*/*[2]/*[2],,single,,,The firſt.,FJNJS.,0,,6,212,2693,14670,part;text,0,0,True,False,dedication;title_page,True,extract-2026-09-08.13
B07101,,B07101,B07101.xml,04ff4deb1b8128e44e08c049dee45a4b3f9ec8d00e3b31b7508117002d843e05,/*/*[2]/*[2],,single,,,"The Maſque of the Gentlemen of the foure Honorable Societies, or Jnnes of Court.",FINIS.,0,,134,470,11873,19227,masque_proper;narrative_description;song,26,0,True,False,dedication;title_page,True,extract-2026-09-08.13
B12027,,B12027,B12027.xml,97e3fce1eae6d9079215cefaefa16075489b8b3b261acf6a14099c2ed14a3262,/*/*[2]/*[2],,single,,,"THE TRAGEDIE OF PHILIP CHABOT, ADMIRALL of FRANCE.",FINIS.,0,,561,2227,100358,14,act,68,0,True,False,dramatis_personae;title_page,True,extract-2026-09-08.13
B13574,,B13574,B13574.xml,d5a1a2918ff8d1b05578393e24a211c37bcedc3485db9022ccf1a7e81a7a203f,/*/*[2]/*[2],,single,,,"Monſieur Thomas, A Comedy.",FINIS.,0,,1177,3000,105435,14,scene,146,0,True,False,dedication;encomium;title_page,True,extract-2026-09-08.13
B14287,,B14287,B14287.xml,52ccc7ed82d8b7bb1e589a1b428d7ea4a56bfdb24ffc0a7e328ceed5f3c34b83,/*/*[2]/*[2],,single,,,,The end.,0,,47,134,4432,0,masque,7,0,True,False,title_page,True,extract-2026-09-08.13
B14290,,B14290,B14290.xml,8fb9355f44de1c5e8c082728ed612c0e26ded3f297d59ffc59e72d0f53b714c1,/*/*[2]/*[2],,single,,,THE PERSONS THAT ACT.,Finis Actus Primi. || Finis Actus Secundi. || Finis Actus Tertij. || Finis Actus Quarti.,0,,1055,2121,128323,7479,dramatis_personae;poem;scene,57,7,True,True,title_page,True,extract-2026-09-08.13
