work_id,title,author,n_editions,editions,year_first,genre_deep,genre_annals,genre_main,genre_source,play_type_deep,play_type_main,words_mean,cat:included,cat:candidate,cat:contextual_only,cat:pending,cat:unclassified,cat:outlier_hdbscan,t0,t1,t2,t3,t4,t5,t6,t7,t8,t9,t10,t11,t12,t13,t14,t15,t16,t17,t18,t19,t20,t21,t22,t23,t24,t25,t26,t27,t28,t29,t30,t31,t32,t33,t34,t35,t36,t37,t38,t39,t40,t41,t42,t43,t44,t45,t46,t47,t48,t49,t50,t51,t52,t53,t54,t55,t56,t57,t58,t59,t60,t61,t62
73,1 Promos and Cassandra,"Whetstone, George",1,124,1578,comedy,comedy,comedy,britdrama,Closet/Unacted,Closet/Unacted,10463,0.38048,0.0,0.0,0.0,0.0,0.61952,0.0,0.09443,0.0,0.0,0.14174,0.0,0.0,0.0,0.0,0.0,0.0,0.0,0.0,0.0,0.0,0.0,0.0,0.0,0.0,0.0,0.0,0.0,0.0,0.0,0.0,0.0,0.0,0.0,0.0,0.0,0.0,0.0,0.0,0.0,0.0,0.0,0.0,0.0,0.0,0.0,0.09634,0.0,0.0,0.0,0.0,0.0,0.0,0.0,0.0,0.04798,0.0,0.0,0.0,0.0,0.0,0.0,0.0,0.0,0.0,0.0,0.0,0.0,0.0
204,1 The Honest Whore (1 The Converted Courtesan) (The Patient Man and the Honest Whore),"Dekker, ThomasMiddleton, Thomas",1,471,1604,comedy,comedy,comedy,britdrama,Adult Professional;Professional,Adult Professional,23336,0.35113,0.0,0.0,0.02095,0.0,0.62791,0.0815,0.02031,0.0,0.04118,0.0,0.0,0.04187,0.0,0.0,0.0,0.0,0.04195,0.0,0.0,0.0,0.08223,0.0,0.0,0.0,0.0,0.0,0.0,0.0,0.0,0.0,0.0,0.0,0.02125,0.0,0.0,0.02083,0.0,0.0,0.0,0.0,0.0,0.0,0.0,0.0,0.0,0.0,0.02095,0.0,0.0,0.0,0.0,0.0,0.0,0.0,0.0,0.0,0.0,0.0,0.0,0.0,0.0,0.0,0.0,0.0,0.0,0.0,0.0,0.0
161,1 The Two Angry Women of Abingdon,"Porter, Henry",1,363,1599,comedy,comedy,comedy,britdrama,Adult Professional;Professional,Adult Professional,25481,0.19571,0.0,0.0,0.0199,0.0,0.78439,0.0,0.0,0.0,0.0,0.0,0.0,0.0,0.0,0.0,0.0,0.0,0.0383,0.0,0.0,0.0,0.0,0.0,0.0,0.0,0.0,0.0,0.0,0.0,0.03819,0.0,0.0,0.0,0.0,0.0,0.0,0.0,0.0,0.0,0.0396,0.0,0.0,0.0,0.0,0.0,0.0,0.0,0.0,0.0,0.0,0.0405,0.0,0.01954,0.0,0.0,0.01958,0.0,0.0,0.0,0.0199,0.0,0.0,0.0,0.0,0.0,0.0,0.0,0.0,0.0
74,2 Promos and Cassandra,"Whetstone, George",1,125,1578,comedy,comedy,comedy,britdrama,Closet/Unacted,Closet/Unacted,9649,0.32573,0.0,0.0,0.0,0.0,0.67427,0.05679,0.21608,0.0,0.0,0.0,0.0,0.0,0.0,0.0,0.0,0.0,0.0,0.0,0.0,0.0,0.0,0.0,0.0,0.0,0.0,0.0,0.0,0.0,0.0,0.0,0.0,0.0,0.0,0.0,0.0,0.0,0.0,0.0,0.0,0.0,0.0,0.0,0.0,0.0,0.0,0.05286,0.0,0.0,0.0,0.0,0.0,0.0,0.0,0.0,0.0,0.0,0.0,0.0,0.0,0.0,0.0,0.0,0.0,0.0,0.0,0.0,0.0,0.0
435,2 The Honest Whore (2 The Converted Courtesan),"Dekker, Thomas",1,947,1630,comedy,comedy,comedy,britdrama,Adult Professional;Professional,Adult Professional,23074,0.29726,0.0,0.0,0.02054,0.0,0.6822,0.04091,0.0,0.0,0.0,0.0,0.0,0.0654,0.0,0.0,0.0,0.0,0.0,0.0,0.02054,0.0,0.0,0.0,0.0,0.0,0.0,0.0,0.0,0.0,0.02089,0.0,0.0,0.0,0.0,0.0,0.0,0.0,0.0,0.0,0.0,0.0,0.0,0.0,0.0,0.0,0.0,0.0,0.0,0.0,0.0,0.0,0.0,0.02141,0.14865,0.0,0.0,0.0,0.0,0.0,0.0,0.0,0.0,0.0,0.0,0.0,0.0,0.0,0.0,0.0
433,A Chaste Maid in Cheapside,"Middleton, Thomas",1,945,1630,comedy,comedy,comedy,britdrama,Adult Professional;Professional,Adult Professional,16682,0.20537,0.0,0.02895,0.0892,0.0,0.67648,0.0,0.0,0.0,0.0,0.0,0.0,0.0,0.0,0.0,0.0,0.0,0.03039,0.0,0.0892,0.0,0.0,0.0,0.0,0.0,0.0,0.0,0.03015,0.0,0.0,0.0,0.0,0.0,0.0,0.02805,0.0,0.0,0.0,0.05833,0.0,0.0,0.0,0.0,0.0,0.0,0.0,0.0,0.0,0.0,0.0,0.0,0.0,0.0,0.02835,0.0,0.03009,0.0,0.0,0.0,0.0,0.0,0.0,0.0,0.0,0.02895,0.0,0.0,0.0,0.0
481,A Fine Companion,"Marmion, Shackerley",1,1004,1633,comedy,comedy,comedy,britdrama,Adult Professional;Professional,Adult Professional,22572,0.46757,0.0,0.0,0.0,0.0,0.53243,0.0,0.04537,0.0,0.0669,0.0447,0.0,0.0,0.0,0.17748,0.02352,0.0,0.02233,0.0,0.0,0.0,0.0,0.0,0.0,0.0,0.0,0.0,0.0,0.0,0.0,0.0,0.0,0.0,0.0,0.0,0.0,0.0,0.0,0.0,0.02184,0.0,0.0,0.0,0.0,0.0,0.0,0.0,0.0,0.0,0.0,0.02109,0.0,0.0,0.0,0.0,0.0,0.0,0.02184,0.02251,0.0,0.0,0.0,0.0,0.0,0.0,0.0,0.0,0.0,0.0
412,A Game at Chess,"Middleton, Thomas",1,904,1625,comedy,satire,comedy,britdrama,Adult Professional;Professional,Adult Professional,17314,0.11124,0.0,0.0,0.05643,0.0,0.83233,0.02715,0.02778,0.0,0.0,0.0,0.02755,0.0,0.0,0.0,0.0,0.0,0.0,0.0,0.05643,0.0,0.0,0.0,0.0,0.0,0.0,0.0,0.0,0.0,0.0,0.0,0.0,0.0,0.0,0.02876,0.0,0.0,0.0,0.0,0.0,0.0,0.0,0.0,0.0,0.0,0.0,0.0,0.0,0.0,0.0,0.0,0.0,0.0,0.0,0.0,0.0,0.0,0.0,0.0,0.0,0.0,0.0,0.0,0.0,0.0,0.0,0.0,0.0,0.0
276,"A Mad World, My Masters","Middleton, Thomas",1,651,1608,comedy,comedy,comedy,britdrama,Boys Professional;Professional;Adult Professional,Boys Professional,17775,0.44304,0.0,0.0,0.05496,0.0,0.502,0.0,0.0,0.0,0.10802,0.0,0.0,0.0,0.0,0.11167,0.05783,0.0,0.0,0.0,0.0,0.0,0.0,0.05632,0.0,0.0,0.0,0.0,0.0,0.0,0.0,0.0,0.0,0.02678,0.0,0.0,0.0,0.02875,0.0,0.0,0.0,0.0,0.0,0.0,0.0,0.0,0.0,0.0,0.05496,0.0,0.0,0.0,0.0,0.0,0.0,0.0,0.05367,0.0,0.0,0.0,0.0,0.0,0.0,0.0,0.0,0.0,0.0,0.0,0.0,0.0
493,A Maidenhead Well Lost,"Heywood, Thomas",1,1019,1634,comedy,comedy,comedy,britdrama,Adult Professional;Professional,Adult Professional,13271,0.48278,0.0,0.0,0.0,0.0,0.51722,0.33283,0.0,0.0,0.0,0.0,0.0,0.0,0.0,0.0,0.0,0.0,0.0,0.0,0.0,0.0373,0.0,0.0,0.0364,0.0,0.0,0.0,0.0,0.0,0.0,0.0,0.0,0.0,0.0,0.0,0.0,0.0,0.0,0.07626,0.0,0.0,0.0,0.0,0.0,0.0,0.0,0.0,0.0,0.0,0.0,0.0,0.0,0.0,0.0,0.0,0.0,0.0,0.0,0.0,0.0,0.0,0.0,0.0,0.0,0.0,0.0,0.0,0.0,0.0
476,A Match at Midnight,"R., W.",1,999,1633,comedy,comedy,comedy,britdrama,Boys Professional;Adult Professional;Professional,Boys Professional,18419,0.46115,0.0,0.0,0.0,0.0,0.53885,0.0,0.0,0.0,0.0,0.0,0.0,0.10891,0.0,0.0,0.0,0.0,0.0,0.0,0.0,0.0,0.0,0.0,0.0,0.0,0.0,0.0,0.02671,0.0,0.02753,0.0,0.0,0.02655,0.0,0.02698,0.0,0.0,0.0,0.0,0.0,0.0,0.0,0.0,0.0,0.0,0.0,0.0,0.0,0.0,0.0,0.0,0.21603,0.0,0.02845,0.0,0.0,0.0,0.0,0.0,0.0,0.0,0.0,0.0,0.0,0.0,0.0,0.0,0.0,0.0
170,A Midsummer Night's Dream,"Shakespeare, William",1,385,1600,comedy,comedy,comedy,britdrama,Adult Professional;Professional,Adult Professional,16183,0.36742,0.0,0.0,0.0,0.0,0.63258,0.0,0.0,0.0,0.0,0.15522,0.0,0.0,0.0,0.0,0.0,0.0,0.0,0.0,0.0,0.0,0.0,0.0,0.0,0.0,0.0,0.0,0.05994,0.0,0.0,0.0,0.0,0.0,0.0,0.0,0.0,0.0,0.0,0.0,0.0309,0.0,0.0,0.0,0.0,0.0,0.0,0.0,0.0,0.0,0.0,0.0,0.0,0.0,0.0,0.0,0.0,0.0,0.0,0.0,0.0,0.0,0.12136,0.0,0.0,0.0,0.0,0.0,0.0,0.0
561,A New Trick to Cheat the Devil,"Davenport, Robert",1,1110,1639,comedy,comedy,comedy,britdrama,Adult Professional;Professional,Adult Professional,19968,0.64994,0.0,0.0,0.0,0.0,0.35006,0.0,0.0,0.0,0.02454,0.02599,0.0,0.04988,0.0,0.0,0.0,0.0,0.0,0.0,0.0,0.0,0.20012,0.07467,0.0,0.0,0.0,0.0,0.0,0.0,0.0,0.0,0.0,0.22476,0.02544,0.0,0.0,0.0,0.0,0.0,0.0,0.0,0.0,0.0,0.0,0.0,0.0,0.0,0.0,0.0,0.0,0.0,0.0,0.0,0.02454,0.0,0.0,0.0,0.0,0.0,0.0,0.0,0.0,0.0,0.0,0.0,0.0,0.0,0.0,0.0
474,A New Way to Pay Old Debts,"Massinger, Philip",1,997,1633,comedy,comedy,comedy,britdrama,Adult Professional;Professional,Adult Professional,19712,0.14844,0.0,0.24701,0.0,0.0,0.60456,0.0,0.0,0.0,0.0,0.0,0.0,0.0245,0.0,0.0,0.0,0.0,0.0,0.0,0.0,0.0,0.0,0.02344,0.0,0.0,0.0,0.0,0.0,0.0,0.0,0.0,0.0,0.0,0.05032,0.0,0.0,0.02531,0.0,0.0,0.02486,0.0,0.0,0.0,0.0,0.0,0.0,0.0,0.0,0.0,0.0,0.0,0.0,0.0,0.0,0.0,0.0,0.0,0.0,0.0,0.0,0.0,0.0,0.0,0.0,0.02542,0.0,0.0,0.22159,0.0
460,"A New Wonder, A Woman Never Vexed","Heywood, ThomasRowley, William",1,978,1632,comedy,comedy,comedy,britdrama,Adult Professional;Professional,Adult Professional,22024,0.46903,0.0,0.0,0.02211,0.0,0.50885,0.0,0.02311,0.0,0.0,0.0,0.0,0.04386,0.0,0.0,0.0,0.0,0.0,0.0,0.0,0.0,0.0,0.0222,0.0,0.0,0.0,0.0,0.0,0.0,0.0,0.0,0.0,0.0,0.08904,0.0,0.0,0.0,0.0,0.04432,0.0,0.0,0.0,0.0,0.0,0.0,0.0,0.0,0.0,0.0,0.0,0.0,0.08849,0.0,0.0,0.0,0.0,0.0,0.0,0.15801,0.0,0.0,0.0,0.0,0.02211,0.0,0.0,0.0,0.0,0.0
617,A Tale of a Tub,"Jonson, Ben",1,1173,1640,comedy,comedy,comedy,britdrama,Adult Professional;Professional,Adult Professional,21533,0.69874,0.0,0.0,0.0229,0.0,0.27836,0.0,0.0,0.0,0.0,0.0,0.0,0.02178,0.0,0.0,0.0,0.0,0.0,0.0,0.0,0.0,0.0,0.0,0.0,0.0,0.0,0.0,0.0,0.0,0.0,0.0,0.0,0.02341,0.0,0.0,0.0,0.65356,0.0,0.0,0.0,0.0,0.0,0.0,0.0,0.0,0.0,0.0,0.0229,0.0,0.0,0.0,0.0,0.0,0.0,0.0,0.0,0.0,0.0,0.0,0.0,0.0,0.0,0.0,0.0,0.0,0.0,0.0,0.0,0.0
262,A Trick to Catch the Old One,"Middleton, Thomas",1,614,1608,comedy,comedy,comedy,britdrama,Boys Professional;Professional,Boys Professional,18050,0.56,0.0,0.02737,0.0,0.0,0.41263,0.0,0.0,0.0,0.0,0.0,0.0,0.02814,0.0,0.0,0.0,0.0,0.0,0.0,0.0,0.0,0.0,0.0,0.0,0.0,0.0,0.0,0.0,0.0,0.0,0.0,0.0,0.0,0.19512,0.0,0.0,0.0,0.0,0.0,0.0,0.0,0.0,0.0,0.0,0.0,0.0,0.02726,0.0,0.02737,0.0,0.0,0.30947,0.0,0.0,0.0,0.0,0.0,0.0,0.0,0.0,0.0,0.0,0.0,0.0,0.0,0.0,0.0,0.0,0.0
299,A Woman Is a Weathercock,"Field, Nathan",1,697,1612,comedy,comedy,comedy,britdrama,Boys Professional;Professional,Boys Professional,15996,0.31958,0.0,0.0,0.09377,0.0,0.58665,0.0,0.03257,0.0,0.0,0.0,0.0,0.0,0.0,0.09452,0.0,0.0,0.03157,0.0,0.09377,0.0,0.0,0.0,0.0,0.0,0.0,0.0,0.0,0.0,0.0,0.0,0.0,0.0,0.0,0.13091,0.0,0.0,0.0,0.03001,0.0,0.0,0.0,0.0,0.0,0.0,0.0,0.0,0.0,0.0,0.0,0.0,0.0,0.0,0.0,0.0,0.0,0.0,0.0,0.0,0.0,0.0,0.0,0.0,0.0,0.0,0.0,0.0,0.0,0.0
330,Albumazar,"Tomkis, Thomas",1,745,1615,comedy,comedy,comedy,britdrama,University/Inns of Court;Nonprofessional,University/Inns of Court,21274,0.2331,0.0,0.0,0.0,0.0,0.7669,0.0,0.04658,0.0,0.0,0.0,0.0,0.09232,0.0,0.0,0.0,0.0,0.0478,0.0,0.0,0.0,0.0,0.02247,0.0,0.0,0.0,0.0,0.0,0.0,0.0,0.0,0.0,0.0,0.0,0.0,0.0,0.0,0.0,0.0,0.02393,0.0,0.0,0.0,0.0,0.0,0.0,0.0,0.0,0.0,0.0,0.0,0.0,0.0,0.0,0.0,0.0,0.0,0.0,0.0,0.0,0.0,0.0,0.0,0.0,0.0,0.0,0.0,0.0,0.0
219,All Fools,"Chapman, George",1,518,1605,comedy,comedy,comedy,britdrama,Boys Professional;Professional,Boys Professional,18937,0.42013,0.0,0.0,0.0,0.0,0.57987,0.02783,0.0,0.0,0.02582,0.0,0.0,0.0,0.0,0.0,0.02471,0.0,0.0263,0.0,0.0,0.0,0.0,0.05133,0.0,0.0,0.0,0.0,0.0,0.0,0.16,0.0,0.0,0.0,0.0,0.0,0.0,0.0,0.0,0.0,0.07868,0.0,0.02545,0.0,0.0,0.0,0.0,0.0,0.0,0.0,0.0,0.0,0.0,0.0,0.0,0.0,0.0,0.0,0.0,0.0,0.0,0.0,0.0,0.0,0.0,0.0,0.0,0.0,0.0,0.0
356,Amends for Ladies,"Field, Nathan",1,798,1618,comedy,comedy,comedy,britdrama,Adult Professional;Professional;Boys Professional,Adult Professional,17565,0.27891,0.0,0.0,0.02704,0.0,0.69405,0.0,0.02818,0.0,0.02716,0.0,0.0,0.0,0.0,0.0,0.0,0.0,0.05648,0.0,0.0,0.0,0.0,0.0,0.0,0.0,0.0,0.0,0.0,0.0,0.05705,0.0,0.0,0.0,0.0,0.0,0.0,0.0,0.0,0.0,0.0,0.0,0.0,0.0,0.0,0.0,0.0,0.0,0.02704,0.0,0.0,0.0,0.05505,0.02738,0.02761,0.0,0.0,0.0,0.0,0.0,0.0,0.0,0.0,0.0,0.0,0.0,0.0,0.0,0.0,0.0
91,Andria (The Woman from Andros),"Terence (Publius Terentius Afer)Kyffin, Maurice",1,153,1588,comedy,comedy,comedy,britdrama,Translation;Nonprofessional;Closet/Unacted,Translation,15423,0.51864,0.0,0.0,0.0,0.0,0.48136,0.0,0.0,0.0,0.0,0.0,0.0,0.0,0.0,0.0,0.0,0.0,0.03235,0.0,0.0,0.0,0.0,0.0,0.0,0.0,0.0,0.0,0.0,0.0,0.0,0.0,0.0,0.0,0.0,0.06613,0.0,0.0,0.0,0.0,0.42015,0.0,0.0,0.0,0.0,0.0,0.0,0.0,0.0,0.0,0.0,0.0,0.0,0.0,0.0,0.0,0.0,0.0,0.0,0.0,0.0,0.0,0.0,0.0,0.0,0.0,0.0,0.0,0.0,0.0
184,Antonio and Mellida,"Marston, John",1,418,1602,comedy,,comedy,britdrama,Boys Professional;Professional,Boys Professional,14208,0.35093,0.0,0.0,0.03364,0.0,0.61543,0.07468,0.0,0.0,0.0,0.06799,0.0,0.0,0.0,0.0,0.067,0.0,0.0,0.0,0.03364,0.03547,0.0,0.03498,0.0,0.0,0.0,0.0,0.0,0.0,0.0,0.0,0.0,0.0,0.0,0.0,0.0,0.0,0.0,0.0,0.0,0.0,0.03463,0.0,0.0,0.0,0.0,0.0,0.0,0.0,0.0,0.0,0.0,0.0,0.0,0.0,0.0,0.03618,0.0,0.0,0.0,0.0,0.0,0.0,0.0,0.0,0.0,0.0,0.0,0.0
414,Apollo Shroving,"Hawkins, William",1,907,1627,comedy,comedy,comedy,britdrama,Boys Nonprofessional/School;Nonprofessional,Boys Nonprofessional/School,22883,0.76091,0.0,0.0,0.0222,0.0,0.21689,0.0,0.0,0.0,0.0,0.0,0.0,0.0,0.0,0.02071,0.02237,0.0,0.0,0.0,0.0222,0.0,0.0,0.0,0.0,0.0,0.0,0.0,0.02106,0.0,0.0,0.63239,0.0,0.0,0.0,0.0,0.0,0.0,0.0,0.0,0.0,0.0,0.0,0.02203,0.0,0.0,0.0,0.0,0.0,0.0,0.0,0.0,0.0,0.0,0.0,0.0,0.0,0.0,0.0,0.0,0.0,0.0,0.0,0.0,0.0,0.0,0.0,0.0,0.0,0.04235
431,"Aristippus, or The Jovial Philosopher","Randolph, Thomas",1,934,1630,entertainment; academic entertainment,comedy,comedy,annals,University/Inns of Court;Nonprofessional,University/Inns of Court,8560,0.44054,0.0,0.0,0.0,0.0,0.55946,0.0,0.0,0.0,0.21437,0.0,0.0,0.0,0.0,0.0,0.0,0.0,0.0,0.0,0.0,0.0,0.0,0.0,0.0,0.0,0.0,0.0,0.0,0.0,0.0,0.0,0.0,0.0,0.0,0.0,0.0,0.0,0.0,0.0,0.0,0.0,0.16519,0.0,0.0,0.0,0.0,0.0,0.0,0.0,0.0,0.06098,0.0,0.0,0.0,0.0,0.0,0.0,0.0,0.0,0.0,0.0,0.0,0.0,0.0,0.0,0.0,0.0,0.0,0.0
394,As You Like It,"Shakespeare, William",1,868,1623,comedy,comedy,comedy,britdrama,Adult Professional;Professional,Adult Professional,21347,0.54626,0.0,0.0,0.02286,0.0,0.43088,0.08891,0.0,0.0,0.0,0.11425,0.0,0.0,0.0,0.0,0.02417,0.0,0.0,0.0,0.02286,0.0,0.0,0.0,0.0,0.0,0.0,0.0,0.0,0.16101,0.0,0.0,0.0,0.0,0.0,0.0222,0.0,0.0,0.0,0.0,0.0,0.0,0.04652,0.0,0.0,0.0,0.0,0.02253,0.0,0.0,0.0,0.0,0.0,0.0,0.0,0.0,0.0,0.0,0.0,0.06666,0.0,0.0,0.0,0.0,0.0,0.0,0.0,0.0,0.0,0.0
455,Bartholomew Fair,"Jonson, Ben",1,971,1631,comedy,comedy,comedy,britdrama,Adult Professional;Professional,Adult Professional,35212,0.27698,0.0,0.0,0.014,0.0,0.70902,0.0,0.0,0.0,0.0,0.0,0.0,0.0,0.0,0.0418,0.06878,0.0,0.0,0.0,0.0,0.0,0.0,0.0,0.0,0.0,0.0,0.0,0.01406,0.0,0.0,0.0,0.0,0.0,0.0,0.0,0.0,0.0,0.0,0.0,0.0,0.0,0.0,0.0,0.0,0.0,0.0,0.0,0.014,0.0,0.0,0.13813,0.0142,0.0,0.0,0.0,0.0,0.0,0.0,0.0,0.0,0.0,0.0,0.0,0.0,0.0,0.0,0.0,0.0,0.0
84,"Campaspe (Alexander, Campaspe, and Diogenes)","Lyly, John",1,140,1584,comedy,comedy;classical legend,comedy,britdrama,Boys Professional;Professional,Boys Professional,13169,0.27496,0.0,0.0,0.0,0.0,0.72504,0.0,0.0,0.0,0.0,0.04032,0.0,0.0,0.03896,0.0,0.0,0.0,0.0,0.03858,0.0,0.0,0.0,0.0,0.03744,0.0,0.0,0.0,0.0,0.0,0.0,0.0,0.0,0.0,0.0,0.0,0.0,0.0,0.0,0.0,0.0,0.0808,0.03888,0.0,0.0,0.0,0.0,0.0,0.0,0.0,0.0,0.0,0.0,0.0,0.0,0.0,0.0,0.0,0.0,0.0,0.0,0.0,0.0,0.0,0.0,0.0,0.0,0.0,0.0,0.0
462,"Changes, or Love in a Maze","Shirley, James",1,980,1632,comedy,comedy,comedy,britdrama,Professional;Boys Professional,Professional,19249,0.25466,0.0,0.0,0.05138,0.0,0.69396,0.0,0.0,0.0,0.0,0.0,0.0,0.0,0.0,0.0,0.02691,0.0,0.07704,0.0,0.02546,0.0,0.0,0.02572,0.0,0.0,0.0,0.0,0.0,0.0,0.0,0.0,0.0,0.0,0.05128,0.0,0.0,0.0,0.0,0.0,0.0,0.0,0.0,0.0,0.0,0.0,0.0,0.0,0.0,0.0,0.0,0.0,0.0,0.0,0.0,0.02592,0.07372,0.0,0.0,0.0,0.0,0.0,0.0,0.0,0.0,0.0,0.0,0.0,0.0,0.0
542,Covent Garden,"Nabbes, Thomas",1,1082,1638,comedy,comedy,comedy,britdrama,Adult Professional;Professional,Adult Professional,17247,0.28306,0.0,0.0,0.0,0.0,0.71694,0.0,0.0,0.0,0.0,0.0,0.0,0.0,0.0,0.0,0.0,0.0,0.08454,0.0,0.0,0.0,0.0,0.0,0.0,0.0,0.0,0.0,0.0,0.0,0.02829,0.0,0.0,0.0,0.0,0.0,0.0,0.08465,0.0,0.0,0.0,0.0,0.02748,0.0,0.0,0.0,0.0,0.0,0.0,0.0,0.0,0.0,0.0,0.0294,0.0,0.0,0.0,0.0,0.0287,0.0,0.0,0.0,0.0,0.0,0.0,0.0,0.0,0.0,0.0,0.0
247,Cupid's Whirligig,"Sharpham, Edward",1,581,1607,comedy,comedy,comedy,britdrama,Boys Professional;Professional,Boys Professional,22690,0.34844,0.0,0.0,0.02155,0.0,0.63001,0.0,0.0208,0.0,0.0,0.02168,0.0,0.0,0.0,0.02177,0.0,0.0,0.0,0.0,0.02155,0.0,0.0,0.02155,0.0,0.0,0.0,0.0,0.02146,0.0,0.15293,0.0,0.0,0.0,0.0219,0.0,0.0,0.0,0.0,0.0,0.04456,0.0,0.02177,0.0,0.0,0.0,0.0,0.0,0.0,0.0,0.0,0.0,0.0,0.0,0.0,0.0,0.0,0.0,0.0,0.0,0.0,0.0,0.0,0.0,0.0,0.0,0.0,0.0,0.0,0.0
181,"Cynthia's Revels, or The Fountain of Self-Love","Jonson, Ben",1,413,1616,satire,comedy,comedy,annals,Boys Professional;Professional,Boys Professional,33539,0.35347,0.0,0.0,0.0,0.0,0.64653,0.0,0.0,0.01437,0.0,0.0,0.0,0.0,0.0,0.0,0.07681,0.0,0.0,0.0,0.0,0.0,0.0,0.0602,0.0,0.0,0.0,0.0,0.10814,0.0,0.0,0.0,0.0,0.0,0.0,0.0,0.0,0.0,0.0,0.0,0.0,0.0,0.01515,0.0,0.0,0.0,0.0,0.0,0.0,0.0,0.0,0.0,0.0,0.0,0.0,0.0,0.0,0.0,0.0,0.0,0.0,0.0,0.0,0.0,0.0,0.0,0.0,0.0,0.0,0.0788
58,Damon and Pithias,"Edwards, Richard",1,100,1571,comedy,tragicomedy,comedy,britdrama,Boys Nonprofessional/School;Nonprofessional,Boys Nonprofessional/School,18229,0.21559,0.0,0.0,0.05645,0.0,0.72796,0.0,0.10703,0.0277,0.0,0.0,0.0,0.0,0.0,0.0,0.02781,0.0,0.0,0.0,0.0,0.0,0.0,0.0,0.0,0.0,0.0,0.0,0.0,0.0,0.0,0.0,0.0,0.0,0.0,0.0,0.0,0.0,0.0,0.0,0.0,0.0,0.0,0.0,0.0,0.0,0.0,0.0,0.0,0.0,0.0,0.0,0.0,0.0,0.0,0.02913,0.0,0.0,0.0,0.0,0.02732,0.0,0.0,0.0,0.0,0.0,0.0,0.0,0.0,0.05305
217,Eastward Ho,"Chapman, GeorgeJonson, BenMarston, John",1,514,1605,comedy,comedy,comedy,britdrama,Boys Professional;Professional,Boys Professional,23682,0.18651,0.0,0.0,0.27831,0.0,0.53517,0.0,0.0,0.0,0.0,0.0,0.0,0.02162,0.0,0.08534,0.0,0.0,0.0,0.0,0.21003,0.0,0.0,0.06127,0.0,0.0,0.0,0.0,0.0,0.0,0.0,0.0,0.0,0.0,0.0,0.0,0.0,0.0,0.0,0.0,0.0,0.0,0.01828,0.0,0.0,0.0,0.0,0.0,0.0,0.0,0.0,0.0,0.0,0.0,0.0,0.0,0.0,0.0,0.0,0.0,0.0,0.0,0.0,0.0,0.06828,0.0,0.0,0.0,0.0,0.0
99,"Endymion, the Man in the Moon","Lyly, John",1,167,1591,comedy,comedy;classical legend,comedy,britdrama,Boys Professional;Professional,Boys Professional,18710,0.05612,0.0,0.0,0.0,0.0,0.94388,0.0,0.0,0.0,0.0,0.05612,0.0,0.0,0.0,0.0,0.0,0.0,0.0,0.0,0.0,0.0,0.0,0.0,0.0,0.0,0.0,0.0,0.0,0.0,0.0,0.0,0.0,0.0,0.0,0.0,0.0,0.0,0.0,0.0,0.0,0.0,0.0,0.0,0.0,0.0,0.0,0.0,0.0,0.0,0.0,0.0,0.0,0.0,0.0,0.0,0.0,0.0,0.0,0.0,0.0,0.0,0.0,0.0,0.0,0.0,0.0,0.0,0.0,0.0
336,"Englishmen for My Money, or A Woman Will Have Her Will","Haughton, William",1,762,1616,comedy,comedy,comedy,britdrama,Adult Professional;Professional,Adult Professional,21461,0.02288,0.0,0.0,0.0938,0.0,0.88332,0.0,0.0,0.0,0.0,0.0,0.0,0.0,0.0,0.0,0.0,0.0,0.0,0.0,0.0,0.0,0.0,0.0,0.0,0.0,0.0,0.0,0.0,0.0,0.0,0.0,0.0,0.0,0.0,0.0,0.0,0.0,0.0,0.0,0.02288,0.0,0.0,0.0,0.0,0.0,0.0,0.0,0.0,0.0,0.0,0.0,0.0,0.0,0.0,0.0,0.0,0.0,0.0,0.0,0.0,0.0,0.0,0.0,0.0938,0.0,0.0,0.0,0.0,0.0
304,"Epicene, or The Silent Woman","Jonson, Ben",1,704,1616,comedy,comedy,comedy,britdrama,Boys Professional;Professional,Boys Professional,28265,0.22473,0.0,0.20817,0.03527,0.0,0.53182,0.0,0.0,0.0,0.05116,0.0,0.0,0.0,0.0,0.03393,0.03679,0.0,0.0,0.0,0.01783,0.0,0.0,0.03322,0.0,0.0,0.0,0.0,0.0,0.0,0.0,0.0,0.0,0.0,0.01808,0.01758,0.0,0.0,0.0,0.0,0.0,0.0,0.01688,0.0,0.0,0.0,0.0,0.0,0.01744,0.0,0.0,0.0,0.0,0.01709,0.0,0.0,0.0,0.0,0.0,0.0,0.0,0.0,0.0,0.0,0.0,0.20817,0.0,0.0,0.0,0.0
163,Every Man Out of His Humor,"Jonson, Ben",1,365,1600,comedy,comedy,comedy,britdrama,Adult Professional;Professional,Adult Professional,36739,0.29456,0.0,0.0,0.13397,0.0,0.57146,0.0,0.0,0.0,0.0,0.0,0.01285,0.04102,0.0,0.0,0.06459,0.0,0.0,0.0,0.09464,0.0,0.0,0.04107,0.0,0.0,0.0,0.0,0.0,0.0,0.04064,0.0,0.0,0.0,0.01358,0.0,0.0,0.0,0.0,0.0,0.0,0.0,0.04053,0.0,0.01361,0.0,0.0,0.0,0.03933,0.0,0.0,0.0,0.0,0.02667,0.0,0.0,0.0,0.0,0.0,0.0,0.0,0.0,0.0,0.0,0.0,0.0,0.0,0.0,0.0,0.0
176,Every Man in His Humor,"Jonson, Ben",1,404,1601,comedy,comedy,comedy,britdrama,Adult Professional;Professional,Adult Professional,25456,0.32825,0.0,0.0,0.01886,0.0,0.65289,0.0,0.0,0.0,0.0592,0.0,0.0,0.02062,0.0,0.0,0.0,0.0,0.03795,0.0,0.0,0.0,0.0,0.0,0.0,0.0,0.0,0.0,0.0,0.0,0.0,0.0,0.0,0.0,0.03665,0.0,0.0,0.01933,0.0,0.0,0.0,0.0,0.0,0.0,0.0,0.0,0.0,0.03964,0.01886,0.0,0.0,0.0,0.0,0.09499,0.0,0.0,0.01988,0.0,0.0,0.0,0.0,0.0,0.0,0.0,0.0,0.0,0.0,0.0,0.0,0.0
283,Every Woman in Her Humor,Anonymous,1,665,1609,comedy,comedy,comedy,britdrama,Boys Professional;Professional,Boys Professional,17202,0.2577,0.0,0.0,0.05645,0.0,0.68585,0.0,0.02843,0.0,0.0,0.02907,0.0,0.02889,0.0,0.0,0.0,0.0,0.0,0.0,0.0,0.0,0.0,0.0,0.0,0.0,0.0,0.0,0.0,0.0,0.0,0.0,0.0,0.02814,0.0,0.0,0.0,0.02814,0.0,0.0,0.0,0.0,0.0,0.0,0.0,0.0,0.0,0.0,0.05645,0.0,0.0,0.0572,0.0,0.02965,0.0,0.0,0.02819,0.0,0.0,0.0,0.0,0.0,0.0,0.0,0.0,0.0,0.0,0.0,0.0,0.0
113,"Fair Em, the Miller's Daughter of Manchester",Anonymous,1,205,1591,comedy,comedy;romance,comedy,britdrama,Adult Professional;Professional,Adult Professional,11559,0.17631,0.0,0.0,0.0,0.0,0.82369,0.17631,0.0,0.0,0.0,0.0,0.0,0.0,0.0,0.0,0.0,0.0,0.0,0.0,0.0,0.0,0.0,0.0,0.0,0.0,0.0,0.0,0.0,0.0,0.0,0.0,0.0,0.0,0.0,0.0,0.0,0.0,0.0,0.0,0.0,0.0,0.0,0.0,0.0,0.0,0.0,0.0,0.0,0.0,0.0,0.0,0.0,0.0,0.0,0.0,0.0,0.0,0.0,0.0,0.0,0.0,0.0,0.0,0.0,0.0,0.0,0.0,0.0,0.0
86,Fedele and Fortunia (Two Italian Gentlemen),"Pasqualigo, LuigiMunday, Anthony",1,147,1585,comedy,comedy,comedy,britdrama,Boys Professional;Professional;Translation,Boys Professional,14960,0.20388,0.0,0.0,0.03168,0.0,0.76444,0.0,0.0,0.0,0.03295,0.0,0.0,0.0,0.0,0.03382,0.0,0.0,0.0,0.0,0.0,0.0,0.0,0.0,0.0,0.0,0.0,0.0,0.0,0.0,0.0,0.0,0.0,0.03242,0.0,0.0,0.0,0.0,0.0,0.0,0.0,0.0,0.0,0.0,0.0,0.0,0.0,0.0,0.03168,0.0,0.0,0.0,0.0,0.0,0.0,0.0,0.03316,0.0,0.0,0.0,0.0,0.0,0.0,0.07152,0.0,0.0,0.0,0.0,0.0,0.0
121,Friar Bacon and Friar Bongay,"Greene, Robert",1,232,1594,comedy,comedy,comedy,britdrama,Adult Professional;Professional,Adult Professional,15779,0.52937,0.0,0.0,0.0,0.0,0.47063,0.03124,0.0301,0.0,0.0,0.0,0.0,0.0,0.0,0.0,0.0,0.0,0.0,0.0,0.0,0.0,0.31491,0.0,0.0,0.0,0.0,0.0609,0.0,0.0,0.0,0.0,0.0,0.032,0.0,0.0,0.0,0.0,0.0,0.0,0.0,0.0,0.0,0.0,0.0,0.0,0.0,0.0,0.0,0.0,0.0,0.0,0.0,0.0,0.0,0.0,0.0,0.0,0.0,0.0,0.0,0.0,0.0,0.06021,0.0,0.0,0.0,0.0,0.0,0.0
105,Gallathea,"Lyly, John",1,179,1592,comedy,comedy;classical legend,comedy,britdrama,Boys Professional;Professional,Boys Professional,13314,0.4828,0.0,0.0,0.0365,0.0,0.4807,0.0,0.0,0.0,0.0,0.03628,0.0,0.0,0.0,0.0,0.0,0.0,0.0,0.0,0.0,0.0,0.0,0.0,0.0,0.0,0.0,0.0,0.40777,0.0,0.0,0.03876,0.0,0.0,0.0,0.0,0.0,0.0,0.0,0.0,0.0,0.0,0.0,0.0,0.0,0.0,0.0,0.0,0.0,0.0,0.0,0.0,0.0,0.0,0.0,0.0,0.0,0.0,0.0,0.0,0.0,0.0,0.0,0.0,0.0365,0.0,0.0,0.0,0.0,0.0
67,Gammer Gurton's Needle,"Stevenson, William",1,117,1575,comedy,comedy,comedy,britdrama,University/Inns of Court;Nonprofessional,University/Inns of Court,14392,0.1373,0.0,0.0,0.0,0.0,0.8627,0.0,0.0,0.0,0.06844,0.0,0.0,0.0,0.0,0.0,0.0,0.0,0.0,0.0,0.0,0.0,0.0,0.0,0.0,0.0,0.0,0.0,0.0,0.0,0.0,0.0,0.0,0.0,0.0,0.0,0.0,0.0,0.0,0.0,0.0,0.0,0.0,0.0,0.0,0.0,0.0,0.0,0.0,0.0,0.0,0.0,0.0,0.0,0.06886,0.0,0.0,0.0,0.0,0.0,0.0,0.0,0.0,0.0,0.0,0.0,0.0,0.0,0.0,0.0
323,"Greene's Tu Quoque, or The City Gallant","Cooke, John",1,732,1614,comedy,comedy,comedy,britdrama,Adult Professional;Professional,Adult Professional,22978,0.44604,0.0,0.0218,0.0,0.0,0.53216,0.0,0.02132,0.0,0.0,0.0,0.0,0.02172,0.0,0.0,0.0,0.0,0.16755,0.0,0.0,0.0,0.0,0.0,0.0,0.0,0.0,0.0,0.0,0.0,0.0,0.0,0.0,0.0,0.02119,0.06406,0.0,0.0,0.0,0.0,0.0,0.0,0.0,0.0,0.0,0.0,0.0,0.0,0.0,0.0218,0.0,0.0,0.06384,0.0,0.02202,0.0,0.0,0.0,0.0,0.0,0.0,0.0,0.0,0.0,0.0,0.0,0.0,0.0,0.0,0.06432
354,Hans Beer-Pot (See Me and See Me Not),"Belchier, Dabridgcourt",1,796,1618,comedy,comedy;dialogue,comedy,britdrama,Closet/Unacted;Nonprofessional,Closet/Unacted,12900,0.22264,0.0,0.0,0.0,0.0,0.77736,0.0,0.0,0.0,0.0,0.0,0.0,0.14853,0.0,0.0,0.0,0.0,0.0,0.0,0.0,0.0,0.0,0.0,0.03822,0.0,0.0,0.0,0.0,0.0,0.0,0.0,0.0,0.0,0.0,0.0,0.0,0.0,0.0,0.0,0.0,0.0,0.0,0.0,0.0,0.0,0.0,0.0,0.0,0.0,0.0,0.0,0.0,0.0,0.0,0.0,0.0,0.03589,0.0,0.0,0.0,0.0,0.0,0.0,0.0,0.0,0.0,0.0,0.0,0.0
461,Holland's Leaguer,"Marmion, Shackerley",1,979,1632,comedy,comedy,comedy,britdrama,Adult Professional;Professional,Adult Professional,20176,0.34402,0.0,0.02394,0.0,0.0,0.63204,0.0,0.0,0.0,0.0,0.05135,0.0,0.0,0.0,0.02488,0.02389,0.0,0.0,0.0,0.0,0.0,0.0,0.07365,0.0,0.0,0.0,0.02473,0.0,0.0,0.0,0.0,0.0,0.0,0.0,0.0,0.0,0.07157,0.0,0.0,0.0,0.0,0.0,0.0,0.0,0.0,0.0,0.0,0.0,0.02394,0.0,0.0,0.0,0.02468,0.0,0.0,0.04927,0.0,0.0,0.0,0.0,0.0,0.0,0.0,0.0,0.0,0.0,0.0,0.0,0.0
191,How a Man May Choose a Good Wife from a Bad,Anonymous,1,434,1602,comedy,comedy,comedy,britdrama,Adult Professional;Professional,Adult Professional,21251,0.27787,0.0,0.02296,0.0,0.0,0.69917,0.0,0.1423,0.0,0.02226,0.02202,0.0,0.0,0.0,0.0,0.0,0.0,0.0,0.0,0.0,0.0,0.0,0.0,0.0,0.0,0.0,0.0,0.0,0.0,0.0,0.0,0.0,0.0,0.0,0.0223,0.0,0.0,0.0,0.0,0.02306,0.0,0.0,0.0,0.0,0.0,0.0,0.0,0.0,0.0,0.0,0.0,0.0,0.0,0.0,0.0,0.04593,0.0,0.0,0.0,0.0,0.0,0.0,0.0,0.0,0.02296,0.0,0.0,0.0,0.0
268,Humor Out of Breath,"Day, John",1,630,1608,comedy,comedy,comedy,britdrama,Boys Professional;Professional,Boys Professional,13761,0.35463,0.0,0.0,0.0,0.0,0.64537,0.07245,0.0,0.0,0.0,0.10639,0.0,0.0,0.0,0.0,0.0,0.0,0.0,0.0,0.0,0.0,0.0,0.03554,0.0,0.0,0.0,0.0,0.0,0.03554,0.0,0.0,0.0,0.0,0.0,0.03408,0.0,0.0,0.0,0.0,0.03488,0.0,0.0,0.0,0.0,0.0,0.0,0.0,0.0,0.0,0.0,0.0,0.0,0.0,0.0,0.0,0.0,0.0,0.03575,0.0,0.0,0.0,0.0,0.0,0.0,0.0,0.0,0.0,0.0,0.0
517,Hyde Park,"Shirley, James",1,1050,1637,comedy,comedy,comedy,britdrama,Adult Professional;Professional,Adult Professional,15983,0.24989,0.0,0.0,0.0,0.0,0.75011,0.0,0.0,0.0,0.0,0.0,0.03178,0.0,0.0,0.0,0.0,0.0,0.0,0.0,0.0,0.0,0.0,0.09473,0.0,0.0,0.0,0.0,0.0,0.0,0.0,0.0,0.0,0.0,0.0,0.0,0.0,0.0,0.0,0.03103,0.03003,0.0,0.0,0.0,0.0,0.0,0.0,0.0,0.0,0.0,0.0,0.0,0.03147,0.0,0.0,0.0,0.0,0.0,0.0,0.0,0.0,0.03085,0.0,0.0,0.0,0.0,0.0,0.0,0.0,0.0
305,"If It Be Not Good, the Devil Is in It (If This Be Not a Good Play, the Devil Is in It)","Dekker, Thomas",1,707,1612,comedy,comedy,comedy,britdrama,Adult Professional;Professional,Adult Professional,21521,0.56689,0.0,0.0,0.0,0.0,0.43311,0.02244,0.0,0.0,0.0,0.0,0.04544,0.09098,0.0,0.0,0.02244,0.0,0.0,0.0,0.0,0.0,0.1381,0.0,0.0,0.0,0.0,0.0,0.0,0.0,0.0,0.02249,0.02295,0.20204,0.0,0.0,0.0,0.0,0.0,0.0,0.0,0.0,0.0,0.0,0.0,0.0,0.0,0.0,0.0,0.0,0.0,0.0,0.0,0.0,0.0,0.0,0.0,0.0,0.0,0.0,0.0,0.0,0.0,0.0,0.0,0.0,0.0,0.0,0.0,0.0
177,Jack Drum's Entertainment (Katherine and Pasquil),"Marston, John",1,407,1601,comedy,comedy,comedy,britdrama,Boys Professional;Professional,Boys Professional,15968,0.37156,0.0,0.0,0.0,0.0,0.62844,0.0,0.12343,0.0,0.0,0.154,0.0,0.0,0.0,0.0,0.0,0.0,0.0,0.0,0.0,0.0,0.0,0.0,0.0,0.0,0.0,0.0,0.0,0.0,0.03087,0.0,0.0,0.0,0.0,0.0,0.0,0.0,0.0,0.0,0.0,0.0,0.03263,0.0,0.0,0.0,0.0,0.0,0.0,0.0,0.0,0.03062,0.0,0.0,0.0,0.0,0.0,0.0,0.0,0.0,0.0,0.0,0.0,0.0,0.0,0.0,0.0,0.0,0.0,0.0
267,Law Tricks,"Day, John",1,629,1608,comedy,comedy,comedy,britdrama,Boys Professional;Professional,Boys Professional,15291,0.35622,0.0,0.0,0.0,0.0,0.64378,0.06383,0.09784,0.0,0.0,0.0,0.0,0.03244,0.0,0.0,0.0,0.0,0.03322,0.0,0.0,0.06442,0.0,0.03283,0.0,0.0,0.0,0.0,0.0,0.0,0.03165,0.0,0.0,0.0,0.0,0.0,0.0,0.0,0.0,0.0,0.0,0.0,0.0,0.0,0.0,0.0,0.0,0.0,0.0,0.0,0.0,0.0,0.0,0.0,0.0,0.0,0.0,0.0,0.0,0.0,0.0,0.0,0.0,0.0,0.0,0.0,0.0,0.0,0.0,0.0
174,Look About You,Anonymous,1,397,1600,comedy,comedy,comedy,britdrama,Adult Professional;Professional,Adult Professional,24757,0.05946,0.0,0.82029,0.0,0.0,0.12025,0.0,0.0,0.0,0.0,0.0,0.0,0.0,0.0,0.0,0.0,0.0,0.0,0.0,0.0,0.0,0.0,0.0,0.0,0.03991,0.0,0.0,0.0,0.0,0.0,0.0,0.0,0.0,0.0,0.0,0.82029,0.0,0.0,0.01955,0.0,0.0,0.0,0.0,0.0,0.0,0.0,0.0,0.0,0.0,0.0,0.0,0.0,0.0,0.0,0.0,0.0,0.0,0.0,0.0,0.0,0.0,0.0,0.0,0.0,0.0,0.0,0.0,0.0,0.0
150,Love's Labor's Lost,"Shakespeare, William",1,315,1598,comedy,comedy,comedy,britdrama,Adult Professional;Professional,Adult Professional,18245,0.29986,0.0,0.0,0.02587,0.0,0.67427,0.02806,0.0,0.02713,0.0,0.1105,0.02806,0.0,0.02713,0.0,0.0,0.0,0.0,0.0,0.0,0.0256,0.0,0.0,0.0,0.0,0.0,0.0,0.0,0.0,0.0,0.0,0.0,0.0,0.0,0.0,0.0,0.0,0.0,0.0,0.0,0.0,0.05338,0.0,0.0,0.0,0.0,0.0,0.0,0.0,0.0,0.0,0.0,0.0,0.0,0.0,0.0,0.0,0.0,0.0,0.02587,0.0,0.0,0.0,0.0,0.0,0.0,0.0,0.0,0.0
297,May Day,"Chapman, George",1,695,1611,comedy,comedy,comedy,britdrama,Boys Professional;Professional,Boys Professional,22735,0.37779,0.0,0.0,0.0,0.0,0.62221,0.0,0.0,0.0,0.0,0.04377,0.0,0.0,0.0,0.24337,0.0,0.0,0.0,0.0,0.0,0.0,0.0,0.0238,0.0,0.0,0.0,0.0,0.0,0.0,0.0,0.0,0.0,0.0,0.04438,0.0,0.0,0.0,0.0,0.0,0.0,0.0,0.0,0.0,0.0,0.0,0.02248,0.0,0.0,0.0,0.0,0.0,0.0,0.0,0.0,0.0,0.0,0.0,0.0,0.0,0.0,0.0,0.0,0.0,0.0,0.0,0.0,0.0,0.0,0.0
244,Michaelmas Term,"Middleton, Thomas",1,575,1607,comedy,comedy,comedy,britdrama,Boys Professional;Professional,Boys Professional,19312,0.13277,0.0,0.0,0.0,0.0,0.86723,0.0,0.0,0.0,0.0,0.0,0.0,0.02615,0.0,0.0,0.0,0.0,0.0,0.0,0.0,0.0,0.0,0.0,0.0,0.0,0.0,0.0,0.0,0.0,0.0,0.0,0.0,0.0,0.0,0.0,0.0,0.0,0.0,0.0,0.02636,0.0,0.0,0.0,0.0,0.0,0.0,0.0,0.0,0.0,0.0,0.02553,0.02744,0.0,0.0,0.0,0.0,0.0,0.0,0.02729,0.0,0.0,0.0,0.0,0.0,0.0,0.0,0.0,0.0,0.0
106,Midas,"Lyly, John",1,181,1592,comedy,comedy,comedy,britdrama,Boys Professional;Professional,Boys Professional,15356,0.46067,0.0,0.0,0.0,0.0,0.53933,0.03295,0.0,0.0,0.03308,0.0,0.0,0.0,0.0,0.0,0.0,0.0,0.0,0.0,0.0,0.0,0.0,0.0,0.0,0.0,0.0,0.0,0.0,0.0659,0.0,0.2599,0.03354,0.0,0.0,0.0,0.0,0.0,0.0,0.0,0.0,0.0,0.0353,0.0,0.0,0.0,0.0,0.0,0.0,0.0,0.0,0.0,0.0,0.0,0.0,0.0,0.0,0.0,0.0,0.0,0.0,0.0,0.0,0.0,0.0,0.0,0.0,0.0,0.0,0.0
558,Monsieur Thomas (Father's Own Son),"Fletcher, John",1,1104,1639,comedy,comedy,comedy,britdrama,Adult Professional;Professional,Adult Professional,20668,0.28319,0.0,0.0,0.024,0.0,0.69281,0.0,0.0,0.0,0.1182,0.0,0.0,0.02318,0.0,0.0,0.0,0.0,0.07185,0.0,0.0,0.0,0.02318,0.0,0.0,0.0,0.0,0.0,0.0,0.0,0.0,0.0,0.0,0.0,0.0,0.0,0.0,0.0,0.0,0.0,0.02308,0.0,0.0,0.0,0.0,0.0,0.0,0.0,0.024,0.0,0.0,0.0,0.0,0.0,0.0,0.0,0.0,0.0,0.0,0.02371,0.0,0.0,0.0,0.0,0.0,0.0,0.0,0.0,0.0,0.0
125,Mother Bombie,"Lyly, John",1,239,1594,comedy,comedy,comedy,britdrama,Boys Professional;Professional,Boys Professional,16553,0.41769,0.0,0.0,0.0,0.0,0.58231,0.0,0.0,0.0,0.0,0.0,0.0,0.03002,0.0,0.0,0.0,0.0,0.02978,0.0,0.0,0.0,0.0,0.0,0.0,0.0,0.0,0.0,0.0,0.0,0.0,0.0,0.0,0.0,0.0,0.17628,0.0,0.0,0.0,0.0,0.0325,0.0,0.02978,0.0,0.0,0.0,0.0,0.0,0.0,0.0,0.0,0.05999,0.0,0.0,0.0,0.0,0.0,0.0,0.05932,0.0,0.0,0.0,0.0,0.0,0.0,0.0,0.0,0.0,0.0,0.0
168,Much Ado About Nothing,"Shakespeare, William",1,381,1600,comedy,comedy,comedy,britdrama,Adult Professional;Professional,Adult Professional,20857,0.50026,0.0,0.0,0.0,0.0,0.49974,0.09608,0.0491,0.0,0.0,0.07091,0.0,0.0,0.02426,0.0,0.0,0.0,0.0,0.0,0.0,0.02354,0.09546,0.04766,0.0,0.0,0.0,0.0,0.02359,0.0,0.0,0.0,0.0,0.0,0.0,0.0,0.0,0.04603,0.0,0.0,0.0,0.0,0.0,0.0,0.0,0.0,0.0,0.0,0.0,0.0,0.0,0.0,0.0,0.0,0.0,0.0,0.0,0.0,0.0,0.0,0.0,0.02364,0.0,0.0,0.0,0.0,0.0,0.0,0.0,0.0
250,Northward Ho,"Dekker, ThomasWebster, John",1,590,1607,comedy,comedy,comedy,britdrama,Boys Professional;Professional,Boys Professional,20739,0.28386,0.0,0.0,0.04788,0.0,0.66826,0.02314,0.0,0.0,0.0,0.0,0.0,0.0243,0.0,0.09702,0.0,0.0,0.0,0.0,0.0,0.0,0.0,0.0,0.0,0.0,0.0,0.0,0.0,0.0,0.11698,0.0,0.0,0.0,0.0,0.0,0.0,0.0,0.0,0.02242,0.0,0.0,0.0,0.0,0.0,0.0,0.0,0.0,0.04788,0.0,0.0,0.0,0.0,0.0,0.0,0.0,0.0,0.0,0.0,0.0,0.0,0.0,0.0,0.0,0.0,0.0,0.0,0.0,0.0,0.0
230,"Parasitaster, or The Fawn","Marston, John",1,542,1606,comedy,comedy,comedy,britdrama,Boys Professional;Professional,Boys Professional,22311,0.27081,0.0,0.0,0.0,0.0,0.72919,0.11313,0.0,0.0,0.0,0.0,0.0,0.0,0.0,0.0,0.0,0.0,0.0,0.0,0.0,0.04603,0.0,0.0,0.0,0.0,0.0,0.0,0.04455,0.0,0.04437,0.0,0.0,0.0,0.0,0.0,0.0,0.0,0.0,0.0,0.0,0.0,0.02272,0.0,0.0,0.0,0.0,0.0,0.0,0.0,0.0,0.0,0.0,0.0,0.0,0.0,0.0,0.0,0.0,0.0,0.0,0.0,0.0,0.0,0.0,0.0,0.0,0.0,0.0,0.0
198,Patient Grissel,"Dekker, ThomasChettle, HenryHaughton, William",1,456,1603,comedy,comedy,comedy,britdrama,Adult Professional;Professional,Adult Professional,19632,0.12475,0.0,0.0,0.02506,0.0,0.85019,0.02613,0.0,0.0,0.0,0.02435,0.0,0.0,0.0,0.0,0.0,0.0,0.0,0.0,0.0,0.0,0.0,0.0,0.0,0.0,0.0,0.0,0.0,0.0,0.0,0.0,0.0,0.0,0.0,0.0,0.0,0.0,0.0,0.0,0.04971,0.0,0.0,0.0,0.0,0.0,0.0,0.0,0.02506,0.0,0.0,0.0,0.0,0.0,0.0,0.0,0.0,0.0,0.02455,0.0,0.0,0.0,0.0,0.0,0.0,0.0,0.0,0.0,0.0,0.0
186,"Poetaster, or The Arraignment","Jonson, Ben",1,422,1602,comedy,comedy,comedy,britdrama,Boys Professional;Professional,Boys Professional,24739,0.69748,0.0,0.0,0.02013,0.0,0.28239,0.0,0.0,0.13626,0.04042,0.02009,0.0,0.0,0.02094,0.13885,0.14006,0.0,0.0,0.09996,0.0,0.0,0.0,0.061,0.0,0.0,0.02013,0.0,0.0,0.0,0.02053,0.0,0.0,0.0,0.0,0.0,0.0,0.0,0.0,0.0,0.0,0.0,0.01936,0.0,0.0,0.0,0.0,0.0,0.0,0.0,0.0,0.0,0.0,0.0,0.0,0.0,0.0,0.0,0.0,0.0,0.0,0.0,0.0,0.0,0.0,0.0,0.0,0.0,0.0,0.0
46,Ralph Roister Doister,"Udall, Nicholas",1,83,1566,comedy,comedy,comedy,britdrama,Interlude;Nonprofessional,Interlude,19368,0.12825,0.0,0.0,0.02566,0.0,0.84609,0.0,0.0254,0.0,0.0,0.0,0.0,0.0,0.0,0.0,0.0252,0.0,0.0,0.0,0.0,0.0,0.0,0.0,0.0,0.0,0.0,0.0,0.0,0.0,0.0,0.0,0.0,0.0,0.0,0.05241,0.0,0.0,0.0,0.0,0.0,0.0,0.0,0.0,0.0,0.0,0.0,0.0,0.02566,0.0,0.0,0.0,0.0,0.02525,0.0,0.0,0.0,0.0,0.0,0.0,0.0,0.0,0.0,0.0,0.0,0.0,0.0,0.0,0.0,0.0
292,"Ram Alley, or Merry Tricks","Barry, Lording",1,683,1611,comedy,comedy,comedy,britdrama,Boys Professional;Professional,Boys Professional,20691,0.50036,0.0,0.0,0.02344,0.0,0.4762,0.0,0.02499,0.0,0.0,0.0,0.0,0.09487,0.0,0.07163,0.02151,0.0,0.0,0.0,0.02344,0.0,0.0,0.0233,0.0,0.0,0.0,0.0,0.0,0.0,0.0,0.0,0.0,0.0,0.02276,0.0,0.0,0.0,0.0,0.0,0.0,0.0,0.0,0.0,0.0,0.0,0.0,0.0,0.0,0.0,0.0,0.0,0.2184,0.0,0.0,0.0,0.02291,0.0,0.0,0.0,0.0,0.0,0.0,0.0,0.0,0.0,0.0,0.0,0.0,0.0
598,Rule a Wife and Have a Wife,"Fletcher, John",1,1152,1640,comedy,comedy,comedy,britdrama,Adult Professional;Professional,Adult Professional,18557,0.34979,0.0,0.0,0.02673,0.0,0.62348,0.08072,0.0,0.0,0.0,0.0,0.0,0.0,0.0,0.10675,0.0,0.0,0.0,0.0,0.0,0.0,0.0,0.0,0.0,0.0,0.0,0.0,0.0,0.0,0.10756,0.0,0.0,0.0,0.0,0.0,0.0,0.0,0.0,0.0,0.0,0.0,0.0,0.0,0.0,0.0,0.0,0.0,0.0,0.0,0.0,0.0,0.0,0.0,0.0,0.02673,0.0,0.0,0.0,0.0,0.0,0.0,0.0,0.0,0.0,0.0,0.05475,0.0,0.0,0.0
82,Sappho and Phao,"Lyly, John",1,135,1584,comedy,comedy;classical legend,comedy,britdrama,Boys Professional;Professional,Boys Professional,13486,0.43979,0.0,0.0,0.0,0.0,0.56021,0.0,0.0,0.0,0.10989,0.03633,0.0,0.0,0.0,0.0,0.03181,0.0,0.0,0.0,0.0,0.0,0.0,0.0,0.0,0.0,0.0,0.0,0.2229,0.0,0.0,0.03886,0.0,0.0,0.0,0.0,0.0,0.0,0.0,0.0,0.0,0.0,0.0,0.0,0.0,0.0,0.0,0.0,0.0,0.0,0.0,0.0,0.0,0.0,0.0,0.0,0.0,0.0,0.0,0.0,0.0,0.0,0.0,0.0,0.0,0.0,0.0,0.0,0.0,0.0
195,"Satiromastix, or The Untrussing of the Humorous Poet","Dekker, Thomas",1,444,1602,comedy,comedy,comedy,britdrama,Boys Professional;Adult Professional;Professional,Boys Professional,21675,0.33901,0.0,0.02228,0.04549,0.0,0.59322,0.0,0.0,0.0,0.0,0.02173,0.0,0.0,0.0,0.20171,0.06953,0.0,0.0,0.0,0.02247,0.0,0.0,0.0,0.0,0.0,0.02302,0.0,0.0,0.0,0.0,0.0,0.0,0.0,0.0,0.02408,0.0,0.0,0.0,0.0,0.0,0.0,0.02196,0.0,0.0,0.0,0.0,0.0,0.0,0.0,0.0,0.0,0.0,0.0,0.0,0.0,0.0,0.0,0.0,0.0,0.0,0.0,0.0,0.0,0.0,0.02228,0.0,0.0,0.0,0.0
228,Sir Giles Goosecap,"Chapman, George",1,538,1606,comedy,comedy,comedy,britdrama,Boys Professional;Professional,Boys Professional,20368,0.17459,0.0,0.48439,0.04983,0.0,0.29119,0.0,0.0,0.0,0.02445,0.02563,0.0,0.0,0.0,0.0,0.0,0.0,0.0,0.0,0.0245,0.0,0.0,0.0,0.0,0.0,0.0,0.0,0.0,0.0,0.0,0.0,0.0,0.0,0.12451,0.0,0.0,0.0,0.0,0.0,0.0,0.0,0.0,0.0,0.0,0.0,0.0,0.0,0.0,0.0,0.0,0.0,0.0,0.0,0.0,0.02533,0.0,0.0,0.0,0.0,0.0,0.0,0.0,0.0,0.0,0.0,0.0,0.0,0.48439,0.0
173,Summer's Last Will and Testament,"Nashe, Thomas",1,396,1600,comedy,comedy,comedy,britdrama,Boys Professional;Professional;Adult Professional,Boys Professional,16500,0.28279,0.0,0.03164,0.0,0.0,0.68558,0.0,0.0,0.0,0.0,0.0,0.0,0.0,0.0,0.0,0.04515,0.0,0.0,0.0,0.0,0.0,0.0,0.0,0.0,0.0,0.0,0.0,0.0,0.0,0.0,0.0,0.0,0.0,0.0,0.0,0.0,0.0,0.0,0.0,0.0,0.0,0.02945,0.0,0.08703,0.02927,0.0,0.0,0.0,0.0,0.0,0.09188,0.0,0.0,0.0,0.0,0.0,0.0,0.0,0.0,0.0,0.0,0.0,0.0,0.0,0.03164,0.0,0.0,0.0,0.0
60,Supposes,"Gascoigne, GeorgeAriosto, Ludovico",1,103,1573,comedy,comedy,comedy,britdrama,Translation;Nonprofessional;University/Inns of Court,Translation,17939,0.22532,0.0,0.0,0.05346,0.0,0.72122,0.02765,0.03289,0.0,0.0854,0.0,0.0,0.02687,0.0,0.0,0.0,0.0,0.05251,0.0,0.0,0.0,0.0,0.0,0.0,0.0,0.0272,0.0,0.0,0.0,0.0,0.0,0.0,0.0,0.0,0.0,0.0,0.0,0.0,0.0,0.0,0.0,0.0,0.0,0.0,0.0,0.0,0.0,0.02626,0.0,0.0,0.0,0.0,0.0,0.0,0.0,0.0,0.0,0.0,0.0,0.0,0.0,0.0,0.0,0.0,0.0,0.0,0.0,0.0,0.0
353,"Technogamia, or The Marriages of the Arts","Holyday, Barten",1,794,1618,comedy,morality,comedy,britdrama,University/Inns of Court;Nonprofessional,University/Inns of Court,31161,0.34623,0.0,0.0,0.03084,0.0,0.62293,0.0,0.0,0.01585,0.06239,0.06133,0.0,0.01422,0.0,0.0,0.0491,0.0,0.0,0.0,0.0,0.0,0.0,0.01598,0.0,0.0,0.0,0.0,0.0,0.0,0.0,0.03183,0.0,0.0,0.0,0.0,0.0,0.0,0.0,0.03058,0.0,0.0,0.0,0.0,0.0,0.0,0.0,0.0,0.0,0.0,0.0,0.01617,0.0,0.0154,0.0,0.0,0.0,0.0,0.0,0.0,0.0,0.0,0.0,0.03338,0.03084,0.0,0.0,0.0,0.0,0.0
303,The Alchemist,"Jonson, Ben",1,701,1612,comedy,comedy,comedy,britdrama,Adult Professional;Professional,Adult Professional,26190,0.37885,0.0,0.01814,0.05594,0.0,0.54708,0.0,0.0,0.0,0.22596,0.0,0.0,0.05662,0.0,0.01848,0.0,0.0,0.0,0.0,0.0,0.0,0.0,0.05788,0.0,0.0,0.01963,0.0,0.0,0.0,0.0,0.0,0.0,0.0,0.0,0.0,0.0,0.0,0.0,0.01989,0.0,0.0,0.0,0.0,0.0,0.0,0.0,0.0,0.03631,0.01814,0.0,0.0,0.0,0.0,0.0,0.0,0.0,0.0,0.0,0.0,0.0,0.0,0.0,0.0,0.0,0.0,0.0,0.0,0.0,0.0
586,The Antipodes,"Brome, Richard",1,1140,1640,not in BritDrama,comedy,comedy,annals,Adult Professional;Professional,Adult Professional,22031,0.4786,0.0,0.0,0.02283,0.0,0.49857,0.0,0.0,0.0,0.11507,0.0,0.0,0.04557,0.0,0.0,0.15841,0.0,0.02329,0.0,0.02283,0.02279,0.0,0.0,0.0,0.0,0.0,0.0,0.0,0.0,0.0453,0.0,0.0,0.0,0.02265,0.0,0.0,0.0,0.0,0.02283,0.0,0.0,0.0,0.0,0.0,0.0,0.0,0.0,0.0,0.0,0.0,0.0,0.0,0.0,0.0,0.0,0.0,0.0,0.0,0.0,0.0,0.0,0.0,0.0,0.0,0.0,0.0,0.0,0.0,0.0227
549,The Ball,"Shirley, James",1,1095,1639,comedy,comedy,comedy,britdrama,Adult Professional;Professional,Adult Professional,17374,0.25711,0.0,0.0,0.02861,0.0,0.71429,0.0,0.0,0.0,0.0,0.0,0.0,0.0,0.0,0.0,0.0,0.0,0.0,0.0,0.0,0.0,0.0,0.14407,0.0,0.0,0.0,0.0,0.05669,0.0,0.0,0.0,0.0,0.0,0.0,0.02855,0.0,0.0,0.0,0.0,0.0,0.0,0.0,0.0,0.0,0.0,0.0,0.0,0.0,0.0,0.0,0.0,0.0,0.0,0.0,0.02861,0.0278,0.0,0.0,0.0,0.0,0.0,0.0,0.0,0.0,0.0,0.0,0.0,0.0,0.0
479,The Bird in a Cage (The Beauties),"Shirley, James",1,1002,1633,comedy,comedy,comedy,britdrama,Adult Professional;Professional,Adult Professional,18412,0.40327,0.0,0.0,0.0,0.0,0.59673,0.37671,0.0,0.0,0.0,0.0,0.0,0.0,0.0,0.0,0.02656,0.0,0.0,0.0,0.0,0.0,0.0,0.0,0.0,0.0,0.0,0.0,0.0,0.0,0.0,0.0,0.0,0.0,0.0,0.0,0.0,0.0,0.0,0.0,0.0,0.0,0.0,0.0,0.0,0.0,0.0,0.0,0.0,0.0,0.0,0.0,0.0,0.0,0.0,0.0,0.0,0.0,0.0,0.0,0.0,0.0,0.0,0.0,0.0,0.0,0.0,0.0,0.0,0.0
146,The Blind Beggar of Alexandria (Irus),"Chapman, George",1,310,1598,comedy,comedy,comedy,britdrama,Adult Professional;Professional,Adult Professional,13034,0.30689,0.0,0.0,0.0,0.0,0.69311,0.15375,0.0,0.0,0.0,0.07619,0.0,0.03759,0.0,0.0,0.0,0.0,0.0,0.0,0.0,0.0,0.0,0.0,0.0,0.0,0.0,0.0,0.0,0.0,0.0,0.0,0.0,0.0,0.0,0.0,0.0,0.0,0.0,0.0,0.0,0.0,0.0,0.0,0.0,0.0,0.0,0.0,0.0,0.0,0.0,0.0,0.0,0.0,0.0,0.0,0.03936,0.0,0.0,0.0,0.0,0.0,0.0,0.0,0.0,0.0,0.0,0.0,0.0,0.0
281,The Case Is Altered,"Jonson, Ben",1,663,1609,comedy,comedy,comedy,britdrama,Boys Professional;Professional,Boys Professional,17675,0.30359,0.0,0.0,0.02789,0.0,0.66851,0.02868,0.05579,0.0,0.0,0.0,0.0,0.05567,0.0,0.0,0.05358,0.0,0.02636,0.0,0.0,0.0,0.0,0.0,0.0,0.0,0.0,0.0,0.0,0.0,0.0,0.0,0.0,0.0,0.0,0.02778,0.0,0.0,0.0,0.0,0.0,0.0,0.0,0.0,0.0,0.0,0.0,0.0,0.02789,0.0,0.0,0.0,0.0,0.0,0.0,0.0,0.0,0.0,0.05573,0.0,0.0,0.0,0.0,0.0,0.0,0.0,0.0,0.0,0.0,0.0
568,The City Match,"Mayne, Jasper",1,1118,1639,comedy,comedy,comedy,britdrama,University/Inns of Court;Nonprofessional;Adult Professional;Professional;Private,University/Inns of Court,20083,0.56018,0.0,0.0,0.09814,0.0,0.34168,0.0,0.0,0.0,0.0,0.0,0.0,0.0,0.0,0.17194,0.0478,0.0,0.0249,0.0,0.0493,0.0,0.0,0.0721,0.0,0.0,0.0,0.0,0.0,0.0,0.0,0.0,0.0,0.0,0.19519,0.02465,0.0,0.0,0.0,0.0,0.0,0.0,0.0,0.0,0.0,0.0,0.0,0.0236,0.0,0.0,0.0,0.0,0.0,0.0,0.0,0.0,0.0,0.0,0.0,0.0,0.0,0.0,0.0,0.0,0.04885,0.0,0.0,0.0,0.0,0.0
393,The Comedy of Errors,"Shakespeare, William",1,866,1623,comedy,comedy,comedy,britdrama,Adult Professional;Professional,Adult Professional,14412,0.37448,0.0,0.0,0.17985,0.0,0.44567,0.068,0.0,0.0,0.03449,0.0,0.0,0.17374,0.0,0.0,0.0,0.0,0.0,0.0,0.0,0.0,0.0,0.0,0.0,0.0,0.0,0.0,0.0,0.0,0.0,0.0,0.0,0.03365,0.0,0.0,0.0,0.0,0.0,0.0646,0.0,0.0,0.0,0.0,0.0,0.0,0.0,0.0,0.07043,0.0,0.0,0.0,0.0,0.0,0.0,0.0,0.0,0.0,0.0,0.0,0.0,0.0,0.0,0.0,0.10942,0.0,0.0,0.0,0.0,0.0
592,The Constant Maid (Love Will Find Out the Way),"Shirley, James",1,1146,1640,not in BritDrama,comedy,comedy,annals,Adult Professional;Professional,Adult Professional,15731,0.22046,0.0,0.15612,0.0,0.0,0.62342,0.0,0.03369,0.0,0.03,0.0,0.0,0.0,0.0,0.0,0.0,0.0,0.0,0.0,0.0,0.0,0.0,0.0,0.0,0.0,0.0,0.0,0.0,0.0,0.0,0.0,0.0,0.0,0.03299,0.0,0.0,0.0,0.0,0.0,0.06173,0.0,0.0,0.0,0.0,0.0,0.0,0.0,0.0,0.0,0.0,0.0,0.03248,0.0,0.0,0.0,0.0,0.0,0.0,0.02956,0.0,0.0,0.0,0.0,0.0,0.0,0.0,0.0,0.15612,0.0
457,The Devil Is an Ass,"Jonson, Ben",1,973,1631,comedy,comedy,comedy,britdrama,Adult Professional;Professional,Adult Professional,26612,0.52082,0.0,0.0,0.0,0.0,0.47918,0.0531,0.0,0.0,0.01924,0.03792,0.0,0.03668,0.0,0.0,0.0,0.0,0.0,0.0,0.0,0.0,0.0,0.01894,0.0,0.0,0.0,0.0,0.0,0.0,0.0,0.0,0.0,0.24568,0.01807,0.01845,0.0,0.0,0.0,0.0,0.0,0.0,0.0,0.0,0.0,0.0,0.0,0.0,0.0,0.0,0.0,0.01856,0.0,0.0,0.0,0.0,0.05419,0.0,0.0,0.0,0.0,0.0,0.0,0.0,0.0,0.0,0.0,0.0,0.0,0.0
214,The Dutch Courtesan (Cockle de Moye),"Marston, John",1,501,1605,comedy,comedy,comedy,britdrama,Boys Professional;Professional,Boys Professional,17794,0.25334,0.0,0.0,0.0,0.0,0.74666,0.0,0.0,0.0,0.0,0.11099,0.0,0.0,0.0,0.0,0.02613,0.0,0.0,0.0,0.0,0.0,0.0,0.0,0.0,0.0,0.0,0.0,0.0,0.0,0.0,0.0,0.0,0.02962,0.0,0.0,0.0,0.02877,0.0,0.02782,0.0,0.0,0.0,0.0,0.0,0.0,0.0,0.0,0.0,0.0,0.0,0.0,0.0,0.0,0.03001,0.0,0.0,0.0,0.0,0.0,0.0,0.0,0.0,0.0,0.0,0.0,0.0,0.0,0.0,0.0
515,The Elder Brother,"Fletcher, JohnMassinger, Philip",1,1046,1637,comedy,comedy,comedy,britdrama,Adult Professional;Professional,Adult Professional,19130,0.27987,0.0,0.0,0.0,0.0,0.72013,0.0,0.0,0.0,0.0,0.0,0.0,0.0,0.0,0.0,0.0,0.0,0.0,0.0,0.0,0.0,0.0,0.0,0.0,0.0,0.0,0.0,0.0,0.0,0.0,0.0,0.0,0.0,0.02546,0.0,0.0,0.0,0.0,0.0,0.0,0.0,0.10178,0.0,0.0,0.0,0.0,0.0,0.0,0.0,0.0,0.02561,0.0,0.05264,0.0,0.0,0.02384,0.0,0.0,0.02561,0.0,0.0,0.0,0.0,0.0,0.0,0.0,0.0,0.0,0.02493
521,The Example,"Shirley, James",1,1054,1637,comedy,comedy,comedy,britdrama,Adult Professional;Professional,Adult Professional,17731,0.19407,0.0,0.02837,0.05589,0.0,0.72167,0.0,0.0,0.0,0.0,0.0,0.0,0.0,0.0,0.02741,0.02769,0.0,0.0,0.0,0.0278,0.0,0.0,0.0,0.0,0.0,0.0,0.0,0.0,0.0,0.0,0.0,0.0,0.0,0.0,0.0,0.0,0.0,0.0,0.0,0.0,0.0,0.0,0.0,0.0,0.0,0.0,0.02859,0.0,0.0,0.0,0.0,0.0,0.05426,0.0,0.02809,0.05612,0.0,0.0,0.0,0.0,0.0,0.0,0.0,0.0,0.02837,0.0,0.0,0.0,0.0
242,The Fair Maid of the Exchange,Anonymous,1,570,1607,comedy,comedy,comedy,britdrama,Adult Professional;Professional,Adult Professional,20607,0.41248,0.0,0.0,0.0,0.0,0.58752,0.0,0.0,0.0,0.0,0.16999,0.0,0.02208,0.0,0.0,0.0,0.0,0.09798,0.0,0.0,0.0,0.0,0.0,0.0,0.0,0.0,0.0,0.0,0.0,0.0,0.0,0.0,0.0,0.0,0.05032,0.0,0.0,0.0,0.0,0.02412,0.0,0.02402,0.0,0.0,0.0,0.0,0.0,0.0,0.0,0.0,0.0,0.0,0.0,0.0,0.0,0.02397,0.0,0.0,0.0,0.0,0.0,0.0,0.0,0.0,0.0,0.0,0.0,0.0,0.0
263,The Family of Love,"Barry, Lording",1,616,1608,comedy,comedy,comedy,britdrama,Boys Professional;Professional,Boys Professional,19712,0.72534,0.0,0.0,0.0,0.0,0.27466,0.0,0.0,0.0,0.47788,0.10136,0.0,0.02374,0.0,0.0,0.0,0.0,0.0,0.0,0.0,0.0,0.0,0.024,0.0,0.0,0.0,0.0,0.0,0.0,0.0243,0.0,0.0,0.0,0.02481,0.0,0.0,0.0,0.0,0.0,0.0,0.0,0.0,0.0,0.0,0.0,0.0,0.0,0.0,0.0,0.0,0.0,0.0,0.0,0.0,0.0,0.0,0.0,0.0,0.02481,0.0,0.0,0.0,0.02445,0.0,0.0,0.0,0.0,0.0,0.0
532,The Fancies Chaste and Noble,"Ford, John",1,1067,1638,comedy,,comedy,britdrama,Professional;Adult Professional,Professional,17869,0.19268,0.0,0.0,0.0,0.0,0.80732,0.0,0.0,0.0,0.0,0.0,0.0,0.0,0.0,0.0,0.0,0.0,0.05529,0.0,0.0,0.0,0.0,0.0,0.0,0.0,0.0,0.0,0.0,0.0,0.05283,0.0,0.0,0.0,0.05691,0.02765,0.0,0.0,0.0,0.0,0.0,0.0,0.0,0.0,0.0,0.0,0.0,0.0,0.0,0.0,0.0,0.0,0.0,0.0,0.0,0.0,0.0,0.0,0.0,0.0,0.0,0.0,0.0,0.0,0.0,0.0,0.0,0.0,0.0,0.0
255,The Fleer,"Sharpham, Edward",1,596,1607,comedy,comedy,comedy,britdrama,Boys Professional;Professional,Boys Professional,15797,0.30924,0.0,0.0,0.09628,0.0,0.59448,0.06014,0.0,0.0,0.09268,0.0,0.0,0.0,0.0,0.0,0.0,0.0,0.03108,0.0,0.09628,0.0,0.0,0.0302,0.0,0.0,0.0,0.0,0.0,0.0,0.0,0.0,0.0,0.0,0.0,0.0,0.0,0.0,0.0,0.0314,0.0,0.0,0.0,0.0,0.0,0.0,0.06375,0.0,0.0,0.0,0.0,0.0,0.0,0.0,0.0,0.0,0.0,0.0,0.0,0.0,0.0,0.0,0.0,0.0,0.0,0.0,0.0,0.0,0.0,0.0
523,The Gamester,"Shirley, James",1,1056,1637,comedy,comedy,comedy,britdrama,Adult Professional;Professional,Adult Professional,19482,0.33261,0.0,0.07663,0.0,0.0,0.59075,0.0,0.10153,0.0,0.0,0.0,0.0,0.0,0.0,0.0,0.0,0.0,0.0,0.0,0.0,0.0,0.0,0.0,0.0,0.0,0.0,0.0,0.0,0.0,0.05097,0.0,0.0,0.0,0.10338,0.0,0.0,0.0,0.0,0.0,0.02443,0.0,0.0,0.0,0.0,0.0,0.0,0.0,0.0,0.0,0.0,0.0,0.0,0.0523,0.0,0.0,0.0,0.0,0.0,0.0,0.0,0.0,0.0,0.0,0.0,0.07663,0.0,0.0,0.0,0.0
226,The Gentleman Usher (Vincentio and Margaret),"Chapman, George",1,533,1606,comedy,,comedy,britdrama,Boys Professional;Professional,Boys Professional,20591,0.5007,0.0,0.0,0.02462,0.0,0.47467,0.3112,0.0,0.0,0.07197,0.0,0.0,0.0,0.0,0.0,0.0474,0.0,0.02355,0.0,0.0,0.02433,0.0,0.0,0.0,0.0,0.0,0.0,0.0,0.0,0.0,0.0,0.0,0.0,0.02224,0.0,0.0,0.0,0.0,0.0,0.0,0.0,0.0,0.0,0.0,0.0,0.0,0.0,0.0,0.0,0.0,0.0,0.0,0.0,0.0,0.02462,0.0,0.0,0.0,0.0,0.0,0.0,0.0,0.0,0.0,0.0,0.0,0.0,0.0,0.0
429,The Grateful Servant (The Faithful Servant),"Shirley, James",1,928,1630,comedy,tragicomedy,comedy,britdrama,Adult Professional;Professional,Adult Professional,18874,0.55346,0.0,0.0,0.0,0.0,0.44654,0.39647,0.0,0.0,0.0,0.0,0.02527,0.0,0.0,0.0,0.0,0.0,0.0257,0.0,0.0,0.0,0.0,0.05251,0.0,0.0,0.0,0.0,0.0,0.0,0.0,0.0,0.0,0.05351,0.0,0.0,0.0,0.0,0.0,0.0,0.0,0.0,0.0,0.0,0.0,0.0,0.0,0.0,0.0,0.0,0.0,0.0,0.0,0.0,0.0,0.0,0.0,0.0,0.0,0.0,0.0,0.0,0.0,0.0,0.0,0.0,0.0,0.0,0.0,0.0
505,The Great Duke of Florence,"Massinger, Philip",1,1036,1636,comedy,tragicomedy,comedy,britdrama,Adult Professional;Professional,Adult Professional,18310,0.59514,0.0,0.0,0.0,0.0,0.40486,0.56854,0.0266,0.0,0.0,0.0,0.0,0.0,0.0,0.0,0.0,0.0,0.0,0.0,0.0,0.0,0.0,0.0,0.0,0.0,0.0,0.0,0.0,0.0,0.0,0.0,0.0,0.0,0.0,0.0,0.0,0.0,0.0,0.0,0.0,0.0,0.0,0.0,0.0,0.0,0.0,0.0,0.0,0.0,0.0,0.0,0.0,0.0,0.0,0.0,0.0,0.0,0.0,0.0,0.0,0.0,0.0,0.0,0.0,0.0,0.0,0.0,0.0,0.0
384,The Heir,"May, Thomas",1,850,1622,comedy,comedy,comedy,britdrama,Adult Professional;Professional,Adult Professional,16320,0.18364,0.0,0.0,0.0299,0.0,0.78646,0.0,0.06176,0.0,0.0,0.06072,0.0,0.03015,0.0,0.0,0.0,0.0,0.0,0.0,0.0,0.0,0.0,0.0,0.0,0.0,0.0,0.0,0.0,0.0,0.0,0.0,0.0,0.0,0.0,0.0,0.0,0.031,0.0,0.0,0.0,0.0,0.0,0.0,0.0,0.0,0.0,0.0,0.0,0.0,0.0,0.0,0.0,0.0,0.0,0.0299,0.0,0.0,0.0,0.0,0.0,0.0,0.0,0.0,0.0,0.0,0.0,0.0,0.0,0.0
321,The Hog Hath Lost His Pearl,"Tailor, Robert",1,730,1614,comedy,comedy,comedy,britdrama,Nonprofessional;Private,Nonprofessional,16506,0.2347,0.0,0.0,0.03011,0.0,0.73519,0.0,0.0,0.0,0.0,0.0,0.05749,0.05925,0.0,0.0,0.0,0.0,0.05992,0.0,0.0,0.0,0.0,0.02775,0.0,0.0,0.03011,0.0,0.0,0.0,0.0,0.0,0.0,0.0,0.0,0.0,0.0,0.0,0.0,0.0,0.03029,0.0,0.0,0.0,0.0,0.0,0.0,0.0,0.0,0.0,0.0,0.0,0.0,0.0,0.0,0.0,0.0,0.0,0.0,0.0,0.0,0.0,0.0,0.0,0.0,0.0,0.0,0.0,0.0,0.0
594,The Hollander (Love's Trial),"Glapthorne, Henry",1,1148,1640,comedy,comedy,comedy,britdrama,Boys Professional;Professional,Boys Professional,19806,0.5469,0.0,0.0,0.02393,0.0,0.42916,0.0,0.0,0.0,0.25063,0.0255,0.0,0.0,0.0,0.14566,0.0,0.0,0.05019,0.0,0.02393,0.0,0.0,0.0,0.0,0.0,0.0,0.0,0.0,0.0,0.07493,0.0,0.0,0.0,0.0,0.0,0.0,0.0,0.0,0.0,0.0,0.0,0.0,0.0,0.0,0.0,0.0,0.0,0.0,0.0,0.0,0.0,0.0,0.0,0.0,0.0,0.0,0.0,0.0,0.0,0.0,0.0,0.0,0.0,0.0,0.0,0.0,0.0,0.0,0.0
337,The Honest Lawyer,"S., S.",1,765,1616,comedy,comedy,comedy,britdrama,Adult Professional;Professional,Adult Professional,20590,0.33128,0.0,0.0,0.0,0.0,0.66872,0.02273,0.04658,0.0,0.04614,0.0,0.0,0.04726,0.0,0.0,0.0,0.0,0.0,0.0,0.0,0.0,0.0,0.0,0.0,0.0,0.0,0.0,0.0,0.0,0.02511,0.0,0.0,0.0,0.0,0.0,0.0,0.0,0.0,0.0,0.0,0.0,0.0,0.0,0.0,0.0,0.0,0.02482,0.0,0.0,0.0,0.0,0.04798,0.0,0.02351,0.0,0.0,0.0,0.0,0.04716,0.0,0.0,0.0,0.0,0.0,0.0,0.0,0.0,0.0,0.0
577,The Humorous Courtier (The Duke),"Shirley, James",1,1130,1640,comedy,comedy,comedy,britdrama,Adult Professional;Professional,Adult Professional,15816,0.74836,0.0,0.0,0.0,0.0,0.25164,0.65484,0.0,0.0,0.03161,0.0,0.0,0.0,0.0,0.0,0.0,0.0,0.0,0.0,0.0,0.0,0.0,0.0,0.0,0.0,0.0,0.0,0.0,0.0,0.0,0.0,0.0,0.0,0.03054,0.0,0.0,0.0,0.0,0.0,0.0,0.0,0.0,0.0,0.0,0.0,0.0,0.0,0.0,0.0,0.0,0.0,0.0,0.0,0.0,0.0,0.0,0.0,0.0,0.0,0.0,0.0,0.0,0.0,0.0,0.0,0.0,0.0,0.0,0.03136
235,The Isle of Gulls,"Day, John",1,555,1606,comedy,comedy,comedy,britdrama,Boys Professional;Professional,Boys Professional,20980,0.38098,0.0,0.0,0.0,0.0,0.61902,0.21478,0.0,0.0,0.0,0.0,0.0,0.0,0.0,0.0,0.09552,0.0,0.0,0.0,0.0,0.0,0.0,0.0,0.0,0.0,0.0,0.0,0.0,0.02364,0.02316,0.0,0.0,0.0,0.0,0.0,0.0,0.0,0.0,0.0,0.02388,0.0,0.0,0.0,0.0,0.0,0.0,0.0,0.0,0.0,0.0,0.0,0.0,0.0,0.0,0.0,0.0,0.0,0.0,0.0,0.0,0.0,0.0,0.0,0.0,0.0,0.0,0.0,0.0,0.0
469,The Jealous Lovers,"Randolph, Thomas",1,987,1632,comedy,comedy,comedy,britdrama,University/Inns of Court;Nonprofessional,University/Inns of Court,23222,0.32073,0.0,0.0,0.04263,0.0,0.63664,0.0,0.10912,0.0,0.0,0.02076,0.0,0.0,0.0,0.0,0.02175,0.0,0.04177,0.0,0.0,0.0,0.0,0.0,0.0,0.0,0.0,0.02127,0.0,0.0,0.0,0.0,0.0,0.0,0.0,0.0,0.0,0.0,0.0,0.02071,0.0,0.0,0.02041,0.0,0.02162,0.0,0.0,0.0,0.0,0.0,0.0,0.0,0.0,0.0,0.0,0.04263,0.0,0.0,0.02222,0.0,0.0,0.0,0.0211,0.0,0.0,0.0,0.0,0.0,0.0,0.0
580,"The Knave in Grain, New Vamped","D., J.",1,1133,1640,comedy,comedy,comedy,britdrama,Adult Professional;Professional,Adult Professional,22628,0.39186,0.0,0.0,0.0,0.0,0.60814,0.02143,0.08613,0.0,0.06549,0.02236,0.0,0.17509,0.0,0.0,0.0,0.0,0.0,0.0,0.0,0.0,0.0,0.0,0.0,0.0,0.0,0.0,0.0,0.02135,0.0,0.0,0.0,0.0,0.0,0.0,0.0,0.0,0.0,0.0,0.0,0.0,0.0,0.0,0.0,0.0,0.0,0.0,0.0,0.0,0.0,0.0,0.0,0.0,0.0,0.0,0.0,0.0,0.0,0.0,0.0,0.0,0.0,0.0,0.0,0.0,0.0,0.0,0.0,0.0
316,The Knight of the Burning Pestle,"Beaumont, Francis",1,724,1613,comedy,romance;burlesque,comedy,britdrama,Boys Professional;Professional;Adult Professional,Boys Professional,20788,0.18631,0.0,0.0,0.29041,0.0,0.52328,0.0,0.04252,0.0,0.0,0.02453,0.0,0.0,0.0,0.0483,0.02376,0.0,0.0,0.0,0.29041,0.0,0.0,0.0,0.0,0.0,0.0,0.0,0.0,0.0,0.0,0.0,0.0,0.0,0.0,0.0,0.0,0.0,0.0,0.0,0.024,0.0,0.0,0.0,0.0,0.0,0.0,0.0,0.0,0.0,0.0,0.02319,0.0,0.0,0.0,0.0,0.0,0.0,0.0,0.0,0.0,0.0,0.0,0.0,0.0,0.0,0.0,0.0,0.0,0.0
518,The Lady of Pleasure,"Shirley, James",1,1051,1637,comedy,comedy,comedy,britdrama,Adult Professional;Professional,Adult Professional,20241,0.44099,0.0,0.04787,0.0,0.0,0.51114,0.0,0.0,0.0,0.0,0.04911,0.0,0.02322,0.0,0.0,0.0,0.0,0.0,0.0,0.0,0.0,0.0,0.3198,0.0,0.0,0.0,0.0,0.0,0.0,0.02485,0.0,0.0,0.02401,0.0,0.0,0.0,0.0,0.0,0.0,0.0,0.0,0.0,0.0,0.0,0.0,0.0,0.0,0.0,0.0,0.0,0.0,0.0,0.0,0.0,0.0,0.0,0.0,0.0,0.0,0.0,0.0,0.0,0.0,0.0,0.04787,0.0,0.0,0.0,0.0
555,The Lady's Trial,"Ford, John",1,1101,1639,not in BritDrama,comedy,comedy,annals,Professional;Boys Professional,Professional,16880,0.2032,0.0,0.0,0.0,0.0,0.7968,0.03039,0.0,0.0,0.0,0.0,0.0,0.0,0.0,0.0,0.02826,0.0,0.05658,0.0,0.0,0.0,0.0,0.0,0.0,0.0,0.0,0.0,0.0,0.0,0.02944,0.0,0.0,0.0,0.02915,0.02938,0.0,0.0,0.0,0.0,0.0,0.0,0.0,0.0,0.0,0.0,0.0,0.0,0.0,0.0,0.0,0.0,0.0,0.0,0.0,0.0,0.0,0.0,0.0,0.0,0.0,0.0,0.0,0.0,0.0,0.0,0.0,0.0,0.0,0.0
494,The Late Lancashire Witches,"Heywood, ThomasBrome, Richard",1,1020,1634,comedy,topical play,comedy,britdrama,Adult Professional;Professional,Adult Professional,21472,0.21065,0.0,0.0,0.0,0.0,0.78935,0.0,0.0,0.0,0.0,0.0,0.0,0.0,0.0,0.0,0.0,0.0,0.0,0.0,0.0,0.0,0.0,0.0,0.0,0.0,0.0,0.0,0.0,0.0,0.0,0.0,0.0,0.04755,0.04625,0.04639,0.0,0.0,0.0,0.0,0.0,0.0,0.0,0.0,0.0,0.0,0.0,0.0,0.0,0.0,0.0,0.07046,0.0,0.0,0.0,0.0,0.0,0.0,0.0,0.0,0.0,0.0,0.0,0.0,0.0,0.0,0.0,0.0,0.0,0.0
222,The London Prodigal,Anonymous,1,521,1605,comedy,comedy,comedy,britdrama,Adult Professional;Professional,Adult Professional,15811,0.25071,0.0,0.0,0.03131,0.0,0.71798,0.0,0.0,0.0,0.0,0.0,0.0,0.0,0.0,0.0,0.0,0.0,0.0,0.0,0.0,0.0,0.0,0.0,0.0,0.0,0.0,0.0,0.0,0.0,0.0,0.0,0.0,0.0,0.09399,0.03105,0.0,0.0,0.0,0.0,0.0,0.0,0.0,0.0,0.0,0.0,0.0,0.0,0.03131,0.0,0.0,0.0,0.0,0.0,0.0,0.0,0.0,0.0,0.0,0.12567,0.0,0.0,0.0,0.0,0.0,0.0,0.0,0.0,0.0,0.0
616,"The Magnetic Lady, or Humors Reconciled","Jonson, Ben",1,1172,1640,comedy,comedy,comedy,britdrama,Adult Professional;Professional,Adult Professional,22308,0.55182,0.0,0.0,0.02241,0.0,0.42577,0.0,0.0,0.0,0.2643,0.0,0.0,0.0,0.0,0.0,0.12888,0.0,0.02246,0.0,0.02241,0.0,0.0,0.0,0.0,0.0,0.0,0.0,0.0,0.0,0.0,0.0,0.0,0.0,0.06764,0.0,0.0,0.0,0.0,0.02268,0.0,0.0,0.0,0.0,0.02143,0.0,0.0,0.0,0.0,0.0,0.0,0.0,0.0,0.02443,0.0,0.0,0.0,0.0,0.0,0.0,0.0,0.0,0.0,0.0,0.0,0.0,0.0,0.0,0.0,0.0
164,The Maid's Metamorphosis,Anonymous,1,370,1600,pastoral; romance,comedy,comedy,annals,Boys Professional;Professional,Boys Professional,13806,0.6051,0.0,0.0,0.0,0.0,0.3949,0.07229,0.0,0.0,0.0,0.10778,0.0,0.0,0.0,0.0,0.0,0.0,0.0,0.0,0.0,0.0,0.0,0.0,0.0,0.0,0.0,0.0,0.0,0.14247,0.0,0.28256,0.0,0.0,0.0,0.0,0.0,0.0,0.0,0.0,0.0,0.0,0.0,0.0,0.0,0.0,0.0,0.0,0.0,0.0,0.0,0.0,0.0,0.0,0.0,0.0,0.0,0.0,0.0,0.0,0.0,0.0,0.0,0.0,0.0,0.0,0.0,0.0,0.0,0.0
172,The Merchant of Venice (The Jew of Venice),"Shakespeare, William",1,391,1600,comedy,comedy,comedy,britdrama,Adult Professional;Professional,Adult Professional,19281,0.3839,0.0,0.0,0.10669,0.0,0.50941,0.05041,0.07614,0.0,0.04901,0.0,0.0,0.10554,0.0,0.0,0.0,0.0,0.0,0.0,0.0,0.02541,0.0,0.0,0.0,0.0,0.05451,0.0,0.0,0.0,0.0,0.0,0.0,0.0,0.0,0.0,0.0,0.0,0.0,0.07738,0.0,0.0,0.0,0.0,0.0,0.0,0.0,0.0,0.0,0.0,0.0,0.0,0.0,0.0,0.0,0.02733,0.0,0.0,0.0,0.0,0.0,0.0,0.0,0.0,0.02484,0.0,0.0,0.0,0.0,0.0
264,The Merry Devil of Edmonton,Anonymous,1,617,1608,comedy,comedy,comedy,britdrama,Adult Professional;Professional,Adult Professional,11640,0.17431,0.0,0.0,0.12955,0.0,0.69613,0.0,0.0,0.0,0.0,0.0,0.0,0.0,0.0,0.0,0.0,0.0,0.0,0.0,0.08797,0.0,0.13033,0.0,0.0,0.0,0.0,0.0,0.0,0.0,0.0,0.0,0.0,0.04399,0.0,0.0,0.0,0.0,0.0,0.0,0.0,0.0,0.0,0.0,0.0,0.0,0.0,0.0,0.04158,0.0,0.0,0.0,0.0,0.0,0.0,0.0,0.0,0.0,0.0,0.0,0.0,0.0,0.0,0.0,0.0,0.0,0.0,0.0,0.0,0.0
187,The Merry Wives of Windsor,"Shakespeare, William",1,427,1623,comedy,comedy,comedy,britdrama,Adult Professional;Professional,Adult Professional,20959,0.18727,0.0,0.0,0.09571,0.0,0.71702,0.0,0.0,0.0,0.06985,0.0,0.0,0.0,0.0,0.0,0.0,0.0,0.0,0.0,0.04871,0.0,0.0,0.0,0.0,0.0,0.0,0.0,0.0,0.0,0.02195,0.0,0.0,0.0,0.0,0.024,0.0,0.0,0.0,0.0,0.0,0.0,0.0,0.0,0.0,0.0,0.0,0.0,0.047,0.0,0.0,0.0,0.0,0.0,0.0,0.0,0.0,0.0,0.02357,0.0,0.0,0.0,0.0479,0.0,0.0,0.0,0.0,0.0,0.0,0.0
442,"The New Inn, or The Light Heart","Jonson, Ben",1,956,1631,comedy,comedy,comedy,britdrama,Adult Professional;Professional,Adult Professional,21519,0.13495,0.0,0.0,0.02379,0.0,0.84126,0.0,0.0,0.0,0.0,0.06752,0.0,0.0,0.0,0.0,0.0,0.0,0.0,0.0,0.0,0.0,0.0,0.02389,0.0,0.0,0.0,0.0,0.0,0.0,0.0,0.0,0.0,0.0,0.0,0.0,0.0,0.0,0.0,0.0,0.0,0.0,0.02235,0.0,0.0,0.0,0.0,0.0,0.0,0.0,0.0,0.02119,0.0,0.0,0.0,0.02379,0.0,0.0,0.0,0.0,0.0,0.0,0.0,0.0,0.0,0.0,0.0,0.0,0.0,0.0
574,"The Night Walker, or The Little Thief","Fletcher, JohnShirley, James",1,1127,1640,comedy,comedy,comedy,britdrama,Adult Professional;Professional,Adult Professional,19544,0.30674,0.0,0.05245,0.0,0.0,0.64081,0.0,0.02584,0.0,0.0,0.0,0.02574,0.0,0.0,0.0,0.0,0.0,0.0,0.0,0.0,0.0,0.0,0.0,0.0,0.0,0.0,0.0,0.0,0.0,0.0,0.0,0.0,0.07465,0.0,0.0,0.0,0.07736,0.0,0.02645,0.0,0.0,0.0,0.0,0.0,0.0,0.0,0.0,0.0,0.0,0.0,0.0,0.0,0.0,0.0767,0.0,0.0,0.0,0.0,0.0,0.0,0.0,0.0,0.0,0.0,0.05245,0.0,0.0,0.0,0.0
463,The Northern Lass,"Brome, Richard",1,981,1632,comedy,comedy,comedy,britdrama,Adult Professional;Professional,Adult Professional,26919,0.26134,0.0,0.0,0.01839,0.0,0.72027,0.0,0.0,0.0,0.09191,0.0,0.0,0.0,0.0,0.03689,0.0,0.0,0.01876,0.0,0.01839,0.0,0.0,0.0,0.0,0.0,0.0,0.0,0.0,0.0,0.0,0.0,0.0,0.0,0.03756,0.03875,0.0,0.01898,0.0,0.0,0.0,0.0,0.0,0.0,0.0,0.0,0.0,0.0,0.0,0.0,0.0,0.0,0.0,0.0,0.0,0.0,0.0185,0.0,0.0,0.0,0.0,0.0,0.0,0.0,0.0,0.0,0.0,0.0,0.0,0.0
575,The Opportunity,"Shirley, James",1,1128,1640,comedy,comedy,comedy,britdrama,Adult Professional;Professional,Adult Professional,18023,0.91566,0.0,0.0,0.0,0.0,0.08434,0.86168,0.0,0.0,0.0,0.0,0.0,0.0,0.0,0.0,0.0,0.0,0.02663,0.0,0.0,0.0,0.0,0.02735,0.0,0.0,0.0,0.0,0.0,0.0,0.0,0.0,0.0,0.0,0.0,0.0,0.0,0.0,0.0,0.0,0.0,0.0,0.0,0.0,0.0,0.0,0.0,0.0,0.0,0.0,0.0,0.0,0.0,0.0,0.0,0.0,0.0,0.0,0.0,0.0,0.0,0.0,0.0,0.0,0.0,0.0,0.0,0.0,0.0,0.0
243,The Phoenix,"Middleton, Thomas",1,573,1607,comedy,comedy,comedy,britdrama,Boys Professional;Professional,Boys Professional,19629,0.55179,0.0,0.0,0.04921,0.0,0.399,0.07423,0.0,0.0,0.0,0.0,0.0,0.14988,0.0,0.124,0.02802,0.0,0.0,0.0,0.04921,0.0,0.0,0.0,0.0,0.0,0.0,0.0,0.0,0.0,0.02506,0.0,0.0,0.0,0.07494,0.0,0.0,0.0,0.0,0.0,0.0,0.0,0.0,0.0,0.0,0.0,0.0,0.02517,0.0,0.0,0.0,0.0,0.0,0.0,0.05049,0.0,0.0,0.0,0.0,0.0,0.0,0.0,0.0,0.0,0.0,0.0,0.0,0.0,0.0,0.0
15,The Play of the Weather,"Heywood, John",1,22,1544,comedy,comedy;interlude,comedy,britdrama,Interlude;Nonprofessional,Interlude,10522,0.23826,0.0,0.0,0.04704,0.0,0.71469,0.0,0.0,0.0,0.0,0.04875,0.0,0.0,0.0,0.0,0.0,0.0,0.0,0.0,0.04704,0.0,0.0,0.0,0.0,0.0,0.0,0.0,0.0,0.0,0.0,0.04685,0.0,0.04771,0.0,0.0,0.0,0.0,0.0,0.0,0.0,0.0,0.0,0.0,0.0,0.0,0.0,0.0,0.0,0.0,0.0,0.0,0.0,0.0,0.0,0.0,0.0,0.0,0.04619,0.0,0.0,0.04875,0.0,0.0,0.0,0.0,0.0,0.0,0.0,0.0
251,"The Puritan, or The Widow of Watling Street (The Puritan Widow)","Middleton, Thomas",1,591,1607,comedy,comedy,comedy,britdrama,Boys Professional;Professional,Boys Professional,18219,0.51496,0.0,0.0,0.02591,0.0,0.45914,0.0,0.02766,0.0,0.0,0.0,0.0,0.1387,0.0,0.29711,0.0,0.0,0.0,0.0,0.02591,0.0,0.0,0.0,0.0,0.0,0.0,0.0,0.0,0.0,0.0,0.0,0.0,0.0,0.0,0.0,0.0,0.0,0.0,0.0,0.0,0.0,0.0,0.0,0.0,0.0,0.0,0.0,0.0,0.0,0.0,0.0,0.05148,0.0,0.0,0.0,0.0,0.0,0.0,0.0,0.0,0.0,0.0,0.0,0.0,0.0,0.0,0.0,0.0,0.0
465,The Rival Friends,"Hausted, Peter",1,983,1632,comedy,tragicomedy,comedy,britdrama,University/Inns of Court;Nonprofessional,University/Inns of Court,30968,0.23398,0.0,0.0,0.01505,0.0,0.75097,0.0,0.01673,0.0,0.0,0.04795,0.0,0.0,0.0,0.0,0.0,0.0,0.03139,0.0,0.0,0.01489,0.0,0.0,0.0,0.0,0.0,0.0,0.0156,0.01563,0.0,0.0135,0.0,0.0,0.01524,0.0,0.0,0.0,0.0,0.0,0.03161,0.0,0.0,0.0,0.0,0.0,0.0,0.0,0.01505,0.0,0.0,0.0,0.0,0.01595,0.0155,0.0,0.0,0.0,0.0,0.0,0.0,0.0,0.0,0.0,0.0,0.0,0.0,0.0,0.0,0.0
298,"The Roaring Girl, or Moll Cutpurse","Dekker, ThomasMiddleton, Thomas",1,696,1611,comedy,comedy,comedy,britdrama,Adult Professional;Professional,Adult Professional,23444,0.1681,0.0,0.0,0.02163,0.0,0.81027,0.0,0.0,0.0,0.0,0.0,0.0,0.04347,0.0,0.0642,0.02047,0.0,0.0,0.0,0.0,0.0,0.0,0.0,0.0,0.0,0.0,0.0,0.0,0.0,0.0,0.0,0.0,0.0,0.0,0.01958,0.0,0.0,0.0,0.0,0.0,0.0,0.0,0.0,0.0,0.0,0.0,0.0,0.0,0.0,0.0,0.0,0.0,0.0,0.0,0.0,0.02039,0.0,0.0,0.0,0.0,0.0,0.0,0.0,0.02163,0.0,0.0,0.0,0.0,0.0
538,The Royal Master,"Shirley, James",1,1075,1638,not in BritDrama,comedy,comedy,annals,Adult Professional;Professional,Adult Professional,17696,0.74893,0.0,0.0,0.0,0.0,0.25107,0.61223,0.02746,0.0,0.0,0.0,0.0,0.0,0.0,0.0,0.0,0.0,0.0,0.0,0.0,0.08166,0.0,0.0,0.0,0.0,0.0,0.0,0.0,0.0,0.0,0.0,0.0,0.0,0.0,0.0,0.0,0.0,0.0,0.0,0.0,0.0,0.02758,0.0,0.0,0.0,0.0,0.0,0.0,0.0,0.0,0.0,0.0,0.0,0.0,0.0,0.0,0.0,0.0,0.0,0.0,0.0,0.0,0.0,0.0,0.0,0.0,0.0,0.0,0.0
441,The School of Compliment (Love Tricks),"Shirley, James",1,954,1631,comedy,comedy,comedy,britdrama,Adult Professional;Professional,Adult Professional,21539,0.31896,0.0,0.0,0.02289,0.0,0.65815,0.0,0.04601,0.0,0.0221,0.0,0.0,0.0,0.0,0.0,0.02563,0.0,0.0,0.0,0.02289,0.0,0.0,0.0,0.0,0.0,0.0,0.0,0.0448,0.11393,0.0,0.0,0.0,0.0,0.0,0.0,0.0,0.0,0.0,0.0,0.04336,0.0,0.0,0.0,0.0,0.0,0.0,0.0,0.0,0.0,0.0,0.0,0.0,0.02312,0.0,0.0,0.0,0.0,0.0,0.0,0.0,0.0,0.0,0.0,0.0,0.0,0.0,0.0,0.0,0.0
334,The Scornful Lady,"Beaumont, FrancisFletcher, John",1,753,1616,comedy,comedy,comedy,britdrama,Boys Professional;Professional;Adult Professional,Boys Professional,22770,0.39095,0.0,0.0,0.06399,0.0,0.54506,0.0,0.02187,0.0,0.0,0.0,0.0,0.0,0.0217,0.10892,0.0,0.0,0.02099,0.0,0.04278,0.0,0.0,0.0863,0.0,0.0,0.0,0.0,0.0,0.0,0.02284,0.0,0.0,0.0,0.0,0.02178,0.0,0.0,0.0,0.0,0.02148,0.0,0.0,0.0,0.0,0.0,0.0,0.0,0.02121,0.0,0.0,0.0,0.02121,0.0,0.0,0.0,0.02205,0.0,0.0,0.02183,0.0,0.0,0.0,0.0,0.0,0.0,0.0,0.0,0.0,0.0
175,"The Shoemaker's Holiday, or The Gentle Craft","Dekker, Thomas",1,398,1600,comedy,comedy,comedy,britdrama,Adult Professional;Professional,Adult Professional,18730,0.0779,0.0,0.0,0.0,0.0,0.9221,0.0,0.02595,0.0,0.0,0.02573,0.0,0.0,0.0,0.0,0.0,0.02621,0.0,0.0,0.0,0.0,0.0,0.0,0.0,0.0,0.0,0.0,0.0,0.0,0.0,0.0,0.0,0.0,0.0,0.0,0.0,0.0,0.0,0.0,0.0,0.0,0.0,0.0,0.0,0.0,0.0,0.0,0.0,0.0,0.0,0.0,0.0,0.0,0.0,0.0,0.0,0.0,0.0,0.0,0.0,0.0,0.0,0.0,0.0,0.0,0.0,0.0,0.0,0.0
556,"The Sophister (Fallacy, or The Troubles of Great Hermenia)","Zouche, Richard",1,1102,1639,comedy,morality,comedy,britdrama,University/Inns of Court;Nonprofessional,University/Inns of Court,15616,0.15747,0.0,0.0,0.03189,0.0,0.81064,0.0,0.0,0.02952,0.0,0.0,0.0,0.03176,0.0,0.0,0.0,0.0,0.0,0.0,0.0,0.0,0.0,0.0,0.0,0.0,0.0,0.03266,0.0,0.0,0.0,0.0,0.0,0.0,0.0,0.0,0.0,0.0,0.0,0.0,0.0,0.0,0.03259,0.0,0.0,0.0,0.0,0.0,0.0,0.0,0.0,0.0,0.0,0.0,0.0,0.03189,0.0,0.0,0.03093,0.0,0.0,0.0,0.0,0.0,0.0,0.0,0.0,0.0,0.0,0.0
456,The Staple of News,"Jonson, Ben",1,972,1631,comedy,comedy,comedy,britdrama,Adult Professional;Professional,Adult Professional,24689,0.257,0.0,0.0,0.0,0.0,0.743,0.0196,0.0,0.0,0.02054,0.0,0.0,0.03965,0.0,0.0,0.05776,0.0,0.0,0.0,0.0,0.01924,0.0,0.0,0.0,0.0,0.0,0.0,0.0,0.0,0.0,0.0,0.0,0.01993,0.02005,0.0,0.0,0.0,0.01993,0.0,0.0,0.0,0.0,0.0,0.0,0.0,0.0,0.0,0.0,0.0,0.0,0.0,0.0,0.0,0.01989,0.0,0.0,0.0,0.0,0.02041,0.0,0.0,0.0,0.0,0.0,0.0,0.0,0.0,0.0,0.0
120,The Taming of a Shrew,Anonymous,1,226,1594,comedy,comedy,comedy,britdrama,Adult Professional;Professional,Adult Professional,12239,0.15565,0.0,0.0,0.0,0.0,0.84435,0.03889,0.0,0.0,0.0,0.0,0.0,0.0,0.0,0.0,0.0,0.0,0.0,0.0,0.0,0.0,0.0,0.0,0.0,0.0,0.0,0.0,0.0,0.0,0.0,0.0,0.0,0.0,0.0,0.03938,0.0,0.0,0.0,0.0,0.03783,0.0,0.0,0.0,0.0,0.0,0.0,0.0,0.0,0.0,0.0,0.03955,0.0,0.0,0.0,0.0,0.0,0.0,0.0,0.0,0.0,0.0,0.0,0.0,0.0,0.0,0.0,0.0,0.0,0.0
120.5,The Taming of the Shrew,"Shakespeare, William",1,229,1623,comedy,comedy,comedy,britdrama,Adult Professional;Professional,Adult Professional,20457,0.149,0.0,0.0,0.0,0.0,0.851,0.0,0.0,0.0,0.0,0.0,0.0,0.0,0.0,0.0,0.0,0.0,0.02444,0.0,0.0,0.0,0.0,0.0,0.0,0.0,0.0,0.0,0.0,0.0,0.0,0.0,0.0,0.0,0.0,0.04932,0.0,0.0,0.0,0.0,0.0,0.0,0.0,0.0,0.0,0.0,0.0,0.0,0.0,0.0,0.0,0.02522,0.0,0.0,0.02571,0.0,0.02429,0.0,0.0,0.0,0.0,0.0,0.0,0.0,0.0,0.0,0.0,0.0,0.0,0.0
390,The Tempest,"Shakespeare, William",1,860,1623,comedy,comedy,comedy,britdrama,Adult Professional;Professional,Adult Professional,16056,0.24109,0.0,0.0,0.03014,0.0,0.72876,0.09081,0.0,0.0,0.0,0.0,0.0,0.0,0.0,0.0,0.0,0.0,0.0,0.02896,0.0,0.0,0.0,0.0,0.0,0.0,0.0,0.0,0.02952,0.0,0.0,0.0,0.0,0.0,0.0,0.0,0.0,0.0,0.0,0.0,0.0,0.0,0.0,0.0,0.0,0.0,0.0,0.0,0.03014,0.0,0.0,0.0,0.0,0.0,0.0,0.0,0.0,0.06247,0.0,0.0,0.0,0.0,0.0,0.02933,0.0,0.0,0.0,0.0,0.0,0.0
391,The Two Gentlemen of Verona,"Shakespeare, William",1,862,1623,comedy,comedy,comedy,britdrama,Adult Professional;Professional,Adult Professional,16892,0.17227,0.0,0.0,0.03138,0.0,0.79635,0.0,0.02771,0.0,0.0,0.02848,0.0,0.0,0.0,0.0,0.0,0.0,0.0,0.0,0.0,0.0,0.03179,0.02587,0.0,0.0,0.0,0.0,0.0,0.0283,0.0,0.0,0.0,0.0,0.0,0.0,0.0,0.0,0.0,0.03013,0.0,0.0,0.0,0.0,0.0,0.0,0.0,0.0,0.0,0.0,0.0,0.0,0.0,0.0,0.0,0.03138,0.0,0.0,0.0,0.0,0.0,0.0,0.0,0.0,0.0,0.0,0.0,0.0,0.0,0.0
285,The Two Maids of More-Clacke,"Armin, Robert",1,672,1609,comedy,comedy,comedy,britdrama,Boys Professional;Professional,Boys Professional,16182,0.24484,0.0,0.0,0.12094,0.0,0.63422,0.0,0.06384,0.0,0.03065,0.0,0.0,0.0,0.0,0.0,0.0,0.0,0.02954,0.0,0.12094,0.0,0.0,0.0,0.0,0.0,0.0,0.0,0.02867,0.0,0.0,0.0,0.0,0.0,0.0,0.0,0.0,0.0,0.0,0.0,0.06167,0.0,0.0,0.0,0.0,0.0,0.0,0.0,0.0,0.0,0.0,0.0,0.03047,0.0,0.0,0.0,0.0,0.0,0.0,0.0,0.0,0.0,0.0,0.0,0.0,0.0,0.0,0.0,0.0,0.0
364,"The Two Merry Milkmaids, or The Best Words Wear the Garland","Cumber, John",1,822,1620,comedy,comedy,comedy,britdrama,Adult Professional;Professional,Adult Professional,26552,0.52109,0.0,0.0,0.03676,0.0,0.44215,0.29629,0.0,0.0,0.01898,0.0,0.0,0.0,0.0,0.0,0.0,0.0,0.0,0.0,0.0,0.0,0.0,0.0,0.0,0.0,0.01864,0.0,0.0,0.0,0.0,0.0,0.0,0.0,0.0,0.0,0.0,0.0,0.0,0.15027,0.0,0.0,0.01973,0.0,0.0,0.0,0.0,0.0,0.01812,0.0,0.0,0.01748,0.0,0.0,0.0,0.0,0.0,0.0,0.0,0.0,0.0,0.0,0.0,0.01834,0.0,0.0,0.0,0.0,0.0,0.0
425,The Wedding,"Shirley, James",1,920,1629,comedy,comedy,comedy,britdrama,Adult Professional;Professional,Adult Professional,17874,0.39001,0.0,0.02719,0.02663,0.0,0.55617,0.0,0.2244,0.0,0.02775,0.0,0.0,0.0,0.0,0.05404,0.0,0.0,0.0,0.0,0.0,0.0,0.0,0.0,0.0,0.0,0.0,0.0,0.0,0.0,0.0,0.0,0.0,0.0,0.0,0.05662,0.0,0.0,0.0,0.0,0.02719,0.0,0.0,0.0,0.0,0.0,0.0,0.0,0.02663,0.0,0.0,0.0,0.0,0.0,0.0,0.0,0.0,0.0,0.0,0.0,0.0,0.0,0.0,0.0,0.0,0.02719,0.0,0.0,0.0,0.0
301,The Widow's Tears,"Chapman, George",1,699,1612,comedy,comedy,comedy,britdrama,Boys Professional;Professional,Boys Professional,21063,0.20999,0.0,0.0,0.07069,0.0,0.71932,0.0,0.07088,0.0,0.0,0.0,0.0,0.0,0.0,0.0,0.0,0.0,0.06965,0.0,0.0,0.0,0.0,0.02279,0.0,0.0,0.0,0.0,0.0,0.0,0.0,0.0,0.0,0.0,0.0,0.0,0.0,0.0,0.0,0.0,0.0,0.0,0.0,0.0,0.0,0.0,0.0,0.02331,0.0,0.0,0.0,0.0,0.0,0.0,0.0,0.0,0.02336,0.0,0.0,0.0,0.0,0.0,0.0,0.0,0.07069,0.0,0.0,0.0,0.0,0.0
535,The Wise Woman of Hogsdon,"Heywood, Thomas",1,1071,1638,comedy,comedy,comedy,britdrama,Adult Professional;Professional,Adult Professional,17500,0.33463,0.0,0.0272,0.05531,0.0,0.58286,0.0,0.0,0.0,0.0,0.0,0.0,0.0,0.0,0.0,0.0,0.0,0.02743,0.0,0.05531,0.0,0.0,0.0,0.0,0.0,0.0,0.0,0.02743,0.0,0.0,0.0,0.0,0.0,0.0,0.16983,0.0,0.0,0.0,0.0,0.05497,0.0,0.02783,0.0,0.0,0.0,0.0,0.0,0.0,0.0,0.0,0.02714,0.0,0.0,0.0,0.0,0.0,0.0,0.0,0.0,0.0,0.0,0.0,0.0,0.0,0.0272,0.0,0.0,0.0,0.0
477,The Witty Fair One,"Shirley, James",1,1000,1633,comedy,comedy,comedy,britdrama,Adult Professional;Professional,Adult Professional,16661,0.36096,0.0,0.03025,0.03091,0.0,0.57788,0.0,0.09285,0.0,0.05816,0.0,0.0,0.0,0.0,0.0,0.0,0.0,0.0,0.0,0.0,0.0,0.0,0.0,0.0,0.0,0.0,0.0,0.0,0.0,0.0,0.0,0.0,0.0,0.03073,0.05996,0.0,0.0,0.0,0.0,0.0,0.0,0.0,0.0,0.0,0.0,0.0,0.0,0.0,0.0,0.0,0.03001,0.0,0.0,0.0,0.03091,0.08925,0.0,0.0,0.0,0.0,0.0,0.0,0.0,0.0,0.03025,0.0,0.0,0.0,0.0
245,The Woman Hater (The Hungry Courtier),"Beaumont, FrancisFletcher, John",1,577,1607,comedy,comedy,comedy,britdrama,Boys Professional;Professional;Adult Professional,Boys Professional,22474,0.45604,0.0,0.0,0.0,0.0,0.54396,0.32624,0.0,0.0,0.0,0.04512,0.0,0.0,0.0,0.0,0.02105,0.0,0.0,0.0,0.0,0.0,0.0,0.0,0.0,0.0,0.0,0.0,0.0,0.0,0.0,0.0,0.0,0.0,0.0,0.0,0.0,0.0,0.0,0.0,0.0,0.0,0.02096,0.0,0.0,0.0,0.0,0.0,0.0,0.0,0.0,0.0,0.0,0.0,0.0,0.0,0.0,0.0,0.0,0.0,0.0,0.0,0.0,0.0,0.0,0.0,0.0,0.0,0.0,0.04267
144,The Woman in the Moon,"Lyly, John",1,298,1597,comedy,comedy,comedy,britdrama,Boys Professional;Professional,Boys Professional,12326,0.39575,0.0,0.0,0.0,0.0,0.60425,0.0,0.0,0.0,0.0,0.12048,0.0,0.0,0.0,0.0,0.0,0.0,0.0,0.11634,0.0,0.0,0.0,0.0,0.0,0.0,0.0,0.0,0.03927,0.08072,0.0,0.03894,0.0,0.0,0.0,0.0,0.0,0.0,0.0,0.0,0.0,0.0,0.0,0.0,0.0,0.0,0.0,0.0,0.0,0.0,0.0,0.0,0.0,0.0,0.0,0.0,0.0,0.0,0.0,0.0,0.0,0.0,0.0,0.0,0.0,0.0,0.0,0.0,0.0,0.0
508,The Wonder of A Kingdom,"Dekker, Thomas",1,1039,1636,comedy,comedy,comedy,britdrama,Adult Professional;Professional,Adult Professional,15014,0.56714,0.0,0.0,0.0,0.0,0.43286,0.13308,0.0,0.0,0.26555,0.0,0.0,0.0333,0.0,0.0,0.03403,0.0,0.06754,0.0,0.0,0.0,0.03364,0.0,0.0,0.0,0.0,0.0,0.0,0.0,0.0,0.0,0.0,0.0,0.0,0.0,0.0,0.0,0.0,0.0,0.0,0.0,0.0,0.0,0.0,0.0,0.0,0.0,0.0,0.0,0.0,0.0,0.0,0.0,0.0,0.0,0.0,0.0,0.0,0.0,0.0,0.0,0.0,0.0,0.0,0.0,0.0,0.0,0.0,0.0
37,Thersites,"Udall, Nicholas",1,66,1562,comedy,interlude,comedy,britdrama,Interlude;Nonprofessional,Interlude,7169,0.36184,0.0,0.0,0.07212,0.0,0.56605,0.0,0.0,0.0,0.0,0.0,0.0,0.0,0.22193,0.0,0.0,0.0,0.0,0.0,0.07212,0.0,0.0,0.0,0.0,0.0,0.0,0.13991,0.0,0.0,0.0,0.0,0.0,0.0,0.0,0.0,0.0,0.0,0.0,0.0,0.0,0.0,0.0,0.0,0.0,0.0,0.0,0.0,0.0,0.0,0.0,0.0,0.0,0.0,0.0,0.0,0.0,0.0,0.0,0.0,0.0,0.0,0.0,0.0,0.0,0.0,0.0,0.0,0.0,0.0
540,Tottenham Court,"Nabbes, Thomas",1,1077,1638,comedy,,comedy,britdrama,Adult Professional;Professional,Adult Professional,16434,0.33406,0.0,0.0,0.05939,0.0,0.60655,0.0,0.0,0.0,0.0,0.0,0.0,0.0,0.0,0.0,0.0,0.0,0.09085,0.0,0.0,0.0,0.0,0.03024,0.0,0.0,0.0,0.0,0.0,0.0,0.122,0.0,0.0,0.0,0.06334,0.0,0.0,0.0,0.0,0.0,0.0,0.0,0.0,0.0,0.0,0.0,0.0,0.0,0.05939,0.0,0.0,0.02763,0.0,0.0,0.0,0.0,0.0,0.0,0.0,0.0,0.0,0.0,0.0,0.0,0.0,0.0,0.0,0.0,0.0,0.0
396,"Twelfth Night, or What You Will","Shakespeare, William",1,872,1623,comedy,comedy,comedy,britdrama,Adult Professional;Professional,Adult Professional,19442,0.07751,0.0,0.0,0.10431,0.0,0.81818,0.0,0.0,0.0,0.0,0.0,0.0,0.0,0.0,0.0,0.0,0.0,0.0,0.0,0.10431,0.0,0.0,0.05128,0.0,0.0,0.0,0.0,0.0,0.0,0.0,0.0,0.0,0.02623,0.0,0.0,0.0,0.0,0.0,0.0,0.0,0.0,0.0,0.0,0.0,0.0,0.0,0.0,0.0,0.0,0.0,0.0,0.0,0.0,0.0,0.0,0.0,0.0,0.0,0.0,0.0,0.0,0.0,0.0,0.0,0.0,0.0,0.0,0.0,0.0
259,"Volpone, or The Fox","Jonson, Ben",1,606,1616,comedy,comedy,comedy,britdrama,Adult Professional;Professional,Adult Professional,26193,0.31833,0.0,0.0,0.0386,0.0,0.64307,0.0,0.07521,0.0,0.1098,0.0,0.0,0.0,0.0,0.0,0.01924,0.0,0.0,0.0,0.0386,0.0,0.0,0.0,0.0,0.0,0.0,0.0,0.0,0.0,0.01913,0.01836,0.0,0.01955,0.0,0.0,0.0,0.0,0.0,0.0,0.0,0.0,0.0,0.0,0.01978,0.0,0.0,0.0,0.0,0.0,0.0,0.0,0.0,0.0,0.0,0.0,0.0,0.0,0.0,0.03726,0.0,0.0,0.0,0.0,0.0,0.0,0.0,0.0,0.0,0.0
257,Westward Ho,"Dekker, ThomasWebster, John",1,602,1607,comedy,comedy,comedy,britdrama,Boys Professional;Professional,Boys Professional,22263,0.22221,0.0,0.0,0.0446,0.0,0.73319,0.0,0.02187,0.0,0.0,0.02246,0.0,0.1091,0.0,0.0,0.0,0.0,0.0,0.0,0.0446,0.0,0.0,0.0,0.0,0.0,0.0,0.0,0.0,0.0,0.0,0.0,0.0,0.02309,0.02268,0.0,0.0,0.0,0.0,0.0,0.0,0.0,0.0,0.0,0.0,0.0,0.0,0.0,0.0,0.0,0.0,0.023,0.0,0.0,0.0,0.0,0.0,0.0,0.0,0.0,0.0,0.0,0.0,0.0,0.0,0.0,0.0,0.0,0.0,0.0
252,What You Will,"Marston, John",1,592,1607,comedy,,comedy,britdrama,Professional;Boys Professional,Professional,16853,0.23242,0.0,0.0,0.0,0.0,0.76758,0.0289,0.0,0.02896,0.0,0.03139,0.0,0.0,0.0,0.0,0.08319,0.0,0.0,0.0,0.0,0.0,0.0,0.05999,0.0,0.0,0.0,0.0,0.0,0.0,0.0,0.0,0.0,0.0,0.0,0.0,0.0,0.0,0.0,0.0,0.0,0.0,0.0,0.0,0.0,0.0,0.0,0.0,0.0,0.0,0.0,0.0,0.0,0.0,0.0,0.0,0.0,0.0,0.0,0.0,0.0,0.0,0.0,0.0,0.0,0.0,0.0,0.0,0.0,0.0
234,Wily Beguiled,Anonymous,1,548,1606,comedy,comedy,comedy,britdrama,Boys Professional;Professional,Boys Professional,19740,0.22482,0.0,0.0,0.0,0.0,0.77518,0.0,0.0,0.0,0.0,0.02497,0.0,0.0,0.0,0.0,0.0233,0.0,0.0,0.0,0.0,0.0,0.0,0.0,0.0,0.0,0.0,0.0,0.0,0.0,0.0,0.02751,0.0,0.04792,0.0,0.05046,0.0,0.0,0.0,0.0,0.0,0.0,0.0,0.0,0.0,0.0,0.02579,0.0,0.0,0.0,0.0,0.0,0.0,0.0,0.0,0.0,0.0,0.0,0.02487,0.0,0.0,0.0,0.0,0.0,0.0,0.0,0.0,0.0,0.0,0.0
591,Wit in a Constable,"Glapthorne, Henry",1,1145,1640,not in BritDrama,comedy,comedy,annals,Boys Professional;Professional,Boys Professional,15585,0.41842,0.0,0.0,0.03292,0.0,0.54867,0.0,0.0,0.0,0.0,0.0,0.0,0.0,0.0,0.0,0.0,0.0,0.0,0.0,0.03292,0.0,0.0,0.06397,0.0,0.0,0.0,0.0,0.0,0.0,0.0,0.0,0.0,0.0,0.0326,0.09586,0.0,0.16105,0.0,0.0,0.0,0.0,0.06493,0.0,0.0,0.0,0.0,0.0,0.0,0.0,0.0,0.0,0.0,0.0,0.0,0.0,0.0,0.0,0.0,0.0,0.0,0.0,0.0,0.0,0.0,0.0,0.0,0.0,0.0,0.0
266,Your Five Gallants (The Five Witty Gallants),"Middleton, Thomas",1,628,1608,comedy,comedy,comedy,britdrama,Boys Professional;Professional,Boys Professional,19811,0.29832,0.0,0.0,0.0,0.0,0.70168,0.0,0.0,0.0,0.0,0.0,0.0,0.17369,0.0,0.0,0.0,0.0,0.0,0.0,0.0,0.0,0.0,0.0,0.0,0.0,0.0,0.0,0.0,0.0,0.0,0.0,0.0,0.0,0.04916,0.0,0.0,0.0,0.0,0.05022,0.0,0.0,0.0,0.0,0.0,0.0,0.0,0.0,0.0,0.0,0.0,0.02524,0.0,0.0,0.0,0.0,0.0,0.0,0.0,0.0,0.0,0.0,0.0,0.0,0.0,0.0,0.0,0.0,0.0,0.0
153,1 Edward the Fourth,"Heywood, Thomas",1,345,1600,history,history,history,britdrama,Adult Professional;Professional,Adult Professional,22469,0.39837,0.0,0.0,0.0,0.0,0.60163,0.0,0.0,0.0,0.0,0.0,0.0,0.0,0.0,0.02216,0.0,0.02141,0.0,0.0,0.0,0.02203,0.0,0.0,0.0,0.28898,0.0,0.0,0.0,0.0,0.0,0.0,0.0,0.0,0.0,0.0,0.0,0.0,0.0,0.02141,0.0,0.0,0.0,0.0,0.0,0.0,0.0,0.0,0.0,0.0,0.0,0.0,0.0,0.0,0.02239,0.0,0.0,0.0,0.0,0.0,0.0,0.0,0.0,0.0,0.0,0.0,0.0,0.0,0.0,0.0
145,1 Henry the Fourth,"Shakespeare, William",1,300,1598,history,history,history,britdrama,Adult Professional;Professional,Adult Professional,24115,0.20751,0.0,0.2858,0.0,0.0,0.5067,0.0,0.02115,0.0,0.0,0.0,0.0,0.0,0.0,0.0,0.0,0.0,0.0,0.0,0.0,0.0,0.0,0.0,0.0,0.08567,0.0,0.0,0.0,0.0,0.0,0.0,0.0,0.0,0.0,0.0,0.0,0.0,0.0,0.0192,0.0,0.0,0.0,0.0,0.0,0.0,0.0,0.0,0.0,0.2858,0.02044,0.0,0.0,0.0,0.06104,0.0,0.0,0.0,0.0,0.0,0.0,0.0,0.0,0.0,0.0,0.0,0.0,0.0,0.0,0.0
399,1 Henry the Sixth,"AnonymousMarlowe, ChristopherShakespeare, WilliamNashe, Thomas",1,878,1623,history,history,history,britdrama,Adult Professional;Professional,Adult Professional,20495,0.55174,0.0,0.09495,0.0,0.0,0.35331,0.0,0.0,0.0,0.0,0.0,0.0,0.0,0.0,0.0,0.0,0.35804,0.0,0.0,0.0,0.0,0.0,0.0,0.0,0.0,0.0,0.0,0.0,0.0,0.0,0.0,0.0,0.0,0.0,0.0,0.09495,0.0,0.0,0.0,0.0,0.0,0.0,0.0,0.0,0.0,0.0,0.0,0.0,0.0,0.19371,0.0,0.0,0.0,0.0,0.0,0.0,0.0,0.0,0.0,0.0,0.0,0.0,0.0,0.0,0.0,0.0,0.0,0.0,0.0
215,"1 If You Know Not Me You Know Nobody, or The Troubles of Queen Elizabeth","Heywood, Thomas",1,503,1605,history,history,history,britdrama,Adult Professional;Professional,Adult Professional,11198,0.35024,0.0,0.08582,0.0,0.0,0.56394,0.0,0.0,0.0,0.0,0.0,0.0,0.0,0.0,0.0,0.0,0.0,0.0,0.0,0.0,0.2646,0.0,0.04206,0.0,0.0,0.0,0.0,0.0,0.0,0.0,0.0,0.0,0.0,0.0,0.0,0.0,0.0,0.0,0.0,0.0,0.0,0.0,0.0,0.0,0.04358,0.0,0.0,0.0,0.08582,0.0,0.0,0.0,0.0,0.0,0.0,0.0,0.0,0.0,0.0,0.0,0.0,0.0,0.0,0.0,0.0,0.0,0.0,0.0,0.0
166,1 Sir John Oldcastle,"Wilson, RobertDrayton, MichaelMunday, AnthonyHathaway, Richard",1,376,1600,history,history,history,britdrama,Adult Professional;Professional,Adult Professional,20954,0.19004,0.0,0.0,0.02391,0.0,0.78606,0.0,0.02405,0.0,0.0,0.0,0.02262,0.02439,0.0,0.0,0.0,0.0,0.0,0.0,0.0,0.0,0.0,0.0,0.0,0.02424,0.0,0.0,0.0,0.0,0.0,0.0,0.0,0.0,0.0,0.0,0.0,0.04639,0.02515,0.0,0.0,0.0,0.0,0.0,0.0,0.0,0.0,0.0,0.02391,0.0,0.02319,0.0,0.0,0.0,0.0,0.0,0.0,0.0,0.0,0.0,0.0,0.0,0.0,0.0,0.0,0.0,0.0,0.0,0.0,0.0
101,1 The Troublesome Reign of King John,Anonymous,1,170,1591,history,history,history,britdrama,Adult Professional;Professional,Adult Professional,13400,0.61993,0.0,0.0,0.0,0.0,0.38007,0.0,0.03582,0.0,0.0,0.0,0.0,0.0,0.0,0.0,0.0,0.25933,0.0,0.0,0.0,0.0,0.07366,0.0,0.0,0.0,0.0,0.0,0.0,0.0,0.0,0.0,0.0,0.0,0.0,0.0,0.0,0.0,0.07403,0.0,0.0,0.0,0.0,0.0,0.0,0.0,0.0,0.0,0.0,0.0,0.17709,0.0,0.0,0.0,0.0,0.0,0.0,0.0,0.0,0.0,0.0,0.0,0.0,0.0,0.0,0.0,0.0,0.0,0.0,0.0
154,2 Edward the Fourth,"Heywood, Thomas",1,351,1600,history,history,history,britdrama,Adult Professional;Professional,Adult Professional,24054,0.40675,0.0,0.06061,0.0,0.0,0.53263,0.0609,0.06103,0.0,0.04066,0.0,0.0,0.0,0.02037,0.0,0.0,0.2035,0.0,0.0,0.0,0.0,0.0,0.0,0.0,0.0,0.0,0.0,0.0,0.0,0.0,0.0,0.0,0.0,0.0,0.0,0.06061,0.0,0.0,0.0,0.0,0.0,0.0,0.0,0.0,0.02029,0.0,0.0,0.0,0.0,0.0,0.0,0.0,0.0,0.0,0.0,0.0,0.0,0.0,0.0,0.0,0.0,0.0,0.0,0.0,0.0,0.0,0.0,0.0,0.0
167,2 Henry the Fourth,"Shakespeare, William",1,378,1600,history,history,history,britdrama,Adult Professional;Professional,Adult Professional,23556,0.2137,0.0,0.0,0.22954,0.0,0.55676,0.0,0.0,0.0,0.02025,0.0,0.0,0.0,0.0,0.02169,0.0,0.0,0.0,0.0,0.10498,0.04152,0.0,0.0,0.0,0.08635,0.0,0.0,0.0,0.0,0.0,0.0,0.0,0.0,0.0,0.0,0.0,0.0,0.0,0.0,0.0,0.0,0.0,0.0,0.0,0.0,0.0,0.0,0.0641,0.0,0.0,0.02203,0.0,0.0,0.0,0.0,0.0,0.02186,0.0,0.0,0.06045,0.0,0.0,0.0,0.0,0.0,0.0,0.0,0.0,0.0
119,2 Henry the Sixth (The First Part of the Contention betwixt the Two Famous Houses of York and Lancaster),"AnonymousMarlowe, ChristopherShakespeare, William",1,222,1600,history,history,history,britdrama,Adult Professional;Professional,Adult Professional,16092,0.34272,0.0,0.06376,0.0,0.0,0.59352,0.02983,0.03101,0.0,0.0,0.0,0.0,0.0,0.0,0.0,0.0,0.03095,0.0,0.0,0.0,0.0,0.0,0.0,0.0,0.09191,0.0,0.0,0.0,0.0,0.0,0.0,0.0,0.0,0.0,0.0,0.06376,0.0,0.0,0.0,0.0,0.0,0.0,0.0,0.0,0.03082,0.0,0.0,0.0,0.0,0.1282,0.0,0.0,0.0,0.0,0.0,0.0,0.0,0.0,0.0,0.0,0.0,0.0,0.0,0.0,0.0,0.0,0.0,0.0,0.0
224,2 If You Know Not Me You Know Nobody (The Second Part of Queen Elizabeth's Troubles),"Heywood, Thomas",1,527,1606,history,history,history,britdrama,Adult Professional;Professional,Adult Professional,21543,0.25331,0.0,0.02038,0.0,0.0,0.72631,0.0,0.02344,0.0,0.02279,0.0,0.0,0.0914,0.0,0.0,0.0,0.0,0.0,0.0,0.0,0.0,0.0,0.02298,0.0,0.0,0.0,0.0,0.0,0.0,0.0,0.0,0.0,0.0,0.02251,0.0,0.0,0.0,0.0,0.04633,0.0,0.0,0.0,0.0,0.0,0.02386,0.0,0.0,0.0,0.0,0.0,0.0,0.0,0.0,0.0,0.0,0.0,0.0,0.0,0.0,0.0,0.0,0.0,0.0,0.0,0.02038,0.0,0.0,0.0,0.0
102,2 The Troublesome Reign of King John,Anonymous,1,174,1611,history,history,history,britdrama,Adult Professional;Professional,Adult Professional,9548,0.68622,0.0,0.0,0.0,0.0,0.31378,0.0,0.05635,0.0,0.0,0.0,0.0,0.0,0.0,0.0,0.0,0.16108,0.0,0.0,0.0,0.0,0.1548,0.0,0.0,0.0,0.0,0.0,0.0,0.0,0.0,0.0,0.0,0.0,0.0,0.0,0.0,0.0,0.26194,0.0,0.0,0.0,0.0,0.0,0.0,0.05205,0.0,0.0,0.0,0.0,0.0,0.0,0.0,0.0,0.0,0.0,0.0,0.0,0.0,0.0,0.0,0.0,0.0,0.0,0.0,0.0,0.0,0.0,0.0,0.0
138,3 Henry the Sixth (The True Tragedy of Richard Duke of York and the Good King Henry the Sixth),"AnonymousMarlowe, ChristopherShakespeare, William",1,268,1623,history,history,history,britdrama,Adult Professional;Professional,Adult Professional,23306,0.38256,0.0,0.0,0.04282,0.0,0.57462,0.04141,0.02197,0.0,0.0,0.0,0.0,0.0,0.0,0.0,0.0,0.02158,0.0,0.0,0.0,0.0,0.0,0.0,0.0,0.0,0.0,0.0,0.0,0.0,0.0,0.0,0.0,0.0,0.0,0.0,0.0,0.0,0.0,0.0,0.0,0.0,0.0,0.02205,0.0,0.04381,0.0,0.0,0.0,0.0,0.18931,0.0,0.04244,0.0,0.0,0.0,0.0,0.0,0.0,0.0,0.04282,0.0,0.0,0.0,0.0,0.0,0.0,0.0,0.0,0.0
192,"A Larum for London, or The Siege of Antwerp",Anonymous,1,441,1602,history,history,history,britdrama,Adult Professional;Professional,Adult Professional,12240,0.12361,0.0,0.0,0.0,0.0,0.87639,0.0,0.0,0.0,0.0,0.0,0.0,0.08194,0.0,0.0,0.0,0.0,0.04167,0.0,0.0,0.0,0.0,0.0,0.0,0.0,0.0,0.0,0.0,0.0,0.0,0.0,0.0,0.0,0.0,0.0,0.0,0.0,0.0,0.0,0.0,0.0,0.0,0.0,0.0,0.0,0.0,0.0,0.0,0.0,0.0,0.0,0.0,0.0,0.0,0.0,0.0,0.0,0.0,0.0,0.0,0.0,0.0,0.0,0.0,0.0,0.0,0.0,0.0,0.0
112,Edward the First,"Peele, George",1,203,1593,history,history,history,britdrama,Adult Professional;Professional,Adult Professional,21321,0.48905,0.0,0.0,0.0,0.0,0.51095,0.0,0.0,0.0,0.0,0.0,0.0,0.0,0.0,0.0,0.0,0.0,0.0,0.0,0.0,0.02312,0.27663,0.0,0.0,0.11702,0.0,0.0,0.0,0.0,0.0,0.0,0.0,0.0,0.0,0.0,0.0,0.0,0.0,0.0,0.0,0.0,0.0,0.0,0.0,0.04897,0.0,0.0,0.0,0.0,0.0,0.0,0.0,0.0,0.0,0.0,0.0,0.02331,0.0,0.0,0.0,0.0,0.0,0.0,0.0,0.0,0.0,0.0,0.0,0.0
129,Edward the Second,"Marlowe, Christopher",1,245,1594,history,history,history,britdrama,Adult Professional;Professional,Adult Professional,20423,0.41331,0.0,0.0,0.07604,0.0,0.51065,0.0,0.0,0.0,0.0,0.0,0.0,0.0,0.0,0.0,0.0,0.04916,0.0,0.0,0.0,0.0,0.0,0.0,0.0,0.24252,0.0,0.0,0.0,0.0,0.0,0.0,0.0,0.0,0.0,0.0,0.0,0.0,0.04892,0.0,0.0,0.0,0.0,0.0,0.0,0.07271,0.0,0.0,0.0,0.0,0.0,0.0,0.0,0.0,0.0,0.0,0.0,0.0,0.0,0.0,0.07604,0.0,0.0,0.0,0.0,0.0,0.0,0.0,0.0,0.0
482,Fuimus Troes (The True Trojans),"Fisher, Jasper",1,1005,1633,history,history,history,britdrama,University/Inns of Court;Nonprofessional,University/Inns of Court,16534,0.35648,0.0,0.0,0.0,0.0,0.64352,0.0,0.05976,0.14969,0.0,0.0,0.0,0.0,0.11745,0.0,0.0,0.0,0.0,0.02958,0.0,0.0,0.0,0.0,0.0,0.0,0.0,0.0,0.0,0.0,0.0,0.0,0.0,0.0,0.0,0.0,0.0,0.0,0.0,0.0,0.0,0.0,0.0,0.0,0.0,0.0,0.0,0.0,0.0,0.0,0.0,0.0,0.0,0.0,0.0,0.0,0.0,0.0,0.0,0.0,0.0,0.0,0.0,0.0,0.0,0.0,0.0,0.0,0.0,0.0
400,Henry the Eighth (All Is True),"Shakespeare, WilliamFletcher, John",1,880,1623,history,history,history,britdrama,Adult Professional;Professional,Adult Professional,23549,0.31071,0.0,0.0,0.0,0.0,0.68929,0.02013,0.0,0.0,0.0,0.0,0.0,0.0,0.0,0.0,0.0,0.0,0.0,0.0,0.0,0.02098,0.0,0.0,0.0,0.0,0.0,0.0,0.0,0.0,0.0,0.0,0.0,0.0,0.0,0.0,0.0,0.0,0.26961,0.0,0.0,0.0,0.0,0.0,0.0,0.0,0.0,0.0,0.0,0.0,0.0,0.0,0.0,0.0,0.0,0.0,0.0,0.0,0.0,0.0,0.0,0.0,0.0,0.0,0.0,0.0,0.0,0.0,0.0,0.0
165,Henry the Fifth,"Shakespeare, William",1,371,1600,history,history,history,britdrama,Adult Professional;Professional,Adult Professional,12250,0.47918,0.0,0.03984,0.04073,0.0,0.44024,0.03894,0.0,0.0,0.0,0.0,0.0,0.0,0.0,0.0,0.0,0.35731,0.0,0.0,0.0,0.0,0.0,0.0,0.0,0.04212,0.04073,0.0,0.0,0.0,0.0,0.0,0.0,0.0,0.0,0.0,0.0,0.0,0.0,0.0,0.0,0.0,0.0,0.0,0.0,0.0,0.04082,0.0,0.0,0.0,0.0,0.0,0.0,0.0,0.0,0.0,0.0,0.0,0.0,0.0,0.0,0.0,0.0,0.0,0.0,0.03984,0.0,0.0,0.0,0.0
114,Jack Straw,Anonymous,1,207,1593,history,history,history,britdrama,Adult Professional;Professional,Adult Professional,7875,0.50616,0.0,0.0,0.0,0.0,0.49384,0.0,0.0,0.0,0.0,0.0,0.0,0.0,0.0,0.0,0.0,0.0,0.0,0.0,0.0,0.0,0.0,0.0,0.0,0.50616,0.0,0.0,0.0,0.0,0.0,0.0,0.0,0.0,0.0,0.0,0.0,0.0,0.0,0.0,0.0,0.0,0.0,0.0,0.0,0.0,0.0,0.0,0.0,0.0,0.0,0.0,0.0,0.0,0.0,0.0,0.0,0.0,0.0,0.0,0.0,0.0,0.0,0.0,0.0,0.0,0.0,0.0,0.0,0.0
398,King John,"Shakespeare, William",1,876,1623,history,history,history,britdrama,Adult Professional;Professional,Adult Professional,20419,0.55556,0.0,0.0,0.05005,0.0,0.39439,0.0,0.09535,0.0,0.0,0.0,0.0,0.0,0.0,0.0,0.0,0.27136,0.0,0.0,0.02419,0.0,0.0,0.0,0.0,0.0,0.0,0.0,0.0,0.0,0.0,0.0,0.0,0.0,0.0,0.0,0.0,0.0,0.098,0.0,0.0,0.0,0.0,0.0,0.0,0.0,0.0,0.02375,0.0,0.0,0.06709,0.0,0.0,0.0,0.0,0.0,0.0,0.0,0.0,0.0,0.02586,0.0,0.0,0.0,0.0,0.0,0.0,0.0,0.0,0.0
615,Mortimer His Fall,"Jonson, Ben",1,1171,1640,not in BritDrama,history,history,annals,Closet/Unacted;Professional,Closet/Unacted,555,0.0,0.0,0.0,0.0,0.0,1.0,0.0,0.0,0.0,0.0,0.0,0.0,0.0,0.0,0.0,0.0,0.0,0.0,0.0,0.0,0.0,0.0,0.0,0.0,0.0,0.0,0.0,0.0,0.0,0.0,0.0,0.0,0.0,0.0,0.0,0.0,0.0,0.0,0.0,0.0,0.0,0.0,0.0,0.0,0.0,0.0,0.0,0.0,0.0,0.0,0.0,0.0,0.0,0.0,0.0,0.0,0.0,0.0,0.0,0.0,0.0,0.0,0.0,0.0,0.0,0.0,0.0,0.0,0.0
141,Richard the Second,"Shakespeare, William",1,273,1597,tragedy; history,history,history,annals,Adult Professional;Professional,Adult Professional,20546,0.16777,0.0,0.12134,0.0,0.0,0.71089,0.0478,0.02346,0.0,0.0,0.0,0.0,0.0,0.0,0.0,0.0,0.0,0.0,0.0,0.0,0.0,0.0,0.0,0.0,0.0,0.0,0.0,0.0,0.0,0.0,0.0,0.0,0.0,0.0,0.0,0.0,0.0,0.0,0.0,0.0,0.0,0.0,0.0,0.0,0.07213,0.0,0.0,0.0,0.12134,0.0,0.0,0.0,0.0,0.0,0.0,0.0,0.0,0.0,0.02438,0.0,0.0,0.0,0.0,0.0,0.0,0.0,0.0,0.0,0.0
142,Richard the Third,"Shakespeare, William",1,287,1623,tragedy; history,history,history,annals,Adult Professional;Professional,Adult Professional,28137,0.33849,0.0,0.01759,0.0,0.0,0.64392,0.07158,0.05434,0.0,0.0,0.0,0.0,0.0,0.0,0.0166,0.0,0.0,0.0,0.0,0.0,0.03657,0.0,0.0,0.0,0.03561,0.0,0.0,0.0,0.0,0.0,0.0,0.0,0.0167,0.0,0.0,0.01759,0.0,0.0,0.0,0.0,0.0,0.0,0.0,0.0,0.03522,0.0,0.01781,0.0,0.0,0.03614,0.0,0.0,0.0,0.0,0.0,0.0,0.01791,0.0,0.0,0.0,0.0,0.0,0.0,0.0,0.0,0.0,0.0,0.0,0.0
274,The Conspiracy of Charles Duke of Byron,"Chapman, George",1,647,1608,history,tragedy,history,britdrama,Boys Professional;Professional,Boys Professional,16355,0.20917,0.0,0.0,0.0,0.0,0.79083,0.17738,0.0,0.0,0.0,0.0,0.0,0.0,0.0,0.0,0.0,0.0,0.0,0.0,0.0,0.0,0.0,0.0,0.0,0.0,0.0,0.0,0.0,0.0,0.0,0.0,0.03179,0.0,0.0,0.0,0.0,0.0,0.0,0.0,0.0,0.0,0.0,0.0,0.0,0.0,0.0,0.0,0.0,0.0,0.0,0.0,0.0,0.0,0.0,0.0,0.0,0.0,0.0,0.0,0.0,0.0,0.0,0.0,0.0,0.0,0.0,0.0,0.0,0.0
451,The Duchess of Suffolk,"Drue, Thomas",1,966,1631,history,history,history,britdrama,Adult Professional;Professional,Adult Professional,16252,0.51464,0.0,0.0,0.0,0.0,0.48536,0.51464,0.0,0.0,0.0,0.0,0.0,0.0,0.0,0.0,0.0,0.0,0.0,0.0,0.0,0.0,0.0,0.0,0.0,0.0,0.0,0.0,0.0,0.0,0.0,0.0,0.0,0.0,0.0,0.0,0.0,0.0,0.0,0.0,0.0,0.0,0.0,0.0,0.0,0.0,0.0,0.0,0.0,0.0,0.0,0.0,0.0,0.0,0.0,0.0,0.0,0.0,0.0,0.0,0.0,0.0,0.0,0.0,0.0,0.0,0.0,0.0,0.0,0.0
256,The Famous History of Sir Thomas Wyatt,"Heywood, ThomasDekker, ThomasChettle, HenryWebster, John",1,600,1607,history,history,history,britdrama,Adult Professional;Professional,Adult Professional,10780,0.27338,0.0,0.0,0.0,0.0,0.72662,0.0,0.1359,0.0,0.0,0.0,0.0,0.0,0.0,0.0,0.0,0.0,0.0,0.0,0.0,0.0,0.0,0.0,0.0,0.09174,0.0,0.0,0.0,0.0,0.0,0.0,0.0,0.0,0.0,0.0,0.0,0.0,0.0,0.0,0.0,0.0,0.0,0.0,0.0,0.0,0.0,0.0,0.0,0.0,0.04573,0.0,0.0,0.0,0.0,0.0,0.0,0.0,0.0,0.0,0.0,0.0,0.0,0.0,0.0,0.0,0.0,0.0,0.0,0.0
160,The Love of King David and Fair Bathsheba,"Peele, George",1,361,1599,biblical play; history,history,history,annals,Adult Professional;Professional,Adult Professional,14798,0.73618,0.0,0.0,0.0,0.0,0.26382,0.0,0.03528,0.0,0.0,0.0,0.70091,0.0,0.0,0.0,0.0,0.0,0.0,0.0,0.0,0.0,0.0,0.0,0.0,0.0,0.0,0.0,0.0,0.0,0.0,0.0,0.0,0.0,0.0,0.0,0.0,0.0,0.0,0.0,0.0,0.0,0.0,0.0,0.0,0.0,0.0,0.0,0.0,0.0,0.0,0.0,0.0,0.0,0.0,0.0,0.0,0.0,0.0,0.0,0.0,0.0,0.0,0.0,0.0,0.0,0.0,0.0,0.0,0.0
140,The Reign of King Edward the Third,"AnonymousShakespeare, William",1,271,1596,history,history,history,britdrama,Adult Professional;Professional,Adult Professional,19434,0.493,0.0,0.0,0.02619,0.0,0.48081,0.0,0.02743,0.0,0.0,0.0249,0.0,0.0,0.0,0.0,0.0,0.44067,0.0,0.0,0.0,0.0,0.0,0.0,0.0,0.0,0.0,0.0,0.0,0.0,0.0,0.0,0.0,0.0,0.0,0.0,0.0,0.0,0.0,0.0,0.0,0.0,0.0,0.0,0.0,0.0,0.0,0.0,0.0,0.0,0.0,0.0,0.0,0.0,0.0,0.02619,0.0,0.0,0.0,0.0,0.0,0.0,0.0,0.0,0.0,0.0,0.0,0.0,0.0,0.0
213,The True Chronicle of King Leir (King Lear and his Three Daughters),Anonymous,1,500,1605,history,history,history,britdrama,Adult Professional;Professional,Adult Professional,21026,0.11667,0.0,0.02207,0.0,0.0,0.86127,0.0,0.02297,0.0,0.0,0.0,0.0,0.0,0.0,0.0,0.0,0.0,0.02506,0.0,0.0,0.0,0.0,0.0,0.0,0.0,0.0,0.0,0.0,0.0,0.0,0.0,0.0,0.0,0.0,0.0,0.0,0.0,0.0,0.0,0.0,0.0,0.0,0.0,0.0,0.0,0.0,0.0,0.0,0.0,0.0,0.0,0.0,0.0,0.0,0.0,0.0,0.02335,0.04528,0.0,0.0,0.0,0.0,0.0,0.0,0.02207,0.0,0.0,0.0,0.0
126,The True Tragedy of Richard the Third,Anonymous,1,242,1594,tragedy; history,history,history,annals,Adult Professional;Professional,Adult Professional,19508,0.25272,0.0,0.0,0.02486,0.0,0.72242,0.0,0.0,0.0,0.0,0.0,0.0,0.0,0.0,0.0,0.0,0.0,0.0,0.0,0.0,0.0,0.0,0.0,0.0,0.14968,0.0,0.0,0.0,0.0,0.0,0.0,0.0,0.0,0.0,0.0,0.0,0.0,0.0,0.0,0.0,0.0,0.0,0.0,0.0,0.0,0.0,0.0,0.0,0.0,0.10303,0.0,0.0,0.0,0.0,0.0,0.0,0.0,0.0,0.0,0.02486,0.0,0.0,0.0,0.0,0.0,0.0,0.0,0.0,0.0
520,The Valiant Scot,"W., J.",1,1053,1637,history,tragedy,history,britdrama,Adult Professional;Professional,Adult Professional,15771,0.6862,0.0,0.0,0.0,0.0,0.3138,0.0,0.03189,0.0,0.0,0.0,0.0,0.0,0.0,0.0,0.0,0.0,0.0,0.0,0.0,0.0,0.0305,0.0,0.0,0.6238,0.0,0.0,0.0,0.0,0.0,0.0,0.0,0.0,0.0,0.0,0.0,0.0,0.0,0.0,0.0,0.0,0.0,0.0,0.0,0.0,0.0,0.0,0.0,0.0,0.0,0.0,0.0,0.0,0.0,0.0,0.0,0.0,0.0,0.0,0.0,0.0,0.0,0.0,0.0,0.0,0.0,0.0,0.0,0.0
327,The Valiant Welshman (Caradoc the Great),"A., R.",1,740,1615,history,history,history,britdrama,Adult Professional;Professional,Adult Professional,15773,0.37266,0.0,0.0,0.0,0.0,0.62734,0.0,0.0,0.06067,0.0,0.0,0.0,0.0,0.0,0.0,0.0,0.0,0.0,0.0,0.0,0.0,0.0,0.0,0.0,0.06219,0.0,0.0,0.0,0.0,0.0,0.0,0.0,0.0,0.0,0.0,0.0,0.0,0.0,0.0,0.0,0.0,0.0,0.0,0.0,0.05998,0.0,0.02954,0.0,0.0,0.0,0.0,0.0,0.0,0.0,0.0,0.0,0.0,0.0,0.03138,0.0,0.0,0.06391,0.06498,0.0,0.0,0.0,0.0,0.0,0.0
189,Thomas Lord Cromwell,"S., W.",1,431,1602,history,history,history,britdrama,Adult Professional;Professional,Adult Professional,13098,0.23271,0.0,0.0,0.0,0.0,0.76729,0.0,0.0,0.0,0.0,0.0,0.0,0.1546,0.0,0.0,0.0,0.03932,0.0,0.0,0.0,0.0,0.0,0.0,0.0,0.0,0.0,0.0,0.0,0.0,0.0,0.0,0.0,0.0,0.0,0.0,0.0,0.0,0.0,0.0,0.0,0.0,0.0,0.0,0.0,0.0,0.0,0.0,0.0,0.0,0.03878,0.0,0.0,0.0,0.0,0.0,0.0,0.0,0.0,0.0,0.0,0.0,0.0,0.0,0.0,0.0,0.0,0.0,0.0,0.0
212,When You See Me You Know Me (Henry the Eighth),"Rowley, Samuel",1,496,1605,history,history,history,britdrama,Adult Professional;Professional,Adult Professional,23719,0.52152,0.0,0.02104,0.04157,0.0,0.41587,0.0,0.0,0.0,0.0,0.0,0.0,0.02133,0.0,0.0,0.0,0.0,0.0,0.0,0.02087,0.02079,0.0,0.0,0.0,0.0,0.0,0.0,0.0,0.0,0.0,0.0,0.0,0.0,0.0,0.0,0.0,0.08276,0.35491,0.0,0.0,0.0,0.0,0.0,0.0,0.0207,0.0,0.0,0.0207,0.02104,0.02104,0.0,0.0,0.0,0.0,0.0,0.0,0.0,0.0,0.0,0.0,0.0,0.0,0.0,0.0,0.0,0.0,0.0,0.0,0.0
32,Robin Hood (Robin Hood and the Friar) (Robin Hood and the Potter),Anonymous,1,57,1590,romance; folk romance,interlude,interlude,annals,Nonprofessional;Interlude,Nonprofessional,1461,0.65298,0.0,0.0,0.0,0.0,0.34702,0.0,0.0,0.0,0.0,0.0,0.0,0.0,0.0,0.0,0.0,0.0,0.0,0.0,0.0,0.0,0.65298,0.0,0.0,0.0,0.0,0.0,0.0,0.0,0.0,0.0,0.0,0.0,0.0,0.0,0.0,0.0,0.0,0.0,0.0,0.0,0.0,0.0,0.0,0.0,0.0,0.0,0.0,0.0,0.0,0.0,0.0,0.0,0.0,0.0,0.0,0.0,0.0,0.0,0.0,0.0,0.0,0.0,0.0,0.0,0.0,0.0,0.0,0.0
453,Albion's Triumph,"Townshend, Aurelian",1,969,1631,masque,masque,masque,britdrama,Occasional;Nonprofessional,Occasional,1968,0.24593,0.0,0.0,0.0,0.0,0.75407,0.0,0.0,0.0,0.0,0.0,0.0,0.0,0.0,0.0,0.0,0.0,0.0,0.24593,0.0,0.0,0.0,0.0,0.0,0.0,0.0,0.0,0.0,0.0,0.0,0.0,0.0,0.0,0.0,0.0,0.0,0.0,0.0,0.0,0.0,0.0,0.0,0.0,0.0,0.0,0.0,0.0,0.0,0.0,0.0,0.0,0.0,0.0,0.0,0.0,0.0,0.0,0.0,0.0,0.0,0.0,0.0,0.0,0.0,0.0,0.0,0.0,0.0,0.0
526,Britannia Triumphans (Britain Triumphing),"Davenant, William",1,1061,1637,not in BritDrama,masque,masque,annals,Occasional;Nonprofessional,Occasional,3331,0.56079,0.0,0.0,0.30081,0.0,0.1384,0.0,0.0,0.0,0.0,0.0,0.1405,0.0,0.0,0.0,0.0,0.0,0.0,0.1444,0.30081,0.0,0.0,0.0,0.0,0.0,0.0,0.0,0.0,0.0,0.0,0.0,0.0,0.0,0.0,0.0,0.0,0.0,0.0,0.0,0.0,0.0,0.1369,0.0,0.0,0.0,0.0,0.0,0.0,0.0,0.0,0.0,0.0,0.0,0.0,0.0,0.0,0.0,0.0,0.0,0.0,0.0,0.0,0.139,0.0,0.0,0.0,0.0,0.0,0.0
452,Chloridia: Rites to Chloris and Her Nymphs,"Jonson, Ben",1,967,1631,masque,masque,masque,britdrama,Nonprofessional;Occasional,Nonprofessional,1186,1.0,0.0,0.0,0.0,0.0,0.0,0.0,0.0,0.0,0.0,0.0,0.0,0.0,0.0,0.0,0.0,0.0,0.0,0.3769,0.0,0.0,0.0,0.0,0.0,0.0,0.0,0.0,0.27572,0.0,0.0,0.0,0.0,0.34739,0.0,0.0,0.0,0.0,0.0,0.0,0.0,0.0,0.0,0.0,0.0,0.0,0.0,0.0,0.0,0.0,0.0,0.0,0.0,0.0,0.0,0.0,0.0,0.0,0.0,0.0,0.0,0.0,0.0,0.0,0.0,0.0,0.0,0.0,0.0,0.0
606,Christmas His Masque (Christmas His Show),"Jonson, Ben",1,1162,1641,masque,masque,masque,britdrama,Occasional;Nonprofessional,Occasional,1906,0.49843,0.0,0.0,0.0,0.0,0.50157,0.0,0.0,0.0,0.0,0.0,0.0,0.0,0.0,0.0,0.0,0.0,0.0,0.0,0.0,0.0,0.0,0.0,0.0,0.0,0.0,0.0,0.49843,0.0,0.0,0.0,0.0,0.0,0.0,0.0,0.0,0.0,0.0,0.0,0.0,0.0,0.0,0.0,0.0,0.0,0.0,0.0,0.0,0.0,0.0,0.0,0.0,0.0,0.0,0.0,0.0,0.0,0.0,0.0,0.0,0.0,0.0,0.0,0.0,0.0,0.0,0.0,0.0,0.0
496,Coelum Britannicum (The British Heaven),"Carew, Thomas",1,1022,1634,masque,masque,masque,britdrama,Occasional;Nonprofessional,Occasional,7553,0.20482,0.0,0.0,0.06474,0.0,0.73044,0.0,0.0,0.0,0.0,0.0,0.0,0.0,0.0,0.0,0.0,0.0,0.0,0.20482,0.0,0.0,0.0,0.0,0.0,0.0,0.06474,0.0,0.0,0.0,0.0,0.0,0.0,0.0,0.0,0.0,0.0,0.0,0.0,0.0,0.0,0.0,0.0,0.0,0.0,0.0,0.0,0.0,0.0,0.0,0.0,0.0,0.0,0.0,0.0,0.0,0.0,0.0,0.0,0.0,0.0,0.0,0.0,0.0,0.0,0.0,0.0,0.0,0.0,0.0
609,For the Honor of Wales,"Jonson, Ben",1,1165,1641,masque,masque,masque,britdrama,Occasional;Nonprofessional,Occasional,3274,0.0,0.0,0.0,0.0,0.0,1.0,0.0,0.0,0.0,0.0,0.0,0.0,0.0,0.0,0.0,0.0,0.0,0.0,0.0,0.0,0.0,0.0,0.0,0.0,0.0,0.0,0.0,0.0,0.0,0.0,0.0,0.0,0.0,0.0,0.0,0.0,0.0,0.0,0.0,0.0,0.0,0.0,0.0,0.0,0.0,0.0,0.0,0.0,0.0,0.0,0.0,0.0,0.0,0.0,0.0,0.0,0.0,0.0,0.0,0.0,0.0,0.0,0.0,0.0,0.0,0.0,0.0,0.0,0.0
237,"Hymenaei, or the Solemnities of Masque and Barriers at a Marriage (Truth versus Opinion)","Jonson, Ben",1,558,1606,masque,masque,masque,britdrama,Occasional;Nonprofessional,Occasional,4034,0.0,0.0,0.0,0.0,0.0,1.0,0.0,0.0,0.0,0.0,0.0,0.0,0.0,0.0,0.0,0.0,0.0,0.0,0.0,0.0,0.0,0.0,0.0,0.0,0.0,0.0,0.0,0.0,0.0,0.0,0.0,0.0,0.0,0.0,0.0,0.0,0.0,0.0,0.0,0.0,0.0,0.0,0.0,0.0,0.0,0.0,0.0,0.0,0.0,0.0,0.0,0.0,0.0,0.0,0.0,0.0,0.0,0.0,0.0,0.0,0.0,0.0,0.0,0.0,0.0,0.0,0.0,0.0,0.0
437,Love's Triumph Through Callipolis,"Jonson, Ben",1,949,1630,masque,masque,masque,britdrama,Occasional;Nonprofessional,Occasional,837,0.4994,0.0,0.0,0.0,0.0,0.5006,0.0,0.0,0.0,0.0,0.4994,0.0,0.0,0.0,0.0,0.0,0.0,0.0,0.0,0.0,0.0,0.0,0.0,0.0,0.0,0.0,0.0,0.0,0.0,0.0,0.0,0.0,0.0,0.0,0.0,0.0,0.0,0.0,0.0,0.0,0.0,0.0,0.0,0.0,0.0,0.0,0.0,0.0,0.0,0.0,0.0,0.0,0.0,0.0,0.0,0.0,0.0,0.0,0.0,0.0,0.0,0.0,0.0,0.0,0.0,0.0,0.0,0.0,0.0
350,Lovers Made Men (The Masque at Lord Hay's),"Jonson, Ben",1,789,1617,masque,masque,masque,britdrama,Occasional;Nonprofessional,Occasional,854,0.50117,0.0,0.0,0.0,0.0,0.49883,0.0,0.0,0.0,0.0,0.0,0.0,0.0,0.0,0.0,0.0,0.0,0.0,0.0,0.0,0.0,0.0,0.0,0.0,0.0,0.0,0.0,0.0,0.0,0.0,0.50117,0.0,0.0,0.0,0.0,0.0,0.0,0.0,0.0,0.0,0.0,0.0,0.0,0.0,0.0,0.0,0.0,0.0,0.0,0.0,0.0,0.0,0.0,0.0,0.0,0.0,0.0,0.0,0.0,0.0,0.0,0.0,0.0,0.0,0.0,0.0,0.0,0.0,0.0
527,"Luminalia, or The Festival of Light","Davenant, William",1,1062,1637,not in BritDrama,masque,masque,annals,Occasional;Nonprofessional,Occasional,1319,0.0,0.0,0.0,0.0,0.0,1.0,0.0,0.0,0.0,0.0,0.0,0.0,0.0,0.0,0.0,0.0,0.0,0.0,0.0,0.0,0.0,0.0,0.0,0.0,0.0,0.0,0.0,0.0,0.0,0.0,0.0,0.0,0.0,0.0,0.0,0.0,0.0,0.0,0.0,0.0,0.0,0.0,0.0,0.0,0.0,0.0,0.0,0.0,0.0,0.0,0.0,0.0,0.0,0.0,0.0,0.0,0.0,0.0,0.0,0.0,0.0,0.0,0.0,0.0,0.0,0.0,0.0,0.0,0.0
348,Mercury Vindicated from the Alchemists at Court,"Jonson, Ben",1,785,1616,masque,masque,masque,britdrama,Occasional;Nonprofessional,Occasional,2848,0.0,0.0,0.0,0.0,0.0,1.0,0.0,0.0,0.0,0.0,0.0,0.0,0.0,0.0,0.0,0.0,0.0,0.0,0.0,0.0,0.0,0.0,0.0,0.0,0.0,0.0,0.0,0.0,0.0,0.0,0.0,0.0,0.0,0.0,0.0,0.0,0.0,0.0,0.0,0.0,0.0,0.0,0.0,0.0,0.0,0.0,0.0,0.0,0.0,0.0,0.0,0.0,0.0,0.0,0.0,0.0,0.0,0.0,0.0,0.0,0.0,0.0,0.0,0.0,0.0,0.0,0.0,0.0,0.0
514,Microcosmus,"Nabbes, Thomas",1,1045,1637,masque,morality;masque,masque,britdrama,Occasional;Adult Professional;Professional,Occasional,10274,0.3322,0.0,0.0,0.0,0.0,0.6678,0.0,0.0,0.0,0.14172,0.0,0.0,0.0,0.0,0.0,0.0,0.0,0.0,0.0,0.0,0.0,0.0,0.14415,0.0,0.0,0.0,0.0,0.0,0.0,0.0,0.0,0.0,0.0,0.0,0.0,0.0,0.0,0.0,0.0,0.0,0.0,0.0,0.0,0.0,0.0,0.04633,0.0,0.0,0.0,0.0,0.0,0.0,0.0,0.0,0.0,0.0,0.0,0.0,0.0,0.0,0.0,0.0,0.0,0.0,0.0,0.0,0.0,0.0,0.0
407,Neptune's Triumph for the Return of Albion,"Jonson, Ben",1,894,1624,masque,masque,masque,britdrama,Occasional;Nonprofessional,Occasional,2134,0.75726,0.0,0.0,0.0,0.0,0.24274,0.0,0.0,0.0,0.0,0.0,0.0,0.0,0.0,0.0,0.0,0.0,0.0,0.75726,0.0,0.0,0.0,0.0,0.0,0.0,0.0,0.0,0.0,0.0,0.0,0.0,0.0,0.0,0.0,0.0,0.0,0.0,0.0,0.0,0.0,0.0,0.0,0.0,0.0,0.0,0.0,0.0,0.0,0.0,0.0,0.0,0.0,0.0,0.0,0.0,0.0,0.0,0.0,0.0,0.0,0.0,0.0,0.0,0.0,0.0,0.0,0.0,0.0,0.0
610,News from the New World Discovered in the Moon,"Jonson, Ben",1,1166,1641,masque,masque,masque,britdrama,Occasional;Nonprofessional,Occasional,2818,0.0,0.0,0.0,0.0,0.0,1.0,0.0,0.0,0.0,0.0,0.0,0.0,0.0,0.0,0.0,0.0,0.0,0.0,0.0,0.0,0.0,0.0,0.0,0.0,0.0,0.0,0.0,0.0,0.0,0.0,0.0,0.0,0.0,0.0,0.0,0.0,0.0,0.0,0.0,0.0,0.0,0.0,0.0,0.0,0.0,0.0,0.0,0.0,0.0,0.0,0.0,0.0,0.0,0.0,0.0,0.0,0.0,0.0,0.0,0.0,0.0,0.0,0.0,0.0,0.0,0.0,0.0,0.0,0.0
611,"Pan's Anniversary, or The Shepherds' Holiday","Jonson, Ben",1,1167,1641,pastoral; masque,masque,masque,annals,Occasional;Nonprofessional,Occasional,2024,1.0,0.0,0.0,0.0,0.0,0.0,0.0,0.0,0.0,0.0,0.0,0.0,0.0,0.0,0.0,0.0,0.0,0.0,0.0,0.0,0.0,0.0,0.0,0.0,0.0,0.0,0.0,0.0,1.0,0.0,0.0,0.0,0.0,0.0,0.0,0.0,0.0,0.0,0.0,0.0,0.0,0.0,0.0,0.0,0.0,0.0,0.0,0.0,0.0,0.0,0.0,0.0,0.0,0.0,0.0,0.0,0.0,0.0,0.0,0.0,0.0,0.0,0.0,0.0,0.0,0.0,0.0,0.0,0.0
608,Pleasure Reconciled to Virtue,"Jonson, Ben",1,1164,1641,masque,masque,masque,britdrama,Occasional;Nonprofessional,Occasional,2185,0.42838,0.0,0.0,0.23982,0.0,0.33181,0.0,0.0,0.0,0.0,0.0,0.0,0.0,0.0,0.0,0.0,0.0,0.0,0.0,0.0,0.0,0.0,0.0,0.0,0.0,0.23982,0.42838,0.0,0.0,0.0,0.0,0.0,0.0,0.0,0.0,0.0,0.0,0.0,0.0,0.0,0.0,0.0,0.0,0.0,0.0,0.0,0.0,0.0,0.0,0.0,0.0,0.0,0.0,0.0,0.0,0.0,0.0,0.0,0.0,0.0,0.0,0.0,0.0,0.0,0.0,0.0,0.0,0.0,0.0
571,Salmacida Spolia,"Davenant, William",1,1124,1639,not in BritDrama,masque,masque,annals,Occasional;Nonprofessional,Occasional,1271,0.0,0.0,0.0,0.0,0.0,1.0,0.0,0.0,0.0,0.0,0.0,0.0,0.0,0.0,0.0,0.0,0.0,0.0,0.0,0.0,0.0,0.0,0.0,0.0,0.0,0.0,0.0,0.0,0.0,0.0,0.0,0.0,0.0,0.0,0.0,0.0,0.0,0.0,0.0,0.0,0.0,0.0,0.0,0.0,0.0,0.0,0.0,0.0,0.0,0.0,0.0,0.0,0.0,0.0,0.0,0.0,0.0,0.0,0.0,0.0,0.0,0.0,0.0,0.0,0.0,0.0,0.0,0.0,0.0
454,Tempe Restored  (Tempe Restauratum),"Townshend, Aurelian",1,970,1631,masque,masque,masque,britdrama,Occasional;Nonprofessional,Occasional,964,0.47822,0.0,0.0,0.0,0.0,0.52178,0.0,0.0,0.0,0.0,0.0,0.0,0.0,0.0,0.0,0.0,0.0,0.0,0.47822,0.0,0.0,0.0,0.0,0.0,0.0,0.0,0.0,0.0,0.0,0.0,0.0,0.0,0.0,0.0,0.0,0.0,0.0,0.0,0.0,0.0,0.0,0.0,0.0,0.0,0.0,0.0,0.0,0.0,0.0,0.0,0.0,0.0,0.0,0.0,0.0,0.0,0.0,0.0,0.0,0.0,0.0,0.0,0.0,0.0,0.0,0.0,0.0,0.0,0.0
291,"Tethys' Festival, or The Queen's Wake (Tethyos Epinicia)","Daniel, Samuel",1,682,1610,masque,masque,masque,britdrama,Occasional;Nonprofessional,Occasional,1068,1.0,0.0,0.0,0.0,0.0,0.0,0.0,0.0,0.0,0.0,0.0,0.0,0.0,0.0,0.0,0.0,0.0,0.0,1.0,0.0,0.0,0.0,0.0,0.0,0.0,0.0,0.0,0.0,0.0,0.0,0.0,0.0,0.0,0.0,0.0,0.0,0.0,0.0,0.0,0.0,0.0,0.0,0.0,0.0,0.0,0.0,0.0,0.0,0.0,0.0,0.0,0.0,0.0,0.0,0.0,0.0,0.0,0.0,0.0,0.0,0.0,0.0,0.0,0.0,0.0,0.0,0.0,0.0,0.0
411,The Fortunate Isles and Their Union,"Jonson, Ben",1,901,1625,masque,masque,masque,britdrama,Occasional;Nonprofessional,Occasional,2995,0.50518,0.0,0.0,0.0,0.0,0.49482,0.0,0.0,0.0,0.0,0.0,0.0,0.0,0.0,0.0,0.0,0.0,0.0,0.33723,0.0,0.0,0.0,0.0,0.0,0.0,0.0,0.0,0.0,0.0,0.0,0.0,0.0,0.0,0.0,0.0,0.0,0.0,0.0,0.0,0.0,0.0,0.0,0.0,0.0,0.0,0.0,0.16795,0.0,0.0,0.0,0.0,0.0,0.0,0.0,0.0,0.0,0.0,0.0,0.0,0.0,0.0,0.0,0.0,0.0,0.0,0.0,0.0,0.0,0.0
349,The Golden Age Restored,"Jonson, Ben",1,787,1616,masque,masque,masque,britdrama,Occasional;Nonprofessional,Occasional,1348,1.0,0.0,0.0,0.0,0.0,0.0,0.0,0.0,0.0,0.0,0.0,0.0,0.0,0.0,0.0,0.0,0.0,0.0,1.0,0.0,0.0,0.0,0.0,0.0,0.0,0.0,0.0,0.0,0.0,0.0,0.0,0.0,0.0,0.0,0.0,0.0,0.0,0.0,0.0,0.0,0.0,0.0,0.0,0.0,0.0,0.0,0.0,0.0,0.0,0.0,0.0,0.0,0.0,0.0,0.0,0.0,0.0,0.0,0.0,0.0,0.0,0.0,0.0,0.0,0.0,0.0,0.0,0.0,0.0
585,The Gypsies Metamorphosed,"Jonson, Ben",1,1139,1641,masque,masque,masque,britdrama,Occasional;Nonprofessional,Occasional,8823,0.22566,0.0,0.0,0.10201,0.0,0.67233,0.0,0.0,0.0,0.0,0.0,0.0,0.0,0.0,0.0569,0.0,0.0,0.0,0.0,0.0,0.0,0.0,0.0,0.0,0.0,0.0,0.0,0.0,0.0,0.0,0.0,0.0,0.11391,0.0,0.0,0.0,0.05486,0.0,0.0,0.0,0.0,0.0,0.0,0.0,0.0,0.0,0.0,0.0,0.0,0.0,0.0,0.0,0.0,0.0,0.10201,0.0,0.0,0.0,0.0,0.0,0.0,0.0,0.0,0.0,0.0,0.0,0.0,0.0,0.0
358,"The Inner-Temple Masque, or The Masque of Heroes","Middleton, Thomas",1,806,1619,masque,masque,masque,britdrama,Occasional;Nonprofessional;University/Inns of Court,Occasional,2275,0.40352,0.0,0.0,0.0,0.0,0.59648,0.0,0.0,0.0,0.20264,0.0,0.0,0.0,0.0,0.0,0.0,0.0,0.0,0.0,0.0,0.0,0.0,0.0,0.0,0.0,0.0,0.0,0.0,0.0,0.0,0.0,0.0,0.0,0.0,0.0,0.0,0.0,0.0,0.0,0.0,0.0,0.0,0.0,0.0,0.0,0.0,0.0,0.0,0.0,0.0,0.0,0.0,0.0,0.0,0.0,0.0,0.0,0.0,0.20088,0.0,0.0,0.0,0.0,0.0,0.0,0.0,0.0,0.0,0.0
319,The Lord's Masque (Wedding Masque of Stars and Statues Made Human),"Campion, Thomas",1,728,1613,masque,masque;wedding masque,masque,britdrama,Occasional;Nonprofessional,Occasional,2153,0.49001,0.0,0.0,0.0,0.0,0.50999,0.0,0.0,0.0,0.0,0.0,0.0,0.0,0.0,0.0,0.0,0.0,0.0,0.24106,0.0,0.0,0.0,0.0,0.0,0.0,0.0,0.0,0.0,0.0,0.0,0.24895,0.0,0.0,0.0,0.0,0.0,0.0,0.0,0.0,0.0,0.0,0.0,0.0,0.0,0.0,0.0,0.0,0.0,0.0,0.0,0.0,0.0,0.0,0.0,0.0,0.0,0.0,0.0,0.0,0.0,0.0,0.0,0.0,0.0,0.0,0.0,0.0,0.0,0.0
271,The Masque at Lord Haddington's Marriage (The Hue and Cry after the Fugitive Cupid),"Jonson, Ben",1,638,1616,masque,masque;wedding masque,masque,britdrama,Occasional;Nonprofessional,Occasional,1800,0.24,0.0,0.0,0.0,0.0,0.76,0.0,0.0,0.0,0.0,0.0,0.0,0.0,0.24,0.0,0.0,0.0,0.0,0.0,0.0,0.0,0.0,0.0,0.0,0.0,0.0,0.0,0.0,0.0,0.0,0.0,0.0,0.0,0.0,0.0,0.0,0.0,0.0,0.0,0.0,0.0,0.0,0.0,0.0,0.0,0.0,0.0,0.0,0.0,0.0,0.0,0.0,0.0,0.0,0.0,0.0,0.0,0.0,0.0,0.0,0.0,0.0,0.0,0.0,0.0,0.0,0.0,0.0,0.0
238,The Masque at Lord Hay's Marriage (Apollo's Knights),"Campion, Thomas",1,561,1607,masque,masque;wedding masque,masque,britdrama,Occasional;Nonprofessional,Occasional,2468,0.20624,0.0,0.0,0.0,0.0,0.79376,0.0,0.0,0.0,0.0,0.0,0.0,0.0,0.0,0.0,0.0,0.0,0.0,0.0,0.0,0.0,0.0,0.0,0.0,0.0,0.0,0.0,0.0,0.0,0.0,0.20624,0.0,0.0,0.0,0.0,0.0,0.0,0.0,0.0,0.0,0.0,0.0,0.0,0.0,0.0,0.0,0.0,0.0,0.0,0.0,0.0,0.0,0.0,0.0,0.0,0.0,0.0,0.0,0.0,0.0,0.0,0.0,0.0,0.0,0.0,0.0,0.0,0.0,0.0
62,The Masque for Lord Montacute (The Montague Masque) (Wedding Masque of Venetians),"Gascoigne, George",1,110,1575,masque,masque;wedding masque,masque,britdrama,Occasional;Nonprofessional,Occasional,3977,0.0,0.0,0.0,0.0,0.0,1.0,0.0,0.0,0.0,0.0,0.0,0.0,0.0,0.0,0.0,0.0,0.0,0.0,0.0,0.0,0.0,0.0,0.0,0.0,0.0,0.0,0.0,0.0,0.0,0.0,0.0,0.0,0.0,0.0,0.0,0.0,0.0,0.0,0.0,0.0,0.0,0.0,0.0,0.0,0.0,0.0,0.0,0.0,0.0,0.0,0.0,0.0,0.0,0.0,0.0,0.0,0.0,0.0,0.0,0.0,0.0,0.0,0.0,0.0,0.0,0.0,0.0,0.0,0.0
381,The Masque of Augurs,"Jonson, Ben",1,847,1641,masque,masque,masque,britdrama,Occasional;Nonprofessional,Occasional,3115,0.48764,0.0,0.0,0.17079,0.0,0.34157,0.0,0.0,0.0,0.0,0.0,0.0,0.0,0.0,0.0,0.0,0.0,0.0,0.0,0.0,0.0,0.0,0.0,0.0,0.0,0.0,0.0,0.0,0.0,0.0,0.32841,0.0,0.0,0.0,0.0,0.0,0.0,0.0,0.0,0.0,0.0,0.0,0.0,0.0,0.0,0.0,0.0,0.17079,0.0,0.0,0.15923,0.0,0.0,0.0,0.0,0.0,0.0,0.0,0.0,0.0,0.0,0.0,0.0,0.0,0.0,0.0,0.0,0.0,0.0
270,The Masque of Beauty,"Jonson, Ben",1,634,1608,masque,masque,masque,britdrama,Occasional;Nonprofessional,Occasional,1516,1.0,0.0,0.0,0.0,0.0,0.0,0.0,0.0,0.0,0.0,0.35356,0.0,0.0,0.0,0.0,0.0,0.0,0.0,0.64644,0.0,0.0,0.0,0.0,0.0,0.0,0.0,0.0,0.0,0.0,0.0,0.0,0.0,0.0,0.0,0.0,0.0,0.0,0.0,0.0,0.0,0.0,0.0,0.0,0.0,0.0,0.0,0.0,0.0,0.0,0.0,0.0,0.0,0.0,0.0,0.0,0.0,0.0,0.0,0.0,0.0,0.0,0.0,0.0,0.0,0.0,0.0,0.0,0.0,0.0
269,The Masque of Blackness (The Twelfth Night's Revels),"Jonson, Ben",1,631,1608,masque,masque,masque,britdrama,Occasional;Nonprofessional,Occasional,1492,0.33311,0.0,0.0,0.0,0.0,0.66689,0.0,0.0,0.0,0.0,0.0,0.0,0.0,0.0,0.0,0.0,0.0,0.0,0.33311,0.0,0.0,0.0,0.0,0.0,0.0,0.0,0.0,0.0,0.0,0.0,0.0,0.0,0.0,0.0,0.0,0.0,0.0,0.0,0.0,0.0,0.0,0.0,0.0,0.0,0.0,0.0,0.0,0.0,0.0,0.0,0.0,0.0,0.0,0.0,0.0,0.0,0.0,0.0,0.0,0.0,0.0,0.0,0.0,0.0,0.0,0.0,0.0,0.0,0.0
280,The Masque of Queens,"Jonson, Ben",1,661,1616,masque,masque,masque,britdrama,Occasional;Nonprofessional,Occasional,1922,0.50624,0.0,0.0,0.23257,0.0,0.26119,0.0,0.0,0.0,0.0,0.0,0.0,0.0,0.0,0.0,0.0,0.0,0.0,0.0,0.0,0.0,0.0,0.0,0.0,0.0,0.23257,0.0,0.0,0.0,0.0,0.0,0.0,0.0,0.0,0.0,0.0,0.0,0.0,0.0,0.0,0.0,0.0,0.0,0.0,0.0,0.0,0.0,0.0,0.0,0.0,0.0,0.0,0.0,0.0,0.0,0.0,0.0,0.0,0.0,0.0,0.0,0.0,0.50624,0.0,0.0,0.0,0.0,0.0,0.0
309,The Masque of the Inner Temple and Gray's Inn (Wedding Masque of Olympian Knights),"Beaumont, Francis",1,712,1613,masque,masque,masque,britdrama,Occasional;Nonprofessional;University/Inns of Court,Occasional,1283,1.0,0.0,0.0,0.0,0.0,0.0,0.0,0.0,0.0,0.0,0.0,0.0,0.0,0.0,0.0,0.0,0.0,0.0,1.0,0.0,0.0,0.0,0.0,0.0,0.0,0.0,0.0,0.0,0.0,0.0,0.0,0.0,0.0,0.0,0.0,0.0,0.0,0.0,0.0,0.0,0.0,0.0,0.0,0.0,0.0,0.0,0.0,0.0,0.0,0.0,0.0,0.0,0.0,0.0,0.0,0.0,0.0,0.0,0.0,0.0,0.0,0.0,0.0,0.0,0.0,0.0,0.0,0.0,0.0
488,The Triumph of Peace,"Shirley, James",1,1012,1633,masque,masque,masque,britdrama,Occasional;Nonprofessional;University/Inns of Court,Occasional,2688,0.19568,0.0,0.0,0.0,0.0,0.80432,0.0,0.0,0.0,0.19568,0.0,0.0,0.0,0.0,0.0,0.0,0.0,0.0,0.0,0.0,0.0,0.0,0.0,0.0,0.0,0.0,0.0,0.0,0.0,0.0,0.0,0.0,0.0,0.0,0.0,0.0,0.0,0.0,0.0,0.0,0.0,0.0,0.0,0.0,0.0,0.0,0.0,0.0,0.0,0.0,0.0,0.0,0.0,0.0,0.0,0.0,0.0,0.0,0.0,0.0,0.0,0.0,0.0,0.0,0.0,0.0,0.0,0.0,0.0
502,The Triumphs of the Prince d'Amour,"Davenant, William",1,1031,1635,masque,masque,masque,britdrama,Occasional;Nonprofessional;University/Inns of Court,Occasional,1074,0.0,0.0,0.0,0.0,0.0,1.0,0.0,0.0,0.0,0.0,0.0,0.0,0.0,0.0,0.0,0.0,0.0,0.0,0.0,0.0,0.0,0.0,0.0,0.0,0.0,0.0,0.0,0.0,0.0,0.0,0.0,0.0,0.0,0.0,0.0,0.0,0.0,0.0,0.0,0.0,0.0,0.0,0.0,0.0,0.0,0.0,0.0,0.0,0.0,0.0,0.0,0.0,0.0,0.0,0.0,0.0,0.0,0.0,0.0,0.0,0.0,0.0,0.0,0.0,0.0,0.0,0.0,0.0,0.0
607,The Vision of Delight,"Jonson, Ben",1,1163,1641,masque,masque,masque,britdrama,Occasional;Nonprofessional,Occasional,1679,0.0,0.0,0.0,0.0,0.0,1.0,0.0,0.0,0.0,0.0,0.0,0.0,0.0,0.0,0.0,0.0,0.0,0.0,0.0,0.0,0.0,0.0,0.0,0.0,0.0,0.0,0.0,0.0,0.0,0.0,0.0,0.0,0.0,0.0,0.0,0.0,0.0,0.0,0.0,0.0,0.0,0.0,0.0,0.0,0.0,0.0,0.0,0.0,0.0,0.0,0.0,0.0,0.0,0.0,0.0,0.0,0.0,0.0,0.0,0.0,0.0,0.0,0.0,0.0,0.0,0.0,0.0,0.0,0.0
207,The Vision of the Twelve Goddesses (The Masque at Hampton Court),"Daniel, Samuel",1,486,1604,masque,masque,masque,britdrama,Occasional;Nonprofessional,Occasional,1458,0.32442,0.0,0.0,0.0,0.0,0.67558,0.0,0.0,0.0,0.0,0.0,0.0,0.0,0.0,0.0,0.0,0.0,0.0,0.32442,0.0,0.0,0.0,0.0,0.0,0.0,0.0,0.0,0.0,0.0,0.0,0.0,0.0,0.0,0.0,0.0,0.0,0.0,0.0,0.0,0.0,0.0,0.0,0.0,0.0,0.0,0.0,0.0,0.0,0.0,0.0,0.0,0.0,0.0,0.0,0.0,0.0,0.0,0.0,0.0,0.0,0.0,0.0,0.0,0.0,0.0,0.0,0.0,0.0,0.0
365,The World Tossed at Tennis,"Middleton, ThomasRowley, William",1,823,1620,masque,masque,masque,britdrama,Occasional;Adult Professional;Professional,Occasional,7942,0.36842,0.0,0.0,0.0,0.0,0.63158,0.0,0.0,0.0,0.0,0.0,0.05918,0.05943,0.0,0.06182,0.0,0.0,0.0,0.05943,0.0,0.0,0.0,0.0,0.0,0.0,0.0,0.0,0.0,0.0,0.0,0.0,0.0,0.0,0.0,0.0,0.0,0.0,0.0,0.0,0.0,0.0,0.0,0.0,0.0,0.0,0.06497,0.0,0.0,0.0,0.0,0.0,0.0,0.0,0.0,0.0,0.0,0.06359,0.0,0.0,0.0,0.0,0.0,0.0,0.0,0.0,0.0,0.0,0.0,0.0
385,Time Vindicated to Himself and to His Honors,"Jonson, Ben",1,852,1623,masque,masque,masque,britdrama,Occasional;Nonprofessional,Occasional,3121,0.50433,0.0,0.0,0.0,0.0,0.49567,0.0,0.0,0.0,0.0,0.0,0.0,0.0,0.0,0.0,0.16918,0.0,0.0,0.0,0.0,0.0,0.0,0.0,0.0,0.0,0.0,0.0,0.33515,0.0,0.0,0.0,0.0,0.0,0.0,0.0,0.0,0.0,0.0,0.0,0.0,0.0,0.0,0.0,0.0,0.0,0.0,0.0,0.0,0.0,0.0,0.0,0.0,0.0,0.0,0.0,0.0,0.0,0.0,0.0,0.0,0.0,0.0,0.0,0.0,0.0,0.0,0.0,0.0,0.0
115,A Knack to Know a Knave,Anonymous,1,209,1594,moral,comedy,moral,britdrama,Adult Professional;Professional,Adult Professional,16386,0.27414,0.0,0.0,0.06255,0.0,0.66331,0.0,0.031,0.0,0.0,0.03021,0.0,0.1522,0.0,0.0,0.0,0.0,0.0,0.0,0.0299,0.0,0.0,0.0,0.0,0.0,0.0,0.0,0.0,0.0,0.0,0.0,0.0,0.02984,0.0,0.0,0.0,0.0,0.0,0.0,0.0,0.0,0.0,0.0,0.0,0.0,0.0,0.0,0.0,0.0,0.0,0.0,0.0,0.0,0.03088,0.0,0.0,0.0,0.0,0.0,0.03265,0.0,0.0,0.0,0.0,0.0,0.0,0.0,0.0,0.0
118,A Looking Glass for London and England,"Lodge, ThomasGreene, Robert",1,216,1594,biblical play; moral,morality,moral,annals,Adult Professional;Professional,Adult Professional,19150,0.53687,0.0,0.0,0.05097,0.0,0.41217,0.0,0.0,0.0,0.0,0.0,0.26099,0.12695,0.02507,0.0,0.0,0.0,0.0,0.0,0.0,0.0,0.0,0.0,0.0,0.0,0.0,0.0,0.0,0.0,0.02376,0.0,0.0,0.05154,0.0,0.0,0.0,0.0,0.0,0.0,0.0,0.0,0.0,0.0,0.0,0.0,0.0,0.0,0.0,0.0,0.0,0.04856,0.0,0.0,0.0,0.0,0.0,0.0,0.0,0.0,0.02517,0.0,0.0,0.0,0.0258,0.0,0.0,0.0,0.0,0.0
38,Albion Knight,Anonymous,1,67,1566,moral,morality;interlude,moral,britdrama,Interlude;Nonprofessional,Interlude,2994,0.0,0.0,0.0,0.0,0.0,1.0,0.0,0.0,0.0,0.0,0.0,0.0,0.0,0.0,0.0,0.0,0.0,0.0,0.0,0.0,0.0,0.0,0.0,0.0,0.0,0.0,0.0,0.0,0.0,0.0,0.0,0.0,0.0,0.0,0.0,0.0,0.0,0.0,0.0,0.0,0.0,0.0,0.0,0.0,0.0,0.0,0.0,0.0,0.0,0.0,0.0,0.0,0.0,0.0,0.0,0.0,0.0,0.0,0.0,0.0,0.0,0.0,0.0,0.0,0.0,0.0,0.0,0.0,0.0
72,All for Money,"Lupton, Thomas",1,123,1578,moral,satire;morality,moral,britdrama,Interlude;Nonprofessional,Interlude,15709,0.56165,0.0,0.0,0.0,0.0,0.43835,0.0,0.0317,0.0,0.0,0.0,0.12515,0.03189,0.0,0.0,0.0,0.0,0.0,0.0,0.0,0.0,0.0,0.0,0.0,0.0,0.0,0.0,0.0,0.0,0.0,0.0,0.0,0.0,0.0,0.03151,0.0,0.0,0.0,0.0,0.0,0.0,0.0,0.0,0.3414,0.0,0.0,0.0,0.0,0.0,0.0,0.0,0.0,0.0,0.0,0.0,0.0,0.0,0.0,0.0,0.0,0.0,0.0,0.0,0.0,0.0,0.0,0.0,0.0,0.0
57,Enough Is as Good as a Feast,"Wager, William",1,99,1570,moral,morality,moral,britdrama,Interlude;Nonprofessional,Interlude,14409,0.51968,0.0,0.0,0.0,0.0,0.48032,0.0,0.0,0.0,0.03553,0.0,0.06801,0.0,0.0,0.0,0.0,0.0,0.0,0.0,0.0,0.0,0.0,0.0,0.0,0.0,0.0,0.0,0.0,0.0,0.0,0.0,0.0,0.07134,0.0,0.0,0.0,0.0,0.0,0.0,0.0,0.0,0.0,0.0,0.31022,0.0,0.0,0.03456,0.0,0.0,0.0,0.0,0.0,0.0,0.0,0.0,0.0,0.0,0.0,0.0,0.0,0.0,0.0,0.0,0.0,0.0,0.0,0.0,0.0,0.0
290,"Histriomastix, or The Player Whipped","Marston, John",1,681,1610,moral,comedy,moral,britdrama,Boys Professional;Professional,Boys Professional,12498,0.52088,0.0,0.0,0.15995,0.0,0.31917,0.0,0.0,0.0,0.0,0.0,0.0,0.03961,0.0,0.0,0.20083,0.0,0.0,0.0,0.0,0.0,0.0,0.04065,0.0,0.0,0.15995,0.0,0.0,0.0,0.0,0.0,0.0,0.0,0.0,0.0,0.0,0.0,0.0,0.0,0.0,0.0,0.08217,0.0,0.11682,0.0,0.0,0.0,0.0,0.0,0.0,0.04081,0.0,0.0,0.0,0.0,0.0,0.0,0.0,0.0,0.0,0.0,0.0,0.0,0.0,0.0,0.0,0.0,0.0,0.0
30,Impatient Poverty,Anonymous,1,53,1561,moral,morality;interlude,moral,britdrama,Interlude;Nonprofessional,Interlude,7149,0.49713,0.0,0.0,0.0,0.0,0.50287,0.0,0.0,0.0,0.0,0.0,0.21513,0.0,0.0,0.0,0.0,0.0,0.0,0.0,0.0,0.0,0.0,0.0,0.0,0.0,0.0,0.0,0.0,0.0,0.0,0.0,0.0,0.0,0.0,0.0,0.0,0.0,0.0,0.0,0.0,0.0,0.0,0.0,0.1403,0.0,0.07176,0.0,0.0,0.0,0.0,0.0,0.0,0.0,0.06994,0.0,0.0,0.0,0.0,0.0,0.0,0.0,0.0,0.0,0.0,0.0,0.0,0.0,0.0,0.0
50,Like Will to Like (Quoth the Devil to the Collier),"Fulwell, Ulpian",1,89,1587,moral,morality;interlude,moral,britdrama,Interlude;Nonprofessional,Interlude,11525,0.3941,0.0,0.0,0.13033,0.0,0.47557,0.0,0.0,0.0,0.0,0.0,0.0,0.0,0.0,0.0,0.0,0.0,0.0,0.0,0.0,0.0,0.0,0.0,0.0,0.0,0.13033,0.0,0.0,0.0,0.0,0.0,0.0,0.08954,0.0,0.0,0.0,0.0,0.0,0.0,0.0,0.0,0.0,0.0,0.0,0.0,0.0,0.0,0.0,0.0,0.0,0.0,0.0,0.0,0.30456,0.0,0.0,0.0,0.0,0.0,0.0,0.0,0.0,0.0,0.0,0.0,0.0,0.0,0.0,0.0
239,"Lingua, or The Combat of the Tongue and the Five Senses for Superiority","Tomkis, Thomas",1,562,1607,comedy; allegory,morality,moral,annals,University/Inns of Court;Nonprofessional,University/Inns of Court,25502,0.17732,0.0,0.0,0.09686,0.0,0.72583,0.0,0.0,0.0,0.02016,0.0,0.0,0.0,0.01949,0.0,0.04055,0.0,0.0,0.0,0.0,0.0,0.0,0.0,0.0,0.0,0.0,0.05909,0.0,0.0,0.0,0.01917,0.0,0.0,0.0,0.0,0.0,0.0,0.0,0.0,0.0,0.0,0.01886,0.0,0.0,0.0,0.0,0.0,0.01937,0.0,0.0,0.0,0.0,0.0,0.0,0.0,0.0,0.0,0.0,0.0,0.07748,0.0,0.0,0.0,0.0,0.0,0.0,0.0,0.0,0.0
41,Lusty Juventus,"Wever, R.",1,74,1565,moral,morality,moral,britdrama,Interlude;Nonprofessional,Interlude,9224,0.54597,0.0,0.0,0.0,0.0,0.45403,0.0,0.0,0.0,0.0,0.0,0.54597,0.0,0.0,0.0,0.0,0.0,0.0,0.0,0.0,0.0,0.0,0.0,0.0,0.0,0.0,0.0,0.0,0.0,0.0,0.0,0.0,0.0,0.0,0.0,0.0,0.0,0.0,0.0,0.0,0.0,0.0,0.0,0.0,0.0,0.0,0.0,0.0,0.0,0.0,0.0,0.0,0.0,0.0,0.0,0.0,0.0,0.0,0.0,0.0,0.0,0.0,0.0,0.0,0.0,0.0,0.0,0.0,0.0
31,Nice Wanton,Anonymous,1,54,1560,moral,morality,moral,britdrama,Interlude;Nonprofessional,Interlude,4720,0.5072,0.0,0.0,0.0,0.0,0.4928,0.0,0.20445,0.0,0.0,0.0,0.0,0.0,0.0,0.0,0.0,0.0,0.0,0.0,0.0,0.0,0.0,0.0,0.0,0.0,0.0,0.0,0.0,0.0,0.0,0.0,0.0,0.0,0.0,0.0,0.0,0.0,0.0,0.0,0.0,0.0,0.0,0.0,0.0,0.0,0.0,0.0,0.0,0.0,0.0,0.0,0.0,0.0,0.20212,0.0,0.0,0.0,0.10064,0.0,0.0,0.0,0.0,0.0,0.0,0.0,0.0,0.0,0.0,0.0
124,The Cobbler's Prophecy,"Wilson, Robert",1,238,1594,moral,comedy,moral,britdrama,Adult Professional;Professional,Adult Professional,11913,0.666,0.0,0.0,0.0,0.0,0.334,0.1239,0.0,0.0,0.0,0.0,0.0,0.0,0.0,0.0,0.04315,0.0,0.0,0.33056,0.0,0.0,0.0,0.0,0.0,0.0,0.0,0.0,0.04138,0.0,0.0,0.0,0.0,0.0,0.0,0.0,0.0,0.0,0.0,0.0,0.0,0.0,0.0,0.0418,0.0,0.0,0.04256,0.0,0.0,0.0,0.0,0.0,0.0,0.0,0.0,0.0,0.0,0.0,0.0,0.0,0.0,0.0,0.0,0.0,0.0,0.0,0.0,0.0,0.0,0.04264
78,The Conflict of Conscience,"Woodes, Nathaniel",1,131,1581,moral,morality,moral,britdrama,Interlude;Nonprofessional,Interlude,20549,0.81488,0.0,0.0,0.0,0.0,0.18512,0.0,0.0,0.0,0.0,0.0,0.71755,0.0,0.0,0.0,0.0,0.0,0.0,0.0,0.0,0.0,0.0,0.0,0.0,0.0,0.0,0.0,0.0,0.0,0.0,0.0,0.0,0.0,0.0,0.0,0.0,0.0,0.02399,0.0,0.0,0.0,0.0,0.0,0.05022,0.0,0.02312,0.0,0.0,0.0,0.0,0.0,0.0,0.0,0.0,0.0,0.0,0.0,0.0,0.0,0.0,0.0,0.0,0.0,0.0,0.0,0.0,0.0,0.0,0.0
190,The Contention between Liberality and Prodigality,Anonymous,1,433,1602,moral,morality;interlude,moral,britdrama,Boys Professional;Professional,Boys Professional,9779,0.20247,0.0,0.0,0.26628,0.0,0.53124,0.0,0.05502,0.0,0.05123,0.0,0.0,0.0,0.0,0.0,0.0,0.0,0.0,0.0,0.0,0.0,0.0,0.0,0.0,0.0,0.26628,0.0,0.0,0.0,0.0,0.0,0.0,0.0,0.0,0.0,0.0,0.0,0.0,0.0,0.0,0.0,0.0,0.0,0.0,0.0,0.0,0.0,0.0,0.0,0.0,0.0453,0.0,0.0,0.05093,0.0,0.0,0.0,0.0,0.0,0.0,0.0,0.0,0.0,0.0,0.0,0.0,0.0,0.0,0.0
473,The Contention for Honor and Riches,"Shirley, James",1,995,1633,moral,morality,moral,britdrama,Private;Nonprofessional,Private,5574,0.09634,0.0,0.0,0.0,0.0,0.90366,0.0,0.0,0.0,0.0,0.0,0.0,0.0,0.0,0.0,0.0,0.0,0.0,0.0,0.0,0.0,0.0,0.09634,0.0,0.0,0.0,0.0,0.0,0.0,0.0,0.0,0.0,0.0,0.0,0.0,0.0,0.0,0.0,0.0,0.0,0.0,0.0,0.0,0.0,0.0,0.0,0.0,0.0,0.0,0.0,0.0,0.0,0.0,0.0,0.0,0.0,0.0,0.0,0.0,0.0,0.0,0.0,0.0,0.0,0.0,0.0,0.0,0.0,0.0
54,The Disobedient Child,"Ingelend, Thomas",1,94,1570,moral,interlude,moral,britdrama,Interlude;Nonprofessional,Interlude,12045,0.27995,0.0,0.0,0.0,0.0,0.72005,0.0,0.0,0.0,0.0,0.0,0.0,0.0,0.0,0.0,0.0,0.0,0.0,0.0,0.0,0.0,0.0,0.0,0.0,0.0,0.0,0.0,0.0,0.0,0.0,0.0,0.0,0.0,0.0,0.12262,0.0,0.0,0.0,0.0,0.0,0.0,0.0,0.0,0.0,0.0,0.0,0.0,0.0,0.0,0.0,0.0,0.0,0.0,0.0,0.0,0.0,0.0,0.15733,0.0,0.0,0.0,0.0,0.0,0.0,0.0,0.0,0.0,0.0,0.0
47,The Life and Repentance of Mary Magdalene,"Wager, Lewis",1,84,1566,moral,interlude;biblical play,moral,britdrama,Interlude;Nonprofessional,Interlude,18705,0.502,0.0,0.0,0.05287,0.0,0.44512,0.0,0.0,0.0,0.0,0.0,0.502,0.0,0.0,0.0,0.0,0.0,0.0,0.0,0.0,0.0,0.0,0.0,0.0,0.0,0.05287,0.0,0.0,0.0,0.0,0.0,0.0,0.0,0.0,0.0,0.0,0.0,0.0,0.0,0.0,0.0,0.0,0.0,0.0,0.0,0.0,0.0,0.0,0.0,0.0,0.0,0.0,0.0,0.0,0.0,0.0,0.0,0.0,0.0,0.0,0.0,0.0,0.0,0.0,0.0,0.0,0.0,0.0,0.0
55,The Marriage of Wit and Science,Anonymous,1,95,1570,moral,morality;interlude,moral,britdrama,Interlude;Nonprofessional;Boys Nonprofessional/School;,Interlude,11038,0.13173,0.0,0.0,0.18165,0.0,0.68663,0.0,0.0,0.0,0.0,0.0,0.0,0.0,0.0,0.0,0.0,0.0,0.0,0.0,0.04512,0.0,0.0,0.0,0.0,0.0,0.04602,0.0,0.0,0.0,0.0,0.0,0.0,0.0,0.0,0.0443,0.0,0.0,0.0,0.0,0.04267,0.0,0.0,0.0,0.0,0.0,0.0,0.0,0.0,0.0,0.0,0.0,0.0,0.04475,0.0,0.09051,0.0,0.0,0.0,0.0,0.0,0.0,0.0,0.0,0.0,0.0,0.0,0.0,0.0,0.0
76.5,The Most Virtuous and Godly Susanna,"Garter, Thomas",1,129,1578,moral,morality;interlude,moral,britdrama,Interlude;Nonprofessional,Interlude,14586,0.27595,0.0,0.0,0.0,0.0,0.72405,0.0,0.09968,0.0,0.0349,0.03544,0.07075,0.0,0.0,0.0,0.0,0.0,0.0,0.0,0.0,0.0,0.0,0.0,0.0,0.0,0.0,0.0,0.0,0.0,0.0,0.0,0.0,0.03517,0.0,0.0,0.0,0.0,0.0,0.0,0.0,0.0,0.0,0.0,0.0,0.0,0.0,0.0,0.0,0.0,0.0,0.0,0.0,0.0,0.0,0.0,0.0,0.0,0.0,0.0,0.0,0.0,0.0,0.0,0.0,0.0,0.0,0.0,0.0,0.0
547,The Muses' Looking Glass,"Randolph, Thomas",1,1087,1638,moral,comedy,moral,britdrama,Boys Professional;Professional,Boys Professional,18895,0.16295,0.0,0.0,0.16428,0.0,0.67277,0.0,0.0,0.0,0.0,0.0,0.0263,0.0,0.0,0.0,0.02683,0.0,0.0,0.0,0.0,0.0,0.0,0.02699,0.0,0.0,0.16428,0.0,0.0,0.0,0.02741,0.05541,0.0,0.0,0.0,0.0,0.0,0.0,0.0,0.0,0.0,0.0,0.0,0.0,0.0,0.0,0.0,0.0,0.0,0.0,0.0,0.0,0.0,0.0,0.0,0.0,0.0,0.0,0.0,0.0,0.0,0.0,0.0,0.0,0.0,0.0,0.0,0.0,0.0,0.0
134,The Pedlar's Prophecy,Anonymous,1,261,1595,moral,morality,moral,britdrama,Interlude;Nonprofessional,Interlude,13562,0.37472,0.0,0.0,0.03517,0.0,0.5901,0.0,0.0,0.0,0.0,0.0,0.26596,0.0,0.0,0.0,0.0,0.0,0.0,0.03657,0.0,0.0,0.0,0.0,0.0,0.0,0.0,0.0,0.0,0.0,0.0,0.0,0.0,0.0,0.0,0.0,0.0,0.0,0.0,0.0,0.03598,0.0,0.0,0.0,0.0,0.0,0.0,0.0,0.0,0.0,0.0,0.0,0.0,0.0,0.0,0.0,0.0,0.0,0.0362,0.0,0.0,0.0,0.0,0.0,0.03517,0.0,0.0,0.0,0.0,0.0
4,The Summoning of Everyman,Anonymous,1,9,1534,not in BritDrama,morality,moral,annals,Interlude;Nonprofessional,Interlude,6820,0.789,0.0,0.0,0.0,0.0,0.211,0.0,0.0,0.0,0.0,0.0,0.789,0.0,0.0,0.0,0.0,0.0,0.0,0.0,0.0,0.0,0.0,0.0,0.0,0.0,0.0,0.0,0.0,0.0,0.0,0.0,0.0,0.0,0.0,0.0,0.0,0.0,0.0,0.0,0.0,0.0,0.0,0.0,0.0,0.0,0.0,0.0,0.0,0.0,0.0,0.0,0.0,0.0,0.0,0.0,0.0,0.0,0.0,0.0,0.0,0.0,0.0,0.0,0.0,0.0,0.0,0.0,0.0,0.0
85,The Three Ladies of London,"Wilson, Robert",1,146,1592,moral,morality,moral,britdrama,Adult Professional;Professional,Adult Professional,18417,0.65548,0.0,0.0,0.0,0.0,0.34452,0.0,0.0,0.0,0.0,0.0,0.0,0.05484,0.0,0.0,0.0,0.0,0.0,0.0,0.0,0.0,0.0,0.0,0.0,0.0,0.0,0.0,0.0,0.0,0.0,0.0,0.0,0.0,0.02595,0.0,0.0,0.02764,0.0,0.0,0.0,0.0,0.0,0.0,0.0,0.0,0.54705,0.0,0.0,0.0,0.0,0.0,0.0,0.0,0.0,0.0,0.0,0.0,0.0,0.0,0.0,0.0,0.0,0.0,0.0,0.0,0.0,0.0,0.0,0.0
24,"The Three Laws of Nature, Moses, and Christ, Corrupted by the Sodomites, Pharisees, and Papists","Bale, John",1,40,1548,moral,morality,moral,britdrama,Interlude;Nonprofessional,Interlude,15015,0.9342,0.0,0.0,0.0,0.0,0.0658,0.0,0.0,0.0,0.0,0.0,0.7356,0.0,0.0,0.0,0.0,0.0,0.0,0.0,0.0,0.0,0.0,0.0,0.0,0.0,0.0,0.0,0.0,0.0,0.0,0.0,0.0,0.03437,0.0,0.0329,0.0,0.0,0.13134,0.0,0.0,0.0,0.0,0.0,0.0,0.0,0.0,0.0,0.0,0.0,0.0,0.0,0.0,0.0,0.0,0.0,0.0,0.0,0.0,0.0,0.0,0.0,0.0,0.0,0.0,0.0,0.0,0.0,0.0,0.0
93,The Three Lords and Three Ladies of London,"Wilson, Robert",1,155,1590,moral,morality,moral,britdrama,Adult Professional;Professional,Adult Professional,20157,0.53594,0.0,0.0,0.0,0.0,0.46406,0.0,0.0,0.0,0.0,0.0,0.0,0.05105,0.0,0.0,0.0,0.0,0.0,0.0,0.0,0.0,0.0,0.0,0.0,0.0,0.0,0.0,0.0,0.0,0.0,0.0,0.0,0.0,0.0,0.0,0.0,0.0,0.0,0.0,0.0,0.0,0.0,0.0,0.0252,0.0,0.45969,0.0,0.0,0.0,0.0,0.0,0.0,0.0,0.0,0.0,0.0,0.0,0.0,0.0,0.0,0.0,0.0,0.0,0.0,0.0,0.0,0.0,0.0,0.0
70,The Tide Tarrieth No Man,"Wapull, George",1,121,1576,moral,morality,moral,britdrama,Interlude;Nonprofessional,Interlude,14851,0.36509,0.0,0.0,0.03333,0.0,0.60158,0.0,0.03501,0.0,0.0,0.0,0.03124,0.13467,0.0,0.0,0.0,0.0,0.0,0.0,0.0,0.0,0.0,0.03414,0.0,0.0,0.0,0.0,0.0,0.0,0.0,0.0,0.0,0.0,0.0,0.0,0.0,0.0,0.0,0.0,0.03306,0.0,0.03239,0.0,0.03246,0.0,0.0,0.0,0.0,0.0,0.0,0.0,0.0,0.0,0.03212,0.0,0.0,0.0,0.0,0.0,0.0,0.0,0.0,0.0,0.03333,0.0,0.0,0.0,0.0,0.0
49,The Trial of Treasure,"Wager, William",1,86,1567,moral,morality;interlude,moral,britdrama,Interlude;Nonprofessional,Interlude,9378,0.05289,0.0,0.0,0.0,0.0,0.94711,0.0,0.0,0.0,0.0,0.0,0.0,0.0,0.0,0.0,0.0,0.0,0.0,0.0,0.0,0.0,0.0,0.0,0.0,0.0,0.0,0.0,0.0,0.0,0.0,0.0,0.0,0.0,0.0,0.0,0.0,0.0,0.0,0.0,0.0,0.0,0.0,0.0,0.05289,0.0,0.0,0.0,0.0,0.0,0.0,0.0,0.0,0.0,0.0,0.0,0.0,0.0,0.0,0.0,0.0,0.0,0.0,0.0,0.0,0.0,0.0,0.0,0.0,0.0
27,Wealth and Health,Anonymous,1,45,1565,moral,morality;interlude,moral,britdrama,Interlude;Nonprofessional,Interlude,7630,0.80079,0.0,0.0,0.0,0.0,0.19921,0.0,0.0,0.0,0.0,0.0,0.0,0.0,0.0,0.0,0.0,0.0,0.0,0.0,0.0,0.0,0.0,0.0,0.0,0.0,0.0,0.0,0.0,0.0,0.0,0.0,0.0,0.0,0.0,0.0,0.0,0.0,0.0,0.0,0.0,0.0,0.0,0.0,0.73932,0.0,0.0,0.0,0.0,0.0,0.0,0.0,0.0,0.0,0.06147,0.0,0.0,0.0,0.0,0.0,0.0,0.0,0.0,0.0,0.0,0.0,0.0,0.0,0.0,0.0
8,1 Gentleness and Nobility,"Rastell, John",1,13,1525,not in BritDrama,dialogue,other/multi,none,Interlude;Nonprofessional,Interlude,3664,0.0,0.0,0.0,0.0,0.0,1.0,0.0,0.0,0.0,0.0,0.0,0.0,0.0,0.0,0.0,0.0,0.0,0.0,0.0,0.0,0.0,0.0,0.0,0.0,0.0,0.0,0.0,0.0,0.0,0.0,0.0,0.0,0.0,0.0,0.0,0.0,0.0,0.0,0.0,0.0,0.0,0.0,0.0,0.0,0.0,0.0,0.0,0.0,0.0,0.0,0.0,0.0,0.0,0.0,0.0,0.0,0.0,0.0,0.0,0.0,0.0,0.0,0.0,0.0,0.0,0.0,0.0,0.0,0.0
17,1 Nature,"Medwall, Henry",1,27,1530,not in BritDrama,morality;interlude,other/multi,none,Interlude;Nonprofessional,Interlude,10259,0.04757,0.0,0.0,0.0,0.0,0.95243,0.0,0.0,0.0,0.0,0.0,0.04757,0.0,0.0,0.0,0.0,0.0,0.0,0.0,0.0,0.0,0.0,0.0,0.0,0.0,0.0,0.0,0.0,0.0,0.0,0.0,0.0,0.0,0.0,0.0,0.0,0.0,0.0,0.0,0.0,0.0,0.0,0.0,0.0,0.0,0.0,0.0,0.0,0.0,0.0,0.0,0.0,0.0,0.0,0.0,0.0,0.0,0.0,0.0,0.0,0.0,0.0,0.0,0.0,0.0,0.0,0.0,0.0,0.0
593,1 Saint Patrick for Ireland,"Shirley, James",1,1147,1640,not in BritDrama,,other/multi,none,Adult Professional;Professional,Adult Professional,16730,0.17663,0.0,0.0,0.0,0.0,0.82337,0.0,0.06055,0.0,0.0,0.0,0.0,0.0,0.0,0.0,0.02971,0.0,0.0,0.0,0.0,0.02917,0.0,0.0,0.0,0.0,0.0,0.0,0.0,0.0,0.0,0.0,0.0,0.02845,0.0,0.0,0.0,0.0,0.0,0.0,0.0,0.0,0.0,0.0,0.0,0.02875,0.0,0.0,0.0,0.0,0.0,0.0,0.0,0.0,0.0,0.0,0.0,0.0,0.0,0.0,0.0,0.0,0.0,0.0,0.0,0.0,0.0,0.0,0.0,0.0
9,2 Gentleness and Nobility,"Rastell, John",1,14,1525,not in BritDrama,dialogue,other/multi,none,Interlude;Nonprofessional,Interlude,5394,0.0,0.0,0.0,0.0,0.0,1.0,0.0,0.0,0.0,0.0,0.0,0.0,0.0,0.0,0.0,0.0,0.0,0.0,0.0,0.0,0.0,0.0,0.0,0.0,0.0,0.0,0.0,0.0,0.0,0.0,0.0,0.0,0.0,0.0,0.0,0.0,0.0,0.0,0.0,0.0,0.0,0.0,0.0,0.0,0.0,0.0,0.0,0.0,0.0,0.0,0.0,0.0,0.0,0.0,0.0,0.0,0.0,0.0,0.0,0.0,0.0,0.0,0.0,0.0,0.0,0.0,0.0,0.0,0.0
18,2 Nature,"Medwall, Henry",1,28,1530,not in BritDrama,morality;interlude,other/multi,none,Interlude;Nonprofessional,Interlude,8287,0.23615,0.0,0.0,0.0,0.0,0.76385,0.0,0.0,0.0,0.05587,0.0,0.06094,0.0,0.0,0.0,0.0,0.0,0.0,0.0,0.0,0.0,0.0,0.0,0.0,0.0,0.0,0.0,0.0,0.0,0.0,0.0,0.0,0.0,0.0,0.06166,0.0,0.0,0.0,0.0,0.0,0.0,0.0,0.0,0.0,0.0,0.0,0.0,0.0,0.0,0.0,0.0,0.0,0.05768,0.0,0.0,0.0,0.0,0.0,0.0,0.0,0.0,0.0,0.0,0.0,0.0,0.0,0.0,0.0,0.0
326,"A Merry Dialogue between Band, Cuff, and Ruff",Anonymous,1,738,1615,entertainment; academic entertainment,comedy;dialogue,other/multi,none,University/Inns of Court;Nonprofessional,University/Inns of Court,1597,0.0,0.0,0.0,0.0,0.0,1.0,0.0,0.0,0.0,0.0,0.0,0.0,0.0,0.0,0.0,0.0,0.0,0.0,0.0,0.0,0.0,0.0,0.0,0.0,0.0,0.0,0.0,0.0,0.0,0.0,0.0,0.0,0.0,0.0,0.0,0.0,0.0,0.0,0.0,0.0,0.0,0.0,0.0,0.0,0.0,0.0,0.0,0.0,0.0,0.0,0.0,0.0,0.0,0.0,0.0,0.0,0.0,0.0,0.0,0.0,0.0,0.0,0.0,0.0,0.0,0.0,0.0,0.0,0.0
16,A Play of Love,"Heywood, John",1,25,1534,not in BritDrama,disputation,other/multi,none,University/Inns of Court;Nonprofessional,University/Inns of Court,12985,0.31236,0.0,0.0,0.0,0.0,0.68764,0.0,0.0,0.0,0.0,0.31236,0.0,0.0,0.0,0.0,0.0,0.0,0.0,0.0,0.0,0.0,0.0,0.0,0.0,0.0,0.0,0.0,0.0,0.0,0.0,0.0,0.0,0.0,0.0,0.0,0.0,0.0,0.0,0.0,0.0,0.0,0.0,0.0,0.0,0.0,0.0,0.0,0.0,0.0,0.0,0.0,0.0,0.0,0.0,0.0,0.0,0.0,0.0,0.0,0.0,0.0,0.0,0.0,0.0,0.0,0.0,0.0,0.0,0.0
541,Aglaura,"Suckling, John",1,1078,1638,not in BritDrama,tragicomedy;tragedy,other/multi,none,Adult Professional;Professional,Adult Professional,14846,0.3964,0.0,0.0,0.0,0.0,0.6036,0.0,0.0652,0.0,0.0,0.09962,0.0,0.0,0.0,0.0,0.03354,0.0,0.0,0.0,0.0,0.1657,0.0,0.0,0.0,0.0,0.0,0.0,0.0,0.0,0.0,0.0,0.0,0.0,0.0,0.0,0.0,0.0,0.0,0.0,0.0,0.0,0.0,0.0,0.0,0.0,0.0,0.0,0.0,0.0,0.0,0.0,0.0,0.0,0.0,0.0,0.0,0.03233,0.0,0.0,0.0,0.0,0.0,0.0,0.0,0.0,0.0,0.0,0.0,0.0
564,Albertus Wallenstein,"Glapthorne, Henry",1,1113,1639,not in BritDrama,history;foreign history,other/multi,none,Adult Professional;Professional,Adult Professional,10648,0.28747,0.0,0.0,0.05015,0.0,0.66238,0.0,0.09429,0.0,0.0,0.04959,0.0,0.0,0.0,0.0,0.0,0.0,0.04733,0.0,0.0,0.0,0.0,0.0,0.0,0.0,0.0,0.0,0.0,0.0,0.0,0.0,0.0,0.0,0.0,0.0,0.0,0.0,0.0,0.0,0.0,0.0,0.0,0.0,0.0,0.0,0.0,0.0,0.0,0.0,0.0,0.0,0.0,0.0,0.0,0.05015,0.0,0.04987,0.0,0.0,0.0,0.0,0.0,0.0,0.0,0.0,0.0,0.04639,0.0,0.0
529,Apollo and Daphne,"Heywood, Thomas",1,1064,1637,classical legend or myth,dialogue,other/multi,none,Closet/Unacted;Nonprofessional,Closet/Unacted,3385,0.41388,0.0,0.0,0.0,0.0,0.58612,0.0,0.0,0.0,0.0,0.27445,0.0,0.0,0.0,0.0,0.0,0.0,0.0,0.0,0.0,0.0,0.0,0.0,0.0,0.0,0.0,0.0,0.0,0.0,0.0,0.13944,0.0,0.0,0.0,0.0,0.0,0.0,0.0,0.0,0.0,0.0,0.0,0.0,0.0,0.0,0.0,0.0,0.0,0.0,0.0,0.0,0.0,0.0,0.0,0.0,0.0,0.0,0.0,0.0,0.0,0.0,0.0,0.0,0.0,0.0,0.0,0.0,0.0,0.0
208,Arches of Triumph (The Royal Entry of King James I into London),"Dekker, ThomasJonson, BenMiddleton, ThomasHarrison, StephenRuytinck, SimonCool, JacobThorius, Raphael",1,489,1604,entertainment; royal entertainment or entry,entertainment,other/multi,none,Occasional;Nonprofessional,Occasional,3342,0.17714,0.0,0.0,0.0,0.0,0.82286,0.0,0.0,0.0,0.0,0.0,0.0,0.0,0.0,0.0,0.0,0.0,0.0,0.17714,0.0,0.0,0.0,0.0,0.0,0.0,0.0,0.0,0.0,0.0,0.0,0.0,0.0,0.0,0.0,0.0,0.0,0.0,0.0,0.0,0.0,0.0,0.0,0.0,0.0,0.0,0.0,0.0,0.0,0.0,0.0,0.0,0.0,0.0,0.0,0.0,0.0,0.0,0.0,0.0,0.0,0.0,0.0,0.0,0.0,0.0,0.0,0.0,0.0,0.0
419,Britannia's Honor,"Dekker, Thomas",1,913,1628,civic play; pageant,civic pageant,other/multi,none,Occasional;Nonprofessional,Occasional,1562,0.0,0.0,0.0,0.0,0.0,1.0,0.0,0.0,0.0,0.0,0.0,0.0,0.0,0.0,0.0,0.0,0.0,0.0,0.0,0.0,0.0,0.0,0.0,0.0,0.0,0.0,0.0,0.0,0.0,0.0,0.0,0.0,0.0,0.0,0.0,0.0,0.0,0.0,0.0,0.0,0.0,0.0,0.0,0.0,0.0,0.0,0.0,0.0,0.0,0.0,0.0,0.0,0.0,0.0,0.0,0.0,0.0,0.0,0.0,0.0,0.0,0.0,0.0,0.0,0.0,0.0,0.0,0.0,0.0
288,Chester's Triumph (St George's Day Entertainment),"Amory, RobertDavies, Richard",1,679,1610,civic play; pageant,entertainment,other/multi,none,Occasional;Nonprofessional,Occasional,3334,0.28524,0.0,0.0,0.14847,0.0,0.56629,0.0,0.0,0.14157,0.0,0.0,0.0,0.0,0.0,0.0,0.0,0.0,0.0,0.14367,0.0,0.0,0.0,0.0,0.0,0.0,0.14847,0.0,0.0,0.0,0.0,0.0,0.0,0.0,0.0,0.0,0.0,0.0,0.0,0.0,0.0,0.0,0.0,0.0,0.0,0.0,0.0,0.0,0.0,0.0,0.0,0.0,0.0,0.0,0.0,0.0,0.0,0.0,0.0,0.0,0.0,0.0,0.0,0.0,0.0,0.0,0.0,0.0,0.0,0.0
295,Chruso-Thriambos: The Triumphs of Gold,"Munday, Anthony",1,688,1611,civic play; pageant,civic pageant,other/multi,none,Occasional;Nonprofessional,Occasional,2797,0.0,0.0,0.0,0.0,0.0,1.0,0.0,0.0,0.0,0.0,0.0,0.0,0.0,0.0,0.0,0.0,0.0,0.0,0.0,0.0,0.0,0.0,0.0,0.0,0.0,0.0,0.0,0.0,0.0,0.0,0.0,0.0,0.0,0.0,0.0,0.0,0.0,0.0,0.0,0.0,0.0,0.0,0.0,0.0,0.0,0.0,0.0,0.0,0.0,0.0,0.0,0.0,0.0,0.0,0.0,0.0,0.0,0.0,0.0,0.0,0.0,0.0,0.0,0.0,0.0,0.0,0.0,0.0,0.0
335,"Chrysanaleia: The Golden Fishing, or Honor of Fishmongers","Munday, Anthony",1,761,1616,civic play; pageant,civic pageant,other/multi,none,Occasional;Nonprofessional,Occasional,1410,0.0,0.0,0.0,0.0,0.0,1.0,0.0,0.0,0.0,0.0,0.0,0.0,0.0,0.0,0.0,0.0,0.0,0.0,0.0,0.0,0.0,0.0,0.0,0.0,0.0,0.0,0.0,0.0,0.0,0.0,0.0,0.0,0.0,0.0,0.0,0.0,0.0,0.0,0.0,0.0,0.0,0.0,0.0,0.0,0.0,0.0,0.0,0.0,0.0,0.0,0.0,0.0,0.0,0.0,0.0,0.0,0.0,0.0,0.0,0.0,0.0,0.0,0.0,0.0,0.0,0.0,0.0,0.0,0.0
338,"Civitatis Amor (Water Pageant for Prince Charles: London and Neptune, Hope and Peace)","Middleton, Thomas",1,766,1616,entertainment; royal entertainment or entry,entertainment,other/multi,none,Occasional;Nonprofessional,Occasional,626,0.0,0.0,0.0,0.0,0.0,1.0,0.0,0.0,0.0,0.0,0.0,0.0,0.0,0.0,0.0,0.0,0.0,0.0,0.0,0.0,0.0,0.0,0.0,0.0,0.0,0.0,0.0,0.0,0.0,0.0,0.0,0.0,0.0,0.0,0.0,0.0,0.0,0.0,0.0,0.0,0.0,0.0,0.0,0.0,0.0,0.0,0.0,0.0,0.0,0.0,0.0,0.0,0.0,0.0,0.0,0.0,0.0,0.0,0.0,0.0,0.0,0.0,0.0,0.0,0.0,0.0,0.0,0.0,0.0
524,Comus (The Masque at Ludlow Castle),"Milton, John",1,1057,1637,pastoral; masque,masque;morality,other/multi,none,Occasional;Nonprofessional,Occasional,7464,0.60182,0.0,0.0,0.0,0.0,0.39818,0.0,0.0,0.0,0.0,0.06927,0.0,0.0,0.0,0.0,0.0,0.0,0.06819,0.0,0.0,0.0,0.0,0.0,0.0,0.0,0.0,0.0,0.0,0.13692,0.0,0.0,0.0,0.0,0.0,0.0,0.0,0.0,0.0,0.0,0.0,0.0,0.0,0.0,0.0,0.0,0.0,0.0,0.0,0.0,0.0,0.0,0.0,0.0,0.0,0.0,0.0,0.0,0.0,0.0,0.0,0.0,0.0,0.32744,0.0,0.0,0.0,0.0,0.0,0.0
100,Descensus Astraeae (The Descent of Astraea),"Peele, George",1,169,1591,civic play; pageant,civic pageant,other/multi,none,Occasional;Nonprofessional,Occasional,1068,0.0,0.0,0.0,0.0,0.0,1.0,0.0,0.0,0.0,0.0,0.0,0.0,0.0,0.0,0.0,0.0,0.0,0.0,0.0,0.0,0.0,0.0,0.0,0.0,0.0,0.0,0.0,0.0,0.0,0.0,0.0,0.0,0.0,0.0,0.0,0.0,0.0,0.0,0.0,0.0,0.0,0.0,0.0,0.0,0.0,0.0,0.0,0.0,0.0,0.0,0.0,0.0,0.0,0.0,0.0,0.0,0.0,0.0,0.0,0.0,0.0,0.0,0.0,0.0,0.0,0.0,0.0,0.0,0.0
322,Himatia-Poleos: The Triumphs of Old Drapery,"Munday, Anthony",1,731,1614,civic play; pageant,civic pageant,other/multi,none,Occasional;Nonprofessional,Occasional,1362,0.0,0.0,0.0,0.0,0.0,1.0,0.0,0.0,0.0,0.0,0.0,0.0,0.0,0.0,0.0,0.0,0.0,0.0,0.0,0.0,0.0,0.0,0.0,0.0,0.0,0.0,0.0,0.0,0.0,0.0,0.0,0.0,0.0,0.0,0.0,0.0,0.0,0.0,0.0,0.0,0.0,0.0,0.0,0.0,0.0,0.0,0.0,0.0,0.0,0.0,0.0,0.0,0.0,0.0,0.0,0.0,0.0,0.0,0.0,0.0,0.0,0.0,0.0,0.0,0.0,0.0,0.0,0.0,0.0
51,Jacob and Esau,"Udall, Nicholas",1,91,1568,biblical play,interlude;biblical play,other/multi,none,Interlude;Nonprofessional,Interlude,16867,0.40653,0.0,0.0,0.0,0.0,0.59347,0.0,0.0,0.0,0.0,0.0,0.05941,0.0,0.0,0.0,0.0,0.0,0.0,0.0,0.0,0.0,0.0,0.0,0.0,0.0,0.0,0.0,0.0,0.0,0.0,0.0,0.0,0.0,0.0,0.0,0.0,0.0,0.0,0.0,0.0,0.0,0.0,0.0,0.0,0.0,0.0,0.02947,0.0,0.0,0.0,0.0,0.0,0.0,0.0,0.0,0.0,0.0,0.31766,0.0,0.0,0.0,0.0,0.0,0.0,0.0,0.0,0.0,0.0,0.0
528,Jupiter and Io,"Heywood, Thomas",1,1063,1637,classical legend or myth,dialogue,other/multi,none,Closet/Unacted;Nonprofessional,Closet/Unacted,5173,0.63136,0.0,0.0,0.0,0.0,0.36864,0.0,0.0,0.0,0.0,0.0,0.0,0.0,0.0,0.0,0.0,0.0,0.0,0.45003,0.0,0.0,0.0,0.0,0.0,0.0,0.0,0.0,0.0,0.18133,0.0,0.0,0.0,0.0,0.0,0.0,0.0,0.0,0.0,0.0,0.0,0.0,0.0,0.0,0.0,0.0,0.0,0.0,0.0,0.0,0.0,0.0,0.0,0.0,0.0,0.0,0.0,0.0,0.0,0.0,0.0,0.0,0.0,0.0,0.0,0.0,0.0,0.0,0.0,0.0
466,"Londini Artium et Scientiarum Scaturigo, or London's Fountain of Arts and Sciences","Heywood, Thomas",1,984,1632,civic play; pageant,civic pageant,other/multi,none,Occasional;Nonprofessional,Occasional,1689,0.0,0.0,0.0,0.33393,0.0,0.66607,0.0,0.0,0.0,0.0,0.0,0.0,0.0,0.0,0.0,0.0,0.0,0.0,0.0,0.0,0.0,0.0,0.0,0.0,0.0,0.33393,0.0,0.0,0.0,0.0,0.0,0.0,0.0,0.0,0.0,0.0,0.0,0.0,0.0,0.0,0.0,0.0,0.0,0.0,0.0,0.0,0.0,0.0,0.0,0.0,0.0,0.0,0.0,0.0,0.0,0.0,0.0,0.0,0.0,0.0,0.0,0.0,0.0,0.0,0.0,0.0,0.0,0.0,0.0
483,Londini Emporia (London's Markets),"Heywood, Thomas",1,1006,1633,civic play; pageant,civic pageant,other/multi,none,Occasional;Nonprofessional,Occasional,1636,0.0,0.0,0.0,0.29829,0.0,0.70171,0.0,0.0,0.0,0.0,0.0,0.0,0.0,0.0,0.0,0.0,0.0,0.0,0.0,0.0,0.0,0.0,0.0,0.0,0.0,0.29829,0.0,0.0,0.0,0.0,0.0,0.0,0.0,0.0,0.0,0.0,0.0,0.0,0.0,0.0,0.0,0.0,0.0,0.0,0.0,0.0,0.0,0.0,0.0,0.0,0.0,0.0,0.0,0.0,0.0,0.0,0.0,0.0,0.0,0.0,0.0,0.0,0.0,0.0,0.0,0.0,0.0,0.0,0.0
522,"Londini Speculum, or London's Mirror","Heywood, Thomas",1,1055,1637,not in BritDrama,civic pageant,other/multi,none,Occasional;Nonprofessional,Occasional,1391,0.32638,0.0,0.0,0.0,0.0,0.67362,0.0,0.0,0.0,0.0,0.0,0.0,0.0,0.0,0.0,0.0,0.0,0.0,0.32638,0.0,0.0,0.0,0.0,0.0,0.0,0.0,0.0,0.0,0.0,0.0,0.0,0.0,0.0,0.0,0.0,0.0,0.0,0.0,0.0,0.0,0.0,0.0,0.0,0.0,0.0,0.0,0.0,0.0,0.0,0.0,0.0,0.0,0.0,0.0,0.0,0.0,0.0,0.0,0.0,0.0,0.0,0.0,0.0,0.0,0.0,0.0,0.0,0.0,0.0
566,"Londini Status Pacatus, or London's Peaceable Estate","Heywood, Thomas",1,1116,1639,not in BritDrama,civic pageant,other/multi,none,Occasional;Nonprofessional,Occasional,1914,0.0,0.0,0.0,0.0,0.0,1.0,0.0,0.0,0.0,0.0,0.0,0.0,0.0,0.0,0.0,0.0,0.0,0.0,0.0,0.0,0.0,0.0,0.0,0.0,0.0,0.0,0.0,0.0,0.0,0.0,0.0,0.0,0.0,0.0,0.0,0.0,0.0,0.0,0.0,0.0,0.0,0.0,0.0,0.0,0.0,0.0,0.0,0.0,0.0,0.0,0.0,0.0,0.0,0.0,0.0,0.0,0.0,0.0,0.0,0.0,0.0,0.0,0.0,0.0,0.0,0.0,0.0,0.0,0.0
448,London's Ius Honorarium (London's Law of Honor),"Heywood, Thomas",1,963,1631,civic play; pageant,civic pageant,other/multi,none,Occasional;Nonprofessional,Occasional,1556,0.33676,0.0,0.0,0.32198,0.0,0.34126,0.0,0.0,0.0,0.0,0.0,0.0,0.0,0.33676,0.0,0.0,0.0,0.0,0.0,0.0,0.0,0.0,0.0,0.0,0.0,0.32198,0.0,0.0,0.0,0.0,0.0,0.0,0.0,0.0,0.0,0.0,0.0,0.0,0.0,0.0,0.0,0.0,0.0,0.0,0.0,0.0,0.0,0.0,0.0,0.0,0.0,0.0,0.0,0.0,0.0,0.0,0.0,0.0,0.0,0.0,0.0,0.0,0.0,0.0,0.0,0.0,0.0,0.0,0.0
289,London's Love to Prince Henry (Water Pageant of Corinea and Amphion),"Munday, Anthony",1,680,1610,entertainment; royal entertainment or entry,entertainment,other/multi,none,Occasional;Nonprofessional,Occasional,434,0.0,0.0,0.0,0.0,0.0,1.0,0.0,0.0,0.0,0.0,0.0,0.0,0.0,0.0,0.0,0.0,0.0,0.0,0.0,0.0,0.0,0.0,0.0,0.0,0.0,0.0,0.0,0.0,0.0,0.0,0.0,0.0,0.0,0.0,0.0,0.0,0.0,0.0,0.0,0.0,0.0,0.0,0.0,0.0,0.0,0.0,0.0,0.0,0.0,0.0,0.0,0.0,0.0,0.0,0.0,0.0,0.0,0.0,0.0,0.0,0.0,0.0,0.0,0.0,0.0,0.0,0.0,0.0,0.0
421,"London's Tempe, or The Field of Happiness","Dekker, Thomas",1,915,1629,civic play; pageant,civic pageant,other/multi,none,Occasional;Nonprofessional,Occasional,1493,0.31949,0.0,0.0,0.0,0.0,0.68051,0.0,0.0,0.0,0.0,0.0,0.0,0.0,0.0,0.0,0.0,0.0,0.0,0.31949,0.0,0.0,0.0,0.0,0.0,0.0,0.0,0.0,0.0,0.0,0.0,0.0,0.0,0.0,0.0,0.0,0.0,0.0,0.0,0.0,0.0,0.0,0.0,0.0,0.0,0.0,0.0,0.0,0.0,0.0,0.0,0.0,0.0,0.0,0.0,0.0,0.0,0.0,0.0,0.0,0.0,0.0,0.0,0.0,0.0,0.0,0.0,0.0,0.0,0.0
332,Metropolis Coronata: The Triumphs of Ancient Drapery,"Munday, Anthony",1,750,1615,civic play; pageant,civic pageant,other/multi,none,Occasional;Nonprofessional,Occasional,1757,0.46557,0.0,0.0,0.0,0.0,0.53443,0.0,0.0,0.0,0.0,0.0,0.0,0.0,0.0,0.0,0.0,0.0,0.0,0.0,0.0,0.0,0.23335,0.0,0.0,0.23221,0.0,0.0,0.0,0.0,0.0,0.0,0.0,0.0,0.0,0.0,0.0,0.0,0.0,0.0,0.0,0.0,0.0,0.0,0.0,0.0,0.0,0.0,0.0,0.0,0.0,0.0,0.0,0.0,0.0,0.0,0.0,0.0,0.0,0.0,0.0,0.0,0.0,0.0,0.0,0.0,0.0,0.0,0.0,0.0
409,Monuments of Honor,"Webster, John",1,898,1624,civic play; pageant,civic pageant,other/multi,none,Occasional;Nonprofessional,Occasional,1061,0.0,0.0,0.0,0.0,0.0,1.0,0.0,0.0,0.0,0.0,0.0,0.0,0.0,0.0,0.0,0.0,0.0,0.0,0.0,0.0,0.0,0.0,0.0,0.0,0.0,0.0,0.0,0.0,0.0,0.0,0.0,0.0,0.0,0.0,0.0,0.0,0.0,0.0,0.0,0.0,0.0,0.0,0.0,0.0,0.0,0.0,0.0,0.0,0.0,0.0,0.0,0.0,0.0,0.0,0.0,0.0,0.0,0.0,0.0,0.0,0.0,0.0,0.0,0.0,0.0,0.0,0.0,0.0,0.0
229,Nobody and Somebody,Anonymous,1,540,1606,history; satire,history;pseudo-history,other/multi,none,Adult Professional;Professional,Adult Professional,15510,0.03308,0.0,0.0,0.16119,0.0,0.80574,0.0,0.0,0.0,0.0,0.0,0.0,0.0,0.0,0.0,0.0,0.0,0.0,0.0,0.0,0.0,0.0,0.0,0.0,0.0,0.0,0.0,0.0,0.0,0.0,0.0,0.0,0.0,0.0,0.0,0.0,0.0,0.0,0.0,0.0,0.0,0.0,0.0,0.0,0.03308,0.0,0.0,0.0,0.0,0.0,0.0,0.0,0.0,0.0,0.0,0.0,0.0,0.0,0.0,0.16119,0.0,0.0,0.0,0.0,0.0,0.0,0.0,0.0,0.0
546,"Porta Pietatis, or The Port or Harbor of Piety","Heywood, Thomas",1,1086,1638,not in BritDrama,civic pageant,other/multi,none,Occasional;Nonprofessional,Occasional,1562,0.36044,0.0,0.0,0.31882,0.0,0.32074,0.0,0.0,0.0,0.0,0.0,0.0,0.0,0.0,0.0,0.0,0.0,0.0,0.36044,0.0,0.0,0.0,0.0,0.0,0.0,0.31882,0.0,0.0,0.0,0.0,0.0,0.0,0.0,0.0,0.0,0.0,0.0,0.0,0.0,0.0,0.0,0.0,0.0,0.0,0.0,0.0,0.0,0.0,0.0,0.0,0.0,0.0,0.0,0.0,0.0,0.0,0.0,0.0,0.0,0.0,0.0,0.0,0.0,0.0,0.0,0.0,0.0,0.0,0.0
342,Prince Henry's Barriers  (The Lady of the Lake) (Merlin and Meliadus),"Jonson, Ben",1,773,1616,entertainment; tournament,entertainment,other/multi,none,Occasional;Nonprofessional,Occasional,274,0.0,0.0,0.0,0.0,0.0,1.0,0.0,0.0,0.0,0.0,0.0,0.0,0.0,0.0,0.0,0.0,0.0,0.0,0.0,0.0,0.0,0.0,0.0,0.0,0.0,0.0,0.0,0.0,0.0,0.0,0.0,0.0,0.0,0.0,0.0,0.0,0.0,0.0,0.0,0.0,0.0,0.0,0.0,0.0,0.0,0.0,0.0,0.0,0.0,0.0,0.0,0.0,0.0,0.0,0.0,0.0,0.0,0.0,0.0,0.0,0.0,0.0,0.0,0.0,0.0,0.0,0.0,0.0,0.0
355,"Siderothriambos, or Steel and Iron Triumphing","Munday, Anthony",1,797,1618,civic play; pageant,civic pageant,other/multi,none,Occasional;Nonprofessional,Occasional,707,0.0,0.0,0.0,0.0,0.0,1.0,0.0,0.0,0.0,0.0,0.0,0.0,0.0,0.0,0.0,0.0,0.0,0.0,0.0,0.0,0.0,0.0,0.0,0.0,0.0,0.0,0.0,0.0,0.0,0.0,0.0,0.0,0.0,0.0,0.0,0.0,0.0,0.0,0.0,0.0,0.0,0.0,0.0,0.0,0.0,0.0,0.0,0.0,0.0,0.0,0.0,0.0,0.0,0.0,0.0,0.0,0.0,0.0,0.0,0.0,0.0,0.0,0.0,0.0,0.0,0.0,0.0,0.0,0.0
366,"Tes Irenes Trophaea, or The Triumphs of Peace","Squire, John",1,824,1620,civic play; pageant,civic pageant,other/multi,none,Occasional;Nonprofessional,Occasional,1188,0.49832,0.0,0.0,0.0,0.0,0.50168,0.0,0.0,0.0,0.0,0.0,0.0,0.0,0.0,0.0,0.0,0.0,0.0,0.49832,0.0,0.0,0.0,0.0,0.0,0.0,0.0,0.0,0.0,0.0,0.0,0.0,0.0,0.0,0.0,0.0,0.0,0.0,0.0,0.0,0.0,0.0,0.0,0.0,0.0,0.0,0.0,0.0,0.0,0.0,0.0,0.0,0.0,0.0,0.0,0.0,0.0,0.0,0.0,0.0,0.0,0.0,0.0,0.0,0.0,0.0,0.0,0.0,0.0,0.0
10,The Beauty and Good Properties of Women (Calisto and Melebea) (Celestina),"Rastell, John",1,15,1525,not in BritDrama,interlude;romance,other/multi,none,Interlude;Nonprofessional,Interlude,8968,0.10682,0.0,0.0,0.05553,0.0,0.83764,0.0,0.05219,0.0,0.0,0.05464,0.0,0.0,0.0,0.0,0.0,0.0,0.0,0.0,0.05553,0.0,0.0,0.0,0.0,0.0,0.0,0.0,0.0,0.0,0.0,0.0,0.0,0.0,0.0,0.0,0.0,0.0,0.0,0.0,0.0,0.0,0.0,0.0,0.0,0.0,0.0,0.0,0.0,0.0,0.0,0.0,0.0,0.0,0.0,0.0,0.0,0.0,0.0,0.0,0.0,0.0,0.0,0.0,0.0,0.0,0.0,0.0,0.0,0.0
313,The Brazen Age (The Age of Brass),"Heywood, Thomas",1,719,1613,classical legend or myth,classical legend,other/multi,none,Adult Professional;Professional,Adult Professional,19987,0.60014,0.0,0.0,0.0,0.0,0.39986,0.0,0.0,0.0,0.0,0.0,0.0,0.0,0.0,0.0,0.0,0.0,0.0,0.07645,0.0,0.0,0.0,0.0,0.0,0.0,0.0,0.44624,0.0,0.0,0.0,0.04953,0.0,0.0,0.0,0.0,0.0,0.0,0.0,0.0,0.0,0.0,0.0,0.0,0.0,0.0,0.0,0.0,0.0,0.0,0.0,0.0,0.0,0.0,0.0,0.0,0.0,0.0,0.0,0.0,0.0,0.0,0.0,0.02792,0.0,0.0,0.0,0.0,0.0,0.0
576,The Bride,"Nabbes, Thomas",1,1129,1640,not in BritDrama,,other/multi,none,Boys Professional;Professional,Boys Professional,15298,0.3858,0.0,0.0,0.0,0.0,0.6142,0.0,0.09524,0.0,0.09812,0.0,0.0,0.0,0.0,0.0,0.0,0.0,0.03255,0.0,0.0,0.0,0.0,0.0,0.0,0.0,0.0,0.0,0.0,0.0,0.03138,0.0,0.0,0.0,0.03223,0.03216,0.0,0.0,0.0,0.0,0.0,0.0,0.0,0.0,0.0,0.0,0.0,0.0,0.0,0.0,0.0,0.0,0.0,0.0319,0.0,0.0,0.0,0.0,0.03223,0.0,0.0,0.0,0.0,0.0,0.0,0.0,0.0,0.0,0.0,0.0
22,The Chief Promises of God unto Man (God's Promises),"Bale, John",1,37,1547,biblical play,mystery,other/multi,none,Interlude;Nonprofessional,Interlude,8487,0.87722,0.0,0.0,0.0,0.0,0.12278,0.0,0.0,0.0,0.0,0.0,0.87722,0.0,0.0,0.0,0.0,0.0,0.0,0.0,0.0,0.0,0.0,0.0,0.0,0.0,0.0,0.0,0.0,0.0,0.0,0.0,0.0,0.0,0.0,0.0,0.0,0.0,0.0,0.0,0.0,0.0,0.0,0.0,0.0,0.0,0.0,0.0,0.0,0.0,0.0,0.0,0.0,0.0,0.0,0.0,0.0,0.0,0.0,0.0,0.0,0.0,0.0,0.0,0.0,0.0,0.0,0.0,0.0,0.0
432,The Conceited Pedlar (The University Pedlar),"Randolph, Thomas",1,941,1630,entertainment; academic entertainment,monologue,other/multi,none,University/Inns of Court;Nonprofessional,University/Inns of Court,3717,0.0,0.0,0.0,0.0,0.0,1.0,0.0,0.0,0.0,0.0,0.0,0.0,0.0,0.0,0.0,0.0,0.0,0.0,0.0,0.0,0.0,0.0,0.0,0.0,0.0,0.0,0.0,0.0,0.0,0.0,0.0,0.0,0.0,0.0,0.0,0.0,0.0,0.0,0.0,0.0,0.0,0.0,0.0,0.0,0.0,0.0,0.0,0.0,0.0,0.0,0.0,0.0,0.0,0.0,0.0,0.0,0.0,0.0,0.0,0.0,0.0,0.0,0.0,0.0,0.0,0.0,0.0,0.0,0.0
200,The Coronation Triumph (The Royal Entry of King James I into London),"Jonson, Ben",1,459,1604,entertainment; royal entertainment or entry,entertainment,other/multi,none,Occasional;Nonprofessional,Occasional,2085,0.26619,0.0,0.0,0.0,0.0,0.73381,0.0,0.0,0.0,0.0,0.0,0.0,0.0,0.0,0.0,0.0,0.0,0.0,0.26619,0.0,0.0,0.0,0.0,0.0,0.0,0.0,0.0,0.0,0.0,0.0,0.0,0.0,0.0,0.0,0.0,0.0,0.0,0.0,0.0,0.0,0.0,0.0,0.0,0.0,0.0,0.0,0.0,0.0,0.0,0.0,0.0,0.0,0.0,0.0,0.0,0.0,0.0,0.0,0.0,0.0,0.0,0.0,0.0,0.0,0.0,0.0,0.0,0.0,0.0
370,The Entertainment at Bunhill on the Shooting Day (The Archer),"Middleton, Thomas",1,829,1621,entertainment; civic play,civic pageant,other/multi,none,Occasional;Nonprofessional,Occasional,469,0.0,0.0,0.0,0.0,0.0,1.0,0.0,0.0,0.0,0.0,0.0,0.0,0.0,0.0,0.0,0.0,0.0,0.0,0.0,0.0,0.0,0.0,0.0,0.0,0.0,0.0,0.0,0.0,0.0,0.0,0.0,0.0,0.0,0.0,0.0,0.0,0.0,0.0,0.0,0.0,0.0,0.0,0.0,0.0,0.0,0.0,0.0,0.0,0.0,0.0,0.0,0.0,0.0,0.0,0.0,0.0,0.0,0.0,0.0,0.0,0.0,0.0,0.0,0.0,0.0,0.0,0.0,0.0,0.0
75,The Entertainment at Norwich (Royal Entry of Queen Elizabeth),"Garter, BernardGoldingham, William",1,126,1578,entertainment; royal entertainment or entry,entertainment,other/multi,none,Occasional;Nonprofessional,Occasional,7416,0.13376,0.0,0.0,0.0,0.0,0.86624,0.0,0.0,0.0,0.0,0.0,0.0,0.0,0.0,0.0,0.0,0.0,0.0,0.0,0.0,0.06526,0.0,0.0,0.0,0.0,0.0,0.0,0.0,0.0,0.0,0.0,0.0,0.0,0.0,0.0,0.0,0.0,0.0,0.0,0.0,0.0,0.0,0.0,0.0,0.0685,0.0,0.0,0.0,0.0,0.0,0.0,0.0,0.0,0.0,0.0,0.0,0.0,0.0,0.0,0.0,0.0,0.0,0.0,0.0,0.0,0.0,0.0,0.0,0.0
374,The Entertainment at Sir Francis Jones's Welcome (Comus the Great Sir of Feasts) (The Servant of Comus),"Middleton, Thomas",1,833,1621,entertainment; civic play,civic pageant,other/multi,none,Occasional;Nonprofessional,Occasional,1237,0.0,0.0,0.0,0.34681,0.0,0.65319,0.0,0.0,0.0,0.0,0.0,0.0,0.0,0.0,0.0,0.0,0.0,0.0,0.0,0.0,0.0,0.0,0.0,0.0,0.0,0.34681,0.0,0.0,0.0,0.0,0.0,0.0,0.0,0.0,0.0,0.0,0.0,0.0,0.0,0.0,0.0,0.0,0.0,0.0,0.0,0.0,0.0,0.0,0.0,0.0,0.0,0.0,0.0,0.0,0.0,0.0,0.0,0.0,0.0,0.0,0.0,0.0,0.0,0.0,0.0,0.0,0.0,0.0,0.0
376,The Entertainment at Sir Francis Jones's at Easter (The Four Seasons),"Middleton, Thomas",1,835,1621,entertainment; civic play,civic pageant,other/multi,none,Occasional;Nonprofessional,Occasional,1101,0.0,0.0,0.0,0.31608,0.0,0.68392,0.0,0.0,0.0,0.0,0.0,0.0,0.0,0.0,0.0,0.0,0.0,0.0,0.0,0.0,0.0,0.0,0.0,0.0,0.0,0.31608,0.0,0.0,0.0,0.0,0.0,0.0,0.0,0.0,0.0,0.0,0.0,0.0,0.0,0.0,0.0,0.0,0.0,0.0,0.0,0.0,0.0,0.0,0.0,0.0,0.0,0.0,0.0,0.0,0.0,0.0,0.0,0.0,0.0,0.0,0.0,0.0,0.0,0.0,0.0,0.0,0.0,0.0,0.0
369,The Entertainment at Sir William Cokayne's in Easter Week (The Cock),"Middleton, Thomas",1,828,1621,entertainment; civic play,civic pageant,other/multi,none,Occasional;Nonprofessional,Occasional,644,0.0,0.0,0.0,0.52174,0.0,0.47826,0.0,0.0,0.0,0.0,0.0,0.0,0.0,0.0,0.0,0.0,0.0,0.0,0.0,0.0,0.0,0.0,0.0,0.0,0.0,0.52174,0.0,0.0,0.0,0.0,0.0,0.0,0.0,0.0,0.0,0.0,0.0,0.0,0.0,0.0,0.0,0.0,0.0,0.0,0.0,0.0,0.0,0.0,0.0,0.0,0.0,0.0,0.0,0.0,0.0,0.0,0.0,0.0,0.0,0.0,0.0,0.0,0.0,0.0,0.0,0.0,0.0,0.0,0.0
371,The Entertainment at the Conduit Head (The Water Nymph),"Middleton, Thomas",1,830,1621,entertainment; civic play,civic pageant,other/multi,none,Occasional;Nonprofessional,Occasional,413,0.0,0.0,0.0,0.0,0.0,1.0,0.0,0.0,0.0,0.0,0.0,0.0,0.0,0.0,0.0,0.0,0.0,0.0,0.0,0.0,0.0,0.0,0.0,0.0,0.0,0.0,0.0,0.0,0.0,0.0,0.0,0.0,0.0,0.0,0.0,0.0,0.0,0.0,0.0,0.0,0.0,0.0,0.0,0.0,0.0,0.0,0.0,0.0,0.0,0.0,0.0,0.0,0.0,0.0,0.0,0.0,0.0,0.0,0.0,0.0,0.0,0.0,0.0,0.0,0.0,0.0,0.0,0.0,0.0
372,The Entertainment for the General Training (Pallas),"Middleton, Thomas",1,831,1621,entertainment; civic play,civic pageant,other/multi,none,Occasional;Nonprofessional,Occasional,746,0.0,0.0,0.0,1.0,0.0,0.0,0.0,0.0,0.0,0.0,0.0,0.0,0.0,0.0,0.0,0.0,0.0,0.0,0.0,0.0,0.0,0.0,0.0,0.0,0.0,1.0,0.0,0.0,0.0,0.0,0.0,0.0,0.0,0.0,0.0,0.0,0.0,0.0,0.0,0.0,0.0,0.0,0.0,0.0,0.0,0.0,0.0,0.0,0.0,0.0,0.0,0.0,0.0,0.0,0.0,0.0,0.0,0.0,0.0,0.0,0.0,0.0,0.0,0.0,0.0,0.0,0.0,0.0,0.0
76,The Entertainment in Suffolk and Norfolk (Royal Entry of Queen Elizabeth into Norwich),"Churchyard, Thomas",1,128,1578,entertainment; royal entertainment or entry,entertainment,other/multi,none,Occasional;Nonprofessional,Occasional,6478,0.38021,0.0,0.0,0.07626,0.0,0.54353,0.0,0.0,0.0,0.0,0.0,0.0,0.0,0.0,0.0,0.0,0.0,0.0,0.0,0.0,0.0,0.0,0.0,0.0,0.0,0.07626,0.0,0.30148,0.0,0.0,0.0,0.0,0.0,0.0,0.0,0.0,0.0,0.0,0.0,0.0,0.0,0.0,0.0,0.0,0.0,0.0,0.0,0.0,0.0,0.0,0.0,0.0,0.0,0.0,0.0,0.0,0.0,0.0,0.0,0.0,0.0,0.07873,0.0,0.0,0.0,0.0,0.0,0.0,0.0
77,The Entertainment of the French Ambassadors (The Fortress of Perfect Beauty) (Tilt of the Foster-Children of Desire),"Goldwell, Henry",1,130,1581,tilt,entertainment;tilt,other/multi,none,Occasional;Nonprofessional,Occasional,5199,0.0,0.0,0.0,0.08694,0.0,0.91306,0.0,0.0,0.0,0.0,0.0,0.0,0.0,0.0,0.0,0.0,0.0,0.0,0.0,0.08694,0.0,0.0,0.0,0.0,0.0,0.0,0.0,0.0,0.0,0.0,0.0,0.0,0.0,0.0,0.0,0.0,0.0,0.0,0.0,0.0,0.0,0.0,0.0,0.0,0.0,0.0,0.0,0.0,0.0,0.0,0.0,0.0,0.0,0.0,0.0,0.0,0.0,0.0,0.0,0.0,0.0,0.0,0.0,0.0,0.0,0.0,0.0,0.0,0.0
377,The Entertainment of the Lords of the Council by Sheriff Allen (Flora's Welcome),"Middleton, Thomas",1,836,1621,entertainment; civic play,civic pageant,other/multi,none,Occasional;Nonprofessional,Occasional,430,0.0,0.0,0.0,0.0,0.0,1.0,0.0,0.0,0.0,0.0,0.0,0.0,0.0,0.0,0.0,0.0,0.0,0.0,0.0,0.0,0.0,0.0,0.0,0.0,0.0,0.0,0.0,0.0,0.0,0.0,0.0,0.0,0.0,0.0,0.0,0.0,0.0,0.0,0.0,0.0,0.0,0.0,0.0,0.0,0.0,0.0,0.0,0.0,0.0,0.0,0.0,0.0,0.0,0.0,0.0,0.0,0.0,0.0,0.0,0.0,0.0,0.0,0.0,0.0,0.0,0.0,0.0,0.0,0.0
378,The Entertainment of the Lords of the Council by Sheriff Ducie (Flora's Servants),"Middleton, Thomas",1,837,1621,entertainment; civic play,civic pageant,other/multi,none,Occasional;Nonprofessional,Occasional,529,0.0,0.0,0.0,0.0,0.0,1.0,0.0,0.0,0.0,0.0,0.0,0.0,0.0,0.0,0.0,0.0,0.0,0.0,0.0,0.0,0.0,0.0,0.0,0.0,0.0,0.0,0.0,0.0,0.0,0.0,0.0,0.0,0.0,0.0,0.0,0.0,0.0,0.0,0.0,0.0,0.0,0.0,0.0,0.0,0.0,0.0,0.0,0.0,0.0,0.0,0.0,0.0,0.0,0.0,0.0,0.0,0.0,0.0,0.0,0.0,0.0,0.0,0.0,0.0,0.0,0.0,0.0,0.0,0.0
21,The Four P's,"Heywood, John",1,33,1544,not in BritDrama,comedy;interlude,other/multi,none,Interlude;Nonprofessional,Interlude,9011,0.39141,0.0,0.0,0.10787,0.0,0.50072,0.0,0.0,0.0,0.05527,0.0,0.17268,0.0,0.0,0.0,0.0,0.0,0.0,0.0,0.0,0.0,0.0,0.0,0.0,0.0,0.10787,0.0,0.0,0.0,0.0,0.0,0.0,0.16347,0.0,0.0,0.0,0.0,0.0,0.0,0.0,0.0,0.0,0.0,0.0,0.0,0.0,0.0,0.0,0.0,0.0,0.0,0.0,0.0,0.0,0.0,0.0,0.0,0.0,0.0,0.0,0.0,0.0,0.0,0.0,0.0,0.0,0.0,0.0,0.0
294,"The Golden Age, or The Lives of Jupiter and Saturn","Heywood, Thomas",1,687,1611,classical legend or myth,classical legend,other/multi,none,Adult Professional;Professional,Adult Professional,17771,0.77807,0.0,0.0,0.0,0.0,0.22193,0.0,0.0,0.0,0.0,0.0,0.0,0.0,0.0,0.0,0.0,0.0,0.0,0.69585,0.0,0.05464,0.0,0.0,0.0,0.0,0.0,0.0,0.0,0.0,0.0,0.0,0.0,0.0,0.0,0.0,0.0,0.0,0.0,0.0,0.0,0.0,0.0,0.0,0.0,0.02757,0.0,0.0,0.0,0.0,0.0,0.0,0.0,0.0,0.0,0.0,0.0,0.0,0.0,0.0,0.0,0.0,0.0,0.0,0.0,0.0,0.0,0.0,0.0,0.0
329,"The Hector of Germany, or The Palsgrave, Prime Elector","Smith, William",1,744,1615,history; pseudo-history,history;pseudo-history,other/multi,none,Nonprofessional;Private,Nonprofessional,15275,0.23175,0.0,0.06357,0.03175,0.0,0.67293,0.0,0.0,0.0,0.0,0.0,0.0,0.0,0.0,0.0,0.0,0.13493,0.0,0.0,0.0,0.0,0.0,0.0,0.0,0.0,0.0,0.0,0.0,0.0,0.0,0.0,0.0,0.0,0.0,0.0,0.0,0.0,0.0,0.0,0.0,0.0,0.0,0.0,0.0,0.0,0.0,0.0,0.0,0.06357,0.0,0.0,0.0,0.0,0.0,0.0,0.0,0.0,0.0,0.0,0.0,0.0,0.0,0.0,0.03175,0.0,0.0,0.09682,0.0,0.0
20,The Interlude of Youth,Anonymous,1,32,1565,not in BritDrama,morality;interlude,other/multi,none,Interlude;Nonprofessional,Interlude,5014,0.30096,0.0,0.0,0.20662,0.0,0.49242,0.0,0.0,0.0,0.0,0.0,0.30096,0.0,0.0,0.0,0.0,0.0,0.0,0.0,0.10391,0.0,0.0,0.0,0.0,0.0,0.10271,0.0,0.0,0.0,0.0,0.0,0.0,0.0,0.0,0.0,0.0,0.0,0.0,0.0,0.0,0.0,0.0,0.0,0.0,0.0,0.0,0.0,0.0,0.0,0.0,0.0,0.0,0.0,0.0,0.0,0.0,0.0,0.0,0.0,0.0,0.0,0.0,0.0,0.0,0.0,0.0,0.0,0.0,0.0
202,The Magnificent Entertainment Given to King James (The Royal Entry of King James I into London),"Dekker, ThomasJonson, BenMiddleton, ThomasRuytinck, SimonCool, JacobThorius, Raphael",1,465,1604,pageant; civic play; entertainment; royal entertainment or entry,entertainment,other/multi,none,Occasional;Nonprofessional,Occasional,2723,0.0,0.0,0.0,0.19574,0.0,0.80426,0.0,0.0,0.0,0.0,0.0,0.0,0.0,0.0,0.0,0.0,0.0,0.0,0.0,0.0,0.0,0.0,0.0,0.0,0.0,0.19574,0.0,0.0,0.0,0.0,0.0,0.0,0.0,0.0,0.0,0.0,0.0,0.0,0.0,0.0,0.0,0.0,0.0,0.0,0.0,0.0,0.0,0.0,0.0,0.0,0.0,0.0,0.0,0.0,0.0,0.0,0.0,0.0,0.0,0.0,0.0,0.0,0.0,0.0,0.0,0.0,0.0,0.0,0.0
612,The Masque of Owls,"Jonson, Ben",1,1168,1641,entertainment,entertainment,other/multi,none,Occasional;Nonprofessional,Occasional,997,0.0,0.0,0.0,0.0,0.0,1.0,0.0,0.0,0.0,0.0,0.0,0.0,0.0,0.0,0.0,0.0,0.0,0.0,0.0,0.0,0.0,0.0,0.0,0.0,0.0,0.0,0.0,0.0,0.0,0.0,0.0,0.0,0.0,0.0,0.0,0.0,0.0,0.0,0.0,0.0,0.0,0.0,0.0,0.0,0.0,0.0,0.0,0.0,0.0,0.0,0.0,0.0,0.0,0.0,0.0,0.0,0.0,0.0,0.0,0.0,0.0,0.0,0.0,0.0,0.0,0.0,0.0,0.0,0.0
6,The Nature of the Four Elements (Natura Naturata),"Rastell, John",1,11,1520,not in BritDrama,morality;interlude,other/multi,none,Interlude;Nonprofessional,Interlude,9570,0.16907,0.0,0.0,0.0,0.0,0.83093,0.0,0.0,0.0,0.0,0.0,0.0,0.0,0.0,0.0,0.0,0.0,0.0,0.0,0.0,0.0,0.0,0.0,0.0,0.0,0.0,0.0,0.0,0.0,0.0,0.0,0.0,0.0,0.0,0.0,0.0,0.0,0.0,0.0,0.0,0.0,0.0,0.0,0.11818,0.0,0.0,0.0,0.0,0.0,0.0,0.0,0.0,0.0,0.05089,0.0,0.0,0.0,0.0,0.0,0.0,0.0,0.0,0.0,0.0,0.0,0.0,0.0,0.0,0.0
87,The Pageant before Woolstone Dixie,"Peele, George",1,148,1585,civic play; pageant,civic pageant,other/multi,none,Occasional;Nonprofessional,Occasional,924,0.0,0.0,0.0,0.0,0.0,1.0,0.0,0.0,0.0,0.0,0.0,0.0,0.0,0.0,0.0,0.0,0.0,0.0,0.0,0.0,0.0,0.0,0.0,0.0,0.0,0.0,0.0,0.0,0.0,0.0,0.0,0.0,0.0,0.0,0.0,0.0,0.0,0.0,0.0,0.0,0.0,0.0,0.0,0.0,0.0,0.0,0.0,0.0,0.0,0.0,0.0,0.0,0.0,0.0,0.0,0.0,0.0,0.0,0.0,0.0,0.0,0.0,0.0,0.0,0.0,0.0,0.0,0.0,0.0
96,The Pageant for John Allot,"Nelson, Thomas",1,164,1590,civic play; pageant,civic pageant,other/multi,none,Occasional;Nonprofessional,Occasional,1083,0.0,0.0,0.0,0.0,0.0,1.0,0.0,0.0,0.0,0.0,0.0,0.0,0.0,0.0,0.0,0.0,0.0,0.0,0.0,0.0,0.0,0.0,0.0,0.0,0.0,0.0,0.0,0.0,0.0,0.0,0.0,0.0,0.0,0.0,0.0,0.0,0.0,0.0,0.0,0.0,0.0,0.0,0.0,0.0,0.0,0.0,0.0,0.0,0.0,0.0,0.0,0.0,0.0,0.0,0.0,0.0,0.0,0.0,0.0,0.0,0.0,0.0,0.0,0.0,0.0,0.0,0.0,0.0,0.0
14,"The Pardoner and the Friar, the Curate, and Neighbor Pratte","Heywood, John",1,19,1533,not in BritDrama,comedy;interlude,other/multi,none,Interlude;Nonprofessional,Interlude,5242,0.60359,0.0,0.0,0.0,0.0,0.39641,0.0,0.0,0.0,0.0,0.0,0.60359,0.0,0.0,0.0,0.0,0.0,0.0,0.0,0.0,0.0,0.0,0.0,0.0,0.0,0.0,0.0,0.0,0.0,0.0,0.0,0.0,0.0,0.0,0.0,0.0,0.0,0.0,0.0,0.0,0.0,0.0,0.0,0.0,0.0,0.0,0.0,0.0,0.0,0.0,0.0,0.0,0.0,0.0,0.0,0.0,0.0,0.0,0.0,0.0,0.0,0.0,0.0,0.0,0.0,0.0,0.0,0.0,0.0
511,The Presentment of Bushell's Rock (Royal Entertainment at Enstone),"Jordan, ThomasBushell, Thomas (mining entrepreneur)",1,1042,1636,entertainment; royal entertainment or entry,entertainment,other/multi,none,Occasional;Nonprofessional,Occasional,1158,0.50432,0.0,0.0,0.0,0.0,0.49568,0.0,0.0,0.0,0.0,0.0,0.50432,0.0,0.0,0.0,0.0,0.0,0.0,0.0,0.0,0.0,0.0,0.0,0.0,0.0,0.0,0.0,0.0,0.0,0.0,0.0,0.0,0.0,0.0,0.0,0.0,0.0,0.0,0.0,0.0,0.0,0.0,0.0,0.0,0.0,0.0,0.0,0.0,0.0,0.0,0.0,0.0,0.0,0.0,0.0,0.0,0.0,0.0,0.0,0.0,0.0,0.0,0.0,0.0,0.0,0.0,0.0,0.0,0.0
88,The Queen's Entertainment at Woodstock,Anonymous,1,149,1585,entertainment; royal entertainment or entry,entertainment,other/multi,none,Occasional;Nonprofessional,Occasional,8331,0.18017,0.0,0.0,0.0605,0.0,0.75933,0.12003,0.0,0.0,0.0,0.0,0.0,0.0,0.0,0.0,0.0,0.0,0.0,0.0,0.0,0.0,0.0,0.0,0.0,0.0,0.0,0.0,0.0,0.0,0.0,0.0,0.0,0.0,0.0,0.0,0.0,0.0,0.0,0.0,0.0,0.0,0.0,0.0,0.0,0.0,0.0,0.0,0.0,0.0,0.0,0.0,0.0,0.0,0.0,0.0605,0.0,0.0,0.0,0.0,0.0,0.0,0.06014,0.0,0.0,0.0,0.0,0.0,0.0,0.0
111.1,The Royal Entertainment at Bisham Abbey,Anonymous,1,200,1592,entertainment; royal entertainment or entry,entertainment,other/multi,none,Occasional;Nonprofessional,Occasional,2706,1.0,0.0,0.0,0.0,0.0,0.0,0.0,0.0,0.0,0.0,0.0,0.0,0.0,0.0,0.0,0.0,0.0,0.0,0.0,0.0,0.0,0.0,0.0,0.0,0.0,0.0,0.0,0.33555,0.32594,0.0,0.33851,0.0,0.0,0.0,0.0,0.0,0.0,0.0,0.0,0.0,0.0,0.0,0.0,0.0,0.0,0.0,0.0,0.0,0.0,0.0,0.0,0.0,0.0,0.0,0.0,0.0,0.0,0.0,0.0,0.0,0.0,0.0,0.0,0.0,0.0,0.0,0.0,0.0,0.0
318,The Royal Entertainment at Caversham,"Campion, Thomas",1,727,1613,entertainment; masque; royal entertainment or entry,entertainment,other/multi,none,Occasional;Nonprofessional,Occasional,1972,0.0,0.0,0.0,0.0,0.0,1.0,0.0,0.0,0.0,0.0,0.0,0.0,0.0,0.0,0.0,0.0,0.0,0.0,0.0,0.0,0.0,0.0,0.0,0.0,0.0,0.0,0.0,0.0,0.0,0.0,0.0,0.0,0.0,0.0,0.0,0.0,0.0,0.0,0.0,0.0,0.0,0.0,0.0,0.0,0.0,0.0,0.0,0.0,0.0,0.0,0.0,0.0,0.0,0.0,0.0,0.0,0.0,0.0,0.0,0.0,0.0,0.0,0.0,0.0,0.0,0.0,0.0,0.0,0.0
103,The Royal Entertainment at Cowdray,Anonymous,1,177,1591,entertainment; royal entertainment or entry,entertainment,other/multi,none,Occasional;Nonprofessional,Occasional,2101,0.2118,0.0,0.0,0.1466,0.0,0.6416,0.0,0.0,0.0,0.0,0.2118,0.0,0.0,0.0,0.0,0.0,0.0,0.0,0.0,0.0,0.0,0.0,0.0,0.0,0.0,0.0,0.0,0.0,0.0,0.0,0.0,0.0,0.0,0.0,0.0,0.0,0.0,0.0,0.0,0.0,0.0,0.0,0.0,0.0,0.0,0.0,0.0,0.0,0.0,0.0,0.0,0.0,0.0,0.0,0.1466,0.0,0.0,0.0,0.0,0.0,0.0,0.0,0.0,0.0,0.0,0.0,0.0,0.0,0.0
339,The Royal Entertainment at Highgate (The Penates),"Jonson, Ben",1,767,1616,entertainment; royal entertainment or entry,entertainment,other/multi,none,Occasional;Nonprofessional,Occasional,2073,0.47419,0.0,0.0,0.0,0.0,0.52581,0.0,0.0,0.0,0.0,0.0,0.0,0.0,0.0,0.0,0.0,0.0,0.0,0.0,0.0,0.0,0.0,0.0,0.0,0.0,0.0,0.0,0.0,0.47419,0.0,0.0,0.0,0.0,0.0,0.0,0.0,0.0,0.0,0.0,0.0,0.0,0.0,0.0,0.0,0.0,0.0,0.0,0.0,0.0,0.0,0.0,0.0,0.0,0.0,0.0,0.0,0.0,0.0,0.0,0.0,0.0,0.0,0.0,0.0,0.0,0.0,0.0,0.0,0.0
111.3,The Royal Entertainment at Rycote,Anonymous,1,202,1592,entertainment; royal entertainment or entry,entertainment,other/multi,none,Occasional;Nonprofessional,Occasional,1578,0.0,0.0,0.0,0.0,0.0,1.0,0.0,0.0,0.0,0.0,0.0,0.0,0.0,0.0,0.0,0.0,0.0,0.0,0.0,0.0,0.0,0.0,0.0,0.0,0.0,0.0,0.0,0.0,0.0,0.0,0.0,0.0,0.0,0.0,0.0,0.0,0.0,0.0,0.0,0.0,0.0,0.0,0.0,0.0,0.0,0.0,0.0,0.0,0.0,0.0,0.0,0.0,0.0,0.0,0.0,0.0,0.0,0.0,0.0,0.0,0.0,0.0,0.0,0.0,0.0,0.0,0.0,0.0,0.0
111.2,The Royal Entertainment at Sudeley Castle,Anonymous,1,201,1592,entertainment; royal entertainment or entry,entertainment,other/multi,none,Occasional;Nonprofessional,Occasional,1193,1.0,0.0,0.0,0.0,0.0,0.0,0.0,0.0,0.0,0.0,0.0,0.0,0.0,0.0,0.0,0.0,0.0,0.0,0.0,0.0,0.0,0.0,0.0,0.0,0.0,0.0,0.0,0.0,1.0,0.0,0.0,0.0,0.0,0.0,0.0,0.0,0.0,0.0,0.0,0.0,0.0,0.0,0.0,0.0,0.0,0.0,0.0,0.0,0.0,0.0,0.0,0.0,0.0,0.0,0.0,0.0,0.0,0.0,0.0,0.0,0.0,0.0,0.0,0.0,0.0,0.0,0.0,0.0,0.0
341,"The Royal Entertainment at Theobalds, 1607 (The Genius)","Jonson, Ben",1,771,1616,entertainment; royal entertainment or entry,entertainment,other/multi,none,Occasional;Nonprofessional,Occasional,474,0.0,0.0,0.0,0.0,0.0,1.0,0.0,0.0,0.0,0.0,0.0,0.0,0.0,0.0,0.0,0.0,0.0,0.0,0.0,0.0,0.0,0.0,0.0,0.0,0.0,0.0,0.0,0.0,0.0,0.0,0.0,0.0,0.0,0.0,0.0,0.0,0.0,0.0,0.0,0.0,0.0,0.0,0.0,0.0,0.0,0.0,0.0,0.0,0.0,0.0,0.0,0.0,0.0,0.0,0.0,0.0,0.0,0.0,0.0,0.0,0.0,0.0,0.0,0.0,0.0,0.0,0.0,0.0,0.0
201,The Royal Entertainment of the Queen and Prince at Althorp (The Satyr),"Jonson, Ben",1,462,1604,entertainment; royal entertainment or entry,entertainment,other/multi,none,Occasional;Nonprofessional,Occasional,1976,0.25202,0.0,0.0,0.25,0.0,0.49798,0.0,0.0,0.0,0.0,0.0,0.0,0.0,0.0,0.0,0.0,0.0,0.0,0.0,0.0,0.25202,0.0,0.0,0.0,0.0,0.0,0.0,0.0,0.0,0.0,0.0,0.0,0.0,0.0,0.0,0.0,0.0,0.0,0.0,0.0,0.0,0.0,0.0,0.0,0.0,0.0,0.0,0.0,0.0,0.0,0.0,0.0,0.0,0.0,0.25,0.0,0.0,0.0,0.0,0.0,0.0,0.0,0.0,0.0,0.0,0.0,0.0,0.0,0.0
340,"The Royal Entertainment of the Two Kings of Great Britain and Denmark (The Entertainment at Theobalds, 1606) (The Hours)","Jonson, Ben",1,769,1616,entertainment; royal entertainment or entry,entertainment,other/multi,none,Occasional;Nonprofessional,Occasional,63,0.0,0.0,0.0,0.0,0.0,1.0,0.0,0.0,0.0,0.0,0.0,0.0,0.0,0.0,0.0,0.0,0.0,0.0,0.0,0.0,0.0,0.0,0.0,0.0,0.0,0.0,0.0,0.0,0.0,0.0,0.0,0.0,0.0,0.0,0.0,0.0,0.0,0.0,0.0,0.0,0.0,0.0,0.0,0.0,0.0,0.0,0.0,0.0,0.0,0.0,0.0,0.0,0.0,0.0,0.0,0.0,0.0,0.0,0.0,0.0,0.0,0.0,0.0,0.0,0.0,0.0,0.0,0.0,0.0
487,The Royal Entry of King Charles I into Edinburgh (The Entertainment at Edinburgh),"Drummond, WilliamAdamson, JohnCrawford, Thomas",1,1011,1633,entertainment; royal entertainment or entry,entertainment,other/multi,none,Occasional;Nonprofessional,Occasional,2999,0.18873,0.0,0.0,0.0,0.0,0.81127,0.0,0.0,0.0,0.0,0.0,0.0,0.0,0.0,0.0,0.0,0.0,0.0,0.0,0.0,0.18873,0.0,0.0,0.0,0.0,0.0,0.0,0.0,0.0,0.0,0.0,0.0,0.0,0.0,0.0,0.0,0.0,0.0,0.0,0.0,0.0,0.0,0.0,0.0,0.0,0.0,0.0,0.0,0.0,0.0,0.0,0.0,0.0,0.0,0.0,0.0,0.0,0.0,0.0,0.0,0.0,0.0,0.0,0.0,0.0,0.0,0.0,0.0,0.0
618,"The Sad Shepherd, or A Tale of Robin Hood","Jonson, Ben",1,1174,1641,not in BritDrama,comedy;pastoral,other/multi,none,Professional;Closet/Unacted,Professional,9224,0.36503,0.0,0.0,0.0,0.0,0.63497,0.0,0.0516,0.0,0.05182,0.05182,0.0,0.0,0.0,0.0,0.0,0.0,0.0,0.0,0.0,0.0,0.0,0.0,0.0,0.0,0.0,0.0,0.0,0.10212,0.0,0.0,0.0,0.0,0.0,0.0,0.0,0.0,0.0,0.0,0.0,0.0,0.0,0.0,0.0,0.0,0.0,0.0,0.0,0.0,0.0,0.0,0.0,0.0,0.0,0.0,0.10765,0.0,0.0,0.0,0.0,0.0,0.0,0.0,0.0,0.0,0.0,0.0,0.0,0.0
367,The Sun in Aries,"Middleton, Thomas",1,825,1621,civic play; pageant,civic pageant,other/multi,none,Occasional;Nonprofessional,Occasional,1454,0.0,0.0,0.0,0.34663,0.0,0.65337,0.0,0.0,0.0,0.0,0.0,0.0,0.0,0.0,0.0,0.0,0.0,0.0,0.0,0.0,0.0,0.0,0.0,0.0,0.0,0.34663,0.0,0.0,0.0,0.0,0.0,0.0,0.0,0.0,0.0,0.0,0.0,0.0,0.0,0.0,0.0,0.0,0.0,0.0,0.0,0.0,0.0,0.0,0.0,0.0,0.0,0.0,0.0,0.0,0.0,0.0,0.0,0.0,0.0,0.0,0.0,0.0,0.0,0.0,0.0,0.0,0.0,0.0,0.0
23,"The Temptation of Our Lord and Saviour, Jesus Christ, by Satan in the Desert","Bale, John",1,39,1547,biblical play,mystery,other/multi,none,Interlude;Nonprofessional,Interlude,4027,0.87013,0.0,0.0,0.0,0.0,0.12987,0.0,0.0,0.0,0.0,0.0,0.87013,0.0,0.0,0.0,0.0,0.0,0.0,0.0,0.0,0.0,0.0,0.0,0.0,0.0,0.0,0.0,0.0,0.0,0.0,0.0,0.0,0.0,0.0,0.0,0.0,0.0,0.0,0.0,0.0,0.0,0.0,0.0,0.0,0.0,0.0,0.0,0.0,0.0,0.0,0.0,0.0,0.0,0.0,0.0,0.0,0.0,0.0,0.0,0.0,0.0,0.0,0.0,0.0,0.0,0.0,0.0,0.0,0.0
495,The Triumphs of Fame and Honor,"Taylor, John",1,1021,1634,civic play; pageant,civic pageant,other/multi,none,Occasional;Nonprofessional,Occasional,1861,0.0,0.0,0.0,0.26867,0.0,0.73133,0.0,0.0,0.0,0.0,0.0,0.0,0.0,0.0,0.0,0.0,0.0,0.0,0.0,0.0,0.0,0.0,0.0,0.0,0.0,0.26867,0.0,0.0,0.0,0.0,0.0,0.0,0.0,0.0,0.0,0.0,0.0,0.0,0.0,0.0,0.0,0.0,0.0,0.0,0.0,0.0,0.0,0.0,0.0,0.0,0.0,0.0,0.0,0.0,0.0,0.0,0.0,0.0,0.0,0.0,0.0,0.0,0.0,0.0,0.0,0.0,0.0,0.0,0.0
413,The Triumphs of Health and Prosperity,"Middleton, Thomas",1,906,1626,civic play; pageant,civic pageant,other/multi,none,Occasional;Nonprofessional,Occasional,773,0.0,0.0,0.0,0.48254,0.0,0.51746,0.0,0.0,0.0,0.0,0.0,0.0,0.0,0.0,0.0,0.0,0.0,0.0,0.0,0.0,0.0,0.0,0.0,0.0,0.0,0.48254,0.0,0.0,0.0,0.0,0.0,0.0,0.0,0.0,0.0,0.0,0.0,0.0,0.0,0.0,0.0,0.0,0.0,0.0,0.0,0.0,0.0,0.0,0.0,0.0,0.0,0.0,0.0,0.0,0.0,0.0,0.0,0.0,0.0,0.0,0.0,0.0,0.0,0.0,0.0,0.0,0.0,0.0,0.0
351,The Triumphs of Honor and Industry,"Middleton, Thomas",1,791,1617,civic play; pageant,civic pageant,other/multi,none,Occasional;Nonprofessional,Occasional,699,0.0,0.0,0.0,1.0,0.0,0.0,0.0,0.0,0.0,0.0,0.0,0.0,0.0,0.0,0.0,0.0,0.0,0.0,0.0,0.0,0.0,0.0,0.0,0.0,0.0,1.0,0.0,0.0,0.0,0.0,0.0,0.0,0.0,0.0,0.0,0.0,0.0,0.0,0.0,0.0,0.0,0.0,0.0,0.0,0.0,0.0,0.0,0.0,0.0,0.0,0.0,0.0,0.0,0.0,0.0,0.0,0.0,0.0,0.0,0.0,0.0,0.0,0.0,0.0,0.0,0.0,0.0,0.0,0.0
383,The Triumphs of Honor and Virtue,"Middleton, Thomas",1,849,1622,civic play; pageant,civic pageant,other/multi,none,Occasional;Nonprofessional,Occasional,1222,0.0,0.0,0.0,0.33306,0.0,0.66694,0.0,0.0,0.0,0.0,0.0,0.0,0.0,0.0,0.0,0.0,0.0,0.0,0.0,0.0,0.0,0.0,0.0,0.0,0.0,0.33306,0.0,0.0,0.0,0.0,0.0,0.0,0.0,0.0,0.0,0.0,0.0,0.0,0.0,0.0,0.0,0.0,0.0,0.0,0.0,0.0,0.0,0.0,0.0,0.0,0.0,0.0,0.0,0.0,0.0,0.0,0.0,0.0,0.0,0.0,0.0,0.0,0.0,0.0,0.0,0.0,0.0,0.0,0.0
387,The Triumphs of Integrity,"Middleton, Thomas",1,856,1623,civic play; pageant,civic pageant,other/multi,none,Occasional;Nonprofessional,Occasional,1201,0.0,0.0,0.0,0.66278,0.0,0.33722,0.0,0.0,0.0,0.0,0.0,0.0,0.0,0.0,0.0,0.0,0.0,0.0,0.0,0.0,0.0,0.0,0.0,0.0,0.0,0.66278,0.0,0.0,0.0,0.0,0.0,0.0,0.0,0.0,0.0,0.0,0.0,0.0,0.0,0.0,0.0,0.0,0.0,0.0,0.0,0.0,0.0,0.0,0.0,0.0,0.0,0.0,0.0,0.0,0.0,0.0,0.0,0.0,0.0,0.0,0.0,0.0,0.0,0.0,0.0,0.0,0.0,0.0,0.0
359,The Triumphs of Love and Antiquity,"Middleton, Thomas",1,807,1619,civic play; pageant,civic pageant,other/multi,none,Occasional;Nonprofessional,Occasional,1791,0.0,0.0,0.0,0.73981,0.0,0.26019,0.0,0.0,0.0,0.0,0.0,0.0,0.0,0.0,0.0,0.0,0.0,0.0,0.0,0.0,0.0,0.0,0.0,0.0,0.0,0.73981,0.0,0.0,0.0,0.0,0.0,0.0,0.0,0.0,0.0,0.0,0.0,0.0,0.0,0.0,0.0,0.0,0.0,0.0,0.0,0.0,0.0,0.0,0.0,0.0,0.0,0.0,0.0,0.0,0.0,0.0,0.0,0.0,0.0,0.0,0.0,0.0,0.0,0.0,0.0,0.0,0.0,0.0,0.0
218,The Triumphs of Reunited Britannia,"Munday, Anthony",1,517,1605,civic play; pageant,civic pageant,other/multi,none,Occasional;Nonprofessional,Occasional,2375,0.0,0.0,0.0,0.0,0.0,1.0,0.0,0.0,0.0,0.0,0.0,0.0,0.0,0.0,0.0,0.0,0.0,0.0,0.0,0.0,0.0,0.0,0.0,0.0,0.0,0.0,0.0,0.0,0.0,0.0,0.0,0.0,0.0,0.0,0.0,0.0,0.0,0.0,0.0,0.0,0.0,0.0,0.0,0.0,0.0,0.0,0.0,0.0,0.0,0.0,0.0,0.0,0.0,0.0,0.0,0.0,0.0,0.0,0.0,0.0,0.0,0.0,0.0,0.0,0.0,0.0,0.0,0.0,0.0
311,The Triumphs of Truth,"Munday, AnthonyMiddleton, Thomas",1,717,1613,civic play; pageant,civic pageant,other/multi,none,Occasional;Nonprofessional,Occasional,3842,0.0,0.0,0.0,0.24518,0.0,0.75482,0.0,0.0,0.0,0.0,0.0,0.0,0.0,0.0,0.0,0.0,0.0,0.0,0.0,0.0,0.0,0.0,0.0,0.0,0.0,0.24518,0.0,0.0,0.0,0.0,0.0,0.0,0.0,0.0,0.0,0.0,0.0,0.0,0.0,0.0,0.0,0.0,0.0,0.0,0.0,0.0,0.0,0.0,0.0,0.0,0.0,0.0,0.0,0.0,0.0,0.0,0.0,0.0,0.0,0.0,0.0,0.0,0.0,0.0,0.0,0.0,0.0,0.0,0.0
581,The Unfortunate Mother,"Nabbes, Thomas",1,1134,1640,not in BritDrama,,other/multi,none,Closet/Unacted;Professional,Closet/Unacted,12800,0.69273,0.0,0.0,0.0,0.0,0.30727,0.46484,0.07359,0.0,0.03812,0.0,0.0,0.0,0.0,0.0,0.0,0.0,0.11617,0.0,0.0,0.0,0.0,0.0,0.0,0.0,0.0,0.0,0.0,0.0,0.0,0.0,0.0,0.0,0.0,0.0,0.0,0.0,0.0,0.0,0.0,0.0,0.0,0.0,0.0,0.0,0.0,0.0,0.0,0.0,0.0,0.0,0.0,0.0,0.0,0.0,0.0,0.0,0.0,0.0,0.0,0.0,0.0,0.0,0.0,0.0,0.0,0.0,0.0,0.0
241,The Whore of Babylon,"Dekker, Thomas",1,569,1607,history; allegory,history;allegory,other/multi,none,Adult Professional;Professional,Adult Professional,21028,0.51717,0.0,0.0,0.0,0.0,0.48283,0.0,0.0252,0.0,0.02454,0.0,0.0,0.0,0.0,0.0,0.0,0.0,0.0,0.0,0.0,0.0,0.0,0.0,0.0,0.0,0.0,0.0,0.0,0.0,0.0,0.0,0.0,0.02392,0.0,0.0,0.0,0.0,0.0,0.0,0.0,0.0,0.04637,0.0,0.0,0.0,0.0,0.0,0.0,0.0,0.0,0.0,0.0,0.02344,0.0,0.0,0.0,0.02302,0.0,0.0,0.0,0.0,0.35068,0.0,0.0,0.0,0.0,0.0,0.0,0.0
302,Troia Nova Triumphans (London Triumphing),"Dekker, Thomas",1,700,1612,civic play; pageant,civic pageant,other/multi,none,Occasional;Nonprofessional,Occasional,2289,0.20358,0.0,0.0,0.58978,0.0,0.20664,0.0,0.0,0.0,0.0,0.0,0.0,0.0,0.0,0.0,0.0,0.0,0.0,0.20358,0.0,0.0,0.0,0.0,0.0,0.0,0.58978,0.0,0.0,0.0,0.0,0.0,0.0,0.0,0.0,0.0,0.0,0.0,0.0,0.0,0.0,0.0,0.0,0.0,0.0,0.0,0.0,0.0,0.0,0.0,0.0,0.0,0.0,0.0,0.0,0.0,0.0,0.0,0.0,0.0,0.0,0.0,0.0,0.0,0.0,0.0,0.0,0.0,0.0,0.0
361,Two Wise Men and All the Rest Fools,Anonymous,1,813,1619,satire; dialogue,comedy;dialogue,other/multi,none,Nonprofessional;Private;University/Inns of Court,Nonprofessional,34173,0.35601,0.0,0.0,0.01475,0.0,0.62924,0.0,0.0,0.0,0.0,0.01454,0.0,0.23779,0.0,0.0,0.0,0.0,0.0,0.0,0.0,0.0,0.0,0.0,0.0,0.0,0.0,0.0,0.0,0.0,0.02938,0.0,0.0,0.0,0.0,0.0,0.0,0.0,0.0,0.0,0.0,0.0,0.0,0.0,0.0,0.0,0.04536,0.0,0.0,0.0,0.0,0.0,0.0,0.0,0.0,0.0,0.0,0.01504,0.0,0.0,0.0,0.0139,0.0,0.0,0.01475,0.0,0.0,0.0,0.0,0.0
426,"Wine, Beer, and Ale Together by the Ears (Wine, Beer, Ale, and Tobacco Contending for Superiority)",Anonymous,1,923,1629,dialogue,entertainment,other/multi,none,University/Inns of Court;Nonprofessional,University/Inns of Court,4765,0.0,0.0,0.0,0.09948,0.0,0.90052,0.0,0.0,0.0,0.0,0.0,0.0,0.0,0.0,0.0,0.0,0.0,0.0,0.0,0.09948,0.0,0.0,0.0,0.0,0.0,0.0,0.0,0.0,0.0,0.0,0.0,0.0,0.0,0.0,0.0,0.0,0.0,0.0,0.0,0.0,0.0,0.0,0.0,0.0,0.0,0.0,0.0,0.0,0.0,0.0,0.0,0.0,0.0,0.0,0.0,0.0,0.0,0.0,0.0,0.0,0.0,0.0,0.0,0.0,0.0,0.0,0.0,0.0,0.0
331,"Work for Cutlers (Sword, Rapier, and Dagger)",Anonymous,1,749,1615,entertainment; academic entertainment,comedy;dialogue,other/multi,none,University/Inns of Court;Nonprofessional,University/Inns of Court,1842,1.0,0.0,0.0,0.0,0.0,0.0,0.0,0.0,0.0,0.0,0.0,0.0,0.0,0.0,0.0,0.0,0.0,0.0,0.0,0.0,0.0,0.0,0.0,0.0,0.0,0.0,0.0,0.0,0.0,0.0,0.0,0.0,0.0,0.0,0.0,0.0,0.0,0.0,0.0,0.0,0.0,0.0,0.0,0.0,0.0,0.0,0.0,0.0,0.0,0.0,0.0,0.0,1.0,0.0,0.0,0.0,0.0,0.0,0.0,0.0,0.0,0.0,0.0,0.0,0.0,0.0,0.0,0.0,0.0
417,Aminta,"Tasso, TorquatoReynolds, Henry",1,910,1628,pastoral,pastoral,pastoral,britdrama,Translation;Nonprofessional;Closet/Unacted,Translation,16259,0.39,0.0,0.0,0.02829,0.0,0.58171,0.0,0.14952,0.0,0.0,0.12301,0.0,0.0,0.0,0.0,0.0,0.0,0.0,0.0,0.0,0.0,0.0,0.0,0.0,0.0,0.02829,0.0,0.05824,0.05923,0.0,0.0,0.0,0.0,0.0,0.0,0.0,0.0,0.0,0.0,0.0,0.0,0.0,0.0,0.0,0.0,0.0,0.0,0.0,0.0,0.0,0.0,0.0,0.0,0.0,0.0,0.0,0.0,0.0,0.0,0.0,0.0,0.0,0.0,0.0,0.0,0.0,0.0,0.0,0.0
530,"Amphrisa, or The Forsaken Shepherdess (Polopaea and Alope)","Heywood, Thomas",1,1065,1637,pastoral,dialogue,pastoral,britdrama,Closet/Unacted;Nonprofessional,Closet/Unacted,2311,0.40805,0.0,0.0,0.0,0.0,0.59195,0.0,0.0,0.0,0.40805,0.0,0.0,0.0,0.0,0.0,0.0,0.0,0.0,0.0,0.0,0.0,0.0,0.0,0.0,0.0,0.0,0.0,0.0,0.0,0.0,0.0,0.0,0.0,0.0,0.0,0.0,0.0,0.0,0.0,0.0,0.0,0.0,0.0,0.0,0.0,0.0,0.0,0.0,0.0,0.0,0.0,0.0,0.0,0.0,0.0,0.0,0.0,0.0,0.0,0.0,0.0,0.0,0.0,0.0,0.0,0.0,0.0,0.0,0.0
548,"Amyntas, or The Impossible Dowry","Randolph, Thomas",1,1091,1638,pastoral,pastoral,pastoral,britdrama,Boys Professional;Professional,Boys Professional,20633,0.68798,0.0,0.0,0.0,0.0,0.31202,0.0,0.0236,0.0,0.0,0.07076,0.0,0.0,0.0,0.0,0.0,0.0,0.0,0.0,0.0,0.0,0.0,0.0,0.0,0.0,0.0,0.0,0.30936,0.02375,0.0,0.04755,0.0,0.0,0.0,0.0,0.0,0.0,0.0,0.0,0.0,0.0,0.0,0.0,0.0,0.0,0.0,0.0,0.0,0.0,0.0,0.0,0.0,0.0,0.0,0.0,0.0,0.0,0.0,0.0,0.0,0.0,0.18989,0.02307,0.0,0.0,0.0,0.0,0.0,0.0
325,Hymen's Triumph,"Daniel, Samuel",1,736,1615,pastoral; tragicomedy,pastoral,pastoral,annals,Occasional;Nonprofessional,Occasional,15301,0.12437,0.0,0.0,0.0,0.0,0.87563,0.0,0.02993,0.0,0.0,0.09444,0.0,0.0,0.0,0.0,0.0,0.0,0.0,0.0,0.0,0.0,0.0,0.0,0.0,0.0,0.0,0.0,0.0,0.0,0.0,0.0,0.0,0.0,0.0,0.0,0.0,0.0,0.0,0.0,0.0,0.0,0.0,0.0,0.0,0.0,0.0,0.0,0.0,0.0,0.0,0.0,0.0,0.0,0.0,0.0,0.0,0.0,0.0,0.0,0.0,0.0,0.0,0.0,0.0,0.0,0.0,0.0,0.0,0.0
183,"Il Pastor Fido, or The Faithful Shepherd","Dymoke, TailboysGuarini, Giovanni Battista",1,416,1602,pastoral,pastoral,pastoral,britdrama,Translation;Nonprofessional;Closet/Unacted,Translation,35550,0.31046,0.0,0.0,0.02886,0.0,0.66068,0.0,0.0598,0.0,0.01451,0.18115,0.0,0.0,0.0,0.0,0.0,0.0,0.01305,0.0,0.0,0.0,0.0,0.0,0.0,0.0,0.02886,0.01406,0.01446,0.0,0.0,0.0,0.0,0.0,0.0,0.0,0.0,0.0,0.0,0.0,0.0,0.0,0.0,0.0,0.01342,0.0,0.0,0.0,0.0,0.0,0.0,0.0,0.0,0.0,0.0,0.0,0.0,0.0,0.0,0.0,0.0,0.0,0.0,0.0,0.0,0.0,0.0,0.0,0.0,0.0
600,Love Crowns the End,"Tatham, John",1,1154,1640,pastoral,pastoral,pastoral,britdrama,Boys Nonprofessional/School;Nonprofessional,Boys Nonprofessional/School,4541,0.34354,0.0,0.0,0.0,0.0,0.65646,0.0,0.0,0.0,0.0,0.22594,0.0,0.0,0.0,0.0,0.0,0.0,0.0,0.0,0.0,0.0,0.0,0.0,0.0,0.0,0.0,0.0,0.0,0.1176,0.0,0.0,0.0,0.0,0.0,0.0,0.0,0.0,0.0,0.0,0.0,0.0,0.0,0.0,0.0,0.0,0.0,0.0,0.0,0.0,0.0,0.0,0.0,0.0,0.0,0.0,0.0,0.0,0.0,0.0,0.0,0.0,0.0,0.0,0.0,0.0,0.0,0.0,0.0,0.0
178,Love's Metamorphosis,"Lyly, John",1,409,1601,pastoral; comedy,pastoral,pastoral,annals,Boys Professional;Professional,Boys Professional,10147,0.76565,0.0,0.0,0.0,0.0,0.23435,0.0,0.0,0.0,0.0,0.08929,0.0,0.0,0.04937,0.0,0.0,0.0,0.0,0.0,0.0,0.0,0.0,0.0,0.0,0.0,0.0,0.0,0.62698,0.0,0.0,0.0,0.0,0.0,0.0,0.0,0.0,0.0,0.0,0.0,0.0,0.0,0.0,0.0,0.0,0.0,0.0,0.0,0.0,0.0,0.0,0.0,0.0,0.0,0.0,0.0,0.0,0.0,0.0,0.0,0.0,0.0,0.0,0.0,0.0,0.0,0.0,0.0,0.0,0.0
539,Love's Riddle,"Cowley, Abraham",1,1076,1638,pastoral,pastoral,pastoral,britdrama,Nonprofessional;Boys Nonprofessional/School;Closet/Unacted,Nonprofessional,20522,0.44406,0.0,0.0,0.0,0.0,0.55594,0.0,0.02397,0.0,0.02617,0.0976,0.0,0.0,0.0,0.0,0.0,0.0,0.04858,0.0,0.0,0.0,0.0,0.0,0.0,0.0,0.0,0.02349,0.0,0.12318,0.0,0.0,0.0,0.0,0.0,0.05126,0.0,0.0,0.0,0.0,0.02587,0.0,0.02393,0.0,0.0,0.0,0.0,0.0,0.0,0.0,0.0,0.0,0.0,0.0,0.0,0.0,0.0,0.0,0.0,0.0,0.0,0.0,0.0,0.0,0.0,0.0,0.0,0.0,0.0,0.0
97,Phillis and Amyntas (Ivychurch) (Amyntas' Pastoral),"Fraunce, AbrahamTasso, Torquato",1,165,1591,pastoral,pastoral,pastoral,britdrama,Translation;Nonprofessional;Closet/Unacted,Translation,15193,0.57158,0.0,0.0,0.03298,0.0,0.39545,0.0,0.20213,0.0,0.0,0.30178,0.0,0.0,0.0,0.0,0.0,0.0,0.0,0.0,0.0,0.0,0.0,0.0,0.0,0.0,0.03298,0.0,0.06766,0.0,0.0,0.0,0.0,0.0,0.0,0.0,0.0,0.0,0.0,0.0,0.0,0.0,0.0,0.0,0.0,0.0,0.0,0.0,0.0,0.0,0.0,0.0,0.0,0.0,0.0,0.0,0.0,0.0,0.0,0.0,0.0,0.0,0.0,0.0,0.0,0.0,0.0,0.0,0.0,0.0
449,Rhodon and Iris,"Knevet, Ralph",1,964,1631,pastoral,pastoral,pastoral,britdrama,Occasional;Nonprofessional,Occasional,13235,0.5623,0.0,0.0,0.0,0.0,0.4377,0.0,0.0,0.0,0.11538,0.03748,0.0,0.0,0.0374,0.0,0.03551,0.0,0.03657,0.0,0.0,0.0,0.0,0.0,0.0,0.0,0.0,0.0,0.07526,0.07382,0.0,0.03733,0.0,0.0,0.0,0.0,0.0,0.0,0.0,0.0,0.0,0.0,0.0,0.03929,0.0,0.0,0.0,0.0,0.0,0.0,0.0,0.0,0.0,0.0,0.0,0.0,0.0,0.0,0.0,0.0,0.0,0.0,0.0,0.07427,0.0,0.0,0.0,0.0,0.0,0.0
443,Sicelides (The Sicilians),"Fletcher, Phineas",1,957,1631,pastoral,piscatory,pastoral,britdrama,University/Inns of Court;Nonprofessional,University/Inns of Court,20692,0.36038,0.0,0.0,0.0,0.0,0.63962,0.0,0.0,0.0,0.0,0.28982,0.0,0.0,0.0,0.0,0.0232,0.0,0.0,0.0,0.0,0.0,0.0,0.0,0.0,0.0,0.0,0.0232,0.02416,0.0,0.0,0.0,0.0,0.0,0.0,0.0,0.0,0.0,0.0,0.0,0.0,0.0,0.0,0.0,0.0,0.0,0.0,0.0,0.0,0.0,0.0,0.0,0.0,0.0,0.0,0.0,0.0,0.0,0.0,0.0,0.0,0.0,0.0,0.0,0.0,0.0,0.0,0.0,0.0,0.0
83,The Arraignment of Paris,"Peele, George",1,139,1584,pastoral,pastoral;classical legend,pastoral,britdrama,Boys Professional;Professional,Boys Professional,10426,0.76626,0.0,0.0,0.0,0.0,0.23374,0.0,0.0,0.0,0.0,0.04786,0.0,0.0,0.04911,0.0,0.0,0.0,0.0,0.37982,0.0,0.0,0.0,0.0,0.0,0.0,0.0,0.0,0.23384,0.0,0.0,0.05563,0.0,0.0,0.0,0.0,0.0,0.0,0.0,0.0,0.0,0.0,0.0,0.0,0.0,0.0,0.0,0.0,0.0,0.0,0.0,0.0,0.0,0.0,0.0,0.0,0.0,0.0,0.0,0.0,0.0,0.0,0.0,0.0,0.0,0.0,0.0,0.0,0.0,0.0
287,The Faithful Shepherdess,"Fletcher, John",1,675,1610,pastoral; tragicomedy,pastoral,pastoral,annals,Boys Professional;Professional;Adult Professional,Boys Professional,19923,0.75511,0.0,0.0,0.0,0.0,0.24489,0.0,0.0,0.0,0.02555,0.0249,0.0,0.0,0.0,0.0,0.0,0.0,0.0,0.0,0.0,0.0,0.0,0.0,0.0,0.0,0.0,0.0,0.0,0.67962,0.0,0.0,0.0,0.0,0.0,0.0,0.0,0.0,0.0,0.0,0.0,0.0,0.0,0.0,0.0,0.0,0.0,0.0,0.0,0.0,0.0,0.0,0.0,0.0,0.0,0.0,0.0,0.0,0.0,0.0,0.0,0.0,0.0,0.02505,0.0,0.0,0.0,0.0,0.0,0.0
227,The Queen's Arcadia (Arcadia Reformed),"Daniel, Samuel",1,534,1606,pastoral,pastoral,pastoral,britdrama,University/Inns of Court;Nonprofessional,University/Inns of Court,20199,0.26724,0.0,0.0,0.0,0.0,0.73276,0.0,0.02505,0.0,0.07154,0.17065,0.0,0.0,0.0,0.0,0.0,0.0,0.0,0.0,0.0,0.0,0.0,0.0,0.0,0.0,0.0,0.0,0.0,0.0,0.0,0.0,0.0,0.0,0.0,0.0,0.0,0.0,0.0,0.0,0.0,0.0,0.0,0.0,0.0,0.0,0.0,0.0,0.0,0.0,0.0,0.0,0.0,0.0,0.0,0.0,0.0,0.0,0.0,0.0,0.0,0.0,0.0,0.0,0.0,0.0,0.0,0.0,0.0,0.0
499,The Shepherds' Holiday,"Rutter, Joseph",1,1028,1635,pastoral,pastoral,pastoral,britdrama,Adult Professional;Professional,Adult Professional,18986,0.30754,0.0,0.0,0.0,0.0,0.69246,0.0,0.05235,0.0,0.0,0.10044,0.0,0.0,0.0,0.0,0.02486,0.0,0.0,0.0,0.0,0.02539,0.0,0.0,0.0,0.0,0.0,0.0,0.0,0.07869,0.0,0.0,0.0,0.0,0.0,0.0,0.0,0.0,0.0,0.0,0.02581,0.0,0.0,0.0,0.0,0.0,0.0,0.0,0.0,0.0,0.0,0.0,0.0,0.0,0.0,0.0,0.0,0.0,0.0,0.0,0.0,0.0,0.0,0.0,0.0,0.0,0.0,0.0,0.0,0.0
531,A Shoemaker a Gentleman,"Rowley, William",1,1066,1638,romance,comedy,romance,britdrama,Adult Professional;Professional,Adult Professional,20054,0.17528,0.0,0.0,0.0,0.0,0.82472,0.0,0.02513,0.0749,0.0,0.0,0.02588,0.0,0.0,0.0,0.0,0.02443,0.0,0.0,0.0,0.0,0.0,0.0,0.0,0.0,0.0,0.0,0.0,0.0,0.0,0.0,0.0,0.0,0.0,0.0,0.0,0.0,0.0,0.0,0.0,0.0,0.0,0.0,0.0,0.02493,0.0,0.0,0.0,0.0,0.0,0.0,0.0,0.0,0.0,0.0,0.0,0.0,0.0,0.0,0.0,0.0,0.0,0.0,0.0,0.0,0.0,0.0,0.0,0.0
156,"Alphonsus, King of Aragon","Greene, Robert",1,357,1599,romance,romance,romance,britdrama,Adult Professional;Professional,Adult Professional,10929,0.22756,0.0,0.0,0.0,0.0,0.77244,0.0,0.0,0.0,0.0,0.0,0.0,0.0,0.0,0.0,0.0,0.0,0.0,0.0,0.0,0.0,0.0,0.0,0.1798,0.0,0.0,0.0,0.0,0.0,0.0,0.0,0.0,0.0,0.0,0.0,0.0,0.0,0.0,0.0,0.0,0.0,0.0,0.0,0.0,0.0,0.0,0.0,0.0,0.0,0.0,0.0,0.0,0.0,0.0,0.0,0.0,0.0,0.0,0.0,0.0,0.0,0.0,0.0,0.0,0.0,0.04776,0.0,0.0,0.0
188,"Blurt, Master Constable, or The Spaniard's Night Walk",Anonymous,1,430,1602,romance,comedy,romance,britdrama,Boys Professional;Professional,Boys Professional,16714,0.5289,0.0,0.0,0.05606,0.0,0.41504,0.11972,0.0,0.0,0.0,0.20594,0.0,0.0,0.0,0.0,0.0,0.0,0.0,0.0,0.0,0.0,0.02956,0.02764,0.0,0.0,0.0,0.0,0.0,0.0,0.02902,0.0,0.0,0.0,0.0,0.0,0.0,0.08759,0.0,0.0,0.0,0.0,0.0,0.0,0.0,0.0,0.0,0.0,0.0,0.0,0.0,0.0,0.0,0.0,0.0,0.05606,0.0,0.0,0.0,0.0,0.0,0.0,0.0,0.0,0.0,0.0,0.0,0.0,0.0,0.02944
406,"Cymbeline, King of Britain","Shakespeare, William",1,892,1623,romance,tragicomedy,romance,britdrama,Adult Professional;Professional,Adult Professional,26792,0.35231,0.0,0.0,0.0178,0.0,0.62989,0.0,0.0374,0.07103,0.03815,0.0,0.0,0.0,0.0,0.0,0.0,0.0,0.0,0.0187,0.0,0.0,0.0,0.0,0.0,0.0,0.0,0.0,0.0,0.0,0.0,0.0,0.02057,0.0,0.0,0.0,0.0,0.0,0.0,0.07368,0.0,0.0,0.0,0.0,0.0,0.03703,0.0,0.0,0.0,0.0,0.0,0.0,0.0,0.0,0.0,0.0178,0.0,0.0,0.0,0.0,0.0,0.0,0.0,0.0,0.0,0.0,0.0,0.05576,0.0,0.0
158,"George a Green, the Pinner of Wakefield","Greene, Robert",1,359,1599,romance,comedy;romance,romance,britdrama,Adult Professional;Professional,Adult Professional,7960,0.12387,0.0,0.0,0.0,0.0,0.87613,0.0,0.0,0.0,0.0,0.0,0.0,0.0,0.0,0.0,0.0,0.0,0.0,0.0,0.0,0.0,0.0,0.0,0.0,0.12387,0.0,0.0,0.0,0.0,0.0,0.0,0.0,0.0,0.0,0.0,0.0,0.0,0.0,0.0,0.0,0.0,0.0,0.0,0.0,0.0,0.0,0.0,0.0,0.0,0.0,0.0,0.0,0.0,0.0,0.0,0.0,0.0,0.0,0.0,0.0,0.0,0.0,0.0,0.0,0.0,0.0,0.0,0.0,0.0
151,Mucedorus (and Amadine),Anonymous,1,319,1598,romance,comedy;romance,romance,britdrama,Adult Professional;Professional,Adult Professional,10801,0.46033,0.0,0.09101,0.04527,0.0,0.40339,0.0,0.0,0.0,0.0,0.04629,0.0,0.0,0.0,0.04277,0.0,0.0,0.0,0.0,0.0,0.0,0.0,0.0,0.0,0.0,0.04527,0.0,0.0,0.37126,0.0,0.0,0.0,0.0,0.0,0.0,0.09101,0.0,0.0,0.0,0.0,0.0,0.0,0.0,0.0,0.0,0.0,0.0,0.0,0.0,0.0,0.0,0.0,0.0,0.0,0.0,0.0,0.0,0.0,0.0,0.0,0.0,0.0,0.0,0.0,0.0,0.0,0.0,0.0,0.0
162,Old Fortunatus,"Dekker, Thomas",1,364,1600,romance,comedy,romance,britdrama,Adult Professional;Professional,Adult Professional,23707,0.18615,0.0,0.0,0.26895,0.0,0.5449,0.0,0.02071,0.0,0.08234,0.0,0.0,0.0,0.0,0.0,0.02054,0.0,0.0,0.0,0.0,0.0,0.0,0.0,0.02063,0.0,0.24811,0.0,0.0,0.0,0.0,0.0,0.0,0.0,0.0,0.0,0.0,0.0,0.0,0.0,0.0,0.0,0.02155,0.0,0.02037,0.0,0.0,0.0,0.0,0.0,0.0,0.0,0.0,0.0,0.0,0.02084,0.0,0.0,0.0,0.0,0.0,0.0,0.0,0.0,0.0,0.0,0.0,0.0,0.0,0.0
123,Orlando Furioso,"Greene, Robert",1,236,1594,romance,comedy;romance,romance,britdrama,Adult Professional;Professional,Adult Professional,10723,0.4551,0.0,0.0,0.04467,0.0,0.50023,0.0,0.0,0.0,0.0,0.09037,0.0,0.0,0.0,0.0,0.0,0.13382,0.0,0.0,0.04467,0.09111,0.0,0.0,0.0,0.0,0.0,0.0,0.0,0.04737,0.0,0.0,0.0,0.0,0.0,0.0,0.0,0.0,0.0,0.0,0.0,0.0,0.0,0.047,0.0,0.0,0.0,0.0,0.0,0.0,0.0,0.0,0.0,0.0,0.0,0.0,0.0,0.04542,0.0,0.0,0.0,0.0,0.0,0.0,0.0,0.0,0.0,0.0,0.0,0.0
284,"Pericles, Prince of Tyre","Shakespeare, WilliamWilkins, George",1,666,1609,romance,tragicomedy,romance,britdrama,Adult Professional;Professional,Adult Professional,17720,0.08476,0.0,0.0,0.05491,0.0,0.86033,0.0,0.0,0.0,0.02878,0.0,0.0,0.0,0.0272,0.0,0.0,0.0,0.0,0.0,0.0,0.0,0.0,0.0,0.0,0.0,0.0,0.0,0.0,0.0,0.0,0.0,0.0,0.0,0.0,0.0,0.0,0.0,0.0,0.0,0.0,0.0,0.0,0.0,0.0,0.0,0.0,0.0,0.0,0.0,0.0,0.0,0.0,0.0,0.0,0.0,0.0,0.02878,0.0,0.0,0.05491,0.0,0.0,0.0,0.0,0.0,0.0,0.0,0.0,0.0
333,The Four Prentices of London,"Heywood, Thomas",1,751,1615,romance,romance,romance,britdrama,Adult Professional;Professional,Adult Professional,21537,0.29637,0.0,0.0,0.04532,0.0,0.65831,0.0,0.0,0.0,0.0,0.0,0.0,0.0,0.0,0.04592,0.02154,0.04717,0.0,0.0,0.0221,0.0,0.0,0.0,0.18173,0.0,0.0,0.0,0.0,0.0,0.0,0.0,0.0,0.0,0.0,0.0,0.0,0.0,0.0,0.0,0.0,0.0,0.0,0.0,0.0,0.0,0.0,0.0,0.0,0.0,0.0,0.0,0.0,0.0,0.0,0.0,0.0,0.0,0.0,0.0,0.0,0.0,0.0,0.0,0.02322,0.0,0.0,0.0,0.0,0.0
137,The Old Wives Tale,"Peele, George",1,264,1595,romance,romance,romance,britdrama,Adult Professional;Professional,Adult Professional,7606,0.20287,0.0,0.0,0.0,0.0,0.79713,0.0,0.06968,0.0,0.0,0.0,0.0,0.0,0.0,0.0,0.0,0.0,0.0,0.0,0.0,0.0,0.06666,0.0,0.0,0.0,0.0,0.0,0.0,0.0,0.0,0.0,0.0,0.0,0.0,0.0,0.0,0.0,0.0,0.0,0.0,0.0,0.0,0.0,0.0,0.0,0.0,0.0,0.0,0.0,0.0,0.06653,0.0,0.0,0.0,0.0,0.0,0.0,0.0,0.0,0.0,0.0,0.0,0.0,0.0,0.0,0.0,0.0,0.0,0.0
516,The Royal King and the Loyal Subject,"Heywood, Thomas",1,1049,1637,romance,tragicomedy,romance,britdrama,Adult Professional;Professional,Adult Professional,19465,0.17883,0.0,0.0,0.02702,0.0,0.79414,0.0,0.0,0.0,0.0,0.0,0.0,0.0,0.0,0.02466,0.0,0.0,0.0,0.0,0.0,0.10275,0.0,0.0,0.0261,0.0,0.0,0.0,0.0,0.0,0.0,0.0,0.0,0.0,0.0,0.0,0.0,0.0,0.0,0.0,0.0,0.0,0.0,0.0,0.0,0.0,0.0,0.0,0.02702,0.0,0.0,0.02533,0.0,0.0,0.0,0.0,0.0,0.0,0.0,0.0,0.0,0.0,0.0,0.0,0.0,0.0,0.0,0.0,0.0,0.0
149,The Scottish History of James the Fourth,"Greene, Robert",1,314,1598,romance,history,romance,britdrama,Adult Professional;Professional,Adult Professional,19865,0.20388,0.0,0.0,0.07415,0.0,0.72197,0.0,0.0,0.0,0.02512,0.0,0.0,0.02663,0.0,0.0,0.0,0.0,0.0,0.0,0.02441,0.09892,0.0,0.0,0.0,0.05321,0.0,0.0,0.0,0.0,0.0,0.0,0.0,0.0,0.0,0.0,0.0,0.0,0.0,0.0,0.0,0.0,0.0,0.0,0.0,0.0,0.0,0.0,0.0,0.0,0.0,0.0,0.0,0.0,0.0,0.0,0.0,0.0,0.0,0.0,0.04974,0.0,0.0,0.0,0.0,0.0,0.0,0.0,0.0,0.0
545,The Seven Champions of Christendom,"Kirke, John",1,1085,1638,romance,romance,romance,britdrama,Adult Professional;Professional,Adult Professional,21224,0.04665,0.0,0.0,0.07218,0.0,0.88117,0.0,0.0,0.0,0.0,0.0,0.0,0.0,0.02351,0.0,0.0,0.0,0.0,0.0,0.04895,0.0,0.0,0.0,0.0,0.0,0.0,0.0,0.0,0.0,0.0,0.0,0.0,0.0,0.0,0.0,0.0,0.0,0.0,0.0,0.0,0.0,0.0,0.0,0.0,0.0,0.0,0.0,0.0,0.0,0.0,0.0,0.0,0.0,0.0,0.02323,0.0,0.0,0.0,0.0,0.0,0.0,0.0,0.02313,0.0,0.0,0.0,0.0,0.0,0.0
439,The Spanish Bawd (Calisto and Meliboea) (Celestina),"Mabbe, JamesRojas, Fernando de",1,952,1631,tragicomedy; literary play,romance,romance,annals,Translation;Nonprofessional;Closet/Unacted,Translation,97726,0.28305,0.0,0.0,0.00973,0.0,0.70722,0.0,0.04962,0.0,0.0519,0.03798,0.0,0.01112,0.0,0.0,0.00579,0.0,0.01997,0.0,0.0,0.0,0.0,0.0,0.0,0.0,0.00448,0.0,0.00505,0.0,0.0,0.0,0.0,0.00494,0.0,0.0,0.0,0.0,0.0,0.0,0.01423,0.00532,0.00572,0.0,0.0155,0.0,0.0,0.0,0.0,0.0,0.0,0.0,0.0,0.0,0.00491,0.00525,0.01353,0.0,0.01865,0.01416,0.0,0.0,0.0,0.00463,0.0,0.0,0.0,0.0,0.0,0.0
584,The Strange Discovery,"Gough, J.",1,1137,1640,romance,tragicomedy,romance,britdrama,Closet/Unacted;Nonprofessional,Closet/Unacted,21952,0.23078,0.0,0.0,0.0,0.0,0.76922,0.0,0.07147,0.0,0.06897,0.02341,0.0,0.0,0.02173,0.0,0.0,0.0,0.02191,0.02328,0.0,0.0,0.0,0.0,0.0,0.0,0.0,0.0,0.0,0.0,0.0,0.0,0.0,0.0,0.0,0.0,0.0,0.0,0.0,0.0,0.0,0.0,0.0,0.0,0.0,0.0,0.0,0.0,0.0,0.0,0.0,0.0,0.0,0.0,0.0,0.0,0.0,0.0,0.0,0.0,0.0,0.0,0.0,0.0,0.0,0.0,0.0,0.0,0.0,0.0
210,The Trial of Chivalry (This Gallant Cavaliero Dick Bowyer),Anonymous,1,494,1605,romance,history;pseudo-history,romance,britdrama,Adult Professional;Professional,Adult Professional,18931,0.18087,0.0,0.0,0.0,0.0,0.81913,0.05309,0.02573,0.0,0.0,0.0,0.0,0.0,0.0,0.07511,0.0,0.0,0.0,0.0,0.0,0.0,0.0,0.0,0.0,0.0,0.0,0.0,0.0,0.0,0.0,0.0,0.0,0.0,0.0,0.0,0.0,0.0,0.0,0.0,0.0,0.0,0.0,0.0,0.0,0.0,0.0,0.0,0.0,0.0,0.0,0.0,0.0,0.0,0.0,0.0,0.0,0.0,0.0,0.0,0.0,0.0,0.0,0.0,0.0,0.0,0.0,0.02694,0.0,0.0
397,The Winter's Tale,"Shakespeare, William",1,874,1623,romance,tragicomedy,romance,britdrama,Adult Professional;Professional,Adult Professional,24516,0.19583,0.0,0.0,0.0,0.0,0.80417,0.0,0.01982,0.0,0.0,0.0,0.0,0.01982,0.0,0.0,0.0,0.0,0.0,0.02027,0.0,0.03826,0.0,0.0,0.0,0.0,0.0,0.0,0.0,0.0,0.02056,0.0,0.0,0.0,0.0,0.0,0.0,0.0,0.0,0.0,0.02072,0.0,0.0,0.0,0.0,0.03761,0.0,0.0,0.0,0.0,0.0,0.0,0.0,0.0,0.01876,0.0,0.0,0.0,0.0,0.0,0.0,0.0,0.0,0.0,0.0,0.0,0.0,0.0,0.0,0.0
221,"1 Jeronimo, with the Wars of Portugal",Anonymous,1,520,1605,tragedy,history;pseudo-history,tragedy,britdrama,Adult Professional;Professional,Adult Professional,8901,0.78081,0.0,0.0,0.0,0.0,0.21919,0.0,0.0,0.0,0.0,0.0,0.0,0.0,0.0,0.0,0.0,0.0,0.0,0.0,0.0,0.0,0.0,0.0,0.0,0.0,0.0,0.0,0.0,0.0,0.0,0.0,0.0,0.0,0.0,0.0,0.0,0.0,0.0,0.0,0.0,0.0,0.0,0.0,0.0,0.0,0.0,0.0,0.0,0.0,0.0,0.0,0.0,0.0,0.0,0.0,0.0,0.0,0.0,0.0,0.0,0.0,0.0,0.0,0.0,0.0,0.78081,0.0,0.0,0.0
94,1 Tamburlaine the Great,"Marlowe, Christopher",1,156,1590,tragedy,romance,tragedy,britdrama,Adult Professional;Professional,Adult Professional,17201,0.76129,0.0,0.0,0.0,0.0,0.23871,0.0,0.0,0.0,0.0,0.0,0.0,0.0,0.0,0.0,0.0,0.0,0.0,0.0,0.0,0.0,0.0,0.0,0.70182,0.0,0.0,0.0,0.0,0.03064,0.0,0.0,0.0,0.0,0.0,0.0,0.0,0.0,0.0,0.0,0.0,0.02884,0.0,0.0,0.0,0.0,0.0,0.0,0.0,0.0,0.0,0.0,0.0,0.0,0.0,0.0,0.0,0.0,0.0,0.0,0.0,0.0,0.0,0.0,0.0,0.0,0.0,0.0,0.0,0.0
95,2 Tamburlaine the Great,"Marlowe, Christopher",1,160,1590,tragedy,romance,tragedy,britdrama,Adult Professional;Professional,Adult Professional,17527,0.47264,0.0,0.0,0.0,0.0,0.52736,0.0,0.02853,0.0,0.02881,0.0,0.0,0.0,0.0,0.0,0.0,0.0,0.0,0.0,0.0,0.0,0.0,0.0,0.3587,0.0,0.0,0.0,0.0,0.0,0.0,0.0,0.0,0.0,0.0,0.0,0.0,0.0,0.0,0.0,0.0,0.0,0.0,0.02784,0.0,0.0,0.0,0.0,0.0,0.0,0.0,0.0,0.0,0.0,0.0,0.0,0.0,0.02876,0.0,0.0,0.0,0.0,0.0,0.0,0.0,0.0,0.0,0.0,0.0,0.0
300,A Christian Turned Turk (The Two Famous Pirates),"Daborne, Robert",1,698,1612,tragedy,tragedy,tragedy,britdrama,Boys Professional;Professional,Boys Professional,18654,0.23652,0.0,0.0,0.07961,0.0,0.68387,0.0,0.13102,0.0,0.0,0.0,0.0,0.0,0.0,0.05345,0.0,0.0,0.0,0.0,0.0,0.0,0.0,0.0,0.0,0.0,0.0,0.0,0.0,0.0,0.02579,0.0,0.0,0.0,0.0,0.0,0.0,0.0,0.0,0.0,0.0,0.0,0.0,0.0,0.0,0.0,0.0,0.0,0.0,0.0,0.0,0.0,0.0,0.0,0.02627,0.0,0.0,0.0,0.0,0.0,0.0,0.0,0.0,0.0,0.07961,0.0,0.0,0.0,0.0,0.0
258,A Woman Killed with Kindness,"Heywood, Thomas",1,603,1607,tragedy,tragedy,tragedy,britdrama,Adult Professional;Professional,Adult Professional,16181,0.24232,0.0,0.0,0.09184,0.0,0.66584,0.0,0.0,0.0,0.0,0.0,0.0,0.05939,0.0,0.0,0.0,0.0,0.02942,0.0,0.0,0.0,0.0,0.0,0.0,0.0,0.0,0.0,0.0,0.0,0.0,0.0,0.0,0.0,0.03034,0.06118,0.0,0.0,0.0,0.0,0.0,0.0,0.0,0.0,0.0,0.0,0.0,0.06199,0.09184,0.0,0.0,0.0,0.0,0.0,0.0,0.0,0.0,0.0,0.0,0.0,0.0,0.0,0.0,0.0,0.0,0.0,0.0,0.0,0.0,0.0
272,A Yorkshire Tragedy,"Middleton, Thomas",1,640,1608,tragedy,tragedy,tragedy,britdrama,Professional;Adult Professional,Professional,5655,0.63749,0.0,0.0,0.0,0.0,0.36251,0.0,0.08966,0.0,0.0,0.0,0.0,0.0,0.0,0.0,0.0,0.0,0.0,0.0,0.0,0.0,0.0,0.0,0.0,0.0,0.0,0.0,0.0,0.0,0.08895,0.0,0.0,0.09036,0.09867,0.0,0.0,0.0,0.0,0.0,0.0,0.0,0.0,0.0,0.0,0.0,0.08205,0.09195,0.0,0.0,0.0,0.0,0.0,0.0,0.0,0.0,0.0,0.0,0.0,0.09584,0.0,0.0,0.0,0.0,0.0,0.0,0.0,0.0,0.0,0.0
71,Abraham's Sacrifice,"Golding, ArthurBeza, Theodore",1,122,1577,biblical play,tragedy,tragedy,annals,Translation;Nonprofessional;Closet/Unacted,Translation,8000,0.11675,0.0,0.0,0.0,0.0,0.88325,0.0,0.0,0.0,0.0,0.0,0.11675,0.0,0.0,0.0,0.0,0.0,0.0,0.0,0.0,0.0,0.0,0.0,0.0,0.0,0.0,0.0,0.0,0.0,0.0,0.0,0.0,0.0,0.0,0.0,0.0,0.0,0.0,0.0,0.0,0.0,0.0,0.0,0.0,0.0,0.0,0.0,0.0,0.0,0.0,0.0,0.0,0.0,0.0,0.0,0.0,0.0,0.0,0.0,0.0,0.0,0.0,0.0,0.0,0.0,0.0,0.0,0.0,0.0
42,Agamemnon (Seneca's Eighth Tragedy),"Seneca, Lucius AnnaeusStudley, John",1,76,1566,tragedy,tragedy,tragedy,britdrama,Translation;Nonprofessional;Closet/Unacted,Translation,13750,0.53491,0.0,0.0,0.0,0.0,0.46509,0.0,0.03484,0.0,0.0,0.0,0.0,0.0,0.42916,0.0,0.0,0.0,0.0,0.0,0.0,0.0,0.0,0.0,0.0,0.0,0.0,0.03585,0.0,0.0,0.0,0.03505,0.0,0.0,0.0,0.0,0.0,0.0,0.0,0.0,0.0,0.0,0.0,0.0,0.0,0.0,0.0,0.0,0.0,0.0,0.0,0.0,0.0,0.0,0.0,0.0,0.0,0.0,0.0,0.0,0.0,0.0,0.0,0.0,0.0,0.0,0.0,0.0,0.0,0.0
489,Alaham,"Greville, Fulke",1,1015,1633,tragedy,tragedy,tragedy,britdrama,Closet/Unacted;Nonprofessional,Closet/Unacted,21531,0.28406,0.0,0.0,0.02257,0.0,0.69337,0.0,0.04802,0.0,0.0,0.0,0.0,0.0,0.0,0.0,0.0,0.0,0.0,0.0,0.0,0.0,0.0,0.0,0.0,0.0,0.02257,0.0,0.0,0.0,0.0,0.0,0.23603,0.0,0.0,0.0,0.0,0.0,0.0,0.0,0.0,0.0,0.0,0.0,0.0,0.0,0.0,0.0,0.0,0.0,0.0,0.0,0.0,0.0,0.0,0.0,0.0,0.0,0.0,0.0,0.0,0.0,0.0,0.0,0.0,0.0,0.0,0.0,0.0,0.0
422,"Albovine, King of the Lombards","Davenant, William",1,916,1629,tragedy,tragedy,tragedy,britdrama,Closet/Unacted;Professional,Closet/Unacted,19095,0.1524,0.0,0.0,0.02603,0.0,0.82158,0.0,0.10134,0.0,0.02582,0.0,0.0,0.0,0.0,0.0,0.0,0.0,0.0,0.0,0.0,0.0,0.0,0.0,0.0,0.0,0.0,0.0,0.0,0.0,0.0,0.0,0.0,0.0,0.0,0.0,0.0,0.0,0.0,0.0,0.0,0.0,0.0,0.0,0.0,0.02524,0.0,0.0,0.0,0.0,0.0,0.0,0.0,0.0,0.0,0.0,0.0,0.0,0.0,0.0,0.02603,0.0,0.0,0.0,0.0,0.0,0.0,0.0,0.0,0.0
471,All's Lost by Lust,"Rowley, William",1,993,1633,tragedy,tragedy,tragedy,britdrama,Adult Professional;Professional,Adult Professional,16032,0.39028,0.0,0.0,0.0,0.0,0.60972,0.0,0.05963,0.0,0.02913,0.0,0.0,0.0,0.0,0.0,0.02975,0.0,0.09063,0.0,0.0,0.0,0.0,0.0,0.0,0.0,0.0,0.0,0.0,0.0,0.0,0.0,0.0,0.0,0.0,0.031,0.0,0.0,0.0,0.0,0.02988,0.0,0.0,0.0,0.0,0.0,0.0,0.0,0.0,0.0,0.0,0.0,0.03225,0.0,0.0,0.0,0.0,0.0,0.0,0.0,0.0,0.03019,0.0,0.0,0.0,0.0,0.05782,0.0,0.0,0.0
450,"Antigone, the Theban Princess","May, Thomas",1,965,1631,tragedy,tragedy,tragedy,britdrama,Closet/Unacted;Nonprofessional,Closet/Unacted,11505,0.60374,0.0,0.0,0.0,0.0,0.39626,0.0,0.04476,0.0,0.0,0.0,0.0,0.0,0.0,0.0,0.0,0.0,0.0,0.0,0.0,0.0,0.0,0.0,0.0,0.0,0.0,0.0,0.0,0.0,0.0,0.0,0.0,0.0,0.0,0.0,0.0,0.0,0.0,0.0,0.0,0.47432,0.0,0.08466,0.0,0.0,0.0,0.0,0.0,0.0,0.0,0.0,0.0,0.0,0.0,0.0,0.0,0.0,0.0,0.0,0.0,0.0,0.0,0.0,0.0,0.0,0.0,0.0,0.0,0.0
185,Antonio's Revenge (2 Antonio and Mellida),"Marston, John",1,420,1602,tragedy,,tragedy,britdrama,Boys Professional;Professional,Boys Professional,14607,0.51571,0.0,0.0,0.0,0.0,0.48429,0.13172,0.35004,0.0,0.0,0.0,0.0,0.0,0.0,0.0,0.0,0.0,0.0,0.0,0.0,0.0,0.0,0.0,0.0,0.0,0.0,0.0,0.0,0.0,0.0,0.0,0.0,0.0,0.0,0.0,0.0,0.0,0.0,0.0,0.0,0.0,0.0,0.0,0.0,0.0,0.0,0.0,0.0,0.0,0.0,0.0,0.0,0.0,0.0,0.0,0.0,0.0,0.0,0.0,0.0,0.03396,0.0,0.0,0.0,0.0,0.0,0.0,0.0,0.0
108,Antonius (Antony),"Herbert, Mary SidneyGarnier, RobertSidney Herbert, Mary",1,187,1595,tragedy,tragedy,tragedy,britdrama,Translation;Nonprofessional;Closet/Unacted,Translation,14339,0.61776,0.0,0.0,0.0,0.0,0.38224,0.0,0.03208,0.10349,0.0,0.0,0.0,0.0,0.0,0.0,0.0,0.0,0.0,0.0,0.0,0.0,0.0,0.0,0.0,0.0,0.0,0.03229,0.0,0.0,0.0,0.0,0.0,0.0,0.0,0.0,0.0,0.0,0.0,0.0,0.0,0.0,0.0,0.0332,0.0,0.0,0.0,0.0,0.0,0.0,0.0,0.0,0.0,0.0,0.0,0.0,0.0,0.0,0.0,0.0,0.0,0.4167,0.0,0.0,0.0,0.0,0.0,0.0,0.0,0.0
405,Antony and Cleopatra,"Shakespeare, William",1,890,1623,tragedy,tragedy,tragedy,britdrama,Adult Professional;Professional,Adult Professional,23786,0.21025,0.0,0.0,0.04187,0.0,0.74788,0.0,0.0,0.08413,0.0,0.0,0.0,0.0,0.0,0.0,0.0,0.0,0.02132,0.0,0.0,0.0,0.0,0.0,0.0,0.0,0.02056,0.0,0.0,0.0,0.0,0.0,0.0,0.0,0.0,0.0,0.0,0.0,0.0,0.0,0.0,0.0,0.0,0.0,0.0,0.0214,0.0,0.0,0.02132,0.0,0.0,0.0,0.0,0.0,0.0,0.0,0.0,0.06189,0.0,0.0,0.0,0.02153,0.0,0.0,0.0,0.0,0.0,0.0,0.0,0.0
65,Appius and Virginia,"B., R.",1,114,1575,tragedy,morality,tragedy,britdrama,Interlude,Interlude,7517,0.19848,0.0,0.0,0.0,0.0,0.80152,0.0,0.12824,0.0,0.0,0.0,0.0,0.0,0.0,0.0,0.0,0.0,0.0,0.0,0.0,0.0,0.0,0.0,0.0,0.0,0.0,0.0,0.0,0.0,0.0,0.0,0.0,0.0,0.0,0.0,0.0,0.0,0.0,0.0,0.0,0.0,0.0,0.0,0.0,0.0,0.07024,0.0,0.0,0.0,0.0,0.0,0.0,0.0,0.0,0.0,0.0,0.0,0.0,0.0,0.0,0.0,0.0,0.0,0.0,0.0,0.0,0.0,0.0,0.0
246,Bussy D'Ambois,"Chapman, George",1,579,1607,tragedy,,tragedy,britdrama,Boys Professional;Professional,Boys Professional,19597,0.22039,0.0,0.0,0.0,0.0,0.77961,0.0,0.04817,0.0,0.0,0.02582,0.02572,0.0,0.02261,0.0,0.0,0.0,0.0,0.0,0.0,0.0,0.04771,0.0,0.0,0.02409,0.0,0.0,0.0,0.0,0.02628,0.0,0.0,0.0,0.0,0.0,0.0,0.0,0.0,0.0,0.0,0.0,0.0,0.0,0.0,0.0,0.0,0.0,0.0,0.0,0.0,0.0,0.0,0.0,0.0,0.0,0.0,0.0,0.0,0.0,0.0,0.0,0.0,0.0,0.0,0.0,0.0,0.0,0.0,0.0
444,Caesar and Pompey (The Wars of Caesar and Pompey),"Chapman, George",1,958,1631,tragedy,history,tragedy,britdrama,Adult Professional;Professional;Closet/Unacted,Adult Professional,16590,0.41127,0.0,0.0,0.0,0.0,0.58873,0.0,0.0,0.29289,0.0,0.0,0.0,0.0,0.03207,0.0,0.0,0.0,0.0,0.0,0.0,0.0,0.0,0.0,0.0,0.0,0.0,0.0,0.0,0.0,0.0,0.0,0.0,0.02972,0.0,0.0,0.0,0.0,0.0,0.0,0.0,0.0,0.0,0.0,0.0,0.0,0.0,0.0,0.0,0.0,0.0,0.0,0.0,0.0,0.0,0.0,0.0,0.02851,0.0,0.0,0.0,0.02809,0.0,0.0,0.0,0.0,0.0,0.0,0.0,0.0
56,"Cambises, King of Persia","Preston, Thomas",1,96,1570,tragedy,tragedy,tragedy,britdrama,Interlude;Nonprofessional,Interlude,13041,0.2667,0.0,0.0,0.03911,0.0,0.6942,0.0,0.0,0.0,0.0,0.0,0.0,0.0,0.0,0.0,0.0,0.0,0.0,0.0,0.03911,0.03941,0.0,0.0,0.03796,0.0,0.0,0.0,0.03872,0.0,0.0,0.0,0.03826,0.0,0.0,0.0,0.0,0.0,0.0,0.0,0.0,0.0,0.0,0.0,0.0,0.11234,0.0,0.0,0.0,0.0,0.0,0.0,0.0,0.0,0.0,0.0,0.0,0.0,0.0,0.0,0.0,0.0,0.0,0.0,0.0,0.0,0.0,0.0,0.0,0.0
296,Catiline His Conspiracy,"Jonson, Ben",1,690,1611,tragedy,tragedy,tragedy,britdrama,Adult Professional;Professional,Adult Professional,28488,0.87925,0.0,0.0,0.0,0.0,0.12075,0.0,0.0,0.86131,0.0,0.0,0.0,0.0,0.0,0.0,0.0,0.0,0.0,0.0,0.0,0.0,0.0,0.0,0.0,0.0,0.0,0.0,0.0,0.0,0.0,0.0,0.0,0.0,0.0,0.0,0.0,0.0,0.0,0.0,0.0,0.0,0.0,0.01794,0.0,0.0,0.0,0.0,0.0,0.0,0.0,0.0,0.0,0.0,0.0,0.0,0.0,0.0,0.0,0.0,0.0,0.0,0.0,0.0,0.0,0.0,0.0,0.0,0.0,0.0
550,"Chabot, Admiral of France","Chapman, GeorgeShirley, James",1,1096,1639,tragedy,tragedy,tragedy,britdrama,Adult Professional;Professional,Adult Professional,18673,0.07819,0.0,0.0,0.0,0.0,0.92181,0.0,0.0,0.0,0.0,0.0,0.0,0.0,0.0,0.0,0.0,0.02742,0.0,0.0,0.0,0.0,0.0,0.0,0.0,0.0,0.0,0.0,0.0,0.0,0.0,0.0,0.0,0.0,0.0,0.0,0.0,0.0271,0.0,0.0,0.0,0.0,0.0,0.0,0.0,0.02367,0.0,0.0,0.0,0.0,0.0,0.0,0.0,0.0,0.0,0.0,0.0,0.0,0.0,0.0,0.0,0.0,0.0,0.0,0.0,0.0,0.0,0.0,0.0,0.0
132,Cleopatra,"Daniel, Samuel",1,251,1594,tragedy,tragedy,tragedy,britdrama,Closet/Unacted;Nonprofessional,Closet/Unacted,12988,0.57553,0.0,0.0,0.0,0.0,0.42447,0.0,0.11919,0.03927,0.0,0.0,0.0,0.0,0.0,0.0,0.0,0.0,0.0,0.0,0.0,0.04004,0.0,0.0,0.0,0.0,0.0,0.0,0.0,0.0,0.0,0.0,0.0,0.0,0.0,0.0,0.0,0.0,0.0,0.0,0.0,0.0,0.0,0.0,0.0,0.0,0.0,0.0,0.0,0.0,0.0,0.0,0.0,0.0,0.0,0.0,0.0,0.0,0.0,0.0,0.0,0.30467,0.0,0.0,0.0,0.0,0.0,0.07237,0.0,0.0
553,"Cleopatra, Queen of Egypt","May, Thomas",1,1099,1639,tragedy,tragedy,tragedy,britdrama,Unknown;Nonprofessional;Professional,Unknown,14412,0.49063,0.0,0.0,0.0,0.0,0.50937,0.0,0.0,0.28442,0.0,0.0,0.0,0.0,0.0,0.0,0.0,0.0,0.0,0.0,0.0,0.0,0.0,0.0,0.0,0.0,0.0,0.0,0.0,0.0,0.0,0.0,0.0,0.0,0.0,0.0,0.0,0.0,0.0,0.0,0.0,0.06862,0.0,0.0,0.0,0.0,0.0,0.0,0.0,0.0,0.0,0.0,0.0,0.0,0.0,0.0,0.0,0.0,0.0,0.0,0.0,0.13759,0.0,0.0,0.0,0.0,0.0,0.0,0.0,0.0
401,Coriolanus,"Shakespeare, William",1,882,1623,tragedy,tragedy,tragedy,britdrama,Adult Professional;Professional,Adult Professional,26577,0.68514,0.0,0.0,0.0,0.0,0.31486,0.0,0.0,0.64567,0.0,0.0,0.0,0.0,0.0,0.0,0.0,0.0,0.0,0.0,0.0,0.0,0.0,0.0,0.0,0.0,0.0,0.0,0.0,0.0,0.0,0.0,0.0,0.0,0.0,0.0,0.0,0.0,0.0,0.0,0.0,0.0,0.01953,0.0,0.0,0.0,0.0,0.0,0.0,0.0,0.0,0.0,0.0,0.0,0.0,0.0,0.0,0.01994,0.0,0.0,0.0,0.0,0.0,0.0,0.0,0.0,0.0,0.0,0.0,0.0
116,Cornelia (Pompey the Great His Fair Cornelia's Tragedy),"Garnier, RobertKyd, Thomas",1,210,1594,tragedy,tragedy,tragedy,britdrama,Translation;Nonprofessional;Closet/Unacted,Translation,15102,0.64852,0.0,0.0,0.0,0.0,0.35148,0.0,0.0,0.61522,0.0,0.0,0.0,0.0,0.0,0.0,0.0,0.0,0.0,0.0,0.0,0.0,0.0,0.0,0.0,0.0,0.0,0.0,0.0,0.0,0.0,0.0,0.0,0.0,0.0,0.0,0.0,0.0,0.0,0.0,0.0,0.0,0.0,0.03331,0.0,0.0,0.0,0.0,0.0,0.0,0.0,0.0,0.0,0.0,0.0,0.0,0.0,0.0,0.0,0.0,0.0,0.0,0.0,0.0,0.0,0.0,0.0,0.0,0.0,0.0
209,Croesus,"Alexander, William",1,491,1604,tragedy,tragedy,tragedy,britdrama,Closet/Unacted;Nonprofessional,Closet/Unacted,22613,0.23809,0.0,0.0,0.02154,0.0,0.74037,0.0,0.10839,0.0,0.0,0.0,0.0,0.0,0.0,0.0,0.0,0.0,0.0,0.0,0.0,0.0,0.0,0.0,0.04351,0.0,0.02154,0.0,0.0,0.02087,0.0,0.0,0.06532,0.0,0.0,0.0,0.0,0.0,0.0,0.0,0.0,0.0,0.0,0.0,0.0,0.0,0.0,0.0,0.0,0.0,0.0,0.0,0.0,0.0,0.0,0.0,0.0,0.0,0.0,0.0,0.0,0.0,0.0,0.0,0.0,0.0,0.0,0.0,0.0,0.0
328,Cupid's Revenge,"Beaumont, FrancisFletcher, John",1,741,1615,tragedy,tragedy,tragedy,britdrama,Boys Professional;Professional,Boys Professional,20427,0.36413,0.0,0.0,0.0,0.0,0.63587,0.19489,0.0,0.0,0.0,0.0,0.0,0.02443,0.0,0.0,0.0,0.0,0.02394,0.0,0.0,0.07201,0.0,0.0,0.0,0.0,0.0,0.0,0.02394,0.0,0.0,0.0,0.0,0.0,0.0,0.0,0.0,0.0,0.0,0.0,0.0,0.0,0.0,0.0,0.0,0.0,0.0,0.0,0.0,0.0,0.0,0.0,0.02492,0.0,0.0,0.0,0.0,0.0,0.0,0.0,0.0,0.0,0.0,0.0,0.0,0.0,0.0,0.0,0.0,0.0
314,"Cynthia's Revenge, or Maenander's Ecstasy","Stephens, John",1,720,1613,tragedy,tragedy,tragedy,britdrama,Closet/Unacted;Nonprofessional,Closet/Unacted,33282,0.30163,0.0,0.0,0.01457,0.0,0.68379,0.0,0.06,0.04564,0.0,0.0,0.0,0.0,0.10561,0.0,0.0,0.0,0.01463,0.0,0.0,0.01553,0.0,0.0,0.0,0.0,0.0,0.0,0.0,0.0,0.0,0.0,0.01454,0.0,0.0,0.0,0.0,0.0,0.0,0.0,0.0,0.0,0.01481,0.0,0.01577,0.0,0.0,0.0,0.0,0.0,0.0,0.0,0.0,0.0,0.0,0.0,0.0,0.0,0.0,0.0,0.01457,0.0,0.0,0.0,0.0,0.0,0.0,0.0,0.0,0.01508
196,Darius,"Alexander, William",1,446,1604,tragedy,,tragedy,britdrama,Closet/Unacted;Nonprofessional,Closet/Unacted,17149,0.20421,0.0,0.0,0.0298,0.0,0.76599,0.0,0.05697,0.0,0.0,0.0,0.0,0.0,0.0,0.0,0.0,0.0,0.0,0.0,0.0,0.0,0.0,0.0,0.02904,0.0,0.0,0.0,0.0,0.0,0.0,0.0,0.05983,0.0,0.0,0.0,0.0,0.0,0.0,0.0,0.0,0.0,0.0,0.0,0.0,0.05837,0.0,0.0,0.0,0.0,0.0,0.0,0.0,0.0,0.0,0.0,0.0,0.0,0.0,0.0,0.0298,0.0,0.0,0.0,0.0,0.0,0.0,0.0,0.0,0.0
128,"Dido, Queen of Carthage","Marlowe, ChristopherNashe, Thomas",1,244,1594,tragedy,tragedy,tragedy,britdrama,Boys Professional;Professional,Boys Professional,13539,0.59155,0.0,0.0,0.0,0.0,0.40845,0.0,0.03745,0.0,0.0,0.03567,0.0,0.0,0.41022,0.0,0.0,0.0,0.07275,0.03545,0.0,0.0,0.0,0.0,0.0,0.0,0.0,0.0,0.0,0.0,0.0,0.0,0.0,0.0,0.0,0.0,0.0,0.0,0.0,0.0,0.0,0.0,0.0,0.0,0.0,0.0,0.0,0.0,0.0,0.0,0.0,0.0,0.0,0.0,0.0,0.0,0.0,0.0,0.0,0.0,0.0,0.0,0.0,0.0,0.0,0.0,0.0,0.0,0.0,0.0
205,Doctor Faustus,"AnonymousMarlowe, Christopher",1,476,1604,tragedy,tragedy,tragedy,britdrama,Adult Professional;Professional,Adult Professional,11247,0.4322,0.0,0.0,0.0,0.0,0.5678,0.0,0.0,0.04232,0.1283,0.0,0.0,0.0,0.0,0.0,0.0,0.0,0.0,0.0,0.0,0.0,0.04277,0.0,0.0,0.0,0.0,0.0,0.0,0.0,0.0,0.0,0.0,0.04179,0.0,0.0,0.0,0.0,0.0,0.0,0.0,0.0,0.0,0.0,0.0,0.0,0.0,0.0,0.0,0.0,0.0,0.0,0.0,0.0,0.0,0.0,0.0,0.0,0.0,0.0,0.0,0.0,0.0,0.17702,0.0,0.0,0.0,0.0,0.0,0.0
39,Ferrex and Porrex (Gorboduc),"Norton, ThomasSackville, Thomas",1,68,1565,tragedy,tragedy,tragedy,britdrama,University/Inns of Court;Nonprofessional,University/Inns of Court,14449,0.23946,0.0,0.0,0.03509,0.0,0.72545,0.0,0.13883,0.0,0.0,0.0,0.0,0.0,0.0,0.0,0.0,0.0,0.0,0.0,0.0,0.0,0.0,0.0,0.0,0.03135,0.0,0.0,0.0,0.0,0.0,0.0,0.0,0.0,0.0,0.0,0.0,0.0,0.0,0.0,0.0,0.0,0.0,0.0,0.0,0.03426,0.0,0.03502,0.0,0.0,0.0,0.0,0.0,0.0,0.0,0.0,0.0,0.0,0.0,0.0,0.03509,0.0,0.0,0.0,0.0,0.0,0.0,0.0,0.0,0.0
197,"Hamlet, Prince of Denmark","Shakespeare, William",1,453,1623,tragedy,tragedy,tragedy,britdrama,Adult Professional;Professional,Adult Professional,27817,0.25423,0.0,0.0,0.0,0.0,0.74577,0.0,0.12489,0.0,0.0,0.0,0.0,0.0,0.01819,0.0,0.07506,0.0,0.0,0.0,0.0,0.0,0.0,0.0,0.0,0.0,0.0,0.0,0.0,0.0,0.0,0.0,0.0,0.01848,0.0,0.0,0.0,0.0,0.0,0.0,0.0,0.0,0.0,0.0,0.0,0.01762,0.0,0.0,0.0,0.0,0.0,0.0,0.0,0.0,0.0,0.0,0.0,0.0,0.0,0.0,0.0,0.0,0.0,0.0,0.0,0.0,0.0,0.0,0.0,0.0
513,Hannibal and Scipio,"Nabbes, Thomas",1,1044,1637,tragedy,tragedy,tragedy,britdrama,Adult Professional;Professional,Adult Professional,15397,0.22491,0.0,0.0,0.0,0.0,0.77509,0.0,0.06475,0.12671,0.0,0.0,0.0,0.0,0.0,0.0,0.03345,0.0,0.0,0.0,0.0,0.0,0.0,0.0,0.0,0.0,0.0,0.0,0.0,0.0,0.0,0.0,0.0,0.0,0.0,0.0,0.0,0.0,0.0,0.0,0.0,0.0,0.0,0.0,0.0,0.0,0.0,0.0,0.0,0.0,0.0,0.0,0.0,0.0,0.0,0.0,0.0,0.0,0.0,0.0,0.0,0.0,0.0,0.0,0.0,0.0,0.0,0.0,0.0,0.0
34,Hercules Furens (Mad Hercules) (Seneca's First Tragedy),"Heywood, JasperSeneca, Lucius Annaeus",1,59,1561,tragedy; literary play,tragedy,tragedy,annals,Translation;Nonprofessional;Closet/Unacted,Translation,14044,0.75057,0.0,0.0,0.0,0.0,0.24943,0.0,0.0,0.0,0.0,0.0,0.0,0.0,0.14326,0.0,0.0,0.0,0.0,0.0,0.0,0.0,0.0,0.0,0.0,0.0,0.0,0.46938,0.0,0.0,0.0,0.0,0.0,0.0,0.0,0.0,0.0,0.0,0.0,0.0,0.0,0.068,0.0,0.06992,0.0,0.0,0.0,0.0,0.0,0.0,0.0,0.0,0.0,0.0,0.0,0.0,0.0,0.0,0.0,0.0,0.0,0.0,0.0,0.0,0.0,0.0,0.0,0.0,0.0,0.0
81,Hercules Oetaeus (Hercules on Mount Oeta) (Seneca's Tenth Tragedy),"Seneca, Lucius AnnaeusStudley, John",1,134,1581,tragedy,tragedy,tragedy,britdrama,Translation;Nonprofessional;Closet/Unacted,Translation,21947,0.84057,0.0,0.0,0.0,0.0,0.15943,0.0,0.0,0.0,0.0,0.0,0.0,0.0,0.02274,0.0,0.0,0.0,0.0,0.0,0.0,0.0,0.0,0.0,0.0,0.0,0.0,0.77067,0.0,0.0,0.0,0.0,0.0,0.0,0.0,0.0,0.0,0.0,0.0,0.0,0.0,0.0,0.0,0.04716,0.0,0.0,0.0,0.0,0.0,0.0,0.0,0.0,0.0,0.0,0.0,0.0,0.0,0.0,0.0,0.0,0.0,0.0,0.0,0.0,0.0,0.0,0.0,0.0,0.0,0.0
382,Herod and Antipater,"Markham, GervaseSampson, William",1,848,1622,tragedy,tragedy,tragedy,britdrama,Adult Professional;Professional,Adult Professional,21708,0.45334,0.0,0.0,0.0,0.0,0.54666,0.0,0.16077,0.0,0.04561,0.0,0.0,0.0,0.0,0.0,0.0,0.0,0.02262,0.0,0.0,0.0,0.0,0.0,0.0,0.0,0.0,0.0,0.0,0.0,0.0,0.0,0.0,0.0,0.0,0.0,0.0,0.0,0.0,0.0,0.0,0.0,0.0,0.0,0.0,0.06707,0.0,0.02294,0.0,0.0,0.0,0.0,0.0,0.0,0.0,0.0,0.0,0.0,0.0,0.0,0.0,0.04445,0.0,0.0,0.0,0.0,0.0,0.08987,0.0,0.0
80,Hippolytus (Seneca's Fourth Tragedy),"Seneca, Lucius AnnaeusStudley, John",1,133,1581,tragedy,tragedy,tragedy,britdrama,Translation;Nonprofessional;Closet/Unacted,Translation,15084,0.27526,0.0,0.0,0.0,0.0,0.72474,0.0,0.0,0.0,0.0,0.0,0.0,0.0,0.0,0.0,0.0,0.0,0.0,0.0,0.0,0.0,0.0,0.0,0.0,0.0,0.0,0.0,0.03553,0.0,0.0,0.1015,0.0,0.0,0.0,0.0,0.0,0.0,0.0,0.0,0.0,0.0,0.0,0.10123,0.0,0.03699,0.0,0.0,0.0,0.0,0.0,0.0,0.0,0.0,0.0,0.0,0.0,0.0,0.0,0.0,0.0,0.0,0.0,0.0,0.0,0.0,0.0,0.0,0.0,0.0
438,"Hoffman, or A Revenge for a Father","Chettle, Henry",1,951,1631,tragedy,tragedy,tragedy,britdrama,Adult Professional;Professional,Adult Professional,19448,0.45948,0.0,0.0508,0.02643,0.0,0.46329,0.27946,0.10191,0.0,0.02617,0.0,0.0,0.0,0.0,0.0,0.0,0.0,0.0,0.0,0.0,0.02628,0.0,0.0,0.0,0.0,0.0,0.0,0.0,0.0,0.0,0.0,0.0,0.0,0.0,0.0,0.0508,0.0,0.0,0.0,0.0,0.0,0.0,0.0,0.0,0.02566,0.0,0.0,0.0,0.0,0.0,0.0,0.0,0.0,0.0,0.02643,0.0,0.0,0.0,0.0,0.0,0.0,0.0,0.0,0.0,0.0,0.0,0.0,0.0,0.0
560,Imperiale,"Freeman, Ralph",1,1106,1639,not in BritDrama,tragedy,tragedy,annals,Closet/Unacted;Nonprofessional,Closet/Unacted,14120,0.28576,0.0,0.0,0.0,0.0,0.71424,0.0,0.21445,0.0,0.0,0.0352,0.0,0.0,0.0,0.03612,0.0,0.0,0.0,0.0,0.0,0.0,0.0,0.0,0.0,0.0,0.0,0.0,0.0,0.0,0.0,0.0,0.0,0.0,0.0,0.0,0.0,0.0,0.0,0.0,0.0,0.0,0.0,0.0,0.0,0.0,0.0,0.0,0.0,0.0,0.0,0.0,0.0,0.0,0.0,0.0,0.0,0.0,0.0,0.0,0.0,0.0,0.0,0.0,0.0,0.0,0.0,0.0,0.0,0.0
61,Jocasta,"Gascoigne, GeorgeKinwelmershe, FrancisYelverton, ChristopherEuripidesDolce, Lodovico",1,106,1573,tragedy,tragedy,tragedy,britdrama,Translation;Nonprofessional;University/Inns of Court,Translation,21947,0.34187,0.0,0.0,0.0,0.0,0.65813,0.0,0.0,0.0,0.0,0.0,0.0,0.0,0.0,0.0,0.0,0.0,0.0,0.0,0.0,0.0,0.0,0.0,0.0,0.0,0.0,0.0,0.0,0.0,0.0,0.0221,0.02255,0.0,0.0,0.0,0.0,0.0,0.0,0.0,0.0,0.27448,0.0,0.0,0.0,0.0,0.0,0.0,0.0,0.0,0.0,0.0,0.0,0.0,0.0,0.0,0.0,0.02274,0.0,0.0,0.0,0.0,0.0,0.0,0.0,0.0,0.0,0.0,0.0,0.0
261,Julius Caesar,"Alexander, William",1,611,1607,tragedy,tragedy,tragedy,britdrama,Closet/Unacted;Nonprofessional,Closet/Unacted,24464,0.65541,0.0,0.0,0.0,0.0,0.34459,0.0,0.02052,0.63489,0.0,0.0,0.0,0.0,0.0,0.0,0.0,0.0,0.0,0.0,0.0,0.0,0.0,0.0,0.0,0.0,0.0,0.0,0.0,0.0,0.0,0.0,0.0,0.0,0.0,0.0,0.0,0.0,0.0,0.0,0.0,0.0,0.0,0.0,0.0,0.0,0.0,0.0,0.0,0.0,0.0,0.0,0.0,0.0,0.0,0.0,0.0,0.0,0.0,0.0,0.0,0.0,0.0,0.0,0.0,0.0,0.0,0.0,0.0,0.0
403,Julius Caesar,"Shakespeare, William",1,886,1623,tragedy,tragedy,tragedy,britdrama,Adult Professional;Professional,Adult Professional,19158,0.5855,0.0,0.0,0.02631,0.0,0.38819,0.0,0.02599,0.53508,0.0,0.0,0.0,0.0,0.0,0.0,0.0,0.0,0.0,0.0,0.0,0.0,0.0,0.0,0.0,0.0,0.0,0.0,0.0,0.0,0.0,0.0,0.0,0.0,0.0,0.0,0.0,0.0,0.0,0.0,0.0,0.0,0.0,0.0,0.0,0.0,0.0,0.0,0.0,0.0,0.0,0.0,0.0,0.0,0.0,0.0,0.0,0.0,0.0,0.02443,0.02631,0.0,0.0,0.0,0.0,0.0,0.0,0.0,0.0,0.0
265,King Lear,"Shakespeare, William",1,623,1608,tragedy,tragedy,tragedy,britdrama,Adult Professional;Professional,Adult Professional,24385,0.22596,0.0,0.14205,0.0,0.0,0.63199,0.08103,0.0413,0.0,0.0,0.0,0.0,0.0,0.0,0.0,0.0,0.0,0.06164,0.0,0.0,0.0,0.0,0.0,0.0,0.0,0.0,0.0,0.0,0.0,0.0,0.0,0.0,0.0,0.0,0.0,0.14205,0.0,0.0,0.0,0.0,0.0,0.0,0.0,0.0,0.0,0.0,0.0,0.0,0.0,0.0,0.0,0.0,0.0,0.0,0.0,0.0,0.0,0.02112,0.02087,0.0,0.0,0.0,0.0,0.0,0.0,0.0,0.0,0.0,0.0
136,"Locrine, the Eldest Son of King Brutus","S., W.",1,263,1595,tragedy,history;pseudo-history,tragedy,britdrama,Adult Professional;Professional,Adult Professional,15336,0.37911,0.0,0.0,0.0,0.0,0.62089,0.0,0.06221,0.0,0.0,0.03267,0.0,0.0,0.06658,0.0,0.0,0.0,0.0,0.0,0.0,0.0,0.0,0.0,0.0641,0.0,0.0,0.0,0.02869,0.0,0.0,0.0,0.0,0.0,0.0,0.03221,0.0,0.0,0.0,0.0,0.0,0.0,0.0,0.06051,0.0,0.0,0.0,0.0,0.0,0.0,0.0,0.0,0.0,0.03215,0.0,0.0,0.0,0.0,0.0,0.0,0.0,0.0,0.0,0.0,0.0,0.0,0.0,0.0,0.0,0.0
418,"Lodovic Sforza, Duke of Milan","Gomersall, Robert",1,911,1628,tragedy,tragedy,tragedy,britdrama,Closet/Unacted;Nonprofessional,Closet/Unacted,15756,0.59419,0.0,0.0,0.02996,0.0,0.37586,0.06283,0.217,0.0,0.0,0.0,0.0,0.0,0.0,0.0,0.0,0.28046,0.0,0.0,0.0,0.0,0.0,0.0,0.0,0.0,0.02996,0.0,0.0,0.0,0.0,0.0,0.03389,0.0,0.0,0.0,0.0,0.0,0.0,0.0,0.0,0.0,0.0,0.0,0.0,0.0,0.0,0.0,0.0,0.0,0.0,0.0,0.0,0.0,0.0,0.0,0.0,0.0,0.0,0.0,0.0,0.0,0.0,0.0,0.0,0.0,0.0,0.0,0.0,0.0
573,Love's Cruelty,"Shirley, James",1,1126,1640,tragedy,tragedy,tragedy,britdrama,Adult Professional;Professional,Adult Professional,16421,0.69478,0.0,0.0,0.0,0.0,0.30522,0.42287,0.12173,0.0,0.0,0.03106,0.0,0.0,0.0,0.0,0.0,0.0,0.0,0.0,0.0,0.0,0.0,0.0,0.0,0.0,0.0,0.0,0.0,0.0,0.05944,0.0,0.0,0.0,0.0,0.0,0.0,0.0,0.0,0.0,0.0,0.0,0.0,0.0,0.0,0.0,0.0,0.0,0.0,0.0,0.0,0.0,0.0,0.0,0.0,0.0,0.05968,0.0,0.0,0.0,0.0,0.0,0.0,0.0,0.0,0.0,0.0,0.0,0.0,0.0
478,Love's Sacrifice,"Ford, John",1,1001,1633,tragedy,tragedy,tragedy,britdrama,Professional;Adult Professional,Professional,20288,0.70869,0.0,0.0,0.0,0.0,0.29131,0.56393,0.0,0.0,0.0,0.0,0.0,0.0,0.0,0.0,0.0,0.0,0.0,0.0,0.0,0.0,0.0,0.02341,0.0,0.0,0.0,0.0,0.0,0.0,0.04944,0.0,0.0,0.02302,0.02469,0.0,0.0,0.0,0.0,0.0242,0.0,0.0,0.0,0.0,0.0,0.0,0.0,0.0,0.0,0.0,0.0,0.0,0.0,0.0,0.0,0.0,0.0,0.0,0.0,0.0,0.0,0.0,0.0,0.0,0.0,0.0,0.0,0.0,0.0,0.0
404,Macbeth,"Shakespeare, WilliamMiddleton, Thomas",1,888,1623,tragedy,tragedy,tragedy,britdrama,Adult Professional;Professional,Adult Professional,16459,0.2118,0.0,0.0,0.0,0.0,0.7882,0.0,0.03074,0.0,0.02959,0.0,0.0,0.0,0.0,0.0,0.0,0.0,0.0,0.0,0.0,0.0,0.0,0.0,0.0,0.05948,0.0,0.0,0.0,0.0,0.0,0.0,0.02953,0.0,0.0,0.0,0.0,0.0,0.0,0.0,0.0,0.0,0.0,0.0,0.0,0.0,0.0,0.0,0.0,0.0,0.0,0.0,0.0,0.0,0.0,0.0,0.0,0.0,0.03214,0.0,0.0,0.0,0.0,0.03032,0.0,0.0,0.0,0.0,0.0,0.0
107,Master Arden of Faversham in Kent,"AnonymousKyd, ThomasShakespeare, WilliamWatson, Thomas",1,183,1592,tragedy,tragedy,tragedy,britdrama,Adult Professional;Professional,Adult Professional,19609,0.17568,0.0,0.0,0.0,0.0,0.82432,0.0,0.12453,0.0,0.0,0.05115,0.0,0.0,0.0,0.0,0.0,0.0,0.0,0.0,0.0,0.0,0.0,0.0,0.0,0.0,0.0,0.0,0.0,0.0,0.0,0.0,0.0,0.0,0.0,0.0,0.0,0.0,0.0,0.0,0.0,0.0,0.0,0.0,0.0,0.0,0.0,0.0,0.0,0.0,0.0,0.0,0.0,0.0,0.0,0.0,0.0,0.0,0.0,0.0,0.0,0.0,0.0,0.0,0.0,0.0,0.0,0.0,0.0,0.0
44,Medea (Seneca's Seventh Tragedy),"Seneca, Lucius AnnaeusStudley, John",1,79,1566,tragedy,tragedy,tragedy,britdrama,Translation;Nonprofessional;Closet/Unacted,Translation,15253,0.37665,0.0,0.0,0.03075,0.0,0.5926,0.0,0.10208,0.0,0.0,0.0,0.0,0.0,0.0,0.0,0.0,0.0,0.0,0.0,0.0,0.0,0.0,0.0,0.0,0.0,0.03075,0.10352,0.0,0.0,0.0,0.0,0.0,0.0,0.0,0.0,0.0,0.0,0.0,0.0,0.0,0.0,0.0,0.10149,0.0,0.0,0.0,0.0,0.0,0.0,0.0,0.0,0.0,0.0,0.0,0.0,0.0,0.0,0.0,0.0,0.0,0.0,0.0,0.06956,0.0,0.0,0.0,0.0,0.0,0.0
578,"Messalina, the Roman Empress","Richards, Nathaniel",1,1131,1640,tragedy,tragedy,tragedy,britdrama,Adult Professional;Professional,Adult Professional,15661,0.45591,0.0,0.0,0.0,0.0,0.54409,0.0,0.03499,0.09578,0.0,0.03256,0.0,0.0,0.0,0.0,0.03231,0.0,0.0,0.0,0.0,0.0,0.0,0.0,0.0,0.0,0.0,0.0,0.03193,0.0,0.0,0.0,0.0,0.0,0.0,0.0,0.0,0.0,0.0,0.0,0.0,0.0,0.0,0.06277,0.0,0.0,0.0,0.03435,0.0,0.0,0.0,0.0,0.0,0.0,0.0,0.0,0.0,0.0,0.0,0.0,0.0,0.0,0.0,0.0,0.0,0.0,0.0,0.13122,0.0,0.0
278,Mustapha,"Greville, Fulke",1,656,1633,tragedy,tragedy,tragedy,britdrama,Closet/Unacted;Nonprofessional,Closet/Unacted,20710,0.69488,0.0,0.0,0.0,0.0,0.30512,0.0,0.07204,0.0,0.0,0.0,0.0,0.0,0.0,0.0,0.0,0.0,0.0,0.0,0.0,0.0,0.0,0.0,0.0,0.0,0.0,0.0,0.0,0.0,0.0,0.0,0.62284,0.0,0.0,0.0,0.0,0.0,0.0,0.0,0.0,0.0,0.0,0.0,0.0,0.0,0.0,0.0,0.0,0.0,0.0,0.0,0.0,0.0,0.0,0.0,0.0,0.0,0.0,0.0,0.0,0.0,0.0,0.0,0.0,0.0,0.0,0.0,0.0,0.0
410,Nero (Piso's Conspiracy),Anonymous,1,899,1624,tragedy,tragedy,tragedy,britdrama,Unknown;Nonprofessional;Professional,Unknown,17382,0.60425,0.0,0.0,0.0,0.0,0.39575,0.0,0.05822,0.43378,0.0,0.0,0.0,0.0,0.0,0.0,0.0,0.02882,0.0,0.0,0.0,0.02836,0.0,0.0,0.0,0.0,0.0,0.0,0.0,0.0,0.0,0.02704,0.0,0.0,0.0,0.0,0.0,0.0,0.0,0.0,0.0,0.0,0.0,0.0,0.0,0.0,0.0,0.0,0.0,0.0,0.0,0.0,0.0,0.0,0.0,0.0,0.0,0.0,0.0,0.0,0.0,0.0,0.0,0.0,0.0,0.0,0.0,0.02802,0.0,0.0
45,Octavia (Seneca's Ninth Tragedy),"Seneca, Lucius AnnaeusNuce, ThomasPseudo-Seneca",1,81,1566,tragedy,tragedy,tragedy,britdrama,Translation;Nonprofessional;Closet/Unacted,Translation,11508,0.26434,0.0,0.0,0.0,0.0,0.73566,0.0,0.0,0.08672,0.0,0.0,0.0,0.0,0.0,0.0,0.0,0.0,0.0,0.04449,0.0,0.0,0.0,0.0,0.0,0.0,0.0,0.0,0.0,0.0,0.0,0.0,0.04345,0.0,0.0,0.0,0.0,0.0,0.0,0.0,0.0,0.0,0.0,0.04571,0.0,0.0,0.0,0.04397,0.0,0.0,0.0,0.0,0.0,0.0,0.0,0.0,0.0,0.0,0.0,0.0,0.0,0.0,0.0,0.0,0.0,0.0,0.0,0.0,0.0,0.0
36,Oedipus (Seneca's Fifth Tragedy),"Seneca, Lucius AnnaeusNeville, Alexander",1,65,1581,tragedy,tragedy,tragedy,britdrama,Translation;Nonprofessional;Closet/Unacted,Translation,12868,0.46355,0.0,0.0,0.0,0.0,0.53645,0.0,0.03901,0.0,0.0,0.0,0.0,0.0,0.0,0.0,0.0,0.0,0.0,0.0,0.0,0.0,0.0,0.0,0.0,0.0,0.0,0.0,0.0,0.03761,0.0,0.0,0.07732,0.0,0.0,0.0,0.0,0.0,0.0,0.0,0.0,0.03816,0.0,0.27145,0.0,0.0,0.0,0.0,0.0,0.0,0.0,0.0,0.0,0.0,0.0,0.0,0.0,0.0,0.0,0.0,0.0,0.0,0.0,0.0,0.0,0.0,0.0,0.0,0.0,0.0
485,Orestes,"Goffe, Thomas",1,1008,1633,tragedy,tragedy,tragedy,britdrama,University/Inns of Court;Nonprofessional,University/Inns of Court,18601,0.46831,0.0,0.0,0.0,0.0,0.53169,0.0,0.2352,0.0,0.02645,0.0,0.0,0.0,0.05016,0.0,0.0,0.0,0.0,0.0,0.0,0.0,0.0,0.0,0.0,0.0,0.0,0.0,0.0,0.0,0.0,0.0,0.0,0.0,0.0,0.0,0.0,0.0,0.0,0.0,0.0,0.02618,0.0,0.1044,0.0,0.0,0.0,0.0,0.0,0.0,0.0,0.0,0.0,0.0,0.0,0.0,0.0,0.0,0.0,0.0,0.0,0.0,0.0,0.02591,0.0,0.0,0.0,0.0,0.0,0.0
379,"Othello, the Moor of Venice","Shakespeare, William",1,839,1623,tragedy,tragedy,tragedy,britdrama,Adult Professional;Professional,Adult Professional,25772,0.25097,0.0,0.0,0.0,0.0,0.74903,0.05894,0.05789,0.0,0.0,0.03946,0.01936,0.0,0.0,0.0,0.0,0.0,0.0,0.0,0.0,0.0,0.0,0.0,0.0,0.0,0.0,0.0,0.0,0.0,0.05603,0.0,0.0,0.0,0.0,0.0,0.0,0.0,0.0,0.0,0.0,0.0,0.0,0.0,0.0,0.0,0.0,0.0,0.0,0.0,0.0,0.0,0.0,0.0,0.0,0.0,0.0,0.01928,0.0,0.0,0.0,0.0,0.0,0.0,0.0,0.0,0.0,0.0,0.0,0.0
143,Romeo and Juliet,"Shakespeare, William",1,294,1623,tragedy,tragedy,tragedy,britdrama,Adult Professional;Professional,Adult Professional,23837,0.34908,0.0,0.0,0.0,0.0,0.65092,0.0,0.02043,0.0,0.0,0.122,0.0,0.0,0.0,0.0,0.0,0.0,0.0,0.0,0.0,0.0,0.14381,0.0,0.0,0.0,0.0,0.0,0.0,0.0,0.0,0.0,0.0,0.0,0.0,0.0,0.0,0.0,0.0,0.0,0.02135,0.0,0.0,0.0,0.0,0.0,0.0,0.0,0.0,0.0,0.0,0.0,0.0,0.0,0.0,0.0,0.0,0.0,0.0,0.02098,0.0,0.0,0.02051,0.0,0.0,0.0,0.0,0.0,0.0,0.0
216,Sejanus His Fall,"Jonson, Ben",1,512,1616,tragedy,tragedy,tragedy,britdrama,Adult Professional;Professional,Adult Professional,25820,0.74919,0.0,0.0,0.0201,0.0,0.23071,0.0,0.0,0.65314,0.05794,0.0,0.0,0.0,0.0,0.0,0.0,0.0,0.0,0.0,0.0,0.0,0.0,0.0,0.0,0.0,0.0201,0.0,0.0,0.0,0.0,0.0,0.03811,0.0,0.0,0.0,0.0,0.0,0.0,0.0,0.0,0.0,0.0,0.0,0.0,0.0,0.0,0.0,0.0,0.0,0.0,0.0,0.0,0.0,0.0,0.0,0.0,0.0,0.0,0.0,0.0,0.0,0.0,0.0,0.0,0.0,0.0,0.0,0.0,0.0
599,"Sicily and Naples, or The Fatal Union","Harding, Samuel",1,1153,1640,not in BritDrama,tragedy,tragedy,annals,University/Inns of Court;Closet/Unacted;Nonprofessional,University/Inns of Court,18937,0.34235,0.0,0.0,0.07784,0.0,0.57982,0.0,0.13107,0.0,0.05143,0.0,0.0,0.0,0.0,0.0,0.0,0.0,0.02624,0.0,0.0,0.02688,0.0,0.0,0.0,0.0,0.02598,0.02619,0.0,0.0,0.0,0.0,0.0,0.02746,0.0,0.0,0.0,0.0,0.0,0.0,0.0,0.0,0.0,0.0,0.0,0.0264,0.0,0.0,0.0,0.0,0.0,0.0,0.0,0.0,0.0,0.02598,0.0,0.02667,0.0,0.0,0.02588,0.0,0.0,0.0,0.0,0.0,0.0,0.0,0.0,0.0
109,Soliman and Perseda (Zulziman),Anonymous,1,188,1592,tragedy,tragedy,tragedy,britdrama,Adult Professional;Professional,Adult Professional,17537,0.22877,0.0,0.0,0.05611,0.0,0.71512,0.0,0.08228,0.0,0.0,0.028,0.0,0.05999,0.0,0.0,0.0,0.0,0.0,0.0,0.05611,0.0,0.0,0.0,0.03102,0.0,0.0,0.0,0.0,0.0,0.02748,0.0,0.0,0.0,0.0,0.0,0.0,0.0,0.0,0.0,0.0,0.0,0.0,0.0,0.0,0.0,0.0,0.0,0.0,0.0,0.0,0.0,0.0,0.0,0.0,0.0,0.0,0.0,0.0,0.0,0.0,0.0,0.0,0.0,0.0,0.0,0.0,0.0,0.0,0.0
104,Tancred and Gismund (Gismond of Salerne),"Wilmot, RobertHatton, ChristopherNoel, HenryAl., G.Stafford, Roderick",1,178,1591,tragedy,tragedy,tragedy,britdrama,University/Inns of Court;Nonprofessional,University/Inns of Court,14347,0.2434,0.0,0.0,0.0,0.0,0.7566,0.0,0.10358,0.0,0.0,0.0,0.0,0.0,0.0,0.0,0.0,0.0,0.0,0.0,0.0,0.0,0.0,0.0,0.0,0.03513,0.0,0.0,0.03534,0.0,0.0,0.0,0.0,0.0,0.0,0.0,0.0,0.0,0.0,0.0,0.0,0.0,0.0,0.0352,0.0,0.03415,0.0,0.0,0.0,0.0,0.0,0.0,0.0,0.0,0.0,0.0,0.0,0.0,0.0,0.0,0.0,0.0,0.0,0.0,0.0,0.0,0.0,0.0,0.0,0.0
260,The Alexandraean Tragedy,"Alexander, William",1,608,1607,tragedy,tragedy,tragedy,britdrama,Closet/Unacted;Nonprofessional,Closet/Unacted,26573,0.16566,0.0,0.0,0.03744,0.0,0.7969,0.0,0.01833,0.01863,0.0,0.0,0.0,0.0,0.0,0.0,0.0,0.0,0.0,0.0,0.0,0.0,0.0,0.0,0.0,0.0,0.01852,0.0,0.0,0.0,0.0,0.0,0.07466,0.0,0.0,0.0,0.0,0.0,0.0,0.0,0.0,0.0,0.0,0.03564,0.0184,0.0,0.0,0.0,0.0,0.0,0.0,0.0,0.0,0.0,0.0,0.0,0.0,0.0,0.0,0.0,0.01893,0.0,0.0,0.0,0.0,0.0,0.0,0.0,0.0,0.0
293,"The Atheist's Tragedy, or The Honest Man's Revenge","Tourneur, Cyril",1,686,1611,tragedy,tragedy,tragedy,britdrama,Adult Professional;Professional,Adult Professional,20169,0.29149,0.0,0.0,0.0,0.0,0.70851,0.0,0.24141,0.0,0.02504,0.0,0.0,0.0,0.0,0.0,0.0,0.0,0.0,0.0,0.0,0.0,0.0,0.0,0.0,0.0,0.0,0.0,0.0,0.0,0.0,0.0,0.0,0.0,0.0,0.0,0.0,0.0,0.0,0.0,0.0,0.0,0.0,0.0,0.0,0.0,0.0,0.02504,0.0,0.0,0.0,0.0,0.0,0.0,0.0,0.0,0.0,0.0,0.0,0.0,0.0,0.0,0.0,0.0,0.0,0.0,0.0,0.0,0.0,0.0
127,The Battle of Alcazar,"Peele, George",1,243,1594,tragedy,history;foreign history,tragedy,britdrama,Adult Professional;Professional,Adult Professional,10855,0.13883,0.0,0.0,0.0,0.0,0.86117,0.0,0.0,0.0,0.0,0.0,0.0,0.0,0.0,0.0,0.0,0.0,0.0,0.0,0.0,0.0,0.0,0.0,0.0901,0.0,0.0,0.0,0.0,0.0,0.0,0.0,0.0,0.0,0.0,0.0,0.0,0.0,0.0,0.0,0.0,0.0,0.0,0.0,0.0,0.0,0.0,0.0,0.0,0.0,0.0,0.0,0.0,0.0,0.0,0.0,0.0,0.0,0.0,0.0,0.0,0.0,0.0,0.0,0.0,0.0,0.04873,0.0,0.0,0.0
567,The Bloody Banquet,"Dekker, ThomasMiddleton, Thomas",1,1117,1639,tragedy,tragedy,tragedy,britdrama,Boys Professional;Professional,Boys Professional,14105,0.25395,0.0,0.0,0.1045,0.0,0.64155,0.0,0.11138,0.0,0.0,0.0,0.0,0.0,0.0,0.0,0.0,0.0,0.0,0.0,0.0,0.0346,0.0,0.07132,0.0,0.0,0.0,0.0,0.0,0.0,0.0,0.0,0.0,0.0,0.0,0.0,0.0,0.0,0.0,0.03665,0.0,0.0,0.0,0.0,0.0,0.0,0.0,0.0,0.0,0.0,0.0,0.0,0.0,0.0,0.0,0.07047,0.0,0.0,0.0,0.0,0.03403,0.0,0.0,0.0,0.0,0.0,0.0,0.0,0.0,0.0
565,"The Bloody Brother (Rollo, Duke of Normandy)","Fletcher, JohnField, NathanMassinger, Philip",1,1114,1639,tragedy,tragedy,tragedy,britdrama,Adult Professional;Professional,Adult Professional,19108,0.43401,0.0,0.0,0.0,0.0,0.56599,0.20541,0.07641,0.0,0.0,0.0,0.0,0.0,0.0,0.02538,0.0,0.0,0.0,0.0,0.0,0.0,0.02543,0.0,0.0,0.0,0.0,0.0,0.0,0.0,0.0,0.0,0.0,0.0,0.0,0.0,0.0,0.0,0.0,0.0,0.0,0.0,0.0,0.0,0.0,0.0,0.0,0.02366,0.0,0.0,0.0,0.02596,0.0,0.0,0.0247,0.0,0.0,0.0,0.02706,0.0,0.0,0.0,0.0,0.0,0.0,0.0,0.0,0.0,0.0,0.0
480,The Broken Heart,"Ford, John",1,1003,1633,tragedy,tragedy,tragedy,britdrama,Professional;Adult Professional,Professional,18737,0.21129,0.0,0.0,0.10311,0.0,0.6856,0.0,0.0,0.0,0.0,0.02727,0.0,0.0,0.0,0.0,0.0,0.0,0.05342,0.0,0.0,0.05038,0.0,0.0,0.0,0.0,0.0,0.0,0.0,0.0,0.0,0.0,0.0,0.0,0.0,0.0,0.0,0.0,0.0,0.02653,0.0,0.02722,0.0,0.0,0.0,0.02647,0.0,0.0,0.0,0.0,0.0,0.0,0.0,0.0,0.0,0.10311,0.0,0.0,0.0,0.0,0.0,0.0,0.0,0.0,0.0,0.0,0.0,0.0,0.0,0.0
537,The Conspiracy (Pallantus and Eudora),"Killigrew, Henry",1,1073,1638,tragedy,tragicomedy,tragedy,britdrama,Adult Professional;Professional;Private,Adult Professional,31287,0.22364,0.0,0.0,0.0326,0.0,0.74376,0.01601,0.03302,0.0,0.0,0.0,0.0,0.0,0.0,0.0,0.01624,0.0,0.0,0.01566,0.0,0.06408,0.0,0.01534,0.0,0.0,0.0164,0.0,0.0,0.0,0.0,0.0,0.01636,0.0,0.0,0.0,0.0,0.0,0.0,0.0,0.0,0.0,0.0,0.0,0.0,0.0,0.0,0.0,0.0,0.0,0.0,0.0,0.0,0.01528,0.0,0.0,0.0,0.01646,0.0,0.0,0.0,0.0,0.0,0.0,0.0162,0.0,0.01518,0.0,0.0,0.0
458,"The Courageous Turk, or Amurath the First","Goffe, Thomas",1,975,1632,tragedy,tragedy,tragedy,britdrama,University/Inns of Court;Nonprofessional,University/Inns of Court,14483,0.4787,0.0,0.0,0.0,0.0,0.5213,0.0,0.0,0.0,0.0,0.03121,0.0,0.0,0.03432,0.0,0.03121,0.0,0.0,0.10081,0.0,0.0,0.0,0.0,0.14355,0.0,0.0,0.0,0.0,0.0,0.0,0.0,0.03452,0.03466,0.0,0.0,0.0,0.0,0.0,0.0,0.0,0.0,0.0,0.06843,0.0,0.0,0.0,0.0,0.0,0.0,0.0,0.0,0.0,0.0,0.0,0.0,0.0,0.0,0.0,0.0,0.0,0.0,0.0,0.0,0.0,0.0,0.0,0.0,0.0,0.0
427,The Cruel Brother,"Davenant, William",1,926,1630,tragedy,tragedy,tragedy,britdrama,Adult Professional;Professional,Adult Professional,17308,0.53992,0.0,0.0,0.02687,0.0,0.43321,0.31182,0.06072,0.0,0.0,0.0,0.0,0.0,0.0,0.0,0.0,0.02785,0.05656,0.0,0.0,0.0,0.0,0.0,0.0,0.0,0.02687,0.0,0.0,0.0,0.02831,0.0,0.0,0.0,0.0,0.0,0.0,0.0,0.0,0.0,0.0,0.0,0.02762,0.0,0.0,0.0,0.0,0.02704,0.0,0.0,0.0,0.0,0.0,0.0,0.0,0.0,0.0,0.0,0.0,0.0,0.0,0.0,0.0,0.0,0.0,0.0,0.0,0.0,0.0,0.0
180,"The Death of Robert, Earl of Huntingdon (2 Robin Hood)","Munday, AnthonyChettle, Henry",1,411,1601,tragedy,history,tragedy,britdrama,Adult Professional;Professional,Adult Professional,21783,0.11087,0.0,0.0,0.02204,0.0,0.8671,0.0,0.02286,0.0,0.0,0.0,0.0,0.0,0.0,0.0,0.0,0.0,0.0,0.0,0.02204,0.0,0.04421,0.0,0.0,0.02107,0.0,0.0,0.0,0.0,0.0,0.0,0.0,0.0,0.0,0.0,0.0,0.0,0.0,0.02272,0.0,0.0,0.0,0.0,0.0,0.0,0.0,0.0,0.0,0.0,0.0,0.0,0.0,0.0,0.0,0.0,0.0,0.0,0.0,0.0,0.0,0.0,0.0,0.0,0.0,0.0,0.0,0.0,0.0,0.0
254,"The Devil's Charter, or Pope Alexander the Sixth","Barnes, Barnabe",1,595,1607,tragedy,tragedy,tragedy,britdrama,Adult Professional;Professional,Adult Professional,22118,0.40053,0.0,0.0,0.0,0.0,0.59947,0.04417,0.0906,0.06664,0.0,0.0222,0.02175,0.0,0.0,0.0,0.0,0.0,0.0,0.0,0.0,0.0,0.0,0.0,0.0,0.0,0.0,0.0,0.0,0.0,0.02229,0.0,0.0,0.0,0.0,0.0,0.0,0.0,0.08839,0.0,0.0,0.0,0.0,0.0,0.0,0.0,0.0,0.02279,0.0,0.0,0.0,0.0,0.0,0.0,0.0,0.0,0.0,0.0,0.0,0.0,0.0,0.0,0.0,0.0,0.0,0.0,0.0,0.0217,0.0,0.0
389,The Duchess of Malfi,"Webster, John",1,858,1623,tragedy,tragedy,tragedy,britdrama,Adult Professional;Professional,Adult Professional,23205,0.6368,0.0,0.0,0.0,0.0,0.3632,0.25654,0.08494,0.0,0.06412,0.0,0.0,0.0,0.0,0.0,0.0,0.0,0.0,0.0,0.0,0.0,0.0,0.0,0.0,0.0,0.0,0.0,0.0,0.0,0.02146,0.0,0.0,0.04038,0.0,0.0215,0.0,0.0,0.08343,0.0212,0.0,0.0,0.0,0.0,0.0,0.0,0.0,0.0,0.0,0.0,0.0,0.0,0.0,0.0,0.02129,0.0,0.0,0.0,0.0,0.0,0.0,0.0,0.0,0.0,0.0,0.0,0.0,0.0,0.0,0.02193
386,The Duke of Milan,"Massinger, Philip",1,854,1623,tragedy,tragedy,tragedy,britdrama,Adult Professional;Professional,Adult Professional,20731,0.61102,0.0,0.0,0.0,0.0,0.38898,0.40008,0.09218,0.0,0.02393,0.0,0.0,0.0,0.0,0.0,0.0,0.04722,0.0,0.0,0.0,0.0,0.0,0.0,0.0,0.0,0.0,0.0,0.0,0.0,0.0,0.0,0.0,0.0,0.0,0.0,0.0,0.0,0.0,0.0,0.0,0.0,0.0,0.0,0.0,0.0,0.0,0.0,0.0,0.0,0.0,0.0,0.0,0.0,0.0,0.0,0.0,0.0,0.0,0.0,0.0,0.0,0.0,0.0,0.0,0.0,0.02393,0.02368,0.0,0.0
464,The Fatal Dowry,"Field, NathanMassinger, Philip",1,982,1632,tragedy,tragedy,tragedy,britdrama,Adult Professional;Professional,Adult Professional,20596,0.28253,0.0,0.0,0.0,0.0,0.71747,0.0,0.18334,0.0,0.0,0.0,0.0,0.0,0.0,0.0,0.0,0.0,0.0,0.0,0.0,0.0,0.0,0.0,0.0,0.0,0.0,0.0,0.0,0.0,0.02491,0.0,0.0,0.0,0.0,0.02462,0.0,0.0,0.0,0.0,0.0,0.0,0.0,0.0,0.0,0.0,0.0,0.0,0.0,0.0,0.0,0.0,0.0,0.02476,0.0,0.0,0.02491,0.0,0.0,0.0,0.0,0.0,0.0,0.0,0.0,0.0,0.0,0.0,0.0,0.0
315,The Insatiate Countess,"Marston, JohnMachin, LewisBarkstead, William",1,721,1613,tragedy,tragedy,tragedy,britdrama,Boys Professional;Professional,Boys Professional,19879,0.29664,0.0,0.0,0.0243,0.0,0.67906,0.0,0.17149,0.0,0.0,0.04895,0.0,0.0,0.0,0.0,0.0,0.0,0.0,0.0,0.0,0.0,0.0,0.0,0.0,0.0,0.0,0.0,0.0,0.0,0.05146,0.0,0.0,0.0,0.0,0.0,0.0,0.0,0.0,0.0,0.0,0.0,0.0,0.0,0.0,0.0,0.0,0.0,0.0,0.0,0.0,0.0,0.02475,0.0,0.0,0.0243,0.0,0.0,0.0,0.0,0.0,0.0,0.0,0.0,0.0,0.0,0.0,0.0,0.0,0.0
48,The Interlude of Vice (Orestes),"Pickering, John",1,85,1567,tragedy,morality;interlude,tragedy,britdrama,Interlude;Nonprofessional,Interlude,11992,0.29361,0.0,0.0,0.0,0.0,0.70639,0.0,0.25142,0.0,0.0,0.0,0.0,0.0,0.0,0.0,0.0,0.0,0.0,0.0,0.0,0.0,0.0,0.0,0.0,0.0,0.0,0.0,0.0,0.0,0.0,0.0,0.0,0.0,0.0,0.0,0.0,0.0,0.0,0.0,0.0,0.04219,0.0,0.0,0.0,0.0,0.0,0.0,0.0,0.0,0.0,0.0,0.0,0.0,0.0,0.0,0.0,0.0,0.0,0.0,0.0,0.0,0.0,0.0,0.0,0.0,0.0,0.0,0.0,0.0
475,The Jew of Malta,"Marlowe, Christopher",1,998,1633,tragedy,tragedy,tragedy,britdrama,Adult Professional;Professional,Adult Professional,18305,0.32603,0.0,0.0,0.0,0.0,0.67397,0.0,0.08134,0.0,0.0,0.0,0.0,0.02863,0.0,0.0,0.02704,0.0,0.026,0.0,0.0,0.0,0.10921,0.0,0.0,0.0,0.0,0.0,0.0,0.0,0.0,0.0,0.0,0.0,0.0,0.0,0.0,0.0,0.0,0.0,0.0265,0.0,0.0,0.0,0.0,0.0,0.0,0.0,0.0,0.0,0.0,0.0,0.0,0.0,0.0,0.0,0.0,0.0,0.0,0.0,0.0,0.0,0.0,0.0,0.0,0.0,0.0,0.02731,0.0,0.0
562,The Maid's Revenge,"Shirley, James",1,1111,1639,tragedy,tragedy,tragedy,britdrama,Adult Professional;Professional,Adult Professional,17416,0.46044,0.0,0.0,0.0,0.0,0.53956,0.0,0.11679,0.0,0.14286,0.02768,0.0,0.0,0.0,0.0,0.0,0.0,0.17312,0.0,0.0,0.0,0.0,0.0,0.0,0.0,0.0,0.0,0.0,0.0,0.0,0.0,0.0,0.0,0.0,0.0,0.0,0.0,0.0,0.0,0.0,0.0,0.0,0.0,0.0,0.0,0.0,0.0,0.0,0.0,0.0,0.0,0.0,0.0,0.0,0.0,0.0,0.0,0.0,0.0,0.0,0.0,0.0,0.0,0.0,0.0,0.0,0.0,0.0,0.0
357,The Maid's Tragedy,"Beaumont, FrancisFletcher, John",1,800,1619,tragedy,tragedy,tragedy,britdrama,Adult Professional;Professional,Adult Professional,20954,0.36141,0.0,0.0,0.02315,0.0,0.61544,0.0,0.19361,0.0,0.0,0.02391,0.0,0.0,0.0,0.0,0.0,0.0,0.0964,0.02272,0.0,0.0,0.0,0.0,0.0,0.0,0.0,0.0,0.0,0.0,0.0,0.0,0.0,0.0,0.0,0.0,0.0,0.0,0.0,0.0,0.0,0.0,0.0,0.0,0.0,0.0,0.0,0.02477,0.02315,0.0,0.0,0.0,0.0,0.0,0.0,0.0,0.0,0.0,0.0,0.0,0.0,0.0,0.0,0.0,0.0,0.0,0.0,0.0,0.0,0.0
133,The Massacre at Paris,"Marlowe, Christopher",1,260,1596,tragedy,history;foreign history,tragedy,britdrama,Adult Professional;Professional,Adult Professional,9614,0.20637,0.0,0.0,0.0,0.0,0.79363,0.0,0.0,0.0,0.0,0.0,0.0,0.0,0.0,0.0,0.0,0.0,0.0,0.0,0.0,0.0,0.05066,0.0,0.0,0.0,0.0,0.0,0.0,0.0,0.0,0.0,0.0,0.0,0.0,0.0,0.0,0.0,0.15571,0.0,0.0,0.0,0.0,0.0,0.0,0.0,0.0,0.0,0.0,0.0,0.0,0.0,0.0,0.0,0.0,0.0,0.0,0.0,0.0,0.0,0.0,0.0,0.0,0.0,0.0,0.0,0.0,0.0,0.0,0.0
249,The Miseries of Enforced Marriage,"Wilkins, George",1,586,1607,tragedy,domestic drama,tragedy,britdrama,Adult Professional;Professional,Adult Professional,23503,0.38055,0.0,0.0,0.0194,0.0,0.60005,0.0,0.02302,0.0,0.0197,0.0,0.0,0.04199,0.0,0.0,0.0,0.0,0.02,0.0,0.0,0.0,0.0,0.0,0.0,0.0,0.0,0.0,0.0,0.0,0.0,0.0,0.0,0.0,0.01983,0.02076,0.0,0.0,0.0,0.0,0.0,0.0,0.0,0.0,0.0,0.0,0.0,0.06378,0.0194,0.0,0.0,0.02132,0.0,0.0,0.0,0.0,0.02212,0.0,0.0,0.12803,0.0,0.0,0.0,0.0,0.0,0.0,0.0,0.0,0.0,0.0
89,The Misfortunes of Arthur (Certain Devices and Shows Presented to Her Majesty),"Hughes, ThomasFulbecke, William",1,150,1587,tragedy,tragedy,tragedy,britdrama,University/Inns of Court;Nonprofessional,University/Inns of Court,17368,0.25535,0.0,0.0,0.0,0.0,0.74465,0.0,0.08729,0.05867,0.0,0.0,0.0,0.0,0.0,0.0,0.0,0.0,0.0,0.0,0.0,0.0,0.0,0.0,0.0,0.0,0.0,0.0,0.0,0.0,0.0,0.0,0.1094,0.0,0.0,0.0,0.0,0.0,0.0,0.0,0.0,0.0,0.0,0.0,0.0,0.0,0.0,0.0,0.0,0.0,0.0,0.0,0.0,0.0,0.0,0.0,0.0,0.0,0.0,0.0,0.0,0.0,0.0,0.0,0.0,0.0,0.0,0.0,0.0,0.0
490,"The Noble Spanish Soldier (The Noble Soldier, or A Contract Broken Justly Revenged)","Dekker, Thomas",1,1016,1634,tragedy,history;pseudo-history;foreign history,tragedy,britdrama,Adult Professional;Professional,Adult Professional,13587,0.44366,0.0,0.0,0.0,0.0,0.55634,0.03812,0.07235,0.0,0.0,0.0,0.0,0.0,0.0,0.0,0.0,0.0,0.0,0.0,0.0,0.0,0.03577,0.0,0.0,0.0,0.0,0.0,0.0,0.0,0.0,0.0,0.0,0.0,0.0,0.0,0.0,0.0,0.0,0.0,0.0,0.0,0.0,0.0,0.0,0.0,0.0,0.0,0.0,0.0,0.0,0.0,0.0,0.0,0.0,0.0,0.0,0.07456,0.0,0.0,0.0,0.0,0.0,0.0,0.0,0.0,0.22286,0.0,0.0,0.0
569,The Phoenix in Her Flames,"Lower, William",1,1120,1639,not in BritDrama,tragedy,tragedy,annals,Professional;Closet/Unacted,Professional,22829,0.60414,0.0,0.0,0.02216,0.0,0.37369,0.0,0.0,0.0,0.04157,0.0,0.0,0.0,0.0,0.02199,0.0,0.0,0.0,0.0,0.0,0.12484,0.0,0.0,0.37413,0.0,0.0,0.0,0.0,0.0,0.0,0.0,0.0,0.0,0.0,0.0,0.0,0.0,0.0,0.0,0.0,0.0,0.0,0.0,0.0,0.0,0.0,0.0,0.0,0.0,0.0,0.0,0.0,0.0212,0.0,0.02216,0.0,0.02041,0.0,0.0,0.0,0.0,0.0,0.0,0.0,0.0,0.0,0.0,0.0,0.0
447,"The Raging Turk, or Bajazet the Second","Goffe, Thomas",1,961,1631,tragedy,tragedy,tragedy,britdrama,University/Inns of Court;Nonprofessional,University/Inns of Court,25621,0.20128,0.0,0.0,0.0,0.0,0.79872,0.0,0.04079,0.02033,0.0,0.0,0.0,0.0,0.0,0.0,0.0,0.0,0.0,0.0,0.0,0.0,0.0,0.0,0.09968,0.0,0.0,0.0,0.0,0.0,0.0,0.0,0.02127,0.0,0.0,0.0,0.0,0.0,0.0,0.0,0.0,0.0,0.0,0.0,0.0,0.0,0.0,0.0,0.0,0.0,0.0,0.0,0.0,0.0,0.0,0.0,0.0,0.0192,0.0,0.0,0.0,0.0,0.0,0.0,0.0,0.0,0.0,0.0,0.0,0.0
273,The Rape of Lucrece,"Heywood, Thomas",1,642,1608,tragedy,tragedy,tragedy,britdrama,Adult Professional;Professional,Adult Professional,19668,0.446,0.0,0.0,0.05115,0.0,0.50285,0.0,0.05049,0.32093,0.0,0.02502,0.0,0.0,0.0,0.0,0.0,0.0,0.0,0.0,0.0,0.02491,0.0,0.0,0.0,0.0,0.0,0.0,0.0,0.0,0.0,0.0,0.0,0.0,0.0,0.0,0.0,0.0,0.0,0.0,0.0,0.0,0.0,0.0,0.0,0.02466,0.0,0.0,0.0,0.0,0.0,0.0,0.0,0.0,0.0,0.0,0.0,0.0,0.0,0.0,0.05115,0.0,0.0,0.0,0.0,0.0,0.0,0.0,0.0,0.0
582,The Rebellion,"Rawlins, Thomas",1,1135,1640,tragedy,tragedy,tragedy,britdrama,Adult Professional;Professional,Adult Professional,15822,0.16003,0.0,0.0,0.0,0.0,0.83997,0.0,0.06282,0.0,0.0,0.03527,0.0,0.0,0.0,0.0,0.03091,0.03103,0.0,0.0,0.0,0.0,0.0,0.0,0.0,0.0,0.0,0.0,0.0,0.0,0.0,0.0,0.0,0.0,0.0,0.0,0.0,0.0,0.0,0.0,0.0,0.0,0.0,0.0,0.0,0.0,0.0,0.0,0.0,0.0,0.0,0.0,0.0,0.0,0.0,0.0,0.0,0.0,0.0,0.0,0.0,0.0,0.0,0.0,0.0,0.0,0.0,0.0,0.0,0.0
307,The Revenge of Bussy D'Ambois,"Chapman, George",1,710,1613,tragedy,tragedy,tragedy,britdrama,Boys Professional;Professional,Boys Professional,19449,0.38712,0.0,0.0,0.0,0.0,0.61288,0.0,0.07296,0.0273,0.0,0.0,0.02643,0.0,0.0,0.0,0.02509,0.0,0.02617,0.0,0.0,0.0,0.0,0.0,0.0,0.02571,0.0,0.0,0.0,0.0,0.02648,0.0,0.05476,0.0,0.0,0.0,0.0,0.0,0.0,0.0,0.0,0.0,0.0,0.0,0.0,0.0,0.0,0.05244,0.0,0.0,0.0,0.0,0.0,0.0,0.0,0.0,0.0,0.02566,0.0,0.0,0.0,0.0,0.0,0.0,0.0,0.0,0.0,0.02411,0.0,0.0
253,The Revenger's Tragedy,"Middleton, Thomas",1,594,1607,tragedy,tragedy,tragedy,britdrama,Adult Professional;Professional,Adult Professional,19582,0.72204,0.0,0.0,0.0,0.0,0.27796,0.64942,0.0,0.0,0.0,0.0,0.0,0.02375,0.0,0.0,0.0,0.0,0.0,0.0,0.0,0.0,0.0,0.0,0.0,0.0,0.0,0.0,0.0,0.0,0.0,0.0,0.0,0.0,0.0,0.0,0.0,0.0,0.0,0.0,0.024,0.0,0.0,0.0,0.0,0.0,0.0,0.02487,0.0,0.0,0.0,0.0,0.0,0.0,0.0,0.0,0.0,0.0,0.0,0.0,0.0,0.0,0.0,0.0,0.0,0.0,0.0,0.0,0.0,0.0
110,The Spanish Tragedy (Hieronimo is Mad Again),"Kyd, Thomas",1,190,1592,tragedy,tragedy,tragedy,britdrama,Adult Professional;Professional,Adult Professional,20651,0.24202,0.0,0.0,0.0,0.0,0.75798,0.02474,0.14261,0.0,0.0,0.0,0.0,0.0,0.0,0.0,0.0,0.0,0.0,0.0,0.0,0.0,0.0,0.0,0.0,0.0,0.0,0.0,0.0,0.0,0.0,0.0,0.0,0.0,0.0,0.0,0.0,0.0,0.0,0.0,0.0,0.0,0.0,0.02533,0.0,0.0,0.0,0.0,0.0,0.0,0.0,0.0,0.0,0.0,0.0,0.0,0.0,0.0,0.0,0.0,0.0,0.0,0.0,0.0,0.0,0.0,0.04934,0.0,0.0,0.0
275,The Tragedy of Charles Duke of Byron,"Chapman, George",1,649,1608,tragedy,tragedy,tragedy,britdrama,Boys Professional;Professional,Boys Professional,18386,0.44958,0.0,0.0,0.0564,0.0,0.49402,0.15827,0.10709,0.0,0.0,0.0,0.0,0.0,0.0,0.0,0.0,0.10796,0.0,0.0,0.0,0.02409,0.0,0.0,0.0,0.0,0.02747,0.0,0.0,0.0,0.0,0.0,0.02676,0.0,0.0,0.0,0.0,0.0,0.0,0.0,0.0,0.0,0.0,0.0,0.0,0.0,0.0,0.0,0.0,0.0,0.0,0.0,0.0,0.0,0.0,0.0,0.0,0.0,0.0,0.0,0.02894,0.0,0.0,0.0,0.0,0.0,0.0254,0.0,0.0,0.0
498,The Traitor,"Shirley, James",1,1027,1635,tragedy,tragedy,tragedy,britdrama,Adult Professional;Professional,Adult Professional,18908,0.65988,0.0,0.0,0.0,0.0,0.34012,0.47509,0.10646,0.0,0.0,0.02539,0.0,0.0,0.0,0.0,0.0,0.0,0.02597,0.0,0.0,0.0,0.0,0.0,0.0,0.0,0.0,0.0,0.0,0.0,0.0,0.0,0.0,0.0,0.0,0.0,0.0,0.0,0.0,0.0,0.0,0.0,0.0,0.0,0.0,0.0,0.0,0.02697,0.0,0.0,0.0,0.0,0.0,0.0,0.0,0.0,0.0,0.0,0.0,0.0,0.0,0.0,0.0,0.0,0.0,0.0,0.0,0.0,0.0,0.0
286,The Turk (Muleasses the Turk),"Mason, John",1,673,1610,tragedy,tragedy,tragedy,britdrama,Boys Professional;Professional,Boys Professional,17080,0.32547,0.0,0.0,0.0,0.0,0.67453,0.05913,0.21007,0.0,0.0,0.02728,0.0,0.0,0.0,0.0,0.02898,0.0,0.0,0.0,0.0,0.0,0.0,0.0,0.0,0.0,0.0,0.0,0.0,0.0,0.0,0.0,0.0,0.0,0.0,0.0,0.0,0.0,0.0,0.0,0.0,0.0,0.0,0.0,0.0,0.0,0.0,0.0,0.0,0.0,0.0,0.0,0.0,0.0,0.0,0.0,0.0,0.0,0.0,0.0,0.0,0.0,0.0,0.0,0.0,0.0,0.0,0.0,0.0,0.0
559,The Unnatural Combat,"Massinger, Philip",1,1105,1639,tragedy,tragedy,tragedy,britdrama,Adult Professional;Professional,Adult Professional,18434,0.22182,0.0,0.0,0.0,0.0,0.77818,0.0,0.08284,0.0,0.02919,0.0,0.0,0.0,0.0,0.02729,0.0,0.0,0.0,0.0,0.0,0.0,0.0,0.0549,0.0,0.0,0.0,0.0,0.0,0.02761,0.0,0.0,0.0,0.0,0.0,0.0,0.0,0.0,0.0,0.0,0.0,0.0,0.0,0.0,0.0,0.0,0.0,0.0,0.0,0.0,0.0,0.0,0.0,0.0,0.0,0.0,0.0,0.0,0.0,0.0,0.0,0.0,0.0,0.0,0.0,0.0,0.0,0.0,0.0,0.0
380,The Virgin Martyr,"Dekker, ThomasMassinger, Philip",1,843,1622,tragedy,tragedy,tragedy,britdrama,Adult Professional;Professional,Adult Professional,21041,0.3948,0.0,0.0,0.0,0.0,0.6052,0.0,0.04757,0.02177,0.0,0.0,0.02372,0.0,0.0,0.0,0.0,0.0,0.0,0.04572,0.0,0.04634,0.0,0.0,0.0,0.0,0.0,0.0,0.0,0.0,0.0,0.0,0.0,0.02286,0.0,0.0,0.0,0.0,0.0,0.0,0.0,0.0,0.0,0.0,0.0,0.0,0.0,0.0,0.0,0.0,0.0,0.02319,0.0,0.0,0.02272,0.0,0.0,0.0,0.0,0.0,0.0,0.0,0.0,0.0,0.0,0.0,0.0,0.14092,0.0,0.0
510,"The Vow Breaker, or The Fair Maid of Clifton","Sampson, William",1,1041,1636,tragedy,history;tragedy,tragedy,britdrama,Nonprofessional,Nonprofessional,17610,0.47172,0.0,0.0,0.05565,0.0,0.47263,0.0,0.08387,0.0,0.0,0.02873,0.0,0.0,0.0,0.0,0.02902,0.22345,0.0,0.0,0.0,0.0,0.0,0.0,0.0,0.02748,0.0,0.0,0.0,0.0,0.0,0.0,0.0,0.0,0.0,0.02777,0.0,0.0,0.0,0.0,0.0,0.0,0.0,0.0,0.0,0.0,0.0,0.0,0.0,0.0,0.0,0.02686,0.0,0.0,0.0,0.0,0.0,0.0,0.02453,0.0,0.0,0.0,0.0,0.0,0.05565,0.0,0.0,0.0,0.0,0.0
131,"The Wars of Cyrus, King of Persia",Anonymous,1,250,1594,tragedy,history,tragedy,britdrama,Boys Professional;Professional,Boys Professional,12903,0.80896,0.0,0.0,0.0,0.0,0.19104,0.0,0.0396,0.0,0.0,0.07897,0.0,0.0,0.0,0.0,0.0,0.0,0.0,0.0,0.0,0.0,0.0,0.0,0.69038,0.0,0.0,0.0,0.0,0.0,0.0,0.0,0.0,0.0,0.0,0.0,0.0,0.0,0.0,0.0,0.0,0.0,0.0,0.0,0.0,0.0,0.0,0.0,0.0,0.0,0.0,0.0,0.0,0.0,0.0,0.0,0.0,0.0,0.0,0.0,0.0,0.0,0.0,0.0,0.0,0.0,0.0,0.0,0.0,0.0
306,The White Devil (Vittoria Corombona),"Webster, John",1,708,1612,tragedy,tragedy,tragedy,britdrama,Adult Professional;Professional,Adult Professional,24108,0.67227,0.0,0.0,0.0,0.0,0.32773,0.38912,0.101,0.0,0.02033,0.0,0.02078,0.02037,0.0,0.0,0.0,0.0,0.0,0.0,0.0,0.0,0.0,0.0,0.0,0.0,0.0,0.0,0.0,0.0,0.04094,0.02008,0.0,0.02033,0.0,0.0,0.0,0.0,0.02003,0.0,0.0,0.0,0.0,0.0,0.0,0.0,0.0,0.0,0.0,0.0,0.0,0.0,0.0,0.0,0.01929,0.0,0.0,0.0,0.0,0.0,0.0,0.0,0.0,0.0,0.0,0.0,0.0,0.0,0.0,0.0
231,"The Wonder of Women, or Sophonisba","Marston, John",1,544,1606,tragedy,tragedy,tragedy,britdrama,Boys Professional;Professional,Boys Professional,12645,0.19518,0.0,0.0,0.0,0.0,0.80482,0.0,0.0,0.03843,0.0,0.07742,0.04009,0.0,0.0,0.0,0.0,0.0,0.0,0.0,0.0,0.0,0.0,0.0,0.0,0.0,0.0,0.0,0.0,0.0,0.0,0.0,0.0,0.0,0.0,0.0,0.0,0.0,0.0,0.0,0.0,0.0,0.0,0.03922,0.0,0.0,0.0,0.0,0.0,0.0,0.0,0.0,0.0,0.0,0.0,0.0,0.0,0.0,0.0,0.0,0.0,0.0,0.0,0.0,0.0,0.0,0.0,0.0,0.0,0.0
122,"The Wounds of Civil War, or Marius and Scilla","Lodge, Thomas",1,235,1594,tragedy,history,tragedy,britdrama,Adult Professional;Professional,Adult Professional,19300,0.83674,0.0,0.0,0.0,0.0,0.16326,0.0,0.02487,0.7856,0.0,0.0,0.0,0.0,0.0,0.0,0.0,0.0,0.0,0.0,0.0,0.0,0.0,0.0,0.0,0.0,0.0,0.0,0.0,0.0,0.0,0.0,0.0,0.0,0.0,0.0,0.0,0.0,0.0,0.0,0.0,0.0,0.0,0.0,0.0,0.0,0.0,0.0,0.0,0.0,0.0,0.02627,0.0,0.0,0.0,0.0,0.0,0.0,0.0,0.0,0.0,0.0,0.0,0.0,0.0,0.0,0.0,0.0,0.0,0.0
79,Thebais (Seneca's Third Tragedy),"Seneca, Lucius AnnaeusNewton, Thomas",1,132,1581,tragedy,tragedy,tragedy,britdrama,Translation;Nonprofessional;Closet/Unacted,Translation,11535,0.44352,0.0,0.0,0.0,0.0,0.55648,0.0,0.04387,0.0,0.0,0.0,0.0,0.0,0.0,0.0,0.0,0.0,0.0,0.0,0.0,0.0,0.0,0.0,0.0,0.0,0.0,0.0,0.0,0.0,0.0,0.0,0.0,0.0,0.0,0.0,0.0,0.0,0.0,0.0,0.0,0.35561,0.0,0.04404,0.0,0.0,0.0,0.0,0.0,0.0,0.0,0.0,0.0,0.0,0.0,0.0,0.0,0.0,0.0,0.0,0.0,0.0,0.0,0.0,0.0,0.0,0.0,0.0,0.0,0.0
368,Thierry and Theodoret,"AnonymousFletcher, JohnMassinger, Philip",1,826,1621,tragedy,tragedy,tragedy,britdrama,Adult Professional;Professional,Adult Professional,19106,0.26772,0.0,0.0,0.10416,0.0,0.62813,0.0,0.07961,0.0,0.02816,0.0,0.0,0.0,0.0,0.05354,0.0,0.0,0.0,0.0,0.0,0.02669,0.0,0.0,0.0,0.0,0.02591,0.0,0.0,0.0,0.0,0.0,0.0,0.0,0.0,0.0,0.0,0.0,0.0,0.0,0.0,0.0,0.0,0.0,0.0,0.0,0.0,0.0,0.0,0.0,0.0,0.0,0.0,0.02648,0.0,0.02533,0.0,0.0,0.02779,0.0,0.02695,0.0,0.0,0.02544,0.02596,0.0,0.0,0.0,0.0,0.0
29,Thyestes (Seneca's Second Tragedy),"Heywood, JasperSeneca, Lucius Annaeus",1,50,1560,tragedy,tragedy,tragedy,britdrama,Translation;Nonprofessional;Closet/Unacted,Translation,12280,0.4605,0.0,0.0,0.0,0.0,0.5395,0.0,0.08379,0.0,0.0,0.0,0.0,0.0,0.08322,0.0,0.0,0.0,0.0,0.0,0.0,0.0,0.0,0.0,0.0,0.0,0.0,0.0,0.0,0.0,0.0,0.04007,0.04503,0.0,0.0,0.0,0.0,0.0,0.0,0.0,0.0,0.04055,0.0,0.12809,0.0,0.0,0.0,0.03974,0.0,0.0,0.0,0.0,0.0,0.0,0.0,0.0,0.0,0.0,0.0,0.0,0.0,0.0,0.0,0.0,0.0,0.0,0.0,0.0,0.0,0.0
402,Timon of Athens,"Shakespeare, WilliamMiddleton, Thomas",1,884,1623,tragedy,tragedy,tragedy,britdrama,Adult Professional;Professional,Adult Professional,17621,0.22939,0.0,0.0,0.05732,0.0,0.7133,0.0,0.0,0.0,0.0,0.0,0.0,0.14335,0.0,0.0,0.0,0.0,0.0,0.0,0.0,0.0,0.0,0.0,0.0,0.0,0.02957,0.0,0.0,0.0,0.0,0.0,0.0,0.0,0.0,0.0,0.0,0.0,0.0,0.0,0.0,0.0,0.05641,0.0,0.02962,0.0,0.0,0.0,0.02775,0.0,0.0,0.0,0.0,0.0,0.0,0.0,0.0,0.0,0.0,0.0,0.0,0.0,0.0,0.0,0.0,0.0,0.0,0.0,0.0,0.0
117,Titus Andronicus,"Peele, GeorgeShakespeare, William",1,211,1594,tragedy,tragedy,tragedy,britdrama,Adult Professional;Professional,Adult Professional,19208,0.39192,0.0,0.0,0.0,0.0,0.60808,0.0,0.05159,0.1579,0.0,0.0,0.0,0.0,0.0,0.0,0.0,0.0,0.0,0.0,0.0,0.0,0.0,0.0,0.0,0.0,0.0,0.0,0.0,0.0,0.0,0.0,0.0,0.0,0.0,0.0,0.0,0.0,0.0,0.0,0.0,0.02666,0.0,0.0,0.0,0.0,0.0,0.07893,0.0,0.0,0.0,0.0,0.0,0.0,0.0,0.0,0.0,0.0,0.0,0.0,0.0,0.0,0.0,0.0,0.0,0.0,0.0,0.07684,0.0,0.0
28,Troas (Seneca's Sixth Tragedy),"Heywood, JasperSeneca, Lucius Annaeus",1,49,1581,tragedy,tragedy,tragedy,britdrama,Translation;Nonprofessional;Closet/Unacted,Translation,13839,0.96271,0.0,0.0,0.0,0.0,0.03729,0.0,0.0,0.0,0.0,0.0,0.0,0.0,0.96271,0.0,0.0,0.0,0.0,0.0,0.0,0.0,0.0,0.0,0.0,0.0,0.0,0.0,0.0,0.0,0.0,0.0,0.0,0.0,0.0,0.0,0.0,0.0,0.0,0.0,0.0,0.0,0.0,0.0,0.0,0.0,0.0,0.0,0.0,0.0,0.0,0.0,0.0,0.0,0.0,0.0,0.0,0.0,0.0,0.0,0.0,0.0,0.0,0.0,0.0,0.0,0.0,0.0,0.0,0.0
279,Troilus and Cressida,"Shakespeare, William",1,658,1623,tragedy,tragedy,tragedy,britdrama,Adult Professional;Professional,Adult Professional,25558,0.71434,0.0,0.0,0.03838,0.0,0.24728,0.0,0.0,0.0,0.0,0.05658,0.0,0.0,0.55802,0.0,0.0,0.0,0.0,0.0,0.0,0.0,0.0,0.0,0.0,0.0,0.01917,0.0,0.0,0.0,0.0,0.0,0.0,0.0,0.0,0.0,0.0,0.0,0.0,0.0,0.0,0.0,0.079,0.0,0.02074,0.0,0.0,0.0,0.0,0.0,0.0,0.0,0.0,0.0,0.0,0.01921,0.0,0.0,0.0,0.0,0.0,0.0,0.0,0.0,0.0,0.0,0.0,0.0,0.0,0.0
182,Two Lamentable Tragedies,"Yarington, Robert",1,415,1601,tragedy,tragedy,tragedy,britdrama,Adult Professional;Professional,Adult Professional,18140,0.37767,0.0,0.10805,0.02773,0.0,0.48655,0.0,0.15882,0.0,0.0,0.0,0.08236,0.02789,0.0,0.0,0.0,0.0,0.0,0.0,0.0,0.0,0.0,0.0,0.0,0.0,0.0,0.0,0.0,0.02652,0.0,0.0,0.0,0.0,0.0,0.0,0.0,0.0,0.0,0.0,0.0,0.0,0.0,0.0,0.0,0.0,0.0,0.08208,0.0,0.10805,0.0,0.0,0.0,0.0,0.0,0.0,0.0,0.0,0.0,0.0,0.0,0.0,0.0,0.0,0.02773,0.0,0.0,0.0,0.0,0.0
525,1 The Cid (The Valiant Cid),"Rutter, JosephCorneille, Pierre",1,1059,1637,not in BritDrama,tragicomedy,tragicomedy,annals,Boys Professional;Professional;Translation,Boys Professional,13419,0.4826,0.0,0.0,0.0,0.0,0.5174,0.03592,0.37253,0.0,0.0,0.0,0.0,0.0,0.0,0.0,0.0,0.0,0.0,0.0,0.0,0.0,0.0,0.0,0.0,0.0,0.0,0.0,0.0,0.0,0.0,0.0,0.0,0.0,0.0,0.0,0.0,0.0,0.0,0.0,0.0,0.0,0.0,0.0,0.0,0.0,0.0,0.0,0.0,0.0,0.0,0.0,0.0,0.0,0.0,0.0,0.0,0.07415,0.0,0.0,0.0,0.0,0.0,0.0,0.0,0.0,0.0,0.0,0.0,0.0
596,2 The Cid,"Rutter, JosephDesfontaines, Nicolas-Marc",1,1150,1640,not in BritDrama,tragicomedy,tragicomedy,annals,Nonprofessional;Professional;Closet/Unacted,Nonprofessional,11642,0.08787,0.0,0.0,0.0,0.0,0.91213,0.0,0.0426,0.0,0.0,0.0,0.0,0.0,0.0,0.0,0.0,0.0,0.0,0.0,0.0,0.0,0.0,0.0,0.0,0.0,0.0,0.0,0.0,0.0,0.0,0.0,0.0,0.0,0.0,0.0,0.0,0.0,0.0,0.0,0.0,0.0,0.0,0.0,0.0,0.0,0.0,0.0,0.0,0.0,0.0,0.0,0.0,0.0,0.0,0.0,0.0,0.0,0.0,0.0,0.0,0.0,0.0,0.0,0.0,0.0,0.04527,0.0,0.0,0.0
509,A Challenge for Beauty,"Heywood, Thomas",1,1040,1636,tragicomedy,tragicomedy,tragicomedy,britdrama,Adult Professional;Professional,Adult Professional,17741,0.30173,0.0,0.0,0.0,0.0,0.69827,0.0,0.02762,0.0,0.0,0.0,0.0,0.0,0.0,0.0,0.02615,0.0,0.0252,0.0,0.0,0.0,0.0,0.0,0.0,0.0,0.0,0.02813,0.0,0.0,0.0,0.0,0.0,0.0,0.0,0.0,0.0,0.0,0.0,0.13923,0.0,0.0,0.0,0.0,0.0,0.0,0.0,0.0,0.0,0.0,0.0,0.0,0.0,0.02779,0.0,0.0,0.0,0.0,0.0,0.0,0.0,0.0,0.0,0.0,0.0,0.0,0.02762,0.0,0.0,0.0
360,A King and No King,"Beaumont, FrancisFletcher, John",1,808,1619,tragicomedy,tragicomedy,tragicomedy,britdrama,Adult Professional;Professional,Adult Professional,24008,0.30631,0.0,0.0,0.01849,0.0,0.67519,0.0,0.04115,0.0,0.0,0.0,0.0,0.0,0.0,0.04003,0.0,0.0,0.0409,0.0,0.0,0.10034,0.0,0.0,0.0,0.0,0.0,0.0,0.0,0.0,0.0,0.0,0.0,0.0,0.0,0.0,0.0,0.0,0.0,0.0,0.0,0.0,0.0,0.0,0.0,0.0,0.0,0.0,0.0,0.0,0.0,0.0,0.0,0.08389,0.0,0.0,0.0,0.0,0.0,0.0,0.01849,0.0,0.0,0.0,0.0,0.0,0.0,0.0,0.0,0.0
139,A Knack to Know an Honest Man,Anonymous,1,270,1596,tragicomedy,tragicomedy,tragicomedy,britdrama,Adult Professional;Professional,Adult Professional,12840,0.46028,0.0,0.0,0.0,0.0,0.53972,0.0,0.34104,0.0,0.0,0.0,0.08037,0.0,0.0,0.0,0.0,0.0,0.0,0.0,0.0,0.0,0.0,0.0,0.0,0.0,0.0,0.0,0.0,0.0,0.0,0.0,0.0,0.0,0.0,0.0,0.0,0.0,0.0,0.0,0.0,0.0,0.0,0.0,0.03886,0.0,0.0,0.0,0.0,0.0,0.0,0.0,0.0,0.0,0.0,0.0,0.0,0.0,0.0,0.0,0.0,0.0,0.0,0.0,0.0,0.0,0.0,0.0,0.0,0.0
501,"Adrasta, or The Woman's Spleen and Love's Conquest","Jones, John",1,1030,1635,tragicomedy,tragicomedy,tragicomedy,britdrama,Closet/Unacted;Nonprofessional,Closet/Unacted,23083,0.57389,0.0,0.0,0.0,0.0,0.42611,0.08495,0.30135,0.0217,0.0,0.04306,0.0,0.0,0.0,0.0,0.03895,0.0,0.0,0.0,0.0,0.0,0.0,0.02127,0.0,0.0,0.0,0.0,0.0,0.0,0.0,0.0,0.0,0.02058,0.0,0.0,0.0,0.0,0.0,0.0,0.0,0.0,0.0,0.02114,0.0,0.0,0.0,0.0,0.0,0.0,0.0,0.0,0.0,0.0,0.0,0.0,0.0,0.0,0.02088,0.0,0.0,0.0,0.0,0.0,0.0,0.0,0.0,0.0,0.0,0.0
395,All's Well That Ends Well,"Shakespeare, WilliamMiddleton, Thomas",1,870,1623,tragicomedy,comedy,tragicomedy,britdrama,Adult Professional;Professional,Adult Professional,22560,0.48072,0.0,0.0,0.0223,0.0,0.49699,0.19353,0.0,0.0,0.06853,0.0,0.0,0.0,0.0,0.02105,0.0,0.0,0.0,0.0,0.0,0.0,0.0,0.0,0.0,0.0,0.0223,0.0,0.0,0.0,0.02132,0.0,0.0,0.0,0.0,0.0,0.0,0.0,0.0,0.13169,0.0,0.0,0.0,0.0,0.0,0.0,0.0,0.0,0.0,0.0,0.0,0.0,0.0,0.0,0.0,0.0,0.0,0.0,0.0,0.0,0.0,0.0,0.0,0.0,0.0,0.0,0.0,0.02252,0.0,0.02207
440,Match Me in London,"Dekker, Thomas",1,953,1631,tragicomedy,tragicomedy,tragicomedy,britdrama,Adult Professional;Professional,Adult Professional,17652,0.30648,0.0,0.0,0.0,0.0,0.69352,0.0,0.05557,0.0,0.05642,0.0,0.0,0.0,0.0,0.0,0.0,0.0,0.0,0.0,0.0,0.0,0.0,0.0,0.0,0.0,0.0,0.0,0.0,0.0,0.0,0.0,0.0,0.02725,0.0,0.0,0.0,0.0,0.0,0.0,0.0,0.0,0.0,0.0,0.0,0.05563,0.0,0.0,0.0,0.0,0.0,0.0,0.0,0.0,0.0,0.0,0.0,0.02861,0.0,0.0,0.0,0.0,0.0,0.0,0.0,0.0,0.08299,0.0,0.0,0.0
392,Measure for Measure,"Shakespeare, WilliamMiddleton, Thomas",1,864,1623,tragicomedy,comedy,tragicomedy,britdrama,Adult Professional;Professional,Adult Professional,21307,0.74393,0.0,0.0,0.0,0.0,0.25607,0.09354,0.11597,0.0,0.0,0.0,0.04754,0.0,0.0,0.0,0.0,0.0,0.0229,0.0,0.0,0.0,0.29896,0.0,0.0,0.0,0.0,0.0,0.0,0.0,0.0,0.0,0.0,0.0,0.0,0.0,0.0,0.02323,0.0,0.0,0.0,0.0,0.0,0.0,0.0,0.0,0.0,0.11813,0.0,0.0,0.0,0.0,0.0,0.0,0.02365,0.0,0.0,0.0,0.0,0.0,0.0,0.0,0.0,0.0,0.0,0.0,0.0,0.0,0.0,0.0
363,"Philaster, or Love Lies a-Bleeding","Beaumont, FrancisFletcher, John",1,815,1620,tragicomedy,tragicomedy,tragicomedy,britdrama,Adult Professional;Professional,Adult Professional,19550,0.329,0.0,0.0,0.0,0.0,0.671,0.0,0.05008,0.0,0.0,0.0,0.0,0.0,0.0,0.0,0.0,0.0,0.0,0.0,0.0,0.27893,0.0,0.0,0.0,0.0,0.0,0.0,0.0,0.0,0.0,0.0,0.0,0.0,0.0,0.0,0.0,0.0,0.0,0.0,0.0,0.0,0.0,0.0,0.0,0.0,0.0,0.0,0.0,0.0,0.0,0.0,0.0,0.0,0.0,0.0,0.0,0.0,0.0,0.0,0.0,0.0,0.0,0.0,0.0,0.0,0.0,0.0,0.0,0.0
583,The Arcadia,"Shirley, James",1,1136,1640,pastoral; romance,tragicomedy,tragicomedy,annals,Adult Professional;Professional,Adult Professional,17530,0.25003,0.0,0.0,0.0,0.0,0.74997,0.0,0.05488,0.0,0.0,0.02653,0.0,0.0,0.0,0.0,0.0,0.0,0.0,0.0,0.0,0.0,0.0,0.0,0.0,0.0,0.0,0.0,0.02687,0.0,0.0,0.11323,0.0,0.0,0.0,0.0,0.0,0.0,0.0,0.0,0.0,0.0,0.0,0.0,0.0,0.0,0.0,0.0,0.0,0.0,0.0,0.0,0.0,0.0,0.0,0.0,0.0,0.0,0.02852,0.0,0.0,0.0,0.0,0.0,0.0,0.0,0.0,0.0,0.0,0.0
408,The Bondman (The Noble Bondman),"Massinger, Philip",1,896,1624,tragicomedy,tragicomedy,tragicomedy,britdrama,Adult Professional;Professional,Adult Professional,19761,0.10151,0.0,0.0,0.05076,0.0,0.84773,0.0,0.0,0.0253,0.0,0.0,0.0,0.0,0.0,0.0,0.0,0.0,0.02515,0.0,0.0,0.0,0.0,0.0,0.0,0.0,0.0,0.0,0.0,0.0,0.02535,0.0,0.0,0.0,0.0,0.0,0.0,0.0,0.0,0.0,0.0,0.0,0.0,0.0,0.0,0.0,0.0,0.0,0.0,0.0,0.0,0.0,0.0,0.0,0.0,0.05076,0.0,0.02571,0.0,0.0,0.0,0.0,0.0,0.0,0.0,0.0,0.0,0.0,0.0,0.0
572,The Coronation,"Shirley, James",1,1125,1640,tragicomedy,comedy,tragicomedy,britdrama,Adult Professional;Professional,Adult Professional,16330,0.12217,0.0,0.0,0.0,0.0,0.87783,0.0,0.0,0.0,0.0,0.0,0.0,0.0,0.0,0.0,0.03117,0.0,0.0,0.0,0.0,0.06044,0.0,0.0,0.0,0.0,0.0,0.0,0.0,0.0,0.0,0.0,0.0,0.0,0.0,0.0,0.0,0.0,0.0,0.0,0.0,0.0,0.0,0.0,0.0,0.0,0.0,0.0,0.0,0.0,0.0,0.0,0.0,0.03056,0.0,0.0,0.0,0.0,0.0,0.0,0.0,0.0,0.0,0.0,0.0,0.0,0.0,0.0,0.0,0.0
423,The Deserving Favorite,"Carlell, Lodowick",1,917,1629,tragicomedy,tragicomedy,tragicomedy,britdrama,Adult Professional;Professional,Adult Professional,25785,0.55451,0.0,0.0,0.0,0.0,0.44549,0.36044,0.05817,0.0,0.0,0.0,0.0,0.0,0.0,0.0,0.0199,0.0,0.05891,0.0,0.0,0.05709,0.0,0.0,0.0,0.0,0.0,0.0,0.0,0.0,0.0,0.0,0.0,0.0,0.0,0.0,0.0,0.0,0.0,0.0,0.0,0.0,0.0,0.0,0.0,0.0,0.0,0.0,0.0,0.0,0.0,0.0,0.0,0.0,0.0,0.0,0.0,0.0,0.0,0.0,0.0,0.0,0.0,0.0,0.0,0.0,0.0,0.0,0.0,0.0
388,The Devil's Law Case (When Women Go to Law the Devil Is Full of Business),"Webster, John",1,857,1623,tragicomedy,tragicomedy,tragicomedy,britdrama,Adult Professional;Professional,Adult Professional,22447,0.42286,0.0,0.0,0.0,0.0,0.57714,0.0,0.10964,0.0,0.0,0.0,0.0,0.08852,0.0,0.0,0.0,0.0,0.11333,0.0,0.0,0.0,0.0,0.0,0.0,0.0,0.0,0.0,0.0,0.0,0.0,0.0,0.0,0.0,0.0,0.04526,0.0,0.0,0.0,0.0,0.0,0.0,0.0,0.0,0.0,0.0,0.0,0.0,0.0,0.0,0.0,0.0,0.0,0.02263,0.0,0.0,0.02174,0.0,0.0,0.02174,0.0,0.0,0.0,0.0,0.0,0.0,0.0,0.0,0.0,0.0
277,The Dumb Knight,"Markham, GervaseMachin, Lewis",1,653,1608,tragicomedy,comedy,tragicomedy,britdrama,Boys Professional;Professional,Boys Professional,18184,0.19044,0.0,0.0,0.02744,0.0,0.78212,0.0275,0.05494,0.0,0.0,0.05483,0.0,0.0,0.0,0.0,0.0,0.0,0.0,0.0,0.0,0.0,0.0,0.0,0.0,0.0,0.0,0.0,0.0,0.0,0.05318,0.0,0.0,0.0,0.0,0.0,0.0,0.0,0.0,0.0,0.0,0.0,0.0,0.0,0.0,0.0,0.0,0.0,0.0,0.0,0.0,0.0,0.0,0.0,0.0,0.0,0.0,0.0,0.0,0.0,0.02744,0.0,0.0,0.0,0.0,0.0,0.0,0.0,0.0,0.0
459,The Emperor of the East,"Massinger, Philip",1,977,1632,tragicomedy,tragicomedy,tragicomedy,britdrama,Adult Professional;Professional,Adult Professional,19594,0.22844,0.0,0.0,0.0,0.0,0.77156,0.0,0.0,0.0,0.07528,0.0,0.02649,0.0,0.0,0.0,0.02506,0.0,0.0,0.0,0.0,0.02496,0.0,0.0,0.0,0.0,0.0,0.0,0.0,0.0,0.0,0.0,0.0,0.0,0.0,0.0,0.0,0.0,0.0,0.0,0.0,0.0,0.0,0.0,0.0,0.0,0.0,0.0,0.0,0.0,0.0,0.0,0.0,0.0,0.0,0.0,0.0,0.0,0.02496,0.0,0.0,0.0,0.0,0.0,0.0,0.0,0.0,0.0,0.0,0.0517
484,The English Traveller,"Heywood, Thomas",1,1007,1633,tragicomedy,tragicomedy,tragicomedy,britdrama,Adult Professional;Professional,Adult Professional,20731,0.1888,0.0,0.0,0.07072,0.0,0.74049,0.0,0.09498,0.0,0.0,0.0,0.0,0.02325,0.0,0.0,0.02436,0.0,0.0,0.0,0.0,0.0,0.0,0.0,0.0,0.0,0.0,0.0,0.0,0.0,0.0,0.0,0.0,0.0,0.0,0.02248,0.0,0.0,0.0,0.0,0.0,0.0,0.0,0.0,0.0,0.0,0.0,0.0,0.07072,0.0,0.0,0.0,0.0,0.0,0.0,0.0,0.02373,0.0,0.0,0.0,0.0,0.0,0.0,0.0,0.0,0.0,0.0,0.0,0.0,0.0
211,The Fair Maid of Bristol,Anonymous,1,495,1605,tragicomedy,comedy,tragicomedy,britdrama,Adult Professional;Professional,Adult Professional,9084,0.33399,0.0,0.0,0.0,0.0,0.66601,0.05581,0.10986,0.0,0.16832,0.0,0.0,0.0,0.0,0.0,0.0,0.0,0.0,0.0,0.0,0.0,0.0,0.0,0.0,0.0,0.0,0.0,0.0,0.0,0.0,0.0,0.0,0.0,0.0,0.0,0.0,0.0,0.0,0.0,0.0,0.0,0.0,0.0,0.0,0.0,0.0,0.0,0.0,0.0,0.0,0.0,0.0,0.0,0.0,0.0,0.0,0.0,0.0,0.0,0.0,0.0,0.0,0.0,0.0,0.0,0.0,0.0,0.0,0.0
428,The Just Italian,"Davenant, William",1,927,1630,tragicomedy,comedy,tragicomedy,britdrama,Adult Professional;Professional,Adult Professional,15336,0.29278,0.0,0.0,0.0,0.0,0.70722,0.03117,0.09761,0.0,0.0,0.03352,0.0,0.03273,0.0,0.0,0.0,0.0,0.06521,0.0,0.0,0.0,0.0,0.03254,0.0,0.0,0.0,0.0,0.0,0.0,0.0,0.0,0.0,0.0,0.0,0.0,0.0,0.0,0.0,0.0,0.0,0.0,0.0,0.0,0.0,0.0,0.0,0.0,0.0,0.0,0.0,0.0,0.0,0.0,0.0,0.0,0.0,0.0,0.0,0.0,0.0,0.0,0.0,0.0,0.0,0.0,0.0,0.0,0.0,0.0
590,The Ladies' Privilege (The Lady's Privilege),"Glapthorne, Henry",1,1144,1640,not in BritDrama,tragicomedy,tragicomedy,annals,Boys Professional;Professional,Boys Professional,15413,0.44566,0.0,0.0,0.0,0.0,0.55434,0.09667,0.06449,0.0,0.0,0.06566,0.0,0.0,0.0,0.0,0.03075,0.0,0.03114,0.0,0.0,0.0,0.0,0.0,0.0,0.0,0.0,0.0,0.0,0.0,0.0,0.0,0.0,0.0,0.0,0.0,0.0,0.0,0.0,0.0,0.0,0.0,0.0,0.0,0.0,0.0,0.0,0.0,0.0,0.0,0.0,0.0,0.0,0.02972,0.0,0.0,0.0,0.0314,0.0,0.0,0.0,0.0,0.0,0.0,0.0,0.0,0.0,0.0,0.0,0.09583
534,The Lost Lady,"Berkeley, William",1,1070,1638,not in BritDrama,tragicomedy,tragicomedy,annals,Professional;Adult Professional,Professional,20993,0.28633,0.0,0.0,0.02425,0.0,0.68942,0.0231,0.11952,0.0,0.0,0.0,0.0,0.0,0.0,0.0,0.0,0.0,0.0,0.0,0.0,0.07255,0.0,0.0,0.0,0.0,0.0,0.0,0.0,0.0,0.02377,0.0,0.0,0.0,0.0,0.0,0.0,0.0,0.0,0.0,0.0,0.0,0.0,0.02377,0.0,0.0,0.0,0.02363,0.0,0.0,0.0,0.0,0.0,0.0,0.0,0.02425,0.0,0.0,0.0,0.0,0.0,0.0,0.0,0.0,0.0,0.0,0.0,0.0,0.0,0.0
420,The Lover's Melancholy,"Ford, John",1,914,1629,tragicomedy,tragicomedy,tragicomedy,britdrama,Adult Professional;Professional,Adult Professional,18104,0.47034,0.0,0.0,0.02812,0.0,0.50155,0.0,0.0,0.0,0.13842,0.0,0.0,0.0,0.0,0.0,0.02591,0.0,0.05584,0.0,0.0,0.11003,0.0,0.02839,0.0,0.0,0.0,0.0,0.0,0.0,0.0,0.0,0.0,0.0,0.0,0.0,0.0,0.0,0.0,0.0,0.0,0.0,0.0,0.0,0.0,0.0,0.0,0.0,0.0,0.0,0.0,0.0,0.0,0.0,0.0,0.02812,0.02806,0.0,0.0,0.02784,0.0,0.0,0.0,0.0,0.0,0.0,0.0,0.0,0.0,0.05584
470,The Maid of Honor,"Massinger, Philip",1,992,1632,tragicomedy,tragicomedy,tragicomedy,britdrama,Adult Professional;Professional,Adult Professional,18532,0.2984,0.0,0.0,0.0,0.0,0.7016,0.0818,0.08002,0.02747,0.0,0.0,0.0,0.0,0.0,0.0,0.0,0.0,0.0,0.0,0.0,0.02865,0.0,0.02687,0.0,0.0,0.0,0.0,0.0,0.0,0.0,0.0,0.0,0.0,0.0,0.02698,0.0,0.0,0.0,0.0,0.0,0.0,0.0,0.0,0.0,0.0,0.0,0.0,0.0,0.0,0.0,0.0,0.0,0.0,0.0,0.0,0.0,0.0266,0.0,0.0,0.0,0.0,0.0,0.0,0.0,0.0,0.0,0.0,0.0,0.0
203,The Malcontent,"Marston, John",1,468,1604,tragicomedy,tragicomedy,tragicomedy,britdrama,Adult Professional;Professional;Boys Professional,Adult Professional,14226,0.78497,0.0,0.0,0.0,0.0,0.21503,0.64059,0.07275,0.0,0.03564,0.0,0.0,0.0,0.0,0.0,0.0,0.0,0.0,0.0,0.0,0.0,0.0,0.03599,0.0,0.0,0.0,0.0,0.0,0.0,0.0,0.0,0.0,0.0,0.0,0.0,0.0,0.0,0.0,0.0,0.0,0.0,0.0,0.0,0.0,0.0,0.0,0.0,0.0,0.0,0.0,0.0,0.0,0.0,0.0,0.0,0.0,0.0,0.0,0.0,0.0,0.0,0.0,0.0,0.0,0.0,0.0,0.0,0.0,0.0
430,"The Renegado, or The Gentleman of Venice","Massinger, Philip",1,930,1630,tragicomedy,tragicomedy,tragicomedy,britdrama,Adult Professional;Professional,Adult Professional,19441,0.12793,0.0,0.0,0.07644,0.0,0.79564,0.0,0.0,0.0,0.0,0.0,0.0,0.05252,0.0,0.0,0.0,0.0,0.0,0.0,0.0,0.0,0.0,0.02454,0.0,0.0,0.0,0.0,0.0,0.0,0.0,0.0,0.0,0.0,0.0,0.0,0.0,0.0,0.0,0.0,0.02587,0.0,0.0,0.0,0.0,0.0,0.0,0.0,0.0,0.0,0.0,0.0,0.0,0.0,0.0,0.02515,0.0,0.0,0.0,0.0,0.0,0.0,0.0,0.0,0.05128,0.0,0.0,0.0,0.0,0.025
570,The Royal Slave,"Cartwright, William",1,1121,1639,tragicomedy,tragicomedy,tragicomedy,britdrama,University/Inns of Court;Nonprofessional;Adult Professional;Professional,University/Inns of Court,13808,0.24725,0.0,0.0,0.0,0.0,0.75275,0.0,0.0,0.0,0.0,0.07249,0.0,0.0,0.0,0.0,0.03006,0.0,0.0,0.0,0.0,0.0,0.0,0.0,0.03636,0.0,0.0,0.0,0.0,0.0,0.0,0.0,0.07163,0.0,0.0,0.0,0.0,0.0,0.0,0.0,0.0,0.0,0.0,0.0,0.0,0.0,0.0,0.0,0.0,0.0,0.0,0.03672,0.0,0.0,0.0,0.0,0.0,0.0,0.0,0.0,0.0,0.0,0.0,0.0,0.0,0.0,0.0,0.0,0.0,0.0
492,The Two Noble Kinsmen,"Shakespeare, WilliamFletcher, John",1,1018,1634,tragicomedy,tragicomedy,tragicomedy,britdrama,Adult Professional;Professional,Adult Professional,23372,0.41237,0.0,0.0,0.06243,0.0,0.5252,0.06397,0.03962,0.0,0.02079,0.03979,0.0,0.0,0.02084,0.0,0.02105,0.0,0.04249,0.02088,0.02062,0.04005,0.0,0.0,0.0,0.0,0.0,0.0,0.0,0.0,0.0,0.0,0.0,0.0,0.0,0.02118,0.0,0.0,0.0,0.0,0.0,0.03949,0.0,0.0,0.0,0.0,0.0,0.0,0.0,0.0,0.0,0.02114,0.0,0.02109,0.0,0.0418,0.0,0.0,0.0,0.0,0.0,0.0,0.0,0.0,0.0,0.0,0.0,0.0,0.0,0.0
519,The Young Admiral,"Shirley, James",1,1052,1637,tragicomedy,tragicomedy,tragicomedy,britdrama,Adult Professional;Professional,Adult Professional,17561,0.36051,0.0,0.0,0.0,0.0,0.63949,0.0,0.0,0.0283,0.0,0.0,0.0,0.0,0.0,0.0,0.0,0.0,0.0,0.0,0.0,0.10837,0.0,0.0,0.0,0.0,0.0,0.0,0.0,0.0,0.0,0.0,0.0,0.0,0.0,0.0,0.0,0.0,0.0,0.0,0.0,0.0,0.0,0.0,0.0,0.02625,0.0,0.0,0.0,0.0,0.0,0.0,0.0,0.0,0.0,0.0,0.0,0.1976,0.0,0.0,0.0,0.0,0.0,0.0,0.0,0.0,0.0,0.0,0.0,0.0
