chunk_id,topic,in_fit
9_00000,5,1
9_00001,5,1
9_00002,5,1
9_00003,-1,1
9_00004,-1,1
9_00005,-1,1
9_00006,5,1
9_00007,5,1
9_00008,5,1
9_00009,5,1
9_00010,5,1
9_00011,5,1
9_00012,5,1
9_00013,5,1
11_00000,37,1
11_00001,37,1
11_00002,-1,1
11_00003,-1,1
11_00004,-1,1
11_00005,-1,1
11_00006,-1,1
11_00007,-1,1
11_00008,-1,1
11_00009,-1,1
11_00010,-1,1
11_00011,-1,1
11_00012,-1,1
11_00013,-1,1
11_00014,-1,1
11_00015,-1,1
11_00016,-1,1
11_00017,-1,1
11_00018,47,1
13_00000,-1,1
13_00001,-1,1
13_00002,-1,1
13_00003,-1,1
13_00004,-1,1
13_00005,-1,1
13_00006,-1,1
14_00000,-1,1
14_00001,-1,1
14_00002,-1,1
14_00003,-1,1
14_00004,-1,1
14_00005,-1,1
14_00006,-1,1
14_00007,-1,1
14_00008,-1,1
14_00009,-1,1
14_00010,-1,1
15_00000,-1,1
15_00001,-1,1
15_00002,4,1
15_00003,-1,1
15_00004,-1,1
15_00005,-1,1
15_00006,-1,1
15_00007,-1,1
15_00008,-1,1
15_00009,-1,1
15_00010,-1,1
15_00011,-1,1
15_00012,-1,1
15_00013,-1,1
15_00014,13,1
15_00015,1,1
15_00016,-1,1
15_00017,-1,1
19_00000,5,1
19_00001,-1,1
19_00002,-1,1
19_00003,5,1
19_00004,5,1
19_00005,5,1
19_00006,5,1
19_00007,-1,1
19_00008,5,1
19_00009,-1,1
22_00000,24,1
22_00001,-1,1
22_00002,-1,1
22_00003,-1,1
22_00004,13,1
22_00005,-1,1
22_00006,-1,1
22_00007,-1,1
22_00008,-1,1
22_00009,-1,1
22_00010,-1,1
22_00011,-1,1
22_00012,-1,1
22_00013,54,1
22_00014,4,1
22_00015,-1,1
22_00016,26,1
22_00017,51,1
22_00018,-1,1
22_00019,-1,1
22_00020,-1,1
25_00000,4,1
25_00001,-1,1
25_00002,-1,1
25_00003,4,1
25_00004,4,1
25_00005,-1,1
25_00006,-1,1
25_00007,4,1
25_00008,4,1
25_00009,4,1
25_00010,-1,1
25_00011,-1,1
25_00012,-1,1
25_00013,4,1
25_00014,-1,1
25_00015,4,1
25_00016,-1,1
25_00017,-1,1
25_00018,-1,1
25_00019,-1,1
25_00020,-1,1
25_00021,-1,1
25_00022,-1,1
25_00023,-1,1
25_00024,-1,1
25_00025,-1,1
27_00000,-1,1
27_00001,-1,1
27_00002,-1,1
27_00003,-1,1
27_00004,-1,1
27_00005,-1,1
27_00006,-1,1
27_00007,-1,1
27_00008,5,1
27_00009,-1,1
27_00010,-1,1
27_00011,-1,1
27_00012,-1,1
27_00013,-1,1
27_00014,-1,1
27_00015,-1,1
27_00016,-1,1
27_00017,-1,1
27_00018,-1,1
27_00019,-1,1
27_00020,-1,1
28_00000,-1,1
28_00001,5,1
28_00002,28,1
28_00003,-1,1
28_00004,-1,1
28_00005,-1,1
28_00006,-1,1
28_00007,-1,1
28_00008,-1,1
28_00009,-1,1
28_00010,46,1
28_00011,-1,1
28_00012,-1,1
28_00013,-1,1
28_00014,3,1
28_00015,-1,1
28_00016,-1,1
32_00000,19,1
32_00001,5,1
32_00002,-1,1
32_00003,13,1
32_00004,-1,1
32_00005,-1,1
32_00006,-1,1
32_00007,5,1
32_00008,-1,1
32_00009,5,1
33_00000,5,1
33_00001,5,1
33_00002,5,1
33_00003,-1,1
33_00004,-1,1
33_00005,3,1
33_00006,-1,1
33_00007,-1,1
33_00008,-1,1
33_00009,-1,1
33_00010,-1,1
33_00011,26,1
33_00012,26,1
33_00013,26,1
33_00014,-1,1
33_00015,-1,1
33_00016,19,1
33_00017,19,1
37_00000,5,1
37_00001,-1,1
37_00002,5,1
37_00003,-1,1
37_00004,5,1
37_00005,5,1
37_00006,5,1
37_00007,5,1
37_00008,5,1
37_00009,5,1
37_00010,5,1
37_00011,5,1
37_00012,5,1
37_00013,5,1
37_00014,5,1
37_00015,5,1
37_00016,5,1
39_00000,5,1
39_00001,5,1
39_00002,5,1
39_00003,5,1
39_00004,5,1
39_00005,-1,1
39_00006,5,1
39_00007,5,1
40_00000,5,1
40_00001,5,1
40_00002,5,1
40_00003,-1,1
40_00004,5,1
40_00005,26,1
40_00006,-1,1
40_00007,5,1
40_00008,31,1
40_00009,5,1
40_00010,5,1
40_00011,5,1
40_00012,5,1
40_00013,31,1
40_00014,5,1
40_00015,5,1
40_00016,5,1
40_00017,28,1
40_00018,31,1
40_00019,31,1
40_00020,5,1
40_00021,5,1
40_00022,5,1
40_00023,5,1
40_00024,5,1
40_00025,5,1
40_00026,5,1
40_00027,5,1
40_00028,5,1
40_00029,5,1
41_00000,5,0
41_00001,-1,0
41_00002,5,0
41_00003,56,0
41_00004,-1,0
41_00005,5,0
41_00006,5,0
41_00007,5,0
41_00008,5,0
41_00009,5,0
41_00010,5,0
41_00011,-1,0
41_00012,5,0
41_00013,31,0
41_00014,5,0
41_00015,5,0
41_00016,5,0
41_00017,-1,0
41_00018,31,0
41_00019,15,0
41_00020,5,0
41_00021,5,0
41_00022,5,0
41_00023,5,0
41_00024,5,0
41_00025,5,0
41_00026,5,0
41_00027,5,0
41_00028,5,0
41_00029,5,0
45_00000,37,1
45_00001,37,1
45_00002,37,1
45_00003,37,1
45_00004,37,1
45_00005,47,1
45_00006,37,1
45_00007,-1,1
45_00008,37,1
45_00009,-1,1
45_00010,37,1
45_00011,37,1
45_00012,37,1
45_00013,-1,1
45_00014,37,1
49_00000,7,1
49_00001,7,1
49_00002,7,1
49_00003,7,1
49_00004,7,1
49_00005,7,1
49_00006,7,1
49_00007,7,1
49_00008,7,1
49_00009,7,1
49_00010,-1,1
49_00011,7,1
49_00012,7,1
49_00013,7,1
49_00014,7,1
49_00015,7,1
49_00016,7,1
49_00017,7,1
49_00018,7,1
49_00019,7,1
49_00020,7,1
49_00021,7,1
49_00022,7,1
49_00023,7,1
49_00024,7,1
49_00025,7,1
49_00026,7,1
50_00000,36,1
50_00001,36,1
50_00002,7,1
50_00003,-1,1
50_00004,-1,1
50_00005,-1,1
50_00006,-1,1
50_00007,25,1
50_00008,-1,1
50_00009,-1,1
50_00010,40,1
50_00011,34,1
50_00012,7,1
50_00013,-1,1
50_00014,-1,1
50_00015,-1,1
50_00016,24,1
50_00017,-1,1
50_00018,-1,1
50_00019,1,1
50_00020,-1,1
50_00021,1,1
50_00022,-1,1
50_00023,36,1
51_00000,36,0
51_00001,36,0
51_00002,7,0
51_00003,-1,0
51_00004,25,0
51_00005,-1,0
51_00006,-1,0
51_00007,25,0
51_00008,-1,0
51_00009,-1,0
51_00010,40,0
51_00011,34,0
51_00012,7,0
51_00013,-1,0
51_00014,-1,0
51_00015,-1,0
51_00016,24,0
51_00017,-1,0
51_00018,-1,0
51_00019,-1,0
51_00020,-1,0
51_00021,1,0
51_00022,36,0
51_00023,36,0
53_00000,-1,1
53_00001,-1,1
53_00002,5,1
53_00003,37,1
53_00004,-1,1
53_00005,5,1
53_00006,39,1
53_00007,-1,1
53_00008,-1,1
53_00009,-1,1
53_00010,47,1
53_00011,37,1
53_00012,-1,1
53_00013,5,1
54_00000,-1,1
54_00001,51,1
54_00002,-1,1
54_00003,47,1
54_00004,-1,1
54_00005,-1,1
54_00006,1,1
54_00007,47,1
54_00008,1,1
54_00009,-1,1
57_00000,15,1
57_00001,15,1
57_00002,-1,1
59_00000,20,1
59_00001,20,1
59_00002,20,1
59_00003,-1,1
59_00004,20,1
59_00005,34,1
59_00006,7,1
59_00007,-1,1
59_00008,34,1
59_00009,-1,1
59_00010,-1,1
59_00011,20,1
59_00012,-1,1
59_00013,7,1
59_00014,7,1
59_00015,36,1
59_00016,36,1
59_00017,20,1
59_00018,7,1
59_00019,-1,1
59_00020,20,1
59_00021,20,1
59_00022,20,1
59_00023,20,1
59_00024,20,1
59_00025,20,1
59_00026,-1,1
59_00027,20,1
60_00000,-1,0
60_00001,20,0
60_00002,20,0
60_00003,20,0
60_00004,20,0
60_00005,-1,0
60_00006,7,0
60_00007,-1,0
60_00008,-1,0
60_00009,20,0
60_00010,-1,0
60_00011,20,0
60_00012,-1,0
60_00013,20,0
60_00014,-1,0
60_00015,36,0
60_00016,36,0
60_00017,20,0
60_00018,20,0
60_00019,-1,0
60_00020,20,0
60_00021,20,0
60_00022,20,0
60_00023,20,0
60_00024,20,0
60_00025,20,0
60_00026,-1,0
60_00027,20,0
65_00000,-1,1
65_00001,36,1
65_00002,-1,1
65_00003,36,1
65_00004,36,1
65_00005,-1,1
65_00006,-1,1
65_00007,-1,1
65_00008,34,1
65_00009,36,1
65_00010,-1,1
65_00011,-1,1
65_00012,36,1
65_00013,36,1
65_00014,-1,1
65_00015,25,1
65_00016,25,1
65_00017,-1,1
65_00018,22,1
65_00019,-1,1
65_00020,-1,1
65_00021,-1,1
65_00022,-1,1
65_00023,-1,1
65_00024,1,1
65_00025,36,1
66_00000,-1,1
66_00001,-1,1
66_00002,-1,1
66_00003,-1,1
66_00004,20,1
66_00005,20,1
66_00006,-1,1
66_00007,13,1
66_00008,7,1
66_00009,7,1
66_00010,-1,1
66_00011,-1,1
66_00012,7,1
66_00013,-1,1
67_00000,-1,1
67_00001,-1,1
67_00002,-1,1
67_00003,-1,1
67_00004,-1,1
67_00005,-1,1
68_00000,-1,1
68_00001,-1,1
68_00002,-1,1
68_00003,-1,1
68_00004,-1,1
68_00005,-1,1
68_00006,-1,1
68_00007,-1,1
68_00008,-1,1
68_00009,-1,1
68_00010,-1,1
68_00011,-1,1
68_00012,-1,1
68_00013,-1,1
68_00014,-1,1
68_00015,1,1
68_00016,1,1
68_00017,1,1
68_00018,40,1
68_00019,1,1
68_00020,38,1
68_00021,-1,1
68_00022,-1,1
68_00023,18,1
68_00024,-1,1
68_00025,-1,1
68_00026,53,1
68_00027,-1,1
68_00028,-1,1
69_00000,-1,0
69_00001,-1,0
69_00002,-1,0
69_00003,-1,0
69_00004,-1,0
69_00005,-1,0
69_00006,-1,0
69_00007,-1,0
69_00008,-1,0
69_00009,-1,0
69_00010,-1,0
69_00011,-1,0
69_00012,-1,0
69_00013,-1,0
69_00014,-1,0
69_00015,1,0
69_00016,1,0
69_00017,1,0
69_00018,40,0
69_00019,1,0
69_00020,38,0
69_00021,-1,0
69_00022,-1,0
69_00023,18,0
69_00024,43,0
69_00025,-1,0
69_00026,-1,0
69_00027,-1,0
69_00028,-1,0
74_00000,-1,1
74_00001,5,1
74_00002,5,1
74_00003,5,1
74_00004,5,1
74_00005,5,1
74_00006,5,1
74_00007,-1,1
74_00008,-1,1
74_00009,-1,1
74_00010,-1,1
74_00011,-1,1
74_00012,-1,1
74_00013,-1,1
74_00014,5,1
74_00015,5,1
74_00016,5,1
74_00017,5,1
76_00000,-1,1
76_00001,-1,1
76_00002,-1,1
76_00003,-1,1
76_00004,-1,1
76_00005,7,1
76_00006,7,1
76_00007,-1,1
76_00008,-1,1
76_00009,24,1
76_00010,-1,1
76_00011,7,1
76_00012,7,1
76_00013,-1,1
76_00014,7,1
76_00015,7,1
76_00016,7,1
76_00017,7,1
76_00018,-1,1
76_00019,-1,1
76_00020,7,1
76_00021,20,1
76_00022,7,1
76_00023,-1,1
76_00024,-1,1
76_00025,1,1
76_00026,7,1
76_00027,7,1
77_00000,-1,0
77_00001,24,0
77_00002,-1,0
77_00003,-1,0
77_00004,-1,0
77_00005,7,0
77_00006,7,0
77_00007,-1,0
77_00008,-1,0
77_00009,24,0
77_00010,-1,0
77_00011,7,0
77_00012,-1,0
77_00013,-1,0
77_00014,7,0
77_00015,7,0
77_00016,7,0
77_00017,7,0
77_00018,7,0
77_00019,24,0
77_00020,7,0
77_00021,20,0
77_00022,7,0
77_00023,-1,0
77_00024,-1,0
77_00025,1,0
77_00026,7,0
77_00027,7,0
79_00000,-1,1
79_00001,36,1
79_00002,-1,1
79_00003,-1,1
79_00004,-1,1
79_00005,-1,1
79_00006,-1,1
79_00007,-1,1
79_00008,19,1
79_00009,-1,1
79_00010,-1,1
79_00011,-1,1
79_00012,-1,1
79_00013,-1,1
79_00014,-1,1
79_00015,-1,1
79_00016,-1,1
79_00017,-1,1
79_00018,-1,1
79_00019,20,1
79_00020,56,1
79_00021,56,1
79_00022,36,1
79_00023,20,1
79_00024,20,1
79_00025,36,1
79_00026,-1,1
79_00027,1,1
79_00028,1,1
79_00029,1,1
80_00000,-1,0
80_00001,-1,0
80_00002,-1,0
80_00003,-1,0
80_00004,-1,0
80_00005,-1,0
80_00006,-1,0
80_00007,-1,0
80_00008,19,0
80_00009,-1,0
80_00010,-1,0
80_00011,-1,0
80_00012,-1,0
80_00013,-1,0
80_00014,-1,0
80_00015,-1,0
80_00016,-1,0
80_00017,-1,0
80_00018,-1,0
80_00019,20,0
80_00020,56,0
80_00021,56,0
80_00022,-1,0
80_00023,20,0
80_00024,20,0
80_00025,36,0
80_00026,-1,0
80_00027,1,0
80_00028,1,0
80_00029,1,0
81_00000,-1,1
81_00001,-1,1
81_00002,40,1
81_00003,36,1
81_00004,-1,1
81_00005,-1,1
81_00006,-1,1
81_00007,-1,1
81_00008,-1,1
81_00009,-1,1
81_00010,25,1
81_00011,2,1
81_00012,2,1
81_00013,12,1
81_00014,-1,1
81_00015,-1,1
81_00016,-1,1
81_00017,-1,1
81_00018,-1,1
81_00019,-1,1
81_00020,-1,1
81_00021,-1,1
81_00022,-1,1
82_00000,-1,0
82_00001,-1,0
82_00002,-1,0
82_00003,-1,0
82_00004,-1,0
82_00005,-1,0
82_00006,12,0
82_00007,-1,0
82_00008,-1,0
82_00009,-1,0
82_00010,25,0
82_00011,2,0
82_00012,-1,0
82_00013,12,0
82_00014,-1,0
82_00015,-1,0
82_00016,-1,0
82_00017,60,0
82_00018,-1,0
82_00019,-1,0
82_00020,-1,0
82_00021,-1,0
82_00022,-1,0
83_00000,9,1
83_00001,-1,1
83_00002,-1,1
83_00003,-1,1
83_00004,-1,1
83_00005,-1,1
83_00006,-1,1
83_00007,-1,1
83_00008,-1,1
83_00009,41,1
83_00010,-1,1
83_00011,28,1
83_00012,-1,1
83_00013,-1,1
83_00014,-1,1
83_00015,28,1
83_00016,-1,1
83_00017,-1,1
83_00018,-1,1
83_00019,-1,1
83_00020,-1,1
83_00021,-1,1
83_00022,-1,1
83_00023,1,1
83_00024,-1,1
83_00025,-1,1
83_00026,-1,1
83_00027,-1,1
83_00028,-1,1
83_00029,-1,1
83_00030,-1,1
83_00031,46,1
83_00032,-1,1
83_00033,-1,1
83_00034,-1,1
83_00035,-1,1
83_00036,-1,1
83_00037,-1,1
83_00038,-1,1
84_00000,19,1
84_00001,5,1
84_00002,-1,1
84_00003,-1,1
84_00004,-1,1
84_00005,-1,1
84_00006,-1,1
84_00007,19,1
84_00008,-1,1
84_00009,-1,1
84_00010,-1,1
84_00011,-1,1
84_00012,-1,1
84_00013,-1,1
84_00014,-1,1
84_00015,-1,1
84_00016,-1,1
84_00017,5,1
84_00018,5,1
84_00019,-1,1
84_00020,5,1
84_00021,5,1
84_00022,5,1
84_00023,5,1
84_00024,5,1
84_00025,5,1
84_00026,5,1
84_00027,5,1
84_00028,5,1
84_00029,-1,1
84_00030,5,1
84_00031,5,1
84_00032,5,1
84_00033,-1,1
84_00034,5,1
84_00035,5,1
84_00036,5,1
84_00037,5,1
85_00000,-1,1
85_00001,-1,1
85_00002,-1,1
85_00003,1,1
85_00004,-1,1
85_00005,1,1
85_00006,-1,1
85_00007,-1,1
85_00008,1,1
85_00009,-1,1
85_00010,1,1
85_00011,-1,1
85_00012,-1,1
85_00013,-1,1
85_00014,-1,1
85_00015,1,1
85_00016,-1,1
85_00017,-1,1
85_00018,34,1
85_00019,1,1
85_00020,-1,1
85_00021,-1,1
85_00022,-1,1
85_00023,-1,1
86_00000,-1,1
86_00001,-1,1
86_00002,-1,1
86_00003,-1,1
86_00004,-1,1
86_00005,-1,1
86_00006,-1,1
86_00007,-1,1
86_00008,-1,1
86_00009,-1,1
86_00010,-1,1
86_00011,37,1
86_00012,-1,1
86_00013,-1,1
86_00014,-1,1
86_00015,-1,1
86_00016,-1,1
86_00017,-1,1
86_00018,-1,1
89_00000,-1,1
89_00001,-1,1
89_00002,26,1
89_00003,26,1
89_00004,47,1
89_00005,47,1
89_00006,47,1
89_00007,47,1
89_00008,-1,1
89_00009,-1,1
89_00010,47,1
89_00011,47,1
89_00012,-1,1
89_00013,-1,1
89_00014,19,1
89_00015,19,1
89_00016,-1,1
89_00017,47,1
89_00018,-1,1
89_00019,-1,1
89_00020,-1,1
89_00021,-1,1
89_00022,19,1
91_00000,5,1
91_00001,-1,1
91_00002,-1,1
91_00003,51,1
91_00004,51,1
91_00005,-1,1
91_00006,-1,1
91_00007,51,1
91_00008,51,1
91_00009,-1,1
91_00010,-1,1
91_00011,51,1
91_00012,-1,1
91_00013,-1,1
91_00014,-1,1
91_00015,51,1
91_00016,51,1
91_00017,-1,1
91_00018,51,1
91_00019,-1,1
91_00020,-1,1
91_00021,-1,1
91_00022,-1,1
91_00023,-1,1
91_00024,-1,1
91_00025,51,1
91_00026,51,1
91_00027,51,1
91_00028,-1,1
91_00029,-1,1
91_00030,40,1
91_00031,-1,1
91_00032,-1,1
91_00033,5,1
94_00000,51,1
94_00001,-1,1
94_00002,51,1
94_00003,-1,1
94_00004,-1,1
94_00005,51,1
94_00006,-1,1
94_00007,-1,1
94_00008,-1,1
94_00009,28,1
94_00010,28,1
94_00011,28,1
94_00012,-1,1
94_00013,-1,1
94_00014,-1,1
94_00015,-1,1
94_00016,-1,1
94_00017,-1,1
94_00018,-1,1
94_00019,-1,1
94_00020,-1,1
94_00021,-1,1
94_00022,-1,1
94_00023,51,1
94_00024,-1,1
95_00000,48,1
95_00001,48,1
95_00002,19,1
95_00003,-1,1
95_00004,-1,1
95_00005,-1,1
95_00006,-1,1
95_00007,-1,1
95_00008,28,1
95_00009,-1,1
95_00010,-1,1
95_00011,33,1
95_00012,-1,1
95_00013,-1,1
95_00014,-1,1
95_00015,-1,1
95_00016,-1,1
95_00017,-1,1
95_00018,-1,1
95_00019,-1,1
95_00020,46,1
95_00021,13,1
96_00000,25,1
96_00001,17,1
96_00002,13,1
96_00003,-1,1
96_00004,-1,1
96_00005,-1,1
96_00006,-1,1
96_00007,-1,1
96_00008,-1,1
96_00009,-1,1
96_00010,-1,1
96_00011,-1,1
96_00012,38,1
96_00013,-1,1
96_00014,-1,1
96_00015,-1,1
96_00016,-1,1
96_00017,-1,1
96_00018,21,1
96_00019,14,1
96_00020,-1,1
96_00021,-1,1
96_00022,-1,1
96_00023,38,1
96_00024,38,1
96_00025,-1,1
99_00000,-1,1
99_00001,37,1
99_00002,-1,1
99_00003,37,1
99_00004,37,1
99_00005,-1,1
99_00006,-1,1
99_00007,40,1
99_00008,-1,1
99_00009,-1,1
99_00010,-1,1
99_00011,37,1
99_00012,26,1
99_00013,37,1
99_00014,37,1
99_00015,37,1
99_00016,-1,1
99_00017,37,1
99_00018,-1,1
99_00019,-1,1
99_00020,-1,1
99_00021,-1,1
99_00022,5,1
99_00023,-1,1
99_00024,-1,1
99_00025,3,1
99_00026,26,1
99_00027,5,1
99_00028,37,1
100_00000,9,1
100_00001,-1,1
100_00002,-1,1
100_00003,2,1
100_00004,-1,1
100_00005,48,1
100_00006,-1,1
100_00007,-1,1
100_00008,-1,1
100_00009,-1,1
100_00010,-1,1
100_00011,-1,1
100_00012,1,1
100_00013,-1,1
100_00014,-1,1
100_00015,53,1
100_00016,1,1
100_00017,-1,1
100_00018,1,1
100_00019,62,1
100_00020,-1,1
100_00021,-1,1
100_00022,-1,1
100_00023,-1,1
100_00024,-1,1
100_00025,62,1
100_00026,-1,1
100_00027,-1,1
100_00028,-1,1
100_00029,-1,1
100_00030,-1,1
100_00031,-1,1
100_00032,1,1
100_00033,-1,1
100_00034,-1,1
100_00035,-1,1
100_00036,-1,1
103_00000,-1,1
103_00001,-1,1
103_00002,-1,1
103_00003,-1,1
103_00004,-1,1
103_00005,-1,1
103_00006,3,1
103_00007,-1,1
103_00008,-1,1
103_00009,0,1
103_00010,-1,1
103_00011,3,1
103_00012,-1,1
103_00013,-1,1
103_00014,41,1
103_00015,-1,1
103_00016,19,1
103_00017,1,1
103_00018,-1,1
103_00019,-1,1
103_00020,-1,1
103_00021,-1,1
103_00022,-1,1
103_00023,-1,1
103_00024,-1,1
103_00025,-1,1
103_00026,6,1
103_00027,-1,1
103_00028,-1,1
103_00029,3,1
103_00030,-1,1
103_00031,-1,1
103_00032,11,1
103_00033,-1,1
103_00034,11,1
103_00035,-1,1
104_00000,-1,0
104_00001,-1,0
104_00002,-1,0
104_00003,-1,0
104_00004,-1,0
104_00005,-1,0
104_00006,3,0
104_00007,-1,0
104_00008,-1,0
104_00009,0,0
104_00010,-1,0
104_00011,3,0
104_00012,-1,0
104_00013,-1,0
104_00014,-1,0
104_00015,3,0
104_00016,19,0
104_00017,-1,0
104_00018,-1,0
104_00019,-1,0
104_00020,-1,0
104_00021,-1,0
104_00022,-1,0
104_00023,-1,0
104_00024,-1,0
104_00025,-1,0
104_00026,6,0
104_00027,-1,0
104_00028,-1,0
104_00029,3,0
104_00030,-1,0
104_00031,-1,0
104_00032,-1,0
104_00033,-1,0
104_00034,-1,0
104_00035,-1,0
106_00000,-1,1
106_00001,-1,1
106_00002,-1,1
106_00003,34,1
106_00004,-1,1
106_00005,-1,1
106_00006,-1,1
106_00007,-1,1
106_00008,34,1
106_00009,-1,1
106_00010,-1,1
106_00011,34,1
106_00012,-1,1
106_00013,-1,1
106_00014,-1,1
106_00015,34,1
106_00016,34,1
106_00017,-1,1
106_00018,-1,1
106_00019,34,1
106_00020,-1,1
106_00021,34,1
106_00022,-1,1
106_00023,34,1
106_00024,-1,1
106_00025,-1,1
106_00026,-1,1
106_00027,50,1
106_00028,-1,1
106_00029,34,1
106_00030,34,1
106_00031,-1,1
106_00032,-1,1
106_00033,-1,1
106_00034,-1,1
106_00035,34,1
106_00036,-1,1
106_00037,-1,1
106_00038,-1,1
106_00039,-1,1
106_00040,34,1
106_00041,-1,1
106_00042,24,1
106_00043,25,1
107_00000,-1,0
107_00001,34,0
107_00002,34,0
107_00003,-1,0
107_00004,-1,0
107_00005,34,0
107_00006,-1,0
107_00007,-1,0
107_00008,-1,0
107_00009,-1,0
107_00010,34,0
107_00011,34,0
107_00012,-1,0
107_00013,-1,0
107_00014,-1,0
107_00015,34,0
107_00016,34,0
107_00017,34,0
107_00018,-1,0
107_00019,34,0
107_00020,-1,0
107_00021,34,0
107_00022,34,0
107_00023,34,0
107_00024,-1,0
107_00025,-1,0
107_00026,-1,0
107_00027,50,0
107_00028,7,0
107_00029,34,0
107_00030,34,0
107_00031,-1,0
107_00032,-1,0
107_00033,-1,0
107_00034,-1,0
107_00035,34,0
107_00036,-1,0
107_00037,-1,0
107_00038,-1,0
107_00039,-1,0
107_00040,-1,0
107_00041,-1,0
107_00042,24,0
107_00043,25,0
107_00044,-1,0
107_00045,-1,0
107_00046,-1,0
107_00047,-1,0
107_00048,4,0
107_00049,-1,0
107_00050,21,0
107_00051,-1,0
107_00052,-1,0
107_00053,-1,0
107_00054,-1,0
107_00055,-1,0
107_00056,-1,0
107_00057,62,0
107_00058,-1,0
107_00059,-1,0
107_00060,-1,0
107_00061,-1,0
107_00062,-1,0
107_00063,-1,0
107_00064,50,0
107_00065,-1,0
107_00066,50,0
107_00067,-1,0
110_00000,-1,1
110_00001,-1,1
110_00002,-1,1
110_00003,-1,1
110_00004,-1,1
110_00005,-1,1
110_00006,-1,1
110_00007,-1,1
114_00000,-1,1
114_00001,-1,1
114_00002,-1,1
114_00003,-1,1
114_00004,-1,1
114_00005,-1,1
114_00006,-1,1
114_00007,-1,1
114_00008,39,1
114_00009,-1,1
114_00010,-1,1
114_00011,-1,1
114_00012,1,1
114_00013,-1,1
114_00014,1,1
117_00000,-1,1
117_00001,-1,1
117_00002,-1,1
117_00003,-1,1
117_00004,-1,1
117_00005,-1,1
117_00006,-1,1
117_00007,-1,1
117_00008,-1,1
117_00009,-1,1
117_00010,-1,1
117_00011,-1,1
117_00012,-1,1
117_00013,-1,1
117_00014,-1,1
117_00015,-1,1
117_00016,-1,1
117_00017,-1,1
117_00018,3,1
117_00019,-1,1
117_00020,47,1
117_00021,3,1
117_00022,-1,1
117_00023,-1,1
117_00024,-1,1
117_00025,-1,1
117_00026,47,1
117_00027,-1,1
117_00028,-1,1
121_00000,-1,1
121_00001,57,1
121_00002,-1,1
121_00003,35,1
121_00004,-1,1
121_00005,-1,1
121_00006,6,1
121_00007,6,1
121_00008,6,1
121_00009,-1,1
121_00010,-1,1
121_00011,16,1
121_00012,-1,1
121_00013,-1,1
121_00014,33,1
121_00015,6,1
121_00016,47,1
121_00017,-1,1
121_00018,-1,1
121_00019,-1,1
121_00020,-1,1
121_00021,-1,1
121_00022,-1,1
121_00023,-1,1
121_00024,-1,1
121_00025,37,1
121_00026,-1,1
121_00027,5,1
121_00028,1,1
121_00029,-1,1
122_00000,5,1
122_00001,-1,1
122_00002,-1,1
122_00003,-1,1
122_00004,-1,1
122_00005,-1,1
122_00006,-1,1
122_00007,-1,1
122_00008,-1,1
122_00009,-1,1
122_00010,-1,1
122_00011,-1,1
122_00012,-1,1
122_00013,-1,1
122_00014,-1,1
122_00015,5,1
123_00000,37,1
123_00001,37,1
123_00002,37,1
123_00003,37,1
123_00004,-1,1
123_00005,37,1
123_00006,-1,1
123_00007,5,1
123_00008,-1,1
123_00009,5,1
123_00010,-1,1
123_00011,-1,1
123_00012,37,1
123_00013,37,1
123_00014,37,1
123_00015,37,1
123_00016,37,1
123_00017,37,1
123_00018,-1,1
123_00019,-1,1
123_00020,-1,1
123_00021,-1,1
123_00022,-1,1
123_00023,-1,1
123_00024,6,1
123_00025,-1,1
123_00026,-1,1
123_00027,-1,1
123_00028,28,1
123_00029,1,1
123_00030,5,1
123_00031,5,1
124_00000,-1,1
124_00001,-1,1
124_00002,49,1
124_00003,40,1
124_00004,1,1
124_00005,-1,1
124_00006,4,1
124_00007,-1,1
124_00008,4,1
124_00009,40,1
124_00010,1,1
124_00011,-1,1
124_00012,-1,1
124_00013,-1,1
124_00014,-1,1
124_00015,-1,1
124_00016,-1,1
124_00017,-1,1
124_00018,4,1
124_00019,-1,1
124_00020,-1,1
125_00000,1,1
125_00001,0,1
125_00002,-1,1
125_00003,-1,1
125_00004,-1,1
125_00005,-1,1
125_00006,-1,1
125_00007,-1,1
125_00008,-1,1
125_00009,-1,1
125_00010,-1,1
125_00011,-1,1
125_00012,1,1
125_00013,-1,1
125_00014,-1,1
125_00015,-1,1
125_00016,1,1
125_00017,1,1
125_00018,40,1
126_00000,14,1
126_00001,-1,1
126_00002,-1,1
126_00003,-1,1
126_00004,-1,1
126_00005,-1,1
126_00006,-1,1
126_00007,-1,1
126_00008,-1,1
126_00009,-1,1
126_00010,-1,1
126_00011,38,1
126_00012,-1,1
126_00013,-1,1
126_00014,-1,1
128_00000,-1,1
128_00001,-1,1
128_00002,-1,1
128_00003,21,1
128_00004,21,1
128_00005,21,1
128_00006,21,1
128_00007,-1,1
128_00008,-1,1
128_00009,-1,1
128_00010,19,1
128_00011,-1,1
128_00012,55,1
129_00000,-1,1
129_00001,-1,1
129_00002,26,1
129_00003,-1,1
129_00004,3,1
129_00005,-1,1
129_00006,-1,1
129_00007,-1,1
129_00008,-1,1
129_00009,-1,1
129_00010,-1,1
129_00011,5,1
129_00012,4,1
129_00013,-1,1
129_00014,-1,1
129_00015,-1,1
129_00016,-1,1
129_00017,-1,1
129_00018,-1,1
129_00019,1,1
129_00020,1,1
129_00021,5,1
129_00022,-1,1
129_00023,-1,1
129_00024,-1,1
129_00025,-1,1
129_00026,-1,1
129_00027,-1,1
129_00028,1,1
130_00000,-1,1
130_00001,-1,1
130_00002,-1,1
130_00003,-1,1
130_00004,-1,1
130_00005,-1,1
130_00006,13,1
130_00007,-1,1
130_00008,-1,1
130_00009,-1,1
130_00010,-1,1
130_00011,-1,1
131_00000,-1,1
131_00001,39,1
131_00002,5,1
131_00003,5,1
131_00004,-1,1
131_00005,-1,1
131_00006,5,1
131_00007,-1,1
131_00008,5,1
131_00009,5,1
131_00010,-1,1
131_00011,5,1
131_00012,5,1
131_00013,5,1
131_00014,5,1
131_00015,5,1
131_00016,31,1
131_00017,5,1
131_00018,5,1
131_00019,5,1
131_00020,5,1
131_00021,5,1
131_00022,5,1
131_00023,5,1
131_00024,5,1
131_00025,-1,1
131_00026,5,1
131_00027,5,1
131_00028,-1,1
131_00029,37,1
131_00030,-1,1
131_00031,5,1
131_00032,37,1
131_00033,5,1
131_00034,5,1
131_00035,5,1
131_00036,5,1
131_00037,5,1
131_00038,5,1
131_00039,5,1
131_00040,5,1
131_00041,5,1
132_00000,-1,1
132_00001,-1,1
132_00002,34,1
132_00003,-1,1
132_00004,34,1
132_00005,36,1
132_00006,-1,1
132_00007,-1,1
132_00008,1,1
132_00009,-1,1
132_00010,34,1
132_00011,34,1
132_00012,-1,1
132_00013,-1,1
132_00014,-1,1
132_00015,-1,1
132_00016,-1,1
132_00017,34,1
132_00018,34,1
132_00019,34,1
132_00020,-1,1
132_00021,-1,1
132_00022,34,1
133_00000,-1,1
133_00001,-1,1
133_00002,-1,1
133_00003,-1,1
133_00004,21,1
133_00005,-1,1
133_00006,24,1
133_00007,-1,1
133_00008,38,1
133_00009,-1,1
133_00010,-1,1
133_00011,-1,1
133_00012,-1,1
133_00013,-1,1
133_00014,-1,1
133_00015,36,1
133_00016,-1,1
133_00017,24,1
133_00018,24,1
133_00019,-1,1
133_00020,-1,1
133_00021,-1,1
133_00022,-1,1
133_00023,-1,1
133_00024,-1,1
133_00025,-1,1
133_00026,36,1
133_00027,36,1
133_00028,-1,1
133_00029,-1,1
134_00000,20,1
134_00001,-1,1
134_00002,20,1
134_00003,7,1
134_00004,-1,1
134_00005,20,1
134_00006,20,1
134_00007,20,1
134_00008,20,1
134_00009,-1,1
134_00010,20,1
134_00011,20,1
134_00012,20,1
134_00013,20,1
134_00014,-1,1
134_00015,-1,1
134_00016,-1,1
134_00017,20,1
134_00018,20,1
134_00019,20,1
134_00020,20,1
134_00021,20,1
134_00022,36,1
134_00023,20,1
134_00024,-1,1
134_00025,20,1
134_00026,20,1
134_00027,20,1
134_00028,20,1
134_00029,20,1
134_00030,20,1
134_00031,20,1
134_00032,20,1
134_00033,20,1
134_00034,20,1
134_00035,20,1
134_00036,20,1
134_00037,20,1
134_00038,20,1
134_00039,20,1
134_00040,20,1
134_00041,20,1
134_00042,20,1
134_00043,36,1
135_00000,9,1
135_00001,-1,1
135_00002,-1,1
135_00003,-1,1
135_00004,-1,1
135_00005,-1,1
135_00006,24,1
135_00007,-1,1
135_00008,-1,1
135_00009,-1,1
135_00010,-1,1
135_00011,-1,1
135_00012,-1,1
135_00013,3,1
135_00014,-1,1
135_00015,3,1
135_00016,4,1
135_00017,-1,1
135_00018,3,1
135_00019,21,1
135_00020,21,1
135_00021,-1,1
135_00022,-1,1
135_00023,21,1
135_00024,21,1
135_00025,21,1
135_00026,21,1
139_00000,7,1
139_00001,-1,1
139_00002,-1,1
139_00003,12,1
139_00004,21,1
139_00005,12,1
139_00006,12,1
139_00007,12,1
139_00008,21,1
139_00009,21,1
139_00010,4,1
139_00011,21,1
139_00012,21,1
139_00013,12,1
139_00014,-1,1
139_00015,12,1
139_00016,12,1
139_00017,12,1
139_00018,-1,1
139_00019,24,1
139_00020,-1,1
140_00000,-1,1
140_00001,34,1
140_00002,34,1
140_00003,-1,1
140_00004,-1,1
140_00005,-1,1
140_00006,-1,1
140_00007,-1,1
140_00008,-1,1
140_00009,-1,1
140_00010,-1,1
140_00011,35,1
140_00012,12,1
140_00013,17,1
140_00014,-1,1
140_00015,-1,1
140_00016,-1,1
140_00017,-1,1
140_00018,-1,1
140_00019,-1,1
140_00020,-1,1
140_00021,-1,1
140_00022,4,1
140_00023,-1,1
140_00024,7,1
146_00000,39,1
146_00001,39,1
146_00002,39,1
146_00003,39,1
146_00004,39,1
146_00005,39,1
146_00006,39,1
146_00007,-1,1
146_00008,39,1
146_00009,-1,1
146_00010,6,1
146_00011,39,1
146_00012,-1,1
146_00013,39,1
146_00014,39,1
146_00015,39,1
146_00016,27,1
146_00017,-1,1
146_00018,-1,1
146_00019,39,1
146_00020,39,1
146_00021,39,1
146_00022,39,1
146_00023,39,1
146_00024,6,1
146_00025,39,1
146_00026,-1,1
146_00027,-1,1
146_00028,-1,1
146_00029,-1,1
146_00030,-1,1
146_00031,-1,1
146_00032,-1,1
146_00033,-1,1
146_00034,30,1
146_00035,39,1
146_00036,39,1
147_00000,-1,1
147_00001,-1,1
147_00002,-1,1
147_00003,-1,1
147_00004,-1,1
147_00005,-1,1
147_00006,-1,1
147_00007,-1,1
147_00008,-1,1
147_00009,56,1
147_00010,56,1
147_00011,-1,1
147_00012,-1,1
147_00013,26,1
147_00014,-1,1
147_00015,-1,1
147_00016,-1,1
147_00017,-1,1
147_00018,3,1
147_00019,-1,1
147_00020,-1,1
147_00021,-1,1
147_00022,-1,1
147_00023,-1,1
147_00024,-1,1
147_00025,-1,1
147_00026,8,1
147_00027,49,1
147_00028,-1,1
147_00029,41,1
148_00000,-1,1
148_00001,-1,1
149_00000,48,1
149_00001,-1,1
149_00002,0,1
149_00003,-1,1
149_00004,0,1
149_00005,-1,1
149_00006,-1,1
149_00007,55,1
149_00008,-1,1
149_00009,-1,1
149_00010,-1,1
149_00011,-1,1
149_00012,-1,1
149_00013,-1,1
149_00014,-1,1
149_00015,-1,1
149_00016,-1,1
150_00000,1,1
150_00001,-1,1
150_00002,-1,1
150_00003,1,1
150_00004,-1,1
150_00005,25,1
150_00006,2,1
150_00007,2,1
150_00008,25,1
150_00009,-1,1
150_00010,-1,1
150_00011,-1,1
150_00012,-1,1
150_00013,-1,1
150_00014,25,1
150_00015,-1,1
150_00016,-1,1
150_00017,-1,1
150_00018,-1,1
150_00019,-1,1
150_00020,-1,1
150_00021,-1,1
150_00022,25,1
150_00023,-1,1
150_00024,-1,1
150_00025,-1,1
150_00026,-1,1
150_00027,-1,1
150_00028,-1,1
150_00029,-1,1
150_00030,-1,1
150_00031,-1,1
150_00032,1,1
150_00033,-1,1
150_00034,-1,1
153_00000,-1,1
153_00001,-1,1
153_00002,11,1
153_00003,33,1
153_00004,33,1
153_00005,-1,1
153_00006,33,1
153_00007,-1,1
153_00008,33,1
153_00009,33,1
153_00010,33,1
153_00011,33,1
153_00012,28,1
153_00013,-1,1
153_00014,-1,1
153_00015,33,1
153_00016,33,1
153_00017,33,1
153_00018,33,1
153_00019,-1,1
153_00020,28,1
153_00021,33,1
153_00022,33,1
153_00023,-1,1
153_00024,-1,1
153_00025,-1,1
153_00026,-1,1
153_00027,-1,1
153_00028,-1,1
153_00029,-1,1
153_00030,-1,1
155_00000,-1,1
155_00001,-1,1
155_00002,-1,1
155_00003,-1,1
155_00004,-1,1
155_00005,-1,1
155_00006,-1,1
155_00007,37,1
155_00008,-1,1
155_00009,39,1
155_00010,39,1
155_00011,39,1
155_00012,39,1
155_00013,39,1
155_00014,39,1
155_00015,39,1
155_00016,39,1
155_00017,39,1
155_00018,39,1
155_00019,39,1
155_00020,-1,1
155_00021,39,1
155_00022,39,1
155_00023,-1,1
155_00024,6,1
155_00025,39,1
155_00026,-1,1
155_00027,-1,1
155_00028,-1,1
155_00029,-1,1
155_00030,-1,1
155_00031,-1,1
155_00032,39,1
155_00033,39,1
155_00034,6,1
155_00035,-1,1
155_00036,39,1
155_00037,39,1
155_00038,-1,1
155_00039,39,1
155_00040,-1,1
156_00000,17,1
156_00001,17,1
156_00002,17,1
156_00003,22,1
156_00004,17,1
156_00005,17,1
156_00006,17,1
156_00007,17,1
156_00008,17,1
156_00009,17,1
156_00010,17,1
156_00011,17,1
156_00012,-1,1
156_00013,17,1
156_00014,17,1
156_00015,17,1
156_00016,17,1
156_00017,17,1
156_00018,17,1
156_00019,17,1
156_00020,17,1
156_00021,-1,1
156_00022,17,1
156_00023,17,1
156_00024,-1,1
156_00025,17,1
156_00026,17,1
156_00027,-1,1
156_00028,-1,1
156_00029,-1,1
156_00030,-1,1
156_00031,34,1
156_00032,-1,1
156_00033,17,1
160_00000,17,1
160_00001,17,1
160_00002,17,1
160_00003,-1,1
160_00004,-1,1
160_00005,-1,1
160_00006,17,1
160_00007,17,1
160_00008,17,1
160_00009,-1,1
160_00010,-1,1
160_00011,-1,1
160_00012,-1,1
160_00013,17,1
160_00014,-1,1
160_00015,-1,1
160_00016,50,1
160_00017,1,1
160_00018,17,1
160_00019,17,1
160_00020,17,1
160_00021,-1,1
160_00022,-1,1
160_00023,-1,1
160_00024,-1,1
160_00025,3,1
160_00026,-1,1
160_00027,17,1
160_00028,-1,1
160_00029,-1,1
160_00030,17,1
160_00031,17,1
160_00032,36,1
160_00033,-1,1
160_00034,-1,1
160_00035,-1,1
164_00000,-1,1
164_00001,-1,1
165_00000,21,1
165_00001,21,1
165_00002,-1,1
165_00003,-1,1
165_00004,4,1
165_00005,-1,1
165_00006,-1,1
165_00007,1,1
165_00008,4,1
165_00009,4,1
165_00010,19,1
165_00011,4,1
165_00012,-1,1
165_00013,-1,1
165_00014,-1,1
165_00015,-1,1
165_00016,4,1
165_00017,4,1
165_00018,-1,1
165_00019,4,1
165_00020,-1,1
165_00021,1,1
165_00022,-1,1
165_00023,1,1
165_00024,1,1
165_00025,1,1
165_00026,1,1
165_00027,-1,1
165_00028,4,1
165_00029,4,1
167_00000,-1,1
167_00001,-1,1
167_00002,-1,1
167_00003,-1,1
167_00004,-1,1
167_00005,-1,1
167_00006,-1,1
167_00007,-1,1
167_00008,-1,1
167_00009,-1,1
167_00010,-1,1
167_00011,4,1
167_00012,-1,1
167_00013,-1,1
167_00014,-1,1
167_00015,-1,1
167_00016,-1,1
167_00017,-1,1
167_00018,-1,1
167_00019,-1,1
167_00020,-1,1
167_00021,-1,1
167_00022,-1,1
167_00023,-1,1
167_00024,-1,1
167_00025,-1,1
167_00026,-1,1
167_00027,-1,1
167_00028,-1,1
167_00029,-1,1
167_00030,-1,1
167_00031,-1,1
167_00032,-1,1
167_00033,-1,1
167_00034,-1,1
167_00035,-1,1
167_00036,4,1
167_00037,-1,1
169_00000,-1,1
169_00001,-1,1
170_00000,10,1
170_00001,-1,1
170_00002,43,1
170_00003,43,1
170_00004,43,1
170_00005,-1,1
170_00006,-1,1
170_00007,10,1
170_00008,43,1
170_00009,43,1
170_00010,10,1
170_00011,10,1
170_00012,10,1
170_00013,10,1
170_00014,10,1
170_00015,-1,1
170_00016,31,1
170_00017,-1,1
170_00018,-1,1
170_00019,15,1
170_00020,15,1
170_00021,-1,1
170_00022,-1,1
170_00023,31,1
170_00024,-1,1
170_00025,-1,1
170_00026,1,1
171_00000,10,0
171_00001,-1,0
171_00002,-1,0
171_00003,-1,0
171_00004,43,0
171_00005,-1,0
171_00006,-1,0
171_00007,10,0
171_00008,43,0
171_00009,-1,0
171_00010,10,0
171_00011,10,0
171_00012,10,0
171_00013,-1,0
171_00014,-1,0
171_00015,-1,0
171_00016,31,0
171_00017,31,0
171_00018,-1,0
171_00019,10,0
171_00020,15,0
171_00021,15,0
171_00022,15,0
171_00023,-1,0
171_00024,-1,0
171_00025,31,0
171_00026,-1,0
171_00027,-1,0
171_00028,1,0
174_00000,1,1
174_00001,-1,1
174_00002,-1,1
174_00003,-1,1
174_00004,31,1
174_00005,31,1
174_00006,-1,1
174_00007,-1,1
174_00008,10,1
174_00009,-1,1
174_00010,31,1
174_00011,31,1
174_00012,38,1
174_00013,15,1
174_00014,15,1
174_00015,10,1
174_00016,15,1
174_00017,31,1
174_00018,10,1
177_00000,-1,1
177_00001,48,1
177_00002,-1,1
177_00003,4,1
177_00004,-1,1
178_00000,-1,1
178_00001,-1,1
178_00002,1,1
178_00003,-1,1
178_00004,-1,1
178_00005,-1,1
178_00006,-1,1
178_00007,-1,1
178_00008,-1,1
178_00009,-1,1
178_00010,-1,1
178_00011,-1,1
178_00012,21,1
178_00013,36,1
178_00014,1,1
178_00015,-1,1
178_00016,-1,1
178_00017,-1,1
178_00018,-1,1
178_00019,-1,1
178_00020,-1,1
178_00021,-1,1
178_00022,18,1
178_00023,-1,1
178_00024,-1,1
178_00025,1,1
178_00026,38,1
178_00027,-1,1
178_00028,-1,1
179_00000,-1,1
179_00001,-1,1
179_00002,21,1
179_00003,57,1
179_00004,-1,1
179_00005,-1,1
179_00006,21,1
179_00007,-1,1
179_00008,-1,1
179_00009,-1,1
179_00010,21,1
179_00011,21,1
179_00012,4,1
179_00013,-1,1
179_00014,-1,1
179_00015,21,1
179_00016,21,1
179_00017,-1,1
179_00018,21,1
179_00019,21,1
179_00020,-1,1
179_00021,-1,1
179_00022,-1,1
179_00023,24,1
179_00024,21,1
179_00025,21,1
179_00026,21,1
181_00000,35,1
181_00001,-1,1
181_00002,-1,1
181_00003,-1,1
181_00004,-1,1
181_00005,-1,1
181_00006,-1,1
181_00007,-1,1
181_00008,-1,1
181_00009,-1,1
181_00010,25,1
181_00011,-1,1
181_00012,-1,1
181_00013,-1,1
181_00014,-1,1
181_00015,24,1
181_00016,22,1
181_00017,22,1
181_00018,24,1
181_00019,24,1
181_00020,-1,1
181_00021,-1,1
181_00022,-1,1
181_00023,24,1
181_00024,24,1
181_00025,0,1
181_00026,3,1
181_00027,24,1
181_00028,24,1
181_00029,24,1
183_00000,-1,1
183_00001,4,1
183_00002,-1,1
183_00003,-1,1
183_00004,-1,1
183_00005,1,1
183_00006,-1,1
183_00007,-1,1
183_00008,-1,1
183_00009,-1,1
183_00010,-1,1
183_00011,-1,1
183_00012,-1,1
183_00013,-1,1
183_00014,1,1
183_00015,-1,1
183_00016,-1,1
183_00017,-1,1
183_00018,-1,1
183_00019,-1,1
183_00020,-1,1
183_00021,-1,1
183_00022,-1,1
183_00023,-1,1
183_00024,-1,1
183_00025,-1,1
183_00026,4,1
183_00027,-1,1
183_00028,-1,1
183_00029,-1,1
183_00030,-1,1
183_00031,-1,1
183_00032,-1,1
183_00033,-1,1
183_00034,-1,1
183_00035,-1,1
183_00036,-1,1
183_00037,1,1
183_00038,1,1
183_00039,1,1
187_00000,54,1
187_00001,2,1
187_00002,-1,1
187_00003,-1,1
187_00004,36,1
187_00005,54,1
187_00006,54,1
187_00007,54,1
187_00008,-1,1
187_00009,54,1
187_00010,-1,1
187_00011,-1,1
187_00012,1,1
187_00013,-1,1
187_00014,-1,1
187_00015,-1,1
187_00016,-1,1
187_00017,20,1
187_00018,-1,1
187_00019,-1,1
187_00020,54,1
187_00021,2,1
187_00022,54,1
187_00023,54,1
187_00024,54,1
187_00025,2,1
187_00026,54,1
187_00027,54,1
187_00028,54,1
188_00000,-1,1
188_00001,-1,1
188_00002,-1,1
188_00003,17,1
188_00004,13,1
188_00005,13,1
188_00006,-1,1
188_00007,6,1
188_00008,-1,1
188_00009,-1,1
188_00010,-1,1
188_00011,-1,1
188_00012,4,1
188_00013,23,1
188_00014,-1,1
188_00015,6,1
188_00016,-1,1
188_00017,-1,1
188_00018,-1,1
188_00019,-1,1
188_00020,-1,1
188_00021,-1,1
188_00022,-1,1
188_00023,-1,1
188_00024,-1,1
188_00025,-1,1
188_00026,-1,1
188_00027,-1,1
188_00028,-1,1
188_00029,1,1
188_00030,-1,1
188_00031,-1,1
188_00032,-1,1
188_00033,1,1
188_00034,1,1
190_00000,-1,1
190_00001,59,1
190_00002,-1,1
190_00003,-1,1
190_00004,-1,1
190_00005,-1,1
190_00006,-1,1
190_00007,59,1
190_00008,-1,1
190_00009,-1,1
190_00010,-1,1
190_00011,-1,1
190_00012,-1,1
190_00013,-1,1
190_00014,-1,1
190_00015,-1,1
190_00016,1,1
190_00017,-1,1
190_00018,-1,1
190_00019,1,1
190_00020,1,1
190_00021,1,1
190_00022,-1,1
190_00023,-1,1
190_00024,-1,1
190_00025,-1,1
190_00026,0,1
190_00027,-1,1
190_00028,1,1
190_00029,1,1
190_00030,-1,1
190_00031,-1,1
190_00032,-1,1
190_00033,36,1
190_00034,-1,1
190_00035,-1,1
190_00036,-1,1
190_00037,-1,1
190_00038,-1,1
190_00039,-1,1
190_00040,-1,1
200_00000,22,1
200_00001,22,1
200_00002,21,1
200_00003,21,1
200_00004,24,1
200_00005,24,1
201_00000,22,1
201_00001,22,1
202_00000,-1,1
202_00001,-1,1
202_00002,-1,1
203_00000,-1,1
203_00001,-1,1
203_00002,-1,1
203_00003,-1,1
203_00004,18,1
203_00005,15,1
203_00006,15,1
203_00007,15,1
203_00008,-1,1
203_00009,50,1
203_00010,18,1
203_00011,-1,1
203_00012,-1,1
203_00013,18,1
203_00014,15,1
203_00015,-1,1
203_00016,-1,1
203_00017,-1,1
203_00018,15,1
203_00019,15,1
203_00020,15,1
203_00021,15,1
203_00022,-1,1
203_00023,-1,1
203_00024,-1,1
203_00025,14,1
203_00026,-1,1
203_00027,-1,1
203_00028,15,1
203_00029,15,1
203_00030,-1,1
203_00031,-1,1
203_00032,18,1
203_00033,-1,1
203_00034,18,1
203_00035,15,1
203_00036,-1,1
203_00037,-1,1
203_00038,-1,1
203_00039,15,1
203_00040,-1,1
203_00041,38,1
203_00042,38,1
205_00000,-1,1
205_00001,-1,1
205_00002,-1,1
205_00003,-1,1
205_00004,-1,1
205_00005,-1,1
205_00006,0,1
205_00007,-1,1
205_00008,-1,1
205_00009,-1,1
205_00010,-1,1
205_00011,-1,1
205_00012,-1,1
205_00013,-1,1
205_00014,-1,1
205_00015,-1,1
205_00016,-1,1
205_00017,-1,1
205_00018,0,1
205_00019,0,1
205_00020,0,1
205_00021,-1,1
205_00022,-1,1
207_00000,-1,1
207_00001,-1,1
207_00002,18,1
207_00003,18,1
207_00004,-1,1
207_00005,18,1
207_00006,-1,1
207_00007,-1,1
207_00008,18,1
207_00009,-1,1
207_00010,-1,1
207_00011,18,1
207_00012,18,1
207_00013,-1,1
207_00014,18,1
207_00015,18,1
209_00000,-1,1
209_00001,47,1
209_00002,-1,1
209_00003,4,1
209_00004,-1,1
209_00005,-1,1
209_00006,1,1
209_00007,-1,1
209_00008,-1,1
209_00009,-1,1
209_00010,6,1
209_00011,6,1
209_00012,-1,1
209_00013,-1,1
209_00014,6,1
209_00015,-1,1
209_00016,-1,1
209_00017,6,1
209_00018,13,1
209_00019,-1,1
209_00020,-1,1
209_00021,6,1
209_00022,26,1
209_00023,-1,1
209_00024,-1,1
209_00025,-1,1
209_00026,-1,1
209_00027,-1,1
209_00028,-1,1
209_00029,53,1
209_00030,-1,1
209_00031,-1,1
209_00032,-1,1
210_00000,2,1
210_00001,2,1
210_00002,2,1
210_00003,-1,1
210_00004,2,1
210_00005,-1,1
210_00006,2,1
210_00007,-1,1
210_00008,-1,1
210_00009,-1,1
210_00010,-1,1
210_00011,2,1
210_00012,2,1
210_00013,2,1
210_00014,2,1
210_00015,2,1
210_00016,-1,1
210_00017,2,1
210_00018,2,1
210_00019,2,1
210_00020,2,1
210_00021,2,1
210_00022,-1,1
210_00023,-1,1
210_00024,2,1
210_00025,2,1
210_00026,-1,1
210_00027,-1,1
210_00028,2,1
210_00029,36,1
210_00030,2,1
211_00000,2,1
211_00001,2,1
211_00002,2,1
211_00003,2,1
211_00004,60,1
211_00005,-1,1
211_00006,60,1
211_00007,-1,1
211_00008,-1,1
211_00009,-1,1
211_00010,-1,1
211_00011,-1,1
211_00012,-1,1
211_00013,40,1
211_00014,40,1
211_00015,-1,1
211_00016,-1,1
211_00017,-1,1
211_00018,40,1
211_00019,-1,1
211_00020,-1,1
211_00021,34,1
211_00022,2,1
211_00023,-1,1
211_00024,-1,1
211_00025,-1,1
211_00026,1,1
211_00027,-1,1
211_00028,60,1
211_00029,-1,1
211_00030,-1,1
211_00031,-1,1
211_00032,1,1
211_00033,-1,1
211_00034,-1,1
211_00035,-1,1
211_00036,2,1
211_00037,-1,1
214_00000,2,0
214_00001,2,0
214_00002,2,0
214_00003,2,0
214_00004,60,0
214_00005,-1,0
214_00006,-1,0
214_00007,-1,0
214_00008,-1,0
214_00009,-1,0
214_00010,-1,0
214_00011,-1,0
214_00012,-1,0
214_00013,-1,0
214_00014,40,0
214_00015,-1,0
214_00016,-1,0
214_00017,1,0
214_00018,40,0
214_00019,40,0
214_00020,-1,0
214_00021,2,0
214_00022,-1,0
214_00023,-1,0
214_00024,2,0
214_00025,-1,0
214_00026,-1,0
214_00027,-1,0
214_00028,-1,0
214_00029,-1,0
214_00030,-1,0
214_00031,-1,0
214_00032,-1,0
214_00033,-1,0
214_00034,1,0
214_00035,-1,0
214_00036,-1,0
214_00037,-1,0
214_00038,2,0
214_00039,-1,0
216_00000,-1,1
216_00001,-1,1
216_00002,5,1
216_00003,-1,1
216_00004,44,1
216_00005,6,1
216_00006,6,1
216_00007,-1,1
216_00008,-1,1
216_00009,-1,1
216_00010,6,1
216_00011,6,1
216_00012,6,1
216_00013,-1,1
216_00014,44,1
216_00015,-1,1
216_00016,5,1
216_00017,57,1
216_00018,-1,1
216_00019,-1,1
216_00020,53,1
216_00021,-1,1
216_00022,23,1
216_00023,7,1
216_00024,5,1
216_00025,-1,1
216_00026,-1,1
216_00027,26,1
216_00028,-1,1
216_00029,5,1
216_00030,5,1
216_00031,26,1
216_00032,5,1
216_00033,5,1
216_00034,5,1
216_00035,5,1
216_00036,-1,1
216_00037,-1,1
216_00038,5,1
222_00000,-1,1
222_00001,-1,1
222_00002,43,1
222_00003,-1,1
222_00004,-1,1
222_00005,29,1
222_00006,-1,1
222_00007,-1,1
222_00008,-1,1
222_00009,-1,1
222_00010,43,1
222_00011,-1,1
222_00012,-1,1
222_00013,-1,1
222_00014,29,1
222_00015,-1,1
222_00016,-1,1
222_00017,43,1
222_00018,0,1
222_00019,38,1
222_00020,1,1
222_00021,-1,1
222_00022,-1,1
222_00023,-1,1
222_00024,18,1
222_00025,10,1
222_00026,18,1
222_00027,18,1
222_00028,-1,1
222_00029,-1,1
222_00030,-1,1
222_00031,43,1
224_00000,10,0
224_00001,10,0
224_00002,-1,0
224_00003,43,0
224_00004,-1,0
224_00005,0,0
224_00006,-1,0
224_00007,31,0
224_00008,-1,0
224_00009,-1,0
224_00010,29,0
224_00011,-1,0
224_00012,-1,0
224_00013,43,0
224_00014,-1,0
224_00015,43,0
224_00016,-1,0
224_00017,-1,0
224_00018,0,0
224_00019,29,0
224_00020,-1,0
224_00021,43,0
224_00022,-1,0
224_00023,-1,0
224_00024,-1,0
224_00025,29,0
224_00026,0,0
224_00027,0,0
224_00028,-1,0
224_00029,-1,0
224_00030,1,0
224_00031,-1,0
224_00032,8,0
224_00033,-1,0
224_00034,-1,0
224_00035,43,0
224_00036,18,0
224_00037,18,0
224_00038,-1,0
224_00039,-1,0
224_00040,18,0
224_00041,-1,0
224_00042,-1,0
224_00043,43,0
224_00044,-1,0
224_00045,-1,0
224_00046,-1,0
224_00047,-1,0
224_00048,-1,0
226_00000,44,1
226_00001,-1,1
226_00002,-1,1
226_00003,33,1
226_00004,-1,1
226_00005,-1,1
226_00006,-1,1
226_00007,-1,1
226_00008,-1,1
226_00009,-1,1
226_00010,-1,1
226_00011,-1,1
226_00012,28,1
226_00013,-1,1
226_00014,-1,1
226_00015,-1,1
226_00016,-1,1
226_00017,-1,1
226_00018,-1,1
226_00019,-1,1
226_00020,0,1
226_00021,-1,1
226_00022,-1,1
226_00023,-1,1
226_00024,-1,1
228_00000,-1,0
228_00001,-1,0
228_00002,-1,0
228_00003,-1,0
228_00004,-1,0
228_00005,28,0
228_00006,-1,0
228_00007,-1,0
228_00008,-1,0
228_00009,-1,0
228_00010,-1,0
228_00011,-1,0
228_00012,28,0
228_00013,-1,0
228_00014,-1,0
228_00015,-1,0
228_00016,-1,0
228_00017,-1,0
228_00018,-1,0
228_00019,-1,0
228_00020,0,0
228_00021,-1,0
228_00022,-1,0
228_00023,-1,0
228_00024,-1,0
229_00000,47,1
229_00001,-1,1
229_00002,-1,1
229_00003,-1,1
229_00004,-1,1
229_00005,-1,1
229_00006,-1,1
229_00007,-1,1
229_00008,-1,1
229_00009,-1,1
229_00010,-1,1
229_00011,49,1
229_00012,-1,1
229_00013,-1,1
229_00014,-1,1
229_00015,-1,1
229_00016,-1,1
229_00017,-1,1
229_00018,-1,1
229_00019,-1,1
229_00020,-1,1
229_00021,-1,1
229_00022,28,1
229_00023,28,1
229_00024,-1,1
229_00025,-1,1
229_00026,44,1
229_00027,-1,1
229_00028,-1,1
229_00029,-1,1
229_00030,-1,1
229_00031,-1,1
229_00032,-1,1
229_00033,-1,1
229_00034,-1,1
229_00035,-1,1
229_00036,-1,1
229_00037,11,1
229_00038,-1,1
229_00039,-1,1
229_00040,-1,1
230_00000,-1,0
230_00001,-1,0
230_00002,-1,0
230_00003,-1,0
230_00004,-1,0
230_00005,-1,0
230_00006,-1,0
230_00007,-1,0
230_00008,-1,0
230_00009,-1,0
230_00010,-1,0
230_00011,49,0
230_00012,-1,0
230_00013,-1,0
230_00014,-1,0
230_00015,-1,0
230_00016,-1,0
230_00017,-1,0
230_00018,-1,0
230_00019,-1,0
230_00020,-1,0
230_00021,-1,0
230_00022,28,0
230_00023,28,0
230_00024,-1,0
230_00025,-1,0
230_00026,-1,0
230_00027,-1,0
230_00028,-1,0
230_00029,-1,0
230_00030,-1,0
230_00031,-1,0
230_00032,-1,0
230_00033,-1,0
230_00034,-1,0
230_00035,-1,0
230_00036,-1,0
230_00037,-1,0
230_00038,-1,0
230_00039,-1,0
230_00040,-1,0
232_00000,-1,1
232_00001,-1,1
232_00002,-1,1
232_00003,56,1
232_00004,-1,1
232_00005,15,1
232_00006,-1,1
232_00007,-1,1
232_00008,-1,1
232_00009,15,1
232_00010,15,1
232_00011,15,1
232_00012,15,1
232_00013,-1,1
232_00014,-1,1
232_00015,15,1
232_00016,56,1
232_00017,20,1
232_00018,20,1
232_00019,-1,1
232_00020,0,1
232_00021,15,1
232_00022,15,1
232_00023,-1,1
232_00024,-1,1
232_00025,-1,1
232_00026,15,1
232_00027,1,1
232_00028,-1,1
232_00029,15,1
232_00030,26,1
232_00031,-1,1
233_00000,-1,0
233_00001,-1,0
233_00002,-1,0
233_00003,56,0
233_00004,3,0
233_00005,15,0
233_00006,-1,0
233_00007,-1,0
233_00008,-1,0
233_00009,15,0
233_00010,15,0
233_00011,15,0
233_00012,15,0
233_00013,3,0
233_00014,-1,0
233_00015,-1,0
233_00016,15,0
233_00017,56,0
233_00018,20,0
233_00019,20,0
233_00020,13,0
233_00021,-1,0
233_00022,15,0
233_00023,-1,0
233_00024,-1,0
233_00025,15,0
233_00026,-1,0
233_00027,15,0
233_00028,1,0
233_00029,-1,0
233_00030,15,0
233_00031,26,0
233_00032,-1,0
235_00000,2,1
235_00001,2,1
235_00002,2,1
235_00003,2,1
235_00004,2,1
235_00005,2,1
235_00006,2,1
235_00007,2,1
235_00008,2,1
235_00009,2,1
235_00010,2,1
235_00011,2,1
235_00012,2,1
235_00013,-1,1
235_00014,1,1
235_00015,2,1
235_00016,2,1
235_00017,-1,1
235_00018,2,1
235_00019,2,1
235_00020,2,1
235_00021,2,1
235_00022,2,1
235_00023,-1,1
235_00024,-1,1
235_00025,44,1
235_00026,2,1
235_00027,2,1
235_00028,2,1
235_00029,2,1
235_00030,2,1
235_00031,2,1
235_00032,2,1
235_00033,-1,1
235_00034,2,1
235_00035,-1,1
235_00036,2,1
235_00037,2,1
236_00000,-1,1
236_00001,-1,1
236_00002,14,1
236_00003,-1,1
236_00004,-1,1
236_00005,-1,1
236_00006,10,1
236_00007,4,1
236_00008,22,1
236_00009,4,1
236_00010,-1,1
236_00011,-1,1
236_00012,-1,1
236_00013,50,1
236_00014,13,1
236_00015,10,1
236_00016,-1,1
236_00017,-1,1
236_00018,14,1
236_00019,36,1
236_00020,10,1
236_00021,-1,1
238_00000,21,1
238_00001,-1,1
238_00002,-1,1
238_00003,-1,1
238_00004,62,1
238_00005,39,1
238_00006,9,1
238_00007,-1,1
238_00008,36,1
238_00009,0,1
238_00010,12,1
238_00011,12,1
238_00012,12,1
238_00013,12,1
238_00014,12,1
238_00015,0,1
238_00016,12,1
238_00017,12,1
238_00018,-1,1
238_00019,-1,1
238_00020,0,1
238_00021,-1,1
238_00022,12,1
238_00023,-1,1
239_00000,51,1
239_00001,-1,1
239_00002,-1,1
239_00003,-1,1
239_00004,-1,1
239_00005,51,1
239_00006,-1,1
239_00007,-1,1
239_00008,-1,1
239_00009,44,1
239_00010,-1,1
239_00011,-1,1
239_00012,35,1
239_00013,44,1
239_00014,11,1
239_00015,-1,1
239_00016,28,1
239_00017,-1,1
239_00018,-1,1
239_00019,-1,1
239_00020,-1,1
239_00021,28,1
239_00022,28,1
239_00023,-1,1
239_00024,-1,1
239_00025,-1,1
239_00026,-1,1
239_00027,28,1
239_00028,28,1
239_00029,28,1
239_00030,-1,1
239_00031,33,1
239_00032,-1,1
239_00033,6,1
242_00000,-1,1
242_00001,-1,1
242_00002,-1,1
242_00003,-1,1
242_00004,-1,1
242_00005,53,1
242_00006,-1,1
242_00007,-1,1
242_00008,43,1
242_00009,-1,1
242_00010,18,1
242_00011,-1,1
242_00012,-1,1
242_00013,-1,1
242_00014,-1,1
242_00015,-1,1
242_00016,-1,1
242_00017,-1,1
242_00018,-1,1
242_00019,-1,1
242_00020,-1,1
242_00021,-1,1
242_00022,-1,1
242_00023,-1,1
242_00024,-1,1
242_00025,43,1
242_00026,18,1
242_00027,-1,1
242_00028,18,1
242_00029,18,1
242_00030,18,1
242_00031,-1,1
242_00032,-1,1
242_00033,-1,1
242_00034,-1,1
242_00035,-1,1
242_00036,18,1
242_00037,43,1
242_00038,43,1
242_00039,-1,1
243_00000,-1,1
243_00001,17,1
243_00002,-1,1
243_00003,-1,1
243_00004,-1,1
243_00005,-1,1
243_00006,-1,1
243_00007,-1,1
243_00008,-1,1
243_00009,-1,1
243_00010,-1,1
243_00011,-1,1
243_00012,-1,1
243_00013,-1,1
243_00014,-1,1
243_00015,17,1
243_00016,-1,1
243_00017,59,1
243_00018,-1,1
243_00019,-1,1
243_00020,-1,1
243_00021,-1,1
244_00000,12,1
244_00001,7,1
244_00002,7,1
244_00003,-1,1
244_00004,7,1
244_00005,-1,1
244_00006,7,1
244_00007,7,1
244_00008,7,1
244_00009,7,1
244_00010,4,1
244_00011,-1,1
244_00012,-1,1
244_00013,-1,1
244_00014,11,1
244_00015,-1,1
244_00016,-1,1
244_00017,7,1
244_00018,7,1
244_00019,-1,1
244_00020,-1,1
244_00021,-1,1
244_00022,7,1
244_00023,7,1
244_00024,-1,1
244_00025,11,1
244_00026,1,1
245_00000,53,1
245_00001,18,1
245_00002,-1,1
245_00003,31,1
245_00004,18,1
245_00005,31,1
245_00006,-1,1
245_00007,-1,1
245_00008,-1,1
245_00009,-1,1
245_00010,18,1
245_00011,18,1
245_00012,-1,1
245_00013,18,1
245_00014,18,1
245_00015,-1,1
245_00016,18,1
245_00017,-1,1
245_00018,-1,1
245_00019,-1,1
245_00020,18,1
245_00021,10,1
245_00022,18,1
245_00023,18,1
245_00024,10,1
245_00025,-1,1
245_00026,-1,1
245_00027,-1,1
245_00028,-1,1
245_00029,38,1
245_00030,53,1
245_00031,53,1
245_00032,38,1
245_00033,-1,1
245_00034,-1,1
245_00035,-1,1
245_00036,-1,1
245_00037,-1,1
245_00038,38,1
245_00039,-1,1
245_00040,-1,1
250_00000,17,1
250_00001,17,1
250_00002,17,1
250_00003,17,1
250_00004,17,1
250_00005,17,1
250_00006,-1,1
250_00007,17,1
250_00008,17,1
250_00009,1,1
250_00010,-1,1
250_00011,17,1
250_00012,4,1
250_00013,4,1
250_00014,-1,1
250_00015,-1,1
250_00016,17,1
250_00017,17,1
250_00018,17,1
250_00019,17,1
250_00020,17,1
250_00021,17,1
250_00022,17,1
250_00023,17,1
250_00024,17,1
250_00025,-1,1
251_00000,-1,1
251_00001,54,1
251_00002,54,1
251_00003,-1,1
251_00004,1,1
251_00005,14,1
251_00006,54,1
251_00007,-1,1
251_00008,60,1
251_00009,54,1
251_00010,-1,1
251_00011,-1,1
251_00012,60,1
251_00013,-1,1
251_00014,-1,1
251_00015,-1,1
251_00016,54,1
251_00017,54,1
251_00018,2,1
251_00019,54,1
251_00020,-1,1
251_00021,-1,1
251_00022,-1,1
251_00023,1,1
251_00024,1,1
251_00025,54,1
254_00000,1,0
254_00001,54,0
254_00002,54,0
254_00003,-1,0
254_00004,-1,0
254_00005,-1,0
254_00006,54,0
254_00007,-1,0
254_00008,-1,0
254_00009,-1,0
254_00010,-1,0
254_00011,-1,0
254_00012,-1,0
254_00013,-1,0
254_00014,-1,0
254_00015,-1,0
254_00016,54,0
254_00017,54,0
254_00018,-1,0
254_00019,54,0
254_00020,-1,0
254_00021,-1,0
254_00022,-1,0
254_00023,-1,0
254_00024,1,0
254_00025,1,0
254_00026,54,0
260_00000,-1,1
260_00001,-1,1
260_00002,-1,1
260_00003,-1,1
260_00004,-1,1
260_00005,-1,1
260_00006,-1,1
260_00007,31,1
260_00008,-1,1
260_00009,31,1
260_00010,-1,1
260_00011,-1,1
260_00012,-1,1
260_00013,-1,1
260_00014,-1,1
260_00015,-1,1
260_00016,31,1
260_00017,15,1
260_00018,-1,1
261_00000,5,1
261_00001,-1,1
261_00002,-1,1
261_00003,-1,1
261_00004,-1,1
261_00005,33,1
261_00006,-1,1
261_00007,51,1
261_00008,-1,1
261_00009,57,1
261_00010,-1,1
261_00011,-1,1
261_00012,12,1
261_00013,-1,1
261_00014,5,1
261_00015,-1,1
261_00016,-1,1
261_00017,-1,1
261_00018,-1,1
261_00019,-1,1
261_00020,-1,1
261_00021,5,1
261_00022,5,1
261_00023,5,1
261_00024,5,1
261_00025,5,1
261_00026,-1,1
263_00000,-1,1
263_00001,7,1
263_00002,-1,1
263_00003,-1,1
263_00004,4,1
263_00005,28,1
263_00006,-1,1
263_00007,-1,1
263_00008,-1,1
263_00009,17,1
263_00010,17,1
263_00011,-1,1
263_00012,-1,1
263_00013,7,1
263_00014,-1,1
263_00015,46,1
263_00016,-1,1
263_00017,-1,1
263_00018,-1,1
263_00019,-1,1
263_00020,-1,1
263_00021,-1,1
263_00022,21,1
263_00023,36,1
263_00024,36,1
263_00025,-1,1
263_00026,1,1
263_00027,-1,1
263_00028,-1,1
263_00029,1,1
263_00030,-1,1
264_00000,-1,1
264_00001,-1,1
264_00002,-1,1
264_00003,-1,1
264_00004,-1,1
264_00005,-1,1
264_00006,15,1
264_00007,1,1
264_00008,-1,1
264_00009,-1,1
264_00010,-1,1
264_00011,-1,1
264_00012,44,1
264_00013,-1,1
264_00014,-1,1
265_00000,-1,0
265_00001,43,0
265_00002,43,0
265_00003,43,0
265_00004,-1,0
265_00005,-1,0
265_00006,-1,0
265_00007,-1,0
265_00008,0,0
265_00009,-1,0
265_00010,-1,0
265_00011,-1,0
265_00012,-1,0
265_00013,10,0
265_00014,-1,0
265_00015,-1,0
265_00016,-1,0
265_00017,-1,0
265_00018,-1,0
265_00019,45,0
265_00020,-1,0
265_00021,-1,0
265_00022,-1,0
265_00023,-1,0
265_00024,-1,0
265_00025,-1,0
265_00026,-1,0
265_00027,-1,0
265_00028,18,0
265_00029,-1,0
265_00030,10,0
265_00031,-1,0
265_00032,29,0
265_00033,36,0
268_00000,43,1
268_00001,43,1
268_00002,43,1
268_00003,-1,1
268_00004,-1,1
268_00005,-1,1
268_00006,-1,1
268_00007,-1,1
268_00008,-1,1
268_00009,-1,1
268_00010,0,1
268_00011,43,1
268_00012,43,1
268_00013,-1,1
268_00014,-1,1
268_00015,-1,1
268_00016,-1,1
268_00017,-1,1
268_00018,-1,1
268_00019,38,1
268_00020,0,1
268_00021,-1,1
268_00022,-1,1
268_00023,45,1
268_00024,45,1
268_00025,53,1
268_00026,-1,1
268_00027,-1,1
268_00028,-1,1
268_00029,-1,1
268_00030,10,1
268_00031,-1,1
268_00032,-1,1
268_00033,43,1
268_00034,-1,1
268_00035,-1,1
268_00036,43,1
268_00037,43,1
268_00038,-1,1
268_00039,43,1
268_00040,-1,1
268_00041,38,1
268_00042,-1,1
268_00043,-1,1
268_00044,1,1
268_00045,36,1
268_00046,53,1
270_00000,-1,1
270_00001,-1,1
270_00002,1,1
270_00003,1,1
270_00004,37,1
270_00005,5,1
270_00006,-1,1
270_00007,-1,1
270_00008,-1,1
270_00009,-1,1
270_00010,5,1
270_00011,-1,1
270_00012,-1,1
270_00013,-1,1
270_00014,-1,1
270_00015,-1,1
270_00016,-1,1
270_00017,-1,1
270_00018,1,1
270_00019,1,1
270_00020,1,1
270_00021,1,1
270_00022,1,1
270_00023,1,1
270_00024,1,1
270_00025,-1,1
271_00000,10,1
271_00001,10,1
271_00002,10,1
271_00003,-1,1
271_00004,-1,1
271_00005,48,1
271_00006,-1,1
271_00007,4,1
271_00008,-1,1
271_00009,-1,1
271_00010,-1,1
271_00011,-1,1
271_00012,-1,1
271_00013,-1,1
271_00014,-1,1
271_00015,-1,1
271_00016,-1,1
271_00017,10,1
271_00018,10,1
271_00019,10,1
271_00020,10,1
271_00021,10,1
271_00022,10,1
271_00023,-1,1
271_00024,-1,1
271_00025,10,1
271_00026,10,1
271_00027,-1,1
271_00028,-1,1
271_00029,-1,1
271_00030,10,1
271_00031,1,1
271_00032,-1,1
271_00033,10,1
271_00034,10,1
271_00035,-1,1
271_00036,10,1
271_00037,10,1
271_00038,10,1
273_00000,-1,1
273_00001,42,1
273_00002,-1,1
273_00003,-1,1
273_00004,42,1
273_00005,42,1
273_00006,-1,1
273_00007,-1,1
273_00008,52,1
273_00009,-1,1
273_00010,-1,1
273_00011,-1,1
273_00012,-1,1
273_00013,-1,1
273_00014,42,1
273_00015,1,1
273_00016,0,1
273_00017,42,1
273_00018,-1,1
273_00019,-1,1
273_00020,38,1
273_00021,-1,1
273_00022,-1,1
273_00023,38,1
273_00024,-1,1
273_00025,-1,1
273_00026,-1,1
273_00027,-1,1
273_00028,-1,1
273_00029,38,1
273_00030,-1,1
273_00031,-1,1
273_00032,-1,1
273_00033,-1,1
273_00034,0,1
273_00035,-1,1
273_00036,-1,1
273_00037,-1,1
273_00038,-1,1
273_00039,-1,1
273_00040,-1,1
278_00000,-1,0
278_00001,-1,0
278_00002,-1,0
278_00003,-1,0
278_00004,42,0
278_00005,42,0
278_00006,42,0
278_00007,-1,0
278_00008,-1,0
278_00009,-1,0
278_00010,25,0
278_00011,42,0
278_00012,42,0
278_00013,43,0
278_00014,-1,0
278_00015,-1,0
278_00016,18,0
278_00017,42,0
278_00018,-1,0
278_00019,-1,0
278_00020,38,0
278_00021,-1,0
278_00022,-1,0
278_00023,-1,0
278_00024,-1,0
278_00025,-1,0
278_00026,-1,0
278_00027,-1,0
278_00028,-1,0
278_00029,29,0
278_00030,-1,0
278_00031,-1,0
278_00032,-1,0
278_00033,53,0
278_00034,-1,0
278_00035,-1,0
278_00036,0,0
278_00037,-1,0
278_00038,-1,0
278_00039,-1,0
278_00040,25,0
278_00041,-1,0
278_00042,-1,0
281_00000,-1,0
281_00001,-1,0
281_00002,-1,0
281_00003,26,0
281_00004,-1,0
281_00005,-1,0
281_00006,-1,0
281_00007,0,0
281_00008,14,0
281_00009,38,0
281_00010,-1,0
281_00011,-1,0
281_00012,-1,0
281_00013,0,0
281_00014,0,0
281_00015,-1,0
281_00016,-1,0
281_00017,-1,0
281_00018,40,0
281_00019,-1,0
281_00020,-1,0
281_00021,42,0
281_00022,-1,0
281_00023,-1,0
281_00024,-1,0
281_00025,-1,0
281_00026,-1,0
281_00027,-1,0
281_00028,-1,0
281_00029,-1,0
281_00030,-1,0
281_00031,-1,0
281_00032,0,0
281_00033,-1,0
281_00034,-1,0
281_00035,-1,0
281_00036,-1,0
281_00037,-1,0
281_00038,18,0
281_00039,42,0
281_00040,42,0
281_00041,1,0
281_00042,-1,0
281_00043,-1,0
281_00044,-1,0
281_00045,18,0
281_00046,18,0
281_00047,-1,0
281_00048,18,0
281_00049,1,0
281_00050,-1,0
281_00051,-1,0
281_00052,-1,0
281_00053,18,0
287_00000,8,1
287_00001,-1,1
287_00002,43,1
287_00003,26,1
287_00004,-1,1
287_00005,1,1
287_00006,14,1
287_00007,0,1
287_00008,-1,1
287_00009,38,1
287_00010,-1,1
287_00011,-1,1
287_00012,-1,1
287_00013,0,1
287_00014,0,1
287_00015,1,1
287_00016,1,1
287_00017,29,1
287_00018,40,1
287_00019,-1,1
287_00020,-1,1
287_00021,-1,1
287_00022,-1,1
287_00023,-1,1
287_00024,-1,1
287_00025,-1,1
287_00026,-1,1
287_00027,-1,1
287_00028,-1,1
287_00029,0,1
287_00030,-1,1
287_00031,-1,1
287_00032,-1,1
287_00033,-1,1
287_00034,-1,1
287_00035,-1,1
287_00036,-1,1
287_00037,-1,1
287_00038,14,1
287_00039,-1,1
287_00040,-1,1
287_00041,38,1
287_00042,-1,1
287_00043,-1,1
287_00044,-1,1
287_00045,-1,1
287_00046,-1,1
287_00047,43,1
287_00048,18,1
287_00049,-1,1
287_00050,-1,1
287_00051,-1,1
287_00052,-1,1
287_00053,50,1
287_00054,-1,1
287_00055,18,1
291_00000,-1,0
291_00001,-1,0
291_00002,-1,0
291_00003,3,0
291_00004,-1,0
291_00005,55,0
291_00006,-1,0
291_00007,-1,0
291_00008,-1,0
291_00009,-1,0
291_00010,-1,0
291_00011,-1,0
291_00012,-1,0
291_00013,-1,0
291_00014,-1,0
291_00015,-1,0
291_00016,-1,0
291_00017,-1,0
291_00018,-1,0
291_00019,-1,0
291_00020,-1,0
291_00021,15,0
291_00022,15,0
291_00023,-1,0
291_00024,-1,0
291_00025,-1,0
291_00026,15,0
291_00027,15,0
291_00028,-1,0
291_00029,1,0
291_00030,-1,0
291_00031,15,0
291_00032,1,0
291_00033,15,0
291_00034,15,0
294_00000,-1,1
294_00001,-1,1
294_00002,52,1
294_00003,4,1
294_00004,-1,1
294_00005,-1,1
294_00006,-1,1
294_00007,4,1
294_00008,55,1
294_00009,-1,1
294_00010,-1,1
294_00011,4,1
294_00012,4,1
294_00013,4,1
294_00014,-1,1
294_00015,-1,1
294_00016,-1,1
294_00017,-1,1
294_00018,-1,1
294_00019,-1,1
294_00020,-1,1
294_00021,4,1
294_00022,-1,1
294_00023,-1,1
294_00024,-1,1
294_00025,-1,1
294_00026,-1,1
294_00027,-1,1
294_00028,15,1
294_00029,-1,1
294_00030,-1,1
294_00031,-1,1
294_00032,-1,1
294_00033,-1,1
294_00034,33,1
294_00035,15,1
294_00036,-1,1
294_00037,15,1
294_00038,-1,1
294_00039,-1,1
294_00040,-1,1
294_00041,-1,1
294_00042,15,1
294_00043,-1,1
294_00044,1,1
294_00045,15,1
294_00046,15,1
294_00047,15,1
298_00000,-1,1
298_00001,-1,1
298_00002,-1,1
298_00003,-1,1
298_00004,12,1
298_00005,12,1
298_00006,12,1
298_00007,-1,1
298_00008,-1,1
298_00009,24,1
298_00010,21,1
298_00011,-1,1
298_00012,22,1
298_00013,-1,1
298_00014,-1,1
298_00015,4,1
298_00016,-1,1
298_00017,-1,1
298_00018,-1,1
298_00019,4,1
298_00020,-1,1
298_00021,4,1
298_00022,22,1
298_00023,-1,1
298_00024,-1,1
300_00000,18,1
300_00001,42,1
300_00002,-1,1
300_00003,-1,1
300_00004,47,1
300_00005,42,1
300_00006,42,1
300_00007,43,1
300_00008,-1,1
300_00009,18,1
300_00010,-1,1
300_00011,47,1
300_00012,47,1
300_00013,-1,1
300_00014,-1,1
300_00015,-1,1
300_00016,42,1
300_00017,-1,1
300_00018,-1,1
300_00019,-1,1
300_00020,-1,1
300_00021,42,1
300_00022,42,1
300_00023,-1,1
300_00024,-1,1
300_00025,-1,1
300_00026,-1,1
300_00027,-1,1
300_00028,42,1
300_00029,42,1
300_00030,42,1
300_00031,-1,1
300_00032,32,1
300_00033,-1,1
300_00034,-1,1
300_00035,-1,1
300_00036,42,1
300_00037,-1,1
300_00038,-1,1
300_00039,-1,1
300_00040,42,1
300_00041,18,1
300_00042,-1,1
300_00043,42,1
300_00044,-1,1
300_00045,42,1
300_00046,42,1
300_00047,1,1
300_00048,18,1
306_00000,-1,0
306_00001,42,0
306_00002,-1,0
306_00003,-1,0
306_00004,-1,0
306_00005,-1,0
306_00006,-1,0
306_00007,-1,0
306_00008,-1,0
306_00009,-1,0
306_00010,-1,0
306_00011,-1,0
306_00012,-1,0
306_00013,-1,0
306_00014,42,0
306_00015,-1,0
306_00016,-1,0
306_00017,-1,0
306_00018,-1,0
306_00019,-1,0
306_00020,-1,0
306_00021,42,0
306_00022,42,0
306_00023,-1,0
306_00024,-1,0
306_00025,-1,0
306_00026,-1,0
306_00027,-1,0
306_00028,42,0
306_00029,42,0
306_00030,42,0
306_00031,-1,0
306_00032,32,0
306_00033,-1,0
306_00034,-1,0
306_00035,42,0
306_00036,-1,0
306_00037,-1,0
306_00038,-1,0
306_00039,42,0
306_00040,18,0
306_00041,-1,0
306_00042,42,0
306_00043,-1,0
306_00044,42,0
306_00045,42,0
306_00046,1,0
306_00047,18,0
310_00000,-1,1
310_00001,-1,1
310_00002,-1,1
310_00003,-1,1
310_00004,-1,1
310_00005,0,1
310_00006,-1,1
310_00007,-1,1
310_00008,-1,1
310_00009,49,1
310_00010,-1,1
310_00011,6,1
310_00012,0,1
310_00013,0,1
310_00014,-1,1
310_00015,4,1
310_00016,-1,1
310_00017,-1,1
310_00018,-1,1
310_00019,4,1
310_00020,-1,1
310_00021,0,1
310_00022,-1,1
310_00023,-1,1
310_00024,-1,1
310_00025,-1,1
314_00000,-1,1
314_00001,53,1
314_00002,18,1
314_00003,-1,1
314_00004,-1,1
314_00005,14,1
314_00006,-1,1
314_00007,-1,1
314_00008,-1,1
314_00009,-1,1
314_00010,-1,1
314_00011,-1,1
314_00012,-1,1
314_00013,14,1
314_00014,-1,1
314_00015,-1,1
314_00016,-1,1
314_00017,14,1
314_00018,13,1
314_00019,-1,1
314_00020,-1,1
314_00021,-1,1
314_00022,-1,1
314_00023,-1,1
314_00024,-1,1
314_00025,-1,1
314_00026,-1,1
314_00027,-1,1
314_00028,-1,1
314_00029,53,1
314_00030,3,1
314_00031,-1,1
314_00032,18,1
314_00033,6,1
314_00034,-1,1
314_00035,14,1
314_00036,-1,1
314_00037,-1,1
314_00038,-1,1
314_00039,-1,1
315_00000,-1,1
315_00001,-1,1
315_00002,0,1
315_00003,5,1
315_00004,4,1
315_00005,-1,1
315_00006,-1,1
315_00007,-1,1
315_00008,-1,1
315_00009,-1,1
315_00010,4,1
315_00011,-1,1
315_00012,-1,1
315_00013,-1,1
315_00014,-1,1
315_00015,-1,1
315_00016,-1,1
315_00017,-1,1
315_00018,53,1
315_00019,-1,1
315_00020,4,1
315_00021,-1,1
315_00022,-1,1
315_00023,-1,1
315_00024,35,1
315_00025,-1,1
315_00026,-1,1
315_00027,-1,1
315_00028,14,1
315_00029,-1,1
315_00030,35,1
315_00031,-1,1
315_00032,2,1
315_00033,7,1
315_00034,4,1
315_00035,-1,1
315_00036,-1,1
316_00000,-1,0
316_00001,-1,0
316_00002,0,0
316_00003,5,0
316_00004,-1,0
316_00005,-1,0
316_00006,-1,0
316_00007,-1,0
316_00008,-1,0
316_00009,-1,0
316_00010,-1,0
316_00011,4,0
316_00012,-1,0
316_00013,-1,0
316_00014,-1,0
316_00015,-1,0
316_00016,-1,0
316_00017,-1,0
316_00018,-1,0
316_00019,-1,0
316_00020,-1,0
316_00021,4,0
316_00022,-1,0
316_00023,-1,0
316_00024,-1,0
316_00025,4,0
316_00026,-1,0
316_00027,-1,0
316_00028,-1,0
316_00029,-1,0
316_00030,-1,0
316_00031,-1,0
316_00032,-1,0
316_00033,-1,0
316_00034,-1,0
316_00035,-1,0
316_00036,2,0
316_00037,2,0
316_00038,7,0
316_00039,-1,0
316_00040,-1,0
316_00041,-1,0
319_00000,-1,1
319_00001,-1,1
319_00002,-1,1
319_00003,-1,1
319_00004,-1,1
319_00005,8,1
319_00006,22,1
319_00007,22,1
319_00008,22,1
319_00009,22,1
319_00010,22,1
319_00011,-1,1
319_00012,-1,1
319_00013,29,1
319_00014,22,1
319_00015,4,1
319_00016,-1,1
319_00017,29,1
319_00018,22,1
319_00019,22,1
319_00020,-1,1
319_00021,19,1
345_00000,-1,1
345_00001,-1,1
345_00002,18,1
345_00003,18,1
345_00004,-1,1
345_00005,18,1
345_00006,18,1
345_00007,18,1
345_00008,47,1
345_00009,18,1
345_00010,18,1
345_00011,18,1
345_00012,18,1
345_00013,18,1
345_00014,18,1
345_00015,-1,1
345_00016,18,1
345_00017,-1,1
345_00018,8,1
345_00019,-1,1
345_00020,-1,1
345_00021,-1,1
345_00022,-1,1
345_00023,-1,1
345_00024,-1,1
345_00025,-1,1
345_00026,18,1
345_00027,-1,1
345_00028,-1,1
345_00029,-1,1
345_00030,10,1
345_00031,32,1
345_00032,-1,1
345_00033,-1,1
345_00034,-1,1
345_00035,-1,1
345_00036,14,1
345_00037,-1,1
345_00038,-1,1
345_00039,-1,1
345_00040,-1,1
345_00041,-1,1
345_00042,-1,1
345_00043,-1,1
345_00044,-1,1
351_00000,10,1
351_00001,10,1
351_00002,10,1
351_00003,10,1
351_00004,10,1
351_00005,0,1
351_00006,10,1
351_00007,10,1
351_00008,10,1
351_00009,10,1
351_00010,-1,1
351_00011,0,1
351_00012,10,1
351_00013,-1,1
351_00014,7,1
351_00015,-1,1
351_00016,-1,1
351_00017,-1,1
351_00018,-1,1
351_00019,-1,1
351_00020,-1,1
351_00021,29,1
351_00022,29,1
351_00023,-1,1
351_00024,-1,1
351_00025,-1,1
351_00026,38,1
351_00027,-1,1
351_00028,-1,1
351_00029,0,1
351_00030,-1,1
351_00031,-1,1
351_00032,1,1
351_00033,3,1
351_00034,-1,1
351_00035,-1,1
351_00036,29,1
351_00037,3,1
351_00038,-1,1
351_00039,-1,1
351_00040,-1,1
351_00041,-1,1
351_00042,-1,1
351_00043,-1,1
351_00044,-1,1
351_00045,1,1
351_00046,1,1
351_00047,-1,1
351_00048,-1,1
357_00000,-1,1
357_00001,-1,1
357_00002,-1,1
357_00003,-1,1
357_00004,-1,1
357_00005,-1,1
357_00006,59,1
357_00007,-1,1
357_00008,17,1
357_00009,-1,1
357_00010,-1,1
357_00011,-1,1
357_00012,17,1
357_00013,17,1
357_00014,-1,1
357_00015,17,1
357_00016,-1,1
357_00017,-1,1
357_00018,-1,1
357_00019,-1,1
357_00020,-1,1
357_00021,-1,1
359_00000,18,1
359_00001,-1,1
359_00002,-1,1
359_00003,-1,1
359_00004,-1,1
359_00005,-1,1
359_00006,-1,1
359_00007,-1,1
359_00008,-1,1
359_00009,18,1
359_00010,-1,1
359_00011,-1,1
359_00012,-1,1
359_00013,-1,1
359_00014,-1,1
359_00015,-1,1
361_00000,5,1
361_00001,5,1
361_00002,-1,1
361_00003,5,1
361_00004,-1,1
361_00005,5,1
361_00006,5,1
361_00007,5,1
361_00008,5,1
361_00009,5,1
361_00010,5,1
361_00011,5,1
361_00012,5,1
361_00013,5,1
361_00014,5,1
361_00015,5,1
361_00016,5,1
361_00017,-1,1
361_00018,5,1
361_00019,-1,1
361_00020,5,1
361_00021,-1,1
361_00022,5,1
361_00023,-1,1
361_00024,-1,1
361_00025,5,1
361_00026,5,1
361_00027,-1,1
361_00028,1,1
361_00029,5,1
363_00000,-1,1
363_00001,-1,1
363_00002,-1,1
363_00003,23,1
363_00004,-1,1
363_00005,-1,1
363_00006,-1,1
363_00007,53,1
363_00008,23,1
363_00009,33,1
363_00010,33,1
363_00011,-1,1
363_00012,-1,1
363_00013,11,1
363_00014,-1,1
363_00015,-1,1
363_00016,44,1
363_00017,11,1
363_00018,-1,1
363_00019,-1,1
363_00020,-1,1
363_00021,-1,1
363_00022,46,1
363_00023,-1,1
363_00024,-1,1
363_00025,49,1
363_00026,-1,1
363_00027,-1,1
363_00028,-1,1
363_00029,-1,1
363_00030,-1,1
363_00031,-1,1
363_00032,-1,1
363_00033,-1,1
363_00034,-1,1
363_00035,-1,1
363_00036,-1,1
363_00037,-1,1
363_00038,-1,1
363_00039,-1,1
363_00040,-1,1
363_00041,-1,1
363_00042,-1,1
363_00043,-1,1
363_00044,-1,1
363_00045,-1,1
363_00046,-1,1
363_00047,-1,1
363_00048,-1,1
363_00049,-1,1
363_00050,44,1
364_00000,-1,1
364_00001,9,1
364_00002,19,1
364_00003,19,1
364_00004,19,1
364_00005,-1,1
364_00006,19,1
364_00007,-1,1
364_00008,37,1
364_00009,-1,1
364_00010,-1,1
364_00011,19,1
364_00012,19,1
364_00013,17,1
364_00014,-1,1
364_00015,-1,1
364_00016,-1,1
364_00017,-1,1
364_00018,-1,1
364_00019,19,1
364_00020,-1,1
364_00021,1,1
364_00022,-1,1
364_00023,-1,1
364_00024,-1,1
364_00025,-1,1
364_00026,-1,1
364_00027,-1,1
364_00028,-1,1
364_00029,-1,1
364_00030,-1,1
364_00031,-1,1
364_00032,48,1
364_00033,-1,1
364_00034,35,1
364_00035,19,1
364_00036,3,1
364_00037,-1,1
364_00038,-1,1
364_00039,3,1
364_00040,3,1
364_00041,3,1
364_00042,-1,1
364_00043,-1,1
364_00044,19,1
364_00045,19,1
364_00046,19,1
364_00047,19,1
365_00000,5,1
365_00001,9,1
365_00002,-1,1
365_00003,9,1
365_00004,9,1
365_00005,9,1
365_00006,35,1
365_00007,16,1
365_00008,-1,1
365_00009,6,1
365_00010,35,1
365_00011,-1,1
365_00012,-1,1
365_00013,37,1
365_00014,13,1
365_00015,35,1
365_00016,13,1
365_00017,13,1
365_00018,13,1
365_00019,13,1
365_00020,6,1
365_00021,-1,1
365_00022,-1,1
365_00023,-1,1
365_00024,23,1
365_00025,23,1
365_00026,-1,1
365_00027,-1,1
365_00028,-1,1
365_00029,-1,1
365_00030,41,1
365_00031,-1,1
365_00032,16,1
365_00033,-1,1
365_00034,-1,1
365_00035,46,1
365_00036,46,1
365_00037,41,1
365_00038,9,1
365_00039,-1,1
365_00040,-1,1
365_00041,-1,1
365_00042,-1,1
365_00043,-1,1
365_00044,-1,1
365_00045,41,1
365_00046,-1,1
365_00047,-1,1
365_00048,-1,1
365_00049,23,1
365_00050,-1,1
365_00051,-1,1
365_00052,-1,1
365_00053,-1,1
365_00054,6,1
365_00055,16,1
365_00056,-1,1
365_00057,27,1
365_00058,-1,1
365_00059,-1,1
365_00060,-1,1
365_00061,-1,1
365_00062,-1,1
365_00063,-1,1
365_00064,-1,1
365_00065,-1,1
365_00066,-1,1
365_00067,13,1
365_00068,-1,1
365_00069,-1,1
365_00070,-1,1
365_00071,-1,1
365_00072,13,1
365_00073,-1,1
368_00000,-1,0
368_00001,9,0
368_00002,35,0
368_00003,9,0
368_00004,9,0
368_00005,-1,0
368_00006,35,0
368_00007,-1,0
368_00008,-1,0
368_00009,-1,0
368_00010,-1,0
368_00011,-1,0
368_00012,-1,0
368_00013,-1,0
368_00014,13,0
368_00015,-1,0
368_00016,13,0
368_00017,13,0
368_00018,27,0
368_00019,13,0
368_00020,-1,0
368_00021,27,0
368_00022,-1,0
368_00023,-1,0
368_00024,-1,0
368_00025,-1,0
368_00026,11,0
368_00027,-1,0
368_00028,-1,0
368_00029,-1,0
368_00030,62,0
368_00031,58,0
368_00032,-1,0
368_00033,35,0
368_00034,13,0
368_00035,-1,0
368_00036,46,0
368_00037,-1,0
368_00038,-1,0
368_00039,-1,0
368_00040,-1,0
368_00041,-1,0
368_00042,-1,0
368_00043,-1,0
368_00044,-1,0
368_00045,-1,0
368_00046,-1,0
368_00047,-1,0
368_00048,-1,0
368_00049,-1,0
368_00050,-1,0
368_00051,13,0
368_00052,-1,0
368_00053,-1,0
368_00054,-1,0
368_00055,-1,0
368_00056,-1,0
368_00057,-1,0
368_00058,-1,0
368_00059,-1,0
368_00060,-1,0
368_00061,-1,0
368_00062,-1,0
368_00063,-1,0
368_00064,-1,0
368_00065,0,0
368_00066,-1,0
368_00067,13,0
368_00068,13,0
368_00069,-1,0
368_00070,-1,0
368_00071,-1,0
368_00072,-1,0
368_00073,13,0
370_00000,0,1
370_00001,0,1
370_00002,-1,1
370_00003,-1,1
370_00004,-1,1
370_00005,22,1
370_00006,-1,1
370_00007,4,1
370_00008,-1,1
370_00009,-1,1
370_00010,-1,1
370_00011,-1,1
370_00012,24,1
370_00013,24,1
370_00014,24,1
370_00015,24,1
370_00016,22,1
370_00017,22,1
370_00018,-1,1
370_00019,4,1
370_00020,4,1
370_00021,22,1
370_00022,-1,1
370_00023,-1,1
370_00024,24,1
370_00025,24,1
370_00026,24,1
370_00027,24,1
371_00000,10,1
371_00001,10,1
371_00002,-1,1
371_00003,10,1
371_00004,39,1
371_00005,-1,1
371_00006,18,1
371_00007,58,1
371_00008,10,1
371_00009,-1,1
371_00010,-1,1
371_00011,19,1
371_00012,10,1
371_00013,0,1
371_00014,-1,1
371_00015,-1,1
371_00016,-1,1
371_00017,10,1
371_00018,10,1
371_00019,-1,1
371_00020,-1,1
371_00021,-1,1
371_00022,-1,1
371_00023,10,1
371_00024,10,1
374_00000,-1,0
374_00001,-1,0
374_00002,10,0
374_00003,-1,0
374_00004,10,0
374_00005,10,0
374_00006,-1,0
374_00007,10,0
374_00008,-1,0
374_00009,-1,0
374_00010,10,0
374_00011,-1,0
374_00012,-1,0
374_00013,-1,0
374_00014,10,0
374_00015,10,0
374_00016,10,0
374_00017,-1,0
374_00018,-1,0
374_00019,-1,0
374_00020,-1,0
374_00021,10,0
374_00022,0,0
374_00023,-1,0
374_00024,10,0
374_00025,-1,0
374_00026,30,0
374_00027,10,0
374_00028,-1,0
374_00029,-1,0
374_00030,-1,0
374_00031,-1,0
374_00032,-1,0
374_00033,10,0
374_00034,-1,0
374_00035,-1,0
374_00036,-1,0
374_00037,10,0
374_00038,-1,0
374_00039,10,0
374_00040,8,0
374_00041,8,0
374_00042,10,0
374_00043,-1,0
374_00044,-1,0
374_00045,10,0
374_00046,-1,0
374_00047,-1,0
374_00048,-1,0
374_00049,-1,0
374_00050,10,0
376_00000,-1,1
376_00001,-1,1
376_00002,31,1
376_00003,-1,1
376_00004,-1,1
376_00005,-1,1
376_00006,-1,1
376_00007,-1,1
376_00008,41,1
376_00009,30,1
376_00010,30,1
376_00011,-1,1
376_00012,-1,1
376_00013,5,1
376_00014,-1,1
376_00015,43,1
376_00016,-1,1
376_00017,-1,1
376_00018,-1,1
376_00019,-1,1
376_00020,-1,1
376_00021,-1,1
376_00022,-1,1
376_00023,-1,1
376_00024,6,1
376_00025,-1,1
376_00026,-1,1
376_00027,18,1
376_00028,-1,1
376_00029,-1,1
376_00030,-1,1
376_00031,-1,1
376_00032,-1,1
376_00033,-1,1
376_00034,-1,1
376_00035,-1,1
376_00036,-1,1
376_00037,-1,1
376_00038,1,1
376_00039,-1,1
376_00040,-1,1
376_00041,-1,1
378_00000,18,1
378_00001,-1,1
378_00002,-1,1
378_00003,-1,1
378_00004,13,1
378_00005,3,1
378_00006,14,1
378_00007,-1,1
378_00008,18,1
378_00009,-1,1
378_00010,-1,1
378_00011,-1,1
378_00012,-1,1
378_00013,13,1
378_00014,-1,1
378_00015,-1,1
378_00016,44,1
378_00017,8,1
378_00018,-1,1
378_00019,-1,1
378_00020,41,1
378_00021,41,1
378_00022,-1,1
378_00023,41,1
378_00024,-1,1
378_00025,-1,1
378_00026,18,1
378_00027,50,1
378_00028,53,1
378_00029,-1,1
378_00030,18,1
378_00031,-1,1
378_00032,14,1
378_00033,-1,1
378_00034,-1,1
378_00035,-1,1
378_00036,53,1
378_00037,53,1
378_00038,-1,1
378_00039,-1,1
378_00040,-1,1
378_00041,-1,1
378_00042,-1,1
378_00043,13,1
378_00044,13,1
378_00045,13,1
378_00046,-1,1
379_00000,-1,0
379_00001,-1,0
379_00002,-1,0
379_00003,18,0
379_00004,-1,0
379_00005,3,0
379_00006,-1,0
379_00007,-1,0
379_00008,-1,0
379_00009,-1,0
379_00010,-1,0
379_00011,-1,0
379_00012,-1,0
379_00013,-1,0
379_00014,13,0
379_00015,-1,0
379_00016,-1,0
379_00017,-1,0
379_00018,8,0
379_00019,8,0
379_00020,14,0
379_00021,-1,0
379_00022,-1,0
379_00023,43,0
379_00024,-1,0
379_00025,-1,0
379_00026,-1,0
379_00027,-1,0
379_00028,-1,0
379_00029,18,0
379_00030,-1,0
379_00031,18,0
379_00032,-1,0
379_00033,-1,0
379_00034,18,0
379_00035,50,0
379_00036,-1,0
379_00037,-1,0
379_00038,-1,0
379_00039,-1,0
379_00040,-1,0
379_00041,-1,0
379_00042,-1,0
379_00043,-1,0
379_00044,-1,0
379_00045,-1,0
379_00046,-1,0
379_00047,13,0
379_00048,-1,0
379_00049,13,0
379_00050,-1,0
381_00000,-1,1
381_00001,16,1
381_00002,-1,1
381_00003,-1,1
381_00004,21,1
381_00005,14,1
381_00006,0,1
381_00007,-1,1
381_00008,16,1
381_00009,-1,1
381_00010,-1,1
381_00011,-1,1
381_00012,-1,1
381_00013,4,1
381_00014,4,1
381_00015,-1,1
381_00016,7,1
381_00017,-1,1
381_00018,-1,1
381_00019,-1,1
381_00020,-1,1
381_00021,30,1
381_00022,30,1
381_00023,-1,1
381_00024,-1,1
381_00025,0,1
381_00026,15,1
381_00027,0,1
381_00028,-1,1
381_00029,1,1
381_00030,15,1
381_00031,0,1
381_00032,-1,1
381_00033,-1,1
381_00034,54,1
381_00035,-1,1
381_00036,-1,1
381_00037,1,1
381_00038,4,1
381_00039,-1,1
381_00040,15,1
381_00041,15,1
382_00000,-1,0
382_00001,-1,0
382_00002,-1,0
382_00003,-1,0
382_00004,-1,0
382_00005,-1,0
382_00006,0,0
382_00007,-1,0
382_00008,-1,0
382_00009,-1,0
382_00010,-1,0
382_00011,-1,0
382_00012,-1,0
382_00013,4,0
382_00014,-1,0
382_00015,-1,0
382_00016,7,0
382_00017,-1,0
382_00018,49,0
382_00019,-1,0
382_00020,-1,0
382_00021,30,0
382_00022,30,0
382_00023,-1,0
382_00024,-1,0
382_00025,0,0
382_00026,15,0
382_00027,-1,0
382_00028,-1,0
382_00029,-1,0
382_00030,15,0
382_00031,-1,0
382_00032,-1,0
382_00033,-1,0
382_00034,54,0
382_00035,-1,0
382_00036,-1,0
382_00037,1,0
382_00038,4,0
382_00039,-1,0
382_00040,15,0
382_00041,15,0
385_00000,-1,1
385_00001,33,1
385_00002,4,1
385_00003,-1,1
385_00004,-1,1
385_00005,-1,1
385_00006,-1,1
385_00007,55,1
385_00008,21,1
385_00009,-1,1
385_00010,4,1
385_00011,4,1
385_00012,-1,1
385_00013,-1,1
385_00014,-1,1
385_00015,-1,1
385_00016,-1,1
385_00017,55,1
385_00018,4,1
385_00019,4,1
385_00020,-1,1
385_00021,-1,1
385_00022,21,1
385_00023,55,1
385_00024,55,1
385_00025,-1,1
385_00026,-1,1
385_00027,-1,1
385_00028,-1,1
385_00029,-1,1
385_00030,-1,1
385_00031,-1,1
385_00032,-1,1
387_00000,-1,0
387_00001,-1,0
387_00002,-1,0
387_00003,-1,0
387_00004,-1,0
387_00005,-1,0
387_00006,-1,0
387_00007,55,0
387_00008,21,0
387_00009,-1,0
387_00010,4,0
387_00011,4,0
387_00012,-1,0
387_00013,-1,0
387_00014,4,0
387_00015,-1,0
387_00016,1,0
387_00017,-1,0
387_00018,4,0
387_00019,4,0
387_00020,4,0
387_00021,-1,0
387_00022,-1,0
387_00023,55,0
387_00024,-1,0
387_00025,-1,0
387_00026,-1,0
387_00027,-1,0
387_00028,9,0
387_00029,-1,0
387_00030,-1,0
387_00031,-1,0
387_00032,-1,0
391_00000,-1,1
391_00001,-1,1
391_00002,14,1
391_00003,-1,1
391_00004,6,1
391_00005,6,1
391_00006,6,1
391_00007,19,1
391_00008,-1,1
391_00009,-1,1
391_00010,-1,1
391_00011,-1,1
391_00012,-1,1
391_00013,0,1
391_00014,-1,1
391_00015,19,1
391_00016,-1,1
391_00017,1,1
391_00018,-1,1
391_00019,-1,1
391_00020,48,1
391_00021,-1,1
391_00022,57,1
391_00023,6,1
391_00024,0,1
391_00025,-1,1
391_00026,-1,1
391_00027,-1,1
391_00028,3,1
391_00029,-1,1
391_00030,-1,1
391_00031,1,1
391_00032,1,1
391_00033,32,1
391_00034,-1,1
391_00035,-1,1
391_00036,32,1
391_00037,32,1
391_00038,3,1
392_00000,-1,0
392_00001,-1,0
392_00002,-1,0
392_00003,-1,0
392_00004,-1,0
392_00005,-1,0
392_00006,39,0
392_00007,6,0
392_00008,-1,0
392_00009,5,0
392_00010,-1,0
392_00011,-1,0
392_00012,-1,0
392_00013,33,0
392_00014,-1,0
392_00015,-1,0
392_00016,-1,0
392_00017,0,0
392_00018,19,0
392_00019,-1,0
392_00020,-1,0
392_00021,-1,0
392_00022,-1,0
392_00023,48,0
392_00024,-1,0
392_00025,-1,0
392_00026,-1,0
392_00027,0,0
392_00028,-1,0
392_00029,-1,0
392_00030,-1,0
392_00031,-1,0
392_00032,3,0
392_00033,-1,0
392_00034,-1,0
392_00035,-1,0
392_00036,1,0
392_00037,32,0
392_00038,-1,0
392_00039,-1,0
392_00040,32,0
392_00041,32,0
392_00042,3,0
393_00000,-1,0
393_00001,-1,0
393_00002,-1,0
393_00003,-1,0
393_00004,-1,0
393_00005,-1,0
393_00006,6,0
393_00007,-1,0
393_00008,19,0
393_00009,-1,0
393_00010,-1,0
393_00011,-1,0
393_00012,-1,0
393_00013,-1,0
393_00014,-1,0
393_00015,-1,0
393_00016,0,0
393_00017,-1,0
393_00018,-1,0
393_00019,-1,0
393_00020,1,0
393_00021,-1,0
393_00022,-1,0
393_00023,-1,0
393_00024,57,0
393_00025,6,0
393_00026,-1,0
393_00027,-1,0
393_00028,-1,0
393_00029,1,0
393_00030,1,0
393_00031,-1,0
393_00032,-1,0
393_00033,-1,0
393_00034,-1,0
393_00035,-1,0
393_00036,32,0
393_00037,-1,0
393_00038,-1,0
393_00039,32,0
393_00040,32,0
393_00041,3,0
396_00000,9,1
396_00001,-1,1
396_00002,9,1
396_00003,-1,1
396_00004,-1,1
396_00005,37,1
396_00006,37,1
396_00007,37,1
396_00008,-1,1
396_00009,58,1
396_00010,-1,1
396_00011,-1,1
396_00012,-1,1
396_00013,-1,1
396_00014,-1,1
396_00015,-1,1
396_00016,-1,1
396_00017,-1,1
396_00018,44,1
396_00019,44,1
396_00020,44,1
396_00021,-1,1
396_00022,-1,1
396_00023,-1,1
396_00024,35,1
396_00025,-1,1
396_00026,-1,1
396_00027,-1,1
396_00028,-1,1
396_00029,-1,1
396_00030,-1,1
396_00031,-1,1
396_00032,38,1
396_00033,-1,1
397_00000,29,1
397_00001,29,1
397_00002,-1,1
397_00003,18,1
397_00004,-1,1
397_00005,29,1
397_00006,29,1
397_00007,29,1
397_00008,29,1
397_00009,29,1
397_00010,29,1
397_00011,29,1
397_00012,29,1
397_00013,29,1
397_00014,29,1
397_00015,29,1
397_00016,29,1
397_00017,29,1
397_00018,29,1
397_00019,29,1
397_00020,29,1
397_00021,29,1
397_00022,29,1
397_00023,-1,1
397_00024,29,1
397_00025,-1,1
397_00026,29,1
397_00027,29,1
397_00028,29,1
397_00029,29,1
397_00030,29,1
397_00031,29,1
397_00032,29,1
397_00033,29,1
397_00034,29,1
397_00035,29,1
397_00036,32,1
397_00037,-1,1
397_00038,29,1
397_00039,29,1
397_00040,29,1
397_00041,29,1
397_00042,29,1
397_00043,29,1
397_00044,18,1
397_00045,29,1
397_00046,29,1
397_00047,29,1
397_00048,29,1
397_00049,-1,1
398_00000,-1,1
398_00001,-1,1
398_00002,-1,1
398_00003,-1,1
398_00004,-1,1
398_00005,-1,1
398_00006,-1,1
398_00007,-1,1
398_00008,-1,1
398_00009,-1,1
398_00010,-1,1
398_00011,-1,1
398_00012,-1,1
398_00013,10,1
398_00014,4,1
398_00015,-1,1
398_00016,-1,1
398_00017,-1,1
398_00018,-1,1
398_00019,-1,1
398_00020,-1,1
398_00021,-1,1
398_00022,1,1
398_00023,-1,1
398_00024,-1,1
398_00025,-1,1
398_00026,-1,1
398_00027,-1,1
398_00028,-1,1
398_00029,-1,1
398_00030,-1,1
398_00031,-1,1
398_00032,-1,1
398_00033,-1,1
398_00034,-1,1
398_00035,-1,1
398_00036,-1,1
398_00037,-1,1
404_00000,27,1
404_00001,49,1
404_00002,-1,1
404_00003,-1,1
404_00004,-1,1
404_00005,27,1
404_00006,-1,1
404_00007,-1,1
404_00008,-1,1
404_00009,46,1
404_00010,-1,1
404_00011,40,1
404_00012,40,1
404_00013,3,1
404_00014,46,1
404_00015,-1,1
404_00016,-1,1
404_00017,-1,1
404_00018,-1,1
404_00019,46,1
404_00020,-1,1
404_00021,-1,1
404_00022,-1,1
404_00023,-1,1
404_00024,-1,1
404_00025,-1,1
404_00026,-1,1
404_00027,3,1
404_00028,41,1
404_00029,-1,1
404_00030,-1,1
404_00031,-1,1
404_00032,-1,1
404_00033,-1,1
404_00034,-1,1
404_00035,-1,1
404_00036,46,1
404_00037,46,1
404_00038,-1,1
404_00039,11,1
404_00040,11,1
404_00041,-1,1
404_00042,30,1
404_00043,-1,1
404_00044,-1,1
404_00045,-1,1
404_00046,3,1
404_00047,6,1
404_00048,-1,1
404_00049,-1,1
404_00050,-1,1
404_00051,-1,1
405_00000,9,0
405_00001,-1,0
405_00002,-1,0
405_00003,-1,0
405_00004,-1,0
405_00005,-1,0
405_00006,-1,0
405_00007,-1,0
405_00008,8,0
405_00009,8,0
405_00010,-1,0
405_00011,46,0
405_00012,-1,0
405_00013,-1,0
405_00014,-1,0
405_00015,3,0
405_00016,46,0
405_00017,-1,0
405_00018,-1,0
405_00019,-1,0
405_00020,-1,0
405_00021,8,0
405_00022,-1,0
405_00023,-1,0
405_00024,-1,0
405_00025,-1,0
405_00026,-1,0
405_00027,-1,0
405_00028,3,0
405_00029,-1,0
405_00030,-1,0
405_00031,-1,0
405_00032,-1,0
405_00033,-1,0
405_00034,-1,0
405_00035,-1,0
405_00036,-1,0
405_00037,-1,0
405_00038,8,0
405_00039,-1,0
405_00040,-1,0
405_00041,8,0
405_00042,-1,0
405_00043,11,0
405_00044,8,0
405_00045,-1,0
405_00046,-1,0
405_00047,-1,0
405_00048,8,0
405_00049,-1,0
405_00050,-1,0
405_00051,-1,0
405_00052,-1,0
407_00000,-1,1
407_00001,-1,1
407_00002,-1,1
407_00003,-1,1
407_00004,-1,1
407_00005,35,1
407_00006,-1,1
407_00007,-1,1
407_00008,4,1
407_00009,4,1
407_00010,1,1
407_00011,1,1
407_00012,-1,1
407_00013,-1,1
407_00014,-1,1
407_00015,4,1
407_00016,-1,1
407_00017,-1,1
407_00018,1,1
407_00019,4,1
407_00020,-1,1
407_00021,-1,1
407_00022,23,1
407_00023,-1,1
407_00024,-1,1
407_00025,-1,1
407_00026,-1,1
407_00027,1,1
407_00028,-1,1
407_00029,4,1
407_00030,44,1
407_00031,-1,1
409_00000,-1,1
409_00001,4,1
409_00002,21,1
409_00003,21,1
409_00004,21,1
409_00005,21,1
409_00006,-1,1
409_00007,-1,1
409_00008,4,1
409_00009,21,1
409_00010,-1,1
409_00011,21,1
409_00012,21,1
409_00013,21,1
409_00014,-1,1
409_00015,7,1
409_00016,21,1
409_00017,21,1
409_00018,21,1
409_00019,21,1
409_00020,21,1
411_00000,-1,1
411_00001,-1,1
411_00002,-1,1
411_00003,-1,1
411_00004,-1,1
411_00005,32,1
411_00006,15,1
411_00007,15,1
411_00008,13,1
411_00009,-1,1
411_00010,1,1
411_00011,-1,1
411_00012,-1,1
411_00013,-1,1
411_00014,-1,1
411_00015,18,1
411_00016,-1,1
411_00017,-1,1
411_00018,-1,1
411_00019,-1,1
411_00020,-1,1
411_00021,-1,1
411_00022,-1,1
411_00023,-1,1
411_00024,-1,1
411_00025,-1,1
411_00026,-1,1
411_00027,-1,1
411_00028,-1,1
411_00029,-1,1
411_00030,-1,1
411_00031,-1,1
411_00032,-1,1
411_00033,-1,1
411_00034,-1,1
411_00035,-1,1
411_00036,-1,1
411_00037,-1,1
411_00038,-1,1
411_00039,-1,1
411_00040,-1,1
411_00041,-1,1
411_00042,-1,1
411_00043,-1,1
413_00000,21,1
413_00001,-1,1
413_00002,9,1
413_00003,9,1
413_00004,-1,1
413_00005,21,1
413_00006,-1,1
413_00007,-1,1
413_00008,-1,1
413_00009,2,1
413_00010,-1,1
413_00011,-1,1
413_00012,9,1
413_00013,-1,1
413_00014,16,1
413_00015,-1,1
413_00016,62,1
413_00017,-1,1
413_00018,-1,1
413_00019,21,1
413_00020,-1,1
413_00021,21,1
413_00022,35,1
413_00023,-1,1
413_00024,-1,1
413_00025,9,1
413_00026,-1,1
413_00027,-1,1
413_00028,-1,1
413_00029,9,1
413_00030,62,1
413_00031,-1,1
413_00032,16,1
413_00033,-1,1
413_00034,16,1
413_00035,-1,1
413_00036,-1,1
413_00037,-1,1
413_00038,-1,1
413_00039,-1,1
413_00040,-1,1
413_00041,-1,1
413_00042,-1,1
413_00043,-1,1
413_00044,-1,1
413_00045,-1,1
413_00046,62,1
413_00047,62,1
413_00048,-1,1
413_00049,62,1
413_00050,-1,1
413_00051,-1,1
413_00052,-1,1
413_00053,-1,1
413_00054,16,1
413_00055,-1,1
413_00056,21,1
413_00057,-1,1
413_00058,-1,1
413_00059,-1,1
413_00060,-1,1
413_00061,21,1
413_00062,21,1
413_00063,-1,1
413_00064,-1,1
413_00065,-1,1
415_00000,-1,1
415_00001,-1,1
415_00002,6,1
415_00003,-1,1
415_00004,-1,1
415_00005,40,1
415_00006,-1,1
415_00007,40,1
415_00008,-1,1
415_00009,-1,1
415_00010,-1,1
415_00011,40,1
415_00012,-1,1
415_00013,1,1
415_00014,5,1
415_00015,-1,1
415_00016,-1,1
415_00017,1,1
415_00018,1,1
415_00019,42,1
415_00020,57,1
415_00021,-1,1
415_00022,-1,1
415_00023,-1,1
415_00024,42,1
415_00025,-1,1
415_00026,-1,1
415_00027,42,1
415_00028,42,1
415_00029,22,1
415_00030,-1,1
415_00031,1,1
415_00032,1,1
415_00033,1,1
415_00034,5,1
415_00035,5,1
415_00036,-1,1
416_00000,-1,1
416_00001,4,1
416_00002,20,1
416_00003,-1,1
416_00004,-1,1
416_00005,-1,1
416_00006,4,1
416_00007,4,1
416_00008,-1,1
416_00009,-1,1
416_00010,4,1
416_00011,-1,1
416_00012,-1,1
416_00013,4,1
416_00014,11,1
416_00015,4,1
416_00016,-1,1
416_00017,-1,1
416_00018,4,1
416_00019,-1,1
416_00020,37,1
416_00021,-1,1
416_00022,-1,1
416_00023,-1,1
416_00024,-1,1
416_00025,4,1
416_00026,4,1
416_00027,-1,1
416_00028,4,1
416_00029,-1,1
416_00030,-1,1
416_00031,4,1
416_00032,-1,1
416_00033,-1,1
416_00034,21,1
416_00035,-1,1
416_00036,4,1
416_00037,-1,1
416_00038,1,1
416_00039,1,1
416_00040,-1,1
416_00041,-1,1
416_00042,-1,1
416_00043,-1,1
416_00044,-1,1
416_00045,-1,1
416_00046,-1,1
416_00047,-1,1
416_00048,-1,1
416_00049,-1,1
416_00050,1,1
416_00051,1,1
416_00052,-1,1
416_00053,19,1
416_00054,-1,1
416_00055,19,1
416_00056,-1,1
416_00057,-1,1
416_00058,-1,1
416_00059,-1,1
416_00060,-1,1
416_00061,-1,1
416_00062,-1,1
416_00063,-1,1
416_00064,-1,1
416_00065,-1,1
416_00066,-1,1
416_00067,3,1
416_00068,-1,1
416_00069,4,1
416_00070,-1,1
418_00000,9,1
418_00001,-1,1
418_00002,9,1
418_00003,-1,1
418_00004,-1,1
418_00005,-1,1
418_00006,50,1
418_00007,-1,1
418_00008,16,1
418_00009,14,1
418_00010,-1,1
418_00011,-1,1
418_00012,-1,1
418_00013,-1,1
418_00014,35,1
418_00015,-1,1
418_00016,0,1
418_00017,-1,1
418_00018,-1,1
418_00019,-1,1
418_00020,-1,1
418_00021,4,1
418_00022,-1,1
418_00023,4,1
418_00024,13,1
418_00025,-1,1
418_00026,-1,1
418_00027,-1,1
418_00028,0,1
420_00000,-1,1
420_00001,1,1
420_00002,0,1
420_00003,-1,1
420_00004,-1,1
420_00005,1,1
420_00006,-1,1
420_00007,0,1
420_00008,-1,1
420_00009,-1,1
420_00010,-1,1
420_00011,-1,1
420_00012,-1,1
420_00013,1,1
420_00014,1,1
420_00015,1,1
420_00016,-1,1
420_00017,1,1
420_00018,-1,1
420_00019,-1,1
420_00020,54,1
420_00021,-1,1
420_00022,1,1
420_00023,-1,1
420_00024,0,1
420_00025,0,1
420_00026,1,1
420_00027,1,1
420_00028,1,1
422_00000,2,1
422_00001,9,1
422_00002,9,1
422_00003,9,1
422_00004,9,1
422_00005,-1,1
422_00006,9,1
422_00007,-1,1
422_00008,23,1
422_00009,-1,1
422_00010,16,1
422_00011,-1,1
422_00012,-1,1
422_00013,16,1
422_00014,-1,1
422_00015,3,1
422_00016,3,1
422_00017,-1,1
422_00018,-1,1
422_00019,8,1
422_00020,8,1
422_00021,8,1
422_00022,8,1
422_00023,8,1
422_00024,8,1
422_00025,16,1
422_00026,-1,1
422_00027,8,1
422_00028,9,1
422_00029,-1,1
422_00030,12,1
422_00031,12,1
422_00032,12,1
422_00033,-1,1
422_00034,12,1
422_00035,-1,1
422_00036,4,1
422_00037,2,1
422_00038,19,1
422_00039,-1,1
422_00040,7,1
422_00041,2,1
422_00042,35,1
422_00043,2,1
422_00044,2,1
422_00045,9,1
422_00046,2,1
422_00047,2,1
422_00048,12,1
422_00049,-1,1
423_00000,-1,0
423_00001,9,0
423_00002,9,0
423_00003,9,0
423_00004,9,0
423_00005,2,0
423_00006,-1,0
423_00007,-1,0
423_00008,-1,0
423_00009,-1,0
423_00010,16,0
423_00011,-1,0
423_00012,-1,0
423_00013,-1,0
423_00014,-1,0
423_00015,-1,0
423_00016,3,0
423_00017,-1,0
423_00018,2,0
423_00019,-1,0
423_00020,8,0
423_00021,8,0
423_00022,8,0
423_00023,-1,0
423_00024,8,0
423_00025,8,0
423_00026,2,0
423_00027,2,0
423_00028,16,0
423_00029,-1,0
423_00030,8,0
423_00031,-1,0
423_00032,-1,0
423_00033,12,0
423_00034,12,0
423_00035,12,0
423_00036,-1,0
423_00037,12,0
423_00038,-1,0
423_00039,4,0
423_00040,2,0
423_00041,19,0
423_00042,-1,0
423_00043,7,0
423_00044,-1,0
423_00045,-1,0
423_00046,2,0
423_00047,2,0
423_00048,9,0
423_00049,2,0
423_00050,2,0
423_00051,3,0
423_00052,2,0
423_00053,-1,0
423_00054,-1,0
423_00055,8,0
423_00056,9,0
425_00000,-1,0
425_00001,-1,0
425_00002,-1,0
425_00003,-1,0
425_00004,-1,0
425_00005,-1,0
425_00006,-1,0
425_00007,-1,0
425_00008,23,0
425_00009,3,0
425_00010,3,0
425_00011,-1,0
425_00012,-1,0
425_00013,-1,0
425_00014,-1,0
425_00015,-1,0
425_00016,-1,0
425_00017,-1,0
425_00018,-1,0
425_00019,-1,0
425_00020,-1,0
425_00021,-1,0
425_00022,3,0
427_00000,-1,1
427_00001,-1,1
427_00002,-1,1
427_00003,28,1
427_00004,-1,1
427_00005,-1,1
427_00006,-1,1
427_00007,-1,1
427_00008,-1,1
427_00009,13,1
427_00010,13,1
427_00011,-1,1
427_00012,-1,1
427_00013,-1,1
427_00014,-1,1
427_00015,-1,1
427_00016,23,1
427_00017,3,1
427_00018,3,1
427_00019,3,1
427_00020,-1,1
427_00021,41,1
427_00022,-1,1
427_00023,-1,1
427_00024,51,1
427_00025,-1,1
427_00026,-1,1
427_00027,-1,1
427_00028,-1,1
427_00029,-1,1
427_00030,41,1
427_00031,-1,1
427_00032,-1,1
427_00033,-1,1
427_00034,-1,1
427_00035,-1,1
427_00036,-1,1
427_00037,-1,1
427_00038,55,1
427_00039,55,1
427_00040,-1,1
427_00041,-1,1
428_00000,-1,0
428_00001,-1,0
428_00002,-1,0
428_00003,-1,0
428_00004,-1,0
428_00005,-1,0
428_00006,-1,0
428_00007,-1,0
428_00008,-1,0
428_00009,13,0
428_00010,13,0
428_00011,-1,0
428_00012,-1,0
428_00013,-1,0
428_00014,-1,0
428_00015,-1,0
428_00016,23,0
428_00017,3,0
428_00018,3,0
428_00019,3,0
428_00020,-1,0
428_00021,41,0
428_00022,-1,0
428_00023,-1,0
428_00024,-1,0
428_00025,-1,0
428_00026,-1,0
428_00027,-1,0
428_00028,-1,0
428_00029,-1,0
428_00030,-1,0
428_00031,-1,0
428_00032,-1,0
428_00033,-1,0
428_00034,-1,0
428_00035,3,0
428_00036,-1,0
428_00037,-1,0
428_00038,55,0
428_00039,55,0
428_00040,-1,0
428_00041,-1,0
430_00000,-1,1
430_00001,4,1
430_00002,-1,1
430_00003,4,1
430_00004,30,1
430_00005,0,1
430_00006,0,1
430_00007,-1,1
430_00008,-1,1
430_00009,-1,1
430_00010,48,1
430_00011,4,1
430_00012,-1,1
430_00013,62,1
430_00014,4,1
430_00015,-1,1
430_00016,4,1
430_00017,48,1
430_00018,4,1
430_00019,15,1
430_00020,-1,1
430_00021,16,1
430_00022,23,1
430_00023,-1,1
430_00024,-1,1
430_00025,-1,1
430_00026,30,1
430_00027,30,1
430_00028,-1,1
430_00029,4,1
430_00030,-1,1
430_00031,0,1
430_00032,0,1
430_00033,-1,1
431_00000,-1,1
431_00001,-1,1
431_00002,-1,1
431_00003,6,1
431_00004,-1,1
431_00005,-1,1
431_00006,-1,1
431_00007,-1,1
431_00008,6,1
431_00009,-1,1
431_00010,-1,1
431_00011,-1,1
431_00012,10,1
431_00013,-1,1
431_00014,-1,1
431_00015,-1,1
431_00016,-1,1
431_00017,6,1
431_00018,-1,1
431_00019,-1,1
431_00020,6,1
431_00021,-1,1
431_00022,-1,1
431_00023,-1,1
431_00024,-1,1
431_00025,43,1
432_00000,-1,0
432_00001,-1,0
432_00002,-1,0
432_00003,6,0
432_00004,-1,0
432_00005,-1,0
432_00006,-1,0
432_00007,-1,0
432_00008,-1,0
432_00009,-1,0
432_00010,-1,0
432_00011,-1,0
432_00012,-1,0
432_00013,-1,0
432_00014,-1,0
432_00015,-1,0
432_00016,-1,0
432_00017,-1,0
432_00018,-1,0
432_00019,-1,0
432_00020,-1,0
432_00021,-1,0
432_00022,-1,0
432_00023,-1,0
432_00024,-1,0
432_00025,-1,0
432_00026,-1,0
432_00027,1,0
433_00000,19,1
433_00001,44,1
433_00002,19,1
433_00003,-1,1
433_00004,19,1
433_00005,-1,1
433_00006,-1,1
433_00007,-1,1
433_00008,-1,1
433_00009,19,1
433_00010,-1,1
433_00011,-1,1
433_00012,-1,1
433_00013,19,1
433_00014,3,1
433_00015,-1,1
433_00016,47,1
433_00017,-1,1
433_00018,1,1
434_00000,-1,1
434_00001,-1,1
434_00002,-1,1
434_00003,-1,1
434_00004,-1,1
434_00005,4,1
434_00006,-1,1
434_00007,33,1
434_00008,-1,1
434_00009,-1,1
434_00010,-1,1
434_00011,-1,1
434_00012,-1,1
434_00013,-1,1
434_00014,49,1
434_00015,-1,1
434_00016,-1,1
434_00017,-1,1
434_00018,-1,1
434_00019,-1,1
434_00020,3,1
434_00021,1,1
434_00022,-1,1
434_00023,49,1
434_00024,-1,1
434_00025,-1,1
434_00026,-1,1
434_00027,-1,1
434_00028,-1,1
434_00029,1,1
434_00030,1,1
434_00031,-1,1
434_00032,28,1
434_00033,-1,1
434_00034,58,1
434_00035,-1,1
434_00036,-1,1
434_00037,-1,1
434_00038,-1,1
434_00039,1,1
434_00040,1,1
434_00041,1,1
434_00042,-1,1
441_00000,-1,1
441_00001,-1,1
441_00002,-1,1
441_00003,-1,1
441_00004,-1,1
441_00005,-1,1
441_00006,-1,1
441_00007,-1,1
441_00008,-1,1
441_00009,-1,1
441_00010,-1,1
441_00011,-1,1
441_00012,-1,1
441_00013,-1,1
441_00014,11,1
441_00015,-1,1
441_00016,-1,1
441_00017,-1,1
441_00018,6,1
441_00019,-1,1
441_00020,-1,1
441_00021,-1,1
441_00022,6,1
441_00023,-1,1
441_00024,-1,1
444_00000,28,1
444_00001,-1,1
444_00002,-1,1
444_00003,-1,1
444_00004,-1,1
444_00005,-1,1
444_00006,35,1
444_00007,-1,1
444_00008,8,1
444_00009,58,1
444_00010,8,1
444_00011,4,1
444_00012,-1,1
444_00013,-1,1
444_00014,-1,1
444_00015,-1,1
444_00016,-1,1
444_00017,8,1
444_00018,8,1
444_00019,13,1
444_00020,8,1
444_00021,-1,1
444_00022,-1,1
444_00023,-1,1
444_00024,8,1
444_00025,-1,1
444_00026,8,1
444_00027,8,1
444_00028,8,1
444_00029,-1,1
444_00030,-1,1
444_00031,-1,1
444_00032,-1,1
444_00033,19,1
444_00034,-1,1
444_00035,-1,1
444_00036,-1,1
444_00037,-1,1
444_00038,-1,1
444_00039,9,1
444_00040,-1,1
444_00041,9,1
444_00042,9,1
444_00043,-1,1
446_00000,-1,1
446_00001,-1,1
446_00002,-1,1
446_00003,25,1
446_00004,17,1
446_00005,-1,1
446_00006,-1,1
446_00007,-1,1
446_00008,-1,1
446_00009,-1,1
446_00010,1,1
446_00011,1,1
446_00012,-1,1
446_00013,-1,1
446_00014,-1,1
446_00015,53,1
446_00016,-1,1
446_00017,-1,1
446_00018,38,1
446_00019,-1,1
446_00020,-1,1
446_00021,-1,1
446_00022,-1,1
446_00023,-1,1
446_00024,-1,1
446_00025,-1,1
446_00026,-1,1
446_00027,-1,1
446_00028,-1,1
446_00029,38,1
446_00030,-1,1
446_00031,-1,1
446_00032,-1,1
446_00033,25,1
448_00000,-1,0
448_00001,-1,0
448_00002,-1,0
448_00003,25,0
448_00004,17,0
448_00005,-1,0
448_00006,-1,0
448_00007,34,0
448_00008,25,0
448_00009,-1,0
448_00010,-1,0
448_00011,1,0
448_00012,-1,0
448_00013,-1,0
448_00014,-1,0
448_00015,-1,0
448_00016,-1,0
448_00017,-1,0
448_00018,-1,0
448_00019,-1,0
448_00020,-1,0
448_00021,-1,0
448_00022,-1,0
448_00023,-1,0
448_00024,-1,0
448_00025,-1,0
448_00026,-1,0
448_00027,-1,0
448_00028,-1,0
448_00029,-1,0
448_00030,38,0
448_00031,-1,0
448_00032,-1,0
448_00033,-1,0
448_00034,25,0
449_00000,-1,0
449_00001,-1,0
449_00002,-1,0
449_00003,-1,0
449_00004,-1,0
449_00005,-1,0
449_00006,-1,0
449_00007,1,0
449_00008,-1,0
449_00009,-1,0
449_00010,-1,0
449_00011,-1,0
449_00012,-1,0
449_00013,-1,0
449_00014,9,0
449_00015,-1,0
449_00016,9,0
449_00017,-1,0
449_00018,9,0
449_00019,-1,0
449_00020,-1,0
449_00021,-1,0
449_00022,-1,0
449_00023,-1,0
449_00024,-1,0
449_00025,-1,0
449_00026,-1,0
449_00027,-1,0
449_00028,-1,0
449_00029,-1,0
449_00030,-1,0
449_00031,1,0
453_00000,-1,1
453_00001,-1,1
453_00002,-1,1
453_00003,-1,1
453_00004,-1,1
453_00005,-1,1
453_00006,-1,1
453_00007,-1,1
453_00008,-1,1
453_00009,1,1
453_00010,-1,1
453_00011,1,1
453_00012,-1,1
453_00013,-1,1
453_00014,-1,1
453_00015,-1,1
453_00016,-1,1
453_00017,-1,1
453_00018,-1,1
453_00019,9,1
453_00020,9,1
453_00021,7,1
453_00022,9,1
453_00023,26,1
453_00024,-1,1
453_00025,-1,1
453_00026,9,1
453_00027,-1,1
453_00028,-1,1
453_00029,-1,1
453_00030,1,1
453_00031,-1,1
453_00032,-1,1
453_00033,1,1
453_00034,-1,1
453_00035,-1,1
453_00036,-1,1
453_00037,-1,1
453_00038,-1,1
453_00039,-1,1
453_00040,-1,1
453_00041,1,1
453_00042,-1,1
453_00043,-1,1
453_00044,1,1
453_00045,-1,1
453_00046,-1,1
453_00047,-1,1
453_00048,-1,1
453_00049,-1,1
453_00050,-1,1
453_00051,-1,1
453_00052,-1,1
453_00053,1,1
453_00054,38,1
456_00000,-1,1
456_00001,-1,1
456_00002,-1,1
456_00003,-1,1
456_00004,-1,1
456_00005,33,1
456_00006,-1,1
456_00007,41,1
456_00008,-1,1
456_00009,-1,1
456_00010,-1,1
456_00011,-1,1
456_00012,-1,1
456_00013,4,1
456_00014,-1,1
456_00015,-1,1
456_00016,-1,1
456_00017,-1,1
456_00018,-1,1
456_00019,0,1
456_00020,-1,1
456_00021,-1,1
456_00022,-1,1
456_00023,-1,1
456_00024,-1,1
456_00025,-1,1
456_00026,-1,1
456_00027,51,1
456_00028,-1,1
456_00029,-1,1
456_00030,-1,1
456_00031,-1,1
456_00032,-1,1
456_00033,33,1
456_00034,-1,1
456_00035,-1,1
456_00036,-1,1
456_00037,-1,1
456_00038,-1,1
456_00039,-1,1
459_00000,-1,1
459_00001,-1,1
459_00002,12,1
459_00003,-1,1
460_00000,-1,0
460_00001,-1,0
462_00000,-1,1
462_00001,48,1
462_00002,14,1
462_00003,-1,1
463_00000,55,0
463_00001,-1,0
463_00002,-1,0
465_00000,-1,1
465_00001,19,1
465_00002,-1,1
465_00003,-1,1
465_00004,-1,1
468_00000,0,1
468_00001,0,1
468_00002,0,1
468_00003,0,1
468_00004,0,1
468_00005,0,1
468_00006,1,1
468_00007,0,1
468_00008,3,1
468_00009,-1,1
468_00010,0,1
468_00011,-1,1
468_00012,0,1
468_00013,0,1
468_00014,0,1
468_00015,0,1
468_00016,0,1
468_00017,0,1
468_00018,0,1
468_00019,1,1
468_00020,0,1
468_00021,-1,1
468_00022,16,1
468_00023,-1,1
468_00024,0,1
468_00025,-1,1
468_00026,-1,1
468_00027,0,1
470_00000,9,0
470_00001,9,0
470_00002,-1,0
470_00003,0,0
470_00004,-1,0
470_00005,0,0
470_00006,0,0
470_00007,0,0
470_00008,0,0
470_00009,0,0
470_00010,0,0
470_00011,-1,0
470_00012,0,0
470_00013,3,0
470_00014,-1,0
470_00015,0,0
470_00016,-1,0
470_00017,0,0
470_00018,-1,0
470_00019,-1,0
470_00020,0,0
470_00021,0,0
470_00022,0,0
470_00023,0,0
470_00024,0,0
470_00025,0,0
470_00026,1,0
470_00027,-1,0
470_00028,0,0
470_00029,-1,0
470_00030,-1,0
470_00031,0,0
470_00032,-1,0
470_00033,0,0
470_00034,-1,0
470_00035,0,0
470_00036,0,0
470_00037,0,0
471_00000,1,1
471_00001,0,1
471_00002,-1,1
471_00003,-1,1
471_00004,11,1
471_00005,11,1
471_00006,-1,1
471_00007,-1,1
471_00008,6,1
471_00009,-1,1
471_00010,-1,1
471_00011,30,1
471_00012,-1,1
471_00013,-1,1
471_00014,41,1
471_00015,-1,1
471_00016,-1,1
471_00017,-1,1
471_00018,-1,1
471_00019,-1,1
471_00020,-1,1
471_00021,-1,1
471_00022,27,1
471_00023,-1,1
471_00024,-1,1
471_00025,-1,1
471_00026,-1,1
471_00027,-1,1
471_00028,-1,1
471_00029,-1,1
471_00030,-1,1
471_00031,-1,1
471_00032,-1,1
471_00033,6,1
471_00034,3,1
471_00035,3,1
471_00036,0,1
471_00037,0,1
471_00038,0,1
471_00039,15,1
471_00040,15,1
471_00041,-1,1
471_00042,-1,1
471_00043,-1,1
471_00044,15,1
471_00045,15,1
471_00046,-1,1
471_00047,-1,1
476_00000,-1,1
476_00001,56,1
476_00002,56,1
476_00003,56,1
476_00004,-1,1
476_00005,-1,1
476_00006,-1,1
476_00007,-1,1
476_00008,-1,1
476_00009,-1,1
476_00010,-1,1
476_00011,26,1
476_00012,2,1
476_00013,15,1
476_00014,-1,1
476_00015,56,1
476_00016,-1,1
476_00017,3,1
476_00018,3,1
476_00019,3,1
476_00020,-1,1
476_00021,-1,1
476_00022,-1,1
486_00000,-1,1
486_00001,12,1
486_00002,-1,1
487_00000,-1,0
487_00001,12,0
487_00002,19,0
489_00000,-1,1
489_00001,-1,1
489_00002,-1,1
489_00003,-1,1
489_00004,-1,1
489_00005,12,1
491_00000,-1,1
491_00001,19,1
491_00002,-1,1
491_00003,-1,1
491_00004,-1,1
491_00005,-1,1
491_00006,-1,1
491_00007,-1,1
491_00008,25,1
491_00009,25,1
491_00010,-1,1
491_00011,-1,1
491_00012,1,1
491_00013,-1,1
491_00014,-1,1
491_00015,-1,1
491_00016,-1,1
491_00017,-1,1
491_00018,-1,1
491_00019,-1,1
491_00020,-1,1
491_00021,-1,1
491_00022,1,1
491_00023,1,1
491_00024,1,1
491_00025,-1,1
491_00026,-1,1
491_00027,-1,1
491_00028,-1,1
491_00029,-1,1
491_00030,1,1
491_00031,-1,1
491_00032,-1,1
491_00033,-1,1
491_00034,-1,1
491_00035,-1,1
491_00036,17,1
491_00037,22,1
491_00038,17,1
491_00039,-1,1
491_00040,-1,1
491_00041,-1,1
491_00042,-1,1
491_00043,25,1
491_00044,-1,1
491_00045,-1,1
493_00000,-1,0
493_00001,19,0
493_00002,-1,0
493_00003,-1,0
493_00004,-1,0
493_00005,-1,0
493_00006,-1,0
493_00007,25,0
493_00008,-1,0
493_00009,-1,0
493_00010,-1,0
493_00011,25,0
493_00012,1,0
493_00013,-1,0
493_00014,-1,0
493_00015,1,0
493_00016,-1,0
493_00017,-1,0
493_00018,-1,0
493_00019,-1,0
493_00020,-1,0
493_00021,36,0
493_00022,-1,0
493_00023,1,0
493_00024,1,0
493_00025,1,0
493_00026,-1,0
493_00027,-1,0
493_00028,17,0
493_00029,-1,0
493_00030,1,0
493_00031,-1,0
493_00032,-1,0
493_00033,-1,0
493_00034,-1,0
493_00035,-1,0
493_00036,17,0
493_00037,22,0
493_00038,17,0
493_00039,17,0
493_00040,-1,0
493_00041,-1,0
493_00042,-1,0
493_00043,25,0
493_00044,-1,0
493_00045,-1,0
494_00000,-1,1
494_00001,-1,1
494_00002,0,1
494_00003,-1,1
494_00004,-1,1
494_00005,-1,1
494_00006,-1,1
494_00007,-1,1
494_00008,-1,1
494_00009,8,1
494_00010,60,1
494_00011,-1,1
494_00012,0,1
494_00013,-1,1
494_00014,-1,1
494_00015,-1,1
494_00016,8,1
494_00017,8,1
494_00018,1,1
494_00019,-1,1
494_00020,-1,1
494_00021,-1,1
494_00022,-1,1
494_00023,-1,1
494_00024,-1,1
494_00025,-1,1
494_00026,-1,1
494_00027,-1,1
494_00028,-1,1
494_00029,-1,1
494_00030,-1,1
494_00031,-1,1
494_00032,-1,1
494_00033,-1,1
494_00034,-1,1
494_00035,-1,1
494_00036,-1,1
494_00037,-1,1
495_00000,-1,1
495_00001,-1,1
495_00002,-1,1
495_00003,3,1
495_00004,-1,1
495_00005,-1,1
495_00006,3,1
495_00007,-1,1
495_00008,3,1
495_00009,-1,1
495_00010,1,1
495_00011,-1,1
495_00012,-1,1
495_00013,0,1
495_00014,-1,1
495_00015,1,1
495_00016,-1,1
495_00017,-1,1
496_00000,31,1
496_00001,-1,1
496_00002,-1,1
496_00003,31,1
496_00004,-1,1
496_00005,-1,1
496_00006,-1,1
496_00007,38,1
496_00008,31,1
496_00009,31,1
496_00010,31,1
496_00011,-1,1
496_00012,-1,1
496_00013,31,1
496_00014,31,1
496_00015,6,1
496_00016,30,1
496_00017,-1,1
496_00018,30,1
496_00019,30,1
496_00020,30,1
496_00021,42,1
496_00022,43,1
496_00023,31,1
496_00024,-1,1
496_00025,31,1
496_00026,41,1
496_00027,-1,1
496_00028,14,1
496_00029,13,1
496_00030,-1,1
496_00031,-1,1
496_00032,-1,1
496_00033,31,1
496_00034,31,1
496_00035,31,1
496_00036,31,1
496_00037,-1,1
496_00038,-1,1
496_00039,-1,1
496_00040,-1,1
496_00041,-1,1
496_00042,31,1
496_00043,31,1
496_00044,31,1
496_00045,-1,1
496_00046,31,1
496_00047,-1,1
500_00000,-1,1
500_00001,-1,1
500_00002,-1,1
500_00003,-1,1
500_00004,51,1
500_00005,-1,1
500_00006,-1,1
500_00007,-1,1
500_00008,-1,1
500_00009,58,1
500_00010,-1,1
500_00011,-1,1
500_00012,-1,1
500_00013,1,1
500_00014,-1,1
500_00015,-1,1
500_00016,-1,1
500_00017,-1,1
500_00018,-1,1
500_00019,11,1
500_00020,-1,1
500_00021,-1,1
500_00022,-1,1
500_00023,-1,1
500_00024,-1,1
500_00025,-1,1
500_00026,-1,1
500_00027,-1,1
500_00028,-1,1
500_00029,-1,1
500_00030,-1,1
500_00031,-1,1
500_00032,-1,1
500_00033,-1,1
500_00034,-1,1
500_00035,51,1
500_00036,-1,1
500_00037,-1,1
500_00038,50,1
500_00039,-1,1
500_00040,-1,1
500_00041,-1,1
500_00042,-1,1
501_00000,9,1
501_00001,-1,1
501_00002,-1,1
501_00003,-1,1
501_00004,-1,1
501_00005,4,1
501_00006,4,1
501_00007,4,1
501_00008,47,1
501_00009,-1,1
501_00010,-1,1
501_00011,-1,1
501_00012,-1,1
501_00013,-1,1
501_00014,-1,1
501_00015,-1,1
501_00016,-1,1
501_00017,32,1
501_00018,-1,1
501_00019,-1,1
501_00020,-1,1
501_00021,-1,1
501_00022,-1,1
501_00023,4,1
501_00024,-1,1
501_00025,-1,1
501_00026,-1,1
501_00027,30,1
501_00028,-1,1
501_00029,-1,1
501_00030,-1,1
501_00031,-1,1
501_00032,-1,1
501_00033,26,1
501_00034,-1,1
503_00000,-1,1
503_00001,-1,1
503_00002,14,1
503_00003,14,1
503_00004,-1,1
503_00005,-1,1
503_00006,-1,1
503_00007,14,1
503_00008,-1,1
503_00009,14,1
503_00010,14,1
503_00011,16,1
503_00012,42,1
503_00013,-1,1
503_00014,42,1
503_00015,-1,1
503_00016,-1,1
503_00017,14,1
503_00018,-1,1
503_00019,-1,1
503_00020,38,1
503_00021,-1,1
503_00022,-1,1
512_00000,2,1
512_00001,2,1
512_00002,2,1
512_00003,2,1
512_00004,3,1
512_00005,-1,1
512_00006,-1,1
512_00007,2,1
512_00008,-1,1
512_00009,3,1
512_00010,-1,1
512_00011,3,1
512_00012,25,1
512_00013,-1,1
512_00014,2,1
512_00015,2,1
512_00016,-1,1
512_00017,2,1
512_00018,2,1
512_00019,2,1
512_00020,2,1
512_00021,2,1
512_00022,2,1
512_00023,2,1
512_00024,2,1
512_00025,2,1
512_00026,2,1
512_00027,-1,1
512_00028,2,1
512_00029,25,1
512_00030,2,1
512_00031,2,1
512_00032,-1,1
512_00033,2,1
512_00034,-1,1
512_00035,2,1
512_00036,2,1
512_00037,2,1
512_00038,-1,1
512_00039,2,1
512_00040,19,1
512_00041,2,1
512_00042,2,1
512_00043,2,1
512_00044,2,1
512_00045,2,1
512_00046,2,1
512_00047,2,1
512_00048,-1,1
512_00049,2,1
512_00050,2,1
512_00051,-1,1
514_00000,-1,1
514_00001,-1,1
514_00002,35,1
514_00003,16,1
514_00004,13,1
514_00005,13,1
514_00006,13,1
514_00007,-1,1
514_00008,-1,1
514_00009,-1,1
514_00010,-1,1
514_00011,-1,1
514_00012,-1,1
514_00013,-1,1
514_00014,-1,1
514_00015,16,1
514_00016,13,1
514_00017,8,1
514_00018,-1,1
514_00019,13,1
514_00020,13,1
514_00021,6,1
514_00022,-1,1
514_00023,8,1
514_00024,-1,1
514_00025,8,1
514_00026,57,1
514_00027,57,1
514_00028,57,1
514_00029,8,1
514_00030,-1,1
514_00031,-1,1
514_00032,-1,1
514_00033,13,1
514_00034,13,1
514_00035,-1,1
514_00036,-1,1
514_00037,-1,1
514_00038,16,1
514_00039,13,1
514_00040,-1,1
514_00041,13,1
514_00042,-1,1
514_00043,-1,1
514_00044,-1,1
514_00045,-1,1
514_00046,-1,1
517_00000,-1,1
517_00001,-1,1
517_00002,-1,1
517_00003,-1,1
517_00004,-1,1
518_00000,9,1
518_00001,-1,1
518_00002,-1,1
518_00003,-1,1
518_00004,-1,1
518_00005,-1,1
518_00006,-1,1
518_00007,11,1
518_00008,33,1
518_00009,-1,1
518_00010,-1,1
518_00011,-1,1
518_00012,0,1
518_00013,23,1
518_00014,23,1
518_00015,35,1
518_00016,-1,1
518_00017,-1,1
518_00018,23,1
518_00019,16,1
518_00020,-1,1
518_00021,-1,1
518_00022,23,1
518_00023,3,1
518_00024,-1,1
518_00025,-1,1
518_00026,-1,1
518_00027,33,1
518_00028,23,1
518_00029,-1,1
518_00030,23,1
518_00031,-1,1
518_00032,16,1
518_00033,-1,1
518_00034,33,1
518_00035,-1,1
518_00036,-1,1
518_00037,-1,1
520_00000,59,1
520_00001,-1,1
520_00002,59,1
520_00003,-1,1
520_00004,59,1
520_00005,59,1
520_00006,59,1
520_00007,-1,1
520_00008,59,1
520_00009,59,1
520_00010,59,1
520_00011,-1,1
520_00012,59,1
520_00013,59,1
520_00014,59,1
520_00015,59,1
520_00016,59,1
520_00017,59,1
521_00000,52,1
521_00001,27,1
521_00002,-1,1
521_00003,52,1
521_00004,-1,1
521_00005,-1,1
521_00006,-1,1
521_00007,-1,1
521_00008,-1,1
521_00009,-1,1
521_00010,-1,1
521_00011,-1,1
521_00012,-1,1
521_00013,-1,1
521_00014,-1,1
521_00015,28,1
521_00016,52,1
521_00017,27,1
521_00018,27,1
521_00019,-1,1
521_00020,52,1
521_00021,-1,1
521_00022,-1,1
521_00023,-1,1
521_00024,-1,1
521_00025,-1,1
521_00026,-1,1
521_00027,-1,1
521_00028,41,1
521_00029,-1,1
521_00030,-1,1
521_00031,-1,1
527_00000,-1,1
527_00001,27,1
527_00002,-1,1
527_00003,16,1
527_00004,-1,1
527_00005,-1,1
527_00006,-1,1
527_00007,-1,1
527_00008,-1,1
527_00009,32,1
527_00010,-1,1
527_00011,6,1
527_00012,-1,1
527_00013,-1,1
527_00014,-1,1
527_00015,-1,1
527_00016,6,1
527_00017,6,1
527_00018,6,1
527_00019,-1,1
527_00020,-1,1
527_00021,38,1
527_00022,-1,1
527_00023,-1,1
527_00024,-1,1
527_00025,-1,1
527_00026,-1,1
527_00027,-1,1
527_00028,-1,1
527_00029,32,1
527_00030,-1,1
527_00031,-1,1
527_00032,-1,1
527_00033,-1,1
527_00034,-1,1
527_00035,-1,1
527_00036,1,1
527_00037,3,1
527_00038,58,1
527_00039,-1,1
527_00040,-1,1
527_00041,-1,1
527_00042,-1,1
527_00043,-1,1
533_00000,27,1
533_00001,-1,1
533_00002,0,1
533_00003,9,1
533_00004,9,1
533_00005,0,1
533_00006,-1,1
533_00007,-1,1
533_00008,0,1
533_00009,-1,1
533_00010,-1,1
533_00011,-1,1
533_00012,-1,1
533_00013,-1,1
533_00014,0,1
533_00015,-1,1
533_00016,0,1
533_00017,11,1
533_00018,0,1
533_00019,-1,1
533_00020,-1,1
533_00021,3,1
533_00022,-1,1
533_00023,48,1
533_00024,0,1
533_00025,-1,1
533_00026,-1,1
533_00027,3,1
533_00028,3,1
533_00029,0,1
533_00030,0,1
533_00031,-1,1
533_00032,0,1
533_00033,0,1
533_00034,-1,1
533_00035,-1,1
533_00036,-1,1
533_00037,-1,1
533_00038,14,1
533_00039,0,1
533_00040,0,1
533_00041,-1,1
534_00000,-1,1
534_00001,-1,1
534_00002,-1,1
534_00003,-1,1
534_00004,-1,1
534_00005,-1,1
534_00006,-1,1
534_00007,-1,1
534_00008,4,1
534_00009,-1,1
534_00010,-1,1
534_00011,4,1
534_00012,1,1
534_00013,-1,1
534_00014,-1,1
534_00015,-1,1
534_00016,-1,1
534_00017,3,1
534_00018,3,1
534_00019,3,1
534_00020,4,1
534_00021,-1,1
534_00022,-1,1
534_00023,-1,1
534_00024,-1,1
534_00025,-1,1
534_00026,-1,1
534_00027,-1,1
534_00028,-1,1
534_00029,4,1
534_00030,-1,1
534_00031,4,1
534_00032,4,1
534_00033,-1,1
534_00034,-1,1
534_00035,-1,1
534_00036,-1,1
534_00037,-1,1
534_00038,-1,1
534_00039,4,1
534_00040,-1,1
538_00000,-1,1
538_00001,61,1
538_00002,-1,1
538_00003,61,1
538_00004,61,1
538_00005,61,1
538_00006,61,1
538_00007,4,1
538_00008,-1,1
538_00009,-1,1
538_00010,-1,1
538_00011,27,1
538_00012,27,1
538_00013,27,1
538_00014,13,1
538_00015,61,1
538_00016,61,1
538_00017,61,1
538_00018,61,1
538_00019,61,1
538_00020,61,1
538_00021,-1,1
538_00022,-1,1
538_00023,61,1
538_00024,-1,1
538_00025,-1,1
538_00026,27,1
538_00027,61,1
538_00028,61,1
538_00029,61,1
538_00030,-1,1
538_00031,-1,1
538_00032,61,1
538_00033,61,1
538_00034,61,1
538_00035,3,1
538_00036,61,1
538_00037,-1,1
538_00038,48,1
538_00039,27,1
538_00040,61,1
540_00000,-1,1
540_00001,-1,1
540_00002,-1,1
540_00003,-1,1
540_00004,-1,1
540_00005,-1,1
540_00006,-1,1
540_00007,-1,1
540_00008,-1,1
540_00009,-1,1
540_00010,53,1
540_00011,53,1
540_00012,-1,1
540_00013,-1,1
540_00014,53,1
540_00015,-1,1
540_00016,-1,1
540_00017,-1,1
540_00018,-1,1
540_00019,-1,1
540_00020,53,1
540_00021,53,1
540_00022,-1,1
540_00023,-1,1
540_00024,-1,1
540_00025,-1,1
540_00026,38,1
540_00027,-1,1
540_00028,-1,1
540_00029,-1,1
540_00030,-1,1
542_00000,0,1
542_00001,14,1
542_00002,0,1
542_00003,-1,1
542_00004,0,1
542_00005,0,1
542_00006,-1,1
542_00007,-1,1
542_00008,-1,1
542_00009,-1,1
542_00010,-1,1
542_00011,-1,1
542_00012,-1,1
542_00013,-1,1
542_00014,-1,1
542_00015,-1,1
542_00016,-1,1
542_00017,-1,1
542_00018,-1,1
542_00019,-1,1
542_00020,-1,1
542_00021,-1,1
542_00022,-1,1
542_00023,-1,1
542_00024,-1,1
542_00025,-1,1
542_00026,-1,1
542_00027,-1,1
542_00028,-1,1
542_00029,-1,1
542_00030,-1,1
542_00031,23,1
542_00032,23,1
542_00033,-1,1
542_00034,-1,1
542_00035,14,1
542_00036,-1,1
542_00037,-1,1
542_00038,-1,1
542_00039,21,1
542_00040,21,1
542_00041,-1,1
542_00042,-1,1
542_00043,35,1
542_00044,0,1
544_00000,-1,1
544_00001,-1,1
544_00002,-1,1
544_00003,-1,1
544_00004,-1,1
544_00005,-1,1
544_00006,-1,1
544_00007,-1,1
544_00008,-1,1
544_00009,-1,1
544_00010,-1,1
544_00011,-1,1
544_00012,4,1
544_00013,4,1
544_00014,-1,1
544_00015,-1,1
544_00016,-1,1
544_00017,-1,1
544_00018,-1,1
544_00019,-1,1
544_00020,36,1
544_00021,2,1
544_00022,-1,1
544_00023,-1,1
544_00024,5,1
544_00025,-1,1
548_00000,9,1
548_00001,-1,1
548_00002,-1,1
548_00003,-1,1
548_00004,24,1
548_00005,-1,1
548_00006,-1,1
548_00007,-1,1
548_00008,-1,1
548_00009,-1,1
548_00010,-1,1
548_00011,-1,1
548_00012,-1,1
548_00013,-1,1
548_00014,-1,1
548_00015,51,1
548_00016,-1,1
548_00017,-1,1
548_00018,-1,1
548_00019,-1,1
548_00020,-1,1
548_00021,-1,1
548_00022,-1,1
548_00023,-1,1
548_00024,-1,1
548_00025,28,1
548_00026,-1,1
548_00027,-1,1
548_00028,4,1
548_00029,-1,1
548_00030,28,1
548_00031,26,1
548_00032,26,1
548_00033,-1,1
548_00034,-1,1
548_00035,39,1
548_00036,-1,1
548_00037,-1,1
548_00038,-1,1
548_00039,-1,1
555_00000,9,1
555_00001,9,1
555_00002,9,1
555_00003,-1,1
555_00004,0,1
555_00005,-1,1
555_00006,0,1
555_00007,0,1
555_00008,-1,1
555_00009,-1,1
555_00010,-1,1
555_00011,0,1
555_00012,-1,1
555_00013,-1,1
555_00014,0,1
555_00015,0,1
555_00016,-1,1
555_00017,-1,1
555_00018,0,1
555_00019,-1,1
555_00020,-1,1
555_00021,0,1
555_00022,-1,1
555_00023,-1,1
555_00024,-1,1
555_00025,-1,1
555_00026,22,1
555_00027,-1,1
555_00028,-1,1
555_00029,33,1
555_00030,-1,1
555_00031,-1,1
555_00032,23,1
555_00033,9,1
555_00034,-1,1
555_00035,-1,1
555_00036,-1,1
555_00037,0,1
555_00038,-1,1
555_00039,-1,1
555_00040,-1,1
555_00041,-1,1
556_00000,9,0
556_00001,9,0
556_00002,9,0
556_00003,-1,0
556_00004,0,0
556_00005,-1,0
556_00006,0,0
556_00007,0,0
556_00008,-1,0
556_00009,-1,0
556_00010,-1,0
556_00011,0,0
556_00012,0,0
556_00013,0,0
556_00014,0,0
556_00015,-1,0
556_00016,0,0
556_00017,-1,0
556_00018,0,0
556_00019,-1,0
556_00020,0,0
556_00021,0,0
556_00022,-1,0
556_00023,13,0
556_00024,-1,0
556_00025,-1,0
556_00026,-1,0
556_00027,22,0
556_00028,-1,0
556_00029,-1,0
556_00030,-1,0
556_00031,-1,0
556_00032,-1,0
556_00033,-1,0
556_00034,9,0
556_00035,-1,0
556_00036,-1,0
556_00037,-1,0
556_00038,-1,0
556_00039,-1,0
556_00040,-1,0
556_00041,16,0
556_00042,-1,0
558_00000,-1,1
558_00001,-1,1
558_00002,-1,1
558_00003,-1,1
558_00004,-1,1
558_00005,-1,1
558_00006,-1,1
558_00007,-1,1
559_00000,-1,0
559_00001,12,0
559_00002,-1,0
559_00003,-1,0
561_00000,-1,1
561_00001,-1,1
561_00002,-1,1
561_00003,-1,1
561_00004,24,1
562_00000,9,1
562_00001,-1,1
562_00002,-1,1
562_00003,53,1
562_00004,-1,1
562_00005,-1,1
562_00006,-1,1
562_00007,53,1
562_00008,53,1
562_00009,-1,1
562_00010,-1,1
562_00011,35,1
562_00012,-1,1
562_00013,-1,1
562_00014,-1,1
562_00015,-1,1
562_00016,53,1
562_00017,-1,1
562_00018,-1,1
562_00019,-1,1
562_00020,-1,1
562_00021,41,1
562_00022,-1,1
562_00023,-1,1
562_00024,-1,1
562_00025,-1,1
562_00026,-1,1
562_00027,-1,1
562_00028,-1,1
562_00029,-1,1
562_00030,-1,1
562_00031,-1,1
562_00032,9,1
562_00033,-1,1
562_00034,24,1
562_00035,-1,1
562_00036,-1,1
562_00037,-1,1
562_00038,-1,1
562_00039,-1,1
562_00040,-1,1
562_00041,20,1
562_00042,20,1
562_00043,-1,1
562_00044,7,1
562_00045,20,1
562_00046,-1,1
562_00047,-1,1
562_00048,-1,1
562_00049,3,1
562_00050,-1,1
569_00000,-1,1
569_00001,55,1
569_00002,55,1
569_00003,55,1
569_00004,55,1
569_00005,55,1
569_00006,55,1
569_00007,55,1
569_00008,-1,1
569_00009,55,1
569_00010,-1,1
569_00011,-1,1
569_00012,-1,1
569_00013,55,1
569_00014,-1,1
569_00015,35,1
569_00016,35,1
569_00017,-1,1
569_00018,-1,1
569_00019,55,1
569_00020,-1,1
569_00021,55,1
569_00022,55,1
569_00023,-1,1
569_00024,46,1
569_00025,-1,1
569_00026,-1,1
569_00027,-1,1
569_00028,55,1
569_00029,3,1
569_00030,26,1
569_00031,55,1
569_00032,55,1
569_00033,-1,1
569_00034,-1,1
569_00035,-1,1
569_00036,50,1
569_00037,-1,1
569_00038,1,1
569_00039,-1,1
569_00040,-1,1
569_00041,-1,1
569_00042,-1,1
570_00000,-1,1
570_00001,-1,1
570_00002,-1,1
570_00003,-1,1
570_00004,4,1
570_00005,4,1
570_00006,-1,1
570_00007,4,1
570_00008,-1,1
570_00009,-1,1
570_00010,-1,1
570_00011,6,1
570_00012,-1,1
570_00013,4,1
570_00014,-1,1
570_00015,11,1
570_00016,4,1
570_00017,-1,1
570_00018,-1,1
570_00019,-1,1
570_00020,11,1
570_00021,35,1
570_00022,-1,1
570_00023,11,1
570_00024,49,1
570_00025,4,1
570_00026,-1,1
570_00027,-1,1
570_00028,-1,1
570_00029,33,1
570_00030,4,1
570_00031,-1,1
570_00032,11,1
570_00033,28,1
570_00034,-1,1
570_00035,-1,1
570_00036,-1,1
570_00037,28,1
570_00038,-1,1
570_00039,-1,1
570_00040,-1,1
573_00000,-1,1
573_00001,0,1
573_00002,-1,1
573_00003,8,1
573_00004,-1,1
573_00005,23,1
573_00006,47,1
573_00007,6,1
573_00008,6,1
573_00009,8,1
573_00010,13,1
573_00011,40,1
573_00012,27,1
573_00013,-1,1
573_00014,8,1
573_00015,8,1
573_00016,8,1
573_00017,6,1
573_00018,-1,1
573_00019,27,1
573_00020,27,1
573_00021,6,1
573_00022,6,1
573_00023,6,1
573_00024,-1,1
573_00025,47,1
573_00026,-1,1
573_00027,-1,1
573_00028,-1,1
573_00029,-1,1
573_00030,-1,1
573_00031,13,1
573_00032,-1,1
573_00033,-1,1
573_00034,0,1
573_00035,-1,1
573_00036,0,1
573_00037,-1,1
573_00038,-1,1
573_00039,9,1
575_00000,-1,1
575_00001,6,1
575_00002,-1,1
575_00003,-1,1
575_00004,33,1
575_00005,-1,1
575_00006,-1,1
575_00007,-1,1
575_00008,-1,1
575_00009,-1,1
575_00010,-1,1
575_00011,-1,1
575_00012,-1,1
575_00013,-1,1
575_00014,-1,1
575_00015,-1,1
575_00016,-1,1
575_00017,-1,1
575_00018,-1,1
575_00019,-1,1
575_00020,-1,1
575_00021,44,1
575_00022,-1,1
575_00023,-1,1
575_00024,-1,1
575_00025,-1,1
575_00026,-1,1
575_00027,-1,1
575_00028,-1,1
575_00029,-1,1
575_00030,52,1
575_00031,-1,1
575_00032,45,1
575_00033,-1,1
575_00034,-1,1
575_00035,-1,1
575_00036,-1,1
575_00037,-1,1
575_00038,-1,1
577_00000,9,1
577_00001,62,1
577_00002,-1,1
577_00003,0,1
577_00004,-1,1
577_00005,62,1
577_00006,0,1
577_00007,0,1
577_00008,-1,1
577_00009,0,1
577_00010,0,1
577_00011,-1,1
577_00012,0,1
577_00013,0,1
577_00014,-1,1
577_00015,-1,1
577_00016,4,1
577_00017,4,1
577_00018,-1,1
577_00019,-1,1
577_00020,0,1
577_00021,0,1
577_00022,0,1
577_00023,0,1
577_00024,-1,1
577_00025,0,1
577_00026,-1,1
577_00027,-1,1
577_00028,-1,1
577_00029,-1,1
577_00030,35,1
577_00031,-1,1
577_00032,-1,1
577_00033,-1,1
577_00034,-1,1
577_00035,0,1
577_00036,-1,1
577_00037,-1,1
577_00038,-1,1
577_00039,-1,1
577_00040,-1,1
577_00041,-1,1
577_00042,0,1
577_00043,0,1
577_00044,-1,1
577_00045,-1,1
579_00000,-1,1
579_00001,-1,1
579_00002,-1,1
579_00003,-1,1
579_00004,-1,1
579_00005,-1,1
579_00006,-1,1
579_00007,-1,1
579_00008,7,1
579_00009,-1,1
579_00010,1,1
579_00011,-1,1
579_00012,23,1
579_00013,4,1
579_00014,-1,1
579_00015,-1,1
579_00016,-1,1
579_00017,-1,1
579_00018,-1,1
579_00019,-1,1
579_00020,-1,1
579_00021,-1,1
579_00022,-1,1
579_00023,-1,1
579_00024,-1,1
579_00025,-1,1
579_00026,-1,1
579_00027,-1,1
579_00028,-1,1
579_00029,15,1
579_00030,-1,1
579_00031,-1,1
579_00032,5,1
579_00033,-1,1
579_00034,-1,1
579_00035,15,1
579_00036,-1,1
579_00037,-1,1
579_00038,18,1
579_00039,1,1
579_00040,-1,1
581_00000,-1,1
581_00001,-1,1
581_00002,23,1
581_00003,-1,1
581_00004,23,1
581_00005,-1,1
581_00006,-1,1
581_00007,21,1
581_00008,-1,1
581_00009,23,1
581_00010,-1,1
581_00011,16,1
581_00012,-1,1
581_00013,-1,1
581_00014,-1,1
581_00015,23,1
581_00016,23,1
581_00017,-1,1
581_00018,8,1
581_00019,-1,1
581_00020,-1,1
581_00021,33,1
581_00022,13,1
581_00023,-1,1
581_00024,-1,1
581_00025,-1,1
581_00026,-1,1
581_00027,-1,1
581_00028,-1,1
581_00029,1,1
581_00030,-1,1
581_00031,-1,1
581_00032,-1,1
581_00033,-1,1
581_00034,27,1
581_00035,-1,1
581_00036,33,1
581_00037,-1,1
581_00038,-1,1
581_00039,4,1
581_00040,-1,1
581_00041,35,1
581_00042,-1,1
581_00043,23,1
581_00044,-1,1
581_00045,23,1
586_00000,-1,1
586_00001,-1,1
586_00002,-1,1
586_00003,49,1
586_00004,-1,1
586_00005,-1,1
586_00006,27,1
586_00007,-1,1
586_00008,28,1
586_00009,-1,1
586_00010,-1,1
586_00011,-1,1
586_00012,-1,1
586_00013,11,1
586_00014,-1,1
586_00015,40,1
586_00016,1,1
586_00017,52,1
586_00018,44,1
586_00019,6,1
586_00020,6,1
586_00021,52,1
586_00022,52,1
586_00023,52,1
586_00024,-1,1
586_00025,52,1
586_00026,-1,1
586_00027,-1,1
586_00028,-1,1
586_00029,-1,1
586_00030,-1,1
586_00031,52,1
586_00032,-1,1
586_00033,-1,1
586_00034,-1,1
586_00035,-1,1
586_00036,-1,1
586_00037,-1,1
586_00038,-1,1
586_00039,40,1
586_00040,41,1
586_00041,-1,1
586_00042,-1,1
586_00043,3,1
586_00044,-1,1
586_00045,-1,1
586_00046,40,1
590_00000,-1,1
590_00001,32,1
590_00002,-1,1
590_00003,-1,1
590_00004,-1,1
590_00005,-1,1
590_00006,41,1
590_00007,-1,1
590_00008,-1,1
590_00009,6,1
590_00010,41,1
590_00011,-1,1
590_00012,8,1
590_00013,8,1
590_00014,23,1
590_00015,-1,1
590_00016,-1,1
590_00017,23,1
590_00018,-1,1
590_00019,-1,1
590_00020,-1,1
590_00021,-1,1
590_00022,-1,1
590_00023,0,1
590_00024,8,1
590_00025,-1,1
590_00026,-1,1
590_00027,-1,1
590_00028,8,1
590_00029,-1,1
590_00030,-1,1
590_00031,-1,1
590_00032,-1,1
590_00033,-1,1
590_00034,-1,1
590_00035,-1,1
590_00036,23,1
590_00037,23,1
590_00038,23,1
590_00039,-1,1
590_00040,-1,1
590_00041,-1,1
591_00000,1,1
591_00001,-1,1
591_00002,-1,1
591_00003,-1,1
591_00004,-1,1
591_00005,-1,1
591_00006,8,1
591_00007,8,1
591_00008,8,1
591_00009,8,1
591_00010,13,1
591_00011,-1,1
591_00012,45,1
591_00013,-1,1
591_00014,-1,1
591_00015,-1,1
591_00016,-1,1
591_00017,6,1
591_00018,6,1
591_00019,-1,1
591_00020,6,1
591_00021,6,1
591_00022,6,1
591_00023,8,1
591_00024,8,1
591_00025,8,1
591_00026,-1,1
591_00027,-1,1
591_00028,-1,1
591_00029,8,1
591_00030,8,1
591_00031,8,1
591_00032,8,1
591_00033,-1,1
591_00034,-1,1
591_00035,-1,1
591_00036,45,1
592_00000,9,1
592_00001,9,1
592_00002,-1,1
592_00003,-1,1
592_00004,-1,1
592_00005,-1,1
592_00006,16,1
592_00007,-1,1
592_00008,9,1
592_00009,-1,1
592_00010,-1,1
592_00011,-1,1
592_00012,-1,1
592_00013,-1,1
592_00014,-1,1
592_00015,-1,1
592_00016,4,1
592_00017,-1,1
592_00018,-1,1
592_00019,-1,1
592_00020,-1,1
592_00021,-1,1
592_00022,16,1
592_00023,-1,1
592_00024,-1,1
592_00025,-1,1
592_00026,-1,1
592_00027,-1,1
592_00028,-1,1
592_00029,-1,1
592_00030,-1,1
592_00031,-1,1
592_00032,2,1
592_00033,0,1
594_00000,0,1
594_00001,0,1
594_00002,0,1
594_00003,0,1
594_00004,0,1
594_00005,0,1
594_00006,6,1
594_00007,33,1
594_00008,-1,1
594_00009,0,1
594_00010,0,1
594_00011,-1,1
594_00012,0,1
594_00013,-1,1
594_00014,-1,1
594_00015,0,1
594_00016,0,1
594_00017,-1,1
594_00018,-1,1
594_00019,0,1
594_00020,0,1
594_00021,0,1
594_00022,-1,1
594_00023,0,1
594_00024,0,1
594_00025,0,1
594_00026,-1,1
594_00027,40,1
594_00028,0,1
594_00029,-1,1
594_00030,-1,1
594_00031,0,1
594_00032,-1,1
594_00033,0,1
594_00034,0,1
594_00035,0,1
594_00036,0,1
594_00037,0,1
594_00038,0,1
594_00039,0,1
595_00000,0,1
595_00001,-1,1
595_00002,31,1
595_00003,-1,1
595_00004,-1,1
595_00005,-1,1
595_00006,-1,1
595_00007,23,1
595_00008,-1,1
595_00009,1,1
595_00010,2,1
595_00011,2,1
595_00012,31,1
595_00013,31,1
595_00014,-1,1
595_00015,-1,1
595_00016,4,1
595_00017,-1,1
595_00018,-1,1
595_00019,-1,1
595_00020,-1,1
595_00021,-1,1
595_00022,0,1
595_00023,-1,1
595_00024,1,1
595_00025,40,1
595_00026,-1,1
595_00027,-1,1
595_00028,1,1
595_00029,-1,1
595_00030,-1,1
595_00031,2,1
595_00032,60,1
595_00033,-1,1
595_00034,-1,1
595_00035,-1,1
595_00036,-1,1
595_00037,-1,1
595_00038,1,1
595_00039,31,1
595_00040,-1,1
595_00041,5,1
595_00042,-1,1
595_00043,-1,1
595_00044,-1,1
596_00000,0,1
596_00001,16,1
596_00002,-1,1
596_00003,-1,1
596_00004,-1,1
596_00005,-1,1
596_00006,-1,1
596_00007,-1,1
596_00008,-1,1
596_00009,-1,1
596_00010,-1,1
596_00011,-1,1
596_00012,39,1
596_00013,-1,1
596_00014,-1,1
596_00015,13,1
596_00016,11,1
596_00017,13,1
596_00018,-1,1
596_00019,13,1
596_00020,-1,1
596_00021,-1,1
596_00022,-1,1
596_00023,-1,1
596_00024,-1,1
596_00025,-1,1
596_00026,3,1
596_00027,3,1
596_00028,32,1
596_00029,39,1
596_00030,3,1
596_00031,0,1
600_00000,-1,1
600_00001,-1,1
600_00002,-1,1
600_00003,-1,1
600_00004,-1,1
600_00005,-1,1
600_00006,-1,1
600_00007,-1,1
600_00008,-1,1
600_00009,1,1
600_00010,-1,1
600_00011,43,1
600_00012,-1,1
600_00013,-1,1
600_00014,18,1
600_00015,-1,1
600_00016,18,1
600_00017,-1,1
600_00018,-1,1
600_00019,-1,1
600_00020,1,1
600_00021,1,1
602_00000,-1,1
602_00001,-1,1
602_00002,-1,1
602_00003,-1,1
602_00004,27,1
602_00005,-1,1
602_00006,-1,1
602_00007,-1,1
602_00008,-1,1
602_00009,-1,1
602_00010,-1,1
602_00011,-1,1
602_00012,-1,1
602_00013,4,1
602_00014,-1,1
602_00015,-1,1
602_00016,44,1
602_00017,-1,1
602_00018,-1,1
602_00019,6,1
602_00020,6,1
602_00021,-1,1
602_00022,-1,1
602_00023,-1,1
602_00024,6,1
602_00025,-1,1
602_00026,-1,1
602_00027,-1,1
602_00028,6,1
602_00029,-1,1
602_00030,26,1
602_00031,1,1
602_00032,-1,1
602_00033,13,1
602_00034,13,1
602_00035,-1,1
602_00036,-1,1
602_00037,-1,1
602_00038,-1,1
602_00039,-1,1
602_00040,-1,1
602_00041,-1,1
602_00042,-1,1
602_00043,6,1
602_00044,-1,1
603_00000,28,1
603_00001,-1,1
603_00002,-1,1
603_00003,-1,1
603_00004,-1,1
603_00005,41,1
603_00006,-1,1
603_00007,6,1
603_00008,41,1
603_00009,-1,1
603_00010,-1,1
603_00011,27,1
603_00012,-1,1
603_00013,-1,1
603_00014,28,1
603_00015,-1,1
603_00016,40,1
603_00017,-1,1
603_00018,-1,1
603_00019,6,1
603_00020,-1,1
603_00021,-1,1
603_00022,41,1
603_00023,-1,1
603_00024,-1,1
603_00025,-1,1
603_00026,-1,1
603_00027,11,1
603_00028,-1,1
603_00029,-1,1
603_00030,-1,1
603_00031,40,1
603_00032,-1,1
606_00000,9,1
606_00001,37,1
606_00002,24,1
606_00003,-1,1
606_00004,-1,1
606_00005,-1,1
606_00006,3,1
606_00007,52,1
606_00008,-1,1
606_00009,52,1
606_00010,13,1
606_00011,-1,1
606_00012,-1,1
606_00013,-1,1
606_00014,3,1
606_00015,3,1
606_00016,3,1
606_00017,-1,1
606_00018,-1,1
606_00019,-1,1
606_00020,3,1
606_00021,23,1
606_00022,-1,1
606_00023,-1,1
606_00024,3,1
606_00025,-1,1
606_00026,-1,1
606_00027,-1,1
606_00028,1,1
606_00029,-1,1
606_00030,-1,1
606_00031,1,1
606_00032,1,1
606_00033,-1,1
606_00034,-1,1
606_00035,13,1
606_00036,-1,1
606_00037,-1,1
606_00038,1,1
606_00039,-1,1
606_00040,-1,1
606_00041,-1,1
606_00042,-1,1
606_00043,-1,1
606_00044,-1,1
606_00045,-1,1
606_00046,-1,1
606_00047,-1,1
606_00048,-1,1
606_00049,-1,1
606_00050,26,1
606_00051,-1,1
606_00052,-1,1
608_00000,36,1
608_00001,-1,1
608_00002,-1,1
608_00003,-1,1
608_00004,36,1
608_00005,-1,1
608_00006,-1,1
608_00007,53,1
608_00008,-1,1
608_00009,-1,1
608_00010,25,1
608_00011,-1,1
608_00012,-1,1
608_00013,-1,1
608_00014,-1,1
608_00015,-1,1
608_00016,-1,1
608_00017,-1,1
608_00018,-1,1
608_00019,-1,1
608_00020,1,1
608_00021,-1,1
608_00022,-1,1
608_00023,-1,1
608_00024,-1,1
608_00025,-1,1
608_00026,-1,1
608_00027,-1,1
608_00028,-1,1
608_00029,-1,1
608_00030,2,1
608_00031,-1,1
608_00032,-1,1
608_00033,-1,1
608_00034,-1,1
608_00035,-1,1
608_00036,19,1
608_00037,-1,1
608_00038,-1,1
608_00039,-1,1
608_00040,25,1
608_00041,25,1
608_00042,-1,1
608_00043,37,1
608_00044,-1,1
608_00045,-1,1
608_00046,-1,1
608_00047,-1,1
608_00048,-1,1
608_00049,-1,1
608_00050,-1,1
608_00051,-1,1
608_00052,-1,1
608_00053,25,1
610_00000,36,0
610_00001,-1,0
610_00002,-1,0
610_00003,-1,0
610_00004,-1,0
610_00005,-1,0
610_00006,-1,0
610_00007,-1,0
610_00008,-1,0
610_00009,-1,0
610_00010,-1,0
610_00011,-1,0
610_00012,-1,0
610_00013,-1,0
610_00014,-1,0
610_00015,-1,0
610_00016,-1,0
610_00017,-1,0
610_00018,-1,0
610_00019,-1,0
610_00020,-1,0
610_00021,-1,0
610_00022,-1,0
610_00023,-1,0
610_00024,-1,0
610_00025,-1,0
610_00026,-1,0
610_00027,-1,0
610_00028,-1,0
610_00029,-1,0
610_00030,-1,0
610_00031,-1,0
610_00032,-1,0
610_00033,-1,0
610_00034,-1,0
610_00035,-1,0
610_00036,19,0
610_00037,-1,0
610_00038,-1,0
610_00039,-1,0
610_00040,25,0
610_00041,25,0
610_00042,-1,0
610_00043,-1,0
610_00044,25,0
610_00045,-1,0
610_00046,8,0
610_00047,-1,0
610_00048,-1,0
610_00049,-1,0
610_00050,-1,0
610_00051,-1,0
610_00052,-1,0
610_00053,25,0
611_00000,-1,1
611_00001,-1,1
611_00002,2,1
611_00003,-1,1
611_00004,-1,1
611_00005,2,1
611_00006,2,1
611_00007,2,1
611_00008,2,1
611_00009,2,1
611_00010,2,1
611_00011,2,1
611_00012,2,1
611_00013,2,1
611_00014,-1,1
611_00015,-1,1
611_00016,2,1
611_00017,2,1
611_00018,2,1
611_00019,2,1
611_00020,2,1
611_00021,-1,1
611_00022,-1,1
611_00023,2,1
611_00024,-1,1
611_00025,2,1
611_00026,2,1
611_00027,2,1
611_00028,2,1
611_00029,2,1
611_00030,-1,1
611_00031,2,1
611_00032,-1,1
611_00033,-1,1
611_00034,2,1
611_00035,-1,1
611_00036,-1,1
611_00037,-1,1
611_00038,2,1
611_00039,2,1
611_00040,2,1
611_00041,2,1
611_00042,2,1
611_00043,1,1
611_00044,2,1
611_00045,2,1
611_00046,-1,1
611_00047,-1,1
611_00048,2,1
613_00000,12,0
613_00001,-1,0
613_00002,2,0
613_00003,12,0
613_00004,-1,0
613_00005,2,0
613_00006,2,0
613_00007,2,0
613_00008,2,0
613_00009,2,0
613_00010,-1,0
613_00011,2,0
613_00012,2,0
613_00013,2,0
613_00014,-1,0
613_00015,-1,0
613_00016,2,0
613_00017,2,0
613_00018,2,0
613_00019,-1,0
613_00020,2,0
613_00021,-1,0
613_00022,-1,0
613_00023,-1,0
613_00024,-1,0
613_00025,2,0
613_00026,-1,0
613_00027,2,0
613_00028,2,0
613_00029,2,0
613_00030,2,0
613_00031,-1,0
613_00032,-1,0
613_00033,-1,0
613_00034,2,0
613_00035,-1,0
613_00036,-1,0
613_00037,-1,0
613_00038,-1,0
613_00039,2,0
613_00040,2,0
613_00041,2,0
613_00042,2,0
613_00043,2,0
613_00044,-1,0
613_00045,2,0
613_00046,2,0
613_00047,-1,0
613_00048,-1,0
613_00049,-1,0
614_00000,27,1
614_00001,-1,1
614_00002,-1,1
614_00003,-1,1
614_00004,-1,1
614_00005,-1,1
614_00006,42,1
614_00007,-1,1
614_00008,27,1
614_00009,27,1
614_00010,27,1
614_00011,45,1
614_00012,27,1
614_00013,45,1
614_00014,45,1
614_00015,-1,1
614_00016,45,1
614_00017,45,1
614_00018,27,1
614_00019,45,1
614_00020,-1,1
614_00021,45,1
614_00022,27,1
614_00023,45,1
614_00024,-1,1
614_00025,6,1
614_00026,-1,1
614_00027,-1,1
614_00028,-1,1
614_00029,45,1
614_00030,-1,1
614_00031,-1,1
614_00032,45,1
614_00033,-1,1
614_00034,45,1
614_00035,40,1
616_00000,4,1
616_00001,-1,1
616_00002,-1,1
616_00003,27,1
616_00004,-1,1
616_00005,3,1
616_00006,-1,1
616_00007,3,1
616_00008,-1,1
616_00009,3,1
616_00010,-1,1
616_00011,56,1
616_00012,4,1
616_00013,4,1
616_00014,4,1
616_00015,3,1
616_00016,-1,1
616_00017,52,1
616_00018,3,1
616_00019,3,1
616_00020,16,1
616_00021,3,1
616_00022,-1,1
616_00023,-1,1
616_00024,-1,1
616_00025,3,1
616_00026,3,1
616_00027,3,1
616_00028,3,1
616_00029,23,1
616_00030,3,1
616_00031,-1,1
616_00032,6,1
616_00033,3,1
616_00034,3,1
616_00035,3,1
616_00036,3,1
616_00037,3,1
616_00038,3,1
616_00039,3,1
617_00000,-1,1
617_00001,26,1
617_00002,13,1
617_00003,-1,1
617_00004,-1,1
617_00005,-1,1
617_00006,-1,1
617_00007,-1,1
617_00008,-1,1
617_00009,-1,1
617_00010,-1,1
617_00011,-1,1
617_00012,15,1
617_00013,15,1
617_00014,-1,1
617_00015,-1,1
617_00016,-1,1
617_00017,-1,1
617_00018,-1,1
617_00019,15,1
617_00020,41,1
617_00021,-1,1
617_00022,13,1
623_00000,-1,1
623_00001,-1,1
623_00002,-1,1
623_00003,-1,1
623_00004,-1,1
623_00005,52,1
623_00006,-1,1
623_00007,51,1
623_00008,-1,1
623_00009,-1,1
623_00010,-1,1
623_00011,-1,1
623_00012,11,1
623_00013,0,1
623_00014,0,1
623_00015,-1,1
623_00016,-1,1
623_00017,-1,1
623_00018,-1,1
623_00019,-1,1
623_00020,11,1
623_00021,-1,1
623_00022,-1,1
623_00023,-1,1
623_00024,-1,1
623_00025,-1,1
623_00026,-1,1
623_00027,-1,1
623_00028,29,1
623_00029,-1,1
623_00030,29,1
623_00031,-1,1
623_00032,-1,1
623_00033,29,1
623_00034,29,1
623_00035,-1,1
623_00036,-1,1
623_00037,1,1
623_00038,-1,1
623_00039,29,1
623_00040,0,1
623_00041,-1,1
623_00042,0,1
623_00043,11,1
623_00044,-1,1
623_00045,29,1
623_00046,29,1
623_00047,1,1
623_00048,-1,1
625_00000,-1,0
625_00001,-1,0
625_00002,-1,0
625_00003,-1,0
625_00004,-1,0
625_00005,-1,0
625_00006,-1,0
625_00007,-1,0
625_00008,-1,0
625_00009,-1,0
625_00010,-1,0
625_00011,-1,0
625_00012,-1,0
625_00013,0,0
625_00014,0,0
625_00015,-1,0
625_00016,-1,0
625_00017,-1,0
625_00018,-1,0
625_00019,0,0
625_00020,11,0
625_00021,11,0
625_00022,-1,0
625_00023,-1,0
625_00024,-1,0
625_00025,-1,0
625_00026,-1,0
625_00027,-1,0
625_00028,-1,0
625_00029,-1,0
625_00030,-1,0
625_00031,-1,0
625_00032,-1,0
625_00033,-1,0
625_00034,-1,0
625_00035,1,0
625_00036,-1,0
625_00037,19,0
625_00038,0,0
625_00039,-1,0
625_00040,-1,0
625_00041,-1,0
625_00042,29,0
625_00043,29,0
625_00044,-1,0
625_00045,1,0
628_00000,-1,1
628_00001,-1,1
628_00002,-1,1
628_00003,-1,1
628_00004,6,1
628_00005,-1,1
628_00006,6,1
628_00007,-1,1
628_00008,-1,1
628_00009,32,1
628_00010,-1,1
628_00011,32,1
628_00012,-1,1
628_00013,-1,1
628_00014,-1,1
628_00015,-1,1
628_00016,-1,1
628_00017,44,1
628_00018,-1,1
628_00019,6,1
628_00020,-1,1
628_00021,-1,1
628_00022,6,1
628_00023,-1,1
628_00024,-1,1
628_00025,-1,1
628_00026,-1,1
628_00027,-1,1
628_00028,-1,1
628_00029,27,1
628_00030,27,1
628_00031,6,1
628_00032,6,1
628_00033,6,1
628_00034,-1,1
628_00035,-1,1
628_00036,-1,1
628_00037,-1,1
628_00038,-1,1
628_00039,-1,1
629_00000,-1,1
629_00001,14,1
629_00002,11,1
629_00003,0,1
629_00004,-1,1
629_00005,-1,1
629_00006,-1,1
629_00007,-1,1
629_00008,6,1
629_00009,-1,1
629_00010,23,1
629_00011,-1,1
629_00012,-1,1
629_00013,-1,1
629_00014,-1,1
629_00015,-1,1
629_00016,-1,1
629_00017,-1,1
629_00018,-1,1
629_00019,16,1
629_00020,-1,1
629_00021,14,1
629_00022,-1,1
629_00023,1,1
629_00024,1,1
629_00025,1,1
629_00026,-1,1
629_00027,-1,1
629_00028,-1,1
629_00029,-1,1
629_00030,0,1
630_00000,-1,1
630_00001,-1,1
630_00002,-1,1
630_00003,28,1
630_00004,0,1
630_00005,-1,1
630_00006,-1,1
630_00007,16,1
630_00008,-1,1
630_00009,22,1
630_00010,4,1
630_00011,-1,1
630_00012,-1,1
630_00013,-1,1
630_00014,4,1
630_00015,33,1
630_00016,-1,1
630_00017,-1,1
630_00018,0,1
630_00019,4,1
630_00020,-1,1
630_00021,-1,1
630_00022,-1,1
630_00023,-1,1
630_00024,-1,1
630_00025,-1,1
630_00026,-1,1
630_00027,51,1
631_00000,-1,1
631_00001,12,1
631_00002,-1,1
632_00000,-1,0
632_00001,12,0
634_00000,12,1
634_00001,12,1
634_00002,4,1
635_00000,12,0
635_00001,12,0
635_00002,-1,0
638_00000,-1,1
638_00001,-1,1
638_00002,7,1
638_00003,-1,1
640_00000,-1,1
640_00001,39,1
640_00002,-1,1
640_00003,23,1
640_00004,27,1
640_00005,52,1
640_00006,40,1
640_00007,-1,1
640_00008,26,1
640_00009,1,1
640_00010,-1,1
642_00000,53,1
642_00001,2,1
642_00002,2,1
642_00003,-1,1
642_00004,38,1
642_00005,-1,1
642_00006,53,1
642_00007,4,1
642_00008,-1,1
642_00009,-1,1
642_00010,-1,1
642_00011,-1,1
642_00012,-1,1
642_00013,2,1
642_00014,-1,1
642_00015,2,1
642_00016,-1,1
642_00017,-1,1
642_00018,2,1
642_00019,-1,1
642_00020,-1,1
642_00021,-1,1
642_00022,-1,1
642_00023,-1,1
642_00024,-1,1
642_00025,14,1
642_00026,-1,1
642_00027,-1,1
642_00028,-1,1
642_00029,2,1
642_00030,2,1
642_00031,1,1
642_00032,1,1
642_00033,2,1
642_00034,2,1
642_00035,2,1
642_00036,2,1
642_00037,2,1
642_00038,-1,1
642_00039,2,1
647_00000,-1,1
647_00001,-1,1
647_00002,-1,1
647_00003,0,1
647_00004,0,1
647_00005,0,1
647_00006,0,1
647_00007,-1,1
647_00008,-1,1
647_00009,-1,1
647_00010,-1,1
647_00011,-1,1
647_00012,0,1
647_00013,-1,1
647_00014,-1,1
647_00015,-1,1
647_00016,0,1
647_00017,-1,1
647_00018,-1,1
647_00019,-1,1
647_00020,-1,1
647_00021,25,1
647_00022,-1,1
647_00023,-1,1
647_00024,-1,1
647_00025,-1,1
647_00026,-1,1
647_00027,-1,1
647_00028,-1,1
647_00029,-1,1
647_00030,-1,1
647_00031,-1,1
647_00032,-1,1
649_00000,10,1
649_00001,-1,1
649_00002,10,1
649_00003,0,1
649_00004,-1,1
649_00005,-1,1
649_00006,-1,1
649_00007,19,1
649_00008,-1,1
649_00009,10,1
649_00010,14,1
649_00011,-1,1
649_00012,0,1
649_00013,-1,1
649_00014,-1,1
649_00015,53,1
649_00016,-1,1
649_00017,-1,1
649_00018,25,1
649_00019,-1,1
649_00020,-1,1
649_00021,10,1
649_00022,-1,1
649_00023,0,1
649_00024,-1,1
649_00025,0,1
649_00026,-1,1
649_00027,-1,1
649_00028,-1,1
649_00029,0,1
649_00030,1,1
649_00031,59,1
649_00032,0,1
649_00033,1,1
649_00034,-1,1
649_00035,1,1
649_00036,1,1
651_00000,8,1
651_00001,8,1
651_00002,16,1
651_00003,16,1
651_00004,-1,1
651_00005,-1,1
651_00006,-1,1
651_00007,-1,1
651_00008,-1,1
651_00009,-1,1
651_00010,8,1
651_00011,3,1
651_00012,41,1
651_00013,-1,1
651_00014,3,1
651_00015,-1,1
651_00016,3,1
651_00017,3,1
651_00018,49,1
651_00019,-1,1
651_00020,-1,1
651_00021,8,1
651_00022,-1,1
651_00023,-1,1
651_00024,-1,1
651_00025,41,1
651_00026,26,1
651_00027,-1,1
651_00028,49,1
651_00029,-1,1
651_00030,9,1
651_00031,-1,1
651_00032,9,1
651_00033,30,1
651_00034,-1,1
651_00035,-1,1
653_00000,-1,1
653_00001,-1,1
653_00002,-1,1
653_00003,23,1
653_00004,-1,1
653_00005,-1,1
653_00006,-1,1
653_00007,-1,1
653_00008,-1,1
653_00009,-1,1
653_00010,4,1
653_00011,-1,1
653_00012,53,1
653_00013,0,1
653_00014,-1,1
653_00015,-1,1
653_00016,1,1
653_00017,1,1
653_00018,4,1
653_00019,-1,1
653_00020,-1,1
653_00021,-1,1
653_00022,-1,1
653_00023,-1,1
653_00024,-1,1
653_00025,23,1
653_00026,-1,1
653_00027,-1,1
653_00028,-1,1
653_00029,-1,1
653_00030,-1,1
653_00031,-1,1
653_00032,-1,1
653_00033,-1,1
653_00034,-1,1
653_00035,-1,1
653_00036,-1,1
656_00000,25,1
656_00001,25,1
656_00002,25,1
656_00003,-1,1
656_00004,25,1
656_00005,25,1
656_00006,25,1
656_00007,25,1
656_00008,25,1
656_00009,25,1
656_00010,25,1
656_00011,25,1
656_00012,25,1
656_00013,25,1
656_00014,-1,1
656_00015,25,1
656_00016,25,1
656_00017,25,1
656_00018,-1,1
656_00019,25,1
656_00020,25,1
656_00021,25,1
656_00022,25,1
656_00023,1,1
656_00024,-1,1
656_00025,-1,1
656_00026,-1,1
656_00027,1,1
656_00028,25,1
656_00029,-1,1
656_00030,-1,1
656_00031,-1,1
656_00032,25,1
656_00033,25,1
656_00034,25,1
656_00035,25,1
656_00036,-1,1
656_00037,-1,1
656_00038,25,1
656_00039,-1,1
656_00040,1,1
656_00041,-1,1
657_00000,7,0
657_00001,-1,0
657_00002,7,0
657_00003,-1,0
657_00004,7,0
657_00005,-1,0
657_00006,-1,0
657_00007,-1,0
657_00008,-1,0
657_00009,7,0
657_00010,7,0
657_00011,-1,0
657_00012,-1,0
657_00013,-1,0
657_00014,7,0
657_00015,-1,0
657_00016,7,0
657_00017,35,0
657_00018,35,0
657_00019,-1,0
657_00020,-1,0
657_00021,-1,0
657_00022,4,0
657_00023,-1,0
657_00024,-1,0
657_00025,-1,0
657_00026,7,0
657_00027,37,0
657_00028,19,0
657_00029,-1,0
657_00030,7,0
657_00031,7,0
657_00032,-1,0
657_00033,7,0
657_00034,7,0
657_00035,-1,0
657_00036,-1,0
657_00037,7,0
657_00038,7,0
657_00039,7,0
657_00040,7,0
657_00041,7,0
657_00042,-1,0
657_00043,-1,0
657_00044,4,0
657_00045,7,0
657_00046,7,0
657_00047,7,0
657_00048,7,0
657_00049,7,0
658_00000,7,1
658_00001,4,1
658_00002,7,1
658_00003,-1,1
658_00004,-1,1
658_00005,7,1
658_00006,-1,1
658_00007,7,1
658_00008,-1,1
658_00009,35,1
658_00010,7,1
658_00011,7,1
658_00012,-1,1
658_00013,35,1
658_00014,7,1
658_00015,7,1
658_00016,7,1
658_00017,7,1
658_00018,35,1
658_00019,35,1
658_00020,-1,1
658_00021,7,1
658_00022,-1,1
658_00023,4,1
658_00024,48,1
658_00025,-1,1
658_00026,4,1
658_00027,7,1
658_00028,37,1
658_00029,19,1
658_00030,7,1
658_00031,7,1
658_00032,7,1
658_00033,7,1
658_00034,7,1
658_00035,7,1
658_00036,-1,1
658_00037,-1,1
658_00038,7,1
658_00039,7,1
658_00040,7,1
658_00041,7,1
658_00042,-1,1
658_00043,7,1
658_00044,-1,1
658_00045,-1,1
658_00046,7,1
658_00047,7,1
658_00048,7,1
658_00049,7,1
658_00050,7,1
658_00051,7,1
661_00000,-1,1
661_00001,56,1
661_00002,56,1
661_00003,19,1
663_00000,-1,1
663_00001,9,1
663_00002,-1,1
663_00003,-1,1
663_00004,51,1
663_00005,-1,1
663_00006,11,1
663_00007,-1,1
663_00008,-1,1
663_00009,-1,1
663_00010,-1,1
663_00011,1,1
663_00012,-1,1
663_00013,28,1
663_00014,9,1
663_00015,-1,1
663_00016,-1,1
663_00017,-1,1
663_00018,-1,1
663_00019,-1,1
663_00020,0,1
663_00021,41,1
663_00022,-1,1
663_00023,-1,1
663_00024,-1,1
663_00025,51,1
663_00026,-1,1
663_00027,6,1
663_00028,-1,1
663_00029,-1,1
663_00030,6,1
663_00031,-1,1
663_00032,-1,1
663_00033,1,1
663_00034,-1,1
663_00035,-1,1
665_00000,-1,1
665_00001,-1,1
665_00002,-1,1
665_00003,-1,1
665_00004,-1,1
665_00005,-1,1
665_00006,41,1
665_00007,41,1
665_00008,-1,1
665_00009,4,1
665_00010,-1,1
665_00011,-1,1
665_00012,-1,1
665_00013,-1,1
665_00014,-1,1
665_00015,-1,1
665_00016,46,1
665_00017,-1,1
665_00018,-1,1
665_00019,1,1
665_00020,49,1
665_00021,-1,1
665_00022,-1,1
665_00023,26,1
665_00024,6,1
665_00025,-1,1
665_00026,-1,1
665_00027,-1,1
665_00028,30,1
665_00029,44,1
665_00030,44,1
665_00031,-1,1
665_00032,-1,1
665_00033,-1,1
665_00034,-1,1
666_00000,-1,1
666_00001,-1,1
666_00002,53,1
666_00003,-1,1
666_00004,-1,1
666_00005,53,1
666_00006,-1,1
666_00007,-1,1
666_00008,7,1
666_00009,-1,1
666_00010,-1,1
666_00011,-1,1
666_00012,-1,1
666_00013,-1,1
666_00014,-1,1
666_00015,-1,1
666_00016,-1,1
666_00017,50,1
666_00018,3,1
666_00019,-1,1
666_00020,-1,1
666_00021,-1,1
666_00022,-1,1
666_00023,-1,1
666_00024,-1,1
666_00025,-1,1
666_00026,-1,1
666_00027,-1,1
666_00028,-1,1
666_00029,-1,1
666_00030,-1,1
666_00031,-1,1
666_00032,-1,1
666_00033,-1,1
666_00034,-1,1
666_00035,-1,1
672_00000,45,1
672_00001,-1,1
672_00002,-1,1
672_00003,-1,1
672_00004,-1,1
672_00005,-1,1
672_00006,-1,1
672_00007,-1,1
672_00008,33,1
672_00009,33,1
672_00010,-1,1
672_00011,3,1
672_00012,-1,1
672_00013,-1,1
672_00014,-1,1
672_00015,-1,1
672_00016,-1,1
672_00017,-1,1
672_00018,-1,1
672_00019,-1,1
672_00020,21,1
672_00021,13,1
672_00022,13,1
672_00023,-1,1
672_00024,1,1
672_00025,-1,1
672_00026,-1,1
672_00027,-1,1
672_00028,11,1
672_00029,13,1
672_00030,13,1
672_00031,-1,1
672_00032,1,1
673_00000,9,1
673_00001,-1,1
673_00002,0,1
673_00003,1,1
673_00004,1,1
673_00005,1,1
673_00006,-1,1
673_00007,-1,1
673_00008,-1,1
673_00009,-1,1
673_00010,-1,1
673_00011,-1,1
673_00012,-1,1
673_00013,0,1
673_00014,-1,1
673_00015,-1,1
673_00016,-1,1
673_00017,-1,1
673_00018,1,1
673_00019,-1,1
673_00020,-1,1
673_00021,1,1
673_00022,4,1
673_00023,-1,1
673_00024,1,1
673_00025,-1,1
673_00026,-1,1
673_00027,-1,1
673_00028,-1,1
673_00029,-1,1
673_00030,1,1
673_00031,-1,1
673_00032,-1,1
673_00033,-1,1
673_00034,-1,1
675_00000,22,1
675_00001,22,1
675_00002,22,1
675_00003,22,1
675_00004,22,1
675_00005,22,1
675_00006,22,1
675_00007,22,1
675_00008,22,1
675_00009,22,1
675_00010,22,1
675_00011,22,1
675_00012,22,1
675_00013,-1,1
675_00014,22,1
675_00015,56,1
675_00016,-1,1
675_00017,22,1
675_00018,22,1
675_00019,4,1
675_00020,-1,1
675_00021,-1,1
675_00022,-1,1
675_00023,22,1
675_00024,3,1
675_00025,-1,1
675_00026,-1,1
675_00027,22,1
675_00028,-1,1
675_00029,-1,1
675_00030,22,1
675_00031,22,1
675_00032,22,1
675_00033,22,1
675_00034,22,1
675_00035,-1,1
675_00036,22,1
675_00037,22,1
675_00038,22,1
675_00039,22,1
679_00000,12,1
679_00001,2,1
679_00002,-1,1
679_00003,-1,1
679_00004,-1,1
679_00005,-1,1
679_00006,19,1
680_00000,-1,1
681_00000,-1,1
681_00001,35,1
681_00002,35,1
681_00003,-1,1
681_00004,-1,1
681_00005,9,1
681_00006,44,1
681_00007,9,1
681_00008,9,1
681_00009,19,1
681_00010,6,1
681_00011,16,1
681_00012,9,1
681_00013,19,1
681_00014,19,1
681_00015,19,1
681_00016,-1,1
681_00017,9,1
681_00018,-1,1
681_00019,-1,1
681_00020,37,1
681_00021,37,1
681_00022,37,1
681_00023,-1,1
681_00024,-1,1
682_00000,12,1
682_00001,12,1
683_00000,9,1
683_00001,-1,1
683_00002,6,1
683_00003,-1,1
683_00004,-1,1
683_00005,-1,1
683_00006,-1,1
683_00007,6,1
683_00008,-1,1
683_00009,-1,1
683_00010,-1,1
683_00011,6,1
683_00012,-1,1
683_00013,45,1
683_00014,49,1
683_00015,-1,1
683_00016,-1,1
683_00017,13,1
683_00018,16,1
683_00019,45,1
683_00020,8,1
683_00021,8,1
683_00022,-1,1
683_00023,-1,1
683_00024,27,1
683_00025,45,1
683_00026,-1,1
683_00027,45,1
683_00028,6,1
683_00029,8,1
683_00030,-1,1
683_00031,-1,1
683_00032,45,1
683_00033,-1,1
683_00034,-1,1
683_00035,-1,1
683_00036,45,1
683_00037,45,1
683_00038,45,1
683_00039,1,1
683_00040,45,1
683_00041,-1,1
686_00000,-1,1
686_00001,-1,1
686_00002,-1,1
686_00003,-1,1
686_00004,-1,1
686_00005,-1,1
686_00006,-1,1
686_00007,-1,1
686_00008,-1,1
686_00009,-1,1
686_00010,1,1
686_00011,-1,1
686_00012,-1,1
686_00013,40,1
686_00014,1,1
686_00015,-1,1
686_00016,-1,1
686_00017,-1,1
686_00018,-1,1
686_00019,1,1
686_00020,1,1
686_00021,-1,1
686_00022,-1,1
686_00023,-1,1
686_00024,-1,1
686_00025,-1,1
686_00026,-1,1
686_00027,1,1
686_00028,1,1
686_00029,-1,1
686_00030,-1,1
686_00031,-1,1
686_00032,1,1
686_00033,-1,1
686_00034,-1,1
686_00035,3,1
686_00036,-1,1
686_00037,-1,1
686_00038,1,1
686_00039,1,1
686_00040,1,1
687_00000,12,1
687_00001,12,1
687_00002,12,1
687_00003,12,1
687_00004,12,1
687_00005,12,1
687_00006,38,1
687_00007,12,1
687_00008,12,1
687_00009,-1,1
687_00010,-1,1
687_00011,-1,1
687_00012,-1,1
687_00013,-1,1
687_00014,-1,1
687_00015,12,1
687_00016,12,1
687_00017,12,1
687_00018,12,1
687_00019,12,1
687_00020,12,1
687_00021,12,1
687_00022,12,1
687_00023,12,1
687_00024,-1,1
687_00025,14,1
687_00026,-1,1
687_00027,12,1
687_00028,12,1
687_00029,12,1
687_00030,14,1
687_00031,12,1
687_00032,12,1
687_00033,12,1
687_00034,12,1
687_00035,12,1
688_00000,-1,1
688_00001,-1,1
688_00002,-1,1
688_00003,-1,1
688_00004,-1,1
688_00005,-1,1
690_00000,36,1
690_00001,2,1
690_00002,2,1
690_00003,2,1
690_00004,2,1
690_00005,2,1
690_00006,2,1
690_00007,2,1
690_00008,2,1
690_00009,2,1
690_00010,-1,1
690_00011,2,1
690_00012,-1,1
690_00013,-1,1
690_00014,-1,1
690_00015,2,1
690_00016,2,1
690_00017,2,1
690_00018,2,1
690_00019,2,1
690_00020,2,1
690_00021,-1,1
690_00022,-1,1
690_00023,2,1
690_00024,2,1
690_00025,2,1
690_00026,2,1
690_00027,2,1
690_00028,-1,1
690_00029,2,1
690_00030,2,1
690_00031,2,1
690_00032,2,1
690_00033,2,1
690_00034,2,1
690_00035,2,1
690_00036,2,1
690_00037,2,1
690_00038,2,1
690_00039,2,1
690_00040,2,1
690_00041,2,1
690_00042,2,1
690_00043,2,1
690_00044,2,1
690_00045,2,1
690_00046,2,1
690_00047,2,1
690_00048,2,1
690_00049,2,1
690_00050,2,1
690_00051,2,1
690_00052,2,1
690_00053,2,1
690_00054,2,1
690_00055,2,1
690_00056,2,1
691_00000,36,0
691_00001,2,0
691_00002,2,0
691_00003,2,0
691_00004,2,0
691_00005,16,0
691_00006,-1,0
691_00007,-1,0
691_00008,2,0
691_00009,2,0
691_00010,2,0
691_00011,2,0
691_00012,-1,0
691_00013,2,0
691_00014,2,0
691_00015,2,0
691_00016,2,0
691_00017,2,0
691_00018,2,0
691_00019,2,0
691_00020,2,0
691_00021,2,0
691_00022,2,0
691_00023,2,0
691_00024,2,0
691_00025,2,0
691_00026,2,0
691_00027,2,0
691_00028,2,0
691_00029,2,0
691_00030,2,0
691_00031,2,0
691_00032,2,0
691_00033,2,0
691_00034,2,0
691_00035,2,0
691_00036,2,0
695_00000,16,1
695_00001,-1,1
695_00002,-1,1
695_00003,-1,1
695_00004,4,1
695_00005,8,1
695_00006,8,1
695_00007,-1,1
695_00008,-1,1
695_00009,-1,1
695_00010,-1,1
695_00011,-1,1
695_00012,-1,1
695_00013,-1,1
695_00014,-1,1
695_00015,-1,1
695_00016,-1,1
695_00017,8,1
695_00018,8,1
695_00019,8,1
695_00020,-1,1
695_00021,39,1
695_00022,-1,1
695_00023,27,1
695_00024,-1,1
695_00025,4,1
695_00026,-1,1
695_00027,-1,1
695_00028,8,1
695_00029,8,1
695_00030,8,1
695_00031,-1,1
695_00032,-1,1
695_00033,-1,1
695_00034,-1,1
695_00035,-1,1
695_00036,8,1
695_00037,8,1
695_00038,-1,1
695_00039,8,1
695_00040,-1,1
695_00041,-1,1
695_00042,27,1
695_00043,-1,1
695_00044,-1,1
696_00000,9,1
696_00001,-1,1
696_00002,57,1
696_00003,6,1
696_00004,-1,1
696_00005,-1,1
696_00006,-1,1
696_00007,-1,1
696_00008,-1,1
696_00009,-1,1
696_00010,-1,1
696_00011,-1,1
696_00012,-1,1
696_00013,-1,1
696_00014,49,1
696_00015,28,1
696_00016,-1,1
696_00017,-1,1
696_00018,-1,1
696_00019,-1,1
696_00020,-1,1
696_00021,-1,1
696_00022,-1,1
696_00023,-1,1
696_00024,-1,1
696_00025,-1,1
696_00026,6,1
696_00027,-1,1
696_00028,-1,1
696_00029,-1,1
696_00030,-1,1
696_00031,-1,1
696_00032,-1,1
696_00033,-1,1
696_00034,-1,1
696_00035,-1,1
696_00036,-1,1
696_00037,-1,1
696_00038,8,1
696_00039,8,1
696_00040,8,1
696_00041,-1,1
696_00042,-1,1
696_00043,-1,1
696_00044,-1,1
696_00045,-1,1
696_00046,-1,1
697_00000,-1,1
697_00001,-1,1
697_00002,-1,1
697_00003,-1,1
697_00004,8,1
697_00005,13,1
697_00006,8,1
697_00007,8,1
697_00008,28,1
697_00009,28,1
697_00010,-1,1
697_00011,-1,1
697_00012,-1,1
697_00013,-1,1
697_00014,-1,1
697_00015,28,1
697_00016,-1,1
697_00017,-1,1
697_00018,-1,1
697_00019,1,1
697_00020,-1,1
697_00021,-1,1
697_00022,-1,1
697_00023,-1,1
697_00024,32,1
697_00025,-1,1
697_00026,13,1
697_00027,13,1
697_00028,11,1
697_00029,28,1
697_00030,-1,1
697_00031,-1,1
698_00000,57,1
698_00001,-1,1
698_00002,57,1
698_00003,-1,1
698_00004,-1,1
698_00005,-1,1
698_00006,-1,1
698_00007,57,1
698_00008,-1,1
698_00009,8,1
698_00010,8,1
698_00011,-1,1
698_00012,-1,1
698_00013,1,1
698_00014,-1,1
698_00015,23,1
698_00016,-1,1
698_00017,-1,1
698_00018,-1,1
698_00019,-1,1
698_00020,-1,1
698_00021,-1,1
698_00022,-1,1
698_00023,47,1
698_00024,-1,1
698_00025,-1,1
698_00026,-1,1
698_00027,-1,1
698_00028,1,1
698_00029,-1,1
698_00030,-1,1
698_00031,1,1
698_00032,-1,1
698_00033,-1,1
698_00034,1,1
698_00035,-1,1
698_00036,1,1
698_00037,-1,1
699_00000,-1,1
699_00001,-1,1
699_00002,-1,1
699_00003,-1,1
699_00004,16,1
699_00005,-1,1
699_00006,-1,1
699_00007,40,1
699_00008,-1,1
699_00009,-1,1
699_00010,-1,1
699_00011,-1,1
699_00012,-1,1
699_00013,-1,1
699_00014,11,1
699_00015,-1,1
699_00016,-1,1
699_00017,-1,1
699_00018,-1,1
699_00019,-1,1
699_00020,-1,1
699_00021,11,1
699_00022,-1,1
699_00023,-1,1
699_00024,-1,1
699_00025,-1,1
699_00026,-1,1
699_00027,57,1
699_00028,-1,1
699_00029,-1,1
699_00030,49,1
699_00031,11,1
699_00032,1,1
699_00033,1,1
699_00034,-1,1
699_00035,-1,1
699_00036,57,1
699_00037,57,1
699_00038,1,1
699_00039,-1,1
699_00040,-1,1
699_00041,-1,1
699_00042,-1,1
700_00000,12,1
700_00001,-1,1
700_00002,19,1
700_00003,19,1
700_00004,19,1
701_00000,-1,1
701_00001,-1,1
701_00002,-1,1
701_00003,-1,1
701_00004,3,1
701_00005,8,1
701_00006,3,1
701_00007,3,1
701_00008,3,1
701_00009,41,1
701_00010,-1,1
701_00011,-1,1
701_00012,-1,1
701_00013,-1,1
701_00014,-1,1
701_00015,-1,1
701_00016,3,1
701_00017,-1,1
701_00018,-1,1
701_00019,-1,1
701_00020,3,1
701_00021,3,1
701_00022,-1,1
701_00023,-1,1
701_00024,-1,1
701_00025,6,1
701_00026,-1,1
701_00027,3,1
701_00028,16,1
701_00029,3,1
701_00030,32,1
701_00031,16,1
701_00032,19,1
701_00033,16,1
701_00034,3,1
701_00035,-1,1
701_00036,-1,1
701_00037,3,1
701_00038,-1,1
701_00039,-1,1
701_00040,-1,1
701_00041,3,1
701_00042,-1,1
701_00043,-1,1
701_00044,41,1
701_00045,-1,1
701_00046,-1,1
701_00047,-1,1
701_00048,-1,1
701_00049,6,1
701_00050,-1,1
701_00051,6,1
701_00052,42,1
702_00000,9,0
702_00001,-1,0
702_00002,-1,0
702_00003,3,0
702_00004,3,0
702_00005,3,0
702_00006,3,0
702_00007,3,0
702_00008,3,0
702_00009,-1,0
702_00010,-1,0
702_00011,-1,0
702_00012,-1,0
702_00013,-1,0
702_00014,-1,0
702_00015,-1,0
702_00016,3,0
702_00017,-1,0
702_00018,-1,0
702_00019,-1,0
702_00020,3,0
702_00021,3,0
702_00022,3,0
702_00023,-1,0
702_00024,-1,0
702_00025,-1,0
702_00026,-1,0
702_00027,-1,0
702_00028,-1,0
702_00029,-1,0
702_00030,3,0
702_00031,3,0
702_00032,-1,0
702_00033,-1,0
702_00034,-1,0
702_00035,-1,0
702_00036,27,0
702_00037,-1,0
702_00038,-1,0
702_00039,42,0
704_00000,9,1
704_00001,35,1
704_00002,16,1
704_00003,-1,1
704_00004,-1,1
704_00005,58,1
704_00006,-1,1
704_00007,8,1
704_00008,-1,1
704_00009,-1,1
704_00010,-1,1
704_00011,-1,1
704_00012,-1,1
704_00013,9,1
704_00014,27,1
704_00015,58,1
704_00016,-1,1
704_00017,16,1
704_00018,13,1
704_00019,-1,1
704_00020,-1,1
704_00021,-1,1
704_00022,58,1
704_00023,58,1
704_00024,-1,1
704_00025,-1,1
704_00026,28,1
704_00027,-1,1
704_00028,58,1
704_00029,58,1
704_00030,-1,1
704_00031,-1,1
704_00032,-1,1
704_00033,-1,1
704_00034,8,1
704_00035,-1,1
704_00036,-1,1
704_00037,3,1
704_00038,-1,1
704_00039,-1,1
704_00040,58,1
704_00041,46,1
704_00042,41,1
704_00043,58,1
704_00044,58,1
704_00045,-1,1
704_00046,58,1
704_00047,58,1
704_00048,58,1
704_00049,-1,1
704_00050,-1,1
704_00051,-1,1
704_00052,-1,1
704_00053,-1,1
704_00054,-1,1
704_00055,-1,1
704_00056,3,1
704_00057,3,1
705_00000,9,0
705_00001,-1,0
705_00002,27,0
705_00003,-1,0
705_00004,-1,0
705_00005,-1,0
705_00006,-1,0
705_00007,-1,0
705_00008,-1,0
705_00009,-1,0
705_00010,-1,0
705_00011,9,0
705_00012,27,0
705_00013,58,0
705_00014,-1,0
705_00015,16,0
705_00016,13,0
705_00017,-1,0
705_00018,-1,0
705_00019,-1,0
705_00020,58,0
705_00021,-1,0
705_00022,-1,0
705_00023,49,0
705_00024,-1,0
705_00025,-1,0
705_00026,-1,0
705_00027,-1,0
705_00028,-1,0
705_00029,8,0
705_00030,49,0
705_00031,3,0
705_00032,-1,0
705_00033,27,0
705_00034,58,0
705_00035,46,0
705_00036,-1,0
705_00037,58,0
705_00038,46,0
705_00039,-1,0
705_00040,-1,0
705_00041,-1,0
705_00042,58,0
705_00043,16,0
705_00044,3,0
705_00045,-1,0
705_00046,-1,0
705_00047,-1,0
705_00048,-1,0
705_00049,-1,0
705_00050,3,0
705_00051,3,0
707_00000,9,1
707_00001,26,1
707_00002,26,1
707_00003,-1,1
707_00004,-1,1
707_00005,-1,1
707_00006,25,1
707_00007,-1,1
707_00008,-1,1
707_00009,26,1
707_00010,15,1
707_00011,-1,1
707_00012,-1,1
707_00013,24,1
707_00014,26,1
707_00015,6,1
707_00016,6,1
707_00017,6,1
707_00018,-1,1
707_00019,-1,1
707_00020,-1,1
707_00021,5,1
707_00022,-1,1
707_00023,-1,1
707_00024,6,1
707_00025,5,1
707_00026,0,1
707_00027,-1,1
707_00028,-1,1
707_00029,26,1
707_00030,-1,1
707_00031,-1,1
707_00032,-1,1
707_00033,-1,1
707_00034,15,1
707_00035,15,1
707_00036,15,1
707_00037,15,1
707_00038,15,1
707_00039,26,1
707_00040,26,1
707_00041,26,1
707_00042,-1,1
707_00043,26,1
708_00000,-1,1
708_00001,-1,1
708_00002,23,1
708_00003,23,1
708_00004,-1,1
708_00005,0,1
708_00006,0,1
708_00007,0,1
708_00008,-1,1
708_00009,0,1
708_00010,-1,1
708_00011,3,1
708_00012,24,1
708_00013,0,1
708_00014,0,1
708_00015,6,1
708_00016,-1,1
708_00017,-1,1
708_00018,0,1
708_00019,-1,1
708_00020,0,1
708_00021,5,1
708_00022,0,1
708_00023,47,1
708_00024,-1,1
708_00025,0,1
708_00026,0,1
708_00027,-1,1
708_00028,-1,1
708_00029,31,1
708_00030,0,1
708_00031,0,1
708_00032,-1,1
708_00033,0,1
708_00034,-1,1
708_00035,-1,1
708_00036,1,1
708_00037,0,1
708_00038,26,1
708_00039,0,1
708_00040,0,1
708_00041,0,1
708_00042,1,1
708_00043,1,1
708_00044,1,1
708_00045,1,1
708_00046,0,1
708_00047,-1,1
708_00048,-1,1
710_00000,25,1
710_00001,-1,1
710_00002,-1,1
710_00003,-1,1
710_00004,-1,1
710_00005,9,1
710_00006,1,1
710_00007,-1,1
710_00008,-1,1
710_00009,-1,1
710_00010,60,1
710_00011,-1,1
710_00012,-1,1
710_00013,-1,1
710_00014,-1,1
710_00015,-1,1
710_00016,40,1
710_00017,-1,1
710_00018,-1,1
710_00019,50,1
710_00020,18,1
710_00021,2,1
710_00022,-1,1
710_00023,23,1
710_00024,25,1
710_00025,-1,1
710_00026,1,1
710_00027,-1,1
710_00028,-1,1
710_00029,40,1
710_00030,5,1
710_00031,11,1
710_00032,-1,1
710_00033,-1,1
710_00034,-1,1
710_00035,-1,1
710_00036,-1,1
710_00037,1,1
710_00038,-1,1
712_00000,12,1
712_00001,12,1
712_00002,12,1
717_00000,-1,1
717_00001,19,1
717_00002,19,1
717_00003,-1,1
717_00004,-1,1
717_00005,-1,1
717_00006,-1,1
717_00007,-1,1
719_00000,20,1
719_00001,20,1
719_00002,20,1
719_00003,20,1
719_00004,20,1
719_00005,20,1
719_00006,-1,1
719_00007,-1,1
719_00008,20,1
719_00009,-1,1
719_00010,-1,1
719_00011,-1,1
719_00012,-1,1
719_00013,20,1
719_00014,-1,1
719_00015,-1,1
719_00016,20,1
719_00017,-1,1
719_00018,-1,1
719_00019,-1,1
719_00020,56,1
719_00021,-1,1
719_00022,-1,1
719_00023,-1,1
719_00024,20,1
719_00025,-1,1
719_00026,12,1
719_00027,24,1
719_00028,-1,1
719_00029,24,1
719_00030,12,1
719_00031,12,1
719_00032,20,1
719_00033,20,1
719_00034,20,1
719_00035,20,1
719_00036,20,1
719_00037,20,1
719_00038,20,1
719_00039,20,1
720_00000,25,1
720_00001,-1,1
720_00002,14,1
720_00003,-1,1
720_00004,-1,1
720_00005,-1,1
720_00006,-1,1
720_00007,1,1
720_00008,-1,1
720_00009,7,1
720_00010,-1,1
720_00011,11,1
720_00012,2,1
720_00013,-1,1
720_00014,-1,1
720_00015,-1,1
720_00016,-1,1
720_00017,1,1
720_00018,62,1
720_00019,37,1
720_00020,-1,1
720_00021,-1,1
720_00022,-1,1
720_00023,-1,1
720_00024,-1,1
720_00025,-1,1
720_00026,-1,1
720_00027,-1,1
720_00028,-1,1
720_00029,-1,1
720_00030,35,1
720_00031,-1,1
720_00032,-1,1
720_00033,-1,1
720_00034,-1,1
720_00035,-1,1
720_00036,-1,1
720_00037,1,1
720_00038,2,1
720_00039,-1,1
720_00040,-1,1
720_00041,-1,1
720_00042,-1,1
720_00043,53,1
720_00044,2,1
720_00045,-1,1
720_00046,-1,1
720_00047,-1,1
720_00048,-1,1
720_00049,-1,1
720_00050,-1,1
720_00051,-1,1
720_00052,7,1
720_00053,-1,1
720_00054,1,1
720_00055,-1,1
720_00056,-1,1
720_00057,-1,1
720_00058,-1,1
720_00059,7,1
720_00060,7,1
720_00061,7,1
720_00062,7,1
720_00063,7,1
720_00064,-1,1
720_00065,-1,1
720_00066,-1,1
721_00000,-1,1
721_00001,-1,1
721_00002,-1,1
721_00003,-1,1
721_00004,-1,1
721_00005,-1,1
721_00006,-1,1
721_00007,-1,1
721_00008,45,1
721_00009,-1,1
721_00010,-1,1
721_00011,-1,1
721_00012,23,1
721_00013,-1,1
721_00014,-1,1
721_00015,48,1
721_00016,-1,1
721_00017,-1,1
721_00018,1,1
721_00019,4,1
721_00020,4,1
721_00021,-1,1
721_00022,-1,1
721_00023,-1,1
721_00024,1,1
721_00025,1,1
721_00026,1,1
721_00027,1,1
721_00028,-1,1
721_00029,-1,1
721_00030,-1,1
721_00031,-1,1
721_00032,1,1
721_00033,-1,1
721_00034,-1,1
721_00035,-1,1
721_00036,-1,1
721_00037,1,1
721_00038,-1,1
721_00039,23,1
724_00000,9,1
724_00001,-1,1
724_00002,-1,1
724_00003,-1,1
724_00004,-1,1
724_00005,-1,1
724_00006,13,1
724_00007,13,1
724_00008,-1,1
724_00009,-1,1
724_00010,33,1
724_00011,13,1
724_00012,-1,1
724_00013,-1,1
724_00014,13,1
724_00015,13,1
724_00016,13,1
724_00017,-1,1
724_00018,-1,1
724_00019,4,1
724_00020,13,1
724_00021,13,1
724_00022,13,1
724_00023,-1,1
724_00024,13,1
724_00025,13,1
724_00026,-1,1
724_00027,-1,1
724_00028,-1,1
724_00029,13,1
724_00030,-1,1
724_00031,-1,1
724_00032,1,1
724_00033,1,1
724_00034,-1,1
724_00035,44,1
724_00036,-1,1
724_00037,8,1
724_00038,8,1
724_00039,-1,1
724_00040,-1,1
724_00041,-1,1
727_00000,-1,1
727_00001,-1,1
727_00002,-1,1
727_00003,-1,1
728_00000,24,1
728_00001,-1,1
728_00002,-1,1
728_00003,12,1
730_00000,-1,1
730_00001,-1,1
730_00002,16,1
730_00003,-1,1
730_00004,6,1
730_00005,-1,1
730_00006,-1,1
730_00007,-1,1
730_00008,-1,1
730_00009,11,1
730_00010,11,1
730_00011,-1,1
730_00012,-1,1
730_00013,19,1
730_00014,-1,1
730_00015,-1,1
730_00016,-1,1
730_00017,-1,1
730_00018,-1,1
730_00019,6,1
730_00020,-1,1
730_00021,5,1
730_00022,-1,1
730_00023,-1,1
730_00024,-1,1
730_00025,-1,1
730_00026,5,1
730_00027,-1,1
730_00028,-1,1
730_00029,-1,1
730_00030,-1,1
730_00031,33,1
730_00032,-1,1
730_00033,-1,1
731_00000,-1,1
731_00001,-1,1
731_00002,-1,1
732_00000,-1,1
732_00001,-1,1
732_00002,-1,1
732_00003,-1,1
732_00004,27,1
732_00005,11,1
732_00006,-1,1
732_00007,-1,1
732_00008,-1,1
732_00009,11,1
732_00010,11,1
732_00011,-1,1
732_00012,-1,1
732_00013,-1,1
732_00014,42,1
732_00015,-1,1
732_00016,-1,1
732_00017,-1,1
732_00018,11,1
732_00019,11,1
732_00020,1,1
732_00021,-1,1
732_00022,-1,1
732_00023,-1,1
732_00024,-1,1
732_00025,11,1
732_00026,6,1
732_00027,47,1
732_00028,-1,1
732_00029,11,1
732_00030,11,1
732_00031,-1,1
732_00032,-1,1
732_00033,-1,1
732_00034,-1,1
732_00035,62,1
732_00036,62,1
732_00037,62,1
732_00038,28,1
732_00039,45,1
732_00040,45,1
732_00041,-1,1
732_00042,45,1
732_00043,28,1
732_00044,-1,1
732_00045,28,1
732_00046,-1,1
736_00000,-1,1
736_00001,-1,1
736_00002,4,1
736_00003,1,1
736_00004,-1,1
736_00005,-1,1
736_00006,-1,1
736_00007,-1,1
736_00008,4,1
736_00009,-1,1
736_00010,-1,1
736_00011,-1,1
736_00012,-1,1
736_00013,-1,1
736_00014,-1,1
736_00015,-1,1
736_00016,-1,1
736_00017,-1,1
736_00018,-1,1
736_00019,-1,1
736_00020,-1,1
736_00021,4,1
736_00022,-1,1
736_00023,-1,1
736_00024,-1,1
736_00025,-1,1
736_00026,-1,1
736_00027,-1,1
736_00028,-1,1
736_00029,-1,1
736_00030,-1,1
738_00000,-1,1
738_00001,-1,1
738_00002,-1,1
739_00000,-1,0
739_00001,-1,0
739_00002,-1,0
740_00000,-1,1
740_00001,18,1
740_00002,18,1
740_00003,40,1
740_00004,38,1
740_00005,-1,1
740_00006,-1,1
740_00007,-1,1
740_00008,38,1
740_00009,-1,1
740_00010,-1,1
740_00011,55,1
740_00012,55,1
740_00013,-1,1
740_00014,-1,1
740_00015,-1,1
740_00016,56,1
740_00017,-1,1
740_00018,-1,1
740_00019,2,1
740_00020,56,1
740_00021,52,1
740_00022,-1,1
740_00023,-1,1
740_00024,-1,1
740_00025,-1,1
740_00026,-1,1
740_00027,-1,1
740_00028,-1,1
740_00029,-1,1
740_00030,2,1
740_00031,-1,1
741_00000,0,1
741_00001,-1,1
741_00002,-1,1
741_00003,-1,1
741_00004,-1,1
741_00005,14,1
741_00006,-1,1
741_00007,-1,1
741_00008,-1,1
741_00009,0,1
741_00010,-1,1
741_00011,-1,1
741_00012,14,1
741_00013,0,1
741_00014,21,1
741_00015,45,1
741_00016,14,1
741_00017,-1,1
741_00018,-1,1
741_00019,-1,1
741_00020,-1,1
741_00021,0,1
741_00022,0,1
741_00023,-1,1
741_00024,0,1
741_00025,-1,1
741_00026,11,1
741_00027,-1,1
741_00028,0,1
741_00029,-1,1
741_00030,0,1
741_00031,6,1
741_00032,-1,1
741_00033,-1,1
741_00034,-1,1
741_00035,-1,1
741_00036,-1,1
741_00037,-1,1
741_00038,-1,1
741_00039,-1,1
741_00040,-1,1
744_00000,-1,1
744_00001,-1,1
744_00002,42,1
744_00003,-1,1
744_00004,-1,1
744_00005,-1,1
744_00006,-1,1
744_00007,-1,1
744_00008,-1,1
744_00009,-1,1
744_00010,42,1
744_00011,60,1
744_00012,-1,1
744_00013,-1,1
744_00014,-1,1
744_00015,10,1
744_00016,-1,1
744_00017,-1,1
744_00018,10,1
744_00019,10,1
744_00020,-1,1
744_00021,-1,1
744_00022,57,1
744_00023,10,1
744_00024,60,1
744_00025,-1,1
744_00026,-1,1
744_00027,-1,1
744_00028,-1,1
744_00029,-1,1
744_00030,60,1
745_00000,-1,1
745_00001,-1,1
745_00002,11,1
745_00003,-1,1
745_00004,-1,1
745_00005,-1,1
745_00006,-1,1
745_00007,-1,1
745_00008,-1,1
745_00009,-1,1
745_00010,-1,1
745_00011,-1,1
745_00012,6,1
745_00013,-1,1
745_00014,-1,1
745_00015,11,1
745_00016,-1,1
745_00017,-1,1
745_00018,-1,1
745_00019,-1,1
745_00020,-1,1
745_00021,6,1
745_00022,6,1
745_00023,-1,1
745_00024,16,1
745_00025,-1,1
745_00026,-1,1
745_00027,-1,1
745_00028,-1,1
745_00029,1,1
745_00030,-1,1
745_00031,-1,1
745_00032,-1,1
745_00033,-1,1
745_00034,-1,1
745_00035,-1,1
745_00036,-1,1
745_00037,-1,1
745_00038,-1,1
745_00039,33,1
745_00040,1,1
745_00041,-1,1
745_00042,6,1
749_00000,46,1
749_00001,46,1
749_00002,46,1
749_00003,46,1
750_00000,-1,1
750_00001,-1,1
750_00002,18,1
750_00003,15,1
751_00000,9,1
751_00001,-1,1
751_00002,-1,1
751_00003,-1,1
751_00004,-1,1
751_00005,-1,1
751_00006,-1,1
751_00007,13,1
751_00008,-1,1
751_00009,8,1
751_00010,-1,1
751_00011,57,1
751_00012,8,1
751_00013,-1,1
751_00014,-1,1
751_00015,-1,1
751_00016,10,1
751_00017,10,1
751_00018,-1,1
751_00019,-1,1
751_00020,17,1
751_00021,17,1
751_00022,-1,1
751_00023,17,1
751_00024,-1,1
751_00025,-1,1
751_00026,-1,1
751_00027,17,1
751_00028,-1,1
751_00029,-1,1
751_00030,-1,1
751_00031,-1,1
751_00032,-1,1
751_00033,17,1
751_00034,-1,1
751_00035,-1,1
751_00036,-1,1
751_00037,17,1
751_00038,-1,1
751_00039,17,1
751_00040,17,1
751_00041,-1,1
751_00042,-1,1
751_00043,-1,1
753_00000,-1,1
753_00001,11,1
753_00002,-1,1
753_00003,-1,1
753_00004,16,1
753_00005,16,1
753_00006,52,1
753_00007,-1,1
753_00008,-1,1
753_00009,16,1
753_00010,-1,1
753_00011,7,1
753_00012,8,1
753_00013,-1,1
753_00014,45,1
753_00015,8,1
753_00016,-1,1
753_00017,-1,1
753_00018,-1,1
753_00019,1,1
753_00020,49,1
753_00021,16,1
753_00022,8,1
753_00023,8,1
753_00024,8,1
753_00025,-1,1
753_00026,41,1
753_00027,-1,1
753_00028,-1,1
753_00029,-1,1
753_00030,-1,1
753_00031,-1,1
753_00032,-1,1
753_00033,13,1
753_00034,-1,1
753_00035,-1,1
753_00036,-1,1
753_00037,23,1
753_00038,-1,1
753_00039,-1,1
753_00040,33,1
753_00041,28,1
753_00042,13,1
753_00043,-1,1
753_00044,-1,1
753_00045,-1,1
761_00000,-1,1
761_00001,-1,1
761_00002,-1,1
762_00000,-1,1
762_00001,-1,1
762_00002,-1,1
762_00003,-1,1
762_00004,-1,1
762_00005,-1,1
762_00006,-1,1
762_00007,57,1
762_00008,57,1
762_00009,57,1
762_00010,57,1
762_00011,-1,1
762_00012,-1,1
762_00013,-1,1
762_00014,-1,1
762_00015,-1,1
762_00016,-1,1
762_00017,-1,1
762_00018,-1,1
762_00019,-1,1
762_00020,-1,1
762_00021,-1,1
762_00022,-1,1
762_00023,-1,1
762_00024,-1,1
762_00025,-1,1
762_00026,-1,1
762_00027,-1,1
762_00028,-1,1
762_00029,-1,1
762_00030,-1,1
762_00031,-1,1
762_00032,-1,1
762_00033,-1,1
762_00034,-1,1
762_00035,-1,1
762_00036,33,1
762_00037,-1,1
762_00038,-1,1
762_00039,-1,1
762_00040,-1,1
762_00041,-1,1
762_00042,-1,1
765_00000,23,1
765_00001,-1,1
765_00002,0,1
765_00003,1,1
765_00004,-1,1
765_00005,3,1
765_00006,-1,1
765_00007,-1,1
765_00008,52,1
765_00009,40,1
765_00010,-1,1
765_00011,6,1
765_00012,6,1
765_00013,47,1
765_00014,-1,1
765_00015,1,1
765_00016,-1,1
765_00017,-1,1
765_00018,-1,1
765_00019,-1,1
765_00020,-1,1
765_00021,-1,1
765_00022,-1,1
765_00023,3,1
765_00024,-1,1
765_00025,-1,1
765_00026,-1,1
765_00027,-1,1
765_00028,-1,1
765_00029,-1,1
765_00030,45,1
765_00031,-1,1
765_00032,45,1
765_00033,-1,1
765_00034,-1,1
765_00035,-1,1
765_00036,-1,1
765_00037,52,1
765_00038,-1,1
765_00039,-1,1
765_00040,-1,1
765_00041,-1,1
766_00000,-1,1
766_00001,-1,1
767_00000,-1,1
767_00001,-1,1
767_00002,-1,1
767_00003,22,1
767_00004,22,1
769_00000,-1,1
771_00000,-1,1
773_00000,-1,1
785_00000,-1,1
785_00001,-1,1
785_00002,-1,1
785_00003,-1,1
785_00004,-1,1
787_00000,12,1
787_00001,12,1
787_00002,12,1
789_00000,-1,1
789_00001,24,1
790_00000,-1,0
790_00001,21,0
791_00000,19,1
791_00001,19,1
794_00000,9,1
794_00001,-1,1
794_00002,-1,1
794_00003,-1,1
794_00004,4,1
794_00005,-1,1
794_00006,-1,1
794_00007,16,1
794_00008,-1,1
794_00009,3,1
794_00010,-1,1
794_00011,-1,1
794_00012,46,1
794_00013,6,1
794_00014,-1,1
794_00015,-1,1
794_00016,9,1
794_00017,-1,1
794_00018,-1,1
794_00019,-1,1
794_00020,24,1
794_00021,-1,1
794_00022,-1,1
794_00023,24,1
794_00024,-1,1
794_00025,56,1
794_00026,-1,1
794_00027,56,1
794_00028,-1,1
794_00029,-1,1
794_00030,-1,1
794_00031,-1,1
794_00032,-1,1
794_00033,44,1
794_00034,-1,1
794_00035,9,1
794_00036,-1,1
794_00037,-1,1
794_00038,4,1
794_00039,3,1
794_00040,3,1
794_00041,-1,1
794_00042,-1,1
794_00043,-1,1
794_00044,-1,1
794_00045,-1,1
794_00046,-1,1
794_00047,-1,1
794_00048,2,1
794_00049,-1,1
794_00050,-1,1
794_00051,-1,1
794_00052,-1,1
794_00053,4,1
794_00054,32,1
794_00055,57,1
794_00056,57,1
794_00057,-1,1
794_00058,-1,1
794_00059,32,1
794_00060,3,1
794_00061,-1,1
794_00062,4,1
794_00063,-1,1
796_00000,-1,1
796_00001,6,1
796_00002,-1,1
796_00003,-1,1
796_00004,-1,1
796_00005,-1,1
796_00006,6,1
796_00007,-1,1
796_00008,6,1
796_00009,6,1
796_00010,-1,1
796_00011,-1,1
796_00012,-1,1
796_00013,17,1
796_00014,-1,1
796_00015,-1,1
796_00016,50,1
796_00017,-1,1
796_00018,-1,1
796_00019,-1,1
796_00020,-1,1
796_00021,-1,1
796_00022,-1,1
796_00023,-1,1
796_00024,-1,1
796_00025,-1,1
797_00000,-1,1
797_00001,-1,1
798_00000,-1,1
798_00001,45,1
798_00002,-1,1
798_00003,-1,1
798_00004,-1,1
798_00005,-1,1
798_00006,-1,1
798_00007,-1,1
798_00008,-1,1
798_00009,41,1
798_00010,46,1
798_00011,-1,1
798_00012,23,1
798_00013,-1,1
798_00014,-1,1
798_00015,-1,1
798_00016,11,1
798_00017,-1,1
798_00018,-1,1
798_00019,-1,1
798_00020,47,1
798_00021,-1,1
798_00022,-1,1
798_00023,-1,1
798_00024,-1,1
798_00025,1,1
798_00026,-1,1
798_00027,-1,1
798_00028,-1,1
798_00029,11,1
798_00030,23,1
798_00031,-1,1
798_00032,-1,1
798_00033,-1,1
798_00034,3,1
798_00035,45,1
800_00000,-1,1
800_00001,-1,1
800_00002,-1,1
800_00003,-1,1
800_00004,-1,1
800_00005,12,1
800_00006,-1,1
800_00007,-1,1
800_00008,-1,1
800_00009,-1,1
800_00010,-1,1
800_00011,-1,1
800_00012,-1,1
800_00013,-1,1
800_00014,11,1
800_00015,-1,1
800_00016,-1,1
800_00017,-1,1
800_00018,-1,1
800_00019,-1,1
800_00020,11,1
800_00021,1,1
800_00022,11,1
800_00023,-1,1
800_00024,40,1
800_00025,1,1
800_00026,1,1
800_00027,-1,1
800_00028,-1,1
800_00029,41,1
800_00030,1,1
800_00031,-1,1
800_00032,-1,1
800_00033,-1,1
800_00034,1,1
800_00035,1,1
800_00036,-1,1
800_00037,-1,1
800_00038,11,1
800_00039,1,1
800_00040,4,1
800_00041,1,1
806_00000,3,1
806_00001,52,1
806_00002,-1,1
806_00003,-1,1
806_00004,-1,1
807_00000,19,1
807_00001,19,1
807_00002,19,1
807_00003,-1,1
808_00000,-1,1
808_00001,-1,1
808_00002,14,1
808_00003,14,1
808_00004,-1,1
808_00005,53,1
808_00006,-1,1
808_00007,-1,1
808_00008,-1,1
808_00009,-1,1
808_00010,-1,1
808_00011,-1,1
808_00012,-1,1
808_00013,14,1
808_00014,-1,1
808_00015,-1,1
808_00016,-1,1
808_00017,11,1
808_00018,-1,1
808_00019,-1,1
808_00020,-1,1
808_00021,-1,1
808_00022,-1,1
808_00023,-1,1
808_00024,46,1
808_00025,8,1
808_00026,-1,1
808_00027,-1,1
808_00028,-1,1
808_00029,-1,1
808_00030,14,1
808_00031,14,1
808_00032,11,1
808_00033,46,1
808_00034,46,1
808_00035,46,1
808_00036,-1,1
808_00037,-1,1
808_00038,-1,1
808_00039,-1,1
808_00040,-1,1
808_00041,-1,1
808_00042,8,1
808_00043,1,1
808_00044,1,1
808_00045,-1,1
808_00046,-1,1
808_00047,-1,1
808_00048,-1,1
813_00000,-1,1
813_00001,6,1
813_00002,-1,1
813_00003,-1,1
813_00004,54,1
813_00005,-1,1
813_00006,-1,1
813_00007,39,1
813_00008,39,1
813_00009,-1,1
813_00010,-1,1
813_00011,-1,1
813_00012,-1,1
813_00013,50,1
813_00014,-1,1
813_00015,-1,1
813_00016,-1,1
813_00017,-1,1
813_00018,-1,1
813_00019,6,1
813_00020,-1,1
813_00021,6,1
813_00022,-1,1
813_00023,-1,1
813_00024,6,1
813_00025,6,1
813_00026,-1,1
813_00027,-1,1
813_00028,6,1
813_00029,23,1
813_00030,-1,1
813_00031,-1,1
813_00032,-1,1
813_00033,-1,1
813_00034,-1,1
813_00035,-1,1
813_00036,6,1
813_00037,6,1
813_00038,6,1
813_00039,6,1
813_00040,6,1
813_00041,6,1
813_00042,6,1
813_00043,39,1
813_00044,6,1
813_00045,57,1
813_00046,-1,1
813_00047,-1,1
813_00048,-1,1
813_00049,-1,1
813_00050,-1,1
813_00051,-1,1
813_00052,6,1
813_00053,-1,1
813_00054,6,1
813_00055,-1,1
813_00056,23,1
813_00057,-1,1
813_00058,-1,1
813_00059,-1,1
813_00060,4,1
813_00061,-1,1
813_00062,-1,1
813_00063,-1,1
813_00064,-1,1
813_00065,-1,1
813_00066,-1,1
813_00067,-1,1
815_00000,14,1
815_00001,14,1
815_00002,-1,1
815_00003,14,1
815_00004,-1,1
815_00005,14,1
815_00006,-1,1
815_00007,14,1
815_00008,-1,1
815_00009,-1,1
815_00010,-1,1
815_00011,14,1
815_00012,-1,1
815_00013,14,1
815_00014,14,1
815_00015,-1,1
815_00016,-1,1
815_00017,14,1
815_00018,14,1
815_00019,-1,1
815_00020,-1,1
815_00021,-1,1
815_00022,-1,1
815_00023,-1,1
815_00024,-1,1
815_00025,-1,1
815_00026,-1,1
815_00027,-1,1
815_00028,-1,1
815_00029,-1,1
815_00030,-1,1
815_00031,1,1
815_00032,1,1
815_00033,14,1
815_00034,-1,1
815_00035,-1,1
815_00036,-1,1
815_00037,-1,1
815_00038,-1,1
815_00039,-1,1
822_00000,56,1
822_00001,-1,1
822_00002,35,1
822_00003,0,1
822_00004,41,1
822_00005,0,1
822_00006,0,1
822_00007,-1,1
822_00008,-1,1
822_00009,0,1
822_00010,0,1
822_00011,44,1
822_00012,-1,1
822_00013,0,1
822_00014,-1,1
822_00015,0,1
822_00016,-1,1
822_00017,-1,1
822_00018,0,1
822_00019,0,1
822_00020,-1,1
822_00021,-1,1
822_00022,0,1
822_00023,-1,1
822_00024,-1,1
822_00025,-1,1
822_00026,19,1
822_00027,-1,1
822_00028,32,1
822_00029,-1,1
822_00030,-1,1
822_00031,-1,1
822_00032,0,1
822_00033,32,1
822_00034,-1,1
822_00035,0,1
822_00036,0,1
822_00037,32,1
822_00038,-1,1
822_00039,32,1
822_00040,0,1
822_00041,3,1
822_00042,0,1
822_00043,-1,1
822_00044,-1,1
822_00045,32,1
822_00046,0,1
822_00047,-1,1
822_00048,32,1
822_00049,32,1
822_00050,32,1
822_00051,-1,1
822_00052,-1,1
822_00053,-1,1
823_00000,-1,1
823_00001,-1,1
823_00002,39,1
823_00003,-1,1
823_00004,-1,1
823_00005,12,1
823_00006,-1,1
823_00007,-1,1
823_00008,-1,1
823_00009,-1,1
823_00010,50,1
823_00011,8,1
823_00012,-1,1
823_00013,5,1
823_00014,6,1
823_00015,-1,1
824_00000,12,1
824_00001,-1,1
825_00000,-1,1
825_00001,-1,1
825_00002,19,1
826_00000,19,1
826_00001,-1,1
826_00002,-1,1
826_00003,53,1
826_00004,3,1
826_00005,-1,1
826_00006,-1,1
826_00007,1,1
826_00008,51,1
826_00009,56,1
826_00010,-1,1
826_00011,-1,1
826_00012,-1,1
826_00013,46,1
826_00014,-1,1
826_00015,-1,1
826_00016,-1,1
826_00017,-1,1
826_00018,-1,1
826_00019,-1,1
826_00020,-1,1
826_00021,14,1
826_00022,-1,1
826_00023,-1,1
826_00024,-1,1
826_00025,-1,1
826_00026,-1,1
826_00027,48,1
826_00028,1,1
826_00029,-1,1
826_00030,1,1
826_00031,-1,1
826_00032,8,1
826_00033,57,1
826_00034,8,1
826_00035,-1,1
826_00036,-1,1
826_00037,-1,1
828_00000,19,1
828_00001,-1,1
829_00000,-1,1
830_00000,-1,1
831_00000,19,1
831_00001,19,1
833_00000,19,1
833_00001,-1,1
833_00002,-1,1
835_00000,-1,1
835_00001,19,1
835_00002,-1,1
836_00000,-1,1
837_00000,-1,1
838_00000,-1,0
838_00001,-1,0
838_00002,-1,0
838_00003,0,0
838_00004,-1,0
838_00005,-1,0
838_00006,-1,0
838_00007,-1,0
838_00008,-1,0
838_00009,4,0
838_00010,57,0
838_00011,-1,0
838_00012,-1,0
838_00013,-1,0
838_00014,-1,0
838_00015,-1,0
838_00016,-1,0
838_00017,-1,0
838_00018,-1,0
838_00019,-1,0
838_00020,-1,0
838_00021,-1,0
838_00022,-1,0
838_00023,-1,0
838_00024,-1,0
838_00025,23,0
838_00026,-1,0
838_00027,-1,0
838_00028,-1,0
838_00029,-1,0
838_00030,1,0
838_00031,-1,0
838_00032,-1,0
838_00033,-1,0
838_00034,3,0
838_00035,-1,0
838_00036,0,0
838_00037,-1,0
838_00038,-1,0
838_00039,-1,0
838_00040,-1,0
838_00041,-1,0
838_00042,1,0
838_00043,-1,0
838_00044,1,0
838_00045,-1,0
838_00046,1,0
838_00047,-1,0
838_00048,-1,0
838_00049,-1,0
839_00000,-1,1
839_00001,-1,1
839_00002,-1,1
839_00003,0,1
839_00004,0,1
839_00005,-1,1
839_00006,-1,1
839_00007,-1,1
839_00008,-1,1
839_00009,4,1
839_00010,-1,1
839_00011,50,1
839_00012,-1,1
839_00013,4,1
839_00014,-1,1
839_00015,-1,1
839_00016,-1,1
839_00017,-1,1
839_00018,-1,1
839_00019,-1,1
839_00020,-1,1
839_00021,-1,1
839_00022,-1,1
839_00023,-1,1
839_00024,-1,1
839_00025,23,1
839_00026,-1,1
839_00027,-1,1
839_00028,-1,1
839_00029,-1,1
839_00030,-1,1
839_00031,-1,1
839_00032,-1,1
839_00033,23,1
839_00034,-1,1
839_00035,-1,1
839_00036,-1,1
839_00037,0,1
839_00038,23,1
839_00039,5,1
839_00040,-1,1
839_00041,-1,1
839_00042,-1,1
839_00043,-1,1
839_00044,-1,1
839_00045,-1,1
839_00046,1,1
839_00047,1,1
839_00048,1,1
839_00049,-1,1
839_00050,-1,1
839_00051,-1,1
843_00000,60,1
843_00001,-1,1
843_00002,60,1
843_00003,2,1
843_00004,60,1
843_00005,-1,1
843_00006,14,1
843_00007,-1,1
843_00008,44,1
843_00009,-1,1
843_00010,-1,1
843_00011,-1,1
843_00012,-1,1
843_00013,-1,1
843_00014,-1,1
843_00015,-1,1
843_00016,60,1
843_00017,-1,1
843_00018,14,1
843_00019,-1,1
843_00020,12,1
843_00021,-1,1
843_00022,1,1
843_00023,47,1
843_00024,-1,1
843_00025,-1,1
843_00026,26,1
843_00027,-1,1
843_00028,-1,1
843_00029,-1,1
843_00030,-1,1
843_00031,-1,1
843_00032,-1,1
843_00033,1,1
843_00034,-1,1
843_00035,5,1
843_00036,-1,1
843_00037,12,1
843_00038,60,1
843_00039,60,1
843_00040,-1,1
843_00041,-1,1
843_00042,-1,1
847_00000,-1,1
847_00001,41,1
847_00002,-1,1
847_00003,44,1
847_00004,24,1
847_00005,24,1
848_00000,-1,1
848_00001,-1,1
848_00002,-1,1
848_00003,-1,1
848_00004,54,1
848_00005,-1,1
848_00006,-1,1
848_00007,-1,1
848_00008,3,1
848_00009,54,1
848_00010,60,1
848_00011,60,1
848_00012,1,1
848_00013,-1,1
848_00014,11,1
848_00015,-1,1
848_00016,1,1
848_00017,1,1
848_00018,38,1
848_00019,1,1
848_00020,-1,1
848_00021,-1,1
848_00022,-1,1
848_00023,-1,1
848_00024,-1,1
848_00025,-1,1
848_00026,40,1
848_00027,3,1
848_00028,-1,1
848_00029,1,1
848_00030,-1,1
848_00031,-1,1
848_00032,1,1
848_00033,1,1
848_00034,-1,1
848_00035,60,1
848_00036,-1,1
848_00037,-1,1
848_00038,38,1
848_00039,-1,1
848_00040,60,1
848_00041,38,1
848_00042,-1,1
848_00043,-1,1
849_00000,-1,1
849_00001,-1,1
849_00002,19,1
850_00000,-1,1
850_00001,-1,1
850_00002,4,1
850_00003,-1,1
850_00004,-1,1
850_00005,-1,1
850_00006,4,1
850_00007,-1,1
850_00008,-1,1
850_00009,-1,1
850_00010,-1,1
850_00011,-1,1
850_00012,-1,1
850_00013,-1,1
850_00014,-1,1
850_00015,-1,1
850_00016,-1,1
850_00017,-1,1
850_00018,-1,1
850_00019,-1,1
850_00020,-1,1
850_00021,-1,1
850_00022,48,1
850_00023,-1,1
850_00024,-1,1
850_00025,6,1
850_00026,30,1
850_00027,-1,1
850_00028,-1,1
850_00029,-1,1
850_00030,1,1
850_00031,1,1
850_00032,-1,1
852_00000,-1,1
852_00001,-1,1
852_00002,9,1
852_00003,-1,1
852_00004,21,1
852_00005,21,1
853_00000,-1,0
853_00001,-1,0
853_00002,9,0
853_00003,-1,0
853_00004,21,0
853_00005,21,0
854_00000,0,1
854_00001,0,1
854_00002,0,1
854_00003,-1,1
854_00004,10,1
854_00005,59,1
854_00006,-1,1
854_00007,-1,1
854_00008,-1,1
854_00009,0,1
854_00010,-1,1
854_00011,0,1
854_00012,0,1
854_00013,-1,1
854_00014,-1,1
854_00015,1,1
854_00016,-1,1
854_00017,0,1
854_00018,10,1
854_00019,-1,1
854_00020,60,1
854_00021,-1,1
854_00022,0,1
854_00023,-1,1
854_00024,0,1
854_00025,-1,1
854_00026,0,1
854_00027,0,1
854_00028,0,1
854_00029,-1,1
854_00030,-1,1
854_00031,0,1
854_00032,-1,1
854_00033,1,1
854_00034,0,1
854_00035,1,1
854_00036,0,1
854_00037,0,1
854_00038,3,1
854_00039,-1,1
854_00040,0,1
854_00041,1,1
856_00000,19,1
856_00001,19,1
856_00002,-1,1
857_00000,-1,1
857_00001,-1,1
857_00002,-1,1
857_00003,-1,1
857_00004,28,1
857_00005,28,1
857_00006,-1,1
857_00007,-1,1
857_00008,6,1
857_00009,-1,1
857_00010,-1,1
857_00011,-1,1
857_00012,46,1
857_00013,-1,1
857_00014,-1,1
857_00015,1,1
857_00016,1,1
857_00017,-1,1
857_00018,52,1
857_00019,-1,1
857_00020,-1,1
857_00021,-1,1
857_00022,11,1
857_00023,-1,1
857_00024,-1,1
857_00025,11,1
857_00026,49,1
857_00027,6,1
857_00028,6,1
857_00029,1,1
857_00030,6,1
857_00031,11,1
857_00032,11,1
857_00033,-1,1
857_00034,-1,1
857_00035,-1,1
857_00036,11,1
857_00037,1,1
857_00038,-1,1
857_00039,-1,1
857_00040,-1,1
857_00041,-1,1
857_00042,1,1
857_00043,-1,1
857_00044,-1,1
858_00000,62,1
858_00001,0,1
858_00002,31,1
858_00003,0,1
858_00004,26,1
858_00005,-1,1
858_00006,28,1
858_00007,-1,1
858_00008,23,1
858_00009,3,1
858_00010,0,1
858_00011,0,1
858_00012,0,1
858_00013,0,1
858_00014,-1,1
858_00015,0,1
858_00016,0,1
858_00017,0,1
858_00018,-1,1
858_00019,-1,1
858_00020,0,1
858_00021,47,1
858_00022,-1,1
858_00023,-1,1
858_00024,31,1
858_00025,-1,1
858_00026,-1,1
858_00027,-1,1
858_00028,32,1
858_00029,-1,1
858_00030,-1,1
858_00031,26,1
858_00032,-1,1
858_00033,1,1
858_00034,1,1
858_00035,-1,1
858_00036,31,1
858_00037,3,1
858_00038,3,1
858_00039,0,1
858_00040,31,1
858_00041,-1,1
858_00042,0,1
858_00043,-1,1
858_00044,1,1
858_00045,-1,1
858_00046,1,1
860_00000,-1,1
860_00001,-1,1
860_00002,0,1
860_00003,-1,1
860_00004,50,1
860_00005,-1,1
860_00006,-1,1
860_00007,-1,1
860_00008,-1,1
860_00009,41,1
860_00010,-1,1
860_00011,-1,1
860_00012,-1,1
860_00013,-1,1
860_00014,-1,1
860_00015,-1,1
860_00016,-1,1
860_00017,-1,1
860_00018,-1,1
860_00019,-1,1
860_00020,-1,1
860_00021,-1,1
860_00022,-1,1
860_00023,-1,1
860_00024,21,1
860_00025,12,1
860_00026,-1,1
860_00027,-1,1
860_00028,56,1
860_00029,0,1
860_00030,0,1
860_00031,50,1
860_00032,-1,1
862_00000,-1,1
862_00001,22,1
862_00002,-1,1
862_00003,-1,1
862_00004,-1,1
862_00005,-1,1
862_00006,-1,1
862_00007,4,1
862_00008,-1,1
862_00009,-1,1
862_00010,-1,1
862_00011,16,1
862_00012,-1,1
862_00013,-1,1
862_00014,-1,1
862_00015,-1,1
862_00016,-1,1
862_00017,-1,1
862_00018,-1,1
862_00019,1,1
862_00020,-1,1
862_00021,-1,1
862_00022,-1,1
862_00023,-1,1
862_00024,-1,1
862_00025,-1,1
862_00026,-1,1
862_00027,-1,1
862_00028,32,1
862_00029,-1,1
862_00030,48,1
862_00031,15,1
862_00032,-1,1
862_00033,-1,1
864_00000,-1,1
864_00001,-1,1
864_00002,-1,1
864_00003,-1,1
864_00004,15,1
864_00005,0,1
864_00006,1,1
864_00007,30,1
864_00008,-1,1
864_00009,-1,1
864_00010,-1,1
864_00011,40,1
864_00012,40,1
864_00013,5,1
864_00014,5,1
864_00015,40,1
864_00016,40,1
864_00017,1,1
864_00018,1,1
864_00019,40,1
864_00020,0,1
864_00021,-1,1
864_00022,47,1
864_00023,15,1
864_00024,15,1
864_00025,0,1
864_00026,-1,1
864_00027,-1,1
864_00028,1,1
864_00029,1,1
864_00030,0,1
864_00031,15,1
864_00032,15,1
864_00033,15,1
864_00034,15,1
864_00035,11,1
864_00036,15,1
864_00037,15,1
864_00038,15,1
864_00039,15,1
864_00040,15,1
864_00041,-1,1
864_00042,15,1
866_00000,-1,1
866_00001,57,1
866_00002,57,1
866_00003,6,1
866_00004,-1,1
866_00005,-1,1
866_00006,-1,1
866_00007,-1,1
866_00008,-1,1
866_00009,41,1
866_00010,41,1
866_00011,-1,1
866_00012,-1,1
866_00013,-1,1
866_00014,6,1
866_00015,6,1
866_00016,57,1
866_00017,-1,1
866_00018,26,1
866_00019,32,1
866_00020,3,1
866_00021,6,1
866_00022,6,1
866_00023,0,1
866_00024,0,1
866_00025,-1,1
866_00026,32,1
866_00027,-1,1
866_00028,-1,1
868_00000,52,1
868_00001,0,1
868_00002,-1,1
868_00003,-1,1
868_00004,13,1
868_00005,-1,1
868_00006,-1,1
868_00007,0,1
868_00008,0,1
868_00009,-1,1
868_00010,-1,1
868_00011,52,1
868_00012,22,1
868_00013,22,1
868_00014,4,1
868_00015,35,1
868_00016,-1,1
868_00017,9,1
868_00018,-1,1
868_00019,-1,1
868_00020,4,1
868_00021,-1,1
868_00022,4,1
868_00023,-1,1
868_00024,4,1
868_00025,-1,1
868_00026,28,1
868_00027,22,1
868_00028,-1,1
868_00029,22,1
868_00030,-1,1
868_00031,4,1
868_00032,-1,1
868_00033,-1,1
868_00034,22,1
868_00035,40,1
868_00036,-1,1
868_00037,35,1
868_00038,-1,1
868_00039,22,1
868_00040,22,1
868_00041,-1,1
868_00042,52,1
868_00043,0,1
870_00000,-1,1
870_00001,-1,1
870_00002,-1,1
870_00003,0,1
870_00004,0,1
870_00005,23,1
870_00006,-1,1
870_00007,-1,1
870_00008,-1,1
870_00009,-1,1
870_00010,3,1
870_00011,3,1
870_00012,62,1
870_00013,3,1
870_00014,-1,1
870_00015,-1,1
870_00016,0,1
870_00017,-1,1
870_00018,-1,1
870_00019,-1,1
870_00020,-1,1
870_00021,-1,1
870_00022,-1,1
870_00023,-1,1
870_00024,0,1
870_00025,0,1
870_00026,60,1
870_00027,32,1
870_00028,-1,1
870_00029,-1,1
870_00030,-1,1
870_00031,0,1
870_00032,0,1
870_00033,0,1
870_00034,0,1
870_00035,8,1
870_00036,-1,1
870_00037,-1,1
870_00038,-1,1
870_00039,19,1
870_00040,-1,1
870_00041,32,1
870_00042,32,1
870_00043,32,1
870_00044,32,1
870_00045,32,1
872_00000,-1,1
872_00001,-1,1
872_00002,-1,1
872_00003,-1,1
872_00004,-1,1
872_00005,-1,1
872_00006,16,1
872_00007,-1,1
872_00008,-1,1
872_00009,-1,1
872_00010,-1,1
872_00011,13,1
872_00012,13,1
872_00013,-1,1
872_00014,-1,1
872_00015,-1,1
872_00016,-1,1
872_00017,16,1
872_00018,-1,1
872_00019,-1,1
872_00020,-1,1
872_00021,-1,1
872_00022,-1,1
872_00023,-1,1
872_00024,26,1
872_00025,-1,1
872_00026,13,1
872_00027,13,1
872_00028,-1,1
872_00029,-1,1
872_00030,-1,1
872_00031,-1,1
872_00032,-1,1
872_00033,-1,1
872_00034,-1,1
872_00035,-1,1
872_00036,-1,1
872_00037,-1,1
872_00038,-1,1
874_00000,-1,1
874_00001,-1,1
874_00002,-1,1
874_00003,-1,1
874_00004,-1,1
874_00005,23,1
874_00006,-1,1
874_00007,-1,1
874_00008,-1,1
874_00009,-1,1
874_00010,-1,1
874_00011,-1,1
874_00012,-1,1
874_00013,-1,1
874_00014,-1,1
874_00015,-1,1
874_00016,-1,1
874_00017,1,1
874_00018,-1,1
874_00019,38,1
874_00020,-1,1
874_00021,-1,1
874_00022,-1,1
874_00023,-1,1
874_00024,14,1
874_00025,-1,1
874_00026,47,1
874_00027,12,1
874_00028,-1,1
874_00029,-1,1
874_00030,-1,1
874_00031,-1,1
874_00032,33,1
874_00033,-1,1
874_00034,-1,1
874_00035,-1,1
874_00036,6,1
874_00037,-1,1
874_00038,-1,1
874_00039,-1,1
874_00040,-1,1
874_00041,-1,1
874_00042,-1,1
874_00043,-1,1
874_00044,-1,1
874_00045,38,1
874_00046,14,1
874_00047,-1,1
874_00048,-1,1
874_00049,-1,1
876_00000,10,1
876_00001,43,1
876_00002,43,1
876_00003,13,1
876_00004,43,1
876_00005,10,1
876_00006,10,1
876_00007,10,1
876_00008,10,1
876_00009,10,1
876_00010,10,1
876_00011,-1,1
876_00012,-1,1
876_00013,10,1
876_00014,-1,1
876_00015,-1,1
876_00016,31,1
876_00017,31,1
876_00018,-1,1
876_00019,10,1
876_00020,-1,1
876_00021,1,1
876_00022,1,1
876_00023,-1,1
876_00024,-1,1
876_00025,40,1
876_00026,53,1
876_00027,-1,1
876_00028,10,1
876_00029,1,1
876_00030,-1,1
876_00031,1,1
876_00032,-1,1
876_00033,31,1
876_00034,-1,1
876_00035,-1,1
876_00036,10,1
876_00037,-1,1
876_00038,-1,1
876_00039,-1,1
876_00040,31,1
878_00000,43,1
878_00001,10,1
878_00002,-1,1
878_00003,10,1
878_00004,-1,1
878_00005,29,1
878_00006,29,1
878_00007,-1,1
878_00008,10,1
878_00009,10,1
878_00010,-1,1
878_00011,-1,1
878_00012,-1,1
878_00013,-1,1
878_00014,43,1
878_00015,43,1
878_00016,43,1
878_00017,29,1
878_00018,29,1
878_00019,43,1
878_00020,10,1
878_00021,10,1
878_00022,10,1
878_00023,10,1
878_00024,-1,1
878_00025,-1,1
878_00026,10,1
878_00027,-1,1
878_00028,10,1
878_00029,10,1
878_00030,-1,1
878_00031,-1,1
878_00032,10,1
878_00033,10,1
878_00034,10,1
878_00035,-1,1
878_00036,43,1
878_00037,43,1
878_00038,-1,1
878_00039,10,1
878_00040,-1,1
878_00041,43,1
880_00000,-1,1
880_00001,31,1
880_00002,31,1
880_00003,31,1
880_00004,31,1
880_00005,-1,1
880_00006,-1,1
880_00007,-1,1
880_00008,-1,1
880_00009,-1,1
880_00010,0,1
880_00011,31,1
880_00012,-1,1
880_00013,31,1
880_00014,-1,1
880_00015,31,1
880_00016,-1,1
880_00017,-1,1
880_00018,-1,1
880_00019,-1,1
880_00020,-1,1
880_00021,-1,1
880_00022,-1,1
880_00023,-1,1
880_00024,-1,1
880_00025,31,1
880_00026,31,1
880_00027,-1,1
880_00028,-1,1
880_00029,31,1
880_00030,31,1
880_00031,-1,1
880_00032,-1,1
880_00033,-1,1
880_00034,-1,1
880_00035,31,1
880_00036,31,1
880_00037,-1,1
880_00038,-1,1
880_00039,-1,1
880_00040,-1,1
880_00041,-1,1
880_00042,-1,1
880_00043,-1,1
880_00044,-1,1
880_00045,-1,1
880_00046,14,1
880_00047,-1,1
882_00000,-1,1
882_00001,-1,1
882_00002,2,1
882_00003,2,1
882_00004,2,1
882_00005,-1,1
882_00006,-1,1
882_00007,2,1
882_00008,2,1
882_00009,2,1
882_00010,-1,1
882_00011,2,1
882_00012,-1,1
882_00013,35,1
882_00014,50,1
882_00015,2,1
882_00016,2,1
882_00017,-1,1
882_00018,2,1
882_00019,2,1
882_00020,2,1
882_00021,-1,1
882_00022,2,1
882_00023,2,1
882_00024,-1,1
882_00025,-1,1
882_00026,2,1
882_00027,2,1
882_00028,-1,1
882_00029,-1,1
882_00030,-1,1
882_00031,2,1
882_00032,2,1
882_00033,2,1
882_00034,2,1
882_00035,2,1
882_00036,2,1
882_00037,-1,1
882_00038,-1,1
882_00039,2,1
882_00040,2,1
882_00041,2,1
882_00042,2,1
882_00043,2,1
882_00044,2,1
882_00045,2,1
882_00046,2,1
882_00047,2,1
882_00048,-1,1
882_00049,2,1
882_00050,2,1
882_00051,2,1
882_00052,2,1
882_00053,-1,1
884_00000,-1,1
884_00001,19,1
884_00002,-1,1
884_00003,-1,1
884_00004,-1,1
884_00005,-1,1
884_00006,-1,1
884_00007,-1,1
884_00008,6,1
884_00009,35,1
884_00010,-1,1
884_00011,-1,1
884_00012,6,1
884_00013,6,1
884_00014,-1,1
884_00015,6,1
884_00016,-1,1
884_00017,-1,1
884_00018,-1,1
884_00019,41,1
884_00020,-1,1
884_00021,37,1
884_00022,-1,1
884_00023,-1,1
884_00024,-1,1
884_00025,35,1
884_00026,-1,1
884_00027,-1,1
884_00028,-1,1
884_00029,6,1
884_00030,-1,1
884_00031,-1,1
884_00032,-1,1
884_00033,-1,1
884_00034,-1,1
886_00000,2,1
886_00001,-1,1
886_00002,-1,1
886_00003,2,1
886_00004,53,1
886_00005,-1,1
886_00006,2,1
886_00007,2,1
886_00008,2,1
886_00009,-1,1
886_00010,2,1
886_00011,-1,1
886_00012,2,1
886_00013,-1,1
886_00014,2,1
886_00015,2,1
886_00016,2,1
886_00017,2,1
886_00018,-1,1
886_00019,-1,1
886_00020,-1,1
886_00021,2,1
886_00022,2,1
886_00023,2,1
886_00024,52,1
886_00025,-1,1
886_00026,2,1
886_00027,-1,1
886_00028,-1,1
886_00029,-1,1
886_00030,1,1
886_00031,2,1
886_00032,2,1
886_00033,2,1
886_00034,2,1
886_00035,2,1
886_00036,-1,1
886_00037,2,1
886_00038,-1,1
888_00000,18,1
888_00001,-1,1
888_00002,-1,1
888_00003,-1,1
888_00004,-1,1
888_00005,-1,1
888_00006,-1,1
888_00007,-1,1
888_00008,-1,1
888_00009,-1,1
888_00010,1,1
888_00011,-1,1
888_00012,-1,1
888_00013,-1,1
888_00014,-1,1
888_00015,-1,1
888_00016,-1,1
888_00017,-1,1
888_00018,-1,1
888_00019,-1,1
888_00020,56,1
888_00021,-1,1
888_00022,51,1
888_00023,-1,1
888_00024,25,1
888_00025,3,1
888_00026,-1,1
888_00027,-1,1
888_00028,-1,1
888_00029,-1,1
888_00030,-1,1
888_00031,-1,1
888_00032,18,1
890_00000,-1,1
890_00001,-1,1
890_00002,-1,1
890_00003,-1,1
890_00004,-1,1
890_00005,-1,1
890_00006,50,1
890_00007,-1,1
890_00008,2,1
890_00009,2,1
890_00010,-1,1
890_00011,11,1
890_00012,-1,1
890_00013,54,1
890_00014,-1,1
890_00015,2,1
890_00016,-1,1
890_00017,-1,1
890_00018,-1,1
890_00019,-1,1
890_00020,-1,1
890_00021,-1,1
890_00022,-1,1
890_00023,-1,1
890_00024,2,1
890_00025,-1,1
890_00026,50,1
890_00027,-1,1
890_00028,-1,1
890_00029,41,1
890_00030,-1,1
890_00031,-1,1
890_00032,-1,1
890_00033,-1,1
890_00034,-1,1
890_00035,-1,1
890_00036,50,1
890_00037,-1,1
890_00038,-1,1
890_00039,-1,1
890_00040,-1,1
890_00041,-1,1
890_00042,19,1
890_00043,-1,1
890_00044,-1,1
890_00045,-1,1
890_00046,-1,1
890_00047,38,1
892_00000,-1,1
892_00001,-1,1
892_00002,-1,1
892_00003,-1,1
892_00004,-1,1
892_00005,-1,1
892_00006,32,1
892_00007,3,1
892_00008,-1,1
892_00009,48,1
892_00010,-1,1
892_00011,-1,1
892_00012,-1,1
892_00013,-1,1
892_00014,-1,1
892_00015,-1,1
892_00016,60,1
892_00017,-1,1
892_00018,32,1
892_00019,60,1
892_00020,60,1
892_00021,-1,1
892_00022,25,1
892_00023,-1,1
892_00024,-1,1
892_00025,-1,1
892_00026,-1,1
892_00027,-1,1
892_00028,-1,1
892_00029,-1,1
892_00030,-1,1
892_00031,2,1
892_00032,3,1
892_00033,-1,1
892_00034,-1,1
892_00035,-1,1
892_00036,38,1
892_00037,2,1
892_00038,-1,1
892_00039,2,1
892_00040,-1,1
892_00041,-1,1
892_00042,2,1
892_00043,1,1
892_00044,12,1
892_00045,-1,1
892_00046,38,1
892_00047,-1,1
892_00048,32,1
892_00049,32,1
892_00050,1,1
892_00051,-1,1
892_00052,-1,1
892_00053,-1,1
894_00000,12,1
894_00001,-1,1
894_00002,12,1
894_00003,12,1
895_00000,-1,0
895_00001,-1,0
895_00002,-1,0
895_00003,-1,0
895_00004,12,0
895_00005,-1,0
896_00000,11,1
896_00001,-1,1
896_00002,-1,1
896_00003,-1,1
896_00004,-1,1
896_00005,-1,1
896_00006,-1,1
896_00007,-1,1
896_00008,-1,1
896_00009,-1,1
896_00010,-1,1
896_00011,23,1
896_00012,-1,1
896_00013,-1,1
896_00014,-1,1
896_00015,-1,1
896_00016,-1,1
896_00017,-1,1
896_00018,-1,1
896_00019,48,1
896_00020,-1,1
896_00021,-1,1
896_00022,-1,1
896_00023,-1,1
896_00024,50,1
896_00025,2,1
896_00026,-1,1
896_00027,-1,1
896_00028,48,1
896_00029,-1,1
896_00030,-1,1
896_00031,-1,1
896_00032,-1,1
896_00033,-1,1
896_00034,-1,1
896_00035,-1,1
896_00036,-1,1
896_00037,-1,1
896_00038,-1,1
896_00039,-1,1
898_00000,-1,1
898_00001,-1,1
899_00000,-1,1
899_00001,2,1
899_00002,2,1
899_00003,-1,1
899_00004,2,1
899_00005,2,1
899_00006,-1,1
899_00007,-1,1
899_00008,-1,1
899_00009,14,1
899_00010,2,1
899_00011,2,1
899_00012,-1,1
899_00013,-1,1
899_00014,24,1
899_00015,2,1
899_00016,2,1
899_00017,2,1
899_00018,2,1
899_00019,2,1
899_00020,-1,1
899_00021,2,1
899_00022,-1,1
899_00023,1,1
899_00024,-1,1
899_00025,60,1
899_00026,1,1
899_00027,-1,1
899_00028,-1,1
899_00029,-1,1
899_00030,10,1
899_00031,2,1
899_00032,2,1
899_00033,2,1
899_00034,-1,1
901_00000,40,1
901_00001,-1,1
901_00002,-1,1
901_00003,-1,1
901_00004,12,1
901_00005,12,1
902_00000,-1,0
902_00001,-1,0
902_00002,-1,0
902_00003,-1,0
902_00004,12,0
902_00005,12,0
904_00000,-1,1
904_00001,-1,1
904_00002,-1,1
904_00003,-1,1
904_00004,-1,1
904_00005,-1,1
904_00006,-1,1
904_00007,-1,1
904_00008,-1,1
904_00009,-1,1
904_00010,-1,1
904_00011,-1,1
904_00012,-1,1
904_00013,-1,1
904_00014,-1,1
904_00015,-1,1
904_00016,-1,1
904_00017,-1,1
904_00018,-1,1
904_00019,-1,1
904_00020,-1,1
904_00021,-1,1
904_00022,1,1
904_00023,-1,1
904_00024,28,1
904_00025,13,1
904_00026,0,1
904_00027,13,1
904_00028,-1,1
904_00029,-1,1
904_00030,-1,1
904_00031,-1,1
904_00032,-1,1
904_00033,5,1
904_00034,-1,1
906_00000,-1,1
906_00001,19,1
907_00000,9,1
907_00001,24,1
907_00002,-1,1
907_00003,24,1
907_00004,-1,1
907_00005,24,1
907_00006,24,1
907_00007,-1,1
907_00008,-1,1
907_00009,24,1
907_00010,24,1
907_00011,36,1
907_00012,24,1
907_00013,24,1
907_00014,24,1
907_00015,24,1
907_00016,8,1
907_00017,24,1
907_00018,13,1
907_00019,24,1
907_00020,24,1
907_00021,24,1
907_00022,24,1
907_00023,24,1
907_00024,-1,1
907_00025,24,1
907_00026,-1,1
907_00027,-1,1
907_00028,62,1
907_00029,-1,1
907_00030,-1,1
907_00031,24,1
907_00032,24,1
907_00033,24,1
907_00034,62,1
907_00035,21,1
907_00036,24,1
907_00037,24,1
907_00038,24,1
907_00039,24,1
907_00040,24,1
907_00041,24,1
907_00042,24,1
907_00043,-1,1
907_00044,24,1
907_00045,24,1
910_00000,-1,1
910_00001,22,1
910_00002,-1,1
910_00003,4,1
910_00004,-1,1
910_00005,-1,1
910_00006,-1,1
910_00007,4,1
910_00008,-1,1
910_00009,-1,1
910_00010,19,1
910_00011,4,1
910_00012,-1,1
910_00013,-1,1
910_00014,21,1
910_00015,22,1
910_00016,-1,1
910_00017,-1,1
910_00018,-1,1
910_00019,-1,1
910_00020,-1,1
910_00021,-1,1
910_00022,-1,1
910_00023,1,1
910_00024,1,1
910_00025,4,1
910_00026,-1,1
910_00027,1,1
910_00028,1,1
910_00029,1,1
910_00030,-1,1
910_00031,21,1
910_00032,-1,1
911_00000,1,1
911_00001,-1,1
911_00002,-1,1
911_00003,10,1
911_00004,1,1
911_00005,-1,1
911_00006,0,1
911_00007,-1,1
911_00008,10,1
911_00009,10,1
911_00010,10,1
911_00011,1,1
911_00012,-1,1
911_00013,10,1
911_00014,1,1
911_00015,-1,1
911_00016,25,1
911_00017,10,1
911_00018,19,1
911_00019,1,1
911_00020,1,1
911_00021,10,1
911_00022,0,1
911_00023,-1,1
911_00024,-1,1
911_00025,-1,1
911_00026,-1,1
911_00027,-1,1
911_00028,10,1
911_00029,-1,1
911_00030,10,1
911_00031,1,1
912_00000,1,0
912_00001,-1,0
912_00002,-1,0
912_00003,10,0
912_00004,1,0
912_00005,-1,0
912_00006,0,0
912_00007,-1,0
912_00008,10,0
912_00009,-1,0
912_00010,-1,0
912_00011,1,0
912_00012,-1,0
912_00013,-1,0
912_00014,-1,0
912_00015,-1,0
912_00016,-1,0
912_00017,-1,0
912_00018,-1,0
912_00019,1,0
912_00020,-1,0
912_00021,10,0
912_00022,0,0
912_00023,-1,0
912_00024,-1,0
912_00025,-1,0
912_00026,10,0
912_00027,-1,0
912_00028,-1,0
912_00029,-1,0
912_00030,10,0
912_00031,1,0
912_00032,25,0
913_00000,-1,1
913_00001,-1,1
913_00002,-1,1
914_00000,9,1
914_00001,-1,1
914_00002,-1,1
914_00003,-1,1
914_00004,-1,1
914_00005,3,1
914_00006,11,1
914_00007,14,1
914_00008,62,1
914_00009,62,1
914_00010,-1,1
914_00011,-1,1
914_00012,-1,1
914_00013,11,1
914_00014,52,1
914_00015,49,1
914_00016,-1,1
914_00017,3,1
914_00018,-1,1
914_00019,48,1
914_00020,14,1
914_00021,3,1
914_00022,3,1
914_00023,-1,1
914_00024,3,1
914_00025,-1,1
914_00026,16,1
914_00027,-1,1
914_00028,-1,1
914_00029,-1,1
914_00030,-1,1
914_00031,14,1
914_00032,-1,1
914_00033,14,1
914_00034,-1,1
914_00035,-1,1
915_00000,-1,1
915_00001,12,1
915_00002,-1,1
916_00000,-1,1
916_00001,-1,1
916_00002,-1,1
916_00003,-1,1
916_00004,-1,1
916_00005,-1,1
916_00006,-1,1
916_00007,-1,1
916_00008,-1,1
916_00009,53,1
916_00010,-1,1
916_00011,-1,1
916_00012,-1,1
916_00013,-1,1
916_00014,-1,1
916_00015,-1,1
916_00016,-1,1
916_00017,-1,1
916_00018,-1,1
916_00019,-1,1
916_00020,-1,1
916_00021,-1,1
916_00022,-1,1
916_00023,-1,1
916_00024,3,1
916_00025,-1,1
916_00026,-1,1
916_00027,-1,1
916_00028,-1,1
916_00029,-1,1
916_00030,1,1
916_00031,-1,1
916_00032,-1,1
916_00033,-1,1
916_00034,1,1
916_00035,1,1
916_00036,-1,1
916_00037,1,1
916_00038,38,1
917_00000,9,1
917_00001,0,1
917_00002,-1,1
917_00003,-1,1
917_00004,-1,1
917_00005,-1,1
917_00006,0,1
917_00007,-1,1
917_00008,-1,1
917_00009,-1,1
917_00010,-1,1
917_00011,-1,1
917_00012,-1,1
917_00013,14,1
917_00014,0,1
917_00015,1,1
917_00016,0,1
917_00017,0,1
917_00018,0,1
917_00019,-1,1
917_00020,0,1
917_00021,0,1
917_00022,0,1
917_00023,0,1
917_00024,0,1
917_00025,-1,1
917_00026,0,1
917_00027,-1,1
917_00028,0,1
917_00029,1,1
917_00030,0,1
917_00031,-1,1
917_00032,-1,1
917_00033,14,1
917_00034,0,1
917_00035,-1,1
917_00036,-1,1
917_00037,0,1
917_00038,-1,1
917_00039,0,1
917_00040,0,1
917_00041,14,1
917_00042,-1,1
917_00043,1,1
917_00044,-1,1
917_00045,0,1
917_00046,-1,1
917_00047,-1,1
917_00048,11,1
917_00049,11,1
917_00050,-1,1
917_00051,11,1
920_00000,-1,1
920_00001,28,1
920_00002,-1,1
920_00003,-1,1
920_00004,-1,1
920_00005,-1,1
920_00006,28,1
920_00007,-1,1
920_00008,-1,1
920_00009,8,1
920_00010,58,1
920_00011,-1,1
920_00012,1,1
920_00013,-1,1
920_00014,-1,1
920_00015,33,1
920_00016,-1,1
920_00017,-1,1
920_00018,41,1
920_00019,-1,1
920_00020,-1,1
920_00021,1,1
920_00022,-1,1
920_00023,1,1
920_00024,-1,1
920_00025,-1,1
920_00026,8,1
920_00027,1,1
920_00028,1,1
920_00029,1,1
920_00030,1,1
920_00031,3,1
920_00032,-1,1
920_00033,1,1
920_00034,-1,1
920_00035,-1,1
923_00000,-1,1
923_00001,-1,1
923_00002,-1,1
923_00003,-1,1
923_00004,-1,1
923_00005,-1,1
923_00006,13,1
923_00007,-1,1
923_00008,-1,1
923_00009,-1,1
924_00000,-1,0
924_00001,-1,0
924_00002,-1,0
924_00003,-1,0
924_00004,-1,0
924_00005,-1,0
924_00006,-1,0
924_00007,-1,0
924_00008,-1,0
924_00009,-1,0
924_00010,-1,0
924_00011,-1,0
926_00000,0,1
926_00001,0,1
926_00002,-1,1
926_00003,40,1
926_00004,19,1
926_00005,-1,1
926_00006,0,1
926_00007,0,1
926_00008,11,1
926_00009,-1,1
926_00010,-1,1
926_00011,35,1
926_00012,10,1
926_00013,-1,1
926_00014,23,1
926_00015,-1,1
926_00016,0,1
926_00017,-1,1
926_00018,-1,1
926_00019,-1,1
926_00020,0,1
926_00021,-1,1
926_00022,0,1
926_00023,0,1
926_00024,-1,1
926_00025,0,1
926_00026,-1,1
926_00027,-1,1
926_00028,1,1
926_00029,-1,1
926_00030,1,1
926_00031,11,1
926_00032,0,1
926_00033,-1,1
926_00034,0,1
927_00000,0,1
927_00001,-1,1
927_00002,-1,1
927_00003,-1,1
927_00004,-1,1
927_00005,16,1
927_00006,-1,1
927_00007,-1,1
927_00008,-1,1
927_00009,-1,1
927_00010,6,1
927_00011,-1,1
927_00012,-1,1
927_00013,-1,1
927_00014,4,1
927_00015,-1,1
927_00016,-1,1
927_00017,-1,1
927_00018,-1,1
927_00019,-1,1
927_00020,-1,1
927_00021,1,1
927_00022,-1,1
927_00023,1,1
927_00024,-1,1
927_00025,-1,1
927_00026,-1,1
927_00027,11,1
927_00028,-1,1
927_00029,1,1
927_00030,11,1
928_00000,0,1
928_00001,0,1
928_00002,0,1
928_00003,11,1
928_00004,-1,1
928_00005,-1,1
928_00006,0,1
928_00007,16,1
928_00008,0,1
928_00009,0,1
928_00010,0,1
928_00011,0,1
928_00012,-1,1
928_00013,0,1
928_00014,0,1
928_00015,16,1
928_00016,-1,1
928_00017,0,1
928_00018,-1,1
928_00019,-1,1
928_00020,5,1
928_00021,0,1
928_00022,0,1
928_00023,-1,1
928_00024,-1,1
928_00025,-1,1
928_00026,-1,1
928_00027,-1,1
928_00028,-1,1
928_00029,-1,1
928_00030,-1,1
928_00031,26,1
928_00032,-1,1
928_00033,26,1
928_00034,-1,1
928_00035,0,1
928_00036,-1,1
928_00037,0,1
930_00000,6,1
930_00001,-1,1
930_00002,-1,1
930_00003,16,1
930_00004,-1,1
930_00005,57,1
930_00006,6,1
930_00007,-1,1
930_00008,-1,1
930_00009,-1,1
930_00010,-1,1
930_00011,48,1
930_00012,-1,1
930_00013,-1,1
930_00014,-1,1
930_00015,-1,1
930_00016,-1,1
930_00017,-1,1
930_00018,-1,1
930_00019,-1,1
930_00020,62,1
930_00021,-1,1
930_00022,-1,1
930_00023,57,1
930_00024,-1,1
930_00025,-1,1
930_00026,-1,1
930_00027,-1,1
930_00028,-1,1
930_00029,-1,1
930_00030,-1,1
930_00031,33,1
930_00032,-1,1
930_00033,-1,1
930_00034,-1,1
930_00035,-1,1
930_00036,-1,1
930_00037,-1,1
930_00038,-1,1
934_00000,-1,1
934_00001,35,1
934_00002,35,1
934_00003,-1,1
934_00004,-1,1
934_00005,-1,1
934_00006,-1,1
934_00007,-1,1
934_00008,-1,1
934_00009,-1,1
934_00010,44,1
934_00011,-1,1
934_00012,35,1
934_00013,3,1
934_00014,3,1
934_00015,3,1
934_00016,3,1
934_00017,-1,1
941_00000,-1,1
941_00001,-1,1
941_00002,-1,1
941_00003,-1,1
941_00004,-1,1
941_00005,-1,1
941_00006,-1,1
941_00007,-1,1
945_00000,-1,1
945_00001,-1,1
945_00002,13,1
945_00003,-1,1
945_00004,58,1
945_00005,28,1
945_00006,-1,1
945_00007,-1,1
945_00008,-1,1
945_00009,-1,1
945_00010,-1,1
945_00011,47,1
945_00012,-1,1
945_00013,32,1
945_00014,32,1
945_00015,-1,1
945_00016,-1,1
945_00017,-1,1
945_00018,-1,1
945_00019,-1,1
945_00020,-1,1
945_00021,-1,1
945_00022,49,1
945_00023,21,1
945_00024,13,1
945_00025,-1,1
945_00026,-1,1
945_00027,-1,1
945_00028,-1,1
945_00029,-1,1
945_00030,11,1
945_00031,-1,1
945_00032,-1,1
945_00033,13,1
947_00000,-1,1
947_00001,13,1
947_00002,0,1
947_00003,0,1
947_00004,-1,1
947_00005,-1,1
947_00006,-1,1
947_00007,-1,1
947_00008,-1,1
947_00009,23,1
947_00010,-1,1
947_00011,6,1
947_00012,47,1
947_00013,-1,1
947_00014,-1,1
947_00015,-1,1
947_00016,46,1
947_00017,-1,1
947_00018,-1,1
947_00019,-1,1
947_00020,-1,1
947_00021,47,1
947_00022,-1,1
947_00023,6,1
947_00024,-1,1
947_00025,-1,1
947_00026,-1,1
947_00027,47,1
947_00028,47,1
947_00029,47,1
947_00030,-1,1
947_00031,-1,1
947_00032,-1,1
947_00033,47,1
947_00034,-1,1
947_00035,-1,1
947_00036,-1,1
947_00037,-1,1
947_00038,-1,1
947_00039,6,1
947_00040,-1,1
947_00041,47,1
947_00042,-1,1
947_00043,-1,1
947_00044,-1,1
947_00045,-1,1
947_00046,-1,1
949_00000,4,1
949_00001,-1,1
950_00000,-1,0
950_00001,-1,0
951_00000,1,1
951_00001,1,1
951_00002,0,1
951_00003,-1,1
951_00004,-1,1
951_00005,-1,1
951_00006,-1,1
951_00007,14,1
951_00008,0,1
951_00009,0,1
951_00010,0,1
951_00011,-1,1
951_00012,-1,1
951_00013,29,1
951_00014,-1,1
951_00015,0,1
951_00016,38,1
951_00017,-1,1
951_00018,-1,1
951_00019,-1,1
951_00020,-1,1
951_00021,0,1
951_00022,48,1
951_00023,3,1
951_00024,-1,1
951_00025,-1,1
951_00026,0,1
951_00027,-1,1
951_00028,-1,1
951_00029,29,1
951_00030,-1,1
951_00031,-1,1
951_00032,1,1
951_00033,0,1
951_00034,-1,1
951_00035,0,1
951_00036,0,1
951_00037,0,1
951_00038,1,1
952_00000,-1,1
952_00001,-1,1
952_00002,-1,1
952_00003,9,1
952_00004,-1,1
952_00005,-1,1
952_00006,-1,1
952_00007,21,1
952_00008,35,1
952_00009,-1,1
952_00010,-1,1
952_00011,-1,1
952_00012,11,1
952_00013,-1,1
952_00014,-1,1
952_00015,-1,1
952_00016,-1,1
952_00017,3,1
952_00018,-1,1
952_00019,-1,1
952_00020,4,1
952_00021,-1,1
952_00022,4,1
952_00023,-1,1
952_00024,3,1
952_00025,-1,1
952_00026,-1,1
952_00027,-1,1
952_00028,37,1
952_00029,-1,1
952_00030,51,1
952_00031,51,1
952_00032,19,1
952_00033,-1,1
952_00034,4,1
952_00035,-1,1
952_00036,-1,1
952_00037,-1,1
952_00038,-1,1
952_00039,6,1
952_00040,-1,1
952_00041,-1,1
952_00042,-1,1
952_00043,-1,1
952_00044,11,1
952_00045,56,1
952_00046,-1,1
952_00047,47,1
952_00048,-1,1
952_00049,-1,1
952_00050,11,1
952_00051,-1,1
952_00052,37,1
952_00053,-1,1
952_00054,-1,1
952_00055,-1,1
952_00056,-1,1
952_00057,-1,1
952_00058,3,1
952_00059,3,1
952_00060,51,1
952_00061,-1,1
952_00062,3,1
952_00063,49,1
952_00064,-1,1
952_00065,-1,1
952_00066,-1,1
952_00067,-1,1
952_00068,-1,1
952_00069,-1,1
952_00070,-1,1
952_00071,4,1
952_00072,-1,1
952_00073,-1,1
952_00074,-1,1
952_00075,-1,1
952_00076,-1,1
952_00077,-1,1
952_00078,-1,1
952_00079,-1,1
952_00080,3,1
952_00081,-1,1
952_00082,-1,1
952_00083,51,1
952_00084,-1,1
952_00085,-1,1
952_00086,-1,1
952_00087,-1,1
952_00088,-1,1
952_00089,-1,1
952_00090,-1,1
952_00091,49,1
952_00092,-1,1
952_00093,-1,1
952_00094,3,1
952_00095,-1,1
952_00096,-1,1
952_00097,-1,1
952_00098,-1,1
952_00099,33,1
952_00100,-1,1
952_00101,-1,1
952_00102,-1,1
952_00103,-1,1
952_00104,-1,1
952_00105,-1,1
952_00106,-1,1
952_00107,-1,1
952_00108,26,1
952_00109,-1,1
952_00110,-1,1
952_00111,-1,1
952_00112,11,1
952_00113,-1,1
952_00114,-1,1
952_00115,-1,1
952_00116,-1,1
952_00117,-1,1
952_00118,-1,1
952_00119,-1,1
952_00120,-1,1
952_00121,3,1
952_00122,3,1
952_00123,3,1
952_00124,3,1
952_00125,-1,1
952_00126,-1,1
952_00127,-1,1
952_00128,-1,1
952_00129,-1,1
952_00130,-1,1
952_00131,-1,1
952_00132,-1,1
952_00133,-1,1
952_00134,-1,1
952_00135,-1,1
952_00136,-1,1
952_00137,-1,1
952_00138,-1,1
952_00139,-1,1
952_00140,-1,1
952_00141,-1,1
952_00142,-1,1
952_00143,-1,1
952_00144,-1,1
952_00145,-1,1
952_00146,-1,1
952_00147,6,1
952_00148,37,1
952_00149,-1,1
952_00150,-1,1
952_00151,-1,1
952_00152,1,1
952_00153,1,1
952_00154,-1,1
952_00155,-1,1
952_00156,48,1
952_00157,-1,1
952_00158,-1,1
952_00159,1,1
952_00160,1,1
952_00161,-1,1
952_00162,-1,1
952_00163,52,1
952_00164,-1,1
952_00165,-1,1
952_00166,-1,1
952_00167,1,1
952_00168,52,1
952_00169,52,1
952_00170,-1,1
952_00171,-1,1
952_00172,33,1
952_00173,-1,1
952_00174,33,1
952_00175,-1,1
952_00176,-1,1
952_00177,-1,1
952_00178,-1,1
952_00179,4,1
952_00180,49,1
952_00181,-1,1
952_00182,-1,1
952_00183,-1,1
952_00184,-1,1
952_00185,-1,1
952_00186,-1,1
952_00187,-1,1
952_00188,4,1
952_00189,4,1
952_00190,4,1
952_00191,-1,1
952_00192,-1,1
952_00193,1,1
952_00194,1,1
952_00195,-1,1
952_00196,1,1
952_00197,-1,1
952_00198,1,1
952_00199,1,1
952_00200,-1,1
952_00201,-1,1
952_00202,34,1
952_00203,-1,1
952_00204,-1,1
953_00000,-1,1
953_00001,-1,1
953_00002,-1,1
953_00003,59,1
953_00004,-1,1
953_00005,59,1
953_00006,-1,1
953_00007,-1,1
953_00008,-1,1
953_00009,-1,1
953_00010,-1,1
953_00011,-1,1
953_00012,50,1
953_00013,-1,1
953_00014,-1,1
953_00015,3,1
953_00016,-1,1
953_00017,1,1
953_00018,-1,1
953_00019,-1,1
953_00020,3,1
953_00021,38,1
953_00022,-1,1
953_00023,-1,1
953_00024,-1,1
953_00025,-1,1
953_00026,-1,1
953_00027,59,1
953_00028,-1,1
953_00029,1,1
953_00030,-1,1
953_00031,38,1
953_00032,-1,1
953_00033,-1,1
953_00034,26,1
953_00035,-1,1
954_00000,9,1
954_00001,-1,1
954_00002,-1,1
954_00003,-1,1
954_00004,-1,1
954_00005,3,1
954_00006,-1,1
954_00007,21,1
954_00008,-1,1
954_00009,-1,1
954_00010,-1,1
954_00011,33,1
954_00012,-1,1
954_00013,-1,1
954_00014,-1,1
954_00015,22,1
954_00016,-1,1
954_00017,-1,1
954_00018,21,1
954_00019,-1,1
954_00020,-1,1
954_00021,-1,1
954_00022,-1,1
954_00023,-1,1
954_00024,-1,1
954_00025,-1,1
954_00026,13,1
954_00027,-1,1
954_00028,-1,1
954_00029,22,1
954_00030,-1,1
954_00031,-1,1
954_00032,-1,1
954_00033,46,1
954_00034,1,1
954_00035,22,1
954_00036,-1,1
954_00037,33,1
954_00038,1,1
954_00039,22,1
954_00040,-1,1
954_00041,22,1
954_00042,-1,1
954_00043,-1,1
956_00000,44,1
956_00001,-1,1
956_00002,-1,1
956_00003,35,1
956_00004,-1,1
956_00005,-1,1
956_00006,16,1
956_00007,-1,1
956_00008,-1,1
956_00009,-1,1
956_00010,-1,1
956_00011,-1,1
956_00012,-1,1
956_00013,-1,1
956_00014,-1,1
956_00015,-1,1
956_00016,-1,1
956_00017,-1,1
956_00018,-1,1
956_00019,-1,1
956_00020,-1,1
956_00021,-1,1
956_00022,-1,1
956_00023,-1,1
956_00024,4,1
956_00025,4,1
956_00026,4,1
956_00027,-1,1
956_00028,-1,1
956_00029,-1,1
956_00030,-1,1
956_00031,-1,1
956_00032,-1,1
956_00033,-1,1
956_00034,-1,1
956_00035,-1,1
956_00036,-1,1
956_00037,-1,1
956_00038,-1,1
956_00039,48,1
956_00040,-1,1
956_00041,-1,1
956_00042,-1,1
956_00043,-1,1
957_00000,-1,1
957_00001,-1,1
957_00002,-1,1
957_00003,-1,1
957_00004,-1,1
957_00005,-1,1
957_00006,4,1
957_00007,4,1
957_00008,20,1
957_00009,4,1
957_00010,-1,1
957_00011,-1,1
957_00012,-1,1
957_00013,4,1
957_00014,-1,1
957_00015,4,1
957_00016,-1,1
957_00017,-1,1
957_00018,21,1
957_00019,4,1
957_00020,4,1
957_00021,-1,1
957_00022,-1,1
957_00023,-1,1
957_00024,4,1
957_00025,4,1
957_00026,4,1
957_00027,4,1
957_00028,4,1
957_00029,-1,1
957_00030,-1,1
957_00031,-1,1
957_00032,-1,1
957_00033,-1,1
957_00034,-1,1
957_00035,-1,1
957_00036,-1,1
957_00037,-1,1
957_00038,-1,1
957_00039,-1,1
957_00040,9,1
958_00000,2,1
958_00001,-1,1
958_00002,2,1
958_00003,50,1
958_00004,2,1
958_00005,-1,1
958_00006,2,1
958_00007,26,1
958_00008,-1,1
958_00009,2,1
958_00010,-1,1
958_00011,-1,1
958_00012,-1,1
958_00013,-1,1
958_00014,7,1
958_00015,-1,1
958_00016,54,1
958_00017,2,1
958_00018,2,1
958_00019,2,1
958_00020,2,1
958_00021,2,1
958_00022,-1,1
958_00023,-1,1
958_00024,-1,1
958_00025,-1,1
958_00026,-1,1
958_00027,-1,1
958_00028,-1,1
958_00029,-1,1
958_00030,-1,1
958_00031,-1,1
958_00032,-1,1
958_00033,-1,1
961_00000,25,1
961_00001,-1,1
961_00002,-1,1
961_00003,-1,1
961_00004,-1,1
961_00005,17,1
961_00006,-1,1
961_00007,-1,1
961_00008,-1,1
961_00009,17,1
961_00010,-1,1
961_00011,-1,1
961_00012,-1,1
961_00013,-1,1
961_00014,-1,1
961_00015,1,1
961_00016,-1,1
961_00017,-1,1
961_00018,-1,1
961_00019,2,1
961_00020,-1,1
961_00021,-1,1
961_00022,-1,1
961_00023,1,1
961_00024,-1,1
961_00025,-1,1
961_00026,-1,1
961_00027,17,1
961_00028,-1,1
961_00029,-1,1
961_00030,-1,1
961_00031,-1,1
961_00032,-1,1
961_00033,17,1
961_00034,-1,1
961_00035,-1,1
961_00036,-1,1
961_00037,-1,1
961_00038,-1,1
961_00039,-1,1
961_00040,50,1
961_00041,-1,1
961_00042,-1,1
961_00043,-1,1
961_00044,-1,1
961_00045,-1,1
961_00046,-1,1
961_00047,-1,1
961_00048,-1,1
961_00049,17,1
961_00050,-1,1
963_00000,7,1
963_00001,-1,1
963_00002,19,1
964_00000,9,1
964_00001,21,1
964_00002,4,1
964_00003,21,1
964_00004,-1,1
964_00005,11,1
964_00006,22,1
964_00007,-1,1
964_00008,-1,1
964_00009,36,1
964_00010,56,1
964_00011,3,1
964_00012,-1,1
964_00013,3,1
964_00014,-1,1
964_00015,-1,1
964_00016,56,1
964_00017,7,1
964_00018,-1,1
964_00019,24,1
964_00020,3,1
964_00021,22,1
964_00022,-1,1
964_00023,-1,1
964_00024,-1,1
964_00025,-1,1
964_00026,-1,1
965_00000,-1,1
965_00001,-1,1
965_00002,34,1
965_00003,34,1
965_00004,34,1
965_00005,34,1
965_00006,34,1
965_00007,34,1
965_00008,36,1
965_00009,34,1
965_00010,34,1
965_00011,34,1
965_00012,-1,1
965_00013,36,1
965_00014,1,1
965_00015,-1,1
965_00016,-1,1
965_00017,34,1
965_00018,-1,1
965_00019,-1,1
965_00020,-1,1
965_00021,-1,1
965_00022,34,1
966_00000,0,1
966_00001,-1,1
966_00002,0,1
966_00003,0,1
966_00004,-1,1
966_00005,0,1
966_00006,-1,1
966_00007,-1,1
966_00008,-1,1
966_00009,-1,1
966_00010,-1,1
966_00011,-1,1
966_00012,0,1
966_00013,0,1
966_00014,0,1
966_00015,0,1
966_00016,0,1
966_00017,0,1
966_00018,-1,1
966_00019,-1,1
966_00020,0,1
966_00021,0,1
966_00022,0,1
966_00023,0,1
966_00024,-1,1
966_00025,-1,1
966_00026,-1,1
966_00027,-1,1
966_00028,0,1
966_00029,0,1
966_00030,-1,1
966_00031,0,1
966_00032,-1,1
967_00000,21,1
967_00001,26,1
967_00002,12,1
968_00000,21,0
968_00001,-1,0
968_00002,12,0
969_00000,12,1
969_00001,-1,1
969_00002,-1,1
969_00003,-1,1
970_00000,-1,1
970_00001,12,1
971_00000,9,1
971_00001,9,1
971_00002,9,1
971_00003,9,1
971_00004,-1,1
971_00005,-1,1
971_00006,-1,1
971_00007,45,1
971_00008,-1,1
971_00009,-1,1
971_00010,-1,1
971_00011,44,1
971_00012,44,1
971_00013,44,1
971_00014,-1,1
971_00015,-1,1
971_00016,-1,1
971_00017,44,1
971_00018,44,1
971_00019,-1,1
971_00020,-1,1
971_00021,-1,1
971_00022,44,1
971_00023,-1,1
971_00024,-1,1
971_00025,44,1
971_00026,44,1
971_00027,-1,1
971_00028,-1,1
971_00029,-1,1
971_00030,-1,1
971_00031,-1,1
971_00032,-1,1
971_00033,-1,1
971_00034,-1,1
971_00035,-1,1
971_00036,-1,1
971_00037,-1,1
971_00038,-1,1
971_00039,-1,1
971_00040,44,1
971_00041,-1,1
971_00042,-1,1
971_00043,-1,1
971_00044,41,1
971_00045,-1,1
971_00046,-1,1
971_00047,-1,1
971_00048,-1,1
971_00049,8,1
971_00050,-1,1
971_00051,-1,1
971_00052,8,1
971_00053,-1,1
971_00054,8,1
971_00055,-1,1
971_00056,-1,1
971_00057,-1,1
971_00058,-1,1
971_00059,-1,1
971_00060,-1,1
971_00061,9,1
971_00062,-1,1
971_00063,-1,1
971_00064,-1,1
971_00065,21,1
971_00066,-1,1
971_00067,-1,1
971_00068,-1,1
971_00069,-1,1
971_00070,-1,1
971_00071,44,1
972_00000,9,1
972_00001,-1,1
972_00002,-1,1
972_00003,-1,1
972_00004,-1,1
972_00005,-1,1
972_00006,-1,1
972_00007,-1,1
972_00008,-1,1
972_00009,-1,1
972_00010,9,1
972_00011,26,1
972_00012,-1,1
972_00013,-1,1
972_00014,-1,1
972_00015,-1,1
972_00016,47,1
972_00017,-1,1
972_00018,6,1
972_00019,27,1
972_00020,-1,1
972_00021,-1,1
972_00022,-1,1
972_00023,-1,1
972_00024,-1,1
972_00025,31,1
972_00026,-1,1
972_00027,-1,1
972_00028,-1,1
972_00029,-1,1
972_00030,-1,1
972_00031,6,1
972_00032,9,1
972_00033,-1,1
972_00034,-1,1
972_00035,-1,1
972_00036,-1,1
972_00037,14,1
972_00038,0,1
972_00039,-1,1
972_00040,-1,1
972_00041,3,1
972_00042,-1,1
972_00043,52,1
972_00044,-1,1
972_00045,-1,1
972_00046,-1,1
972_00047,-1,1
972_00048,-1,1
972_00049,-1,1
973_00000,26,1
973_00001,-1,1
973_00002,-1,1
973_00003,26,1
973_00004,26,1
973_00005,26,1
973_00006,4,1
973_00007,-1,1
973_00008,28,1
973_00009,-1,1
973_00010,49,1
973_00011,-1,1
973_00012,0,1
973_00013,6,1
973_00014,44,1
973_00015,26,1
973_00016,49,1
973_00017,49,1
973_00018,26,1
973_00019,0,1
973_00020,-1,1
973_00021,4,1
973_00022,-1,1
973_00023,-1,1
973_00024,-1,1
973_00025,-1,1
973_00026,27,1
973_00027,-1,1
973_00028,-1,1
973_00029,6,1
973_00030,0,1
973_00031,-1,1
973_00032,26,1
973_00033,-1,1
973_00034,-1,1
973_00035,-1,1
973_00036,-1,1
973_00037,-1,1
973_00038,3,1
973_00039,-1,1
973_00040,16,1
973_00041,26,1
973_00042,-1,1
973_00043,-1,1
973_00044,-1,1
973_00045,-1,1
973_00046,-1,1
973_00047,-1,1
973_00048,26,1
973_00049,26,1
973_00050,26,1
973_00051,-1,1
973_00052,26,1
973_00053,26,1
975_00000,9,1
975_00001,12,1
975_00002,-1,1
975_00003,12,1
975_00004,12,1
975_00005,-1,1
975_00006,-1,1
975_00007,-1,1
975_00008,25,1
975_00009,26,1
975_00010,4,1
975_00011,17,1
975_00012,17,1
975_00013,-1,1
975_00014,17,1
975_00015,-1,1
975_00016,-1,1
975_00017,-1,1
975_00018,-1,1
975_00019,-1,1
975_00020,-1,1
975_00021,-1,1
975_00022,7,1
975_00023,17,1
975_00024,36,1
975_00025,36,1
975_00026,-1,1
975_00027,-1,1
975_00028,-1,1
975_00029,-1,1
977_00000,9,1
977_00001,-1,1
977_00002,-1,1
977_00003,-1,1
977_00004,-1,1
977_00005,62,1
977_00006,62,1
977_00007,51,1
977_00008,-1,1
977_00009,-1,1
977_00010,14,1
977_00011,-1,1
977_00012,-1,1
977_00013,-1,1
977_00014,-1,1
977_00015,-1,1
977_00016,-1,1
977_00017,-1,1
977_00018,-1,1
977_00019,-1,1
977_00020,-1,1
977_00021,-1,1
977_00022,-1,1
977_00023,-1,1
977_00024,-1,1
977_00025,3,1
977_00026,3,1
977_00027,3,1
977_00028,-1,1
977_00029,-1,1
977_00030,-1,1
977_00031,-1,1
977_00032,-1,1
977_00033,-1,1
977_00034,-1,1
977_00035,-1,1
977_00036,5,1
977_00037,-1,1
977_00038,-1,1
978_00000,-1,1
978_00001,52,1
978_00002,52,1
978_00003,27,1
978_00004,27,1
978_00005,-1,1
978_00006,32,1
978_00007,32,1
978_00008,45,1
978_00009,-1,1
978_00010,6,1
978_00011,-1,1
978_00012,-1,1
978_00013,45,1
978_00014,45,1
978_00015,-1,1
978_00016,-1,1
978_00017,-1,1
978_00018,16,1
978_00019,-1,1
978_00020,27,1
978_00021,-1,1
978_00022,-1,1
978_00023,-1,1
978_00024,45,1
978_00025,6,1
978_00026,57,1
978_00027,-1,1
978_00028,-1,1
978_00029,-1,1
978_00030,-1,1
978_00031,-1,1
978_00032,52,1
978_00033,52,1
978_00034,-1,1
978_00035,27,1
978_00036,52,1
978_00037,1,1
978_00038,-1,1
978_00039,-1,1
978_00040,52,1
978_00041,-1,1
978_00042,-1,1
978_00043,52,1
978_00044,-1,1
979_00000,-1,1
979_00001,-1,1
979_00002,-1,1
979_00003,-1,1
979_00004,-1,1
979_00005,-1,1
979_00006,16,1
979_00007,-1,1
979_00008,-1,1
979_00009,-1,1
979_00010,-1,1
979_00011,-1,1
979_00012,4,1
979_00013,-1,1
979_00014,-1,1
979_00015,9,1
979_00016,-1,1
979_00017,-1,1
979_00018,-1,1
979_00019,-1,1
979_00020,16,1
979_00021,16,1
979_00022,-1,1
979_00023,-1,1
979_00024,4,1
979_00025,20,1
979_00026,-1,1
979_00027,-1,1
979_00028,-1,1
979_00029,30,1
979_00030,30,1
979_00031,30,1
979_00032,42,1
979_00033,-1,1
979_00034,-1,1
979_00035,49,1
979_00036,-1,1
979_00037,8,1
979_00038,46,1
979_00039,49,1
979_00040,-1,1
980_00000,9,1
980_00001,13,1
980_00002,-1,1
980_00003,-1,1
980_00004,-1,1
980_00005,-1,1
980_00006,-1,1
980_00007,-1,1
980_00008,11,1
980_00009,-1,1
980_00010,-1,1
980_00011,-1,1
980_00012,-1,1
980_00013,-1,1
980_00014,-1,1
980_00015,-1,1
980_00016,-1,1
980_00017,48,1
980_00018,16,1
980_00019,11,1
980_00020,49,1
980_00021,49,1
980_00022,11,1
980_00023,-1,1
980_00024,-1,1
980_00025,-1,1
980_00026,-1,1
980_00027,49,1
980_00028,-1,1
980_00029,-1,1
980_00030,-1,1
980_00031,-1,1
980_00032,27,1
980_00033,-1,1
980_00034,-1,1
980_00035,-1,1
980_00036,-1,1
980_00037,-1,1
980_00038,27,1
981_00000,-1,1
981_00001,-1,1
981_00002,-1,1
981_00003,-1,1
981_00004,-1,1
981_00005,3,1
981_00006,-1,1
981_00007,-1,1
981_00008,-1,1
981_00009,49,1
981_00010,28,1
981_00011,-1,1
981_00012,-1,1
981_00013,-1,1
981_00014,13,1
981_00015,-1,1
981_00016,-1,1
981_00017,-1,1
981_00018,-1,1
981_00019,-1,1
981_00020,-1,1
981_00021,-1,1
981_00022,-1,1
981_00023,8,1
981_00024,-1,1
981_00025,3,1
981_00026,-1,1
981_00027,28,1
981_00028,-1,1
981_00029,-1,1
981_00030,-1,1
981_00031,-1,1
981_00032,11,1
981_00033,8,1
981_00034,27,1
981_00035,-1,1
981_00036,-1,1
981_00037,-1,1
981_00038,-1,1
981_00039,-1,1
981_00040,-1,1
981_00041,-1,1
981_00042,3,1
981_00043,3,1
981_00044,3,1
981_00045,-1,1
981_00046,27,1
981_00047,-1,1
981_00048,-1,1
981_00049,-1,1
981_00050,30,1
981_00051,-1,1
981_00052,-1,1
981_00053,-1,1
982_00000,-1,1
982_00001,-1,1
982_00002,-1,1
982_00003,-1,1
982_00004,-1,1
982_00005,-1,1
982_00006,-1,1
982_00007,-1,1
982_00008,1,1
982_00009,-1,1
982_00010,1,1
982_00011,-1,1
982_00012,-1,1
982_00013,-1,1
982_00014,-1,1
982_00015,-1,1
982_00016,-1,1
982_00017,28,1
982_00018,49,1
982_00019,-1,1
982_00020,-1,1
982_00021,-1,1
982_00022,-1,1
982_00023,-1,1
982_00024,23,1
982_00025,-1,1
982_00026,-1,1
982_00027,-1,1
982_00028,-1,1
982_00029,-1,1
982_00030,46,1
982_00031,-1,1
982_00032,1,1
982_00033,1,1
982_00034,-1,1
982_00035,-1,1
982_00036,1,1
982_00037,1,1
982_00038,-1,1
982_00039,-1,1
982_00040,1,1
982_00041,1,1
983_00000,24,1
983_00001,-1,1
983_00002,-1,1
983_00003,4,1
983_00004,-1,1
983_00005,-1,1
983_00006,4,1
983_00007,-1,1
983_00008,-1,1
983_00009,22,1
983_00010,4,1
983_00011,14,1
983_00012,-1,1
983_00013,21,1
983_00014,-1,1
983_00015,-1,1
983_00016,-1,1
983_00017,-1,1
983_00018,-1,1
983_00019,-1,1
983_00020,-1,1
983_00021,-1,1
983_00022,-1,1
983_00023,-1,1
983_00024,-1,1
983_00025,46,1
983_00026,33,1
983_00027,-1,1
983_00028,-1,1
983_00029,-1,1
983_00030,-1,1
983_00031,-1,1
983_00032,-1,1
983_00033,-1,1
983_00034,-1,1
983_00035,-1,1
983_00036,-1,1
983_00037,-1,1
983_00038,-1,1
983_00039,-1,1
983_00040,-1,1
983_00041,-1,1
983_00042,-1,1
983_00043,1,1
983_00044,-1,1
983_00045,-1,1
983_00046,-1,1
983_00047,-1,1
983_00048,-1,1
983_00049,-1,1
983_00050,33,1
983_00051,-1,1
983_00052,-1,1
983_00053,-1,1
983_00054,27,1
983_00055,47,1
983_00056,11,1
983_00057,-1,1
983_00058,-1,1
983_00059,11,1
983_00060,41,1
983_00061,-1,1
983_00062,-1,1
984_00000,-1,1
984_00001,19,1
984_00002,-1,1
987_00000,-1,1
987_00001,51,1
987_00002,-1,1
987_00003,-1,1
987_00004,-1,1
987_00005,48,1
987_00006,-1,1
987_00007,-1,1
987_00008,-1,1
987_00009,-1,1
987_00010,-1,1
987_00011,35,1
987_00012,-1,1
987_00013,-1,1
987_00014,20,1
987_00015,32,1
987_00016,-1,1
987_00017,11,1
987_00018,11,1
987_00019,-1,1
987_00020,37,1
987_00021,-1,1
987_00022,-1,1
987_00023,-1,1
987_00024,-1,1
987_00025,55,1
987_00026,-1,1
987_00027,-1,1
987_00028,48,1
987_00029,-1,1
987_00030,1,1
987_00031,1,1
987_00032,9,1
987_00033,-1,1
987_00034,-1,1
987_00035,1,1
987_00036,1,1
987_00037,-1,1
987_00038,1,1
987_00039,-1,1
987_00040,-1,1
987_00041,-1,1
987_00042,-1,1
987_00043,-1,1
987_00044,-1,1
987_00045,4,1
987_00046,-1,1
992_00000,-1,1
992_00001,-1,1
992_00002,0,1
992_00003,-1,1
992_00004,-1,1
992_00005,-1,1
992_00006,-1,1
992_00007,-1,1
992_00008,-1,1
992_00009,16,1
992_00010,28,1
992_00011,-1,1
992_00012,-1,1
992_00013,50,1
992_00014,-1,1
992_00015,-1,1
992_00016,-1,1
992_00017,1,1
992_00018,-1,1
992_00019,-1,1
992_00020,-1,1
992_00021,-1,1
992_00022,-1,1
992_00023,2,1
992_00024,-1,1
992_00025,1,1
992_00026,-1,1
992_00027,14,1
992_00028,-1,1
992_00029,-1,1
992_00030,-1,1
992_00031,0,1
992_00032,-1,1
992_00033,-1,1
992_00034,0,1
992_00035,1,1
992_00036,-1,1
993_00000,9,1
993_00001,-1,1
993_00002,-1,1
993_00003,-1,1
993_00004,-1,1
993_00005,11,1
993_00006,33,1
993_00007,28,1
993_00008,-1,1
993_00009,-1,1
993_00010,-1,1
993_00011,-1,1
993_00012,-1,1
993_00013,-1,1
993_00014,-1,1
993_00015,-1,1
993_00016,-1,1
993_00017,-1,1
993_00018,11,1
993_00019,-1,1
993_00020,3,1
993_00021,11,1
993_00022,-1,1
993_00023,-1,1
993_00024,1,1
993_00025,-1,1
993_00026,54,1
993_00027,-1,1
993_00028,-1,1
993_00029,59,1
993_00030,1,1
993_00031,45,1
993_00032,59,1
995_00000,-1,1
995_00001,-1,1
995_00002,-1,1
995_00003,-1,1
995_00004,-1,1
995_00005,16,1
995_00006,-1,1
995_00007,-1,1
995_00008,-1,1
995_00009,-1,1
995_00010,-1,1
997_00000,30,1
997_00001,-1,1
997_00002,-1,1
997_00003,-1,1
997_00004,16,1
997_00005,-1,1
997_00006,-1,1
997_00007,-1,1
997_00008,6,1
997_00009,-1,1
997_00010,-1,1
997_00011,-1,1
997_00012,61,1
997_00013,58,1
997_00014,-1,1
997_00015,-1,1
997_00016,-1,1
997_00017,-1,1
997_00018,-1,1
997_00019,-1,1
997_00020,61,1
997_00021,61,1
997_00022,27,1
997_00023,61,1
997_00024,61,1
997_00025,-1,1
997_00026,-1,1
997_00027,-1,1
997_00028,61,1
997_00029,-1,1
997_00030,61,1
997_00031,-1,1
997_00032,61,1
997_00033,-1,1
997_00034,61,1
997_00035,27,1
997_00036,-1,1
997_00037,33,1
997_00038,-1,1
997_00039,-1,1
998_00000,9,1
998_00001,60,1
998_00002,-1,1
998_00003,-1,1
998_00004,-1,1
998_00005,-1,1
998_00006,-1,1
998_00007,1,1
998_00008,-1,1
998_00009,-1,1
998_00010,11,1
998_00011,-1,1
998_00012,-1,1
998_00013,-1,1
998_00014,-1,1
998_00015,-1,1
998_00016,-1,1
998_00017,33,1
998_00018,-1,1
998_00019,1,1
998_00020,15,1
998_00021,-1,1
998_00022,-1,1
998_00023,-1,1
998_00024,-1,1
998_00025,15,1
998_00026,15,1
998_00027,15,1
998_00028,-1,1
998_00029,6,1
998_00030,1,1
998_00031,-1,1
998_00032,-1,1
998_00033,-1,1
998_00034,-1,1
998_00035,-1,1
998_00036,-1,1
999_00000,45,1
999_00001,6,1
999_00002,47,1
999_00003,-1,1
999_00004,6,1
999_00005,6,1
999_00006,26,1
999_00007,6,1
999_00008,-1,1
999_00009,45,1
999_00010,45,1
999_00011,-1,1
999_00012,-1,1
999_00013,-1,1
999_00014,-1,1
999_00015,-1,1
999_00016,-1,1
999_00017,45,1
999_00018,21,1
999_00019,28,1
999_00020,-1,1
999_00021,-1,1
999_00022,-1,1
999_00023,-1,1
999_00024,45,1
999_00025,-1,1
999_00026,45,1
999_00027,45,1
999_00028,-1,1
999_00029,-1,1
999_00030,-1,1
999_00031,-1,1
999_00032,-1,1
999_00033,-1,1
999_00034,-1,1
999_00035,45,1
999_00036,23,1
1000_00000,27,1
1000_00001,-1,1
1000_00002,-1,1
1000_00003,48,1
1000_00004,-1,1
1000_00005,58,1
1000_00006,-1,1
1000_00007,-1,1
1000_00008,44,1
1000_00009,49,1
1000_00010,-1,1
1000_00011,-1,1
1000_00012,-1,1
1000_00013,49,1
1000_00014,-1,1
1000_00015,-1,1
1000_00016,-1,1
1000_00017,3,1
1000_00018,3,1
1000_00019,-1,1
1000_00020,-1,1
1000_00021,28,1
1000_00022,28,1
1000_00023,-1,1
1000_00024,-1,1
1000_00025,-1,1
1000_00026,49,1
1000_00027,-1,1
1000_00028,1,1
1000_00029,1,1
1000_00030,1,1
1000_00031,-1,1
1000_00032,-1,1
1001_00000,0,1
1001_00001,0,1
1001_00002,0,1
1001_00003,16,1
1001_00004,-1,1
1001_00005,0,1
1001_00006,32,1
1001_00007,0,1
1001_00008,-1,1
1001_00009,-1,1
1001_00010,0,1
1001_00011,0,1
1001_00012,0,1
1001_00013,-1,1
1001_00014,-1,1
1001_00015,-1,1
1001_00016,0,1
1001_00017,23,1
1001_00018,-1,1
1001_00019,-1,1
1001_00020,-1,1
1001_00021,0,1
1001_00022,27,1
1001_00023,-1,1
1001_00024,23,1
1001_00025,0,1
1001_00026,0,1
1001_00027,0,1
1001_00028,0,1
1001_00029,0,1
1001_00030,-1,1
1001_00031,0,1
1001_00032,0,1
1001_00033,0,1
1001_00034,0,1
1001_00035,-1,1
1001_00036,0,1
1001_00037,0,1
1001_00038,26,1
1001_00039,0,1
1001_00040,0,1
1002_00000,0,1
1002_00001,0,1
1002_00002,0,1
1002_00003,-1,1
1002_00004,-1,1
1002_00005,0,1
1002_00006,-1,1
1002_00007,-1,1
1002_00008,-1,1
1002_00009,-1,1
1002_00010,-1,1
1002_00011,-1,1
1002_00012,-1,1
1002_00013,0,1
1002_00014,0,1
1002_00015,-1,1
1002_00016,0,1
1002_00017,-1,1
1002_00018,-1,1
1002_00019,-1,1
1002_00020,9,1
1002_00021,-1,1
1002_00022,0,1
1002_00023,-1,1
1002_00024,0,1
1002_00025,-1,1
1002_00026,-1,1
1002_00027,-1,1
1002_00028,-1,1
1002_00029,0,1
1002_00030,0,1
1002_00031,-1,1
1002_00032,-1,1
1002_00033,-1,1
1002_00034,0,1
1002_00035,0,1
1002_00036,0,1
1003_00000,-1,1
1003_00001,11,1
1003_00002,34,1
1003_00003,-1,1
1003_00004,-1,1
1003_00005,-1,1
1003_00006,-1,1
1003_00007,-1,1
1003_00008,48,1
1003_00009,11,1
1003_00010,-1,1
1003_00011,-1,1
1003_00012,48,1
1003_00013,4,1
1003_00014,-1,1
1003_00015,-1,1
1003_00016,-1,1
1003_00017,-1,1
1003_00018,48,1
1003_00019,-1,1
1003_00020,-1,1
1003_00021,-1,1
1003_00022,-1,1
1003_00023,32,1
1003_00024,14,1
1003_00025,48,1
1003_00026,-1,1
1003_00027,-1,1
1003_00028,-1,1
1003_00029,-1,1
1003_00030,14,1
1003_00031,-1,1
1003_00032,-1,1
1003_00033,-1,1
1003_00034,38,1
1003_00035,-1,1
1003_00036,-1,1
1003_00037,-1,1
1004_00000,9,1
1004_00001,51,1
1004_00002,1,1
1004_00003,-1,1
1004_00004,-1,1
1004_00005,8,1
1004_00006,-1,1
1004_00007,-1,1
1004_00008,-1,1
1004_00009,8,1
1004_00010,4,1
1004_00011,-1,1
1004_00012,-1,1
1004_00013,-1,1
1004_00014,-1,1
1004_00015,-1,1
1004_00016,-1,1
1004_00017,-1,1
1004_00018,-1,1
1004_00019,-1,1
1004_00020,-1,1
1004_00021,4,1
1004_00022,-1,1
1004_00023,8,1
1004_00024,-1,1
1004_00025,-1,1
1004_00026,-1,1
1004_00027,-1,1
1004_00028,8,1
1004_00029,52,1
1004_00030,8,1
1004_00031,8,1
1004_00032,-1,1
1004_00033,-1,1
1004_00034,8,1
1004_00035,-1,1
1004_00036,8,1
1004_00037,1,1
1004_00038,11,1
1004_00039,33,1
1004_00040,3,1
1004_00041,3,1
1004_00042,-1,1
1004_00043,3,1
1004_00044,44,1
1005_00000,-1,1
1005_00001,-1,1
1005_00002,-1,1
1005_00003,2,1
1005_00004,-1,1
1005_00005,-1,1
1005_00006,2,1
1005_00007,-1,1
1005_00008,-1,1
1005_00009,7,1
1005_00010,2,1
1005_00011,-1,1
1005_00012,12,1
1005_00013,2,1
1005_00014,-1,1
1005_00015,-1,1
1005_00016,-1,1
1005_00017,-1,1
1005_00018,-1,1
1005_00019,7,1
1005_00020,1,1
1005_00021,-1,1
1005_00022,-1,1
1005_00023,-1,1
1005_00024,-1,1
1005_00025,-1,1
1005_00026,7,1
1005_00027,1,1
1005_00028,2,1
1005_00029,-1,1
1005_00030,7,1
1005_00031,-1,1
1005_00032,-1,1
1005_00033,-1,1
1006_00000,-1,1
1006_00001,-1,1
1006_00002,19,1
1007_00000,9,1
1007_00001,49,1
1007_00002,-1,1
1007_00003,-1,1
1007_00004,-1,1
1007_00005,-1,1
1007_00006,-1,1
1007_00007,-1,1
1007_00008,-1,1
1007_00009,-1,1
1007_00010,-1,1
1007_00011,28,1
1007_00012,-1,1
1007_00013,-1,1
1007_00014,-1,1
1007_00015,-1,1
1007_00016,1,1
1007_00017,-1,1
1007_00018,-1,1
1007_00019,-1,1
1007_00020,-1,1
1007_00021,6,1
1007_00022,-1,1
1007_00023,-1,1
1007_00024,-1,1
1007_00025,41,1
1007_00026,-1,1
1007_00027,-1,1
1007_00028,-1,1
1007_00029,-1,1
1007_00030,-1,1
1007_00031,1,1
1007_00032,1,1
1007_00033,41,1
1007_00034,-1,1
1007_00035,-1,1
1007_00036,1,1
1007_00037,-1,1
1007_00038,41,1
1007_00039,-1,1
1007_00040,-1,1
1007_00041,-1,1
1008_00000,-1,1
1008_00001,-1,1
1008_00002,-1,1
1008_00003,-1,1
1008_00004,36,1
1008_00005,1,1
1008_00006,7,1
1008_00007,-1,1
1008_00008,-1,1
1008_00009,-1,1
1008_00010,34,1
1008_00011,1,1
1008_00012,56,1
1008_00013,-1,1
1008_00014,-1,1
1008_00015,-1,1
1008_00016,-1,1
1008_00017,-1,1
1008_00018,-1,1
1008_00019,-1,1
1008_00020,-1,1
1008_00021,1,1
1008_00022,1,1
1008_00023,1,1
1008_00024,-1,1
1008_00025,-1,1
1008_00026,1,1
1008_00027,3,1
1008_00028,1,1
1008_00029,1,1
1008_00030,-1,1
1008_00031,-1,1
1008_00032,7,1
1008_00033,36,1
1008_00034,36,1
1008_00035,36,1
1008_00036,-1,1
1008_00037,1,1
1011_00000,14,1
1011_00001,-1,1
1011_00002,-1,1
1011_00003,-1,1
1011_00004,-1,1
1011_00005,-1,1
1012_00000,-1,1
1012_00001,-1,1
1012_00002,3,1
1012_00003,-1,1
1012_00004,-1,1
1015_00000,-1,1
1015_00001,-1,1
1015_00002,25,1
1015_00003,25,1
1015_00004,25,1
1015_00005,25,1
1015_00006,25,1
1015_00007,25,1
1015_00008,-1,1
1015_00009,-1,1
1015_00010,-1,1
1015_00011,19,1
1015_00012,-1,1
1015_00013,-1,1
1015_00014,-1,1
1015_00015,-1,1
1015_00016,-1,1
1015_00017,-1,1
1015_00018,-1,1
1015_00019,-1,1
1015_00020,-1,1
1015_00021,-1,1
1015_00022,-1,1
1015_00023,25,1
1015_00024,-1,1
1015_00025,1,1
1015_00026,-1,1
1015_00027,-1,1
1015_00028,-1,1
1015_00029,-1,1
1015_00030,-1,1
1015_00031,-1,1
1015_00032,-1,1
1015_00033,25,1
1015_00034,-1,1
1015_00035,1,1
1015_00036,-1,1
1015_00037,25,1
1015_00038,25,1
1015_00039,-1,1
1015_00040,-1,1
1015_00041,-1,1
1015_00042,-1,1
1016_00000,-1,1
1016_00001,-1,1
1016_00002,-1,1
1016_00003,0,1
1016_00004,59,1
1016_00005,50,1
1016_00006,-1,1
1016_00007,1,1
1016_00008,-1,1
1016_00009,-1,1
1016_00010,59,1
1016_00011,-1,1
1016_00012,-1,1
1016_00013,59,1
1016_00014,-1,1
1016_00015,59,1
1016_00016,50,1
1016_00017,-1,1
1016_00018,-1,1
1016_00019,-1,1
1016_00020,59,1
1016_00021,-1,1
1016_00022,-1,1
1016_00023,59,1
1016_00024,-1,1
1016_00025,1,1
1016_00026,15,1
1018_00000,9,1
1018_00001,-1,1
1018_00002,48,1
1018_00003,-1,1
1018_00004,34,1
1018_00005,7,1
1018_00006,-1,1
1018_00007,4,1
1018_00008,-1,1
1018_00009,1,1
1018_00010,34,1
1018_00011,-1,1
1018_00012,-1,1
1018_00013,4,1
1018_00014,14,1
1018_00015,-1,1
1018_00016,-1,1
1018_00017,14,1
1018_00018,-1,1
1018_00019,0,1
1018_00020,13,1
1018_00021,-1,1
1018_00022,-1,1
1018_00023,0,1
1018_00024,44,1
1018_00025,-1,1
1018_00026,46,1
1018_00027,-1,1
1018_00028,11,1
1018_00029,11,1
1018_00030,0,1
1018_00031,-1,1
1018_00032,-1,1
1018_00033,-1,1
1018_00034,-1,1
1018_00035,-1,1
1018_00036,-1,1
1018_00037,48,1
1018_00038,-1,1
1018_00039,-1,1
1018_00040,-1,1
1018_00041,3,1
1018_00042,28,1
1018_00043,-1,1
1018_00044,-1,1
1018_00045,1,1
1018_00046,-1,1
1018_00047,12,1
1019_00000,-1,1
1019_00001,0,1
1019_00002,-1,1
1019_00003,-1,1
1019_00004,17,1
1019_00005,-1,1
1019_00006,-1,1
1019_00007,-1,1
1019_00008,0,1
1019_00009,-1,1
1019_00010,-1,1
1019_00011,-1,1
1019_00012,0,1
1019_00013,-1,1
1019_00014,0,1
1019_00015,0,1
1019_00016,0,1
1019_00017,-1,1
1019_00018,-1,1
1019_00019,14,1
1019_00020,0,1
1019_00021,0,1
1019_00022,-1,1
1019_00023,32,1
1019_00024,32,1
1019_00025,0,1
1019_00026,-1,1
1020_00000,-1,1
1020_00001,-1,1
1020_00002,27,1
1020_00003,27,1
1020_00004,-1,1
1020_00005,-1,1
1020_00006,-1,1
1020_00007,-1,1
1020_00008,28,1
1020_00009,-1,1
1020_00010,-1,1
1020_00011,44,1
1020_00012,-1,1
1020_00013,-1,1
1020_00014,-1,1
1020_00015,-1,1
1020_00016,-1,1
1020_00017,-1,1
1020_00018,-1,1
1020_00019,44,1
1020_00020,44,1
1020_00021,-1,1
1020_00022,-1,1
1020_00023,-1,1
1020_00024,-1,1
1020_00025,-1,1
1020_00026,-1,1
1020_00027,-1,1
1020_00028,-1,1
1020_00029,-1,1
1020_00030,-1,1
1020_00031,-1,1
1020_00032,28,1
1020_00033,-1,1
1020_00034,-1,1
1020_00035,26,1
1020_00036,-1,1
1020_00037,-1,1
1020_00038,-1,1
1020_00039,-1,1
1020_00040,-1,1
1020_00041,26,1
1020_00042,-1,1
1021_00000,-1,1
1021_00001,-1,1
1021_00002,19,1
1021_00003,-1,1
1022_00000,12,1
1022_00001,-1,1
1022_00002,12,1
1022_00003,12,1
1022_00004,-1,1
1022_00005,-1,1
1022_00006,-1,1
1022_00007,19,1
1022_00008,-1,1
1022_00009,-1,1
1022_00010,-1,1
1022_00011,-1,1
1022_00012,-1,1
1022_00013,-1,1
1022_00014,-1,1
1023_00000,12,0
1023_00001,-1,0
1023_00002,12,0
1023_00003,12,0
1023_00004,-1,0
1023_00005,-1,0
1023_00006,-1,0
1023_00007,-1,0
1023_00008,19,0
1023_00009,-1,0
1023_00010,19,0
1023_00011,-1,0
1023_00012,-1,0
1023_00013,-1,0
1023_00014,-1,0
1027_00000,-1,1
1027_00001,-1,1
1027_00002,-1,1
1027_00003,-1,1
1027_00004,0,1
1027_00005,0,1
1027_00006,0,1
1027_00007,0,1
1027_00008,-1,1
1027_00009,0,1
1027_00010,11,1
1027_00011,4,1
1027_00012,-1,1
1027_00013,-1,1
1027_00014,-1,1
1027_00015,-1,1
1027_00016,0,1
1027_00017,0,1
1027_00018,-1,1
1027_00019,1,1
1027_00020,0,1
1027_00021,0,1
1027_00022,1,1
1027_00023,0,1
1027_00024,-1,1
1027_00025,-1,1
1027_00026,0,1
1027_00027,1,1
1027_00028,-1,1
1027_00029,1,1
1027_00030,0,1
1027_00031,40,1
1027_00032,0,1
1027_00033,0,1
1027_00034,0,1
1027_00035,0,1
1027_00036,0,1
1027_00037,0,1
1028_00000,9,1
1028_00001,-1,1
1028_00002,-1,1
1028_00003,4,1
1028_00004,4,1
1028_00005,-1,1
1028_00006,22,1
1028_00007,-1,1
1028_00008,4,1
1028_00009,14,1
1028_00010,-1,1
1028_00011,-1,1
1028_00012,33,1
1028_00013,22,1
1028_00014,-1,1
1028_00015,-1,1
1028_00016,22,1
1028_00017,-1,1
1028_00018,-1,1
1028_00019,-1,1
1028_00020,-1,1
1028_00021,-1,1
1028_00022,-1,1
1028_00023,-1,1
1028_00024,-1,1
1028_00025,-1,1
1028_00026,4,1
1028_00027,-1,1
1028_00028,-1,1
1028_00029,1,1
1028_00030,-1,1
1028_00031,1,1
1028_00032,-1,1
1028_00033,-1,1
1028_00034,-1,1
1028_00035,-1,1
1028_00036,-1,1
1028_00037,-1,1
1028_00038,-1,1
1030_00000,9,1
1030_00001,9,1
1030_00002,-1,1
1030_00003,51,1
1030_00004,-1,1
1030_00005,-1,1
1030_00006,4,1
1030_00007,0,1
1030_00008,1,1
1030_00009,-1,1
1030_00010,16,1
1030_00011,-1,1
1030_00012,1,1
1030_00013,1,1
1030_00014,-1,1
1030_00015,2,1
1030_00016,1,1
1030_00017,-1,1
1030_00018,1,1
1030_00019,-1,1
1030_00020,-1,1
1030_00021,1,1
1030_00022,4,1
1030_00023,0,1
1030_00024,-1,1
1030_00025,36,1
1030_00026,26,1
1030_00027,-1,1
1030_00028,-1,1
1030_00029,-1,1
1030_00030,0,1
1030_00031,1,1
1030_00032,1,1
1030_00033,1,1
1030_00034,-1,1
1030_00035,1,1
1030_00036,-1,1
1030_00037,-1,1
1030_00038,0,1
1030_00039,-1,1
1030_00040,1,1
1030_00041,1,1
1030_00042,-1,1
1030_00043,-1,1
1030_00044,1,1
1030_00045,1,1
1030_00046,-1,1
1031_00000,-1,1
1031_00001,-1,1
1036_00000,0,1
1036_00001,0,1
1036_00002,0,1
1036_00003,-1,1
1036_00004,0,1
1036_00005,0,1
1036_00006,0,1
1036_00007,0,1
1036_00008,-1,1
1036_00009,0,1
1036_00010,0,1
1036_00011,-1,1
1036_00012,-1,1
1036_00013,-1,1
1036_00014,-1,1
1036_00015,0,1
1036_00016,0,1
1036_00017,0,1
1036_00018,-1,1
1036_00019,-1,1
1036_00020,0,1
1036_00021,-1,1
1036_00022,0,1
1036_00023,0,1
1036_00024,-1,1
1036_00025,0,1
1036_00026,0,1
1036_00027,-1,1
1036_00028,-1,1
1036_00029,-1,1
1036_00030,0,1
1036_00031,1,1
1036_00032,-1,1
1036_00033,0,1
1036_00034,0,1
1036_00035,-1,1
1036_00036,0,1
1039_00000,9,1
1039_00001,0,1
1039_00002,3,1
1039_00003,11,1
1039_00004,0,1
1039_00005,-1,1
1039_00006,-1,1
1039_00007,0,1
1039_00008,-1,1
1039_00009,-1,1
1039_00010,3,1
1039_00011,3,1
1039_00012,3,1
1039_00013,3,1
1039_00014,-1,1
1039_00015,-1,1
1039_00016,0,1
1039_00017,3,1
1039_00018,3,1
1039_00019,11,1
1039_00020,-1,1
1039_00021,-1,1
1039_00022,3,1
1039_00023,6,1
1039_00024,-1,1
1039_00025,-1,1
1039_00026,-1,1
1039_00027,-1,1
1039_00028,15,1
1039_00029,-1,1
1040_00000,9,1
1040_00001,-1,1
1040_00002,-1,1
1040_00003,59,1
1040_00004,-1,1
1040_00005,-1,1
1040_00006,-1,1
1040_00007,-1,1
1040_00008,-1,1
1040_00009,32,1
1040_00010,-1,1
1040_00011,-1,1
1040_00012,-1,1
1040_00013,32,1
1040_00014,20,1
1040_00015,46,1
1040_00016,32,1
1040_00017,32,1
1040_00018,-1,1
1040_00019,-1,1
1040_00020,-1,1
1040_00021,-1,1
1040_00022,-1,1
1040_00023,32,1
1040_00024,-1,1
1040_00025,-1,1
1040_00026,-1,1
1040_00027,1,1
1040_00028,-1,1
1040_00029,-1,1
1040_00030,-1,1
1040_00031,-1,1
1040_00032,-1,1
1040_00033,-1,1
1040_00034,-1,1
1040_00035,11,1
1041_00000,9,1
1041_00001,4,1
1041_00002,-1,1
1041_00003,-1,1
1041_00004,10,1
1041_00005,10,1
1041_00006,10,1
1041_00007,-1,1
1041_00008,10,1
1041_00009,-1,1
1041_00010,10,1
1041_00011,28,1
1041_00012,-1,1
1041_00013,-1,1
1041_00014,-1,1
1041_00015,51,1
1041_00016,1,1
1041_00017,-1,1
1041_00018,-1,1
1041_00019,-1,1
1041_00020,1,1
1041_00021,-1,1
1041_00022,1,1
1041_00023,18,1
1041_00024,10,1
1041_00025,-1,1
1041_00026,-1,1
1041_00027,-1,1
1041_00028,57,1
1041_00029,-1,1
1041_00030,10,1
1041_00031,44,1
1041_00032,-1,1
1041_00033,-1,1
1041_00034,57,1
1041_00035,10,1
1042_00000,5,1
1042_00001,-1,1
1044_00000,9,1
1044_00001,-1,1
1044_00002,-1,1
1044_00003,-1,1
1044_00004,-1,1
1044_00005,-1,1
1044_00006,-1,1
1044_00007,-1,1
1044_00008,-1,1
1044_00009,-1,1
1044_00010,-1,1
1044_00011,-1,1
1044_00012,-1,1
1044_00013,-1,1
1044_00014,-1,1
1044_00015,2,1
1044_00016,1,1
1044_00017,-1,1
1044_00018,1,1
1044_00019,-1,1
1044_00020,2,1
1044_00021,-1,1
1044_00022,-1,1
1044_00023,-1,1
1044_00024,2,1
1044_00025,-1,1
1044_00026,-1,1
1044_00027,2,1
1044_00028,-1,1
1044_00029,-1,1
1044_00030,-1,1
1045_00000,-1,1
1045_00001,-1,1
1045_00002,-1,1
1045_00003,-1,1
1045_00004,-1,1
1045_00005,-1,1
1045_00006,-1,1
1045_00007,16,1
1045_00008,16,1
1045_00009,-1,1
1045_00010,-1,1
1045_00011,3,1
1045_00012,-1,1
1045_00013,3,1
1045_00014,3,1
1045_00015,-1,1
1045_00016,-1,1
1045_00017,-1,1
1045_00018,39,1
1045_00019,16,1
1045_00020,-1,1
1046_00000,35,1
1046_00001,-1,1
1046_00002,62,1
1046_00003,35,1
1046_00004,35,1
1046_00005,-1,1
1046_00006,-1,1
1046_00007,-1,1
1046_00008,-1,1
1046_00009,35,1
1046_00010,52,1
1046_00011,-1,1
1046_00012,-1,1
1046_00013,-1,1
1046_00014,-1,1
1046_00015,-1,1
1046_00016,-1,1
1046_00017,-1,1
1046_00018,27,1
1046_00019,-1,1
1046_00020,-1,1
1046_00021,-1,1
1046_00022,-1,1
1046_00023,-1,1
1046_00024,-1,1
1046_00025,49,1
1046_00026,-1,1
1046_00027,46,1
1046_00028,-1,1
1046_00029,44,1
1046_00030,-1,1
1046_00031,-1,1
1046_00032,-1,1
1046_00033,-1,1
1046_00034,-1,1
1046_00035,46,1
1046_00036,-1,1
1046_00037,-1,1
1046_00038,-1,1
1049_00000,-1,1
1049_00001,-1,1
1049_00002,-1,1
1049_00003,-1,1
1049_00004,-1,1
1049_00005,-1,1
1049_00006,14,1
1049_00007,-1,1
1049_00008,-1,1
1049_00009,-1,1
1049_00010,-1,1
1049_00011,-1,1
1049_00012,-1,1
1049_00013,44,1
1049_00014,-1,1
1049_00015,-1,1
1049_00016,-1,1
1049_00017,-1,1
1049_00018,-1,1
1049_00019,-1,1
1049_00020,41,1
1049_00021,-1,1
1049_00022,-1,1
1049_00023,-1,1
1049_00024,-1,1
1049_00025,-1,1
1049_00026,-1,1
1049_00027,8,1
1049_00028,-1,1
1049_00029,-1,1
1049_00030,-1,1
1049_00031,-1,1
1049_00032,14,1
1049_00033,14,1
1049_00034,-1,1
1049_00035,-1,1
1049_00036,14,1
1049_00037,17,1
1049_00038,-1,1
1050_00000,45,1
1050_00001,-1,1
1050_00002,32,1
1050_00003,-1,1
1050_00004,-1,1
1050_00005,-1,1
1050_00006,-1,1
1050_00007,-1,1
1050_00008,16,1
1050_00009,-1,1
1050_00010,-1,1
1050_00011,-1,1
1050_00012,-1,1
1050_00013,16,1
1050_00014,-1,1
1050_00015,-1,1
1050_00016,54,1
1050_00017,-1,1
1050_00018,-1,1
1050_00019,-1,1
1050_00020,-1,1
1050_00021,-1,1
1050_00022,-1,1
1050_00023,-1,1
1050_00024,-1,1
1050_00025,-1,1
1050_00026,16,1
1050_00027,5,1
1050_00028,-1,1
1050_00029,33,1
1050_00030,-1,1
1050_00031,-1,1
1051_00000,-1,1
1051_00001,16,1
1051_00002,-1,1
1051_00003,-1,1
1051_00004,-1,1
1051_00005,16,1
1051_00006,-1,1
1051_00007,16,1
1051_00008,-1,1
1051_00009,-1,1
1051_00010,16,1
1051_00011,16,1
1051_00012,16,1
1051_00013,-1,1
1051_00014,16,1
1051_00015,16,1
1051_00016,16,1
1051_00017,-1,1
1051_00018,16,1
1051_00019,16,1
1051_00020,-1,1
1051_00021,-1,1
1051_00022,16,1
1051_00023,23,1
1051_00024,-1,1
1051_00025,-1,1
1051_00026,-1,1
1051_00027,-1,1
1051_00028,58,1
1051_00029,-1,1
1051_00030,16,1
1051_00031,4,1
1051_00032,-1,1
1051_00033,-1,1
1051_00034,58,1
1051_00035,-1,1
1051_00036,-1,1
1051_00037,26,1
1051_00038,4,1
1051_00039,6,1
1051_00040,-1,1
1052_00000,-1,1
1052_00001,-1,1
1052_00002,-1,1
1052_00003,-1,1
1052_00004,-1,1
1052_00005,-1,1
1052_00006,-1,1
1052_00007,2,1
1052_00008,50,1
1052_00009,50,1
1052_00010,50,1
1052_00011,50,1
1052_00012,50,1
1052_00013,-1,1
1052_00014,50,1
1052_00015,-1,1
1052_00016,38,1
1052_00017,-1,1
1052_00018,50,1
1052_00019,-1,1
1052_00020,14,1
1052_00021,-1,1
1052_00022,14,1
1052_00023,-1,1
1052_00024,-1,1
1052_00025,-1,1
1052_00026,-1,1
1052_00027,-1,1
1052_00028,-1,1
1052_00029,-1,1
1052_00030,14,1
1052_00031,-1,1
1052_00032,-1,1
1052_00033,14,1
1052_00034,-1,1
1052_00035,-1,1
1053_00000,18,1
1053_00001,-1,1
1053_00002,15,1
1053_00003,18,1
1053_00004,18,1
1053_00005,18,1
1053_00006,18,1
1053_00007,-1,1
1053_00008,18,1
1053_00009,1,1
1053_00010,18,1
1053_00011,18,1
1053_00012,18,1
1053_00013,-1,1
1053_00014,-1,1
1053_00015,-1,1
1053_00016,18,1
1053_00017,-1,1
1053_00018,-1,1
1053_00019,-1,1
1053_00020,-1,1
1053_00021,18,1
1053_00022,-1,1
1053_00023,18,1
1053_00024,18,1
1053_00025,18,1
1053_00026,18,1
1053_00027,18,1
1053_00028,18,1
1053_00029,18,1
1053_00030,18,1
1053_00031,18,1
1054_00000,9,1
1054_00001,-1,1
1054_00002,-1,1
1054_00003,-1,1
1054_00004,-1,1
1054_00005,-1,1
1054_00006,-1,1
1054_00007,-1,1
1054_00008,58,1
1054_00009,-1,1
1054_00010,49,1
1054_00011,49,1
1054_00012,48,1
1054_00013,-1,1
1054_00014,40,1
1054_00015,-1,1
1054_00016,-1,1
1054_00017,-1,1
1054_00018,-1,1
1054_00019,-1,1
1054_00020,-1,1
1054_00021,-1,1
1054_00022,-1,1
1054_00023,13,1
1054_00024,-1,1
1054_00025,-1,1
1054_00026,-1,1
1054_00027,-1,1
1054_00028,-1,1
1054_00029,8,1
1054_00030,-1,1
1054_00031,-1,1
1054_00032,46,1
1054_00033,46,1
1054_00034,-1,1
1054_00035,-1,1
1055_00000,12,1
1055_00001,-1,1
1055_00002,-1,1
1056_00000,-1,1
1056_00001,23,1
1056_00002,-1,1
1056_00003,46,1
1056_00004,46,1
1056_00005,-1,1
1056_00006,27,1
1056_00007,-1,1
1056_00008,-1,1
1056_00009,-1,1
1056_00010,-1,1
1056_00011,27,1
1056_00012,-1,1
1056_00013,-1,1
1056_00014,1,1
1056_00015,1,1
1056_00016,23,1
1056_00017,-1,1
1056_00018,-1,1
1056_00019,-1,1
1056_00020,-1,1
1056_00021,-1,1
1056_00022,-1,1
1056_00023,-1,1
1056_00024,58,1
1056_00025,-1,1
1056_00026,58,1
1056_00027,-1,1
1056_00028,1,1
1056_00029,33,1
1056_00030,1,1
1056_00031,-1,1
1056_00032,58,1
1056_00033,27,1
1056_00034,27,1
1056_00035,-1,1
1056_00036,-1,1
1056_00037,-1,1
1056_00038,-1,1
1057_00000,-1,1
1057_00001,56,1
1057_00002,56,1
1057_00003,-1,1
1057_00004,22,1
1057_00005,11,1
1057_00006,-1,1
1057_00007,22,1
1057_00008,56,1
1057_00009,56,1
1057_00010,-1,1
1057_00011,4,1
1057_00012,56,1
1057_00013,-1,1
1057_00014,-1,1
1059_00000,-1,1
1059_00001,-1,1
1059_00002,-1,1
1059_00003,-1,1
1059_00004,1,1
1059_00005,1,1
1059_00006,-1,1
1059_00007,-1,1
1059_00008,0,1
1059_00009,-1,1
1059_00010,1,1
1059_00011,1,1
1059_00012,1,1
1059_00013,1,1
1059_00014,1,1
1059_00015,-1,1
1059_00016,-1,1
1059_00017,-1,1
1059_00018,50,1
1059_00019,50,1
1059_00020,1,1
1059_00021,-1,1
1059_00022,-1,1
1059_00023,-1,1
1059_00024,1,1
1059_00025,1,1
1059_00026,-1,1
1061_00000,35,1
1061_00001,5,1
1061_00002,56,1
1061_00003,13,1
1061_00004,13,1
1061_00005,12,1
1061_00006,-1,1
1062_00000,-1,1
1062_00001,-1,1
1062_00002,-1,1
1063_00000,-1,1
1063_00001,12,1
1063_00002,12,1
1063_00003,12,1
1063_00004,-1,1
1063_00005,12,1
1063_00006,-1,1
1063_00007,-1,1
1063_00008,22,1
1063_00009,22,1
1063_00010,12,1
1064_00000,-1,1
1064_00001,4,1
1064_00002,-1,1
1064_00003,24,1
1064_00004,4,1
1064_00005,-1,1
1064_00006,-1,1
1065_00000,-1,1
1065_00001,3,1
1065_00002,3,1
1065_00003,-1,1
1065_00004,-1,1
1066_00000,38,1
1066_00001,-1,1
1066_00002,2,1
1066_00003,-1,1
1066_00004,-1,1
1066_00005,-1,1
1066_00006,-1,1
1066_00007,-1,1
1066_00008,5,1
1066_00009,-1,1
1066_00010,-1,1
1066_00011,-1,1
1066_00012,-1,1
1066_00013,2,1
1066_00014,-1,1
1066_00015,-1,1
1066_00016,-1,1
1066_00017,-1,1
1066_00018,-1,1
1066_00019,-1,1
1066_00020,-1,1
1066_00021,2,1
1066_00022,-1,1
1066_00023,-1,1
1066_00024,-1,1
1066_00025,-1,1
1066_00026,-1,1
1066_00027,-1,1
1066_00028,-1,1
1066_00029,-1,1
1066_00030,1,1
1066_00031,-1,1
1066_00032,-1,1
1066_00033,-1,1
1066_00034,10,1
1066_00035,-1,1
1066_00036,-1,1
1066_00037,-1,1
1066_00038,-1,1
1066_00039,-1,1
1067_00000,-1,1
1067_00001,27,1
1067_00002,-1,1
1067_00003,-1,1
1067_00004,-1,1
1067_00005,-1,1
1067_00006,-1,1
1067_00007,-1,1
1067_00008,-1,1
1067_00009,-1,1
1067_00010,-1,1
1067_00011,28,1
1067_00012,-1,1
1067_00013,-1,1
1067_00014,-1,1
1067_00015,-1,1
1067_00016,-1,1
1067_00017,-1,1
1067_00018,-1,1
1067_00019,-1,1
1067_00020,-1,1
1067_00021,-1,1
1067_00022,-1,1
1067_00023,-1,1
1067_00024,23,1
1067_00025,-1,1
1067_00026,11,1
1067_00027,11,1
1067_00028,-1,1
1067_00029,-1,1
1067_00030,-1,1
1067_00031,-1,1
1067_00032,-1,1
1067_00033,23,1
1067_00034,-1,1
1067_00035,27,1
1070_00000,-1,1
1070_00001,0,1
1070_00002,-1,1
1070_00003,-1,1
1070_00004,23,1
1070_00005,40,1
1070_00006,-1,1
1070_00007,-1,1
1070_00008,-1,1
1070_00009,-1,1
1070_00010,-1,1
1070_00011,48,1
1070_00012,14,1
1070_00013,-1,1
1070_00014,-1,1
1070_00015,14,1
1070_00016,-1,1
1070_00017,-1,1
1070_00018,-1,1
1070_00019,-1,1
1070_00020,-1,1
1070_00021,-1,1
1070_00022,-1,1
1070_00023,-1,1
1070_00024,-1,1
1070_00025,-1,1
1070_00026,-1,1
1070_00027,-1,1
1070_00028,-1,1
1070_00029,14,1
1070_00030,1,1
1070_00031,1,1
1070_00032,-1,1
1070_00033,36,1
1070_00034,1,1
1070_00035,1,1
1070_00036,1,1
1070_00037,-1,1
1070_00038,-1,1
1070_00039,-1,1
1070_00040,-1,1
1070_00041,-1,1
1071_00000,-1,1
1071_00001,-1,1
1071_00002,33,1
1071_00003,-1,1
1071_00004,28,1
1071_00005,28,1
1071_00006,-1,1
1071_00007,35,1
1071_00008,58,1
1071_00009,-1,1
1071_00010,-1,1
1071_00011,13,1
1071_00012,-1,1
1071_00013,-1,1
1071_00014,-1,1
1071_00015,-1,1
1071_00016,-1,1
1071_00017,28,1
1071_00018,-1,1
1071_00019,-1,1
1071_00020,-1,1
1071_00021,44,1
1071_00022,21,1
1071_00023,-1,1
1071_00024,28,1
1071_00025,33,1
1071_00026,28,1
1071_00027,-1,1
1071_00028,-1,1
1071_00029,-1,1
1071_00030,-1,1
1071_00031,11,1
1071_00032,13,1
1071_00033,-1,1
1071_00034,28,1
1071_00035,-1,1
1073_00000,-1,1
1073_00001,12,1
1073_00002,9,1
1073_00003,25,1
1073_00004,14,1
1073_00005,-1,1
1073_00006,57,1
1073_00007,46,1
1073_00008,-1,1
1073_00009,14,1
1073_00010,-1,1
1073_00011,14,1
1073_00012,-1,1
1073_00013,-1,1
1073_00014,-1,1
1073_00015,-1,1
1073_00016,16,1
1073_00017,-1,1
1073_00018,-1,1
1073_00019,-1,1
1073_00020,14,1
1073_00021,-1,1
1073_00022,-1,1
1073_00023,-1,1
1073_00024,19,1
1073_00025,-1,1
1073_00026,-1,1
1073_00027,-1,1
1073_00028,-1,1
1073_00029,-1,1
1073_00030,59,1
1073_00031,-1,1
1073_00032,-1,1
1073_00033,-1,1
1073_00034,-1,1
1073_00035,-1,1
1073_00036,-1,1
1073_00037,-1,1
1073_00038,-1,1
1073_00039,1,1
1073_00040,-1,1
1073_00041,-1,1
1073_00042,50,1
1073_00043,-1,1
1073_00044,-1,1
1073_00045,-1,1
1073_00046,-1,1
1073_00047,-1,1
1073_00048,-1,1
1073_00049,-1,1
1073_00050,-1,1
1073_00051,-1,1
1073_00052,-1,1
1073_00053,-1,1
1073_00054,-1,1
1073_00055,1,1
1073_00056,-1,1
1073_00057,-1,1
1073_00058,-1,1
1073_00059,0,1
1073_00060,-1,1
1073_00061,-1,1
1073_00062,-1,1
1075_00000,0,1
1075_00001,0,1
1075_00002,-1,1
1075_00003,-1,1
1075_00004,0,1
1075_00005,-1,1
1075_00006,0,1
1075_00007,-1,1
1075_00008,0,1
1075_00009,-1,1
1075_00010,0,1
1075_00011,-1,1
1075_00012,-1,1
1075_00013,0,1
1075_00014,0,1
1075_00015,0,1
1075_00016,0,1
1075_00017,35,1
1075_00018,-1,1
1075_00019,0,1
1075_00020,0,1
1075_00021,0,1
1075_00022,14,1
1075_00023,0,1
1075_00024,0,1
1075_00025,0,1
1075_00026,0,1
1075_00027,0,1
1075_00028,14,1
1075_00029,0,1
1075_00030,14,1
1075_00031,1,1
1075_00032,0,1
1075_00033,0,1
1075_00034,-1,1
1075_00035,0,1
1076_00000,-1,1
1076_00001,-1,1
1076_00002,3,1
1076_00003,22,1
1076_00004,-1,1
1076_00005,22,1
1076_00006,-1,1
1076_00007,-1,1
1076_00008,-1,1
1076_00009,-1,1
1076_00010,4,1
1076_00011,20,1
1076_00012,-1,1
1076_00013,-1,1
1076_00014,35,1
1076_00015,22,1
1076_00016,-1,1
1076_00017,-1,1
1076_00018,22,1
1076_00019,-1,1
1076_00020,-1,1
1076_00021,-1,1
1076_00022,-1,1
1076_00023,4,1
1076_00024,4,1
1076_00025,-1,1
1076_00026,4,1
1076_00027,-1,1
1076_00028,-1,1
1076_00029,-1,1
1076_00030,-1,1
1076_00031,28,1
1076_00032,-1,1
1076_00033,1,1
1076_00034,-1,1
1076_00035,11,1
1076_00036,22,1
1076_00037,33,1
1076_00038,-1,1
1076_00039,11,1
1076_00040,28,1
1077_00000,44,1
1077_00001,-1,1
1077_00002,16,1
1077_00003,-1,1
1077_00004,-1,1
1077_00005,41,1
1077_00006,-1,1
1077_00007,-1,1
1077_00008,-1,1
1077_00009,23,1
1077_00010,-1,1
1077_00011,-1,1
1077_00012,-1,1
1077_00013,-1,1
1077_00014,-1,1
1077_00015,23,1
1077_00016,11,1
1077_00017,23,1
1077_00018,-1,1
1077_00019,-1,1
1077_00020,-1,1
1077_00021,-1,1
1077_00022,-1,1
1077_00023,11,1
1077_00024,11,1
1077_00025,-1,1
1077_00026,-1,1
1077_00027,41,1
1077_00028,-1,1
1077_00029,23,1
1077_00030,-1,1
1077_00031,27,1
1077_00032,27,1
1078_00000,9,1
1078_00001,-1,1
1078_00002,-1,1
1078_00003,-1,1
1078_00004,14,1
1078_00005,-1,1
1078_00006,-1,1
1078_00007,14,1
1078_00008,-1,1
1078_00009,4,1
1078_00010,14,1
1078_00011,4,1
1078_00012,14,1
1078_00013,-1,1
1078_00014,-1,1
1078_00015,-1,1
1078_00016,14,1
1078_00017,-1,1
1078_00018,-1,1
1078_00019,-1,1
1078_00020,4,1
1078_00021,-1,1
1078_00022,-1,1
1078_00023,50,1
1078_00024,1,1
1078_00025,-1,1
1078_00026,-1,1
1078_00027,-1,1
1078_00028,1,1
1078_00029,-1,1
1082_00000,-1,1
1082_00001,-1,1
1082_00002,-1,1
1082_00003,-1,1
1082_00004,35,1
1082_00005,-1,1
1082_00006,-1,1
1082_00007,-1,1
1082_00008,-1,1
1082_00009,-1,1
1082_00010,-1,1
1082_00011,-1,1
1082_00012,-1,1
1082_00013,11,1
1082_00014,-1,1
1082_00015,-1,1
1082_00016,46,1
1082_00017,-1,1
1082_00018,-1,1
1082_00019,11,1
1082_00020,11,1
1082_00021,-1,1
1082_00022,51,1
1082_00023,-1,1
1082_00024,-1,1
1082_00025,-1,1
1082_00026,-1,1
1082_00027,30,1
1082_00028,-1,1
1082_00029,-1,1
1082_00030,-1,1
1082_00031,23,1
1082_00032,30,1
1082_00033,30,1
1082_00034,-1,1
1085_00000,-1,1
1085_00001,-1,1
1085_00002,-1,1
1085_00003,-1,1
1085_00004,-1,1
1085_00005,-1,1
1085_00006,-1,1
1085_00007,-1,1
1085_00008,-1,1
1085_00009,-1,1
1085_00010,7,1
1085_00011,13,1
1085_00012,48,1
1085_00013,-1,1
1085_00014,-1,1
1085_00015,-1,1
1085_00016,-1,1
1085_00017,-1,1
1085_00018,-1,1
1085_00019,13,1
1085_00020,-1,1
1085_00021,-1,1
1085_00022,-1,1
1085_00023,-1,1
1085_00024,-1,1
1085_00025,-1,1
1085_00026,-1,1
1085_00027,-1,1
1085_00028,-1,1
1085_00029,-1,1
1085_00030,-1,1
1085_00031,56,1
1085_00032,-1,1
1085_00033,-1,1
1085_00034,-1,1
1085_00035,-1,1
1085_00036,-1,1
1085_00037,-1,1
1085_00038,-1,1
1085_00039,-1,1
1085_00040,-1,1
1085_00041,-1,1
1085_00042,-1,1
1086_00000,12,1
1086_00001,-1,1
1086_00002,19,1
1087_00000,-1,1
1087_00001,-1,1
1087_00002,-1,1
1087_00003,24,1
1087_00004,-1,1
1087_00005,5,1
1087_00006,19,1
1087_00007,23,1
1087_00008,-1,1
1087_00009,-1,1
1087_00010,-1,1
1087_00011,-1,1
1087_00012,-1,1
1087_00013,-1,1
1087_00014,-1,1
1087_00015,-1,1
1087_00016,-1,1
1087_00017,-1,1
1087_00018,-1,1
1087_00019,-1,1
1087_00020,-1,1
1087_00021,-1,1
1087_00022,-1,1
1087_00023,-1,1
1087_00024,-1,1
1087_00025,19,1
1087_00026,19,1
1087_00027,16,1
1087_00028,-1,1
1087_00029,-1,1
1087_00030,-1,1
1087_00031,-1,1
1087_00032,-1,1
1087_00033,9,1
1087_00034,19,1
1087_00035,19,1
1087_00036,19,1
1087_00037,24,1
1091_00000,-1,1
1091_00001,21,1
1091_00002,4,1
1091_00003,55,1
1091_00004,55,1
1091_00005,21,1
1091_00006,21,1
1091_00007,21,1
1091_00008,4,1
1091_00009,21,1
1091_00010,-1,1
1091_00011,24,1
1091_00012,-1,1
1091_00013,-1,1
1091_00014,-1,1
1091_00015,21,1
1091_00016,-1,1
1091_00017,4,1
1091_00018,-1,1
1091_00019,56,1
1091_00020,55,1
1091_00021,22,1
1091_00022,55,1
1091_00023,55,1
1091_00024,55,1
1091_00025,24,1
1091_00026,21,1
1091_00027,-1,1
1091_00028,-1,1
1091_00029,-1,1
1091_00030,21,1
1091_00031,1,1
1091_00032,-1,1
1091_00033,-1,1
1091_00034,21,1
1091_00035,-1,1
1091_00036,21,1
1091_00037,21,1
1091_00038,55,1
1091_00039,55,1
1091_00040,21,1
1091_00041,21,1
1095_00000,16,1
1095_00001,-1,1
1095_00002,-1,1
1095_00003,-1,1
1095_00004,-1,1
1095_00005,-1,1
1095_00006,-1,1
1095_00007,-1,1
1095_00008,-1,1
1095_00009,28,1
1095_00010,16,1
1095_00011,-1,1
1095_00012,-1,1
1095_00013,-1,1
1095_00014,-1,1
1095_00015,-1,1
1095_00016,-1,1
1095_00017,16,1
1095_00018,-1,1
1095_00019,49,1
1095_00020,-1,1
1095_00021,-1,1
1095_00022,-1,1
1095_00023,16,1
1095_00024,48,1
1095_00025,21,1
1095_00026,-1,1
1095_00027,-1,1
1095_00028,-1,1
1095_00029,16,1
1095_00030,-1,1
1095_00031,-1,1
1095_00032,-1,1
1095_00033,21,1
1095_00034,-1,1
1096_00000,-1,1
1096_00001,-1,1
1096_00002,-1,1
1096_00003,-1,1
1096_00004,-1,1
1096_00005,-1,1
1096_00006,10,1
1096_00007,30,1
1096_00008,-1,1
1096_00009,-1,1
1096_00010,-1,1
1096_00011,-1,1
1096_00012,-1,1
1096_00013,-1,1
1096_00014,-1,1
1096_00015,-1,1
1096_00016,-1,1
1096_00017,-1,1
1096_00018,-1,1
1096_00019,-1,1
1096_00020,-1,1
1096_00021,-1,1
1096_00022,-1,1
1096_00023,-1,1
1096_00024,-1,1
1096_00025,-1,1
1096_00026,-1,1
1096_00027,-1,1
1096_00028,-1,1
1096_00029,-1,1
1096_00030,-1,1
1096_00031,-1,1
1096_00032,-1,1
1096_00033,-1,1
1096_00034,-1,1
1096_00035,38,1
1096_00036,-1,1
1096_00037,-1,1
1099_00000,-1,1
1099_00001,54,1
1099_00002,-1,1
1099_00003,-1,1
1099_00004,2,1
1099_00005,2,1
1099_00006,2,1
1099_00007,2,1
1099_00008,54,1
1099_00009,2,1
1099_00010,2,1
1099_00011,2,1
1099_00012,-1,1
1099_00013,34,1
1099_00014,2,1
1099_00015,-1,1
1099_00016,-1,1
1099_00017,-1,1
1099_00018,-1,1
1099_00019,-1,1
1099_00020,54,1
1099_00021,54,1
1099_00022,-1,1
1099_00023,34,1
1099_00024,-1,1
1099_00025,-1,1
1099_00026,-1,1
1099_00027,-1,1
1099_00028,-1,1
1101_00000,9,1
1101_00001,11,1
1101_00002,-1,1
1101_00003,28,1
1101_00004,-1,1
1101_00005,-1,1
1101_00006,-1,1
1101_00007,-1,1
1101_00008,-1,1
1101_00009,-1,1
1101_00010,-1,1
1101_00011,27,1
1101_00012,-1,1
1101_00013,-1,1
1101_00014,-1,1
1101_00015,-1,1
1101_00016,0,1
1101_00017,-1,1
1101_00018,-1,1
1101_00019,-1,1
1101_00020,11,1
1101_00021,-1,1
1101_00022,-1,1
1101_00023,-1,1
1101_00024,-1,1
1101_00025,-1,1
1101_00026,-1,1
1101_00027,-1,1
1101_00028,23,1
1101_00029,-1,1
1101_00030,-1,1
1101_00031,-1,1
1101_00032,-1,1
1101_00033,-1,1
1102_00000,-1,1
1102_00001,6,1
1102_00002,-1,1
1102_00003,51,1
1102_00004,-1,1
1102_00005,-1,1
1102_00006,-1,1
1102_00007,-1,1
1102_00008,35,1
1102_00009,-1,1
1102_00010,20,1
1102_00011,-1,1
1102_00012,-1,1
1102_00013,-1,1
1102_00014,-1,1
1102_00015,-1,1
1102_00016,-1,1
1102_00017,-1,1
1102_00018,-1,1
1102_00019,-1,1
1102_00020,-1,1
1102_00021,-1,1
1102_00022,-1,1
1102_00023,48,1
1102_00024,-1,1
1102_00025,2,1
1102_00026,-1,1
1102_00027,-1,1
1102_00028,-1,1
1102_00029,-1,1
1102_00030,-1,1
1102_00031,-1,1
1104_00000,11,1
1104_00001,-1,1
1104_00002,-1,1
1104_00003,-1,1
1104_00004,11,1
1104_00005,-1,1
1104_00006,11,1
1104_00007,-1,1
1104_00008,3,1
1104_00009,-1,1
1104_00010,-1,1
1104_00011,-1,1
1104_00012,3,1
1104_00013,-1,1
1104_00014,3,1
1104_00015,3,1
1104_00016,-1,1
1104_00017,-1,1
1104_00018,-1,1
1104_00019,3,1
1104_00020,-1,1
1104_00021,52,1
1104_00022,-1,1
1104_00023,-1,1
1104_00024,-1,1
1104_00025,-1,1
1104_00026,41,1
1104_00027,-1,1
1104_00028,-1,1
1104_00029,-1,1
1104_00030,-1,1
1104_00031,-1,1
1104_00032,-1,1
1104_00033,-1,1
1104_00034,-1,1
1104_00035,-1,1
1104_00036,33,1
1104_00037,-1,1
1104_00038,15,1
1104_00039,-1,1
1104_00040,6,1
1104_00041,-1,1
1105_00000,16,1
1105_00001,16,1
1105_00002,-1,1
1105_00003,-1,1
1105_00004,-1,1
1105_00005,-1,1
1105_00006,-1,1
1105_00007,-1,1
1105_00008,-1,1
1105_00009,-1,1
1105_00010,-1,1
1105_00011,-1,1
1105_00012,-1,1
1105_00013,-1,1
1105_00014,-1,1
1105_00015,-1,1
1105_00016,-1,1
1105_00017,-1,1
1105_00018,-1,1
1105_00019,-1,1
1105_00020,-1,1
1105_00021,22,1
1105_00022,-1,1
1105_00023,-1,1
1105_00024,-1,1
1105_00025,-1,1
1105_00026,3,1
1105_00027,-1,1
1105_00028,8,1
1105_00029,-1,1
1105_00030,-1,1
1105_00031,-1,1
1105_00032,-1,1
1105_00033,1,1
1105_00034,-1,1
1105_00035,1,1
1105_00036,1,1
1106_00000,1,1
1106_00001,-1,1
1106_00002,-1,1
1106_00003,-1,1
1106_00004,-1,1
1106_00005,-1,1
1106_00006,4,1
1106_00007,-1,1
1106_00008,-1,1
1106_00009,1,1
1106_00010,-1,1
1106_00011,-1,1
1106_00012,-1,1
1106_00013,-1,1
1106_00014,1,1
1106_00015,1,1
1106_00016,1,1
1106_00017,-1,1
1106_00018,-1,1
1106_00019,-1,1
1106_00020,-1,1
1106_00021,8,1
1106_00022,-1,1
1106_00023,-1,1
1106_00024,-1,1
1106_00025,1,1
1106_00026,-1,1
1106_00027,-1,1
1110_00000,-1,1
1110_00001,16,1
1110_00002,-1,1
1110_00003,-1,1
1110_00004,4,1
1110_00005,-1,1
1110_00006,-1,1
1110_00007,16,1
1110_00008,16,1
1110_00009,-1,1
1110_00010,6,1
1110_00011,-1,1
1110_00012,26,1
1110_00013,15,1
1110_00014,15,1
1110_00015,15,1
1110_00016,-1,1
1110_00017,15,1
1110_00018,15,1
1110_00019,15,1
1110_00020,-1,1
1110_00021,47,1
1110_00022,26,1
1110_00023,26,1
1110_00024,26,1
1110_00025,26,1
1110_00026,15,1
1110_00027,-1,1
1110_00028,6,1
1110_00029,27,1
1110_00030,26,1
1110_00031,-1,1
1110_00032,26,1
1110_00033,26,1
1110_00034,-1,1
1110_00035,-1,1
1110_00036,15,1
1110_00037,3,1
1110_00038,-1,1
1110_00039,26,1
1111_00000,11,1
1111_00001,-1,1
1111_00002,4,1
1111_00003,-1,1
1111_00004,-1,1
1111_00005,-1,1
1111_00006,-1,1
1111_00007,-1,1
1111_00008,-1,1
1111_00009,-1,1
1111_00010,11,1
1111_00011,-1,1
1111_00012,-1,1
1111_00013,-1,1
1111_00014,1,1
1111_00015,-1,1
1111_00016,3,1
1111_00017,3,1
1111_00018,3,1
1111_00019,3,1
1111_00020,3,1
1111_00021,-1,1
1111_00022,11,1
1111_00023,-1,1
1111_00024,11,1
1111_00025,11,1
1111_00026,-1,1
1111_00027,11,1
1111_00028,-1,1
1111_00029,-1,1
1111_00030,-1,1
1111_00031,1,1
1111_00032,-1,1
1111_00033,1,1
1111_00034,1,1
1113_00000,50,1
1113_00001,-1,1
1113_00002,-1,1
1113_00003,-1,1
1113_00004,-1,1
1113_00005,-1,1
1113_00006,-1,1
1113_00007,48,1
1113_00008,-1,1
1113_00009,60,1
1113_00010,-1,1
1113_00011,4,1
1113_00012,11,1
1113_00013,-1,1
1113_00014,-1,1
1113_00015,1,1
1113_00016,-1,1
1113_00017,-1,1
1113_00018,-1,1
1113_00019,-1,1
1113_00020,1,1
1114_00000,0,1
1114_00001,-1,1
1114_00002,-1,1
1114_00003,-1,1
1114_00004,-1,1
1114_00005,-1,1
1114_00006,-1,1
1114_00007,-1,1
1114_00008,40,1
1114_00009,-1,1
1114_00010,44,1
1114_00011,-1,1
1114_00012,-1,1
1114_00013,0,1
1114_00014,-1,1
1114_00015,-1,1
1114_00016,1,1
1114_00017,1,1
1114_00018,-1,1
1114_00019,-1,1
1114_00020,-1,1
1114_00021,0,1
1114_00022,47,1
1114_00023,-1,1
1114_00024,-1,1
1114_00025,-1,1
1114_00026,-1,1
1114_00027,15,1
1114_00028,0,1
1114_00029,0,1
1114_00030,-1,1
1114_00031,0,1
1114_00032,1,1
1114_00033,8,1
1114_00034,0,1
1114_00035,51,1
1114_00036,-1,1
1114_00037,0,1
1114_00038,-1,1
1115_00000,0,0
1115_00001,-1,0
1115_00002,-1,0
1115_00003,-1,0
1115_00004,-1,0
1115_00005,-1,0
1115_00006,-1,0
1115_00007,-1,0
1115_00008,39,0
1115_00009,-1,0
1115_00010,-1,0
1115_00011,-1,0
1115_00012,-1,0
1115_00013,0,0
1115_00014,-1,0
1115_00015,-1,0
1115_00016,-1,0
1115_00017,1,0
1115_00018,-1,0
1115_00019,-1,0
1115_00020,-1,0
1115_00021,-1,0
1115_00022,-1,0
1115_00023,-1,0
1115_00024,-1,0
1115_00025,-1,0
1115_00026,-1,0
1115_00027,-1,0
1115_00028,-1,0
1115_00029,3,0
1115_00030,12,0
1115_00031,0,0
1115_00032,-1,0
1115_00033,8,0
1115_00034,0,0
1115_00035,4,0
1115_00036,1,0
1115_00037,0,0
1115_00038,-1,0
1116_00000,-1,1
1116_00001,-1,1
1116_00002,-1,1
1116_00003,-1,1
1117_00000,-1,1
1117_00001,53,1
1117_00002,14,1
1117_00003,-1,1
1117_00004,-1,1
1117_00005,-1,1
1117_00006,48,1
1117_00007,-1,1
1117_00008,16,1
1117_00009,-1,1
1117_00010,-1,1
1117_00011,-1,1
1117_00012,-1,1
1117_00013,1,1
1117_00014,-1,1
1117_00015,16,1
1117_00016,-1,1
1117_00017,-1,1
1117_00018,-1,1
1117_00019,-1,1
1117_00020,48,1
1117_00021,-1,1
1117_00022,32,1
1117_00023,1,1
1117_00024,1,1
1117_00025,-1,1
1117_00026,-1,1
1117_00027,-1,1
1118_00000,9,1
1118_00001,27,1
1118_00002,27,1
1118_00003,27,1
1118_00004,-1,1
1118_00005,-1,1
1118_00006,-1,1
1118_00007,16,1
1118_00008,-1,1
1118_00009,-1,1
1118_00010,16,1
1118_00011,40,1
1118_00012,8,1
1118_00013,8,1
1118_00014,8,1
1118_00015,8,1
1118_00016,8,1
1118_00017,8,1
1118_00018,27,1
1118_00019,-1,1
1118_00020,27,1
1118_00021,57,1
1118_00022,27,1
1118_00023,11,1
1118_00024,13,1
1118_00025,-1,1
1118_00026,-1,1
1118_00027,-1,1
1118_00028,-1,1
1118_00029,27,1
1118_00030,-1,1
1118_00031,28,1
1118_00032,8,1
1118_00033,13,1
1118_00034,-1,1
1118_00035,57,1
1118_00036,-1,1
1118_00037,16,1
1118_00038,27,1
1118_00039,-1,1
1118_00040,9,1
1120_00000,-1,1
1120_00001,17,1
1120_00002,17,1
1120_00003,17,1
1120_00004,17,1
1120_00005,46,1
1120_00006,-1,1
1120_00007,17,1
1120_00008,-1,1
1120_00009,17,1
1120_00010,17,1
1120_00011,17,1
1120_00012,-1,1
1120_00013,3,1
1120_00014,8,1
1120_00015,14,1
1120_00016,17,1
1120_00017,17,1
1120_00018,14,1
1120_00019,-1,1
1120_00020,-1,1
1120_00021,48,1
1120_00022,14,1
1120_00023,-1,1
1120_00024,50,1
1120_00025,17,1
1120_00026,17,1
1120_00027,17,1
1120_00028,17,1
1120_00029,17,1
1120_00030,17,1
1120_00031,17,1
1120_00032,-1,1
1120_00033,-1,1
1120_00034,14,1
1120_00035,14,1
1120_00036,14,1
1120_00037,-1,1
1120_00038,-1,1
1120_00039,-1,1
1120_00040,-1,1
1120_00041,-1,1
1120_00042,-1,1
1120_00043,-1,1
1120_00044,3,1
1120_00045,-1,1
1121_00000,9,1
1121_00001,-1,1
1121_00002,-1,1
1121_00003,-1,1
1121_00004,-1,1
1121_00005,25,1
1121_00006,25,1
1121_00007,-1,1
1121_00008,-1,1
1121_00009,4,1
1121_00010,-1,1
1121_00011,-1,1
1121_00012,44,1
1121_00013,-1,1
1121_00014,-1,1
1121_00015,-1,1
1121_00016,4,1
1121_00017,-1,1
1121_00018,-1,1
1121_00019,17,1
1121_00020,-1,1
1121_00021,-1,1
1121_00022,-1,1
1121_00023,-1,1
1121_00024,-1,1
1121_00025,-1,1
1121_00026,-1,1
1121_00027,-1,1
1124_00000,-1,1
1124_00001,-1,1
1124_00002,-1,1
1125_00000,9,1
1125_00001,-1,1
1125_00002,14,1
1125_00003,-1,1
1125_00004,46,1
1125_00005,14,1
1125_00006,-1,1
1125_00007,-1,1
1125_00008,-1,1
1125_00009,-1,1
1125_00010,-1,1
1125_00011,-1,1
1125_00012,-1,1
1125_00013,-1,1
1125_00014,-1,1
1125_00015,-1,1
1125_00016,-1,1
1125_00017,-1,1
1125_00018,-1,1
1125_00019,-1,1
1125_00020,-1,1
1125_00021,-1,1
1125_00022,-1,1
1125_00023,-1,1
1125_00024,-1,1
1125_00025,-1,1
1125_00026,-1,1
1125_00027,-1,1
1125_00028,-1,1
1125_00029,-1,1
1125_00030,-1,1
1125_00031,-1,1
1125_00032,-1,1
1126_00000,-1,1
1126_00001,-1,1
1126_00002,0,1
1126_00003,0,1
1126_00004,0,1
1126_00005,0,1
1126_00006,-1,1
1126_00007,-1,1
1126_00008,0,1
1126_00009,0,1
1126_00010,0,1
1126_00011,-1,1
1126_00012,-1,1
1126_00013,49,1
1126_00014,0,1
1126_00015,0,1
1126_00016,4,1
1126_00017,0,1
1126_00018,-1,1
1126_00019,1,1
1126_00020,23,1
1126_00021,-1,1
1126_00022,1,1
1126_00023,0,1
1126_00024,0,1
1126_00025,-1,1
1126_00026,23,1
1126_00027,0,1
1126_00028,0,1
1126_00029,49,1
1126_00030,-1,1
1126_00031,1,1
1126_00032,1,1
1127_00000,58,1
1127_00001,-1,1
1127_00002,-1,1
1127_00003,-1,1
1127_00004,-1,1
1127_00005,-1,1
1127_00006,-1,1
1127_00007,-1,1
1127_00008,-1,1
1127_00009,-1,1
1127_00010,26,1
1127_00011,26,1
1127_00012,-1,1
1127_00013,-1,1
1127_00014,-1,1
1127_00015,-1,1
1127_00016,26,1
1127_00017,-1,1
1127_00018,-1,1
1127_00019,47,1
1127_00020,47,1
1127_00021,-1,1
1127_00022,-1,1
1127_00023,-1,1
1127_00024,30,1
1127_00025,30,1
1127_00026,30,1
1127_00027,32,1
1127_00028,-1,1
1127_00029,5,1
1127_00030,-1,1
1127_00031,-1,1
1127_00032,-1,1
1127_00033,-1,1
1127_00034,47,1
1127_00035,58,1
1127_00036,1,1
1127_00037,-1,1
1127_00038,-1,1
1128_00000,0,1
1128_00001,0,1
1128_00002,0,1
1128_00003,0,1
1128_00004,0,1
1128_00005,0,1
1128_00006,0,1
1128_00007,0,1
1128_00008,-1,1
1128_00009,0,1
1128_00010,0,1
1128_00011,0,1
1128_00012,0,1
1128_00013,0,1
1128_00014,0,1
1128_00015,0,1
1128_00016,0,1
1128_00017,-1,1
1128_00018,0,1
1128_00019,0,1
1128_00020,0,1
1128_00021,0,1
1128_00022,0,1
1128_00023,0,1
1128_00024,0,1
1128_00025,16,1
1128_00026,0,1
1128_00027,0,1
1128_00028,0,1
1128_00029,0,1
1128_00030,0,1
1128_00031,0,1
1128_00032,11,1
1128_00033,-1,1
1128_00034,0,1
1128_00035,0,1
1129_00000,28,1
1129_00001,-1,1
1129_00002,-1,1
1129_00003,-1,1
1129_00004,23,1
1129_00005,-1,1
1129_00006,-1,1
1129_00007,27,1
1129_00008,51,1
1129_00009,-1,1
1129_00010,-1,1
1129_00011,-1,1
1129_00012,-1,1
1129_00013,46,1
1129_00014,-1,1
1129_00015,-1,1
1129_00016,-1,1
1129_00017,-1,1
1129_00018,-1,1
1129_00019,-1,1
1129_00020,3,1
1129_00021,-1,1
1129_00022,-1,1
1129_00023,1,1
1129_00024,1,1
1129_00025,3,1
1129_00026,-1,1
1129_00027,-1,1
1129_00028,3,1
1129_00029,1,1
1129_00030,11,1
1130_00000,0,1
1130_00001,0,1
1130_00002,0,1
1130_00003,0,1
1130_00004,0,1
1130_00005,0,1
1130_00006,-1,1
1130_00007,-1,1
1130_00008,-1,1
1130_00009,62,1
1130_00010,0,1
1130_00011,0,1
1130_00012,-1,1
1130_00013,0,1
1130_00014,0,1
1130_00015,0,1
1130_00016,0,1
1130_00017,0,1
1130_00018,27,1
1130_00019,-1,1
1130_00020,0,1
1130_00021,0,1
1130_00022,0,1
1130_00023,-1,1
1130_00024,3,1
1130_00025,0,1
1130_00026,0,1
1130_00027,0,1
1130_00028,-1,1
1130_00029,0,1
1130_00030,-1,1
1130_00031,0,1
1131_00000,9,1
1131_00001,-1,1
1131_00002,-1,1
1131_00003,-1,1
1131_00004,60,1
1131_00005,-1,1
1131_00006,-1,1
1131_00007,-1,1
1131_00008,-1,1
1131_00009,-1,1
1131_00010,1,1
1131_00011,36,1
1131_00012,-1,1
1131_00013,-1,1
1131_00014,40,1
1131_00015,-1,1
1131_00016,4,1
1131_00017,-1,1
1131_00018,2,1
1131_00019,60,1
1131_00020,2,1
1131_00021,2,1
1131_00022,21,1
1131_00023,60,1
1131_00024,60,1
1131_00025,36,1
1131_00026,-1,1
1131_00027,-1,1
1131_00028,-1,1
1131_00029,-1,1
1131_00030,-1,1
1133_00000,6,1
1133_00001,6,1
1133_00002,-1,1
1133_00003,4,1
1133_00004,3,1
1133_00005,-1,1
1133_00006,-1,1
1133_00007,6,1
1133_00008,-1,1
1133_00009,-1,1
1133_00010,-1,1
1133_00011,-1,1
1133_00012,-1,1
1133_00013,-1,1
1133_00014,-1,1
1133_00015,-1,1
1133_00016,1,1
1133_00017,-1,1
1133_00018,-1,1
1133_00019,3,1
1133_00020,-1,1
1133_00021,22,1
1133_00022,-1,1
1133_00023,6,1
1133_00024,-1,1
1133_00025,6,1
1133_00026,-1,1
1133_00027,-1,1
1133_00028,-1,1
1133_00029,-1,1
1133_00030,-1,1
1133_00031,-1,1
1133_00032,-1,1
1133_00033,-1,1
1133_00034,-1,1
1133_00035,6,1
1133_00036,6,1
1133_00037,-1,1
1133_00038,1,1
1133_00039,1,1
1133_00040,1,1
1133_00041,-1,1
1133_00042,-1,1
1133_00043,0,1
1133_00044,3,1
1133_00045,6,1
1134_00000,0,1
1134_00001,0,1
1134_00002,-1,1
1134_00003,0,1
1134_00004,0,1
1134_00005,3,1
1134_00006,-1,1
1134_00007,0,1
1134_00008,0,1
1134_00009,0,1
1134_00010,-1,1
1134_00011,11,1
1134_00012,-1,1
1134_00013,-1,1
1134_00014,11,1
1134_00015,0,1
1134_00016,0,1
1134_00017,-1,1
1134_00018,-1,1
1134_00019,0,1
1134_00020,0,1
1134_00021,0,1
1134_00022,1,1
1134_00023,-1,1
1134_00024,1,1
1134_00025,11,1
1135_00000,-1,1
1135_00001,-1,1
1135_00002,-1,1
1135_00003,-1,1
1135_00004,-1,1
1135_00005,-1,1
1135_00006,10,1
1135_00007,-1,1
1135_00008,-1,1
1135_00009,-1,1
1135_00010,-1,1
1135_00011,-1,1
1135_00012,-1,1
1135_00013,-1,1
1135_00014,-1,1
1135_00015,-1,1
1135_00016,-1,1
1135_00017,-1,1
1135_00018,4,1
1135_00019,-1,1
1135_00020,1,1
1135_00021,-1,1
1135_00022,-1,1
1135_00023,-1,1
1135_00024,-1,1
1135_00025,-1,1
1135_00026,-1,1
1135_00027,9,1
1135_00028,-1,1
1135_00029,1,1
1135_00030,-1,1
1135_00031,-1,1
1136_00000,-1,1
1136_00001,-1,1
1136_00002,-1,1
1136_00003,-1,1
1136_00004,21,1
1136_00005,-1,1
1136_00006,-1,1
1136_00007,-1,1
1136_00008,-1,1
1136_00009,-1,1
1136_00010,-1,1
1136_00011,-1,1
1136_00012,24,1
1136_00013,-1,1
1136_00014,-1,1
1136_00015,24,1
1136_00016,24,1
1136_00017,24,1
1136_00018,-1,1
1136_00019,51,1
1136_00020,4,1
1136_00021,-1,1
1136_00022,-1,1
1136_00023,-1,1
1136_00024,-1,1
1136_00025,-1,1
1136_00026,-1,1
1136_00027,-1,1
1136_00028,-1,1
1136_00029,-1,1
1136_00030,-1,1
1136_00031,1,1
1136_00032,-1,1
1136_00033,-1,1
1136_00034,1,1
1136_00035,-1,1
1137_00000,-1,1
1137_00001,-1,1
1137_00002,-1,1
1137_00003,-1,1
1137_00004,-1,1
1137_00005,-1,1
1137_00006,-1,1
1137_00007,-1,1
1137_00008,-1,1
1137_00009,-1,1
1137_00010,-1,1
1137_00011,7,1
1137_00012,-1,1
1137_00013,12,1
1137_00014,-1,1
1137_00015,-1,1
1137_00016,3,1
1137_00017,4,1
1137_00018,-1,1
1137_00019,-1,1
1137_00020,3,1
1137_00021,-1,1
1137_00022,-1,1
1137_00023,3,1
1137_00024,-1,1
1137_00025,-1,1
1137_00026,-1,1
1137_00027,-1,1
1137_00028,-1,1
1137_00029,-1,1
1137_00030,11,1
1137_00031,1,1
1137_00032,-1,1
1137_00033,-1,1
1137_00034,1,1
1137_00035,1,1
1137_00036,-1,1
1137_00037,-1,1
1137_00038,-1,1
1137_00039,-1,1
1137_00040,-1,1
1137_00041,-1,1
1137_00042,-1,1
1137_00043,-1,1
1139_00000,-1,1
1139_00001,-1,1
1139_00002,-1,1
1139_00003,8,1
1139_00004,-1,1
1139_00005,48,1
1139_00006,48,1
1139_00007,-1,1
1139_00008,-1,1
1139_00009,-1,1
1139_00010,-1,1
1139_00011,-1,1
1139_00012,26,1
1139_00013,26,1
1139_00014,-1,1
1139_00015,30,1
1139_00016,-1,1
1139_00017,-1,1
1140_00000,9,1
1140_00001,3,1
1140_00002,3,1
1140_00003,-1,1
1140_00004,-1,1
1140_00005,-1,1
1140_00006,9,1
1140_00007,-1,1
1140_00008,-1,1
1140_00009,-1,1
1140_00010,32,1
1140_00011,9,1
1140_00012,9,1
1140_00013,-1,1
1140_00014,9,1
1140_00015,27,1
1140_00016,-1,1
1140_00017,-1,1
1140_00018,9,1
1140_00019,6,1
1140_00020,-1,1
1140_00021,-1,1
1140_00022,6,1
1140_00023,3,1
1140_00024,-1,1
1140_00025,-1,1
1140_00026,13,1
1140_00027,-1,1
1140_00028,-1,1
1140_00029,-1,1
1140_00030,62,1
1140_00031,-1,1
1140_00032,-1,1
1140_00033,14,1
1140_00034,3,1
1140_00035,23,1
1140_00036,-1,1
1140_00037,9,1
1140_00038,-1,1
1140_00039,23,1
1140_00040,11,1
1140_00041,-1,1
1140_00042,3,1
1140_00043,-1,1
1144_00000,9,1
1144_00001,50,1
1144_00002,-1,1
1144_00003,-1,1
1144_00004,-1,1
1144_00005,-1,1
1144_00006,-1,1
1144_00007,62,1
1144_00008,-1,1
1144_00009,0,1
1144_00010,4,1
1144_00011,-1,1
1144_00012,-1,1
1144_00013,46,1
1144_00014,11,1
1144_00015,-1,1
1144_00016,62,1
1144_00017,62,1
1144_00018,0,1
1144_00019,0,1
1144_00020,1,1
1144_00021,-1,1
1144_00022,1,1
1144_00023,-1,1
1144_00024,-1,1
1144_00025,-1,1
1144_00026,-1,1
1144_00027,-1,1
1144_00028,4,1
1144_00029,-1,1
1144_00030,-1,1
1145_00000,-1,1
1145_00001,-1,1
1145_00002,35,1
1145_00003,35,1
1145_00004,-1,1
1145_00005,16,1
1145_00006,13,1
1145_00007,-1,1
1145_00008,-1,1
1145_00009,-1,1
1145_00010,16,1
1145_00011,-1,1
1145_00012,-1,1
1145_00013,-1,1
1145_00014,-1,1
1145_00015,-1,1
1145_00016,27,1
1145_00017,-1,1
1145_00018,-1,1
1145_00019,-1,1
1145_00020,-1,1
1145_00021,28,1
1145_00022,-1,1
1145_00023,-1,1
1145_00024,30,1
1145_00025,30,1
1145_00026,30,1
1145_00027,30,1
1145_00028,30,1
1145_00029,28,1
1145_00030,28,1
1146_00000,-1,1
1146_00001,-1,1
1146_00002,-1,1
1146_00003,-1,1
1146_00004,33,1
1146_00005,33,1
1146_00006,-1,1
1146_00007,-1,1
1146_00008,-1,1
1146_00009,3,1
1146_00010,52,1
1146_00011,-1,1
1146_00012,-1,1
1146_00013,-1,1
1146_00014,-1,1
1146_00015,-1,1
1146_00016,61,1
1146_00017,61,1
1146_00018,-1,1
1146_00019,-1,1
1146_00020,-1,1
1146_00021,-1,1
1146_00022,-1,1
1146_00023,-1,1
1146_00024,61,1
1146_00025,61,1
1146_00026,61,1
1146_00027,27,1
1146_00028,-1,1
1146_00029,1,1
1146_00030,-1,1
1146_00031,45,1
1147_00000,9,1
1147_00001,-1,1
1147_00002,-1,1
1147_00003,-1,1
1147_00004,-1,1
1147_00005,-1,1
1147_00006,26,1
1147_00007,38,1
1147_00008,-1,1
1147_00009,-1,1
1147_00010,-1,1
1147_00011,-1,1
1147_00012,-1,1
1147_00013,-1,1
1147_00014,1,1
1147_00015,-1,1
1147_00016,-1,1
1147_00017,-1,1
1147_00018,-1,1
1147_00019,-1,1
1147_00020,-1,1
1147_00021,1,1
1147_00022,14,1
1147_00023,-1,1
1147_00024,-1,1
1147_00025,-1,1
1147_00026,-1,1
1147_00027,-1,1
1147_00028,-1,1
1147_00029,-1,1
1147_00030,-1,1
1147_00031,-1,1
1147_00032,-1,1
1147_00033,-1,1
1148_00000,3,1
1148_00001,-1,1
1148_00002,-1,1
1148_00003,-1,1
1148_00004,3,1
1148_00005,-1,1
1148_00006,3,1
1148_00007,-1,1
1148_00008,3,1
1148_00009,3,1
1148_00010,-1,1
1148_00011,3,1
1148_00012,11,1
1148_00013,-1,1
1148_00014,-1,1
1148_00015,4,1
1148_00016,8,1
1148_00017,8,1
1148_00018,8,1
1148_00019,3,1
1148_00020,3,1
1148_00021,3,1
1148_00022,-1,1
1148_00023,-1,1
1148_00024,23,1
1148_00025,23,1
1148_00026,13,1
1148_00027,-1,1
1148_00028,-1,1
1148_00029,8,1
1148_00030,8,1
1148_00031,8,1
1148_00032,-1,1
1148_00033,3,1
1148_00034,11,1
1148_00035,-1,1
1148_00036,-1,1
1148_00037,-1,1
1148_00038,-1,1
1148_00039,23,1
1150_00000,-1,1
1150_00001,-1,1
1150_00002,-1,1
1150_00003,-1,1
1150_00004,-1,1
1150_00005,59,1
1150_00006,-1,1
1150_00007,-1,1
1150_00008,1,1
1150_00009,-1,1
1150_00010,-1,1
1150_00011,-1,1
1150_00012,-1,1
1150_00013,-1,1
1150_00014,-1,1
1150_00015,-1,1
1150_00016,-1,1
1150_00017,-1,1
1150_00018,-1,1
1150_00019,-1,1
1150_00020,-1,1
1150_00021,-1,1
1150_00022,-1,1
1150_00023,-1,1
1152_00000,59,1
1152_00001,8,1
1152_00002,-1,1
1152_00003,-1,1
1152_00004,-1,1
1152_00005,-1,1
1152_00006,-1,1
1152_00007,-1,1
1152_00008,-1,1
1152_00009,-1,1
1152_00010,-1,1
1152_00011,-1,1
1152_00012,-1,1
1152_00013,0,1
1152_00014,23,1
1152_00015,-1,1
1152_00016,8,1
1152_00017,-1,1
1152_00018,-1,1
1152_00019,23,1
1152_00020,23,1
1152_00021,-1,1
1152_00022,-1,1
1152_00023,-1,1
1152_00024,-1,1
1152_00025,59,1
1152_00026,0,1
1152_00027,-1,1
1152_00028,-1,1
1152_00029,-1,1
1152_00030,-1,1
1152_00031,0,1
1152_00032,23,1
1152_00033,8,1
1152_00034,48,1
1152_00035,-1,1
1152_00036,8,1
1153_00000,-1,1
1153_00001,-1,1
1153_00002,-1,1
1153_00003,-1,1
1153_00004,26,1
1153_00005,1,1
1153_00006,-1,1
1153_00007,-1,1
1153_00008,-1,1
1153_00009,-1,1
1153_00010,1,1
1153_00011,-1,1
1153_00012,3,1
1153_00013,1,1
1153_00014,19,1
1153_00015,48,1
1153_00016,-1,1
1153_00017,38,1
1153_00018,-1,1
1153_00019,-1,1
1153_00020,-1,1
1153_00021,-1,1
1153_00022,1,1
1153_00023,-1,1
1153_00024,-1,1
1153_00025,1,1
1153_00026,-1,1
1153_00027,-1,1
1153_00028,53,1
1153_00029,-1,1
1153_00030,3,1
1153_00031,50,1
1153_00032,20,1
1153_00033,14,1
1153_00034,-1,1
1153_00035,-1,1
1153_00036,11,1
1153_00037,-1,1
1154_00000,-1,1
1154_00001,-1,1
1154_00002,-1,1
1154_00003,22,1
1154_00004,4,1
1154_00005,4,1
1154_00006,-1,1
1154_00007,-1,1
1154_00008,-1,1
1162_00000,-1,1
1162_00001,21,1
1162_00002,-1,1
1162_00003,21,1
1163_00000,-1,1
1163_00001,-1,1
1163_00002,-1,1
1164_00000,-1,1
1164_00001,-1,1
1164_00002,20,1
1164_00003,20,1
1164_00004,19,1
1165_00000,-1,1
1165_00001,-1,1
1165_00002,-1,1
1165_00003,-1,1
1165_00004,-1,1
1165_00005,-1,1
1165_00006,-1,1
1166_00000,-1,1
1166_00001,-1,1
1166_00002,-1,1
1166_00003,-1,1
1166_00004,-1,1
1166_00005,-1,1
1167_00000,22,1
1167_00001,22,1
1167_00002,22,1
1167_00003,22,1
1168_00000,-1,1
1168_00001,-1,1
1171_00000,-1,1
1172_00000,9,1
1172_00001,9,1
1172_00002,9,1
1172_00003,-1,1
1172_00004,3,1
1172_00005,-1,1
1172_00006,-1,1
1172_00007,-1,1
1172_00008,-1,1
1172_00009,-1,1
1172_00010,9,1
1172_00011,3,1
1172_00012,3,1
1172_00013,-1,1
1172_00014,-1,1
1172_00015,-1,1
1172_00016,37,1
1172_00017,-1,1
1172_00018,9,1
1172_00019,9,1
1172_00020,3,1
1172_00021,-1,1
1172_00022,46,1
1172_00023,-1,1
1172_00024,3,1
1172_00025,13,1
1172_00026,-1,1
1172_00027,-1,1
1172_00028,3,1
1172_00029,-1,1
1172_00030,-1,1
1172_00031,11,1
1172_00032,-1,1
1172_00033,32,1
1172_00034,27,1
1172_00035,27,1
1172_00036,3,1
1172_00037,27,1
1172_00038,3,1
1172_00039,3,1
1172_00040,3,1
1172_00041,3,1
1172_00042,-1,1
1172_00043,3,1
1172_00044,-1,1
1173_00000,30,1
1173_00001,30,1
1173_00002,30,1
1173_00003,30,1
1173_00004,30,1
1173_00005,-1,1
1173_00006,30,1
1173_00007,-1,1
1173_00008,-1,1
1173_00009,30,1
1173_00010,30,1
1173_00011,-1,1
1173_00012,-1,1
1173_00013,30,1
1173_00014,-1,1
1173_00015,30,1
1173_00016,30,1
1173_00017,-1,1
1173_00018,-1,1
1173_00019,30,1
1173_00020,30,1
1173_00021,30,1
1173_00022,30,1
1173_00023,30,1
1173_00024,30,1
1173_00025,30,1
1173_00026,30,1
1173_00027,6,1
1173_00028,-1,1
1173_00029,30,1
1173_00030,41,1
1173_00031,-1,1
1173_00032,-1,1
1173_00033,30,1
1173_00034,26,1
1173_00035,30,1
1173_00036,30,1
1173_00037,-1,1
1173_00038,30,1
1173_00039,30,1
1173_00040,30,1
1173_00041,30,1
1173_00042,30,1
1174_00000,22,1
1174_00001,-1,1
1174_00002,-1,1
1174_00003,22,1
1174_00004,-1,1
1174_00005,1,1
1174_00006,4,1
1174_00007,-1,1
1174_00008,49,1
1174_00009,49,1
1174_00010,-1,1
1174_00011,3,1
1174_00012,-1,1
1174_00013,-1,1
1174_00014,-1,1
1174_00015,-1,1
1174_00016,-1,1
1174_00017,-1,1
1174_00018,-1,1
