topic,hdbscan_label,size,size_all_editions,words,n_works,n_works_ge3,dominant_work,dominant_work_share,top3_work_share,top_works,top_author_raw,top_author_share,genre_mix_of_topic,play_type_mix,ctfidf_top10,keybert_top10,mmr_top10,names_in_top30,representative_chunks,draft_label,pattern_basis,use_in_genre_analysis,basis,review_status,chunks_read,Label,Notes
0,13,581,647,287121,95,52,The Opportunity,0.053,0.138,The Opportunity (31); The Revenger's Tragedy (26); Love's Sacrifice (23); The Royal Master (22); The Great Duke of Florence (21),"Shirley, James",0.232,comedy 40%; tragedy 33%; tragicomedy 11%,Adult Professional;Professiona 72%; Boys Professional;Professional 13%,"*duke, *lord, *duchess, love, court, madam, *prince, honour, grace, *lady","*duke, *prince, *duchess, *lord, honour, *lady, love, madam, *florence, grace","*duke, love, signior, *prince, father, *lady, *florence, look, honour, death","duke, lord, duchess, prince, lady, florence","[533_00033 — The Gentleman Usher (Vincentio and Margaret) (Chapman, George, 1606); comedy] That would extremely grieve me, could myself Only endure the ill, our hardest fates, May lay on both of us; I would not care, But to behold thy sufferance, I should die. How can your Lordship wrong my love so much, To think the more woe I sustain for you, Breeds not the more my comfort? I alas Have no mean else, to make my merit even In any measure…

[741_00009 — Cupid's Revenge (Beaumont, FrancisFletcher, John, 1615); tragedy] Why dost thou think me so base to tell? These limbs of mine shall part From one another on a wrack, Ere I disclose; But thou dost utter words That much afflict me: you did seem as ready Sweet Bacha as myself. You are right a man: when they have witched us into misery, poor innocent souls, They lay the fault on us: But be it so- For prince Leucippus…

[1130_00025 — The Humorous Courtier (The Duke) (Shirley, James, 1640); comedy] A fury lend me curses, make me all An execration, I ha' plotted fairly, And made myself a fine rediculus thing To no purpose, I am deep in shame, I must on Giotto, have a nimble brain; you must sink too Or boy me up again. Make no words Crispino, for the Duchess Would not have it published that she means to choose me. Did she promise you? Not by wo…","Court life: dukes, favour and honour",thematic_discourse,included,"581 chunks, 95 works, no work above 5 %. Life around a duke's or prince's court: favour, service, honour and dishonour, marriage plotted from above; Italianate court register shared by Shirley, Ford, Middleton, Chapman. Largest cluster — a setting more than one subject; fine for cross-work comparison, but read it against T14 (royal courts) and T16 (gallantry).",user_confirmed,1128_00022;594_00003;1001_00000;1027_00033;647_00006;595_00000;577_00013,"Court life: dukes, favour and honour",
1,27,538,590,267214,193,78,"Adrasta, or The Woman's Spleen and Love's Conquest",0.026,0.063,"Adrasta, or The Woman's Spleen and Love' (14); Antonio's Revenge (2 Antonio and Mellida (10); The Atheist's Tragedy, or The Honest Man (10); The Spanish Bawd (Calisto and Meliboea)  (10); 1 The Cid (The Valiant Cid) (10)","Shirley, James",0.065,tragedy 48%; comedy 18%; tragicomedy 11%,Adult Professional;Professiona 51%; Boys Professional;Professional 13%,"death, life, dead, die, blood, revenge, soul, father, heart, heaven","revenge, death, murder, die, grief, love, son, soul, heart, tears","revenge, father, grief, heaven, love, dear, death, *lord, justice, soul",lord,"[916_00035 — Albovine, King of the Lombards (Davenant, William, 1629); tragedy] I dare not so disgrace my Religion, And my love. 'tis time that I were dead, for I shall else Outlive my chief prerogative. I have Forgot how to command. unsheathe thy Sword! Or this breach of Duty shall teach methink, I ne'er enjoyed thy real love, and 'twas Not a mistake, that ushered thee to sin between My sheets, but a considerate lust— No prov…

[1030_00018 — Adrasta, or The Woman's Spleen and Love's Conquest (Jones, John, 1635); tragicomedy] Where shall I run to meet, that, which beheld Kills with a deadlier wound then do the eyes Or coldest poison of a Basilisk. Althaea stay— and let thy wretched Parent Take the last farewell of her dying child. Ah why did Nature make my unhappy womb Fruitful by thee, and yet reserve mine age To outlive the extremities of grief, and see Thy dismal end…

[606_00028 — Volpone, or The Fox (Jonson, Ben, 1616); comedy] To be your comfortress, and to preserve you. Alas, I am passed already! 'pray you, thank him, For his good care, and promptness, but for that, 'Tis a vain labour, e'en to fight, 'gainst heaven; Applying fire to a stone: (vh, vh, vh, vh.) Making a dead leaf grow again. I take His wishes gently, though; and, you may tell him, What I have done for him…","Death, grief and revenge",thematic_discourse,included,"538 chunks, 193 works, no work above 3 %. Laments, vows of vengeance, murder confessed or plotted, blood and the soul's fate; common nouns only (death, life, blood, revenge, soul). The broadest theme in the model; well suited to cross-work comparison.",user_confirmed,1030_00013;420_00005;686_00039;165_00007;892_00050;699_00038;85_00005,"Death, grief and revenge",
2,34,334,412,165675,43,22,Catiline His Conspiracy,0.147,0.353,"Catiline His Conspiracy (49); Coriolanus (35); Sejanus His Fall (34); Julius Caesar (31); The Wounds of Civil War, or Marius and S (30)","Jonson, Ben",0.272,tragedy 90%; comedy 4%; history 2%,Adult Professional;Professiona 65%; Closet/Unacted;Nonprofessional 11%,"*rome, *caesar, *senate, *sulla, *roman, *consul, *brutus, *romans, men, *marius","*pompey, *brutus, *roman, *romans, *marius, *rome, noble, gods, war, *senate","*pompey, *romans, fear, gods, *senate, *consul, *caesar, *brutus, noble, *sulla","rome, caesar, senate, sulla, roman, consul, brutus, romans, marius, pompey","[235_00004 — The Wounds of Civil War, or Marius and Scilla (Lodge, Thomas, 1594); tragedy] Enough my Anthony, for thy honeyed tongue Washed in a syrup of sweet Conservatives, Driveth confused thoughts through Sulla's mind, Therefore suffice thee, I may nor will not hear, so farewell Anthony, honour calls me hence, Sulla will fight for glory and for Rome. See Noble Anthony the trustless state of rule, The stayles hold of matchless soverei…

[235_00019 — The Wounds of Civil War, or Marius and Scilla (Lodge, Thomas, 1594); tragedy] Midst these confusions mighty men of Rome, Why waste we out these troubles all in words, Weep not your harms, but wend we straight so arms, Lo Distia spoiled, see Marius at our gate: And shall we die like milksops dreaming thus? A bootless war to see our country spoiled. fruitless is dalliance whereas dangers be. My Lord, may courage wait on conque…

[235_00018 — The Wounds of Civil War, or Marius and Scilla (Lodge, Thomas, 1594); tragedy] My countrymen and favourites of Rome, This melancholy desert where we meet, Resembleth well young Marius restless thoughts. Here dreadful silence, solitary caves, No chirping birds with solace singing sweetly, Are harboured for delight: but from the oak Leafless and sapless through decaying age, The screech-owl chants her fatal boding lays. Within …","Roman politics: senate, consuls and civil war",thematic_discourse+shared_narrative,included,"334 chunks, 43 works (22 with 3+), Catiline 15 %, top three 35 %. Roman public life — senate, consuls, conspiracies, triumphs, civil war — from Jonson, Shakespeare, Lodge, Herbert, Alexander. Held by a shared subject (Rome), not one story; the Roman names in the keywords come from the original text, the embedding never saw them. Comparable across works.",user_confirmed,690_00002;882_00009;512_00023;235_00032;740_00019;890_00008;187_00021,"Roman politics: senate, consuls and civil war",
4,41,257,274,127067,110,30,"Il Pastor Fido, or The Faithful Shepherd",0.051,0.132,"Il Pastor Fido, or The Faithful Shepherd (13); Sicelides (The Sicilians) (12); Phillis and Amyntas (Ivychurch) (Amyntas (9); A Play of Love (8); The Spanish Bawd (Calisto and Meliboea)  (8)","Shakespeare, William",0.113,comedy 38%; pastoral 23%; tragedy 14%,Adult Professional;Professiona 33%; Boys Professional;Professional 25%,"love, heart, sweet, loves, fair, *phillis, eyes, beauty, *amyntas, lovers","love, lover, loves, affection, lovers, desire, soul, kiss, *phillis, pity","love, *phillis, thoughts, kiss, dear, soul, *amyntas, beauty, lovers, desire","phillis, amyntas","[579_00013 — Bussy D'Ambois (Chapman, George, 1607); tragedy] True my Lord, and never My fruitless love shall let your serious profit, Yet, sweet Lord, do no stay, you know my soul Is so long time without me, and I dead As you are absent. By this kiss, receive My soul for hostage, till I see my love. The morn shall let me see you: With the sun I'll visit thy more comfortable beauties. This is my comfort, that…

[398_00014 — The Shoemaker's Holiday, or The Gentle Craft (Dekker, Thomas, 1600); comedy] Sweet mistress Rose, Misconstrue not my words, nor misconceive Of my affection, whose devoted soul Swears that I love thee dearer than my heart. As dear as your own heart? I judge it right. Men love their hearts best when theyare out of sight. I love you, by this hand. Yet hands off now: If flesh be frail, how weak and frail's your vow? Then by my …

[1004_00010 — A Fine Companion (Marmion, Shackerley, 1633); comedy] Oh my heart, my heart. Would you would rip it up, that you might see yourself enthroned, and all my faculties Paying their homage to your memory. I think I do it indifferently. All this and more, Lovers can speak at pleasure. Propose a course how I might win belief: Were there a way to it, as deep with danger, As to the Centre, I will search it out…",Love-longing and the lover's complaint,thematic_discourse,included,"257 chunks, 110 works, no work above 5 %. Lovers pleading, praising eyes and beauty, complaining of scorn; pastoral lovers (Guarini, Tasso, Fraunce, Phineas Fletcher) prominent but Shakespeare, Day and Barnes are there too. Broad cross-work theme.",user_confirmed,416_00026;957_00013;165_00029;595_00016;385_00011;630_00014;910_00003,Love-longing and the lover's complaint,
3,4,253,294,124550,97,36,The Family of Love,0.075,0.17,"The Family of Love (19); The Alchemist (12); The Magnetic Lady, or Humors Reconciled (12); The Spanish Bawd (Calisto and Meliboea)  (11); The Hollander (Love's Trial) (10)","Jonson, Ben",0.174,comedy 55%; tragedy 11%; tragicomedy 7%,Adult Professional;Professiona 55%; Boys Professional;Professional 20%,"*doctor, master, cure, disease, pray, physic, physician, *mr, sick, *lady","cure, sick, pray, madam, physician, *doctor, *lady, mistress, heart, *lord","cure, *lord, pray, madam, *doctor, look, physic, gentleman, sick, head","doctor, mr, lady, lord","[1104_00008 — Monsieur Thomas (Father's Own Son) (Fletcher, John, 1639); comedy] None, gentle sir, that I feel Your love is too too tender. Nay believe sir, You cannot be the master of your health, Either some fever lies in wait to catch ye, Whose harbinger's already in your face We see preparing: or some discontent, Which if it lie in this house, I dare say Both for this noble Gentleman, and all That live within it, shall as r…

[1039_00010 — The Wonder of A Kingdom (Dekker, Thomas, 1636); comedy] Mine be your will; Oh me! what pains we take to bring forth ill! Such a disguise is safe too, since you never but once Were seen there. My wise sister ever. Send in the fellow there that brought the letter; Why how now? do his legs fail him already? A staff for his declining age. I have a pikestaff of mine own already, but I could not Keep our your…

[1148_00006 — The Hollander (Love's Trial) (Glapthorne, Henry, 1640); comedy] Your wit is very scurvy Sir: if you serve a Creature here to carry messages; pray deliver one to her. I may choose whether I will or no though. Nay, and he shall choose sir. Prithee good friend let him; I'll do't myself. Nay, that you shall not neither: what stand I here for? But sir, 'tis not the fashion of this liberal age, to employ a man of mer…","Sickness, physic and doctors",thematic_discourse,included,"253 chunks, 97 works, Family of Love 8 %. Physicians, cures, disease, quack empirics, the sick mistress; often bawdy (the doctor in the bed). 36 works with 3+ chunks; suitable for cross-work comparison.",user_confirmed,616_00026;701_00004;1172_00012;1120_00013;914_00024;798_00034;651_00016,"Sickness, physic and doctors",
5,15,213,237,106112,47,16,The Conflict of Conscience,0.141,0.343,"The Conflict of Conscience (30); The Three Laws of Nature, Moses, and Chr (22); The Love of King David and Fair Bathsheb (21); The Life and Repentance of Mary Magdalen (19); The Chief Promises of God unto Man (God' (15)","Bale, John",0.207,moral 47%; not in BritDrama 12%; biblical play 12%,Interlude;Nonprofessional 70%; Adult Professional;Professiona 25%,"*god, *christ, *david, sin, holy, *israel, *lord, mercy, sins, faith","repent, *god, *christ, holy, pray, faith, sins, gospel, mercy, soul","repent, *god, sins, gospel, pray, *israel, holy, word, grace, mercy","god, christ, david, israel, lord","[84_00035 — The Life and Repentance of Mary Magdalene (Wager, Lewis, 1566); moral] Pleaseth it you reverend father, to give me licence To say my mind to this blasphemerand thief, In few words you shall have my sentence: Of all heretics I judge him to be the chief. Perceive you not how he doth begin? He cometh to none of the princes and governors, But a sort of sinners he goeth about to win: As publicans, whores, harlots, and unju…

[40_00015 — The Three Laws of Nature, Moses, and Christ, Corrupted by the Sodomites, Pharisees, and Papists (Bale, John, 1548); moral] Thus a blind crypple, I wander here alone, Abiding the time, and grace of restoration, By the son of God To whom I make my moan, My cause to pity, and grant me supportation, Lest I be left here, to utter desolation, And extreme decay, without any remedy. If he did not help, of goodness and of mercy, Ye christian princes, God hath given you the pour…

[84_00032 — The Life and Repentance of Mary Magdalene (Wager, Lewis, 1566); moral] To show such obsequy to him it is a small matter, Which by his grace hath my sinful life amended. O wretched eyes can you weep for a thing temporal, As for the loss of worldly goods and parents, And can you not weep for the lord celestial? Which loss incomparably passeth all detriments. With this ointment most pure and precious, I was wont to make …","Sin, repentance and God's mercy",thematic_discourse,included,"213 chunks, 47 works, Conflict of Conscience 14 %. Christian doctrine and devotion: God, Christ, sin, faith, mercy, scripture and the Old Testament (David, Israel); anti-papal satire (Bale) and pardoners (Heywood) alongside. Mostly interludes and biblical plays — the topic→genre direction is expected; still a real cross-work theme.",user_confirmed,131_00009;40_00010;361_00012;37_00002;33_00001;216_00032;33_00002,"Christian faith, sin and salvation","sample review supports Christian faith, sin and salvation, including disputes over law, church and scriptural authority. This broader label fits the sampled polemical passages better than repentance alone. Reviewed excerpts (three different works): 84_00035; 40_00026; 131_00019."
6,42,187,192,92945,76,23,Two Wise Men and All the Rest Fools,0.086,0.166,"Two Wise Men and All the Rest Fools (16); The Knave in Grain, New Vamped (8); Your Five Gallants (The Five Witty Galla (7); The Phoenix (6); A Knack to Know a Knave (5)",Anonymous,0.144,comedy 58%; tragedy 9%; satire; dialogue 9%,Adult Professional;Professiona 57%; Boys Professional;Professional 21%,"money, master, pound, law, *lawyer, chain, gentleman, gold, pay, pray","gentlemen, gentleman, shillings, poor, chain, money, fellow, gold, men, faith","gentlemen, shillings, pray, chain, poor, honest, *lawyer, pay, house, look",lawyer,"[365_00009 — Every Man Out of His Humor (Jonson, Ben, 1600); comedy] I perceive you sir, I will take up, and bring myself in credit sure. Marry this; always beware you commerce not with bankrupts, or poor needy Ludgathians: they are impudent creatures, turbulent spirits, they care not what violent tragedies they stir, nor how they play fast and lose with a poor gentleman's fortunes to get their own: marry, these ric…

[527_00011 — 2 If You Know Not Me You Know Nobody (The Second Part of Queen Elizabeth's Troubles) (Heywood, Thomas, 1606); history] Fore God thou sayst well. I have served Sent the Perfumer, Tallow the Currier, Quarrel the glazier, and some three or four more of our poor smelts so this morning. Heart I have courest thorough two or three Lanes, yet the miching slave follows me so close I can not give him the slip for this hundred pound: as God save me now t's in my hand i'do rat…

[866_00003 — The Comedy of Errors (Shakespeare, William, 1623); comedy] Stop in your wind sir, tell me this I pray? Where have you left the money that I gave you. Oh six pence that I had a wensday last, To pay the Saddler for my Mistress crupper: The Saddler had it Sir, I kept it not. I am not in a sportive humour now: Tell me, and dally not, where is the money? We being strangers here, how darest thou trust So great a…","Money, debt and arrest",thematic_discourse,included,"187 chunks, 76 works, no work above 9 %. Debts, bonds, arrests at a creditor's suit, gold chains pawned or stolen, lawyers and fees; London city plays but also Comedy of Errors and Soliman and Perseda. Cross-work theme.",user_confirmed,813_00041;1133_00035;628_00031;602_00020;188_00015;866_00015;973_00029,"Money, debt and credit",
11,16,142,146,70108,78,15,"Greene's Tu Quoque, or The City Gallant",0.056,0.134,"Greene's Tu Quoque, or The City Gallant (8); The Maid's Revenge (6); The Devil's Law Case (When Women Go to L (5); The Fair Maid of the Exchange (4); The Maid's Tragedy (4)","Shirley, James",0.085,comedy 49%; tragedy 22%; tragicomedy 13%,Adult Professional;Professiona 59%; Boys Professional;Professional 13%,"sister, brother, love, friend, heart, father, mother, woman, *lord, hear","sister, brother, love, mistress, mother, father, son, *lady, daughter, wife","sister, pray, look, noble, soul, leave, father, mistress, love, letter","lord, lady","[1082_00019 — Covent Garden (Nabbes, Thomas, 1638); comedy] Forbear the rest. This affords me matter: Return to that house, there leave your booty and receive your reward; only this I'll keep. With all our hearts: we had rather anybody should have them, than the hangman both them and us for them. Come Dobson, we have got the money yet; and a little sack will animate us again. My soul's under foot; I must ra…

[926_00031 — The Cruel Brother (Davenant, William, 1630); tragedy] Had she included all propinquity Of blood; which lawful Marriage keepeth known, Or promiscuous Copulation, maketh Intricate: this bare word (Honour) had been Enough, t'have divorced her from my mercy. Sweet Lord; do not mistake your Servant: Whose kindness thinks his own Sister (when defiled) Was to base for your use. A bloody kindness to distingui…

[927_00027 — The Just Italian (Davenant, William, 1630); tragicomedy] Thou hast been called my friend. But if thy spleen Continue a dislike of her, I'll blow thee from My memory, and with my chiefest strength I'll punish thy mistake— A desolate grief Will more become thy breast then this proud rage. Thy brother's dead, and his decease caused by Her sister's pride. My sister's husband dead. Into my ears thou hast a ho…","Siblings, kin and confidants",thematic_discourse,included,"142 chunks, 78 works, no work above 6 %. What unites the chunks is kinship address — sister, brother, father, friend — in confidences, letters and family news rather than one subject. Cross-work by the numbers; when reading, decide whether this counts as a theme or only a register of address.",user_confirmed,732_00009;1111_00024;857_00022;964_00005;730_00009;1104_00000;993_00018,"Siblings, kin and confidants",
8,20,134,156,66127,44,18,"The Puritan, or The Widow of Watling Street (The Puritan Widow)",0.082,0.231,"The Puritan, or The Widow of Watling Str (11); May Day (11); Satiromastix, or The Untrussing of the H (9); A Fine Companion (8); Poetaster, or The Arraignment (7)","Middleton, Thomas",0.149,comedy 83%; romance 5%; tragedy 4%,Boys Professional;Professional 44%; Adult Professional;Professiona 31%,"*captain, master, money, gentleman, little, *lieutenant, rogue, pray, *minos, honest","*captain, gentlemen, knight, gentleman, rogue, mistress, rascal, *george, *lady, *god","*captain, pray, gentleman, mistress, rascal, knight, money, drink, sirrah, rogue","captain, lieutenant, minos, lady, george, god","[1004_00031 — A Fine Companion (Marmion, Shackerley, 1633); comedy] Sir you have built a sconce since you came in of thirty pounds, and before you have any more, my Master intends to be satisfied. What money have you brother? Who I? O Lord brother Captain, I have not the third part of it. No matter, I ne'er think upon such transitory reckonings: come, let's have a health, and my brother Lackwit shall begin it. Reac…

[573_00014 — The Phoenix (Middleton, Thomas, 1607); comedy] Oh why do you so wilfully cherish your own poison? and breath against the best of life, chaste credit. Well may I call it chaste, for like a Maid Once falsely broke it ever lives decayed. O Captain, husband, you name that Dishonest, By whose good power all that are honest live, What madness is it to speak ill of that, Which makes all men speak well…

[808_00042 — A King and No King (Beaumont, FrancisFletcher, John, 1619); tragicomedy] Yet here is something due, which I as touched in conscience will discharge Captain; I'll pay this rent for you. Spare yourself my good Lord; my brave friends aim at nothing but the virtue. That's but a cold discharge Sir for their pains. O Lord, my good Lord. Be not so modest, I will give you something. They shall dine with your Lordship, that's su…","Captains, gallants and cheats",thematic_discourse,included,"134 chunks, 44 works (18 with 3+), Puritan 8 %. Braggart captains, gallants, rogues and their tricks: money owed, tavern bills, bawds, conjuring for hire; Middleton, Chapman, Dekker, Jonson, Mayne. Cross-work theme.",user_confirmed,591_00031;695_00028;444_00018;1118_00032;422_00022;422_00019;1118_00012,"Captains, gallants and cheats","sample review supports a captain/gallant social domain, including evasion of payment, wealth-based friendship and quarrelling. Include broadly; fraud is a recurring possibility rather than a universal action. Reviewed excerpts (three different works): 1004_00031; 1049_00027; 444_00028."
9,11,132,156,64830,76,13,"Poetaster, or The Arraignment",0.053,0.152,"Poetaster, or The Arraignment (7); The Antipodes (7); The Magnetic Lady, or Humors Reconciled (6); Every Man Out of His Humor (5); Cynthia's Revels, or The Fountain of Sel (5)","Jonson, Ben",0.28,comedy 58%; tragedy 11%; not in BritDrama 8%,Adult Professional;Professiona 44%; Boys Professional;Professional 30%,"play, stage, *poet, prologue, author, wit, plays, muse, scene, players","mirth, *poets, *horace, *poet, plays, actors, *comedy, gentlemen, prologue, act","mirth, *poets, prologue, gentlemen, plays, *horace, faith, muse, wit, censure","poet, poets, comedy, lord, horace","[413_00003 — Cynthia's Revels, or The Fountain of Self-Love (Jonson, Ben, 1616); satire] So, sir, this is all the reformation you seek? It is: do not you think it necessary to be practised, my little wag? Yes, where any such ill-habited custom is received. O (I had almost forgot it too) they say, the umbrae, or ghosts of some three or four plays, departed a dozen years since, have been seen walking on your stage here: take heed, boy, i…

[1172_00019 — The Magnetic Lady, or Humors Reconciled (Jonson, Ben, 1640); comedy] They are no other but narrow, and shrunk natures; shriveld up, poor things, that cannot think well of themselves, who dare to detract others. That Signature is upon them, and it will last. A half-witted Barbarism! which no Barber's art, or his balls, will ever expunge or take out. Why, Boy? This were a strange Empire, or rather a Tyranny, you would…

[555_00001 — The Isle of Gulls (Day, John, 1606); comedy] All that's nothing to me, and there be not Wormwood water and Copperes in't, I'll not like it, should Apollo write it, and Rosius himself act it. Fie upon thee, thou art too too Critical: is there any good bawdry in't, jests of an ell deep, and a fathom broad, good cuckolding, may a couple of young-setters up learn to do well in't? Give me a scene …","Theatre talk: prologues, poets and players",thematic_discourse,included,"132 chunks, 76 works, no work above 5 %. Plays about playing: prologues, inductions, epilogues, poets and their censurers, players and audiences (Jonson, Brome, Nashe, Rawlins, Glapthorne). Much of it is framing matter (prologue/epilogue) rather than plot; still comparable across works.",user_confirmed,422_00002;1140_00037;1172_00002;396_00000;1135_00027;533_00004;1144_00000,"Theatre talk: prologues, poets and players",
7,23,124,165,61955,33,8,Troilus and Cressida,0.234,0.54,"Troilus and Cressida (29); Troas (Seneca's Sixth Tragedy) (26); Agamemnon (Seneca's Eighth Tragedy) (12); Dido, Queen of Carthage (11); Cynthia's Revenge, or Maenander's Ecstas (7)","Heywood, JasperSeneca, Lucius Annaeus",0.258,tragedy 77%; comedy 6%; history 4%,Translation;Nonprofessional;Cl 36%; Adult Professional;Professiona 31%,"*hector, *troy, *achilles, *greeks, *aeneas, *priam, *ulysses, *troilus, *trojan, *trojans","*aeneas, *troilus, *pyrrhus, *agamemnon, *troy, *greeks, *ulysses, gods, *trojans, *trojan","*aeneas, fear, *troilus, gods, *ajax, seas, *greeks, sword, *pyrrhus, *agamemnon","hector, troy, achilles, greeks, aeneas, priam, ulysses, troilus, trojan, trojans, pyrrhus, dido, aiax, ajax, agamemnon, paris","[49_00019 — Troas (Seneca's Sixth Tragedy) (Heywood, JasperSeneca, Lucius Annaeus, 1581); tragedy] O dear, O sweet, thy mother's pledge, farewell my only joy, Farewell the flower of honour left of beaten house of Troy. O Trojans last calamity and fear to Grecians part Farewell thy mother's only hope, and vain comfort of heart. Oft wish I thee thy father's strength and half thy grandsires years But all for nought the Gods have all dispointed our …

[49_00020 — Troas (Seneca's Sixth Tragedy) (Heywood, JasperSeneca, Lucius Annaeus, 1581); tragedy] O Ioue that lead'st the lamps of fire, and deckest with flaming stars the sky. Why is it ever thy desire ro care their course so orderly? That now the frost the leaves hath worn now the spring doth close the tree. Now fiery Leo ripes the corn, and still the soil should changed be? But why art thou that all dost guide, between whose hands the pole d…

[49_00018 — Troas (Seneca's Sixth Tragedy) (Heywood, JasperSeneca, Lucius Annaeus, 1581); tragedy] And though thy grief pierce not thy tender years, Yet learn to wail thy wretched state by me, And take ensample at thy mother's tears. Once Troy hath seen the weeping of a child, When little Priam turned Alcides' threats, And he to whom all beasts in strength did yield, That made his way from hell, and broke their gates His little enemies tears yet…","The Trojan war: Troy, Greeks and Hector",shared_narrative,included,"124 chunks, 33 works (8 with 3+), Troilus and Cressida 23 %, top three 54 %. One legend — the siege and fall of Troy, Aeneas — in Shakespeare, the Seneca translations, Marlowe's Dido and later imitators; keywords are names. Group decision (single-story clusters T7, T20, T34, T54, T55, T59): decide once whether a shared story counts as a subject for genre comparison, as subject areas already do (T2 Rome, T10/T18 English chronicle matter, T12 the gods); if yes → candidate with the concentration noted, if no → contextual_only.",user_confirmed,658_00007;49_00013;76_00014;409_00015;720_00061;1008_00032;244_00023,The Trojan war: conflict and its aftermath,"follow-up reading supports a coherent Trojan-war and aftermath domain across Troilus and Cressida, Troas, Agamemnon and Dido, including siege, wartime suffering, return and exile. Full chunks reviewed: 658_00007; 49_00013; 76_00014; 244_00023."
14,62,117,119,57552,55,14,"Philaster, or Love Lies a-Bleeding",0.094,0.197,"Philaster, or Love Lies a-Bleeding (11); 1 If You Know Not Me You Know Nobody, or (6); The Phoenix in Her Flames (6); A King and No King (5); Aglaura (5)","Beaumont, FrancisFletcher, John",0.162,tragicomedy 28%; tragedy 17%; not in BritDrama 17%,Adult Professional;Professiona 70%; Boys Professional;Professional 9%,"*prince, *princess, love, king, *lord, *queen, madam, grace, *lady, life","*prince, *princess, royal, *queen, majesty, king, *lord, *lady, honour, love","*prince, thoughts, love, madam, majesty, look, king, royal, *queen, honour","prince, princess, lord, queen, lady","[1153_00033 — Sicily and Naples, or The Fatal Union (Harding, Samuel, 1640); not in BritDrama] We must disarm you Lady;— 'tis a duty to our Prince Was never till now unwillingly performed! You must back toth' Court, whither we'll wait upon you. villains, cowards, The Princess! what made she abroad so late? Did she not say that she had killed the King too? Come let's walk the round; things are yet unsettled. 'Tis so dark now, an the devil sho…

[720_00002 — Cynthia's Revenge, or Maenander's Ecstasy (Stephens, John, 1613); tragedy] My daughter? unexpected happiness! Give me then leave, sweet ravishment, to see Her glad espousal celebrated once, By which, but some conjecture may arise, To see the royal issue of her womb; And I'll go lodge in my forefather's tomb. Do all agree with this old o'erjoyed man? True subjects will commend Menander's choice. Nothing doth more prevent a…

[1075_00022 — The Royal Master (Shirley, James, 1638); not in BritDrama] What does distract you Sir. I have done your message to the Duke, and find He does love Domitilla. Her he shall meet and marry in Elysium. What mean you? I have shook off my tameness; do not hinder My just revenge; I'll turn their triumphs into death. There is a question of more consequence Thou must resolve; it does concern thee more Than thy own …","Royal courts: princes, princesses and succession",thematic_discourse,included,"117 chunks, 55 works, Philaster 9 %. Kings' courts: princes and princesses, succession, royal marriage and disguise; Beaumont and Fletcher, Heywood, Suckling, Shirley. The royal counterpart of T0 (ducal court); cross-work theme.",user_confirmed,815_00003;503_00007;1120_00022;642_00025;1078_00010;808_00002;1125_00002,"Royal love, favour and dynastic relationships","sample review supports royal love, favour and dynastic relationships more directly than succession alone. Include with this revised label; crown transfer is a different emphasis from the sampled intimate and patronage relations. Reviewed excerpts (three different works): 1153_00033; 687_00025; 1125_00002."
10,59,116,148,57526,25,12,The Reign of King Edward the Third,0.147,0.371,The Reign of King Edward the Third (17); 1 Henry the Sixth (15); King John (11); 2 Edward the Fourth (10); Henry the Fifth (9),"Shakespeare, William",0.172,history 67%; tragedy 23%; romance 5%,Adult Professional;Professiona 78%; Closet/Unacted;Nonprofessional 8%,"*france, *french, *england, king, *lord, *english, *edward, *talbot, peace, *lords","*france, *lords, *french, *arthur, *angiers, *lord, majesty, king, *charles, *earl","*france, *lords, *earl, majesty, fight, *philip, *arthur, *dolphin, *english, *angiers","france, french, england, lord, english, edward, talbot, lords, philip, iohn, dolphin, arthur, earl, lewis, charles, angiers","[751_00016 — The Four Prentices of London (Heywood, Thomas, 1615); romance] I reck thee not, my frown thou canst not fright. we are no babe; or if we were, yet know Thy proud face cannot like a Bugbear show. Thou hast struck fire upon a flinty spirit. Thinkest thou, because thou leadest the French Kings troops, And art Commander of a few bold French, That we will yield the upper hand to thee? I let thee know thou hast dish…

[878_00034 — 1 Henry the Sixth (AnonymousMarlowe, ChristopherShakespeare, WilliamNashe, Thomas, 1623); history] In argument and proof of which contract, Bear her this jewel, pledge of my affection. And so my Lord Protector see them guarded, And safely brought to Dover, wherein shipped Commit them to the fortune of the sea. Stay my Lord Legate, you shall first receive The sum of money which I promised Should be delivered to his Holiness, For clothing me in th…

[271_00030 — The Reign of King Edward the Third (AnonymousShakespeare, William, 1596); history] The king of France my sovereign Lord and master, Greets by me his foe, the Prince of Walls, If thou call forth a hundred men of name Of Lords, Knights, Esquires and English gentlemen, And with thyself and those kneel at his feet, He straight will fold his bloody colours up, And ransom shall redeem lives forfeited: If not, this day shall drink more …","England and France: war, embassy and peace",shared_narrative+thematic_discourse,included,"116 chunks, 25 works (12 with 3+), Edward III 15 %, top three 37 %. Anglo-French war and diplomacy: levies, ambassadors, treaties, the Dauphin, Talbot; Edward III, 1 Henry VI, King John, Henry V, Heywood's Edward IV, also Sampson's Vow Breaker. Historical matter shared by many plays, not one story; mostly histories, so the topic→genre direction is expected.",user_confirmed,271_00002;878_00028;876_00036;351_00003;1041_00030;371_00008;351_00002,"England and France: war, embassy and peace","sample review supports Anglo-French war and political relations, with crusading material at the boundary. Include as a historical subject domain, not a claim that every chunk describes direct war between England and France. Reviewed excerpts (three different works): 751_00016; 271_00022; 371_00001."
13,6,109,126,54095,55,9,The Knight of the Burning Pestle,0.11,0.266,The Knight of the Burning Pestle (12); Eastward Ho (10); Every Man Out of His Humor (7); 2 Henry the Fourth (5); The Two Maids of More-Clacke (4),"Shakespeare, William",0.119,comedy 75%; history 6%; not in BritDrama 6%,Adult Professional;Professiona 44%; Boys Professional;Professional 29%,"knight, *raph, *lady, knights, *george, master, squire, *rafe, pray, *god","knight, knights, knighthood, squire, gentleman, *lady, *god, *george, faith, boy","knight, pray, gentleman, wife, look, squire, *george, fair, *raph, boy","raph, lady, george, rafe, god","[606_00035 — Volpone, or The Fox (Jonson, Ben, 1616); comedy] Pray you, let's see, sir. What is here? notandum, A rat had gnawn my spurre-lethers; notwithstanding, I put on new, and did go forth: but, first, I threw three beans over the threshold. Item, I went, and bought two toothpicks, whereof one I burst, immediately, in a discourse With a dutch merchant, 'bout ragion del stato. From him I went, and paid a…

[378_00044 — 2 Henry the Fourth (Shakespeare, William, 1600); history] O joyful day! I would not take a Knight for my fortune. What? I do bring good news. Carry master Scilens to bed: master Shallow, my lord Shallow, be what thou wilt, I am fortune's steward, get on thy boots, we'll ride all night: o sweet Pistol, away Bardolf, come Pistol, utter more to me, and withal, devise something to do thyself good, boot, boot …

[514_00034 — Eastward Ho (Chapman, GeorgeJonson, BenMarston, John, 1605); comedy] O, good Sister! Sister, sir reverence? come away, I say, Hunger drops out at his nose. O Madam, Fair words never hurt the tongue. How say you by that? you come out with your gold ends now! Stay Lady-daughter: good husband. Wife, no man loves his fetters, be they made of gold: I list not ha' my head fastened under my child's girdle; as she has brewe…","Knights, squires and ladies",thematic_discourse+recurring_role_or_name,pending,"109 chunks, 55 works, Knight of the Burning Pestle 11 %. Knights and squires — chivalric burlesque, knights as suitors, 'Sir' and 'Knight' as forms of address; Beaumont, Jonson, Heywood, Barry, Sharpham. Role words rather than names hold it together (Raph/George are the KBP burlesque); cross-work theme.",user_pending,724_00021;514_00033;365_00017;1071_00032;596_00015;683_00017;188_00004,,"sample review finds both social knighthood in courtship and romance adventure. The full peripheral Seven Champions chunk confirms a chivalric frame, but the shared substantive theme beyond rank remains uncertain. Keep pending. Reviewed excerpts (three different works): 606_00035; 672_00022; 1085_00019. Full-chunk follow-up: 1085_00019."
12,43,108,129,53226,44,12,"The Golden Age, or The Lives of Jupiter and Saturn",0.231,0.38,"The Golden Age, or The Lives of Jupiter  (25); The Arraignment of Paris (8); The Cobbler's Prophecy (8); Poetaster, or The Arraignment (5); Jupiter and Io (5)","Heywood, Thomas",0.324,classical legend or myth 31%; masque 23%; comedy 9%,Adult Professional;Professiona 40%; Occasional;Nonprofessional 27%,"*iupiter, *saturn, *iuno, *venus, gods, *mars, earth, *titan, love, fair","*venus, *iupiter, *saturn, *pallas, gods, heaven, *juno, divine, *danae, *vulcan","*venus, love, gods, *ioue, *pallas, *queen, *juno, *danae, behold, heaven","iupiter, saturn, iuno, venus, mars, titan, ioue, neptune, queen, crete, pallas, vulcan, juno, danae","[422_00031 — Poetaster, or The Arraignment (Jonson, Ben, 1602); comedy] Here daughter Venus, I drink to thee. Thank you, good Father Iupiter. Why, Mother Iuno! Gods and Fiends! what, wilt thou suffer this ocular Temptation? Mars is enraged; he looks big, and begins to stut, for anger. Well played, Captain Mars. Well said, Minstrel Momus: I must put you in? must I? When will you be in good fooling of yourself, fiddler? …

[81_00013 — Octavia (Seneca's Ninth Tragedy) (Seneca, Lucius AnnaeusNuce, ThomasPseudo-Seneca, 1566); tragedy] Your noble spouse, sprung forth of sainted peer, Of Claudius' stock, the starbright Diamond clear, That goddess Iuno wise her brother's bed Partaking, pressed down with buttocks red, Your graces princely court shall garnish gay, With wondrous heavenly fair descended stay. Incestuous married dames, from stock, and stem, Detract all hope, that we sho…

[139_00013 — The Arraignment of Paris (Peele, George, 1584); pastoral] To kill thy love with thy disdain. Cruel disdain so live thou named. Cruel disdain etc. And let me die of Iphis pain. A life to good for thy disdain. sith this my stars to me allot, And thou thy love hast all forgot. And thou etc. Now shepherds, bury Colin's corpse, perfume his hearse with flowers, And write what justice Venus did amid these woods …","The Olympian gods: Jupiter, Juno, Venus and Mars",thematic_discourse+recurring_role_or_name,included,"108 chunks, 44 works, Heywood's Golden Age 23 %, top three 38 %. The gods among themselves — Jupiter's rule, Juno's jealousy, Venus and Mars, Titans; Heywood's Ages, Peele, Jonson's Poetaster, pageants. The deities are shared mythological roles, not single-work names; T21 (Cupid, nymphs) is the love-side neighbour. Comparable, with the Golden Age share noted.",user_confirmed,687_00008;139_00003;238_00016;975_00004;824_00000;422_00031;719_00031,"Olympian gods: Jupiter, Juno, Venus and Mars",
17,32,108,113,53770,20,8,1 Tamburlaine the Great,0.222,0.546,"1 Tamburlaine the Great (24); The Wars of Cyrus, King of Persia (18); The Phoenix in Her Flames (17); 2 Tamburlaine the Great (13); The Four Prentices of London (8)","Marlowe, Christopher",0.343,tragedy 68%; not in BritDrama 16%; romance 13%,Adult Professional;Professiona 53%; Boys Professional;Professional 18%,"tamburlaine, *persian, *cyrus, king, *mahomet, arms, mighty, *assyrian, thousand, army","*cyrus, *mahomet, kings, *assyrian, soldan, *persia, *persian, *lord, brave, *prince","*cyrus, brave, *prince, soldan, *mahomet, kings, *christians, tamburlaine, honour, *lord","persian, cyrus, mahomet, assyrian, persia, lord, christians, prince, asia","[1120_00030 — The Phoenix in Her Flames (Lower, William, 1639); not in BritDrama] Thou durst as well Have eaten fire, as uttered these bold words, If 'twere not for the laws that are observed Between all Nations, that Ambassadors Be well entreated, this great privilege Hath brought forth this presumption; know yourself And how far you may go, else I shall be Though loath, a breaker of the ancient custom. Sir, I'm commanded not t…

[156_00001 — 1 Tamburlaine the Great (Marlowe, Christopher, 1590); tragedy] Then hear thy charge, valiant Theridama The chiefest Captain of Mycetes host, The hope of Persia, and the very legs Whereon our state doth lean, as on a staff, That holds us up, and foils our neighbour foes, Thou shalt be leader of this thousand horse, Whose foaming gall with rage and high disdain, Have sworn the death of wicked Tamburlaine. Go gro…

[156_00018 — 1 Tamburlaine the Great (Marlowe, Christopher, 1590); tragedy] Now shalt thou feel the force of Turkish arms, Which lately made all Europe quake for searc: I have of Turks, Arabians, Moores and Jews Enough to cover all Bithynia, Let thousands die, their slaughtered Carcases Shall serve for walls and bulwarks to the rest: And as the heads of Hydra, so my power Subdued, shall stand as mighty as before: If they s…","Eastern conquest: Persians, Turks and soldans",thematic_discourse+shared_narrative,included,"108 chunks, 20 works (8 with 3+), 1 Tamburlaine 22 %, top three 55 %. Conquest rhetoric of the East: Scythian, Persian and Turkish armies, Mahomet, soldans, Christians against Turks; Marlowe, Wars of Cyrus, Goffe's Turk plays, Alexander's Darius, Heywood's Four Prentices. A shared subject rather than one story, but three works hold over half — decide whether the concentration is acceptable.",user_confirmed,156_00020;250_00017;1120_00010;961_00049;751_00027;446_00004;751_00021,"Eastern conquest: Persians, Turks and soldans","sample review supports an eastern-conquest and military-authority core. The full peripheral Maidenhead sample concerns Sforza's siege and an ungrateful ruler, not an eastern setting. Include as a subject domain with this documented boundary case; assess dominant-work influence if used for a central finding. Reviewed excerpts (three different works): 1120_00030; 250_00019; 1019_00004. Full-chunk follow-up: 1019_00004."
16,55,108,114,53476,58,13,The Lady of Pleasure,0.12,0.204,"The Lady of Pleasure (13); The Ball (5); Cynthia's Revels, or The Fountain of Sel (4); The Scornful Lady (4); Every Man Out of His Humor (3)","Shirley, James",0.241,comedy 74%; tragicomedy 6%; tragedy 6%,Adult Professional;Professiona 50%; Boys Professional;Professional 28%,"*lady, madam, gentleman, *lordship, *ladies, honour, mistress, sweet, court, servant","*ladyship, *lady, gentlemen, madam, mistress, gentleman, servant, *ladies, *lordship, honour","*ladyship, gentleman, pray, servant, honour, fashion, mistress, madam, *lord, welcome","lady, lordship, ladies, lord, ladyship","[704_00017 — Epicene, or The Silent Woman (Jonson, Ben, 1616); comedy] judge you, forsooth. What say you, lady? speak out, I beseech you. judge you, forsooth. O'my judgement, a divine softness! but can you naturally, lady, as I enjoin these by doctrine & industry, refer yourself to the search of my judgement, and (not taking pleasure in your tongue, which is a woman's chiefest pleasure) think it plausible, to answer m…

[979_00021 — Holland's Leaguer (Marmion, Shackerley, 1632); comedy] Lady, you have those fair additions Of wealth, and parentage, joined to your virtues, That I may justly suspect your disdain: But by my hopes, I do not court your fortunes, But you. Believe me, no deserving man Shall be the less esteemed for that, where I find Ability to govern, what I bring him. 'tis that I value: things that are without me, I cou…

[1128_00025 — The Opportunity (Shirley, James, 1640); comedy] You are mistaken Sir, he means somebody else, I have been kicked already. Madam you let fall. Let it reward your pains. Observed you that. Convey this to Mercutio, it creates him Controller of our household, this I hope Will merit more of his acquaintance with Our Court. You honour your poor creatures. Leave us, You may stay Sir, what suit, what th…","Gallantry: ladies, lordships and compliment",thematic_discourse,included,"108 chunks, 58 works, Lady of Pleasure 12 %. Fashionable courtship and compliment — 'your Ladyship', 'his Lordship', servants and honour, dancing lessons, the court as a place of manners; Shirley, Jonson, Chapman, Nabbes. Cross-work theme; close to T0 and T14 in setting but about manners rather than power.",user_confirmed,1051_00007;1095_00017;413_00032;699_00004;1077_00002;1050_00013;701_00031,"Gallantry: ladies, lordships and compliment",
21,44,102,108,50099,40,7,Love's Metamorphosis,0.127,0.363,"Love's Metamorphosis (13); Amyntas, or The Impossible Dowry (13); Gallathea (11); Cynthia's Revels, or The Fountain of Sel (7); Sappho and Phao (6)","Lyly, John",0.304,comedy 35%; pastoral 25%; pastoral; comedy 13%,Boys Professional;Professional 60%; Adult Professional;Professiona 15%,"*cupid, *venus, love, *ceres, *diana, fair, nymphs, goddess, bow, *damon","goddess, *cupid, *venus, gods, love, loves, lovers, *damon, *ceres, *diana","goddess, *cupid, nymphs, thoughts, *ceres, chaste, *phao, love, *venus, arrows","cupid, venus, ceres, diana, damon, ladies, phao, erisychthon, urania, alexis, amyntas, cynthia","[179_00019 — Gallathea (Lyly, John, 1592); comedy] Let me alone I will find him somewhat to do. Lady, can you for pity see Cupid thus punished. Why did Cupid punish us without pity? Is love a punishment? It is no pastime. O Venus, if thou sawest Cupid as a captive, bound to obey that was wont to command, fearing ladies' threats, that once pierced their hearts, I cannot tell whether thou wouldest re…

[135_00025 — Sappho and Phao (Lyly, John, 1584); comedy] I marvel Cupid cometh not all this while. How now, in Sappho's lap? Yea Venus, what say you to it, in Sappho's lap. Sir boy, come hither? I will not. What now? will you not? hath Sapho made you so saucy? I will be Sappho's son, I have as you commanded stricken her with a deep disdain of Phao, and Phao as she entreated me, with a great despite of yo…

[409_00005 — Love's Metamorphosis (Lyly, John, 1601); pastoral; comedy] Yes Madam: To let men see, they that contend with the gods, do but confound themselves. But let us to the Temple of Cupid, and offer sacrifice; they that think it strange for chastity to humble itself to Cupid, know neither the power of love, nor the nature of virginity: th'one having absolute authority to command, the other difficulty to resist: a…","Cupid, Venus and the nymphs",thematic_discourse+recurring_role_or_name,included,"102 chunks, 40 works (7 with 3+), Love's Metamorphosis 13 %, top three 36 %. Love under the gods: Cupid, Venus, Ceres, Diana, nymphs and swains; Lyly, Randolph, Tasso, Fraunce, Phineas Fletcher. Mythological roles shared across works; the boys'-company and pastoral concentration is content, not a single play. Comparable; only 7 works have 3+ chunks.",user_confirmed,409_00019;1091_00036;179_00018;957_00018;910_00031;413_00000;165_00000,"Cupid, Venus and the nymphs",
19,17,97,109,46716,60,7,Old Fortunatus,0.124,0.237,"Old Fortunatus (12); The Muses' Looking Glass (6); The Contention between Liberality and Pr (5); Histriomastix, or The Player Whipped (4); Like Will to Like (Quoth the Devil to th (3)","Dekker, Thomas",0.165,moral 22%; civic play; pageant 21%; tragedy 13%,Occasional;Nonprofessional 32%; Adult Professional;Professiona 26%,"virtue, fortune, virtues, honour, fame, vice, envy, world, pride, great","virtues, virtue, virtuous, pride, glory, envy, honour, *god, grace, vice","virtues, envy, glory, *magistrate, pride, poor, *god, fortune, vice, love","magistrate, god","[433_00004 — The Contention between Liberality and Prodigality (Anonymous, 1602); moral] Report hath spread, that Virtue here in place Arrived is, her silly court to hold: And therefore I am come with faster pace, t''encounter her, whose countenance is so bold. I doubt not, but by this my pompous show, By vestures wrought with gold so gorgeously, By reverence done to me of high and low, By all these ornaments of bravery, By this my tra…

[1153_00014 — Sicily and Naples, or The Fatal Union (Harding, Samuel, 1640); not in BritDrama] ay, that to purchase fame, and idle breath, Could venture forth abroad into the world, And leave thee here a prey to ravenous wolves; Expose thee tender years of a weak virgin To labour 'gainst the furious tide of lust That has assaulted thee; that my low birth Should stand in need of such additions, To raise me to a height, might equal yours: That…

[364_00046 — Old Fortunatus (Dekker, Thomas, 1600); romance] She that hath conquers thee; how dar'st thou come, Thus tricked in gaudy Feathers, and thus guarded, Which crowned kings and Muses, when thy foe Hath trod thus on thee, and now triumphs so? Where's virtuous Ampedo? See, he's her slave, For following thee this recompense they have. Is Ampedo her stane? Why that's my glory. The idiot's cap I once wor…","Virtue, Fortune and Vice as abstractions",thematic_discourse,pending,"97 chunks, 60 works, Old Fortunatus 12 %. Moralising on Virtue, Fortune's wheel, Fame, Envy, Pride and Vice — personified abstractions and sententiae; interludes and pageants, but also Henry V (Fluellen on Fortune), Poetaster, Satiromastix. Cross-work theme.",user_pending,364_00044;1087_00034;433_00000;89_00014;371_00011;422_00038;444_00033,"Virtue, Fortune and Vice as abstractions",sample review confirms an allegorical core but finds courtship/alchemical salesmanship and praise of the wool trade at the boundary. Keep pending until a coherent moral or evaluative connection beyond shared elevated vocabulary is established. Reviewed excerpts (three different works): 433_00004; 701_00032; 1021_00002. Full-chunk follow-up: 701_00032.
22,5,96,98,47796,31,8,The Faithful Shepherdess,0.281,0.438,The Faithful Shepherdess (27); Mucedorus (and Amadine) (8); As You Like It (7); The School of Compliment (Love Tricks) (5); Love's Riddle (5),"Fletcher, John",0.281,pastoral; tragicomedy 28%; comedy 22%; pastoral 15%,Adult Professional;Professiona 30%; Boys Professional;Professional 28%,"shepherd, pan, shepherds, love, sheep, flocks, fair, shepherdess, swain, away","shepherds, shepherd, shepherdess, sheep, *amadine, love, swain, pan, flock, bear","shepherds, love, swain, *amadine, gentle, holy, bear, *apollo, woods, pan","selina, amadine, segasto, apollo","[675_00005 — The Faithful Shepherdess (Fletcher, John, 1610); pastoral; tragicomedy] Of smooth Lyeus, whose nigh starved flocks Are always scabby, and infect all sheep They feed withal, whose lambs are ever last, And die before their weaning, and whose dog, Looks like his Master, lean, and full of scurf, Not caring for the pipe or whistle: this man may (If he be well wrought) do a deed of wonder, Forcing me passage to my long desir…

[675_00012 — The Faithful Shepherdess (Fletcher, John, 1610); pastoral; tragicomedy] I do not love this wench that I should meet, For never did my unconstant eye yet greet That beauty, were it sweeter or more fair, Than the new blossoms, when the morning air Blows gently on them, or the breaking light, When many maiden blushes to our sight Shoots from his early face: were all these set In some neat form before me, 'twould not get T…

[675_00018 — The Faithful Shepherdess (Fletcher, John, 1610); pastoral; tragicomedy] Fairest Shepherdess, Come you with me, I do not love ye less Than that fond man that would have kept you there From me of more desert. O yet forbear To take her from me, give me leave to die By her. Now whilst theme one doth rule the sky, And the stars, whose feeble light Give a pale shadow to the night, Are up, great Pan commanded me To walk this …","Shepherds, flocks and Pan",thematic_discourse,included,"96 chunks, 31 works, Faithful Shepherdess 28 %, top three 44 %. The shepherd's world: flocks, swains, Pan, the shepherdess, woods; Fletcher, Mucedorus, As You Like It, Shirley, Heywood, entertainments. Cross-work, but one play holds over a quarter — note the share when a genre result rests on this topic.",user_confirmed,675_00038;319_00018;868_00034;200_00000;954_00015;1063_00009;964_00006,"Shepherds, flocks and Pan",
18,58,96,113,47550,25,9,The Valiant Scot,0.208,0.448,The Valiant Scot (20); 1 Edward the Fourth (13); Edward the Second (10); Jack Straw (8); The True Tragedy of Richard the Third (6),"W., J.",0.208,history 76%; tragedy 8%; tragedy; history 8%,Adult Professional;Professiona 94%; University/Inns of Court;Nonpr 2%,"king, *lord, *wallace, *earl, *edward, *england, *scotland, rebels, *bruce, *english","rebellion, *earl, *lord, rebel, *mortimer, honour, *edward, brave, traitor, *gaveston","rebellion, *scotland, *earl, *lord, *gaveston, honour, *mortimer, brave, death, *english","lord, wallace, earl, edward, england, scotland, bruce, english, gaveston, falconbridge, maior, mortimer","[245_00023 — Edward the Second (Marlowe, Christopher, 1594); history] 'tis not amiss my liege for either part, To breath a while, our men with sweat and dust All choked well near, begin to faint for heat, And this retire refresheth horse and man. Here come the rebels. Look Lancaster, yonder is Edward among his flatterers. And there let him be, till he pay dearly for their company. And shall or Warwick's sword shall s…

[242_00029 — The True Tragedy of Richard the Third (Anonymous, 1594); tragedy; history] Messenger stay, hath Blunt betrayed, doth Oxford rebel and aid the Earl Richmond, may this be true, what is our prison so weak, our friends so fickle, our Ports so ill looked too, that they may pass and repass the seas at their pleasures, than every one conspires, spoils our Conflex, conqueres our Castles, and Arms themselves with their own weapons…

[245_00022 — Edward the Second (Marlowe, Christopher, 1594); history] O shall I speak, or shall I sigh and die! My lord, refer your vengeance to the sword, Upon these Barons, hearten up your men, Let them not unrevenged murder your friends, Advance your standard Edward in the field, And march to sire them from their starting holes. By earth, the common mother of us all, By heaven, and all the moving orbs thereof, By …","Rebels, barons and the king's wars at home",thematic_discourse+shared_narrative,included,"96 chunks, 25 works (9 with 3+), Valiant Scot 21 %, top three 45 %. Rebellion and civil war within Britain: rebels, traitors, barons against the king, Scotland and England, drums and standards; Valiant Scot, Heywood's Edward IV, Edward II, Gorboduc, Jack Straw, also Chapman's Bussy plays. Historical matter shared by many plays; neighbour of T10 (France) and T43 (York/Lancaster).",user_confirmed,1053_00028;345_00007;245_00022;68_00023;579_00038;710_00020;207_00002,"Rebels, barons and the king's wars at home",
15,0,93,118,45729,26,11,Measure for Measure,0.14,0.376,Measure for Measure (13); Edward the First (12); Friar Bacon and Friar Bongay (10); A New Trick to Cheat the Devil (8); Romeo and Juliet (7),"Peele, George",0.14,comedy 41%; tragedy 20%; history 19%,Adult Professional;Professiona 94%; Boys Professional;Professional 3%,"friar, *lord, holy, friars, *robin, *peggy, *lacie, *angelo, love, *nun","friars, friar, *romeo, *angelo, maid, *margaret, *prince, *duke, *iohn, king","friars, *prince, night, love, maid, *claudio, *romeo, father, *iohn, *margaret","lord, robin, peggy, lacie, angelo, nun, claudio, romeo, prince, duke, iohn, margaret, bacon","[998_00025 — The Jew of Malta (Marlowe, Christopher, 1633); tragedy] You hear your answer, and you may be gone. Why go get you away. I will not go for thee. Not, then I'll make thee go. How, dost call me rogue? Part 'em, master, part 'em. This is mere frailty, brethren, be content. friar Barnardine go you with Ithimore. You know my mind, let me alone with him; Why does he go to thy house, let him begone. I'll give h…

[203_00005 — Edward the First (Peele, George, 1593); history] True man, true Friar, true priest, & true knave, These four in one this trull shall have, Here swear I by my shaven crown, Wench if I give thee a gay green gown, I'll take thee up as I laid thee down, And never bruise nor batter thee. O swear not master, flesh is frail, Wench when the sign is in the tail, Mighty is love and will prevail, This Churc…

[203_00021 — Edward the First (Peele, George, 1593); history] O mistress out it goes. Look what comes next the Friar throes. Such a sitting whoever saw, An eagle's bird of a Jack daw. So Sir is this all? Sweet heart here's no more. How now good fellow more indeed, By one then was before. How now the devil in steed of a ditty. friar a ditty come late from the city. To ask some pity of this lass so pretty: Some…",Friars and holy orders in the plot,thematic_discourse+recurring_role_or_name,included,"93 chunks, 26 works (11 with 3+), Measure for Measure 14 %, top three 38 %. Friars, priors and nuns as agents of the action: friars who marry lovers in secret, conjure, carry messages or plot murder; Shakespeare, Peele, Greene, Marlowe (Jew of Malta, Massacre), the Robin Hood plays, Davenport. The role holds it together, not one story; comparable across works.",user_confirmed,864_00039;203_00028;232_00012;1110_00013;998_00020;411_00007;260_00017,Friars and holy orders in plot,
23,48,91,94,45038,52,8,Cupid's Whirligig,0.077,0.198,Cupid's Whirligig (7); All Fools (6); Northward Ho (5); Tottenham Court (4); Rule a Wife and Have a Wife (4),"Chapman, George",0.088,comedy 62%; tragedy 22%; not in BritDrama 5%,Adult Professional;Professiona 43%; Boys Professional;Professional 43%,"wife, husband, cuckold, jealousy, woman, jealous, mistress, love, house, honest","jealous, cuckold, jealousy, gentlewoman, husband, mistress, gentlemen, *lady, wife, wives","jealous, gentlewoman, husband, cuckold, honest, honour, pray, mistress, look, gentlemen","lady, lord","[590_00017 — Northward Ho (Dekker, ThomasWebster, John, 1607); comedy] ay but will you do it faithfully? As I respect your acquaintance I shall do it. Tell me then I beseech you, do not you think this minx is some naughty pack whom my husband hath fallen in love with, and means to keep under my nose at his garden house. No upon my life is she not, O I cannot believe it, I know by her eyes she is not honest, why should…

[581_00002 — Cupid's Whirligig (Sharpham, Edward, 1607); comedy] O sir, What make you here, when there's a gallant Gentleman newly come from Court, talking within with my Lady. Yet more Courtiers, more Gallants, more Gentlemen? now in a hundred thousand horned devils names, what makes a there? what is a gone to bed to your Lady? doth a Cuckold me in mine own house, in mine own chamber? nay in mine own Sheets? wh…

[581_00004 — Cupid's Whirligig (Sharpham, Edward, 1607); comedy] Why sir? ye are no Cuckold: No? no Cuckold? he lies with your Lady, and your Lady lies with him, yet I am no cuckold. Why no, give me but attention, and with a word i'll wipe away your horns. No, no, words are to weak to wipe them off, when deed have put them on. But hear me sir. with open ears to swallow comfort. I met my Lady and he fast by the G…","Husbands, wives and jealousy",thematic_discourse,included,"91 chunks, 52 works, no work above 8 %. Jealous husbands, suspected wives, cuckoldry feared or arranged, 'honest' as the wife's word; Sharpham, Chapman, Dekker, Nabbes, Brome, also Soliman and Perseda. Cross-work theme.",user_confirmed,581_00009;518_00022;590_00017;1082_00031;188_00013;813_00029;1140_00035,"Husbands, wives and jealousy",
26,22,87,89,43021,47,5,The Devil Is an Ass,0.149,0.356,"The Devil Is an Ass (13); If It Be Not Good, the Devil Is in It (I (9); A New Trick to Cheat the Devil (9); The Four P's (3); The Night Walker, or The Little Thief (3)","Jonson, Ben",0.218,comedy 63%; tragedy 11%; moral 8%,Adult Professional;Professiona 68%; Interlude;Nonprofessional 11%,"devil, hell, devils, sure, soul, fiend, *sr, wife, *lord, men","devils, devil, *god, souls, hell, spirit, damned, fiend, pray, soul","devils, wife, pray, fiend, hell, soul, damned, barn, *lord, *god","sr, lord, god","[1110_00032 — A New Trick to Cheat the Devil (Davenport, Robert, 1639); comedy] He says true sir, Let all your anger then conclude in this, And bid the Devil take him. A good riddance. I know not how you could dispose him better And empty all your wishes. Well, I am pleased, Employ your best discretions. But where's Nan? Sick in her Chamber, where she keeps her Bed, And dares not thence remove. The worse for her, Yet for our p…

[1110_00025 — A New Trick to Cheat the Devil (Davenport, Robert, 1639); comedy] Wondrous sir; he can transshape his spirits, if fame Lie not, into what form he please, to imitate me, Or personate you; he could produce a Devil In shape of this good ancient Gentlewoman. A Devil sir like me? H'hath done't in habit of a Constable, And may do't in a gentlewoman's; for his commons In the Friars he cares not, he can for a need Conjur…

[99_00012 — Enough Is as Good as a Feast (Wager, William, 1570); moral] If thou speed well now I dare promise' thee, The Devil will give thee the Crown of hell. God speed you Sir, I pray you might I be so bold, As to have a word or two with you in your ear? Yea, hardly my friend say what you would. Your mind unto me you may boldly declare. I pray you are you not acquainted with this gentleman? I would fain speak with h…","Devils, hell and fiends",thematic_discourse,included,"87 chunks, 47 works (5 with 3+), Devil Is an Ass 15 %. The devil as talked about and staged: fiends in disguise, hell, damnation jokes, the devil at Newgate or dancing with the collier; Jonson, Dekker, Davenport, Fulwell. Cross-work; most works contribute one or two chunks.",user_confirmed,973_00053;707_00009;1110_00039;89_00003;1173_00034;972_00011;548_00031,"Devils, hell and fiends",
20,10,87,109,43327,18,5,Hercules Oetaeus (Hercules on Mount Oeta) (Seneca's Tenth Tragedy),0.391,0.747,"Hercules Oetaeus (Hercules on Mount Oeta (34); The Brazen Age (The Age of Brass) (18); Hercules Furens (Mad Hercules) (Seneca's (13); Medea (Seneca's Seventh Tragedy) (3); Lingua, or The Combat of the Tongue and  (3)","Seneca, Lucius AnnaeusStudley, John",0.437,tragedy 45%; classical legend or myth 21%; tragedy; literary play 15%,Translation;Nonprofessional;Cl 61%; Adult Professional;Professiona 25%,"*hercules, *hercles, *ioue, *deianeira, *alcides, hand, lo, death, skies, hell","*hercules, *hercles, *alcides, gods, *nessus, hell, monsters, *deianeira, heaven, limbs","*hercules, *deianeira, monsters, burning, gods, *alcides, *nessus, limbs, hell, *hercles","hercules, hercles, ioue, deianeira, alcides, omphale, nessus","[134_00040 — Hercules Oetaeus (Hercules on Mount Oeta) (Seneca's Tenth Tragedy) (Seneca, Lucius AnnaeusStudley, John, 1581); tragedy] Alone: can flaming Phlegethon thy ghost in torments burn: Or can the mastiff Dog of hell keep down thy woeful sprite? Where then might I come see thy soul and leave this loathed light? When shall I rap at Tartar gate? what jaws shall me devour? What death shall daunt me: goest thou to hell, and hast no power To come again: alas why do I waste, the …

[134_00007 — Hercules Oetaeus (Hercules on Mount Oeta) (Seneca's Tenth Tragedy) (Seneca, Lucius AnnaeusStudley, John, 1581); tragedy] And now steps in an hateful whore, (which more my mind doth irk) To cumber us, as ill as fiends. O Father thou of might, The shield of Gods: and Titan thou, that bear'st the Lamp of light, I only unto Hercules a loyal wife abode, And to an harlot's use are turned my prayers made to God: The fruit of my felicity a Strumpet doth obtain, And for an ha…

[134_00026 — Hercules Oetaeus (Hercules on Mount Oeta) (Seneca's Tenth Tragedy) (Seneca, Lucius AnnaeusStudley, John, 1581); tragedy] Withouten any conquest made doth end his latter day, Without exploit or feat of arms myself I pass away. O mighty umpire of the world and all ye Ghosts above That witness how in quarrel good my right hand ever strove O all ye lands, O earth alas, may it your mercy please To spoil the spiteful sting of death that daunts your Hercules Fie fie, what s…","Hercules: labours, Deianira and the pyre",shared_narrative,included,"87 chunks, 18 works, Hercules Oetaeus 39 %, top three 75 %. One legend — Hercules' labours, madness and death — in the Seneca translations and Heywood's Brazen Age, with Hercules allusions elsewhere (Lingua). Group decision (single-story clusters T7, T20, T34, T54, T55, T59): decide once whether a shared story counts as a subject for genre comparison, as subject areas already do (T2 Rome, T10/T18 English chronicle matter, T12 the gods); if yes → candidate with the concentration noted, if no → contextual_only.",user_confirmed,134_00041;719_00008;59_00002;562_00042;79_00024;1076_00011;1040_00014,"Hercules: labours, suffering and virtue","sample review supports Hercules-related suffering, action and virtue. The full Pleasure Reconciled chunk explicitly addresses Hercules and his labours. Include under the proposed shared-subject policy, without assuming one repeated plot. Reviewed excerpts (three different works): 134_00040; 59_00025; 1164_00003. Full-chunk follow-up: 1164_00003."
24,45,84,89,41688,31,5,Apollo Shroving,0.345,0.536,Apollo Shroving (29); Midas (8); The Maid's Metamorphosis (8); The Arcadia (4); Hippolytus (Seneca's Fourth Tragedy) (3),"Hawkins, William",0.345,comedy 56%; pastoral; romance 14%; tragedy 10%,Boys Nonprofessional/School;No 35%; Boys Professional;Professional 30%,"*apollo, *phoebus, *midas, *muses, ears, play, *hedone, gods, *siren, time","*phoebus, gods, *musaeus, *god, *phrygia, laurel, muse, *apollo, *amphibius, *muses","*phoebus, gods, *musaeus, *phrygia, laurel, love, *siren, night, *apollo, play","apollo, phoebus, midas, muses, hedone, siren, god, amphibius, phrygia, musaeus","[907_00003 — Apollo Shroving (Hawkins, William, 1627); comedy] NO Court of King, no Palace stately rich, Though proud of marble feet & guilded head Can outbid these for true and sweet content. Let others grovel and embrace the earth, (The earth the whole world's basest sediment) Let them there dig their mother's bowels out, And thence take gold (the earth's worst excrement) Let muddy mindes oard vp, and hugge,…

[370_00026 — The Maid's Metamorphosis (Anonymous, 1600); pastoral; romance] Great God, the grievous travels I have passed, In restless search, to find her out at last: My plaints my toils, in lieu of my annoy, Have well deserved my Lady to enjoy. Penance too much I have sustained before: Oh Phoebus, plague me not with any more. Nor be thou so extreme, now at the worst To make my torments greater than at the first. My Fathe…

[1064_00003 — Apollo and Daphne (Heywood, Thomas, 1637); classical legend or myth] Weak brat resolve me, By whose enticement thou hast been so bold To take to thee the emblem of my power? Is't not sufficient, thou with brainsick toys Canst fill the heads of mad men and of fools, Who'ascribe to thee a godhead, merely usurped? But thou must wear my due Impresa insculpt, And ('bout thy shoulders) those known ornaments, Apollinis ins…","Apollo, the Muses and Midas",recurring_role_or_name+thematic_discourse,included,"84 chunks, 31 works, Apollo Shroving 35 %, top three 54 %. Apollo/Phoebus as sun-god and patron of the Muses, Midas' ears, sirens: Lyly (Midas, Sappho and Phao), Maid's Metamorphosis, Heywood, Seneca's sunrise choruses share the subject with the school play Apollo Shroving. The one-play share is a flag to check (does a genre result change without it?), not a reason to exclude; read the non-Shroving chunks and decide.",user_confirmed,907_00001;181_00027;370_00027;50_00016;135_00006;794_00020;719_00027,"Apollo, Phoebus and the Muses","sample review supports Apollo/Phoebus across worship, learning, desire and cosmic disorder. The full Thyestes sample explicitly addresses Phoebus. Include as a mythological domain; do not treat Apollo Shroving's concentration as automatic exclusion. Reviewed excerpts (three different works): 907_00003; 135_00006; 50_00016. Full-chunk follow-up: 50_00016."
28,51,82,86,40821,51,6,Mother Bombie,0.073,0.195,"Mother Bombie (6); The Wise Woman of Hogsdon (6); A Woman Is a Weathercock (4); The Disobedient Child (3); Greene's Tu Quoque, or The City Gallant (3)","Heywood, Thomas",0.11,comedy 67%; tragedy 10%; not in BritDrama 7%,Adult Professional;Professiona 52%; Boys Professional;Professional 23%,"married, marriage, wedding, day, bride, father, wife, *luce, love, husband","wedding, bride, marriage, husband, love, mistress, married, wife, son, father","wedding, father, pray, mistress, priest, *luce, leave, bride, tomorrow, love",luce,"[521_00015 — The London Prodigal (Anonymous, 1605); comedy] That is as much to say, a man should hear more Than he should speak. You say true, and indeed I have heard more, Than at this time I will speak, You say well. Slanders are more common than troths master Flowerdale? But proof is the rule for both. You say true, what do you call him Hath it there in his third canton? I have heard you have been wild: …

[1071_00004 — The Wise Woman of Hogsdon (Heywood, Thomas, 1638); comedy] I am sorry Sir, I have lent so large an ear To such a bad discourse; and I protest After this hour, never to do the like. I must confess, of all the Gentlemen That ever courted me, you have possessed The best part in my thoughts: but this course language Exiles you quite from thence. Sir, had you come, In stead of changing this mine honest name Int…

[229_00022 — The Taming of the Shrew (Shakespeare, William, 1623); comedy] I am glad he's come, howsoe'er he comes. Why sir, he comes not. Didst thou not say he comes? Who, that Petruchio came? I, that Petruchio came. No sir, I say his horse comes with him on his back. Why that's all one. Nay by S. Iamy, I hold you a penny, a horse and a man is more than one, and yet not many. Come, where be these gallants? who's at home?…","Marriage-making: weddings, brides and matches",thematic_discourse,included,"82 chunks, 51 works, no work above 7 %. Weddings arranged, brides on the morning, matches made or broken, husband-choosing; Lyly, Heywood, Field, Terence, Nabbes, the moral interludes. Cross-work theme; T33 (fathers negotiating) is its neighbour.",user_confirmed,239_00021;1071_00004;697_00009;153_00020;1129_00000;123_00028;434_00032,"Marriage-making: weddings, brides and matches",
27,36,82,88,40717,44,8,The City Match,0.098,0.244,"The City Match (8); A Trick to Catch the Old One (7); Sir Giles Goosecap (5); A New Wonder, A Woman Never Vexed (4); The Gamester (4)","Middleton, Thomas",0.159,comedy 87%; not in BritDrama 6%; tragedy 5%,Adult Professional;Professiona 48%; Boys Professional;Professional 33%,"uncle, niece, nephew, gentlemen, faith, cousin, wife, house, gentleman, money","nephew, uncle, cousin, niece, gentlemen, sister, brother, gentleman, wife, mistress","nephew, worship, gentlemen, love, mistress, cozen, house, pound, uncle, money","mr, lady","[614_00010 — A Trick to Catch the Old One (Middleton, Thomas, 1608); comedy] How could you hear of that sir? Oh pardon me, It was your will to have it kept from me I perceive now. Not for any defect of Love I protest Uncle. Oh 'twas Unkindness Nephew, fie, fie, fie. I am sorry you take it in that sense sir. Puh, you cannot colour it i'faith Nephew. Will you but hear what I can say in my just excuse sir. Yes faith will I, an…

[640_00004 — A Yorkshire Tragedy (Middleton, Thomas, 1608); tragedy] Alas that hate should bring us to our grave: You see my sword's not thirsty for your life, I am sorrier for your wound than yourself, You're of a virtuous house, show virtuous deeds 'tis not your honour, 'tis your folly bleeds, Much good has been expected in your life, Cancel not all men's hopes, you have a wife Kind and obedient: heap not wrongful…

[1056_00006 — The Gamester (Shirley, James, 1637); comedy] I apprehend; And thus I satisfy you, we that had Our breeding from a Trade, cits as you call us, Though we hate gentlemen ourselves, yet are Ambitious, to make all our children gentlemen, In three generations they return again, We for our children purchase Land, they brave it I'th' Country, begets children, and they sell, Grow poor, and send their …","Uncles, nephews and nieces: inheritance and guardianship",thematic_discourse,included,"82 chunks, 44 works, City Match 10 %. Kinship of money: uncles and nephews, nieces and their portions, keys to the counting-house, houses inherited; Mayne, Middleton, Chapman, Jonson, Brome, Heywood's Woman Killed. Cross-work theme.",user_confirmed,1118_00003;614_00018;538_00026;1172_00035;981_00046;573_00012;603_00011,"Uncles, nephews and cousins: kinship and patronage","sample review supports extended kinship, patronage and household dealings. Revise the inheritance/guardianship emphasis because the samples include favour, hospitality and joint schemes without an explicit inheritance dispute. Reviewed excerpts (three different works): 614_00010; 628_00030; 1020_00002."
25,60,72,89,36081,25,5,Mustapha,0.361,0.556,Mustapha (26); Alaham (10); The Misfortunes of Arthur (Certain Devic (4); The Alexandraean Tragedy (4); Croesus (3),"Greville, Fulke",0.5,tragedy 92%; comedy 3%; tragicomedy 3%,Closet/Unacted;Nonprofessional 65%; University/Inns of Court;Nonpr 8%,"feare, kings, power, *princes, lawes, loue, state, downe, honor, men","*princes, kings, king, tyrants, feare, honor, lawes, men, *crowne, againe","*princes, feare, lawes, change, tyrants, kings, honor, truth, downe, liue","princes, mustapha, crowne","[656_00011 — Mustapha (Greville, Fulke, 1633); tragedy] My Lord! what moues these vndermining words, Which shewing feare in you, stirre feare in vs? Cruelty, and Dissolution enter thus. Doth Kings restraint of wrath appeare like feare? Shall our remissenesse suffer more than this? Can horror onely, adoration beare? Behold, the World layes Homage at my feet, To them by sword, and fire I am knowne: Must K…

[1015_00007 — Alaham (Greville, Fulke, 1633); tragedy] MY Lord! So oft alone, pulls downe the heart To thoughts, and courses far vnmeet for it. Princes must show themselues in open sight; Men ioy in them that doe in men delight. Triumphs of common peace, sacrifice, thanks, praise, Prepared are, To solemnize this vniuersall ioy, Wherein your selfe the greatest part enioy. If change were currant in Etern…

[608_00053 — The Alexandraean Tragedy (Alexander, William, 1607); tragedy] Thus doth a partial judgement aim amiss, At things that stand without our reach retired: Which whilst not ours as treasures we define, But not the same whilst we the same enjoy. Some things afar do like the glow-worm shine, That looked too near have of that light no sign. No charge on th'earth more weighty to discharge, Than that which of a kingdom…","Kings, power and law: political sententiae",thematic_discourse+shared_narrative,included,"72 chunks, 25 works, Mustapha 36 % + Alaham 14 % (Greville), top three 56 %. Reflection on crowns, fear, laws and the art of rule: Greville's choruses, Sejanus, Byron, Misfortunes of Arthur, Cymbeline's cave speech — a real political theme across authors. Two things are not separated here and go into the limitations: Greville's half-share, and his unregularised spelling (feare, lawes, loue in the keywords). Keep the theme hypothesis; decide after reading the non-Greville chunks.",user_confirmed,656_00019;1015_00038;150_00022;512_00029;512_00012;649_00018;892_00022,"Kings, power and law: political sententiae",
33,50,65,66,31994,41,3,Andria (The Woman from Andros),0.2,0.292,Andria (The Woman from Andros) (13); All Fools (3); The Spanish Bawd (Calisto and Meliboea)  (3); 1 The Two Angry Women of Abingdon (2); Patient Grissel (2),"Terence (Publius Terentius Afer)Kyffin, ",0.2,comedy 75%; tragedy 6%; moral 5%,Adult Professional;Professiona 43%; Translation;Nonprofessional;Cl 25%,"daughter, marriage, father, love, *davus, matter, son, *chremes, wife, mother","bride, marriage, husband, love, father, mother, married, wife, son, faith","bride, father, hope, *davus, *god, marriage, word, fair, wife, pray","davus, chremes, pamphilus, god","[952_00172 — The Spanish Bawd (Calisto and Meliboea) (Celestina) (Mabbe, JamesRojas, Fernando de, 1631); tragicomedy; literary play] My Lord Pleberio, heaven bless her, and send her so to do, that we may see our desires accomplished in our life time. And I am rather of opinion that we shall want one that is equal with our daughter, considering her virtue and nobleness of blood, then that there are overmany that are 〈◊〉 to wear her; but because this office more properly appertain…

[153_00011 — Andria (The Woman from Andros) (Terence (Publius Terentius Afer)Kyffin, Maurice, 1588); comedy] What wouldst thou have me to do? that I should yield to marry? O master consider, he is your father, it is hard to withstand him: Moreover this Glycerie is a love woman, he will quickly pick a quarrel against her, and so turn her packing out of town: May he turn her away? Yes, out of hand. Then I pray thee Davus what shall I do? Say to your father …

[1076_00037 — Love's Riddle (Cowley, Abraham, 1638); pastoral] They marry not, but sell themselves t'a wife, Whom the large dowry tempts, and take more pleasure To hug the wealthy bags than her that brought them. Let them whom nature bestows nothing on Seek to patch up their want by parents' plenty; The beautiful, the chaste, the virtuous, herself alone is portion to herself. By your leave; I come to seek a Da…","Fathers, daughters and marriage negotiations",thematic_discourse,included,"65 chunks, 41 works (3 with 3+), Terence's Andria 20 %, top three 29 %. Parents disposing of a daughter or son in marriage, the reluctant child, the match discussed between fathers; Andria, All Fools, Celestina, Porter, Sharpham. Cross-work, but nearly every work contributes only one or two chunks; overlaps with T28.",user_confirmed,153_00018;518_00034;952_00172;930_00031;993_00006;363_00010;581_00021,"Fathers, daughters and marriage negotiations",
30,7,65,68,32353,21,7,A Tale of a Tub,0.431,0.569,"A Tale of a Tub (28); Wit in a Constable (5); When You See Me You Know Me (Henry the E (4); Blurt, Master Constable, or The Spaniard (3); Holland's Leaguer (3)","Jonson, Ben",0.462,comedy 72%; history 9%; not in BritDrama 8%,Adult Professional;Professiona 82%; Boys Professional;Professional 15%,"*constable, squire, tub, clay, worship, justice, turf, *mr, hun, *valentine","squire, *iohn, *constable, *hugh, *valentine, *audrey, neighbour, justice, master, pray","squire, pray, *constable, *valentine, *iohn, *blurt, neighbour, watch, *bramble, puppy","constable, mr, valentine, audrey, pol, blurt, hugh, bramble, iohn, cannon","[1127_00025 — The Night Walker, or The Little Thief (Fletcher, JohnShirley, James, 1640); comedy] How? Not at leisure to do the king service; Take heed what you say sir; I know his worship, If he knew my business, would no excuse. You must go to another justice, I'll assure My Master is not well in health. I know not, But if your worshipful be not at leisure To do himself a benefit, I am gone sir, An infinite benefit, and the State shall thank …

[979_00029 — Holland's Leaguer (Marmion, Shackerley, 1632); comedy] You have said enough, sir. And for requital, I will show you in, Where you shall read the titles, and the prices. But here's a brother of mine is somewhat bashful: I'd fain deliver him to thy discipline. What, is he bashful? that's a fault indeed. Come hither, chops, you must not be so shamefaced? lo you there, sir, you shall come forth in print. M…

[381_00021 — Much Ado About Nothing (Shakespeare, William, 1600); comedy] If I see any thing to night, why I should not marry her to morrow in the congregation, where I should wed, there will I shame her. And as I wooed for thee to obtain her, I will join with thee, to disgrace her. I will disparaged her no farther, till you are my witnesses, bear it coldly but till midnight, and let the issue show itself. O day untoward…","Constables, justices and the watch",thematic_discourse+recurring_role_or_name,included,"65 chunks, 21 works, A Tale of a Tub 43 %, top three 57 %. Petty officers of the law — constables, justices, the watch, robberies reported — a subject shared by Wit in a Constable, Blurt, Three Ladies of London, Northern Lass, Holland's Leaguer; Jonson's Tub holds nearly half. Concentration is a flag, not a verdict: if the theme is confirmed, check the genre result with the Tub removed.",user_confirmed,1173_00010;1145_00024;496_00019;146_00034;981_00050;979_00031;430_00026,"Constables, justices and the watch","sample review confirms constables and local justice across crime reporting, marriage intervention and bribery. Include; concentration in Tale of a Tub does not erase this cross-work content. Reviewed excerpts (three different works): 1127_00025; 1173_00022; 1145_00025."
31,28,62,68,30615,14,8,When You See Me You Know Me (Henry the Eighth),0.274,0.565,"When You See Me You Know Me (Henry the E (17); Henry the Eighth (All Is True) (13); 2 The Troublesome Reign of King John (5); The Three Laws of Nature, Moses, and Chr (4); The Devil's Charter, or Pope Alexander t (4)","Rowley, Samuel",0.274,history 71%; tragedy 19%; moral 8%,Adult Professional;Professiona 92%; Interlude;Nonprofessional 8%,"*cardinal, *pope, king, *lord, majesty, holy, *rome, *france, church, *lords","*pope, *cardinal, saint, luther, *cardinals, church, priest, *lords, crown, majesty","*pope, curse, *cardinals, *lords, luther, crown, holiness, *france, priest, *legate","cardinal, pope, lord, rome, france, lords, kate, william, god, iohn, england, legate, cardinals, philip, emperor, queen","[876_00017 — King John (Shakespeare, William, 1623); history] King Philip, listen to the Cardinal. And hang a Calves-skin on his recreant limbs. Well ruffian, I must pocket up these wrongs, Because, Your breeches best may carry them. Philip, what sayst thou to the Cardinal? What should he say, but as the Cardinal? Bethink you father, for the difference Is purchase of a heavy curse from Rome, Or the light loss…

[876_00016 — King John (Shakespeare, William, 1623); history] O that a man should speak those words to me. And hang a Calves-skin on those recreant limbs Thou darest not say so villain for thy life. And hang a Calves-skin on those recreant limbs. We like not this, thou dost forget thyself. here comes the holy Legate of the Pope. Hail you anointed deputies of heaven; To thee King Iohn my holy errand is: I Pand…

[496_00010 — When You See Me You Know Me (Henry the Eighth) (Rowley, Samuel, 1605); history] Did we not charge that none should trouble us, Presumptuous priest, proud prelate as thou art, How comes it you are grown so saucy sir, Thus to presume upon our patience, And cross our royal thought disturbed and vexed, By all your negligence in our estate, Of us and of our country's happiness. My gracious Lord. Fawning beast stand back: Or by my c…","Popes, cardinals and the crown",thematic_discourse+shared_narrative,included,"62 chunks, 14 works (8 with 3+), When You See Me 27 %, Henry VIII 21 %, top three 57 %. Church and crown: cardinals, legates, the pope's authority over kings; the Henry VIII plays, both King John plays, Bale, Edward II, Duchess of Malfi. A shared historical subject, but two plays hold half — decide whether the concentration is acceptable.",user_confirmed,496_00023;880_00001;174_00004;876_00016;858_00036;40_00013;245_00003,"Popes, cardinals and the crown","sample review supports papal/ecclesiastical authority in conflict with secular rule, alongside anti-papal fiscal satire. Include as a discourse domain; do not infer a uniform authorial religious position. Reviewed excerpts (three different works): 876_00017; 174_00017; 40_00013."
29,56,62,69,30668,8,4,Look About You,0.661,0.839,Look About You (41); King Lear (7); 1 Henry the Sixth (4); 2 Edward the Fourth (3); 2 Henry the Sixth (The First Part of the (2),Anonymous,0.694,comedy 66%; history 15%; tragedy 15%,Adult Professional;Professiona 100%,"*gloster, *faukenbridge, *skinke, hermit, *richard, *prince, *iohn, porter, *henry, brother","*gloster, *leyster, *prince, *lord, *faukenbridge, king, *earl, *god, hermit, *henry","*gloster, *prince, *faukenbridge, *earl, father, *leyster, *god, *lord, fleet, hermit","gloster, faukenbridge, skinke, richard, prince, iohn, henry, earl, redcap, lady, lord, robin, fau, god, leyster","[397_00024 — Look About You (Anonymous, 1600); comedy] O my Lord the house is full of halberts, and a great many Gentlemen ask for the room where Prince Iohn is? Lend me thy Apron, run and fetch a pot from the next room. Betrayed, 'swounds betrayed, by gout, by palsy, by dropsy; O brave boy, excellent blood: up, take my cloak And my hat to thy share, when I come from Kent, i'll pay Thee like a King. I …

[397_00040 — Look About You (Anonymous, 1600); comedy] I like her that she shunes temptation Prince Richard, but I bear with doting lovers, I should not take it well, that you urge me To such an office: but I bear with you, love's blind and mad, high to her boldly, try her; But if I know she yield, faith I'll defy her. I like thy honourable resolution, Gloster I pray thee pardon my entreat, it's men's …

[397_00005 — Look About You (Anonymous, 1600); comedy] Besides thou suest to have some maintenance, We have bethought us how we will reward thee, Thou shalt have Rowden Lordship. Shall he so? will you reward your murderers with my lands Your lands? it is our gift and he shall have it. I'll give him seizure first with this and this. Lay hold on Gloster. Hold that murderous Skinke. villains hands off, I …","Disguise plot around Gloster, Skink and Prince John (Look About You)",shared_narrative+recurring_role_or_name,contextual_only,"62 chunks, 8 works, Look About You 66 %, top three 84 %. One play's plot (Gloster, Faukenbridge, Skink, the hermit); the few outside chunks are other Glosters (King Lear, Henry VI). Single-work cluster.",user_confirmed,397_00007;623_00028;878_00017;222_00014;951_00013;319_00013;287_00017,Disguise and pursuit in Look About You,"sample review supports a Look About You disguise/pursuit core, while sampled peripheral scenes concern reconciliation oaths and murder. Retain for contextual display; this decision rests on uncertain cross-work coherence, not concentration alone. Reviewed excerpts (three different works): 397_00024; 287_00017; 951_00013."
37,18,60,61,30060,23,6,Wealth and Health,0.183,0.517,"Wealth and Health (11); All for Money (11); Enough Is as Good as a Feast (9); Summer's Last Will and Testament (3); Histriomastix, or The Player Whipped (3)",Anonymous,0.233,moral 68%; comedy 12%; tragedy 7%,Interlude;Nonprofessional 65%; Adult Professional;Professiona 13%,"wealth, riches, money, *god, rich, poverty, men, learning, poor, ic","riches, covetous, wealth, poor, poverty, money, pleasure, *god, liberty, treasure","riches, saith, covetous, poverty, *god, pleasure, liberty, content, worldly, remedy",god,"[45_00000 — Wealth and Health (Anonymous, 1565); moral] WHy is there no courtesy now I am come I trow that all the people be d●me Or else so god help me and halyd●●● They were almost a sleep. No words I hard, no● yet no ●●lking No instrument went nor ballattes singing What ails you all thus ●● sit dreaming Of whom take ye care? Of my coming ye may be ●l●d Therefore I pray you 〈...〉 For all your desire s…

[606_00001 — Volpone, or The Fox (Jonson, Ben, 1616); comedy] And what he will, sir. Riches are in fortune A greater good, than wisdom is in nature. True, my beloved MOSCA. Yet, I glory More in the cunning purchase of my wealth, Then in the glad possession; since I gain No common way: I use no trade, no venture; I wound no earth with plowshares; fat no beasts To feed the shambles; have no mills for iron, Oil,…

[121_00025 — The Tide Tarrieth No Man (Wapull, George, 1576); moral] Sir you are best say no more, than you are able to prove, lest I make you to repent your boldness, For if my patience you to much do move, I may chance turn your heat into a coldness. Why I lend my money like a friend for good will, And thereby do help men at their need. A friend thou art in deed, though a friend but ill, Pythagoras thy friendship,…","Riches, poverty and covetousness",thematic_discourse,included,"60 chunks, 23 works (6 with 3+), Wealth and Health 18 %, top three 52 %. Moralising on wealth: covetousness, the churlish rich man, poverty, 'enough is as good as a feast'; the mid-century interludes, Timon, Magnetic Lady, Alexander. Cross-work but interlude-heavy (topic→genre direction expected); T6 is money in practice, this is money as a moral subject.",user_confirmed,45_00014;123_00014;99_00011;608_00043;86_00011;884_00021;1172_00016,"Riches, poverty and covetousness",
32,3,59,66,29124,31,5,"The Two Merry Milkmaids, or The Best Words Wear the Garland",0.136,0.322,"The Two Merry Milkmaids, or The Best Wor (8); All's Well That Ends Well (6); A Challenge for Beauty (5); Cymbeline, King of Britain (4); The Merchant of Venice (The Jew of Venic (3)","Shakespeare, William",0.186,comedy 58%; tragicomedy 19%; tragedy 8%,Adult Professional;Professiona 80%; Boys Professional;Professional 12%,"ring, ti, gave, finger, jewel, *lady, *lord, love, invisible, away","jewel, ring, *lady, mistress, ere, love, pray, lost, *dorilus, faith","jewel, pray, husband, mistress, look, *dorilus, ring, lost, gave, *lord","lady, lord, dorilus","[870_00043 — All's Well That Ends Well (Shakespeare, WilliamMiddleton, Thomas, 1623); tragicomedy] I am her Mother sir, whose age and honour Both suffer under this complaint we bring, And both shall cease, without your remedy. Come hither Count, do you know these Women? My Lord, I neither can nor will deny, But that I know them, do they charge me further? Why do you look so strange upon your wife? She's none of mine my Lord. If you shall marry Y…

[1019_00024 — A Maidenhead Well Lost (Heywood, Thomas, 1634); comedy] Pardon Lords, I have stayed you long, your blessing royal Father. My custom is, ever to rise before A woman's hour: Now hear me speak my Lords, I'm married to a Lady, whose chaste honour, Reports and false Suggestions, did enforce me To call in public question; but that we leave Unto our last night's rest. True my good Lord; But did you find me fau…

[822_00039 — The Two Merry Milkmaids, or The Best Words Wear the Garland (Cumber, John, 1620); comedy] Well Smirke, pray for me, I am a man, but in this world I have small store of money, and therefore cannot reward thee as I would, but hold thee, give me thy hand, I can see to take thee by it, there's a Ring, 'twill yield thee somewhat. I thank you sir, it will serve to exchange for a Coral for my son and heir when I have him. Now step out altogeth…",Rings and jewels as tokens,thematic_discourse,included,"59 chunks, 31 works, Two Merry Milkmaids 14 %. Rings and jewels given, lost, recognised or made — the token as plot device; Cumber, All's Well, Chaste Maid, Heywood, the Robin Hood plays. Cross-work theme.",user_confirmed,822_00050;870_00041;1040_00017;945_00013;628_00009;411_00005;945_00014,Rings and jewels as tokens,
35,35,58,63,28618,42,4,Troilus and Cressida,0.069,0.19,"Troilus and Cressida (4); The Elder Brother (4); Every Man Out of His Humor (3); Aristippus, or The Jovial Philosopher (3); Love's Labor's Lost (2)","Shakespeare, William",0.155,comedy 55%; tragedy 16%; not in BritDrama 7%,Adult Professional;Professiona 48%; Boys Professional;Professional 28%,"fool, wit, *aristippus, *achilles, wise, fools, *patroclus, *thersites, master, men","fools, fool, wits, *philosopher, *patroclus, *aristippus, laugh, *thersites, *philosophy, men","fools, *philosopher, wits, look, *patroclus, great, pray, learned, laugh, leave","aristippus, achilles, patroclus, thersites, campeius, aiax, philosophy, philosopher","[720_00030 — Cynthia's Revenge, or Maenander's Ecstasy (Stephens, John, 1613); tragedy] Into their antic affability, And argue men of much impiety. Now should thy thunder (Jove) assail the the fort Of my ambitious hope, by way of sport, Blast me with lightning, brand me full of spots; Who have entrenched a garrison of plots Against my second maker, 'gainst my King. So credulous, so element, so sincere, So flexible, and gracious to me,…

[704_00001 — Epicene, or The Silent Woman (Jonson, Ben, 1616); comedy] No marvel, if the door be kept shut against your master, when the entrance is so easy to you— well sir, you shall go there no more, lest I be feign to seek your voice in my lady's rushes, a fortnight hence. Sing, sir. Why, here's the man that can melt away his time, and never feels it! what, between his mistress abroad, and his eagle at home, high …

[581_00041 — Cupid's Whirligig (Sharpham, Edward, 1607); comedy] I think ye spend most of your time with your Scholars here: ye keep little other company. Yes sometimes sir, here was yesterday Master Nucome the Courtier, do you not know him sir? O very well sir. He is a fine Gentleman, a good Scholar, and an excellent Naturalist: and truly fell into a great disputation, (peace these Boys there) and our Argument …","Fools, wit and railing",thematic_discourse,included,"58 chunks, 42 works, no work above 7 %. Folly and wit argued over: fools and wise men, living by one's wits, scholars mocked, railing (Thersites); the names in the keywords come from single scenes, the cluster itself is spread over 42 works. Cross-work theme.",user_confirmed,658_00018;1046_00009;365_00010;882_00013;1145_00003;239_00012;1082_00004,"Fools, wit and railing",
39,9,54,56,26897,14,3,The Three Ladies of London,0.37,0.778,The Three Ladies of London (20); The Three Lords and Three Ladies of Lond (19); Two Wise Men and All the Rest Fools (3); The Fleer (2); Impatient Poverty (1),"Wilson, Robert",0.741,moral 78%; comedy 7%; satire; dialogue 6%,Adult Professional;Professiona 76%; Boys Professional;Professional 7%,"conscience, lucre, usury, *lucar, fraud, dissimulation, simony, *london, *lady, *nemo","conscience, lucre, faith, usury, *lords, *god, *lady, simony, love, fraud","conscience, shillings, lucre, fraud, simony, hospitality, *ladies, *god, honest, serve","lucar, london, lady, nemo, ladies, lords, god","[155_00015 — The Three Lords and Three Ladies of London (Wilson, Robert, 1590); moral] No, I am one more than is in the deck, but you'll be smelled as soon as ye begin to speak, I'll see what they'll say to me: hear ye you women, wives, widows, maids, men's daughters, What shall I call ye? these four fellows (hark ye, shall I call ye crafty knaves) make me believe that you are the three that were the three fair Ladies of London. Gent…

[155_00039 — The Three Lords and Three Ladies of London (Wilson, Robert, 1590); moral] These Lords and Ladies thus to church are gone, An honoured action to solemnize there, With greater joy will they return anon, Than Caesar did in Rome his Laurel wear. Lord policy hath Love unto his Fere. Lord pomp hath Lucre to maintain his port, Lord pleasure Conscience to direct his sport. Usury is marked to be known, Dissimulation like a shadow…

[146_00004 — The Three Ladies of London (Wilson, Robert, 1592); moral] Come lady Conscience, will you walk home from this company? With right good will, for their sights likes not me. Fraud is the clubbish knave, and Usury the hard hearted knave And Simony the diamond dainty knave, And Dissimulation the spiteful knave of spade. Come there any more knaves, come there any more: I see four knaves stand on a row. Away Dru…","Lucre, Conscience and Usury personified (Wilson's London plays)",shared_narrative+recurring_role_or_name,included,"54 chunks, 14 works, Three Ladies of London 37 % + Three Lords and Three Ladies 35 % = 72 %. Wilson's personified vices and virtues (Lucre, Conscience, Simony, Fraud, Usury) with a few allegorical neighbours (Microcosmus). Two-play cluster.",user_confirmed,146_00003;155_00010;813_00008;1045_00018;548_00035;114_00008;238_00005,"Profit, conscience and dishonest dealing","sample review supports profit, conscience and dishonest dealing beyond Wilson: exposed knavery in Wily Beguiled and unequal justice in Impatient Poverty. Recommend inclusion with a content label, while retaining the strong Wilson concentration as a sensitivity flag. Reviewed excerpts (three different works): 155_00015; 548_00035; 53_00006."
41,52,54,55,26471,39,4,Every Man Out of His Humor,0.056,0.167,Every Man Out of His Humor (3); 2 Henry the Fourth (3); A Woman Killed with Kindness (3); The English Traveller (3); The Merry Wives of Windsor (2),"Jonson, Ben",0.204,comedy 67%; tragedy 13%; history 9%,Adult Professional;Professiona 70%; Boys Professional;Professional 11%,"master, house, door, *iohn, old, mistress, basket, *lord, gentleman, ick","gentlewoman, gentleman, ick, mistress, *lord, *iohn, signor, *lady, sirrah, pray","gentlewoman, sirrah, *lord, pray, basket, *iohn, door, mistress, shallow, welcome","iohn, lord, lady","[866_00010 — The Comedy of Errors (Shakespeare, William, 1623); comedy] Right sir, I'll tell you when, and you'll tell me wherefore. Wherefore? for my dinner: I have not dined to day. Nor to day here you must not come again when you may. What art thou that keep'st me out from the house I own? The Porter for this time Sir, and my name is Dromio. O villain, thou hast stolen both mine office and my name, The one ne'er got…

[651_00025 — A Mad World, My Masters (Middleton, Thomas, 1608); comedy] Anon anon sir. Come hither Gumwater. That were small manners sir i'faith, i'll find a time anon your worship's busy yet. Why Gumwater? Foe nay then you'll make me blush i'faith sir.— Where's this Creature? What creature is't you'd have sir? The worst that ever breathes. That's a wild Boar sir. That's a wild whore sir;— where didst thou leave her Ra…

[983_00060 — The Rival Friends (Hausted, Peter, 1632); comedy] Without a Portion? take her what ere thou art So, So, that care is passed yet, this a little Help's out with th' other losses. Master Hook, You shall not frown, since all things here do smile; Tomorrow I will pay you halfe your money, So you will grant me a general acquittance; 'Tis in my power (you know) and I may choose Whether I'll pay a farthin…","Household service: masters, doors and porters",mixed_or_unclear,pending,"54 chunks, 39 works, no work above 6 %. Servants, porters, doors locked at night, hostesses and tapsters, 'master' and 'mistress' — domestic and street business rather than one subject; Jonson, 2 Henry IV, Woman Killed, Honest Whore. Cross-work by the numbers but diffuse; read before using.",user_pending,365_00030;378_00020;603_00022;847_00001;471_00014;822_00004;562_00021,"Household service: masters, doors and porters","sample review finds a clear doorway scene but less specific household-service content in the other samples, which concern courtship, food and promised wealth. Keep pending; dispersed work membership alone does not establish thematic coherence. Reviewed excerpts (three different works): 866_00010; 920_00018; 701_00009."
44,47,54,54,26576,37,3,Bartholomew Fair,0.185,0.296,Bartholomew Fair (10); Summer's Last Will and Testament (3); The Late Lancashire Witches (3); A Looking Glass for London and England (2); Mother Bombie (2),"Jonson, Ben",0.241,comedy 70%; tragedy 9%; biblical play; moral 4%,Adult Professional;Professiona 65%; Boys Professional;Professional 19%,"drink, wine, *numps, ale, *butler, pot, sing, moy, drunk, win","drunk, *butler, *bacchus, gentlemen, wine, ale, merry, pot, bottle, beer","drunk, gentlemen, merry, *bacchus, bowl, host, *butler, *numps, pray, ale","numps, butler, bacchus","[971_00022 — Bartholomew Fair (Jonson, Ben, 1631); comedy] What do you lack, Gentlemen, what is't you lack? a fine Horse? a Lion? a Bull? a Bear? a Dog, or a Cat? an excellent fine Bartholmew-bird? or an Instrument? what is't you lack? 'Slid! here's Orpheus among the beasts, with his Fiddle, and all! Will you buy any comfortable bread, Gentlemen? And Ceres selling her daughter's picture, in Ginger-work! Th…

[971_00040 — Bartholomew Fair (Jonson, Ben, 1631); comedy] Cry you mercy, is the wind there? must not the widow be named? Do you hear Win, Win? What say you, Iohn? While they are paying the reckoning, Win, I'll tell you a thing Win, we shall never see any sights i'the Fair, Win, except you long still, Win, good Win, sweet Win, long to see some Hobby-horses, and some Drums, and Rattles, and Dogs, and fine d…

[1020_00019 — The Late Lancashire Witches (Heywood, ThomasBrome, Richard, 1634); comedy] Nay sir if you please to stay, now that the many are frighted away, I have some good cold meats, and halfe a dozen bottles of Wine. And I will bid you welcome. Say you me so, but will not your son be angry, and your daughter chide you. Fear not you that sir, for look you I obey my Father. And I my Mother. And we are all at this instant as well and …","Drinking: wine, ale and taverns",thematic_discourse,included,"54 chunks, 37 works, Bartholomew Fair 19 %. Drink and drinkers: wine, ale, pots, the tavern as rendezvous, the red-faced host, drunken songs; Jonson, Nashe, Heywood and Brome, Shirley, Lyly. Cross-work theme.",user_confirmed,971_00018;396_00019;1020_00011;235_00025;1000_00008;1077_00000;239_00013,"Drinking: wine, ale and taverns",
38,53,52,56,25643,36,4,"Cambises, King of Persia",0.058,0.173,"Cambises, King of Persia (3); Edward the Second (3); Richard the Second (3); Herod and Antipater (3); Edward the First (2)","Shakespeare, William",0.212,tragedy 35%; history 29%; tragedy; history 10%,Adult Professional;Professiona 75%; Interlude;Nonprofessional 6%,"*queen, king, death, dead, heart, life, die, *lord, royal, news","*prince, royal, *queen, death, *joan, king, *lord, grief, die, son","*prince, grief, *joan, heaven, poor, kill, father, grace, heart, *lord","queen, lord, prince, edward, joan","[245_00029 — Edward the Second (Marlowe, Christopher, 1594); history] Look up my lord. Baldock, this drowsiness Betides no good, here even we are betrayed. Upon my life, those be the men ye see Fellow enough, my lord I pray be short, A fair commission warrants what we do. The queen's commission, urged by Mortimer, What cannot gallant Mortimer with the Queen? Alas, see where he sits, and hopes unseen, T'escape their h…

[916_00038 — Albovine, King of the Lombards (Davenant, William, 1629); tragedy] The Queen there too! O trivial Arts with my Own Mine I've blown myself e'en into dust! I will now see, if thou canst bleed like things mortal— Deprived of my defence! If thoust a soul (Great as thy fame) restore my Sword. Thou barkest against the Moon! I will requite Thy own tyrannous scorn. That destiny Was just, that thus betrayed thee to my mirt…

[540_00026 — Nobody and Somebody (Anonymous, 1606); history; satire] Thou wouldst not poison for me his base Queen, Whom I so often have triumphed over, That torment now is her beatitude, And tedious unto me. no more, she's dead. See where she comes, dispatch her presently, For though the Princely Peridure be king, His brother's death in time will make him odious Unto his subjects, and they may restore Mild Elidure …",Royal deaths and the news of them,thematic_discourse,included,"52 chunks, 36 works, no work above 6 %. Kings and queens facing or hearing of death: the murder of Edward II, Richard II deposed, Gorboduc's sons, Cambises' cruelty, Margaret's curses; the royal register of T1. Cross-work theme.",user_confirmed,96_00012;245_00038;273_00029;68_00020;203_00041;446_00029;287_00009,"Death, parting and grief at court","sample review supports courtly loss, parting and mourning. Revise the label: the samples include farewell to favourites, allegorical seasonal death and reported royal bereavement, not only literal deaths of rulers. Reviewed excerpts (three different works): 245_00029; 396_00032; 874_00045."
45,49,52,53,25920,18,5,A Trick to Catch the Old One,0.212,0.538,"A Trick to Catch the Old One (11); Ram Alley, or Merry Tricks (9); A Match at Midnight (8); A New Wonder, A Woman Never Vexed (4); Greene's Tu Quoque, or The City Gallant (3)","Middleton, Thomas",0.269,comedy 88%; tragedy 6%; history 4%,Boys Professional;Professional 50%; Adult Professional;Professiona 29%,"widow, widows, *hoord, master, gentlemen, wife, *randalls, wit, mistress, married","widow, wife, mistress, husband, married, forsooth, gentlemen, nephew, gentleman, father","widow, gentlemen, forsooth, husband, mistress, faith, *randalls, wife, nephew, money","hoord, randalls","[591_00012 — The Puritan, or The Widow of Watling Street (The Puritan Widow) (Middleton, Thomas, 1607); comedy] O why will you offer me this Gentlemen? indeed I will not look upon you; when the Tears are scarce out of mine Eyes, not yet washed off from my Cheeks, and my dear husband's body scarce so cold as the Coffin, what reason have you to offer it? I am not like some of your widows that will bury one in the Evening, and be sure to another ere morning? pr…

[614_00016 — A Trick to Catch the Old One (Middleton, Thomas, 1608); comedy] Go too do't I say, thou shalt hear better from me. Is not this a better place than 5. Mark a year standing wages; say a man had but 3. such clients in a day, methinks he might make a poor living on't, beside I was never brought up with so little honesty, to refuse any man's money never; what gulls there are a this side the world, now know I the wid…

[999_00010 — A Match at Midnight (R., W., 1633); comedy] He makes at you forsooth. Let him come, I have ever an English virtue to put by a Welsh. O noble widows, her heart was full of woes. No noble Welshman, her heart was in her hose. ' Sounds, was that her manners to take away Randalls cups? No, it showed scurvy. take't you at worst then. Whelp of the Devil, thou shalt see thy Sire for't. Gentlemen wha…",Rich widows wooed,thematic_discourse,included,"52 chunks, 18 works (5 with 3+), Trick to Catch the Old One 21 %, top three 54 %. The widow-hunt: widows courted for their wealth, old husbands and young wives, the widow's jointure; Middleton, Barry, Rowley, Armin, even 3 Henry VI (Edward and Lady Grey). A clear comic motif shared across works — verify first; the top-three share is a flag for a robustness check, not a reason to exclude.",user_confirmed,614_00021;683_00038;999_00035;721_00008;765_00030;268_00024;672_00000,"Widows, wooing and remarriage","review supports widowhood, wooing and remarriage. The full All's Lost by Lust sample contains widow/remarriage language before a tragic turn. Remove the universal wealth assumption; retain concentration and mixed-chunk caveats. Reviewed excerpts (three different works): 591_00012; 683_00040; 993_00031. Full-chunk follow-up: 993_00031."
47,40,51,51,25123,32,4,Like Will to Like (Quoth the Devil to the Collier),0.137,0.333,"Like Will to Like (Quoth the Devil to th (7); 2 The Honest Whore (2 The Converted Cour (7); 1 Henry the Fourth (3); The Night Walker, or The Little Thief (3); Nice Wanton (2)","Fulwell, Ulpian",0.137,comedy 47%; moral 27%; tragedy 10%,Adult Professional;Professiona 53%; Interlude;Nonprofessional 25%,"knave, rogue, money, knaves, thief, rogues, pray, whore, *nichol, book","thieves, thief, knave, whore, rogue, bawd, rogues, knaves, purse, rob","thieves, pray, honest, bawd, purse, rogue, whore, knave, father, sirrah","nichol, tom, pacheco, pedlars","[732_00027 — Greene's Tu Quoque, or The City Gallant (Cooke, John, 1614); comedy] Why you Impudent Rogue, do you come to me for Money? Or do I know you? what acquaintance pray, Hath ever passed betwixt yourself and me? Zounds do you mock us, to bring us to these women that do not know you? Yes in good Sooth, (Officers I take't you're) he's a mere stranger here: only in charity, Sometimes we have relieved him with a meal. This is…

[573_00006 — The Phoenix (Middleton, Thomas, 1607); comedy] Your worship begins to talk idly, your bed shall be made presently; if we should not lodge knaves, I wonder how we should be able to live honestly, are there honest men enough think you in a Term time to fill all the Inns in the town, and as far as I can see, a knaves Gelding eats no more hay than an honest man's: nay thieves Gelding eats less, i'l…

[947_00028 — 2 The Honest Whore (2 The Converted Courtesan) (Dekker, Thomas, 1630); comedy] Tell what thou canst; if I stay here longer, I shall be hanged too, for being in thy company; therefore, as I found you, I leave you. Kneel, and get money of him. A Knave and a Quean, a Thief and a Strumpet, a couple of Beggars, a brace of Baggages. Hang upon him. ay, ay, sir, fare you well; we are so: follow close— we are Beggars— in Satin— to him…","Knaves, thieves and bawds",thematic_discourse,included,"51 chunks, 32 works, Like Will to Like 14 %. The underworld: knaves and rogues, thieves and their purchase, whores and bawdy houses, the gallows; Fulwell, Dekker, 1 Henry IV, Davenport, Hausted. Cross-work theme.",user_confirmed,89_00007;947_00012;300_00011;708_00023;1110_00021;765_00013;983_00055,"Knaves, thieves and bawds",
36,39,50,61,24986,28,5,Oedipus (Seneca's Fifth Tragedy),0.14,0.28,Oedipus (Seneca's Fifth Tragedy) (7); Orestes (4); Thyestes (Seneca's Second Tragedy) (3); Medea (Seneca's Seventh Tragedy) (3); Hippolytus (Seneca's Fourth Tragedy) (3),"Seneca, Lucius AnnaeusStudley, John",0.16,tragedy 82%; tragedy; literary play 4%; romance 2%,Translation;Nonprofessional;Cl 48%; Adult Professional;Professiona 20%,"hell, earth, gods, death, ghosts, blood, bloody, heaven, night, ghost","*charon, ghosts, plagues, ghost, gods, furies, heaven, hell, death, cruel","*charon, ghosts, cruel, furies, plagues, gods, hell, skies, death, dost",charon,"[65_00025 — Oedipus (Seneca's Fifth Tragedy) (Seneca, Lucius AnnaeusNeville, Alexander, 1581); tragedy] Canst thou which hast thy Parents slain? Canst thou prolong thy life? Wilt thou not die? deserving Death: thou cause of all the grief, And Plagues, and dreadful mischiefs all that Theban City press. Why dost thou seek by longer life, thy sorrows to increase? Why dost thou toil and labour thus in vain? It will not be. Both God, and man: and beast, a…

[544_00020 — The Wonder of Women, or Sophonisba (Marston, John, 1606); tragedy] Thou rotten scum of Hell— O my abhorred heat! O loathed delusion! Why fool of kings, could thy weak soul imagine That 'tis within the grasp of Heaven or Hell To enforce love? why know Love dotes the Fates Ioue groans beneath his weight: more ignorant thing, Know we Erichtho, with a thirsty womb Have coveted full threescore Suns for blood of kings, …

[50_00001 — Thyestes (Seneca's Second Tragedy) (Heywood, JasperSeneca, Lucius Annaeus, 1560); tragedy] Let darkest night be made, and let the day the heavens forsake. Disturb the god of wicked house, hate, slaughter, murder make. Fill up the house of Tantalus with mischiefs and debates. Idorned be the pillars high, with bay and let the gates Be garnished green: and worthy there for thy return to sight, Be kindled fire: let mischief done in Thracia o…","The underworld: hell, ghosts and Furies",thematic_discourse,included,"50 chunks, 28 works (5 with 3+), Seneca's Oedipus 14 %. Descriptions of hell and its inhabitants — ghosts, Furies, Styx and Charon, Tantalus and Ixion — in the Seneca translations, Goffe, Wilmot, Marlowe, even Wilson's Cobbler. Common nouns; Senecan translations prominent but not dominant. Cross-work theme.",user_confirmed,65_00013;1008_00035;50_00000;160_00032;238_00008;178_00013;79_00022,"Hell, Furies and the language of punishment","sample review supports infernal imagery, guilt, vengeance and punishment. Full checks of Messalina and Medea distinguish figurative or threatened hell from literal underworld setting. Include with the revised emphasis. Reviewed excerpts (three different works): 65_00025; 1131_00025; 79_00001. Full-chunk follow-up: 1131_00025; 79_00001"
40,26,50,56,24968,36,4,Measure for Measure,0.1,0.22,Measure for Measure (5); Titus Andronicus (3); Two Lamentable Tragedies (3); The Miseries of Enforced Marriage (3); 1 Promos and Cassandra (2),"Shakespeare, WilliamMiddleton, Thomas",0.1,tragedy 52%; comedy 24%; tragicomedy 10%,Adult Professional;Professiona 66%; Boys Professional;Professional 10%,"brother, death, life, die, heaven, sin, live, father, blood, soul","brother, father, sister, pit, die, death, love, soul, grief, heart","brother, shame, pit, *bassianus, death, soul, grace, poor, tongue, law","cassandra, bassianus","[864_00016 — Measure for Measure (Shakespeare, WilliamMiddleton, Thomas, 1623); tragicomedy] And 'twere the cheaper way: Better it were a brother died at once, Then that a sister, by redeeming him Should die for ever. Were not you then as cruel as the Sentence, That you have slandered so? Ignomy in ransom, and free pardon Are of two houses: lawful mercy, Is nothing kin to fowl redemption. You seemed of late to make the Law a tyrant, And ra…

[640_00006 — A Yorkshire Tragedy (Middleton, Thomas, 1608); tragedy] Oh god oh. wise men think ill of you, others speak ill of you, no man loves you, nay even those whom honesty condemns, condemn you: and take this from the virtuous affection I bear your brother, never look for prosperous hour, good thought, quiet sleeps, contented walks, nor anything that makes man perfect till you redeem him, what is your answer h…

[415_00007 — Two Lamentable Tragedies (Yarington, Robert, 1601); tragedy] In faith I do not, therefore prithee say, Wilt thou consent to have him made away. Why then in faith, I am ashamed to think, I had my being from so foul a lump Of adulation and unthankfulness, Ah, had their dying prayers no avail Within your heart? no, damned extortion, Hath left no room for grace to harbour in, Audacious sin, how canst thou make h…","Sin, guilt and a brother's death",thematic_discourse,included,"50 chunks, 36 works, Measure for Measure 10 %. Guilt and the fear of death argued between kin: Claudio and Isabella, Titus and his brother, Yarington's murderers, the Yorkshire husband; sin, soul, heaven. A smaller neighbour of T1 with a domestic and penitential turn. Cross-work theme.",user_confirmed,864_00019;211_00018;415_00011;91_00030;640_00006;1118_00011;876_00025,"Sin, guilt and violent loss within families","sample review supports sin, coercion, guilt and family loss. Broaden the brother-specific draft label: the sampled material includes a daughter's death and violence justified through political power. Reviewed excerpts (three different works): 864_00016; 586_00015; 740_00003."
48,54,49,50,24149,39,1,The Broken Heart,0.082,0.163,"The Broken Heart (4); The Marriage of Wit and Science (2); Blurt, Master Constable, or The Spaniard (2); The Bondman (The Noble Bondman) (2); The Jealous Lovers (2)",Anonymous,0.122,comedy 31%; tragedy 20%; tragicomedy 12%,Adult Professional;Professiona 45%; Boys Professional;Professional 14%,"*lady, love, heart, fair, eyes, la, *lord, tears, fie, face","*lady, madam, love, passion, *lord, loves, pardon, heaven, heart, serve","*lady, passion, pardon, thoughts, heaven, *lord, sweet, tears, serve, fie","lady, lord","[952_00156 — The Spanish Bawd (Calisto and Meliboea) (Celestina) (Mabbe, JamesRojas, Fernando de, 1631); tragicomedy; literary play] Dear Lady, since for to obtain this favour, I have spent my whole life, what folly were it in me, to refuse that which you have so kindly conferred upon me? Nor (Madame) do I hope, that you will lay so hard a command upon me, or if you should, yet have I not power to contain myself within the limits of your command. Do not impose such a point of co…

[1070_00011 — The Lost Lady (Berkeley, William, 1638); not in BritDrama] First, dearest Lady, do not think my power Greater as my will to serve you, 'tis so weak That if you should rely on't, I shall seem Cold in your service, when it does not answer What is expected from it, all I know, Is but conjectured, for our Stars incline, Not force us in our actions. Let me observe your face. Do, and if yet you are not perfect i…

[1003_00012 — The Broken Heart (Ford, John, 1633); tragedy] With pardon, Lady, not a syllable Of mine implies so rude a sense; the drift.— Do thy best To make this Lady merry for an hour. Your will shall be a law, Sir. prithee leave me, I have some private thoughts I would account with: Use thou thine own. Speak on, fair nymph, our souls Can dance as well to music of the Spheres As any's who have feasted wi…","Addressing a lady: love, eyes and tears",mixed_or_unclear,pending,"49 chunks, 39 works, only one work with 3+ chunks, no work above 8 %. Speeches to or about a lady — love, heart, eyes, tears, 'fie' — but the samples range from Ford's Broken Heart to Nature's speech in Wit and Science, a bawd in Blurt and Jonson's gypsy palmistry. Cross-work by the numbers, diffuse in content; read before using (T4 is the clearer love cluster).",user_pending,1003_00012;95_00000;430_00010;826_00027;364_00032;1139_00006;896_00019,"Addressing a lady: love, desire and intimacy","sample review finds erotic address, secrecy and bodily humour. A coherent distinct emphasis relative to the other love/gallantry clusters is not yet clear; keep pending rather than dismissing the members as meaningless. Reviewed excerpts (three different works): 952_00156; 1117_00006; 430_00010."
46,25,47,52,23094,33,3,Every Man in His Humor,0.106,0.277,"Every Man in His Humor (5); Work for Cutlers (Sword, Rapier, and Dag (4); A King and No King (4); Every Man Out of His Humor (2); The Elder Brother (2)","Jonson, Ben",0.191,comedy 53%; tragicomedy 17%; not in BritDrama 9%,Adult Professional;Professiona 66%; University/Inns of Court;Nonpr 13%,"rapier, sword, fight, gentlemen, gentleman, kicked, kill, dagger, signor, valour","fighting, sword, fight, valour, gentlemen, quarrel, valiant, strike, honour, rapier","fighting, gentleman, honour, pray, *poeta, brother, valiant, valour, quarrel, sword","poeta, dick","[1046_00027 — The Elder Brother (Fletcher, JohnMassinger, Philip, 1637); comedy] I must entreat her, she's parcel of my goods. she's all when you have her. Hold off your hands, unmannerly, rude Sir; Nor I, nor what I have depend on you. Do, let her alone, she gives good counsel; do not Trouble yourself with Ladies, they are too light; Let out your land, and get a provident Steward. I cannot love ye, let that satisfy you; Such v…

[1054_00033 — The Example (Shirley, James, 1637); comedy] With pardon of your Lordship, since you have Declared so freely, what I think wins credit With him too, your intentions to his Lady: There is no cause, you should engage your bloods, To any loss You are my preserver, sir, Make me not so ingrateful to advance My sword against your life, that gave me all The benefit of mine, I have assurance Enough o…

[1172_00022 — The Magnetic Lady, or Humors Reconciled (Jonson, Ben, 1640); comedy] I shall persuade no other, (And take your learned Counsel to advice you) I'll run along with him. You say you'll meet him, On even terms. I do not see indeed How that can be, 'twixt Ironside and you, Now I consider it. He is my brother. I do confess (we ha' called so twenty year:) But you are, Sir, a Knight in Court, allied there, And so befriended…","Swords, quarrels and valour",thematic_discourse,included,"47 chunks, 33 works, Every Man in His Humour 11 %. Rapiers and daggers, quarrels among gentlemen, cowards and their brags, duels prevented; Jonson, Beaumont and Fletcher, Shirley, Work for Cutlers. Cross-work theme.",user_confirmed,404_00036;749_00000;808_00033;95_00020;365_00035;1056_00004;1172_00022,"Swords, quarrels and valour",
34,38,47,64,23534,15,3,Jocasta,0.255,0.66,"Jocasta (12); Antigone, the Theban Princess (11); Thebais (Seneca's Third Tragedy) (8); Hercules Furens (Mad Hercules) (Seneca's (2); Campaspe (Alexander, Campaspe, and Dioge (2)","May, Thomas",0.277,tragedy 85%; tragedy; literary play 4%; comedy 4%,Translation;Nonprofessional;Cl 28%; Translation;Nonprofessional;Un 26%,"*thebes, *antigone, *polynices, *creon, *eteocles, war, *theban, gods, dear, country","*antigone, *eteocles, *thebes, *aemon, *theban, *polynices, *alexander, gods, king, death","*antigone, father, *theban, love, gods, *aemon, *eteocles, cruel, *polynices, noble","thebes, antigone, polynices, creon, eteocles, theban, alexander, aemon","[965_00022 — Antigone, the Theban Princess (May, Thomas, 1631); tragedy] My Lord, I will obey; And thus I take my leave. Too cruel Dircus. Was I not miserable enough before, But thou must load my sufferings with thy death? What cause hadst thou to die? thou hast not lost A love, why should my loss extend so far As to the ruin of so brave a friend? Thy death has injured fair Antigone, And made a strange Division in my gr…

[132_00022 — Thebais (Seneca's Third Tragedy) (Seneca, Lucius AnnaeusNewton, Thomas, 1581); tragedy] And to promote thy hot desire both willing were, and priest: Yet all thy friends are fled away, and all recoiled back, And Soldiers here and there in Fields are come to deadly wrack. Although thou joy hereat receive, although the spoils thou take Of vanquished Brother, yet the palm of victory must slake, And not to thee be given whole. What kind of…

[106_00016 — Jocasta (Gascoigne, GeorgeKinwelmershe, FrancisYelverton, ChristopherEuripidesDolce, Lodovico, 1573); tragedy] And who is he that seeks to have my blood, And shall not shed his own as fast as mine? By thee he stands, and thou standst him before, Lo here the sword that shall perform his word. And this shall eke maintain my rightful cause. O sons, dear sons, away with glittering arms, And first, before you touch each other's flesh, With doubled blows come pie…","Thebes: Oedipus' sons, Antigone and Creon",shared_narrative,included,"47 chunks, 15 works, Jocasta 26 %, top three 66 % (Jocasta, May's Antigone, Seneca's Thebais). One legend, the Theban cycle; keywords are names. Group decision (single-story clusters T7, T20, T34, T54, T55, T59): decide once whether a shared story counts as a subject for genre comparison, as subject areas already do (T2 Rome, T10/T18 English chronicle matter, T12 the gods); if yes → candidate with the concentration noted, if no → contextual_only.",user_confirmed,106_00019;965_00006;132_00011;1003_00002;65_00008;85_00018;140_00002,"Thebes and royal catastrophe: siege, slaughter and funeral rites","follow-up reading confirms a Theban core: Jocasta, Thebais and Antigone supply 31 of 47 chunks (66%). Full chunks reviewed: 106_00019; 132_00011; 965_00006. Their content connects siege, dynastic conflict, royal violence and funeral obligations. Retain Thebes in the label; the previously sampled Tamburlaine and Cleopatra passages (156_00031; 1099_00023) represent related catastrophe and mourning at the boundary. Include as a shared narrative and thematic domain, with its concentration in three related works explicitly acknowledged. This is a sampled interpretation, not exhaustive validation of all members."
51,14,45,45,21881,26,3,Jacob and Esau,0.244,0.422,Jacob and Esau (11); The Disobedient Child (4); The Spanish Bawd (Calisto and Meliboea)  (4); Mother Bombie (2); The True Chronicle of King Leir (King Le (2),"Udall, Nicholas",0.244,comedy 29%; biblical play 24%; moral 13%,Interlude;Nonprofessional 40%; Adult Professional;Professiona 27%,"*esau, *iacob, father, son, *isaac, *god, love, birthright, parents, thing","father, boy, brother, mother, son, love, *god, pray, blessing, parents","father, pray, honest, blessing, *esau, children, *rachel, birthright, boy, *iacob","esau, iacob, isaac, god, lord, rachel, mido","[1004_00001 — A Fine Companion (Marmion, Shackerley, 1633); comedy] he's grown contemptuous, & flings away In a rapture; for this, when I am in, If I can't laughed at's play, I'll laugh at him. 'tIs true indeed, our love is like our life, There's no man blessed in either, till his end. And he whom Fate points to that happiness, A thousand passions mock his doubtful hopes, Till Virtue that can never be extinct, Shal…

[1082_00022 — Covent Garden (Nabbes, Thomas, 1638); comedy] Our mutual loves. I am bound to serve you Gentlemen, and I wish my roof were worthier, and my disordered household ordered to your content. We are bound to thank your readiness. Gentlemen, your servant will send his servants to wait upon you presently. What accident brought you two together? The mercy of my Starts: but what event Their influence wi…

[987_00001 — The Jealous Lovers (Randolph, Thomas, 1632); comedy] I would not have my son so loathed a thing: No, let him live and spend, and buy his pleasures At any rate. read to him, gentle Ballio, Where are the daintiest meats, the briskest wines, The costliest garments. Let him dice and wench; But with the fairest, be she wife or daughter To our best Burgess: and if Thebes be scarce, Buy me all Corinth for h…","Parents and sons: blessing, birthright and disobedience",thematic_discourse+shared_narrative,included,"45 chunks, 26 works, Jacob and Esau 24 %, top three 42 %. Fathers and mothers with their sons: the favoured and the disobedient child, the blessing and the birthright, the prodigal's departure; Udall, Ingelend, Celestina (Parmeno), Lear (Edmund), Lyly. Cross-work, with Jacob and Esau's share noted.",user_confirmed,91_00007;94_00005;952_00083;623_00007;1129_00008;239_00000;22_00017,"Parents and children: blessing, birthright and inheritance",sample review supports parental blessing and contested inheritance. A full check of The Emperor of the East adds a daughter's withheld legacy; use children rather than sons in the label. Reviewed excerpts (three different works): 1004_00001; 977_00007; 91_00025. Full-chunk follow-up: 977_00007.
49,46,45,49,21960,31,4,The Spanish Bawd (Calisto and Meliboea) (Celestina),0.067,0.2,"The Spanish Bawd (Calisto and Meliboea)  (3); The Devil Is an Ass (3); Changes, or Love in a Maze (3); The Witty Fair One (3); How a Man May Choose a Good Wife from a  (2)","Shirley, James",0.244,comedy 73%; tragedy 9%; tragicomedy 7%,Adult Professional;Professiona 64%; Boys Professional;Professional 7%,"mistress, gentleman, love, *lady, woman, pray, gentlewoman, hear, honest, way","gentlewoman, gentlemen, mistress, gentleman, *lady, maid, wife, love, pray, master","gentlewoman, honest, pray, gentlemen, mistress, letter, poor, maid, methinks, *lady",lady,"[683_00014 — Ram Alley, or Merry Tricks (Barry, Lording, 1611); comedy] Most worthy fair such is the power of love That now I come t'accept your proffered grace, And with submissive thoughts t'entreat a pardon For my so gross neglect. There's no offence, My mind is changed. I told you as much before. With a heigh pass with a repass. Dearest of women, The constant virtue of your nobler mind Speaks in your looks: Nor can…

[979_00035 — Holland's Leaguer (Marmion, Shackerley, 1632); comedy] What help then? the poor Gentleman must suffer, Good Trimalchio: 'tis his fate. I am thinking, What I shall do with him, when I am married. What do other women do with their husbands? Bring him up in obedience, make him besides An implement to save your reputation. Let him not press into your company Without permission, you must pretend, You are as…

[651_00028 — A Mad World, My Masters (Middleton, Thomas, 1608); comedy] You shall see straight what I can do sir. Would I might be hanged, if my love do not stretch to her deeper and deeper, those bashful maiden humours take me prisoner when their comes a restraint on't upon flesh, we are always most greedy upon't, & that makes your merchant's wife oftentimes pay so dear for a mouthful: give me a woman as she was made …","Wooing a mistress: suitors, go-betweens and letters",thematic_discourse,included,"45 chunks, 31 works, no work above 7 %. Courtship as negotiation in prose: the suitor and his mistress, go-betweens, letters answered late, 'gentlewoman' and 'gentleman'; Celestina, Jonson, Shirley, Porter, Barry. Cross-work; the practical counterpart of T4 (love as feeling).",user_confirmed,952_00091;973_00017;980_00027;434_00014;363_00025;1174_00008;683_00014,"Wooing a mistress: suitors, go-betweens and letters",
52,21,44,44,21664,24,5,"A New Wonder, A Woman Never Vexed",0.159,0.386,"A New Wonder, A Woman Never Vexed (7); The Miseries of Enforced Marriage (6); The London Prodigal (4); As You Like It (3); The Spanish Bawd (Calisto and Meliboea)  (3)","Shakespeare, William",0.159,comedy 57%; tragedy 23%; tragicomedy; literary play 7%,Adult Professional;Professiona 82%; Translation;Nonprofessional;Cl 7%,"brother, father, uncle, cousin, son, poor, bread, old, given, master","heir, father, uncle, brother, cousin, brothers, poor, villain, son, love","heir, poor, *ludgate, brothers, love, villain, charity, given, father, honest",ludgate,"[978_00002 — A New Wonder, A Woman Never Vexed (Heywood, ThomasRowley, William, 1632); comedy] Had he been a husband Sir, I had had no cause to Complain, I threw down at his feet The subjection of his whole estate: He did not marry me for love's sake nor for pity, But love to that I had, he now neglects the love He had before; A prodigal is suffered to lay waste Those worldly blessings, which I long enclosed, Intending for good uses. That's …

[753_00006 — The Scornful Lady (Beaumont, FrancisFletcher, John, 1616); comedy] I do remember thee a foolish fellow, one that did put his trust in Almanacs, and horse-faiers, and rose by honey and pot-butter. Shall they come in yet? Nay then I must unfold your Brother's pleasure, these be the lessons Sir, he left behind him. Prithee expound the first. I leave to keep my house 300 pounds a year; and my Brother to dispose of it.…

[868_00011 — As You Like It (Shakespeare, William, 1623); comedy] Send to his brother, fetch that gallant hither, If he be absent, bring his Brother to me, I'll make him find him: do this suddenly; And let not search and inquisition quail, To bring again these foolish runaways. Who's there? What my young Master, oh my gentle master, Oh my sweet master, O you memory Of old Sir Rowland; why, what make you here? Why…","Prodigals, portions and poor kin",thematic_discourse,included,"44 chunks, 24 works, New Wonder 16 %, top three 39 %. Prodigal heirs, brothers asking for their portions, a father crying for bread at the grate, wills and charity; Heywood and Rowley, Wilkins, London Prodigal, Middleton, Scornful Lady. Cross-work theme; T27 (uncles and nephews) is its comic neighbour.",user_confirmed,978_00036;586_00022;521_00003;765_00037;575_00030;640_00005;753_00006,"Prodigals, portions and poor kin",
50,29,43,47,21418,32,2,The Young Admiral,0.163,0.279,The Young Admiral (7); Antony and Cleopatra (3); The Tempest (2); The Noble Spanish Soldier (The Noble Sol (2); 1 The Cid (The Valiant Cid) (2),"Shakespeare, William",0.209,tragedy 30%; tragicomedy 23%; not in BritDrama 16%,Adult Professional;Professiona 67%; Boys Professional;Professional 7%,"sea, honour, general, soldiers, men, ship, fight, soldier, king, *vittori","*captain, *lord, enemy, sail, fight, king, war, ship, victory, honour","*captain, wounds, honour, fear, land, king, sail, soldiers, *vittori, enemy","vittori, captain, lord","[1052_00011 — The Young Admiral (Shirley, James, 1637); tragicomedy] Be not troubled sir, My soul doth from this omen prophesy The victory you wish upon this kingdom, Nor is it superstition to believe, That heaven doth point us out the scourge to Naples, By seconding our coming with a tempest; The waves were proud to entertain our Navy: The fish in amorous courtship danced about Our ship, and no rude gale from any c…

[1052_00018 — The Young Admiral (Shirley, James, 1637); tragicomedy] I would I were sure on't, condition I lost halfe my land. A match! my life against half your land to secure you, And make an indifferent bargain presently. Your life? how are you sure to live? If I die, you have halfe your land by't, if you live, 'tis worthy dividing transitory fortunes, I shall ha' the worst match on't. But how will you assure me …

[890_00036 — Antony and Cleopatra (Shakespeare, William, 1623); tragedy] But being charged, we will be still by Land, Which as I take't we shall, for his best force Is forth to Man his Galleys. To the Vales, And hold our best advantage. Yet they are not joined: Where yond Pine does stand, I shall discover all. I'll bring thee word strait, how ' ris like to go. Swallows have built In Cleopatra's Sails their nests. The Au…","Fleets, armies and generals: war by sea and land",thematic_discourse,included,"43 chunks, 32 works, Young Admiral 16 %. News of battle: fleets that fly, generals descried from the fort, ships found safe, armies within ken; Shirley, Antony and Cleopatra, The Tempest, Goffe, Massinger. Cross-work theme; T57 is the trading and piracy side of the sea.",user_confirmed,1052_00009;890_00026;860_00031;961_00040;1073_00042;992_00013;896_00024,"Fleets, armies and generals: war by sea and land",
53,61,42,43,20892,27,4,Nobody and Somebody,0.119,0.286,"Nobody and Somebody (5); Lingua, or The Combat of the Tongue and  (4); Edward the Second (3); 2 Henry the Fourth (3); 3 Henry the Sixth (The True Tragedy of R (2)",Anonymous,0.167,tragedy 26%; history 21%; history; satire 12%,Adult Professional;Professiona 67%; University/Inns of Court;Nonpr 12%,"crown, king, state, life, *lord, *lords, live, *queen, *tullia, *prince","*prince, crown, kings, royal, *lords, *lord, *queen, reign, king, *tarquin","*prince, *tarquin, fear, resign, kings, father, *elidure, sovereign, reign, crown","lord, lords, queen, tullia, prince, elidure, tactus, england, tarquin, mortimer, ethenwald","[1153_00028 — Sicily and Naples, or The Fatal Union (Harding, Samuel, 1640); not in BritDrama] Stint this pious strife, I have been too much woman, and betrayed My name to infamy, in this tame passion: Possess me a just anger, a spirit great And noble as my birth; that I may shake, And rouse this sleepy Prince, from his dull lethargy; Who's wholly lost, in the bewitching flatteries Of that bad man;— alas this is a danger Too potent for your …

[378_00037 — 2 Henry the Fourth (Shakespeare, William, 1600); history] O pardon me, my liege, but for my tears, The moist impediments unto my speech, I had forestald this dear and deep rebuke, Ere you with grief had spoke, and I had heard The course of it so far: there is your crown: And he that wears the crown immortally, Long guard it yours: if I affect it more, Then as your honour, and as your renown, Let me no mor…

[540_00021 — Nobody and Somebody (Anonymous, 1606); history; satire] What seek ye Lords? What mean these loud Alarms, in the still silence of this hunnied night? King we seek thee. And more we seek thy Crown. Why Princely brothers is it not our own, That 'tis ours we plead the law of kings, The gift of heaven, and the antiquity on earth, Election from them both. We plead our powers & strength, we two must reign. We …","The crown: kingship claimed, resigned and seized",thematic_discourse,pending,"42 chunks, 27 works, Nobody and Somebody 12 %. The crown as object: Edward II resigning it, Elidure refusing it, Tarquin and the protector, 'no murder in a king'; state, reign, sovereign. Cross-work theme; close to T38 (royal deaths) and T43.",user_pending,540_00010;562_00008;245_00031;216_00020;1117_00001;242_00005;314_00029,"The crown: kingship claimed, resigned and seized","sample review supports a royal-power core, but full checks of The Dumb Knight and Love's Labour's Lost mainly show courtship, lost favour and love verse. Keep the crown-transfer hypothesis pending; do not claim universal succession content. Reviewed excerpts (three different works): 1153_00028; 653_00012; 315_00018. Full-chunk follow-up: 653_00012; 315_00018."
43,57,40,54,19694,12,6,3 Henry the Sixth (The True Tragedy of Richard Duke of York and the Good King Henry the Sixth),0.225,0.55,3 Henry the Sixth (The True Tragedy of R (9); 1 Henry the Sixth (8); 1 The Troublesome Reign of King John (5); 2 Henry the Sixth (The First Part of the (4); The True Tragedy of Richard the Third (4),"AnonymousMarlowe, ChristopherShakespeare",0.325,history 85%; tragedy; history 15%,Adult Professional;Professiona 100%,"*henry, king, *richard, *warwick, *york, *edward, father, *duke, crown, son","heir, crown, *duke, *lords, *henry, *lord, *richard, *queen, *margaret, *earl","heir, *lancaster, crown, *richard, *duke, *lords, *plantagenet, *france, *earl, son","henry, richard, warwick, york, edward, duke, lord, england, philip, plantagenet, lords, robert, lancaster, clarence, fauconbridge, suffolk, earl, france, queen, margaret","[268_00002 — 3 Henry the Sixth (The True Tragedy of Richard Duke of York and the Good King Henry the Sixth) (AnonymousMarlowe, ChristopherShakespeare, William, 1623); history] Thinkest thou, that I will leave my Kingly Throne, Wherein my Grandsire and my Father sat? No: first shall War unpeople this my Realm; I, and their Colours often borne in France, And now in England, to our hearts great sorrow, Shall be my Winding-sheet. Why faint you Lords? My Title's good, and better far than his. Prove it Henry, and thou shalt be…

[242_00025 — The True Tragedy of Richard the Third (Anonymous, 1594); tragedy; history] My Lord we are sorry. But come lay hands on Banister. The goal is got, and golden Crown is won, And well deservest thou to wear the same, That ventured hast thy body and thy soul, But what boots Richard, now the Diadem Or kingdom got, by murder of his friends, My fearful shadow that still follows me, Hath summoned me before the severe judge, My con…

[878_00019 — 1 Henry the Sixth (AnonymousMarlowe, ChristopherShakespeare, WilliamNashe, Thomas, 1623); history] Sweet King: the Bishop hath a kindly gird: For shame my Lord of Winchester relent; What, shall a Child instruct you what to do? Well, Duke of Gloster, I will yield to thee Love for thy Love, and Hand for Hand I give. I, but I fear me with a hollow Heart. See here my Friends and loving Countrymen, This token serveth for a Flag of Truce, Betwixt ours…","York and Lancaster: Henry, Richard, Warwick and the crown",shared_narrative,included,"40 chunks, 12 works (6 with 3+), 3 Henry VI 23 %, top three 55 %. The Wars of the Roses matter — Plantagenet against Somerset, the crown between Henry and Edward, Richard's plots — in the Henry VI plays, both Richard III plays and both King John plays. Historical matter shared by one cycle of plays; decide with T10 and T18 whether English chronicle matter enters the comparison.",user_confirmed,268_00001;878_00014;170_00009;242_00008;287_00002;287_00047;876_00001,York and Lancaster: dynastic claims and conflict,
57,19,37,39,18520,22,5,"Englishmen for My Money, or A Woman Will Have Her Will",0.108,0.27,"Englishmen for My Money, or A Woman Will (4); Eastward Ho (3); A Christian Turned Turk (The Two Famous  (3); The Widow's Tears (3); The Comedy of Errors (3)","Shakespeare, William",0.108,comedy 57%; tragedy 22%; moral 5%,Adult Professional;Professiona 43%; Boys Professional;Professional 27%,"ship, sea, master, sail, home, money, *pisaro, life, ships, till","pirate, galleys, sail, boat, ships, ship, merchants, haven, desperate, sea","pirate, desperate, father, galleys, merchants, boat, *magician, life, alas, soldier","pisaro, magician","[826_00033 — Thierry and Theodoret (AnonymousFletcher, JohnMassinger, Philip, 1621); tragedy] Zones down with him, do you prate? Keep your first word as you are gentlemen, and let me stand, alas what do you mean? To tie you to us Sir, bind you in the knot of friendship. Alas Sir, all the physic in Europe cannot bind me. You should have jewels about you, stones, precious stones. Captain away, there's company within hearing, if you stay longe…

[1073_00006 — The Conspiracy (Pallantus and Eudora) (Killigrew, Henry, 1638); tragedy] Come we'll go claim our hire, and swear we killed him before the storm, our fellows dead pay will fall to us, we'll demand for losses, ay, and our dangers too. If mine eyes deceive me not, here comes one will deny the payment. 'tis he, be resolute and follow me. How now friends, amazed at what's passed: dangers o'erblown are dreams, no more to be e…

[866_00002 — The Comedy of Errors (Shakespeare, William, 1623); comedy] Hapless Aegeon whom the fates have marked To bear the extremity of dire mishap: Now trust me, were it not against our Laws, Against my Crown, my oath, my dignity, Which Princes would they may not disannul, My soul should sue as advocate for thee: But though thou art adjudged to the death, And passed sentence may not be recalled But to our honours g…","Ships, merchants and pirates",thematic_discourse,pending,"37 chunks, 22 works, Englishmen for My Money 11 %. Voyages and their losses: ships taken by galleys, merchants' news, pirates, sailing home, shipwreck as metaphor; Haughton, Eastward Ho, Daborne, Roaring Girl, Massinger. Cross-work theme (small).",user_pending,762_00008;514_00028;698_00002;696_00002;978_00026;930_00023;699_00036,"Ships, merchants and pirates",sample review does not establish a uniform maritime domain. Full checks show nautical metaphor during robbery in Thierry and murder/adultery investigation in The Widow's Tears. Keep pending; consider crime/adventure only after further evidence. Reviewed excerpts (three different works): 826_00033; 751_00011; 699_00037. Full-chunk follow-up: 826_00033; 699_00037.
59,24,36,36,17911,13,3,"1 Jeronimo, with the Wars of Portugal",0.389,0.639,"1 Jeronimo, with the Wars of Portugal (14); The Noble Spanish Soldier (The Noble Sol (6); Match Me in London (3); The Spanish Tragedy (Hieronimo is Mad Ag (2); All's Lost by Lust (2)",Anonymous,0.389,tragedy 78%; tragicomedy 11%; comedy 6%,Adult Professional;Professiona 92%; Boys Professional;Professional 3%,"andrea, *spain, *portugal, tribute, *horatio, king, *bellimperia, *prince, *lord, *lorenzo","*balthazar, *prince, *lorenzo, *spanish, crown, *horatio, *lord, *spain, *bellimperia, honour","*balthazar, *spanish, love, *prince, *portingale, andrea, slain, honour, liege, *ieronimo","spain, portugal, horatio, bellimperia, prince, lord, lorenzo, spanish, portingale, balthezer, ieronimo, balthazar, pedro","[520_00014 — 1 Jeronimo, with the Wars of Portugal (Anonymous, 1605); tragedy] I bind thee Don Andrea, by thy honour, thy valiancy, And all that thou hold'st great, To meet me single in the battles heat; Where i'll set down, in characters upon thy flesh, four precious lines, spoke by our father's mouth When first thou camest ambassador: these they are: 'tis said we shall not answer at next birth Our Father's faults in heaven,…

[953_00003 — Match Me in London (Dekker, Thomas, 1631); tragicomedy] Keep it, lustful maiden! Hot Spanish vengeance follows thee, which flies Like three forked Lightning, whom it smites, he dies. Pacheco? My Lord. Is't so early! What a Clocke Is't? About the hour that Soldiers go to bed, and Catchpoles rise: Will your Lordship be trussed up this morning? How dost mean, go to hanging! Hanging! does your Lordship take…

[1150_00005 — 2 The Cid (Rutter, JosephDesfontaines, Nicolas-Marc, 1640); not in BritDrama] I cannot tell, sir, what has raised your anger, Nor how Don Sancho has described me to you: But certainly, no vanity of mine Did make me to forget my duty to you: And my refusal of the sovereign title Showed my respect, and not my cruelty, Don Sancho perhaps might be displeased, But his discourse moved me to what I said, Since he durst call to mind…","Andrea, Horatio and the Spanish court (1 Jeronimo)",shared_narrative+recurring_role_or_name,included,"36 chunks, 13 works, 1 Jeronimo 39 %, top three 64 %. The Spanish–Portuguese court of Kyd's world (Andrea, Horatio, Bel-imperia, Lorenzo, the tribute) with Dekker's Spanish plays and The Cid beside it; the Spanish Tragedy itself contributes two chunks. Group decision (single-story clusters T7, T20, T34, T54, T55, T59): decide once whether a shared story counts as a subject for genre comparison, as subject areas already do (T2 Rome, T10/T18 English chronicle matter, T12 the gods); if yes → candidate with the concentration noted, if no → contextual_only.",user_confirmed,520_00012;1016_00015;953_00005;190_00001;190_00007;1150_00005;993_00029,"Spanish courts: war, honour and courtship","sample review supports a Spanish-court domain spanning war, honour, reward and courtship. Revise the Jeronimo-specific label; the Alphonsus sample shares royal/military concerns but is not the same narrative. Report concentration if this domain drives a finding. Reviewed excerpts (three different works): 520_00014; 190_00007; 357_00006."
56,8,35,40,17383,21,2,Comus (The Masque at Ludlow Castle),0.143,0.314,Comus (The Masque at Ludlow Castle) (5); Doctor Faustus (4); Medea (Seneca's Seventh Tragedy) (2); Fedele and Fortunia (Two Italian Gentlem (2); Friar Bacon and Friar Bongay (2),"Milton, John",0.143,tragedy 26%; comedy 26%; pastoral; masque 14%,Adult Professional;Professiona 40%; Occasional;Nonprofessional 29%,"magic, *faustus, charms, charm, conjure, spirits, skill, ho, power, spells","spells, spirits, conjure, magic, spell, *macbeth, infernal, charm, *faustus, spirit","spells, *macbeth, charm, herbs, spirits, conjure, *valdes, *faustus, heaven, infernal","faustus, macbeth, valdes, astronomia","[826_00009 — Thierry and Theodoret (AnonymousFletcher, JohnMassinger, Philip, 1621); tragedy] Hell and furies aid me, That I may have power to avert the plagues That pressed upon me. Two days' journey sayest thou, We will set forth to meet her, in the mean time See all things be prepared to entertain her: Nay let me haud your companies, there's a Forest In the midway shall yield us hunting sport, To ease our travail, I'll not have a brow Bu…

[675_00015 — The Faithful Shepherdess (Fletcher, John, 1610); pastoral; tragicomedy] Honest swain, First let me thank you, then return again As much of my love: no thou art too cold Unhappy boy, not tempered to my mould, Thy blood falls heavy downward, 'tis not fear To offend in boldness wins, they never wear deserved favours that deny to take When they are offered freely: do I wake To see a man of his youth, years and feature, And…

[147_00009 — Fedele and Fortunia (Two Italian Gentlemen) (Pasqualigo, LuigiMunday, Anthony, 1585); comedy] Read good Medusa. Ah miserable Pedante, would I were away, I quiver so fast, that I feel no ground: 'tis a company of witches I hold forty pound. When begin you sweet heart? Make haste you had need, The day will approach, and the night gone with speed. A rope on them all, they go a caterwauling I trow, Whom they mean to torment I would gladly know.…","Magic, spells and conjuring",thematic_discourse,included,"35 chunks, 21 works (2 with 3+), Comus 14 %. Magic as art and threat: Faustus' necromantic books, Comus' charms, Medea's spells, conjured apparitions; Marlowe, Milton, Seneca, Barry, Goffe, Heywood. Cross-work theme (small).",user_confirmed,1057_00008;476_00001;79_00020;740_00020;616_00011;1008_00012;719_00020,"Magic, spells and conjuring",
55,12,35,41,17258,9,3,The Whore of Babylon,0.429,0.771,"The Whore of Babylon (15); Amyntas, or The Impossible Dowry (8); A Midsummer Night's Dream (4); The Merry Wives of Windsor (2); The Valiant Welshman (Caradoc the Great) (2)","Dekker, Thomas",0.429,history; allegory 43%; pastoral 23%; comedy 20%,Adult Professional;Professiona 69%; Boys Professional;Professional 23%,"*fairy, *fairies, *oberon, *mopsus, *queen, land, grace, *babylon, *mab, *thestylis","*fairies, *fairy, *oberon, fool, heaven, elves, *queen, *empress, *dorylas, *iocastus","*fairies, *babylon, *oberon, love, heaven, *iocastus, fool, *queen, *thestylis, elves","fairy, fairies, oberon, mopsus, queen, babylon, mab, thestylis, iocastus, titania, dorylas, empress","[740_00011 — The Valiant Welshman (Caradoc the Great) (A., R., 1615); history] Fair Map of honour, where my reason reads Each navigable circle, that contains My happy voyage to the land of fame: Say, virtuous Prince, may Galled become so blest To follow thy fair hopes, and link his soul In an united league of endless love: Nor scorn a Prince's proffer: for by heaven, What I intrude, thy virtue hath enforced, And like the powe…

[569_00003 — The Whore of Babylon (Dekker, Thomas, 1607); history; allegory] Thus— let's consult— nay you shall hear. You know that all the springs in Fairy land Ran once to one head: from that head, to us: The mountain and the valley paid us fruit; The field her corn, the country felt no heat But from our fires: Plenty still spread our boards, And Charity took away. We stepped not forth But with a godlike adoration All kne…

[1091_00022 — Amyntas, or The Impossible Dowry (Randolph, Thomas, 1638); pastoral] Thy restitution is my feast Amyntas; Your curds and chestnuts and your country fare Is bounteous for so mean a guest as I: But send for that Urania her sweet voice Must sing a Lullaby to drown his senses, And charm soft sleep upon his troubled fancy. And 'fore the grey-eyed morn do peep, be confident I'll put the music of his brains in tune. You'll…",The Fairy Queen and her fairies,shared_narrative+recurring_role_or_name,included,"35 chunks, 9 works, Whore of Babylon 43 %, top three 77 %. The Fairy Queen (Titania as Elizabeth), Oberon, Mab and the fairies in Dekker's allegory, Randolph's Amyntas, A Midsummer Night's Dream and two royal entertainments; keywords are names. Group decision (single-story clusters T7, T20, T34, T54, T55, T59): decide once whether a shared story counts as a subject for genre comparison, as subject areas already do (T2 Rome, T10/T18 English chronicle matter, T12 the gods); if yes → candidate with the concentration noted, if no → contextual_only.",user_confirmed,569_00003;1091_00039;385_00024;128_00012;987_00025;740_00012;149_00007,"Fairies, fairy queens and enchanted desire","sample review supports fairy figures, fantasy and desire. Full checks identify Oberon/Mab impersonation in The Jealous Lovers and Queen Mab in Romeo and Juliet. Include as a shared subject domain, not one uniform narrative. Reviewed excerpts (three different works): 740_00011; 987_00025; 294_00008. Full-chunk follow-up: 987_00025; 294_00008"
54,31,34,42,16812,12,3,Antonius (Antony),0.353,0.706,"Antonius (Antony) (12); Cleopatra (8); Cleopatra, Queen of Egypt (4); Herod and Antipater (2); The Play of the Weather (1)","Herbert, Mary SidneyGarnier, RobertSidne",0.353,tragedy 88%; comedy 9%; satire; dialogue 3%,Translation;Nonprofessional;Cl 35%; Closet/Unacted;Nonprofessional 24%,"*antony, *caesar, *anthony, *cleopatra, *antonius, love, death, die, heart, breast","*antony, *anthony, *antonie, *cleopatra, *antonius, love, *egypt, death, tomb, die","*antony, love, wretched, tomb, *cleopatra, gods, *caesar, tears, die, madam","antony, caesar, anthony, cleopatra, antonius, egypt, queen, antonie","[251_00017 — Cleopatra (Daniel, Samuel, 1594); tragedy] But (rather) let that hateful Tyrant know, That thou and I had power t'avoid the same. But what do I spend breath and idle wind, In vain invoking a conceived aid? Why do I not myself occasion find To break the bounds wherein myself am stayed? Words are for them that can complain and live, Whose melting hearts composed of baser frame, Can to their s…

[187_00009 — Antonius (Antony) (Herbert, Mary SidneyGarnier, RobertSidney Herbert, Mary, 1595); tragedy] Good friends I pray you seek not to revoke My fixed intent of following Antony. I will die. I will die: must not his life, His life and death by mine be followed? meanwhile, dear sisters, live: and while you live, Do often honour to our loved Tombs. Straw them with flowers: and sometimes happily The tender thought of Antony your Lord And me poor so…

[251_00019 — Cleopatra (Daniel, Samuel, 1594); tragedy] Merciless Caesar should so deal with me: Pray him that he would all the counsel give, That might divert him from such cruelty. As for my love, say Anthony hath all, Say that my heart is gone into the grave With him, in whom it rests and ever shall: I have it not myself, nor cannot have. Yet tell him, he shall more command of me Then any, whosoever …",Antony and Cleopatra,shared_narrative,included,"34 chunks, 12 works, Herbert's Antonius 35 %, Daniel's Cleopatra 24 %, top three 71 %. One story — Antony's defeat and Cleopatra's death — in the closet tragedies (Herbert, Daniel, May); Shakespeare's version sits in T2/T50. Group decision (single-story clusters T7, T20, T34, T54, T55, T59): decide once whether a shared story counts as a subject for genre comparison, as subject areas already do (T2 Rome, T10/T18 English chronicle matter, T12 the gods); if yes → candidate with the concentration noted, if no → contextual_only.",user_confirmed,187_00024;251_00001;1099_00020;1050_00016;993_00026;420_00020;813_00004,"Antony and Cleopatra: love, death and mourning","sample review supports an Antony/Cleopatra mourning and death core, with comic suicidal courtship at the boundary in Hyde Park. Include as a narrative-related domain, not a claim that every member belongs to that story. Reviewed excerpts (three different works): 251_00017; 187_00024; 1050_00016"
61,1,34,34,16690,3,3,Sir Giles Goosecap,0.588,1.0,Sir Giles Goosecap (20); A New Way to Pay Old Debts (9); The Constant Maid (Love Will Find Out th (5),"Chapman, George",0.588,comedy 85%; not in BritDrama 15%,Boys Professional;Professional 59%; Adult Professional;Professiona 41%,"*gyles, *giles, *lord, wood, *captain, *cutt, *lady, *ladies, emphatical, knights","*giles, *gyles, knights, knight, *lordship, *lady, *lord, honour, courtship, *captain","*giles, courtship, *lordship, supper, fool, knights, madam, emphatical, *french, cut","gyles, giles, lord, captain, cutt, lady, ladies, goosecap, foulweather, french, lordship, welborne","[538_00028 — Sir Giles Goosecap (Chapman, George, 1606); comedy] I assure your Lordship your merry behaviour does so festivally show upon you, that every high holiday when Ladies wood be most beautiful; every one wishes to God she were turned into such a little Lord as you, when you're merry. By this fire they do my Lord, I have heard am. Marry God forbid knight they should be turned into me; I had rather be tur…

[538_00003 — Sir Giles Goosecap (Chapman, George, 1606); comedy] O Lord Sir, I devour you quick; and now Sir I beseech you open unto me your other Lady, what is she? I'll answer for her, because I know her Ladyship to be a perfect maid indeed. How canst thou know that? Passing perfectly I warrant ye. By measuring her neck twice, and trying if it will come about her forehead, and slip over her nose? No Sir no, by…

[1146_00025 — The Constant Maid (Love Will Find Out the Way) (Shirley, James, 1640); not in BritDrama] I attend you presently: I know not what to think of these things yet, 'Tis very strange I should be thus exalted Without desert; best known unto myself. Princes I see are mortal, and may be Deceived in placing of their honours, I Am little better than a favourite, If this be true: If? 'tis a question, Let me consider wisely, it may be I am not I. N…",Sir Giles Goosecap and his knights,shared_narrative+recurring_role_or_name,contextual_only,"34 chunks, 3 works, Sir Giles Goosecap 59 %, New Way to Pay Old Debts 26 %, Constant Maid 15 %. One play's knights and ladyships with two later plays that share its ladyship-and-table register. Single-work cluster.",user_confirmed,538_00006;997_00012;1146_00024,Sir Giles Goosecap and related knightly dialogue,sample review finds Goosecap-centred knightly dialogue with different marriage and identity plots in the other two works. Retain contextual-only; shared Sir Giles/Gyles references suggest a possible influence but do not prove causation. Reviewed excerpts (three different works): 538_00028; 997_00023; 1146_00026.
60,33,33,35,16299,15,6,The Virgin Martyr,0.182,0.424,"The Virgin Martyr (6); Herod and Antipater (4); Messalina, the Roman Empress (4); Titus Andronicus (3); The Hector of Germany, or The Palsgrave, (3)","Dekker, ThomasMassinger, Philip",0.182,tragedy 73%; romance 12%; history; pseudo-history 9%,Adult Professional;Professiona 79%; Nonprofessional;Private 9%,"*caesar, *rome, *emperor, *empire, honour, *lord, *lucius, great, *palsgrave, kings","*iulius, *lucius, *emperor, *empire, kings, royal, *lord, *palsgrave, cuckold, crown","*iulius, *caesar, cuckold, love, honour, gods, kings, *saxon, slave, *emperor","caesar, rome, emperor, empire, lord, lucius, palsgrave, iulius, saxon","[848_00035 — Herod and Antipater (Markham, GervaseSampson, William, 1622); tragedy] But thou dost, and it will damn thee. Say not so; I know this smoke will kindle, and my care Must now prevent my danger. Animis, Guard you my Sister safely: Hillus, cause Those bodies to be buried: you Niraleus, Shall make for Rome with all speed; thence, bring back That false, ingrateful, proud Antipater: Carry the matter close, but cunningly: For…

[848_00011 — Herod and Antipater (Markham, GervaseSampson, William, 1622); tragedy] Timorous! Caesar, no: Were I to scale a Tower, or sack a Town, I'd do't; although the ruins fell like Quarries on me: Timorous! I ne'er feared Mankind; Caesar, know, Nor earth nor Hell hath aught that can affright me: I've buckled with proud Iulius thine Uncle, and was one That, by expulsion, beat him from bright Albion: And yet to kill a King, I'm…

[848_00040 — Herod and Antipater (Markham, GervaseSampson, William, 1622); tragedy] O royal Caesar, this grace thus performed In my poor Visitation; makes my Soul A Bondslave to thy Virtue. 'tis no more Than what your worth may challenge; only Sir, This violence on your person, by yourself, Must crave my reprehension. 'tis but fit: Yet royal Caesar, what should Nature do; When, like to me, it's grown unnatural? Turned a devouring …",Emperors and vassal kings: imperial Rome,thematic_discourse+shared_narrative,included,"33 chunks, 15 works (6 with 3+), Virgin Martyr 18 %, top three 42 %. The empire as setting: Caesar as emperor, vassal kings crowned and uncrowned, Dioclesian, Herod under Rome, Messalina, Charles the Emperor; Dekker and Massinger, Markham, Richards, Daniel, Chapman. Imperial counterpart of T2 (republican Rome); comparable, with the small size noted.",user_confirmed,843_00004;848_00010;1131_00023;595_00032;710_00010;251_00008;854_00020,"Imperial Rome: rulers, favour and political exemplars","sample review supports Roman rulers, favour and political exemplars. The full Bussy sample invokes Brutus, Caesar and Antigone in an argument about authority. Include with a label that permits political analogy outside a Roman setting. Reviewed excerpts (three different works): 848_00035; 1131_00004; 710_00010. Full-chunk follow-up: 710_00010"
42,30,32,54,15729,10,3,1 Henry the Fourth,0.438,0.719,"1 Henry the Fourth (14); Richard the Second (5); Two Lamentable Tragedies (4); 1 If You Know Not Me You Know Nobody, or (2); The Hector of Germany, or The Palsgrave, (2)","Shakespeare, William",0.594,history 53%; tragedy; history 16%; tragedy 12%,Adult Professional;Professiona 91%; Nonprofessional;Private 6%,"*harry, *percy, *lord, king, *god, *falstalffe, *frances, *mowbray, life, *mortimer","*harry, *mowbray, *percy, *glendower, *duke, *mortimer, *lord, king, *god, fight","*harry, *mowbray, fear, *percy, *god, king, *frances, *herford, *wales, *glendower","harry, percy, lord, god, falstalffe, frances, mowbray, mortimer, herford, wales, westmoreland, worcester, hal, glendower, duke, iacke","[503_00012 — 1 If You Know Not Me You Know Nobody, or The Troubles of Queen Elizabeth (Heywood, Thomas, 1605); history] Hath he not think you a stretch conscience, And if my secret murder should be put into his hands, Hath he not heart think you to execute. Defend it heaven, and Gods almighty hand, Betwixt your Grace, and such intendments stand. Come madam will you go. With all my heart, farewell, farewell, I am freed from limbo to be sent to hell. What storm comes …

[300_00021 — 1 Henry the Fourth (Shakespeare, William, 1598); history] Thy state is taken for a joined stool, thy golden sceptre for a leaden dagger, and thy precious rich crown for a pitiful bald crown. Well, and the fire of grace be not quite out of thee now shalt thou be moved. Give me a cup of Sack to make my eyes look red, that it may be thought I have wept, for I must speak in passion, and I will do it in king C…

[300_00006 — 1 Henry the Fourth (Shakespeare, William, 1598); history] The circumstance considered, good my lord, What ere Lord Harry Percy then had said To such a person, and in such a place, At such a time, with all the rest reto;d, May reasonably die, and never rise To do him wrong, or any way impeach What then he said, so he unsay it now. Why yet he doth deny his prisoners, But with proviso and exception, That we …","Harry, Percy and Mowbray (1 Henry IV and Richard II)",recurring_role_or_name+shared_narrative,contextual_only,"32 chunks, 10 works, 1 Henry IV 44 %, top three 72 %. The Henry IV / Richard II matter (Percy, Mowbray, Glendower, Falstaff) plus chunks from unrelated plays in which someone is called Harry (Dampit in Trick to Catch, Yarington, Hector of Germany): 31 of the 32 masked chunks still contain 'Harry' — a nickname absent from the cast lists — which is a possible explanation of the stray members, not a proven one. Group decision with T43 (and T10/T18, which are candidates as subject areas): whether English chronicle matter enters the comparison.",user_confirmed,300_00045;273_00017;415_00028;503_00014;614_00006;744_00002;503_00012,English historical figures: a mixed cluster,
58,2,31,37,15208,16,2,"Epicene, or The Silent Woman",0.387,0.548,"Epicene, or The Silent Woman (12); The Gamester (3); The Lady of Pleasure (2); The Night Walker, or The Little Thief (2); Henry the Fifth (1)","Jonson, Ben",0.387,comedy 90%; history 10%,Adult Professional;Professiona 55%; Boys Professional;Professional 39%,"jack, *john, daw, *dauphine, amorous, mistress, trve, *ladies, wit, madame","jack, bride, gentlemen, *dauphine, mistress, *lady, amorous, gentleman, *john, madame","jack, amorous, bride, gentlemen, says, *dauphine, worship, wit, hope, friends","john, dauphine, ladies, lady, god, clerimont, morose","[1000_00005 — The Witty Fair One (Shirley, James, 1633); comedy] Let me alone. Why dost thou court 'em then. Why, to try their wits with which I sharpen my own, dost think I am so mad to marry, sacrifice my liberty to a Woman, sell my patrimony to buy them Feathers and new fashions, and maintain a Gentleman Usher to ride in my saddle when I am Knighted, and pointed at with Pythagoras for my tame sufferance, ha m…

[997_00013 — A New Way to Pay Old Debts (Massinger, Philip, 1633); comedy] You wait well. Let me have no more of this, I observed your icering. Sirrah, I'll have you know, whom I think worthy To sit at my table, be he ne'er so mean, When I am present, is not your companion. Nay she'll preserve what's due to her. This refreshing Follows your flux of laughter. You are master. Of your own will. I know so much of manners As n…

[1127_00035 — The Night Walker, or The Little Thief (Fletcher, JohnShirley, James, 1640); comedy] Come, I ha' done, and now Will speak some comfort to thee, I will lead thee Now to my Mistress hither to concealed; She shall take pity on thee too, she loves A handsome man; thy misery invites me To do thee good, I'll not be jealous Jack; Her beauty shall commend itself; but do not When I have brought you into grace supplant me. Art thou in earnes…","Jack Daw, Dauphine and the ladies (Epicene)",recurring_role_or_name+shared_narrative,contextual_only,"31 chunks, 16 works, Epicene 39 %, top three 55 %. Jonson's Epicene (Jack Daw, Dauphine, the collegiate ladies) with chunks from other plays in which someone is called Jack; 25 of the 31 masked chunks still contain 'Jack', a nickname the cast lists do not carry — a possible link, not a proven cause. No shared subject beyond the play; single-work cluster unless reading shows one.",user_confirmed,704_00022;1056_00026;1051_00028;434_00034;1071_00008;527_00038;920_00010,Gallant talk and courtship: an Epicene-centred group,"sample review finds some gallant/courtship commonality but not a clear distinct theme across the sampled social and poetic exchanges. Retain contextual-only provisionally. Residual nicknames are a possible influence, not a demonstrated cause. Reviewed excerpts (three different works): 1000_00005; 1054_00008; 444_00009."
62,37,30,32,14985,17,3,"Cynthia's Revels, or The Fountain of Self-Love",0.167,0.367,"Cynthia's Revels, or The Fountain of Sel (5); Greene's Tu Quoque, or The City Gallant (3); The Ladies' Privilege (The Lady's Privil (3); Damon and Pithias (2); The Woman Hater (The Hungry Courtier) (2)","Jonson, Ben",0.167,comedy 37%; tragicomedy 20%; satire 17%,Adult Professional;Professiona 47%; Boys Professional;Professional 30%,"courtier, shrug, face, court, *italian, monsieur, scholar, fashion, *french, courtiers","courtiers, courtier, *gracchus, gentleman, monsieur, signior, court, *lady, signor, *french","courtiers, pray, *italian, gentleman, *gracchus, signior, court, fie, monsieur, *lady","italian, french, colliers, lady, iaruis, gracchus","[1130_00009 — The Humorous Courtier (The Duke) (Shirley, James, 1640); comedy] I were no Lord else, I was a French man's Scholar, For twenty crowns a month, you may guess by that My abilities. 'tis the best fooling, and the safest for The body, your French glide away like Rivers, Without a noise, and turning with Meanders, Out move ye, your lofty tricks, are tude, And do to much examine. May we not rise, I ha' known good danc…

[870_00012 — All's Well That Ends Well (Shakespeare, WilliamMiddleton, Thomas, 1623); tragicomedy] Make thy demand. But will you make it even? I by my Sceptre, and my hopes of help. Then shalt thou give me with thy kingly hand What husband in thy power I will command: Exempted be from me the arrogance To choose from forth the royal blood of France, My low and humble name to propagate With any branch or image of thy state: But such a one thy vass…

[1140_00030 — The Antipodes (Brome, Richard, 1640); not in BritDrama] Come, we burn daylight, and the Ale may sour. Call you these Courtiers? They are rude silken Clowns; As course within, as watermen or Carmen. Then look on these: Here are of those conditions Sir, I am your servant. I am much obliged Sir, by the plenteous favours your humanity And noble virtue have conferred upon me, To answer with my service your d…","The courtier as a type: fashion, affectation and foreign manners",thematic_discourse,included,"30 chunks, 17 works, Cynthia's Revels 17 %. Satire of the courtier: shrugs and faces, hat and band, French and Italian fashions, the compliment lesson, the courtier's dictionary; Jonson, Cooke, Glapthorne, Ford, Edwards, Massinger. Cross-work theme (the smallest cluster).",user_confirmed,413_00030;732_00036;1144_00007;430_00013;914_00009;100_00025;977_00006,"The courtier as a type: fashion, affectation and foreign manners",
