TCP,record_type,id,deep_id,edition_id,variant_edition_id,play_edition,book_edition,work_id,title_id,title.1,author.1,authors_display,genre_brit_filter,play_type_filter,in_collection_id,collection_contains,total_editions,year_int,date_first_publication,greg_full,in_collection,metadata_repaired
A00471,Single-Play Playbook,4,7.0,9,2467,4.0,4,4,4,The Summoning of Everyman,Anonymous,Anonymous,not in BritDrama,Interlude;Nonprofessional,,,4 quartos,1534,1518,4d,,False
A10439,Single-Play Playbook,6,9.0,11,2469,1.0,1,6,6,The Nature of the Four Elements (Natura Naturata),"Rastell, John","Rastell, John",not in BritDrama,Interlude;Nonprofessional,,,1 octavo,1520,1520,6a,,False
A10438,Single-Play Playbook,10,11.0,15,2471,1.0,1,10,10,The Beauty and Good Properties of Women (Calisto and Melebea) (Celestina),"Rastell, John","Rastell, John (?)",not in BritDrama,Interlude;Nonprofessional,,,1 folio,1525,1525,10a,,False
A03175,Single-Play Playbook,14,15.0,19,2286,1.0,1,14,14,"The Pardoner and the Friar, the Curate, and Neighbor Pratte","Heywood, John","Heywood, John (?)",not in BritDrama,Interlude;Nonprofessional,,,1 folio,1533,1533,14a,,False
A03181,Single-Play Playbook,16,18.0,22,2288,2.0,2,15,16,The Play of the Weather,"Heywood, John","Heywood, John",comedy,Interlude;Nonprofessional,,,"1 folio, 3 quartos",1544,1533,15b,,False
A03179,Single-Play Playbook,17,21.0,25,2291,1.0,1,16,17,A Play of Love,"Heywood, John","Heywood, John",not in BritDrama,University/Inns of Court;Nonprofessional,,,"1 folio, 1 quarto",1534,1534,16a,,False
A04054,Single-Play Playbook,21,26.0,32,2295,3.0,3,20,21,The Interlude of Youth,Anonymous,Anonymous,not in BritDrama,Interlude;Nonprofessional,,,3 quartos,1565,1530,20c,,False
A03177,Single-Play Playbook,22,27.0,33,2296,1.0,1,21,22,The Four P's,"Heywood, John","Heywood, John",not in BritDrama,Interlude;Nonprofessional,,,3 quartos,1544,1544,21a,,False
A02906,Single-Play Playbook,24,31.0,37,2478,1.0,1,22,24,The Chief Promises of God unto Man (God's Promises),"Bale, John","Bale, John",biblical play,Interlude;Nonprofessional,,,2 quartos,1547,1547,22a,,False
A02658,Single-Play Playbook,25,33.0,39,2479,1.0,1,23,25,"The Temptation of Our Lord and Saviour, Jesus Christ, by Satan in the Desert","Bale, John","Bale, John",biblical play,Interlude;Nonprofessional,,,1 quarto,1547,1547,23a,,False
A02738,Single-Play Playbook,26,34.0,40,2299,1.0,1,24,26,"The Three Laws of Nature, Moses, and Christ, Corrupted by the Sodomites, Pharisees, and Papists","Bale, John","Bale, John",moral,Interlude;Nonprofessional,,,"1 octavo, 1 quarto",1548,1548,24a,,False
A02749,Single-Play Playbook,26,35.0,41,2300,2.0,2,24,26,"The Three Laws of Nature, Moses, and Christ, Corrupted by the Sodomites, Pharisees, and Papists","Bale, John","Bale, John",moral,Interlude;Nonprofessional,,,"1 octavo, 1 quarto",1562,1548,24b,,False
A04052,Single-Play Playbook,30,39.0,45,2301,1.0,1,27,30,Wealth and Health,Anonymous,Anonymous,moral,Interlude;Nonprofessional,,,1 quarto,1565,1565,27a,,False
A11914,Single-Play Playbook,32,43.0,50,2482,1.0,1,29,32,Thyestes (Seneca's Second Tragedy),"Heywood, JasperSeneca, Lucius Annaeus","Heywood, Jasper, trans.; Seneca, Lucius Annaeus",tragedy,Translation;Nonprofessional;Closet/Unacted,,,"1 octavo, 1 quarto in collection",1560,1560,29a,,False
A04055,Single-Play Playbook,33,45.0,53,2307,2.0,2,30,33,Impatient Poverty,Anonymous,Anonymous,moral,Interlude;Nonprofessional,,,2 quartos,1561,1560,30b,,False
A14713,Single-Play Playbook,34,46.0,54,2308,1.0,1,31,34,Nice Wanton,Anonymous,Anonymous,moral,Interlude;Nonprofessional,,,2 quartos,1560,1560,31a,,False
A11911,Single-Play Playbook,37,51.0,59,2483,1.0,1,34,37,Hercules Furens (Mad Hercules) (Seneca's First Tragedy),"Heywood, JasperSeneca, Lucius Annaeus","Heywood, Jasper, trans.; Seneca, Lucius Annaeus",tragedy; literary play,Translation;Nonprofessional;Closet/Unacted,,,"1 octavo, 1 quarto in collection",1561,1561,34a,,False
A13664,Single-Play Playbook,40,57.0,66,2484,1.0,1,37,40,Thersites,"Udall, Nicholas","Udall, Nicholas (?)",comedy,Interlude;Nonprofessional,,,1 quarto,1562,1562,37a,,False
A15979,Single-Play Playbook,41,58.0,67,2317,1.0,1,38,41,Albion Knight,Anonymous,Anonymous,moral,Interlude;Nonprofessional,,,1 quarto,1566,1566,38a,,False
A08360,Single-Play Playbook,42,59.0,68,2318,1.0,1,39,42,Ferrex and Porrex (Gorboduc),"Norton, ThomasSackville, Thomas","Norton, Thomas; Sackville, Thomas",tragedy,University/Inns of Court;Nonprofessional,,,"1 octavo, 1 octavo (bibliographically independent and in collection), 1 quarto (bibliographically independent and in collection)",1565,1565,39a,,False
A08361,Single-Play Playbook,42,60.0,69,59,2.0,2.0,39,42,Ferrex and Porrex (Gorboduc),"Norton, ThomasSackville, Thomas","Norton, Thomas; Sackville, Thomas",tragedy,University/Inns of Court;Nonprofessional,,,"1 octavo, 1 octavo (bibliographically independent and in collection), 1 quarto (bibliographically independent and in collection)",1570,1565,39b,,True
A14846,Single-Play Playbook,44,66.0,74,2324,3.0,3,41,44,Lusty Juventus,"Wever, R.","Wever, R.",moral,Interlude;Nonprofessional,,,3 quartos,1565,1551,41b,,False
A11910,Single-Play Playbook,45,67.0,76,2325,1.0,1,42,45,Agamemnon (Seneca's Eighth Tragedy),"Seneca, Lucius AnnaeusStudley, John","Studley, John, trans.; Seneca, Lucius Annaeus",tragedy,Translation;Nonprofessional;Closet/Unacted,,,"1 octavo, 1 quarto in collection",1566,1566,42a,,False
A11912,Single-Play Playbook,47,69.0,79,2328,1.0,1,44,47,Medea (Seneca's Seventh Tragedy),"Seneca, Lucius AnnaeusStudley, John","Studley, John, trans.; Seneca, Lucius Annaeus",tragedy,Translation;Nonprofessional;Closet/Unacted,,,"1 octavo, 1 quarto in collection",1566,1566,44a,,False
A11917,Single-Play Playbook,48,70.0,81,2330,1.0,1,45,48,Octavia (Seneca's Ninth Tragedy),"Seneca, Lucius AnnaeusNuce, ThomasPseudo-Seneca","Nuce, Thomas, trans.; Pseudo-Seneca",tragedy,Translation;Nonprofessional;Closet/Unacted,,,"1 quarto, 1 quarto in collection",1566,1566,45a,,False
A14193,Single-Play Playbook,49,71.0,83,2332,1.0,1,46,49,Ralph Roister Doister,"Udall, Nicholas","Udall, Nicholas",comedy,Interlude;Nonprofessional,,,1 quarto,1566,1566,46a,,False
A14625,Single-Play Playbook,50,72.0,84,71,1.0,1,47,50,The Life and Repentance of Mary Magdalene,"Wager, Lewis","Wager, Lewis",moral,Interlude;Nonprofessional,,,1 quarto,1566,1566,47a(*),,False
A09651,Single-Play Playbook,51,74.0,85,2495,1.0,1,48,51,The Interlude of Vice (Orestes),"Pickering, John","Pickering, John",tragedy,Interlude;Nonprofessional,,,1 quarto,1567,1567,48a,,False
A13962,Single-Play Playbook,52,75.0,86,2496,1.0,1,49,52,The Trial of Treasure,"Wager, William","Wager, William",moral,Interlude;Nonprofessional,,,1 quarto,1567,1567,49a,,False
A01353,Single-Play Playbook,53,78.0,89,2335,4.0,4,50,53,Like Will to Like (Quoth the Devil to the Collier),"Fulwell, Ulpian","Fulwell, Ulpian",moral,Interlude;Nonprofessional,,,4 quartos,1587,1568,50c,,False
A04206,Single-Play Playbook,54,80.0,91,2336,2.0,2,51,54,Jacob and Esau,"Udall, Nicholas","Udall, Nicholas (?)",biblical play,Interlude;Nonprofessional,,,2 quartos,1568,1558,51a,,False
A04027,Single-Play Playbook,57,83.0,94,2339,1.0,1,54,57,The Disobedient Child,"Ingelend, Thomas","Ingelend, Thomas",moral,Interlude;Nonprofessional,,,1 quarto,1570,1570,54a,,False
A07052,Single-Play Playbook,58,84.0,95,2340,1.0,1,55,58,The Marriage of Wit and Science,Anonymous,Anonymous,moral,Interlude;Nonprofessional;Boys Nonprofessional/School;,,,1 quarto,1570,1570,55a,,False
A10041,Single-Play Playbook,59,85.0,96,2341,1.0,1,56,59,"Cambises, King of Persia","Preston, Thomas","Preston, Thomas",tragedy,Interlude;Nonprofessional,,,3 quartos,1570,1570,56a,,False
A14627,Single-Play Playbook,60,88.0,99,2497,1.0,1,57,60,Enough Is as Good as a Feast,"Wager, William","Wager, William",moral,Interlude;Nonprofessional,,,1 quarto,1570,1570,57a,,False
A21159,Single-Play Playbook,61,89.0,100,2344,1.0,1,58,61,Damon and Pithias,"Edwards, Richard","Edwards, Richard",comedy,Boys Nonprofessional/School;Nonprofessional,,,2 quartos,1571,1571,58a,,False
A00456,Single-Play Playbook,68,94.0,114,2347,1.0,1,65,68,Appius and Virginia,"B., R.","B., R.",tragedy,Interlude,,,1 quarto,1575,1575,65a,,False
A12969,Single-Play Playbook,70,95.0,117,2349,1.0,1,67,70,Gammer Gurton's Needle,"Stevenson, William","Stevenson, William (?)",comedy,University/Inns of Court;Nonprofessional,,,1 quarto,1575,1575,67a,,False
A14715,Single-Play Playbook,73,101.0,121,2352,1.0,1,70,73,The Tide Tarrieth No Man,"Wapull, George","Wapull, George",moral,Interlude;Nonprofessional,,,1 quarto,1576,1576,70a,,False
A10192,Single-Play Playbook,74,102.0,122,2503,1.0,1,71,74,Abraham's Sacrifice,"Golding, ArthurBeza, Theodore","Golding, Arthur, trans.; Beza, Theodore",biblical play,Translation;Nonprofessional;Closet/Unacted,,,1 octavo,1577,1577,71a,,False
A06480,Single-Play Playbook,75,103.0,123,2353,1.0,1,72,75,All for Money,"Lupton, Thomas","Lupton, Thomas",moral,Interlude;Nonprofessional,,,1 quarto,1578,1578,72a,,False
A01506,Single-Play Playbook,78,104.0,126,2354,1.0,1,75,78,The Entertainment at Norwich (Royal Entry of Queen Elizabeth),"Garter, BernardGoldingham, William","Garter, Bernard; Goldingham, William",entertainment; royal entertainment or entry,Occasional;Nonprofessional,,,2 quartos,1578,1578,75a,,False
A18729,Single-Play Playbook,79,106.0,128,2359,1.0,1,76,79,The Entertainment in Suffolk and Norfolk (Royal Entry of Queen Elizabeth into Norwich),"Churchyard, Thomas","Churchyard, Thomas",entertainment; royal entertainment or entry,Occasional;Nonprofessional,,,1 quarto,1578,1578,76a,,False
A01509,Single-Play Playbook,80,107.0,129,2360,1.0,1,76.5,80,The Most Virtuous and Godly Susanna,"Garter, Thomas","Garter, Thomas",moral,Interlude;Nonprofessional,,,1 quarto,1578,1578,76.5a,,False
A01848,Single-Play Playbook,81,108.0,130,2361,1.0,1,77,81,The Entertainment of the French Ambassadors (The Fortress of Perfect Beauty) (Tilt of the Foster-Children of Desire),"Goldwell, Henry","Goldwell, Henry",tilt,Occasional;Nonprofessional,,,1 octavo,1581,1581,77a,,False
A68918,Single-Play Playbook,82,110.0,131,110,1.0,1,78,82,The Conflict of Conscience,"Woodes, Nathaniel","Woodes, Nathaniel",moral,Interlude;Nonprofessional,,,1 quarto,1581,1581,78a(ii),,False
A06625,Single-Play Playbook,86,111.0,135,2513,1.0,1,82,86,Sappho and Phao,"Lyly, John","Lyly, John",comedy,Boys Professional;Professional,,,"3 quartos, 1 duodecimo in collection",1584,1584,82a,,False
A09220,Single-Play Playbook,87,114.0,139,2514,1.0,1,83,87,The Arraignment of Paris,"Peele, George","Peele, George",pastoral,Boys Professional;Professional,,,1 quarto,1584,1584,83a,,False
A06583,Single-Play Playbook,88,115.0,140,2367,1.0,1,84,88,"Campaspe (Alexander, Campaspe, and Diogenes)","Lyly, John","Lyly, John",comedy,Boys Professional;Professional,,,"4 quartos, 1 duodecimo in collection",1584,1584,84a,,False
A15519,Single-Play Playbook,89,120.0,146,2516,2.0,2,85,89,The Three Ladies of London,"Wilson, Robert","Wilson, Robert",moral,Adult Professional;Professional,,,2 quartos,1592,1584,85b,,False
A09134,Single-Play Playbook,90,121.0,147,2372,1.0,1,86,90,Fedele and Fortunia (Two Italian Gentlemen),"Pasqualigo, LuigiMunday, Anthony","Munday, Anthony, trans. (?); Pasqualigo, Luigi",comedy,Boys Professional;Professional;Translation,,,1 quarto,1585,1585,86a,,False
A09223,Single-Play Playbook,91,122.0,148,2517,1.0,1,87,91,The Pageant before Woolstone Dixie,"Peele, George","Peele, George",civic play; pageant,Occasional;Nonprofessional,,,1 quarto,1585,1585,87a,,False
A21238,Single-Play Playbook,92,123.0,149,2518,1.0,1,88,92,The Queen's Entertainment at Woodstock,Anonymous,Anonymous,entertainment; royal entertainment or entry,Occasional;Nonprofessional,,,1 quarto,1585,1585,88a,,False
A03804,Single-Play Playbook,93,124.0,150,2519,1.0,1,89,93,The Misfortunes of Arthur (Certain Devices and Shows Presented to Her Majesty),"Hughes, ThomasFulbecke, William","Hughes, Thomas; Fulbecke, William, rev.",tragedy,University/Inns of Court;Nonprofessional,,,1 octavo,1587,1587,89a,,False
A13611,Single-Play Playbook,95,126.0,153,2373,1.0,1,91,95,Andria (The Woman from Andros),"Terence (Publius Terentius Afer)Kyffin, Maurice","Kyffin, Maurice, trans.; Terence (Publius Terentius Afer)",comedy,Translation;Nonprofessional;Closet/Unacted,,,1 quarto,1588,1588,91a,,False
A15517,Single-Play Playbook,97,128.0,155,2374,1.0,1,93,97,The Three Lords and Three Ladies of London,"Wilson, Robert","Wilson, Robert",moral,Adult Professional;Professional,,,1 quarto,1590,1590,93a,,False
A08058,Single-Play Playbook,100,131.0,164,2529,1.0,1,96,100,The Pageant for John Allot,"Nelson, Thomas","Nelson, Thomas",civic play; pageant,Occasional;Nonprofessional,,,1 quarto,1590,1590,96a,,False
A06589,Single-Play Playbook,103,133.0,167,2532,1.0,1,99,103,"Endymion, the Man in the Moon","Lyly, John","Lyly, John",comedy,Boys Professional;Professional,,,"1 quarto, 1 duodecimo in collection",1591,1591,99a,,False
A09222,Single-Play Playbook,104,134.0,169,2536,1.0,1,100,104,Descensus Astraeae (The Descent of Astraea),"Peele, George","Peele, George",civic play; pageant,Occasional;Nonprofessional,,,1 quarto,1591,1591,100a,,False
A17029,Single-Play Playbook,107,137.0,177,3226,2.0,2,103,107,The Royal Entertainment at Cowdray,Anonymous,Anonymous,entertainment; royal entertainment or entry,Occasional;Nonprofessional,,,2 quartos,1591,1591,103a,,False
A15498,Single-Play Playbook,108,138.0,178,137,1.0,1,104,108,Tancred and Gismund (Gismond of Salerne),"Wilmot, RobertHatton, ChristopherNoel, HenryAl., G.Stafford, Roderick","Wilmot, Robert; Hatton, Christopher; Noel, Henry; Al., G.; Stafford, Roderick",tragedy,University/Inns of Court;Nonprofessional,,,1 quarto,1591,1591,104a(*),,False
A06619,Single-Play Playbook,109,140.0,179,2540,1.0,1,105,109,Gallathea,"Lyly, John","Lyly, John",comedy,Boys Professional;Professional,,,"1 quarto, 1 duodecimo in collection",1592,1592,105a,,False
A06621,Single-Play Playbook,110,141.0,181,2541,1.0,1,106,110,Midas,"Lyly, John","Lyly, John",comedy,Boys Professional;Professional,,,"1 quarto, 1 duodecimo in collection",1592,1592,106a,,False
A20951,Single-Play Playbook,111,142.0,183,2542,1.0,1,107,111,Master Arden of Faversham in Kent,"AnonymousKyd, ThomasShakespeare, WilliamWatson, Thomas","Anonymous; Kyd, Thomas (?); Shakespeare, William (?); Watson, Thomas (?)",tragedy,Adult Professional;Professional,,,3 quartos,1592,1592,107a,,False
A01502,Single-Play Playbook,112,146.0,187,2545,2.0,1,108,112,Antonius (Antony),"Herbert, Mary SidneyGarnier, RobertSidney Herbert, Mary","Herbert, Mary Sidney, trans.; Garnier, Robert",tragedy,Translation;Nonprofessional;Closet/Unacted,,,"1 quarto in collection, 1 octavo",1595,1592,108b,,False
A12578,Single-Play Playbook,113,147.0,188,2546,1.0,1,109,113,Soliman and Perseda (Zulziman),Anonymous,Anonymous,tragedy,Adult Professional;Professional,,,2 quartos,1592,1592,109a,,False
A04942,Single-Play Playbook,114,150.0,190,2547,1.0,1,110,114,The Spanish Tragedy (Hieronimo is Mad Again),"Kyd, Thomas","Kyd, Thomas",tragedy,Adult Professional;Professional,,,10 quartos,1592,1592,110a,,False
A09224,Single-Play Playbook,118,162.0,203,2556,1.0,1,112,118,Edward the First,"Peele, George","Peele, George",history,Adult Professional;Professional,,,2 quartos,1593,1593,112a,,False
A21328,Single-Play Playbook,119,164.0,205,2558,1.0,1,113,119,"Fair Em, the Miller's Daughter of Manchester",Anonymous,Anonymous (?),comedy,Adult Professional;Professional,,,2 quartos,1591,1591,113a,,False
A13062,Single-Play Playbook,120,166.0,207,2560,1.0,1,114,120,Jack Straw,Anonymous,Anonymous,history,Adult Professional;Professional,,,2 quartos,1593,1593,114a,,False
A04888,Single-Play Playbook,121,168.0,209,2562,1.0,1,115,121,A Knack to Know a Knave,Anonymous,Anonymous (?),moral,Adult Professional;Professional,,,1 quarto,1594,1594,115a,,False
A01500,Single-Play Playbook,122,169.0,210,170,1.0,1,116,122,Cornelia (Pompey the Great His Fair Cornelia's Tragedy),"Garnier, RobertKyd, Thomas","Kyd, Thomas, trans.; Garnier, Robert",tragedy,Translation;Nonprofessional;Closet/Unacted,,,1 quarto,1594,1594,116a(i),,False
A12017,Single-Play Playbook,123,171.0,211,2563,1.0,1,117,123,Titus Andronicus,"Peele, GeorgeShakespeare, William","Shakespeare, William; Peele, George",tragedy,Adult Professional;Professional,,,"3 quartos, 2 folios in collection",1594,1594,117a,,False
A06185,Single-Play Playbook,124,174.0,216,2567,1.0,1,118,124,A Looking Glass for London and England,"Lodge, ThomasGreene, Robert","Lodge, Thomas; Greene, Robert",biblical play; moral,Adult Professional;Professional,,,5 quartos,1594,1594,118a,,False
A68931,Single-Play Playbook,125,180.0,222,2573,2.0,2,119,125,2 Henry the Sixth (The First Part of the Contention betwixt the Two Famous Houses of York and Lancaster),"AnonymousMarlowe, ChristopherShakespeare, William","Shakespeare, William; Marlowe, Christopher; Anonymous (?)",history,Adult Professional;Professional,,,"2 quartos, 1 quarto in collection, 2 folios in collection",1600,1594,119b,,False
A13358,Single-Play Playbook,126,181.0,226,2577,1.0,1,120,126,The Taming of a Shrew,Anonymous,Anonymous,comedy,Adult Professional;Professional,,,3 quartos,1594,1594,120a,,False
A13360,Single-Play Playbook,126,183.0,228,2579,3.0,3,120,126,The Taming of a Shrew,Anonymous,Anonymous,comedy,Adult Professional;Professional,,,3 quartos,1607,1594,120c,,False
A12016,Single-Play Playbook,934,184.0,230,2580,2.0,1,120.5,934,The Taming of the Shrew,"Shakespeare, William","Shakespeare, William",comedy,Adult Professional;Professional,,,"1 quarto, 2 folios in collection",1631,1623,120e,,False
A02127,Single-Play Playbook,127,185.0,232,2583,1.0,1,121,127,Friar Bacon and Friar Bongay,"Greene, Robert","Greene, Robert",comedy,Adult Professional;Professional,,,3 quartos,1594,1594,121a,,False
A02128,Single-Play Playbook,127,186.0,233,2584,2.0,2,121,127,Friar Bacon and Friar Bongay,"Greene, Robert","Greene, Robert",comedy,Adult Professional;Professional,,,3 quartos,1630,1594,121b,,False
A06184,Single-Play Playbook,128,188.0,235,2586,1.0,1,122,128,"The Wounds of Civil War, or Marius and Scilla","Lodge, Thomas","Lodge, Thomas",tragedy,Adult Professional;Professional,,,1 quarto,1594,1594,122a,,False
A02125,Single-Play Playbook,129,189.0,236,2587,1.0,1,123,129,Orlando Furioso,"Greene, Robert","Greene, Robert",romance,Adult Professional;Professional,,,2 quartos,1594,1594,123a,,False
A15515,Single-Play Playbook,130,191.0,238,2589,1.0,1,124,130,The Cobbler's Prophecy,"Wilson, Robert","Wilson, Robert",moral,Adult Professional;Professional,,,1 quarto,1594,1594,124a,,False
A06622,Single-Play Playbook,131,192.0,239,2590,1.0,1,125,131,Mother Bombie,"Lyly, John","Lyly, John",comedy,Boys Professional;Professional,,,"2 quartos, 1 duodecimo in collection",1594,1594,125a,,False
A10730,Single-Play Playbook,132,194.0,242,2592,1.0,1,126,132,The True Tragedy of Richard the Third,Anonymous,Anonymous,tragedy; history,Adult Professional;Professional,,,1 quarto,1594,1594,126a,,False
A09221,Single-Play Playbook,133,195.0,243,2593,1.0,1,127,133,The Battle of Alcazar,"Peele, George","Peele, George",tragedy,Adult Professional;Professional,,,1 quarto,1594,1594,127a,,False
A07023,Single-Play Playbook,134,196.0,244,2594,1.0,1,128,134,"Dido, Queen of Carthage","Marlowe, ChristopherNashe, Thomas","Marlowe, Christopher; Nashe, Thomas",tragedy,Boys Professional;Professional,,,1 quarto,1594,1594,128a,,False
A07018,Single-Play Playbook,135,197.0,245,2595,1.0,1,129,135,Edward the Second,"Marlowe, Christopher","Marlowe, Christopher",history,Adult Professional;Professional,,,4 quartos,1594,1594,129a,,False
A19738,Single-Play Playbook,137,205.0,250,2597,1.0,1,131,137,"The Wars of Cyrus, King of Persia",Anonymous,Anonymous,tragedy,Boys Professional;Professional,,,1 quarto,1594,1594,131a,,False
A07003,Single-Play Playbook,139,207.0,260,2598,1.0,1,133,139,The Massacre at Paris,"Marlowe, Christopher","Marlowe, Christopher",tragedy,Adult Professional;Professional,,,1 octavo,1596,1596,133a,,False
A15516,Single-Play Playbook,140,208.0,261,2599,1.0,1,134,140,The Pedlar's Prophecy,Anonymous,Anonymous,moral,Interlude;Nonprofessional,,,1 quarto,1595,1595,134a,,False
A11262,Single-Play Playbook,142,210.0,263,2601,1.0,1,136,142,"Locrine, the Eldest Son of King Brutus","S., W.","S., W. (?)",tragedy,Adult Professional;Professional,,,1 quarto,1595,1595,136a,,False
A09232,Single-Play Playbook,143,211.0,264,2602,1.0,1,137,143,The Old Wives Tale,"Peele, George","Peele, George",romance,Adult Professional;Professional,,,1 quarto,1595,1595,137a,,False
A10726,Single-Play Playbook,144,212.0,265,2603,1.0,1,138,144,3 Henry the Sixth (The True Tragedy of Richard Duke of York and the Good King Henry the Sixth),"AnonymousMarlowe, ChristopherShakespeare, William","Shakespeare, William; Marlowe, Christopher; Anonymous (?)",history,Adult Professional;Professional,,,"1 octavo, 1 quarto, 1 quarto in collection, 2 folios in collection",1595,1595,138a,,False
A04889,Single-Play Playbook,145,214.0,270,2608,1.0,1,139,145,A Knack to Know an Honest Man,Anonymous,Anonymous,tragicomedy,Adult Professional;Professional,,,1 quarto,1596,1596,139a,,False
A21144,Single-Play Playbook,146,215.0,271,2686,1.0,1,140,146,The Reign of King Edward the Third,"AnonymousShakespeare, William","Anonymous; Shakespeare, William (?)",history,Adult Professional;Professional,,,2 quartos,1596,1596,140a,,False
A11994,Single-Play Playbook,147,217.0,273,2688,1.0,1,141,147,Richard the Second,"Shakespeare, William","Shakespeare, William",tragedy; history,Adult Professional;Professional,,,"6 quartos, 2 folios in collection",1597,1597,141a,,False
A12001,Single-Play Playbook,148,225.0,281,2692,1.0,1,142,148,Richard the Third,"Shakespeare, William","Shakespeare, William",tragedy; history,Adult Professional;Professional,,,"8 quartos, 2 folios in collection",1597,1597,142a,,False
A12010,Single-Play Playbook,149,233.0,291,2700,1.0,1,143,149,Romeo and Juliet,"Shakespeare, William","Shakespeare, William",tragedy,Adult Professional;Professional,,,"5 quartos, 2 folios in collection",1597,1597,143a,,False
A06629,Single-Play Playbook,150,239.0,298,2704,1.0,1,144,150,The Woman in the Moon,"Lyly, John","Lyly, John",comedy,Boys Professional;Professional,,,1 quarto,1597,1597,144a,,False
A11966,Single-Play Playbook,151,241.0,300,2706,2.0,2,145,151,1 Henry the Fourth,"Shakespeare, William","Shakespeare, William",history,Adult Professional;Professional,,,"9 quartos, 2 folios in collection",1598,1598,145b,,False
A18402,Single-Play Playbook,152,249.0,310,1823,1.0,1.0,146,152,The Blind Beggar of Alexandria (Irus),"Chapman, George","Chapman, George",comedy,Adult Professional;Professional,,,1 quarto (bibliographically independent and in collection),1598,1598,146a,,True
A02168,Single-Play Playbook,155,255.0,314,2716,1.0,1,149,155,The Scottish History of James the Fourth,"Greene, Robert","Greene, Robert",romance,Adult Professional;Professional,,,1 quarto,1598,1598,149a,,False
A68726,Single-Play Playbook,156,256.0,315,2717,1.0,1,150,156,Love's Labor's Lost,"Shakespeare, William","Shakespeare, William",comedy,Adult Professional;Professional,,,"2 quartos, 2 folios in collection",1598,1598,150a,,False
A07859,Single-Play Playbook,157,258.0,319,2719,1.0,1,151,157,Mucedorus (and Amadine),Anonymous,Anonymous,romance,Adult Professional;Professional,,,16 quartos,1598,1598,151a,,False
A02091,Single-Play Playbook,162,275.0,357,2751,1.0,1,156,162,"Alphonsus, King of Aragon","Greene, Robert","Greene, Robert",romance,Adult Professional;Professional,,,1 quarto,1599,1599,156a,,False
A02070,Single-Play Playbook,164,277.0,359,2753,1.0,1,158,164,"George a Green, the Pinner of Wakefield","Greene, Robert","Greene, Robert (?)",romance,Adult Professional;Professional,,,1 quarto,1599,1599,158a,,False
A09228,Single-Play Playbook,166,280.0,361,2761,1.0,1,160,166,The Love of King David and Fair Bathsheba,"Peele, George","Peele, George",biblical play; history,Adult Professional;Professional,,,1 quarto,1599,1599,160a,,False
A09857,Single-Play Playbook,167,282.0,363,2763,2.0,2,161,167,1 The Two Angry Women of Abingdon,"Porter, Henry","Porter, Henry",comedy,Adult Professional;Professional,,,2 quartos,1599,1599,161b,,False
A20076,Single-Play Playbook,168,283.0,364,2764,1.0,1,162,168,Old Fortunatus,"Dekker, Thomas","Dekker, Thomas",romance,Adult Professional;Professional,,,1 quarto,1600,1600,162a,,False
A04648,Single-Play Playbook,169,284.0,365,2765,1.0,1,163,169,Every Man Out of His Humor,"Jonson, Ben","Jonson, Ben",comedy,Adult Professional;Professional,,,"3 quartos, 2 folios in collection",1600,1600,163a,,False
A06742,Single-Play Playbook,170,287.0,370,3203,1.0,1,164,170,The Maid's Metamorphosis,Anonymous,Anonymous,pastoral; romance,Boys Professional;Professional,,,1 quarto,1600,1600,164a,,False
A11975,Single-Play Playbook,171,288.0,371,2769,1.0,1,165,171,Henry the Fifth,"Shakespeare, William","Shakespeare, William",history,Adult Professional;Professional,,,"3 quartos, 2 folios in collection",1600,1600,165a,,False
A08469,Single-Play Playbook,172,291.0,376,2772,1.0,1,166,172,1 Sir John Oldcastle,"Wilson, RobertDrayton, MichaelMunday, AnthonyHathaway, Richard","Munday, Anthony; Drayton, Michael; Wilson, Robert; Hathaway, Richard",history,Adult Professional;Professional,,,2 quartos,1600,1600,166a,,False
A11974,Single-Play Playbook,173,293.0,378,293,1.0,1,167,173,2 Henry the Fourth,"Shakespeare, William","Shakespeare, William",history,Adult Professional;Professional,,,"1 quarto, 2 folios in collection",1600,1600,167a(i),,False
A11991,Single-Play Playbook,174,295.0,381,2774,1.0,1,168,174,Much Ado About Nothing,"Shakespeare, William","Shakespeare, William",comedy,Adult Professional;Professional,,,"1 quarto, 2 folios in collection",1600,1600,168a,,False
A11989,Single-Play Playbook,176,297.0,385,2776,1.0,1,170,176,A Midsummer Night's Dream,"Shakespeare, William","Shakespeare, William",comedy,Adult Professional;Professional,,,"2 quartos, 2 folios in collection",1600,1600,170a,,False
A68727,Single-Play Playbook,178,301.0,391,2780,1.0,1,172,178,The Merchant of Venice (The Jew of Venice),"Shakespeare, William","Shakespeare, William",comedy,Adult Professional;Professional,,,"3 quartos, 2 folios in collection",1600,1600,172a,,False
A11981,Single-Play Playbook,178,302.0,392,2781,2.0,2,172,178,The Merchant of Venice (The Jew of Venice),"Shakespeare, William","Shakespeare, William",comedy,Adult Professional;Professional,,,"3 quartos, 2 folios in collection",1619,1600,172b,,False
A08009,Single-Play Playbook,179,305.0,396,2782,1.0,1,173,179,Summer's Last Will and Testament,"Nashe, Thomas","Nashe, Thomas",comedy,Boys Professional;Professional;Adult Professional,,,1 quarto,1600,1600,173a,,False
A06333,Single-Play Playbook,180,306.0,397,2783,1.0,1,174,180,Look About You,Anonymous,Anonymous,comedy,Adult Professional;Professional,,,1 quarto,1600,1600,174a,,False
A20083,Single-Play Playbook,181,307.0,398,2784,1.0,1,175,181,"The Shoemaker's Holiday, or The Gentle Craft","Dekker, Thomas","Dekker, Thomas",comedy,Adult Professional;Professional,,,6 quartos,1600,1600,175a,,False
A04647,Single-Play Playbook,182,313.0,404,2790,1.0,1,176,182,Every Man in His Humor,"Jonson, Ben","Jonson, Ben",comedy,Adult Professional;Professional,,,"1 quarto, 2 folios in collection",1601,1601,176a,,False
A20867,Single-Play Playbook,183,314.0,407,2793,1.0,1,177,183,Jack Drum's Entertainment (Katherine and Pasquil),"Marston, John","Marston, John",comedy,Boys Professional;Professional,,,2 quartos,1601,1601,177a,,False
A06620,Single-Play Playbook,184,317.0,409,2794,1.0,1,178,184,Love's Metamorphosis,"Lyly, John","Lyly, John",pastoral; comedy,Boys Professional;Professional,,,1 quarto,1601,1601,178a,,False
A07897,Single-Play Playbook,186,319.0,411,2796,1.0,1,180,186,"The Death of Robert, Earl of Huntingdon (2 Robin Hood)","Munday, AnthonyChettle, Henry","Munday, Anthony; Chettle, Henry",tragedy,Adult Professional;Professional,,,1 quarto,1601,1601,180a,,False
A15814,Single-Play Playbook,188,322.0,415,3214,1.0,1,182,188,Two Lamentable Tragedies,"Yarington, Robert","Yarington, Robert",tragedy,Adult Professional;Professional,,,1 quarto,1601,1601,182a,,False
A02284,Single-Play Playbook,189,323.0,416,2820,1.0,1,183,189,"Il Pastor Fido, or The Faithful Shepherd","Dymoke, TailboysGuarini, Giovanni Battista","Dymoke, Tailboys, trans.; Guarini, Giovanni Battista",pastoral,Translation;Nonprofessional;Closet/Unacted,,,"1 quarto, 1 duodecimo",1602,1602,183a,,False
A07063,Single-Play Playbook,190,325.0,418,1969,1.0,1.0,184,190,Antonio and Mellida,"Marston, John","Marston, John",comedy,Boys Professional;Professional,,,"1 quarto (bibliographically independent and in collection), 1 octavo in collection",1602,1602,184a,,True
A07064,Single-Play Playbook,191,326.0,420,1970,1.0,1.0,185,191,Antonio's Revenge (2 Antonio and Mellida),"Marston, John","Marston, John",tragedy,Boys Professional;Professional,,,"1 quarto (bibliographically independent and in collection), 1 octavo in collection",1602,1602,185a,,True
B14290,Single-Play Playbook,192,327.0,422,2823,1.0,1,186,192,"Poetaster, or The Arraignment","Jonson, Ben","Jonson, Ben",comedy,Boys Professional;Professional,,,"1 quarto, 2 folios in collection",1602,1602,186a,,False
A11983,Single-Play Playbook,193,328.0,425,3204,1.0,1,187,193,The Merry Wives of Windsor,"Shakespeare, William","Shakespeare, William",comedy,Adult Professional;Professional,,,"3 quartos, 2 folios in collection",1602,1602,187a,,False
A11988,Single-Play Playbook,193,330.0,428,3205,4.0,3,187,193,The Merry Wives of Windsor,"Shakespeare, William","Shakespeare, William",comedy,Adult Professional;Professional,,,"3 quartos, 2 folios in collection",1630,1602,187d,,False
A07492,Single-Play Playbook,194,331.0,430,2827,1.0,1,188,194,"Blurt, Master Constable, or The Spaniard's Night Walk",Anonymous,Anonymous,romance,Boys Professional;Professional,,,1 quarto,1602,1602,188a,,False
A11265,Single-Play Playbook,195,332.0,431,2831,1.0,1,189,195,Thomas Lord Cromwell,"S., W.","S., W.",history,Adult Professional;Professional,,,2 quartos,1602,1602,189a,,False
A11267,Single-Play Playbook,195,333.0,432,2832,2.0,2,189,195,Thomas Lord Cromwell,"S., W.","S., W.",history,Adult Professional;Professional,,,2 quartos,1613,1602,189b,,False
A19182,Single-Play Playbook,196,334.0,433,2863,1.0,1,190,196,The Contention between Liberality and Prodigality,Anonymous,Anonymous,moral,Boys Professional;Professional,,,1 quarto,1602,1602,190a,,False
A19183,Single-Play Playbook,197,335.0,434,2754,1.0,1,191,197,How a Man May Choose a Good Wife from a Bad,Anonymous,Anonymous (?),comedy,Adult Professional;Professional,,,7 quartos,1602,1602,191a,,False
A06270,Single-Play Playbook,198,342.0,441,2864,1.0,1,192,198,"A Larum for London, or The Siege of Antwerp",Anonymous,Anonymous,history,Adult Professional;Professional,,,1 quarto,1602,1602,192a,,False
A20081,Single-Play Playbook,201,344.0,444,343,1.0,1,195,201,"Satiromastix, or The Untrussing of the Humorous Poet","Dekker, Thomas","Dekker, Thomas",comedy,Boys Professional;Adult Professional;Professional,,,1 quarto,1602,1602,195a(‚Ä†),,False
A11959,Single-Play Playbook,203,347.0,449,2874,1.0,1,197,203,"Hamlet, Prince of Denmark","Shakespeare, William","Shakespeare, William",tragedy,Adult Professional;Professional,,,"5 quartos, 2 folios in collection",1603,1603,197a,,False
A20077,Single-Play Playbook,204,353.0,456,2878,1.0,1,198,204,Patient Grissel,"Dekker, ThomasChettle, HenryHaughton, William","Dekker, Thomas; Chettle, Henry; Haughton, William",comedy,Adult Professional;Professional,,,1 quarto,1603,1603,198a,,False
A09613,Single-Play Playbook,205,354.0,457,2879,1.0,1,199,205,Philotus,Anonymous,Anonymous (?),comedy,Closet/Unacted;Nonprofessional,,,2 quartos,1603,1603,199a,,False
A20069,Single-Play Playbook,208,356.0,465,2881,1.0,1,202,208,The Magnificent Entertainment Given to King James (The Royal Entry of King James I into London),"Dekker, ThomasJonson, BenMiddleton, ThomasRuytinck, SimonCool, JacobThorius, Raphael","Dekker, Thomas; Middleton, Thomas; Jonson, Ben; Ruytinck, Simon; Cool, Jacob; Thorius, Raphael",pageant; civic play; entertainment; royal entertainment or entry,Occasional;Nonprofessional,,,3 quartos,1604,1604,202a,,False
A07071,Single-Play Playbook,209,359.0,468,1971,1.0,1.0,203,209,The Malcontent,"Marston, John","Marston, John",tragicomedy,Adult Professional;Professional;Boys Professional,,,"1 quarto (bibliographically independent and in collection), 2 quartos",1604,1604,203a,,True
A07074,Single-Play Playbook,209,361.0,470,2889,3.0,3,203,209,The Malcontent,"Marston, JohnWebster, John","Marston, John; Webster, John",tragicomedy,Adult Professional;Professional;Boys Professional,,,"1 quarto (bibliographically independent and in collection), 2 quartos",1604,1604,203c,,False
A20062,Single-Play Playbook,210,362.0,471,2891,1.0,1,204,210,1 The Honest Whore (1 The Converted Courtesan) (The Patient Man and the Honest Whore),"Dekker, ThomasMiddleton, Thomas","Dekker, Thomas; Middleton, Thomas",comedy,Adult Professional;Professional,,,4 quartos,1604,1604,204a,,False
A07009,Single-Play Playbook,211,369.0,476,2865,1.0,1,205,211,Doctor Faustus,"AnonymousMarlowe, Christopher","Marlowe, Christopher; Anonymous (?)",tragedy,Adult Professional;Professional,,,9 quartos,1604,1604,205a,,False
A19837,Single-Play Playbook,213,379.0,486,2239,1.0,1,207,213,The Vision of the Twelve Goddesses (The Masque at Hampton Court),"Daniel, Samuel","Daniel, Samuel",masque,Occasional;Nonprofessional,,,"1 quarto, 1 octavo, 1 quarto in collection",1604,1604,207a,,False
A19838,Single-Play Playbook,213,380.0,487,2240,2.0,2,207,213,The Vision of the Twelve Goddesses (The Masque at Hampton Court),"Daniel, Samuel","Daniel, Samuel",masque,Occasional;Nonprofessional,,,"1 quarto, 1 octavo, 1 quarto in collection",1604,1604,207b,,False
A02732,Single-Play Playbook,214,381.0,489,2884,1.0,1,208,214,Arches of Triumph (The Royal Entry of King James I into London),"Dekker, ThomasJonson, BenMiddleton, ThomasHarrison, StephenRuytinck, SimonCool, JacobThorius, Raphael","Harrison, Stephen; Dekker, Thomas; Middleton, Thomas; Jonson, Ben; Ruytinck, Simon; Cool, Jacob; Thorius, Raphael",entertainment; royal entertainment or entry,Occasional;Nonprofessional,,,2 broadsheet editions,1604,1604,208a,,False
A68191,Single-Play Playbook,216,383.0,494,383,1.0,1,210,216,The Trial of Chivalry (This Gallant Cavaliero Dick Bowyer),Anonymous,Anonymous,romance,Adult Professional;Professional,,,1 quarto,1605,1605,210a(i),,False
A03404,Single-Play Playbook,216,384.0,494,383,1.0,1,210,216,The Trial of Chivalry (This Gallant Cavaliero Dick Bowyer),Anonymous,Anonymous,romance,Adult Professional;Professional,,,1 quarto,1605,1605,210a(ii),,False
A16900,Single-Play Playbook,217,385.0,495,2898,1.0,1,211,217,The Fair Maid of Bristol,Anonymous,Anonymous,tragicomedy,Adult Professional;Professional,,,1 quarto,1605,1605,211a,,False
A11146,Single-Play Playbook,218,386.0,496,2899,1.0,1,212,218,When You See Me You Know Me (Henry the Eighth),"Rowley, Samuel","Rowley, Samuel",history,Adult Professional;Professional,,,4 quartos,1605,1605,212a,,False
A05206,Single-Play Playbook,219,390.0,500,2908,1.0,1,213,219,The True Chronicle of King Leir (King Lear and his Three Daughters),Anonymous,Anonymous,history,Adult Professional;Professional,,,1 quarto,1605,1605,213a,,False
A07065,Single-Play Playbook,220,391.0,501,1972,1.0,1.0,214,220,The Dutch Courtesan (Cockle de Moye),"Marston, John","Marston, John",comedy,Boys Professional;Professional,,,"1 quarto (bibliographically independent and in collection), 1 octavo in collection",1605,1605,214a,,True
A03208,Single-Play Playbook,221,392.0,503,2910,1.0,1,215,221,"1 If You Know Not Me You Know Nobody, or The Troubles of Queen Elizabeth","Heywood, Thomas","Heywood, Thomas",history,Adult Professional;Professional,,,8 quartos,1605,1605,215a,,False
A18407,Single-Play Playbook,223,403.0,514,402,1.0,1,217,223,Eastward Ho,"Chapman, GeorgeJonson, BenMarston, John","Chapman, George; Jonson, Ben; Marston, John",comedy,Boys Professional;Professional,,,3 quartos,1605,1605,217a(ii),,False
A07907,Single-Play Playbook,224,406.0,517,2921,1.0,1,218,224,The Triumphs of Reunited Britannia,"Munday, Anthony","Munday, Anthony",civic play; pageant,Occasional;Nonprofessional,,,1 quarto,1605,1605,218a,,False
A18400,Single-Play Playbook,225,407.0,518,1833,1.0,1.0,219,225,All Fools,"Chapman, George","Chapman, George",comedy,Boys Professional;Professional,,,1 quarto (bibliographically independent and in collection),1605,1605,219a,,True
A04941,Single-Play Playbook,227,409.0,520,2923,1.0,1,221,227,"1 Jeronimo, with the Wars of Portugal",Anonymous,Anonymous,tragedy,Adult Professional;Professional,,,1 quarto,1605,1605,221a,,False
A12023,Single-Play Playbook,228,410.0,521,2924,1.0,1,222,228,The London Prodigal,Anonymous,Anonymous,comedy,Adult Professional;Professional,,,1 quarto,1605,1605,222a,,False
A03217,Single-Play Playbook,230,412.0,527,412,1.0,1,224,230,2 If You Know Not Me You Know Nobody (The Second Part of Queen Elizabeth's Troubles),"Heywood, Thomas","Heywood, Thomas",history,Adult Professional;Professional,,,4 quartos,1606,1606,224a(i),,False
A18413,Single-Play Playbook,232,419.0,533,1834,1.0,1.0,226,232,The Gentleman Usher (Vincentio and Margaret),"Chapman, George","Chapman, George",comedy,Boys Professional;Professional,,,1 quarto (bibliographically independent and in collection),1606,1606,226a,,True
A19835,Single-Play Playbook,233,420.0,534,2244,1.0,1,227,233,The Queen's Arcadia (Arcadia Reformed),"Daniel, Samuel","Daniel, Samuel",pastoral,University/Inns of Court;Nonprofessional,,,"1 quarto, 1 octavo in collection, 1 duodecimo in collection, 1 quarto in collection",1606,1606,227a,,False
A01911,Single-Play Playbook,234,421.0,538,2930,1.0,1,228,234,Sir Giles Goosecap,"Chapman, George","Chapman, George",comedy,Boys Professional;Professional,,,2 quartos,1606,1606,228a,,False
A08262,Single-Play Playbook,235,425.0,540,2931,1.0,1,229,235,Nobody and Somebody,Anonymous,Anonymous,history; satire,Adult Professional;Professional,,,1 quarto,1606,1606,229a,,False
A07077,Single-Play Playbook,236,427.0,542,2932,2.0,2,230,236,"Parasitaster, or The Fawn","Marston, John","Marston, John",comedy,Boys Professional;Professional,,,"1 quarto (bibliographically independent and in collection), 1 quarto, 1 octavo in collection",1606,1606,230b,,False
A07083,Single-Play Playbook,237,428.0,544,428,1.0,1,231,237,"The Wonder of Women, or Sophonisba","Marston, John","Marston, John",tragedy,Boys Professional;Professional,1270.0,,"1 quarto (bibliographically independent and in collection), 1 octavo in collection",1606,1606,231a(i),"Comedies, Tragicomedies, and Tragedies (1652)",False
A15549,Single-Play Playbook,240,434.0,548,2059,1.0,1,234,240,Wily Beguiled,Anonymous,Anonymous (?),comedy,Boys Professional;Professional,,,7 quartos,1606,1606,234a,,False
A19976,Single-Play Playbook,241,443.0,555,441,1.0,1,235,241,The Isle of Gulls,"Day, John","Day, John",comedy,Boys Professional;Professional,,,2 quartos,1606,1606,235a(‚Ä†),,False
A69188,Single-Play Playbook,241,444.0,556,2940,2.0,2,235,241,The Isle of Gulls,"Day, John","Day, John",comedy,Boys Professional;Professional,,,2 quartos,1633,1606,235b,,False
A04654,Single-Play Playbook,243,449.0,558,2941,1.0,1,237,243,"Hymenaei, or the Solemnities of Masque and Barriers at a Marriage (Truth versus Opinion)","Jonson, Ben","Jonson, Ben",masque,Occasional;Nonprofessional,,,"1 quarto, 2 folios in collection",1606,1606,237a,,False
A17871,Single-Play Playbook,244,450.0,561,2942,1.0,1,238,244,The Masque at Lord Hay's Marriage (Apollo's Knights),"Campion, Thomas","Campion, Thomas",masque,Occasional;Nonprofessional,,,1 quarto,1607,1607,238a,,False
A13804,Single-Play Playbook,245,451.0,562,2943,1.0,1,239,245,"Lingua, or The Combat of the Tongue and the Five Senses for Superiority","Tomkis, Thomas","Tomkis, Thomas",comedy; allegory,University/Inns of Court;Nonprofessional,,,"5 quartos, 1 octavo",1607,1607,239a,,False
A20092,Single-Play Playbook,247,460.0,569,2948,1.0,1,241,247,The Whore of Babylon,"Dekker, Thomas","Dekker, Thomas",history; allegory,Adult Professional;Professional,,,1 quarto,1607,1607,241a,,False
A03197,Single-Play Playbook,248,461.0,570,2949,1.0,1,242,248,The Fair Maid of the Exchange,Anonymous,Anonymous (?),comedy,Adult Professional;Professional,,,3 quartos,1607,1607,242a,,False
A07507,Single-Play Playbook,249,464.0,573,2952,1.0,1,243,249,The Phoenix,"Middleton, Thomas","Middleton, Thomas",comedy,Boys Professional;Professional,,,2 quartos,1607,1607,243a,,False
A07505,Single-Play Playbook,250,466.0,575,2954,1.0,1,244,250,Michaelmas Term,"Middleton, Thomas","Middleton, Thomas",comedy,Boys Professional;Professional,,,2 quartos,1607,1607,244a,,False
A06458,Single-Play Playbook,251,469.0,577,467,1.0,1,245,251,The Woman Hater (The Hungry Courtier),"Beaumont, FrancisFletcher, John","Beaumont, Francis; Fletcher, John",comedy,Boys Professional;Professional;Adult Professional,,,2 quartos,1607,1607,245a(‚Ä†),,False
A18403,Single-Play Playbook,252,472.0,579,471,1.0,1.0,246,252,Bussy D'Ambois,"Chapman, George","Chapman, George",tragedy,Boys Professional;Professional,,,"1 quarto (bibliographically independent and in collection), 1 quarto",1607,1607,246a(*),,True
A12074,Single-Play Playbook,253,478.0,581,2956,1.0,1,247,253,Cupid's Whirligig,"Sharpham, Edward","Sharpham, Edward",comedy,Boys Professional;Professional,,,4 quartos,1607,1607,247a,,False
A15352,Single-Play Playbook,255,484.0,586,2960,1.0,1,249,255,The Miseries of Enforced Marriage,"Wilkins, George","Wilkins, George",tragedy,Adult Professional;Professional,,,4 quartos,1607,1607,249a,,False
A20098,Single-Play Playbook,256,488.0,590,2964,1.0,1,250,256,Northward Ho,"Dekker, ThomasWebster, John","Dekker, Thomas; Webster, John",comedy,Boys Professional;Professional,,,1 quarto,1607,1607,250a,,False
A11264,Single-Play Playbook,257,489.0,591,2965,1.0,1,251,257,"The Puritan, or The Widow of Watling Street (The Puritan Widow)","Middleton, Thomas","Middleton, Thomas",comedy,Boys Professional;Professional,,,1 quarto,1607,1607,251a,,False
A07081,Single-Play Playbook,258,490.0,592,1974,1.0,1.0,252,258,What You Will,"Marston, John","Marston, John",comedy,Professional;Boys Professional,,,"1 quarto (bibliographically independent and in collection), 1 octavo in collection",1607,1607,252a,,True
A13843,Single-Play Playbook,259,491.0,594,490,1.0,1,253,259,The Revenger's Tragedy,"Middleton, Thomas","Middleton, Thomas",tragedy,Adult Professional;Professional,,,1 quarto,1607,1607,253a(*),,False
A04539,Single-Play Playbook,260,493.0,595,492,1.0,1,254,260,"The Devil's Charter, or Pope Alexander the Sixth","Barnes, Barnabe","Barnes, Barnabe",tragedy,Adult Professional;Professional,,,1 quarto,1607,1607,254a(i),,False
A12078,Single-Play Playbook,261,495.0,596,2966,1.0,1,255,261,The Fleer,"Sharpham, Edward","Sharpham, Edward",comedy,Boys Professional;Professional,,,4 quartos,1607,1607,255a,,False
A20096,Single-Play Playbook,262,499.0,600,2970,1.0,1,256,262,The Famous History of Sir Thomas Wyatt,"Heywood, ThomasDekker, ThomasChettle, HenryWebster, John","Dekker, Thomas; Webster, John; Heywood, Thomas (?); Chettle, Henry (?)",history,Adult Professional;Professional,,,2 quartos,1607,1607,256a,,False
A20100,Single-Play Playbook,263,501.0,602,2972,1.0,1,257,263,Westward Ho,"Dekker, ThomasWebster, John","Dekker, Thomas; Webster, John",comedy,Boys Professional;Professional,,,1 quarto,1607,1607,257a,,False
A03256,Single-Play Playbook,264,502.0,603,2973,1.0,1,258,264,A Woman Killed with Kindness,"Heywood, Thomas","Heywood, Thomas",tragedy,Adult Professional;Professional,,,2 quartos,1607,1607,258a,,False
A07511,Single-Play Playbook,268,506.0,614,507,1.0,1,262,268,A Trick to Catch the Old One,"Middleton, Thomas","Middleton, Thomas",comedy,Boys Professional;Professional,,,2 quartos,1608,1608,262a(i),,False
A07495,Single-Play Playbook,269,509.0,616,2978,1.0,1,263,269,The Family of Love,"Barry, Lording","Barry, Lording",comedy,Boys Professional;Professional,,,1 quarto,1608,1608,263a,,False
A21136,Single-Play Playbook,270,511.0,617,2979,1.0,1,264,270,The Merry Devil of Edmonton,Anonymous,Anonymous (?),comedy,Adult Professional;Professional,,,6 quartos,1608,1608,264a,,False
A11978,Single-Play Playbook,271,517.0,623,2985,1.0,1,265,271,King Lear,"Shakespeare, William","Shakespeare, William",tragedy,Adult Professional;Professional,,,"3 quartos, 2 folios in collection",1608,1608,265a,,False
A68468,Single-Play Playbook,272,520.0,628,2988,1.0,1,266,272,Your Five Gallants (The Five Witty Gallants),"Middleton, Thomas","Middleton, Thomas",comedy,Boys Professional;Professional,,,1 quarto,1608,1608,266a,,False
A19977,Single-Play Playbook,273,521.0,629,2989,1.0,1,267,273,Law Tricks,"Day, John","Day, John",comedy,Boys Professional;Professional,,,1 quarto,1608,1608,267a,,False
A19975,Single-Play Playbook,274,522.0,630,1824,1.0,1,268,274,Humor Out of Breath,"Day, John","Day, John",comedy,Boys Professional;Professional,,,1 quarto,1608,1608,268a,,False
A12030,Single-Play Playbook,278,523.0,640,2990,1.0,1,272,278,A Yorkshire Tragedy,"Middleton, Thomas","Middleton, Thomas",tragedy,Professional;Adult Professional,,,2 quartos,1608,1608,272a,,False
A03244,Single-Play Playbook,279,525.0,642,1826,1.0,1,273,279,The Rape of Lucrece,"Heywood, Thomas","Heywood, Thomas",tragedy,Adult Professional;Professional,,,5 quartos,1608,1608,273a,,False
A07504,Single-Play Playbook,282,530.0,651,1829,1.0,1,276,282,"A Mad World, My Masters","Middleton, Thomas","Middleton, Thomas",comedy,Boys Professional;Professional;Adult Professional,,,2 quartos,1608,1608,276a,,False
A06975,Single-Play Playbook,283,532.0,653,530,1.0,1,277,283,The Dumb Knight,"Markham, GervaseMachin, Lewis","Markham, Gervase; Machin, Lewis",tragicomedy,Boys Professional;Professional,,,2 quartos,1608,1608,277a(*),,False
A12021,Single-Play Playbook,285,538.0,657,536,1.0,1,279,285,Troilus and Cressida,"Shakespeare, William","Shakespeare, William",tragedy,Adult Professional;Professional,,,"1 quarto, 2 folios in collection",1609,1609,279a(i),,False
A04638,Single-Play Playbook,287,541.0,663,539,1.0,1,281,287,The Case Is Altered,"Jonson, Ben","Jonson, Ben",comedy,Boys Professional;Professional,,,1 quarto,1609,1609,281a(i),,False
A15676,Single-Play Playbook,289,545.0,665,1837,1.0,1,283,289,Every Woman in Her Humor,Anonymous,Anonymous,comedy,Boys Professional;Professional,,,1 quarto,1609,1609,283a,,False
A12024,Single-Play Playbook,290,546.0,666,1838,1.0,1,284,290,"Pericles, Prince of Tyre","Shakespeare, WilliamWilkins, George","Shakespeare, William; Wilkins, George",romance,Adult Professional;Professional,,,"5 quartos, 1 quarto in collection",1609,1609,284a,,False
A21411,Single-Play Playbook,291,552.0,672,1842,1.0,1,285,291,The Two Maids of More-Clacke,"Armin, Robert","Armin, Robert",comedy,Boys Professional;Professional,,,1 quarto,1609,1609,285a,,False
A07217,Single-Play Playbook,292,553.0,673,1843,1.0,1,286,292,The Turk (Muleasses the Turk),"Mason, John","Mason, John",tragedy,Boys Professional;Professional,,,2 quartos,1610,1610,286a,,False
A00962,Single-Play Playbook,293,555.0,675,1845,1.0,1,287,293,The Faithful Shepherdess,"Fletcher, John","Fletcher, John",pastoral; tragicomedy,Boys Professional;Professional;Adult Professional,,,4 quartos,1610,1610,287a,,False
A18589,Single-Play Playbook,294,559.0,679,1849,1.0,1,288,294,Chester's Triumph (St George's Day Entertainment),"Amory, RobertDavies, Richard","Amory, Robert; Davies, Richard",civic play; pageant,Occasional;Nonprofessional,,,1 quarto,1610,1610,288a,,False
A03019,Single-Play Playbook,295,560.0,680,1850,1.0,1,289,295,London's Love to Prince Henry (Water Pageant of Corinea and Amphion),"Munday, Anthony","Munday, Anthony",entertainment; royal entertainment or entry,Occasional;Nonprofessional,,,1 quarto,1610,1610,289a,,False
A03405,Single-Play Playbook,296,561.0,681,1851,1.0,1,290,296,"Histriomastix, or The Player Whipped","Marston, John","Marston, John",moral,Boys Professional;Professional,,,1 quarto,1610,1610,290a,,False
A04881,Single-Play Playbook,298,562.0,683,1853,1.0,1,292,298,"Ram Alley, or Merry Tricks","Barry, Lording","Barry, Lording",comedy,Boys Professional;Professional,,,3 quartos,1611,1611,292a,,False
A13840,Single-Play Playbook,299,565.0,686,564,1.0,1,293,299,"The Atheist's Tragedy, or The Honest Man's Revenge","Tourneur, Cyril","Tourneur, Cyril",tragedy,Adult Professional;Professional,,,1 quarto,1611,1611,293a(*),,False
A03205,Single-Play Playbook,300,567.0,687,1856,1.0,1,294,300,"The Golden Age, or The Lives of Jupiter and Saturn","Heywood, Thomas","Heywood, Thomas",classical legend or myth,Adult Professional;Professional,,,1 quarto,1611,1611,294a,,False
A07895,Single-Play Playbook,301,568.0,688,1857,1.0,1,295,301,Chruso-Thriambos: The Triumphs of Gold,"Munday, Anthony","Munday, Anthony",civic play; pageant,Occasional;Nonprofessional,,,2 quartos,1611,1611,295a,,False
A04640,Single-Play Playbook,302,570.0,690,1859,1.0,1,296,302,Catiline His Conspiracy,"Jonson, Ben","Jonson, Ben",tragedy,Adult Professional;Professional,,,"3 quartos, 2 folios in collection",1611,1611,296a,,False
A18415,Single-Play Playbook,303,573.0,695,1861,1.0,1,297,303,May Day,"Chapman, George","Chapman, George",comedy,Boys Professional;Professional,,,1 quarto,1611,1611,297a,,False
A07524,Single-Play Playbook,304,574.0,696,1863,1.0,1,298,304,"The Roaring Girl, or Moll Cutpurse","Dekker, ThomasMiddleton, Thomas","Dekker, Thomas; Middleton, Thomas",comedy,Adult Professional;Professional,,,1 quarto,1611,1611,298a,,False
A00725,Single-Play Playbook,305,575.0,697,1864,1.0,1,299,305,A Woman Is a Weathercock,"Field, Nathan","Field, Nathan",comedy,Boys Professional;Professional,,,1 quarto,1612,1612,299a,,False
A19757,Single-Play Playbook,306,576.0,698,1865,1.0,1,300,306,A Christian Turned Turk (The Two Famous Pirates),"Daborne, Robert","Daborne, Robert",tragedy,Boys Professional;Professional,,,1 quarto,1612,1612,300a,,False
A18426,Single-Play Playbook,307,577.0,699,1866,1.0,1,301,307,The Widow's Tears,"Chapman, George","Chapman, George",comedy,Boys Professional;Professional,,,1 quarto,1612,1612,301a,,False
A20090,Single-Play Playbook,308,578.0,700,1867,1.0,1,302,308,Troia Nova Triumphans (London Triumphing),"Dekker, Thomas","Dekker, Thomas",civic play; pageant,Occasional;Nonprofessional,,,1 quarto,1612,1612,302a,,False
A04636,Single-Play Playbook,309,579.0,701,1868,1.0,1,303,309,The Alchemist,"Jonson, Ben","Jonson, Ben",comedy,Adult Professional;Professional,,,"1 quarto, 2 folios in collection",1612,1612,303a,,False
A04645,Single-Play Playbook,310,580.0,705,579,2.0,1,304,310,"Epicene, or The Silent Woman","Jonson, Ben","Jonson, Ben",comedy,Boys Professional;Professional,,,"1 quarto, 2 folios in collection",1620,1616,304c(i),,False
A20066,Single-Play Playbook,311,582.0,707,1869,1.0,1,305,311,"If It Be Not Good, the Devil Is in It (If This Be Not a Good Play, the Devil Is in It)","Dekker, Thomas","Dekker, Thomas",comedy,Adult Professional;Professional,,,1 quarto,1612,1612,305a,,False
A14875,Single-Play Playbook,312,583.0,708,1870,1.0,1,306,312,The White Devil (Vittoria Corombona),"Webster, John","Webster, John",tragedy,Adult Professional;Professional,,,2 quartos,1612,1612,306a,,False
A18421,Single-Play Playbook,313,585.0,710,1872,1.0,1,307,313,The Revenge of Bussy D'Ambois,"Chapman, George","Chapman, George",tragedy,Boys Professional;Professional,,,1 quarto,1613,1613,307a,,False
A06150,Single-Play Playbook,315,589.0,712,592,1.0,1,309,315,The Masque of the Inner Temple and Gray's Inn (Wedding Masque of Olympian Knights),"Beaumont, Francis","Beaumont, Francis",masque,Occasional;Nonprofessional;University/Inns of Court,,,"1 quarto, 1 folio in collection, 1 octavo in collection",1613,1613,309a(cancel),,False
A07518,Single-Play Playbook,317,593.0,717,3201,1.0,1.0,311,317,The Triumphs of Truth,"Munday, AnthonyMiddleton, Thomas","Middleton, Thomas; Munday, Anthony (?)",civic play; pageant,Occasional;Nonprofessional,,,1 quarto (bibliographically independent and in collection),1613,1613,311a(*),,True
A03189,Single-Play Playbook,319,595.0,719,1879,1.0,1,313,319,The Brazen Age (The Age of Brass),"Heywood, Thomas","Heywood, Thomas",classical legend or myth,Adult Professional;Professional,,,1 quarto,1613,1613,313a,,False
A12954,Single-Play Playbook,320,598.0,720,600,1.0,1,314,320,"Cynthia's Revenge, or Maenander's Ecstasy","Stephens, John","Stephens, John",tragedy,Closet/Unacted;Nonprofessional,,,1 quarto,1613,1613,314a(‚Ä†),,False
A07067,Single-Play Playbook,321,599.0,721,602,1.0,1,315,321,The Insatiate Countess,"Marston, JohnMachin, LewisBarkstead, William","Machin, Lewis; Barkstead, William; Marston, John",tragedy,Boys Professional;Professional,,,3 quartos,1613,1613,315a(i),,False
A06252,Single-Play Playbook,322,604.0,724,1883,1.0,1,316,322,The Knight of the Burning Pestle,"Beaumont, Francis","Beaumont, Francis",comedy,Boys Professional;Professional;Adult Professional,,,2 quartos,1613,1613,316a,,False
A13345,Single-Play Playbook,327,609.0,730,1873,1.0,1,321,327,The Hog Hath Lost His Pearl,"Tailor, Robert","Tailor, Robert",comedy,Nonprofessional;Private,,,1 quarto,1614,1614,321a,,False
A07903,Single-Play Playbook,328,610.0,731,1874,1.0,1,322,328,Himatia-Poleos: The Triumphs of Old Drapery,"Munday, Anthony","Munday, Anthony",civic play; pageant,Occasional;Nonprofessional,,,1 quarto,1614,1614,322a,,False
A19260,Single-Play Playbook,329,611.0,732,1875,1.0,1,323,329,"Greene's Tu Quoque, or The City Gallant","Cooke, John","Cooke, John",comedy,Adult Professional;Professional,,,3 quartos,1614,1614,323a,,False
A19829,Single-Play Playbook,331,616.0,736,1886,1.0,1,325,331,Hymen's Triumph,"Daniel, Samuel","Daniel, Samuel",pastoral; tragicomedy,Occasional;Nonprofessional,,,"1 octavo, 1 quarto in collection",1615,1615,325a,,False
A03424,Single-Play Playbook,332,617.0,738,1887,1.0,1,326,332,"A Merry Dialogue between Band, Cuff, and Ruff",Anonymous,Anonymous,entertainment; academic entertainment,University/Inns of Court;Nonprofessional,,,2 quartos,1615,1615,326a,,False
A03438,Single-Play Playbook,332,618.0,739,1888,2.0,2,326,332,"A Merry Dialogue between Band, Cuff, and Ruff",Anonymous,Anonymous,entertainment; academic entertainment,University/Inns of Court;Nonprofessional,,,2 quartos,1615,1615,326b,,False
A05801,Single-Play Playbook,333,619.0,740,1889,1.0,1,327,333,The Valiant Welshman (Caradoc the Great),"A., R.","A., R.",history,Adult Professional;Professional,,,1 quarto,1615,1615,327a,,False
A06177,Single-Play Playbook,334,620.0,741,1890,1.0,1,328,334,Cupid's Revenge,"Beaumont, FrancisFletcher, John","Beaumont, Francis; Fletcher, John",tragedy,Boys Professional;Professional,,,3 quartos,1615,1615,328a,,False
A12548,Single-Play Playbook,335,623.0,744,621,1.0,1,329,335,"The Hector of Germany, or The Palsgrave, Prime Elector","Smith, William","Smith, William (?)",history; pseudo-history,Nonprofessional;Private,,,1 quarto,1615,1615,329a,,False
A13802,Single-Play Playbook,336,625.0,745,1893,1.0,1,330,336,Albumazar,"Tomkis, Thomas","Tomkis, Thomas",comedy,University/Inns of Court;Nonprofessional,,,4 quartos,1615,1615,330a,,False
A15707,Single-Play Playbook,337,629.0,749,1897,1.0,1,331,337,"Work for Cutlers (Sword, Rapier, and Dagger)",Anonymous,Anonymous,entertainment; academic entertainment,University/Inns of Court;Nonprofessional,,,1 quarto,1615,1615,331a,,False
A07904,Single-Play Playbook,338,630.0,750,1898,1.0,1,332,338,Metropolis Coronata: The Triumphs of Ancient Drapery,"Munday, Anthony","Munday, Anthony",civic play; pageant,Occasional;Nonprofessional,,,1 quarto,1615,1615,332a,,False
A03202,Single-Play Playbook,339,631.0,751,1900,1.0,1,333,339,The Four Prentices of London,"Heywood, Thomas","Heywood, Thomas",romance,Adult Professional;Professional,,,2 quartos,1615,1615,333a,,False
A06389,Single-Play Playbook,340,633.0,753,1902,1.0,1,334,340,The Scornful Lady,"Beaumont, FrancisFletcher, John","Beaumont, Francis; Fletcher, John",comedy,Boys Professional;Professional;Adult Professional,,,8 quartos,1616,1616,334a,,False
A68488,Single-Play Playbook,341,641.0,761,1910,1.0,1,335,341,"Chrysanaleia: The Golden Fishing, or Honor of Fishmongers","Munday, Anthony","Munday, Anthony",civic play; pageant,Occasional;Nonprofessional,,,1 quarto,1616,1616,335a,,False
A02800,Single-Play Playbook,342,642.0,762,1911,1.0,1,336,342,"Englishmen for My Money, or A Woman Will Have Her Will","Haughton, William","Haughton, William",comedy,Adult Professional;Professional,,,3 quartos,1616,1616,336a,,False
A68683,Single-Play Playbook,343,645.0,765,646,1.0,1,337,343,The Honest Lawyer,"S., S.","S., S.",comedy,Adult Professional;Professional,,,1 quarto,1616,1616,337a(*),,False
A07494,Single-Play Playbook,344,647.0,766,1914,1.0,1,338,344,"Civitatis Amor (Water Pageant for Prince Charles: London and Neptune, Hope and Peace)","Middleton, Thomas","Middleton, Thomas",entertainment; royal entertainment or entry,Occasional;Nonprofessional,,,1 quarto,1616,1616,338a,,False
B14287,Single-Play Playbook,356,648.0,789,1915,1.0,1,350,356,Lovers Made Men (The Masque at Lord Hay's),"Jonson, Ben","Jonson, Ben",masque,Occasional;Nonprofessional,,,"1 quarto, 1 folio in collection",1617,1617,350a,,False
A07513,Single-Play Playbook,357,649.0,791,1916,1.0,1,351,357,The Triumphs of Honor and Industry,"Middleton, Thomas","Middleton, Thomas",civic play; pageant,Occasional;Nonprofessional,,,1 quarto,1617,1617,351a,,False
A03496,Single-Play Playbook,359,653.0,794,1917,1.0,1,353,359,"Technogamia, or The Marriages of the Arts","Holyday, Barten","Holyday, Barten",comedy,University/Inns of Court;Nonprofessional,,,2 quartos,1618,1618,353a,,False
A07637,Single-Play Playbook,360,655.0,796,1921,1.0,1,354,360,Hans Beer-Pot (See Me and See Me Not),"Belchier, Dabridgcourt","Belchier, Dabridgcourt",comedy,Closet/Unacted;Nonprofessional,,,1 quarto,1618,1618,354a,,False
A07906,Single-Play Playbook,361,656.0,797,1919,1.0,1,355,361,"Siderothriambos, or Steel and Iron Triumphing","Munday, Anthony","Munday, Anthony",civic play; pageant,Occasional;Nonprofessional,,,1 quarto,1618,1618,355a,,False
A00723,Single-Play Playbook,362,658.0,798,658,1.0,1,356,362,Amends for Ladies,"Field, Nathan","Field, Nathan",comedy,Adult Professional;Professional;Boys Professional,,,2 quartos,1618,1618,356a(ii),,False
A06289,Single-Play Playbook,363,660.0,800,661,1.0,1,357,363,The Maid's Tragedy,"Beaumont, FrancisFletcher, John","Beaumont, Francis; Fletcher, John",tragedy,Adult Professional;Professional,,,6 quartos,1619,1619,357a(*),,False
A07503,Single-Play Playbook,364,668.0,806,1927,1.0,1,358,364,"The Inner-Temple Masque, or The Masque of Heroes","Middleton, Thomas","Middleton, Thomas",masque,Occasional;Nonprofessional;University/Inns of Court,,,1 quarto,1619,1619,358a,,False
A07517,Single-Play Playbook,365,669.0,807,1931,1.0,1,359,365,The Triumphs of Love and Antiquity,"Middleton, Thomas","Middleton, Thomas",civic play; pageant,Occasional;Nonprofessional,,,1 quarto,1619,1619,359a,,False
A06207,Single-Play Playbook,366,670.0,808,1932,1.0,1,360,366,A King and No King,"Beaumont, FrancisFletcher, John","Beaumont, Francis; Fletcher, John",tragicomedy,Adult Professional;Professional,,,5 quartos,1619,1619,360a,,False
A18423,Single-Play Playbook,367,675.0,813,1937,1.0,1,361,367,Two Wise Men and All the Rest Fools,Anonymous,Anonymous,satire; dialogue,Nonprofessional;Private;University/Inns of Court,,,1 quarto,1619,1619,361a,,False
A06343,Single-Play Playbook,369,678.0,815,681,1.0,1,363,369,"Philaster, or Love Lies a-Bleeding","Beaumont, FrancisFletcher, John","Beaumont, Francis; Fletcher, John",tragicomedy,Adult Professional;Professional,,,7 quartos,1620,1620,363a(‚Ä†),,False
A17460,Single-Play Playbook,370,686.0,822,1944,1.0,1,364,370,"The Two Merry Milkmaids, or The Best Words Wear the Garland","Cumber, John","Cumber, John (?)",comedy,Adult Professional;Professional,,,1 quarto,1620,1620,364a,,False
A07525,Single-Play Playbook,371,687.0,823,694,1.0,1,365,371,The World Tossed at Tennis,"Middleton, ThomasRowley, William","Middleton, Thomas; Rowley, William",masque,Occasional;Adult Professional;Professional,,,1 quarto,1620,1620,365a(*),,False
A12813,Single-Play Playbook,372,689.0,824,1946,1.0,1,366,372,"Tes Irenes Trophaea, or The Triumphs of Peace","Squire, John","Squire, John",civic play; pageant,Occasional;Nonprofessional,,,1 quarto,1620,1620,366a,,False
A07510,Single-Play Playbook,373,690.0,825,1947,1.0,1,367,373,The Sun in Aries,"Middleton, Thomas","Middleton, Thomas",civic play; pageant,Occasional;Nonprofessional,,,1 quarto,1621,1621,367a,,False
A00968,Single-Play Playbook,374,691.0,826,1945,1.0,1,368,374,Thierry and Theodoret,"AnonymousFletcher, JohnMassinger, Philip","Fletcher, John; Massinger, Philip; Anonymous",tragedy,Adult Professional;Professional,,,2 quartos,1621,1621,368a,,False
A11992,Single-Play Playbook,385,694.0,838,1928,1.0,1,379,385,"Othello, the Moor of Venice","Shakespeare, William","Shakespeare, William",tragedy,Adult Professional;Professional,,,"3 quartos, 2 folios in collection",1622,1622,379a,,False
A07249,Single-Play Playbook,386,698.0,843,629,1.0,1,380,386,The Virgin Martyr,"Dekker, ThomasMassinger, Philip","Dekker, Thomas; Massinger, Philip",tragedy,Adult Professional;Professional,,,3 quartos,1622,1622,380a(‚Ä†),,False
A06982,Single-Play Playbook,388,703.0,848,701,1.0,1,382,388,Herod and Antipater,"Markham, GervaseSampson, William","Markham, Gervase; Sampson, William",tragedy,Adult Professional;Professional,,,1 quarto,1622,1622,382a(*),,False
A07515,Single-Play Playbook,389,705.0,849,1949,1.0,1,383,389,The Triumphs of Honor and Virtue,"Middleton, Thomas","Middleton, Thomas",civic play; pageant,Occasional;Nonprofessional,,,1 quarto,1622,1622,383a,,False
A07326,Single-Play Playbook,390,706.0,850,1950,1.0,1,384,390,The Heir,"May, Thomas","May, Thomas",comedy,Adult Professional;Professional,,,2 quartos,1622,1622,384a,,False
B00230,Single-Play Playbook,391,709.0,852,1952,1.0,1,385,391,Time Vindicated to Himself and to His Honors,"Jonson, Ben","Jonson, Ben",masque,Occasional;Nonprofessional,,,"1 quarto, 1 folio in collection",1623,1623,385a,,False
A07237,Single-Play Playbook,392,710.0,854,1953,1.0,1,386,392,The Duke of Milan,"Massinger, Philip","Massinger, Philip",tragedy,Adult Professional;Professional,,,2 quartos,1623,1623,386a,,False
A07516,Single-Play Playbook,393,712.0,856,1957,1.0,1,387,393,The Triumphs of Integrity,"Middleton, Thomas","Middleton, Thomas",civic play; pageant,Occasional;Nonprofessional,,,1 quarto,1623,1623,387a,,False
A14869,Single-Play Playbook,394,713.0,857,1958,1.0,1,388,394,The Devil's Law Case (When Women Go to Law the Devil Is Full of Business),"Webster, John","Webster, John",tragicomedy,Adult Professional;Professional,,,1 quarto,1623,1623,388a,,False
A14872,Single-Play Playbook,395,714.0,858,0,1.0,1,389,395,The Duchess of Malfi,"Webster, John","Webster, John",tragedy,Adult Professional;Professional,,,2 quartos,1623,1623,389a,,False
A04656,Single-Play Playbook,413,717.0,894,1959,1.0,1,407,413,Neptune's Triumph for the Return of Albion,"Jonson, Ben","Jonson, Ben",masque,Occasional;Nonprofessional,,,"1 quarto, 1 folio in collection",1624,1624,407a,,False
A07234,Single-Play Playbook,414,718.0,896,1960,1.0,1,408,414,The Bondman (The Noble Bondman),"Massinger, Philip","Massinger, Philip",tragicomedy,Adult Professional;Professional,,,2 quartos,1624,1624,408a,,False
A14871,Single-Play Playbook,415,721.0,898,1961,1.0,1,409,415,Monuments of Honor,"Webster, John","Webster, John",civic play; pageant,Occasional;Nonprofessional,,,1 quarto,1624,1624,409a,,False
A08065,Single-Play Playbook,416,722.0,899,1962,1.0,1,410,416,Nero (Piso's Conspiracy),Anonymous,Anonymous,tragedy,Unknown;Nonprofessional;Professional,,,2 quartos,1624,1624,410a,,False
A04652,Single-Play Playbook,417,724.0,901,1964,1.0,1,411,417,The Fortunate Isles and Their Union,"Jonson, Ben","Jonson, Ben",masque,Occasional;Nonprofessional,,,"1 quarto, 1 folio in collection",1625,1625,411a,,False
A07498,Single-Play Playbook,418,726.0,904,727,2.0,2,412,418,A Game at Chess,"Middleton, Thomas","Middleton, Thomas",comedy,Adult Professional;Professional,,,3 quartos,1625,1625,412b(i),,False
A07512,Single-Play Playbook,419,729.0,906,1977,1.0,1,413,419,The Triumphs of Health and Prosperity,"Middleton, Thomas","Middleton, Thomas",civic play; pageant,Occasional;Nonprofessional,,,1 quarto,1626,1626,413a,,False
A02827,Single-Play Playbook,420,730.0,907,1978,1.0,1,414,420,Apollo Shroving,"Hawkins, William","Hawkins, William",comedy,Boys Nonprofessional/School;Nonprofessional,,,1 octavo,1627,1627,414a,,False
A13384,Single-Play Playbook,423,731.0,910,1975,1.0,1,417,423,Aminta,"Tasso, TorquatoReynolds, Henry","Reynolds, Henry, trans.; Tasso, Torquato",pastoral,Translation;Nonprofessional;Closet/Unacted,,,1 quarto,1628,1628,417a,,False
A01853,Single-Play Playbook,424,732.0,911,2511,1.0,1,418,424,"Lodovic Sforza, Duke of Milan","Gomersall, Robert","Gomersall, Robert",tragedy,Closet/Unacted;Nonprofessional,,,"1 octavo, 1 octavo in collection",1628,1628,418a,,False
A20053,Single-Play Playbook,425,733.0,913,1980,1.0,1,419,425,Britannia's Honor,"Dekker, Thomas","Dekker, Thomas",civic play; pageant,Occasional;Nonprofessional,,,1 quarto,1628,1628,419a,,False
A01055,Single-Play Playbook,426,734.0,914,736,1.0,1.0,420,426,The Lover's Melancholy,"Ford, John","Ford, John",tragicomedy,Adult Professional;Professional,,,1 quarto (bibliographically independent and in collection),1629,1629,420a(*),,True
B01146,Single-Play Playbook,427,736.0,915,1976,1.0,1,421,427,"London's Tempe, or The Field of Happiness","Dekker, Thomas","Dekker, Thomas",civic play; pageant,Occasional;Nonprofessional,,,1 quarto,1629,1629,421a,,False
A19881,Single-Play Playbook,428,737.0,916,1981,1.0,1,422,428,"Albovine, King of the Lombards","Davenant, William","Davenant, William",tragedy,Closet/Unacted;Professional,,,1 quarto,1629,1629,422a,,False
A17968,Single-Play Playbook,429,738.0,917,1982,1.0,1,423,429,The Deserving Favorite,"Carlell, Lodowick","Carlell, Lodowick",tragicomedy,Adult Professional;Professional,,,"1 quarto, 1 octavo",1629,1629,423a,,False
A12155,Single-Play Playbook,431,742.0,920,1984,1.0,1,425,431,The Wedding,"Shirley, James","Shirley, James",comedy,Adult Professional;Professional,,,3 quartos,1629,1629,425a,,False
A01424,Single-Play Playbook,432,745.0,923,1988,1.0,1,426,432,"Wine, Beer, and Ale Together by the Ears (Wine, Beer, Ale, and Tobacco Contending for Superiority)",Anonymous,Anonymous,dialogue,University/Inns of Court;Nonprofessional,,,3 quartos,1629,1629,426a,,False
A01425,Single-Play Playbook,432,746.0,924,1989,2.0,2,426,432,"Wine, Beer, and Ale Together by the Ears (Wine, Beer, Ale, and Tobacco Contending for Superiority)",Anonymous,Anonymous,dialogue,University/Inns of Court;Nonprofessional,,,3 quartos,1630,1629,426b,,False
A19876,Single-Play Playbook,433,748.0,926,1991,1.0,1,427,433,The Cruel Brother,"Davenant, William","Davenant, William",tragedy,Adult Professional;Professional,,,1 quarto,1630,1630,427a,,False
A19877,Single-Play Playbook,434,749.0,927,1992,1.0,1,428,434,The Just Italian,"Davenant, William","Davenant, William",tragicomedy,Adult Professional;Professional,,,1 quarto,1630,1630,428a,,False
A12138,Single-Play Playbook,435,750.0,928,1993,1.0,1,429,435,The Grateful Servant (The Faithful Servant),"Shirley, James","Shirley, James",comedy,Adult Professional;Professional,,,2 quartos,1630,1630,429a,,False
A07246,Single-Play Playbook,436,752.0,930,1995,1.0,1,430,436,"The Renegado, or The Gentleman of Venice","Massinger, Philip","Massinger, Philip",tragicomedy,Adult Professional;Professional,,,1 quarto,1630,1630,430a,,False
A07493,Single-Play Playbook,439,753.0,945,1996,1.0,1,433,439,A Chaste Maid in Cheapside,"Middleton, Thomas","Middleton, Thomas",comedy,Adult Professional;Professional,,,1 quarto,1630,1630,433a,,False
A20065,Single-Play Playbook,441,755.0,947,1998,1.0,1,435,441,2 The Honest Whore (2 The Converted Courtesan),"Dekker, Thomas","Dekker, Thomas",comedy,Adult Professional;Professional,,,1 quarto,1630,1630,435a,,False
A04655,Single-Play Playbook,443,760.0,949,1999,1.0,1,437,443,Love's Triumph Through Callipolis,"Jonson, Ben","Jonson, Ben",masque,Occasional;Nonprofessional,,,"1 quarto, 1 folio in collection",1630,1630,437a,,False
A18596,Single-Play Playbook,444,761.0,951,2000,1.0,1,438,444,"Hoffman, or A Revenge for a Father","Chettle, Henry","Chettle, Henry",tragedy,Adult Professional;Professional,,,1 quarto,1631,1631,438a,,False
A18331,Single-Play Playbook,445,763.0,952,767,1.0,1,439,445,The Spanish Bawd (Calisto and Meliboea) (Celestina),"Mabbe, JamesRojas, Fernando de","Mabbe, James, trans.; Rojas, Fernando de",tragicomedy; literary play,Translation;Nonprofessional;Closet/Unacted,1080.0,,1 folio (bibliographically independent and in collection),1631,1631,439a(i‚Ä†),The Rogue (1634),False
A20088,Single-Play Playbook,446,764.0,953,2003,1.0,1,440,446,Match Me in London,"Dekker, Thomas","Dekker, Thomas",tragicomedy,Adult Professional;Professional,,,1 quarto,1631,1631,440a,,False
A12152,Single-Play Playbook,447,765.0,954,2004,1.0,1,441,447,The School of Compliment (Love Tricks),"Shirley, James","Shirley, James",comedy,Adult Professional;Professional,,,2 quartos,1631,1631,441a,,False
A04658,Single-Play Playbook,448,767.0,956,2001,1.0,1,442,448,"The New Inn, or The Light Heart","Jonson, Ben","Jonson, Ben",comedy,Adult Professional;Professional,,,1 octavo,1631,1631,442a,,False
A00979,Single-Play Playbook,449,768.0,957,2002,1.0,1,443,449,Sicelides (The Sicilians),"Fletcher, Phineas","Fletcher, Phineas",pastoral,University/Inns of Court;Nonprofessional,,,1 quarto,1631,1631,443a,,False
A18425,Single-Play Playbook,450,769.0,958,766,1.0,1,444,450,Caesar and Pompey (The Wars of Caesar and Pompey),"Chapman, George","Chapman, George",tragedy,Adult Professional;Professional;Closet/Unacted,,,1 quarto,1631,1631,444a(i*),,False
A18424,Single-Play Playbook,450,770.0,958,766,1.0,1,444,450,Caesar and Pompey (The Wars of Caesar and Pompey),"Chapman, George","Chapman, George",tragedy,Adult Professional;Professional;Closet/Unacted,,,1 quarto,1631,1631,444a(i‚Ä†),,False
A01839,Single-Play Playbook,453,775.0,961,3199,1.0,1,447,453,"The Raging Turk, or Bajazet the Second","Goffe, Thomas","Goffe, Thomas",tragedy,University/Inns of Court;Nonprofessional,,,"1 quarto, 1 octavo in collection",1631,1631,447a,,False
A03234,Single-Play Playbook,454,777.0,963,2008,1.0,1,448,454,London's Ius Honorarium (London's Law of Honor),"Heywood, Thomas","Heywood, Thomas",civic play; pageant,Occasional;Nonprofessional,,,1 quarto,1631,1631,448a,,False
A04896,Single-Play Playbook,455,778.0,964,780,1.0,1,449,455,Rhodon and Iris,"Knevet, Ralph","Knevet, Ralph",pastoral,Occasional;Nonprofessional,,,1 quarto,1631,1631,449a(*),,False
A07329,Single-Play Playbook,456,780.0,965,2010,1.0,1,450,456,"Antigone, the Theban Princess","May, Thomas","May, Thomas",tragedy,Closet/Unacted;Nonprofessional,,,1 octavo,1631,1631,450a,,False
A20866,Single-Play Playbook,457,781.0,966,2011,1.0,1,451,457,The Duchess of Suffolk,"Drue, Thomas","Drue, Thomas",history,Adult Professional;Professional,,,1 quarto,1631,1631,451a,,False
A04644,Single-Play Playbook,458,782.0,967,2012,1.0,1,452,458,Chloridia: Rites to Chloris and Her Nymphs,"Jonson, Ben","Jonson, Ben",masque,Nonprofessional;Occasional,,,"1 quarto, 1 folio in collection",1631,1631,452a,,False
A13846,Single-Play Playbook,459,783.0,969,788,1.0,1,453,459,Albion's Triumph,"Townshend, Aurelian","Townshend, Aurelian",masque,Occasional;Nonprofessional,,,1 quarto,1631,1631,453a(*),,False
A13848,Single-Play Playbook,460,785.0,970,2013,1.0,1,454,460,Tempe Restored  (Tempe Restauratum),"Townshend, Aurelian","Townshend, Aurelian",masque,Occasional;Nonprofessional,,,1 quarto,1631,1631,454a,,False
A01836,Single-Play Playbook,464,787.0,975,2014,1.0,1,458,464,"The Courageous Turk, or Amurath the First","Goffe, Thomas","Goffe, Thomas",tragedy,University/Inns of Court;Nonprofessional,,,"1 quarto, 1 octavo in collection",1632,1632,458a,,False
A07238,Single-Play Playbook,465,788.0,977,2015,1.0,1,459,465,The Emperor of the East,"Massinger, Philip","Massinger, Philip",tragicomedy,Adult Professional;Professional,,,1 quarto,1632,1632,459a,,False
A11153,Single-Play Playbook,466,789.0,978,2016,1.0,1,460,466,"A New Wonder, A Woman Never Vexed","Heywood, ThomasRowley, William","Rowley, William; Heywood, Thomas (?)",comedy,Adult Professional;Professional,,,1 quarto,1632,1632,460a,,False
A07025,Single-Play Playbook,467,791.0,979,2017,1.0,1,461,467,Holland's Leaguer,"Marmion, Shackerley","Marmion, Shackerley",comedy,Adult Professional;Professional,,,1 quarto,1632,1632,461a,,False
A12129,Single-Play Playbook,468,792.0,980,2018,1.0,1,462,468,"Changes, or Love in a Maze","Shirley, James","Shirley, James",comedy,Professional;Boys Professional,,,1 quarto,1632,1632,462a,,False
A16924,Single-Play Playbook,469,793.0,981,2019,1.0,1,463,469,The Northern Lass,"Brome, Richard","Brome, Richard",comedy,Adult Professional;Professional,,,1 quarto,1632,1632,463a,,False
A07251,Single-Play Playbook,470,794.0,982,2020,1.0,1,464,470,The Fatal Dowry,"Field, NathanMassinger, Philip","Field, Nathan; Massinger, Philip",tragedy,Adult Professional;Professional,,,1 quarto,1632,1632,464a,,False
A72254,Single-Play Playbook,471,795.0,983,2021,1.0,1,465,471,The Rival Friends,"Hausted, Peter","Hausted, Peter",comedy,University/Inns of Court;Nonprofessional,,,1 quarto,1632,1632,465a,,False
A03228,Single-Play Playbook,472,796.0,984,2023,1.0,1,466,472,"Londini Artium et Scientiarum Scaturigo, or London's Fountain of Arts and Sciences","Heywood, Thomas","Heywood, Thomas",civic play; pageant,Occasional;Nonprofessional,,,1 quarto,1632,1632,466a,,False
A10407,Single-Play Playbook,475,800.0,987,804,1.0,1,469,475,The Jealous Lovers,"Randolph, Thomas","Randolph, Thomas",comedy,University/Inns of Court;Nonprofessional,,,"2 quartos, 2 octavos (bibliographically independent and in collection), 1 octavo in collection",1632,1632,469a(*),,False
A07240,Single-Play Playbook,476,806.0,992,809,1.0,1,470,476,The Maid of Honor,"Massinger, Philip","Massinger, Philip",tragicomedy,Adult Professional;Professional,,,1 quarto,1632,1632,470a(ii),,False
A11155,Single-Play Playbook,477,807.0,993,1986,1.0,1,471,477,All's Lost by Lust,"Rowley, William","Rowley, William",tragedy,Adult Professional;Professional,,,1 quarto,1633,1633,471a,,False
A12131,Single-Play Playbook,479,810.0,995,2025,1.0,1,473,479,The Contention for Honor and Riches,"Shirley, James","Shirley, James",moral,Private;Nonprofessional,,,1 quarto,1633,1633,473a,,False
A07241,Single-Play Playbook,480,811.0,997,2026,1.0,1,474,480,A New Way to Pay Old Debts,"Massinger, Philip","Massinger, Philip",comedy,Adult Professional;Professional,,,1 quarto,1633,1633,474a,,False
A06991,Single-Play Playbook,481,812.0,998,2029,1.0,1,475,481,The Jew of Malta,"Marlowe, Christopher","Marlowe, Christopher",tragedy,Adult Professional;Professional,,,1 quarto,1633,1633,475a,,False
A11151,Single-Play Playbook,482,813.0,999,2030,1.0,1,476,482,A Match at Midnight,"R., W.","R., W.",comedy,Boys Professional;Adult Professional;Professional,,,1 quarto,1633,1633,476a,,False
A12157,Single-Play Playbook,483,814.0,1000,2031,1.0,1,477,483,The Witty Fair One,"Shirley, James","Shirley, James",comedy,Adult Professional;Professional,,,1 quarto,1633,1633,477a,,False
A01056,Single-Play Playbook,484,815.0,1001,2032,1.0,1.0,478,484,Love's Sacrifice,"Ford, John","Ford, John",tragedy,Professional;Adult Professional,,,1 quarto (bibliographically independent and in collection),1633,1633,478a,,True
A12128,Single-Play Playbook,485,816.0,1002,2033,1.0,1,479,485,The Bird in a Cage (The Beauties),"Shirley, James","Shirley, James",comedy,Adult Professional;Professional,,,1 quarto,1633,1633,479a,,False
A01046,Single-Play Playbook,486,817.0,1003,2034,1.0,1.0,480,486,The Broken Heart,"Ford, John","Ford, John",tragedy,Professional;Adult Professional,,,1 quarto (bibliographically independent and in collection),1633,1633,480a,,True
A07024,Single-Play Playbook,487,818.0,1004,2035,1.0,1,481,487,A Fine Companion,"Marmion, Shackerley","Marmion, Shackerley",comedy,Adult Professional;Professional,,,1 quarto,1633,1633,481a,,False
A00760,Single-Play Playbook,488,819.0,1005,2036,1.0,1,482,488,Fuimus Troes (The True Trojans),"Fisher, Jasper","Fisher, Jasper",history,University/Inns of Court;Nonprofessional,,,1 quarto,1633,1633,482a,,False
A03229,Single-Play Playbook,489,820.0,1006,2037,1.0,1,483,489,Londini Emporia (London's Markets),"Heywood, Thomas","Heywood, Thomas",civic play; pageant,Occasional;Nonprofessional,,,1 quarto,1633,1633,483a,,False
A03195,Single-Play Playbook,490,821.0,1007,2038,1.0,1,484,490,The English Traveller,"Heywood, Thomas","Heywood, Thomas",tragicomedy,Adult Professional;Professional,,,1 quarto,1633,1633,484a,,False
A01840,Single-Play Playbook,491,822.0,1008,2039,1.0,1,485,491,Orestes,"Goffe, Thomas","Goffe, Thomas",tragedy,University/Inns of Court;Nonprofessional,,,"1 quarto, 1 octavo in collection",1633,1633,485a,,False
A18463,Single-Play Playbook,493,825.0,1011,2040,1.0,1,487,493,The Royal Entry of King Charles I into Edinburgh (The Entertainment at Edinburgh),"Drummond, WilliamAdamson, JohnCrawford, Thomas","Drummond, William; Adamson, John; Crawford, Thomas (?)",entertainment; royal entertainment or entry,Occasional;Nonprofessional,,,1 quarto,1633,1633,487a,,False
B07101,Single-Play Playbook,494,826.0,1012,3227,1.0,1,488,494,The Triumph of Peace,"Shirley, James","Shirley, James",masque,Occasional;Nonprofessional;University/Inns of Court,,,4 quarto impressions,1633,1633,"488a,b(*)",,False
A11145,Single-Play Playbook,496,832.0,1016,2041,1.0,1,490,496,"The Noble Spanish Soldier (The Noble Soldier, or A Contract Broken Justly Revenged)","Dekker, Thomas","Dekker, Thomas",tragedy,Adult Professional;Professional,,,1 quarto,1634,1634,490a,,False
A00969,Single-Play Playbook,498,835.0,1018,2042,1.0,1,492,498,The Two Noble Kinsmen,"Shakespeare, WilliamFletcher, John","Fletcher, John; Shakespeare, William",tragicomedy,Adult Professional;Professional,,,1 quarto,1634,1634,492a,,False
A03240,Single-Play Playbook,499,836.0,1019,2043,1.0,1,493,499,A Maidenhead Well Lost,"Heywood, Thomas","Heywood, Thomas",comedy,Adult Professional;Professional,,,1 quarto,1634,1634,493a,,False
A03258,Single-Play Playbook,500,837.0,1020,2044,1.0,1,494,500,The Late Lancashire Witches,"Heywood, ThomasBrome, Richard","Heywood, Thomas; Brome, Richard",comedy,Adult Professional;Professional,,,1 quarto,1634,1634,494a,,False
A73300,Single-Play Playbook,501,838.0,1021,2045,1.0,1,495,501,The Triumphs of Fame and Honor,"Taylor, John","Taylor, John",civic play; pageant,Occasional;Nonprofessional,,,1 octavo,1634,1634,495a,,False
A73704,Single-Play Playbook,502,839.0,1022,2046,1.0,1,496,502,Coelum Britannicum (The British Heaven),"Carew, Thomas","Carew, Thomas",masque,Occasional;Nonprofessional,,,"1 quarto, 3 octavos in collection",1634,1634,496a,,False
A12154,Single-Play Playbook,504,842.0,1027,2047,1.0,1,498,504,The Traitor,"Shirley, James","Shirley, James",tragedy,Adult Professional;Professional,,,1 quarto,1635,1635,498a,,False
A11205,Single-Play Playbook,505,843.0,1028,2048,1.0,1,499,505,The Shepherds' Holiday,"Rutter, Joseph","Rutter, Joseph",pastoral,Adult Professional;Professional,,,1 octavo,1635,1635,499a,,False
A04604,Single-Play Playbook,507,845.0,1030,2050,1.0,1,501,507,"Adrasta, or The Woman's Spleen and Love's Conquest","Jones, John","Jones, John",tragicomedy,Closet/Unacted;Nonprofessional,,,1 quarto,1635,1635,501a,,False
A19882,Single-Play Playbook,508,846.0,1031,2051,1.0,1,502,508,The Triumphs of the Prince d'Amour,"Davenant, William","Davenant, William",masque,Occasional;Nonprofessional;University/Inns of Court,,,1 quarto,1635,1635,502a,,False
A07239,Single-Play Playbook,511,853.0,1036,2056,1.0,1,505,511,The Great Duke of Florence,"Massinger, Philip","Massinger, Philip",comedy,Adult Professional;Professional,,,1 quarto,1636,1636,505a,,False
A20093,Single-Play Playbook,514,857.0,1039,2058,1.0,1,508,514,The Wonder of A Kingdom,"Dekker, Thomas","Dekker, Thomas",comedy,Adult Professional;Professional,,,1 quarto,1636,1636,508a,,False
A03190,Single-Play Playbook,515,858.0,1040,2060,1.0,1,509,515,A Challenge for Beauty,"Heywood, Thomas","Heywood, Thomas",tragicomedy,Adult Professional;Professional,,,1 quarto,1636,1636,509a,,False
A11435,Single-Play Playbook,516,859.0,1041,2061,1.0,1,510,516,"The Vow Breaker, or The Fair Maid of Clifton","Sampson, William","Sampson, William",tragedy,Nonprofessional,,,1 quarto,1636,1636,510a,,False
A17342,Single-Play Playbook,517,860.0,1042,864,1.0,1,511,517,The Presentment of Bushell's Rock (Royal Entertainment at Enstone),"Jordan, ThomasBushell, Thomas (mining entrepreneur)","Jordan, Thomas; Bushell, Thomas (mining entrepreneur) (?)",entertainment; royal entertainment or entry,Occasional;Nonprofessional,,,1 quarto,1636,1636,511a(*),,False
A17344,Single-Play Playbook,517,861.0,1042,864,1.0,1,511,517,The Presentment of Bushell's Rock (Royal Entertainment at Enstone),"Jordan, ThomasBushell, Thomas (mining entrepreneur)","Jordan, Thomas; Bushell, Thomas (mining entrepreneur) (?)",entertainment; royal entertainment or entry,Occasional;Nonprofessional,,,1 quarto,1636,1636,511a(‚Ä†),,False
A07974,Single-Play Playbook,519,863.0,1044,867,1.0,1.0,513,519,Hannibal and Scipio,"Nabbes, Thomas","Nabbes, Thomas",tragedy,Adult Professional;Professional,,,1 quarto (bibliographically independent and in collection),1637,1637,513a,,True
A07975,Single-Play Playbook,520,864.0,1045,868,1.0,1.0,514,520,Microcosmus,"Nabbes, Thomas","Nabbes, Thomas",masque,Occasional;Adult Professional;Professional,,,1 quarto (bibliographically independent and in collection),1637,1637,514a,,True
A00960,Single-Play Playbook,521,865.0,1046,2063,1.0,1,515,521,The Elder Brother,"Fletcher, JohnMassinger, Philip","Fletcher, John; Massinger, Philip",comedy,Adult Professional;Professional,,,3 quartos,1637,1637,515a,,False
A03248,Single-Play Playbook,522,869.0,1049,2053,1.0,1,516,522,The Royal King and the Loyal Subject,"Heywood, Thomas","Heywood, Thomas",romance,Adult Professional;Professional,,,1 quarto,1637,1637,516a,,False
A12140,Single-Play Playbook,523,870.0,1050,2065,1.0,1,517,523,Hyde Park,"Shirley, James","Shirley, James",comedy,Adult Professional;Professional,,,1 quarto,1637,1637,517a,,False
A12142,Single-Play Playbook,524,871.0,1051,2066,1.0,1,518,524,The Lady of Pleasure,"Shirley, James","Shirley, James",comedy,Adult Professional;Professional,,,1 quarto,1637,1637,518a,,False
A12158,Single-Play Playbook,525,872.0,1052,2067,1.0,1,519,525,The Young Admiral,"Shirley, James","Shirley, James",tragicomedy,Adult Professional;Professional,,,1 quarto,1637,1637,519a,,False
A14599,Single-Play Playbook,526,873.0,1053,2068,1.0,1,520,526,The Valiant Scot,"W., J.","W., J.",history,Adult Professional;Professional,,,1 quarto,1637,1637,520a,,False
A12136,Single-Play Playbook,527,874.0,1054,2069,1.0,1,521,527,The Example,"Shirley, James","Shirley, James",comedy,Adult Professional;Professional,,,1 quarto,1637,1637,521a,,False
A03230,Single-Play Playbook,528,875.0,1055,2070,1.0,1,522,528,"Londini Speculum, or London's Mirror","Heywood, Thomas","Heywood, Thomas",not in BritDrama,Occasional;Nonprofessional,,,1 quarto,1637,1637,522a,,False
A12137,Single-Play Playbook,529,876.0,1056,2071,1.0,1,523,529,The Gamester,"Shirley, James","Shirley, James",comedy,Adult Professional;Professional,,,1 quarto,1637,1637,523a,,False
A07555,Single-Play Playbook,530,877.0,1057,2072,1.0,1,524,530,Comus (The Masque at Ludlow Castle),"Milton, John","Milton, John",pastoral; masque,Occasional;Nonprofessional,,,"1 quarto, 1 octavo in collection",1637,1637,524a,,False
A19346,Single-Play Playbook,531,878.0,1059,2073,1.0,1,525,531,1 The Cid (The Valiant Cid),"Rutter, JosephCorneille, Pierre","Rutter, Joseph, trans.; Corneille, Pierre",not in BritDrama,Boys Professional;Professional;Translation,,,2 duodecimos,1637,1637,525a,,False
A04599,Single-Play Playbook,532,880.0,1061,2075,1.0,1,526,532,Britannia Triumphans (Britain Triumphing),"Davenant, William","Davenant, William",not in BritDrama,Occasional;Nonprofessional,,,1 quarto,1637,1637,526a,,False
A06453,Single-Play Playbook,533,881.0,1062,2076,1.0,1,527,533,"Luminalia, or The Festival of Light","Davenant, William","Davenant, William",not in BritDrama,Occasional;Nonprofessional,,,1 quarto,1637,1637,527a,,False
A11152,Single-Play Playbook,537,882.0,1066,2077,1.0,1,531,537,A Shoemaker a Gentleman,"Rowley, William","Rowley, William",romance,Adult Professional;Professional,,,1 quarto,1638,1638,531a,,False
A01049,Single-Play Playbook,538,883.0,1067,2078,1.0,1.0,532,538,The Fancies Chaste and Noble,"Ford, John","Ford, John",comedy,Professional;Adult Professional,,,1 quarto (bibliographically independent and in collection),1638,1638,532a,,True
A08731,Single-Play Playbook,540,887.0,1070,888,2.0,2,534,540,The Lost Lady,"Berkeley, William","Berkeley, William",not in BritDrama,Professional;Adult Professional,,,2 folios,1638,1638,534b(*),,False
A03255,Single-Play Playbook,541,889.0,1071,2080,1.0,1,535,541,The Wise Woman of Hogsdon,"Heywood, Thomas","Heywood, Thomas",comedy,Adult Professional;Professional,,,1 quarto,1638,1638,535a,,False
A04824,Single-Play Playbook,543,893.0,1073,2009,1.0,1,537,543,The Conspiracy (Pallantus and Eudora),"Killigrew, Henry","Killigrew, Henry",tragedy,Adult Professional;Professional;Private,,,"1 quarto, 1 folio",1638,1638,537a,,False
A12150,Single-Play Playbook,544,896.0,1075,893,1.0,1,538,544,The Royal Master,"Shirley, James","Shirley, James",not in BritDrama,Adult Professional;Professional,,,1 quarto,1638,1638,538a(*),,False
A19479,Single-Play Playbook,545,898.0,1076,2081,1.0,1,539,545,Love's Riddle,"Cowley, Abraham","Cowley, Abraham",pastoral,Nonprofessional;Boys Nonprofessional/School;Closet/Unacted,,,1 octavo,1638,1638,539a,,False
A07978,Single-Play Playbook,546,899.0,1077,896,1.0,1.0,540,546,Tottenham Court,"Nabbes, Thomas","Nabbes, Thomas",comedy,Adult Professional;Professional,,,1 quarto (bibliographically independent and in collection),1638,1638,540a(i),,True
A13125,Single-Play Playbook,547,902.0,1078,1955,1.0,1,541,547,Aglaura,"Suckling, John","Suckling, John",not in BritDrama,Adult Professional;Professional,,,"1 folio, 2 octavos (bibliographically independent and in collection), 1 octavo in collection",1638,1638,541a,,False
A07971,Single-Play Playbook,548,906.0,1082,902,1.0,1.0,542,548,Covent Garden,"Nabbes, Thomas","Nabbes, Thomas",comedy,Adult Professional;Professional,,,1 quarto (bibliographically independent and in collection),1638,1638,542a(i),,True
A04874,Single-Play Playbook,551,909.0,1085,2088,1.0,1,545,551,The Seven Champions of Christendom,"Kirke, John","Kirke, John",romance,Adult Professional;Professional,,,1 quarto,1638,1638,545a,,False
A03242,Single-Play Playbook,552,910.0,1086,2089,1.0,1,546,552,"Porta Pietatis, or The Port or Harbor of Piety","Heywood, Thomas","Heywood, Thomas",not in BritDrama,Occasional;Nonprofessional,,,1 quarto,1638,1638,546a,,False
A18427,Single-Play Playbook,555,911.0,1095,2090,1.0,1,549,555,The Ball,"Shirley, James","Shirley, James",comedy,Adult Professional;Professional,,,1 quarto,1639,1639,549a,,False
B12027,Single-Play Playbook,556,912.0,1096,2091,1.0,1,550,556,"Chabot, Admiral of France","Chapman, GeorgeShirley, James","Chapman, George; Shirley, James, rev.",tragedy,Adult Professional;Professional,,,1 quarto,1639,1639,550a,,False
A07330,Single-Play Playbook,559,913.0,1099,913,1.0,1,553,559,"Cleopatra, Queen of Egypt","May, Thomas","May, Thomas",tragedy,Unknown;Nonprofessional;Professional,,,1 duodecimo (bibliographically independent and in collection),1639,1639,553a(i),,False
A01052,Single-Play Playbook,561,918.0,1101,2092,1.0,1.0,555,561,The Lady's Trial,"Ford, John","Ford, John",not in BritDrama,Professional;Boys Professional,,,1 quarto (bibliographically independent and in collection),1639,1639,555a,,True
A15873,Single-Play Playbook,562,919.0,1102,2093,1.0,1,556,562,"The Sophister (Fallacy, or The Troubles of Great Hermenia)","Zouche, Richard","Zouche, Richard",comedy,University/Inns of Court;Nonprofessional,,,1 quarto,1639,1639,556a,,False
B13574,Single-Play Playbook,564,922.0,1104,2094,1.0,1,558,564,Monsieur Thomas (Father's Own Son),"Fletcher, John","Fletcher, John",comedy,Adult Professional;Professional,,,1 quarto,1639,1639,558a(i),,False
A07248,Single-Play Playbook,565,923.0,1105,3156,1.0,1,559,565,The Unnatural Combat,"Massinger, Philip","Massinger, Philip",tragedy,Adult Professional;Professional,,,1 quarto,1639,1639,559a,,False
A01253,Single-Play Playbook,566,924.0,1106,2096,1.0,1,560,566,Imperiale,"Freeman, Ralph","Freeman, Ralph",not in BritDrama,Closet/Unacted;Nonprofessional,,,"3 quartos, 1 octavo",1639,1639,560a,,False
A19888,Single-Play Playbook,567,928.0,1110,925,1.0,1,561,567,A New Trick to Cheat the Devil,"Davenport, Robert","Davenport, Robert",comedy,Adult Professional;Professional,,,1 quarto,1639,1639,561a(i),,False
A12145,Single-Play Playbook,568,931.0,1111,928,1.0,1,562,568,The Maid's Revenge,"Shirley, James","Shirley, James",tragedy,Adult Professional;Professional,,,1 quarto,1639,1639,562a(‚Ä†),,False
A01777,Single-Play Playbook,570,933.0,1113,931,1.0,1,564,570,Albertus Wallenstein,"Glapthorne, Henry","Glapthorne, Henry",not in BritDrama,Adult Professional;Professional,,,1 quarto,1639,1639,564a(*),,False
A00958,Single-Play Playbook,571,935.0,1114,2105,1.0,1,565,571,"The Bloody Brother (Rollo, Duke of Normandy)","Fletcher, JohnField, NathanMassinger, Philip","Fletcher, John; Massinger, Philip; Field, Nathan (?)",tragedy,Adult Professional;Professional,,,2 quartos,1639,1639,565a,,False
A00959,Single-Play Playbook,571,936.0,1115,2107,2.0,2,565,571,"The Bloody Brother (Rollo, Duke of Normandy)","Fletcher, JohnField, NathanMassinger, Philip","Fletcher, John; Massinger, Philip; Field, Nathan (?)",tragedy,Adult Professional;Professional,,,2 quartos,1640,1639,565b,,False
A03233,Single-Play Playbook,572,937.0,1116,2108,1.0,1,566,572,"Londini Status Pacatus, or London's Peaceable Estate","Heywood, Thomas","Heywood, Thomas",not in BritDrama,Occasional;Nonprofessional,,,1 quarto,1639,1639,566a,,False
A19755,Single-Play Playbook,573,938.0,1117,2109,1.0,1,567,573,The Bloody Banquet,"Dekker, ThomasMiddleton, Thomas","Dekker, Thomas; Middleton, Thomas",tragedy,Boys Professional;Professional,,,1 quarto,1639,1639,567a,,False
A07367,Single-Play Playbook,574,939.0,1118,2110,1.0,1,568,574,The City Match,"Mayne, Jasper","Mayne, Jasper",comedy,University/Inns of Court;Nonprofessional;Adult Professional;Professional;Private,,,"1 folio, 1 edition issued in both quarto (in collection) and octavo (single-play playbook)",1639,1639,568a,,False
A06402,Single-Play Playbook,575,941.0,1120,2111,1.0,1,569,575,The Phoenix in Her Flames,"Lower, William","Lower, William",not in BritDrama,Professional;Closet/Unacted,,,1 quarto,1639,1639,569a,,False
A18083,Single-Play Playbook,576,942.0,1121,2112,1.0,1,570,576,The Royal Slave,"Cartwright, William","Cartwright, William",tragicomedy,University/Inns of Court;Nonprofessional;Adult Professional;Professional,,,"2 quartos, 1 octavo in collection",1639,1639,570a,,False
A19880,Single-Play Playbook,577,944.0,1124,2114,1.0,1,571,577,Salmacida Spolia,"Davenant, William","Davenant, William",not in BritDrama,Occasional;Nonprofessional,,,1 quarto,1639,1639,571a,,False
A12133,Single-Play Playbook,578,945.0,1125,2115,1.0,1,572,578,The Coronation,"Shirley, James","Shirley, James",tragicomedy,Adult Professional;Professional,,,1 quarto,1640,1640,572a,,False
A12143,Single-Play Playbook,579,946.0,1126,2116,1.0,1,573,579,Love's Cruelty,"Shirley, James","Shirley, James",tragedy,Adult Professional;Professional,,,1 quarto,1640,1640,573a,,False
A00966,Single-Play Playbook,580,947.0,1127,2117,1.0,1,574,580,"The Night Walker, or The Little Thief","Fletcher, JohnShirley, James","Fletcher, John; Shirley, James, rev.",comedy,Adult Professional;Professional,,,1 quarto,1640,1640,574a,,False
A12148,Single-Play Playbook,581,950.0,1128,949,1.0,1,575,581,The Opportunity,"Shirley, James","Shirley, James",comedy,Adult Professional;Professional,,,1 quarto,1640,1640,575a(¬ß),,False
A07970,Single-Play Playbook,582,951.0,1129,952,1.0,1.0,576,582,The Bride,"Nabbes, Thomas","Nabbes, Thomas",not in BritDrama,Boys Professional;Professional,,,1 quarto (bibliographically independent and in collection),1640,1640,576a,,True
A12141,Single-Play Playbook,583,952.0,1130,2118,1.0,1,577,583,The Humorous Courtier (The Duke),"Shirley, James","Shirley, James",comedy,Adult Professional;Professional,,,1 quarto,1640,1640,577a,,False
A68655,Single-Play Playbook,584,953.0,1131,2119,1.0,1,578,584,"Messalina, the Roman Empress","Richards, Nathaniel","Richards, Nathaniel",tragedy,Adult Professional;Professional,,,1 octavo,1640,1640,578a,,False
A19750,Single-Play Playbook,586,962.0,1133,2120,1.0,1,580,586,"The Knave in Grain, New Vamped","D., J.","D., J.",comedy,Adult Professional;Professional,,,1 quarto,1640,1640,580a,,False
A07979,Single-Play Playbook,587,963.0,1134,960,1.0,1.0,581,587,The Unfortunate Mother,"Nabbes, Thomas","Nabbes, Thomas",not in BritDrama,Closet/Unacted;Professional,,,1 quarto (bibliographically independent and in collection),1640,1640,581a,,True
A10495,Single-Play Playbook,588,964.0,1135,961,1.0,1,582,588,The Rebellion,"Rawlins, Thomas","Rawlins, Thomas",tragedy,Adult Professional;Professional,,,1 quarto,1640,1640,582a(i),,False
A12149,Single-Play Playbook,589,966.0,1136,2121,1.0,1,583,589,The Arcadia,"Shirley, James","Shirley, James",pastoral; romance,Adult Professional;Professional,,,1 quarto,1640,1640,583a,,False
A01989,Single-Play Playbook,590,967.0,1137,963,1.0,1,584,590,The Strange Discovery,"Gough, J.","Gough, J.",romance,Closet/Unacted;Nonprofessional,,,1 quarto,1640,1640,584a(*),,False
A16923,Single-Play Playbook,592,969.0,1140,2122,1.0,1,586,592,The Antipodes,"Brome, Richard","Brome, Richard",not in BritDrama,Adult Professional;Professional,,,1 quarto,1640,1640,586a,,False
A01775,Single-Play Playbook,596,976.0,1144,2124,1.0,1,590,596,The Ladies' Privilege (The Lady's Privilege),"Glapthorne, Henry","Glapthorne, Henry",not in BritDrama,Boys Professional;Professional,,,1 quarto,1640,1640,590a,,False
A01779,Single-Play Playbook,597,977.0,1145,2125,1.0,1,591,597,Wit in a Constable,"Glapthorne, Henry","Glapthorne, Henry",not in BritDrama,Boys Professional;Professional,,,1 quarto,1640,1640,591a,,False
A12130,Single-Play Playbook,598,978.0,1146,2126,1.0,1.0,592,598,The Constant Maid (Love Will Find Out the Way),"Shirley, James","Shirley, James",not in BritDrama,Adult Professional;Professional,,,1 quarto (bibliographically independent and in collection),1640,1640,592a,,True
A12151,Single-Play Playbook,599,979.0,1147,2127,1.0,1.0,593,599,1 Saint Patrick for Ireland,"Shirley, James","Shirley, James",not in BritDrama,Adult Professional;Professional,,,1 quarto (bibliographically independent and in collection),1640,1640,593a,,True
A01773,Single-Play Playbook,600,980.0,1148,2128,1.0,1,594,600,The Hollander (Love's Trial),"Glapthorne, Henry","Glapthorne, Henry",comedy,Boys Professional;Professional,,,1 quarto,1640,1640,594a,,False
A19347,Single-Play Playbook,602,983.0,1150,2130,1.0,1,596,602,2 The Cid,"Rutter, JosephDesfontaines, Nicolas-Marc","Rutter, Joseph; Desfontaines, Nicolas-Marc",not in BritDrama,Nonprofessional;Professional;Closet/Unacted,,,1 duodecimo,1640,1640,596a,,False
A00967,Single-Play Playbook,604,985.0,1152,2132,1.0,1,598,604,Rule a Wife and Have a Wife,"Fletcher, John","Fletcher, John",comedy,Adult Professional;Professional,,,1 quarto,1640,1640,598a,,False
A02629,Single-Play Playbook,605,986.0,1153,2133,1.0,1,599,605,"Sicily and Naples, or The Fatal Union","Harding, Samuel","Harding, Samuel",not in BritDrama,University/Inns of Court;Closet/Unacted;Nonprofessional,,,1 quarto,1640,1640,599a,,False
A09214,Single-Play Playbook,834,1198.0,1404,2410,1.0,1,1009,834,Pedantius,"Forsett, Edward","Forsett, Edward",comedy,Latin;University/Inns of Court;Nonprofessional,,,1 duodecimo,1631,1631,L9a,,False
A10440,Collection,850,5001.0,1421,2445,,1,2002,850,1 & 2 Gentleness and Nobility,"Rastell, John","Rastell, John (?)",not in BritDrama,Collection;Interlude;Nonprofessional,,1 Gentleness and Nobility; 2 Gentleness and Nobility ,1 folio,1525,1525,,,False
A10440.1,Play in Collection,8,5001.01,13,2446,1.0,,8,8,1 Gentleness and Nobility,"Rastell, John","Rastell, John (?)",not in BritDrama,Interlude;Nonprofessional,693.0,,1 folio in collection,1525,1525,8a,1 & 2 Gentleness and Nobility ([c.1525]),False
A10440.2,Play in Collection,9,5001.02,14,2447,1.0,,9,9,2 Gentleness and Nobility,"Rastell, John","Rastell, John (?)",not in BritDrama,Interlude;Nonprofessional,693.0,,1 folio in collection,1525,1525,9a,1 & 2 Gentleness and Nobility ([c.1525]),False
A07395,Collection,851,5002.0,1422,2448,,1,2003,851,1 & 2 Nature,"Medwall, Henry","Medwall, Henry",not in BritDrama,Collection;Nonprofessional;Interlude,,1 Nature; 2 Nature ,1 folio,1530,1530,,,False
A07395.1,Play in Collection,18,5002.01,27,2449,1.0,,17,18,1 Nature,"Medwall, Henry","Medwall, Henry",not in BritDrama,Interlude;Nonprofessional,841.0,,1 folio in collection,1530,1530,17a,1 & 2 Nature ([1530-34?]),False
A07395.2,Play in Collection,19,5002.02,28,2450,1.0,,18,19,2 Nature,"Medwall, Henry","Medwall, Henry",not in BritDrama,Interlude;Nonprofessional,841.0,,1 folio in collection,1530,1530,18a,1 & 2 Nature ([1530-34?]),False
A03571,Collection,852,5004.0,1424,2311,,8,2004,852,A Merry Jest of Robin Hood and of His Life,Anonymous,Anonymous,not in BritDrama,Collection,,Robin Hood (Robin Hood and the Friar) (Robin Hood and the Potter) ,2 quartos,1590,1560,,,False
A03571.1,Play in Collection,35,5004.01,57,3213,2.0,,32,35,Robin Hood (Robin Hood and the Friar) (Robin Hood and the Potter),Anonymous,Anonymous,romance; folk romance,Nonprofessional;Interlude,1699.0,,2 quartos in collection,1590,1560,32b,A Merry Jest of Robin Hood and of His Life ([c.1590?]),False
A01513,Collection,854,5006.0,1426,2404,,1,2006,854,A Hundred Sundry Flowers,"Gascoigne, George","Gascoigne, George",not in BritDrama,Collection,,Supposes; Jocasta; The Masque for Lord Montacute (The Montague Masque) (Wedding Masque of Venetians) ,3 quartos,1573,1573,,,False
A01513.1,Play in Collection,63,5006.01,103,2453,1.0,,60,63,Supposes,"Gascoigne, GeorgeAriosto, Ludovico","Gascoigne, George, trans.; Ariosto, Ludovico",comedy,Translation;Nonprofessional;University/Inns of Court,764.0,,3 quartos in collection,1573,1573,60a,A Hundred Sundry Flowers (1573),False
A01513.2,Play in Collection,64,5006.02,106,2454,1.0,,61,64,Jocasta,"Gascoigne, GeorgeKinwelmershe, FrancisYelverton, ChristopherEuripidesDolce, Lodovico","Gascoigne, George, trans.; Kinwelmershe, Francis, trans.; Yelverton, Christopher, trans.; Euripides; Dolce, Lodovico",tragedy,Translation;Nonprofessional;University/Inns of Court,764.0,,3 quartos in collection,1573,1573,61a,A Hundred Sundry Flowers (1573),False
A01513.3,Play in Collection,65,5006.03,109,2452,1.0,,62,65,The Masque for Lord Montacute (The Montague Masque) (Wedding Masque of Venetians),"Gascoigne, George","Gascoigne, George",masque,Occasional;Nonprofessional,764.0,,3 quartos in collection,1573,1573,62a,A Hundred Sundry Flowers (1573),False
A01514,Collection,854,5007.0,1427,1199,,2,2006,854,A Hundred Sundry Flowers,"Gascoigne, George","Gascoigne, George",not in BritDrama,Collection,,The Masque for Lord Montacute (The Montague Masque) (Wedding Masque of Venetians); Supposes; Jocasta ,3 quartos,1575,1573,,,False
A01514.1,Play in Collection,65,5007.01,110,2455,2.0,,62,65,The Masque for Lord Montacute (The Montague Masque) (Wedding Masque of Venetians),"Gascoigne, George","Gascoigne, George",masque,Occasional;Nonprofessional,1362.0,,3 quartos in collection,1575,1573,62b,The Posies ([1575]),False
A01514.2,Play in Collection,63,5007.02,104,2456,2.0,,60,63,Supposes,"Gascoigne, GeorgeAriosto, Ludovico","Gascoigne, George, trans.; Ariosto, Ludovico",comedy,Translation;Nonprofessional;University/Inns of Court,1362.0,,3 quartos in collection,1575,1573,60b,The Posies ([1575]),False
A01514.3,Play in Collection,64,5007.03,107,2457,2.0,,61,64,Jocasta,"Gascoigne, GeorgeKinwelmershe, FrancisYelverton, ChristopherEuripidesDolce, Lodovico","Gascoigne, George, trans.; Kinwelmershe, Francis, trans.; Yelverton, Christopher, trans.; Euripides; Dolce, Lodovico",tragedy,Translation;Nonprofessional;University/Inns of Court,1362.0,,3 quartos in collection,1575,1573,61b,The Posies ([1575]),False
A15045,Collection,856,5014.0,1431,2356,,1,2008,856,1 & 2 Promos and Cassandra,"Whetstone, George","Whetstone, George",not in BritDrama,Collection;Closet/Unacted,,1 Promos and Cassandra; 2 Promos and Cassandra ,1 quarto,1578,1578,,,False
A15045.1,Play in Collection,76,5014.01,124,2357,1.0,,73,76,1 Promos and Cassandra,"Whetstone, George","Whetstone, George",comedy,Closet/Unacted,1837.0,,1 quarto in collection,1578,1578,73a,1 & 2 Promos and Cassandra (1578),False
A15045.2,Play in Collection,77,5014.02,125,2358,1.0,,74,77,2 Promos and Cassandra,"Whetstone, George","Whetstone, George",comedy,Closet/Unacted,1837.0,,1 quarto in collection,1578,1578,74a,1 & 2 Promos and Cassandra (1578),False
A11909,Collection,857,5015.0,1432,2435,,1,2009,857,Ten Tragedies,"Seneca, Lucius AnnaeusStudley, John","Seneca, Lucius Annaeus",not in BritDrama,Collection;Closet/Unacted;Translation;Nonprofessional,,Hercules Furens (Mad Hercules) (Seneca's First Tragedy); Thyestes (Seneca's Second Tragedy); Thebais (Seneca's Third Tragedy); Hippolytus (Seneca's Fourth Tragedy); Oedipus (Seneca's Fifth Tragedy); Troas (Seneca's Sixth Tragedy); Medea (Seneca's Seventh Tragedy); Agamemnon (Seneca's Eighth Tragedy); Octavia (Seneca's Ninth Tragedy); Hercules Oetaeus (Hercules on Mount Oeta) (Seneca's Tenth Tragedy) ,1 quarto,1581,1581,,,False
A11909.1,Play in Collection,37,5015.01,60,2459,2.0,,34,37,Hercules Furens (Mad Hercules) (Seneca's First Tragedy),"Heywood, JasperSeneca, Lucius Annaeus","Heywood, Jasper, trans.; Seneca, Lucius Annaeus",tragedy; literary play,Translation;Nonprofessional;Closet/Unacted,630.0,,"1 octavo, 1 quarto in collection",1581,1561,34b,Ten Tragedies (1581),False
A11909.2,Play in Collection,32,5015.02,51,2458,2.0,,29,32,Thyestes (Seneca's Second Tragedy),"Heywood, JasperSeneca, Lucius Annaeus","Heywood, Jasper, trans.; Seneca, Lucius Annaeus",tragedy,Translation;Nonprofessional;Closet/Unacted,630.0,,"1 octavo, 1 quarto in collection",1581,1560,29b,Ten Tragedies (1581),False
A11909.3,Play in Collection,83,5015.03,132,2362,1.0,,79,83,Thebais (Seneca's Third Tragedy),"Seneca, Lucius AnnaeusNewton, Thomas","Newton, Thomas, trans.; Seneca, Lucius Annaeus",tragedy,Translation;Nonprofessional;Closet/Unacted,630.0,,1 quarto in collection,1581,1581,79a,Ten Tragedies (1581),False
A11909.4,Play in Collection,84,5015.04,133,2363,1.0,,80,84,Hippolytus (Seneca's Fourth Tragedy),"Seneca, Lucius AnnaeusStudley, John","Studley, John, trans.; Seneca, Lucius Annaeus",tragedy,Translation;Nonprofessional;Closet/Unacted,630.0,,1 quarto in collection,1581,1581,80a,Ten Tragedies (1581),False
A11909.5,Play in Collection,39,5015.05,65,2316,2.0,,36,39,Oedipus (Seneca's Fifth Tragedy),"Seneca, Lucius AnnaeusNeville, Alexander","Neville, Alexander, trans.; Seneca, Lucius Annaeus",tragedy,Translation;Nonprofessional;Closet/Unacted,630.0,,"1 octavo, 1 quarto in collection",1581,1563,36b,Ten Tragedies (1581),False
A11909.6,Play in Collection,31,5015.06,49,2305,4.0,,28,31,Troas (Seneca's Sixth Tragedy),"Heywood, JasperSeneca, Lucius Annaeus","Heywood, Jasper, trans.; Seneca, Lucius Annaeus",tragedy,Translation;Nonprofessional;Closet/Unacted,630.0,,"3 octavos, 1 quarto in collection",1581,1559,28d,Ten Tragedies (1581),False
A11909.7,Play in Collection,47,5015.07,80,2329,2.0,,44,47,Medea (Seneca's Seventh Tragedy),"Seneca, Lucius AnnaeusStudley, John","Studley, John, trans.; Seneca, Lucius Annaeus",tragedy,Translation;Nonprofessional;Closet/Unacted,630.0,,"1 octavo, 1 quarto in collection",1581,1566,44b,Ten Tragedies (1581),False
A11909.8,Play in Collection,45,5015.08,77,2326,2.0,,42,45,Agamemnon (Seneca's Eighth Tragedy),"Seneca, Lucius AnnaeusStudley, John","Studley, John, trans.; Seneca, Lucius Annaeus",tragedy,Translation;Nonprofessional;Closet/Unacted,630.0,,"1 octavo, 1 quarto in collection",1581,1566,42b,Ten Tragedies (1581),False
A11909.9,Play in Collection,48,5015.09,82,2331,2.0,,45,48,Octavia (Seneca's Ninth Tragedy),"Seneca, Lucius AnnaeusNuce, ThomasPseudo-Seneca","Nuce, Thomas, trans.; Pseudo-Seneca",tragedy,Translation;Nonprofessional;Closet/Unacted,630.0,,"1 quarto, 1 quarto in collection",1581,1566,45b,Ten Tragedies (1581),False
A07004,Collection,859,5017.0,1434,2485,,1,2011,859,1 & 2 Tamburlaine the Great,"Marlowe, Christopher","Marlowe, Christopher",not in BritDrama,Collection;Professional;Adult Professional,,1 Tamburlaine the Great; 2 Tamburlaine the Great ,3 octavos,1590,1590,,,False
A07004.1,Play in Collection,98,5017.01,156,2246,1.0,,94,98,1 Tamburlaine the Great,"Marlowe, Christopher","Marlowe, Christopher",tragedy,Adult Professional;Professional,1084.0,,"3 octavos in collection, 1 quarto",1590,1590,94a,1 & 2 Tamburlaine the Great (1590),False
A07004.2,Play in Collection,99,5017.02,160,2486,1.0,,95,99,2 Tamburlaine the Great,"Marlowe, Christopher","Marlowe, Christopher",tragedy,Adult Professional;Professional,1084.0,,"3 octavos in collection, 1 quarto",1590,1590,95a,1 & 2 Tamburlaine the Great (1590),False
A01227,Collection,860,5020.0,1437,2798,,1,2012,860,The Countess of Pembroke's Ivychurch,"Fraunce, Abraham","Fraunce, Abraham",not in BritDrama,Collection,,Phillis and Amyntas (Ivychurch) (Amyntas' Pastoral) ,1 quarto,1591,1591,,,False
A01227.1,Play in Collection,101,5020.01,165,2530,1.0,,97,101,Phillis and Amyntas (Ivychurch) (Amyntas' Pastoral),"Fraunce, AbrahamTasso, Torquato","Fraunce, Abraham, trans.; Tasso, Torquato",pastoral,Translation;Nonprofessional;Closet/Unacted,392.0,,1 quarto in collection,1591,1591,97a,The Countess of Pembroke's Ivychurch (1591),False
A68278,Collection,861,5021.0,1438,2487,,1,2013,861,1 & 2 The Troublesome Reign of King John,Anonymous,Anonymous (?),not in BritDrama,Collection;Professional;Adult Professional,,1 The Troublesome Reign of King John; 2 The Troublesome Reign of King John ,3 quartos,1591,1591,,,False
A68278.1,Play in Collection,105,5021.01,170,2488,1.0,,101,105,1 The Troublesome Reign of King John,Anonymous,Anonymous (?),history,Adult Professional;Professional,1834.0,,3 quartos in collection,1591,1591,101a,1 & 2 The Troublesome Reign of King John (1591),False
A68278.2,Play in Collection,106,5021.02,173,2489,1.0,1,102,106,2 The Troublesome Reign of King John,Anonymous,Anonymous (?),history,Adult Professional;Professional,1834.0,,"1 quarto (bibliographically independent and in collection), 2 quartos in collection",1591,1591,102a,1 & 2 The Troublesome Reign of King John (1591),False
A04520,Collection,861,5022.0,1439,2538,,2,2013,861,1 & 2 The Troublesome Reign of King John,Anonymous,Anonymous (?),not in BritDrama,Collection;Professional;Adult Professional,,1 The Troublesome Reign of King John; 2 The Troublesome Reign of King John ,3 quartos,1611,1591,,,False
A04520.1,Play in Collection,105,5022.01,171,2815,2.0,,101,105,1 The Troublesome Reign of King John,Anonymous,Anonymous (?),history,Adult Professional;Professional,1487.0,,3 quartos in collection,1611,1591,101b,1 & 2 The Troublesome Reign of King John (1611),False
A04520.2,Play in Collection,106,5022.02,174,2816,2.0,,102,106,2 The Troublesome Reign of King John,Anonymous,Anonymous (?),history,Adult Professional;Professional,1487.0,,"1 quarto (bibliographically independent and in collection), 2 quartos in collection",1611,1591,102b,1 & 2 The Troublesome Reign of King John (1611),False
A21246,Collection,864,5026.0,1443,2555,,1,2016,864,"Speeches Delivered to Her Majesty This Last Progress (The Entertainments at Bisham Abbey, Sudeley Castle, and Rycote)",Anonymous,Anonymous,not in BritDrama,Collection;Occasional;Nonprofessional,,The Royal Entertainment at Bisham Abbey; The Royal Entertainment at Sudeley Castle; The Royal Entertainment at Rycote ,1 quarto,1592,1592,,,False
A21246.1,Play in Collection,115,5026.01,200,3217,1.0,,111.1,115,The Royal Entertainment at Bisham Abbey,Anonymous,Anonymous,entertainment; royal entertainment or entry,Occasional;Nonprofessional,946.0,,1 quarto in collection,1592,1592,111a(1),"Speeches Delivered to Her Majesty This Last Progress (The Entertainments at Bisham Abbey, Sudeley Castle, and Rycote) (1592)",False
A21246.2,Play in Collection,116,5026.02,201,3218,1.0,,111.2,116,The Royal Entertainment at Sudeley Castle,Anonymous,Anonymous,entertainment; royal entertainment or entry,Occasional;Nonprofessional,946.0,,1 quarto in collection,1592,1592,111a(2),"Speeches Delivered to Her Majesty This Last Progress (The Entertainments at Bisham Abbey, Sudeley Castle, and Rycote) (1592)",False
A21246.3,Play in Collection,117,5026.03,202,3219,1.0,,111.3,117,The Royal Entertainment at Rycote,Anonymous,Anonymous,entertainment; royal entertainment or entry,Occasional;Nonprofessional,946.0,,1 quarto in collection,1592,1592,111a(3),"Speeches Delivered to Her Majesty This Last Progress (The Entertainments at Bisham Abbey, Sudeley Castle, and Rycote) (1592)",False
A19816,Collection,865,5027.0,1444,2223,,1,2017,865,Delia and Rosamond Augmented; Cleopatra,"Daniel, Samuel","Daniel, Samuel",not in BritDrama,Collection,,Cleopatra ,"1 sixteenmo, 1 octavo, 1 duodecimo",1594,1594,,,False
A19816.1,Play in Collection,138,5027.01,251,2224,1.0,,132,138,Cleopatra,"Daniel, Samuel","Daniel, Samuel",tragedy,Closet/Unacted;Nonprofessional,668.0,,"1 sixteenmo in collection, 3 octavos in collection, 2 duodecimos in collection, 1 folio in collection, 1 quarto in collection, 1 quarto (bibliographically independent and in collection)",1594,1594,132a,Delia and Rosamond Augmented; Cleopatra (1594),False
A19834,Collection,867,5047.0,1456,2802,,1,2019,867,The Poetical Essays,"Daniel, Samuel","Daniel, Samuel",not in BritDrama,Collection,,Cleopatra ,1 quarto,1599,1599,,,False
A19834.1,Play in Collection,138,5047.01,254,2228,4.0,1,132,138,Cleopatra,"Daniel, Samuel","Daniel, Samuel",tragedy,Closet/Unacted;Nonprofessional,1232.0,,"1 sixteenmo in collection, 3 octavos in collection, 2 duodecimos in collection, 1 folio in collection, 1 quarto in collection, 1 quarto (bibliographically independent and in collection)",1599,1594,132d,The Poetical Essays (1599),False
A03224,Collection,868,5049.0,1458,2739,,2,2020,868,1 & 2 Edward the Fourth,"Heywood, Thomas","Heywood, Thomas (?)",not in BritDrama,Collection;Adult Professional;Professional,,1 Edward the Fourth; 2 Edward the Fourth ,6 quartos,1600,1599,,,False
A03224.1,Play in Collection,159,5049.01,345,2740,2.0,,153,159,1 Edward the Fourth,"Heywood, Thomas","Heywood, Thomas (?)",history,Adult Professional;Professional,170.0,,6 quartos in collection,1600,1599,153b,1 & 2 Edward the Fourth (1600),False
A03224.2,Play in Collection,160,5049.02,351,2741,2.0,,154,160,2 Edward the Fourth,"Heywood, Thomas","Heywood, Thomas (?)",history,Adult Professional;Professional,170.0,,6 quartos in collection,1600,1599,154b,1 & 2 Edward the Fourth (1600),False
A72573,Collection,870,5057.0,1464,1261,,1,2022,870,1 & 2 A Satire of the Three Estates,"Lindsay, David","Lindsay, David",not in BritDrama,Collection;Private;Nonprofessional,,1 A Satire of the Three Estates; 2 A Satire of the Three Estates ,1 quarto,1602,1602,,,False
A04637,Collection,871,5059.0,1465,2804,,1,2023,871,King James his Royal and Magnificent Entertainment through his Honorable City of London,"Jonson, Ben","Jonson, Ben",not in BritDrama,Collection;Nonprofessional;Occasional,,The Coronation Triumph (The Royal Entry of King James I into London); The Royal Entertainment of the Queen and Prince at Althorp (The Satyr) ,1 quarto,1604,1604,,,False
A04637.1,Play in Collection,206,5059.01,459,2805,1.0,,200,206,The Coronation Triumph (The Royal Entry of King James I into London),"Jonson, Ben","Jonson, Ben",entertainment; royal entertainment or entry,Occasional;Nonprofessional,461.0,,"1 quarto in collection, 2 folios in collection",1604,1604,200a,King James his Royal and Magnificent Entertainment through his Honorable City of London (1604),False
A04637.2,Play in Collection,207,5059.02,462,2806,1.0,,201,207,The Royal Entertainment of the Queen and Prince at Althorp (The Satyr),"Jonson, Ben","Jonson, Ben",entertainment; royal entertainment or entry,Occasional;Nonprofessional,461.0,,"1 quarto in collection, 2 folios in collection",1604,1604,201a,King James his Royal and Magnificent Entertainment through his Honorable City of London (1604),False
A16527,Collection,872,5061.0,1466,1267,,1,2024,872,The Monarchic Tragedies,"Alexander, William","Alexander, William",not in BritDrama,Collection;Nonprofessional;Closet/Unacted,,Croesus; Darius; The Alexandraean Tragedy; Julius Caesar ,"1 quarto, 1 octavo",1607,1604,,,False
A16527.1,Play in Collection,266,5061.01,608,1287,1.0,,260,266,The Alexandraean Tragedy,"Alexander, William","Alexander, William",tragedy,Closet/Unacted;Nonprofessional,605.0,,"1 quarto in collection, 1 octavo in collection, 1 folio in collection",1607,1607,260a(i),The Monarchic Tragedies (1607),False
A16527.2,Play in Collection,266,5061.02,608,1287,1.0,,260,266,The Alexandraean Tragedy,"Alexander, William","Alexander, William",tragedy,Closet/Unacted;Nonprofessional,605.0,,"1 quarto in collection, 1 octavo in collection, 1 folio in collection",1607,1607,260a(ii),The Monarchic Tragedies (1607),False
A16527.3,Play in Collection,267,5061.03,611,2807,1.0,,261,267,Julius Caesar,"Alexander, William","Alexander, William",tragedy,Closet/Unacted;Nonprofessional,605.0,,"1 quarto in collection, 1 octavo in collection, 1 folio in collection",1607,1607,261a,The Monarchic Tragedies (1607),False
A04643,Collection,875,5068.0,1472,2811,,1,2027,875,The Characters of Two Royal Masques,"Jonson, Ben","Jonson, Ben",not in BritDrama,Collection;Nonprofessional;Occasional,,The Masque of Blackness (The Twelfth Night's Revels); The Masque of Beauty; The Masque at Lord Haddington's Marriage (The Hue and Cry after the Fugitive Cupid) ,1 quarto,1608,1608,,,False
A04643.1,Play in Collection,275,5068.01,631,2812,1.0,,269,275,The Masque of Blackness (The Twelfth Night's Revels),"Jonson, Ben","Jonson, Ben",masque,Occasional;Nonprofessional,1572.0,,"1 quarto in collection, 2 folios in collection",1608,1608,269a,The Characters of Two Royal Masques ([1608]),False
A04643.2,Play in Collection,276,5068.02,634,2813,1.0,,270,276,The Masque of Beauty,"Jonson, Ben","Jonson, Ben",masque,Occasional;Nonprofessional,1572.0,,"1 quarto in collection, 2 folios in collection",1608,1608,270a,The Characters of Two Royal Masques ([1608]),False
A04643.3,Play in Collection,277,5068.03,637,2814,1.0,,271,277,The Masque at Lord Haddington's Marriage (The Hue and Cry after the Fugitive Cupid),"Jonson, Ben","Jonson, Ben",masque,Occasional;Nonprofessional,1572.0,,"1 quarto in collection, 2 folios in collection",1608,1608,271a,The Characters of Two Royal Masques ([1608]),False
A18404,Collection,876,5069.0,1473,2808,,1,2028,876,The Conspiracy and Tragedy of Charles Duke of Byron,"Chapman, George","Chapman, George",not in BritDrama,Collection;Professional;Boys Professional,,The Conspiracy of Charles Duke of Byron; The Tragedy of Charles Duke of Byron ,2 quartos,1608,1608,,,False
A18404.1,Play in Collection,280,5069.01,647,2809,1.0,,274,280,The Conspiracy of Charles Duke of Byron,"Chapman, George","Chapman, George",history,Boys Professional;Professional,1132.0,,2 quartos in collection,1608,1608,274a,The Conspiracy and Tragedy of Charles Duke of Byron (1608),False
A18404.2,Play in Collection,281,5069.02,649,2810,1.0,,275,281,The Tragedy of Charles Duke of Byron,"Chapman, George","Chapman, George",tragedy,Boys Professional;Professional,1132.0,,2 quartos in collection,1608,1608,275a,The Conspiracy and Tragedy of Charles Duke of Byron (1608),False
A03022,Collection,877,5071.0,1475,3230,,1,2029,877,The Order and Solemnity of the Creation of the High and Mighty Prince Henry,"Daniel, Samuel","Daniel, Samuel",not in BritDrama,Collection,,"Tethys' Festival, or The Queen's Wake (Tethyos Epinicia) ",1 quarto,1610,1610,,,False
A03022.1,Play in Collection,297,5071.01,682,1852,1.0,,291,297,"Tethys' Festival, or The Queen's Wake (Tethyos Epinicia)","Daniel, Samuel","Daniel, Samuel",masque,Occasional;Nonprofessional,1188.0,,1 quarto in collection,1610,1610,291a,The Order and Solemnity of the Creation of the High and Mighty Prince Henry (1610),False
A17879,Collection,879,5073.0,1477,2817,,1,2031,879,A Relation of the Late Royal Entertainment,"Campion, Thomas","Campion, Thomas",not in BritDrama,Collection;Nonprofessional;Occasional,,The Royal Entertainment at Caversham; The Lord's Masque (Wedding Masque of Stars and Statues Made Human) ,1 quarto,1613,1613,,,False
A17879.1,Play in Collection,324,5073.01,727,2818,1.0,,318,324,The Royal Entertainment at Caversham,"Campion, Thomas","Campion, Thomas",entertainment; masque; royal entertainment or entry,Occasional;Nonprofessional,1025.0,,1 quarto in collection,1613,1613,318a,A Relation of the Late Royal Entertainment (1613),False
A17879.2,Play in Collection,325,5073.02,728,2819,1.0,,319,325,The Lord's Masque (Wedding Masque of Stars and Statues Made Human),"Campion, Thomas","Campion, Thomas",masque,Occasional;Nonprofessional,1025.0,,1 quarto in collection,1613,1613,319a,A Relation of the Late Royal Entertainment (1613),False
A04632,Collection,880,5075.0,1478,3191,,1,2032,880,The Works,"Jonson, Ben","Jonson, Ben",not in BritDrama,Collection,,"Every Man in His Humor; Every Man Out of His Humor; Cynthia's Revels, or The Fountain of Self-Love; Poetaster, or The Arraignment; Sejanus His Fall; Volpone, or The Fox; Epicene, or The Silent Woman; The Alchemist; Catiline His Conspiracy; The Coronation Triumph (The Royal Entry of King James I into London); The Royal Entertainment of the Queen and Prince at Althorp (The Satyr); The Royal Entertainment at Highgate (The Penates); The Royal Entertainment of the Two Kings of Great Britain and Denmark (The Entertainment at Theobalds, 1606) (The Hours); The Royal Entertainment at Theobalds, 1607 (The Genius); The Masque of Blackness (The Twelfth Night's Revels); The Masque of Beauty; Hymenaei, or the Solemnities of Masque and Barriers at a Marriage (Truth versus Opinion); The Masque of Queens; Prince Henry's Barriers  (The Lady of the Lake) (Merlin and Meliadus); Oberon, the Faery Prince; Love Freed from Ignorance and Folly; Love Restored; The Challenge at Tilt (Eros and Anteros); The Irish Masque; Mercury Vindicated from the Alchemists at Court; The Golden Age Restored ",2 folios,1616,1616,,,False
A04632.1,Play in Collection,182,5076.01,406,2792,3.0,,176,182,Every Man in His Humor,"Jonson, Ben","Jonson, Ben",comedy,Adult Professional;Professional,118.0,,"1 quarto, 2 folios in collection",1640,1601,176c,The Works (1640),False
A04632.2,Play in Collection,169,5076.02,369,2768,5.0,,163,169,Every Man Out of His Humor,"Jonson, Ben","Jonson, Ben",comedy,Adult Professional;Professional,118.0,,"3 quartos, 2 folios in collection",1640,1600,163e,The Works (1640),False
A04632.3,Play in Collection,187,5076.03,414,2797,3.0,,181,187,"Cynthia's Revels, or The Fountain of Self-Love","Jonson, Ben","Jonson, Ben",satire,Boys Professional;Professional,118.0,,"1 quarto, 2 folios in collection",1640,1601,181c,The Works (1640),False
A04632.4,Play in Collection,192,5076.04,424,3009,3.0,,186,192,"Poetaster, or The Arraignment","Jonson, Ben","Jonson, Ben",comedy,Boys Professional;Professional,118.0,,"1 quarto, 2 folios in collection",1640,1602,186c,The Works (1640),False
A04632.5,Play in Collection,222,5076.05,513,2918,3.0,,216,222,Sejanus His Fall,"Jonson, Ben","Jonson, Ben",tragedy,Adult Professional;Professional,118.0,,"1 quarto, 2 folios in collection",1640,1605,216c,The Works (1640),False
A04632.6,Play in Collection,265,5076.06,607,3014,3.0,,259,265,"Volpone, or The Fox","Jonson, Ben","Jonson, Ben",comedy,Adult Professional;Professional,118.0,,"1 quarto, 2 folios in collection",1640,1607,259c,The Works (1640),False
A04632.7,Play in Collection,310,5076.07,706,3018,3.0,,304,310,"Epicene, or The Silent Woman","Jonson, Ben","Jonson, Ben",comedy,Boys Professional;Professional,118.0,,"1 quarto, 2 folios in collection",1640,1616,304d,The Works (1640),False
A04632.8,Play in Collection,309,5076.08,703,3017,3.0,,303,309,The Alchemist,"Jonson, Ben","Jonson, Ben",comedy,Adult Professional;Professional,118.0,,"1 quarto, 2 folios in collection",1640,1612,303c,The Works (1640),False
A04632.9,Play in Collection,302,5076.09,694,3016,5.0,,296,302,Catiline His Conspiracy,"Jonson, Ben","Jonson, Ben",tragedy,Adult Professional;Professional,118.0,,"3 quartos, 2 folios in collection",1640,1611,296e,The Works (1640),False
A04632.10,Play in Collection,206,5076.1,461,2886,3.0,,200,206,The Coronation Triumph (The Royal Entry of King James I into London),"Jonson, Ben","Jonson, Ben",entertainment; royal entertainment or entry,Occasional;Nonprofessional,118.0,,"1 quarto in collection, 2 folios in collection",1640,1604,200c,The Works (1640),False
A04632.11,Play in Collection,207,5076.11,464,2887,3.0,,201,207,The Royal Entertainment of the Queen and Prince at Althorp (The Satyr),"Jonson, Ben","Jonson, Ben",entertainment; royal entertainment or entry,Occasional;Nonprofessional,118.0,,"1 quarto in collection, 2 folios in collection",1640,1604,201c,The Works (1640),False
A04632.12,Play in Collection,345,5076.12,768,3019,2.0,,339,345,The Royal Entertainment at Highgate (The Penates),"Jonson, Ben","Jonson, Ben",entertainment; royal entertainment or entry,Occasional;Nonprofessional,118.0,,2 folios in collection,1640,1616,339b,The Works (1640),False
A04632.13,Play in Collection,346,5076.13,770,3020,2.0,,340,346,"The Royal Entertainment of the Two Kings of Great Britain and Denmark (The Entertainment at Theobalds, 1606) (The Hours)","Jonson, Ben","Jonson, Ben",entertainment; royal entertainment or entry,Occasional;Nonprofessional,118.0,,2 folios in collection,1640,1616,340b,The Works (1640),False
A04632.14,Play in Collection,347,5076.14,772,3021,2.0,,341,347,"The Royal Entertainment at Theobalds, 1607 (The Genius)","Jonson, Ben","Jonson, Ben",entertainment; royal entertainment or entry,Occasional;Nonprofessional,118.0,,2 folios in collection,1640,1616,341b,The Works (1640),False
A04632.15,Play in Collection,275,5076.15,633,3011,3.0,,269,275,The Masque of Blackness (The Twelfth Night's Revels),"Jonson, Ben","Jonson, Ben",masque,Occasional;Nonprofessional,118.0,,"1 quarto in collection, 2 folios in collection",1640,1608,269c,The Works (1640),False
A04632.16,Play in Collection,276,5076.16,636,3012,3.0,,270,276,The Masque of Beauty,"Jonson, Ben","Jonson, Ben",masque,Occasional;Nonprofessional,118.0,,"1 quarto in collection, 2 folios in collection",1640,1608,270c,The Works (1640),False
A04632.17,Play in Collection,243,5076.17,560,3010,3.0,,237,243,"Hymenaei, or the Solemnities of Masque and Barriers at a Marriage (Truth versus Opinion)","Jonson, Ben","Jonson, Ben",masque,Occasional;Nonprofessional,118.0,,"1 quarto, 2 folios in collection",1640,1606,237c,The Works (1640),False
A04632.18,Play in Collection,277,5076.18,639,3013,3.0,,271,277,The Masque at Lord Haddington's Marriage (The Hue and Cry after the Fugitive Cupid),"Jonson, Ben","Jonson, Ben",masque,Occasional;Nonprofessional,118.0,,"1 quarto in collection, 2 folios in collection",1640,1608,271c,The Works (1640),False
A04632.19,Play in Collection,286,5076.19,662,3015,3.0,,280,286,The Masque of Queens,"Jonson, Ben","Jonson, Ben",masque,Occasional;Nonprofessional,118.0,,"1 quarto, 2 folios in collection",1640,1609,280c,The Works (1640),False
A04632.20,Play in Collection,348,5076.2,774,3022,2.0,,342,348,Prince Henry's Barriers  (The Lady of the Lake) (Merlin and Meliadus),"Jonson, Ben","Jonson, Ben",entertainment; tournament,Occasional;Nonprofessional,118.0,,2 folios in collection,1640,1616,342b,The Works (1640),False
A04632.21,Play in Collection,349,5076.21,776,3023,2.0,,343,349,"Oberon, the Faery Prince","Jonson, Ben","Jonson, Ben",masque,Occasional;Nonprofessional,118.0,,2 folios in collection,1640,1616,343b,The Works (1640),False
A04632.22,Play in Collection,350,5076.22,778,3024,2.0,,344,350,Love Freed from Ignorance and Folly,"Jonson, Ben","Jonson, Ben",masque,Occasional;Nonprofessional,118.0,,2 folios in collection,1640,1616,344b,The Works (1640),False
A04632.23,Play in Collection,351,5076.23,780,3025,2.0,,345,351,Love Restored,"Jonson, Ben","Jonson, Ben",masque,Occasional;Nonprofessional,118.0,,2 folios in collection,1640,1616,345b,The Works (1640),False
A04632.24,Play in Collection,352,5076.24,782,3026,2.0,,346,352,The Challenge at Tilt (Eros and Anteros),"Jonson, Ben","Jonson, Ben",entertainment; tilt; tournament,Occasional;Nonprofessional,118.0,,2 folios in collection,1640,1616,346b,The Works (1640),False
A04632.25,Play in Collection,353,5076.25,784,3027,2.0,,347,353,The Irish Masque,"Jonson, Ben","Jonson, Ben",masque,Occasional;Nonprofessional,118.0,,2 folios in collection,1640,1616,347b,The Works (1640),False
A04632.26,Play in Collection,354,5076.26,786,3028,2.0,,348,354,Mercury Vindicated from the Alchemists at Court,"Jonson, Ben","Jonson, Ben",masque,Occasional;Nonprofessional,118.0,,2 folios in collection,1640,1616,348b,The Works (1640),False
A04632.27,Play in Collection,355,5076.27,788,3029,2.0,,349,355,The Golden Age Restored,"Jonson, Ben","Jonson, Ben",masque,Occasional;Nonprofessional,118.0,,2 folios in collection,1640,1616,349b,The Works (1640),False
A07502,Collection,882,5078.0,1481,2427,,1,2034,882,Honorable Entertainments,"Middleton, Thomas","Middleton, Thomas",not in BritDrama,Collection;Nonprofessional;Occasional,,The Entertainment at Sir William Cokayne's in Easter Week (The Cock); The Entertainment at Bunhill on the Shooting Day (The Archer); The Entertainment at the Conduit Head (The Water Nymph); The Entertainment for the General Training (Pallas); The Entertainment at Sir William Cokayne's upon Simon and Jude's Day (The Year's Funeral) (The Mourner); The Entertainment at Sir Francis Jones's Welcome (Comus the Great Sir of Feasts) (The Servant of Comus); The Entertainment at Sir Francis Jones's at Christmas (The Triumph of Temperance) (Levity and Temperance); The Entertainment at Sir Francis Jones's at Easter (The Four Seasons); The Entertainment of the Lords of the Council by Sheriff Allen (Flora's Welcome); The Entertainment of the Lords of the Council by Sheriff Ducie (Flora's Servants) ,1 octavo,1621,1621,,,False
A07502.1,Play in Collection,375,5078.01,828,2854,1.0,,369,375,The Entertainment at Sir William Cokayne's in Easter Week (The Cock),"Middleton, Thomas","Middleton, Thomas",entertainment; civic play,Occasional;Nonprofessional,816.0,,1 octavo in collection,1621,1621,369a,Honorable Entertainments (1621),False
A07502.2,Play in Collection,376,5078.02,829,2855,1.0,,370,376,The Entertainment at Bunhill on the Shooting Day (The Archer),"Middleton, Thomas","Middleton, Thomas",entertainment; civic play,Occasional;Nonprofessional,816.0,,1 octavo in collection,1621,1621,370a,Honorable Entertainments (1621),False
A07502.3,Play in Collection,377,5078.03,830,2856,1.0,,371,377,The Entertainment at the Conduit Head (The Water Nymph),"Middleton, Thomas","Middleton, Thomas",entertainment; civic play,Occasional;Nonprofessional,816.0,,1 octavo in collection,1621,1621,371a,Honorable Entertainments (1621),False
A07502.4,Play in Collection,378,5078.04,831,2857,1.0,,372,378,The Entertainment for the General Training (Pallas),"Middleton, Thomas","Middleton, Thomas",entertainment; civic play,Occasional;Nonprofessional,816.0,,1 octavo in collection,1621,1621,372a,Honorable Entertainments (1621),False
A07502.5,Play in Collection,379,5078.05,832,2858,1.0,,373,379,The Entertainment at Sir William Cokayne's upon Simon and Jude's Day (The Year's Funeral) (The Mourner),"Middleton, Thomas","Middleton, Thomas",entertainment; civic play,Occasional;Nonprofessional,816.0,,1 octavo in collection,1621,1621,373a,Honorable Entertainments (1621),False
A07502.6,Play in Collection,380,5078.06,833,2859,1.0,,374,380,The Entertainment at Sir Francis Jones's Welcome (Comus the Great Sir of Feasts) (The Servant of Comus),"Middleton, Thomas","Middleton, Thomas",entertainment; civic play,Occasional;Nonprofessional,816.0,,1 octavo in collection,1621,1621,374a,Honorable Entertainments (1621),False
A07502.7,Play in Collection,381,5078.07,834,2825,1.0,,375,381,The Entertainment at Sir Francis Jones's at Christmas (The Triumph of Temperance) (Levity and Temperance),"Middleton, Thomas","Middleton, Thomas",entertainment; civic play,Occasional;Nonprofessional,816.0,,1 octavo in collection,1621,1621,375a,Honorable Entertainments (1621),False
A07502.8,Play in Collection,382,5078.08,835,2826,1.0,,376,382,The Entertainment at Sir Francis Jones's at Easter (The Four Seasons),"Middleton, Thomas","Middleton, Thomas",entertainment; civic play,Occasional;Nonprofessional,816.0,,1 octavo in collection,1621,1621,376a,Honorable Entertainments (1621),False
A07502.9,Play in Collection,383,5078.09,836,2860,1.0,,377,383,The Entertainment of the Lords of the Council by Sheriff Allen (Flora's Welcome),"Middleton, Thomas","Middleton, Thomas",entertainment; civic play,Occasional;Nonprofessional,816.0,,1 octavo in collection,1621,1621,377a,Honorable Entertainments (1621),False
A07502.10,Play in Collection,384,5078.1,837,3094,1.0,,378,384,The Entertainment of the Lords of the Council by Sheriff Ducie (Flora's Servants),"Middleton, Thomas","Middleton, Thomas",entertainment; civic play,Occasional;Nonprofessional,816.0,,1 octavo in collection,1621,1621,378a,Honorable Entertainments (1621),False
A19811,Collection,883,5079.0,1482,2236,,1,2035,883,The Whole Works,"Daniel, Samuel","Daniel, Samuel",not in BritDrama,Collection,,Philotas; Hymen's Triumph; The Queen's Arcadia (Arcadia Reformed); The Vision of the Twelve Goddesses (The Masque at Hampton Court); Cleopatra ,1 quarto,1623,1623,,,False
A19811.1,Play in Collection,229,5079.01,526,2241,5.0,,223,229,Philotas,"Daniel, Samuel","Daniel, Samuel",tragedy,Boys Professional;Professional,1341.0,,"1 octavo (bibliographically independent and in collection), 2 duodecimos in collection, 1 quarto in collection",1623,1605,223e,The Whole Works (1623),False
A19811.2,Play in Collection,331,5079.02,737,2245,2.0,,325,331,Hymen's Triumph,"Daniel, Samuel","Daniel, Samuel",pastoral; tragicomedy,Occasional;Nonprofessional,1341.0,,"1 octavo, 1 quarto in collection",1623,1615,325b,The Whole Works (1623),False
A19811.3,Play in Collection,233,5079.03,537,2243,4.0,,227,233,The Queen's Arcadia (Arcadia Reformed),"Daniel, Samuel","Daniel, Samuel",pastoral,University/Inns of Court;Nonprofessional,1341.0,,"1 quarto, 1 octavo in collection, 1 duodecimo in collection, 1 quarto in collection",1623,1606,227d,The Whole Works (1623),False
A19811.4,Play in Collection,213,5079.04,488,2238,3.0,,207,213,The Vision of the Twelve Goddesses (The Masque at Hampton Court),"Daniel, Samuel","Daniel, Samuel",masque,Occasional;Nonprofessional,1341.0,,"1 quarto, 1 octavo, 1 quarto in collection",1623,1604,207c,The Whole Works (1623),False
A19811.5,Play in Collection,138,5079.05,259,2237,9.0,,132,138,Cleopatra,"Daniel, Samuel","Daniel, Samuel",tragedy,Closet/Unacted;Nonprofessional,1341.0,,"1 sixteenmo in collection, 3 octavos in collection, 2 duodecimos in collection, 1 folio in collection, 1 quarto in collection, 1 quarto (bibliographically independent and in collection)",1623,1594,132i,The Whole Works (1623),False
A11954,Collection,884,5081.0,1483,2430,,1,2036,884,"Comedies, Histories, and Tragedies","Shakespeare, William","Shakespeare, William",not in BritDrama,Collection;Adult Professional;Professional,,"The Tempest; The Two Gentlemen of Verona; The Merry Wives of Windsor; Measure for Measure; The Comedy of Errors; Much Ado About Nothing; Love's Labor's Lost; A Midsummer Night's Dream; The Merchant of Venice (The Jew of Venice); As You Like It; The Taming of the Shrew; All's Well That Ends Well; Twelfth Night, or What You Will; The Winter's Tale; King John; Richard the Second; 1 Henry the Fourth; 2 Henry the Fourth; Henry the Fifth; 1 Henry the Sixth; 2 Henry the Sixth (The First Part of the Contention betwixt the Two Famous Houses of York and Lancaster); 3 Henry the Sixth (The True Tragedy of Richard Duke of York and the Good King Henry the Sixth); Richard the Third; Henry the Eighth (All Is True); Troilus and Cressida; Coriolanus; Titus Andronicus; Romeo and Juliet; Timon of Athens; Julius Caesar; Macbeth; Hamlet, Prince of Denmark; King Lear; Othello, the Moor of Venice; Antony and Cleopatra; Cymbeline, King of Britain ",2 folios,1623,1623,,,False
A11954.1,Play in Collection,396,5081.01,860,2625,1.0,,390,396,The Tempest,"Shakespeare, William","Shakespeare, William",comedy,Adult Professional;Professional,1777.0,,2 folios in collection,1623,1623,390a,"Comedies, Histories, and Tragedies (1623)",False
A11954.2,Play in Collection,397,5081.02,862,2626,1.0,,391,397,The Two Gentlemen of Verona,"Shakespeare, William","Shakespeare, William",comedy,Adult Professional;Professional,1777.0,,2 folios in collection,1623,1623,391a,"Comedies, Histories, and Tragedies (1623)",False
A11954.3,Play in Collection,193,5081.03,427,2620,3.0,,187,193,The Merry Wives of Windsor,"Shakespeare, William","Shakespeare, William",comedy,Adult Professional;Professional,1777.0,,"3 quartos, 2 folios in collection",1623,1602,187c,"Comedies, Histories, and Tragedies (1623)",False
A11954.4,Play in Collection,398,5081.04,864,2627,1.0,,392,398,Measure for Measure,"Shakespeare, WilliamMiddleton, Thomas","Shakespeare, William; Middleton, Thomas, rev.",tragicomedy,Adult Professional;Professional,1777.0,,2 folios in collection,1623,1623,392a,"Comedies, Histories, and Tragedies (1623)",False
A11954.5,Play in Collection,399,5081.05,866,2629,1.0,,393,399,The Comedy of Errors,"Shakespeare, William","Shakespeare, William",comedy,Adult Professional;Professional,1777.0,,2 folios in collection,1623,1623,393a,"Comedies, Histories, and Tragedies (1623)",False
A11954.6,Play in Collection,174,5081.06,382,2617,2.0,,168,174,Much Ado About Nothing,"Shakespeare, William","Shakespeare, William",comedy,Adult Professional;Professional,1777.0,,"1 quarto, 2 folios in collection",1623,1600,168b,"Comedies, Histories, and Tragedies (1623)",False
A11954.7,Play in Collection,156,5081.07,316,2614,2.0,,150,156,Love's Labor's Lost,"Shakespeare, William","Shakespeare, William",comedy,Adult Professional;Professional,1777.0,,"2 quartos, 2 folios in collection",1623,1598,150b,"Comedies, Histories, and Tragedies (1623)",False
A11954.8,Play in Collection,176,5081.08,387,2618,3.0,,170,176,A Midsummer Night's Dream,"Shakespeare, William","Shakespeare, William",comedy,Adult Professional;Professional,1777.0,,"2 quartos, 2 folios in collection",1623,1600,170c,"Comedies, Histories, and Tragedies (1623)",False
A11954.9,Play in Collection,178,5081.09,393,2619,3.0,,172,178,The Merchant of Venice (The Jew of Venice),"Shakespeare, William","Shakespeare, William",comedy,Adult Professional;Professional,1777.0,,"3 quartos, 2 folios in collection",1623,1600,172c,"Comedies, Histories, and Tragedies (1623)",False
A11954.10,Play in Collection,400,5081.1,868,2630,1.0,,394,400,As You Like It,"Shakespeare, William","Shakespeare, William",comedy,Adult Professional;Professional,1777.0,,2 folios in collection,1623,1623,394a,"Comedies, Histories, and Tragedies (1623)",False
A11954.11,Play in Collection,934,5081.11,229,2581,1.0,,120.5,934,The Taming of the Shrew,"Shakespeare, William","Shakespeare, William",comedy,Adult Professional;Professional,1777.0,,"1 quarto, 2 folios in collection",1623,1623,120d,"Comedies, Histories, and Tragedies (1623)",False
A11954.12,Play in Collection,401,5081.12,870,2631,1.0,,395,401,All's Well That Ends Well,"Shakespeare, WilliamMiddleton, Thomas","Shakespeare, William; Middleton, Thomas, rev. (?)",tragicomedy,Adult Professional;Professional,1777.0,,2 folios in collection,1623,1623,395a,"Comedies, Histories, and Tragedies (1623)",False
A11954.13,Play in Collection,402,5081.13,872,2634,1.0,,396,402,"Twelfth Night, or What You Will","Shakespeare, William","Shakespeare, William",comedy,Adult Professional;Professional,1777.0,,2 folios in collection,1623,1623,396a,"Comedies, Histories, and Tragedies (1623)",False
A11954.14,Play in Collection,403,5081.14,874,2635,1.0,,397,403,The Winter's Tale,"Shakespeare, William","Shakespeare, William",romance,Adult Professional;Professional,1777.0,,2 folios in collection,1623,1623,397a,"Comedies, Histories, and Tragedies (1623)",False
A11954.15,Play in Collection,404,5081.15,876,2636,1.0,,398,404,King John,"Shakespeare, William","Shakespeare, William",history,Adult Professional;Professional,1777.0,,2 folios in collection,1623,1623,398a,"Comedies, Histories, and Tragedies (1623)",False
A11954.16,Play in Collection,147,5081.16,278,2610,6.0,,141,147,Richard the Second,"Shakespeare, William","Shakespeare, William",tragedy; history,Adult Professional;Professional,1777.0,,"6 quartos, 2 folios in collection",1623,1597,141f,"Comedies, Histories, and Tragedies (1623)",False
A11954.17,Play in Collection,151,5081.17,306,2613,8.0,,145,151,1 Henry the Fourth,"Shakespeare, William","Shakespeare, William",history,Adult Professional;Professional,1777.0,,"9 quartos, 2 folios in collection",1623,1598,145h,"Comedies, Histories, and Tragedies (1623)",False
A11954.18,Play in Collection,173,5081.18,379,2616,2.0,,167,173,2 Henry the Fourth,"Shakespeare, William","Shakespeare, William",history,Adult Professional;Professional,1777.0,,"1 quarto, 2 folios in collection",1623,1600,167b,"Comedies, Histories, and Tragedies (1623)",False
A11954.19,Play in Collection,171,5081.19,374,2615,4.0,,165,171,Henry the Fifth,"Shakespeare, William","Shakespeare, William",history,Adult Professional;Professional,1777.0,,"3 quartos, 2 folios in collection",1623,1600,165d,"Comedies, Histories, and Tragedies (1623)",False
A11954.20,Play in Collection,405,5081.2,878,2637,1.0,,399,405,1 Henry the Sixth,"AnonymousMarlowe, ChristopherShakespeare, WilliamNashe, Thomas","Nashe, Thomas; Marlowe, Christopher; Shakespeare, William; Anonymous",history,Adult Professional;Professional,1777.0,,2 folios in collection,1623,1623,399a,"Comedies, Histories, and Tragedies (1623)",False
A11954.21,Play in Collection,125,5081.21,224,2575,4.0,,119,125,2 Henry the Sixth (The First Part of the Contention betwixt the Two Famous Houses of York and Lancaster),"AnonymousMarlowe, ChristopherShakespeare, William","Shakespeare, William",history,Adult Professional;Professional,1777.0,,"2 quartos, 1 quarto in collection, 2 folios in collection",1623,1594,119d,"Comedies, Histories, and Tragedies (1623)",False
A11954.22,Play in Collection,144,5081.22,268,2606,4.0,,138,144,3 Henry the Sixth (The True Tragedy of Richard Duke of York and the Good King Henry the Sixth),"AnonymousMarlowe, ChristopherShakespeare, William","Shakespeare, William; Marlowe, Christopher; Anonymous (?)",history,Adult Professional;Professional,1777.0,,"1 octavo, 1 quarto, 1 quarto in collection, 2 folios in collection",1623,1595,138d,"Comedies, Histories, and Tragedies (1623)",False
A11954.23,Play in Collection,148,5081.23,287,2611,7.0,,142,148,Richard the Third,"Shakespeare, William","Shakespeare, William",tragedy; history,Adult Professional;Professional,1777.0,,"8 quartos, 2 folios in collection",1623,1597,142g,"Comedies, Histories, and Tragedies (1623)",False
A11954.24,Play in Collection,406,5081.24,880,2644,1.0,,400,406,Henry the Eighth (All Is True),"Shakespeare, WilliamFletcher, John","Shakespeare, William; Fletcher, John",history,Adult Professional;Professional,1777.0,,2 folios in collection,1623,1623,400a,"Comedies, Histories, and Tragedies (1623)",False
A11954.25,Play in Collection,285,5081.25,658,2623,2.0,,279,285,Troilus and Cressida,"Shakespeare, William","Shakespeare, William",tragedy,Adult Professional;Professional,1777.0,,"1 quarto, 2 folios in collection",1623,1609,279b,"Comedies, Histories, and Tragedies (1623)",False
A11954.26,Play in Collection,407,5081.26,882,2638,1.0,,401,407,Coriolanus,"Shakespeare, William","Shakespeare, William",tragedy,Adult Professional;Professional,1777.0,,2 folios in collection,1623,1623,401a,"Comedies, Histories, and Tragedies (1623)",False
A11954.27,Play in Collection,123,5081.27,214,2566,4.0,,117,123,Titus Andronicus,"Peele, GeorgeShakespeare, WilliamMiddleton, Thomas","Shakespeare, William; Peele, George; Middleton, Thomas, rev. (?)",tragedy,Adult Professional;Professional,1777.0,,"3 quartos, 2 folios in collection",1623,1594,117d,"Comedies, Histories, and Tragedies (1623)",False
A11954.28,Play in Collection,149,5081.28,294,2612,5.0,,143,149,Romeo and Juliet,"Shakespeare, William","Shakespeare, William",tragedy,Adult Professional;Professional,1777.0,,"5 quartos, 2 folios in collection",1623,1597,143d,"Comedies, Histories, and Tragedies (1623)",False
A11954.29,Play in Collection,408,5081.29,884,2639,1.0,,402,408,Timon of Athens,"Shakespeare, WilliamMiddleton, Thomas","Shakespeare, William; Middleton, Thomas",tragedy,Adult Professional;Professional,1777.0,,2 folios in collection,1623,1623,402a,"Comedies, Histories, and Tragedies (1623)",False
A11954.30,Play in Collection,409,5081.3,886,2640,1.0,,403,409,Julius Caesar,"Shakespeare, William","Shakespeare, William",tragedy,Adult Professional;Professional,1777.0,,2 folios in collection,1623,1623,403a,"Comedies, Histories, and Tragedies (1623)",False
A11954.31,Play in Collection,410,5081.31,888,2641,1.0,,404,410,Macbeth,"Shakespeare, WilliamMiddleton, Thomas","Shakespeare, William; Middleton, Thomas, rev.",tragedy,Adult Professional;Professional,1777.0,,2 folios in collection,1623,1623,404a,"Comedies, Histories, and Tragedies (1623)",False
A11954.32,Play in Collection,203,5081.32,453,2621,4.0,,197,203,"Hamlet, Prince of Denmark","Shakespeare, William","Shakespeare, William",tragedy,Adult Professional;Professional,1777.0,,"5 quartos, 2 folios in collection",1623,1603,197e,"Comedies, Histories, and Tragedies (1623)",False
A11954.33,Play in Collection,271,5081.33,625,2622,3.0,,265,271,King Lear,"Shakespeare, William","Shakespeare, William",tragedy,Adult Professional;Professional,1777.0,,"3 quartos, 2 folios in collection",1623,1608,265c,"Comedies, Histories, and Tragedies (1623)",False
A11954.34,Play in Collection,385,5081.34,839,2624,2.0,,379,385,"Othello, the Moor of Venice","Shakespeare, William","Shakespeare, William",tragedy,Adult Professional;Professional,1777.0,,"3 quartos, 2 folios in collection",1623,1622,379b,"Comedies, Histories, and Tragedies (1623)",False
A11954.35,Play in Collection,411,5081.35,890,2642,1.0,,405,411,Antony and Cleopatra,"Shakespeare, William","Shakespeare, William",tragedy,Adult Professional;Professional,1777.0,,2 folios in collection,1623,1623,405a,"Comedies, Histories, and Tragedies (1623)",False
A11954.36,Play in Collection,412,5081.36,892,2643,1.0,,406,412,"Cymbeline, King of Britain","Shakespeare, William","Shakespeare, William",romance,Adult Professional;Professional,1777.0,,2 folios in collection,1623,1623,406a,"Comedies, Histories, and Tragedies (1623)",False
A10402,Collection,886,5093.0,1488,2902,,3,2038,886,Aristippus; The Conceited Pedlar,"Randolph, Thomas","Randolph, Thomas",not in BritDrama,Collection;University/Inns of Court;Nonprofessional,,"Aristippus, or The Jovial Philosopher; The Conceited Pedlar (The University Pedlar) ",6 quartos,1630,1630,,,False
A10402.1,Play in Collection,437,5093.01,934,2903,3.0,,431,437,"Aristippus, or The Jovial Philosopher","Randolph, Thomas","Randolph, Thomas",entertainment; academic entertainment,University/Inns of Court;Nonprofessional,1819.0,,"6 quartos in collection, 1 octavo in collection",1630,1630,431d,Aristippus; The Conceited Pedlar (1630),False
A10402.2,Play in Collection,438,5093.02,941,2904,3.0,,432,438,The Conceited Pedlar (The University Pedlar),"Randolph, Thomas","Randolph, Thomas",entertainment; academic entertainment,University/Inns of Court;Nonprofessional,1819.0,,"6 quartos in collection, 1 octavo in collection",1630,1630,432d,Aristippus; The Conceited Pedlar (1630),False
A04633,Collection,887,5097.0,1492,,,1,2039,887,The Works. Second Volume.,"Jonson, Ben","Jonson, Ben",not in BritDrama,Collection;Professional;Adult Professional,,Bartholomew Fair; The Devil Is an Ass; The Staple of News ,1 folio,1631,1631,,,False
A04633.1,Play in Collection,461,5097.01,971,1459,1.0,,455,461,Bartholomew Fair,"Jonson, Ben","Jonson, Ben",comedy,Adult Professional;Professional,272.0,,1 folio in collection,1631,1631,455a(*),The Works. Second Volume. (1631),False
A04633.2,Play in Collection,461,5097.02,971,1459,1.0,,455,461,Bartholomew Fair,"Jonson, Ben","Jonson, Ben",comedy,Adult Professional;Professional,272.0,,1 folio in collection,1631,1631,455a(‚Ä†),The Works. Second Volume. (1631),False
A04633.3,Play in Collection,463,5097.03,973,3115,1.0,,457,463,The Devil Is an Ass,"Jonson, Ben","Jonson, Ben",comedy,Adult Professional;Professional,272.0,,"1 folio in collection, 1 folio (bibliographically independent and in collection)",1631,1631,457a,The Works. Second Volume. (1631),False
A04633.4,Play in Collection,462,5097.04,972,3114,1.0,,456,462,The Staple of News,"Jonson, Ben","Jonson, Ben",comedy,Adult Professional;Professional,272.0,,1 folio in collection,1631,1631,456a,The Works. Second Volume. (1631),False
A01851,Collection,889,5100.0,1494,2413,,1,2041,889,Poems,"Gomersall, Robert","Gomersall, Robert",not in BritDrama,Collection,,"Lodovic Sforza, Duke of Milan ",1 octavo,1633,1633,,,False
A01851.1,Play in Collection,424,5100.01,912,2512,2.0,,418,424,"Lodovic Sforza, Duke of Milan","Gomersall, Robert","Gomersall, Robert",tragedy,Closet/Unacted;Nonprofessional,1470.0,,"1 octavo, 1 octavo in collection",1633,1628,418b,Poems (1633),False
A02226,Collection,890,5101.0,1495,2414,,1,2042,890,Certain Learned and Elegant Works,"Greville, Fulke","Greville, Fulke",not in BritDrama,Collection,,Alaham; Mustapha ,1 folio,1633,1633,,,False
A02226.1,Play in Collection,495,5101.01,1015,3121,1.0,,489,495,Alaham,"Greville, Fulke","Greville, Fulke",tragedy,Closet/Unacted;Nonprofessional,1491.0,,1 folio in collection,1633,1633,489a,Certain Learned and Elegant Works (1633),False
A02226.2,Play in Collection,284,5101.02,656,3206,2.0,,278,284,Mustapha,"Greville, Fulke","Greville, Fulke",tragedy,Closet/Unacted;Nonprofessional,1491.0,,"1 quarto, 1 folio in collection",1633,1609,278b,Certain Learned and Elegant Works (1633),False
A03241,Collection,893,5105.0,1498,2441,,1,2045,893,Pleasant Dialogues and Dramas,"Heywood, Thomas","Heywood, Thomas",not in BritDrama,Collection,,"Jupiter and Io; Apollo and Daphne; Amphrisa, or The Forsaken Shepherdess (Polopaea and Alope) ",1 octavo,1637,1637,,,False
A03241.1,Play in Collection,534,5105.01,1063,3001,1.0,,528,534,Jupiter and Io,"Heywood, Thomas","Heywood, Thomas",classical legend or myth,Closet/Unacted;Nonprofessional,1060.0,,1 octavo in collection,1637,1637,528a,Pleasant Dialogues and Dramas (1637),False
A03241.2,Play in Collection,535,5105.02,1064,3002,1.0,,529,535,Apollo and Daphne,"Heywood, Thomas","Heywood, Thomas",classical legend or myth,Closet/Unacted;Nonprofessional,1060.0,,1 octavo in collection,1637,1637,529a,Pleasant Dialogues and Dramas (1637),False
A03241.3,Play in Collection,536,5105.03,1065,3003,1.0,,530,536,"Amphrisa, or The Forsaken Shepherdess (Polopaea and Alope)","Heywood, Thomas","Heywood, Thomas",pastoral,Closet/Unacted;Nonprofessional,1060.0,,1 octavo in collection,1637,1637,530a,Pleasant Dialogues and Dramas (1637),False
A16564,Collection,894,5106.0,1499,2376,,1,2046,894,Recreations with the Muses,"Alexander, William","Alexander, William",not in BritDrama,Collection,,Croesus; Darius; The Alexandraean Tragedy; Julius Caesar ,1 folio,1637,1637,,,False
A16564.1,Play in Collection,215,5106.01,493,2897,3.0,,209,215,Croesus,"Alexander, William","Alexander, William",tragedy,Closet/Unacted;Nonprofessional,656.0,,"1 quarto in collection, 1 octavo in collection, 1 folio in collection",1637,1604,209c,Recreations with the Muses (1637),False
A16564.2,Play in Collection,202,5106.02,448,2507,4.0,,196,202,Darius,"Alexander, William","Alexander, William",tragedy,Closet/Unacted;Nonprofessional,656.0,,"1 quarto, 1 quarto (bibliographically independent and in collection), 1 octavo in collection, 1 folio in collection",1637,1603,196d,Recreations with the Muses (1637),False
A16564.3,Play in Collection,266,5106.03,610,3196,3.0,,260,266,The Alexandraean Tragedy,"Alexander, William","Alexander, William",tragedy,Closet/Unacted;Nonprofessional,656.0,,"1 quarto in collection, 1 octavo in collection, 1 folio in collection",1637,1607,260c,Recreations with the Muses (1637),False
A16564.4,Play in Collection,267,5106.04,613,3197,3.0,,261,267,Julius Caesar,"Alexander, William","Alexander, William",tragedy,Closet/Unacted;Nonprofessional,656.0,,"1 quarto in collection, 1 octavo in collection, 1 folio in collection",1637,1607,261c,Recreations with the Muses (1637),False
A10411,Collection,896,5111.0,1501,2258,,1,2048,896,Poems with the Muses' Looking Glass; and Amyntas,"Randolph, Thomas","Randolph, Thomas",not in BritDrama,Collection,,"The Muses' Looking Glass; Amyntas, or The Impossible Dowry ","1 quarto, 3 octavos",1638,1638,,,False
A10411.1,Play in Collection,553,5111.01,1087,3221,1.0,,547,553,The Muses' Looking Glass,"Randolph, Thomas","Randolph, Thomas",moral,Boys Professional;Professional,1242.0,,"1 quarto in collection, 3 octavos in collection",1638,1638,547a,Poems with the Muses' Looking Glass; and Amyntas (1638),False
A10411.2,Play in Collection,554,5111.02,1091,3136,1.0,,548,554,"Amyntas, or The Impossible Dowry","Randolph, Thomas","Randolph, Thomas",pastoral,Boys Professional;Professional,1242.0,,"1 quarto in collection, 3 octavos in collection",1638,1638,548a,Poems with the Muses' Looking Glass; and Amyntas (1638),False
A72473,Collection,900,5124.0,1508,1591,,1,2052,900,The Works. Second [and Third] Volume.,"Jonson, Ben","Jonson, Ben",not in BritDrama,Collection,,"Bartholomew Fair; The Devil Is an Ass; The Staple of News; Christmas His Masque (Christmas His Show); Lovers Made Men (The Masque at Lord Hay's); The Vision of Delight; Pleasure Reconciled to Virtue; For the Honor of Wales; News from the New World Discovered in the Moon; The Gypsies Metamorphosed; The Masque of Augurs; Time Vindicated to Himself and to His Honors; Neptune's Triumph for the Return of Albion; Pan's Anniversary, or The Shepherds' Holiday; The Masque of Owls; The Fortunate Isles and Their Union; Love's Triumph Through Callipolis; Chloridia: Rites to Chloris and Her Nymphs; The King's Royal Entertainment at Welbeck Castle (Love's Welcome); The King's Royal Entertainment at Bolsover Castle (Love's Welcome); Mortimer His Fall; The Magnetic Lady, or Humors Reconciled; A Tale of a Tub; The Sad Shepherd, or A Tale of Robin Hood ",1 folio,1640,1631,,,False
A72473.1,Play in Collection,461,5124.001,971,1459.5,1.0,,455,461,Bartholomew Fair,"Jonson, Ben","Jonson, Ben",comedy,Adult Professional;Professional,171.0,,1 folio in collection,1631,1631,455a(*),The Works. Second [and Third] Volume. (1640),False
A72473.2,Play in Collection,461,5124.002,971,145.9.7,1.0,,455,461,Bartholomew Fair,"Jonson, Ben","Jonson, Ben",comedy,Adult Professional;Professional,171.0,,1 folio in collection,1631,1631,455a(‚Ä†),The Works. Second [and Third] Volume. (1640),False
A72473.3,Play in Collection,463,5124.003,973,3115.5,1.0,,457,463,The Devil Is an Ass,"Jonson, Ben","Jonson, Ben",comedy,Adult Professional;Professional,171.0,,"1 folio in collection, 1 folio (bibliographically independent and in collection)",1631,1631,457a,The Works. Second [and Third] Volume. (1640),False
A72473.4,Play in Collection,462,5124.004,972,3114.5,1.0,,456,462,The Staple of News,"Jonson, Ben","Jonson, Ben",comedy,Adult Professional;Professional,171.0,,1 folio in collection,1631,1631,456a,The Works. Second [and Third] Volume. (1640),False
A72473.5,Play in Collection,612,5124.01,1162,3124,1.0,,606,612,Christmas His Masque (Christmas His Show),"Jonson, Ben","Jonson, Ben",masque,Occasional;Nonprofessional,171.0,,1 folio in collection,1641,1641,606a,The Works. Second [and Third] Volume. (1640),False
A72473.6,Play in Collection,356,5124.02,790,3099,2.0,,350,356,Lovers Made Men (The Masque at Lord Hay's),"Jonson, Ben","Jonson, Ben",masque,Occasional;Nonprofessional,171.0,,"1 quarto, 1 folio in collection",1641,1617,350b,The Works. Second [and Third] Volume. (1640),False
A72473.7,Play in Collection,613,5124.03,1163,3177,1.0,,607,613,The Vision of Delight,"Jonson, Ben","Jonson, Ben",masque,Occasional;Nonprofessional,171.0,,1 folio in collection,1641,1641,607a,The Works. Second [and Third] Volume. (1640),False
A72473.8,Play in Collection,614,5124.04,1164,3178,1.0,,608,614,Pleasure Reconciled to Virtue,"Jonson, Ben","Jonson, Ben",masque,Occasional;Nonprofessional,171.0,,1 folio in collection,1641,1641,608a,The Works. Second [and Third] Volume. (1640),False
A72473.9,Play in Collection,615,5124.05,1165,3210,1.0,,609,615,For the Honor of Wales,"Jonson, Ben","Jonson, Ben",masque,Occasional;Nonprofessional,171.0,,1 folio in collection,1641,1641,609a,The Works. Second [and Third] Volume. (1640),False
A72473.10,Play in Collection,616,5124.06,1166,3179,1.0,,610,616,News from the New World Discovered in the Moon,"Jonson, Ben","Jonson, Ben",masque,Occasional;Nonprofessional,171.0,,1 folio in collection,1641,1641,610a,The Works. Second [and Third] Volume. (1640),False
A72473.11,Play in Collection,591,5124.07,1139,3161,2.0,,585,591,The Gypsies Metamorphosed,"Jonson, Ben","Jonson, Ben",masque,Occasional;Nonprofessional,171.0,,"1 duodecimo in collection, 1 folio in collection",1641,1640,585b,The Works. Second [and Third] Volume. (1640),False
A72473.12,Play in Collection,387,5124.08,847,3095,2.0,,381,387,The Masque of Augurs,"Jonson, Ben","Jonson, Ben",masque,Occasional;Nonprofessional,171.0,,"1 quarto, 1 folio in collectionl",1641,1622,381b,The Works. Second [and Third] Volume. (1640),False
A72473.13,Play in Collection,391,5124.09,853,3097,2.0,,385,391,Time Vindicated to Himself and to His Honors,"Jonson, Ben","Jonson, Ben",masque,Occasional;Nonprofessional,171.0,,"1 quarto, 1 folio in collection",1641,1623,385b,The Works. Second [and Third] Volume. (1640),False
A72473.14,Play in Collection,413,5124.1,895,3100,2.0,,407,413,Neptune's Triumph for the Return of Albion,"Jonson, Ben","Jonson, Ben",masque,Occasional;Nonprofessional,171.0,,"1 quarto, 1 folio in collection",1641,1624,407b,The Works. Second [and Third] Volume. (1640),False
A72473.15,Play in Collection,617,5124.11,1167,3180,1.0,,611,617,"Pan's Anniversary, or The Shepherds' Holiday","Jonson, Ben","Jonson, Ben",pastoral; masque,Occasional;Nonprofessional,171.0,,1 folio in collection,1641,1641,611a,The Works. Second [and Third] Volume. (1640),False
A72473.16,Play in Collection,618,5124.12,1168,3155,1.0,,612,618,The Masque of Owls,"Jonson, Ben","Jonson, Ben",entertainment,Occasional;Nonprofessional,171.0,,1 folio in collection,1641,1641,612a,The Works. Second [and Third] Volume. (1640),False
A72473.17,Play in Collection,417,5124.13,902,3098,2.0,,411,417,The Fortunate Isles and Their Union,"Jonson, Ben","Jonson, Ben",masque,Occasional;Nonprofessional,171.0,,"1 quarto, 1 folio in collection",1641,1625,411b,The Works. Second [and Third] Volume. (1640),False
A72473.18,Play in Collection,443,5124.14,950,3110,2.0,,437,443,Love's Triumph Through Callipolis,"Jonson, Ben","Jonson, Ben",masque,Occasional;Nonprofessional,171.0,,"1 quarto, 1 folio in collection",1641,1630,437b,The Works. Second [and Third] Volume. (1640),False
A72473.19,Play in Collection,458,5124.15,968,3113,2.0,,452,458,Chloridia: Rites to Chloris and Her Nymphs,"Jonson, Ben","Jonson, Ben",masque,Occasional;Nonprofessional,171.0,,"1 quarto, 1 folio in collection",1641,1631,452b,The Works. Second [and Third] Volume. (1640),False
A72473.20,Play in Collection,619,5124.16,1169,3157,1.0,,613,619,The King's Royal Entertainment at Welbeck Castle (Love's Welcome),"Jonson, Ben","Jonson, Ben",entertainment; royal entertainment or entry,Occasional;Nonprofessional,171.0,,1 folio in collection,1641,1641,613a,The Works. Second [and Third] Volume. (1640),False
A72473.21,Play in Collection,620,5124.17,1170,3092,1.0,,614,620,The King's Royal Entertainment at Bolsover Castle (Love's Welcome),"Jonson, Ben","Jonson, Ben",entertainment; royal entertainment or entry,Occasional;Nonprofessional,171.0,,1 folio in collection,1641,1641,614a,The Works. Second [and Third] Volume. (1640),False
A72473.22,Play in Collection,621,5124.18,1171,3181,1.0,,615,621,Mortimer His Fall,"Jonson, Ben","Jonson, Ben",not in BritDrama,Closet/Unacted;Professional,171.0,,1 folio in collection,1640,1641,615a,The Works. Second [and Third] Volume. (1640),False
A72473.23,Play in Collection,622,5124.19,1172,3182,1.0,,616,622,"The Magnetic Lady, or Humors Reconciled","Jonson, Ben","Jonson, Ben",comedy,Adult Professional;Professional,171.0,,1 folio in collection,1640,1641,616a,The Works. Second [and Third] Volume. (1640),False
A72473.24,Play in Collection,623,5124.2,1173,3183,1.0,,617,623,A Tale of a Tub,"Jonson, Ben","Jonson, Ben",comedy,Adult Professional;Professional,171.0,,1 folio in collection,1640,1641,617a,The Works. Second [and Third] Volume. (1640),False
A72473.25,Play in Collection,624,5124.21,1174,3211,1.0,,618,624,"The Sad Shepherd, or A Tale of Robin Hood","Jonson, Ben","Jonson, Ben",not in BritDrama,Professional;Closet/Unacted,171.0,,1 folio in collection,1641,1641,618a,The Works. Second [and Third] Volume. (1640),False
A17961,Collection,901,5126.0,1509,2379,,1,2053,901,Poems,"Carew, Thomas","Carew, Thomas",not in BritDrama,Collection,,Coelum Britannicum (The British Heaven) ,3 octavos,1640,1640,,,False
A17961.1,Play in Collection,502,5126.01,1023,3037,2.0,,496,502,Coelum Britannicum (The British Heaven),"Carew, Thomas","Carew, Thomas",masque,Occasional;Nonprofessional,205.0,,"1 quarto, 3 octavos in collection",1640,1634,496b(*),Poems (1640),False
A17961.2,Play in Collection,502,5126.02,1023,3037,2.0,,496,502,Coelum Britannicum (The British Heaven),"Carew, Thomas","Carew, Thomas",masque,Occasional;Nonprofessional,205.0,,"1 quarto, 3 octavos in collection",1640,1634,496b(‚Ä†),Poems (1640),False
A13393,Collection,902,5130.0,1512,1653,,1,2054,902,The Fancies Theater (The Mirror of Fancies),"Tatham, John","Tatham, John",not in BritDrama,Collection,,Love Crowns the End ,1 octavo,1640,1640,,,False
A13393.1,Play in Collection,606,5130.01,1154,1654,1.0,,600,606,Love Crowns the End,"Tatham, John","Tatham, John",pastoral,Boys Nonprofessional/School;Nonprofessional,1742.0,,1 octavo in collection,1640,1640,600a(i),The Fancies Theater (1640),False
